trial,frame,t_s,x_cm,y_cm,z_cm,vx,vy,vz
0,0,0.00000,0.00,0.00,0.00,149.21,-1142.31,267.16
0,1,0.00851,1.22,-9.53,2.20,143.14,-1120.73,258.30
0,2,0.01700,2.44,-19.23,4.39,143.40,-1142.17,258.76
0,3,0.02520,3.65,-29.10,6.59,148.47,-1202.67,267.91
0,4,0.03365,4.87,-39.13,8.79,144.04,-1186.37,259.93
0,5,0.04220,6.09,-49.32,10.99,142.50,-1192.97,257.14
0,6,0.05047,7.31,-59.68,13.18,147.23,-1252.54,265.68
0,7,0.05910,8.52,-70.20,15.38,140.99,-1218.53,254.42
0,8,0.06744,9.74,-80.89,17.58,146.15,-1282.97,263.74
0,9,0.07571,10.96,-91.74,19.78,147.10,-1311.18,265.44
0,10,0.08366,12.18,-102.76,21.97,153.17,-1386.05,276.39
0,11,0.09217,13.39,-113.95,24.17,143.14,-1314.70,258.30
0,12,0.10040,14.61,-125.30,26.37,147.91,-1378.60,266.91
0,13,0.10880,15.83,-136.81,28.56,145.09,-1371.95,261.82
0,14,0.11693,17.05,-148.49,30.76,149.72,-1435.99,270.17
0,15,0.12531,18.26,-160.33,32.96,145.36,-1413.84,262.30
0,16,0.13328,19.52,-172.34,35.12,156.94,-1506.24,271.39
0,17,0.14157,20.77,-184.51,37.28,151.61,-1467.94,260.17
0,18,0.14999,22.03,-196.85,39.44,149.41,-1466.25,256.39
0,19,0.15852,23.29,-209.36,41.60,147.27,-1464.62,252.73
0,20,0.16687,24.55,-222.03,43.75,150.64,-1517.85,258.50
0,21,0.17544,25.80,-234.86,45.91,146.75,-1497.92,251.83
0,22,0.18410,27.06,-247.86,48.07,145.20,-1501.13,249.16
0,23,0.19210,28.32,-261.02,50.23,157.10,-1644.82,269.59
0,24,0.20055,29.57,-274.35,52.38,148.74,-1576.75,255.23
0,25,0.20889,30.83,-287.85,54.54,150.92,-1619.66,258.97
0,26,0.21735,32.09,-301.50,56.70,148.60,-1614.33,255.00
0,27,0.22539,33.35,-315.33,58.86,156.36,-1719.09,268.31
0,28,0.23348,34.25,-319.48,61.50,111.22,-512.93,326.86
1,0,0.00000,0.00,0.00,0.00,146.77,-1136.41,265.43
1,1,0.00836,1.18,-9.55,2.22,141.61,-1141.63,264.96
1,2,0.01670,2.37,-19.26,4.43,141.99,-1164.55,265.69
1,3,0.02510,3.55,-29.14,6.65,140.96,-1176.47,263.76
1,4,0.03382,4.74,-39.18,8.86,135.78,-1151.46,254.07
1,5,0.04180,5.92,-49.39,11.08,148.37,-1278.92,277.63
1,6,0.05020,7.10,-59.76,13.29,140.96,-1234.67,263.76
1,7,0.05875,8.29,-70.29,15.51,138.57,-1233.04,259.29
1,8,0.06667,9.47,-81.00,17.72,149.37,-1349.98,279.50
1,9,0.07511,10.66,-91.86,19.94,140.33,-1287.75,262.57
1,10,0.08349,11.84,-102.89,22.16,141.35,-1316.83,264.48
1,11,0.09180,13.02,-114.09,24.37,142.52,-1347.58,266.67
1,12,0.10003,14.21,-125.45,26.59,143.84,-1380.11,269.14
1,13,0.10836,15.39,-136.98,28.80,142.12,-1383.49,265.93
1,14,0.11657,16.58,-148.67,31.02,144.24,-1424.16,269.89
1,15,0.12504,17.76,-160.52,33.23,139.82,-1400.02,261.62
1,16,0.13358,18.95,-172.55,35.44,139.29,-1406.83,258.57
1,17,0.14176,20.18,-184.73,37.62,149.63,-1490.00,266.04
1,18,0.15025,21.40,-197.08,39.79,144.24,-1455.85,256.47
1,19,0.15826,22.62,-209.60,41.97,152.62,-1560.92,271.36
1,20,0.16689,23.85,-222.28,44.15,141.95,-1470.93,252.39
1,21,0.17493,25.07,-235.13,46.32,152.18,-1597.52,270.59
1,22,0.18365,26.29,-248.14,48.50,140.21,-1490.74,249.30
1,23,0.19161,27.52,-261.31,50.67,153.79,-1655.84,273.44
1,24,0.20008,28.74,-274.66,52.85,144.50,-1575.37,256.94
1,25,0.20831,29.97,-288.16,55.03,148.79,-1642.20,264.56
1,26,0.21673,31.19,-301.83,57.20,145.29,-1623.12,258.33
1,27,0.22517,32.32,-314.30,59.56,133.45,-1476.93,278.84
2,0,0.00000,0.00,0.00,0.00,-233.39,-1115.50,184.39
2,1,0.00853,-1.99,-9.54,1.53,-233.63,-1118.88,179.25
2,2,0.01662,-3.99,-19.25,3.06,-246.42,-1200.51,189.06
2,3,0.02486,-5.98,-29.13,4.59,-241.85,-1198.30,185.56
2,4,0.03325,-7.97,-39.16,6.12,-237.45,-1196.18,182.18
2,5,0.04163,-9.96,-49.37,7.64,-237.89,-1218.05,182.51
2,6,0.04985,-11.96,-59.74,9.17,-242.30,-1260.71,185.90
2,7,0.05830,-13.95,-70.27,10.70,-235.74,-1246.10,180.87
2,8,0.06677,-15.94,-80.97,12.23,-235.32,-1263.34,180.54
2,9,0.07492,-17.94,-91.83,13.76,-244.57,-1333.27,187.64
2,10,0.08337,-19.93,-102.86,15.29,-235.74,-1304.65,180.87
2,11,0.09154,-21.92,-114.06,16.82,-244.11,-1371.20,187.29
2,12,0.09999,-23.91,-125.41,18.35,-235.74,-1343.69,180.87
2,13,0.10870,-25.91,-136.94,19.88,-228.72,-1322.62,175.48
2,14,0.11656,-27.90,-148.63,21.41,-253.59,-1487.44,194.56
2,15,0.12483,-29.89,-160.48,22.93,-240.96,-1433.30,184.87
2,16,0.13315,-31.88,-172.50,24.47,-239.27,-1445.25,184.22
2,17,0.14149,-33.83,-184.68,26.03,-233.64,-1459.73,186.84
2,18,0.14999,-35.78,-197.03,27.58,-229.44,-1452.94,183.48
2,19,0.15849,-37.73,-209.55,29.14,-229.44,-1472.35,183.48
2,20,0.16690,-39.68,-222.22,30.70,-231.94,-1508.01,185.48
2,21,0.17503,-41.63,-235.07,32.26,-239.77,-1579.23,191.74
2,22,0.18341,-43.58,-248.08,33.82,-232.79,-1552.90,186.16
2,23,0.19179,-45.53,-261.25,35.38,-232.79,-1572.60,186.16
2,24,0.20000,-47.48,-274.59,36.94,-237.55,-1624.85,189.96
2,25,0.20872,-49.43,-288.09,38.50,-223.43,-1547.17,178.67
2,26,0.21660,-51.38,-301.76,40.06,-247.67,-1736.04,198.06
2,27,0.22528,-53.33,-315.60,41.62,-224.60,-1593.34,179.61
2,28,0.23341,-55.30,-325.66,43.40,-241.65,-1237.79,219.14
3,0,0.00000,0.00,0.00,0.00,-196.72,-1117.86,224.41
3,1,0.00830,-1.68,-9.53,1.86,-202.94,-1148.02,224.26
3,2,0.01656,-3.37,-19.22,3.72,-204.07,-1174.37,225.51
3,3,0.02519,-5.05,-29.08,5.58,-195.05,-1141.61,215.55
3,4,0.03340,-6.74,-39.11,7.45,-205.20,-1221.12,226.77
3,5,0.04170,-8.42,-49.30,9.31,-202.94,-1227.53,224.26
3,6,0.05006,-10.11,-59.65,11.17,-201.46,-1238.30,222.63
3,7,0.05815,-11.79,-70.17,13.03,-208.30,-1300.76,230.19
3,8,0.06664,-13.48,-80.86,14.89,-198.56,-1259.38,219.42
3,9,0.07518,-15.16,-91.71,16.75,-197.14,-1269.70,217.86
3,10,0.08328,-16.85,-102.72,18.62,-207.91,-1359.40,229.76
3,11,0.09174,-18.53,-113.90,20.48,-199.28,-1322.49,220.22
3,12,0.09987,-20.21,-125.24,22.34,-207.13,-1394.88,228.89
3,13,0.10831,-21.90,-136.75,24.20,-199.64,-1363.99,220.61
3,14,0.11682,-23.58,-148.43,26.06,-197.85,-1371.14,218.64
3,15,0.12506,-25.27,-160.27,27.92,-204.44,-1436.88,225.93
3,16,0.13342,-26.95,-172.27,29.79,-201.46,-1435.63,222.63
3,17,0.14160,-28.59,-184.44,31.67,-200.00,-1487.95,230.60
3,18,0.15027,-30.22,-196.78,33.56,-188.73,-1423.16,217.61
3,19,0.15817,-31.86,-209.27,35.44,-206.95,-1581.40,238.61
3,20,0.16685,-33.50,-221.94,37.33,-188.40,-1458.67,217.22
3,21,0.17542,-35.13,-234.77,39.22,-191.09,-1498.74,220.32
3,22,0.18324,-36.77,-247.76,41.10,-208.97,-1660.05,240.94
3,23,0.19148,-38.40,-260.92,42.99,-198.52,-1597.08,228.89
3,24,0.19997,-40.04,-274.25,44.87,-192.81,-1570.57,222.30
3,25,0.20834,-41.67,-287.74,46.76,-195.26,-1610.29,225.14
3,26,0.21661,-43.31,-301.39,48.65,-197.79,-1651.04,228.04
3,27,0.22495,-44.95,-315.21,50.53,-196.34,-1658.75,226.37
3,28,0.23338,-46.58,-329.20,52.42,-193.85,-1657.31,223.51
3,29,0.24185,-49.48,-340.39,54.70,-342.34,-1322.45,269.91
4,0,0.00000,0.00,0.00,0.00,-121.86,-1099.80,267.03
4,1,0.00787,-1.08,-9.53,2.27,-137.21,-1210.27,287.98
4,2,0.01636,-2.16,-19.24,4.54,-127.70,-1144.19,267.63
4,3,0.02441,-3.24,-29.10,6.81,-134.09,-1223.76,281.44
4,4,0.03299,-4.32,-39.12,9.07,-125.98,-1168.96,264.41
4,5,0.04134,-5.40,-49.31,11.34,-129.43,-1220.79,271.66
4,6,0.04958,-6.48,-59.66,13.61,-131.11,-1256.64,275.19
4,7,0.05803,-7.57,-70.18,15.88,-127.80,-1244.40,268.23
4,8,0.06631,-8.65,-80.87,18.14,-130.39,-1289.53,273.66
4,9,0.07478,-9.73,-91.72,20.41,-127.57,-1281.13,267.75
4,10,0.08308,-10.81,-102.73,22.68,-130.15,-1326.91,273.16
4,11,0.09163,-11.89,-113.91,24.95,-126.43,-1308.31,265.36
4,12,0.09959,-12.97,-125.26,27.21,-135.63,-1424.27,284.67
4,13,0.10793,-14.05,-136.76,29.48,-129.67,-1381.46,272.16
4,14,0.11630,-15.13,-148.44,31.75,-128.96,-1393.61,270.67
4,15,0.12469,-16.21,-160.28,34.01,-128.73,-1410.74,270.18
4,16,0.13295,-17.29,-172.28,36.28,-130.50,-1454.20,274.68
4,17,0.14116,-18.31,-184.45,38.56,-124.91,-1482.41,277.32
4,18,0.14967,-19.34,-196.79,40.84,-120.43,-1448.65,267.38
4,19,0.15788,-20.36,-209.29,43.11,-124.91,-1522.61,277.32
4,20,0.16663,-21.39,-221.95,45.39,-117.28,-1448.47,260.38
4,21,0.17458,-22.41,-234.78,47.67,-128.98,-1613.80,286.37
4,22,0.18336,-23.44,-247.77,49.94,-116.67,-1478.48,259.03
4,23,0.19127,-24.46,-260.93,52.22,-129.73,-1664.90,288.03
4,24,0.19991,-25.49,-274.26,54.50,-118.73,-1542.81,263.60
4,25,0.20805,-26.51,-287.75,56.77,-125.84,-1655.51,279.40
4,26,0.21617,-27.54,-301.40,59.05,-126.32,-1682.06,280.45
4,27,0.22462,-28.56,-315.22,61.33,-121.30,-1634.79,269.31
4,28,0.23282,-29.59,-329.21,63.60,-125.14,-1706.68,277.84
4,29,0.24126,-30.63,-333.72,66.29,-123.69,-534.67,318.63
5,0,0.00000,0.00,0.00,0.00,-117.19,-1076.49,262.46
5,1,0.00804,-1.06,-9.53,2.28,-132.07,-1184.84,283.11
5,2,0.01637,-2.12,-19.22,4.55,-127.47,-1163.42,273.26
5,3,0.02441,-3.19,-29.08,6.83,-132.07,-1225.88,283.11
5,4,0.03304,-4.25,-39.10,9.11,-123.19,-1162.57,264.07
5,5,0.04140,-5.31,-49.29,11.38,-127.01,-1218.37,272.26
5,6,0.04965,-6.37,-59.64,13.66,-128.65,-1254.12,275.79
5,7,0.05785,-7.43,-70.16,15.94,-129.61,-1283.60,277.84
5,8,0.06657,-8.50,-80.84,18.21,-121.68,-1223.96,260.84
5,9,0.07478,-9.56,-91.69,20.49,-129.37,-1321.41,277.32
5,10,0.08299,-10.62,-102.70,22.77,-129.37,-1341.51,277.32
5,11,0.09164,-11.68,-113.88,25.04,-122.75,-1291.97,263.14
5,12,0.09975,-12.74,-125.22,27.32,-131.07,-1399.93,280.98
5,13,0.10831,-13.81,-136.73,29.60,-124.06,-1344.34,265.95
5,14,0.11658,-14.87,-148.40,31.87,-128.41,-1411.42,275.28
5,15,0.12479,-15.93,-160.24,34.15,-129.37,-1442.01,277.32
5,16,0.13315,-16.99,-172.24,36.43,-127.01,-1435.43,272.26
5,17,0.14120,-18.00,-184.41,38.71,-125.00,-1510.28,283.71
5,18,0.14973,-19.01,-196.74,41.00,-118.07,-1445.87,267.98
5,19,0.15804,-20.01,-209.24,43.28,-121.32,-1505.62,275.37
5,20,0.16641,-21.02,-221.91,45.57,-120.22,-1511.60,272.86
5,21,0.17502,-22.03,-234.73,47.85,-117.02,-1490.57,265.60
5,22,0.18347,-23.03,-247.73,50.14,-119.13,-1537.00,270.40
5,23,0.19125,-24.04,-260.88,52.43,-129.41,-1690.80,293.73
5,24,0.20001,-25.05,-274.21,54.71,-114.98,-1521.12,260.98
5,25,0.20799,-26.06,-287.69,57.00,-126.20,-1690.13,286.42
5,26,0.21669,-27.06,-301.35,59.28,-115.79,-1569.74,262.81
5,27,0.22469,-28.07,-315.17,61.57,-125.95,-1728.18,285.88
5,28,0.23315,-29.08,-329.15,63.85,-118.92,-1651.13,269.91
5,29,0.24124,-30.66,-329.41,66.05,-196.23,-32.14,270.94
6,0,0.00000,0.00,0.00,0.00,-257.81,-1101.66,141.83
6,1,0.00816,-2.22,-9.53,1.17,-272.15,-1167.17,143.93
6,2,0.01642,-4.44,-19.22,2.35,-269.13,-1174.22,142.33
6,3,0.02515,-6.67,-29.08,3.52,-254.55,-1129.49,134.62
6,4,0.03308,-8.89,-39.10,4.70,-280.00,-1263.23,148.08
6,5,0.04153,-11.11,-49.29,5.87,-262.82,-1205.22,138.99
6,6,0.04985,-13.33,-59.64,7.05,-267.16,-1244.97,141.28
6,7,0.05812,-15.55,-70.16,8.22,-268.63,-1271.81,142.07
6,8,0.06662,-17.77,-80.85,9.40,-261.40,-1256.97,138.24
6,9,0.07501,-20.00,-91.69,10.57,-264.73,-1292.63,140.00
6,10,0.08325,-22.22,-102.71,11.75,-269.63,-1336.59,142.59
6,11,0.09128,-24.44,-113.88,12.92,-276.81,-1392.73,146.39
6,12,0.09981,-26.66,-125.23,14.10,-260.47,-1329.85,137.75
6,13,0.10805,-28.88,-136.74,15.27,-269.63,-1396.67,142.59
6,14,0.11647,-31.10,-148.41,16.45,-263.77,-1385.90,139.49
6,15,0.12492,-33.33,-160.25,17.62,-262.82,-1400.41,138.99
6,16,0.13303,-35.54,-172.25,18.80,-273.82,-1481.44,145.01
6,17,0.14143,-37.73,-184.42,20.01,-259.53,-1447.29,144.46
6,18,0.14990,-39.91,-196.75,21.23,-257.66,-1456.34,143.42
6,19,0.15813,-42.09,-209.25,22.44,-265.31,-1519.63,147.68
6,20,0.16658,-44.27,-221.91,23.66,-258.12,-1498.01,143.68
6,21,0.17485,-46.45,-234.74,24.87,-263.84,-1551.13,146.86
6,22,0.18317,-48.64,-247.74,26.09,-262.39,-1562.43,146.06
6,23,0.19164,-50.82,-260.89,27.30,-257.66,-1553.76,143.42
6,24,0.19971,-53.00,-274.22,28.52,-270.32,-1650.57,150.47
6,25,0.20807,-55.18,-287.71,29.73,-260.95,-1613.08,145.26
6,26,0.21651,-57.36,-301.36,30.94,-258.59,-1618.05,143.94
6,27,0.22484,-59.55,-315.18,32.16,-261.90,-1658.59,145.79
6,28,0.23329,-62.26,-323.82,33.06,-320.94,-1022.90,106.86
7,0,0.00000,0.00,0.00,0.00,-266.30,-1121.00,133.70
7,1,0.00908,-2.25,-9.61,1.12,-247.73,-1058.16,123.03
7,2,0.01744,-4.52,-19.46,2.24,-271.17,-1178.90,134.67
7,3,0.02504,-6.77,-29.40,3.36,-295.98,-1307.88,146.99
7,4,0.03357,-9.01,-39.51,4.48,-263.69,-1184.51,130.95
7,5,0.04185,-11.26,-49.78,5.59,-271.45,-1239.32,134.81
7,6,0.05089,-13.51,-60.21,6.71,-248.99,-1155.01,123.65
7,7,0.05853,-15.81,-71.00,7.85,-299.80,-1411.74,148.50
7,8,0.06767,-18.05,-81.77,8.96,-246.08,-1177.95,122.20
7,9,0.07521,-20.35,-92.93,10.10,-304.86,-1480.91,151.01
7,10,0.08360,-22.60,-104.03,11.22,-268.00,-1322.62,133.09
7,11,0.09206,-24.85,-115.29,12.34,-266.06,-1332.60,132.13
7,12,0.10077,-27.10,-126.72,13.45,-258.14,-1311.86,128.20
7,13,0.10860,-29.35,-138.32,14.57,-287.33,-1481.26,142.69
7,14,0.11769,-31.60,-150.08,15.69,-247.32,-1293.12,122.82
7,15,0.12526,-33.86,-162.05,16.81,-298.39,-1581.51,147.98
7,16,0.13370,-36.08,-174.14,17.95,-263.29,-1432.85,135.99
7,17,0.14212,-38.29,-186.40,19.11,-262.68,-1455.03,137.32
7,18,0.15077,-40.50,-198.82,20.27,-255.73,-1435.61,133.69
7,19,0.15869,-42.72,-211.40,21.42,-279.38,-1589.22,146.05
7,20,0.16705,-44.93,-224.15,22.58,-264.60,-1524.85,138.32
7,21,0.17551,-47.14,-237.07,23.74,-261.73,-1527.86,136.82
7,22,0.18398,-49.35,-250.15,24.89,-261.26,-1544.59,136.58
7,23,0.19218,-51.57,-263.39,26.05,-269.52,-1613.50,140.89
7,24,0.20053,-53.78,-276.80,27.21,-265.08,-1606.72,138.57
7,25,0.20952,-55.99,-290.38,28.36,-246.18,-1510.51,128.69
7,26,0.21791,-58.29,-304.66,29.56,-273.82,-1701.31,142.91
7,27,0.22546,-60.54,-316.57,30.77,-298.18,-1576.69,159.60
8,0,0.00000,0.00,0.00,0.00,-252.86,-1103.81,149.29
8,1,0.00836,-2.21,-9.79,1.29,-264.60,-1171.33,154.01
8,2,0.01622,-4.38,-19.56,2.55,-276.12,-1242.68,161.17
8,3,0.02457,-6.55,-29.49,3.82,-259.96,-1189.75,151.74
8,4,0.03308,-8.72,-39.59,5.09,-254.84,-1185.68,148.75
8,5,0.04182,-10.89,-49.85,6.35,-248.17,-1173.51,144.85
8,6,0.04962,-13.10,-60.45,7.64,-282.97,-1359.60,164.77
8,7,0.05859,-15.27,-71.04,8.91,-241.84,-1180.66,141.16
8,8,0.06628,-17.48,-82.04,10.20,-288.10,-1429.85,167.86
8,9,0.07516,-19.65,-92.96,11.46,-244.33,-1230.40,142.61
8,10,0.08311,-21.82,-104.05,12.73,-272.94,-1395.22,159.31
8,11,0.09193,-23.99,-115.31,14.00,-246.02,-1276.33,143.60
8,12,0.09975,-26.18,-126.83,15.27,-280.08,-1474.65,162.89
8,13,0.10808,-28.35,-138.42,16.53,-260.44,-1390.92,152.01
8,14,0.11668,-30.52,-150.17,17.80,-252.13,-1365.70,147.16
8,15,0.12489,-32.69,-162.09,19.07,-264.31,-1451.80,154.28
8,16,0.13335,-34.83,-174.17,20.36,-253.07,-1429.39,153.07
8,17,0.14153,-36.96,-186.42,21.66,-260.45,-1497.57,159.33
8,18,0.15056,-39.09,-198.84,22.97,-235.81,-1374.17,144.26
8,19,0.15886,-41.27,-211.71,24.30,-262.50,-1550.65,160.66
8,20,0.16653,-43.40,-224.45,25.60,-277.53,-1660.81,169.78
8,21,0.17491,-45.53,-237.37,26.91,-254.28,-1541.35,155.56
8,22,0.18350,-47.66,-250.44,28.21,-247.96,-1522.23,151.69
8,23,0.19217,-49.79,-263.69,29.51,-245.77,-1527.87,150.35
8,24,0.20009,-51.92,-277.09,30.82,-268.98,-1692.95,164.55
8,25,0.20888,-54.05,-290.66,32.12,-242.36,-1544.19,148.26
8,26,0.21681,-56.18,-304.40,33.42,-268.46,-1731.29,164.23
8,27,0.22501,-58.34,-316.86,34.76,-263.69,-1520.58,163.50
9,0,0.00000,0.00,0.00,0.00,-251.64,-1124.16,161.45
9,1,0.00841,-2.12,-9.60,1.35,-252.27,-1141.75,160.07
9,2,0.01680,-4.24,-19.36,2.69,-252.73,-1163.49,160.36
9,3,0.02504,-6.36,-29.29,4.04,-257.41,-1205.06,163.33
9,4,0.03409,-8.48,-39.39,5.38,-234.40,-1115.59,148.74
9,5,0.04245,-10.67,-49.95,6.77,-260.95,-1262.86,165.69
9,6,0.05019,-12.79,-60.38,8.11,-274.16,-1348.10,173.96
9,7,0.05861,-14.91,-70.97,9.46,-251.81,-1257.79,159.78
9,8,0.06688,-17.03,-81.73,10.81,-256.46,-1300.95,162.73
9,9,0.07581,-19.15,-92.65,12.15,-237.61,-1223.81,150.77
9,10,0.08363,-21.29,-103.85,13.51,-273.29,-1430.20,173.49
9,11,0.09264,-23.41,-115.11,14.86,-235.59,-1250.27,149.49
9,12,0.10022,-25.53,-126.53,16.20,-279.68,-1505.98,177.46
9,13,0.10863,-27.65,-138.11,17.55,-252.27,-1378.01,160.07
9,14,0.11699,-29.77,-149.86,18.89,-253.65,-1405.29,160.95
9,15,0.12613,-31.89,-161.78,20.24,-232.05,-1303.69,147.25
9,16,0.13373,-34.04,-174.18,21.65,-282.33,-1632.59,185.54
9,17,0.14214,-36.12,-186.43,23.03,-247.55,-1457.04,164.43
9,18,0.15051,-38.20,-198.85,24.41,-248.45,-1482.04,165.03
9,19,0.15901,-40.28,-211.43,25.80,-244.88,-1480.17,162.66
9,20,0.16718,-42.36,-224.17,27.18,-254.95,-1561.25,169.35
9,21,0.17548,-44.45,-237.08,28.56,-250.74,-1555.30,166.54
9,22,0.18442,-46.53,-250.16,29.94,-232.76,-1462.28,154.61
9,23,0.19293,-48.61,-263.40,31.33,-244.44,-1555.04,162.37
9,24,0.20058,-50.70,-276.90,32.72,-273.85,-1766.10,182.04
9,25,0.20892,-52.78,-290.47,34.10,-249.36,-1625.99,165.63
9,26,0.21735,-54.86,-304.21,35.48,-247.10,-1630.85,164.13
9,27,0.22627,-56.95,-318.11,36.87,-233.16,-1557.34,154.87
9,28,0.23390,-59.18,-324.77,38.47,-292.80,-872.25,210.40
10,0,0.00000,0.00,0.00,0.00,-245.52,-1108.88,162.37
10,1,0.00847,-2.10,-9.61,1.37,-247.93,-1134.36,162.16
10,2,0.01726,-4.20,-19.38,2.75,-238.89,-1111.78,156.25
10,3,0.02509,-6.31,-29.34,4.13,-269.40,-1272.97,176.22
10,4,0.03328,-8.41,-39.45,5.50,-256.24,-1232.97,167.60
10,5,0.04184,-10.51,-49.71,6.87,-245.28,-1199.39,160.43
10,6,0.05032,-12.61,-60.14,8.25,-247.48,-1229.62,161.87
10,7,0.05865,-14.71,-70.74,9.62,-252.01,-1271.95,164.84
10,8,0.06754,-16.81,-81.50,10.99,-236.43,-1211.85,154.64
10,9,0.07520,-19.00,-92.91,12.43,-286.45,-1489.01,187.25
10,10,0.08392,-21.10,-104.01,13.80,-240.56,-1271.67,157.34
10,11,0.09204,-23.20,-115.27,15.17,-258.65,-1387.61,169.17
10,12,0.10022,-25.30,-126.70,16.55,-256.72,-1397.43,167.91
10,13,0.10872,-27.40,-138.30,17.92,-247.04,-1364.16,161.58
10,14,0.11688,-29.50,-150.05,19.29,-257.20,-1440.47,168.22
10,15,0.12607,-31.60,-161.98,20.67,-228.57,-1298.11,149.50
10,16,0.13432,-33.72,-174.36,22.10,-256.93,-1499.95,173.75
10,17,0.14188,-35.78,-186.62,23.51,-272.73,-1622.93,186.67
10,18,0.15028,-37.84,-199.04,24.92,-245.01,-1477.61,167.70
10,19,0.15894,-39.90,-211.63,26.33,-238.10,-1454.99,162.96
10,20,0.16689,-41.96,-224.38,27.74,-259.12,-1604.21,177.35
10,21,0.17578,-44.02,-237.30,29.15,-231.56,-1452.15,158.49
10,22,0.18434,-46.08,-250.39,30.56,-240.64,-1528.38,164.71
10,23,0.19197,-48.14,-263.63,31.97,-270.00,-1736.46,184.80
10,24,0.20023,-50.20,-277.05,33.38,-249.54,-1624.85,170.79
10,25,0.20869,-52.26,-290.62,34.79,-243.24,-1603.35,166.49
10,26,0.21761,-54.32,-304.37,36.20,-231.16,-1542.25,158.22
10,27,0.22620,-56.38,-318.28,37.61,-239.79,-1618.98,164.12
10,28,0.23367,-58.58,-324.79,39.24,-295.10,-871.24,217.55
11,0,0.00000,0.00,0.00,0.00,-250.81,-1114.30,157.48
11,1,0.00830,-2.13,-9.60,1.32,-256.99,-1156.71,159.56
11,2,0.01674,-4.27,-19.37,2.65,-252.80,-1157.44,156.96
11,3,0.02493,-6.40,-29.30,3.97,-260.34,-1212.07,161.64
11,4,0.03395,-8.53,-39.40,5.30,-236.55,-1119.62,146.87
11,5,0.04236,-10.72,-49.92,6.66,-260.62,-1252.14,161.52
11,6,0.05005,-12.92,-60.64,8.01,-285.32,-1392.95,176.59
11,7,0.05894,-15.05,-71.24,9.34,-239.79,-1191.60,148.89
11,8,0.06677,-17.19,-82.05,10.67,-273.68,-1381.49,169.98
11,9,0.07513,-19.33,-92.98,11.99,-255.11,-1307.26,158.39
11,10,0.08350,-21.46,-104.08,13.32,-255.11,-1326.99,158.39
11,11,0.09181,-23.59,-115.34,14.64,-256.51,-1354.14,159.27
11,12,0.10095,-25.73,-126.76,15.97,-233.39,-1250.11,144.91
11,13,0.10870,-27.89,-138.52,17.31,-279.13,-1515.90,173.23
11,14,0.11694,-30.02,-150.27,18.63,-258.89,-1427.02,160.74
11,15,0.12531,-32.16,-162.20,19.96,-255.11,-1425.92,158.39
11,16,0.13426,-34.26,-174.29,21.31,-234.75,-1349.61,150.94
11,17,0.14203,-36.35,-186.54,22.67,-269.55,-1577.67,175.25
11,18,0.15123,-38.45,-198.96,24.03,-227.53,-1349.66,147.93
11,19,0.15884,-40.62,-212.04,25.45,-285.77,-1717.70,185.57
11,20,0.16713,-42.72,-224.79,26.81,-252.67,-1539.41,164.27
11,21,0.17540,-44.81,-237.71,28.17,-253.14,-1562.20,164.58
11,22,0.18436,-46.90,-250.80,29.53,-233.73,-1460.86,151.96
11,23,0.19283,-49.00,-264.08,30.89,-247.93,-1568.35,161.08
11,24,0.20052,-51.11,-277.60,32.26,-274.60,-1759.00,178.17
11,25,0.20905,-53.21,-291.19,33.62,-245.44,-1592.27,159.57
11,26,0.21718,-55.30,-304.93,34.99,-257.41,-1690.23,167.35
11,27,0.22552,-57.39,-318.84,36.35,-250.82,-1666.74,163.07
11,28,0.23445,-59.63,-324.71,37.92,-250.26,-657.07,176.75
12,0,0.00000,0.00,0.00,0.00,-302.99,-1282.43,155.69
12,1,0.00876,-2.24,-9.61,1.14,-255.40,-1097.31,129.97
12,2,0.01660,-4.47,-19.39,2.28,-285.21,-1246.44,145.14
12,3,0.02516,-6.71,-29.33,3.41,-261.32,-1161.29,132.98
12,4,0.03336,-8.95,-39.43,4.55,-273.00,-1233.33,138.92
12,5,0.04178,-11.18,-49.70,5.69,-265.58,-1219.40,135.14
12,6,0.05080,-13.42,-60.14,6.83,-248.05,-1157.23,126.23
12,7,0.05867,-15.66,-70.74,7.97,-284.11,-1346.39,144.57
12,8,0.06691,-17.90,-81.51,9.11,-271.48,-1306.58,138.15
12,9,0.07524,-20.13,-92.44,10.24,-268.50,-1312.02,136.63
12,10,0.08415,-22.37,-103.53,11.38,-251.03,-1245.17,127.74
12,11,0.09268,-24.63,-114.91,12.53,-265.47,-1333.58,134.88
12,12,0.10028,-26.91,-126.53,13.69,-299.60,-1529.26,152.21
12,13,0.10887,-29.15,-138.12,14.83,-260.39,-1349.75,132.50
12,14,0.11693,-31.38,-149.88,15.97,-277.65,-1459.70,141.29
12,15,0.12538,-33.62,-161.81,17.11,-264.62,-1410.72,134.66
12,16,0.13417,-35.83,-173.90,18.27,-251.39,-1375.61,132.99
12,17,0.14273,-38.03,-186.16,19.45,-257.04,-1431.67,137.61
12,18,0.15031,-40.25,-198.68,20.64,-292.56,-1651.14,156.54
12,19,0.15898,-42.45,-211.26,21.82,-253.87,-1452.25,135.92
12,20,0.16699,-44.65,-224.02,22.99,-274.67,-1591.80,147.05
12,21,0.17543,-46.85,-236.93,24.17,-260.76,-1530.75,139.60
12,22,0.18428,-49.05,-250.01,25.35,-248.62,-1478.14,133.10
12,23,0.19281,-51.25,-263.26,26.53,-257.96,-1553.01,138.10
12,24,0.20039,-53.47,-276.78,27.72,-292.56,-1783.33,156.54
12,25,0.20943,-55.67,-290.36,28.89,-243.58,-1503.13,130.41
12,26,0.21727,-57.91,-304.33,30.09,-285.21,-1780.36,152.53
12,27,0.22554,-60.11,-318.24,31.27,-266.05,-1682.01,142.44
12,28,0.23390,-62.52,-320.94,32.74,-287.96,-323.38,176.28
13,0,0.00000,0.00,0.00,0.00,-275.51,-1138.69,125.60
13,1,0.00839,-2.29,-9.60,1.03,-273.09,-1143.86,122.91
13,2,0.01706,-4.58,-19.36,2.06,-264.44,-1126.65,119.01
13,3,0.02560,-6.88,-29.29,3.09,-268.21,-1162.05,120.71
13,4,0.03398,-9.19,-39.47,4.13,-275.77,-1215.12,123.50
13,5,0.04179,-11.48,-49.73,5.16,-293.36,-1313.41,132.03
13,6,0.05003,-13.77,-60.16,6.19,-278.15,-1265.33,125.19
13,7,0.05858,-16.06,-70.75,7.22,-268.21,-1239.45,120.71
13,8,0.06741,-18.35,-81.51,8.26,-259.41,-1217.45,116.75
13,9,0.07512,-20.67,-92.55,9.29,-300.59,-1432.96,134.65
13,10,0.08408,-22.96,-103.64,10.32,-255.88,-1237.91,115.16
13,11,0.09195,-25.27,-114.96,11.36,-292.64,-1437.87,131.40
13,12,0.10008,-27.56,-126.38,12.39,-281.80,-1404.02,126.83
13,13,0.10866,-29.85,-137.96,13.42,-267.26,-1350.82,120.28
13,14,0.11684,-32.14,-149.71,14.45,-280.22,-1436.51,126.12
13,15,0.12575,-34.43,-161.62,15.48,-257.19,-1336.96,115.75
13,16,0.13432,-36.70,-173.73,16.55,-264.77,-1412.23,123.84
13,17,0.14209,-39.01,-186.27,17.64,-297.45,-1614.72,141.06
13,18,0.15085,-41.27,-198.69,18.71,-257.49,-1417.27,122.30
13,19,0.15887,-43.53,-211.29,19.78,-281.37,-1570.29,133.46
13,20,0.16757,-45.78,-224.04,20.86,-259.30,-1465.20,123.16
13,21,0.17558,-48.04,-236.94,21.93,-281.52,-1611.39,133.71
13,22,0.18454,-50.29,-250.02,23.00,-251.79,-1459.61,119.59
13,23,0.19225,-52.61,-263.63,24.10,-300.99,-1767.02,142.57
13,24,0.20056,-54.87,-277.04,25.17,-271.19,-1612.34,128.81
13,25,0.20903,-57.12,-290.61,26.24,-266.31,-1602.77,126.49
13,26,0.21721,-59.38,-304.35,27.31,-275.75,-1679.76,130.97
13,27,0.22621,-61.63,-318.26,28.38,-250.51,-1544.35,118.98
13,28,0.23465,-64.51,-329.97,29.82,-340.33,-1388.68,169.98
14,0,0.00000,0.00,0.00,0.00,-183.33,-1227.47,269.84
14,1,0.00839,-1.42,-9.60,2.07,-169.09,-1144.47,246.91
14,2,0.01694,-2.84,-19.37,4.14,-166.07,-1143.34,242.50
14,3,0.02518,-4.26,-29.31,6.22,-172.22,-1205.71,251.48
14,4,0.03430,-5.68,-39.41,8.29,-155.52,-1106.86,227.09
14,5,0.04251,-7.14,-49.99,10.42,-178.44,-1288.55,260.22
14,6,0.05029,-8.56,-60.42,12.50,-182.35,-1340.89,266.27
14,7,0.05865,-9.98,-71.02,14.57,-169.71,-1267.64,247.81
14,8,0.06705,-11.40,-81.79,16.64,-169.09,-1282.69,246.91
14,9,0.07547,-12.82,-92.72,18.71,-168.48,-1297.64,246.01
14,10,0.08374,-14.24,-103.81,20.79,-171.59,-1341.53,250.55
14,11,0.09262,-15.66,-115.07,22.86,-159.79,-1267.91,233.33
14,12,0.10049,-17.08,-126.56,24.94,-181.40,-1459.19,264.73
14,13,0.10883,-18.50,-138.15,27.01,-170.33,-1391.23,248.72
14,14,0.11722,-19.92,-149.91,29.09,-169.45,-1401.78,246.91
14,15,0.12561,-21.34,-161.84,31.16,-169.09,-1420.44,246.91
14,16,0.13388,-22.72,-173.92,33.24,-166.79,-1461.36,252.03
14,17,0.14279,-24.09,-186.17,35.33,-153.42,-1374.78,234.25
14,18,0.15060,-25.48,-198.79,37.45,-178.12,-1614.44,271.48
14,19,0.15897,-26.85,-211.37,39.54,-163.50,-1504.87,249.64
14,20,0.16742,-28.22,-224.12,41.63,-161.73,-1508.09,246.93
14,21,0.17578,-29.58,-237.03,43.71,-163.50,-1544.34,249.64
14,22,0.18408,-30.95,-250.11,45.80,-164.71,-1575.57,251.47
14,23,0.19293,-32.32,-263.35,47.89,-154.48,-1496.42,235.86
14,24,0.20074,-33.72,-277.13,50.03,-180.08,-1763.87,274.61
14,25,0.20908,-35.09,-290.71,52.12,-164.10,-1629.76,250.55
14,26,0.21747,-36.46,-304.45,54.21,-162.91,-1637.57,248.73
14,27,0.22601,-37.89,-315.00,56.57,-167.50,-1233.84,276.07
15,0,0.00000,0.00,0.00,0.00,-188.69,-1129.46,233.58
15,1,0.00897,-1.59,-9.61,1.95,-176.87,-1071.02,217.35
15,2,0.01672,-3.17,-19.38,3.90,-204.72,-1260.97,251.57
15,3,0.02554,-4.76,-29.32,5.85,-179.93,-1126.96,221.11
15,4,0.03351,-6.35,-39.43,7.80,-199.23,-1268.85,244.83
15,5,0.04175,-7.93,-49.70,9.75,-192.59,-1246.32,236.67
15,6,0.05029,-9.52,-60.13,11.70,-185.71,-1221.12,228.21
15,7,0.05914,-11.11,-70.73,13.65,-179.31,-1197.66,220.34
15,8,0.06693,-12.70,-81.50,15.60,-203.92,-1383.24,250.59
15,9,0.07590,-14.28,-92.43,17.55,-176.87,-1218.14,217.35
15,10,0.08365,-15.87,-103.52,19.50,-204.72,-1431.27,251.57
15,11,0.09192,-17.46,-114.78,21.45,-191.88,-1361.43,235.79
15,12,0.10046,-19.04,-126.20,23.40,-185.71,-1336.98,228.21
15,13,0.10938,-20.63,-137.79,25.35,-178.08,-1300.55,218.84
15,14,0.11710,-22.22,-149.55,27.30,-205.53,-1522.41,252.57
15,15,0.12543,-23.80,-161.47,29.25,-190.48,-1430.68,234.07
15,16,0.13397,-25.35,-173.55,31.22,-181.07,-1414.22,230.00
15,17,0.14221,-26.89,-185.80,33.19,-186.30,-1486.62,239.26
15,18,0.15073,-28.42,-198.22,35.16,-180.29,-1458.05,231.54
15,19,0.15881,-29.96,-210.80,37.13,-189.81,-1555.48,243.77
15,20,0.16794,-31.49,-223.54,39.10,-168.23,-1396.69,216.05
15,21,0.17636,-33.06,-236.75,41.12,-186.59,-1568.86,239.49
15,22,0.18393,-34.61,-249.90,43.10,-204.03,-1737.46,261.69
15,23,0.19235,-36.14,-263.15,45.07,-182.25,-1572.41,234.06
15,24,0.20084,-37.68,-276.56,47.04,-180.94,-1580.55,232.37
15,25,0.20950,-39.21,-290.13,49.01,-177.11,-1566.20,227.46
15,26,0.21744,-40.75,-303.87,50.99,-193.46,-1731.56,248.46
15,27,0.22571,-42.28,-317.78,52.96,-185.61,-1681.23,238.38
15,28,0.23422,-43.83,-319.50,54.89,-181.36,-202.59,226.88
16,0,0.00000,0.00,0.00,0.00,-207.36,-1198.70,241.86
16,1,0.00830,-1.64,-9.60,1.90,-198.16,-1156.88,228.68
16,2,0.01678,-3.29,-19.37,3.80,-193.88,-1151.37,223.74
16,3,0.02509,-4.93,-29.30,5.69,-198.16,-1196.64,228.68
16,4,0.03387,-6.58,-39.40,7.59,-187.15,-1148.93,215.97
16,5,0.04169,-8.22,-49.67,9.49,-210.55,-1313.67,242.97
16,6,0.05087,-9.87,-60.09,11.39,-179.07,-1135.24,206.64
16,7,0.05859,-11.56,-70.98,13.34,-218.97,-1410.18,252.57
16,8,0.06680,-13.20,-81.74,15.24,-200.37,-1311.04,231.23
16,9,0.07513,-14.85,-92.67,17.14,-197.44,-1311.64,227.84
16,10,0.08411,-16.49,-103.76,19.03,-183.33,-1236.34,211.56
16,11,0.09241,-18.14,-115.02,20.93,-198.16,-1356.21,228.68
16,12,0.10025,-19.78,-126.44,22.83,-209.73,-1456.41,242.02
16,13,0.10855,-21.43,-138.03,24.73,-198.16,-1395.97,228.68
16,14,0.11707,-23.07,-149.78,26.63,-193.19,-1380.32,222.94
16,15,0.12540,-24.72,-161.70,28.52,-197.44,-1430.47,227.84
16,16,0.13385,-26.33,-173.78,30.44,-190.25,-1429.33,226.71
16,17,0.14194,-27.92,-186.03,32.36,-196.98,-1514.46,237.74
16,18,0.15109,-29.51,-198.45,34.29,-174.00,-1355.79,210.00
16,19,0.15884,-31.17,-211.50,36.28,-213.39,-1683.86,257.48
16,20,0.16711,-32.76,-224.25,38.20,-192.62,-1541.53,232.47
16,21,0.17548,-34.35,-237.16,40.13,-190.51,-1544.38,229.93
16,22,0.18396,-35.95,-250.24,42.05,-187.77,-1541.61,226.62
16,23,0.19217,-37.54,-263.48,43.97,-194.05,-1613.29,234.20
16,24,0.20117,-39.13,-276.89,45.90,-176.95,-1489.43,213.56
16,25,0.20950,-40.73,-290.55,47.83,-192.31,-1639.33,232.23
16,26,0.21713,-42.94,-294.34,49.17,-288.40,-496.70,176.00
17,0,0.00000,0.00,0.00,0.00,-187.81,-1108.16,226.88
17,1,0.00815,-1.61,-9.60,1.93,-197.75,-1178.21,236.33
17,2,0.01715,-3.22,-19.37,3.85,-178.98,-1084.71,213.90
17,3,0.02487,-4.85,-29.39,5.80,-210.67,-1298.39,251.78
17,4,0.03403,-6.46,-39.49,7.72,-176.00,-1102.85,210.33
17,5,0.04169,-8.12,-50.05,9.70,-216.33,-1379.20,258.96
17,6,0.04987,-9.73,-60.48,11.63,-197.01,-1275.47,235.45
17,7,0.05820,-11.34,-71.08,13.56,-193.41,-1271.92,231.14
17,8,0.06717,-12.95,-81.84,15.48,-179.59,-1199.46,214.63
17,9,0.07568,-14.56,-92.77,17.41,-189.25,-1283.32,226.16
17,10,0.08350,-16.17,-103.86,19.33,-206.25,-1419.74,246.48
17,11,0.09164,-17.79,-115.12,21.26,-197.75,-1381.50,236.33
17,12,0.10025,-19.40,-126.54,23.18,-187.23,-1327.19,223.76
17,13,0.10843,-21.01,-138.13,25.11,-197.01,-1416.69,235.45
17,14,0.11734,-22.62,-149.88,27.04,-180.82,-1318.77,216.10
17,15,0.12509,-24.24,-161.89,28.98,-209.45,-1549.33,250.39
17,16,0.13425,-25.81,-173.97,30.92,-171.67,-1319.79,212.33
17,17,0.14194,-27.41,-186.48,32.91,-207.14,-1626.50,259.13
17,18,0.15015,-28.97,-198.89,34.86,-189.96,-1512.50,237.55
17,19,0.15842,-30.53,-211.48,36.81,-188.56,-1521.29,235.79
17,20,0.16675,-32.09,-224.22,38.76,-187.18,-1529.95,234.07
17,21,0.17593,-33.65,-237.13,40.71,-169.77,-1405.59,212.29
17,22,0.18436,-35.21,-250.21,42.66,-185.14,-1552.50,231.52
17,23,0.19193,-36.76,-263.47,44.62,-206.05,-1751.38,258.06
17,24,0.20035,-38.32,-276.87,46.57,-185.14,-1591.70,231.52
17,25,0.20865,-39.88,-290.44,48.52,-187.87,-1634.99,234.93
17,26,0.21783,-41.44,-304.18,50.47,-169.77,-1495.43,212.29
17,27,0.22528,-43.04,-318.45,52.47,-214.75,-1916.11,268.85
17,28,0.23364,-45.33,-321.62,55.84,-273.72,-379.43,403.65
18,0,0.00000,0.00,0.00,0.00,-48.45,-1198.49,314.73
18,1,0.00903,-0.39,-9.60,2.48,-43.58,-1062.89,274.66
18,2,0.01691,-0.80,-19.67,5.04,-51.16,-1278.70,324.81
18,3,0.02521,-1.19,-29.61,7.52,-47.43,-1197.04,298.90
18,4,0.03357,-1.58,-39.71,10.00,-47.08,-1208.04,296.72
18,5,0.04236,-1.98,-49.97,12.48,-44.79,-1168.09,282.29
18,6,0.05078,-2.37,-60.40,14.96,-46.74,-1238.46,294.57
18,7,0.05835,-2.76,-71.03,17.45,-52.02,-1404.02,328.63
18,8,0.06689,-3.16,-81.79,19.93,-46.07,-1259.44,290.36
18,9,0.07507,-3.55,-92.72,22.41,-48.13,-1336.01,303.36
18,10,0.08350,-3.95,-103.81,24.89,-46.74,-1316.88,294.57
18,11,0.09241,-4.34,-115.07,27.37,-44.18,-1263.24,278.42
18,12,0.10083,-4.73,-126.49,29.86,-46.74,-1356.05,294.57
18,13,0.10846,-5.13,-138.17,32.36,-52.00,-1531.25,328.00
18,14,0.11731,-5.52,-149.93,34.84,-44.48,-1328.03,280.34
18,15,0.12524,-5.92,-161.84,37.32,-49.62,-1502.06,312.69
18,16,0.13367,-6.27,-173.93,39.79,-41.67,-1434.58,293.84
18,17,0.14233,-6.61,-186.18,42.27,-39.08,-1413.20,285.21
18,18,0.15033,-6.95,-198.59,44.74,-42.37,-1552.51,309.16
18,19,0.15930,-7.28,-211.17,47.21,-37.76,-1401.92,275.51
18,20,0.16718,-7.63,-224.04,49.71,-43.41,-1635.26,317.05
18,21,0.17542,-7.97,-236.95,52.18,-41.11,-1566.79,300.00
18,22,0.18365,-8.30,-250.03,54.65,-41.11,-1586.81,300.00
18,23,0.19250,-8.64,-263.27,57.12,-38.28,-1496.02,279.31
18,24,0.20105,-8.98,-276.67,59.59,-39.64,-1568.76,289.29
18,25,0.20868,-9.32,-290.34,62.08,-44.80,-1791.67,326.40
18,26,0.21759,-9.66,-304.08,64.56,-38.01,-1541.46,277.40
18,27,0.22540,-10.00,-317.98,67.03,-43.36,-1779.35,316.41
18,28,0.23389,-11.29,-320.15,69.52,-151.44,-255.50,293.53
19,0,0.00000,0.00,0.00,0.00,-19.23,-1215.02,321.92
19,1,0.00830,-0.16,-9.61,2.51,-19.49,-1157.73,301.84
19,2,0.01672,-0.32,-19.39,5.01,-19.20,-1160.54,297.46
19,3,0.02496,-0.49,-29.33,7.52,-19.63,-1206.36,304.07
19,4,0.03357,-0.65,-39.43,10.02,-18.79,-1174.20,291.13
19,5,0.04175,-0.81,-49.70,12.53,-19.78,-1255.71,306.34
19,6,0.05072,-0.97,-60.14,15.03,-18.03,-1163.05,279.25
19,7,0.05902,-1.14,-71.05,17.61,-20.22,-1314.66,310.66
19,8,0.06696,-1.30,-81.85,20.12,-20.38,-1360.80,316.54
19,9,0.07526,-1.46,-92.78,22.63,-19.49,-1317.39,301.84
19,10,0.08374,-1.62,-103.88,25.13,-19.06,-1308.40,295.32
19,11,0.09192,-1.79,-115.15,27.64,-19.78,-1377.40,306.34
19,12,0.10077,-1.95,-126.58,30.15,-18.28,-1291.55,283.10
19,13,0.10919,-2.11,-138.32,32.68,-19.57,-1393.67,301.09
19,14,0.11694,-2.28,-150.16,35.21,-21.26,-1527.45,325.59
19,15,0.12518,-2.44,-162.08,37.71,-19.63,-1447.67,304.07
19,16,0.13373,-2.56,-174.18,40.21,-14.29,-1415.28,292.14
19,17,0.14191,-2.67,-186.44,42.70,-13.43,-1498.83,304.85
19,18,0.15088,-2.78,-198.86,45.19,-12.24,-1384.67,277.89
19,19,0.15918,-2.89,-211.45,47.69,-13.24,-1516.54,300.37
19,20,0.16699,-3.00,-224.29,50.20,-14.06,-1643.50,321.48
19,21,0.17529,-3.11,-237.21,52.69,-13.24,-1556.43,300.37
19,22,0.18378,-3.22,-250.29,55.18,-12.95,-1542.29,293.88
19,23,0.19208,-3.33,-263.54,57.68,-13.24,-1596.19,300.37
19,24,0.20044,-3.44,-276.96,60.17,-13.14,-1604.27,298.18
19,25,0.20874,-3.55,-290.54,62.66,-13.24,-1635.94,300.37
19,26,0.21790,-3.66,-304.28,65.16,-12.00,-1501.28,272.33
19,27,0.22571,-3.77,-309.18,68.73,-13.67,-627.73,456.64
20,0,0.00000,0.00,0.00,0.00,-30.43,-1120.77,296.38
20,1,0.00891,-0.27,-9.61,2.50,-30.14,-1077.87,280.14
20,2,0.01733,-0.54,-19.38,4.99,-31.88,-1160.21,296.38
20,3,0.02509,-0.81,-29.54,7.55,-35.04,-1310.97,329.53
20,4,0.03333,-1.08,-39.64,10.04,-32.59,-1226.23,302.96
20,5,0.04169,-1.35,-49.91,12.54,-32.12,-1228.06,298.54
20,6,0.05060,-1.61,-60.35,15.04,-30.14,-1170.87,280.14
20,7,0.05841,-1.88,-70.94,17.53,-34.38,-1356.65,319.53
20,8,0.06732,-2.15,-81.71,20.03,-30.14,-1207.91,280.14
20,9,0.07507,-2.42,-92.64,22.53,-34.65,-1409.90,322.05
20,10,0.08344,-2.69,-103.73,25.02,-32.12,-1326.73,298.54
20,11,0.09180,-2.96,-114.99,27.52,-32.12,-1346.46,298.54
20,12,0.10065,-3.23,-126.41,30.01,-30.34,-1290.81,282.07
20,13,0.10852,-3.49,-138.00,32.51,-34.11,-1471.87,317.05
20,14,0.11688,-3.76,-149.76,35.01,-32.12,-1405.66,298.54
20,15,0.12537,-4.03,-161.68,37.50,-31.65,-1404.88,294.24
20,16,0.13367,-4.26,-173.76,39.99,-27.21,-1455.75,300.00
20,17,0.14191,-4.47,-186.01,42.48,-25.93,-1486.56,301.85
20,18,0.15015,-4.68,-198.42,44.97,-25.93,-1506.58,301.85
20,19,0.15924,-4.90,-211.00,47.45,-23.49,-1383.17,273.49
20,20,0.16748,-5.11,-224.01,49.99,-26.30,-1578.49,308.15
20,21,0.17529,-5.33,-236.92,52.48,-27.34,-1652.77,318.36
20,22,0.18359,-5.54,-250.00,54.97,-25.74,-1575.42,299.63
20,23,0.19214,-5.76,-263.24,57.46,-25.00,-1549.72,291.07
20,24,0.20111,-5.97,-276.65,59.94,-23.81,-1494.32,277.21
20,25,0.20880,-6.19,-290.57,62.49,-28.57,-1810.60,331.75
20,26,0.21765,-6.40,-304.31,64.98,-24.14,-1552.70,281.03
20,27,0.22559,-6.57,-313.97,67.04,-20.77,-1217.20,260.00
21,0,0.00000,0.00,0.00,0.00,-11.59,-1119.71,297.46
21,1,0.00842,-0.11,-9.60,2.51,-13.04,-1139.30,297.83
21,2,0.01685,-0.22,-19.36,5.02,-13.04,-1158.89,297.83
21,3,0.02515,-0.33,-29.28,7.53,-13.24,-1195.81,302.21
21,4,0.03412,-0.44,-39.37,10.03,-12.24,-1124.72,279.59
21,5,0.04169,-0.55,-49.75,12.57,-14.92,-1370.66,335.08
21,6,0.05078,-0.66,-60.17,15.08,-12.08,-1146.11,275.84
21,7,0.05847,-0.78,-71.13,17.68,-15.08,-1425.61,337.70
21,8,0.06696,-0.89,-81.89,20.18,-12.95,-1268.15,295.68
21,9,0.07574,-1.00,-92.83,22.70,-12.50,-1244.60,285.76
21,10,0.08368,-1.11,-103.92,25.20,-13.85,-1397.56,316.15
21,11,0.09277,-1.22,-115.18,27.71,-12.08,-1237.49,275.84
21,12,0.10052,-1.33,-126.85,30.28,-14.96,-1505.49,330.71
21,13,0.10870,-1.44,-138.43,32.79,-13.43,-1416.81,306.72
21,14,0.11713,-1.55,-150.19,35.29,-13.04,-1395.33,297.83
21,15,0.12622,-1.66,-162.10,37.80,-12.08,-1310.46,275.84
21,16,0.13446,-1.73,-174.29,40.32,-8.52,-1479.11,305.93
21,17,0.14209,-1.79,-186.54,42.82,-7.60,-1605.51,327.20
21,18,0.15063,-1.85,-198.95,45.32,-6.79,-1452.80,292.14
21,19,0.15900,-1.91,-211.53,47.81,-6.93,-1504.35,298.54
21,20,0.16736,-1.97,-224.28,50.31,-6.93,-1524.08,298.54
21,21,0.17615,-2.02,-237.19,52.80,-6.60,-1468.77,284.03
21,22,0.18402,-2.08,-250.26,55.30,-7.36,-1660.51,317.05
21,23,0.19299,-2.14,-263.50,57.80,-6.46,-1475.58,278.23
21,24,0.20087,-2.20,-277.06,60.32,-7.36,-1722.12,320.54
21,25,0.20898,-2.26,-290.63,62.82,-7.14,-1671.79,307.52
21,26,0.21747,-2.31,-304.37,65.31,-6.83,-1619.07,294.24
21,27,0.22620,-2.37,-318.27,67.81,-6.64,-1592.69,286.01
21,28,0.23486,-2.46,-324.80,70.83,-10.56,-754.36,347.89
22,0,0.00000,0.00,0.00,0.00,10.79,-1112.24,295.32
22,1,0.00873,0.08,-9.60,2.51,9.09,-1100.04,287.41
22,2,0.01666,0.16,-19.45,5.04,10.00,-1241.51,318.85
22,3,0.02496,0.24,-29.38,7.55,9.56,-1196.58,302.21
22,4,0.03357,0.32,-39.48,10.06,9.22,-1173.32,291.49
22,5,0.04181,0.40,-49.74,12.56,9.63,-1245.49,304.44
22,6,0.05017,0.48,-60.17,15.07,9.49,-1247.05,300.00
22,7,0.05841,0.56,-70.76,17.58,9.63,-1285.55,304.44
22,8,0.06757,0.63,-81.52,20.09,8.67,-1175.01,274.00
22,9,0.07581,0.72,-93.05,22.74,10.00,-1398.85,321.48
22,10,0.08344,0.80,-104.15,25.25,10.40,-1454.46,328.80
22,11,0.09186,0.88,-115.41,27.76,9.42,-1337.03,297.83
22,12,0.10034,0.96,-126.83,30.26,9.35,-1346.86,295.68
22,13,0.10907,1.03,-138.43,32.77,9.09,-1328.09,287.41
22,14,0.11707,1.11,-150.18,35.28,9.92,-1470.39,313.74
22,15,0.12524,1.19,-162.10,37.79,9.70,-1457.64,306.72
22,16,0.13385,1.31,-174.19,40.29,13.83,-1404.45,290.07
22,17,0.14209,1.44,-186.44,42.78,15.93,-1486.90,302.59
22,18,0.15051,1.57,-198.86,45.27,15.58,-1474.16,296.01
22,19,0.15887,1.71,-211.44,47.77,15.69,-1504.65,298.18
22,20,0.16705,1.84,-224.19,50.26,16.04,-1558.52,304.85
22,21,0.17542,1.97,-237.10,52.75,15.69,-1544.12,298.18
22,22,0.18390,2.10,-250.17,55.25,15.47,-1541.35,293.88
22,23,0.19202,2.23,-263.42,57.74,16.17,-1631.21,307.14
22,24,0.20068,2.36,-276.82,60.23,15.14,-1546.87,287.68
22,25,0.20874,2.49,-290.39,62.73,16.29,-1684.53,309.47
22,26,0.21796,2.62,-304.13,65.22,14.24,-1490.47,270.53
22,27,0.22614,2.76,-318.56,67.81,16.79,-1763.99,316.42
22,28,0.23383,3.81,-319.23,69.53,136.90,-86.85,223.81
23,0,0.00000,0.00,0.00,0.00,6.30,-1145.21,304.44
23,1,0.00836,0.04,-9.60,2.51,5.11,-1148.22,300.36
23,2,0.01654,0.09,-19.37,5.02,5.22,-1194.10,307.09
23,3,0.02563,0.13,-29.30,7.53,4.70,-1092.03,276.17
23,4,0.03387,0.17,-39.55,10.08,5.19,-1243.74,309.26
23,5,0.04163,0.21,-49.81,12.59,5.51,-1324.10,324.02
23,6,0.04993,0.26,-60.24,15.11,5.15,-1256.35,302.57
23,7,0.05847,0.30,-70.83,17.62,5.00,-1239.77,293.93
23,8,0.06689,0.34,-81.59,20.13,5.07,-1277.32,298.19
23,9,0.07507,0.38,-92.52,22.64,5.22,-1335.63,307.09
23,10,0.08337,0.43,-103.60,25.15,5.15,-1335.86,302.57
23,11,0.09253,0.47,-114.86,27.66,4.67,-1229.20,274.33
23,12,0.10028,0.51,-126.82,30.29,5.51,-1543.45,339.37
23,13,0.10840,0.56,-138.41,32.81,5.26,-1427.94,309.40
23,14,0.11688,0.60,-150.17,35.32,5.04,-1385.75,296.04
23,15,0.12512,0.64,-162.09,37.83,5.19,-1446.83,304.81
23,16,0.13342,0.72,-174.18,40.33,9.93,-1456.07,301.10
23,17,0.14252,0.82,-186.43,42.83,10.40,-1347.18,274.50
23,18,0.15027,0.91,-198.85,45.32,12.20,-1601.83,322.05
23,19,0.15857,1.01,-211.43,47.82,11.40,-1515.71,300.74
23,20,0.16681,1.10,-224.17,50.31,11.48,-1546.96,302.96
23,21,0.17572,1.20,-237.09,52.81,10.62,-1448.92,280.14
23,22,0.18420,1.29,-250.16,55.31,11.15,-1541.34,294.24
23,23,0.19196,1.39,-263.40,57.80,12.20,-1708.27,322.05
23,24,0.20032,1.48,-276.81,60.30,11.31,-1603.31,298.54
23,25,0.20880,1.57,-290.38,62.80,11.15,-1599.69,294.24
23,26,0.21704,1.67,-304.12,65.29,11.48,-1667.11,302.96
23,27,0.22540,1.76,-318.02,67.79,11.31,-1662.51,298.54
23,28,0.23376,1.86,-326.80,70.57,12.04,-1049.92,332.48
24,0,0.00000,0.00,0.00,0.00,60.98,-1268.44,331.71
24,1,0.00854,0.45,-9.60,2.47,52.14,-1123.83,289.29
24,2,0.01697,0.89,-19.37,4.94,52.90,-1159.71,293.48
24,3,0.02551,1.34,-29.30,7.42,52.14,-1162.45,289.29
24,4,0.03357,1.78,-39.40,9.89,55.30,-1253.38,306.82
24,5,0.04193,2.23,-49.67,12.36,53.28,-1227.37,295.62
24,6,0.05096,2.67,-60.09,14.83,49.32,-1154.41,273.65
24,7,0.05939,3.12,-70.90,17.35,53.62,-1283.49,299.28
24,8,0.06696,3.57,-81.67,19.82,58.87,-1421.89,326.61
24,9,0.07544,4.02,-92.59,22.30,52.52,-1287.90,291.37
24,10,0.08374,4.46,-103.68,24.77,53.68,-1336.24,297.79
24,11,0.09277,4.91,-114.94,27.24,49.32,-1246.12,273.65
24,12,0.10040,5.36,-126.48,29.74,59.20,-1512.76,327.20
24,13,0.10944,5.80,-138.07,32.21,49.32,-1282.84,273.65
24,14,0.11707,6.25,-149.82,34.68,58.40,-1540.51,324.00
24,15,0.12555,6.70,-161.74,37.15,52.52,-1404.80,291.37
24,16,0.13385,7.18,-173.82,39.61,58.09,-1455.67,295.59
24,17,0.14282,7.67,-186.07,42.05,55.10,-1365.13,272.79
24,18,0.15033,8.17,-198.54,44.51,66.26,-1660.42,327.24
24,19,0.15881,8.66,-211.12,46.96,58.27,-1482.68,288.49
24,20,0.16724,9.16,-223.86,49.40,58.70,-1513.01,290.58
24,21,0.17560,9.65,-236.77,51.85,59.12,-1543.79,292.70
24,22,0.18378,10.15,-249.84,54.30,60.45,-1598.52,299.25
24,23,0.19214,10.64,-263.08,56.75,59.12,-1583.25,292.70
24,24,0.20111,11.14,-276.49,59.19,55.10,-1493.94,272.79
24,25,0.20953,11.63,-290.05,61.64,58.70,-1610.96,290.58
24,26,0.21741,12.12,-303.79,64.09,62.79,-1744.31,310.85
24,27,0.22589,12.62,-317.69,66.54,58.27,-1638.27,288.49
24,28,0.23431,12.55,-319.75,70.26,-8.33,-245.25,442.03
25,0,0.00000,0.00,0.00,0.00,89.34,-1144.98,291.18
25,1,0.00824,0.72,-9.60,2.41,87.78,-1164.60,292.22
25,2,0.01721,1.45,-19.36,4.82,80.61,-1087.92,268.37
25,3,0.02496,2.19,-29.51,7.28,95.28,-1309.78,317.32
25,4,0.03333,2.91,-39.60,9.68,86.50,-1207.25,287.96
25,5,0.04175,3.63,-49.86,12.09,85.87,-1218.08,285.87
25,6,0.04999,4.35,-60.29,14.50,87.78,-1265.18,292.22
25,7,0.05841,5.08,-70.88,16.91,85.87,-1257.27,285.87
25,8,0.06665,5.80,-81.63,19.31,87.78,-1305.23,292.22
25,9,0.07574,6.52,-92.55,21.72,79.53,-1200.73,264.77
25,10,0.08350,7.26,-103.83,24.17,94.88,-1454.54,315.75
25,11,0.09167,7.98,-115.08,26.58,88.43,-1375.84,294.40
25,12,0.10004,8.71,-126.50,28.99,86.50,-1365.44,287.96
25,13,0.10913,9.43,-138.08,31.39,79.53,-1273.62,264.77
25,14,0.11743,10.15,-149.83,33.80,87.13,-1415.24,290.07
25,15,0.12512,10.88,-161.74,36.21,94.05,-1549.01,313.10
25,16,0.13348,11.63,-173.82,38.59,90.51,-1444.37,285.04
25,17,0.14197,12.40,-186.06,40.97,90.65,-1443.04,280.22
25,18,0.15021,13.17,-198.47,43.35,93.33,-1505.82,288.52
25,19,0.15857,13.94,-211.04,45.72,91.97,-1503.57,284.31
25,20,0.16687,14.71,-223.78,48.10,92.65,-1534.51,286.40
25,21,0.17609,15.48,-236.68,50.48,83.44,-1399.98,257.95
25,22,0.18384,16.28,-250.35,52.96,103.94,-1762.86,320.47
25,23,0.19196,17.05,-263.59,55.34,94.74,-1631.02,292.86
25,24,0.20044,17.82,-276.99,57.72,90.65,-1580.07,280.22
25,25,0.20990,18.59,-290.56,60.10,81.29,-1434.40,251.29
25,26,0.21790,19.42,-305.32,62.65,103.44,-1845.65,319.08
25,27,0.22571,20.19,-319.23,65.02,98.44,-1780.78,304.30
25,28,0.23407,20.47,-321.66,67.30,33.21,-291.07,271.90
26,0,0.00000,0.00,0.00,0.00,32.25,-1120.23,296.01
26,1,0.00885,0.26,-9.60,2.50,29.31,-1084.80,282.07
26,2,0.01660,0.52,-19.51,5.03,34.25,-1278.31,326.77
26,3,0.02545,0.78,-29.44,7.53,29.31,-1122.35,282.07
26,4,0.03339,1.04,-39.54,10.02,32.69,-1272.65,314.62
26,5,0.04175,1.30,-49.80,12.52,31.02,-1227.36,298.54
26,6,0.05011,1.56,-60.23,15.01,31.02,-1247.09,298.54
26,7,0.05841,1.82,-70.82,17.51,31.25,-1276.14,300.74
26,8,0.06750,2.08,-81.58,20.01,28.52,-1182.94,274.50
26,9,0.07581,2.34,-92.53,22.51,31.25,-1318.98,301.47
26,10,0.08344,2.60,-103.62,25.01,34.00,-1453.38,327.20
26,11,0.09198,2.86,-114.87,27.50,30.36,-1316.96,292.14
26,12,0.10022,3.12,-126.29,30.00,31.48,-1385.77,302.96
26,13,0.10870,3.38,-137.87,32.50,30.58,-1365.34,294.24
26,14,0.11688,3.64,-149.62,34.99,31.72,-1436.46,305.22
26,15,0.12518,3.90,-161.54,37.49,31.25,-1435.21,300.74
26,16,0.13361,4.19,-173.61,39.97,35.14,-1434.00,294.57
26,17,0.14191,4.50,-185.86,42.44,37.50,-1474.97,298.16
26,18,0.15039,4.82,-198.27,44.92,36.69,-1462.58,291.73
26,19,0.15875,5.13,-210.84,47.39,37.23,-1503.67,295.99
26,20,0.16699,5.44,-223.58,49.87,37.78,-1545.97,300.37
26,21,0.17554,5.75,-236.48,52.34,36.43,-1510.06,289.64
26,22,0.18475,6.06,-249.55,54.82,33.77,-1417.96,268.54
26,23,0.19257,6.41,-264.21,57.56,44.14,-1876.21,350.78
26,24,0.20062,6.72,-277.62,60.03,38.64,-1665.22,307.20
26,25,0.20905,7.03,-291.20,62.51,36.96,-1612.40,293.84
26,26,0.21796,7.34,-304.95,64.98,34.93,-1542.57,277.74
26,27,0.22632,7.65,-318.86,67.46,37.23,-1663.64,295.99
26,28,0.23413,7.93,-321.77,70.39,35.16,-372.66,375.78
27,0,0.00000,0.00,0.00,0.00,114.18,-1157.02,285.07
27,1,0.00830,0.93,-9.63,2.33,112.13,-1159.88,281.25
27,2,0.01678,1.86,-19.42,4.67,109.71,-1154.30,275.18
27,3,0.02502,2.79,-29.38,7.00,112.96,-1208.53,283.33
27,4,0.03296,3.72,-39.50,9.34,117.31,-1275.81,294.23
27,5,0.04144,4.65,-49.79,11.67,109.71,-1212.65,275.18
27,6,0.04980,5.58,-60.24,14.01,111.31,-1250.08,279.20
27,7,0.05823,6.52,-70.86,16.34,110.51,-1260.61,277.17
27,8,0.06732,7.45,-81.64,18.68,102.35,-1185.69,256.71
27,9,0.07501,8.38,-92.59,21.01,121.03,-1423.58,303.57
27,10,0.08307,9.31,-103.70,23.35,115.53,-1379.36,289.77
27,11,0.09180,10.24,-114.98,25.68,106.64,-1292.16,267.48
27,12,0.09979,11.17,-126.43,28.02,116.41,-1431.16,291.98
27,13,0.10828,12.10,-138.03,30.35,109.71,-1368.24,275.18
27,14,0.11670,13.03,-149.81,32.68,110.51,-1397.74,277.17
27,15,0.12482,13.96,-161.74,35.02,114.66,-1470.62,287.59
27,16,0.13306,14.93,-173.85,37.32,117.78,-1468.85,279.63
27,17,0.14197,15.91,-186.19,39.63,109.93,-1384.64,259.25
27,18,0.14990,16.89,-198.62,41.93,122.69,-1567.06,289.62
27,19,0.15820,17.86,-211.22,44.23,117.28,-1517.80,276.84
27,20,0.16656,18.83,-223.98,46.53,116.42,-1526.46,274.82
27,21,0.17517,19.81,-236.91,48.83,113.12,-1502.33,267.02
27,22,0.18323,20.78,-250.01,51.12,120.83,-1625.24,285.23
27,23,0.19153,21.75,-263.26,53.42,117.28,-1597.31,276.84
27,24,0.19983,22.73,-276.69,55.72,117.28,-1617.19,276.84
27,25,0.20837,23.70,-290.28,58.02,113.93,-1590.30,268.93
27,26,0.21667,24.67,-304.03,60.31,117.28,-1656.95,276.84
27,27,0.22479,25.60,-311.52,63.19,114.29,-922.65,353.76
28,0,0.00000,0.00,0.00,0.00,86.23,-1120.31,285.14
28,1,0.00903,0.71,-9.60,2.41,78.72,-1062.88,266.55
28,2,0.01733,1.42,-19.37,4.82,85.66,-1176.54,290.07
28,3,0.02502,2.13,-29.30,7.22,92.46,-1291.38,313.10
28,4,0.03351,2.84,-39.39,9.63,83.81,-1190.05,283.81
28,5,0.04187,3.56,-49.66,12.04,85.04,-1227.15,287.96
28,6,0.05023,4.27,-60.08,14.45,85.04,-1246.89,287.96
28,7,0.05890,4.98,-70.67,16.85,82.04,-1222.02,277.82
28,8,0.06683,5.69,-81.43,19.26,89.62,-1355.62,303.46
28,9,0.07581,6.40,-92.35,21.67,79.25,-1217.24,268.37
28,10,0.08362,7.12,-103.62,24.12,92.19,-1442.15,313.67
28,11,0.09180,7.83,-114.87,26.53,86.94,-1376.00,294.40
28,12,0.10022,8.54,-126.29,28.94,84.42,-1355.71,285.87
28,13,0.10883,9.25,-137.87,31.34,82.62,-1346.03,279.79
28,14,0.11768,9.96,-149.62,33.75,80.34,-1327.55,272.07
28,15,0.12531,10.68,-161.73,36.20,94.40,-1586.25,320.80
28,16,0.13367,11.43,-173.81,38.59,88.69,-1445.09,285.77
28,17,0.14209,12.18,-186.06,40.97,89.86,-1453.97,282.61
28,18,0.15057,12.94,-198.47,43.35,89.21,-1462.95,280.58
28,19,0.15875,13.70,-211.04,45.73,92.54,-1537.72,291.04
28,20,0.16705,14.45,-223.79,48.11,91.18,-1534.98,286.76
28,21,0.17621,15.21,-236.69,50.49,82.67,-1409.74,260.00
28,22,0.18384,15.99,-250.17,52.94,102.40,-1767.16,321.60
28,23,0.19208,16.75,-263.42,55.33,91.85,-1607.05,288.89
28,24,0.20050,17.50,-276.82,57.71,89.86,-1591.71,282.61
28,25,0.20898,18.26,-290.39,60.09,89.21,-1599.70,280.58
28,26,0.21783,19.02,-304.13,62.47,85.52,-1552.15,268.97
28,27,0.22559,19.78,-318.03,64.85,97.64,-1793.43,307.09
28,28,0.23462,20.13,-322.60,67.14,39.53,-506.03,254.05
29,0,0.00000,0.00,0.00,0.00,58.28,-1023.45,265.89
29,1,0.00763,0.53,-9.70,2.48,70.00,-1271.88,325.60
29,2,0.01587,1.06,-19.47,4.94,64.07,-1185.02,298.15
29,3,0.02429,1.59,-29.40,7.40,62.68,-1178.85,291.67
29,4,0.03314,2.12,-39.49,9.85,59.66,-1140.58,277.59
29,5,0.04163,2.65,-49.75,12.31,62.23,-1209.27,289.57
29,6,0.04938,3.17,-60.18,14.77,68.11,-1344.82,316.93
29,7,0.05786,3.70,-70.76,17.22,62.23,-1248.16,289.57
29,8,0.06604,4.23,-81.52,19.68,64.55,-1314.91,300.37
29,9,0.07446,4.76,-92.44,22.14,62.68,-1296.39,291.67
29,10,0.08319,5.29,-103.52,24.59,60.49,-1269.97,281.47
29,11,0.09180,5.81,-114.77,27.05,61.35,-1307.15,285.46
29,12,0.09961,6.35,-126.45,29.56,69.14,-1494.96,321.48
29,13,0.10779,6.88,-138.03,32.02,64.55,-1416.25,300.37
29,14,0.11646,7.41,-149.78,34.48,60.92,-1355.50,283.45
29,15,0.12463,7.94,-161.70,36.93,64.55,-1456.60,300.37
29,16,0.13354,8.50,-173.77,39.37,63.36,-1355.40,273.29
29,17,0.14142,9.09,-186.26,41.85,74.42,-1585.43,314.73
29,18,0.15015,9.66,-198.67,44.27,66.08,-1422.01,278.32
29,19,0.15796,10.24,-211.24,46.70,73.83,-1609.77,310.94
29,20,0.16638,10.82,-223.99,49.13,68.48,-1512.71,288.41
29,21,0.17444,11.40,-236.89,51.56,71.59,-1601.95,301.52
29,22,0.18311,11.97,-249.96,53.99,66.55,-1508.18,280.28
29,23,0.19196,12.55,-263.20,56.42,65.17,-1495.62,274.48
29,24,0.19952,13.13,-276.72,58.87,76.61,-1785.87,323.79
29,25,0.20789,13.71,-290.28,61.30,68.98,-1622.59,290.51
29,26,0.21643,14.28,-304.02,63.73,67.50,-1607.13,284.29
29,27,0.22467,14.86,-317.91,66.16,70.00,-1686.68,294.81
29,28,0.23322,15.43,-324.51,68.99,66.43,-772.24,331.43
30,0,0.00000,0.00,0.00,0.00,-80.99,-1080.28,-276.76
30,1,0.00824,-0.74,-9.53,-2.38,-89.63,-1156.32,-288.52
30,2,0.01633,-1.48,-19.22,-4.75,-91.32,-1198.54,-293.96
30,3,0.02469,-2.22,-29.08,-7.13,-88.32,-1178.90,-284.31
30,4,0.03302,-2.95,-39.10,-9.51,-88.64,-1203.02,-285.35
30,5,0.04166,-3.69,-49.29,-11.89,-85.51,-1179.62,-275.27
30,6,0.04993,-4.43,-59.64,-14.26,-89.30,-1251.81,-287.45
30,7,0.05829,-5.17,-70.16,-16.64,-88.32,-1257.83,-284.31
30,8,0.06662,-5.91,-80.84,-19.02,-88.64,-1282.25,-285.35
30,9,0.07504,-6.65,-91.69,-21.40,-87.68,-1287.90,-282.25
30,10,0.08322,-7.39,-102.70,-23.77,-90.30,-1346.52,-290.67
30,11,0.09164,-8.12,-113.88,-26.15,-87.68,-1327.08,-282.25
30,12,0.10013,-8.86,-125.22,-28.53,-87.05,-1336.98,-280.22
30,13,0.10834,-9.60,-136.73,-30.91,-89.96,-1401.81,-289.59
30,14,0.11652,-10.34,-148.40,-33.28,-90.30,-1427.22,-290.67
30,15,0.12479,-11.08,-160.24,-35.66,-89.30,-1431.37,-287.45
30,16,0.13303,-11.82,-172.24,-38.04,-89.63,-1456.70,-288.52
30,17,0.14130,-12.51,-184.41,-40.44,-83.76,-1471.27,-290.77
30,18,0.15012,-13.20,-196.75,-42.85,-78.55,-1398.34,-272.66
30,19,0.15817,-13.89,-209.24,-45.25,-85.98,-1551.24,-298.48
30,20,0.16669,-14.59,-221.91,-47.66,-81.36,-1487.22,-282.44
30,21,0.17511,-15.28,-234.73,-50.06,-82.25,-1522.98,-285.51
30,22,0.18326,-15.97,-247.73,-52.47,-85.02,-1594.56,-295.13
30,23,0.19162,-16.67,-260.88,-54.87,-82.85,-1573.56,-287.59
30,24,0.20020,-17.36,-274.21,-57.28,-80.78,-1553.60,-280.43
30,25,0.20834,-18.05,-287.69,-59.68,-85.02,-1655.32,-295.13
30,26,0.21683,-18.74,-301.35,-62.08,-81.65,-1609.27,-283.45
30,27,0.22516,-19.45,-314.94,-64.48,-84.25,-1631.68,-287.55
31,0,0.00000,0.00,0.00,0.00,-84.93,-1128.16,-288.97
31,1,0.00845,-0.74,-9.53,-2.38,-87.36,-1127.31,-281.23
31,2,0.01666,-1.48,-19.22,-4.75,-89.96,-1180.94,-289.59
31,3,0.02515,-2.22,-29.08,-7.13,-87.05,-1162.16,-280.22
31,4,0.03342,-2.95,-39.11,-9.51,-89.30,-1212.13,-287.45
31,5,0.04221,-3.69,-49.30,-11.89,-84.03,-1159.35,-270.49
31,6,0.05023,-4.43,-59.65,-14.26,-92.02,-1290.11,-296.20
31,7,0.05878,-5.17,-70.17,-16.64,-86.43,-1231.10,-278.21
31,8,0.06686,-5.91,-80.86,-19.02,-91.32,-1321.18,-293.96
31,9,0.07504,-6.65,-91.71,-21.40,-90.30,-1326.57,-290.67
31,10,0.08359,-7.39,-102.72,-23.77,-86.43,-1289.03,-278.21
31,11,0.09186,-8.12,-113.90,-26.15,-89.30,-1351.79,-287.45
31,12,0.10004,-8.86,-125.25,-28.53,-90.30,-1387.09,-290.67
31,13,0.10840,-9.60,-136.75,-30.91,-88.32,-1376.45,-284.31
31,14,0.11667,-10.34,-148.43,-33.28,-89.30,-1411.64,-287.45
31,15,0.12491,-11.08,-160.27,-35.66,-89.63,-1436.89,-288.52
31,16,0.13370,-11.81,-172.27,-38.04,-83.68,-1365.86,-270.49
31,17,0.14166,-12.51,-184.44,-40.44,-86.97,-1527.87,-301.92
31,18,0.15030,-13.20,-196.78,-42.85,-80.21,-1428.20,-278.45
31,19,0.15851,-13.89,-209.28,-45.25,-84.39,-1522.63,-292.94
31,20,0.16699,-14.58,-221.94,-47.66,-81.65,-1492.79,-283.45
31,21,0.17511,-15.28,-234.77,-50.06,-85.34,-1580.46,-296.24
31,22,0.18347,-15.97,-247.77,-52.47,-82.85,-1554.05,-287.59
31,23,0.19193,-16.66,-260.93,-54.87,-81.95,-1556.74,-284.48
31,24,0.20053,-17.36,-274.25,-57.28,-80.50,-1548.31,-279.43
31,25,0.20889,-18.05,-287.74,-59.68,-82.85,-1613.25,-287.59
31,26,0.21716,-18.74,-301.40,-62.08,-83.76,-1651.06,-290.77
31,27,0.22559,-19.43,-315.22,-64.49,-82.25,-1640.74,-285.51
31,28,0.23364,-20.12,-329.20,-66.89,-85.61,-1735.80,-298.48
31,29,0.24200,-20.51,-341.94,-69.21,-45.99,-1523.83,-276.64
32,0,0.00000,0.00,0.00,0.00,29.29,-1095.91,291.07
32,1,0.00809,0.29,-9.53,2.47,35.47,-1178.35,305.66
32,2,0.01657,0.57,-19.22,4.94,33.81,-1142.69,291.37
32,3,0.02475,0.86,-29.08,7.42,35.07,-1205.50,302.24
32,4,0.03326,1.15,-39.11,9.89,33.69,-1177.35,290.32
32,5,0.04181,1.43,-49.30,12.36,33.57,-1192.46,289.29
32,6,0.05011,1.72,-59.65,14.83,34.56,-1247.41,297.79
32,7,0.05826,2.01,-70.17,17.30,35.21,-1291.02,303.37
32,8,0.06668,2.29,-80.86,19.78,34.06,-1268.51,293.48
32,9,0.07474,2.58,-91.71,22.25,35.61,-1346.65,306.82
32,10,0.08322,2.87,-102.72,24.72,33.81,-1298.28,291.37
32,11,0.09137,3.16,-113.90,27.19,35.21,-1372.02,303.37
32,12,0.09973,3.44,-125.24,29.66,34.31,-1356.70,295.62
32,13,0.10809,3.73,-136.75,32.14,34.31,-1376.43,295.62
32,14,0.11636,4.02,-148.43,34.61,34.69,-1411.62,298.89
32,15,0.12469,4.30,-160.27,37.08,34.43,-1421.09,296.70
32,16,0.13318,4.59,-172.27,39.55,33.45,-1414.98,291.37
32,17,0.14130,4.82,-184.44,42.04,28.95,-1499.14,307.14
32,18,0.14975,5.06,-196.78,44.54,27.80,-1459.12,294.95
32,19,0.15817,5.29,-209.28,47.03,27.90,-1484.00,296.01
32,20,0.16644,5.53,-221.94,49.52,28.41,-1531.33,301.48
32,21,0.17502,5.76,-234.77,52.02,27.40,-1496.08,290.75
32,22,0.18335,6.00,-247.76,54.51,28.21,-1559.72,299.27
32,23,0.19174,6.23,-260.92,57.00,28.00,-1568.04,297.09
32,24,0.19977,6.47,-274.25,59.50,29.28,-1660.29,310.65
32,25,0.20844,6.70,-287.74,61.99,27.11,-1556.43,287.68
32,26,0.21680,6.94,-301.39,64.48,28.10,-1632.97,298.18
32,27,0.22473,7.17,-315.21,66.98,29.62,-1741.69,314.23
32,28,0.23294,6.68,-319.86,69.26,-60.22,-566.62,278.44
33,0,0.00000,0.00,0.00,0.00,30.29,-1121.19,297.45
33,1,0.00870,0.29,-9.54,2.47,32.98,-1096.89,284.21
33,2,0.01697,0.57,-19.25,4.94,34.69,-1173.50,298.89
33,3,0.02542,0.86,-29.12,7.42,33.94,-1167.60,292.42
33,4,0.03360,1.15,-39.15,9.89,35.07,-1226.99,302.24
33,5,0.04224,1.43,-49.35,12.36,33.22,-1181.06,286.22
33,6,0.05014,1.72,-59.72,14.83,36.29,-1311.38,312.74
33,7,0.05859,2.01,-70.25,17.30,33.94,-1245.68,292.42
33,8,0.06683,2.29,-80.95,19.78,34.81,-1298.85,300.37
33,9,0.07516,2.58,-91.81,22.25,34.43,-1303.56,296.70
33,10,0.08359,2.87,-102.83,24.72,34.06,-1308.98,293.48
33,11,0.09174,3.16,-114.02,27.19,35.21,-1373.35,303.37
33,12,0.10004,3.44,-125.38,29.67,34.56,-1367.98,297.79
33,13,0.10840,3.73,-136.90,32.14,34.31,-1377.73,295.62
33,14,0.11682,4.02,-148.59,34.61,34.06,-1387.34,293.48
33,15,0.12509,4.30,-160.44,37.08,34.69,-1432.88,298.89
33,16,0.13358,4.58,-172.45,39.56,33.09,-1416.25,291.73
33,17,0.14172,4.82,-184.63,42.05,28.84,-1494.85,305.99
33,18,0.15036,5.06,-197.06,44.56,27.56,-1438.65,290.46
33,19,0.15875,5.29,-209.73,47.09,28.36,-1510.03,301.09
33,20,0.16693,5.53,-222.41,49.58,28.73,-1550.19,304.85
33,21,0.17526,5.76,-235.25,52.07,28.21,-1541.60,299.27
33,22,0.18359,6.00,-248.26,54.57,28.21,-1561.40,299.27
33,23,0.19202,6.23,-261.43,57.06,27.90,-1564.02,296.01
33,24,0.20035,6.47,-274.77,59.55,28.21,-1601.01,299.27
33,25,0.20877,6.70,-288.28,62.05,27.90,-1603.20,296.01
33,26,0.21686,6.94,-301.94,64.54,29.06,-1690.15,308.30
33,27,0.22537,7.05,-313.34,67.13,12.90,-1339.00,304.30
34,0,0.00000,0.00,0.00,0.00,245.13,-1108.94,-165.34
34,1,0.00818,2.04,-9.54,-1.42,250.00,-1166.36,-173.88
34,2,0.01657,4.09,-19.24,-2.84,243.64,-1156.33,-169.45
34,3,0.02493,6.13,-29.11,-4.27,244.53,-1180.29,-170.07
34,4,0.03333,8.18,-39.15,-5.69,243.64,-1195.65,-169.45
34,5,0.04160,10.22,-49.35,-7.11,247.23,-1233.25,-171.96
34,6,0.05011,12.27,-59.71,-8.53,240.14,-1217.27,-167.03
34,7,0.05832,14.31,-70.24,-9.95,249.07,-1282.62,-173.23
34,8,0.06662,16.36,-80.93,-11.38,246.32,-1288.35,-171.32
34,9,0.07486,18.40,-91.79,-12.80,248.15,-1317.92,-172.59
34,10,0.08301,20.45,-102.82,-14.22,250.94,-1352.98,-174.53
34,11,0.09134,22.49,-114.01,-15.64,245.42,-1343.05,-170.70
34,12,0.09973,24.54,-125.36,-17.07,243.64,-1352.94,-169.45
34,13,0.10803,26.58,-136.88,-18.49,246.32,-1387.74,-171.32
34,14,0.11633,28.63,-148.57,-19.91,246.32,-1407.62,-171.32
34,15,0.12451,30.67,-160.42,-21.33,250.00,-1448.80,-173.88
34,16,0.13297,32.72,-172.43,-22.75,242.24,-1421.25,-167.87
34,17,0.14139,34.80,-184.61,-24.14,247.46,-1445.99,-164.49
34,18,0.14969,36.92,-197.17,-25.55,255.51,-1513.15,-169.85
34,19,0.15823,39.01,-209.68,-26.93,243.93,-1464.29,-162.14
34,20,0.16635,41.09,-222.36,-28.32,256.77,-1561.68,-170.68
34,21,0.17468,43.18,-235.20,-29.70,250.18,-1541.45,-166.30
34,22,0.18326,45.26,-248.21,-31.09,243.06,-1516.80,-161.57
34,23,0.19156,47.34,-261.38,-32.47,251.10,-1586.87,-166.91
34,24,0.19980,49.43,-274.72,-33.86,252.96,-1618.65,-168.15
34,25,0.20807,51.51,-288.22,-35.24,252.03,-1632.63,-167.53
34,26,0.21634,53.64,-300.16,-36.54,256.83,-1443.20,-156.46
35,0,0.00000,0.00,0.00,0.00,251.48,-1137.97,-170.00
35,1,0.00845,2.04,-9.54,-1.42,241.88,-1128.73,-168.23
35,2,0.01660,4.09,-19.25,-2.84,250.94,-1191.25,-174.53
35,3,0.02533,6.13,-29.12,-4.27,234.27,-1131.02,-162.94
35,4,0.03372,8.18,-39.16,-5.69,243.64,-1195.92,-169.45
35,5,0.04160,10.22,-49.36,-7.11,259.69,-1295.68,-180.62
35,6,0.05005,12.27,-59.72,-8.53,241.88,-1226.32,-168.23
35,7,0.05835,14.31,-70.26,-9.95,246.32,-1268.74,-171.32
35,8,0.06671,16.36,-80.95,-11.38,244.53,-1279.22,-170.07
35,9,0.07520,18.40,-91.81,-12.80,241.01,-1280.26,-167.63
35,10,0.08337,20.45,-102.84,-14.22,250.00,-1348.20,-173.88
35,11,0.09186,22.49,-114.03,-15.64,241.01,-1319.16,-167.63
35,12,0.10004,24.54,-125.39,-17.07,250.00,-1388.55,-173.88
35,13,0.10846,26.58,-136.91,-18.49,242.75,-1367.90,-168.84
35,14,0.11697,28.63,-148.60,-19.91,240.14,-1372.57,-167.03
35,15,0.12537,30.67,-160.45,-21.33,243.64,-1412.19,-169.45
35,16,0.13361,32.72,-172.47,-22.75,248.52,-1458.37,-171.85
35,17,0.14169,34.80,-184.65,-24.13,257.74,-1506.29,-171.32
35,18,0.15027,36.89,-196.99,-25.52,243.06,-1439.76,-161.57
35,19,0.15857,38.97,-209.50,-26.90,251.10,-1507.28,-166.91
35,20,0.16666,41.06,-222.18,-28.29,257.74,-1567.50,-171.32
35,21,0.17502,43.14,-235.02,-29.68,249.27,-1535.74,-165.69
35,22,0.18347,45.22,-248.03,-31.06,246.57,-1538.63,-163.90
35,23,0.19171,47.31,-261.20,-32.45,252.96,-1598.55,-168.15
35,24,0.20010,49.39,-274.54,-33.83,248.36,-1589.14,-165.09
35,25,0.20837,51.48,-288.04,-35.22,252.03,-1632.55,-167.53
35,26,0.21658,53.56,-301.71,-36.60,253.90,-1664.79,-168.77
35,27,0.22510,56.05,-302.48,-38.08,291.76,-90.95,-173.12
36,0,0.00000,0.00,0.00,0.00,246.38,-1111.63,-165.94
36,1,0.00818,2.04,-9.53,-1.42,250.00,-1164.99,-173.88
36,2,0.01639,4.09,-19.22,-2.84,249.07,-1180.76,-173.23
36,3,0.02493,6.13,-29.08,-4.27,239.29,-1153.68,-166.43
36,4,0.03308,8.18,-39.10,-5.69,250.94,-1230.10,-174.53
36,5,0.04172,10.22,-49.29,-7.11,236.75,-1179.66,-164.66
36,6,0.05026,12.27,-59.64,-8.53,239.29,-1211.61,-166.43
36,7,0.05823,14.31,-70.16,-9.95,256.70,-1320.53,-178.54
36,8,0.06656,16.36,-80.84,-11.38,245.42,-1282.29,-170.70
36,9,0.07489,18.40,-91.69,-12.80,245.42,-1302.09,-170.70
36,10,0.08322,20.45,-102.71,-14.22,245.42,-1321.90,-170.70
36,11,0.09161,22.49,-113.88,-15.64,243.64,-1331.95,-169.45
36,12,0.10010,24.54,-125.23,-17.07,241.01,-1337.02,-167.63
36,13,0.10822,26.58,-136.74,-18.49,251.88,-1417.66,-175.19
36,14,0.11646,28.63,-148.41,-19.91,248.15,-1416.69,-172.59
36,15,0.12485,30.67,-160.25,-21.33,243.64,-1410.59,-169.45
36,16,0.13318,32.71,-172.25,-22.75,245.42,-1440.73,-170.70
36,17,0.14151,34.80,-184.42,-24.14,250.18,-1460.53,-166.30
36,18,0.15021,36.88,-196.75,-25.52,239.65,-1418.01,-159.30
36,19,0.15817,38.97,-209.25,-26.91,261.69,-1569.12,-173.95
36,20,0.16656,41.05,-221.91,-28.30,248.36,-1508.89,-165.09
36,21,0.17511,43.14,-234.74,-29.68,243.93,-1501.26,-162.14
36,22,0.18311,45.22,-247.73,-31.07,260.69,-1625.04,-173.28
36,23,0.19208,47.31,-260.89,-32.45,232.31,-1466.55,-154.42
36,24,0.20013,49.39,-274.22,-33.84,258.71,-1653.69,-171.97
36,25,0.20847,49.97,-277.30,-34.58,69.23,-369.70,-89.38
37,0,0.00000,0.00,0.00,0.00,-190.81,-1084.09,217.67
37,1,0.00836,-1.61,-9.53,1.90,-192.70,-1139.44,227.01
37,2,0.01624,-3.22,-19.22,3.80,-204.65,-1231.06,241.09
37,3,0.02466,-4.83,-29.08,5.69,-191.30,-1170.36,225.36
37,4,0.03320,-6.45,-39.10,7.59,-188.57,-1172.95,222.14
37,5,0.04141,-8.06,-49.29,9.49,-196.28,-1241.01,231.23
37,6,0.04996,-9.67,-59.64,11.39,-188.57,-1211.57,222.14
37,7,0.05798,-11.28,-70.16,13.29,-200.76,-1310.44,236.50
37,8,0.06647,-12.89,-80.84,15.19,-189.93,-1259.18,223.74
37,9,0.07474,-14.50,-91.69,17.08,-194.83,-1311.66,229.52
37,10,0.08337,-16.11,-102.70,18.98,-186.57,-1275.15,219.79
37,11,0.09155,-17.72,-113.88,20.88,-197.01,-1366.69,232.09
37,12,0.09985,-19.34,-125.22,22.78,-194.12,-1366.47,228.68
37,13,0.10809,-20.95,-136.73,24.68,-195.56,-1396.62,230.37
37,14,0.11624,-22.56,-148.40,26.57,-197.75,-1432.56,232.96
37,15,0.12463,-24.17,-160.24,28.47,-192.00,-1410.55,226.18
37,16,0.13333,-25.78,-172.24,30.37,-185.26,-1380.03,218.25
37,17,0.14160,-27.44,-184.41,32.24,-200.74,-1471.27,226.57
37,18,0.14999,-29.10,-196.74,34.12,-197.82,-1469.53,223.27
37,19,0.15814,-30.76,-209.24,35.99,-203.75,-1533.81,229.96
37,20,0.16635,-32.42,-221.91,37.87,-202.23,-1542.51,228.25
37,21,0.17480,-34.08,-234.73,39.74,-196.39,-1517.48,221.66
37,22,0.18301,-35.75,-247.74,41.62,-202.60,-1584.62,228.62
37,23,0.19156,-37.41,-260.90,43.49,-194.29,-1539.86,219.29
37,24,0.19977,-39.07,-274.22,45.36,-202.23,-1622.93,228.25
37,25,0.20822,-40.73,-287.71,47.24,-196.39,-1595.58,221.66
37,26,0.21631,-42.39,-301.36,49.11,-205.28,-1688.23,231.70
37,27,0.22470,-44.05,-315.18,50.99,-197.82,-1646.51,223.27
37,28,0.23312,-45.73,-327.53,52.90,-200.00,-1465.89,227.17
38,0,0.00000,0.00,0.00,0.00,-273.48,-1100.55,105.73
38,1,0.00821,-2.31,-9.54,0.92,-281.78,-1161.56,112.27
38,2,0.01645,-4.63,-19.24,1.84,-280.74,-1177.29,111.85
38,3,0.02484,-6.94,-29.10,2.76,-275.64,-1175.54,109.82
38,4,0.03342,-9.25,-39.13,3.69,-269.75,-1169.68,107.47
38,5,0.04147,-11.58,-49.37,4.61,-288.26,-1270.84,114.77
38,6,0.04987,-13.89,-59.73,5.53,-275.64,-1234.61,109.82
38,7,0.05823,-16.20,-70.26,6.45,-276.64,-1258.84,110.22
38,8,0.06631,-18.52,-80.95,7.38,-286.04,-1322.00,113.96
38,9,0.07489,-20.83,-91.81,8.30,-269.75,-1265.97,107.47
38,10,0.08313,-23.14,-102.83,9.22,-280.74,-1337.57,111.85
38,11,0.09161,-25.45,-114.01,10.14,-272.66,-1318.53,108.63
38,12,0.10010,-27.77,-125.36,11.06,-272.66,-1337.98,108.63
38,13,0.10950,-30.41,-138.51,12.12,-280.84,-1399.05,112.01
38,14,0.11746,-32.72,-150.22,13.04,-290.42,-1469.47,115.71
38,15,0.12592,-35.03,-162.09,13.96,-273.65,-1404.11,109.03
38,16,0.13443,-37.36,-174.12,14.86,-273.48,-1413.43,105.73
38,17,0.14294,-39.71,-186.32,15.74,-275.27,-1432.81,103.23
38,18,0.15146,-42.05,-198.69,16.62,-275.27,-1452.18,103.23
38,19,0.15976,-44.42,-211.36,17.50,-285.66,-1526.56,106.99
38,20,0.16772,-46.77,-224.06,18.38,-294.25,-1594.00,110.34
38,21,0.17627,-49.11,-236.92,19.26,-274.29,-1505.15,102.86
38,22,0.18451,-51.45,-249.94,20.14,-284.44,-1580.92,106.67
38,23,0.19275,-53.80,-263.13,21.02,-284.44,-1600.94,106.67
38,24,0.20117,-56.14,-276.49,21.90,-278.26,-1585.73,104.35
38,25,0.20966,-58.51,-290.14,22.78,-278.78,-1608.80,104.32
38,26,0.21805,-60.85,-303.83,23.66,-279.27,-1631.00,104.73
38,27,0.22617,-63.22,-312.15,24.33,-292.11,-1025.71,82.71
39,0,0.00000,0.00,0.00,0.00,-109.15,-1081.54,-266.90
39,1,0.00815,-0.98,-9.54,-2.29,-119.85,-1170.65,-281.27
39,2,0.01645,-1.95,-19.24,-4.58,-117.65,-1169.01,-276.10
39,3,0.02493,-2.93,-29.11,-6.88,-115.11,-1163.23,-270.14
39,4,0.03305,-3.91,-39.14,-9.17,-120.30,-1236.03,-282.33
39,5,0.04144,-4.88,-49.34,-11.46,-116.36,-1215.24,-273.09
39,6,0.04974,-5.86,-59.71,-13.75,-117.65,-1248.52,-276.10
39,7,0.05826,-6.84,-70.24,-16.04,-114.70,-1236.57,-269.18
39,8,0.06613,-7.81,-80.93,-18.33,-124.03,-1358.18,-291.09
39,9,0.07492,-8.79,-91.79,-20.63,-111.11,-1235.48,-260.76
39,10,0.08292,-9.77,-102.81,-22.92,-122.14,-1378.72,-286.64
39,11,0.09161,-10.74,-114.00,-25.21,-112.28,-1286.43,-263.51
39,12,0.09985,-11.72,-125.35,-27.50,-118.52,-1377.92,-278.15
39,13,0.10818,-12.70,-136.87,-29.79,-117.22,-1382.58,-275.09
39,14,0.11636,-13.67,-148.56,-32.09,-119.40,-1428.55,-280.22
39,15,0.12485,-14.65,-160.41,-34.38,-115.11,-1396.61,-270.14
39,16,0.13300,-15.62,-172.42,-36.67,-119.48,-1474.40,-281.27
39,17,0.14148,-16.56,-184.60,-39.00,-110.07,-1435.51,-274.10
39,18,0.14978,-17.49,-196.94,-41.32,-112.50,-1487.05,-280.15
39,19,0.15793,-18.42,-209.45,-43.65,-114.61,-1535.15,-285.39
39,20,0.16641,-19.36,-222.12,-45.97,-110.07,-1493.86,-274.10
39,21,0.17450,-20.29,-234.96,-48.30,-115.47,-1587.54,-287.55
39,22,0.18289,-21.22,-247.97,-50.62,-111.27,-1550.28,-277.09
39,23,0.19128,-22.16,-261.14,-52.95,-111.27,-1569.15,-277.09
39,24,0.19971,-23.09,-274.48,-55.27,-110.87,-1583.05,-276.09
39,25,0.20798,-24.03,-287.97,-57.60,-112.92,-1632.21,-281.18
39,26,0.21625,-24.96,-301.64,-59.92,-112.92,-1652.16,-281.18
39,27,0.22485,-25.89,-315.47,-62.25,-108.51,-1606.89,-270.21
39,28,0.23312,-27.26,-320.56,-64.48,-164.94,-616.01,-270.11
40,0,0.00000,0.00,0.00,0.00,232.03,-1091.82,-177.22
40,1,0.00821,2.01,-9.53,-1.55,244.98,-1160.62,-189.22
40,2,0.01636,4.02,-19.22,-3.11,246.82,-1189.57,-190.64
40,3,0.02475,6.03,-29.08,-4.66,239.64,-1174.62,-185.09
40,4,0.03329,8.04,-39.10,-6.21,235.36,-1172.96,-181.79
40,5,0.04129,10.06,-49.29,-7.77,251.53,-1274.18,-194.27
40,6,0.05002,12.07,-59.64,-9.32,230.42,-1186.16,-177.97
40,7,0.05823,14.08,-70.16,-10.87,244.98,-1281.22,-189.22
40,8,0.06656,16.09,-80.84,-12.43,241.39,-1282.25,-186.45
40,9,0.07480,18.10,-91.69,-13.98,244.07,-1316.53,-188.52
40,10,0.08319,20.11,-102.70,-15.53,239.64,-1312.25,-185.09
40,11,0.09152,22.12,-113.88,-17.09,241.39,-1341.67,-186.45
40,12,0.10022,24.13,-125.22,-18.64,231.23,-1304.15,-178.60
40,13,0.10858,26.14,-136.73,-20.19,240.51,-1376.24,-185.77
40,14,0.11664,28.16,-148.40,-21.75,249.62,-1448.85,-192.80
40,15,0.12491,30.17,-160.24,-23.30,243.17,-1431.38,-187.82
40,16,0.13312,32.18,-172.25,-24.85,244.98,-1462.12,-189.22
40,17,0.14136,34.16,-184.41,-26.36,240.37,-1476.73,-183.33
40,18,0.14978,36.14,-196.75,-27.87,235.14,-1464.22,-179.35
40,19,0.15814,38.12,-209.24,-29.39,236.86,-1494.64,-180.66
40,20,0.16647,40.10,-221.91,-30.90,237.73,-1519.92,-181.32
40,21,0.17465,42.08,-234.74,-32.41,242.16,-1568.45,-184.70
40,22,0.18301,44.06,-247.73,-33.92,236.86,-1553.84,-180.66
40,23,0.19141,46.04,-260.89,-35.43,236.00,-1567.85,-180.00
40,24,0.19974,48.02,-274.21,-36.94,237.73,-1599.14,-181.32
40,25,0.20828,49.16,-278.79,-38.45,133.57,-535.72,-177.14
41,0,0.00000,0.00,0.00,0.00,266.90,-1092.67,-118.51
41,1,0.00806,2.32,-9.54,-1.04,287.88,-1183.51,-129.55
41,2,0.01654,4.64,-19.24,-2.09,273.38,-1143.36,-123.02
41,3,0.02478,6.96,-29.10,-3.13,281.48,-1197.26,-126.67
41,4,0.03333,9.28,-39.13,-4.17,271.43,-1173.81,-122.14
41,5,0.04166,11.60,-49.33,-5.22,278.39,-1223.72,-125.27
41,6,0.04987,13.92,-59.69,-6.26,282.53,-1262.01,-127.14
41,7,0.05817,16.24,-70.21,-7.31,279.41,-1267.97,-125.74
41,8,0.06638,18.55,-80.90,-8.35,282.53,-1302.21,-127.14
41,9,0.07507,20.87,-91.76,-9.39,266.67,-1248.08,-120.00
41,10,0.08328,23.19,-102.78,-10.44,282.53,-1342.41,-127.14
41,11,0.09167,25.51,-113.96,-11.48,276.36,-1332.78,-124.36
41,12,0.09973,27.83,-125.31,-12.52,287.88,-1408.79,-129.55
41,13,0.10806,30.15,-136.83,-13.57,278.39,-1382.16,-125.27
41,14,0.11646,32.47,-148.51,-14.61,276.36,-1391.77,-124.36
41,15,0.12469,34.79,-160.35,-15.66,281.48,-1437.57,-126.67
41,16,0.13327,37.11,-172.36,-16.70,270.11,-1400.53,-121.35
41,17,0.14151,39.38,-184.54,-17.70,276.30,-1477.62,-122.22
41,18,0.14990,41.66,-196.88,-18.71,271.27,-1470.41,-120.00
41,19,0.15811,43.94,-209.38,-19.72,277.32,-1523.31,-122.68
41,20,0.16666,46.21,-222.05,-20.72,266.43,-1482.77,-117.86
41,21,0.17502,48.49,-234.89,-21.73,272.26,-1534.98,-120.44
41,22,0.18335,50.77,-247.89,-22.74,273.26,-1560.40,-120.88
41,23,0.19174,53.04,-261.05,-23.75,271.27,-1568.72,-120.00
41,24,0.19995,55.32,-274.38,-24.75,277.32,-1623.81,-122.68
41,25,0.20819,57.60,-287.88,-25.76,276.30,-1637.82,-122.22
41,26,0.21649,59.28,-289.26,-25.77,203.31,-166.19,-0.74
42,0,0.00000,0.00,0.00,0.00,77.61,-1146.92,-296.27
42,1,0.00858,0.63,-9.55,-2.46,74.02,-1113.10,-286.83
42,2,0.01672,1.27,-19.26,-4.92,77.90,-1191.72,-301.87
42,3,0.02512,1.90,-29.13,-7.38,75.64,-1176.71,-293.09
42,4,0.03345,2.54,-39.17,-9.84,76.19,-1205.13,-295.24
42,5,0.04181,3.17,-49.38,-12.30,75.91,-1220.47,-294.16
42,6,0.05014,3.81,-59.75,-14.76,76.19,-1244.75,-295.24
42,7,0.05869,4.44,-70.28,-17.22,74.29,-1232.94,-287.86
42,8,0.06671,5.08,-80.98,-19.68,79.09,-1333.19,-306.46
42,9,0.07538,5.71,-91.85,-22.14,73.24,-1253.65,-283.80
42,10,0.08350,6.35,-102.88,-24.60,78.20,-1358.81,-303.01
42,11,0.09192,6.98,-114.07,-27.06,75.36,-1329.16,-292.03
42,12,0.10034,7.62,-125.43,-29.52,75.36,-1348.75,-292.03
42,13,0.10846,8.25,-136.96,-31.98,78.20,-1419.79,-303.01
42,14,0.11679,8.89,-148.69,-34.45,76.56,-1408.02,-296.34
42,15,0.12518,9.52,-160.55,-36.90,75.64,-1412.71,-293.09
42,16,0.13379,10.16,-172.57,-39.36,73.76,-1396.82,-285.11
42,17,0.14191,10.79,-184.75,-41.76,78.20,-1501.16,-296.24
42,18,0.15033,11.43,-197.10,-44.17,75.36,-1466.36,-285.51
42,19,0.15884,12.06,-209.62,-46.57,74.55,-1469.97,-282.44
42,20,0.16724,12.70,-222.30,-48.98,75.64,-1511.02,-286.55
42,21,0.17542,13.33,-235.15,-51.38,77.61,-1570.66,-294.03
42,22,0.18381,13.97,-248.16,-53.79,75.64,-1550.34,-286.55
42,23,0.19232,14.60,-261.33,-56.19,74.55,-1547.49,-282.44
42,24,0.20023,15.23,-268.87,-58.05,79.92,-953.41,-235.14
43,0,0.00000,0.00,0.00,0.00,-294.03,-1145.15,85.07
43,1,0.00851,-2.44,-9.53,0.72,-286.38,-1119.38,84.23
43,2,0.01694,-4.88,-19.23,1.43,-289.49,-1151.14,85.14
43,3,0.02524,-7.32,-29.09,2.15,-293.75,-1187.95,86.40
43,4,0.03384,-9.75,-39.11,2.87,-283.33,-1164.99,83.33
43,5,0.04193,-12.19,-49.30,3.59,-301.51,-1260.13,88.68
43,6,0.05038,-14.63,-59.66,4.30,-288.45,-1225.06,84.84
43,7,0.05869,-17.07,-70.18,5.02,-293.75,-1267.46,86.40
43,8,0.06711,-19.51,-80.87,5.74,-289.49,-1268.68,85.14
43,9,0.07532,-21.95,-91.72,6.45,-297.03,-1321.79,87.36
43,10,0.08359,-24.38,-102.73,7.17,-294.83,-1331.99,86.72
43,11,0.09186,-26.82,-113.91,7.89,-294.83,-1351.94,86.72
43,12,0.10077,-29.26,-125.26,8.61,-273.63,-1273.23,80.48
43,13,0.10849,-31.70,-136.77,9.32,-315.81,-1490.87,92.89
43,14,0.11694,-34.14,-148.45,10.04,-288.45,-1381.21,84.84
43,15,0.12518,-36.58,-160.29,10.76,-295.93,-1437.05,87.04
43,16,0.13354,-39.01,-172.29,11.47,-290.88,-1435.80,85.40
43,17,0.14169,-41.40,-184.47,12.16,-293.63,-1493.69,84.64
43,18,0.15015,-43.79,-196.80,12.85,-283.03,-1459.29,81.59
43,19,0.15829,-46.19,-209.30,13.54,-293.63,-1534.19,84.64
43,20,0.16669,-48.58,-221.97,14.23,-285.09,-1509.22,82.18
43,21,0.17499,-50.97,-234.80,14.92,-288.24,-1545.75,83.09
43,22,0.18326,-53.36,-247.79,15.61,-289.30,-1571.40,83.39
43,23,0.19159,-55.76,-260.96,16.30,-287.18,-1579.70,82.78
43,24,0.19995,-58.15,-274.28,16.99,-286.13,-1593.66,82.48
43,25,0.20831,-60.54,-287.77,17.68,-286.13,-1613.40,82.48
43,26,0.21664,-62.93,-301.43,18.37,-287.18,-1639.11,82.78
43,27,0.22479,-65.33,-315.25,19.06,-293.63,-1696.20,84.64
43,28,0.23325,-65.96,-316.81,22.83,-74.73,-185.13,446.57
44,0,0.00000,0.00,0.00,0.00,-289.17,-1111.12,-57.40
44,1,0.00833,-2.41,-9.55,-0.49,-289.38,-1146.08,-58.61
44,2,0.01660,-4.82,-19.26,-0.98,-291.51,-1174.49,-59.04
44,3,0.02490,-7.23,-29.14,-1.46,-290.44,-1190.05,-58.82
44,4,0.03333,-9.64,-39.18,-1.95,-286.23,-1192.39,-57.97
44,5,0.04160,-12.05,-49.39,-2.44,-291.51,-1234.34,-59.04
44,6,0.05002,-14.47,-59.76,-2.93,-286.23,-1231.57,-57.97
44,7,0.05853,-16.88,-70.30,-3.42,-283.15,-1237.71,-57.35
44,8,0.06674,-19.29,-81.01,-3.91,-293.68,-1303.82,-59.48
44,9,0.07495,-21.70,-91.88,-4.39,-293.68,-1323.92,-59.48
44,10,0.08337,-24.11,-102.91,-4.88,-286.23,-1309.93,-57.97
44,11,0.09171,-26.52,-114.11,-5.37,-289.38,-1344.13,-58.61
44,12,0.10056,-28.93,-125.47,-5.86,-272.41,-1283.98,-55.17
44,13,0.10834,-31.34,-137.00,-6.35,-309.80,-1481.42,-62.75
44,14,0.11661,-33.75,-148.69,-6.84,-291.51,-1413.90,-59.04
44,15,0.12491,-36.16,-160.55,-7.32,-290.44,-1428.58,-58.82
44,16,0.13327,-38.58,-172.57,-7.81,-289.42,-1437.89,-58.39
44,17,0.14154,-41.05,-184.76,-8.30,-298.15,-1473.76,-58.67
44,18,0.15009,-43.52,-197.12,-8.78,-288.57,-1445.70,-56.79
44,19,0.15836,-45.98,-209.63,-9.27,-298.15,-1513.66,-58.67
44,20,0.16684,-48.45,-222.32,-9.75,-290.65,-1495.00,-57.19
44,21,0.17487,-50.91,-235.17,-10.24,-307.22,-1600.82,-60.46
44,22,0.18338,-53.38,-248.18,-10.72,-289.61,-1528.40,-56.99
44,23,0.19150,-55.84,-261.36,-11.21,-303.76,-1623.42,-59.77
44,24,0.20010,-58.31,-274.70,-11.69,-286.52,-1550.48,-56.38
44,25,0.20819,-60.78,-288.21,-12.18,-304.91,-1670.35,-60.00
44,26,0.21658,-63.24,-301.88,-12.66,-293.82,-1629.27,-57.82
44,27,0.22485,-65.70,-314.84,-13.13,-297.42,-1566.89,-56.09
45,0,0.00000,0.00,0.00,0.00,-3.00,-1149.45,306.37
45,1,0.00842,-0.04,-9.53,2.46,-4.35,-1131.56,292.03
45,2,0.01666,-0.07,-19.31,4.94,-4.44,-1186.33,301.11
45,3,0.02505,-0.11,-29.17,7.40,-4.36,-1175.15,293.09
45,4,0.03329,-0.15,-39.20,9.86,-4.44,-1216.94,298.52
45,5,0.04181,-0.18,-49.39,12.32,-4.30,-1197.06,288.89
45,6,0.05014,-0.22,-59.75,14.78,-4.40,-1243.17,295.24
45,7,0.05847,-0.26,-70.27,17.24,-4.40,-1262.98,295.24
45,8,0.06662,-0.29,-80.95,19.70,-4.49,-1311.61,301.87
45,9,0.07501,-0.33,-91.81,22.16,-4.36,-1293.12,293.09
45,10,0.08310,-0.37,-102.82,24.62,-4.53,-1362.32,304.15
45,11,0.09137,-0.40,-114.01,27.08,-4.43,-1352.11,297.42
45,12,0.09970,-0.44,-125.35,29.54,-4.40,-1362.01,295.24
45,13,0.10809,-0.48,-136.87,32.00,-4.36,-1371.76,293.09
45,14,0.11633,-0.51,-148.60,34.47,-4.44,-1424.44,300.00
45,15,0.12473,-0.55,-160.45,36.93,-4.36,-1411.18,293.09
45,16,0.13297,-0.58,-172.45,39.39,-4.07,-1457.34,298.52
45,17,0.14133,-0.60,-184.63,41.90,-2.55,-1455.80,300.36
45,18,0.14978,-0.63,-196.97,44.41,-2.53,-1459.55,297.11
45,19,0.15814,-0.65,-209.47,46.92,-2.55,-1495.59,300.36
45,20,0.16626,-0.67,-222.14,49.44,-2.63,-1560.57,309.40
45,21,0.17462,-0.69,-234.97,51.95,-2.55,-1534.74,300.36
45,22,0.18298,-0.71,-247.97,54.46,-2.55,-1554.47,300.36
45,23,0.19135,-0.73,-261.13,56.97,-2.55,-1574.20,300.36
45,24,0.20013,-0.75,-274.46,59.48,-2.43,-1516.45,285.76
45,25,0.20801,-0.78,-287.96,61.99,-2.71,-1713.74,318.99
45,26,0.21631,-0.80,-301.61,64.51,-2.57,-1645.41,302.57
45,27,0.22485,-0.82,-315.44,67.02,-2.50,-1617.71,293.93
45,28,0.23297,-0.84,-328.49,69.57,-3.01,-1607.64,314.66
46,0,0.00000,0.00,0.00,0.00,299.62,-1158.55,75.09
46,1,0.00842,2.38,-9.53,0.61,282.97,-1131.97,72.10
46,2,0.01669,4.77,-19.23,1.21,288.19,-1172.80,73.43
46,3,0.02505,7.15,-29.10,1.82,285.04,-1179.70,72.63
46,4,0.03342,9.53,-39.13,2.43,285.04,-1199.43,72.63
46,5,0.04172,11.92,-49.32,3.04,287.13,-1228.12,73.16
46,6,0.04990,14.30,-59.68,3.64,291.42,-1266.63,74.25
46,7,0.05823,16.68,-70.21,4.25,286.08,-1263.24,72.89
46,8,0.06641,19.07,-80.90,4.86,291.42,-1306.98,74.25
46,9,0.07471,21.45,-91.75,5.47,287.13,-1307.64,73.16
46,10,0.08301,23.83,-102.77,6.07,287.13,-1327.52,73.16
46,11,0.09137,26.22,-113.95,6.68,285.04,-1337.56,72.63
46,12,0.10013,28.60,-125.30,7.29,272.13,-1295.81,69.34
46,13,0.10800,30.98,-136.82,7.89,302.71,-1462.42,77.13
46,14,0.11624,33.37,-148.50,8.50,289.26,-1417.45,73.70
46,15,0.12463,35.75,-160.34,9.11,284.00,-1411.34,72.36
46,16,0.13306,38.14,-172.35,9.72,283.33,-1425.82,72.10
46,17,0.14127,40.58,-184.53,10.32,297.03,-1483.02,73.98
46,18,0.14960,43.01,-196.86,10.93,292.67,-1481.09,72.89
46,19,0.15799,45.45,-209.37,11.54,290.55,-1489.98,72.36
46,20,0.16626,47.89,-222.04,12.15,294.83,-1531.93,73.43
46,21,0.17465,50.33,-234.87,12.75,290.55,-1529.31,72.36
46,22,0.18301,52.77,-247.87,13.36,291.61,-1554.62,72.63
46,23,0.19171,55.21,-261.04,13.97,280.35,-1513.59,69.82
46,24,0.20007,57.64,-274.37,14.58,291.61,-1594.09,72.63
46,25,0.20844,60.27,-276.74,16.46,313.87,-284.37,225.55
47,0,0.00000,0.00,0.00,0.00,-233.81,-1105.03,-180.94
47,1,0.00827,-2.02,-9.54,-1.55,-243.91,-1153.53,-187.08
47,2,0.01660,-4.03,-19.24,-3.09,-242.12,-1164.88,-185.71
47,3,0.02481,-6.05,-29.11,-4.64,-245.72,-1202.30,-188.48
47,4,0.03329,-8.07,-39.15,-6.19,-237.77,-1182.83,-182.37
47,5,0.04218,-10.09,-49.35,-7.74,-227.15,-1148.57,-174.23
47,6,0.04984,-12.11,-59.76,-9.29,-264.14,-1359.15,-202.79
47,7,0.05823,-14.13,-70.29,-10.84,-240.36,-1254.80,-184.36
47,8,0.06662,-16.14,-80.99,-12.38,-240.36,-1274.46,-184.36
47,9,0.07489,-18.16,-91.85,-13.93,-243.91,-1313.23,-187.08
47,10,0.08389,-20.18,-102.87,-15.48,-224.07,-1224.71,-171.86
47,11,0.09146,-22.22,-114.22,-17.05,-269.76,-1498.84,-207.26
47,12,0.09988,-24.24,-125.58,-18.59,-239.49,-1348.47,-183.70
47,13,0.10806,-26.25,-137.10,-20.14,-246.64,-1408.90,-189.18
47,14,0.11679,-28.27,-148.79,-21.69,-231.12,-1339.13,-177.27
47,15,0.12488,-30.29,-160.64,-23.24,-249.43,-1465.65,-191.32
47,16,0.13309,-32.30,-172.67,-24.78,-244.61,-1466.01,-188.48
47,17,0.14139,-34.26,-184.86,-26.31,-236.76,-1467.72,-183.82
47,18,0.14972,-36.23,-197.21,-27.84,-235.90,-1482.15,-183.15
47,19,0.15833,-38.19,-209.72,-29.36,-228.37,-1454.02,-177.30
47,20,0.16653,-40.16,-222.40,-30.89,-239.41,-1544.39,-185.87
47,21,0.17477,-42.12,-235.24,-32.41,-238.52,-1558.69,-185.19
47,22,0.18311,-44.09,-248.25,-33.94,-235.90,-1561.37,-183.15
47,23,0.19135,-46.05,-261.42,-35.46,-238.52,-1598.74,-185.19
47,24,0.19974,-48.02,-274.76,-36.99,-234.18,-1589.34,-181.82
47,25,0.20798,-49.98,-288.26,-38.52,-238.52,-1638.79,-185.19
47,26,0.21646,-51.95,-301.93,-40.04,-231.65,-1611.08,-179.86
47,27,0.22461,-53.83,-313.96,-41.54,-231.09,-1475.83,-183.52
48,0,0.00000,0.00,0.00,0.00,-217.71,-1133.31,-211.07
48,1,0.00830,-1.83,-9.54,-1.76,-220.59,-1149.03,-212.50
48,2,0.01718,-3.66,-19.24,-3.53,-206.19,-1092.58,-198.63
48,3,0.02493,-5.49,-29.11,-5.29,-236.22,-1273.03,-227.56
48,4,0.03339,-7.32,-39.14,-7.06,-216.61,-1186.84,-208.66
48,5,0.04160,-9.16,-49.34,-8.82,-223.05,-1242.24,-214.87
48,6,0.05011,-10.99,-59.70,-10.58,-215.05,-1217.09,-207.17
48,7,0.05829,-12.82,-70.23,-12.35,-223.88,-1287.22,-215.67
48,8,0.06665,-14.65,-80.92,-14.11,-218.98,-1278.77,-210.95
48,9,0.07492,-16.48,-91.78,-15.88,-221.40,-1312.87,-213.28
48,10,0.08340,-18.31,-102.80,-17.64,-215.83,-1299.27,-207.91
48,11,0.09161,-20.14,-113.99,-19.40,-223.05,-1362.84,-214.87
48,12,0.10001,-21.97,-125.34,-21.17,-218.18,-1352.76,-210.18
48,13,0.10822,-23.80,-136.86,-22.93,-223.05,-1403.04,-214.87
48,14,0.11670,-25.63,-148.54,-24.69,-215.83,-1377.06,-207.91
48,15,0.12491,-27.47,-160.39,-26.46,-223.05,-1443.23,-214.87
48,16,0.13342,-29.29,-172.41,-28.22,-214.34,-1410.89,-206.81
48,17,0.14172,-31.07,-184.58,-29.96,-214.71,-1467.07,-209.19
48,18,0.15012,-32.86,-196.93,-31.69,-212.36,-1470.73,-206.91
48,19,0.15823,-34.64,-209.43,-33.43,-219.55,-1540.82,-213.91
48,20,0.16660,-36.42,-222.11,-35.17,-213.14,-1515.56,-207.66
48,21,0.17484,-38.20,-234.98,-36.90,-216.67,-1562.28,-211.11
48,22,0.18329,-39.99,-247.98,-38.64,-210.83,-1538.24,-205.42
48,23,0.19150,-41.77,-261.15,-40.38,-217.10,-1604.09,-211.52
48,24,0.19986,-43.55,-274.48,-42.11,-213.14,-1594.55,-207.66
48,25,0.20813,-45.33,-287.98,-43.85,-215.50,-1632.15,-209.96
48,26,0.21655,-47.12,-301.65,-45.59,-211.59,-1622.17,-206.16
48,27,0.22482,-48.90,-315.47,-47.32,-215.50,-1672.05,-209.96
48,28,0.23322,-51.47,-318.65,-49.26,-306.18,-378.16,-230.18
49,0,0.00000,0.00,0.00,0.00,172.10,-1113.96,240.58
49,1,0.00827,1.42,-9.55,2.01,171.96,-1154.47,242.44
49,2,0.01675,2.84,-19.26,4.01,167.63,-1144.84,236.33
49,3,0.02509,4.27,-29.14,6.02,170.70,-1185.62,240.66
49,4,0.03336,5.69,-39.18,8.02,171.96,-1214.32,242.44
49,5,0.04169,7.11,-49.39,10.03,170.70,-1225.23,240.66
49,6,0.05005,8.53,-59.76,12.03,170.07,-1240.49,239.78
49,7,0.05835,9.95,-70.30,14.04,171.32,-1269.49,241.54
49,8,0.06671,11.38,-81.00,16.04,170.07,-1279.96,239.78
49,9,0.07501,12.80,-91.87,18.05,171.32,-1309.25,241.54
49,10,0.08337,14.22,-102.90,20.05,170.07,-1319.42,239.78
49,11,0.09158,15.64,-114.10,22.06,173.23,-1364.05,244.24
49,12,0.10010,17.07,-125.46,24.06,167.03,-1334.53,235.48
49,13,0.10849,18.49,-136.99,26.07,169.45,-1373.61,238.91
49,14,0.11667,19.91,-148.68,28.07,173.88,-1429.66,245.15
49,15,0.12497,21.33,-160.54,30.08,171.32,-1428.51,241.54
49,16,0.13333,22.76,-172.56,32.09,171.17,-1437.82,240.51
49,17,0.14154,24.23,-184.75,34.13,178.44,-1484.64,248.70
49,18,0.15002,25.69,-197.10,36.17,172.66,-1456.03,240.65
49,19,0.15833,27.16,-209.62,38.21,176.47,-1508.03,245.96
49,20,0.16666,28.62,-222.31,40.25,175.82,-1522.31,245.05
49,21,0.17493,30.09,-235.15,42.29,177.12,-1553.49,246.86
49,22,0.18332,31.55,-248.17,44.34,174.55,-1550.56,243.27
49,23,0.19153,33.02,-261.34,46.38,178.44,-1605.24,248.70
49,24,0.19995,34.48,-274.69,48.42,173.91,-1584.12,242.39
49,25,0.20822,35.95,-288.19,50.46,177.12,-1633.30,246.86
49,26,0.21658,37.41,-301.87,52.50,175.18,-1635.15,244.16
49,27,0.22495,38.88,-315.70,54.54,175.18,-1654.88,244.16
49,28,0.23318,40.89,-317.65,56.81,244.07,-235.63,274.44
50,0,0.00000,0.00,0.00,0.00,206.91,-1115.63,213.45
50,1,0.00839,1.70,-9.53,1.77,202.91,-1135.29,211.27
50,2,0.01666,3.41,-19.22,3.55,205.90,-1172.00,214.39
50,3,0.02496,5.11,-29.08,5.32,205.15,-1187.57,213.60
50,4,0.03339,6.81,-39.10,7.09,202.17,-1189.95,210.51
50,5,0.04160,8.51,-49.29,8.87,207.43,-1241.01,215.99
50,6,0.05002,10.22,-59.64,10.64,202.17,-1229.13,210.51
50,7,0.05832,11.92,-70.16,12.41,205.15,-1267.08,213.60
50,8,0.06671,13.62,-80.84,14.18,202.91,-1272.92,211.27
50,9,0.07568,15.33,-91.69,15.96,189.80,-1209.05,197.62
50,10,0.08347,17.13,-103.35,17.84,231.37,-1498.14,241.57
50,11,0.09158,18.83,-114.54,19.61,209.77,-1378.15,218.42
50,12,0.10001,20.53,-125.89,21.38,202.17,-1347.81,210.51
50,13,0.10849,22.24,-137.41,23.16,200.72,-1357.56,208.99
50,14,0.11664,23.94,-149.09,24.93,208.99,-1433.74,217.60
50,15,0.12497,25.64,-160.94,26.70,204.40,-1422.03,212.82
50,16,0.13333,27.35,-172.95,28.48,204.74,-1436.58,212.41
50,17,0.14157,29.10,-185.13,30.28,212.59,-1477.88,218.52
50,18,0.15002,30.86,-197.47,32.08,207.22,-1460.06,213.00
50,19,0.15833,32.61,-209.97,33.88,211.03,-1506.77,216.91
50,20,0.16660,34.36,-222.65,35.68,211.81,-1532.28,217.71
50,21,0.17496,36.11,-235.48,37.48,209.49,-1535.24,215.33
50,22,0.18335,37.86,-248.49,39.28,208.73,-1549.32,214.55
50,23,0.19168,39.61,-261.65,41.08,210.26,-1580.48,216.12
50,24,0.20007,41.37,-274.99,42.88,208.73,-1588.64,214.55
50,25,0.20822,43.12,-288.48,44.68,214.98,-1656.49,220.97
50,26,0.21661,45.29,-297.73,46.01,258.18,-1101.46,158.18
51,0,0.00000,0.00,0.00,0.00,-290.61,-1107.58,-61.01
51,1,0.00824,-2.49,-9.53,-0.51,-302.22,-1156.33,-62.22
51,2,0.01663,-4.98,-19.22,-1.03,-296.73,-1154.96,-61.09
51,3,0.02493,-7.47,-29.08,-1.54,-300.00,-1187.58,-61.76
51,4,0.03336,-9.96,-39.10,-2.05,-295.65,-1189.96,-60.87
51,5,0.04153,-12.45,-49.29,-2.56,-304.48,-1245.65,-62.69
51,6,0.04990,-14.94,-59.64,-3.08,-297.81,-1238.11,-61.31
51,7,0.05801,-17.43,-70.16,-3.59,-306.77,-1295.67,-63.16
51,8,0.06631,-19.92,-80.84,-4.10,-300.00,-1286.97,-61.76
51,9,0.07458,-22.41,-91.69,-4.61,-301.11,-1311.67,-61.99
51,10,0.08295,-24.90,-102.70,-5.13,-297.81,-1317.04,-61.31
51,11,0.09125,-27.39,-113.88,-5.64,-300.00,-1346.60,-61.76
51,12,0.09964,-29.88,-125.22,-6.15,-296.73,-1351.57,-61.09
51,13,0.10794,-32.37,-136.73,-6.67,-300.00,-1386.36,-61.76
51,14,0.11627,-34.86,-148.40,-7.18,-298.90,-1401.08,-61.54
51,15,0.12469,-37.35,-160.24,-7.69,-295.65,-1405.45,-60.87
51,16,0.13306,-39.83,-172.25,-8.20,-296.35,-1435.44,-61.31
51,17,0.14221,-42.27,-184.41,-8.72,-266.00,-1329.05,-56.33
51,18,0.15005,-44.70,-196.75,-9.23,-310.51,-1572.46,-65.76
51,19,0.15829,-47.14,-209.24,-9.75,-295.56,-1516.78,-62.59
51,20,0.16666,-49.57,-221.91,-10.27,-291.24,-1514.37,-61.68
51,21,0.17499,-52.01,-234.73,-10.78,-292.31,-1539.72,-61.90
51,22,0.18338,-54.44,-247.73,-11.30,-290.18,-1548.18,-61.45
51,23,0.19162,-56.88,-260.89,-11.81,-295.56,-1596.88,-62.59
51,24,0.19998,-59.31,-274.21,-12.33,-291.24,-1593.30,-61.68
51,25,0.20825,-61.75,-287.70,-12.84,-294.46,-1630.89,-62.36
51,26,0.21664,-63.72,-297.16,-13.10,-235.27,-1127.51,-30.91
52,0,0.00000,0.00,0.00,0.00,-55.36,-1096.22,287.50
52,1,0.00827,-0.47,-9.53,2.50,-56.83,-1152.58,301.85
52,2,0.01678,-0.94,-19.24,5.00,-55.20,-1140.20,293.55
52,3,0.02496,-1.41,-29.10,7.49,-57.46,-1205.85,305.22
52,4,0.03317,-1.88,-39.13,9.99,-57.25,-1221.47,304.09
52,5,0.04153,-2.35,-49.32,12.48,-56.20,-1218.91,298.54
52,6,0.04996,-2.82,-59.68,14.98,-55.80,-1229.67,296.38
52,7,0.05826,-3.29,-70.20,17.48,-56.62,-1267.63,300.74
52,8,0.06683,-3.76,-80.89,19.97,-54.80,-1246.27,291.10
52,9,0.07510,-4.23,-91.74,22.47,-56.83,-1312.21,301.85
52,10,0.08319,-4.70,-102.76,24.97,-58.11,-1362.33,308.68
52,11,0.09180,-5.17,-113.94,27.46,-54.61,-1299.37,290.07
52,12,0.09998,-5.64,-125.29,29.96,-57.46,-1387.42,305.22
52,13,0.10843,-6.11,-136.80,32.46,-55.60,-1361.87,295.31
52,14,0.11652,-6.58,-148.48,34.95,-58.11,-1443.94,308.68
52,15,0.12506,-7.05,-160.32,37.45,-55.00,-1385.89,292.14
52,16,0.13327,-7.52,-172.33,39.94,-57.25,-1462.67,303.72
52,17,0.14160,-7.99,-184.50,42.38,-56.78,-1461.04,293.04
52,18,0.14981,-8.47,-196.84,44.82,-57.62,-1502.87,297.40
52,19,0.15848,-8.94,-209.34,47.27,-54.58,-1442.53,281.69
52,20,0.16650,-9.41,-222.01,49.71,-58.94,-1578.27,304.18
52,21,0.17542,-9.88,-234.84,52.15,-53.08,-1440.04,273.97
52,22,0.18341,-10.36,-247.84,54.59,-59.16,-1625.56,305.34
52,23,0.19159,-10.83,-261.00,57.03,-57.84,-1609.35,298.51
52,24,0.20007,-11.30,-274.33,59.47,-55.76,-1570.90,287.77
52,25,0.20837,-11.78,-287.91,61.93,-57.35,-1636.01,296.32
52,26,0.21692,-12.25,-301.57,64.37,-55.36,-1598.43,285.71
52,27,0.22525,-12.73,-315.39,66.82,-56.78,-1659.22,293.04
52,28,0.23325,-13.20,-329.38,69.25,-59.16,-1749.52,304.96
52,29,0.24161,-14.27,-331.75,72.13,-128.10,-283.91,343.43
53,0,0.00000,0.00,0.00,0.00,-156.30,-1136.34,260.74
53,1,0.00891,-1.30,-9.53,2.19,-145.55,-1069.24,245.21
53,2,0.01691,-2.59,-19.22,4.37,-162.21,-1212.31,273.28
53,3,0.02505,-3.89,-29.08,6.56,-159.18,-1209.86,268.16
53,4,0.03384,-5.19,-39.10,8.74,-147.57,-1140.41,248.61
53,5,0.04169,-6.48,-49.29,10.93,-165.37,-1299.01,278.60
53,6,0.05020,-7.78,-59.64,13.11,-152.33,-1215.96,256.63
53,7,0.05826,-9.08,-70.16,15.30,-160.98,-1305.53,271.21
53,8,0.06689,-10.38,-80.85,17.48,-150.18,-1236.98,253.00
53,9,0.07498,-11.67,-91.69,19.67,-160.38,-1341.41,270.19
53,10,0.08347,-12.97,-102.71,21.85,-152.88,-1298.13,257.55
53,11,0.09161,-14.27,-113.88,24.04,-159.18,-1371.86,268.16
53,12,0.10025,-15.56,-125.23,26.22,-150.18,-1313.41,253.00
53,13,0.10831,-16.86,-136.74,28.41,-160.98,-1428.41,271.21
53,14,0.11688,-18.16,-148.41,30.59,-151.25,-1361.23,254.80
53,15,0.12521,-19.45,-160.25,32.78,-155.68,-1420.93,262.27
53,16,0.13330,-20.75,-172.25,34.96,-160.00,-1484.23,269.81
53,17,0.14169,-22.03,-184.42,37.09,-152.73,-1449.92,254.18
53,18,0.15002,-23.31,-196.75,39.22,-153.85,-1480.34,256.04
53,19,0.15872,-24.59,-209.25,41.36,-147.37,-1436.99,245.26
53,20,0.16678,-25.88,-221.91,43.49,-159.09,-1571.77,264.77
53,21,0.17523,-27.16,-234.74,45.62,-151.62,-1517.53,252.35
53,22,0.18356,-28.44,-247.73,47.76,-153.85,-1559.57,256.04
53,23,0.19193,-29.72,-260.89,49.89,-153.28,-1573.61,255.11
53,24,0.19995,-31.00,-274.22,52.02,-159.70,-1659.98,265.78
53,25,0.20850,-32.28,-287.70,54.16,-150.00,-1578.51,249.64
53,26,0.21680,-33.57,-301.36,56.29,-154.41,-1644.81,256.99
53,27,0.22546,-34.85,-315.18,58.42,-147.89,-1594.35,246.13
53,28,0.23343,-36.13,-329.16,60.55,-160.92,-1755.56,267.43
53,29,0.24176,-37.89,-340.10,62.67,-211.72,-1313.14,254.21
54,0,0.00000,0.00,0.00,0.00,230.88,-1128.02,-192.65
54,1,0.00836,1.90,-9.53,-1.57,226.64,-1139.52,-187.23
54,2,0.01730,3.79,-19.22,-3.13,211.95,-1084.08,-175.09
54,3,0.02505,5.69,-29.08,-4.70,244.49,-1271.82,-201.97
54,4,0.03336,7.58,-39.10,-6.26,228.31,-1207.53,-188.60
54,5,0.04172,9.48,-49.29,-7.83,226.64,-1218.45,-187.23
54,6,0.05002,11.37,-59.65,-9.39,228.31,-1247.29,-188.60
54,7,0.05908,13.27,-70.16,-10.96,209.09,-1160.50,-172.73
54,8,0.06665,15.16,-80.85,-12.52,250.40,-1411.60,-206.85
54,9,0.07504,17.06,-91.70,-14.09,225.82,-1292.66,-186.55
54,10,0.08340,18.95,-102.71,-15.66,226.64,-1317.12,-187.23
54,11,0.09174,20.85,-113.89,-17.22,227.47,-1341.75,-187.91
54,12,0.10007,22.74,-125.23,-18.79,227.47,-1361.55,-187.91
54,13,0.10895,24.64,-136.74,-20.35,213.40,-1295.91,-176.29
54,14,0.11673,26.53,-148.41,-21.92,243.53,-1500.07,-201.18
54,15,0.12503,28.43,-160.25,-23.48,228.31,-1426.19,-188.60
54,16,0.13345,30.32,-172.26,-25.05,225.00,-1425.11,-185.87
54,17,0.14178,32.25,-184.42,-26.66,231.14,-1460.58,-193.04
54,18,0.15009,34.17,-196.76,-28.27,231.99,-1485.82,-193.75
54,19,0.15833,36.11,-209.35,-29.89,235.56,-1528.33,-196.67
54,20,0.16675,38.06,-222.13,-31.51,230.80,-1516.80,-192.75
54,21,0.17505,39.98,-234.96,-33.12,231.99,-1545.78,-193.75
54,22,0.18344,41.91,-247.96,-34.73,229.82,-1548.80,-191.64
54,23,0.19180,43.84,-261.12,-36.33,230.29,-1573.97,-192.34
54,24,0.19989,45.76,-274.44,-37.94,238.11,-1647.82,-198.87
54,25,0.20840,47.69,-287.93,-39.55,226.16,-1584.52,-188.89
54,26,0.21689,50.00,-293.02,-41.01,271.94,-599.85,-171.58
55,0,0.00000,0.00,0.00,0.00,-215.33,-1120.67,208.39
55,1,0.00830,-1.82,-9.54,1.78,-219.12,-1148.79,213.97
55,2,0.01660,-3.64,-19.24,3.55,-219.12,-1168.67,213.97
55,3,0.02493,-5.46,-29.10,5.33,-218.32,-1184.20,213.19
55,4,0.03320,-7.28,-39.13,7.10,-219.93,-1212.89,214.76
55,5,0.04166,-9.09,-49.33,8.88,-215.16,-1206.13,210.11
55,6,0.04980,-10.91,-59.69,10.66,-223.22,-1271.56,217.98
55,7,0.05829,-12.73,-70.22,12.43,-214.39,-1240.70,209.35
55,8,0.06650,-14.55,-80.91,14.21,-221.56,-1302.30,216.36
55,9,0.07483,-16.41,-92.02,16.02,-223.44,-1333.58,217.95
55,10,0.08319,-18.23,-103.04,17.80,-217.52,-1318.46,212.41
55,11,0.09158,-20.05,-114.23,19.58,-216.73,-1333.33,211.64
55,12,0.09979,-21.87,-125.59,21.35,-221.56,-1383.17,216.36
55,13,0.10825,-23.69,-137.11,23.13,-215.16,-1362.74,210.11
55,14,0.11652,-25.51,-148.79,24.91,-219.93,-1412.86,214.76
55,15,0.12479,-27.33,-160.64,26.68,-219.93,-1432.82,214.76
55,16,0.13321,-29.14,-172.66,28.45,-215.58,-1426.45,210.51
55,17,0.14148,-30.93,-184.84,30.18,-216.61,-1472.72,208.86
55,18,0.14981,-32.72,-197.18,31.91,-215.02,-1481.74,207.33
55,19,0.15811,-34.52,-209.69,33.64,-215.81,-1507.06,208.09
55,20,0.16638,-36.31,-222.37,35.36,-216.61,-1532.57,208.86
55,21,0.17477,-38.10,-235.20,37.09,-213.45,-1529.94,205.82
55,22,0.18304,-39.99,-248.96,38.92,-229.15,-1663.71,220.66
55,23,0.19150,-41.78,-262.14,40.64,-211.91,-1559.06,204.33
55,24,0.19968,-43.58,-275.49,42.37,-219.03,-1631.59,211.19
55,25,0.20810,-45.37,-289.00,44.10,-212.68,-1603.89,205.07
55,26,0.21640,-47.16,-302.67,45.83,-215.81,-1647.35,208.09
55,27,0.22476,-48.95,-316.51,47.55,-214.23,-1655.06,206.57
55,28,0.23318,-50.74,-330.52,49.28,-212.32,-1662.66,204.71
55,29,0.24167,-52.50,-334.40,52.07,-207.55,-458.43,328.78
56,0,0.00000,0.00,0.00,0.00,36.50,-1120.19,296.35
56,1,0.00827,0.29,-9.53,2.44,35.06,-1152.54,295.20
56,2,0.01666,0.58,-19.23,4.88,34.55,-1155.44,290.91
56,3,0.02490,0.87,-29.09,7.32,35.19,-1196.86,296.30
56,4,0.03336,1.16,-39.12,9.77,34.30,-1186.14,288.81
56,5,0.04163,1.45,-49.31,12.21,35.06,-1232.35,295.20
56,6,0.05005,1.74,-59.67,14.65,34.42,-1229.61,289.86
56,7,0.05841,2.03,-70.19,17.09,34.67,-1258.32,291.97
56,8,0.06668,2.32,-80.87,19.53,35.06,-1292.20,295.20
56,9,0.07513,2.61,-91.73,21.97,34.30,-1283.73,288.81
56,10,0.08334,2.90,-102.74,24.41,35.32,-1342.01,297.40
56,11,0.09164,3.19,-113.93,26.86,34.93,-1347.09,294.12
56,12,0.10007,3.48,-125.27,29.30,34.42,-1347.15,289.86
56,13,0.10837,3.77,-136.78,31.74,34.93,-1386.84,294.12
56,14,0.11679,4.06,-148.46,34.18,34.42,-1386.33,289.86
56,15,0.12503,4.35,-160.30,36.62,35.19,-1437.17,296.30
56,16,0.13348,4.64,-172.31,39.07,34.30,-1420.37,289.17
56,17,0.14182,4.95,-184.48,41.56,37.36,-1460.98,299.27
56,18,0.15012,5.26,-196.82,44.05,37.50,-1486.23,300.37
56,19,0.15851,5.57,-209.32,46.55,37.09,-1489.68,297.09
56,20,0.16687,5.88,-221.99,49.04,37.23,-1514.85,298.18
56,21,0.17511,6.20,-234.82,51.53,37.78,-1557.32,302.59
56,22,0.18365,6.51,-247.82,54.03,36.43,-1521.01,291.79
56,23,0.19189,6.82,-260.98,56.52,37.78,-1597.37,302.59
56,24,0.20035,7.13,-274.30,59.01,36.82,-1576.52,294.95
56,25,0.20859,7.44,-287.80,61.51,37.78,-1637.42,302.59
56,26,0.21698,7.75,-301.45,64.00,37.09,-1627.31,297.09
56,27,0.22525,8.06,-315.28,66.49,37.64,-1671.28,301.48
56,28,0.23364,8.42,-325.22,69.29,42.18,-1185.11,333.82
57,0,0.00000,0.00,0.00,0.00,-300.73,-1126.18,4.03
57,1,0.00827,-2.54,-9.55,0.05,-307.01,-1154.44,5.54
57,2,0.01663,-5.08,-19.26,0.09,-303.65,-1161.53,5.47
57,3,0.02502,-7.62,-29.14,0.14,-302.55,-1176.97,5.45
57,4,0.03333,-10.16,-39.18,0.18,-305.88,-1209.83,5.51
57,5,0.04153,-12.70,-49.39,0.23,-309.29,-1243.42,5.58
57,6,0.04990,-15.23,-59.76,0.27,-303.65,-1240.46,5.47
57,7,0.05820,-17.77,-70.30,0.32,-305.88,-1269.46,5.51
57,8,0.06659,-20.31,-81.00,0.37,-302.55,-1275.27,5.45
57,9,0.07477,-22.85,-91.87,0.41,-310.45,-1328.76,5.60
57,10,0.08316,-25.39,-102.90,0.46,-302.55,-1314.60,5.45
57,11,0.09140,-27.93,-114.10,0.50,-308.15,-1358.97,5.56
57,12,0.09991,-30.47,-125.46,0.55,-298.21,-1334.51,5.38
57,13,0.10809,-33.01,-136.99,0.60,-310.45,-1409.46,5.60
57,14,0.11661,-35.55,-148.68,0.64,-298.21,-1373.27,5.38
57,15,0.12552,-38.09,-160.54,0.69,-284.93,-1330.64,5.14
57,16,0.13306,-40.62,-172.56,0.73,-336.03,-1594.96,5.67
57,17,0.14139,-43.11,-184.75,0.76,-298.53,-1462.86,3.66
57,18,0.14978,-45.59,-197.10,0.79,-296.36,-1471.88,3.64
57,19,0.15802,-48.08,-209.62,0.82,-301.85,-1519.17,3.70
57,20,0.16644,-50.57,-222.30,0.85,-295.29,-1505.73,3.62
57,21,0.17474,-53.05,-235.15,0.88,-299.63,-1547.75,3.68
57,22,0.18311,-55.54,-248.16,0.91,-297.45,-1556.19,3.65
57,23,0.19168,-58.03,-261.34,0.94,-290.04,-1536.66,3.56
57,24,0.20020,-60.52,-274.68,0.97,-292.11,-1567.06,3.58
57,25,0.20844,-63.00,-288.19,1.00,-301.85,-1639.32,3.70
57,26,0.21680,-65.49,-301.86,1.03,-297.45,-1635.12,3.65
57,27,0.22552,-67.98,-315.70,1.07,-284.97,-1585.42,3.50
57,28,0.23349,-70.46,-329.70,1.09,-311.49,-1758.00,3.45
57,29,0.24167,-73.15,-342.51,1.42,-329.48,-1566.03,40.30
58,0,0.00000,0.00,0.00,0.00,264.81,-1138.93,146.67
58,1,0.00845,2.15,-9.55,1.20,254.15,-1129.66,142.24
58,2,0.01660,4.30,-19.26,2.40,263.67,-1192.22,147.57
58,3,0.02493,6.45,-29.14,3.61,257.88,-1185.83,144.32
58,4,0.03329,8.59,-39.19,4.81,256.93,-1201.23,143.80
58,5,0.04172,10.74,-49.40,6.01,255.07,-1212.12,142.75
58,6,0.05060,12.89,-59.77,7.21,241.92,-1168.22,135.40
58,7,0.05853,15.04,-70.31,8.42,270.77,-1328.30,151.54
58,8,0.06662,17.19,-81.02,9.62,265.66,-1323.64,148.68
58,9,0.07501,19.34,-91.89,10.82,256.00,-1295.17,143.27
58,10,0.08331,21.48,-102.92,12.02,258.82,-1329.33,144.85
58,11,0.09241,23.63,-114.12,13.23,236.24,-1231.49,132.21
58,12,0.10016,25.78,-125.48,14.43,277.17,-1466.11,155.12
58,13,0.10858,27.93,-137.01,15.63,255.07,-1368.83,142.75
58,14,0.11673,30.08,-148.71,16.83,263.67,-1435.23,147.57
58,15,0.12527,32.23,-160.57,18.04,251.43,-1387.90,140.71
58,16,0.13412,34.38,-172.59,19.24,243.45,-1358.69,135.86
58,17,0.14185,36.58,-184.78,20.45,284.98,-1578.76,157.31
58,18,0.15009,38.78,-197.14,21.67,267.04,-1499.38,147.41
58,19,0.15851,40.98,-209.66,22.88,261.23,-1486.37,144.20
58,20,0.16690,43.18,-222.34,24.10,262.18,-1511.44,144.73
58,21,0.17520,45.38,-235.19,25.31,265.07,-1547.99,146.32
58,22,0.18390,47.58,-248.20,26.53,252.98,-1496.35,139.65
58,23,0.19174,49.78,-261.38,27.74,280.54,-1680.41,154.86
58,24,0.20007,51.98,-274.73,28.96,264.10,-1601.73,145.79
58,25,0.20837,54.18,-288.24,30.17,265.07,-1627.50,146.32
58,26,0.21664,55.96,-296.21,31.15,215.13,-963.57,118.08
59,0,0.00000,0.00,0.00,0.00,-298.52,-1133.74,-51.29
59,1,0.00842,-2.51,-9.54,-0.42,-297.46,-1132.79,-50.00
59,2,0.01666,-5.01,-19.25,-0.84,-304.07,-1177.99,-51.11
59,3,0.02502,-7.52,-29.12,-1.26,-299.64,-1180.52,-50.36
59,4,0.03333,-10.02,-39.16,-1.68,-301.84,-1209.08,-50.74
59,5,0.04169,-12.53,-49.36,-2.11,-299.64,-1219.99,-50.36
59,6,0.05011,-15.03,-59.72,-2.53,-297.46,-1230.74,-50.00
59,7,0.05905,-17.54,-70.25,-2.95,-280.20,-1177.78,-47.10
59,8,0.06683,-20.04,-80.95,-3.37,-321.96,-1374.50,-54.12
59,9,0.07513,-22.55,-91.81,-3.79,-301.84,-1308.47,-50.74
59,10,0.08337,-25.05,-102.84,-4.21,-304.07,-1338.19,-51.11
59,11,0.09171,-27.56,-114.03,-4.63,-300.73,-1343.29,-50.55
59,12,0.10004,-30.07,-125.39,-5.05,-300.73,-1363.10,-50.55
59,13,0.10843,-32.57,-136.91,-5.47,-298.55,-1372.84,-50.18
59,14,0.11664,-35.08,-148.59,-5.90,-305.20,-1423.56,-51.30
59,15,0.12509,-37.58,-160.45,-6.32,-296.39,-1401.97,-49.82
59,16,0.13336,-40.08,-172.46,-6.74,-301.85,-1452.96,-50.92
59,17,0.14172,-42.53,-184.64,-7.16,-293.07,-1456.78,-50.73
59,18,0.14996,-44.98,-196.99,-7.59,-297.41,-1498.39,-51.48
59,19,0.15836,-47.43,-209.50,-8.01,-292.00,-1490.81,-50.55
59,20,0.16669,-49.88,-222.18,-8.44,-294.14,-1521.54,-50.92
59,21,0.17508,-52.33,-235.02,-8.86,-292.00,-1530.13,-50.55
59,22,0.18332,-54.78,-248.02,-9.28,-297.41,-1578.49,-51.48
59,23,0.19223,-57.23,-261.20,-9.71,-275.00,-1478.08,-47.60
59,24,0.19998,-59.68,-274.53,-10.13,-316.14,-1720.50,-54.72
59,25,0.20831,-62.13,-288.03,-10.56,-294.14,-1620.56,-50.92
59,26,0.21664,-64.58,-301.70,-10.98,-294.14,-1640.37,-50.92
59,27,0.22498,-67.03,-315.53,-11.40,-294.14,-1660.17,-50.92
59,28,0.23328,-70.15,-316.39,-11.30,-375.00,-103.87,12.13
60,0,0.00000,0.00,0.00,0.00,291.76,-1150.92,92.88
60,1,0.00842,2.34,-9.54,0.75,277.90,-1132.97,89.49
60,2,0.01678,4.68,-19.25,1.51,279.93,-1160.98,90.15
60,3,0.02515,7.02,-29.12,2.26,279.93,-1180.71,90.15
60,4,0.03342,9.36,-39.16,3.02,283.03,-1213.73,91.14
60,5,0.04181,11.71,-49.39,3.77,279.64,-1218.46,89.82
60,6,0.05002,14.05,-59.76,4.52,285.13,-1263.00,91.82
60,7,0.05847,16.39,-70.29,5.28,276.90,-1246.04,89.17
60,8,0.06671,18.73,-80.99,6.03,284.07,-1298.37,91.48
60,9,0.07513,21.07,-91.85,6.78,277.90,-1289.74,89.49
60,10,0.08344,23.41,-102.88,7.54,281.99,-1328.58,90.81
60,11,0.09186,25.75,-114.07,8.29,277.90,-1328.92,89.49
60,12,0.10065,28.09,-125.43,9.05,266.32,-1292.32,85.76
60,13,0.10846,30.45,-137.03,9.81,301.56,-1485.11,97.27
60,14,0.11667,32.79,-148.72,10.56,285.13,-1423.93,91.82
60,15,0.12512,35.13,-160.58,11.31,276.90,-1402.33,89.17
60,16,0.13345,37.48,-172.60,12.07,281.68,-1442.68,90.84
60,17,0.14163,39.87,-184.78,12.83,292.91,-1489.77,92.54
60,18,0.15005,42.27,-197.13,13.58,284.42,-1466.18,89.86
60,19,0.15851,44.67,-209.64,14.34,283.39,-1480.41,89.53
60,20,0.16687,47.06,-222.32,15.10,286.50,-1516.35,90.51
60,21,0.17511,49.46,-235.17,15.85,290.74,-1558.84,91.85
60,22,0.18332,51.85,-248.18,16.61,291.82,-1584.73,92.19
60,23,0.19165,54.25,-261.35,17.37,287.55,-1581.32,90.84
60,24,0.19995,56.64,-274.69,18.12,288.60,-1607.01,91.18
60,25,0.20834,59.04,-288.20,18.88,285.45,-1609.14,90.18
60,26,0.21658,61.43,-301.86,19.64,290.74,-1658.96,91.85
60,27,0.22498,63.03,-303.19,19.92,190.18,-157.39,33.09
61,0,0.00000,0.00,0.00,0.00,-295.62,-1121.33,-49.27
61,1,0.00824,-2.51,-9.54,-0.41,-304.44,-1157.97,-49.63
61,2,0.01666,-5.02,-19.25,-0.82,-297.83,-1152.39,-48.55
61,3,0.02551,-7.53,-29.12,-1.23,-283.45,-1115.40,-46.21
61,4,0.03339,-10.03,-39.16,-1.64,-318.60,-1274.70,-51.94
61,5,0.04169,-12.54,-49.36,-2.04,-302.21,-1228.97,-49.26
61,6,0.04990,-15.05,-59.72,-2.45,-305.58,-1262.77,-49.81
61,7,0.05820,-17.56,-70.25,-2.86,-302.21,-1268.72,-49.26
61,8,0.06662,-20.07,-80.95,-3.27,-297.83,-1269.92,-48.55
61,9,0.07492,-22.58,-91.81,-3.68,-302.21,-1308.48,-49.26
61,10,0.08392,-25.09,-102.84,-4.09,-278.64,-1224.79,-45.42
61,11,0.09158,-27.59,-114.03,-4.50,-327.49,-1461.03,-53.39
61,12,0.09988,-30.10,-125.39,-4.91,-302.21,-1368.11,-49.26
61,13,0.10822,-32.61,-136.91,-5.32,-301.10,-1382.90,-49.08
61,14,0.11670,-35.12,-148.59,-5.73,-295.68,-1377.48,-48.20
61,15,0.12555,-37.63,-160.45,-6.13,-283.45,-1339.13,-46.21
61,16,0.13321,-40.13,-172.46,-6.54,-326.29,-1568.74,-53.39
61,17,0.14166,-42.58,-184.64,-6.95,-290.25,-1441.01,-48.74
61,18,0.14996,-45.03,-196.99,-7.37,-295.59,-1487.38,-49.63
61,19,0.15826,-47.49,-209.50,-7.78,-295.59,-1507.26,-49.63
61,20,0.16714,-49.94,-222.18,-8.19,-276.29,-1427.43,-46.39
61,21,0.17477,-52.40,-235.02,-8.60,-321.60,-1683.15,-54.00
61,22,0.18314,-54.85,-248.03,-9.01,-293.43,-1555.46,-49.27
61,23,0.19144,-57.30,-261.20,-9.43,-295.59,-1586.77,-49.63
61,24,0.19983,-59.76,-274.53,-9.84,-292.36,-1589.12,-49.09
61,25,0.20807,-62.21,-288.04,-10.25,-297.78,-1638.57,-50.00
61,26,0.21713,-64.66,-301.70,-10.66,-270.71,-1507.82,-45.45
61,27,0.22464,-67.10,-312.10,-10.99,-323.98,-1385.26,-43.90
62,0,0.00000,0.00,0.00,0.00,248.60,-1073.92,140.91
62,1,0.00784,2.14,-9.54,1.22,272.37,-1216.14,156.03
62,2,0.01614,4.27,-19.24,2.45,257.35,-1168.95,147.43
62,3,0.02451,6.41,-29.11,3.67,255.47,-1180.15,146.35
62,4,0.03281,8.54,-39.14,4.90,257.35,-1208.71,147.43
62,5,0.04120,10.68,-49.34,6.12,254.55,-1215.18,145.82
62,6,0.04956,12.82,-59.70,7.34,255.47,-1239.35,146.35
62,7,0.05798,14.95,-70.23,8.57,253.62,-1249.96,145.29
62,8,0.06613,17.09,-80.93,9.79,262.17,-1312.34,150.19
62,9,0.07455,19.23,-91.78,11.01,253.62,-1289.14,145.29
62,10,0.08276,21.36,-102.81,12.24,260.22,-1342.78,149.07
62,11,0.09122,23.50,-114.00,13.46,252.71,-1323.52,144.77
62,12,0.09949,25.63,-125.35,14.69,258.30,-1372.77,147.97
62,13,0.10797,27.77,-136.87,15.91,251.80,-1357.66,144.24
62,14,0.11658,29.91,-148.55,17.13,248.23,-1357.57,142.20
62,15,0.12463,32.04,-160.40,18.36,265.15,-1470.62,151.89
62,16,0.13272,34.19,-172.41,19.58,264.91,-1485.47,151.32
62,17,0.14114,36.37,-184.59,20.82,259.78,-1445.85,146.74
62,18,0.14948,38.56,-196.93,22.05,262.64,-1481.55,148.35
62,19,0.15781,40.75,-209.44,23.29,262.64,-1501.35,148.35
62,20,0.16608,42.94,-222.11,24.52,264.58,-1532.39,149.45
62,21,0.17444,45.13,-234.95,25.76,261.68,-1535.34,147.81
62,22,0.18271,47.31,-247.96,27.00,264.58,-1572.29,149.45
62,23,0.19110,49.50,-261.12,28.23,260.73,-1569.08,147.27
62,24,0.19943,51.69,-274.46,29.47,262.64,-1600.38,148.35
62,25,0.20776,53.88,-287.96,30.70,262.64,-1620.19,148.35
62,26,0.21609,56.07,-301.62,31.94,262.64,-1639.99,148.35
63,0,0.00000,0.00,0.00,0.00,-287.87,-1128.91,-90.07
63,1,0.00827,-2.43,-9.54,-0.75,-293.73,-1153.02,-90.41
63,2,0.01657,-4.86,-19.24,-1.50,-292.65,-1168.66,-90.07
63,3,0.02499,-7.29,-29.10,-2.24,-288.41,-1171.31,-88.77
63,4,0.03323,-9.72,-39.13,-2.99,-294.81,-1217.37,-90.74
63,5,0.04169,-12.15,-49.33,-3.74,-287.36,-1206.12,-88.45
63,6,0.04993,-14.58,-59.69,-4.49,-294.81,-1257.42,-90.74
63,7,0.05835,-17.00,-70.22,-5.23,-288.41,-1249.67,-88.77
63,8,0.06665,-19.43,-80.91,-5.98,-292.65,-1287.93,-90.07
63,9,0.07504,-21.86,-91.76,-6.73,-289.45,-1293.54,-89.09
63,10,0.08328,-24.29,-102.78,-7.48,-294.81,-1337.52,-90.74
63,11,0.09174,-26.72,-113.97,-8.22,-287.36,-1323.24,-88.45
63,12,0.10001,-29.15,-125.32,-8.97,-293.73,-1372.49,-90.41
63,13,0.10834,-31.58,-136.84,-9.72,-291.58,-1382.24,-89.74
63,14,0.11670,-34.01,-148.52,-10.47,-290.51,-1396.93,-89.42
63,15,0.12494,-36.44,-160.36,-11.22,-294.81,-1437.65,-90.74
63,16,0.13324,-38.86,-172.37,-11.96,-292.28,-1446.95,-90.07
63,17,0.14163,-41.24,-184.55,-12.71,-282.91,-1450.83,-89.09
63,18,0.14990,-43.61,-196.89,-13.46,-287.08,-1492.19,-90.41
63,19,0.15826,-45.99,-209.40,-14.21,-283.94,-1495.59,-89.42
63,20,0.16656,-48.36,-222.07,-14.95,-286.03,-1526.46,-90.07
63,21,0.17487,-50.74,-234.90,-15.70,-286.03,-1546.34,-90.07
63,22,0.18311,-53.11,-247.90,-16.45,-288.15,-1577.82,-90.74
63,23,0.19156,-55.48,-261.07,-17.20,-280.87,-1557.47,-88.45
63,24,0.19980,-57.86,-274.40,-17.94,-288.15,-1617.87,-90.74
63,25,0.20831,-60.23,-287.90,-18.69,-278.85,-1585.06,-87.81
63,26,0.21677,-62.61,-301.56,-19.44,-280.87,-1616.03,-88.45
63,27,0.22559,-64.98,-315.38,-20.19,-269.20,-1567.63,-84.78
63,28,0.23334,-66.88,-318.79,-20.75,-244.88,-439.33,-72.05
64,0,0.00000,0.00,0.00,0.00,239.48,-1133.11,183.39
64,1,0.00833,1.95,-9.54,1.50,233.70,-1144.61,180.59
64,2,0.01682,3.89,-19.24,3.01,229.50,-1143.47,177.34
64,3,0.02515,5.84,-29.10,4.51,233.70,-1184.22,180.59
64,4,0.03391,7.79,-39.13,6.02,222.30,-1145.29,171.78
64,5,0.04175,9.74,-49.33,7.52,248.25,-1300.02,191.83
64,6,0.04999,11.68,-59.69,9.03,236.30,-1257.45,182.59
64,7,0.05838,13.63,-70.22,10.53,232.00,-1254.25,179.27
64,8,0.06674,15.58,-80.91,12.04,232.85,-1278.56,179.93
64,9,0.07565,17.52,-91.76,13.54,218.49,-1218.26,168.84
64,10,0.08347,19.49,-102.92,15.06,251.95,-1427.61,194.92
64,11,0.09177,21.44,-114.11,16.57,234.56,-1347.83,181.25
64,12,0.09998,23.39,-125.46,18.07,237.17,-1382.97,183.27
64,13,0.10852,25.33,-136.98,19.58,227.86,-1347.94,176.07
64,14,0.11719,27.28,-148.66,21.08,224.65,-1348.00,173.59
64,15,0.12500,29.23,-160.51,22.59,249.22,-1516.56,192.58
64,16,0.13327,31.18,-172.52,24.09,236.53,-1452.56,182.29
64,17,0.14175,33.18,-184.70,25.62,235.61,-1435.44,179.50
64,18,0.14999,35.18,-197.04,27.14,242.59,-1497.99,184.81
64,19,0.15848,37.18,-209.55,28.66,235.61,-1474.34,179.50
64,20,0.16718,39.18,-222.22,30.18,229.82,-1457.10,175.09
64,21,0.17496,41.18,-235.06,31.71,256.86,-1649.72,195.69
64,22,0.18350,43.18,-248.07,33.23,233.93,-1521.74,178.21
64,23,0.19186,45.18,-261.23,34.75,239.05,-1574.79,182.12
64,24,0.19995,47.17,-274.57,36.28,247.17,-1648.68,188.30
64,25,0.20834,49.17,-288.06,37.80,238.18,-1608.39,181.45
64,26,0.21658,50.74,-294.92,39.06,190.00,-831.65,152.96
65,0,0.00000,0.00,0.00,0.00,-166.54,-1131.54,-252.57
65,1,0.00833,-1.40,-9.56,-2.11,-168.50,-1147.20,-253.85
65,2,0.01663,-2.81,-19.28,-4.23,-169.12,-1171.30,-254.78
65,3,0.02509,-4.21,-29.17,-6.34,-166.06,-1169.68,-250.18
65,4,0.03333,-5.62,-39.22,-8.46,-170.37,-1220.03,-256.67
65,5,0.04178,-7.02,-49.44,-10.57,-166.06,-1208.71,-250.18
65,6,0.05008,-8.42,-59.82,-12.69,-169.12,-1250.81,-254.78
65,7,0.05905,-9.83,-70.37,-14.80,-156.46,-1175.60,-235.71
65,8,0.06665,-11.23,-81.08,-16.92,-184.74,-1409.77,-278.31
65,9,0.07510,-12.63,-91.96,-19.03,-166.06,-1286.79,-250.18
65,10,0.08334,-14.04,-103.00,-21.15,-170.37,-1340.18,-256.67
65,11,0.09177,-15.44,-114.21,-23.26,-166.67,-1330.63,-251.09
65,12,0.10004,-16.85,-125.58,-25.38,-169.74,-1375.13,-255.72
65,13,0.10840,-18.25,-137.12,-27.49,-167.88,-1379.81,-252.92
65,14,0.11667,-19.65,-148.82,-29.61,-169.74,-1415.04,-255.72
65,15,0.12500,-21.06,-160.69,-31.72,-168.50,-1424.47,-253.85
65,16,0.13324,-22.45,-172.72,-33.83,-169.26,-1460.33,-255.56
65,17,0.14166,-23.82,-184.92,-35.91,-161.96,-1448.17,-246.74
65,18,0.14993,-25.18,-197.28,-37.99,-164.94,-1494.84,-251.29
65,19,0.15836,-26.54,-209.81,-40.06,-161.96,-1487.35,-246.74
65,20,0.16660,-27.91,-222.50,-42.14,-165.56,-1540.43,-252.22
65,21,0.17502,-29.27,-235.36,-44.22,-161.96,-1526.53,-246.74
65,22,0.18344,-30.64,-248.38,-46.30,-161.96,-1546.12,-246.74
65,23,0.19189,-32.00,-261.57,-48.38,-161.37,-1560.06,-245.85
65,24,0.19992,-33.36,-274.93,-50.45,-169.96,-1663.66,-258.94
65,25,0.20834,-34.73,-288.44,-52.53,-161.96,-1604.89,-246.74
65,26,0.21655,-36.09,-302.13,-54.61,-166.17,-1666.75,-253.16
65,27,0.22495,-37.44,-311.50,-56.36,-160.36,-1116.63,-208.36
66,0,0.00000,0.00,0.00,0.00,-18.49,-1160.45,-308.30
66,1,0.00851,-0.18,-9.55,-2.48,-21.15,-1121.60,-291.76
66,2,0.01675,-0.36,-19.26,-4.97,-21.85,-1179.01,-301.48
66,3,0.02521,-0.54,-29.14,-7.45,-21.30,-1168.75,-293.86
66,4,0.03336,-0.72,-39.19,-9.94,-22.10,-1232.76,-304.87
66,5,0.04178,-0.90,-49.40,-12.42,-21.38,-1212.15,-294.93
66,6,0.05002,-1.08,-59.77,-14.90,-21.85,-1259.11,-301.48
66,7,0.05844,-1.26,-70.31,-17.39,-21.38,-1251.33,-294.93
66,8,0.06671,-1.44,-81.02,-19.87,-21.77,-1294.37,-300.37
66,9,0.07510,-1.62,-91.89,-22.36,-21.45,-1295.20,-296.00
66,10,0.08340,-1.80,-102.92,-24.84,-21.69,-1329.36,-299.26
66,11,0.09192,-1.98,-114.12,-27.33,-21.15,-1315.39,-291.76
66,12,0.10001,-2.16,-125.49,-29.81,-22.26,-1405.29,-307.17
66,13,0.10907,-2.34,-137.02,-32.29,-19.87,-1272.08,-274.07
66,14,0.11649,-2.52,-148.71,-34.78,-24.28,-1577.01,-334.98
66,15,0.12488,-2.70,-160.57,-37.26,-21.45,-1413.17,-296.00
66,16,0.13318,-2.87,-172.60,-39.75,-20.59,-1448.63,-299.63
66,17,0.14163,-3.00,-184.79,-42.25,-15.16,-1442.00,-295.67
66,18,0.15070,-3.13,-197.14,-44.75,-14.14,-1363.10,-275.76
66,19,0.15842,-3.26,-209.66,-47.25,-16.60,-1621.53,-323.72
66,20,0.16684,-3.38,-222.35,-49.75,-15.22,-1506.00,-296.74
66,21,0.17511,-3.51,-235.19,-52.25,-15.50,-1553.73,-302.21
66,22,0.18347,-3.64,-248.21,-54.75,-15.33,-1556.45,-298.91
66,23,0.19189,-3.77,-261.39,-57.24,-15.22,-1564.77,-296.74
66,24,0.20013,-3.90,-274.73,-59.74,-15.56,-1619.56,-303.33
66,25,0.20917,-4.03,-288.24,-62.24,-14.19,-1495.57,-276.69
66,26,0.21692,-4.21,-295.56,-64.71,-24.41,-943.51,-317.72
67,0,0.00000,0.00,0.00,0.00,105.78,-1109.20,276.17
67,1,0.00827,0.92,-9.54,2.31,111.44,-1153.70,279.70
67,2,0.01660,1.84,-19.25,4.63,110.62,-1165.06,277.66
67,3,0.02499,2.76,-29.12,6.94,109.82,-1176.25,275.64
67,4,0.03387,3.69,-39.16,9.25,103.78,-1130.15,260.48
67,5,0.04153,4.62,-49.54,11.61,122.31,-1355.82,307.57
67,6,0.04993,5.55,-59.91,13.92,109.82,-1235.58,275.64
67,7,0.05823,6.47,-70.45,16.24,111.03,-1269.09,278.68
67,8,0.06656,7.39,-81.14,18.55,110.62,-1284.24,277.66
67,9,0.07489,8.31,-92.01,20.86,110.62,-1304.05,277.66
67,10,0.08328,9.23,-103.04,23.18,109.82,-1314.23,275.64
67,11,0.09171,10.15,-114.23,25.49,109.42,-1329.05,274.64
67,12,0.10022,11.07,-125.59,27.80,108.24,-1334.14,271.68
67,13,0.10822,12.00,-137.12,30.11,115.27,-1441.35,289.31
67,14,0.11661,12.92,-148.81,32.43,109.82,-1392.87,275.64
67,15,0.12494,13.84,-160.66,34.74,110.62,-1422.88,277.66
67,16,0.13330,14.75,-172.68,37.06,109.12,-1437.42,277.37
67,17,0.14157,15.63,-184.86,39.40,106.27,-1473.28,283.39
67,18,0.14999,16.51,-197.21,41.75,104.35,-1466.18,278.26
67,19,0.15836,17.39,-209.73,44.09,105.11,-1496.64,280.29
67,20,0.16745,18.27,-222.41,46.44,96.64,-1394.23,257.72
67,21,0.17496,19.17,-235.63,48.85,120.33,-1760.56,321.54
67,22,0.18332,20.05,-248.64,51.19,105.11,-1556.39,280.29
67,23,0.19147,20.93,-261.82,53.54,107.87,-1617.44,287.64
67,24,0.19989,21.81,-275.16,55.88,104.35,-1584.29,278.26
67,25,0.20819,22.69,-288.67,58.22,105.88,-1627.46,282.35
67,26,0.21658,23.57,-302.35,60.57,104.73,-1629.37,279.27
67,27,0.22479,24.44,-316.19,62.91,107.06,-1685.81,285.50
67,28,0.23322,25.48,-326.20,65.33,122.83,-1188.80,286.96
68,0,0.00000,0.00,0.00,0.00,246.18,-1117.50,-167.64
68,1,0.00845,2.04,-9.54,-1.43,241.52,-1128.95,-168.95
68,2,0.01666,4.08,-19.25,-2.86,248.70,-1182.62,-173.98
68,3,0.02499,6.12,-29.13,-4.28,245.05,-1185.10,-171.43
68,4,0.03333,8.17,-39.16,-5.71,245.05,-1204.90,-171.43
68,5,0.04175,10.21,-49.37,-7.14,242.39,-1211.40,-169.57
68,6,0.04996,12.25,-59.74,-8.57,248.70,-1263.02,-173.98
68,7,0.05850,14.29,-70.27,-10.00,238.93,-1232.71,-167.14
68,8,0.06665,16.33,-80.97,-11.43,250.56,-1312.98,-175.28
68,9,0.07501,18.37,-91.83,-12.85,244.16,-1299.17,-170.80
68,10,0.08322,20.42,-102.86,-14.28,248.70,-1343.42,-173.98
68,11,0.09161,22.46,-114.05,-15.71,243.27,-1333.77,-170.18
68,12,0.09995,24.50,-125.41,-17.14,245.05,-1363.35,-171.43
68,13,0.10825,26.54,-136.93,-18.57,245.96,-1388.24,-172.06
68,14,0.11655,28.58,-148.62,-20.00,245.96,-1408.11,-172.06
68,15,0.12503,30.62,-160.48,-21.42,240.65,-1397.17,-168.35
68,16,0.13324,32.67,-172.49,-22.85,249.44,-1464.02,-173.23
68,17,0.14157,34.75,-184.68,-24.24,249.82,-1462.37,-167.03
68,18,0.14984,36.83,-197.03,-25.63,251.66,-1493.11,-168.27
68,19,0.15833,38.92,-209.54,-27.02,245.32,-1474.97,-164.03
68,20,0.16660,41.00,-222.22,-28.41,251.66,-1533.02,-168.27
68,21,0.17505,43.08,-235.06,-29.80,246.21,-1519.33,-164.62
68,22,0.18341,45.16,-248.07,-31.20,248.91,-1555.70,-166.42
68,23,0.19177,47.24,-261.24,-32.59,248.91,-1575.43,-166.42
68,24,0.19998,49.32,-274.58,-33.98,253.53,-1624.81,-169.52
68,25,0.20840,51.40,-288.09,-35.37,247.10,-1603.20,-165.22
68,26,0.21725,53.41,-298.16,-36.47,227.24,-1138.22,-124.14
69,0,0.00000,0.00,0.00,0.00,262.69,-1149.21,-155.60
69,1,0.00827,2.13,-9.56,-1.29,257.20,-1156.44,-156.46
69,2,0.01669,4.25,-19.29,-2.59,252.54,-1155.08,-153.62
69,3,0.02515,6.38,-29.19,-3.88,251.62,-1170.43,-153.07
69,4,0.03336,8.51,-39.25,-5.18,259.11,-1225.33,-157.62
69,5,0.04169,10.64,-49.47,-6.47,255.31,-1227.19,-155.31
69,6,0.05008,12.76,-59.86,-7.76,253.45,-1237.92,-154.18
69,7,0.05835,14.89,-70.41,-9.06,257.20,-1276.14,-156.46
69,8,0.06677,17.02,-81.13,-10.35,252.54,-1272.62,-153.62
69,9,0.07568,19.14,-92.02,-11.65,238.70,-1221.40,-145.21
69,10,0.08350,21.27,-103.07,-12.94,272.27,-1414.28,-165.62
69,11,0.09177,23.40,-114.28,-14.23,257.20,-1355.95,-156.46
69,12,0.10022,25.52,-125.66,-15.53,251.62,-1346.10,-153.07
69,13,0.10843,27.65,-137.20,-16.82,259.11,-1406.23,-157.62
69,14,0.11691,29.78,-148.91,-18.12,250.72,-1380.15,-152.52
69,15,0.12540,31.91,-160.79,-19.41,250.72,-1399.60,-152.52
69,16,0.13364,34.05,-172.82,-20.69,259.63,-1461.10,-155.56
69,17,0.14185,36.21,-185.03,-21.95,263.94,-1486.63,-152.79
69,18,0.15021,38.38,-197.40,-23.20,259.12,-1479.23,-150.00
69,19,0.15854,40.55,-209.93,-24.45,260.07,-1504.46,-150.55
69,20,0.16669,42.71,-222.63,-25.71,265.92,-1558.52,-153.93
69,21,0.17499,44.88,-235.50,-26.96,261.03,-1549.75,-151.10
69,22,0.18390,47.05,-248.52,-28.22,243.15,-1462.11,-140.75
69,23,0.19156,49.21,-261.72,-29.47,282.87,-1722.49,-163.75
69,24,0.20007,51.38,-275.08,-30.73,254.48,-1569.00,-147.31
69,25,0.20822,53.55,-288.60,-31.98,265.92,-1659.77,-153.93
69,26,0.21661,55.52,-297.09,-33.21,234.91,-1011.03,-146.55
70,0,0.00000,0.00,0.00,0.00,-259.78,-1113.70,142.75
70,1,0.00839,-2.16,-9.55,1.23,-257.82,-1137.41,146.18
70,2,0.01675,-4.33,-19.26,2.45,-258.76,-1161.30,146.72
70,3,0.02499,-6.49,-29.13,3.68,-262.59,-1198.53,148.89
70,4,0.03326,-8.65,-39.17,4.91,-261.62,-1214.06,148.34
70,5,0.04163,-10.82,-49.38,6.13,-258.76,-1220.50,146.72
70,6,0.04999,-12.98,-59.75,7.36,-258.76,-1240.23,146.72
70,7,0.05832,-15.15,-70.28,8.59,-259.71,-1264.58,147.25
70,8,0.06662,-17.31,-80.98,9.81,-260.66,-1289.11,147.79
70,9,0.07501,-19.47,-91.85,11.04,-257.82,-1294.70,146.18
70,10,0.08334,-21.64,-102.88,12.27,-259.71,-1324.00,147.25
70,11,0.09161,-23.80,-114.09,13.50,-261.99,-1355.01,148.71
70,12,0.10001,-25.97,-125.45,14.72,-257.82,-1353.70,146.18
70,13,0.10831,-28.13,-136.97,15.95,-260.66,-1388.51,147.79
70,14,0.11664,-30.29,-148.66,17.18,-259.71,-1403.23,147.25
70,15,0.12518,-32.46,-160.52,18.41,-253.21,-1387.46,143.57
70,16,0.13333,-34.63,-172.54,19.62,-266.67,-1475.27,149.44
70,17,0.14172,-36.83,-184.73,20.81,-262.55,-1452.01,141.45
70,18,0.14996,-39.04,-197.08,22.00,-267.41,-1498.93,144.07
70,19,0.15829,-41.24,-209.59,23.18,-264.47,-1502.26,142.49
70,20,0.16660,-43.44,-222.27,24.37,-265.44,-1527.66,143.01
70,21,0.17502,-45.65,-235.12,25.56,-261.59,-1525.11,140.94
70,22,0.18335,-47.85,-248.13,26.75,-264.47,-1561.67,142.49
70,23,0.19159,-50.05,-261.31,27.93,-267.41,-1599.05,144.07
70,24,0.20001,-52.26,-274.65,29.12,-261.59,-1583.88,140.94
70,25,0.20880,-54.46,-288.15,30.31,-250.69,-1536.66,135.07
70,26,0.21655,-56.67,-301.82,31.49,-284.25,-1763.64,153.15
70,27,0.22491,-58.68,-312.58,32.39,-240.88,-1286.31,107.66
71,0,0.00000,0.00,0.00,0.00,-276.14,-1078.37,78.95
71,1,0.00803,-2.40,-9.58,0.72,-298.48,-1194.14,89.73
71,2,0.01633,-4.78,-19.29,1.44,-287.13,-1169.75,86.40
71,3,0.02466,-7.16,-29.17,2.15,-286.08,-1185.27,86.08
71,4,0.03302,-9.55,-39.21,2.87,-285.04,-1200.68,85.77
71,5,0.04129,-11.93,-49.41,3.59,-288.19,-1233.92,86.72
71,6,0.04965,-14.31,-59.78,4.31,-285.04,-1240.14,85.77
71,7,0.05801,-16.70,-70.32,5.02,-285.04,-1259.87,85.77
71,8,0.06696,-19.08,-81.02,5.74,-266.55,-1196.63,80.20
71,9,0.07480,-21.48,-91.93,6.46,-305.45,-1391.18,91.83
71,10,0.08307,-23.86,-102.96,7.18,-288.19,-1333.76,86.72
71,11,0.09128,-26.24,-114.16,7.89,-290.33,-1363.77,87.36
71,12,0.09970,-28.63,-125.52,8.61,-282.97,-1348.78,85.14
71,13,0.10794,-31.01,-137.04,9.33,-289.26,-1398.77,87.04
71,14,0.11636,-33.39,-148.73,10.05,-282.97,-1387.96,85.14
71,15,0.12466,-35.78,-160.59,10.76,-287.13,-1428.24,86.40
71,16,0.13303,-38.16,-172.61,11.47,-285.40,-1437.55,85.04
71,17,0.14133,-40.57,-184.79,12.15,-290.44,-1468.00,80.88
71,18,0.14975,-42.98,-197.14,12.82,-286.23,-1466.32,79.71
71,19,0.15796,-45.39,-209.66,13.49,-293.68,-1524.57,81.78
71,20,0.16644,-47.81,-222.34,14.16,-284.17,-1494.66,79.14
71,21,0.17523,-50.22,-235.19,14.83,-274.31,-1461.54,76.39
71,22,0.18295,-52.63,-248.20,15.50,-312.25,-1685.10,86.96
71,23,0.19122,-55.04,-261.37,16.17,-291.51,-1593.13,81.18
71,24,0.19968,-57.45,-274.71,16.85,-285.20,-1578.14,79.42
71,25,0.20789,-59.86,-288.22,17.52,-293.68,-1645.17,81.78
71,26,0.21631,-62.27,-301.89,18.19,-286.23,-1623.03,79.71
71,27,0.22461,-64.70,-314.32,18.91,-293.01,-1497.83,86.76
72,0,0.00000,0.00,0.00,0.00,-80.15,-1131.55,-290.07
72,1,0.01111,-1.05,-14.54,-3.62,-94.23,-1308.87,-325.82
72,2,0.01938,-1.74,-24.35,-6.01,-83.76,-1185.89,-289.30
72,3,0.02740,-2.43,-34.32,-8.40,-86.31,-1242.52,-298.10
72,4,0.03668,-3.12,-44.46,-10.80,-74.67,-1092.73,-257.89
72,5,0.04391,-3.82,-54.78,-13.19,-95.78,-1427.58,-331.22
72,6,0.05231,-4.51,-65.25,-15.59,-82.55,-1247.33,-285.09
72,7,0.06049,-5.20,-75.88,-17.98,-84.70,-1300.08,-292.54
72,8,0.06879,-5.90,-86.68,-20.37,-83.46,-1300.84,-288.24
72,9,0.07764,-6.59,-97.64,-22.76,-78.28,-1238.75,-270.34
72,10,0.08521,-7.28,-108.77,-25.16,-91.53,-1470.33,-316.13
72,11,0.09369,-7.97,-120.07,-27.55,-81.65,-1331.12,-282.01
72,12,0.10208,-8.67,-131.52,-29.94,-82.55,-1365.30,-285.09
72,13,0.11008,-9.36,-143.15,-32.33,-86.64,-1453.68,-299.24
72,14,0.11865,-10.05,-154.93,-34.73,-80.78,-1374.63,-279.00
72,15,0.12680,-10.75,-166.89,-37.12,-85.02,-1466.96,-293.63
72,16,0.13535,-11.40,-179.01,-39.53,-76.79,-1418.16,-282.50
72,17,0.14346,-12.05,-191.29,-41.95,-79.70,-1513.12,-298.12
72,18,0.15192,-12.70,-203.74,-44.37,-76.53,-1472.55,-286.28
72,19,0.16016,-13.34,-216.35,-46.79,-78.52,-1530.76,-293.70
72,20,0.16858,-13.99,-229.13,-49.21,-76.81,-1517.07,-287.32
72,21,0.17688,-14.64,-242.07,-51.63,-77.94,-1559.26,-291.54
72,22,0.18549,-15.28,-255.18,-54.05,-75.18,-1523.14,-281.21
72,23,0.19370,-15.93,-268.45,-56.47,-78.81,-1616.85,-294.80
72,24,0.20203,-16.58,-281.89,-58.89,-77.66,-1612.96,-290.48
72,25,0.21048,-17.22,-295.49,-61.31,-76.53,-1609.19,-286.28
72,26,0.21869,-17.87,-309.26,-63.73,-78.81,-1677.15,-294.80
72,27,0.22690,-18.69,-320.83,-66.20,-99.63,-1408.94,-300.00
73,0,0.00000,0.00,0.00,0.00,13.65,-1132.11,-301.85
73,1,0.00836,0.07,-9.53,-2.49,8.76,-1139.45,-297.45
73,2,0.01691,0.15,-19.22,-4.97,8.57,-1134.34,-291.07
73,3,0.02499,0.22,-29.08,-7.46,9.06,-1218.95,-307.55
73,4,0.03366,0.29,-39.10,-9.95,8.45,-1156.44,-286.97
73,5,0.04196,0.37,-49.29,-12.44,8.82,-1227.34,-299.63
73,6,0.05014,0.44,-59.64,-14.92,8.96,-1265.83,-304.10
73,7,0.05847,0.51,-70.16,-17.41,8.79,-1262.45,-298.53
73,8,0.06674,0.59,-80.84,-19.90,8.86,-1291.72,-300.74
73,9,0.07501,0.66,-91.69,-22.38,8.86,-1311.67,-300.74
73,10,0.08344,0.73,-102.70,-24.87,8.70,-1307.50,-295.29
73,11,0.09158,0.81,-113.88,-27.36,8.99,-1371.83,-305.24
73,12,0.10016,0.88,-125.22,-29.85,8.54,-1322.72,-290.04
73,13,0.10840,0.95,-136.73,-32.33,8.89,-1396.63,-301.85
73,14,0.11691,1.03,-148.41,-34.82,8.60,-1370.96,-292.11
73,15,0.12521,1.10,-160.24,-37.31,8.82,-1426.12,-299.63
73,16,0.13342,1.17,-172.25,-39.79,8.92,-1462.12,-302.97
73,17,0.14166,1.30,-184.41,-42.29,15.19,-1476.73,-303.33
73,18,0.15073,1.42,-196.75,-44.79,13.80,-1360.69,-275.76
73,19,0.15854,1.55,-209.24,-47.29,16.02,-1599.73,-319.92
73,20,0.16684,1.67,-221.91,-49.79,15.07,-1525.51,-301.10
73,21,0.17542,1.80,-234.74,-52.29,14.59,-1495.89,-291.46
73,22,0.18344,1.92,-247.73,-54.79,15.59,-1618.83,-311.41
73,23,0.19180,2.05,-260.89,-57.29,14.96,-1573.57,-298.91
73,24,0.19998,2.17,-274.21,-59.79,15.30,-1628.98,-305.60
73,25,0.20880,2.30,-287.70,-62.29,14.19,-1529.32,-283.39
73,26,0.21716,1.90,-291.89,-64.22,-47.81,-501.70,-231.39
74,0,0.00000,0.00,0.00,0.00,87.78,-1136.73,290.37
74,1,0.00851,0.76,-9.54,2.37,88.89,-1120.00,278.85
74,2,0.01666,1.51,-19.23,4.75,92.88,-1190.01,291.01
74,3,0.02518,2.27,-29.09,7.12,88.89,-1158.21,278.49
74,4,0.03345,3.03,-39.12,9.49,91.51,-1212.35,286.72
74,5,0.04178,3.78,-49.31,11.86,90.84,-1223.27,284.62
74,6,0.05005,4.54,-59.68,14.23,91.88,-1253.13,287.08
74,7,0.05847,5.30,-70.20,16.60,89.86,-1249.17,281.52
74,8,0.06671,6.06,-80.89,18.98,91.85,-1297.12,287.78
74,9,0.07504,6.81,-91.74,21.35,90.84,-1302.51,284.62
74,10,0.08337,7.57,-102.75,23.72,90.84,-1322.32,284.62
74,11,0.09177,8.33,-113.94,26.09,90.18,-1332.38,282.55
74,12,0.10001,9.09,-125.28,28.46,91.85,-1377.06,287.78
74,13,0.10840,9.84,-136.79,30.83,90.18,-1371.68,282.55
74,14,0.11664,10.60,-148.47,33.20,91.85,-1417.25,287.78
74,15,0.12503,11.36,-160.31,35.57,90.18,-1411.01,282.55
74,16,0.13333,12.11,-172.32,37.95,90.81,-1446.45,285.66
74,17,0.14236,12.82,-184.49,40.34,78.72,-1347.44,265.54
74,18,0.14990,13.53,-196.83,42.74,94.33,-1636.63,318.22
74,19,0.15839,14.24,-209.33,45.14,83.81,-1473.58,282.73
74,20,0.16660,14.95,-222.00,47.54,86.62,-1542.98,292.19
74,21,0.17496,15.66,-234.83,49.94,85.04,-1534.55,286.86
74,22,0.18335,16.38,-247.82,52.34,84.73,-1548.64,285.82
74,23,0.19162,17.09,-260.99,54.74,85.98,-1591.45,290.04
74,24,0.19998,17.80,-274.31,57.14,85.04,-1593.75,286.86
74,25,0.20831,18.51,-287.80,59.53,85.35,-1619.40,287.91
74,26,0.21655,19.22,-301.46,61.93,86.30,-1657.42,291.11
74,27,0.22491,19.32,-306.26,64.71,11.68,-574.00,331.75
75,0,0.00000,0.00,0.00,0.00,85.56,-1109.36,282.67
75,1,0.00830,0.76,-9.54,2.37,91.18,-1149.63,285.66
75,2,0.01721,1.51,-19.25,4.74,84.93,-1089.41,266.10
75,3,0.02502,2.27,-29.12,7.11,96.88,-1263.73,303.52
75,4,0.03336,3.03,-39.16,9.48,90.84,-1204.84,284.62
75,5,0.04166,3.78,-49.36,11.86,91.18,-1229.14,285.66
75,6,0.05005,4.54,-59.73,14.23,90.18,-1235.40,282.55
75,7,0.05826,5.30,-70.27,16.60,92.19,-1283.05,288.85
75,8,0.06668,6.05,-80.96,18.97,89.86,-1270.10,281.52
75,9,0.07498,6.81,-91.83,21.34,91.18,-1308.66,285.66
75,10,0.08322,7.57,-102.85,23.71,91.85,-1338.38,287.78
75,11,0.09137,8.33,-114.05,26.08,92.88,-1373.67,291.01
75,12,0.09967,9.08,-125.40,28.45,91.18,-1368.29,285.66
75,13,0.10794,9.84,-136.93,30.83,91.51,-1393.29,286.72
75,14,0.11639,10.60,-148.62,33.20,89.53,-1382.63,280.51
75,15,0.12503,11.35,-160.47,35.57,87.63,-1372.42,274.56
75,16,0.13306,12.10,-172.49,37.94,93.54,-1497.35,295.82
75,17,0.14145,12.82,-184.71,40.35,85.09,-1456.07,286.91
75,18,0.14963,13.53,-197.05,42.75,86.94,-1509.82,293.28
75,19,0.15793,14.24,-209.57,45.15,85.66,-1507.50,288.97
75,20,0.16632,14.95,-222.25,47.55,84.73,-1510.71,285.82
75,21,0.17468,15.66,-235.09,49.95,85.04,-1535.96,286.86
75,22,0.18298,16.37,-248.10,52.34,85.66,-1567.13,288.97
75,23,0.19125,17.08,-261.27,54.74,85.98,-1592.86,290.04
75,24,0.19965,17.79,-274.61,57.14,84.73,-1589.36,285.82
75,25,0.20798,18.51,-288.11,59.54,85.35,-1620.81,287.91
75,26,0.21631,19.22,-301.78,61.94,85.35,-1640.61,287.91
75,27,0.22467,19.93,-315.61,64.34,85.04,-1654.36,286.86
75,28,0.23294,20.70,-317.65,67.02,93.73,-246.28,324.35
76,0,0.00000,0.00,0.00,0.00,-16.67,-1043.53,-277.89
76,1,0.00778,-0.18,-9.53,-2.48,-23.14,-1224.34,-319.22
76,2,0.01608,-0.36,-19.22,-4.97,-21.69,-1167.69,-299.26
76,3,0.02448,-0.54,-29.08,-7.45,-21.45,-1174.61,-296.00
76,4,0.03287,-0.72,-39.10,-9.94,-21.45,-1194.28,-296.00
76,5,0.04117,-0.90,-49.29,-12.42,-21.69,-1227.33,-299.26
76,6,0.04947,-1.08,-59.64,-14.90,-21.69,-1247.20,-299.26
76,7,0.05780,-1.26,-70.16,-17.39,-21.61,-1262.44,-298.17
76,8,0.06616,-1.44,-80.84,-19.87,-21.53,-1277.57,-297.08
76,9,0.07452,-1.62,-91.69,-22.36,-21.53,-1297.30,-297.08
76,10,0.08298,-1.80,-102.70,-24.84,-21.30,-1302.77,-293.86
76,11,0.09106,-1.98,-113.88,-27.33,-22.26,-1382.16,-307.17
76,12,0.09952,-2.16,-125.22,-29.81,-21.30,-1341.81,-293.86
76,13,0.10840,-2.34,-136.73,-32.29,-20.27,-1295.83,-279.73
76,14,0.11615,-2.52,-148.40,-34.78,-23.23,-1505.88,-320.47
76,15,0.12442,-2.70,-160.24,-37.26,-21.77,-1431.56,-300.37
76,16,0.13281,-2.87,-172.25,-39.75,-20.36,-1430.21,-296.36
76,17,0.14108,-3.00,-184.41,-42.25,-15.50,-1471.27,-302.21
76,18,0.14938,-3.13,-196.75,-44.75,-15.44,-1485.74,-301.10
76,19,0.15771,-3.26,-209.24,-47.25,-15.38,-1500.10,-300.00
76,20,0.16605,-3.38,-221.91,-49.75,-15.38,-1519.91,-300.00
76,21,0.17435,-3.51,-234.74,-52.25,-15.44,-1545.38,-301.10
76,22,0.18292,-3.64,-247.73,-54.75,-14.95,-1515.12,-291.46
76,23,0.19095,-3.77,-260.89,-57.24,-15.97,-1639.38,-311.41
76,24,0.19937,-3.90,-274.21,-59.74,-15.22,-1581.75,-296.74
76,25,0.20770,-4.05,-286.46,-62.33,-18.32,-1470.55,-309.89
77,0,0.00000,0.00,0.00,0.00,-15.49,-1033.00,-275.42
77,1,0.00769,-0.18,-9.53,-2.48,-23.41,-1238.92,-323.02
77,2,0.01599,-0.36,-19.22,-4.97,-21.69,-1167.70,-299.26
77,3,0.02451,-0.54,-29.08,-7.45,-21.15,-1157.78,-291.76
77,4,0.03275,-0.72,-39.10,-9.94,-21.85,-1216.40,-301.48
77,5,0.04099,-0.90,-49.29,-12.42,-21.85,-1236.43,-301.48
77,6,0.04935,-1.08,-59.64,-14.90,-21.53,-1238.11,-297.08
77,7,0.05762,-1.26,-70.16,-17.39,-21.77,-1271.77,-300.37
77,8,0.06613,-1.44,-80.84,-19.87,-21.15,-1254.68,-291.76
77,9,0.07443,-1.62,-91.69,-22.36,-21.69,-1306.85,-299.26
77,10,0.08276,-1.80,-102.70,-24.84,-21.61,-1321.87,-298.17
77,11,0.09103,-1.98,-113.88,-27.33,-21.77,-1351.57,-300.37
77,12,0.10010,-2.16,-125.22,-29.81,-19.87,-1251.46,-274.07
77,13,0.10764,-2.34,-136.73,-32.29,-23.89,-1526.68,-329.55
77,14,0.11615,-2.52,-148.40,-34.78,-21.15,-1370.96,-291.76
77,15,0.12427,-2.70,-160.24,-37.26,-22.18,-1458.28,-306.02
77,16,0.13263,-2.88,-172.25,-39.75,-21.53,-1435.44,-297.08
77,17,0.14096,-3.01,-184.41,-42.25,-15.38,-1460.50,-300.00
77,18,0.14932,-3.14,-196.75,-44.74,-15.33,-1474.90,-298.91
77,19,0.15762,-3.27,-209.24,-47.24,-15.44,-1505.63,-301.10
77,20,0.16602,-3.39,-221.91,-49.74,-15.27,-1508.86,-297.82
77,21,0.17435,-3.52,-234.74,-52.24,-15.38,-1539.72,-300.00
77,22,0.18277,-3.65,-247.73,-54.74,-15.22,-1542.58,-296.74
77,23,0.19095,-3.78,-260.89,-57.24,-15.67,-1608.80,-305.60
77,24,0.19928,-3.91,-274.21,-59.74,-15.38,-1599.14,-300.00
77,25,0.20761,-4.03,-287.70,-62.24,-15.38,-1618.94,-300.00
77,26,0.21582,-4.16,-301.35,-64.74,-15.61,-1663.12,-304.46
77,27,0.22418,-4.35,-311.05,-67.03,-21.90,-1159.65,-273.36
78,0,0.00000,0.00,0.00,0.00,-123.38,-1105.72,-267.27
78,1,0.00824,-1.07,-9.55,-2.25,-130.00,-1158.51,-272.59
78,2,0.01654,-2.14,-19.26,-4.49,-129.04,-1169.87,-270.59
78,3,0.02490,-3.21,-29.13,-6.74,-128.10,-1181.06,-268.61
78,4,0.03326,-4.28,-39.17,-8.98,-128.10,-1200.80,-268.61
78,5,0.04150,-5.36,-49.38,-11.23,-130.00,-1238.61,-272.59
78,6,0.04993,-6.43,-59.75,-13.48,-127.17,-1231.28,-266.67
78,7,0.05823,-7.50,-70.29,-15.72,-129.04,-1269.26,-270.59
78,8,0.06659,-8.57,-80.99,-17.97,-128.10,-1279.73,-268.61
78,9,0.07489,-9.64,-91.85,-20.21,-129.04,-1309.02,-270.59
78,10,0.08325,-10.71,-102.88,-22.46,-128.10,-1319.19,-268.61
78,11,0.09149,-11.78,-114.08,-24.71,-130.00,-1358.76,-272.59
78,12,0.09991,-12.85,-125.44,-26.95,-127.17,-1348.81,-266.67
78,13,0.10815,-13.93,-136.97,-29.20,-130.00,-1398.81,-272.59
78,14,0.11658,-15.00,-148.66,-31.45,-127.17,-1387.99,-266.67
78,15,0.12488,-16.07,-160.51,-33.69,-129.04,-1428.28,-270.59
78,16,0.13324,-17.13,-172.53,-35.95,-126.64,-1437.59,-269.71
78,17,0.14154,-18.15,-184.72,-38.23,-123.90,-1468.04,-275.00
78,18,0.14990,-19.18,-197.07,-40.51,-122.99,-1477.06,-272.99
78,19,0.15826,-20.21,-209.59,-42.79,-122.99,-1496.79,-272.99
78,20,0.16656,-21.24,-222.27,-45.08,-123.90,-1527.67,-275.00
78,21,0.17480,-22.27,-235.11,-47.36,-124.81,-1559.02,-277.04
78,22,0.18341,-23.30,-248.12,-49.64,-119.50,-1511.85,-265.25
78,23,0.19153,-24.33,-261.30,-51.93,-126.69,-1623.11,-281.20
78,24,0.19989,-25.35,-274.64,-54.21,-122.99,-1595.45,-272.99
78,25,0.20813,-26.38,-288.15,-56.49,-124.81,-1639.12,-277.04
78,26,0.21661,-27.41,-301.82,-58.77,-121.22,-1611.40,-269.06
78,27,0.22485,-28.44,-315.65,-61.06,-124.81,-1679.17,-277.04
78,28,0.23322,-29.79,-323.29,-63.18,-160.95,-912.67,-253.65
79,0,0.00000,0.00,0.00,0.00,146.74,-1111.68,-257.97
79,1,0.00830,1.20,-9.53,-2.18,144.12,-1147.90,-262.87
79,2,0.01672,2.39,-19.22,-4.36,142.03,-1150.85,-259.06
79,3,0.02496,3.59,-29.08,-6.55,145.19,-1196.46,-264.81
79,4,0.03333,4.79,-39.10,-8.73,143.07,-1198.72,-260.95
79,5,0.04175,5.98,-49.29,-10.91,142.03,-1209.62,-259.06
79,6,0.05011,7.18,-59.65,-13.09,143.07,-1238.19,-260.95
79,7,0.05835,8.37,-70.16,-15.27,145.19,-1276.56,-264.81
79,8,0.06671,9.57,-80.85,-17.46,143.07,-1277.65,-260.95
79,9,0.07495,10.77,-91.70,-19.64,145.19,-1316.61,-264.81
79,10,0.08331,11.96,-102.71,-21.82,143.07,-1317.12,-260.95
79,11,0.09167,13.16,-113.89,-24.00,143.07,-1336.85,-260.95
79,12,0.10004,14.36,-125.23,-26.18,143.07,-1356.58,-260.95
79,13,0.10834,15.55,-136.74,-28.37,144.12,-1386.44,-262.87
79,14,0.11664,16.75,-148.41,-30.55,144.12,-1406.32,-262.87
79,15,0.12500,17.94,-160.25,-32.73,143.07,-1415.78,-260.95
79,16,0.13330,19.14,-172.26,-34.91,144.12,-1446.07,-262.87
79,17,0.14166,20.39,-184.42,-37.08,149.27,-1455.25,-259.49
79,18,0.15002,21.64,-196.76,-39.25,149.27,-1474.98,-259.49
79,19,0.15826,22.89,-209.26,-41.42,151.48,-1516.86,-263.33
79,20,0.16663,24.13,-221.92,-43.59,149.27,-1514.45,-259.49
79,21,0.17493,25.38,-234.75,-45.76,150.37,-1545.46,-261.40
79,22,0.18329,26.63,-247.74,-47.93,149.27,-1553.91,-259.49
79,23,0.19159,27.88,-260.90,-50.10,150.37,-1585.22,-261.40
79,24,0.20001,29.13,-274.22,-52.27,148.19,-1581.83,-257.61
79,25,0.20819,30.37,-287.71,-54.44,152.61,-1649.23,-265.30
79,26,0.21661,31.72,-291.97,-56.54,159.78,-504.89,-248.91
80,0,0.00000,0.00,0.00,0.00,-20.12,-1090.58,304.23
80,1,0.00763,-0.13,-9.98,2.48,-17.60,-1307.57,325.60
80,2,0.01593,-0.27,-20.12,4.97,-16.18,-1221.69,299.26
80,3,0.02393,-0.40,-30.42,7.45,-16.79,-1288.95,310.69
80,4,0.03259,-0.54,-40.89,9.94,-15.49,-1208.14,286.62
80,5,0.04059,-0.67,-51.53,12.42,-16.79,-1330.23,310.69
80,6,0.04895,-0.81,-62.33,14.90,-16.06,-1291.70,297.08
80,7,0.05682,-0.94,-73.30,17.39,-17.05,-1392.76,315.50
80,8,0.06500,-1.07,-84.43,19.87,-16.42,-1360.97,303.73
80,9,0.07361,-1.21,-95.72,22.36,-15.60,-1312.58,288.65
80,10,0.08173,-1.34,-107.18,24.84,-16.54,-1411.86,306.02
80,11,0.09045,-1.48,-118.81,27.33,-15.38,-1332.03,284.62
80,12,0.09839,-1.61,-130.60,29.81,-16.92,-1486.03,313.08
80,13,0.10687,-1.75,-142.56,32.29,-15.83,-1409.26,292.81
80,14,0.11530,-1.93,-154.68,34.79,-21.38,-1439.06,296.01
80,15,0.12360,-2.11,-166.96,37.28,-22.79,-1480.10,300.74
80,16,0.13165,-2.30,-179.42,39.78,-23.48,-1545.43,309.85
80,17,0.13995,-2.49,-192.03,42.28,-22.79,-1519.86,300.74
80,18,0.14832,-2.68,-204.81,44.77,-22.63,-1528.50,298.54
80,19,0.15686,-2.87,-217.76,47.27,-22.14,-1515.05,292.14
80,20,0.16516,-3.06,-230.87,49.77,-22.79,-1579.49,300.74
80,21,0.17358,-3.25,-244.15,52.26,-22.46,-1576.19,296.38
80,22,0.18176,-3.44,-257.59,54.76,-23.13,-1643.42,305.22
80,23,0.18994,-3.63,-271.19,57.25,-23.13,-1663.59,305.22
80,24,0.19843,-3.82,-285.04,59.76,-22.30,-1631.78,295.68
80,25,0.20673,-4.01,-298.97,62.26,-22.79,-1678.99,300.74
80,26,0.21527,-4.65,-304.88,63.86,-75.00,-690.83,187.86
81,0,0.00000,0.00,0.00,0.00,222.89,-1081.37,183.10
81,1,0.00787,1.95,-9.54,1.55,247.29,-1211.31,196.90
81,2,0.01636,3.89,-19.24,3.10,229.50,-1143.61,182.73
81,3,0.02460,5.84,-29.11,4.65,236.30,-1197.52,188.15
81,4,0.03302,7.79,-39.14,6.20,231.16,-1191.08,184.06
81,5,0.04126,9.74,-49.34,7.75,236.30,-1237.57,188.15
81,6,0.04956,11.68,-59.70,9.30,234.56,-1248.35,186.76
81,7,0.05780,13.63,-70.23,10.85,236.30,-1277.62,188.15
81,8,0.06622,15.58,-80.92,12.40,231.16,-1269.44,184.06
81,9,0.07446,17.52,-91.78,13.95,236.30,-1317.67,188.15
81,10,0.08289,19.47,-102.80,15.50,231.16,-1308.62,184.06
81,11,0.09155,21.42,-113.99,17.05,224.65,-1290.79,178.87
81,12,0.09961,23.36,-125.34,18.60,241.67,-1409.06,192.42
81,13,0.10791,25.31,-136.85,20.15,234.56,-1387.50,186.76
81,14,0.11615,27.26,-148.54,21.70,236.30,-1417.80,188.15
81,15,0.12463,29.21,-160.38,23.25,229.50,-1396.45,182.73
81,16,0.13287,31.15,-172.40,24.81,235.93,-1457.85,188.52
81,17,0.14154,33.07,-184.57,26.41,221.83,-1405.02,184.86
81,18,0.15002,34.99,-196.92,28.01,226.62,-1454.79,188.85
81,19,0.15790,36.92,-209.42,29.61,244.19,-1588.53,203.49
81,20,0.16608,38.84,-222.10,31.22,235.07,-1549.43,195.90
81,21,0.17444,40.76,-234.93,32.82,229.93,-1535.23,191.61
81,22,0.18274,42.68,-247.94,34.42,231.62,-1566.40,193.01
81,23,0.19147,44.69,-261.69,36.09,230.07,-1576.30,191.61
81,24,0.20007,46.62,-275.03,37.70,223.40,-1550.05,186.17
81,25,0.20825,48.54,-288.54,39.30,235.07,-1651.20,195.90
81,26,0.21661,50.46,-302.21,40.90,229.93,-1634.77,191.61
81,27,0.22498,52.39,-314.88,42.47,231.02,-1514.99,187.23
82,0,0.00000,0.00,0.00,0.00,274.25,-1145.50,-134.70
82,1,0.00830,2.22,-9.53,-1.13,267.28,-1148.54,-136.03
82,2,0.01685,4.44,-19.23,-2.26,259.64,-1135.03,-132.14
82,3,0.02490,6.66,-29.10,-3.39,275.38,-1224.30,-140.15
82,4,0.03339,8.87,-39.13,-4.52,261.51,-1182.10,-133.09
82,5,0.04175,11.09,-49.32,-5.65,265.33,-1219.09,-135.04
82,6,0.04987,13.31,-59.68,-6.77,273.31,-1276.07,-139.10
82,7,0.05829,15.53,-70.20,-7.90,263.41,-1249.43,-134.06
82,8,0.06641,17.75,-80.89,-9.03,273.31,-1316.73,-139.10
82,9,0.07483,19.97,-91.74,-10.16,263.41,-1288.61,-134.06
82,10,0.08331,22.19,-102.76,-11.29,261.51,-1298.79,-133.09
82,11,0.09161,24.40,-113.95,-12.42,267.28,-1347.32,-136.03
82,12,0.09998,26.62,-125.30,-13.55,265.33,-1357.22,-135.04
82,13,0.10834,28.84,-136.81,-14.68,265.33,-1376.95,-135.04
82,14,0.11658,31.06,-148.49,-15.81,269.26,-1417.37,-137.04
82,15,0.12482,33.28,-160.33,-16.94,269.26,-1437.40,-137.04
82,16,0.13361,35.50,-172.34,-18.06,252.78,-1366.33,-128.12
82,17,0.14142,37.76,-184.51,-19.15,288.67,-1558.25,-139.45
82,18,0.14972,40.01,-196.85,-20.24,271.69,-1486.46,-131.25
82,19,0.15814,42.27,-209.36,-21.33,267.75,-1484.51,-129.35
82,20,0.16669,44.52,-222.03,-22.42,263.93,-1482.61,-127.50
82,21,0.17474,46.78,-234.86,-23.51,279.92,-1592.95,-135.23
82,22,0.18311,49.03,-247.86,-24.60,269.71,-1554.54,-130.29
82,23,0.19141,51.29,-261.02,-25.69,271.69,-1585.85,-131.25
82,24,0.19977,53.54,-274.35,-26.78,269.71,-1594.01,-130.29
82,25,0.20825,55.80,-287.84,-27.87,265.83,-1590.52,-128.42
82,26,0.21655,57.99,-297.14,-28.76,263.97,-1119.49,-107.72
83,0,0.00000,0.00,0.00,0.00,-71.38,-1058.24,-273.45
83,1,0.00793,-0.67,-9.53,-2.40,-83.85,-1201.14,-302.31
83,2,0.01630,-1.33,-19.23,-4.80,-79.56,-1159.50,-286.86
83,3,0.02454,-2.00,-29.09,-7.20,-80.74,-1196.70,-291.11
83,4,0.03302,-2.66,-39.11,-9.59,-78.42,-1181.71,-282.73
83,5,0.04114,-3.33,-49.30,-11.99,-81.95,-1255.35,-295.49
83,6,0.04944,-3.99,-59.66,-14.39,-80.15,-1247.54,-288.97
83,7,0.05792,-4.66,-70.18,-16.79,-78.42,-1240.06,-282.73
83,8,0.06616,-5.32,-80.86,-19.19,-80.74,-1296.83,-291.11
83,9,0.07452,-5.99,-91.71,-21.59,-79.56,-1297.63,-286.86
83,10,0.08282,-6.65,-102.73,-23.99,-80.15,-1327.05,-288.97
83,11,0.09113,-7.32,-113.91,-26.39,-80.15,-1346.92,-288.97
83,12,0.09961,-7.98,-125.26,-28.78,-78.42,-1337.30,-282.73
83,13,0.10797,-8.65,-136.77,-31.18,-79.56,-1376.56,-286.86
83,14,0.11615,-9.31,-148.44,-33.58,-81.34,-1427.55,-293.28
83,15,0.12463,-9.98,-160.28,-35.98,-78.42,-1395.65,-282.73
83,16,0.13287,-10.64,-172.29,-38.38,-80.74,-1457.03,-291.11
83,17,0.14124,-11.26,-184.46,-40.81,-73.72,-1455.49,-290.15
83,18,0.14948,-11.88,-196.79,-43.23,-74.81,-1497.08,-294.44
83,19,0.15833,-12.49,-209.30,-45.66,-69.66,-1412.48,-274.14
83,20,0.16669,-13.11,-221.96,-48.08,-73.72,-1514.69,-290.15
83,21,0.17462,-13.73,-234.79,-50.51,-77.69,-1617.04,-305.77
83,22,0.18304,-14.34,-247.79,-52.94,-73.19,-1542.89,-288.04
83,23,0.19122,-14.96,-260.95,-55.36,-75.37,-1609.12,-296.64
83,24,0.19952,-15.58,-274.27,-57.79,-74.26,-1605.34,-292.28
83,25,0.20795,-16.19,-287.76,-60.21,-73.19,-1601.66,-288.04
83,26,0.21613,-16.81,-301.42,-62.64,-75.37,-1669.65,-296.64
83,27,0.22443,-17.43,-315.24,-65.07,-74.26,-1664.97,-292.28
83,28,0.23285,-18.63,-318.36,-66.51,-143.12,-370.25,-171.01
84,0,0.00000,0.00,0.00,0.00,-279.86,-1065.29,-50.69
84,1,0.00800,-2.46,-9.53,-0.40,-307.25,-1191.64,-50.38
84,2,0.01648,-4.91,-19.22,-0.81,-289.57,-1142.50,-47.48
84,3,0.02496,-7.37,-29.08,-1.21,-289.57,-1161.95,-47.48
84,4,0.03302,-9.83,-39.10,-1.61,-304.92,-1244.05,-50.00
84,5,0.04126,-12.28,-49.29,-2.01,-298.15,-1236.43,-48.89
84,6,0.04993,-14.74,-59.64,-2.42,-283.45,-1194.52,-46.48
84,7,0.05798,-17.20,-70.16,-2.82,-304.92,-1305.49,-50.00
84,8,0.06641,-19.65,-80.84,-3.22,-291.67,-1268.32,-47.83
84,9,0.07477,-22.11,-91.69,-3.63,-293.80,-1297.31,-48.18
84,10,0.08307,-24.57,-102.70,-4.03,-295.96,-1326.73,-48.53
84,11,0.09149,-27.02,-113.88,-4.43,-291.67,-1327.09,-47.83
84,12,0.09973,-29.48,-125.22,-4.83,-298.15,-1376.61,-48.89
84,13,0.10803,-31.94,-136.73,-5.24,-295.96,-1386.36,-48.53
84,14,0.11682,-34.39,-148.41,-5.64,-279.51,-1328.12,-45.83
84,15,0.12482,-36.85,-160.24,-6.04,-307.25,-1480.55,-50.38
84,16,0.13318,-39.31,-172.25,-6.45,-293.80,-1435.44,-48.18
84,17,0.14160,-41.77,-184.41,-6.90,-292.03,-1444.63,-54.35
84,18,0.14960,-44.23,-196.75,-7.36,-307.63,-1542.46,-57.25
84,19,0.15784,-46.69,-209.24,-7.82,-298.52,-1516.78,-55.56
84,20,0.16626,-49.15,-221.91,-8.28,-292.03,-1503.40,-54.35
84,21,0.17462,-51.61,-234.74,-8.73,-294.16,-1534.11,-54.74
84,22,0.18311,-54.06,-247.73,-9.19,-289.93,-1531.48,-53.96
84,23,0.19135,-56.52,-260.89,-9.65,-298.52,-1596.89,-55.56
84,24,0.19971,-58.98,-274.21,-10.11,-294.16,-1593.31,-54.74
84,25,0.20795,-61.44,-287.70,-10.57,-298.52,-1636.94,-55.56
84,26,0.21631,-63.32,-288.01,-10.59,-224.45,-37.74,-2.92
85,0,0.00000,0.00,0.00,0.00,105.51,-1129.91,280.51
85,1,0.00842,0.88,-9.54,2.33,103.99,-1133.13,276.45
85,2,0.01678,1.75,-19.25,4.66,104.74,-1161.13,278.47
85,3,0.02502,2.63,-29.13,6.99,106.30,-1198.36,282.59
85,4,0.03320,3.50,-39.17,9.31,107.09,-1227.47,284.70
85,5,0.04163,4.38,-49.37,11.64,103.99,-1211.49,276.45
85,6,0.04980,5.26,-59.74,13.97,107.09,-1267.82,284.70
85,7,0.05823,6.13,-70.27,16.30,103.99,-1250.67,276.45
85,8,0.06635,7.01,-80.97,18.63,107.89,-1318.01,286.84
85,9,0.07477,7.88,-91.84,20.96,103.99,-1289.85,276.45
85,10,0.08319,8.76,-102.87,23.28,103.99,-1309.43,276.45
85,11,0.09143,9.63,-114.06,25.61,106.30,-1358.56,282.59
85,12,0.09991,10.51,-125.42,27.94,103.24,-1338.91,274.46
85,13,0.10846,11.39,-136.94,30.27,102.50,-1348.66,272.50
85,14,0.11664,12.26,-148.63,32.60,107.09,-1429.22,284.70
85,15,0.12494,13.14,-160.49,34.93,105.51,-1428.08,280.51
85,16,0.13318,13.97,-172.51,37.29,101.11,-1458.68,286.30
85,17,0.14142,14.80,-184.69,39.65,101.11,-1478.71,286.30
85,18,0.15002,15.64,-197.04,42.00,96.81,-1434.96,274.11
85,19,0.15833,16.47,-209.55,44.36,100.37,-1507.59,284.19
85,20,0.16663,17.30,-222.23,46.72,100.37,-1527.47,284.19
85,21,0.17517,18.14,-235.08,49.08,97.50,-1503.14,276.07
85,22,0.18335,18.97,-248.09,51.44,101.87,-1590.62,288.43
85,23,0.19165,19.80,-261.26,53.80,100.37,-1587.11,284.19
85,24,0.20007,20.64,-274.60,56.16,98.91,-1583.69,280.07
85,25,0.20825,21.47,-288.10,58.52,101.87,-1651.14,288.43
85,26,0.21692,22.30,-301.77,60.88,96.13,-1577.16,272.18
85,27,0.22498,24.51,-302.79,64.04,273.86,-126.46,392.80
86,0,0.00000,0.00,0.00,0.00,276.79,-1095.71,-95.00
86,1,0.00806,2.34,-9.53,-0.85,290.53,-1182.60,-104.92
86,2,0.01642,4.68,-19.22,-1.69,279.93,-1159.17,-101.09
86,3,0.02496,7.02,-29.08,-2.54,273.93,-1153.64,-98.93
86,4,0.03326,9.36,-39.10,-3.38,281.99,-1207.45,-101.84
86,5,0.04150,11.70,-49.29,-4.23,284.07,-1236.42,-102.59
86,6,0.04974,14.04,-59.64,-5.07,284.07,-1256.44,-102.59
86,7,0.05811,16.38,-70.16,-5.92,279.93,-1257.83,-101.09
86,8,0.06641,18.73,-80.84,-6.76,281.99,-1286.96,-101.84
86,9,0.07489,21.07,-91.69,-7.61,275.90,-1278.63,-99.64
86,10,0.08337,23.41,-102.70,-8.45,275.90,-1298.08,-99.64
86,11,0.09155,25.75,-113.88,-9.30,286.19,-1366.69,-103.36
86,12,0.09973,28.09,-125.22,-10.14,286.19,-1386.87,-103.36
86,13,0.10822,30.43,-136.73,-10.99,275.90,-1356.43,-99.64
86,14,0.11646,32.77,-148.40,-11.83,284.07,-1416.64,-102.59
86,15,0.12494,35.11,-160.24,-12.68,275.90,-1395.33,-99.64
86,16,0.13330,37.45,-172.24,-13.53,279.93,-1435.43,-101.09
86,17,0.14130,39.82,-184.41,-14.33,296.56,-1521.81,-100.38
86,18,0.15027,42.19,-196.74,-15.13,264.29,-1374.56,-89.46
86,19,0.15796,44.56,-209.24,-15.93,308.33,-1625.11,-104.37
86,20,0.16644,46.94,-221.91,-16.74,279.50,-1492.57,-94.60
86,21,0.17474,49.31,-234.73,-17.54,285.66,-1545.37,-96.69
86,22,0.18311,51.68,-247.73,-18.34,283.58,-1553.83,-95.99
86,23,0.19141,54.05,-260.88,-19.14,285.66,-1585.13,-96.69
86,24,0.19989,56.42,-274.21,-19.95,279.50,-1570.37,-94.60
86,25,0.20819,58.79,-287.69,-20.75,285.66,-1624.89,-96.69
86,26,0.21655,61.20,-299.31,-21.48,288.32,-1389.00,-87.23
87,0,0.00000,0.00,0.00,0.00,48.92,-1104.00,-290.65
87,1,0.00842,0.38,-9.53,-2.46,44.57,-1131.59,-292.39
87,2,0.01703,0.75,-19.23,-4.93,43.62,-1126.69,-286.17
87,3,0.02466,1.13,-29.09,-7.39,49.20,-1292.53,-322.80
87,4,0.03314,1.50,-39.11,-9.85,44.24,-1181.80,-290.29
87,5,0.04175,1.88,-49.31,-12.31,43.62,-1184.21,-286.17
87,6,0.04980,2.25,-59.66,-14.78,46.59,-1285.43,-305.68
87,7,0.05841,2.63,-70.18,-17.24,43.62,-1222.55,-286.17
87,8,0.06647,3.00,-80.87,-19.70,46.59,-1326.39,-305.68
87,9,0.07477,3.38,-91.72,-22.16,45.22,-1307.26,-296.69
87,10,0.08313,3.75,-102.74,-24.63,44.89,-1317.45,-294.53
87,11,0.09131,4.13,-113.92,-27.09,45.90,-1367.12,-301.12
87,12,0.09991,4.50,-125.26,-29.55,43.62,-1318.42,-286.17
87,13,0.10822,4.88,-136.78,-32.02,45.22,-1386.77,-296.69
87,14,0.11676,5.26,-148.45,-34.48,43.93,-1366.46,-288.21
87,15,0.12482,5.63,-160.29,-36.94,46.59,-1469.75,-305.68
87,16,0.13300,6.01,-172.30,-39.40,46.27,-1467.99,-301.12
87,17,0.14148,6.44,-184.47,-41.87,50.72,-1434.63,-290.65
87,18,0.14990,6.87,-196.81,-44.34,51.09,-1464.62,-292.75
87,19,0.15839,7.31,-209.70,-46.88,52.16,-1519.32,-299.64
87,20,0.16681,7.74,-222.37,-49.34,51.09,-1504.40,-292.75
87,21,0.17505,8.17,-235.21,-51.81,52.22,-1557.86,-299.26
87,22,0.18335,8.60,-248.21,-54.28,51.84,-1566.28,-297.06
87,23,0.19159,9.03,-261.37,-56.74,52.22,-1597.91,-299.26
87,24,0.20020,9.46,-274.70,-59.21,50.00,-1549.09,-286.52
87,25,0.20856,9.89,-288.20,-61.67,51.46,-1614.05,-294.89
87,26,0.21704,10.32,-301.86,-64.14,50.72,-1610.28,-290.65
87,27,0.22498,11.50,-306.62,-67.03,147.69,-599.33,-364.23
88,0,0.00000,0.00,0.00,0.00,-233.81,-1103.89,-179.50
88,1,0.00812,-2.00,-9.53,-1.48,-246.24,-1174.01,-182.71
88,2,0.01660,-4.00,-19.23,-2.97,-235.61,-1142.78,-174.82
88,3,0.02484,-6.00,-29.09,-4.45,-242.59,-1196.67,-180.00
88,4,0.03302,-8.00,-39.11,-5.93,-244.40,-1225.78,-181.34
88,5,0.04144,-9.99,-49.30,-7.42,-237.32,-1209.83,-176.09
88,6,0.04999,-11.99,-59.66,-8.90,-233.93,-1211.86,-173.57
88,7,0.05811,-13.99,-70.18,-10.38,-246.24,-1295.97,-182.71
88,8,0.06653,-15.99,-80.86,-11.87,-237.32,-1268.61,-176.09
88,9,0.07483,-17.99,-91.71,-13.35,-240.81,-1307.14,-178.68
88,10,0.08325,-19.99,-102.73,-14.83,-237.32,-1307.78,-176.09
88,11,0.09143,-21.99,-113.91,-16.31,-244.40,-1367.00,-181.34
88,12,0.09991,-23.99,-125.25,-17.80,-235.61,-1337.28,-174.82
88,13,0.10828,-25.99,-136.76,-19.28,-239.05,-1376.53,-177.37
88,14,0.11664,-27.98,-148.44,-20.76,-239.05,-1396.26,-177.37
88,15,0.12512,-29.98,-160.28,-22.25,-235.61,-1395.62,-174.82
88,16,0.13336,-31.98,-172.28,-23.73,-242.59,-1457.00,-180.37
88,17,0.14160,-33.96,-184.45,-25.27,-240.37,-1477.02,-186.30
88,18,0.15009,-35.94,-196.79,-26.80,-233.45,-1453.97,-180.94
88,19,0.15833,-37.92,-209.29,-28.34,-240.37,-1517.07,-186.30
88,20,0.16644,-39.90,-221.96,-29.87,-243.98,-1560.21,-189.10
88,21,0.17480,-41.89,-234.79,-31.41,-236.86,-1534.39,-183.58
88,22,0.18335,-43.87,-247.78,-32.94,-231.79,-1520.82,-179.64
88,23,0.19177,-45.85,-260.94,-34.48,-235.14,-1562.45,-182.25
88,24,0.19995,-47.83,-274.27,-36.01,-242.16,-1629.27,-187.69
88,25,0.20825,-49.81,-287.76,-37.55,-238.60,-1625.19,-184.93
88,26,0.21667,-51.79,-301.41,-39.08,-235.14,-1621.22,-182.25
88,27,0.22491,-53.68,-306.15,-40.22,-229.26,-575.12,-138.15
89,0,0.00000,0.00,0.00,0.00,199.65,-1090.66,210.99
89,1,0.00818,1.73,-9.55,1.79,211.94,-1167.81,218.28
89,2,0.01648,3.47,-19.27,3.57,208.82,-1170.52,215.07
89,3,0.02478,5.21,-29.20,5.36,209.93,-1196.24,216.18
89,4,0.03308,6.94,-39.24,7.15,208.82,-1210.37,215.07
89,5,0.04138,8.68,-49.46,8.94,208.82,-1230.25,215.07
89,6,0.05005,10.41,-59.83,10.72,200.00,-1197.30,205.99
89,7,0.05835,12.14,-70.38,12.51,208.82,-1270.00,215.07
89,8,0.06647,13.88,-81.08,14.29,213.53,-1318.98,219.92
89,9,0.07471,15.61,-91.95,16.08,210.37,-1319.46,216.67
89,10,0.08307,17.34,-102.99,17.86,207.30,-1319.93,213.50
89,11,0.09137,19.08,-114.19,19.65,208.82,-1349.51,215.07
89,12,0.10004,20.81,-125.56,21.43,200.00,-1311.53,205.99
89,13,0.10828,22.54,-137.09,23.22,210.37,-1399.56,216.67
89,14,0.11652,24.28,-148.79,25.00,210.37,-1419.59,216.67
89,15,0.12476,26.01,-160.65,26.79,210.37,-1439.61,216.67
89,16,0.13318,27.74,-172.68,28.58,205.07,-1427.91,213.04
89,17,0.14148,29.44,-184.87,30.41,205.51,-1468.78,220.59
89,18,0.15021,31.16,-197.33,32.26,197.20,-1427.73,211.89
89,19,0.15851,32.87,-209.86,34.09,205.51,-1508.71,220.59
89,20,0.16681,34.58,-222.54,35.93,205.51,-1528.58,220.59
89,21,0.17493,36.28,-235.40,37.76,210.15,-1583.39,225.56
89,22,0.18317,37.99,-248.42,39.59,207.04,-1579.96,222.22
89,23,0.19165,39.69,-261.60,41.42,201.08,-1553.94,215.83
89,24,0.20026,41.40,-274.95,43.25,198.23,-1551.07,212.77
89,25,0.20837,43.11,-288.46,45.08,210.15,-1664.69,225.56
89,26,0.21674,44.81,-302.14,46.91,204.01,-1635.82,218.98
89,27,0.22498,47.91,-302.76,49.57,375.93,-74.74,322.96
90,0,0.00000,0.00,0.00,0.00,489.34,-1127.94,-476.47
90,1,0.00836,3.55,-9.53,-3.87,424.45,-1139.44,-462.77
90,2,0.01666,6.63,-19.22,-7.54,370.96,-1167.69,-442.65
90,3,0.02509,8.94,-29.08,-10.69,274.64,-1170.36,-373.19
90,4,0.03333,11.22,-39.10,-13.32,275.93,-1216.39,-319.26
90,5,0.04169,13.28,-49.29,-15.18,246.35,-1218.37,-222.26
90,6,0.05005,14.87,-59.64,-17.19,191.24,-1238.10,-240.88
90,7,0.05841,16.14,-70.16,-19.32,151.46,-1257.83,-254.38
90,8,0.06671,17.07,-80.84,-21.55,112.50,-1286.96,-268.75
90,9,0.07501,20.99,-91.69,-23.55,472.06,-1306.84,-241.18
90,10,0.08331,27.30,-102.70,-25.55,759.56,-1326.71,-240.81
90,11,0.09167,33.65,-113.88,-27.64,759.49,-1336.76,-250.36
90,12,0.09991,39.19,-125.22,-30.13,672.59,-1376.59,-301.85
90,13,0.10828,43.73,-136.73,-32.87,543.43,-1376.23,-328.10
90,14,0.11658,47.87,-148.40,-35.80,497.79,-1406.23,-352.57
90,15,0.12494,52.59,-160.24,-39.03,565.33,-1415.70,-386.13
90,16,0.13330,56.20,-172.24,-42.40,431.39,-1435.43,-403.65
90,17,0.14154,58.55,-184.41,-45.51,285.56,-1476.72,-376.67
90,18,0.14978,59.64,-196.74,-48.30,132.22,-1496.74,-338.52
90,19,0.15820,59.73,-209.24,-50.80,10.14,-1483.80,-297.10
90,20,0.16650,59.81,-221.91,-53.30,10.29,-1525.50,-301.47
90,21,0.17493,59.90,-234.73,-55.80,10.14,-1522.98,-297.10
90,22,0.18311,59.99,-247.73,-58.31,10.45,-1588.61,-305.97
90,23,0.19171,60.07,-260.88,-60.81,9.93,-1528.92,-290.78
90,24,0.19983,60.16,-274.21,-63.31,10.53,-1641.21,-308.27
90,25,0.20837,60.38,-286.27,-65.81,25.71,-1411.56,-292.86
91,0,0.00000,0.00,0.00,0.00,157.84,-1147.02,261.19
91,1,0.00842,1.32,-9.55,2.11,156.16,-1133.36,250.72
91,2,0.01666,2.63,-19.26,4.22,159.63,-1178.57,256.30
91,3,0.02509,3.95,-29.13,6.34,156.16,-1172.54,250.72
91,4,0.03326,5.26,-39.17,8.45,160.82,-1227.72,258.21
91,5,0.04175,6.58,-49.38,10.56,155.04,-1203.00,248.92
91,6,0.04999,7.89,-59.75,12.67,159.63,-1258.67,256.30
91,7,0.05835,9.21,-70.29,14.78,157.30,-1260.03,252.55
91,8,0.06671,10.52,-80.99,16.89,157.30,-1279.76,252.55
91,9,0.07501,11.84,-91.86,19.01,158.46,-1309.05,254.41
91,10,0.08337,13.15,-102.89,21.12,157.30,-1319.23,252.55
91,11,0.09174,14.47,-114.08,23.23,157.30,-1338.96,252.55
91,12,0.10004,15.78,-125.44,25.34,158.46,-1368.68,254.41
91,13,0.10840,17.10,-136.97,27.45,157.30,-1378.43,252.55
91,14,0.11670,18.41,-148.66,29.57,158.46,-1408.44,254.41
91,15,0.12500,19.73,-160.52,31.68,158.46,-1428.32,254.41
91,16,0.13336,21.04,-172.54,33.80,156.57,-1437.63,253.28
91,17,0.14172,22.31,-184.72,35.95,152.55,-1457.36,257.30
91,18,0.14996,23.59,-197.08,38.10,154.81,-1498.97,261.11
91,19,0.15839,24.87,-209.59,40.25,151.45,-1485.98,255.43
91,20,0.16663,26.14,-222.27,42.40,154.81,-1539.02,261.11
91,21,0.17499,27.42,-235.12,44.55,152.55,-1536.29,257.30
91,22,0.18329,28.69,-248.13,46.70,153.68,-1567.46,259.19
91,23,0.19165,29.97,-261.31,48.86,152.55,-1575.76,257.30
91,24,0.19989,31.24,-274.65,51.01,154.81,-1619.13,261.11
91,25,0.20819,32.52,-288.15,53.16,153.68,-1627.10,259.19
91,26,0.21667,34.51,-295.19,55.73,234.17,-829.23,302.88
92,0,0.00000,0.00,0.00,0.00,153.26,-1113.02,253.99
92,1,0.00824,1.32,-9.54,2.11,159.63,-1157.78,256.30
92,2,0.01660,2.63,-19.26,4.23,157.66,-1161.99,252.92
92,3,0.02496,3.95,-29.13,6.34,157.30,-1180.37,252.55
92,4,0.03320,5.26,-39.16,8.45,159.63,-1217.88,256.30
92,5,0.04163,6.58,-49.36,10.56,156.16,-1210.99,250.72
92,6,0.04993,7.89,-59.73,12.67,158.46,-1248.68,254.41
92,7,0.05835,9.21,-70.26,14.79,156.16,-1250.17,250.72
92,8,0.06665,10.53,-80.95,16.90,158.82,-1288.82,254.78
92,9,0.07495,11.86,-91.95,19.04,160.66,-1324.99,257.72
92,10,0.08337,13.18,-102.98,21.15,156.16,-1309.20,250.72
92,11,0.09167,14.49,-114.17,23.26,158.46,-1348.33,254.41
92,12,0.09991,15.81,-125.53,25.38,159.63,-1378.34,256.30
92,13,0.10834,17.12,-137.05,27.49,156.16,-1367.97,250.72
92,14,0.11658,18.44,-148.74,29.60,159.63,-1418.39,256.30
92,15,0.12500,19.75,-160.59,31.71,156.16,-1407.14,250.72
92,16,0.13324,21.06,-172.61,33.83,158.89,-1458.44,257.04
92,17,0.14172,22.34,-184.79,35.98,150.36,-1435.92,253.60
92,18,0.14990,23.62,-197.18,38.14,156.72,-1514.74,264.18
92,19,0.15833,24.90,-209.69,40.29,151.45,-1485.57,255.43
92,20,0.16663,26.17,-222.37,42.44,153.68,-1527.29,259.19
92,21,0.17505,27.45,-235.21,44.60,151.45,-1524.75,255.43
92,22,0.18341,28.72,-248.22,46.75,152.55,-1555.61,257.30
92,23,0.19171,30.00,-261.39,48.90,153.68,-1586.93,259.19
92,24,0.19995,31.27,-274.73,51.05,154.81,-1618.71,261.11
92,25,0.20819,32.55,-288.23,53.20,154.81,-1638.73,261.11
92,26,0.21631,33.83,-301.90,55.35,157.14,-1683.70,265.04
92,27,0.22467,35.10,-315.73,57.50,152.55,-1654.28,257.30
92,28,0.23291,35.88,-322.08,59.37,94.81,-770.56,225.93
93,0,0.00000,0.00,0.00,0.00,0.36,-1121.82,-299.64
93,1,0.00830,-0.01,-9.55,-2.54,-1.10,-1149.94,-305.88
93,2,0.01666,-0.02,-19.26,-5.08,-1.09,-1161.28,-303.65
93,3,0.02502,-0.03,-29.13,-7.62,-1.09,-1181.02,-303.65
93,4,0.03339,-0.04,-39.17,-10.16,-1.09,-1200.75,-303.65
93,5,0.04163,-0.05,-49.38,-12.70,-1.11,-1238.56,-308.15
93,6,0.05005,-0.05,-59.75,-15.23,-1.09,-1231.23,-301.45
93,7,0.05829,-0.06,-70.28,-17.77,-1.11,-1278.61,-308.15
93,8,0.06665,-0.07,-80.98,-20.31,-1.09,-1279.68,-303.65
93,9,0.07489,-0.08,-91.85,-22.85,-1.11,-1318.66,-308.15
93,10,0.08337,-0.09,-102.88,-25.39,-1.08,-1300.17,-299.28
93,11,0.09161,-0.10,-114.07,-27.93,-1.11,-1358.71,-308.15
93,12,0.09998,-0.11,-125.44,-30.47,-1.09,-1358.61,-303.65
93,13,0.10828,-0.12,-136.96,-33.01,-1.10,-1388.48,-305.88
93,14,0.11664,-0.13,-148.65,-35.55,-1.09,-1398.08,-303.65
93,15,0.12488,-0.14,-160.51,-38.09,-1.11,-1438.81,-308.15
93,16,0.13336,-0.14,-172.53,-40.62,-0.72,-1416.86,-298.56
93,17,0.14160,-0.14,-184.71,-43.11,0.74,-1478.86,-301.85
93,18,0.15002,-0.13,-197.06,-45.59,0.72,-1466.31,-295.29
93,19,0.15826,-0.13,-209.58,-48.08,0.74,-1518.91,-301.85
93,20,0.16663,-0.12,-222.26,-50.57,0.73,-1516.47,-297.45
93,21,0.17480,-0.11,-235.10,-53.05,0.75,-1570.60,-304.10
93,22,0.18323,-0.11,-248.11,-55.54,0.72,-1544.67,-295.29
93,23,0.19153,-0.10,-261.29,-58.03,0.74,-1587.26,-299.63
93,24,0.19989,-0.09,-274.63,-60.52,0.73,-1595.41,-297.45
93,25,0.20813,-0.09,-288.14,-63.00,0.74,-1639.07,-301.85
93,26,0.21649,-0.08,-301.81,-65.49,0.73,-1634.87,-297.45
93,27,0.22491,-0.08,-315.64,-67.98,0.72,-1642.61,-295.29
93,28,0.23340,-0.08,-321.42,-69.81,0.00,-680.71,-215.47
94,0,0.00000,0.00,0.00,0.00,-197.45,-1120.98,223.72
94,1,0.00830,-1.64,-9.54,1.84,-197.06,-1149.10,221.69
94,2,0.01660,-3.27,-19.24,3.68,-197.06,-1168.97,221.69
94,3,0.02502,-4.91,-29.11,5.52,-194.20,-1171.62,218.48
94,4,0.03339,-6.54,-39.14,7.36,-195.62,-1199.91,220.07
94,5,0.04169,-8.18,-49.34,9.20,-197.06,-1228.61,221.69
94,6,0.04993,-9.81,-59.71,11.04,-198.52,-1257.73,223.33
94,7,0.05835,-11.45,-70.23,12.88,-194.20,-1249.98,218.48
94,8,0.06659,-13.09,-80.93,14.72,-198.52,-1297.78,223.33
94,9,0.07501,-14.72,-91.79,16.56,-194.20,-1289.16,218.48
94,10,0.08331,-16.36,-102.81,18.40,-197.06,-1328.00,221.69
94,11,0.09167,-17.99,-114.00,20.24,-195.62,-1338.04,220.07
94,12,0.10004,-19.63,-125.35,22.08,-195.62,-1357.77,220.07
94,13,0.10840,-21.26,-136.87,23.92,-195.62,-1377.50,220.07
94,14,0.11664,-22.90,-148.55,25.76,-198.52,-1417.93,223.33
94,15,0.12494,-24.54,-160.40,27.60,-197.06,-1427.39,221.69
94,16,0.13330,-26.17,-172.41,29.45,-195.99,-1436.70,220.80
94,17,0.14160,-27.84,-184.59,31.34,-200.00,-1467.14,227.57
94,18,0.15002,-29.50,-196.94,33.23,-197.10,-1465.47,224.28
94,19,0.15839,-31.16,-209.44,35.12,-198.54,-1495.90,225.91
94,20,0.16656,-32.82,-222.12,37.01,-202.99,-1549.56,230.97
94,21,0.17499,-34.48,-234.96,38.89,-197.10,-1524.24,224.28
94,22,0.18329,-36.14,-247.96,40.78,-200.00,-1566.53,227.57
94,23,0.19153,-37.80,-261.13,42.67,-201.48,-1598.16,229.26
94,24,0.19977,-39.46,-274.46,44.56,-201.48,-1618.19,229.26
94,25,0.20825,-41.12,-287.96,46.45,-195.68,-1591.07,222.66
94,26,0.21643,-42.78,-301.62,48.34,-202.99,-1670.61,230.97
94,27,0.22485,-44.44,-315.45,50.23,-197.10,-1641.78,224.28
94,28,0.23315,-46.10,-329.45,52.12,-200.37,-1685.80,227.94
94,29,0.24152,-48.16,-335.65,54.42,-246.35,-741.74,275.18
95,0,0.00000,0.00,0.00,0.00,172.10,-1112.51,-242.75
95,1,0.00836,1.46,-9.54,-2.08,174.82,-1140.36,-248.54
95,2,0.01666,2.94,-19.36,-4.18,177.94,-1183.21,-253.68
95,3,0.02502,4.40,-29.22,-6.26,174.82,-1180.07,-248.54
95,4,0.03339,5.86,-39.26,-8.34,174.82,-1199.81,-248.54
95,5,0.04169,7.32,-49.45,-10.42,176.10,-1228.51,-250.37
95,6,0.05005,8.79,-59.82,-12.50,174.82,-1239.39,-248.54
95,7,0.05835,10.25,-70.35,-14.58,176.10,-1268.26,-250.37
95,8,0.06671,11.71,-81.04,-16.65,174.82,-1278.74,-248.54
95,9,0.07501,13.17,-91.90,-18.73,176.10,-1308.02,-250.37
95,10,0.08350,14.63,-102.92,-20.81,172.30,-1299.24,-244.96
95,11,0.09174,16.09,-114.11,-22.89,177.41,-1357.76,-252.22
95,12,0.10010,17.56,-125.46,-24.97,174.82,-1357.67,-248.54
95,13,0.10834,19.02,-136.98,-27.04,177.41,-1397.81,-252.22
95,14,0.11682,20.48,-148.66,-29.12,172.30,-1377.03,-244.96
95,15,0.12512,21.94,-160.51,-31.20,176.10,-1427.29,-250.37
95,16,0.13348,23.40,-172.52,-33.27,174.45,-1436.60,-247.81
95,17,0.14172,24.84,-184.70,-35.30,175.19,-1477.91,-245.93
95,18,0.15021,26.29,-197.04,-37.33,170.14,-1454.83,-238.85
95,19,0.15833,27.73,-209.55,-39.35,177.82,-1540.79,-249.62
95,20,0.16669,29.17,-222.22,-41.38,172.63,-1515.53,-242.34
95,21,0.17499,30.62,-235.06,-43.41,173.90,-1546.56,-244.12
95,22,0.18335,32.06,-248.06,-45.43,172.63,-1555.00,-242.34
95,23,0.19171,33.51,-261.23,-47.46,172.63,-1574.73,-242.34
95,24,0.20013,34.95,-274.56,-49.48,171.38,-1582.91,-240.58
95,25,0.20837,36.11,-283.27,-51.79,140.37,-1056.59,-280.00
96,0,0.00000,0.00,0.00,0.00,185.93,-1137.16,-240.74
96,1,0.00842,1.54,-9.53,-2.02,183.33,-1132.03,-239.49
96,2,0.01678,3.09,-19.23,-4.03,184.67,-1160.03,-241.24
96,3,0.02509,4.63,-29.10,-6.05,186.03,-1188.43,-243.01
96,4,0.03345,6.18,-39.13,-8.07,184.67,-1199.49,-241.24
96,5,0.04187,7.72,-49.32,-10.09,183.33,-1210.39,-239.49
96,6,0.05017,9.27,-59.68,-12.10,186.03,-1248.07,-243.01
96,7,0.05853,10.81,-70.21,-14.12,184.67,-1258.69,-241.24
96,8,0.06677,12.39,-81.14,-16.18,191.48,-1326.20,-250.00
96,9,0.07513,13.93,-92.00,-18.20,184.67,-1298.59,-241.24
96,10,0.08350,15.48,-103.02,-20.21,184.67,-1318.33,-241.24
96,11,0.09186,17.02,-114.21,-22.23,184.67,-1338.06,-241.24
96,12,0.10016,18.56,-125.56,-24.25,186.03,-1367.77,-243.01
96,13,0.10852,20.11,-137.08,-26.27,184.67,-1377.53,-241.24
96,14,0.11682,21.65,-148.76,-28.28,186.03,-1407.53,-243.01
96,15,0.12518,23.20,-160.61,-30.30,184.67,-1416.99,-241.24
96,16,0.13342,24.74,-172.63,-32.31,187.04,-1458.01,-243.70
96,17,0.14185,26.26,-184.80,-34.27,180.80,-1445.90,-233.33
96,18,0.15009,27.78,-197.15,-36.24,184.81,-1498.06,-238.52
96,19,0.15845,29.31,-209.66,-38.20,182.12,-1495.92,-235.04
96,20,0.16681,30.83,-222.33,-40.17,182.12,-1515.65,-235.04
96,21,0.17523,32.35,-235.17,-42.14,180.80,-1524.26,-233.33
96,22,0.18347,33.87,-248.17,-44.10,184.81,-1578.16,-238.52
96,23,0.19183,35.40,-261.34,-46.07,182.12,-1574.85,-235.04
96,24,0.20013,36.92,-274.67,-48.03,183.46,-1606.31,-236.76
96,25,0.20844,40.88,-281.92,-48.71,477.57,-873.21,-81.25
97,0,0.00000,0.00,0.00,0.00,-248.92,-1104.65,156.83
97,1,0.00818,-2.09,-9.56,1.31,-255.97,-1169.25,160.07
97,2,0.01660,-4.18,-19.27,2.61,-247.83,-1151.88,154.71
97,3,0.02490,-6.27,-29.13,3.92,-251.47,-1188.70,156.99
97,4,0.03333,-8.36,-39.16,5.22,-247.83,-1191.06,154.71
97,5,0.04156,-10.44,-49.36,6.52,-253.33,-1237.55,158.15
97,6,0.04999,-12.53,-59.72,7.82,-247.83,-1230.24,154.71
97,7,0.05835,-14.62,-70.25,9.13,-249.64,-1258.96,155.84
97,8,0.06671,-16.71,-80.94,10.43,-249.64,-1278.69,155.84
97,9,0.07501,-18.79,-91.80,11.73,-251.47,-1307.97,156.99
97,10,0.08331,-20.88,-102.83,13.04,-251.47,-1329.11,157.35
97,11,0.09174,-22.97,-114.02,14.34,-247.83,-1328.21,154.71
97,12,0.10004,-25.11,-125.71,15.69,-258.46,-1408.19,161.76
97,13,0.10834,-27.20,-137.23,16.99,-251.47,-1388.09,156.99
97,14,0.11676,-29.29,-148.92,18.29,-247.83,-1387.56,154.71
97,15,0.12512,-31.38,-160.77,19.60,-249.64,-1417.42,155.84
97,16,0.13330,-33.47,-172.79,20.90,-255.60,-1469.33,159.70
97,17,0.14172,-35.59,-184.97,22.24,-252.17,-1446.33,159.42
97,18,0.15002,-37.71,-197.32,23.59,-255.88,-1487.47,161.76
97,19,0.15833,-39.84,-209.83,24.93,-255.88,-1507.35,161.76
97,20,0.16669,-41.96,-222.51,26.27,-254.01,-1516.08,160.58
97,21,0.17499,-44.09,-235.35,27.62,-255.88,-1547.11,161.76
97,22,0.18335,-46.21,-248.36,28.96,-254.01,-1555.55,160.58
97,23,0.19165,-48.33,-261.53,30.30,-255.88,-1586.86,161.76
97,24,0.20001,-50.46,-274.87,31.64,-254.01,-1595.01,160.58
97,25,0.20813,-52.58,-288.37,32.99,-261.65,-1663.31,165.41
97,26,0.21661,-54.71,-302.04,34.33,-250.36,-1610.96,158.27
97,27,0.22498,-56.83,-315.87,35.67,-254.01,-1654.21,160.58
97,28,0.23315,-59.20,-324.82,37.26,-289.55,-1094.61,193.66
98,0,0.00000,0.00,0.00,0.00,227.90,-1114.17,-191.67
98,1,0.00830,1.94,-9.55,-1.64,233.46,-1150.44,-197.79
98,2,0.01666,3.88,-19.26,-3.28,231.75,-1161.77,-196.35
98,3,0.02496,5.81,-29.14,-4.93,233.46,-1190.19,-197.79
98,4,0.03333,7.75,-39.19,-6.57,231.75,-1201.24,-196.35
98,5,0.04163,9.69,-49.40,-8.21,233.46,-1229.95,-197.79
98,6,0.04999,11.63,-59.77,-9.85,231.75,-1240.70,-196.35
98,7,0.05829,13.57,-70.31,-11.49,233.46,-1269.70,-197.79
98,8,0.06671,15.50,-81.02,-13.13,230.07,-1270.89,-194.93
98,9,0.07495,17.44,-91.89,-14.78,235.19,-1319.16,-199.26
98,10,0.08344,19.38,-102.92,-16.42,228.42,-1300.65,-193.53
98,11,0.09161,21.32,-114.12,-18.06,236.94,-1369.35,-200.75
98,12,0.10004,23.25,-125.48,-19.70,230.07,-1349.25,-194.93
98,13,0.10840,25.19,-137.01,-21.34,231.75,-1378.83,-196.35
98,14,0.11664,27.13,-148.71,-22.99,235.19,-1419.29,-199.26
98,15,0.12500,29.07,-160.57,-24.63,231.75,-1418.30,-196.35
98,16,0.13354,31.00,-172.59,-26.26,226.07,-1407.22,-191.43
98,17,0.14166,32.91,-184.78,-27.86,234.96,-1501.61,-196.99
98,18,0.15002,34.81,-197.14,-29.46,228.10,-1477.50,-191.24
98,19,0.15826,36.72,-209.66,-31.06,231.48,-1519.41,-194.07
98,20,0.16663,38.63,-222.34,-32.66,228.10,-1516.96,-191.24
98,21,0.17493,40.54,-235.19,-34.26,229.78,-1548.00,-192.65
98,22,0.18323,42.44,-248.20,-35.86,229.78,-1567.87,-192.65
98,23,0.19159,44.35,-261.38,-37.46,228.10,-1576.16,-191.24
98,24,0.20001,46.26,-274.73,-39.06,226.45,-1584.33,-189.86
98,25,0.20819,48.17,-288.24,-40.66,233.21,-1651.80,-195.52
98,26,0.21649,50.07,-301.91,-42.25,229.78,-1647.39,-192.65
98,27,0.22479,52.18,-311.00,-43.69,254.04,-1094.76,-172.79
99,0,0.00000,0.00,0.00,0.00,-281.62,-1128.29,105.88
99,1,0.00836,-2.31,-9.53,0.85,-275.91,-1139.79,102.19
99,2,0.01666,-4.61,-19.23,1.71,-277.94,-1168.04,102.94
99,3,0.02521,-6.92,-29.09,2.56,-270.00,-1153.98,100.00
99,4,0.03326,-9.29,-39.38,3.44,-293.94,-1277.67,109.09
99,5,0.04169,-11.60,-49.58,4.30,-273.91,-1210.41,101.45
99,6,0.04993,-13.90,-59.94,5.15,-280.00,-1257.33,103.70
99,7,0.05841,-16.21,-70.46,6.01,-271.94,-1240.59,100.72
99,8,0.06665,-18.52,-81.15,6.86,-280.00,-1297.38,103.70
99,9,0.07507,-20.83,-92.01,7.71,-273.91,-1288.77,101.45
99,10,0.08337,-23.13,-103.03,8.57,-277.94,-1327.59,102.94
99,11,0.09161,-25.44,-114.21,9.42,-280.00,-1357.45,103.70
99,12,0.09991,-27.75,-125.56,10.28,-277.94,-1367.35,102.94
99,13,0.10840,-30.05,-137.08,11.13,-271.94,-1357.29,100.72
99,14,0.11658,-32.36,-148.76,11.99,-282.09,-1428.11,104.48
99,15,0.12512,-34.67,-160.60,12.84,-270.00,-1386.21,100.00
99,16,0.13330,-36.98,-172.61,13.70,-282.46,-1468.46,104.48
99,17,0.14154,-39.33,-184.79,14.58,-285.19,-1477.61,107.41
99,18,0.14996,-41.68,-197.13,15.47,-278.99,-1465.07,105.07
99,19,0.15833,-44.03,-209.63,16.35,-281.02,-1495.50,105.84
99,20,0.16644,-46.38,-222.30,17.24,-289.47,-1560.80,109.02
99,21,0.17493,-48.73,-235.14,18.12,-276.98,-1512.88,104.32
99,22,0.18323,-51.08,-248.14,19.01,-283.09,-1566.13,106.62
99,23,0.19153,-53.43,-261.30,19.89,-283.09,-1586.01,106.62
99,24,0.20020,-55.78,-274.63,20.78,-271.13,-1538.03,102.11
99,25,0.20856,-58.13,-288.13,21.66,-281.02,-1613.90,105.84
99,26,0.21686,-60.48,-301.79,22.55,-283.09,-1645.64,106.62
99,27,0.22510,-62.88,-315.91,23.45,-291.11,-1713.67,109.63
99,28,0.23346,-65.84,-317.16,24.94,-354.38,-149.67,178.47
100,0,0.00000,0.00,0.00,0.00,261.76,-1129.59,-149.63
100,1,0.00848,2.20,-9.54,-1.27,259.35,-1124.66,-149.64
100,2,0.01672,4.45,-19.48,-2.57,273.33,-1205.62,-157.78
100,3,0.02521,6.65,-29.35,-3.84,259.35,-1164.01,-149.64
100,4,0.03345,8.87,-39.46,-5.12,268.89,-1227.01,-155.19
100,5,0.04175,11.07,-49.67,-6.39,265.07,-1229.58,-152.94
100,6,0.05005,13.27,-60.04,-7.66,265.07,-1249.46,-152.94
100,7,0.05847,15.47,-70.58,-8.93,261.23,-1250.94,-150.72
100,8,0.06671,17.67,-81.28,-10.20,267.04,-1298.76,-154.07
100,9,0.07520,19.87,-92.14,-11.47,259.35,-1280.84,-149.64
100,10,0.08344,22.07,-103.18,-12.73,267.04,-1338.82,-154.07
100,11,0.09186,24.27,-114.37,-14.00,261.23,-1329.30,-150.72
100,12,0.10016,26.47,-125.73,-15.27,265.07,-1368.73,-152.94
100,13,0.10846,28.67,-137.26,-16.54,265.07,-1388.61,-152.94
100,14,0.11676,30.87,-148.95,-17.81,265.07,-1408.48,-152.94
100,15,0.12512,33.07,-160.81,-19.08,263.14,-1417.94,-151.82
100,16,0.13342,35.27,-172.83,-20.35,264.34,-1448.24,-152.21
100,17,0.14166,37.43,-185.02,-21.58,262.22,-1478.99,-149.26
100,18,0.14996,39.59,-197.37,-22.81,260.29,-1488.00,-148.16
100,19,0.15845,41.75,-209.88,-24.04,254.68,-1475.33,-144.96
100,20,0.16656,43.91,-222.57,-25.27,266.17,-1562.21,-151.50
100,21,0.17499,46.07,-235.41,-26.50,256.52,-1525.20,-146.01
100,22,0.18329,48.23,-248.42,-27.73,260.29,-1567.51,-148.16
100,23,0.19159,50.39,-261.60,-28.96,260.29,-1587.39,-148.16
100,24,0.19989,52.55,-274.94,-30.18,260.29,-1607.26,-148.16
100,25,0.20837,54.71,-288.45,-31.41,254.68,-1592.02,-144.96
100,26,0.21643,56.87,-302.12,-32.64,268.18,-1696.93,-152.65
100,27,0.22485,59.54,-310.19,-33.67,316.67,-958.38,-122.10
101,0,0.00000,0.00,0.00,0.00,-277.37,-1120.63,110.22
101,1,0.00836,-2.29,-9.54,0.90,-273.72,-1140.37,107.66
101,2,0.01678,-4.58,-19.24,1.80,-271.74,-1151.69,106.88
101,3,0.02496,-6.87,-29.10,2.70,-279.85,-1206.24,110.07
101,4,0.03345,-9.16,-39.13,3.60,-269.78,-1182.30,106.12
101,5,0.04169,-11.44,-49.33,4.50,-277.78,-1237.36,109.26
101,6,0.05011,-13.73,-59.69,5.40,-271.74,-1230.05,106.88
101,7,0.05829,-16.02,-70.21,6.30,-279.85,-1286.94,110.07
101,8,0.06671,-18.31,-80.90,7.20,-271.74,-1269.23,106.88
101,9,0.07501,-20.60,-91.76,8.10,-275.74,-1307.77,108.46
101,10,0.08344,-22.89,-102.78,9.00,-271.74,-1308.41,106.88
101,11,0.09180,-25.18,-113.97,9.90,-273.72,-1337.69,107.66
101,12,0.10016,-27.47,-125.32,10.80,-273.72,-1357.42,107.66
101,13,0.10834,-29.75,-136.83,11.70,-279.85,-1407.99,110.07
101,14,0.11682,-32.04,-148.51,12.60,-269.78,-1376.79,106.12
101,15,0.12506,-34.34,-160.37,13.50,-278.15,-1439.47,109.26
101,16,0.13348,-36.63,-172.38,14.41,-272.10,-1425.98,107.25
101,17,0.14178,-38.96,-184.56,15.34,-280.88,-1466.82,112.13
101,18,0.15009,-41.30,-196.94,16.27,-281.99,-1491.73,112.50
101,19,0.15839,-43.63,-209.45,17.20,-280.88,-1506.64,112.13
101,20,0.16681,-45.96,-222.12,18.13,-276.81,-1504.40,110.51
101,21,0.17499,-48.29,-234.96,19.06,-285.07,-1569.48,113.81
101,22,0.18341,-50.63,-247.96,20.00,-276.81,-1543.58,110.51
101,23,0.19171,-52.96,-261.12,20.93,-280.88,-1586.16,112.13
101,24,0.19989,-55.32,-274.61,21.87,-288.43,-1649.16,115.67
101,25,0.20831,-57.65,-288.11,22.80,-276.81,-1602.58,110.51
101,26,0.21667,-59.98,-301.77,23.73,-278.83,-1634.01,111.31
101,27,0.22485,-62.31,-315.60,24.66,-285.07,-1690.77,113.81
101,28,0.23315,-64.65,-329.60,25.60,-281.25,-1685.78,112.50
101,29,0.24146,-67.85,-335.38,27.87,-385.66,-696.89,273.53
102,0,0.00000,0.00,0.00,0.00,246.74,-1113.37,-166.30
102,1,0.00836,2.10,-9.54,-1.43,251.09,-1141.23,-170.80
102,2,0.01660,4.20,-19.25,-2.86,254.81,-1178.16,-173.33
102,3,0.02502,6.30,-29.12,-4.28,249.28,-1172.14,-169.57
102,4,0.03326,8.40,-39.16,-5.71,254.81,-1218.21,-173.33
102,5,0.04163,10.50,-49.36,-7.14,251.09,-1220.16,-170.80
102,6,0.04999,12.61,-59.78,-8.58,252.55,-1246.27,-171.90
102,7,0.05835,14.71,-70.32,-10.01,251.09,-1259.73,-170.80
102,8,0.06671,16.83,-81.14,-11.45,254.01,-1293.66,-172.99
102,9,0.07495,18.93,-92.00,-12.88,254.81,-1318.66,-173.33
102,10,0.08325,21.03,-103.03,-14.31,252.94,-1328.84,-172.06
102,11,0.09167,23.13,-114.23,-15.74,249.28,-1329.18,-169.57
102,12,0.09998,25.23,-125.59,-17.17,252.94,-1368.60,-172.06
102,13,0.10840,27.33,-137.11,-18.59,249.28,-1368.35,-169.57
102,14,0.11670,29.43,-148.80,-20.02,252.94,-1408.52,-172.06
102,15,0.12500,31.53,-160.66,-21.45,252.94,-1428.24,-172.06
102,16,0.13330,33.62,-172.68,-22.87,252.21,-1448.11,-171.32
102,17,0.14172,35.69,-184.87,-24.26,244.93,-1446.72,-164.86
102,18,0.14996,37.75,-197.22,-25.65,250.37,-1498.89,-168.52
102,19,0.15839,39.81,-209.73,-27.04,244.93,-1485.90,-164.86
102,20,0.16663,41.88,-222.41,-28.43,250.37,-1538.94,-168.52
102,21,0.17505,43.94,-235.26,-29.82,244.93,-1525.08,-164.86
102,22,0.18329,46.00,-248.27,-31.20,250.37,-1578.99,-168.52
102,23,0.19147,48.07,-261.44,-32.59,252.24,-1610.95,-169.78
102,24,0.19995,50.13,-274.78,-33.98,243.17,-1572.45,-163.67
102,25,0.20825,52.19,-288.29,-35.37,248.53,-1627.02,-167.28
102,26,0.21637,54.25,-301.96,-36.76,254.14,-1684.04,-171.05
102,27,0.22473,57.28,-302.65,-36.43,361.68,-82.33,39.05
103,0,0.00000,0.00,0.00,0.00,-282.85,-1121.62,94.53
103,1,0.00824,-2.34,-9.54,0.77,-283.70,-1158.26,93.33
103,2,0.01666,-4.68,-19.25,1.54,-277.54,-1152.67,91.30
103,3,0.02490,-7.01,-29.13,2.31,-283.70,-1198.31,93.33
103,4,0.03333,-9.35,-39.17,3.08,-277.54,-1191.85,91.30
103,5,0.04169,-11.69,-49.37,3.85,-279.56,-1220.28,91.97
103,6,0.05005,-14.03,-59.74,4.61,-279.56,-1240.01,91.97
103,7,0.05829,-16.36,-70.27,5.38,-283.70,-1278.41,93.33
103,8,0.06671,-18.70,-80.97,6.15,-277.54,-1270.21,91.30
103,9,0.07495,-21.04,-91.83,6.92,-283.70,-1318.46,93.33
103,10,0.08337,-23.38,-102.86,7.69,-277.54,-1309.39,91.30
103,11,0.09167,-25.71,-114.06,8.46,-281.62,-1348.52,92.65
103,12,0.10010,-28.05,-125.42,9.23,-277.54,-1348.57,91.30
103,13,0.10834,-30.39,-136.94,10.00,-283.70,-1398.56,93.33
103,14,0.11676,-32.73,-148.63,10.77,-277.54,-1387.75,91.30
103,15,0.12506,-35.06,-160.48,11.54,-281.62,-1428.03,92.65
103,16,0.13336,-37.41,-172.50,12.31,-281.99,-1447.91,93.38
103,17,0.14172,-39.79,-184.68,13.11,-284.67,-1457.08,95.62
103,18,0.14990,-42.17,-197.03,13.91,-291.04,-1509.87,97.76
103,19,0.15833,-44.55,-209.55,14.71,-282.61,-1485.70,94.93
103,20,0.16669,-46.93,-222.23,15.51,-284.67,-1516.28,95.62
103,21,0.17480,-49.31,-235.07,16.31,-293.23,-1582.20,98.50
103,22,0.18329,-51.69,-248.08,17.11,-280.58,-1533.36,94.24
103,23,0.19165,-54.07,-261.25,17.91,-284.67,-1575.47,95.62
103,24,0.19995,-56.45,-274.59,18.71,-286.76,-1606.94,96.32
103,25,0.20837,-58.83,-288.09,19.51,-282.61,-1603.24,94.93
103,26,0.21680,-61.21,-301.76,20.31,-282.61,-1622.83,94.93
103,27,0.22491,-63.59,-315.60,21.11,-293.23,-1704.16,98.50
103,28,0.23334,-65.69,-322.20,22.63,-248.91,-784.14,180.43
104,0,0.00000,0.00,0.00,0.00,272.10,-1112.73,-120.65
104,1,0.00824,2.32,-9.54,-1.04,281.48,-1157.49,-126.30
104,2,0.01660,4.64,-19.24,-2.08,277.37,-1160.32,-124.45
104,3,0.02490,6.98,-29.18,-3.13,281.62,-1197.88,-126.47
104,4,0.03333,9.30,-39.22,-4.17,275.36,-1191.24,-123.55
104,5,0.04163,11.61,-49.42,-5.21,279.41,-1228.64,-125.37
104,6,0.05005,13.93,-59.78,-6.25,275.36,-1230.42,-123.55
104,7,0.05835,16.25,-70.31,-7.29,279.41,-1268.39,-125.37
104,8,0.06671,18.57,-81.00,-8.33,277.37,-1278.87,-124.45
104,9,0.07489,20.89,-91.86,-9.38,283.58,-1327.67,-127.24
104,10,0.08344,23.21,-102.88,-10.42,271.43,-1290.08,-121.79
104,11,0.09161,25.53,-114.07,-11.46,283.58,-1368.02,-127.24
104,12,0.10010,27.85,-125.43,-12.50,273.38,-1338.26,-122.66
104,13,0.10840,30.17,-136.94,-13.54,279.41,-1387.66,-125.37
104,14,0.11676,32.49,-148.63,-14.58,277.37,-1397.26,-124.45
104,15,0.12512,34.82,-160.56,-15.63,279.20,-1427.49,-125.55
104,16,0.13342,37.14,-172.58,-16.66,278.68,-1447.44,-124.63
104,17,0.14166,39.41,-184.76,-17.67,276.30,-1478.19,-121.85
104,18,0.15015,41.69,-197.10,-18.67,268.35,-1455.10,-118.35
104,19,0.15839,43.97,-209.61,-19.67,276.30,-1518.24,-121.85
104,20,0.16699,46.24,-222.29,-20.68,264.54,-1472.81,-116.67
104,21,0.17505,48.59,-235.54,-21.72,291.67,-1645.12,-128.79
104,22,0.18347,50.87,-248.55,-22.72,270.29,-1544.63,-119.20
104,23,0.19171,53.15,-261.73,-23.72,276.30,-1598.98,-121.85
104,24,0.20020,55.42,-275.07,-24.73,268.35,-1572.42,-118.35
104,25,0.20844,57.70,-288.57,-25.73,276.30,-1639.03,-121.85
104,26,0.21686,58.72,-289.38,-25.91,121.74,-95.31,-20.65
105,0,0.00000,0.00,0.00,0.00,252.54,-1114.23,-154.35
105,1,0.00824,2.11,-9.55,-1.28,255.56,-1159.01,-154.81
105,2,0.01672,4.21,-19.26,-2.55,248.20,-1145.11,-150.36
105,3,0.02490,6.32,-29.17,-3.83,257.84,-1210.68,-156.34
105,4,0.03333,8.43,-39.21,-5.11,250.00,-1192.63,-151.45
105,5,0.04156,10.53,-49.42,-6.38,255.56,-1239.16,-154.81
105,6,0.04993,12.64,-59.80,-7.66,251.82,-1240.80,-152.55
105,7,0.05829,14.74,-70.34,-8.93,251.82,-1260.53,-152.55
105,8,0.06659,16.85,-81.04,-10.21,253.68,-1289.68,-153.68
105,9,0.07495,18.95,-91.91,-11.48,251.82,-1300.00,-152.55
105,10,0.08325,21.06,-102.95,-12.76,253.68,-1329.43,-153.68
105,11,0.09155,23.17,-114.15,-14.04,253.68,-1349.31,-153.68
105,12,0.09967,25.27,-125.51,-15.31,259.40,-1400.07,-157.14
105,13,0.10803,27.38,-137.05,-16.59,251.82,-1378.93,-152.55
105,14,0.11639,29.48,-148.74,-17.86,251.82,-1398.66,-152.55
105,15,0.12463,31.59,-160.60,-19.14,255.56,-1439.41,-154.81
105,16,0.13306,33.70,-172.63,-20.42,250.72,-1427.71,-152.17
105,17,0.14136,35.84,-184.82,-21.73,258.09,-1468.58,-158.46
105,18,0.14966,37.99,-197.17,-23.05,258.09,-1488.46,-158.46
105,19,0.15802,40.13,-209.69,-24.37,256.20,-1497.33,-157.30
105,20,0.16632,42.27,-222.38,-25.68,258.09,-1528.21,-158.46
105,21,0.17462,44.41,-235.23,-27.00,258.09,-1548.09,-158.46
105,22,0.18304,46.55,-248.24,-28.31,254.35,-1545.25,-156.16
105,23,0.19128,48.70,-261.42,-29.63,260.00,-1599.61,-159.63
105,24,0.19958,49.91,-264.33,-30.84,146.69,-350.49,-146.32
106,0,0.00000,0.00,0.00,0.00,108.76,-1121.30,-277.74
106,1,0.00836,0.91,-9.54,-2.29,108.39,-1141.03,-273.36
106,2,0.01678,1.81,-19.25,-4.57,107.61,-1152.35,-271.38
106,3,0.02502,2.72,-29.12,-6.86,110.00,-1197.98,-277.41
106,4,0.03339,3.63,-39.15,-9.14,108.39,-1200.23,-273.36
106,5,0.04163,4.53,-49.36,-11.43,110.00,-1238.03,-277.41
106,6,0.04999,5.44,-59.72,-13.71,108.39,-1239.69,-273.36
106,7,0.05829,6.34,-70.25,-16.00,109.19,-1268.69,-275.37
106,8,0.06677,7.25,-80.95,-18.29,106.83,-1260.75,-269.42
106,9,0.07495,8.16,-91.81,-20.57,110.82,-1327.97,-279.48
106,10,0.08337,9.06,-102.84,-22.86,107.61,-1309.07,-271.38
106,11,0.09161,9.97,-114.03,-25.14,110.00,-1358.19,-277.41
106,12,0.09998,10.88,-125.38,-27.43,108.39,-1358.09,-273.36
106,13,0.10822,11.78,-136.90,-29.71,110.00,-1398.23,-277.41
106,14,0.11664,12.69,-148.59,-32.00,107.61,-1387.43,-271.38
106,15,0.12500,13.60,-160.44,-34.29,108.39,-1417.29,-273.36
106,16,0.13324,14.50,-172.46,-36.58,110.00,-1458.31,-278.52
106,17,0.14148,15.41,-184.64,-38.92,110.37,-1478.34,-284.07
106,18,0.14990,16.32,-196.98,-41.26,107.97,-1465.79,-277.90
106,19,0.15820,17.23,-209.50,-43.60,109.56,-1507.22,-281.99
106,20,0.16650,18.14,-222.17,-45.94,109.56,-1527.10,-281.99
106,21,0.17480,19.05,-235.01,-48.28,109.56,-1546.98,-281.99
106,22,0.18323,19.96,-248.02,-50.63,107.97,-1544.15,-277.90
106,23,0.19147,20.87,-261.19,-52.97,110.37,-1598.49,-284.07
106,24,0.19989,21.78,-274.53,-55.31,107.97,-1583.33,-277.90
106,25,0.20813,22.69,-288.03,-57.65,110.37,-1638.54,-284.07
106,26,0.21649,23.99,-292.84,-59.83,155.84,-575.04,-260.95
107,0,0.00000,0.00,0.00,0.00,-276.45,-1113.38,-106.88
107,1,0.00830,-2.33,-9.54,-0.86,-280.88,-1149.64,-104.04
107,2,0.01666,-4.66,-19.25,-1.73,-278.83,-1160.98,-103.28
107,3,0.02502,-6.99,-29.12,-2.59,-278.83,-1180.71,-103.28
107,4,0.03333,-9.33,-39.16,-3.45,-280.88,-1209.27,-104.04
107,5,0.04163,-11.66,-49.36,-4.32,-280.88,-1229.15,-104.04
107,6,0.05011,-13.99,-59.73,-5.18,-274.82,-1222.07,-101.80
107,7,0.05835,-16.32,-70.27,-6.05,-282.96,-1278.30,-104.81
107,8,0.06671,-18.65,-80.96,-6.91,-278.83,-1279.37,-103.28
107,9,0.07507,-20.98,-91.83,-7.77,-278.83,-1299.11,-103.28
107,10,0.08331,-23.32,-102.85,-8.64,-282.96,-1338.38,-104.81
107,11,0.09167,-25.65,-114.05,-9.50,-278.83,-1338.57,-103.28
107,12,0.10004,-27.98,-125.40,-10.36,-278.83,-1358.31,-103.28
107,13,0.10828,-30.31,-136.93,-11.23,-282.96,-1398.45,-104.81
107,14,0.11670,-32.64,-148.62,-12.09,-276.81,-1387.64,-102.54
107,15,0.12500,-34.97,-160.47,-12.95,-280.88,-1427.93,-104.04
107,16,0.13336,-37.30,-172.49,-13.83,-278.83,-1437.24,-104.38
107,17,0.14166,-39.65,-184.73,-14.75,-281.99,-1474.72,-111.40
107,18,0.14996,-41.97,-197.08,-15.67,-280.51,-1487.66,-110.66
107,19,0.15826,-44.30,-209.59,-16.59,-280.51,-1507.53,-110.66
107,20,0.16675,-46.63,-222.27,-17.51,-274.46,-1494.45,-108.27
107,21,0.17487,-48.96,-235.11,-18.43,-286.84,-1582.19,-113.16
107,22,0.18323,-51.29,-248.12,-19.35,-278.47,-1555.73,-109.85
107,23,0.19159,-53.62,-261.29,-20.26,-278.47,-1575.46,-109.85
107,24,0.19995,-55.94,-274.63,-21.18,-278.47,-1595.19,-109.85
107,25,0.20819,-58.27,-288.14,-22.10,-282.59,-1638.85,-111.48
107,26,0.21661,-60.60,-301.81,-23.02,-276.45,-1622.81,-109.06
107,27,0.22479,-62.93,-315.64,-23.94,-284.70,-1691.43,-112.31
107,28,0.23322,-65.26,-329.64,-24.86,-276.09,-1661.99,-109.78
107,29,0.24152,-69.56,-338.18,-26.06,-519.12,-1029.13,-144.12
108,0,0.00000,0.00,0.00,0.00,-192.65,-1129.29,231.99
108,1,0.00842,-1.62,-9.54,1.96,-192.03,-1132.52,232.97
108,2,0.01660,-3.23,-19.24,3.92,-197.76,-1186.50,239.93
108,3,0.02496,-4.85,-29.11,5.89,-193.43,-1180.25,234.67
108,4,0.03326,-6.47,-39.15,7.85,-194.85,-1208.81,236.40
108,5,0.04169,-8.09,-49.35,9.81,-192.03,-1210.88,232.97
108,6,0.04993,-9.70,-59.71,11.77,-196.30,-1257.81,238.15
108,7,0.05835,-11.32,-70.24,13.74,-192.03,-1250.06,232.97
108,8,0.06659,-12.94,-80.93,15.70,-196.30,-1297.86,238.15
108,9,0.07495,-14.56,-91.79,17.66,-193.43,-1298.65,234.67
108,10,0.08325,-16.17,-102.82,19.62,-194.85,-1328.07,236.40
108,11,0.09155,-17.79,-114.00,21.59,-194.85,-1347.95,236.40
108,12,0.09991,-19.41,-125.36,23.55,-193.43,-1357.85,234.67
108,13,0.10828,-21.03,-136.88,25.51,-193.43,-1377.58,234.67
108,14,0.11658,-22.64,-148.56,27.47,-194.85,-1407.59,236.40
108,15,0.12488,-24.26,-160.41,29.43,-194.85,-1427.46,236.40
108,16,0.13318,-25.87,-172.42,31.39,-194.12,-1447.34,235.66
108,17,0.14154,-27.47,-184.60,33.30,-190.51,-1456.51,228.47
108,18,0.14996,-29.06,-196.95,35.21,-189.13,-1465.55,226.81
108,19,0.15826,-30.65,-209.46,37.12,-191.91,-1506.98,230.15
108,20,0.16656,-32.24,-222.13,39.03,-191.91,-1526.85,230.15
108,21,0.17499,-33.84,-234.97,40.94,-189.13,-1524.31,226.81
108,22,0.18317,-35.43,-247.97,42.85,-194.78,-1589.99,233.58
108,23,0.19171,-37.02,-261.14,44.76,-186.43,-1541.16,223.57
108,24,0.19989,-36.97,-265.32,47.34,6.72,-510.18,315.30
109,0,0.00000,0.00,0.00,0.00,261.48,-1138.23,-152.22
109,1,0.00836,2.13,-9.54,-1.23,254.74,-1141.35,-146.72
109,2,0.01678,4.26,-19.25,-2.45,252.90,-1152.67,-145.65
109,3,0.02509,6.39,-29.13,-3.68,256.62,-1189.50,-147.79
109,4,0.03339,8.52,-39.17,-4.91,256.62,-1209.38,-147.79
109,5,0.04181,10.65,-49.37,-6.13,252.90,-1211.44,-145.65
109,6,0.04999,12.78,-59.74,-7.36,260.45,-1267.78,-150.00
109,7,0.05835,14.91,-70.27,-8.59,254.74,-1259.75,-146.72
109,8,0.06696,17.04,-80.97,-9.81,247.52,-1243.18,-142.55
109,9,0.07507,19.22,-92.07,-11.07,268.05,-1367.64,-154.51
109,10,0.08337,21.35,-103.10,-12.30,256.62,-1329.08,-147.79
109,11,0.09174,23.48,-114.30,-13.52,254.74,-1339.11,-146.72
109,12,0.09991,25.61,-125.66,-14.75,260.45,-1389.26,-150.00
109,13,0.10834,27.74,-137.19,-15.98,252.90,-1368.58,-145.65
109,14,0.11664,29.87,-148.88,-17.20,256.62,-1408.59,-147.79
109,15,0.12500,32.00,-160.74,-18.43,254.74,-1418.04,-146.72
109,16,0.13324,34.14,-172.76,-19.66,259.63,-1459.07,-149.63
109,17,0.14172,36.31,-184.95,-20.93,255.76,-1436.53,-149.28
109,18,0.14996,38.48,-197.30,-22.20,263.33,-1499.12,-153.70
109,19,0.15833,40.65,-209.82,-23.46,259.49,-1496.97,-151.46
109,20,0.16663,42.82,-222.50,-24.73,261.40,-1527.86,-152.57
109,21,0.17493,44.99,-235.35,-25.99,261.40,-1547.73,-152.57
109,22,0.18323,47.16,-248.36,-27.26,261.40,-1567.61,-152.57
109,23,0.19165,49.33,-261.54,-28.53,257.61,-1564.48,-150.36
109,24,0.19989,51.50,-274.88,-29.79,263.33,-1619.27,-153.70
109,25,0.20825,53.67,-288.39,-31.06,259.49,-1615.37,-151.46
109,26,0.21661,55.83,-302.06,-32.33,259.49,-1635.10,-151.46
109,27,0.22504,58.00,-315.90,-33.59,257.61,-1642.84,-150.36
109,28,0.23334,60.18,-329.90,-34.87,262.13,-1686.88,-153.31
109,29,0.24170,62.12,-338.94,-36.72,231.39,-1080.30,-221.90
110,0,0.00000,0.00,0.00,0.00,-277.74,-1122.11,-110.95
110,1,0.00830,-2.33,-9.55,-0.89,-280.15,-1150.23,-107.35
110,2,0.01660,-4.65,-19.26,-1.78,-280.15,-1170.11,-107.35
110,3,0.02496,-6.98,-29.14,-2.67,-278.10,-1181.30,-106.57
110,4,0.03326,-9.30,-39.18,-3.56,-280.15,-1209.87,-107.35
110,5,0.04169,-11.63,-49.39,-4.46,-276.09,-1211.92,-105.80
110,6,0.04993,-13.95,-59.76,-5.35,-282.22,-1258.88,-108.15
110,7,0.05835,-16.28,-70.30,-6.24,-276.09,-1251.10,-105.80
110,8,0.06665,-18.60,-81.00,-7.13,-280.15,-1289.38,-107.35
110,9,0.07501,-20.93,-91.87,-8.02,-278.10,-1299.70,-106.57
110,10,0.08331,-23.25,-102.90,-8.91,-280.15,-1329.14,-107.35
110,11,0.09167,-25.58,-114.10,-9.80,-278.10,-1339.17,-106.57
110,12,0.09991,-27.91,-125.46,-10.69,-282.22,-1379.03,-108.15
110,13,0.10828,-30.23,-136.99,-11.58,-278.10,-1378.63,-106.57
110,14,0.11658,-32.56,-148.68,-12.48,-280.15,-1408.65,-107.35
110,15,0.12494,-34.88,-160.54,-13.37,-278.10,-1418.10,-106.57
110,16,0.13336,-37.20,-172.57,-14.27,-275.72,-1427.41,-106.88
110,17,0.14166,-39.52,-184.75,-15.21,-279.41,-1468.28,-113.97
110,18,0.14996,-41.84,-197.11,-16.16,-279.41,-1488.39,-113.97
110,19,0.15826,-44.16,-209.63,-17.11,-279.41,-1508.04,-113.97
110,20,0.16656,-46.48,-222.31,-18.05,-279.41,-1527.92,-113.97
110,21,0.17493,-48.80,-235.16,-19.00,-277.37,-1536.50,-113.14
110,22,0.18323,-51.12,-248.17,-19.94,-279.41,-1567.67,-113.97
110,23,0.19165,-53.44,-261.35,-20.89,-275.36,-1564.54,-112.32
110,24,0.19983,-55.76,-274.69,-21.84,-283.58,-1631.42,-115.67
110,25,0.20825,-58.08,-288.20,-22.78,-275.36,-1603.72,-112.32
110,26,0.21661,-60.40,-301.87,-23.73,-277.37,-1635.16,-113.14
110,27,0.22485,-63.02,-311.96,-24.64,-317.78,-1223.76,-110.74
111,0,0.00000,0.00,0.00,0.00,290.58,-1112.98,59.42
111,1,0.00830,2.44,-9.54,0.46,294.49,-1149.22,55.88
111,2,0.01672,4.89,-19.24,0.93,290.22,-1152.15,55.07
111,3,0.02502,7.33,-29.11,1.39,294.49,-1188.98,55.88
111,4,0.03339,9.79,-39.19,1.86,293.43,-1204.72,55.47
111,5,0.04169,12.23,-49.39,2.32,294.49,-1228.81,55.88
111,6,0.05005,14.68,-59.75,2.78,292.34,-1239.57,55.47
111,7,0.05835,17.12,-70.28,3.25,294.49,-1268.57,55.88
111,8,0.06677,19.56,-80.98,3.71,290.22,-1269.77,55.07
111,9,0.07501,22.01,-91.84,4.17,296.67,-1318.01,56.30
111,10,0.08337,24.46,-102.90,4.64,293.43,-1322.81,55.47
111,11,0.09167,26.91,-114.09,5.10,294.49,-1348.14,55.88
111,12,0.10004,29.35,-125.44,5.57,292.34,-1358.03,55.47
111,13,0.10834,31.80,-136.97,6.03,294.49,-1387.90,55.88
111,14,0.11682,34.24,-148.65,6.49,288.13,-1377.39,54.68
111,15,0.12500,36.71,-160.61,6.96,301.87,-1462.29,57.09
111,16,0.13336,39.15,-172.63,7.43,292.34,-1437.15,56.57
111,17,0.14160,41.60,-184.81,7.95,297.04,-1478.46,62.96
111,18,0.14996,44.05,-197.16,8.47,292.70,-1476.61,62.04
111,19,0.15808,46.50,-209.67,8.99,301.50,-1541.35,63.91
111,20,0.16644,48.94,-222.35,9.51,292.70,-1516.08,62.04
111,21,0.17468,51.39,-235.19,10.03,297.04,-1558.56,62.96
111,22,0.18304,53.84,-248.20,10.55,292.70,-1555.54,62.04
111,23,0.19128,56.29,-261.37,11.07,297.04,-1598.61,62.96
111,24,0.19971,58.73,-274.70,11.58,290.58,-1583.45,61.59
111,25,0.20801,61.18,-288.21,12.10,294.85,-1626.61,62.50
111,26,0.21637,63.63,-301.87,12.62,292.70,-1634.47,62.04
111,27,0.22461,65.48,-305.73,13.40,224.07,-467.71,94.07
112,0,0.00000,0.00,0.00,0.00,2.21,-1139.67,303.68
112,1,0.00824,0.05,-9.55,2.49,6.30,-1158.49,301.85
112,2,0.01666,0.10,-19.26,4.97,6.16,-1152.90,295.29
112,3,0.02490,0.16,-29.44,7.54,6.67,-1236.37,311.48
112,4,0.03326,0.21,-39.49,10.03,6.20,-1201.40,297.45
112,5,0.04169,0.26,-49.70,12.52,6.16,-1212.28,295.29
112,6,0.04999,0.31,-60.08,15.00,6.25,-1249.99,299.63
112,7,0.05829,0.37,-70.62,17.49,6.25,-1269.86,299.63
112,8,0.06665,0.42,-81.32,19.98,6.20,-1280.33,297.45
112,9,0.07489,0.47,-92.19,22.46,6.30,-1319.32,301.85
112,10,0.08331,0.52,-103.23,24.95,6.16,-1310.23,295.29
112,11,0.09155,0.57,-114.43,27.44,6.30,-1359.37,301.85
112,12,0.09998,0.63,-125.80,29.93,6.16,-1349.41,295.29
112,13,0.10828,0.68,-137.33,32.41,6.25,-1389.13,299.63
112,14,0.11658,0.73,-149.02,34.90,6.25,-1409.01,299.63
112,15,0.12488,0.78,-160.88,37.39,6.25,-1428.89,299.63
112,16,0.13324,0.82,-172.91,39.88,5.11,-1438.19,297.81
112,17,0.14160,0.82,-185.10,42.38,0.00,-1457.92,299.27
112,18,0.14996,0.82,-197.46,44.88,0.00,-1477.66,299.27
112,19,0.15833,0.82,-209.99,47.39,0.00,-1498.37,299.64
112,20,0.16663,0.82,-222.67,49.89,0.00,-1528.29,301.47
112,21,0.17499,0.82,-235.52,52.39,0.00,-1536.87,299.27
112,22,0.18329,0.82,-248.54,54.90,0.00,-1568.05,301.47
112,23,0.19153,0.82,-261.72,57.40,0.00,-1599.69,303.70
112,24,0.20001,0.82,-275.07,59.90,0.00,-1573.10,294.96
112,25,0.20825,0.82,-288.58,62.40,0.00,-1639.74,303.70
112,26,0.21661,0.82,-302.25,64.90,0.00,-1635.53,299.27
112,27,0.22504,1.09,-310.64,67.65,31.88,-995.36,326.09
113,0,0.00000,0.00,0.00,0.00,2.17,-1113.56,296.74
113,1,0.00842,0.05,-9.54,2.49,6.16,-1133.15,295.29
113,2,0.01678,0.10,-19.25,4.97,6.20,-1161.16,297.45
113,3,0.02509,0.16,-29.13,7.46,6.25,-1189.57,299.63
113,4,0.03345,0.21,-39.17,9.95,6.20,-1200.62,297.45
113,5,0.04175,0.26,-49.37,12.44,6.25,-1229.33,299.63
113,6,0.05017,0.31,-59.74,14.92,6.16,-1231.10,295.29
113,7,0.05847,0.36,-70.28,17.41,6.25,-1269.08,299.63
113,8,0.06677,0.42,-80.98,19.90,6.25,-1288.96,299.63
113,9,0.07501,0.47,-91.84,22.38,6.30,-1318.54,301.85
113,10,0.08344,0.52,-102.87,24.87,6.16,-1309.46,295.29
113,11,0.09167,0.57,-114.06,27.36,6.30,-1358.59,301.85
113,12,0.10010,0.62,-125.42,29.85,6.16,-1348.64,295.29
113,13,0.10846,0.67,-136.95,32.33,6.20,-1378.22,297.45
113,14,0.11682,0.73,-148.64,34.82,6.20,-1397.95,297.45
113,15,0.12500,0.78,-160.49,37.31,6.34,-1449.42,304.10
113,16,0.13342,0.82,-172.51,39.80,5.43,-1427.00,295.65
113,17,0.14172,0.82,-184.69,42.30,0.00,-1467.86,301.47
113,18,0.15015,0.82,-197.04,44.80,0.00,-1466.18,297.10
113,19,0.15845,0.82,-209.56,47.31,0.00,-1507.62,301.47
113,20,0.16681,0.82,-222.24,49.81,0.00,-1516.35,299.27
113,21,0.17511,0.82,-235.08,52.31,0.00,-1547.38,301.47
113,22,0.18353,0.82,-248.09,54.81,0.00,-1544.54,297.10
113,23,0.19177,0.82,-261.27,57.32,0.00,-1598.89,303.70
113,24,0.20020,0.82,-274.61,59.82,0.00,-1583.72,297.10
113,25,0.20844,0.82,-288.11,62.32,0.00,-1638.94,303.70
113,26,0.21692,0.82,-301.78,64.82,0.00,-1611.22,294.96
113,27,0.22510,0.82,-315.61,67.32,0.00,-1691.52,305.97
113,28,0.23352,0.82,-327.96,70.00,0.00,-1465.59,317.39
114,0,0.00000,0.00,0.00,0.00,216.42,-1122.82,-205.84
114,1,0.00830,1.78,-9.55,-1.74,214.34,-1150.95,-209.56
114,2,0.01660,3.56,-19.27,-3.48,214.34,-1170.83,-209.56
114,3,0.02502,5.34,-29.16,-5.22,211.23,-1173.45,-206.52
114,4,0.03326,7.12,-39.21,-6.96,215.93,-1219.55,-211.11
114,5,0.04169,8.90,-49.42,-8.70,211.23,-1212.63,-206.52
114,6,0.04993,10.68,-59.80,-10.44,215.93,-1259.60,-211.11
114,7,0.05829,12.45,-70.34,-12.18,212.77,-1260.95,-208.03
114,8,0.06659,14.23,-81.05,-13.92,214.34,-1290.09,-209.56
114,9,0.07507,16.01,-91.92,-15.66,209.71,-1281.70,-205.04
114,10,0.08331,17.79,-102.96,-17.40,215.93,-1339.70,-211.11
114,11,0.09167,19.57,-114.17,-19.13,212.77,-1339.88,-208.03
114,12,0.10010,21.35,-125.54,-20.87,211.23,-1349.76,-206.52
114,13,0.10834,23.13,-137.07,-22.61,215.93,-1399.78,-211.11
114,14,0.11658,24.91,-148.77,-24.35,215.93,-1419.80,-211.11
114,15,0.12494,26.69,-160.63,-26.09,212.77,-1418.81,-208.03
114,16,0.13324,28.48,-172.66,-27.83,215.44,-1449.12,-209.19
114,17,0.14166,30.30,-184.85,-29.54,217.03,-1447.71,-203.26
114,18,0.14996,32.13,-197.21,-31.25,220.22,-1488.87,-206.25
114,19,0.15826,33.96,-209.74,-32.97,220.22,-1508.75,-206.25
114,20,0.16656,35.79,-222.43,-34.68,220.22,-1528.63,-206.25
114,21,0.17499,37.62,-235.28,-36.39,217.03,-1526.07,-203.26
114,22,0.18317,39.44,-248.30,-38.10,223.51,-1591.79,-209.33
114,23,0.19165,41.27,-261.48,-39.81,215.47,-1553.99,-201.80
114,24,0.19995,43.10,-274.83,-41.53,220.22,-1608.14,-206.25
114,25,0.20825,44.93,-288.35,-43.24,220.22,-1628.02,-206.25
114,26,0.21649,46.39,-296.34,-45.17,177.78,-970.70,-234.07
115,0,0.00000,0.00,0.00,0.00,215.22,-1112.46,-204.35
115,1,0.00824,1.78,-9.54,-1.74,215.93,-1157.20,-211.11
115,2,0.01660,3.56,-19.24,-3.48,212.77,-1160.04,-208.03
115,3,0.02490,5.34,-29.10,-5.22,214.34,-1188.45,-209.56
115,4,0.03326,7.12,-39.13,-6.96,212.77,-1199.51,-208.03
115,5,0.04169,8.90,-49.33,-8.70,211.23,-1210.41,-206.52
115,6,0.04999,10.68,-59.69,-10.44,214.34,-1248.08,-209.56
115,7,0.05829,12.45,-70.21,-12.18,214.34,-1267.96,-209.56
115,8,0.06665,14.23,-80.90,-13.92,212.77,-1278.44,-208.03
115,9,0.07489,16.01,-91.76,-15.66,215.93,-1317.40,-211.11
115,10,0.08325,17.79,-102.78,-17.40,212.77,-1317.91,-208.03
115,11,0.09161,19.57,-113.96,-19.13,212.77,-1337.64,-208.03
115,12,0.09991,21.35,-125.31,-20.87,214.34,-1367.35,-209.56
115,13,0.10828,23.13,-136.83,-22.61,212.77,-1377.10,-208.03
115,14,0.11670,24.91,-148.51,-24.35,211.23,-1386.71,-206.52
115,15,0.12494,26.69,-160.35,-26.09,215.93,-1437.56,-211.11
115,16,0.13330,28.47,-172.36,-27.83,213.50,-1436.30,-207.66
115,17,0.14148,30.30,-184.54,-29.54,223.51,-1488.63,-209.33
115,18,0.14996,32.13,-196.88,-31.25,215.47,-1454.53,-201.80
115,19,0.15826,33.96,-209.38,-32.97,220.22,-1506.50,-206.25
115,20,0.16669,35.78,-222.05,-34.68,217.03,-1504.25,-203.26
115,21,0.17487,37.61,-234.90,-36.39,223.51,-1571.21,-209.70
115,22,0.18335,39.44,-247.90,-38.10,215.47,-1532.35,-201.80
115,23,0.19153,41.27,-261.07,-39.82,223.51,-1609.71,-209.33
115,24,0.19983,43.10,-274.40,-41.53,220.22,-1605.91,-206.25
115,25,0.20825,44.92,-287.89,-43.24,217.03,-1602.23,-203.26
115,26,0.21655,46.84,-297.55,-44.81,230.15,-1163.43,-188.97
116,0,0.00000,0.00,0.00,0.00,219.63,-1138.62,-208.89
116,1,0.00842,1.78,-9.55,-1.74,211.23,-1133.46,-206.52
116,2,0.01672,3.58,-19.39,-3.50,217.28,-1185.92,-212.50
116,3,0.02509,5.36,-29.27,-5.24,212.77,-1181.47,-208.03
116,4,0.03339,7.14,-39.31,-6.98,214.34,-1210.03,-209.56
116,5,0.04169,8.92,-49.52,-8.72,214.34,-1229.91,-209.56
116,6,0.05005,10.70,-59.90,-10.46,212.77,-1240.66,-208.03
116,7,0.05841,12.48,-70.44,-12.20,212.77,-1260.40,-208.03
116,8,0.06671,14.26,-81.14,-13.94,214.34,-1289.54,-209.56
116,9,0.07507,16.04,-92.01,-15.68,212.77,-1299.86,-208.03
116,10,0.08344,17.82,-103.04,-17.42,212.77,-1319.60,-208.03
116,11,0.09180,19.60,-114.24,-19.16,212.77,-1339.33,-208.03
116,12,0.10004,21.37,-125.61,-20.90,215.93,-1379.20,-211.11
116,13,0.10840,23.15,-137.14,-22.64,212.77,-1378.80,-208.03
116,14,0.11676,24.93,-148.83,-24.38,212.77,-1398.53,-208.03
116,15,0.12524,26.71,-160.69,-26.12,209.71,-1397.85,-205.04
116,16,0.13342,28.50,-172.73,-27.86,219.03,-1472.28,-212.69
116,17,0.14178,30.33,-184.92,-29.57,218.61,-1457.75,-204.74
116,18,0.15009,32.16,-197.28,-31.28,220.22,-1488.35,-206.25
116,19,0.15851,33.99,-209.80,-32.99,217.03,-1486.37,-203.26
116,20,0.16675,35.82,-222.48,-34.70,221.85,-1539.43,-207.78
116,21,0.17517,37.64,-235.33,-36.42,217.03,-1525.55,-203.26
116,22,0.18341,39.47,-248.34,-38.13,221.85,-1579.48,-207.78
116,23,0.19177,41.30,-261.52,-39.84,218.61,-1576.15,-204.74
116,24,0.20001,43.13,-274.87,-41.55,221.85,-1619.53,-207.78
116,25,0.20837,44.96,-288.38,-43.26,218.61,-1615.62,-204.74
116,26,0.21667,46.76,-301.89,-44.96,217.65,-1627.70,-203.68
117,0,0.00000,0.00,0.00,0.00,261.87,-1105.23,792.09
117,1,0.00830,1.99,-9.54,6.32,239.34,-1149.49,761.76
117,2,0.01642,3.76,-19.25,12.21,218.42,-1195.74,725.56
117,3,0.02484,5.33,-29.12,17.69,186.59,-1172.01,650.36
117,4,0.03302,6.71,-39.16,22.78,168.66,-1227.17,621.64
117,5,0.04144,7.90,-49.36,27.47,141.67,-1211.19,556.88
117,6,0.05005,8.92,-59.75,31.78,118.09,-1206.96,501.77
117,7,0.05841,9.77,-70.37,35.75,101.46,-1270.90,474.82
117,8,0.06665,10.48,-81.07,39.43,86.30,-1298.40,445.56
117,9,0.07495,11.01,-91.93,42.70,63.97,-1308.73,394.85
117,10,0.08325,11.38,-102.96,45.63,44.85,-1328.60,352.21
117,11,0.09161,11.60,-114.16,48.20,25.55,-1338.64,307.30
117,12,0.09985,11.65,-125.51,50.41,6.67,-1378.50,268.52
117,13,0.10828,11.55,-137.04,52.26,-12.32,-1368.12,219.20
117,14,0.11658,11.29,-148.73,53.73,-31.62,-1408.88,177.21
117,15,0.12482,10.86,-160.59,54.82,-51.48,-1438.58,132.59
117,16,0.13336,10.28,-172.60,55.51,-68.21,-1406.52,80.71
117,17,0.14166,9.55,-184.79,55.76,-87.50,-1467.76,29.78
117,18,0.15002,8.66,-197.14,55.60,-106.20,-1476.78,-18.61
117,19,0.15820,7.65,-209.65,55.12,-124.25,-1530.02,-58.58
117,20,0.16650,6.62,-222.33,54.63,-123.53,-1527.40,-59.19
117,21,0.17487,5.59,-235.17,54.14,-123.36,-1535.98,-58.39
117,22,0.18335,4.56,-248.18,53.67,-121.58,-1533.33,-56.12
117,23,0.19153,3.52,-261.35,53.19,-126.49,-1610.72,-57.84
117,24,0.19977,2.49,-274.69,52.73,-125.56,-1618.81,-55.56
117,25,0.20807,1.45,-281.91,52.88,-125.37,-869.39,17.28
118,0,0.00000,0.00,0.00,0.00,-862.22,-1136.29,474.44
118,1,0.00824,-6.46,-9.53,3.68,-784.07,-1156.32,446.30
118,2,0.01672,-12.30,-19.22,7.16,-688.49,-1142.49,410.07
118,3,0.02496,-17.62,-29.08,10.47,-645.19,-1196.37,402.22
118,4,0.03339,-22.42,-39.10,13.61,-569.57,-1189.95,373.19
118,5,0.04156,-26.79,-49.29,16.62,-534.33,-1245.64,367.16
118,6,0.05005,-30.76,-59.64,19.49,-469.06,-1220.28,338.85
118,7,0.05823,-34.38,-70.16,22.24,-441.42,-1285.99,336.19
118,8,0.06665,-37.63,-80.84,24.87,-385.87,-1268.31,311.96
118,9,0.07489,-40.52,-91.69,27.37,-351.85,-1316.52,304.07
118,10,0.08337,-43.07,-102.70,29.75,-300.00,-1298.08,280.22
118,11,0.09155,-45.26,-113.88,32.00,-267.54,-1366.69,274.63
118,12,0.09991,-47.07,-125.22,34.11,-217.15,-1356.50,252.19
118,13,0.10834,-48.52,-136.73,36.07,-171.38,-1366.26,233.33
118,14,0.11664,-49.62,-148.40,37.90,-133.09,-1406.23,220.59
118,15,0.12494,-50.33,-160.24,39.57,-84.93,-1426.11,201.10
118,16,0.13330,-50.63,-172.24,41.09,-35.77,-1435.43,181.02
118,17,0.14160,-50.50,-184.41,42.47,15.44,-1465.86,166.18
118,18,0.14996,-49.94,-196.74,43.66,66.42,-1474.89,142.70
118,19,0.15826,-49.01,-209.28,44.69,112.13,-1510.31,123.90
118,20,0.16669,-48.06,-221.95,45.71,113.04,-1503.45,121.01
118,21,0.17499,-47.11,-234.77,46.73,114.34,-1545.43,123.53
118,22,0.18335,-46.18,-247.77,47.77,111.68,-1553.89,123.72
118,23,0.19177,-45.25,-260.92,48.81,109.42,-1562.22,123.91
118,24,0.20013,-44.37,-274.25,49.87,106.20,-1593.35,127.37
118,25,0.20837,-43.50,-287.74,50.95,105.56,-1636.98,130.37
118,26,0.21680,-43.15,-294.85,52.33,41.67,-844.42,163.41
119,0,0.00000,0.00,0.00,0.00,278.52,-1138.33,120.37
119,1,0.00830,2.30,-9.54,0.96,276.84,-1149.84,115.07
119,2,0.01660,4.60,-19.25,1.91,276.84,-1169.72,115.07
119,3,0.02490,6.89,-29.13,2.87,276.84,-1189.59,115.07
119,4,0.03345,9.19,-39.17,3.82,268.93,-1174.92,111.79
119,5,0.04163,11.49,-49.37,4.78,280.97,-1247.70,116.79
119,6,0.05005,13.79,-59.74,5.73,272.83,-1231.12,113.41
119,7,0.05835,16.09,-70.28,6.69,276.84,-1269.11,115.07
119,8,0.06671,18.38,-80.98,7.64,274.82,-1279.57,114.23
119,9,0.07501,20.68,-91.84,8.60,276.84,-1308.86,115.07
119,10,0.08337,22.98,-102.87,9.55,274.82,-1319.04,114.23
119,11,0.09161,25.28,-114.07,10.51,278.89,-1358.61,115.93
119,12,0.10022,26.67,-125.42,12.48,161.70,-1319.97,229.08
119,13,0.10840,26.77,-136.97,15.93,11.94,-1411.36,422.39
119,14,0.11670,27.05,-148.66,19.20,33.82,-1408.28,394.12
119,15,0.12500,27.62,-160.51,22.16,69.49,-1428.16,355.88
119,16,0.13348,28.50,-172.53,24.80,102.88,-1416.79,311.15
119,17,0.14172,29.66,-184.75,27.16,140.74,-1482.97,287.04
119,18,0.15009,31.09,-197.10,29.20,171.90,-1476.99,243.43
119,19,0.15826,32.82,-209.62,30.90,210.82,-1530.23,207.84
119,20,0.16669,34.61,-222.30,32.53,212.32,-1505.47,193.48
119,21,0.17499,36.39,-235.14,34.17,214.71,-1547.49,197.79
119,22,0.18329,38.15,-248.15,35.84,212.50,-1567.36,201.47
119,23,0.19153,39.90,-261.33,37.53,212.59,-1599.00,205.19
119,24,0.19989,41.62,-274.67,39.28,205.11,-1595.39,209.12
119,25,0.20813,43.33,-288.17,41.04,207.41,-1639.05,213.70
119,26,0.21655,45.05,-301.84,42.80,203.99,-1623.01,209.06
119,27,0.22473,46.82,-311.05,44.58,217.16,-1125.91,217.16
120,0,0.00000,0.00,0.00,0.00,-284.87,-1133.70,-101.11
120,1,0.00836,-2.35,-9.54,-0.88,-281.39,-1141.02,-104.74
120,2,0.01669,-4.71,-19.25,-1.75,-282.42,-1165.01,-105.13
120,3,0.02512,-7.06,-29.12,-2.63,-279.35,-1171.93,-103.99
120,4,0.03329,-9.41,-39.15,-3.50,-287.69,-1227.09,-107.09
120,5,0.04169,-11.76,-49.36,-4.38,-280.36,-1215.52,-104.36
120,6,0.04996,-14.12,-59.72,-5.26,-284.50,-1253.41,-105.90
120,7,0.05832,-16.47,-70.25,-6.13,-281.39,-1259.42,-104.74
120,8,0.06665,-18.82,-80.95,-7.01,-282.42,-1283.84,-105.13
120,9,0.07507,-21.18,-91.81,-7.88,-279.35,-1289.47,-103.99
120,10,0.08325,-23.53,-102.84,-8.76,-287.69,-1348.14,-107.09
120,11,0.09164,-25.88,-114.03,-9.63,-280.36,-1333.48,-104.36
120,12,0.09995,-28.23,-125.38,-10.51,-283.46,-1368.07,-105.51
120,13,0.10834,-30.59,-136.90,-11.39,-280.36,-1372.80,-104.36
120,14,0.11661,-32.94,-148.59,-12.26,-284.50,-1413.02,-105.90
120,15,0.12500,-35.29,-160.44,-13.14,-280.36,-1412.13,-104.36
120,16,0.13327,-37.65,-172.46,-14.01,-284.50,-1452.92,-105.17
120,17,0.14166,-40.00,-184.64,-14.83,-280.73,-1451.45,-97.82
120,18,0.14993,-42.36,-196.98,-15.65,-284.87,-1492.82,-99.26
120,19,0.15826,-44.71,-209.49,-16.47,-282.78,-1501.69,-98.53
120,20,0.16656,-47.07,-222.17,-17.29,-283.82,-1527.09,-98.90
120,21,0.17496,-49.43,-235.01,-18.11,-280.73,-1530.10,-97.82
120,22,0.18323,-51.78,-248.02,-18.93,-284.87,-1572.63,-99.26
120,23,0.19159,-54.14,-261.19,-19.75,-281.75,-1575.14,-98.18
120,24,0.19989,-56.49,-274.52,-20.57,-283.82,-1606.60,-98.90
120,25,0.20834,-58.85,-288.03,-21.40,-278.70,-1597.12,-97.11
120,26,0.21655,-61.21,-301.69,-22.22,-286.99,-1664.72,-100.00
120,27,0.22516,-63.56,-315.52,-23.04,-273.76,-1607.15,-95.39
120,28,0.23325,-66.13,-328.23,-23.69,-317.36,-1571.48,-80.38
121,0,0.00000,0.00,0.00,0.00,-79.27,-1115.70,287.27
121,1,0.00830,-0.71,-9.53,2.41,-85.29,-1147.89,290.44
121,2,0.01672,-1.42,-19.22,4.82,-84.06,-1150.84,286.23
121,3,0.02505,-2.12,-29.08,7.23,-84.98,-1183.29,289.38
121,4,0.03348,-2.83,-39.10,9.64,-84.06,-1190.02,286.23
121,5,0.04166,-3.54,-49.29,12.05,-86.57,-1245.72,294.78
121,6,0.05005,-4.25,-59.65,14.47,-84.36,-1233.67,287.27
121,7,0.05829,-4.96,-70.16,16.88,-85.93,-1276.54,292.59
121,8,0.06671,-5.66,-80.85,19.29,-84.06,-1268.38,286.23
121,9,0.07495,-6.37,-91.70,21.70,-85.93,-1316.59,292.59
121,10,0.08334,-7.08,-102.71,24.11,-84.36,-1312.32,287.27
121,11,0.09164,-7.79,-113.89,26.52,-85.29,-1346.67,290.44
121,12,0.10001,-8.50,-125.23,28.93,-84.67,-1356.57,288.32
121,13,0.10825,-9.20,-136.74,31.34,-85.93,-1396.69,292.59
121,14,0.11673,-9.91,-148.41,33.75,-83.45,-1375.95,284.17
121,15,0.12494,-10.62,-160.25,36.16,-86.25,-1442.09,293.68
121,16,0.13327,-11.33,-172.25,38.57,-84.98,-1440.76,289.38
121,17,0.14169,-11.98,-184.42,40.99,-77.54,-1444.69,286.23
121,18,0.15005,-12.63,-196.76,43.40,-78.10,-1474.97,288.32
121,19,0.15811,-13.29,-209.25,45.81,-81.06,-1551.32,299.24
121,20,0.16666,-13.94,-221.92,48.22,-76.43,-1481.98,282.14
121,21,0.17496,-14.59,-234.75,50.63,-78.68,-1545.45,290.44
121,22,0.18314,-15.25,-247.74,53.04,-79.85,-1588.69,294.78
121,23,0.19147,-15.90,-260.90,55.45,-78.39,-1579.40,289.38
121,24,0.19992,-16.55,-274.22,57.86,-77.26,-1576.11,285.20
122,0,0.00000,0.00,0.00,0.00,148.33,-1140.55,266.17
122,1,0.00851,1.19,-9.53,2.22,139.43,-1119.05,260.22
122,2,0.01678,2.37,-19.22,4.43,143.54,-1172.03,267.90
122,3,0.02512,3.56,-29.08,6.65,142.49,-1183.25,265.93
122,4,0.03339,4.75,-39.10,8.86,143.54,-1211.93,267.90
122,5,0.04181,5.94,-49.29,11.08,140.94,-1209.57,263.04
122,6,0.05005,7.12,-59.64,13.29,144.07,-1256.48,268.89
122,7,0.05844,8.31,-70.16,15.51,141.45,-1253.29,264.00
122,8,0.06674,9.50,-80.84,17.72,143.01,-1286.99,266.91
122,9,0.07501,10.68,-91.69,19.94,143.54,-1311.69,267.90
122,10,0.08334,11.87,-102.71,22.16,142.49,-1322.24,265.93
122,11,0.09167,13.06,-113.89,24.37,142.49,-1341.70,265.93
122,12,0.09991,14.25,-125.23,26.59,144.07,-1376.63,268.89
122,13,0.10828,15.43,-136.74,28.80,141.97,-1376.27,264.96
122,14,0.11661,16.62,-148.41,31.02,142.49,-1401.11,265.93
122,15,0.12497,17.81,-160.25,33.23,141.97,-1415.73,264.96
122,16,0.13321,18.99,-172.25,35.45,144.07,-1456.73,268.52
122,17,0.14154,20.22,-184.42,37.62,147.25,-1460.53,261.17
122,18,0.14987,21.45,-196.75,39.80,147.25,-1480.33,261.17
122,19,0.15833,22.67,-209.25,41.97,145.13,-1478.48,257.40
122,20,0.16653,23.90,-221.91,44.15,149.44,-1542.55,265.06
122,21,0.17490,25.13,-234.74,46.33,146.72,-1534.13,260.22
122,22,0.18317,26.35,-247.74,48.50,148.34,-1571.06,263.10
122,23,0.19159,27.58,-260.89,50.68,145.65,-1562.19,258.33
122,24,0.19983,28.81,-274.22,52.85,148.89,-1616.93,264.07
122,25,0.20819,30.04,-287.70,55.03,146.72,-1613.06,260.22
122,26,0.21649,30.69,-293.10,58.28,78.68,-649.85,391.18
123,0,0.00000,0.00,0.00,0.00,-198.92,-1108.51,-218.77
123,1,0.00821,-1.70,-9.54,-1.82,-207.06,-1161.57,-221.19
123,2,0.01662,-3.40,-19.24,-3.63,-202.18,-1153.79,-215.97
123,3,0.02483,-5.10,-29.10,-5.45,-207.06,-1201.77,-221.19
123,4,0.03319,-6.80,-39.13,-7.26,-203.28,-1199.58,-217.15
123,5,0.04153,-8.50,-49.33,-9.08,-203.66,-1221.54,-217.55
123,6,0.04977,-10.20,-59.69,-10.89,-206.30,-1257.40,-220.37
123,7,0.05797,-11.90,-70.21,-12.71,-207.45,-1284.56,-221.60
123,8,0.06674,-13.60,-80.91,-14.53,-193.74,-1218.47,-206.96
123,9,0.07500,-15.30,-91.76,-16.34,-205.91,-1315.04,-219.96
123,10,0.08295,-17.00,-102.78,-18.16,-213.82,-1386.27,-228.41
123,11,0.09135,-18.70,-113.97,-19.97,-202.18,-1330.42,-215.97
123,12,0.09996,-20.40,-125.32,-21.79,-197.52,-1318.93,-210.99
123,13,0.10802,-22.10,-136.83,-23.61,-210.98,-1429.34,-225.38
123,14,0.11676,-23.80,-148.51,-25.42,-194.42,-1335.96,-207.68
123,15,0.12473,-25.50,-160.36,-27.24,-213.41,-1487.20,-227.97
123,16,0.13303,-27.19,-172.37,-29.06,-204.41,-1446.93,-219.49
123,17,0.14146,-28.87,-184.55,-30.92,-198.19,-1442.94,-220.61
123,18,0.14984,-30.54,-196.89,-32.78,-199.64,-1473.15,-222.22
123,19,0.15807,-32.21,-209.39,-34.64,-203.34,-1520.54,-226.35
123,20,0.16660,-33.88,-222.06,-36.51,-196.06,-1485.48,-218.25
123,21,0.17496,-35.56,-234.90,-38.37,-200.00,-1535.03,-222.63
123,22,0.18321,-37.23,-247.90,-40.23,-202.59,-1574.88,-225.51
123,23,0.19173,-38.90,-261.06,-42.09,-196.42,-1546.28,-218.64
123,24,0.19987,-40.57,-274.40,-43.95,-205.24,-1636.03,-228.46
123,25,0.20833,-42.25,-287.89,-45.81,-197.83,-1596.49,-220.22
123,26,0.21693,-44.17,-294.71,-47.66,-223.40,-791.82,-214.54
124,0,0.00000,0.00,0.00,0.00,178.44,-1140.51,-246.84
124,1,0.00842,1.43,-9.53,-2.04,169.20,-1131.18,-242.39
124,2,0.01688,2.85,-19.22,-4.08,168.59,-1146.62,-241.52
124,3,0.02545,4.28,-29.08,-6.12,166.19,-1149.53,-238.08
124,4,0.03381,5.70,-39.10,-8.17,170.44,-1198.63,-244.16
124,5,0.04199,7.13,-49.29,-10.21,174.25,-1245.64,-249.63
124,6,0.05032,8.55,-59.64,-12.25,171.06,-1242.64,-245.05
124,7,0.05878,9.98,-70.16,-14.29,168.59,-1244.21,-241.52
124,8,0.06705,11.40,-80.84,-16.33,172.32,-1291.71,-246.86
124,9,0.07532,12.83,-91.69,-18.37,172.32,-1311.66,-246.86
124,10,0.08380,14.25,-102.70,-20.42,167.99,-1298.08,-240.65
124,11,0.09195,15.68,-113.88,-22.46,174.91,-1371.81,-250.56
124,12,0.10040,17.10,-125.22,-24.50,168.59,-1341.81,-241.52
124,13,0.10864,18.53,-136.73,-26.54,172.96,-1396.62,-247.78
124,14,0.11697,19.95,-148.40,-28.58,171.06,-1401.08,-245.05
124,15,0.12540,21.38,-160.24,-30.62,169.20,-1405.44,-242.39
124,16,0.13376,22.80,-172.24,-32.67,170.44,-1435.43,-244.16
124,17,0.14203,24.28,-184.41,-34.69,178.60,-1471.27,-244.65
124,18,0.15024,25.76,-196.75,-36.71,179.93,-1502.31,-246.47
124,19,0.15857,27.23,-209.24,-38.74,177.29,-1500.10,-242.86
124,20,0.16693,28.71,-221.91,-40.76,176.64,-1514.36,-241.97
124,21,0.17542,30.19,-234.73,-42.78,174.10,-1512.02,-238.49
124,22,0.18365,31.67,-247.73,-44.81,179.26,-1576.85,-245.56
124,23,0.19177,33.14,-260.88,-46.83,181.95,-1620.88,-249.25
124,24,0.20010,34.62,-274.21,-48.85,177.29,-1599.13,-242.86
124,25,0.20847,36.10,-287.69,-50.88,176.64,-1613.03,-241.97
124,26,0.21677,37.57,-301.35,-52.90,177.94,-1644.76,-243.75
124,27,0.22525,39.05,-315.17,-54.92,174.10,-1628.71,-238.49
124,28,0.23352,40.51,-317.92,-56.94,176.75,-333.62,-244.28
125,0,0.00000,0.00,0.00,0.00,138.29,-1141.45,-271.38
125,1,0.00833,1.11,-9.69,-2.27,133.70,-1162.60,-272.16
125,2,0.01675,2.22,-19.39,-4.50,130.80,-1151.99,-265.22
125,3,0.02512,3.32,-29.26,-6.74,131.75,-1180.13,-267.15
125,4,0.03345,4.42,-39.29,-8.97,132.23,-1204.26,-268.13
125,5,0.04178,5.52,-49.49,-11.20,132.23,-1224.06,-268.13
125,6,0.05008,6.62,-59.85,-13.44,132.72,-1248.44,-269.12
125,7,0.05835,7.72,-70.38,-15.67,133.21,-1273.00,-270.11
125,8,0.06671,8.83,-81.07,-17.90,131.75,-1278.79,-267.15
125,9,0.07501,9.93,-91.93,-20.14,132.72,-1308.07,-269.12
125,10,0.08347,11.03,-102.95,-22.37,130.32,-1303.98,-264.26
125,11,0.09177,12.13,-114.14,-24.61,132.72,-1347.83,-269.12
125,12,0.10007,13.23,-125.49,-26.84,132.72,-1367.71,-269.12
125,13,0.10834,14.33,-137.01,-29.07,133.21,-1392.71,-270.11
125,14,0.11670,15.44,-148.70,-31.31,131.75,-1397.19,-267.15
125,15,0.12503,16.54,-160.54,-33.54,132.23,-1422.11,-268.13
125,16,0.13342,17.65,-172.56,-35.77,132.00,-1431.43,-265.82
125,17,0.14175,18.80,-184.73,-37.99,138.46,-1461.72,-266.67
125,18,0.14996,19.95,-197.08,-40.22,140.52,-1503.56,-270.63
125,19,0.15833,21.11,-209.59,-42.44,137.96,-1495.85,-265.69
125,20,0.16660,22.26,-222.26,-44.66,139.48,-1532.36,-268.63
125,21,0.17496,23.41,-235.10,-46.88,137.96,-1535.32,-265.69
125,22,0.18335,24.57,-248.10,-49.10,137.45,-1549.40,-264.73
125,23,0.19165,25.72,-261.27,-51.32,138.97,-1586.37,-267.65
125,24,0.19989,26.87,-274.60,-53.55,140.00,-1618.14,-269.63
125,25,0.20822,28.03,-288.10,-55.77,138.46,-1620.17,-266.67
125,26,0.21652,29.18,-301.76,-57.99,138.97,-1646.00,-267.65
125,27,0.22482,30.33,-315.59,-60.21,138.97,-1665.88,-267.65
125,28,0.23334,31.23,-315.76,-61.31,105.38,-19.88,-129.39
