trial,frame,t_s,x_cm,y_cm,z_cm,vx,vy,vz
0,0,0.00000,0.00,0.00,0.00,24.09,0.99,-78.10
0,1,0.00842,0.20,0.01,-0.65,23.91,1.00,-77.54
0,2,0.01682,0.17,0.01,-1.52,-4.00,0.00,-103.27
0,3,0.02542,0.13,0.01,-2.40,-4.26,0.00,-102.84
0,4,0.03369,-0.10,0.01,-3.44,-27.68,0.00,-125.09
0,5,0.04184,-0.33,0.01,-4.48,-28.46,-0.00,-127.34
0,6,0.05005,-0.72,0.01,-5.65,-47.58,0.00,-143.49
0,7,0.05838,-1.11,0.13,-6.84,-47.25,14.15,-141.76
0,8,0.06699,-1.67,0.13,-8.22,-64.89,-0.00,-160.99
0,9,0.07529,-2.23,0.13,-9.61,-67.65,0.00,-167.28
0,10,0.08377,-2.98,0.23,-11.20,-88.13,12.38,-187.77
0,11,0.09198,-3.73,0.23,-12.80,-91.08,-0.00,-194.80
0,12,0.10040,-4.54,0.23,-14.67,-96.38,-0.00,-221.38
0,13,0.10858,-5.36,0.23,-16.54,-99.63,-0.00,-228.73
0,14,0.11703,-6.30,0.23,-18.65,-111.19,-0.00,-249.82
0,15,0.12518,-7.24,0.23,-20.77,-115.36,0.00,-259.93
0,16,0.13339,-8.24,0.23,-23.14,-121.93,0.00,-288.85
0,17,0.14212,-9.24,0.23,-25.51,-115.03,0.00,-272.03
0,18,0.15015,-10.28,0.23,-28.07,-129.66,0.00,-318.25
0,19,0.15854,-11.32,0.23,-30.62,-124.00,0.00,-304.36
0,20,0.16653,-12.36,0.23,-33.18,-130.15,-0.00,-319.47
0,21,0.17523,-13.40,0.33,-35.73,-119.65,11.57,-293.68
0,22,0.18344,-14.48,0.33,-38.19,-131.23,-0.00,-299.26
0,23,0.19159,-15.56,0.33,-40.64,-132.58,0.00,-301.12
0,24,0.20004,-16.72,0.33,-42.91,-136.82,-0.00,-268.59
0,25,0.20892,-17.87,0.33,-45.18,-130.24,0.00,-254.98
0,26,0.21667,-19.10,0.33,-47.20,-158.27,-0.00,-261.81
0,27,0.22562,-20.32,0.33,-49.23,-136.86,0.00,-226.28
0,28,0.23386,-21.39,0.33,-50.96,-128.89,0.00,-209.63
0,29,0.24194,-22.44,0.33,-52.68,-130.57,0.00,-212.83
0,30,0.25006,-23.23,0.33,-54.20,-96.99,-0.00,-187.97
0,31,0.25858,-24.01,0.43,-55.73,-91.76,11.89,-178.85
0,32,0.26721,-24.52,0.43,-57.12,-58.66,-0.00,-161.13
0,33,0.27548,-25.02,0.43,-58.50,-60.15,-0.00,-166.79
0,34,0.28329,-25.08,0.43,-59.37,-7.81,-0.00,-111.33
0,35,0.29156,-25.14,0.43,-60.24,-7.38,-0.00,-105.17
0,36,0.29993,-25.20,0.43,-61.11,-7.30,-0.00,-104.01
0,37,0.30829,-25.27,0.43,-61.98,-8.39,-0.00,-104.01
0,38,0.31674,-25.84,0.43,-62.84,-67.51,-0.00,-102.17
0,39,0.32510,-26.46,0.43,-63.71,-74.09,0.00,-104.38
0,40,0.33395,-29.66,0.43,-65.05,-362.07,0.00,-151.38
0,41,0.34177,-32.88,0.43,-66.40,-411.72,0.00,-172.27
0,42,0.35004,-36.74,0.56,-68.12,-466.42,15.35,-208.86
0,43,0.35822,-40.62,0.62,-69.86,-475.37,7.57,-212.69
0,44,0.36661,-46.06,3.89,-72.22,-648.00,389.10,-280.36
0,45,0.37515,-51.51,7.20,-74.58,-637.14,388.09,-277.14
0,46,0.38339,-57.22,13.14,-77.76,-693.70,720.78,-385.93
0,47,0.39154,-62.91,19.09,-80.95,-698.13,729.57,-391.39
0,48,0.39996,-67.14,25.32,-84.53,-501.45,740.15,-425.00
0,49,0.40823,-71.36,31.56,-88.11,-510.33,754.25,-432.84
0,50,0.41663,-75.56,37.99,-91.71,-500.36,765.87,-428.36
0,51,0.42517,-79.75,44.40,-95.30,-491.07,750.96,-420.36
0,52,0.43344,-83.75,50.28,-98.75,-483.03,710.15,-416.61
0,53,0.44171,-87.73,56.12,-102.19,-481.92,706.81,-415.87
0,54,0.45001,-91.35,60.54,-105.31,-435.29,532.48,-376.10
0,55,0.45822,-94.95,64.94,-108.42,-439.03,535.23,-379.18
0,56,0.46655,-98.01,67.98,-111.04,-367.40,365.25,-314.65
0,57,0.47516,-101.06,71.01,-113.65,-354.26,351.86,-303.55
0,58,0.48364,-103.46,73.27,-115.68,-283.09,266.52,-239.21
0,59,0.49173,-105.84,75.51,-117.70,-294.72,277.19,-249.06
0,60,0.50009,-107.37,76.75,-118.94,-182.12,148.32,-148.91
0,61,0.50836,-108.88,77.97,-120.18,-183.39,147.98,-149.45
0,62,0.51682,-109.95,78.35,-121.02,-126.71,44.80,-99.64
0,63,0.52505,-111.02,78.73,-121.86,-129.26,46.14,-101.48
0,64,0.53348,-111.75,79.19,-122.39,-86.23,54.51,-63.77
0,65,0.54169,-112.47,79.64,-122.93,-88.10,55.03,-65.06
0,66,0.55023,-112.96,79.72,-123.26,-57.86,8.95,-39.29
0,67,0.55838,-113.46,79.80,-123.60,-60.30,9.36,-40.82
0,68,0.56693,-113.82,79.86,-123.83,-42.86,7.67,-26.79
0,69,0.57544,-114.19,79.93,-124.06,-43.37,8.49,-27.24
0,70,0.58347,-114.58,80.32,-124.31,-47.91,47.66,-31.94
0,71,0.59171,-114.95,80.72,-124.57,-45.93,49.07,-30.74
0,72,0.59998,-115.12,82.15,-124.64,-20.30,172.99,-9.23
0,73,0.60849,-115.29,83.64,-124.72,-20.07,174.66,-8.96
0,74,0.61676,-115.55,87.78,-124.89,-31.73,500.09,-20.66
0,75,0.62503,-115.82,91.90,-125.07,-32.47,498.82,-21.40
0,76,0.63336,-116.43,95.53,-125.56,-72.53,436.02,-59.34
0,77,0.64172,-117.04,99.17,-126.07,-73.36,435.46,-60.22
0,78,0.64993,-118.06,103.22,-126.95,-124.54,492.88,-108.18
1,0,0.00000,0.00,0.00,0.00,80.54,0.00,42.41
1,1,0.00848,0.63,0.00,0.33,74.46,0.00,39.21
1,2,0.01660,1.49,-0.00,0.46,105.64,-0.00,15.79
1,3,0.02478,2.35,0.13,0.59,104.85,15.83,15.67
1,4,0.03329,3.41,0.13,0.56,124.37,0.00,-3.94
1,5,0.04147,4.46,0.24,0.52,129.48,13.57,-4.10
1,6,0.04993,5.69,0.24,0.36,145.49,0.00,-19.49
1,7,0.05811,6.92,0.38,0.19,150.37,16.57,-20.15
1,8,0.06665,8.39,0.38,-0.10,171.43,-0.00,-34.29
1,9,0.07474,9.85,0.54,-0.39,181.13,20.58,-36.23
1,10,0.08307,11.56,0.54,-0.83,204.76,0.00,-52.75
1,11,0.09134,13.27,0.74,-1.27,206.27,24.09,-53.14
1,12,0.09988,15.25,0.86,-1.73,232.14,13.36,-53.21
1,13,0.10815,17.23,0.97,-2.18,239.85,13.83,-54.98
1,14,0.11691,19.48,1.10,-2.72,256.79,14.85,-60.98
1,15,0.12488,21.73,1.23,-3.25,282.38,16.31,-67.05
1,16,0.13318,24.25,1.37,-3.80,302.94,17.38,-65.81
1,17,0.14142,26.76,1.52,-4.34,305.19,17.50,-66.30
1,18,0.15002,29.46,1.66,-4.89,314.18,17.01,-63.83
1,19,0.15829,32.17,1.66,-5.44,326.94,0.00,-66.42
1,20,0.16656,34.87,1.84,-5.99,326.94,20.69,-66.42
1,21,0.17496,37.58,1.84,-6.54,322.18,0.00,-65.45
1,22,0.18307,40.19,2.02,-7.14,322.18,22.48,-74.44
1,23,0.19144,42.81,2.02,-7.75,312.77,0.00,-72.26
1,24,0.19980,45.25,2.20,-8.47,292.34,21.17,-85.77
1,25,0.20819,47.70,2.20,-9.18,291.27,0.00,-85.45
1,26,0.21640,49.92,2.36,-10.01,270.63,20.54,-101.12
1,27,0.22476,52.14,2.36,-10.84,265.69,0.00,-99.27
1,28,0.23303,54.03,2.52,-11.57,228.78,18.35,-87.45
1,29,0.24176,55.92,2.52,-12.29,216.78,0.00,-82.87
1,30,0.24966,57.57,2.64,-12.78,208.11,16.26,-62.16
1,31,0.25809,59.21,2.64,-13.27,195.29,0.00,-58.33
1,32,0.26663,60.67,2.75,-13.51,170.71,12.57,-28.21
1,33,0.27502,62.13,2.75,-13.75,173.82,0.00,-28.36
1,34,0.28357,63.00,2.75,-13.65,101.43,0.00,11.79
1,35,0.29138,63.86,2.75,-13.55,110.94,-0.00,12.89
1,36,0.29962,64.73,2.88,-13.45,105.19,15.04,12.22
1,37,0.30801,65.60,2.88,-13.35,103.27,0.00,12.00
1,38,0.31647,66.55,2.88,-13.75,113.00,-0.00,-47.65
1,39,0.32468,67.51,2.88,-14.15,116.36,0.00,-49.07
1,40,0.33322,69.42,3.08,-17.06,223.21,23.68,-339.64
1,41,0.34146,71.32,3.18,-19.96,231.48,12.81,-352.22
1,42,0.35001,73.73,3.31,-23.43,282.14,15.24,-406.43
1,43,0.35864,76.14,3.44,-26.90,278.80,15.08,-402.12
1,44,0.36700,79.46,6.71,-31.81,396.35,390.52,-587.23
1,45,0.37485,82.83,10.06,-36.79,429.96,426.69,-634.63
1,46,0.38364,87.01,16.00,-41.82,475.69,675.74,-572.22
1,47,0.39151,91.19,21.94,-46.83,531.40,754.84,-636.05
1,48,0.39978,95.49,28.17,-50.32,519.56,753.80,-421.77
1,49,0.40851,99.79,34.41,-53.81,492.31,714.58,-399.65
1,50,0.41669,104.10,40.84,-57.27,526.87,785.87,-423.51
1,51,0.42517,108.40,47.26,-60.73,507.55,756.68,-407.91
1,52,0.43326,112.53,53.13,-64.02,510.19,726.23,-406.79
1,53,0.44150,116.65,58.98,-67.30,500.00,710.29,-398.52
1,54,0.44977,120.38,63.40,-70.28,451.66,534.45,-359.78
1,55,0.45798,124.11,67.80,-73.25,454.28,536.04,-361.71
1,56,0.46637,127.26,70.85,-75.77,374.55,362.59,-300.73
1,57,0.47519,130.39,73.88,-78.29,355.02,343.77,-285.12
1,58,0.48325,132.82,76.14,-80.27,302.65,280.66,-246.21
1,59,0.49149,135.25,78.39,-82.24,294.07,272.66,-239.63
1,60,0.49985,136.75,79.63,-83.51,179.93,148.32,-151.82
1,61,0.50797,138.25,80.85,-84.78,184.59,151.27,-155.64
1,62,0.51654,139.28,81.23,-85.68,119.57,44.16,-104.63
1,63,0.52478,140.30,81.61,-86.57,123.70,46.10,-108.52
1,64,0.53320,140.96,82.07,-87.19,78.62,54.51,-73.19
1,65,0.54153,141.62,82.52,-87.80,79.12,54.45,-73.63
1,66,0.54968,142.04,82.60,-88.22,51.69,9.39,-52.06
1,67,0.55817,142.46,82.68,-88.64,49.28,9.00,-49.64
1,68,0.56653,142.75,82.74,-88.96,35.04,7.84,-37.96
1,69,0.57483,143.05,82.82,-89.29,36.03,8.94,-38.97
1,70,0.58316,143.37,83.20,-89.61,38.83,45.91,-39.56
1,71,0.59158,143.69,83.61,-89.94,37.68,48.52,-38.77
1,72,0.60022,143.79,85.04,-90.09,12.01,165.65,-17.67
1,73,0.60858,143.90,86.54,-90.25,12.77,179.18,-18.61
1,74,0.61676,144.12,90.67,-90.48,26.49,505.69,-27.61
1,75,0.62488,144.35,94.81,-90.71,28.20,510.11,-28.95
1,76,0.63342,144.94,98.45,-91.21,70.00,425.12,-58.93
1,77,0.64163,145.56,102.09,-91.73,74.72,444.01,-62.45
1,78,0.64996,146.62,106.14,-92.57,127.47,485.66,-101.10
2,0,0.00000,0.00,0.00,0.00,62.63,-0.00,54.80
2,1,0.00800,0.54,-0.00,0.47,67.18,-0.00,58.78
2,2,0.01651,1.34,0.14,0.79,94.62,16.37,37.99
2,3,0.02490,2.15,0.14,1.12,96.00,-0.00,38.55
2,4,0.03317,3.19,0.28,1.33,125.83,17.31,25.83
2,5,0.04141,4.23,0.28,1.54,126.30,0.00,25.93
2,6,0.04999,5.46,0.46,1.67,143.77,20.83,14.59
2,7,0.05789,6.70,0.46,1.79,155.98,0.00,15.83
2,8,0.06635,8.19,0.68,1.85,176.53,25.58,6.50
2,9,0.07480,9.68,0.80,1.90,176.53,14.03,6.50
2,10,0.08319,11.44,0.94,1.87,209.82,16.80,-3.64
2,11,0.09161,13.20,1.08,1.84,209.06,16.65,-3.62
2,12,0.10010,15.24,1.24,1.86,239.93,19.21,2.52
2,13,0.10852,17.27,1.40,1.89,241.67,19.31,2.54
2,14,0.11642,19.59,1.59,1.89,292.66,23.30,0.77
2,15,0.12479,21.90,1.77,1.90,276.64,22.12,0.73
2,16,0.13293,24.47,1.98,1.95,315.73,25.15,6.74
2,17,0.14139,27.04,2.18,2.01,304.33,24.27,6.50
2,18,0.14987,29.80,2.40,2.10,325.18,25.85,11.15
2,19,0.15808,32.56,2.62,2.20,336.06,26.78,11.52
2,20,0.16647,35.32,2.84,2.29,328.73,26.14,11.27
2,21,0.17468,38.08,3.06,2.39,336.06,26.78,11.52
2,22,0.18320,40.76,3.27,2.41,315.05,25.13,2.51
2,23,0.19156,43.44,3.49,2.43,320.80,25.54,2.55
2,24,0.19980,45.99,3.69,2.30,308.89,24.83,-15.56
2,25,0.20834,48.54,3.90,2.17,297.86,23.94,-15.00
2,26,0.21640,50.89,4.09,1.88,292.05,23.65,-35.98
2,27,0.22485,53.24,4.28,1.59,278.34,22.50,-34.30
2,28,0.23337,55.25,4.44,1.33,235.84,19.14,-30.82
2,29,0.24139,57.26,4.60,1.07,250.19,20.28,-32.70
2,30,0.25006,58.97,4.74,0.97,197.89,15.83,-10.92
2,31,0.25812,60.69,4.88,0.88,212.88,17.13,-11.74
2,32,0.26645,62.16,5.00,0.99,177.29,14.06,12.82
2,33,0.27490,63.64,5.11,1.09,174.73,13.82,12.64
2,34,0.28320,64.46,5.11,1.39,98.53,0.00,36.03
2,35,0.29169,65.28,5.24,1.69,96.40,14.81,35.25
2,36,0.29987,66.09,5.24,1.99,100.00,0.00,36.57
2,37,0.30817,66.91,5.35,2.29,98.53,13.34,36.03
2,38,0.31628,67.94,5.35,2.12,125.94,-0.00,-20.68
2,39,0.32468,68.96,5.35,1.95,121.82,0.00,-20.00
2,40,0.33301,71.49,5.45,-0.42,304.03,12.28,-285.35
2,41,0.34137,74.02,5.62,-2.80,302.92,20.64,-284.31
2,42,0.34973,77.18,5.74,-5.62,377.01,14.33,-336.50
2,43,0.35803,80.32,5.86,-8.43,379.04,14.39,-338.97
2,44,0.36646,84.69,9.13,-12.43,518.48,387.69,-475.36
2,45,0.37491,89.06,12.40,-16.44,516.61,386.41,-473.65
2,46,0.38306,94.30,18.33,-20.36,643.07,728.88,-480.90
2,47,0.39151,99.54,24.27,-24.27,619.86,702.58,-463.54
2,48,0.39990,104.53,30.51,-26.67,594.91,742.84,-285.09
2,49,0.40842,109.52,36.74,-29.06,586.38,732.20,-281.00
2,50,0.41656,114.52,43.17,-31.42,613.48,788.81,-290.26
2,51,0.42490,119.52,49.60,-33.79,600.00,771.45,-283.88
2,52,0.43347,124.30,55.47,-36.03,557.30,684.88,-260.85
2,53,0.44153,129.07,61.34,-38.26,592.80,728.91,-277.65
2,54,0.44968,133.40,65.76,-40.29,531.09,542.46,-248.31
2,55,0.45798,137.73,70.18,-42.31,521.32,532.41,-243.75
2,56,0.46634,141.37,73.22,-44.03,435.77,363.91,-205.84
2,57,0.47461,145.02,76.27,-45.75,440.59,367.90,-208.12
2,58,0.48303,147.85,78.53,-47.11,336.23,268.45,-161.59
2,59,0.49124,150.68,80.79,-48.47,344.98,275.38,-165.80
2,60,0.49985,152.44,82.03,-49.36,204.26,144.11,-102.48
2,61,0.50809,154.20,83.27,-50.24,213.33,150.47,-107.04
2,62,0.51648,155.40,83.65,-50.87,143.64,45.12,-75.64
2,63,0.52475,156.61,84.03,-51.51,145.76,45.79,-76.75
2,64,0.53293,157.39,84.49,-51.95,96.27,56.13,-54.48
2,65,0.54123,158.18,84.94,-52.40,94.85,55.29,-53.68
2,66,0.54962,158.69,85.02,-52.71,60.36,9.11,-37.45
2,67,0.55801,159.19,85.10,-53.03,60.36,9.11,-37.45
2,68,0.56650,159.56,85.16,-53.27,42.45,7.73,-28.42
2,69,0.57462,159.92,85.23,-53.51,44.36,8.10,-29.70
2,70,0.58298,160.31,85.61,-53.76,46.72,45.74,-29.56
2,71,0.59143,160.70,85.99,-54.00,46.21,45.32,-29.24
2,72,0.59958,160.83,87.43,-54.13,16.85,175.58,-15.36
2,73,0.60794,160.97,88.86,-54.25,16.42,171.28,-14.96
2,74,0.61627,161.23,92.99,-54.42,31.50,496.43,-20.15
2,75,0.62488,161.50,97.13,-54.59,30.50,480.55,-19.50
2,76,0.63300,162.19,100.76,-54.94,86.09,447.50,-42.86
2,77,0.64169,162.89,104.39,-55.29,80.35,417.69,-40.35
2,78,0.64984,164.12,108.44,-55.86,150.94,496.57,-70.04
3,0,0.00000,0.00,0.00,0.00,85.82,0.00,-15.30
3,1,0.00839,0.70,-0.00,-0.13,83.64,-0.00,-14.91
3,2,0.01663,1.46,-0.00,-0.55,91.48,-0.00,-51.85
3,3,0.02490,2.21,-0.00,-0.98,91.14,0.00,-51.66
3,4,0.03320,3.02,-0.00,-1.66,98.16,0.00,-81.62
3,5,0.04190,3.84,-0.00,-2.33,93.68,0.00,-77.89
3,6,0.05017,4.71,-0.00,-3.22,105.17,0.00,-107.01
3,7,0.05835,5.58,-0.00,-4.10,106.34,0.00,-108.21
3,8,0.06686,6.56,-0.00,-5.23,114.70,0.00,-132.62
3,9,0.07510,7.53,-0.00,-6.36,118.52,0.00,-137.04
3,10,0.08356,8.61,-0.00,-7.76,127.08,0.00,-164.98
3,11,0.09180,9.68,-0.00,-9.15,130.74,0.00,-169.26
3,12,0.10013,10.97,-0.00,-10.73,154.58,0.00,-189.01
3,13,0.10809,12.26,-0.00,-12.30,161.69,0.00,-197.70
3,14,0.11667,13.71,-0.00,-14.10,169.04,0.00,-209.96
3,15,0.12494,15.16,-0.00,-15.90,175.28,0.00,-217.71
3,16,0.13330,16.81,-0.00,-17.88,197.08,0.00,-236.13
3,17,0.14185,18.45,-0.00,-19.85,192.86,0.00,-231.07
3,18,0.15009,20.25,-0.00,-21.95,218.15,0.00,-254.07
3,19,0.15839,22.05,-0.00,-24.04,216.54,0.00,-252.21
3,20,0.16678,23.85,-0.00,-26.13,214.18,0.00,-249.45
3,21,0.17505,25.64,-0.00,-28.23,217.34,0.00,-253.14
3,22,0.18326,27.34,-0.00,-30.31,206.32,0.00,-253.53
3,23,0.19156,29.03,-0.00,-32.39,204.04,0.00,-250.74
3,24,0.19995,30.52,-0.00,-34.45,177.45,0.00,-246.18
3,25,0.20825,32.01,-0.00,-36.52,179.41,0.00,-248.90
3,26,0.21664,33.25,-0.00,-38.54,148.00,0.00,-240.73
3,27,0.22510,34.49,-0.00,-40.56,146.93,0.00,-238.99
3,28,0.23355,35.55,-0.00,-42.30,124.55,0.00,-205.78
3,29,0.24176,36.60,-0.00,-44.03,127.88,0.00,-210.78
3,30,0.24991,37.59,-0.00,-45.43,122.47,0.00,-171.54
3,31,0.25827,38.59,-0.00,-46.83,119.34,0.00,-167.15
3,32,0.26657,39.60,-0.00,-47.91,121.32,0.00,-130.88
3,33,0.27524,40.60,-0.00,-49.00,115.85,0.00,-125.00
3,34,0.28366,41.35,-0.00,-49.45,88.41,0.00,-53.62
3,35,0.29172,42.09,-0.00,-49.90,92.42,0.00,-56.06
3,36,0.29996,42.84,-0.00,-50.35,90.37,0.00,-54.81
3,37,0.30826,43.58,-0.00,-50.81,89.71,0.00,-54.78
3,38,0.31693,44.09,-0.00,-51.72,59.15,0.00,-104.93
3,39,0.32501,44.59,-0.00,-52.65,61.51,0.00,-115.85
3,40,0.33356,44.32,-0.00,-56.12,-32.14,0.00,-405.36
3,41,0.34167,44.04,-0.00,-59.59,-33.83,0.00,-427.82
3,42,0.35004,43.81,-0.00,-63.81,-27.37,0.00,-504.74
3,43,0.35843,43.59,0.04,-68.05,-27.27,5.18,-505.45
3,44,0.36679,43.19,3.31,-73.96,-47.45,390.52,-706.93
3,45,0.37515,42.80,6.61,-79.88,-46.35,394.78,-708.03
3,46,0.38333,43.01,12.55,-86.42,26.12,726.16,-799.25
3,47,0.39178,43.24,18.49,-92.94,27.08,703.04,-771.48
3,48,0.40045,44.49,24.73,-98.33,144.37,719.30,-622.18
3,49,0.40842,45.75,30.96,-103.73,157.09,783.01,-677.01
3,50,0.41684,47.02,37.39,-109.11,151.45,763.09,-638.77
3,51,0.42529,48.30,43.81,-114.48,150.90,759.46,-636.10
3,52,0.43362,49.54,49.68,-119.61,148.72,704.95,-615.38
3,53,0.44202,50.77,55.54,-124.73,147.27,697.51,-610.18
3,54,0.45013,51.90,59.96,-129.37,138.35,544.49,-571.80
3,55,0.45850,53.02,64.36,-134.01,133.94,526.39,-554.01
3,56,0.46710,53.95,67.40,-137.93,108.16,353.59,-455.67
3,57,0.47562,54.87,70.43,-141.84,108.96,356.16,-459.14
3,58,0.48346,55.58,72.70,-144.90,89.88,288.30,-390.66
3,59,0.49197,56.28,74.94,-147.95,82.44,263.96,-358.06
3,60,0.50012,56.69,76.18,-149.87,50.19,152.21,-236.33
3,61,0.50858,57.10,77.41,-151.79,48.01,145.35,-226.71
3,62,0.51660,57.35,77.79,-153.13,31.94,47.18,-166.54
3,63,0.52502,57.61,78.17,-154.46,30.43,45.09,-157.97
3,64,0.53375,57.75,78.63,-155.35,16.78,52.60,-102.45
3,65,0.54187,57.90,79.08,-156.24,17.67,55.93,-109.77
3,66,0.55005,57.97,79.16,-156.84,8.96,9.35,-72.39
3,67,0.55850,58.04,79.24,-157.42,8.30,9.03,-69.68
3,68,0.56686,58.08,79.30,-157.86,4.38,7.84,-51.46
3,69,0.57526,58.11,79.37,-158.29,4.36,8.36,-51.64
3,70,0.58359,58.17,79.75,-158.75,6.23,45.91,-54.95
3,71,0.59198,58.22,80.15,-159.20,6.18,47.40,-54.18
3,72,0.60019,58.21,81.58,-159.39,-1.12,174.27,-22.68
3,73,0.60861,58.20,83.05,-159.57,-1.09,174.54,-22.10
3,74,0.61661,58.23,87.19,-159.88,4.20,517.27,-38.93
3,75,0.62491,58.27,91.32,-160.20,4.04,497.37,-38.24
3,76,0.63345,58.43,94.95,-160.96,19.29,425.12,-89.29
3,77,0.64185,58.60,98.59,-161.74,19.64,433.57,-92.00
3,78,0.65045,58.92,102.64,-163.05,37.59,470.16,-152.84
4,0,0.00000,0.00,0.00,0.00,-57.09,0.00,-66.04
4,1,0.00818,-0.47,-0.00,-0.54,-57.09,-0.00,-66.04
4,2,0.01672,-1.22,0.00,-0.97,-88.21,0.00,-50.36
4,3,0.02493,-1.97,0.00,-1.40,-91.82,0.00,-52.42
4,4,0.03317,-2.98,0.00,-1.75,-121.48,0.00,-42.59
4,5,0.04172,-3.98,0.00,-2.10,-117.14,0.00,-41.07
4,6,0.05002,-5.18,0.00,-2.40,-145.22,0.00,-35.29
4,7,0.05896,-6.39,0.00,-2.69,-134.81,0.00,-32.76
4,8,0.06665,-7.86,0.00,-2.94,-191.27,0.00,-33.33
4,9,0.07489,-9.33,0.00,-3.20,-178.52,0.00,-31.11
4,10,0.08331,-11.08,0.00,-3.41,-207.61,0.00,-24.64
4,11,0.09177,-12.83,0.00,-3.62,-206.86,0.00,-24.55
4,12,0.09985,-14.84,0.00,-3.91,-249.06,0.00,-36.60
4,13,0.10849,-16.86,0.00,-4.21,-233.92,0.00,-34.28
4,14,0.11670,-19.15,0.00,-4.53,-278.81,0.00,-38.66
4,15,0.12491,-21.44,0.00,-4.84,-279.18,0.00,-38.66
4,16,0.13324,-23.98,0.00,-5.25,-305.13,0.00,-48.35
4,17,0.14157,-26.53,0.00,-5.65,-305.13,0.00,-48.35
4,18,0.14987,-29.24,0.00,-6.12,-327.57,0.00,-56.25
4,19,0.15839,-31.97,0.00,-6.58,-320.07,0.00,-54.84
4,20,0.16687,-34.69,0.00,-7.05,-320.50,0.00,-55.04
4,21,0.17569,-37.54,0.00,-7.53,-323.53,0.00,-55.02
4,22,0.18365,-40.20,0.00,-7.92,-333.33,0.00,-48.28
4,23,0.19211,-42.85,0.00,-8.29,-313.36,0.00,-44.40
4,24,0.20029,-45.39,0.00,-8.51,-310.45,0.00,-26.49
4,25,0.20871,-47.92,0.00,-8.72,-300.36,0.00,-24.64
4,26,0.21716,-50.29,0.00,-8.75,-280.51,0.00,-3.61
4,27,0.22519,-52.64,0.00,-8.78,-293.16,0.00,-3.80
4,28,0.23404,-54.67,0.00,-8.79,-228.97,0.00,-1.38
4,29,0.24203,-56.67,0.00,-8.81,-251.15,0.00,-2.29
4,30,0.25037,-58.39,0.00,-8.95,-205.49,0.00,-16.48
4,31,0.25879,-60.08,0.00,-9.09,-201.45,0.00,-17.39
4,32,0.26703,-61.53,0.00,-9.40,-175.56,0.00,-37.04
4,33,0.27557,-62.94,0.00,-9.71,-165.00,0.00,-36.43
4,34,0.28391,-63.71,0.00,-10.12,-92.67,0.00,-49.08
4,35,0.29230,-64.48,0.00,-10.53,-92.00,0.00,-48.73
4,36,0.30069,-65.26,0.00,-10.94,-92.00,0.00,-48.73
4,37,0.30875,-66.04,0.00,-11.32,-97.35,0.00,-47.73
4,38,0.31723,-67.07,0.00,-11.29,-121.94,0.00,3.24
4,39,0.32535,-68.22,0.00,-11.15,-140.98,0.00,18.05
4,40,0.33386,-71.05,0.00,-9.13,-332.62,0.00,236.56
4,41,0.34222,-73.92,0.00,-7.10,-343.43,0.00,243.07
4,42,0.35049,-77.43,0.00,-4.74,-423.99,0.00,285.61
4,43,0.35898,-81.02,0.19,-2.32,-422.66,22.71,285.25
4,44,0.36716,-85.89,3.46,1.06,-595.52,399.26,412.69
4,45,0.37546,-90.81,6.88,4.42,-592.65,412.40,405.15
4,46,0.38379,-96.53,12.82,7.59,-686.81,712.86,380.59
4,47,0.39243,-102.22,18.78,10.68,-659.36,689.69,357.24
4,48,0.40045,-107.49,25.01,12.37,-656.65,776.73,211.03
4,49,0.40887,-112.76,31.26,14.06,-625.72,741.50,200.72
4,50,0.41748,-118.03,37.68,15.73,-612.41,746.86,193.62
4,51,0.42526,-123.29,44.08,17.39,-675.69,821.73,213.33
4,52,0.43359,-128.33,49.95,18.95,-604.40,704.95,188.28
4,53,0.44193,-133.33,55.74,20.51,-601.10,694.65,187.18
4,54,0.45029,-137.89,60.16,21.93,-545.26,528.60,169.71
4,55,0.45865,-142.41,64.50,23.34,-540.51,518.87,168.25
4,56,0.46716,-146.26,67.54,24.55,-451.25,357.39,142.29
4,57,0.47528,-150.05,70.54,25.75,-468.05,369.76,147.74
4,58,0.48364,-153.05,72.80,26.72,-357.66,270.41,115.33
4,59,0.49203,-155.97,75.00,27.66,-348.00,261.98,112.73
4,60,0.50043,-157.83,76.24,28.30,-221.82,147.78,76.00
4,61,0.50888,-159.65,77.43,28.92,-215.88,140.47,74.01
4,62,0.51746,-160.93,77.81,29.39,-149.11,44.16,54.09
4,63,0.52563,-162.19,78.19,29.85,-153.36,46.90,55.97
4,64,0.53378,-163.03,78.65,30.18,-103.37,56.35,40.82
4,65,0.54211,-163.85,79.09,30.51,-98.90,52.29,39.19
4,66,0.55038,-164.40,79.16,30.75,-66.05,9.25,29.15
4,67,0.55859,-164.93,79.24,30.98,-65.06,9.24,29.00
4,68,0.56726,-165.32,79.30,31.17,-45.07,7.57,21.83
4,69,0.57547,-165.71,79.39,31.36,-47.58,10.36,23.05
4,70,0.58371,-166.13,79.77,31.55,-51.11,46.42,22.96
4,71,0.59225,-166.54,80.22,31.74,-47.14,52.29,21.79
4,72,0.60071,-166.69,81.65,31.84,-18.05,169.24,12.27
4,73,0.60889,-166.85,83.25,31.95,-19.78,195.22,13.06
4,74,0.61749,-167.14,87.38,32.08,-32.98,480.58,15.25
4,75,0.62543,-167.45,91.49,32.22,-39.23,517.71,17.69
4,76,0.63373,-168.19,95.12,32.47,-88.97,437.63,30.15
4,77,0.64209,-168.96,98.78,32.73,-92.70,437.51,31.02
4,78,0.65036,-170.25,102.83,33.13,-156.46,489.24,48.34
5,0,0.00000,0.00,0.00,0.00,19.63,0.00,-84.44
5,1,0.00839,0.16,-0.00,-0.70,19.27,-0.00,-82.91
5,2,0.01672,0.07,-0.00,-1.56,-11.36,0.00,-103.30
5,3,0.02509,-0.03,-0.00,-2.42,-11.31,0.00,-102.92
5,4,0.03342,-0.33,-0.00,-3.43,-36.63,0.00,-121.98
5,5,0.04175,-0.64,-0.00,-4.45,-36.63,0.00,-121.98
5,6,0.05011,-1.11,-0.00,-5.59,-56.57,0.00,-136.86
5,7,0.05853,-1.58,-0.00,-6.74,-56.16,0.00,-135.87
5,8,0.06680,-2.24,-0.00,-8.08,-79.70,0.00,-161.99
5,9,0.07520,-2.90,-0.00,-9.42,-78.55,0.00,-159.64
5,10,0.08365,-3.76,-0.00,-10.95,-101.81,0.00,-181.59
5,11,0.09189,-4.62,-0.00,-12.49,-104.44,0.00,-186.30
5,12,0.10074,-5.57,-0.00,-14.29,-106.90,0.00,-203.79
5,13,0.10864,-6.52,-0.00,-16.11,-120.85,0.00,-230.12
5,14,0.11691,-7.61,-0.00,-18.15,-131.73,0.00,-246.49
5,15,0.12537,-8.71,-0.00,-20.19,-129.24,0.00,-241.52
5,16,0.13354,-9.88,-0.00,-22.48,-143.28,0.00,-280.22
5,17,0.14197,-11.05,-0.00,-24.77,-139.13,0.00,-272.10
5,18,0.15021,-12.27,-0.00,-27.25,-148.52,0.00,-300.37
5,19,0.15866,-13.50,-0.00,-29.72,-144.77,0.00,-292.78
5,20,0.16687,-14.72,-0.00,-32.20,-149.07,0.00,-301.49
5,21,0.17520,-15.95,-0.00,-34.67,-146.89,0.00,-296.70
5,22,0.18353,-17.20,-0.00,-37.05,-150.55,0.00,-284.98
5,23,0.19193,-18.45,-0.00,-39.42,-149.45,0.00,-282.55
5,24,0.20023,-19.77,-0.00,-41.60,-158.82,0.00,-262.50
5,25,0.20874,-21.09,-0.00,-43.77,-154.84,0.00,-255.91
5,26,0.21692,-22.46,-0.00,-45.71,-167.54,0.00,-236.57
5,27,0.22537,-23.83,-0.00,-47.64,-162.09,0.00,-228.52
5,28,0.23358,-25.02,-0.00,-49.29,-144.24,0.00,-200.37
5,29,0.24197,-26.20,-0.00,-50.93,-140.73,0.00,-195.64
5,30,0.25021,-27.09,-0.00,-52.39,-108.89,0.00,-177.78
5,31,0.25861,-27.99,-0.00,-53.86,-106.55,0.00,-174.55
5,32,0.26694,-28.59,-0.00,-55.21,-72.53,0.00,-162.27
5,33,0.27527,-29.19,-0.00,-56.56,-72.16,0.00,-161.54
5,34,0.28360,-29.32,-0.00,-57.42,-15.02,0.00,-103.66
5,35,0.29196,-29.44,-0.00,-58.28,-14.96,0.00,-103.28
5,36,0.30026,-29.57,-0.00,-59.15,-15.07,0.00,-104.04
5,37,0.30869,-29.70,-0.00,-60.01,-15.22,0.00,-102.54
5,38,0.31699,-30.33,-0.00,-60.83,-76.10,0.00,-98.90
5,39,0.32538,-30.98,-0.00,-61.65,-77.82,0.00,-98.18
5,40,0.33368,-34.27,-0.00,-62.76,-396.69,0.00,-133.09
5,41,0.34259,-37.57,-0.00,-63.86,-370.21,0.00,-123.97
5,42,0.35031,-41.67,-0.00,-65.35,-530.43,0.00,-192.89
5,43,0.35870,-45.70,0.13,-66.82,-480.73,15.15,-174.55
5,44,0.36697,-51.30,3.39,-68.77,-676.38,394.84,-235.79
5,45,0.37534,-56.90,6.76,-70.75,-670.44,402.97,-237.23
5,46,0.38358,-62.84,12.70,-73.51,-720.00,720.78,-334.81
5,47,0.39203,-68.71,18.65,-76.29,-694.95,703.93,-328.52
5,48,0.40027,-73.18,24.89,-79.55,-542.59,756.60,-395.93
5,49,0.40869,-77.65,31.13,-82.82,-530.80,741.04,-387.68
5,50,0.41693,-82.10,37.56,-86.10,-540.00,780.05,-398.15
5,51,0.42538,-86.54,43.96,-89.37,-525.27,757.78,-387.36
5,52,0.43356,-90.77,49.83,-92.52,-517.54,718.10,-385.07
5,53,0.44196,-94.99,55.65,-95.66,-502.55,693.07,-373.82
5,54,0.45035,-98.82,60.07,-98.51,-456.36,526.67,-340.00
5,55,0.45871,-102.63,64.44,-101.35,-455.47,522.17,-339.05
5,56,0.46710,-105.87,67.48,-103.74,-386.18,362.59,-285.09
5,57,0.47546,-109.09,70.49,-106.11,-384.31,360.27,-283.58
5,58,0.48367,-111.63,72.75,-107.96,-309.67,275.44,-225.28
5,59,0.49207,-114.13,74.97,-109.78,-298.55,264.68,-217.09
5,60,0.50034,-115.74,76.22,-110.91,-194.83,149.96,-136.53
5,61,0.50870,-117.34,77.42,-112.03,-190.51,144.30,-133.58
5,62,0.51703,-118.47,77.80,-112.79,-135.53,45.45,-91.21
5,63,0.52548,-119.58,78.18,-113.54,-131.77,45.17,-88.81
5,64,0.53375,-120.35,78.64,-114.02,-92.62,55.51,-58.67
5,65,0.54221,-121.10,79.09,-114.50,-89.17,52.54,-56.32
5,66,0.55048,-121.62,79.16,-114.80,-62.36,9.25,-36.16
5,67,0.55881,-122.13,79.24,-115.09,-61.17,9.13,-35.16
5,68,0.56723,-122.51,79.30,-115.30,-45.29,7.79,-24.28
5,69,0.57559,-122.89,79.38,-115.50,-45.99,9.33,-24.45
5,70,0.58438,-123.29,79.76,-115.73,-45.83,43.52,-26.04
5,71,0.59219,-123.69,80.21,-115.95,-50.39,56.58,-28.52
5,72,0.60043,-123.86,81.64,-116.02,-21.11,173.63,-7.78
5,73,0.60889,-124.04,83.21,-116.08,-21.30,185.91,-7.94
5,74,0.61719,-124.31,87.34,-116.24,-32.72,498.25,-18.38
5,75,0.62564,-124.61,91.45,-116.40,-34.66,486.16,-19.86
5,76,0.63388,-125.24,95.09,-116.85,-77.41,440.87,-54.44
5,77,0.64227,-125.91,98.74,-117.32,-78.91,435.42,-56.00
5,78,0.65054,-126.99,102.79,-118.13,-131.00,489.24,-98.15
6,0,0.00000,0.00,0.00,0.00,29.21,-0.00,-82.77
6,1,0.00842,0.24,0.00,-0.67,28.26,0.00,-80.07
6,2,0.01669,0.24,0.00,-1.54,0.00,0.00,-104.80
6,3,0.02509,0.24,0.00,-2.41,0.00,0.00,-103.27
6,4,0.03348,0.05,0.00,-3.45,-22.55,0.00,-124.36
6,5,0.04178,-0.14,0.00,-4.50,-22.79,0.00,-125.74
6,6,0.05005,-0.48,0.12,-5.69,-41.33,15.03,-143.91
6,7,0.05853,-0.82,0.12,-6.88,-40.29,-0.00,-140.29
6,8,0.06671,-1.33,0.12,-8.28,-61.57,-0.00,-171.64
6,9,0.07513,-1.83,0.26,-9.68,-59.78,15.58,-166.67
6,10,0.08340,-2.51,0.26,-11.31,-82.66,-0.00,-196.31
6,11,0.09177,-3.20,0.37,-12.93,-81.75,14.24,-194.16
6,12,0.10004,-3.94,0.37,-14.83,-89.30,-0.00,-229.15
6,13,0.10852,-4.68,0.51,-16.72,-87.05,15.71,-223.38
6,14,0.11673,-5.53,0.51,-18.87,-104.46,-0.00,-261.71
6,15,0.12515,-6.39,0.66,-21.02,-101.81,18.18,-255.07
6,16,0.13351,-7.30,0.66,-23.43,-108.76,-0.00,-287.96
6,17,0.14191,-8.21,0.83,-25.83,-108.36,19.89,-286.91
6,18,0.15009,-9.15,0.83,-28.43,-114.93,-0.00,-317.16
6,19,0.15851,-10.09,1.00,-31.02,-111.59,20.94,-307.97
6,20,0.16684,-11.03,1.00,-33.62,-112.82,-0.00,-311.36
6,21,0.17517,-11.97,1.18,-36.21,-112.82,21.17,-311.36
6,22,0.18344,-12.95,1.18,-38.71,-118.45,-0.00,-302.21
6,23,0.19189,-13.93,1.36,-41.21,-115.88,20.87,-295.67
6,24,0.20026,-15.00,1.36,-43.52,-127.74,-0.00,-276.64
6,25,0.20862,-16.06,1.53,-45.83,-127.74,21.25,-276.64
6,26,0.21744,-17.21,1.53,-47.91,-130.10,-0.00,-235.29
6,27,0.22525,-18.39,1.71,-50.04,-150.39,22.89,-272.27
6,28,0.23349,-19.38,1.71,-51.80,-120.37,-0.00,-214.44
6,29,0.24188,-20.36,1.86,-53.56,-117.45,17.97,-209.82
6,30,0.25018,-21.09,1.86,-55.12,-87.50,-0.00,-187.50
6,31,0.25858,-21.81,1.98,-56.67,-85.82,14.29,-185.09
6,32,0.26685,-22.26,1.98,-58.08,-54.61,-0.00,-170.48
6,33,0.27530,-22.70,1.98,-59.48,-51.62,0.00,-164.98
6,34,0.28357,-22.73,2.09,-60.35,-3.32,12.85,-105.54
6,35,0.29196,-22.75,2.09,-61.22,-3.27,-0.00,-104.00
6,36,0.30023,-22.78,2.09,-62.10,-3.32,0.00,-105.54
6,37,0.30862,-22.82,2.09,-62.97,-5.09,0.00,-104.00
6,38,0.31693,-23.36,2.09,-63.85,-64.71,-0.00,-106.62
6,39,0.32526,-23.97,2.22,-64.76,-73.63,16.12,-108.42
6,40,0.33368,-27.12,2.39,-66.22,-373.91,19.76,-173.91
6,41,0.34210,-30.29,2.56,-67.70,-376.09,19.93,-175.36
6,42,0.35034,-34.08,2.76,-69.58,-459.63,24.56,-227.78
6,43,0.35870,-37.91,2.97,-71.47,-458.03,24.48,-226.64
6,44,0.36694,-43.25,6.23,-74.04,-648.15,396.31,-311.11
6,45,0.37534,-48.60,9.58,-76.62,-637.45,398.46,-308.36
6,46,0.38364,-54.19,15.52,-80.03,-673.16,715.48,-409.93
6,47,0.39197,-59.73,21.46,-83.44,-665.20,713.90,-409.52
6,48,0.40024,-63.81,27.70,-87.18,-493.36,753.80,-452.40
6,49,0.40863,-67.89,33.94,-90.92,-485.82,743.52,-445.82
6,50,0.41687,-71.94,40.36,-94.68,-492.22,780.05,-455.93
6,51,0.42532,-75.99,46.78,-98.43,-479.06,758.41,-443.68
6,52,0.43359,-79.85,52.65,-102.03,-466.42,710.15,-435.42
6,53,0.44205,-83.69,58.48,-105.62,-454.87,689.71,-424.91
6,54,0.45032,-87.18,62.90,-108.88,-421.77,534.45,-394.46
6,55,0.45871,-90.66,67.28,-112.13,-413.82,521.84,-386.91
6,56,0.46756,-93.61,70.32,-114.87,-333.79,343.84,-309.66
6,57,0.47537,-96.55,73.34,-117.59,-375.78,386.55,-348.44
6,58,0.48367,-98.86,75.60,-119.71,-279.41,272.40,-255.51
6,59,0.49210,-101.16,77.83,-121.81,-272.46,264.88,-248.91
6,60,0.50046,-102.63,79.07,-123.11,-176.28,148.32,-155.84
6,61,0.50873,-104.10,80.29,-124.40,-176.75,146.89,-156.09
6,62,0.51706,-105.13,80.67,-125.29,-124.54,45.45,-105.86
6,63,0.52548,-106.16,81.05,-126.16,-122.10,45.24,-103.62
6,64,0.53375,-106.87,81.51,-126.73,-85.24,55.51,-68.63
6,65,0.54211,-107.57,81.96,-127.29,-83.58,53.55,-66.79
6,66,0.55051,-108.04,82.03,-127.64,-57.09,9.12,-42.18
6,67,0.55878,-108.52,82.11,-127.99,-57.56,9.21,-42.44
6,68,0.56714,-108.88,82.17,-128.23,-42.70,7.84,-29.20
6,69,0.57608,-109.23,82.25,-128.48,-39.93,8.38,-27.30
6,70,0.58383,-109.62,82.64,-128.76,-50.00,51.00,-36.22
6,71,0.59219,-109.98,83.09,-129.02,-43.07,53.66,-31.02
6,72,0.60043,-110.15,84.52,-129.10,-20.00,173.63,-10.00
6,73,0.60892,-110.32,86.12,-129.19,-20.14,188.78,-10.43
6,74,0.61716,-110.57,90.26,-129.37,-30.74,501.94,-21.85
6,75,0.62558,-110.85,94.36,-129.57,-32.61,487.26,-23.91
6,76,0.63382,-111.43,98.00,-130.09,-71.11,440.87,-62.96
6,77,0.64233,-112.04,101.66,-130.63,-71.68,429.72,-63.80
6,78,0.65060,-113.03,105.70,-131.56,-119.19,489.24,-112.18
7,0,0.00000,0.00,0.00,0.00,-19.05,0.00,-83.52
7,1,0.00836,-0.16,0.00,-0.70,-18.98,0.00,-83.21
7,2,0.01660,-0.62,0.13,-1.43,-56.30,15.85,-88.89
7,3,0.02509,-1.09,0.13,-2.16,-54.68,0.00,-86.33
7,4,0.03326,-1.80,0.24,-2.94,-87.69,13.04,-95.52
7,5,0.04172,-2.52,0.24,-3.72,-84.84,0.00,-92.42
7,6,0.05002,-3.45,0.36,-4.55,-111.76,14.68,-99.26
7,7,0.05844,-4.38,0.36,-5.37,-110.14,0.00,-97.83
7,8,0.06665,-5.55,0.50,-6.29,-143.49,16.95,-111.90
7,9,0.07513,-6.73,0.50,-7.21,-138.85,0.00,-108.27
7,10,0.08337,-8.18,0.68,-8.22,-175.19,21.93,-122.22
7,11,0.09183,-9.62,0.68,-9.22,-170.76,0.00,-119.13
7,12,0.10019,-11.26,0.86,-10.43,-195.99,21.15,-144.53
7,13,0.10846,-12.90,0.86,-11.64,-198.15,-0.00,-146.13
7,14,0.11679,-14.77,1.06,-13.00,-224.54,24.33,-163.00
7,15,0.12515,-16.64,1.17,-14.36,-223.72,13.56,-162.41
7,16,0.13339,-18.69,1.30,-15.91,-249.26,15.53,-188.15
7,17,0.14185,-20.75,1.43,-17.46,-242.96,15.11,-183.39
7,18,0.15018,-22.92,1.57,-19.15,-261.54,16.56,-202.93
7,19,0.15848,-25.10,1.70,-20.84,-262.50,16.65,-203.68
7,20,0.16675,-27.28,1.84,-22.53,-263.47,16.68,-204.43
7,21,0.17520,-29.46,1.98,-24.22,-257.76,16.35,-200.00
7,22,0.18344,-31.63,2.11,-25.81,-262.59,16.01,-192.59
7,23,0.19189,-33.79,2.24,-27.39,-255.96,15.66,-187.73
7,24,0.20013,-35.93,2.36,-28.78,-259.26,14.63,-168.15
7,25,0.20856,-38.06,2.49,-30.16,-253.62,14.36,-164.49
7,26,0.21701,-40.14,2.59,-31.30,-245.85,12.58,-135.02
7,27,0.22522,-42.22,2.70,-32.45,-253.16,12.99,-139.03
7,28,0.23398,-44.00,2.70,-33.41,-203.48,0.00,-109.76
7,29,0.24191,-45.79,2.88,-34.37,-225.38,22.81,-121.54
7,30,0.25018,-47.24,2.88,-35.30,-174.91,0.00,-112.18
7,31,0.25858,-48.68,3.04,-36.23,-172.00,19.35,-110.55
7,32,0.26685,-49.81,3.04,-37.18,-136.90,0.00,-115.13
7,33,0.27521,-50.94,3.19,-38.13,-135.40,18.07,-113.50
7,34,0.28345,-51.43,3.19,-38.85,-59.26,0.00,-87.78
7,35,0.29193,-51.92,3.19,-39.58,-57.55,-0.00,-85.25
7,36,0.30026,-52.41,3.34,-40.30,-58.61,17.78,-86.81
7,37,0.30878,-52.90,3.34,-41.02,-57.71,0.00,-84.59
7,38,0.31693,-53.83,3.34,-41.48,-113.86,-0.00,-56.55
7,39,0.32529,-54.76,3.48,-41.94,-112.04,16.64,-54.74
7,40,0.33362,-58.21,3.48,-41.49,-413.55,0.00,53.48
7,41,0.34195,-61.66,3.58,-41.05,-413.92,12.35,53.48
7,42,0.35025,-65.86,3.58,-40.61,-506.62,0.00,52.57
7,43,0.35861,-70.07,3.72,-40.17,-503.28,16.38,52.92
7,44,0.36688,-75.96,6.99,-39.48,-711.44,394.84,83.03
7,45,0.37527,-81.84,10.26,-38.79,-701.45,390.27,81.82
7,46,0.38358,-88.38,16.20,-38.68,-787.87,715.48,13.24
7,47,0.39206,-94.92,22.14,-38.58,-770.50,700.17,12.23
7,48,0.40027,-100.37,28.37,-39.56,-663.57,759.41,-119.70
7,49,0.40860,-105.81,34.61,-40.55,-653.85,748.37,-117.95
7,50,0.41693,-111.25,41.04,-41.55,-652.38,771.48,-120.88
7,51,0.42538,-116.68,47.46,-42.56,-642.96,760.09,-119.13
7,52,0.43362,-121.87,53.34,-43.54,-628.89,712.78,-119.26
7,53,0.44208,-127.05,59.20,-44.53,-613.00,694.13,-116.25
7,54,0.45035,-131.74,63.62,-45.42,-567.16,534.45,-108.12
7,55,0.45880,-136.43,68.04,-46.31,-554.87,522.26,-105.42
7,56,0.46707,-140.39,71.08,-47.05,-478.97,367.94,-89.30
7,57,0.47537,-144.35,74.12,-47.78,-476.84,366.24,-88.60
7,58,0.48370,-147.44,76.38,-48.34,-371.43,271.40,-66.67
7,59,0.49207,-150.53,78.64,-48.89,-369.34,269.95,-66.06
7,60,0.50040,-152.47,79.88,-49.21,-232.97,148.87,-37.73
7,61,0.50879,-154.41,81.12,-49.52,-231.27,147.39,-37.09
7,62,0.51715,-155.76,81.50,-49.71,-161.31,45.29,-22.99
7,63,0.52545,-157.11,81.87,-49.90,-162.13,45.66,-23.16
7,64,0.53375,-158.01,82.33,-50.00,-108.46,55.31,-12.13
7,65,0.54218,-158.91,82.79,-50.10,-106.52,54.33,-11.96
7,66,0.55054,-159.50,82.87,-50.15,-71.17,9.15,-5.11
7,67,0.55881,-160.10,82.94,-50.19,-71.96,9.24,-5.17
7,68,0.56720,-160.53,83.01,-50.20,-51.64,7.81,-1.82
7,69,0.57593,-160.96,83.08,-50.22,-49.65,7.65,-1.75
7,70,0.58420,-161.51,83.53,-50.26,-66.79,55.39,-4.43
7,71,0.59299,-161.92,84.13,-50.27,-46.18,67.55,-2.08
7,72,0.60062,-162.10,85.56,-50.26,-24.00,187.52,2.40
7,73,0.60904,-162.31,87.53,-50.24,-25.00,234.57,1.45
7,74,0.61728,-162.63,91.67,-50.26,-37.78,501.94,-2.22
7,75,0.62549,-163.03,95.70,-50.30,-49.07,491.46,-4.83
7,76,0.63385,-163.80,99.34,-50.43,-92.34,434.43,-14.96
7,77,0.64221,-164.69,103.05,-50.58,-105.84,444.40,-18.25
7,78,0.65051,-166.02,107.10,-50.84,-160.29,487.44,-30.88
8,0,0.00000,0.00,0.00,0.00,-82.25,0.00,20.29
8,1,0.00821,-0.69,0.00,0.17,-84.39,0.00,20.82
8,2,0.01657,-1.42,0.00,0.65,-86.86,0.00,56.93
8,3,0.02478,-2.15,0.00,1.12,-88.48,0.00,57.99
8,4,0.03314,-2.91,0.00,1.85,-91.97,0.00,87.23
8,5,0.04156,-3.68,0.00,2.58,-91.30,0.00,86.59
8,6,0.04987,-4.49,0.00,3.52,-97.43,0.00,113.24
8,7,0.05844,-5.30,0.00,4.46,-94.31,0.00,109.61
8,8,0.06702,-6.20,0.00,5.65,-104.63,0.00,139.15
8,9,0.07489,-7.10,0.00,6.85,-113.95,0.00,151.55
8,10,0.08374,-8.08,0.00,8.31,-111.03,0.00,165.17
8,11,0.09152,-9.06,0.00,9.77,-126.27,0.00,187.84
8,12,0.09982,-10.24,0.00,11.43,-142.28,0.00,199.63
8,13,0.10806,-11.42,0.00,13.09,-143.33,0.00,201.11
8,14,0.11646,-12.75,0.00,14.98,-157.82,0.00,225.82
8,15,0.12488,-14.07,0.00,16.88,-157.25,0.00,225.00
8,16,0.13321,-15.59,0.00,18.96,-181.68,0.00,249.82
8,17,0.14145,-17.10,0.00,21.04,-183.70,0.00,252.59
8,18,0.14984,-18.75,0.00,23.25,-197.09,0.00,263.27
8,19,0.15833,-20.41,0.00,25.46,-194.96,0.00,260.43
8,20,0.16693,-22.06,0.00,27.67,-192.20,0.00,256.74
8,21,0.17514,-23.72,0.00,29.88,-201.49,0.00,269.14
8,22,0.18323,-25.27,0.00,32.07,-191.70,0.00,270.94
8,23,0.19141,-26.82,0.00,34.26,-189.55,0.00,267.91
8,24,0.19989,-28.16,0.00,36.42,-158.99,0.00,254.68
8,25,0.20807,-29.51,0.00,38.58,-164.93,0.00,264.18
8,26,0.21649,-30.62,0.00,40.68,-131.52,0.00,248.91
8,27,0.22479,-31.73,0.00,42.77,-133.46,0.00,252.57
8,28,0.23328,-32.66,0.00,44.57,-110.07,0.00,211.87
8,29,0.24158,-33.60,0.00,46.37,-112.50,0.00,216.54
8,30,0.24976,-34.50,0.00,47.83,-110.45,0.00,178.73
8,31,0.25815,-35.40,0.00,49.29,-107.64,0.00,174.18
8,32,0.26651,-36.33,0.00,50.44,-111.31,0.00,137.59
8,33,0.27493,-37.27,0.00,51.59,-110.51,0.00,136.59
8,34,0.28345,-37.98,0.00,52.09,-83.87,0.00,58.78
8,35,0.29147,-38.69,0.00,52.59,-88.97,0.00,62.36
8,36,0.29990,-39.41,0.00,53.09,-84.78,0.00,59.42
8,37,0.30823,-40.12,0.00,53.59,-85.71,0.00,60.07
8,38,0.31659,-40.57,0.00,54.53,-53.28,0.00,111.68
8,39,0.32489,-41.01,0.00,55.47,-53.68,0.00,112.87
8,40,0.33331,-40.51,0.00,58.90,59.78,0.00,407.97
8,41,0.34152,-40.00,0.00,62.38,62.08,0.00,423.79
8,42,0.35001,-39.49,0.00,66.58,59.71,0.00,494.60
8,43,0.35831,-38.98,0.03,70.79,61.40,3.97,507.72
8,44,0.36664,-38.19,3.34,76.74,95.60,396.86,713.55
8,45,0.37488,-37.41,6.67,82.62,94.07,403.65,714.44
8,46,0.38330,-37.19,12.60,89.16,26.09,705.11,776.09
8,47,0.39166,-37.00,18.55,95.67,22.99,711.06,778.83
8,48,0.39987,-37.89,24.78,101.14,-108.55,759.41,665.43
8,49,0.40833,-38.78,31.02,106.60,-105.42,737.99,646.21
8,50,0.41660,-39.70,37.45,112.05,-110.70,777.17,659.41
8,51,0.42526,-40.61,43.87,117.50,-105.63,740.15,628.52
8,52,0.43344,-41.51,49.74,122.70,-109.70,718.10,635.82
8,53,0.44153,-42.41,55.59,127.90,-110.94,723.43,643.02
8,54,0.44992,-43.22,60.01,132.60,-97.09,526.67,560.73
8,55,0.45853,-44.03,64.39,137.29,-94.33,509.59,544.68
8,56,0.46677,-44.71,67.44,141.27,-81.48,369.31,482.22
8,57,0.47498,-45.37,70.46,145.22,-81.04,368.29,481.41
8,58,0.48346,-45.87,72.72,148.32,-59.35,266.52,365.83
8,59,0.49155,-46.37,74.96,151.39,-61.51,276.43,380.00
8,60,0.50009,-46.65,76.20,153.34,-32.86,145.15,227.86
8,61,0.50854,-46.93,77.42,155.27,-32.85,144.16,228.52
8,62,0.51682,-47.10,77.79,156.63,-20.30,45.79,163.47
8,63,0.52505,-47.27,78.18,157.97,-20.37,46.20,162.59
8,64,0.53366,-47.35,78.63,158.87,-9.93,53.35,104.61
8,65,0.54160,-47.44,79.08,159.76,-10.77,56.65,112.69
8,66,0.54996,-47.47,79.16,160.35,-4.01,9.15,71.17
8,67,0.55832,-47.50,79.24,160.95,-4.01,9.12,70.80
8,68,0.56662,-47.51,79.30,161.38,-1.10,7.90,52.21
8,69,0.57513,-47.52,79.38,161.81,-1.08,8.64,50.90
8,70,0.58325,-47.54,79.76,162.27,-2.63,47.12,56.77
8,71,0.59180,-47.56,80.17,162.73,-2.50,47.85,53.21
8,72,0.59995,-47.54,81.60,162.91,2.62,175.58,22.47
8,73,0.60849,-47.52,83.10,163.10,2.50,175.40,21.79
8,74,0.61655,-47.53,87.23,163.41,-1.52,513.35,38.64
8,75,0.62494,-47.55,91.36,163.73,-1.82,491.30,38.55
8,76,0.63333,-47.66,94.99,164.51,-13.45,432.85,92.00
8,77,0.64163,-47.78,98.63,165.29,-13.97,438.88,94.85
8,78,0.64981,-48.01,102.68,166.63,-28.73,494.72,163.06
9,0,0.00000,0.00,0.00,0.00,-83.21,0.00,-8.93
9,1,0.00842,-0.71,0.00,-0.08,-84.42,0.00,-9.06
9,2,0.01657,-1.56,0.00,0.12,-103.75,0.00,24.34
9,3,0.02481,-2.40,0.00,0.32,-102.59,0.00,24.07
9,4,0.03317,-3.38,0.00,0.74,-116.42,0.00,50.73
9,5,0.04144,-4.35,0.00,1.17,-117.71,0.00,51.29
9,6,0.05002,-5.43,0.00,1.78,-125.98,0.00,70.82
9,7,0.05804,-6.51,0.00,2.38,-134.60,0.00,75.67
9,8,0.06671,-7.76,0.00,3.20,-144.37,0.00,94.01
9,9,0.07495,-9.01,0.00,4.01,-151.85,0.00,98.89
9,10,0.08325,-10.43,0.00,5.05,-171.32,0.00,125.00
9,11,0.09158,-11.86,0.00,6.09,-170.70,0.00,124.54
9,12,0.09979,-13.53,0.00,7.24,-204.09,0.00,140.52
9,13,0.10852,-15.21,0.00,8.40,-191.96,0.00,132.17
9,14,0.11670,-17.10,0.00,9.72,-231.72,0.00,162.31
9,15,0.12485,-19.00,0.00,11.05,-232.58,0.00,162.92
9,16,0.13321,-21.13,0.00,12.49,-255.11,0.00,171.90
9,17,0.14194,-23.26,0.00,13.93,-244.41,0.00,164.69
9,18,0.14984,-25.57,0.00,15.44,-292.28,0.00,191.12
9,19,0.15823,-27.88,0.00,16.95,-275.27,0.00,180.00
9,20,0.16690,-30.19,0.00,18.46,-266.55,0.00,174.30
9,21,0.17508,-32.50,0.00,19.97,-282.46,0.00,184.70
9,22,0.18298,-34.71,0.00,21.50,-279.15,0.00,193.44
9,23,0.19147,-36.92,0.00,23.03,-260.07,0.00,180.22
9,24,0.19977,-38.93,0.00,24.59,-241.91,0.00,188.97
9,25,0.20834,-40.93,0.00,26.16,-234.16,0.00,182.92
9,26,0.21649,-42.69,0.00,27.76,-215.73,0.00,195.51
9,27,0.22473,-44.45,0.00,29.35,-213.33,0.00,193.33
9,28,0.23325,-45.94,0.00,30.72,-175.27,0.00,160.93
9,29,0.24161,-47.43,0.00,32.09,-178.47,0.00,163.87
9,30,0.24991,-48.78,0.00,33.15,-162.50,0.00,128.31
9,31,0.25821,-50.13,0.00,34.22,-162.50,0.00,128.31
9,32,0.26688,-51.40,0.00,34.98,-146.48,0.00,88.03
9,33,0.27509,-52.67,0.00,35.74,-154.65,0.00,92.57
9,34,0.28339,-53.51,0.00,35.97,-101.47,0.00,27.21
9,35,0.29166,-54.35,0.00,36.19,-101.85,0.00,27.31
9,36,0.29977,-55.20,0.00,36.42,-103.76,0.00,27.82
9,37,0.30811,-56.04,0.00,36.65,-101.10,0.00,27.11
9,38,0.31671,-56.78,0.00,37.37,-85.82,0.00,84.40
9,39,0.32477,-57.52,0.00,38.10,-91.67,0.00,90.15
9,40,0.33322,-58.22,0.00,41.50,-83.03,0.00,402.53
9,41,0.34171,-58.92,0.00,44.90,-82.73,0.00,401.08
9,42,0.35062,-59.96,0.00,49.35,-116.44,0.00,498.97
9,43,0.35901,-60.94,0.26,53.60,-117.45,31.36,506.55
9,44,0.36746,-62.21,3.53,59.39,-150.18,386.29,684.48
9,45,0.37585,-63.54,7.01,65.21,-158.55,414.78,693.82
9,46,0.38391,-65.57,12.95,71.43,-251.89,737.17,771.97
9,47,0.39224,-67.66,18.91,77.54,-250.18,715.72,732.97
9,48,0.40076,-70.36,25.15,82.36,-317.92,732.19,567.03
9,49,0.40909,-73.07,31.40,87.19,-324.91,750.15,579.49
9,50,0.41724,-75.80,37.82,92.00,-334.46,788.81,590.26
9,51,0.42569,-78.51,44.21,96.79,-321.30,755.05,566.79
9,52,0.43393,-81.13,50.08,101.37,-318.15,712.78,555.56
9,53,0.44226,-83.73,55.83,105.91,-312.09,690.88,545.42
9,54,0.45071,-86.11,60.25,110.06,-280.87,522.87,490.25
9,55,0.45905,-88.45,64.56,114.15,-281.32,517.20,491.21
9,56,0.46750,-90.44,67.61,117.65,-235.38,359.97,414.44
9,57,0.47577,-92.40,70.59,121.10,-236.16,360.32,416.24
9,58,0.48425,-93.93,72.85,123.84,-180.58,266.52,323.38
9,59,0.49228,-95.41,75.03,126.50,-184.79,271.46,331.56
9,60,0.50107,-96.34,76.27,128.23,-105.90,141.11,197.22
9,61,0.50900,-97.24,77.44,129.93,-113.85,147.54,213.08
9,62,0.51755,-97.86,77.82,131.14,-72.50,44.32,141.79
9,63,0.52570,-98.46,78.20,132.32,-73.78,47.34,144.94
9,64,0.53397,-98.85,78.66,133.14,-46.86,55.51,98.89
9,65,0.54248,-99.23,79.09,133.93,-44.09,50.23,93.55
9,66,0.55063,-99.46,79.17,134.48,-28.84,9.39,67.42
9,67,0.55893,-99.69,79.24,135.02,-27.57,9.11,64.71
9,68,0.56723,-99.85,79.31,135.42,-18.75,7.90,48.90
9,69,0.57590,-100.01,79.40,135.83,-18.31,10.57,46.83
9,70,0.58395,-100.18,79.78,136.26,-21.97,47.47,53.03
9,71,0.59232,-100.35,80.27,136.67,-20.07,58.54,48.91
9,72,0.60065,-100.39,81.70,136.85,-5.13,171.72,21.61
9,73,0.60901,-100.44,83.39,137.04,-5.84,202.40,22.99
9,74,0.61755,-100.56,87.53,137.33,-13.93,484.02,33.93
9,75,0.62579,-100.70,91.62,137.66,-17.41,496.03,39.63
9,76,0.63431,-101.07,95.25,138.34,-43.37,426.65,80.65
9,77,0.64252,-101.47,98.92,139.08,-48.70,447.38,89.59
9,78,0.65076,-102.15,102.97,140.25,-82.22,491.05,142.59
10,0,0.00000,0.00,0.00,0.00,-76.49,-0.00,-29.82
10,1,0.00797,-0.67,0.00,-0.26,-83.52,0.00,-32.57
10,2,0.01624,-1.53,0.11,-0.29,-104.80,13.02,-3.32
10,3,0.02460,-2.40,0.11,-0.31,-104.01,-0.00,-3.28
10,4,0.03302,-3.45,0.11,-0.16,-124.64,0.00,18.48
10,5,0.04129,-4.50,0.24,-0.00,-126.94,15.41,18.82
10,6,0.04968,-5.70,0.24,0.30,-143.27,-0.00,36.36
10,7,0.05792,-6.91,0.24,0.61,-145.93,0.00,37.04
10,8,0.06628,-8.33,0.39,1.07,-169.71,18.12,55.11
10,9,0.07455,-9.74,0.39,1.53,-171.59,-0.00,55.72
10,10,0.08301,-11.39,0.53,2.16,-194.22,16.60,75.09
10,11,0.09128,-13.03,0.53,2.80,-198.52,0.00,76.75
10,12,0.09967,-14.95,0.53,3.48,-228.73,0.00,81.09
10,13,0.10791,-16.87,0.53,4.16,-232.96,0.00,82.59
10,14,0.11639,-19.04,0.53,4.95,-256.12,0.00,93.17
10,15,0.12466,-21.21,0.53,5.74,-262.73,0.00,95.57
10,16,0.13354,-23.65,0.53,6.57,-274.23,0.00,93.81
10,17,0.14139,-26.08,0.53,7.41,-310.51,0.00,106.23
10,18,0.14975,-28.70,0.53,8.26,-313.50,-0.00,102.55
10,19,0.15799,-31.33,0.53,9.12,-318.15,-0.00,104.07
10,20,0.16638,-33.95,0.53,9.98,-312.36,0.00,102.18
10,21,0.17465,-36.57,0.53,10.84,-316.97,0.00,103.69
10,22,0.18311,-39.07,0.53,11.73,-296.39,0.20,106.14
10,23,0.19128,-41.60,0.53,12.64,-308.96,-0.00,110.45
10,24,0.19965,-43.95,0.53,13.63,-280.66,0.00,118.98
10,25,0.20795,-46.29,0.53,14.63,-282.35,0.00,119.85
10,26,0.21634,-48.40,0.53,15.71,-251.64,0.00,129.09
10,27,0.22461,-50.51,0.53,16.79,-254.98,0.00,130.63
10,28,0.23303,-52.31,0.53,17.73,-213.41,0.00,111.23
10,29,0.24133,-54.11,0.53,18.66,-216.54,-0.00,112.87
10,30,0.24979,-55.69,0.53,19.34,-186.64,0.00,80.14
10,31,0.25806,-57.26,0.53,20.02,-190.77,0.00,81.92
10,32,0.26639,-58.69,0.53,20.43,-170.70,-0.00,48.72
10,33,0.27469,-60.11,0.53,20.83,-171.32,-0.00,48.90
10,34,0.28305,-60.98,0.53,20.83,-104.38,-0.00,0.00
10,35,0.29135,-61.85,0.53,20.83,-105.15,0.00,0.00
10,36,0.29974,-62.73,0.53,20.83,-104.00,0.00,0.00
10,37,0.30804,-63.60,0.53,20.83,-105.15,0.00,0.37
10,38,0.31641,-64.50,0.53,21.34,-108.03,-0.00,60.95
10,39,0.32465,-65.41,0.53,21.86,-109.63,0.00,62.59
10,40,0.33310,-66.96,0.53,24.96,-184.48,0.00,367.15
10,41,0.34134,-68.53,0.53,28.07,-189.63,0.00,377.04
10,42,0.34982,-70.52,0.53,31.80,-235.25,0.00,439.21
10,43,0.35822,-72.52,0.54,35.53,-237.82,1.21,444.73
10,44,0.36646,-75.25,3.80,40.79,-331.11,396.31,638.52
10,45,0.37466,-77.98,7.08,46.05,-332.34,398.80,640.89
10,46,0.38312,-81.55,13.02,51.53,-422.74,702.57,648.01
10,47,0.39142,-85.13,18.96,57.00,-430.88,715.60,659.56
10,48,0.40005,-88.99,25.19,60.96,-447.70,721.84,458.66
10,49,0.40820,-92.86,31.43,64.93,-474.53,765.17,486.14
10,50,0.41666,-96.74,37.85,68.86,-459.21,760.34,465.70
10,51,0.42484,-100.62,44.28,72.80,-474.25,785.66,481.34
10,52,0.43326,-104.34,50.15,76.54,-441.30,697.29,444.20
10,53,0.44159,-108.05,56.02,80.28,-446.15,704.39,449.08
10,54,0.45004,-111.42,60.44,83.67,-398.56,522.87,400.72
10,55,0.45828,-114.79,64.86,87.05,-408.52,535.89,410.74
10,56,0.46664,-117.62,67.90,89.92,-338.69,363.91,343.07
10,57,0.47501,-120.45,70.94,92.79,-338.32,363.61,342.70
10,58,0.48376,-122.64,73.20,95.04,-250.17,258.17,257.14
10,59,0.49219,-124.83,75.46,97.29,-260.14,268.06,267.03
10,60,0.50006,-126.18,76.70,98.72,-171.32,157.52,182.17
10,61,0.50830,-127.53,77.94,100.16,-163.33,150.18,173.70
10,62,0.51672,-128.44,78.32,101.17,-108.33,44.96,119.93
10,63,0.52502,-129.35,78.69,102.18,-109.93,45.65,121.69
10,64,0.53342,-129.94,79.15,102.87,-70.18,54.71,82.18
10,65,0.54175,-130.53,79.61,103.55,-70.33,54.96,82.42
10,66,0.55020,-130.90,79.69,104.02,-43.68,9.05,55.60
10,67,0.55844,-131.27,79.76,104.49,-44.81,9.28,56.67
10,68,0.56686,-131.52,79.83,104.84,-30.43,7.79,41.67
10,69,0.57516,-131.78,79.90,105.19,-30.88,8.03,42.28
10,70,0.58356,-132.06,80.28,105.56,-33.82,45.58,43.64
10,71,0.59247,-132.34,80.66,105.92,-31.51,43.31,40.75
10,72,0.60022,-132.43,82.10,106.09,-11.02,184.56,21.26
10,73,0.60849,-132.52,83.54,106.25,-10.70,174.08,19.93
10,74,0.61685,-132.71,87.67,106.50,-22.63,494.62,29.56
10,75,0.62515,-132.89,91.81,106.75,-22.79,498.05,30.15
10,76,0.63354,-133.43,95.44,107.32,-64.00,432.85,67.64
10,77,0.64178,-133.97,99.07,107.89,-65.19,441.04,69.26
10,78,0.65024,-134.93,103.12,108.84,-113.36,478.65,113.36
11,0,0.00000,0.00,0.00,0.00,-37.13,-0.00,-77.57
11,1,0.00824,-0.31,0.00,-0.64,-37.41,0.00,-78.15
11,2,0.01648,-0.92,-0.00,-1.26,-74.44,-0.00,-74.44
11,3,0.02496,-1.54,-0.00,-1.87,-72.30,0.00,-72.30
11,4,0.03320,-2.41,-0.00,-2.47,-105.93,-0.00,-73.33
11,5,0.04166,-3.28,0.11,-3.08,-103.25,12.88,-71.48
11,6,0.04990,-4.36,0.11,-3.68,-131.48,-0.00,-72.96
11,7,0.05838,-5.45,0.11,-4.28,-127.70,-0.00,-70.86
11,8,0.06668,-6.80,0.11,-4.92,-162.50,-0.00,-76.84
11,9,0.07559,-8.15,0.22,-5.56,-151.37,12.84,-71.58
11,10,0.08322,-9.80,0.22,-6.23,-216.80,-0.00,-88.40
11,11,0.09171,-11.43,0.22,-6.90,-192.45,-0.00,-78.42
11,12,0.09995,-13.29,0.34,-7.72,-225.93,13.98,-99.63
11,13,0.10831,-15.16,0.34,-8.54,-223.36,-0.00,-98.18
11,14,0.11676,-17.29,0.34,-9.45,-251.26,0.00,-108.30
11,15,0.12506,-19.41,0.48,-10.37,-256.25,16.61,-110.29
11,16,0.13339,-21.76,0.48,-11.43,-281.32,-0.00,-127.47
11,17,0.14175,-24.10,0.58,-12.49,-280.66,12.81,-127.01
11,18,0.15002,-26.60,0.58,-13.67,-302.21,-0.00,-141.70
11,19,0.15839,-29.10,0.70,-14.84,-298.91,13.75,-140.15
11,20,0.16672,-31.60,0.70,-16.01,-300.00,-0.00,-140.66
11,21,0.17505,-34.10,0.81,-17.18,-299.63,13.47,-140.66
11,22,0.18344,-36.56,0.81,-18.26,-293.09,0.00,-128.00
11,23,0.19205,-39.02,0.81,-19.33,-285.82,0.00,-124.47
11,24,0.20004,-41.43,0.93,-20.22,-301.53,14.43,-111.45
11,25,0.20834,-43.81,0.93,-21.10,-287.50,0.00,-105.88
11,26,0.21677,-46.09,0.93,-21.76,-270.65,0.00,-78.26
11,27,0.22513,-48.36,1.03,-22.41,-271.53,12.16,-78.47
11,28,0.23343,-50.31,1.03,-22.96,-234.93,-0.00,-66.18
11,29,0.24203,-52.26,1.03,-23.51,-225.89,0.00,-63.83
11,30,0.25031,-53.87,1.03,-24.10,-195.20,-0.00,-71.22
11,31,0.25842,-55.48,1.13,-24.69,-198.12,12.90,-72.56
11,32,0.26678,-56.80,1.13,-25.37,-157.30,0.00,-81.39
11,33,0.27518,-58.10,1.13,-26.05,-154.91,-0.00,-80.73
11,34,0.28339,-58.73,1.13,-26.64,-77.32,-0.00,-72.86
11,35,0.29187,-59.37,1.13,-27.24,-74.82,0.00,-70.50
11,36,0.30014,-60.00,1.13,-27.84,-76.75,0.00,-72.32
11,37,0.30856,-60.64,1.24,-28.43,-76.45,12.68,-69.93
11,38,0.31689,-61.65,1.24,-28.68,-120.88,0.00,-29.67
11,39,0.32523,-62.71,1.24,-28.89,-127.11,-0.00,-25.64
11,40,0.33347,-65.97,1.24,-27.70,-395.93,0.00,144.44
11,41,0.34198,-69.25,1.24,-26.51,-385.30,0.00,140.14
11,42,0.35025,-73.26,1.24,-25.16,-484.50,0.00,162.73
11,43,0.35858,-77.30,1.32,-23.80,-485.35,9.27,163.37
11,44,0.36694,-82.89,4.58,-21.84,-668.61,390.52,234.67
11,45,0.37531,-88.50,7.91,-19.89,-670.80,398.09,233.58
11,46,0.38348,-94.86,13.85,-18.34,-777.24,726.16,188.43
11,47,0.39194,-101.20,19.80,-16.83,-749.82,703.40,178.70
11,48,0.40027,-106.73,26.03,-16.60,-663.74,748.28,28.21
11,49,0.40851,-112.26,32.27,-16.36,-671.11,757.15,28.52
11,50,0.41693,-117.78,38.70,-16.16,-655.80,763.09,24.64
11,51,0.42542,-123.30,45.11,-15.95,-650.36,756.05,24.46
11,52,0.43347,-128.57,50.98,-15.77,-654.55,728.98,21.97
11,53,0.44189,-133.83,56.82,-15.59,-624.64,693.19,21.01
11,54,0.45007,-138.61,61.24,-15.44,-583.58,540.43,19.40
11,55,0.45850,-143.36,65.63,-15.28,-564.49,520.88,18.84
11,56,0.46680,-147.39,68.67,-15.13,-485.29,366.59,18.01
11,57,0.47525,-151.40,71.70,-14.98,-474.01,357.78,17.69
11,58,0.48349,-154.54,73.96,-14.84,-381.11,274.42,16.67
11,59,0.49197,-157.65,76.19,-14.70,-366.91,263.66,16.19
11,60,0.50021,-159.61,77.44,-14.58,-238.15,150.52,14.44
11,61,0.50867,-161.56,78.65,-14.47,-230.69,144.29,14.08
11,62,0.51688,-162.92,79.03,-14.36,-165.43,46.13,13.38
11,63,0.52533,-164.27,79.41,-14.25,-159.21,45.02,13.00
11,64,0.53369,-165.17,79.87,-14.15,-107.66,54.91,11.68
11,65,0.54205,-166.06,80.32,-14.05,-106.57,53.82,11.68
11,66,0.55032,-166.65,80.40,-13.96,-71.22,9.25,10.70
11,67,0.55869,-167.23,80.48,-13.87,-70.07,9.12,10.58
11,68,0.56750,-167.66,80.54,-13.79,-48.44,7.44,9.00
11,69,0.57535,-168.09,80.62,-13.71,-55.25,9.94,10.12
11,70,0.58362,-168.55,81.00,-13.64,-54.98,46.25,8.86
11,71,0.59201,-168.99,81.42,-13.57,-53.09,50.13,8.73
11,72,0.60034,-169.17,82.85,-13.51,-20.88,171.72,7.33
11,73,0.60864,-169.35,84.38,-13.45,-21.69,184.23,6.99
11,74,0.61697,-169.66,88.52,-13.40,-37.00,496.43,6.23
11,75,0.62540,-169.98,92.64,-13.35,-38.41,488.85,6.16
11,76,0.63364,-170.76,96.27,-13.30,-94.81,440.87,5.56
11,77,0.64206,-171.56,99.92,-13.25,-94.93,433.08,5.43
11,78,0.65033,-172.92,103.96,-13.21,-163.84,489.24,4.80
12,0,0.00000,0.00,0.00,0.00,-21.74,0.00,-81.88
12,1,0.00836,-0.18,0.00,-0.69,-21.90,0.00,-82.48
12,2,0.01682,-0.67,0.00,-1.40,-57.76,-0.00,-84.48
12,3,0.02493,-1.16,0.00,-2.12,-60.15,0.00,-87.97
12,4,0.03333,-1.90,0.00,-2.87,-88.73,0.00,-89.82
12,5,0.04166,-2.65,0.00,-3.63,-89.38,0.00,-90.48
12,6,0.05017,-3.60,0.00,-4.42,-112.19,0.00,-92.83
12,7,0.05823,-4.56,0.00,-5.21,-118.56,0.00,-98.11
12,8,0.06665,-5.77,0.00,-6.08,-143.84,0.00,-103.62
12,9,0.07492,-6.98,0.00,-6.95,-146.49,0.00,-105.54
12,10,0.08337,-8.46,0.00,-7.90,-175.09,0.00,-112.64
12,11,0.09161,-9.94,0.00,-8.86,-179.63,0.00,-115.56
12,12,0.10010,-11.62,0.00,-10.00,-198.20,0.00,-135.25
12,13,0.10834,-13.31,0.00,-11.15,-204.07,0.00,-139.26
12,14,0.11667,-15.23,0.00,-12.44,-230.40,0.00,-154.58
12,15,0.12497,-17.14,0.00,-13.73,-231.25,0.00,-155.15
12,16,0.13336,-19.25,0.00,-15.20,-251.27,0.00,-175.27
12,17,0.14166,-21.36,0.00,-16.67,-254.04,0.00,-177.21
12,18,0.15005,-23.61,0.00,-18.28,-267.27,0.00,-191.64
12,19,0.15836,-25.85,0.00,-19.89,-270.22,0.00,-193.75
12,20,0.16678,-28.09,0.00,-21.49,-266.30,0.00,-190.94
12,21,0.17505,-30.33,0.00,-23.10,-271.22,0.00,-194.46
12,22,0.18344,-32.56,0.00,-24.61,-264.73,0.00,-179.64
12,23,0.19168,-34.78,0.00,-26.12,-270.00,0.00,-182.96
12,24,0.20007,-36.97,0.00,-27.42,-260.73,0.00,-155.64
12,25,0.20834,-39.16,0.00,-28.73,-264.58,0.00,-157.93
12,26,0.21677,-41.28,0.00,-29.79,-251.81,0.00,-126.45
12,27,0.22507,-43.40,0.00,-30.86,-255.15,0.00,-128.31
12,28,0.23343,-45.21,0.00,-31.76,-217.15,0.00,-107.30
12,29,0.24176,-47.03,0.00,-32.65,-217.95,0.00,-107.33
12,30,0.25012,-48.51,0.00,-33.52,-177.01,0.00,-104.38
12,31,0.25854,-49.99,0.00,-34.40,-175.72,0.00,-103.62
12,32,0.26691,-51.16,0.00,-35.31,-139.78,0.00,-108.76
12,33,0.27509,-52.32,0.00,-36.21,-142.54,0.00,-110.82
12,34,0.28348,-52.84,0.00,-36.92,-61.45,0.00,-84.00
12,35,0.29172,-53.35,0.00,-37.62,-62.59,0.00,-85.56
12,36,0.30017,-53.87,0.00,-38.33,-61.01,0.00,-83.39
12,37,0.30847,-54.39,0.00,-39.03,-62.13,0.00,-84.56
12,38,0.31683,-55.33,0.00,-39.46,-112.77,0.00,-51.09
12,39,0.32504,-56.28,0.00,-39.88,-115.61,0.00,-52.04
12,40,0.33347,-59.70,0.00,-39.31,-406.88,0.00,68.12
12,41,0.34174,-63.13,0.00,-38.74,-414.39,0.00,69.37
12,42,0.35010,-67.32,0.00,-38.14,-500.36,0.00,70.80
12,43,0.35855,-71.50,0.01,-37.55,-495.31,0.68,70.04
12,44,0.36685,-77.36,3.27,-36.65,-705.51,393.39,109.19
12,45,0.37503,-83.22,6.54,-35.74,-716.04,399.85,110.45
12,46,0.38354,-89.75,12.48,-35.39,-767.38,697.53,41.22
12,47,0.39172,-96.28,18.42,-35.04,-798.51,726.23,42.91
12,48,0.40009,-101.76,24.65,-35.82,-655.47,745.55,-93.43
12,49,0.40839,-107.24,30.89,-36.60,-660.29,751.07,-94.12
12,50,0.41675,-112.71,37.32,-37.41,-654.01,768.66,-96.35
12,51,0.42502,-118.18,43.74,-38.21,-661.25,777.05,-97.42
12,52,0.43353,-123.39,49.62,-39.00,-612.54,689.79,-92.83
12,53,0.44171,-128.61,55.49,-39.79,-637.69,717.78,-96.64
12,54,0.45010,-133.33,59.91,-40.51,-562.55,526.67,-85.45
12,55,0.45844,-138.05,64.32,-41.23,-566.67,530.23,-86.08
12,56,0.46683,-142.04,67.37,-41.82,-474.91,362.59,-70.18
12,57,0.47537,-146.02,70.41,-42.41,-466.43,355.95,-68.93
12,58,0.48352,-149.14,72.67,-42.85,-382.02,277.50,-53.93
12,59,0.49191,-152.25,74.93,-43.29,-370.55,269.20,-52.36
12,60,0.50079,-154.20,76.17,-43.53,-219.93,139.66,-27.15
12,61,0.50864,-156.22,77.43,-43.77,-257.20,160.24,-31.52
12,62,0.51694,-157.57,77.80,-43.91,-163.24,45.62,-16.91
12,63,0.52524,-158.91,78.19,-44.05,-160.66,46.10,-16.54
12,64,0.53375,-159.81,78.65,-44.12,-106.09,53.92,-7.89
12,65,0.54196,-160.70,79.09,-44.18,-108.18,53.60,-7.81
12,66,0.55032,-161.29,79.16,-44.20,-71.17,9.15,-2.55
12,67,0.55865,-161.88,79.24,-44.22,-70.70,9.12,-2.20
12,68,0.56705,-162.31,79.30,-44.22,-51.64,7.81,0.00
12,69,0.57532,-162.75,79.39,-44.22,-52.40,9.84,0.00
12,70,0.58371,-163.21,79.77,-44.24,-54.91,45.58,-1.45
12,71,0.59195,-163.66,80.20,-44.24,-54.44,52.78,-1.11
12,72,0.60040,-163.84,81.63,-44.22,-21.66,169.24,3.25
12,73,0.60864,-164.03,83.20,-44.19,-22.96,190.05,2.96
12,74,0.61707,-164.34,87.34,-44.20,-36.96,491.03,-0.72
12,75,0.62537,-164.68,91.45,-44.21,-40.44,495.22,-1.10
12,76,0.63370,-165.45,95.08,-44.31,-93.04,436.02,-11.72
12,77,0.64200,-166.25,98.73,-44.41,-96.69,440.12,-12.50
12,78,0.65042,-167.59,102.78,-44.62,-159.06,480.38,-24.64
13,0,0.00000,0.00,0.00,0.00,-22.43,0.00,-83.09
13,1,0.00839,-0.19,0.00,-0.69,-22.18,0.00,-82.18
13,2,0.01672,-0.68,0.00,-1.40,-58.97,-0.00,-85.71
13,3,0.02515,-1.17,0.00,-2.12,-58.33,0.00,-84.78
13,4,0.03342,-1.92,0.00,-2.87,-90.41,0.00,-90.77
13,5,0.04178,-2.66,0.00,-3.62,-89.42,0.00,-89.78
13,6,0.05008,-3.63,0.00,-4.40,-115.81,0.00,-94.49
13,7,0.05844,-4.59,0.00,-5.19,-114.96,0.00,-93.80
13,8,0.06671,-5.80,0.00,-6.06,-146.86,0.00,-105.17
13,9,0.07520,-7.02,0.00,-6.93,-143.17,0.00,-102.52
13,10,0.08344,-8.50,0.00,-7.87,-180.37,0.00,-114.81
13,11,0.09189,-9.99,0.00,-8.82,-175.81,0.00,-111.91
13,12,0.10019,-11.67,0.00,-9.96,-202.94,0.00,-137.13
13,13,0.10858,-13.36,0.00,-11.10,-201.09,0.00,-135.64
13,14,0.11700,-15.29,0.00,-12.37,-228.62,0.00,-151.81
13,15,0.12515,-17.21,0.00,-13.65,-236.33,0.00,-156.93
13,16,0.13345,-19.33,0.00,-15.12,-254.78,0.00,-176.10
13,17,0.14185,-21.44,0.00,-16.58,-252.36,0.00,-174.18
13,18,0.15009,-23.69,0.00,-18.18,-272.96,0.00,-194.07
13,19,0.15851,-25.94,0.00,-19.78,-267.03,0.00,-189.86
13,20,0.16681,-28.19,0.00,-21.37,-270.96,0.00,-192.65
13,21,0.17520,-30.44,0.00,-22.97,-268.00,0.00,-190.55
13,22,0.18350,-32.67,0.00,-24.47,-268.38,0.00,-180.51
13,23,0.19189,-34.90,0.00,-25.97,-265.45,0.00,-178.55
13,24,0.20013,-37.09,0.00,-27.27,-266.30,0.00,-157.41
13,25,0.20856,-39.29,0.00,-28.56,-260.51,0.00,-153.99
13,26,0.21683,-41.41,0.00,-29.62,-256.83,0.00,-127.68
13,27,0.22528,-43.53,0.00,-30.68,-251.26,0.00,-124.91
13,28,0.23346,-45.36,0.00,-31.56,-222.76,0.00,-108.58
13,29,0.24194,-47.18,0.00,-32.45,-214.75,0.00,-104.68
13,30,0.25018,-48.66,0.00,-33.32,-180.00,0.00,-105.19
13,31,0.25858,-50.14,0.00,-34.19,-176.73,0.00,-103.27
13,32,0.26688,-51.32,0.00,-35.09,-141.18,0.00,-108.82
13,33,0.27527,-52.49,0.00,-35.99,-139.64,0.00,-107.64
13,34,0.28351,-53.01,0.00,-36.69,-62.96,0.00,-85.19
13,35,0.29190,-53.52,0.00,-37.40,-61.82,0.00,-83.64
13,36,0.30026,-54.04,0.00,-38.10,-62.04,0.00,-83.94
13,37,0.30859,-54.56,0.00,-38.80,-62.27,0.00,-84.25
13,38,0.31686,-55.51,0.00,-39.22,-114.39,0.00,-51.29
13,39,0.32529,-56.45,0.00,-39.65,-112.32,0.00,-50.36
13,40,0.33365,-59.88,0.00,-39.06,-409.49,0.00,70.44
13,41,0.34201,-63.30,0.00,-38.47,-409.49,0.00,70.44
13,42,0.35028,-67.49,0.00,-37.86,-505.90,0.00,73.80
13,43,0.35873,-71.67,0.00,-37.25,-494.95,0.13,72.20
13,44,0.36700,-77.52,3.27,-36.32,-707.38,394.84,112.55
13,45,0.37543,-83.37,6.53,-35.39,-694.57,387.81,110.51
13,46,0.38419,-89.90,12.47,-35.01,-745.64,678.09,43.21
13,47,0.39197,-96.43,18.41,-34.63,-839.22,763.20,48.63
13,48,0.40024,-101.92,24.65,-35.39,-663.10,753.80,-91.51
13,49,0.40863,-107.40,30.88,-36.15,-653.45,742.85,-90.18
13,50,0.41684,-112.87,37.31,-36.93,-666.54,782.95,-95.17
13,51,0.42532,-118.34,43.73,-37.71,-644.96,757.58,-92.09
13,52,0.43359,-123.56,49.61,-38.48,-631.00,710.15,-92.99
13,53,0.44196,-128.78,55.48,-39.25,-624.09,702.31,-91.97
13,54,0.45035,-133.51,59.90,-39.94,-562.91,526.67,-83.27
13,55,0.45886,-138.23,64.32,-40.64,-554.84,519.05,-82.08
13,56,0.46729,-142.22,67.36,-41.22,-473.55,361.28,-68.12
13,57,0.47559,-146.21,70.41,-41.79,-480.51,366.55,-69.12
13,58,0.48386,-149.32,72.67,-42.22,-376.38,273.41,-51.66
13,59,0.49225,-152.43,74.93,-42.65,-370.91,269.38,-50.91
13,60,0.50055,-154.39,76.17,-42.88,-235.29,149.41,-27.94
13,61,0.50894,-156.34,77.41,-43.11,-232.73,147.73,-27.64
13,62,0.51727,-157.69,77.79,-43.24,-162.64,45.45,-16.12
13,63,0.52563,-159.05,78.16,-43.38,-162.04,45.29,-16.06
13,64,0.53394,-159.95,78.62,-43.44,-108.82,55.31,-7.72
13,65,0.54233,-160.86,79.08,-43.51,-107.64,54.68,-7.64
13,66,0.55060,-161.45,79.16,-43.52,-71.96,9.25,-2.21
13,67,0.55899,-162.05,79.24,-43.54,-70.91,9.11,-2.18
13,68,0.56726,-162.48,79.30,-43.54,-52.40,7.93,0.37
13,69,0.57574,-162.91,79.37,-43.54,-51.08,7.75,0.36
13,70,0.58472,-163.37,79.75,-43.55,-51.36,42.63,-1.02
13,71,0.59238,-163.85,80.22,-43.55,-61.75,61.11,-1.20
13,72,0.60065,-164.03,81.65,-43.53,-22.14,172.99,3.32
13,73,0.60910,-164.22,83.24,-43.50,-22.74,188.45,2.89
13,74,0.61743,-164.53,87.38,-43.51,-37.36,496.43,-0.37
13,75,0.62579,-164.87,91.48,-43.52,-40.51,491.00,-1.09
13,76,0.63400,-165.65,95.12,-43.61,-94.42,442.51,-11.52
13,77,0.64236,-166.46,98.77,-43.71,-96.72,437.40,-12.04
13,78,0.65073,-167.79,102.82,-43.91,-160.22,483.89,-24.09
14,0,0.00000,0.00,0.00,0.00,-10.79,0.00,-83.45
14,1,0.00827,-0.09,-0.00,-0.71,-11.07,-0.00,-85.61
14,2,0.01727,-0.48,-0.00,-1.48,-43.39,-0.00,-86.10
14,3,0.02490,-0.87,-0.00,-2.26,-51.20,0.00,-101.60
14,4,0.03333,-1.51,-0.00,-3.11,-75.72,0.00,-100.72
14,5,0.04156,-2.15,-0.00,-3.96,-77.41,0.00,-102.96
14,6,0.04996,-2.99,-0.00,-4.86,-100.36,0.00,-108.36
14,7,0.05826,-3.83,-0.00,-5.77,-101.47,0.00,-109.56
14,8,0.06662,-4.92,-0.00,-6.80,-129.56,0.00,-122.99
14,9,0.07489,-6.00,-0.00,-7.83,-131.00,0.00,-124.35
14,10,0.08328,-7.34,-0.00,-8.97,-160.00,0.00,-136.00
14,11,0.09164,-8.69,-0.00,-10.11,-160.58,0.00,-136.50
14,12,0.10013,-10.20,-0.00,-11.47,-178.42,0.00,-160.43
14,13,0.10834,-11.71,-0.00,-12.84,-184.39,0.00,-165.80
14,14,0.11670,-13.44,-0.00,-14.37,-206.93,0.00,-183.21
14,15,0.12494,-15.18,-0.00,-15.90,-210.37,0.00,-185.93
14,16,0.13345,-17.07,-0.00,-17.64,-222.58,0.00,-204.30
14,17,0.14163,-18.97,-0.00,-19.38,-231.72,0.00,-212.69
14,18,0.15015,-20.97,-0.00,-21.27,-235.84,0.00,-222.22
14,19,0.15829,-22.98,-0.00,-23.16,-246.44,0.00,-232.21
14,20,0.16675,-24.99,-0.00,-25.05,-237.55,0.00,-223.83
14,21,0.17505,-27.00,-0.00,-26.95,-241.91,0.00,-227.94
14,22,0.18405,-29.00,-0.00,-28.74,-222.37,0.00,-198.64
14,23,0.19174,-31.00,-0.00,-30.52,-260.32,0.00,-232.54
14,24,0.20007,-33.00,-0.00,-32.11,-239.56,0.00,-190.11
14,25,0.20844,-34.99,-0.00,-33.69,-238.69,0.00,-189.42
14,26,0.21680,-36.95,-0.00,-35.03,-234.31,0.00,-159.85
14,27,0.22577,-38.91,-0.00,-36.36,-218.37,0.00,-148.98
14,28,0.23343,-40.59,-0.00,-37.49,-219.52,0.00,-147.41
14,29,0.24185,-42.28,-0.00,-38.62,-199.64,0.00,-134.06
14,30,0.25021,-43.62,-0.00,-39.69,-161.31,0.00,-127.01
14,31,0.25858,-44.97,-0.00,-40.75,-161.31,0.00,-127.01
14,32,0.26743,-46.01,-0.00,-41.80,-117.24,0.00,-119.31
14,33,0.27509,-47.05,-0.00,-42.86,-135.46,0.00,-137.85
14,34,0.28348,-47.47,-0.00,-43.62,-49.82,0.00,-91.27
14,35,0.29202,-47.89,-0.00,-44.39,-48.93,0.00,-89.64
14,36,0.30032,-48.30,-0.00,-45.16,-50.37,0.00,-92.28
14,37,0.30847,-48.72,-0.00,-45.92,-51.31,0.00,-94.01
14,38,0.31754,-49.60,-0.00,-46.47,-96.97,0.00,-60.61
14,39,0.32513,-50.48,-0.00,-47.02,-115.66,0.00,-72.29
14,40,0.33362,-53.95,-0.00,-46.91,-409.35,0.00,13.31
14,41,0.34183,-57.42,-0.00,-46.80,-423.05,0.00,13.75
14,42,0.35031,-61.65,-0.00,-46.77,-498.20,0.00,3.24
14,43,0.35849,-65.88,0.00,-46.74,-516.79,0.14,3.36
14,44,0.36685,-71.80,3.27,-46.62,-708.39,390.52,14.23
14,45,0.37512,-77.73,6.53,-46.50,-716.24,394.96,14.39
14,46,0.38354,-84.25,12.47,-47.02,-774.28,705.11,-61.96
14,47,0.39178,-90.77,18.41,-47.55,-791.48,720.80,-63.33
14,48,0.40012,-96.10,24.65,-49.05,-639.56,748.28,-180.59
14,49,0.40845,-101.43,30.88,-50.56,-639.56,748.29,-180.59
14,50,0.41693,-106.74,37.31,-52.08,-626.26,757.60,-179.86
14,51,0.42523,-112.05,43.73,-53.61,-640.07,774.29,-183.82
14,52,0.43393,-117.12,49.61,-55.08,-582.46,675.27,-169.82
14,53,0.44174,-122.18,55.48,-56.56,-648.05,751.69,-189.06
14,54,0.45016,-126.76,59.90,-57.90,-544.20,524.77,-159.06
14,55,0.45847,-131.35,64.32,-59.24,-552.21,532.41,-161.40
14,56,0.46698,-135.22,67.36,-60.36,-454.84,357.39,-131.18
14,57,0.47583,-139.09,70.41,-61.47,-437.59,343.80,-126.21
14,58,0.48355,-142.12,72.67,-62.32,-392.09,292.86,-109.88
14,59,0.49191,-145.14,74.93,-63.17,-361.68,270.36,-101.46
14,60,0.50027,-147.05,76.17,-63.67,-227.74,148.32,-59.49
14,61,0.50867,-148.95,77.41,-64.17,-226.91,147.73,-59.27
14,62,0.51755,-150.28,77.79,-64.49,-149.14,42.64,-36.08
14,63,0.52524,-151.60,78.16,-64.81,-172.22,49.24,-41.67
14,64,0.53360,-152.49,78.62,-64.99,-105.84,54.91,-22.26
14,65,0.54205,-153.37,79.08,-65.18,-104.69,54.29,-22.02
14,66,0.55045,-153.96,79.16,-65.28,-70.18,9.11,-12.00
14,67,0.55872,-154.55,79.24,-65.38,-71.22,9.25,-12.18
14,68,0.56705,-154.98,79.30,-65.44,-51.65,7.87,-6.96
14,69,0.57532,-155.41,79.37,-65.50,-52.03,7.95,-7.01
14,70,0.58371,-155.87,79.75,-65.57,-54.18,45.58,-8.73
14,71,0.59204,-156.32,80.13,-65.64,-54.58,45.98,-8.79
14,72,0.60043,-156.51,81.56,-65.64,-22.18,170.47,0.36
14,73,0.60870,-156.69,83.00,-65.64,-22.51,173.17,0.37
14,74,0.61716,-157.00,87.13,-65.68,-36.46,489.26,-5.42
14,75,0.62527,-157.31,91.27,-65.73,-37.97,509.45,-5.64
14,76,0.63367,-158.07,94.90,-65.93,-90.18,432.85,-23.64
14,77,0.64197,-158.82,98.53,-66.13,-91.18,437.66,-23.90
14,78,0.65060,-160.12,102.58,-66.51,-150.53,468.50,-44.52
15,0,0.00000,0.00,0.00,0.00,45.26,0.00,-72.63
15,1,0.00839,0.38,0.00,-0.61,45.09,0.00,-72.36
15,2,0.01669,0.57,0.00,-1.45,22.79,0.00,-101.84
15,3,0.02496,0.76,0.00,-2.30,22.88,0.00,-102.21
15,4,0.03333,0.80,0.00,-3.36,4.74,0.00,-126.64
15,5,0.04160,0.84,0.00,-4.42,4.80,0.00,-128.04
15,6,0.05011,0.76,0.00,-5.65,-8.96,0.00,-145.16
15,7,0.05832,0.68,0.00,-6.89,-9.29,0.00,-150.93
15,8,0.06668,0.49,0.00,-8.37,-22.63,0.00,-177.01
15,9,0.07507,0.31,0.00,-9.85,-22.55,0.00,-176.36
15,10,0.08334,-0.01,0.00,-11.58,-38.38,0.00,-209.23
15,11,0.09164,-0.33,0.00,-13.31,-38.24,0.00,-208.46
15,12,0.10001,-0.64,0.00,-15.32,-37.23,0.00,-240.51
15,13,0.10837,-0.95,0.00,-17.33,-37.23,0.00,-240.51
15,14,0.11673,-1.32,0.00,-19.62,-44.53,0.00,-272.99
15,15,0.12515,-1.70,0.00,-21.90,-44.20,0.00,-271.01
15,16,0.13345,-2.06,0.00,-24.44,-44.12,0.00,-306.62
15,17,0.14175,-2.43,0.00,-26.99,-44.12,0.00,-306.62
15,18,0.15012,-2.79,0.00,-29.73,-42.70,0.00,-327.37
15,19,0.15851,-3.14,0.00,-32.46,-42.55,0.00,-326.18
15,20,0.16678,-3.50,0.00,-35.20,-43.17,0.00,-331.00
15,21,0.17508,-3.86,0.00,-37.94,-43.01,0.00,-329.78
15,22,0.18350,-4.28,0.00,-40.59,-49.64,0.00,-314.86
15,23,0.19174,-4.69,0.00,-43.24,-50.74,0.00,-321.85
15,24,0.20016,-5.24,0.00,-45.73,-64.49,0.00,-295.65
15,25,0.20840,-5.78,0.00,-48.22,-65.93,0.00,-302.22
15,26,0.21674,-6.45,0.00,-50.50,-80.59,0.00,-272.89
15,27,0.22513,-7.12,0.00,-52.77,-80.00,0.00,-270.91
15,28,0.23352,-7.71,0.00,-54.71,-70.18,0.00,-230.91
15,29,0.24188,-8.30,0.00,-56.65,-70.44,0.00,-231.75
15,30,0.25021,-8.67,0.00,-58.32,-44.69,0.00,-201.10
15,31,0.25940,-9.05,0.00,-60.00,-40.53,0.00,-182.39
15,32,0.26685,-9.19,0.00,-61.61,-20.08,0.00,-216.80
15,33,0.27515,-9.30,0.00,-63.03,-12.87,0.00,-170.59
15,34,0.28348,-9.14,0.00,-63.89,19.41,0.00,-102.93
15,35,0.29184,-8.98,0.00,-64.74,19.34,0.00,-102.55
15,36,0.30023,-8.82,0.00,-65.60,19.27,0.00,-102.18
15,37,0.30859,-8.70,0.00,-66.47,13.87,0.00,-104.01
15,38,0.31693,-9.03,0.00,-67.45,-39.93,0.00,-117.58
15,39,0.32516,-9.60,0.00,-68.54,-68.52,0.00,-132.22
15,40,0.33359,-12.36,0.00,-70.65,-327.54,0.00,-250.36
15,41,0.34180,-15.17,0.00,-72.81,-342.38,0.00,-263.20
15,42,0.35028,-18.46,0.00,-75.46,-388.13,0.00,-312.59
15,43,0.35864,-21.88,0.31,-78.21,-409.12,37.14,-328.47
15,44,0.36755,-26.54,3.58,-81.86,-523.29,366.45,-410.27
15,45,0.37518,-31.21,7.10,-85.60,-612.00,461.34,-490.00
15,46,0.38364,-35.93,13.03,-90.13,-558.48,702.57,-535.74
15,47,0.39188,-40.51,19.00,-94.66,-555.19,724.19,-549.63
15,48,0.40030,-43.68,25.24,-99.19,-376.81,740.15,-538.41
15,49,0.40854,-46.86,31.49,-103.73,-385.19,758.83,-550.37
15,50,0.41690,-50.01,37.92,-108.27,-376.64,768.66,-543.43
15,51,0.42520,-53.14,44.29,-112.80,-377.57,767.96,-545.22
15,52,0.43359,-56.13,50.16,-117.15,-356.00,699.83,-518.18
15,53,0.44186,-59.09,55.90,-121.46,-357.93,693.43,-521.03
15,54,0.45035,-61.79,60.32,-125.39,-318.71,520.99,-464.03
15,55,0.45865,-64.46,64.61,-129.27,-320.96,516.69,-467.28
15,56,0.46701,-66.75,67.65,-132.59,-274.45,363.91,-396.35
15,57,0.47531,-69.00,70.62,-135.83,-270.59,357.62,-390.81
15,58,0.48380,-70.80,72.88,-138.40,-212.95,266.52,-303.24
15,59,0.49194,-72.55,75.04,-140.88,-214.23,265.58,-304.12
15,60,0.50092,-73.71,76.28,-142.47,-129.25,138.23,-177.21
15,61,0.50867,-74.84,77.44,-144.01,-145.28,149.42,-198.82
15,62,0.51706,-75.66,77.82,-145.10,-98.18,45.12,-129.45
15,63,0.52533,-76.46,78.21,-146.15,-96.68,46.71,-126.94
15,64,0.53381,-77.03,78.67,-146.85,-66.91,54.11,-83.09
15,65,0.54202,-77.58,79.09,-147.53,-66.91,51.49,-82.90
15,66,0.55051,-77.97,79.17,-147.98,-46.04,9.02,-52.88
15,67,0.55875,-78.35,79.24,-148.42,-46.30,9.16,-52.96
15,68,0.56711,-78.64,79.31,-148.74,-35.40,7.84,-37.96
15,69,0.57553,-78.94,79.40,-149.05,-35.51,11.37,-37.68
15,70,0.58380,-79.25,79.79,-149.40,-36.90,46.28,-41.70
15,71,0.59207,-79.54,80.27,-149.72,-35.06,58.43,-39.11
15,72,0.60068,-79.68,81.70,-149.84,-16.67,166.24,-13.48
15,73,0.60873,-79.83,83.39,-149.97,-18.56,209.84,-15.91
15,74,0.61719,-80.04,87.53,-150.20,-24.91,489.26,-27.44
15,75,0.62555,-80.27,91.61,-150.47,-27.74,488.83,-32.48
15,76,0.63388,-80.73,95.25,-151.10,-54.95,436.02,-75.82
15,77,0.64206,-81.22,98.92,-151.78,-59.70,449.02,-83.21
15,78,0.65073,-81.98,102.96,-152.90,-88.03,466.85,-129.23
16,0,0.00000,0.00,0.00,0.00,74.66,-0.00,29.45
16,1,0.00793,0.67,0.00,0.26,83.85,0.00,33.08
16,2,0.01624,1.53,0.00,0.30,104.41,0.00,4.04
16,3,0.02454,2.40,0.11,0.33,104.41,13.51,4.04
16,4,0.03302,3.45,0.11,0.18,123.74,0.00,-17.63
16,5,0.04144,4.50,0.25,0.03,124.64,16.66,-17.75
16,6,0.04962,5.70,0.25,-0.27,147.01,0.00,-36.57
16,7,0.05804,6.90,0.44,-0.57,142.75,21.90,-35.51
16,8,0.06665,8.33,0.55,-1.02,165.25,13.71,-52.48
16,9,0.07452,9.75,0.67,-1.47,180.62,14.98,-57.36
16,10,0.08295,11.40,0.82,-2.09,195.65,17.23,-73.91
16,11,0.09119,13.04,0.96,-2.72,200.00,17.72,-75.56
16,12,0.09973,14.97,1.13,-3.38,225.00,19.22,-77.86
16,13,0.10797,16.89,1.29,-4.05,233.33,19.95,-80.74
16,14,0.11646,19.07,1.48,-4.82,256.83,22.15,-91.37
16,15,0.12476,21.25,1.67,-5.60,262.50,22.69,-93.38
16,16,0.13306,23.68,1.88,-6.41,293.75,24.83,-98.53
16,17,0.14124,26.13,2.08,-7.23,298.51,25.22,-100.00
16,18,0.14948,28.75,2.30,-8.07,318.89,26.45,-101.85
16,19,0.15784,31.38,2.52,-8.91,314.23,26.17,-100.36
16,20,0.16632,34.01,2.74,-9.75,309.71,25.67,-98.92
16,21,0.17487,36.64,2.95,-10.59,307.50,25.55,-98.21
16,22,0.18304,39.17,3.17,-11.47,309.70,26.55,-108.21
16,23,0.19122,41.70,3.39,-12.36,309.70,26.60,-108.21
16,24,0.19958,44.06,3.60,-13.34,281.39,25.83,-117.15
16,25,0.20819,46.41,3.82,-14.32,273.40,25.13,-113.83
16,26,0.21637,48.53,4.03,-15.39,258.96,25.81,-130.60
16,27,0.22479,50.64,4.24,-16.46,251.45,25.16,-126.81
16,28,0.23285,52.45,4.43,-17.38,223.86,22.49,-114.77
16,29,0.24139,54.25,4.61,-18.30,211.07,21.24,-108.21
16,30,0.24969,55.83,4.75,-18.97,190.81,17.60,-80.51
16,31,0.25806,57.42,4.90,-19.64,189.42,17.51,-79.93
16,32,0.26642,58.84,5.01,-20.04,170.44,13.53,-47.45
16,33,0.27454,60.27,5.13,-20.43,175.56,13.89,-48.87
16,34,0.28308,61.14,5.13,-20.43,102.14,-0.00,0.71
16,35,0.29132,62.01,5.13,-20.42,105.93,0.00,0.74
16,36,0.29968,62.89,5.27,-20.42,104.38,16.74,0.73
16,37,0.30792,63.76,5.27,-20.41,105.93,-0.00,0.74
16,38,0.31635,64.67,5.41,-20.91,107.61,16.83,-59.78
16,39,0.32452,65.57,5.41,-21.42,110.82,-0.00,-61.57
16,40,0.33301,67.15,5.87,-24.51,186.33,54.27,-364.39
16,41,0.34131,68.73,6.23,-27.60,190.44,44.07,-372.79
16,42,0.34973,70.76,6.68,-31.32,239.86,52.98,-440.94
16,43,0.35791,72.78,7.13,-35.03,247.01,54.54,-454.10
16,44,0.36627,75.54,10.39,-40.27,330.29,390.52,-626.64
16,45,0.37451,78.30,13.66,-45.51,335.56,396.42,-635.93
16,46,0.38281,81.92,19.60,-50.96,435.29,715.48,-656.99
16,47,0.39130,85.53,25.54,-56.42,425.90,700.05,-642.81
16,48,0.39966,89.42,31.77,-60.35,465.69,745.55,-470.44
16,49,0.40796,93.32,38.00,-64.29,469.12,751.04,-473.90
16,50,0.41632,97.22,44.43,-68.20,467.15,768.66,-467.88
16,51,0.42468,101.13,50.86,-72.11,467.15,768.64,-467.88
16,52,0.43311,104.87,56.73,-75.83,444.57,697.29,-441.30
16,53,0.44135,108.62,62.60,-79.54,454.44,712.71,-451.11
16,54,0.44965,112.01,67.02,-82.91,408.46,532.48,-405.15
16,55,0.45813,115.40,71.44,-86.27,399.64,520.92,-396.40
16,56,0.46643,118.25,74.49,-89.12,343.38,366.59,-343.38
16,57,0.47485,121.10,77.53,-91.97,338.41,361.24,-338.41
16,58,0.48303,123.31,79.79,-94.21,269.78,276.47,-273.51
16,59,0.49127,125.51,82.05,-96.44,267.78,274.36,-271.48
16,60,0.49957,126.87,83.29,-97.87,163.60,149.41,-171.69
16,61,0.50806,128.23,84.53,-99.30,160.07,146.14,-167.99
16,62,0.51617,129.15,84.91,-100.30,113.53,46.65,-123.68
16,63,0.52484,130.07,85.29,-101.30,106.34,43.69,-115.85
16,64,0.53308,130.66,85.75,-101.99,71.85,55.72,-82.96
16,65,0.54126,131.26,86.21,-102.67,72.39,56.11,-83.58
16,66,0.54968,131.63,86.28,-103.14,44.20,9.08,-55.43
16,67,0.55792,132.00,86.36,-103.60,45.19,9.28,-56.67
16,68,0.56653,132.26,86.43,-103.95,29.79,7.62,-40.43
16,69,0.57471,132.51,86.49,-104.30,31.34,8.04,-42.54
16,70,0.58295,132.80,86.87,-104.66,34.44,46.42,-44.07
16,71,0.59119,133.08,87.26,-105.03,34.44,46.49,-44.07
16,72,0.59973,133.17,88.69,-105.19,10.36,167.42,-18.93
16,73,0.60797,133.26,90.12,-105.35,10.74,173.81,-19.63
16,74,0.61627,133.45,94.26,-105.60,22.79,498.25,-29.78
16,75,0.62457,133.64,98.39,-105.84,22.79,498.22,-29.78
16,76,0.63300,134.18,102.02,-106.41,64.13,431.28,-67.03
16,77,0.64117,134.72,105.66,-106.97,66.04,444.19,-69.03
16,78,0.64984,135.68,109.70,-107.93,111.27,466.85,-109.86
17,0,0.00000,0.00,0.00,0.00,45.29,38.63,-71.74
17,1,0.00824,0.38,0.32,-0.60,46.30,39.33,-73.33
17,2,0.01703,0.57,0.63,-1.45,21.88,34.44,-96.18
17,3,0.02502,0.77,0.93,-2.29,24.05,38.08,-105.73
17,4,0.03326,0.81,1.22,-3.35,5.56,35.60,-128.52
17,5,0.04163,0.86,1.52,-4.41,5.47,35.40,-126.64
17,6,0.04999,0.79,1.81,-5.65,-8.39,34.52,-148.18
17,7,0.05829,0.72,2.10,-6.89,-8.46,34.78,-149.26
17,8,0.06659,0.53,2.40,-8.37,-22.06,36.68,-178.68
17,9,0.07507,0.35,2.71,-9.86,-21.58,35.75,-174.82
17,10,0.08325,0.04,3.02,-11.59,-37.69,38.09,-211.94
17,11,0.09161,-0.27,3.33,-13.32,-36.86,37.53,-207.30
17,12,0.09979,-0.57,3.72,-15.34,-36.94,47.20,-245.90
17,13,0.10846,-0.87,4.11,-17.35,-34.86,44.78,-232.04
17,14,0.11670,-1.23,4.54,-19.63,-43.70,52.47,-277.04
17,15,0.12488,-1.59,5.05,-21.91,-44.03,62.80,-279.10
17,16,0.13318,-1.94,5.49,-24.46,-42.65,53.22,-306.99
17,17,0.14185,-2.30,5.90,-27.01,-40.85,46.45,-294.01
17,18,0.14978,-2.64,6.22,-29.75,-43.08,41.28,-345.00
17,19,0.15833,-2.98,6.41,-32.48,-40.00,21.53,-320.36
17,20,0.16687,-3.32,6.56,-35.22,-40.00,17.65,-320.36
17,21,0.17505,-3.67,6.71,-37.96,-42.16,18.92,-334.70
17,22,0.18329,-4.07,6.83,-40.61,-49.26,14.11,-321.85
17,23,0.19147,-4.48,6.83,-43.26,-49.63,0.00,-324.25
17,24,0.19989,-5.01,6.97,-45.76,-62.68,16.73,-296.01
17,25,0.20837,-5.54,6.97,-48.25,-62.23,0.00,-293.88
17,26,0.21661,-6.20,6.97,-50.52,-80.00,0.00,-276.30
17,27,0.22479,-6.85,6.97,-52.80,-80.60,0.00,-278.36
17,28,0.23315,-7.43,6.97,-54.74,-68.98,0.00,-232.12
17,29,0.24164,-8.01,6.97,-56.68,-67.99,0.00,-228.78
17,30,0.25006,-8.37,6.97,-58.36,-43.48,0.00,-199.28
17,31,0.25842,-8.74,6.97,-60.04,-43.80,0.00,-200.73
17,32,0.26666,-8.87,6.97,-61.51,-15.56,0.00,-178.89
17,33,0.27484,-9.00,6.97,-62.99,-15.67,0.00,-180.22
17,34,0.28363,-8.83,7.17,-63.85,18.75,22.86,-97.57
17,35,0.29169,-8.67,7.37,-64.70,20.45,24.53,-106.44
17,36,0.29993,-8.50,7.57,-65.56,20.00,23.95,-104.07
17,37,0.30829,-8.34,7.77,-66.42,19.71,24.06,-102.55
17,38,0.31647,-8.66,7.77,-67.40,-39.93,0.00,-120.15
17,39,0.32513,-8.99,7.77,-68.38,-38.03,0.00,-113.38
17,40,0.33325,-11.74,7.77,-70.51,-338.72,0.00,-261.65
17,41,0.34167,-14.49,7.77,-72.63,-326.45,0.00,-252.17
17,42,0.34979,-17.77,7.77,-75.30,-403.76,0.00,-328.57
17,43,0.35815,-21.05,7.77,-77.97,-391.97,0.14,-318.98
17,44,0.36670,-25.69,11.03,-81.65,-543.57,382.15,-430.71
17,45,0.37488,-30.34,14.30,-85.33,-567.91,399.38,-450.00
17,46,0.38330,-35.03,20.24,-89.88,-557.61,705.12,-540.58
17,47,0.39197,-39.73,26.18,-94.43,-541.90,685.27,-525.35
17,48,0.39990,-42.88,32.41,-98.98,-397.31,785.70,-573.46
17,49,0.40839,-46.04,38.65,-103.53,-371.58,734.83,-536.33
17,50,0.41669,-49.16,45.07,-108.09,-376.84,774.32,-549.26
17,51,0.42493,-52.29,51.50,-112.65,-379.63,780.02,-553.33
17,52,0.43347,-55.26,57.37,-117.02,-347.14,687.33,-510.71
17,53,0.44159,-58.22,63.25,-121.38,-365.41,723.43,-537.59
17,54,0.44977,-60.91,67.67,-125.33,-327.99,540.43,-483.21
17,55,0.45825,-63.59,72.09,-129.28,-316.19,520.92,-465.83
17,56,0.46667,-65.87,75.13,-132.61,-270.29,361.28,-394.93
17,57,0.47491,-68.14,78.17,-135.93,-276.30,369.27,-403.33
17,58,0.48322,-69.94,80.43,-138.52,-216.18,272.40,-311.03
17,59,0.49146,-71.73,82.69,-141.10,-217.78,274.36,-313.33
17,60,0.49988,-72.88,83.93,-142.69,-136.59,147.25,-189.49
17,61,0.50830,-74.03,85.17,-144.29,-136.59,147.20,-189.49
17,62,0.51672,-74.85,85.55,-145.38,-97.10,44.96,-129.35
17,63,0.52502,-75.67,85.93,-146.47,-98.53,45.62,-131.25
17,64,0.53345,-76.23,86.39,-147.18,-67.03,54.51,-84.06
17,65,0.54156,-76.80,86.85,-147.89,-69.55,56.53,-87.22
17,66,0.54974,-77.19,86.93,-148.34,-47.76,9.35,-55.22
17,67,0.55835,-77.58,87.00,-148.79,-45.39,8.89,-52.48
17,68,0.56641,-77.87,87.07,-149.11,-36.74,8.14,-39.39
17,69,0.57477,-78.17,87.13,-149.42,-35.40,7.86,-37.96
17,70,0.58313,-78.48,87.52,-149.77,-36.50,45.74,-41.61
17,71,0.59186,-78.78,87.90,-150.12,-34.97,43.89,-39.86
17,72,0.59991,-78.92,89.33,-150.23,-17.80,177.57,-14.39
17,73,0.60870,-79.07,90.76,-150.35,-16.32,162.95,-13.19
17,74,0.61639,-79.28,94.90,-150.58,-26.98,537.80,-30.16
17,75,0.62482,-79.48,99.03,-150.81,-24.64,490.99,-27.54
17,76,0.63324,-79.94,102.67,-151.45,-53.99,431.28,-75.36
17,77,0.64154,-80.39,106.30,-152.08,-54.78,437.66,-76.47
17,78,0.65002,-81.15,110.35,-153.21,-89.21,476.92,-132.37
18,0,0.00000,0.00,0.00,0.00,31.52,35.53,-78.62
18,1,0.00830,0.27,0.30,-0.66,31.99,36.41,-79.78
18,2,0.01642,0.30,0.55,-1.53,4.51,29.96,-106.77
18,3,0.02484,0.34,0.79,-2.40,4.35,29.31,-102.90
18,4,0.03326,0.20,1.00,-3.45,-17.03,24.83,-124.64
18,5,0.04169,0.05,1.21,-4.50,-17.03,25.06,-124.64
18,6,0.04993,-0.24,1.40,-5.70,-35.56,22.18,-146.30
18,7,0.05823,-0.53,1.58,-6.91,-35.29,22.07,-145.22
18,8,0.06665,-0.98,1.75,-8.33,-52.90,20.00,-169.20
18,9,0.07489,-1.43,1.92,-9.76,-54.07,20.79,-173.70
18,10,0.08350,-2.04,2.07,-11.41,-71.28,17.19,-191.84
18,11,0.09161,-2.65,2.22,-13.06,-75.56,18.67,-203.38
18,12,0.10034,-3.31,2.42,-14.99,-75.17,23.19,-220.63
18,13,0.10828,-3.96,2.62,-16.92,-82.69,25.52,-242.69
18,14,0.11658,-4.73,2.84,-19.10,-91.91,26.53,-262.87
18,15,0.12482,-5.49,3.06,-21.28,-92.59,26.73,-264.81
18,16,0.13336,-6.30,3.33,-23.72,-94.29,31.70,-286.07
18,17,0.14154,-7.10,3.61,-26.17,-98.51,33.19,-298.88
18,18,0.15002,-7.93,3.91,-28.80,-97.48,36.26,-310.43
18,19,0.15833,-8.76,4.23,-31.44,-99.63,37.78,-317.28
18,20,0.16650,-9.58,4.54,-34.07,-101.12,37.72,-322.01
18,21,0.17493,-10.41,4.84,-36.70,-98.19,36.66,-312.32
18,22,0.18378,-11.28,5.11,-39.24,-98.62,30.01,-286.90
18,23,0.19189,-12.16,5.37,-41.78,-107.52,32.34,-312.41
18,24,0.19983,-13.12,5.54,-44.13,-121.92,21.47,-296.92
18,25,0.20819,-14.09,5.71,-46.49,-115.69,20.57,-281.75
18,26,0.21643,-15.15,5.71,-48.61,-128.52,0.00,-257.78
18,27,0.22504,-16.20,5.85,-50.73,-122.70,15.65,-246.45
18,28,0.23309,-17.12,5.85,-52.54,-113.64,-0.01,-224.24
18,29,0.24158,-18.04,5.85,-54.35,-107.91,0.00,-212.95
18,30,0.24969,-18.70,6.06,-55.93,-81.20,26.12,-195.49
18,31,0.25800,-19.35,6.06,-57.52,-79.41,0.00,-191.18
18,32,0.26648,-19.74,6.37,-58.95,-46.04,36.32,-168.35
18,33,0.27472,-20.13,6.57,-60.37,-47.04,23.91,-172.96
18,34,0.28314,-20.12,6.80,-61.25,1.09,27.66,-103.62
18,35,0.29144,-20.11,7.04,-62.12,1.10,28.52,-105.15
18,36,0.29987,-20.10,7.27,-62.99,1.09,27.88,-103.62
18,37,0.30817,-20.10,7.50,-63.86,1.10,28.14,-105.15
18,38,0.31641,-20.59,7.50,-64.77,-60.37,0.00,-110.37
18,39,0.32483,-21.10,7.50,-65.68,-60.14,0.00,-107.97
18,40,0.33319,-24.19,7.50,-67.28,-369.34,0.00,-191.24
18,41,0.34131,-27.28,7.50,-68.88,-380.45,0.00,-196.99
18,42,0.35022,-30.98,7.50,-70.92,-415.41,0.00,-228.77
18,43,0.35834,-34.69,7.52,-72.96,-456.77,1.50,-251.50
18,44,0.36658,-39.91,10.78,-75.75,-634.44,396.31,-338.52
18,45,0.37494,-45.14,14.06,-78.54,-625.18,391.71,-333.94
18,46,0.38324,-50.58,20.00,-82.18,-655.15,715.48,-438.24
18,47,0.39160,-56.01,25.94,-85.82,-649.64,710.40,-435.04
18,48,0.39990,-59.93,32.17,-89.73,-471.69,751.03,-471.32
18,49,0.40845,-63.84,38.41,-93.64,-458.21,729.66,-457.86
18,50,0.41656,-67.74,44.83,-97.57,-479.70,791.78,-483.83
18,51,0.42517,-71.63,51.26,-101.50,-452.13,746.61,-456.03
18,52,0.43347,-75.33,57.13,-105.26,-445.59,707.54,-453.31
18,53,0.44159,-79.03,63.00,-109.02,-455.64,722.82,-463.16
18,54,0.44989,-82.37,67.42,-112.43,-403.31,532.49,-410.66
18,55,0.45868,-85.72,71.83,-115.83,-380.56,502.31,-387.50
18,56,0.46661,-88.55,74.88,-118.70,-357.31,383.51,-360.77
18,57,0.47510,-91.38,77.92,-121.56,-333.81,358.32,-337.41
18,58,0.48315,-93.61,80.18,-123.78,-276.52,280.66,-275.38
18,59,0.49152,-95.84,82.44,-125.99,-266.06,269.95,-264.96
18,60,0.49994,-97.26,83.68,-127.36,-168.48,147.25,-161.96
18,61,0.50830,-98.67,84.91,-128.72,-169.34,147.92,-162.77
18,62,0.51642,-99.67,85.29,-129.64,-122.93,46.65,-113.91
18,63,0.52466,-100.67,85.67,-130.57,-121.11,46.00,-112.22
18,64,0.53314,-101.35,86.13,-131.16,-80.22,54.11,-70.14
18,65,0.54156,-102.03,86.59,-131.76,-80.80,54.33,-70.65
18,66,0.54999,-102.50,86.66,-132.13,-55.43,9.11,-44.57
18,67,0.55835,-102.96,86.74,-132.50,-55.47,9.14,-44.53
18,68,0.56641,-103.31,86.81,-132.76,-43.18,8.14,-32.20
18,69,0.57477,-103.66,86.87,-133.02,-41.61,8.14,-31.02
18,70,0.58325,-104.02,87.26,-133.31,-42.81,45.08,-33.81
18,71,0.59149,-104.38,87.65,-133.59,-43.70,47.41,-34.44
18,72,0.60004,-104.54,89.08,-133.68,-18.93,167.43,-10.36
18,73,0.60815,-104.70,90.53,-133.77,-19.92,178.84,-10.90
18,74,0.61658,-104.95,94.67,-133.96,-29.35,491.03,-22.83
18,75,0.62488,-105.20,98.80,-134.16,-30.15,497.78,-23.53
18,76,0.63336,-105.76,102.43,-134.70,-66.19,428.18,-64.03
18,77,0.64154,-106.33,106.07,-135.25,-69.03,444.55,-66.79
18,78,0.64978,-107.27,110.11,-136.22,-114.81,491.05,-117.78
19,0,0.00000,0.00,0.00,0.00,20.50,31.30,-81.65
19,1,0.00867,0.17,0.26,-0.69,20.07,30.52,-79.93
19,2,0.01672,0.09,0.46,-1.56,-9.85,23.86,-107.20
19,3,0.02527,0.02,0.65,-2.42,-9.29,22.03,-101.07
19,4,0.03333,-0.27,0.78,-3.44,-35.23,17.28,-126.89
19,5,0.04169,-0.55,0.92,-4.46,-33.94,16.39,-122.26
19,6,0.04987,-1.00,0.92,-5.62,-55.22,0.00,-141.04
19,7,0.05835,-1.46,1.11,-6.77,-53.24,22.23,-135.97
19,8,0.06671,-2.09,1.11,-8.12,-75.55,0.00,-161.68
19,9,0.07507,-2.72,1.24,-9.48,-75.55,15.04,-161.68
19,10,0.08331,-3.55,1.24,-11.03,-100.74,-0.01,-188.15
19,11,0.09155,-4.38,1.24,-12.58,-100.74,0.00,-188.15
19,12,0.09979,-5.29,1.24,-14.40,-110.74,-0.01,-220.74
19,13,0.10828,-6.20,1.39,-16.21,-107.55,18.11,-214.39
19,14,0.11658,-7.26,1.39,-18.27,-126.84,0.00,-248.16
19,15,0.12512,-8.31,1.50,-20.33,-123.21,13.10,-241.07
19,16,0.13336,-9.44,1.50,-22.65,-137.04,0.00,-280.74
19,17,0.14154,-10.57,1.68,-24.96,-138.06,22.27,-282.84
19,18,0.15002,-11.74,1.68,-27.46,-138.49,0.00,-294.24
19,19,0.15839,-12.92,1.90,-29.95,-140.51,25.86,-298.54
19,20,0.16669,-14.09,1.90,-32.45,-141.54,0.00,-300.74
19,21,0.17487,-15.27,1.90,-34.95,-143.66,0.00,-305.22
19,22,0.18335,-16.48,1.90,-37.34,-142.45,0.00,-282.37
19,23,0.19153,-17.68,1.90,-39.74,-147.76,0.00,-292.91
19,24,0.20001,-18.96,1.90,-41.94,-150.36,0.00,-259.71
19,25,0.20844,-20.24,1.90,-44.14,-151.45,0.00,-261.59
19,26,0.21661,-21.57,1.90,-46.10,-163.06,0.00,-239.55
19,27,0.22504,-22.91,1.90,-48.07,-159.06,0.00,-233.70
19,28,0.23334,-24.06,1.90,-49.74,-138.97,0.00,-200.74
19,29,0.24164,-25.21,1.90,-51.40,-138.60,0.00,-200.74
19,30,0.25018,-26.08,1.90,-52.89,-101.43,0.00,-173.57
19,31,0.25830,-26.95,1.90,-54.37,-106.77,0.00,-182.33
19,32,0.26685,-27.53,1.90,-55.73,-67.86,0.00,-159.29
19,33,0.27521,-28.10,1.90,-57.09,-68.98,0.00,-162.41
19,34,0.28375,-28.21,1.90,-57.95,-12.50,0.00,-101.43
19,35,0.29199,-28.32,1.90,-58.82,-12.96,0.00,-105.19
19,36,0.29999,-28.42,1.90,-59.69,-13.36,0.00,-108.40
19,37,0.30859,-28.53,1.90,-60.55,-12.77,0.00,-100.71
19,38,0.31671,-29.15,1.90,-61.39,-75.94,0.00,-102.63
19,39,0.32507,-29.78,1.90,-62.22,-75.55,0.00,-99.64
19,40,0.33356,-33.05,1.90,-63.39,-385.61,0.00,-137.41
19,41,0.34204,-36.33,1.90,-64.55,-386.33,0.00,-137.41
19,42,0.34985,-40.27,1.90,-66.07,-504.69,0.00,-194.53
19,43,0.35834,-44.23,1.92,-67.59,-465.83,2.08,-179.50
19,44,0.36707,-49.78,5.18,-69.65,-636.71,374.14,-235.66
19,45,0.37506,-55.34,8.46,-71.71,-695.04,410.22,-257.63
19,46,0.38361,-61.22,14.40,-74.58,-687.86,695.04,-335.71
19,47,0.39154,-67.09,20.34,-77.45,-740.00,748.71,-361.92
19,48,0.39996,-71.50,26.58,-80.80,-523.55,740.15,-397.46
19,49,0.40820,-75.91,32.81,-84.15,-535.19,756.72,-406.30
19,50,0.41669,-80.30,39.24,-87.51,-517.27,757.60,-396.40
19,51,0.42493,-84.68,45.66,-90.87,-532.22,779.68,-408.15
19,52,0.43341,-88.86,51.54,-94.10,-492.09,692.27,-380.58
19,53,0.44153,-93.03,57.40,-97.33,-513.91,722.52,-397.37
19,54,0.45013,-96.80,61.82,-100.25,-438.65,513.60,-339.72
19,55,0.45862,-100.58,66.23,-103.17,-444.60,520.10,-344.24
19,56,0.46667,-103.77,69.28,-105.62,-396.59,377.70,-304.55
19,57,0.47491,-106.96,72.32,-108.07,-387.41,368.78,-297.41
19,58,0.48322,-109.47,74.58,-109.97,-301.84,272.40,-228.68
19,59,0.49158,-111.97,76.83,-111.87,-298.91,269.74,-226.28
19,60,0.50000,-113.56,78.07,-113.02,-188.77,147.25,-137.68
19,61,0.50836,-115.15,79.31,-114.18,-189.78,147.75,-138.32
19,62,0.51666,-116.26,79.69,-114.96,-134.19,45.62,-94.12
19,63,0.52496,-117.37,80.07,-115.74,-134.19,45.67,-94.12
19,64,0.53333,-118.13,80.53,-116.24,-90.51,54.90,-59.49
19,65,0.54169,-118.88,80.98,-116.74,-90.15,54.65,-59.49
19,66,0.54993,-119.39,81.06,-117.05,-61.85,9.28,-37.41
19,67,0.55835,-119.90,81.14,-117.36,-60.51,9.07,-36.59
19,68,0.56659,-120.28,81.20,-117.57,-45.93,7.96,-25.56
19,69,0.57495,-120.66,81.27,-117.78,-45.26,8.05,-25.18
19,70,0.58337,-121.06,81.65,-118.01,-47.10,45.41,-27.90
19,71,0.59149,-121.45,82.04,-118.25,-48.87,47.84,-28.95
19,72,0.59991,-121.63,83.47,-118.31,-20.65,169.85,-7.97
19,73,0.60828,-121.80,84.92,-118.38,-20.80,172.92,-8.03
19,74,0.61694,-122.07,89.05,-118.54,-30.99,477.20,-17.96
19,75,0.62494,-122.34,93.18,-118.70,-33.97,516.91,-19.85
19,76,0.63342,-122.97,96.82,-119.16,-74.10,428.18,-54.32
19,77,0.64185,-123.60,100.45,-119.62,-75.00,431.56,-55.07
19,78,0.64990,-124.67,104.50,-120.45,-132.58,502.21,-103.41
20,0,0.00000,0.00,0.00,0.00,47.81,35.33,-70.80
20,1,0.00824,0.40,0.30,-0.59,48.52,35.86,-71.85
20,2,0.01691,0.62,0.53,-1.43,25.35,26.53,-96.83
20,3,0.02515,0.84,0.75,-2.27,26.67,27.82,-101.85
20,4,0.03369,0.92,0.95,-3.37,10.00,22.33,-128.93
20,5,0.04199,1.00,1.13,-4.44,9.56,21.85,-128.31
20,6,0.05029,0.98,1.27,-5.68,-3.31,17.74,-149.26
20,7,0.05865,0.94,1.42,-6.93,-4.01,17.39,-149.64
20,8,0.06720,0.81,1.54,-8.41,-15.36,14.46,-173.93
20,9,0.07556,0.68,1.67,-9.91,-16.06,14.59,-179.20
20,10,0.08392,0.42,1.67,-11.70,-30.66,0.00,-213.50
20,11,0.09247,0.17,1.85,-13.46,-28.93,22.01,-206.07
20,12,0.10065,-0.06,1.99,-15.48,-28.36,16.73,-247.01
20,13,0.10913,-0.29,2.13,-17.52,-27.70,16.36,-240.29
20,14,0.11743,-0.57,2.27,-19.81,-33.82,17.48,-276.47
20,15,0.12561,-0.85,2.42,-22.13,-34.33,18.16,-282.84
20,16,0.13397,-1.13,2.61,-24.73,-32.48,22.89,-310.95
20,17,0.14227,-1.39,2.84,-27.30,-31.99,27.35,-310.29
20,18,0.15082,-1.64,2.96,-30.05,-28.93,13.40,-321.79
20,19,0.15887,-1.89,2.96,-32.80,-30.68,0.00,-341.29
20,20,0.16730,-2.13,2.96,-35.55,-29.35,0.00,-326.45
20,21,0.17554,-2.39,2.96,-38.29,-30.74,0.00,-332.59
20,22,0.18439,-2.70,2.96,-40.95,-35.52,0.00,-301.03
20,23,0.19232,-3.02,2.96,-43.61,-40.77,0.00,-334.23
20,24,0.20081,-3.47,2.96,-46.12,-52.16,0.00,-295.68
20,25,0.20886,-3.92,2.96,-48.61,-56.44,0.00,-309.09
20,26,0.21753,-4.50,2.96,-50.90,-66.90,0.00,-265.14
20,27,0.22559,-5.08,2.96,-53.17,-71.59,0.00,-281.82
20,28,0.23413,-5.59,2.96,-55.13,-59.64,0.00,-229.29
20,29,0.24249,-6.08,2.96,-57.07,-59.12,0.00,-231.75
20,30,0.25085,-6.39,2.96,-58.76,-36.86,0.00,-202.19
20,31,0.25916,-6.68,2.96,-60.43,-34.56,0.00,-201.47
20,32,0.26727,-6.75,2.96,-61.91,-9.40,0.00,-181.95
20,33,0.27563,-6.81,2.96,-63.34,-6.57,0.00,-170.44
20,34,0.28394,-6.61,2.96,-64.19,23.53,0.00,-102.57
20,35,0.29242,-6.42,2.96,-65.04,23.02,0.00,-100.36
20,36,0.30090,-6.22,2.96,-65.89,23.02,0.00,-100.36
20,37,0.30890,-6.07,2.96,-66.75,19.47,0.00,-107.63
20,38,0.31744,-6.36,2.96,-67.75,-34.29,0.00,-116.43
20,39,0.32568,-6.85,2.96,-68.84,-59.63,0.00,-132.96
20,40,0.33405,-9.52,2.96,-71.06,-319.71,0.00,-264.96
20,41,0.34290,-12.24,2.96,-73.32,-306.90,0.00,-255.86
20,42,0.35077,-15.42,2.96,-76.10,-404.26,0.00,-353.10
20,43,0.35889,-18.72,3.23,-78.97,-406.02,33.30,-353.01
20,44,0.36713,-23.23,6.49,-82.80,-547.78,396.31,-465.56
20,45,0.37567,-27.75,9.98,-86.71,-528.57,408.06,-457.50
20,46,0.38416,-32.29,15.92,-91.42,-534.89,700.04,-555.40
20,47,0.39227,-36.70,21.88,-96.13,-543.23,734.63,-580.08
20,48,0.40057,-39.69,28.11,-100.79,-360.66,751.03,-561.03
20,49,0.40906,-42.68,34.36,-105.45,-352.52,736.71,-548.92
20,50,0.41736,-45.65,40.79,-110.11,-357.35,774.32,-562.13
20,51,0.42584,-48.60,47.17,-114.76,-348.20,752.19,-547.84
20,52,0.43414,-51.45,53.12,-119.28,-343.38,716.92,-544.85
20,53,0.44238,-54.24,58.86,-123.71,-338.15,695.83,-536.67
20,54,0.45087,-56.78,63.28,-127.75,-300.00,520.99,-476.26
20,55,0.45923,-59.29,67.57,-131.73,-300.00,512.77,-475.91
20,56,0.46735,-61.45,70.61,-135.13,-266.17,374.86,-419.17
20,57,0.47632,-63.57,73.58,-138.46,-236.05,330.78,-371.09
20,58,0.48401,-65.27,75.84,-141.10,-221.43,294.02,-343.65
20,59,0.49225,-66.92,78.00,-143.65,-199.63,262.51,-308.89
20,60,0.50061,-68.01,79.24,-145.28,-131.02,148.32,-195.62
20,61,0.50916,-69.08,80.40,-146.87,-124.64,135.45,-185.36
20,62,0.51740,-69.86,80.78,-147.98,-94.44,45.95,-135.56
20,63,0.52588,-70.61,81.16,-149.06,-89.21,45.55,-127.34
20,64,0.53424,-71.15,81.62,-149.79,-64.60,54.90,-86.86
20,65,0.54254,-71.68,82.05,-150.49,-62.87,50.87,-84.56
20,66,0.55078,-72.05,82.12,-150.96,-45.56,9.28,-56.30
20,67,0.55914,-72.42,82.20,-151.41,-43.80,9.02,-54.01
20,68,0.56738,-72.70,82.26,-151.73,-34.44,7.96,-39.63
20,69,0.57611,-72.99,82.36,-152.06,-32.52,11.01,-37.76
20,70,0.58411,-73.28,82.74,-152.42,-36.64,47.84,-44.66
20,71,0.59265,-73.56,83.22,-152.76,-32.50,56.57,-39.29
20,72,0.60083,-73.70,84.66,-152.88,-17.16,174.92,-14.93
20,73,0.60919,-73.84,86.35,-153.01,-17.52,202.24,-15.69
20,74,0.61743,-74.04,90.48,-153.25,-24.07,501.94,-29.26
20,75,0.62585,-74.26,94.57,-153.53,-26.45,485.28,-32.97
20,76,0.63440,-74.70,98.20,-154.18,-50.71,425.12,-76.07
20,77,0.64233,-75.16,101.87,-154.88,-58.08,462.84,-88.08
20,78,0.65063,-75.88,105.92,-156.02,-86.40,487.44,-138.24
21,0,0.00000,0.00,0.00,0.00,34.42,43.78,-77.54
21,1,0.00824,0.29,0.37,-0.65,35.19,45.39,-79.26
21,2,0.01666,0.36,0.71,-1.52,8.33,39.70,-102.54
21,3,0.02478,0.43,1.05,-2.38,8.65,41.65,-106.39
21,4,0.03333,0.33,1.37,-3.44,-12.14,38.02,-123.57
21,5,0.04163,0.22,1.69,-4.49,-12.50,38.46,-127.21
21,6,0.04999,-0.02,2.00,-5.71,-29.56,37.03,-145.26
21,7,0.05804,-0.27,2.31,-6.92,-30.68,38.42,-150.76
21,8,0.06659,-0.66,2.63,-8.36,-45.71,37.24,-168.57
21,9,0.07501,-1.05,2.95,-9.80,-46.38,37.78,-171.01
21,10,0.08362,-1.61,3.27,-11.47,-64.18,37.36,-194.33
21,11,0.09155,-2.16,3.59,-13.15,-69.62,40.83,-210.77
21,12,0.10004,-2.74,4.00,-15.10,-68.71,47.76,-229.86
21,13,0.10822,-3.32,4.40,-17.05,-71.27,49.25,-238.43
21,14,0.11652,-4.00,4.85,-19.26,-81.99,54.18,-266.18
21,15,0.12482,-4.68,5.30,-21.47,-81.99,54.18,-266.18
21,16,0.13330,-5.40,5.82,-23.94,-84.17,61.84,-291.37
21,17,0.14142,-6.11,6.35,-26.41,-87.97,64.93,-304.51
21,18,0.14984,-6.84,6.94,-29.07,-86.59,69.38,-315.94
21,19,0.15833,-7.57,7.52,-31.73,-85.97,68.87,-313.67
21,20,0.16644,-8.30,8.11,-34.39,-89.85,72.48,-327.82
21,21,0.17493,-9.03,8.69,-37.05,-85.97,68.60,-313.67
21,22,0.18304,-9.81,9.22,-39.62,-95.86,64.98,-316.54
21,23,0.19159,-10.59,9.75,-42.19,-91.07,62.34,-300.71
21,24,0.19977,-11.47,10.17,-44.59,-107.46,51.09,-292.54
21,25,0.20825,-12.34,10.59,-46.98,-103.60,49.25,-282.01
21,26,0.21643,-13.32,10.87,-49.14,-119.40,35.23,-264.18
21,27,0.22485,-14.30,11.16,-51.30,-115.94,34.27,-256.52
21,28,0.23328,-15.15,11.40,-53.14,-100.72,28.43,-218.48
21,29,0.24158,-15.99,11.64,-54.98,-102.21,28.56,-221.69
21,30,0.24976,-16.60,11.91,-56.59,-73.51,33.67,-196.64
21,31,0.25824,-17.20,12.19,-58.20,-70.86,32.73,-189.57
21,32,0.26648,-17.53,12.54,-59.64,-40.74,41.94,-174.81
21,33,0.27502,-17.87,12.88,-61.08,-39.29,40.13,-168.57
21,34,0.28333,-17.83,13.21,-61.95,5.15,39.48,-104.78
21,35,0.29156,-17.78,13.54,-62.82,5.19,39.76,-105.56
21,36,0.29999,-17.74,13.86,-63.69,5.07,38.67,-103.26
21,37,0.30804,-17.70,14.19,-64.56,5.30,40.89,-107.95
21,38,0.31689,-18.16,14.19,-65.48,-52.41,0.00,-104.83
21,39,0.32495,-18.62,14.40,-66.41,-57.58,25.43,-115.15
21,40,0.33344,-21.65,14.40,-68.12,-356.47,0.00,-201.80
21,41,0.34192,-24.67,14.40,-69.84,-356.47,0.00,-201.80
21,42,0.34979,-28.30,14.40,-72.01,-460.08,0.00,-276.36
21,43,0.35822,-31.92,14.40,-74.19,-430.43,0.14,-258.33
21,44,0.36664,-37.04,17.66,-77.17,-607.97,387.69,-353.99
21,45,0.37500,-42.16,20.93,-80.15,-612.41,390.64,-356.57
21,46,0.38324,-47.46,26.87,-83.99,-642.96,720.79,-465.93
21,47,0.39154,-52.76,32.81,-87.83,-637.87,715.50,-462.50
21,48,0.40033,-56.52,39.04,-91.89,-428.47,709.31,-461.46
21,49,0.40833,-60.29,45.28,-95.94,-470.99,779.71,-507.25
21,50,0.41669,-64.03,51.70,-100.01,-447.45,768.66,-486.86
21,51,0.42511,-67.77,58.13,-104.08,-444.20,763.07,-483.33
21,52,0.43304,-71.33,64.00,-107.98,-448.08,740.20,-491.15
21,53,0.44147,-74.88,69.88,-111.88,-422.10,697.21,-462.68
21,54,0.44995,-78.10,74.30,-115.41,-379.14,520.99,-416.19
21,55,0.45813,-81.31,78.72,-118.94,-393.28,540.36,-431.72
21,56,0.46643,-84.04,81.76,-121.91,-328.31,366.59,-357.72
21,57,0.47491,-86.77,84.81,-124.88,-321.94,359.28,-350.36
21,58,0.48358,-88.91,87.07,-127.18,-247.18,260.89,-265.49
21,59,0.49164,-91.05,89.33,-129.48,-265.53,280.29,-285.23
21,60,0.49988,-92.42,90.57,-130.90,-165.56,150.52,-171.85
21,61,0.50806,-93.78,91.80,-132.31,-166.79,151.34,-173.13
21,62,0.51666,-94.74,92.18,-133.27,-112.06,44.00,-111.70
21,63,0.52472,-95.71,92.56,-134.23,-119.70,47.03,-119.32
21,64,0.53320,-96.37,93.02,-134.85,-77.70,54.11,-73.02
21,65,0.54138,-97.03,93.48,-135.47,-80.60,56.00,-75.75
21,66,0.54980,-97.48,93.56,-135.86,-53.26,9.08,-46.38
21,67,0.55811,-97.92,93.63,-136.25,-54.04,9.21,-47.06
21,68,0.56647,-98.26,93.70,-136.53,-40.15,7.84,-32.48
21,69,0.57477,-98.60,93.76,-136.80,-40.44,8.01,-32.72
21,70,0.58325,-98.95,94.15,-137.10,-41.37,45.08,-35.25
21,71,0.59149,-99.30,94.53,-137.40,-42.59,46.80,-36.30
21,72,0.60004,-99.46,95.96,-137.49,-18.57,167.43,-11.07
21,73,0.60803,-99.62,97.40,-137.59,-19.85,179.94,-11.83
21,74,0.61658,-99.85,101.54,-137.79,-27.86,484.02,-23.57
21,75,0.62482,-100.09,105.67,-137.99,-29.26,501.76,-24.44
21,76,0.63312,-100.63,109.30,-138.55,-65.07,437.63,-68.01
21,77,0.64136,-101.18,112.94,-139.12,-65.93,441.02,-68.52
21,78,0.64978,-102.09,116.98,-140.12,-107.97,480.38,-119.20
22,0,0.00000,0.00,0.00,0.00,78.31,-0.00,-36.03
22,1,0.00836,0.65,0.00,-0.30,77.74,0.00,-35.77
22,2,0.01666,1.27,0.00,-0.90,75.00,0.00,-72.79
22,3,0.02515,1.90,0.00,-1.51,73.38,0.00,-71.22
22,4,0.03333,2.51,0.00,-2.37,75.37,0.00,-105.60
22,5,0.04175,3.13,0.00,-3.23,73.19,0.00,-102.54
22,6,0.05005,3.74,0.00,-4.31,74.26,0.00,-129.41
22,7,0.05841,4.36,0.00,-5.38,73.72,0.00,-128.47
22,8,0.06671,5.03,0.00,-6.74,80.15,0.00,-163.60
22,9,0.07520,5.69,0.00,-8.08,77.70,0.00,-158.27
22,10,0.08337,6.38,0.00,-9.70,84.33,0.00,-198.13
22,11,0.09180,7.06,0.00,-11.33,81.88,0.00,-192.75
22,12,0.10010,7.91,0.00,-13.18,102.21,0.00,-222.79
22,13,0.10846,8.76,0.00,-15.03,101.46,0.00,-221.53
22,14,0.11670,9.71,0.00,-17.14,114.81,0.00,-255.93
22,15,0.12506,10.65,0.00,-19.25,113.14,0.00,-252.55
22,16,0.13342,11.75,0.00,-21.58,131.02,0.00,-278.47
22,17,0.14178,12.85,0.00,-23.91,131.39,0.00,-278.47
22,18,0.15015,14.06,0.00,-26.39,144.53,0.00,-296.72
22,19,0.15857,15.26,0.00,-28.87,143.48,0.00,-294.57
22,20,0.16693,16.48,0.00,-31.36,145.26,0.00,-298.18
22,21,0.17517,17.69,0.00,-33.84,146.67,0.00,-301.11
22,22,0.18347,18.80,0.00,-36.29,133.82,0.00,-294.49
22,23,0.19183,19.91,0.00,-38.73,132.48,0.00,-291.97
22,24,0.20013,20.83,0.00,-41.11,110.66,0.00,-286.40
22,25,0.20850,21.74,0.00,-43.48,109.49,0.00,-283.94
22,26,0.21680,22.43,0.00,-45.75,83.46,0.00,-273.16
22,27,0.22534,23.12,0.00,-48.01,80.71,0.00,-265.00
22,28,0.23346,23.70,0.00,-49.96,71.05,0.00,-239.85
22,29,0.24182,24.28,0.00,-51.90,68.98,0.00,-231.39
22,30,0.25012,24.89,0.00,-53.50,73.53,0.00,-193.38
22,31,0.25854,25.50,0.00,-55.10,72.83,0.00,-189.86
22,32,0.26685,26.20,0.00,-56.40,84.19,0.00,-156.99
22,33,0.27521,26.90,0.00,-57.69,83.21,0.00,-154.38
22,34,0.28351,27.50,0.00,-58.32,73.16,0.00,-75.37
22,35,0.29193,28.11,0.00,-58.94,72.10,0.00,-74.28
22,36,0.30029,28.72,0.00,-59.57,72.63,0.00,-74.82
22,37,0.30859,29.32,0.00,-60.21,72.43,0.00,-77.21
22,38,0.31683,29.58,0.00,-61.23,32.22,0.00,-123.33
22,39,0.32520,29.79,0.00,-62.32,24.82,0.00,-130.29
22,40,0.33362,28.65,0.00,-65.60,-135.51,0.00,-389.49
22,41,0.34204,27.50,0.00,-68.91,-136.23,0.00,-392.75
22,42,0.35022,26.21,0.00,-72.93,-157.46,0.00,-492.16
22,43,0.35864,24.91,0.13,-77.02,-155.43,14.98,-485.14
22,44,0.36694,23.03,3.39,-82.64,-226.47,393.39,-676.84
22,45,0.37531,21.16,6.76,-88.28,-222.63,402.88,-675.55
22,46,0.38354,19.72,12.70,-94.67,-175.56,720.78,-774.44
22,47,0.39197,18.32,18.65,-101.01,-165.94,706.47,-753.62
22,48,0.40027,18.17,24.88,-106.55,-18.38,751.03,-666.54
22,49,0.40863,18.01,31.13,-112.08,-18.25,746.44,-661.68
22,50,0.41693,17.89,37.55,-117.61,-15.44,774.31,-665.81
22,51,0.42529,17.76,43.96,-123.12,-14.96,766.10,-659.85
22,52,0.43347,17.66,49.83,-128.40,-12.31,718.10,-644.78
22,53,0.44189,17.56,55.65,-133.65,-11.59,690.61,-623.91
22,54,0.45032,17.47,60.07,-138.43,-10.51,524.77,-567.03
22,55,0.45862,17.39,64.44,-143.17,-10.66,526.06,-571.69
22,56,0.46692,17.30,67.48,-147.20,-10.66,366.59,-485.29
22,57,0.47528,17.21,70.49,-151.20,-10.58,360.29,-477.74
22,58,0.48364,17.12,72.75,-154.34,-10.95,270.42,-375.55
22,59,0.49200,17.03,74.97,-157.43,-10.95,265.68,-370.44
22,60,0.50018,16.93,76.21,-159.40,-11.19,151.64,-240.30
22,61,0.50861,16.84,77.42,-161.34,-10.87,143.28,-230.43
22,62,0.51685,16.75,77.80,-162.70,-10.74,45.96,-164.81
22,63,0.52509,16.67,78.18,-164.04,-10.74,46.34,-162.96
22,64,0.53351,16.58,78.64,-164.94,-10.14,54.51,-106.88
22,65,0.54187,16.49,79.09,-165.83,-10.22,53.13,-106.20
22,66,0.55017,16.42,79.16,-166.42,-9.56,9.22,-71.32
22,67,0.55847,16.34,79.24,-167.00,-9.56,9.16,-70.22
22,68,0.56677,16.26,79.30,-167.43,-8.82,7.90,-51.47
22,69,0.57507,16.19,79.38,-167.86,-8.82,9.38,-51.47
22,70,0.58344,16.13,79.76,-168.32,-7.66,45.74,-54.74
22,71,0.59186,16.06,80.19,-168.76,-7.61,50.24,-52.90
22,72,0.60010,16.00,81.62,-168.94,-7.04,173.63,-21.48
22,73,0.60852,15.95,83.15,-169.12,-6.88,182.33,-21.38
22,74,0.61682,15.90,87.29,-169.43,-5.51,498.25,-37.13
22,75,0.62531,15.85,91.41,-169.75,-5.40,485.19,-38.49
22,76,0.63354,15.82,95.04,-170.54,-4.07,440.87,-94.81
22,77,0.64197,15.79,98.69,-171.34,-3.99,433.19,-95.29
22,78,0.65033,15.77,102.73,-172.69,-2.55,483.89,-162.04
23,0,0.00000,0.00,0.00,0.00,85.19,0.00,15.93
23,1,0.00842,0.70,-0.00,0.13,83.33,-0.00,15.58
23,2,0.01672,1.56,0.10,-0.00,103.31,12.33,-16.18
23,3,0.02509,2.42,0.10,-0.14,102.55,0.00,-16.06
23,4,0.03345,3.42,0.21,-0.49,119.71,13.37,-41.61
23,5,0.04175,4.42,0.21,-0.83,120.59,0.00,-41.91
23,6,0.05011,5.54,0.36,-1.35,134.31,17.12,-62.41
23,7,0.05853,6.67,0.36,-1.88,133.33,0.00,-61.96
23,8,0.06677,7.98,0.53,-2.59,159.26,21.33,-87.04
23,9,0.07520,9.29,0.53,-3.31,155.80,0.00,-84.78
23,10,0.08344,10.79,0.78,-4.23,181.85,30.01,-112.22
23,11,0.09180,12.29,0.78,-5.16,179.20,-0.00,-110.58
23,12,0.10004,14.05,0.98,-6.18,213.70,23.77,-124.07
23,13,0.10852,15.81,1.10,-7.20,207.55,14.07,-120.50
23,14,0.11670,17.80,1.23,-8.38,243.28,16.62,-144.03
23,15,0.12512,19.79,1.37,-9.56,236.23,16.13,-139.86
23,16,0.13354,22.03,1.52,-10.83,265.94,17.90,-150.72
23,17,0.14191,24.27,1.67,-12.10,267.88,18.00,-151.82
23,18,0.15015,26.69,1.83,-13.42,293.70,19.49,-161.11
23,19,0.15857,29.11,1.99,-14.75,287.32,19.11,-157.61
23,20,0.16681,31.57,2.15,-16.11,299.26,19.89,-164.44
23,21,0.17603,33.99,2.31,-17.43,262.25,17.40,-144.04
23,22,0.18347,36.43,2.48,-18.86,327.05,22.23,-190.98
23,23,0.19189,38.73,2.64,-20.21,273.55,18.68,-161.23
23,24,0.20007,40.85,2.79,-21.62,259.33,18.54,-172.39
23,25,0.20856,42.95,2.94,-23.04,247.84,17.81,-166.55
23,26,0.21680,44.83,3.08,-24.49,227.41,17.37,-176.30
23,27,0.22522,46.68,3.22,-25.93,220.29,16.83,-170.65
23,28,0.23346,48.28,3.35,-27.18,193.33,14.86,-152.22
23,29,0.24194,49.86,3.47,-28.41,186.33,14.28,-145.32
23,30,0.25018,51.28,3.57,-29.37,172.96,12.43,-116.30
23,31,0.25854,52.70,3.67,-30.31,169.71,12.12,-112.04
23,32,0.26691,54.03,3.67,-30.97,158.39,0.00,-79.20
23,33,0.27527,55.32,3.84,-31.60,154.38,19.98,-74.82
23,34,0.28357,56.17,3.84,-31.76,103.31,0.00,-19.49
23,35,0.29187,57.03,3.95,-31.92,103.31,12.81,-19.49
23,36,0.30023,57.89,3.95,-32.08,102.55,0.00,-19.34
23,37,0.30853,58.74,4.06,-32.28,102.57,14.02,-23.90
23,38,0.31689,59.53,4.17,-32.95,94.89,12.78,-79.56
23,39,0.32526,60.34,4.27,-33.81,96.35,12.33,-102.92
23,40,0.33362,61.30,4.54,-37.15,114.96,32.11,-399.27
23,41,0.34210,62.28,4.81,-40.53,115.83,32.20,-399.28
23,42,0.35022,63.56,5.14,-44.56,156.77,40.78,-496.62
23,43,0.35870,64.85,5.48,-48.71,152.88,40.04,-488.49
23,44,0.36694,66.56,8.75,-54.38,207.41,396.31,-688.52
23,45,0.37531,68.33,12.21,-60.08,211.31,413.70,-681.75
23,46,0.38361,70.83,18.15,-66.13,301.47,715.48,-728.31
23,47,0.39197,73.37,24.11,-72.07,304.01,712.82,-710.58
23,48,0.40015,76.44,30.34,-76.68,375.37,762.24,-563.06
23,49,0.40857,79.51,36.59,-81.28,364.49,741.81,-546.74
23,50,0.41687,82.60,43.02,-85.87,372.06,774.31,-552.57
23,51,0.42523,85.68,49.41,-90.44,368.25,763.86,-546.72
23,52,0.43347,88.64,55.28,-94.80,359.63,712.79,-529.63
23,53,0.44196,91.59,61.05,-99.14,347.12,679.85,-510.79
23,54,0.45020,94.27,65.47,-103.09,325.93,536.43,-479.26
23,55,0.45868,96.93,69.79,-106.99,312.95,509.21,-460.43
23,56,0.46704,99.18,72.83,-110.33,269.34,363.91,-399.64
23,57,0.47534,101.40,75.82,-113.62,266.91,359.76,-396.32
23,58,0.48370,103.14,78.08,-116.24,208.03,270.41,-313.14
23,59,0.49207,104.83,80.26,-118.79,202.19,261.55,-304.74
23,60,0.50043,105.89,81.50,-120.45,126.64,148.32,-198.18
23,61,0.50885,106.92,82.68,-122.07,122.83,139.82,-192.39
23,62,0.51709,107.63,83.06,-123.23,86.30,45.96,-141.11
23,63,0.52545,108.33,83.45,-124.37,82.85,45.98,-135.77
23,64,0.53369,108.78,83.90,-125.15,54.81,55.72,-95.19
23,65,0.54211,109.22,84.34,-125.92,52.17,51.21,-90.94
23,66,0.55029,109.49,84.41,-126.44,33.58,9.35,-64.55
23,67,0.55878,109.76,84.49,-126.96,31.65,8.92,-61.15
23,68,0.56714,109.95,84.55,-127.35,22.26,7.84,-46.72
23,69,0.57544,110.13,84.64,-127.75,22.79,10.67,-47.43
23,70,0.58380,110.35,85.02,-128.16,25.18,45.74,-49.27
23,71,0.59216,110.54,85.48,-128.55,23.72,54.85,-47.08
23,72,0.60046,110.60,86.91,-128.73,6.62,172.35,-21.32
23,73,0.60895,110.66,88.54,-128.91,7.19,191.81,-21.58
23,74,0.61713,110.80,92.68,-129.19,17.16,505.69,-33.96
23,75,0.62549,110.96,96.78,-129.50,18.98,490.24,-36.50
23,76,0.63379,111.38,100.41,-130.15,50.74,437.63,-79.04
23,77,0.64221,111.83,104.07,-130.84,53.26,434.85,-81.88
23,78,0.65045,112.59,108.12,-131.96,92.96,491.05,-135.56
24,0,0.00000,0.00,0.00,0.00,82.61,0.00,19.20
24,1,0.00830,0.70,0.00,0.16,83.82,0.00,19.49
24,2,0.01666,1.56,0.00,0.06,102.92,0.00,-11.68
24,3,0.02490,2.42,0.13,-0.03,104.44,15.25,-11.85
24,4,0.03333,3.43,0.13,-0.34,120.65,0.00,-36.23
24,5,0.04163,4.45,0.24,-0.64,122.43,13.58,-36.76
24,6,0.04999,5.59,0.24,-1.12,136.86,0.00,-56.93
24,7,0.05835,6.74,0.38,-1.60,136.86,16.57,-56.93
24,8,0.06665,8.08,0.38,-2.26,161.40,0.00,-79.41
24,9,0.07501,9.42,0.55,-2.91,160.22,20.47,-78.83
24,10,0.08337,10.95,0.66,-3.78,183.58,13.11,-102.92
24,11,0.09167,12.49,0.78,-4.64,184.93,15.01,-103.68
24,12,0.10004,14.29,0.99,-5.58,215.33,24.72,-113.14
24,13,0.10852,16.09,1.16,-6.53,212.23,19.82,-111.51
24,14,0.11676,18.16,1.35,-7.64,251.85,23.75,-134.81
24,15,0.12524,20.21,1.54,-8.73,240.65,22.61,-128.78
24,16,0.13348,22.49,1.76,-9.90,277.78,25.73,-142.22
24,17,0.14172,24.79,1.97,-11.08,278.15,25.79,-142.59
24,18,0.15009,27.26,2.20,-12.30,295.62,27.10,-146.35
24,19,0.15839,29.73,2.42,-13.53,297.79,27.28,-147.43
24,20,0.16681,32.20,2.65,-14.75,293.48,26.85,-145.29
24,21,0.17505,34.67,2.88,-15.98,300.00,27.55,-148.89
24,22,0.18347,37.05,3.10,-17.23,281.52,26.37,-148.91
24,23,0.19177,39.41,3.32,-18.49,285.29,26.77,-151.47
24,24,0.20013,41.59,3.53,-19.81,260.58,25.70,-158.03
24,25,0.20850,43.77,3.75,-21.13,260.22,25.67,-158.03
24,26,0.21686,45.72,3.95,-22.51,232.85,24.50,-165.33
24,27,0.22510,47.64,4.16,-23.88,233.70,24.58,-165.93
24,28,0.23352,49.29,4.33,-25.06,195.29,20.65,-140.58
24,29,0.24176,50.92,4.50,-26.24,198.89,21.04,-142.96
24,30,0.25018,52.39,4.65,-27.14,173.91,17.19,-106.52
24,31,0.25848,53.85,4.79,-28.03,176.10,17.43,-107.35
24,32,0.26685,55.20,4.91,-28.64,161.31,14.29,-72.63
24,33,0.27515,56.54,5.03,-29.23,161.03,14.25,-71.69
24,34,0.28351,57.40,5.03,-29.36,103.28,-0.00,-14.96
24,35,0.29187,58.26,5.15,-29.48,103.28,14.36,-14.96
24,36,0.30023,59.13,5.15,-29.61,103.28,0.00,-14.96
24,37,0.30859,59.99,5.27,-29.75,103.28,14.43,-16.42
24,38,0.31689,60.82,5.27,-30.39,100.37,-0.00,-77.57
24,39,0.32520,61.66,5.46,-31.13,100.37,22.68,-89.34
24,40,0.33362,62.76,5.73,-34.43,130.80,32.56,-391.30
24,41,0.34186,63.87,6.01,-37.75,135.19,33.63,-403.33
24,42,0.35022,65.31,6.35,-41.72,172.26,40.35,-475.18
24,43,0.35852,66.76,6.69,-45.75,174.63,41.17,-484.93
24,44,0.36694,68.71,9.96,-51.35,231.16,387.69,-664.49
24,45,0.37518,70.69,13.33,-56.95,240.37,409.74,-680.74
24,46,0.38367,73.44,19.27,-62.89,324.46,700.04,-699.64
24,47,0.39185,76.22,25.22,-68.77,339.18,727.66,-718.28
24,48,0.40021,79.48,31.46,-73.24,389.78,745.55,-535.04
24,49,0.40851,82.74,37.70,-77.71,392.65,752.00,-538.97
24,50,0.41681,86.01,44.13,-82.17,394.85,774.31,-536.40
24,51,0.42511,89.29,50.53,-86.61,394.12,771.55,-535.29
24,52,0.43347,92.43,56.40,-90.84,375.91,702.38,-506.57
24,53,0.44177,95.56,62.22,-95.07,377.21,700.28,-508.46
24,54,0.45026,98.41,66.64,-98.90,335.97,520.99,-451.80
24,55,0.45856,101.24,71.00,-102.71,340.81,525.60,-458.82
24,56,0.46698,103.63,74.04,-105.95,283.70,361.28,-385.14
24,57,0.47522,106.00,77.05,-109.17,287.41,365.37,-390.37
24,58,0.48370,107.84,79.31,-111.71,217.63,266.52,-299.64
24,59,0.49194,109.66,81.53,-114.22,220.74,269.28,-304.07
24,60,0.50037,110.79,82.77,-115.83,134.06,147.25,-191.30
24,61,0.50873,111.90,83.98,-117.42,133.21,144.04,-190.51
24,62,0.51709,112.67,84.36,-118.56,91.61,45.56,-136.13
24,63,0.52545,113.42,84.74,-119.67,89.42,45.75,-133.21
24,64,0.53375,113.90,85.20,-120.44,58.09,55.31,-92.28
24,65,0.54205,114.37,85.64,-121.19,56.99,53.11,-90.81
24,66,0.55048,114.67,85.72,-121.71,35.51,9.08,-61.23
24,67,0.55884,114.97,85.79,-122.22,35.04,9.09,-60.95
24,68,0.56714,115.17,85.86,-122.61,25.00,8.06,-47.06
24,69,0.57544,115.38,85.95,-122.99,24.63,10.51,-46.32
24,70,0.58380,115.61,86.33,-123.39,27.37,45.74,-48.18
24,71,0.59210,115.82,86.79,-123.78,26.10,54.71,-46.69
24,72,0.60040,115.88,88.22,-123.96,7.35,172.35,-20.96
24,73,0.60876,115.95,89.83,-124.14,8.03,193.21,-21.53
24,74,0.61719,116.10,93.97,-124.41,18.12,491.03,-32.25
24,75,0.62543,116.28,98.07,-124.71,20.74,497.77,-36.30
24,76,0.63379,116.72,101.70,-125.34,53.65,434.43,-76.28
24,77,0.64215,117.23,105.54,-126.06,60.95,459.30,-85.77
24,78,0.65051,118.05,109.59,-127.15,97.08,483.88,-129.93
25,0,0.00000,0.00,0.00,0.00,77.94,0.00,36.76
25,1,0.00842,0.65,-0.00,0.31,76.81,-0.00,36.23
25,2,0.01666,1.51,-0.00,0.39,104.81,-0.00,10.74
25,3,0.02515,2.37,0.12,0.48,101.80,13.85,10.43
25,4,0.03345,3.43,0.12,0.40,127.57,0.00,-9.93
25,5,0.04175,4.49,0.12,0.32,127.57,-0.00,-9.93
25,6,0.05011,5.71,0.28,0.09,145.99,19.29,-26.64
25,7,0.05841,6.93,0.28,-0.13,147.06,0.00,-26.84
25,8,0.06677,8.38,0.42,-0.49,173.36,16.55,-43.07
25,9,0.07507,9.83,0.42,-0.85,174.63,0.00,-43.38
25,10,0.08337,11.51,0.59,-1.37,202.57,20.59,-62.50
25,11,0.09174,13.20,0.59,-1.89,201.09,0.00,-62.04
25,12,0.09998,15.16,0.79,-2.43,238.15,24.35,-65.93
25,13,0.10840,17.12,0.90,-2.97,232.97,12.67,-64.49
25,14,0.11670,19.34,1.02,-3.61,267.65,14.68,-76.47
25,15,0.12512,21.56,1.14,-4.24,263.77,14.45,-75.36
25,16,0.13342,24.07,1.27,-4.91,301.84,16.30,-80.15
25,17,0.14185,26.56,1.41,-5.57,295.29,15.93,-78.62
25,18,0.15009,29.23,1.55,-6.24,324.81,17.33,-81.85
25,19,0.15851,31.91,1.69,-6.92,317.75,16.93,-80.07
25,20,0.16681,34.59,1.84,-7.59,322.43,17.21,-81.25
25,21,0.17517,37.26,1.98,-8.27,320.07,17.08,-80.66
25,22,0.18353,39.85,2.12,-8.99,309.85,16.90,-86.86
25,23,0.19183,42.43,2.26,-9.72,311.03,16.98,-87.50
25,24,0.20013,44.84,2.40,-10.55,290.07,16.66,-99.63
25,25,0.20856,47.25,2.54,-11.38,285.87,16.43,-98.55
25,26,0.21680,49.43,2.67,-12.31,264.81,16.15,-113.33
25,27,0.22522,51.61,2.80,-13.24,258.33,15.76,-110.51
25,28,0.23358,53.47,2.92,-14.05,222.26,13.67,-96.72
25,29,0.24188,55.32,3.03,-14.86,223.53,13.73,-97.06
25,30,0.25018,56.94,3.03,-15.42,195.22,0.00,-68.38
25,31,0.25861,58.56,3.22,-15.99,192.39,22.17,-67.03
25,32,0.26685,60.02,3.22,-16.30,176.30,0.00,-37.41
25,33,0.27527,61.46,3.37,-16.60,171.01,17.71,-35.87
25,34,0.28357,62.33,3.37,-16.54,104.78,0.00,7.35
25,35,0.29193,63.20,3.37,-16.48,104.38,0.00,7.30
25,36,0.30054,64.07,3.47,-16.42,101.06,11.88,7.09
25,37,0.30859,64.96,3.47,-16.38,110.98,0.00,4.92
25,38,0.31689,65.90,3.47,-16.82,112.87,-0.00,-53.68
25,39,0.32538,66.87,3.63,-17.38,114.39,18.93,-65.47
25,40,0.33362,68.64,3.84,-20.36,215.19,25.09,-362.59
25,41,0.34198,70.44,4.05,-23.38,214.60,24.94,-360.22
25,42,0.35022,72.69,4.30,-26.96,272.96,30.67,-434.44
25,43,0.35876,74.97,4.56,-30.59,267.14,30.04,-425.71
25,44,0.36694,78.06,7.82,-35.65,377.61,399.26,-618.28
25,45,0.37543,81.18,11.20,-40.71,368.35,398.48,-596.76
25,46,0.38361,85.13,17.14,-45.93,482.84,726.16,-637.69
25,47,0.39197,89.09,23.09,-51.08,472.99,711.78,-616.06
25,48,0.40027,93.22,29.33,-54.76,497.79,751.03,-443.38
25,49,0.40863,97.35,35.57,-58.44,494.53,746.55,-440.15
25,50,0.41687,101.50,42.00,-62.10,503.33,780.05,-444.07
25,51,0.42523,105.64,48.40,-65.75,494.89,765.80,-436.50
25,52,0.43353,109.61,54.27,-69.22,478.31,707.54,-418.38
25,53,0.44189,113.57,60.08,-72.68,472.99,694.88,-413.87
25,54,0.45026,117.16,64.50,-75.83,429.93,528.60,-375.91
25,55,0.45868,120.73,68.86,-78.95,423.91,517.71,-370.65
25,56,0.46692,123.75,71.91,-81.61,367.04,369.31,-323.33
25,57,0.47528,126.75,74.92,-84.25,358.03,359.88,-315.69
25,58,0.48370,129.09,77.18,-86.35,278.26,268.46,-248.55
25,59,0.49200,131.40,79.40,-88.41,277.57,267.09,-248.16
25,60,0.50055,132.84,80.64,-89.74,168.93,145.15,-156.43
25,61,0.50873,134.27,81.84,-91.07,175.37,147.60,-162.69
25,62,0.51703,135.26,82.22,-92.02,118.38,45.62,-113.60
25,63,0.52545,136.22,82.60,-92.94,114.49,45.48,-110.14
25,64,0.53375,136.86,83.06,-93.59,76.47,55.37,-77.94
25,65,0.54211,137.48,83.50,-94.23,74.45,52.38,-75.91
25,66,0.55042,137.88,83.58,-94.67,48.16,9.22,-53.31
25,67,0.55878,138.27,83.65,-95.10,47.08,9.08,-52.19
25,68,0.56702,138.55,83.72,-95.44,33.70,7.96,-40.37
25,69,0.57544,138.83,83.80,-95.77,33.33,9.87,-39.49
25,70,0.58374,139.14,84.19,-96.12,37.13,46.08,-41.54
25,71,0.59216,139.43,84.63,-96.45,35.14,52.30,-39.49
25,72,0.60052,139.53,86.06,-96.60,11.68,171.09,-18.61
25,73,0.60889,139.64,87.64,-96.77,12.41,189.00,-19.34
25,74,0.61707,139.84,91.77,-97.00,25.00,505.69,-28.73
25,75,0.62549,140.07,95.88,-97.25,26.81,487.72,-29.71
25,76,0.63373,140.64,99.51,-97.78,69.63,440.87,-64.07
25,77,0.64215,141.24,103.17,-98.33,71.01,434.00,-65.22
25,78,0.65051,142.26,107.22,-99.22,122.26,483.89,-106.20
26,0,0.00000,0.00,0.00,0.00,69.85,-0.00,50.00
26,1,0.00836,0.58,0.00,0.42,69.34,-0.00,49.64
26,2,0.01678,1.41,-0.00,0.66,98.91,-0.00,28.62
26,3,0.02502,2.25,-0.00,0.90,101.11,-0.00,29.26
26,4,0.03345,3.30,0.12,1.00,125.36,14.09,12.68
26,5,0.04169,4.36,0.12,1.11,128.15,0.00,12.96
26,6,0.05011,5.60,0.22,1.11,147.10,12.44,0.00
26,7,0.05835,6.84,0.22,1.11,150.37,-0.00,0.00
26,8,0.06677,8.33,0.36,1.02,176.81,16.07,-11.23
26,9,0.07501,9.81,0.36,0.92,180.74,0.00,-11.48
26,10,0.08344,11.56,0.53,0.71,207.61,20.11,-24.64
26,11,0.09167,13.31,0.53,0.51,212.22,-0.00,-25.19
26,12,0.10004,15.34,0.73,0.32,242.34,23.87,-21.90
26,13,0.10834,17.36,0.83,0.14,244.12,12.75,-22.06
26,14,0.11676,19.67,0.95,-0.09,273.19,14.38,-27.17
26,15,0.12518,21.97,1.08,-0.32,273.19,14.39,-27.17
26,16,0.13361,24.53,1.21,-0.52,304.35,15.74,-24.28
26,17,0.14172,27.09,1.34,-0.73,315.79,16.32,-25.19
26,18,0.15015,29.85,1.48,-0.91,326.81,16.70,-21.74
26,19,0.15845,32.60,1.62,-1.09,331.62,16.92,-22.06
26,20,0.16699,35.35,1.76,-1.28,322.14,16.46,-21.43
26,21,0.17511,38.10,1.90,-1.46,339.10,17.30,-22.56
26,22,0.18353,40.78,2.04,-1.71,317.39,16.64,-29.71
26,23,0.19183,43.45,2.18,-1.96,322.06,16.89,-30.15
26,24,0.20020,45.97,2.32,-2.34,301.09,16.61,-45.99
26,25,0.20850,48.49,2.46,-2.73,303.31,16.71,-46.32
26,26,0.21686,50.80,2.60,-3.26,276.64,16.25,-63.14
26,27,0.22516,53.11,2.73,-3.78,278.68,16.37,-63.60
26,28,0.23364,55.08,2.85,-4.25,232.37,13.73,-54.68
26,29,0.24182,57.06,2.97,-4.71,241.04,14.24,-56.72
26,30,0.25018,58.75,2.97,-4.98,202.92,0.00,-32.12
26,31,0.25854,60.45,3.15,-5.25,202.92,22.50,-31.75
26,32,0.26697,61.93,3.15,-5.29,175.72,0.00,-5.07
26,33,0.27521,63.41,3.30,-5.33,179.63,17.71,-5.19
26,34,0.28363,64.25,3.30,-5.11,100.36,0.00,25.72
26,35,0.29181,65.10,3.30,-4.90,103.36,-0.00,26.49
26,36,0.30023,65.95,3.30,-4.68,100.36,0.00,25.72
26,37,0.30859,66.79,3.42,-4.47,101.09,14.47,25.55
26,38,0.31696,67.79,3.42,-4.74,119.71,0.00,-32.12
26,39,0.32520,68.79,3.54,-5.01,121.48,14.75,-32.96
26,40,0.33356,71.07,3.78,-7.63,272.63,27.98,-313.50
26,41,0.34192,73.35,4.01,-10.25,272.63,27.95,-313.50
26,42,0.35034,76.21,4.30,-13.37,338.77,33.83,-370.29
26,43,0.35864,79.04,4.58,-16.47,341.91,34.12,-373.90
26,44,0.36694,82.99,7.84,-20.90,475.00,393.39,-532.72
26,45,0.37524,86.93,11.11,-25.32,475.00,393.51,-532.72
26,46,0.38354,91.75,17.05,-29.74,580.51,715.48,-533.09
26,47,0.39185,96.57,22.99,-34.17,580.51,715.50,-533.09
26,48,0.40033,101.29,29.22,-37.05,557.19,734.82,-339.57
26,49,0.40857,106.02,35.46,-39.93,573.70,756.60,-349.63
26,50,0.41687,110.75,41.88,-42.79,570.22,774.31,-344.12
26,51,0.42523,115.49,48.31,-45.64,566.06,768.64,-341.61
26,52,0.43359,120.02,54.18,-48.35,541.61,702.38,-323.72
26,53,0.44183,124.55,60.06,-51.06,549.63,712.71,-328.52
26,54,0.45038,128.65,64.48,-53.50,480.00,517.27,-286.43
26,55,0.45850,132.75,68.90,-55.95,505.26,544.42,-301.50
26,56,0.46698,136.20,71.94,-58.03,406.83,358.68,-244.96
26,57,0.47534,139.65,74.98,-60.11,412.77,363.87,-248.54
26,58,0.48364,142.33,77.24,-61.75,323.16,272.40,-197.43
26,59,0.49194,145.01,79.50,-63.39,322.79,272.35,-197.43
26,60,0.50043,146.67,80.74,-64.44,195.68,146.19,-124.46
26,61,0.50867,148.33,81.98,-65.50,201.48,150.47,-128.15
26,62,0.51709,149.47,82.36,-66.25,134.78,44.96,-89.49
26,63,0.52539,150.60,82.74,-67.00,136.76,45.62,-90.81
26,64,0.53381,151.34,83.20,-67.53,87.68,54.51,-61.96
26,65,0.54205,152.08,83.66,-68.05,89.63,55.70,-63.33
26,66,0.55048,152.55,83.74,-68.41,56.16,9.08,-43.12
26,67,0.55890,153.03,83.81,-68.77,56.16,9.08,-43.12
26,68,0.56714,153.36,83.88,-69.05,40.74,8.00,-33.70
26,69,0.57556,153.70,83.95,-69.33,39.86,7.99,-32.61
26,70,0.58380,154.07,84.34,-69.62,45.19,47.49,-35.19
26,71,0.59210,154.43,84.75,-69.90,43.01,49.66,-33.82
26,72,0.60052,154.55,86.18,-70.03,14.86,169.85,-16.30
26,73,0.60876,154.68,87.69,-70.17,15.56,182.95,-16.67
26,74,0.61719,154.93,91.82,-70.37,28.99,491.03,-23.19
26,75,0.62549,155.18,95.95,-70.57,30.88,496.53,-24.26
26,76,0.63385,155.84,99.58,-70.99,78.83,434.43,-50.00
26,77,0.64215,156.52,103.22,-71.41,81.25,439.04,-51.10
26,78,0.65063,157.68,107.27,-72.10,137.41,476.92,-81.29
27,0,0.00000,0.00,0.00,0.00,72.46,-0.00,43.84
27,1,0.00830,0.61,0.00,0.37,73.53,0.00,44.49
27,2,0.01666,1.46,0.00,0.55,101.46,0.00,21.17
27,3,0.02496,2.31,0.12,0.72,102.21,14.32,21.32
27,4,0.03339,3.37,0.12,0.75,126.09,-0.00,3.62
27,5,0.04175,4.43,0.32,0.78,127.01,24.25,3.65
27,6,0.04999,5.67,0.46,0.69,150.00,16.68,-11.11
27,7,0.05829,6.90,0.60,0.60,148.90,16.67,-11.03
27,8,0.06665,8.38,0.78,0.40,177.01,21.48,-24.45
27,9,0.07495,9.86,0.96,0.19,178.31,21.63,-24.63
27,10,0.08325,11.59,1.18,-0.14,208.09,27.17,-40.44
27,11,0.09161,13.32,1.41,-0.48,206.57,26.92,-40.15
27,12,0.10004,15.33,1.66,-0.81,238.41,30.06,-39.86
27,13,0.10828,17.33,1.91,-1.15,243.70,30.71,-40.74
27,14,0.11682,19.61,2.20,-1.55,266.43,33.89,-46.43
27,15,0.12500,21.94,2.50,-1.95,284.33,36.22,-49.63
27,16,0.13336,24.48,2.82,-2.35,304.01,37.78,-47.45
27,17,0.14160,27.02,3.13,-2.75,308.89,38.44,-48.15
27,18,0.15009,29.75,3.47,-3.13,321.94,39.27,-45.68
27,19,0.15826,32.49,3.80,-3.52,333.96,40.82,-47.39
27,20,0.16669,35.22,4.13,-3.91,324.28,39.61,-46.01
27,21,0.17493,37.95,4.47,-4.30,331.48,40.48,-47.04
27,22,0.18335,40.59,4.80,-4.75,314.13,39.71,-53.26
27,23,0.19165,43.24,5.13,-5.19,318.38,40.27,-54.04
27,24,0.20001,45.72,5.47,-5.76,297.08,40.34,-68.25
27,25,0.20844,48.20,5.81,-6.34,294.20,40.12,-68.12
27,26,0.21667,50.47,6.15,-7.03,275.19,40.81,-84.44
27,27,0.22504,52.73,6.48,-7.73,270.44,40.08,-83.21
27,28,0.23340,54.66,6.77,-8.34,231.02,34.50,-72.99
27,29,0.24176,56.59,7.06,-8.94,230.29,34.33,-72.26
27,30,0.25000,58.26,7.29,-9.34,202.96,27.78,-47.78
27,31,0.25836,59.93,7.51,-9.73,199.64,27.27,-46.35
27,32,0.26678,61.40,7.68,-9.88,174.64,20.27,-18.12
27,33,0.27502,62.88,7.85,-10.02,180.00,20.62,-17.04
27,34,0.28357,63.74,7.85,-9.87,100.36,-0.00,17.86
27,35,0.29175,64.60,7.98,-9.71,104.85,14.98,18.66
27,36,0.30011,65.45,7.98,-9.56,102.55,0.00,18.25
27,37,0.30841,66.32,8.11,-9.43,104.04,15.46,15.44
27,38,0.31683,67.29,8.26,-9.78,115.94,18.02,-40.94
27,39,0.32507,68.33,8.43,-10.24,125.19,21.34,-55.93
27,40,0.33344,70.40,9.08,-13.02,248.54,77.07,-332.85
27,41,0.34180,72.51,9.73,-15.83,251.46,77.97,-336.13
27,42,0.35016,75.12,10.51,-19.15,312.77,93.65,-397.08
27,43,0.35840,77.72,11.29,-22.44,315.19,94.28,-399.26
27,44,0.36688,81.32,14.55,-27.15,424.82,384.90,-554.32
27,45,0.37506,84.97,17.95,-31.85,445.52,414.95,-575.37
27,46,0.38348,89.44,23.89,-36.62,531.52,705.11,-566.30
27,47,0.39185,93.92,29.84,-41.32,535.40,711.96,-561.68
27,48,0.40009,98.42,36.08,-44.54,545.93,756.60,-391.48
27,49,0.40839,102.92,42.32,-47.77,541.91,752.15,-388.60
27,50,0.41681,107.42,48.75,-50.97,535.14,763.09,-380.07
27,51,0.42511,111.92,55.15,-54.16,541.91,771.11,-384.56
27,52,0.43341,116.24,61.02,-57.20,519.85,707.54,-365.81
27,53,0.44177,120.53,66.82,-60.22,513.50,694.03,-361.31
27,54,0.45013,124.44,71.24,-62.97,467.15,528.60,-328.47
27,55,0.45837,128.32,75.60,-65.69,470.74,528.39,-330.74
27,56,0.46686,131.60,78.64,-68.02,387.41,358.68,-274.82
27,57,0.47516,134.86,81.65,-70.33,391.91,362.06,-277.94
27,58,0.48352,137.41,83.91,-72.16,305.11,270.41,-219.34
27,59,0.49194,139.91,86.12,-73.97,297.46,262.63,-214.13
27,60,0.50024,141.49,87.36,-75.14,190.07,149.41,-141.54
27,61,0.50867,143.05,88.56,-76.30,184.42,142.33,-137.68
27,62,0.51697,144.12,88.94,-77.14,129.78,45.62,-100.74
27,63,0.52527,145.18,89.32,-77.96,127.57,46.09,-99.26
27,64,0.53369,145.88,89.78,-78.54,82.97,54.51,-68.12
27,65,0.54199,146.57,90.22,-79.10,82.72,53.09,-68.38
27,66,0.55035,147.01,90.30,-79.50,53.28,9.15,-47.45
27,67,0.55865,147.45,90.37,-79.90,52.94,9.15,-47.43
27,68,0.56714,147.76,90.44,-80.19,36.69,7.73,-35.25
27,69,0.57532,148.08,90.52,-80.50,38.43,9.88,-36.94
27,70,0.58374,148.42,90.90,-80.81,40.58,45.41,-36.96
27,71,0.59198,148.75,91.33,-81.11,40.00,52.55,-36.67
27,72,0.60040,148.86,92.76,-81.26,13.41,169.85,-17.39
27,73,0.60864,148.98,94.32,-81.41,14.44,189.45,-18.15
27,74,0.61713,149.21,98.46,-81.62,26.98,487.50,-24.82
27,75,0.62537,149.46,102.57,-81.84,30.00,499.00,-27.04
27,76,0.63379,150.09,106.20,-82.31,74.64,431.28,-55.43
27,77,0.64209,150.74,109.86,-82.79,78.31,440.03,-58.09
27,78,0.65039,151.85,113.90,-83.56,133.82,487.44,-93.38
28,0,0.00000,0.00,0.00,0.00,64.71,0.00,56.99
28,1,0.00836,0.54,0.00,0.47,64.23,0.00,56.57
28,2,0.01672,1.34,0.00,0.80,96.35,0.00,38.69
28,3,0.02502,2.15,0.00,1.12,97.06,0.00,38.97
28,4,0.03333,3.19,0.00,1.33,125.00,0.00,25.74
28,5,0.04175,4.22,0.00,1.55,123.19,0.00,25.36
28,6,0.05005,5.46,0.00,1.67,148.53,0.00,15.07
28,7,0.05835,6.69,0.00,1.80,148.53,0.00,15.07
28,8,0.06671,8.18,0.00,1.85,178.47,0.00,6.57
28,9,0.07501,9.67,0.00,1.91,179.78,0.00,6.62
28,10,0.08337,11.43,0.00,1.88,210.58,0.00,-3.65
28,11,0.09167,13.20,0.00,1.85,212.13,0.00,-3.68
28,12,0.09998,15.23,0.00,1.87,245.22,0.00,2.57
28,13,0.10834,17.27,0.00,1.89,243.43,0.00,2.55
28,14,0.11676,19.58,0.00,1.90,274.64,0.00,0.72
28,15,0.12512,21.89,0.00,1.90,276.64,0.00,0.73
28,16,0.13342,24.47,0.00,1.96,309.93,0.00,6.62
28,17,0.14178,27.04,0.00,2.01,307.66,0.00,6.57
28,18,0.15009,29.80,0.00,2.11,332.35,0.00,11.76
28,19,0.15845,32.56,0.00,2.21,329.93,0.00,11.68
28,20,0.16675,35.31,0.00,2.30,332.35,0.00,11.76
28,21,0.17517,38.07,0.00,2.40,327.54,0.00,11.59
28,22,0.18341,40.76,0.00,2.42,325.56,0.00,2.59
28,23,0.19183,43.44,0.00,2.44,318.48,0.00,2.54
28,24,0.20007,45.98,0.00,2.32,308.89,0.00,-15.19
28,25,0.20837,48.70,0.00,2.17,326.84,0.00,-17.65
28,26,0.21686,51.05,0.00,1.88,277.34,0.00,-34.17
28,27,0.22504,53.38,0.00,1.60,284.70,0.00,-35.07
28,28,0.23334,55.39,0.00,1.33,241.91,0.00,-31.62
28,29,0.24188,57.37,0.00,1.08,232.50,0.00,-29.29
28,30,0.25006,59.09,0.00,0.99,209.70,0.00,-11.57
28,31,0.25848,60.78,0.00,0.91,201.45,0.00,-9.42
28,32,0.26685,62.26,0.00,1.02,176.64,0.00,12.77
28,33,0.27515,63.69,0.00,1.14,172.06,0.00,14.71
28,34,0.28339,64.51,0.00,1.44,99.26,0.00,36.30
28,35,0.29181,65.33,0.00,1.74,97.10,0.00,35.51
28,36,0.30017,66.14,0.00,2.04,97.81,0.00,35.77
28,37,0.30853,66.98,0.00,2.30,99.64,0.00,31.75
28,38,0.31683,68.00,0.00,2.13,123.16,0.00,-20.22
28,39,0.32526,69.13,0.00,1.81,134.06,0.00,-38.77
28,40,0.33350,71.66,0.00,-0.57,307.41,0.00,-288.52
28,41,0.34204,74.24,0.00,-2.98,301.79,0.00,-281.79
28,42,0.35016,77.40,0.00,-5.79,388.72,0.00,-346.62
28,43,0.35858,80.64,0.23,-8.69,384.78,27.76,-343.84
28,44,0.36700,85.01,3.50,-12.69,518.84,387.69,-475.00
28,45,0.37531,89.44,6.96,-16.68,534.19,416.46,-481.25
28,46,0.38348,94.68,12.90,-20.60,641.04,726.16,-478.73
28,47,0.39197,99.91,18.86,-24.40,615.83,702.53,-448.56
28,48,0.40015,104.90,25.09,-26.79,610.45,762.24,-292.16
28,49,0.40845,109.89,31.34,-29.18,601.47,752.70,-287.50
28,50,0.41687,114.89,37.77,-31.54,593.48,763.09,-280.43
28,51,0.42523,119.88,44.15,-33.90,595.99,763.91,-281.39
28,52,0.43353,124.66,50.03,-36.13,575.74,707.54,-269.12
28,53,0.44214,129.40,55.80,-38.35,551.42,670.35,-257.80
28,54,0.45032,133.73,60.22,-40.37,529.10,540.43,-247.01
28,55,0.45862,138.01,64.54,-42.37,515.44,520.59,-240.81
28,56,0.46704,141.65,67.58,-44.09,432.61,361.28,-203.99
28,57,0.47528,145.24,70.57,-45.78,435.19,362.50,-205.56
28,58,0.48364,148.07,72.83,-47.14,338.69,270.42,-162.77
28,59,0.49200,150.82,75.02,-48.46,329.56,261.66,-158.39
28,60,0.50031,152.58,76.26,-49.35,211.76,149.41,-106.25
28,61,0.50873,154.30,77.43,-50.21,203.99,139.91,-102.54
28,62,0.51703,155.51,77.81,-50.85,145.22,45.62,-76.47
28,63,0.52545,156.68,78.20,-51.46,139.49,45.64,-73.55
28,64,0.53381,157.47,78.66,-51.91,94.16,54.91,-52.92
28,65,0.54211,158.24,79.09,-52.34,92.65,52.00,-52.21
28,66,0.55042,158.74,79.16,-52.66,61.03,9.22,-37.87
28,67,0.55884,159.24,79.24,-52.96,59.06,8.99,-36.59
28,68,0.56720,159.60,79.31,-53.20,43.07,7.84,-28.83
28,69,0.57562,159.96,79.39,-53.45,43.12,10.49,-28.62
28,70,0.58380,160.35,79.78,-53.69,47.76,46.77,-29.85
28,71,0.59222,160.73,80.23,-53.93,44.20,54.35,-28.26
28,72,0.60046,160.86,81.66,-54.05,16.67,173.63,-15.19
28,73,0.60895,161.01,83.29,-54.18,17.27,191.63,-15.11
28,74,0.61713,161.27,87.43,-54.35,32.09,505.69,-20.52
28,75,0.62555,161.57,91.53,-54.53,34.78,486.73,-21.38
28,76,0.63385,162.27,95.16,-54.88,84.19,437.63,-41.91
28,77,0.64221,163.00,98.82,-55.24,88.32,438.00,-43.80
28,78,0.65057,164.23,102.87,-55.81,147.08,483.89,-68.25
29,0,0.00000,0.00,0.00,0.00,-82.85,0.00,-20.44
29,1,0.00830,-0.69,0.00,-0.17,-83.46,0.00,-20.59
29,2,0.01666,-1.56,0.00,-0.09,-103.28,0.00,10.22
29,3,0.02496,-2.42,0.00,0.00,-104.04,0.00,10.29
29,4,0.03339,-3.44,0.00,0.29,-121.01,0.00,34.42
29,5,0.04163,-4.46,0.00,0.58,-123.70,0.00,35.19
29,6,0.05005,-5.61,0.00,1.04,-136.59,0.00,54.35
29,7,0.05829,-6.76,0.00,1.50,-139.63,0.00,55.56
29,8,0.06677,-8.11,0.00,2.14,-158.99,0.00,75.54
29,9,0.07501,-9.46,0.00,2.78,-163.70,0.00,77.78
29,10,0.08350,-11.00,0.00,3.62,-182.37,0.00,99.28
29,11,0.09174,-12.55,0.00,4.46,-187.78,0.00,102.22
29,12,0.10016,-14.36,0.00,5.38,-215.22,0.00,109.42
29,13,0.10840,-16.18,0.00,6.30,-220.00,0.00,111.85
29,14,0.11676,-18.23,0.00,7.37,-245.26,0.00,127.37
29,15,0.12506,-20.28,0.00,8.44,-247.06,0.00,128.31
29,16,0.13342,-22.58,0.00,9.58,-275.55,0.00,136.50
29,17,0.14172,-24.89,0.00,10.72,-277.57,0.00,137.50
29,18,0.15009,-27.38,0.00,11.91,-297.81,0.00,142.34
29,19,0.15845,-29.87,0.00,13.10,-297.81,0.00,142.34
29,20,0.16681,-32.36,0.00,14.29,-297.81,0.00,142.34
29,21,0.17505,-34.85,0.00,15.48,-302.22,0.00,144.44
29,22,0.18347,-37.24,0.00,16.70,-283.70,0.00,145.29
29,23,0.19177,-39.63,0.00,17.93,-287.87,0.00,147.43
29,24,0.20020,-41.82,0.00,19.22,-260.87,0.00,153.26
29,25,0.20850,-44.04,0.00,20.52,-266.54,0.00,156.62
29,26,0.21680,-45.99,0.00,21.86,-235.29,0.00,162.13
29,27,0.22510,-47.94,0.00,23.21,-234.93,0.00,162.13
29,28,0.23358,-49.60,0.00,24.37,-195.68,0.00,137.05
29,29,0.24182,-51.26,0.00,25.53,-201.11,0.00,140.74
29,30,0.25018,-52.73,0.00,26.41,-176.64,0.00,104.74
29,31,0.25848,-54.21,0.00,27.28,-177.94,0.00,105.51
29,32,0.26691,-55.57,0.00,27.87,-161.23,0.00,69.57
29,33,0.27515,-56.92,0.00,28.45,-164.44,0.00,70.74
29,34,0.28351,-57.79,0.00,28.56,-103.28,0.00,13.50
29,35,0.29181,-58.65,0.00,28.68,-104.04,0.00,13.60
29,36,0.30035,-59.52,0.00,28.79,-101.07,0.00,13.21
29,37,0.30853,-60.39,0.00,28.91,-106.72,0.00,14.93
29,38,0.31689,-61.22,0.00,29.53,-99.27,0.00,74.45
29,39,0.32520,-62.05,0.00,30.20,-100.37,0.00,80.51
29,40,0.33350,-63.20,0.00,33.48,-137.87,0.00,395.22
29,41,0.34180,-64.35,0.00,36.78,-138.60,0.00,396.69
29,42,0.35022,-65.84,0.00,40.73,-177.54,0.00,469.57
29,43,0.35852,-67.35,0.06,44.71,-181.25,6.99,479.78
29,44,0.36688,-69.37,3.32,50.28,-241.97,390.52,666.06
29,45,0.37518,-71.41,6.64,55.86,-245.22,399.12,671.69
29,46,0.38354,-74.24,12.58,61.76,-339.05,710.26,705.11
29,47,0.39185,-77.08,18.52,67.63,-342.28,716.12,707.35
29,48,0.40021,-80.40,24.75,72.06,-397.08,745.55,529.56
29,49,0.40845,-83.72,30.99,76.48,-402.96,757.01,537.41
29,50,0.41699,-87.06,37.42,80.89,-390.36,752.19,515.71
29,51,0.42517,-90.42,43.89,85.33,-411.57,791.43,543.28
29,52,0.43353,-93.62,49.77,89.53,-382.85,702.38,501.46
29,53,0.44196,-96.82,55.60,93.71,-378.99,692.59,496.38
29,54,0.45026,-99.72,60.02,97.50,-349.26,532.48,456.99
29,55,0.45856,-102.60,64.40,101.28,-347.79,527.96,455.15
29,56,0.46698,-105.04,67.44,104.49,-289.13,361.28,381.16
29,57,0.47522,-107.46,70.47,107.68,-293.70,366.72,387.41
29,58,0.48370,-109.34,72.73,110.20,-221.94,266.52,296.76
29,59,0.49188,-111.20,74.96,112.69,-227.61,273.06,304.85
29,60,0.50037,-112.35,76.20,114.29,-135.61,146.19,188.13
29,61,0.50867,-113.49,77.42,115.87,-137.50,146.58,190.81
29,62,0.51703,-114.27,77.80,116.99,-92.70,45.29,133.94
29,63,0.52533,-115.04,78.18,118.10,-92.28,45.88,133.82
29,64,0.53369,-115.53,78.64,118.86,-59.12,54.91,90.88
29,65,0.54199,-116.02,79.08,119.61,-58.82,54.05,90.44
29,66,0.55035,-116.32,79.16,120.13,-36.50,9.15,61.31
29,67,0.55872,-116.63,79.24,120.64,-36.13,9.11,60.95
29,68,0.56702,-116.83,79.30,121.02,-25.00,7.90,45.96
29,69,0.57532,-117.04,79.38,121.40,-25.00,8.96,45.96
29,70,0.58374,-117.27,79.76,121.80,-27.54,45.41,47.46
29,71,0.59210,-117.50,80.17,122.19,-27.37,49.22,47.08
29,72,0.60046,-117.57,81.60,122.37,-7.66,171.09,20.80
29,73,0.60870,-117.63,83.11,122.54,-8.15,182.75,21.48
29,74,0.61707,-117.79,87.24,122.81,-18.61,494.62,32.48
29,75,0.62537,-117.95,91.37,123.10,-19.85,496.57,33.82
29,76,0.63379,-118.41,95.00,123.73,-54.35,431.28,75.00
29,77,0.64209,-118.88,98.64,124.37,-56.25,439.01,77.57
29,78,0.65045,-119.71,102.69,125.45,-98.91,483.89,128.47
30,0,0.00000,0.00,0.00,0.00,-81.88,0.00,-22.10
30,1,0.00830,-0.69,0.00,-0.19,-83.09,0.00,-22.43
30,2,0.01660,-1.55,0.00,-0.12,-104.04,0.00,8.09
30,3,0.02490,-2.42,0.00,-0.05,-104.04,0.00,8.09
30,4,0.03326,-3.44,0.00,0.22,-122.63,0.00,32.12
30,5,0.04156,-4.47,0.00,0.49,-123.53,0.00,32.35
30,6,0.04993,-5.63,0.00,0.92,-139.05,0.00,51.82
30,7,0.05823,-6.79,0.00,1.35,-140.07,0.00,52.21
30,8,0.06653,-8.15,0.00,1.96,-163.97,0.00,73.53
30,9,0.07489,-9.52,0.00,2.57,-162.77,0.00,72.99
30,10,0.08331,-11.08,0.00,3.38,-185.87,0.00,95.65
30,11,0.09155,-12.65,0.00,4.18,-190.00,0.00,97.78
30,12,0.09998,-14.48,0.00,5.07,-217.75,0.00,104.71
30,13,0.10828,-16.31,0.00,5.95,-220.96,0.00,106.25
30,14,0.11670,-18.39,0.00,6.97,-246.38,0.00,121.01
30,15,0.12500,-20.47,0.00,7.99,-250.00,0.00,122.79
30,16,0.13336,-22.80,0.00,9.08,-278.83,0.00,130.29
30,17,0.14166,-25.13,0.00,10.17,-280.88,0.00,131.25
30,18,0.15009,-27.64,0.00,11.30,-298.55,0.00,134.78
30,19,0.15851,-30.16,0.00,12.44,-298.55,0.00,134.78
30,20,0.16675,-32.67,0.00,13.57,-305.19,0.00,137.78
30,21,0.17511,-35.19,0.00,14.71,-300.73,0.00,135.77
30,22,0.18335,-37.60,0.00,15.88,-293.33,0.00,141.85
30,23,0.19171,-40.02,0.00,17.04,-289.05,0.00,139.78
30,24,0.20007,-42.25,0.00,18.29,-266.06,0.00,148.54
30,25,0.20837,-44.47,0.00,19.53,-268.01,0.00,149.63
30,26,0.21680,-46.45,0.00,20.83,-235.14,0.00,154.71
30,27,0.22504,-48.43,0.00,22.13,-240.37,0.00,158.15
30,28,0.23352,-50.12,0.00,23.26,-198.56,0.00,132.73
30,29,0.24182,-51.80,0.00,24.39,-202.94,0.00,135.66
30,30,0.25012,-53.30,0.00,25.23,-180.51,0.00,101.84
30,31,0.25848,-54.79,0.00,26.08,-178.83,0.00,101.09
30,32,0.26678,-56.17,0.00,26.64,-165.44,0.00,67.28
30,33,0.27521,-57.54,0.00,27.19,-163.04,0.00,66.30
30,34,0.28351,-58.41,0.00,27.29,-104.41,0.00,11.40
30,35,0.29175,-59.27,0.00,27.38,-105.19,0.00,11.48
30,36,0.30017,-60.14,0.00,27.48,-102.90,0.00,11.23
30,37,0.30853,-61.01,0.00,27.57,-103.65,0.00,11.31
30,38,0.31702,-61.86,0.00,28.18,-100.00,0.00,71.58
30,39,0.32513,-62.72,0.00,28.85,-106.02,0.00,82.33
30,40,0.33356,-63.93,0.00,32.10,-144.20,0.00,386.23
30,41,0.34186,-65.16,0.00,35.37,-147.79,0.00,393.75
30,42,0.35028,-66.74,0.00,39.29,-187.68,0.00,465.22
30,43,0.35858,-68.33,0.07,43.24,-191.91,8.10,476.10
30,44,0.36682,-70.47,3.33,48.76,-260.00,396.31,670.37
30,45,0.37518,-72.63,6.65,54.29,-258.39,397.11,661.31
30,46,0.38354,-75.60,12.59,60.13,-354.01,710.26,697.45
30,47,0.39191,-78.57,18.54,65.93,-355.47,710.99,693.80
30,48,0.40015,-81.99,24.77,70.28,-414.81,756.60,528.52
30,49,0.40857,-85.40,31.01,74.64,-405.80,740.62,517.03
30,50,0.41693,-88.84,37.44,78.97,-410.95,768.66,518.25
30,51,0.42523,-92.27,43.85,83.30,-413.24,772.93,521.69
30,52,0.43353,-95.57,49.73,87.42,-397.06,707.54,496.69
30,53,0.44183,-98.86,55.57,91.54,-396.32,703.92,495.59
30,54,0.45020,-101.84,59.99,95.27,-356.93,528.60,445.99
30,55,0.45844,-104.81,64.38,98.98,-360.74,532.97,451.11
30,56,0.46692,-107.32,67.42,102.14,-294.96,358.68,371.94
30,57,0.47516,-109.81,70.45,105.28,-302.22,367.34,381.48
30,58,0.48358,-111.74,72.71,107.76,-229.71,268.46,293.84
30,59,0.49188,-113.66,74.95,110.21,-231.62,269.86,295.96
30,60,0.50031,-114.85,76.19,111.79,-140.58,147.25,186.59
30,61,0.50854,-116.02,77.41,113.35,-142.96,148.35,189.26
30,62,0.51709,-116.82,77.79,114.45,-93.57,44.32,128.93
30,63,0.52527,-117.62,78.17,115.54,-97.01,46.50,133.96
30,64,0.53369,-118.13,78.63,116.29,-60.87,54.51,88.77
30,65,0.54193,-118.64,79.08,117.03,-61.48,54.75,90.00
30,66,0.55042,-118.95,79.16,117.54,-37.41,9.02,59.71
30,67,0.55872,-119.27,79.24,118.04,-37.50,9.19,60.66
30,68,0.56714,-119.48,79.30,118.42,-25.36,7.79,44.57
30,69,0.57532,-119.70,79.38,118.80,-26.87,9.12,46.27
30,70,0.58368,-119.94,79.76,119.19,-29.20,45.74,47.08
30,71,0.59198,-120.18,80.17,119.58,-28.68,49.50,46.69
30,72,0.60040,-120.25,81.60,119.75,-7.97,169.85,20.29
30,73,0.60864,-120.32,83.10,119.92,-8.89,182.52,21.11
30,74,0.61713,-120.48,87.24,120.19,-18.71,487.50,31.65
30,75,0.62531,-120.65,91.36,120.47,-20.90,504.02,33.96
30,76,0.63373,-121.12,95.00,121.09,-55.80,431.28,73.91
30,77,0.64197,-121.60,98.64,121.73,-58.52,442.23,77.04
30,78,0.65033,-122.45,102.69,122.78,-101.46,483.89,126.28
31,0,0.00000,0.00,0.00,0.00,86.94,0.00,-8.96
31,1,0.00842,0.71,-0.00,-0.07,84.42,-0.00,-8.70
31,2,0.01672,1.50,0.12,-0.45,94.49,13.98,-44.85
31,3,0.02515,2.28,0.12,-0.82,93.12,0.00,-44.20
31,4,0.03357,3.14,0.23,-1.44,102.17,13.43,-73.55
31,5,0.04187,4.00,0.23,-2.06,103.68,0.00,-74.63
31,6,0.05029,4.93,0.37,-2.88,110.14,16.50,-97.46
31,7,0.05847,5.87,0.37,-3.71,115.30,0.00,-101.87
31,8,0.06677,6.92,0.54,-4.77,126.84,20.20,-127.57
31,9,0.07520,7.98,0.54,-5.83,125.36,0.00,-126.09
31,10,0.08337,9.15,0.73,-7.15,143.28,24.28,-160.82
31,11,0.09180,10.33,0.84,-8.46,139.49,12.82,-156.16
31,12,0.10010,11.72,0.97,-9.94,168.01,14.93,-178.31
31,13,0.10852,13.13,1.09,-11.44,167.75,14.95,-178.26
31,14,0.11670,14.71,1.23,-13.14,192.16,17.22,-207.09
31,15,0.12512,16.28,1.37,-14.84,187.32,16.83,-201.81
31,16,0.13354,18.07,1.53,-16.69,211.96,18.65,-219.93
31,17,0.14185,19.86,1.69,-18.55,215.44,18.91,-223.53
31,18,0.15027,21.80,1.86,-20.51,230.43,20.03,-232.97
31,19,0.15857,23.74,2.03,-22.47,233.82,20.47,-236.40
31,20,0.16675,25.68,2.30,-24.43,237.31,33.55,-239.93
31,21,0.17529,27.62,2.54,-26.39,226.79,28.18,-229.64
31,22,0.18347,29.46,2.78,-28.35,224.63,28.64,-239.18
31,23,0.19189,31.29,3.01,-30.31,217.39,27.79,-232.25
31,24,0.20020,32.92,3.23,-32.26,196.69,26.72,-235.66
31,25,0.20862,34.55,3.45,-34.22,193.12,26.33,-232.25
31,26,0.21692,35.93,3.66,-36.15,166.54,24.70,-231.99
31,27,0.22534,37.31,3.86,-38.06,163.77,24.24,-227.90
31,28,0.23352,38.48,4.04,-39.72,142.91,21.39,-202.24
31,29,0.24194,39.65,4.21,-41.37,138.77,20.72,-195.65
31,30,0.25024,40.74,4.36,-42.69,131.62,18.03,-159.56
31,31,0.25867,41.85,4.51,-44.02,131.52,17.91,-157.97
31,32,0.26697,42.93,4.64,-45.03,130.15,15.50,-121.69
31,33,0.27527,43.99,4.77,-46.02,128.68,15.33,-119.12
31,34,0.28357,44.77,4.77,-46.42,93.38,-0.00,-48.16
31,35,0.29199,45.54,4.91,-46.82,92.03,17.10,-47.46
31,36,0.30029,46.32,4.91,-47.22,93.38,0.00,-48.16
31,37,0.30884,47.09,5.06,-47.63,90.00,16.89,-48.57
31,38,0.31702,47.66,5.06,-48.50,69.78,-0.00,-105.60
31,39,0.32532,48.21,5.24,-49.46,66.18,22.03,-115.81
31,40,0.33374,48.18,5.46,-52.93,-3.62,25.77,-412.32
31,41,0.34204,48.15,5.68,-56.43,-2.94,26.45,-421.69
31,42,0.35034,48.23,5.95,-60.66,8.82,32.66,-509.19
31,43,0.35876,48.30,6.22,-64.95,8.33,32.38,-509.06
31,44,0.36707,48.32,9.49,-70.87,2.94,393.39,-713.60
31,45,0.37537,48.37,12.85,-76.82,5.51,405.24,-716.18
31,46,0.38367,49.04,18.79,-83.32,81.62,715.48,-783.82
31,47,0.39197,49.76,24.74,-89.78,85.66,716.79,-778.31
31,48,0.40039,51.39,30.97,-95.07,193.48,740.15,-627.90
31,49,0.40869,53.02,37.22,-100.36,196.32,751.89,-637.13
31,50,0.41699,54.67,43.64,-105.64,199.26,774.31,-635.66
31,51,0.42542,56.32,50.05,-110.90,196.01,760.67,-625.36
31,52,0.43359,57.94,55.99,-115.99,197.76,726.35,-621.64
31,53,0.44202,59.53,61.79,-120.99,188.77,688.95,-594.20
31,54,0.45032,60.98,66.21,-125.54,174.63,532.48,-548.16
31,55,0.45874,62.41,70.57,-130.06,170.65,516.87,-536.23
31,56,0.46704,63.62,73.61,-133.91,145.59,366.59,-463.24
31,57,0.47546,64.82,76.61,-137.71,141.67,356.79,-451.81
31,58,0.48376,65.74,78.88,-140.72,111.03,272.40,-362.13
31,59,0.49207,66.64,81.09,-143.67,108.82,266.46,-355.51
31,60,0.50037,67.18,82.33,-145.56,65.44,149.41,-227.94
31,61,0.50879,67.72,83.53,-147.42,63.41,142.30,-221.01
31,62,0.51709,68.07,83.91,-148.74,42.28,45.62,-158.46
31,63,0.52551,68.41,84.29,-150.03,40.94,45.42,-153.62
31,64,0.53369,68.62,84.75,-150.91,25.37,56.13,-107.84
31,65,0.54224,68.83,85.19,-151.78,23.93,51.56,-101.43
31,66,0.55054,68.94,85.26,-152.37,13.60,9.22,-70.59
31,67,0.55884,69.05,85.34,-152.94,13.60,9.15,-69.49
31,68,0.56714,69.12,85.41,-153.37,8.09,7.90,-51.47
31,69,0.57556,69.19,85.49,-153.80,7.97,9.61,-51.09
31,70,0.58374,69.27,85.87,-154.25,10.45,46.77,-55.60
31,71,0.59216,69.35,86.30,-154.69,9.42,51.44,-52.17
31,72,0.60046,69.35,87.73,-154.88,0.37,172.35,-22.43
31,73,0.60889,69.36,89.29,-155.07,0.72,185.42,-22.83
31,74,0.61719,69.42,93.44,-155.38,6.62,499.38,-37.13
31,75,0.62561,69.48,97.55,-155.71,7.61,488.00,-39.13
31,76,0.63379,69.70,101.19,-156.46,26.49,445.54,-92.16
31,77,0.64233,69.92,104.85,-157.24,26.79,427.73,-91.07
31,78,0.65063,70.34,108.90,-158.53,50.00,487.44,-155.51
32,0,0.00000,0.00,0.00,0.00,-69.12,-0.00,-51.10
32,1,0.00842,-0.57,-0.00,-0.42,-68.12,-0.00,-50.36
32,2,0.01660,-1.40,-0.00,-0.68,-101.49,0.00,-30.97
32,3,0.02490,-2.23,-0.00,-0.93,-100.00,0.00,-30.51
32,4,0.03320,-3.29,0.00,-1.06,-126.84,0.00,-15.07
32,5,0.04187,-4.34,0.00,-1.18,-121.48,0.00,-14.44
32,6,0.05017,-5.58,0.00,-1.20,-149.26,-0.00,-2.57
32,7,0.05835,-6.82,0.00,-1.22,-151.49,0.00,-2.61
32,8,0.06665,-8.31,0.00,-1.15,-179.78,0.00,8.46
32,9,0.07507,-9.80,0.00,-1.08,-177.17,0.00,8.33
32,10,0.08337,-11.55,0.00,-0.90,-211.03,-0.00,21.69
32,11,0.09155,-13.31,0.00,-0.72,-214.18,-0.00,22.01
32,12,0.10046,-15.34,0.00,-0.57,-228.08,-0.00,17.12
32,13,0.10864,-17.37,0.00,-0.42,-248.13,0.00,18.66
32,14,0.11682,-19.67,0.00,-0.23,-281.72,0.00,23.51
32,15,0.12512,-21.98,0.00,-0.03,-277.57,0.00,23.16
32,16,0.13330,-24.54,0.00,0.13,-313.81,0.00,20.15
32,17,0.14172,-27.11,0.00,0.30,-304.71,0.00,19.57
32,18,0.14990,-29.86,0.00,0.44,-336.94,0.00,17.16
32,19,0.15845,-32.62,0.00,0.58,-322.50,0.00,16.43
32,20,0.16663,-35.38,0.00,0.72,-336.94,0.00,17.16
32,21,0.17517,-38.13,0.00,0.86,-322.50,0.00,16.43
32,22,0.18347,-40.81,0.00,1.07,-322.43,0.00,25.00
32,23,0.19165,-43.48,0.00,1.27,-327.24,0.00,25.37
32,24,0.20020,-46.01,0.00,1.61,-295.36,0.00,40.00
32,25,0.20837,-48.53,0.00,1.96,-308.58,0.00,42.16
32,26,0.21680,-50.85,0.00,2.45,-275.36,0.00,57.97
32,27,0.22498,-53.17,0.00,2.94,-283.58,0.00,59.70
32,28,0.23328,-55.15,0.00,3.37,-238.60,0.00,52.21
32,29,0.24158,-57.13,0.00,3.80,-238.24,0.00,52.21
32,30,0.25024,-58.83,0.00,4.04,-196.13,0.00,27.82
32,31,0.25842,-60.53,0.00,4.28,-207.84,0.00,29.10
32,32,0.26709,-62.01,0.00,4.30,-170.77,0.00,2.11
32,33,0.27502,-63.49,0.00,4.32,-186.15,0.00,2.31
32,34,0.28320,-64.33,0.00,4.09,-102.99,0.00,-27.99
32,35,0.29175,-65.17,0.00,3.86,-98.57,0.00,-26.79
32,36,0.29993,-66.01,0.00,3.63,-102.99,0.00,-27.99
32,37,0.30847,-66.85,0.00,3.40,-98.57,0.00,-26.79
32,38,0.31677,-67.86,0.00,3.66,-120.96,0.00,30.51
32,39,0.32495,-68.87,0.00,3.92,-123.13,0.00,31.72
32,40,0.33350,-71.19,0.00,6.50,-271.79,0.00,302.50
32,41,0.34155,-73.51,0.00,9.09,-288.26,0.00,320.83
32,42,0.35010,-76.41,0.00,12.16,-339.64,0.00,359.29
32,43,0.35803,-79.32,0.01,15.23,-366.15,1.00,387.31
32,44,0.36658,-83.33,3.27,19.59,-469.64,382.15,510.00
32,45,0.37512,-87.35,6.55,23.94,-470.00,382.92,510.00
32,46,0.38318,-92.24,12.48,28.29,-606.82,737.17,539.77
32,47,0.39172,-97.13,18.42,32.64,-572.14,695.13,508.21
32,48,0.39990,-101.90,24.66,35.44,-583.21,762.24,342.91
32,49,0.40845,-106.67,30.89,38.24,-558.21,729.63,328.21
32,50,0.41675,-111.44,37.32,41.02,-575.74,774.31,334.93
32,51,0.42542,-116.22,43.75,43.80,-551.41,741.44,320.77
32,52,0.43335,-120.79,49.62,46.44,-576.15,740.20,331.92
32,53,0.44189,-125.36,55.49,49.07,-534.64,686.90,308.21
32,54,0.45044,-129.50,59.91,51.46,-484.29,517.27,278.93
32,55,0.45862,-133.64,64.33,53.84,-505.97,540.01,291.04
32,56,0.46667,-137.12,67.37,55.86,-432.58,377.70,251.14
32,57,0.47498,-140.61,70.41,57.88,-419.49,366.35,243.75
32,58,0.48389,-143.31,72.67,59.48,-303.77,253.75,179.11
32,59,0.49146,-146.02,74.93,61.07,-357.26,298.42,210.89
32,60,0.50061,-147.69,76.17,62.10,-183.00,135.47,112.33
32,61,0.50818,-149.37,77.41,63.13,-221.37,163.58,135.89
32,62,0.51660,-150.52,77.79,63.87,-136.23,44.96,87.32
32,63,0.52515,-151.66,78.17,64.60,-134.29,44.34,85.71
32,64,0.53333,-152.41,78.62,65.11,-91.42,56.13,62.31
32,65,0.54163,-153.16,79.08,65.62,-90.07,55.19,61.40
32,66,0.54980,-153.64,79.16,65.97,-58.58,9.35,43.28
32,67,0.55847,-154.12,79.24,66.33,-55.28,8.82,40.85
32,68,0.56641,-154.46,79.30,66.60,-42.69,8.26,34.23
32,69,0.57507,-154.79,79.37,66.87,-39.08,7.66,31.34
32,70,0.58313,-155.16,79.75,67.15,-45.83,47.47,34.47
32,71,0.59204,-155.53,80.14,67.43,-41.44,43.23,31.16
32,72,0.59985,-155.66,81.57,67.56,-16.41,183.12,17.19
32,73,0.60815,-155.79,83.00,67.69,-15.44,173.21,16.18
32,74,0.61646,-156.04,87.14,67.88,-29.78,498.25,22.79
32,75,0.62476,-156.28,91.27,68.08,-29.78,498.09,23.16
32,76,0.63318,-156.95,94.91,68.48,-78.99,431.28,48.19
32,77,0.64160,-157.62,98.54,68.89,-79.35,431.42,48.55
32,78,0.64990,-158.80,102.59,69.56,-141.91,487.44,80.88
33,0,0.00000,0.00,0.00,0.00,42.75,38.71,-73.19
33,1,0.00830,0.36,0.32,-0.62,43.38,38.56,-74.26
33,2,0.01660,0.52,0.62,-1.47,19.85,36.02,-102.57
33,3,0.02502,0.69,0.92,-2.32,19.57,35.56,-101.09
33,4,0.03333,0.70,1.20,-3.38,1.47,34.26,-127.94
33,5,0.04175,0.71,1.49,-4.44,1.45,33.95,-126.09
33,6,0.04993,0.60,1.77,-5.68,-13.43,33.76,-151.12
33,7,0.05823,0.49,2.04,-6.92,-13.24,33.49,-148.90
33,8,0.06665,0.27,2.33,-8.39,-27.17,33.99,-175.00
33,9,0.07495,0.04,2.62,-9.86,-27.57,34.68,-177.57
33,10,0.08325,-0.33,2.91,-11.58,-43.75,35.27,-207.35
33,11,0.09167,-0.69,3.20,-13.31,-43.12,34.64,-204.35
33,12,0.10010,-1.06,3.57,-15.32,-43.84,43.57,-239.49
33,13,0.10840,-1.43,3.94,-17.33,-44.12,44.26,-241.54
33,14,0.11670,-1.86,4.34,-19.60,-52.21,48.85,-273.53
33,15,0.12512,-2.29,4.75,-21.87,-51.45,48.05,-269.93
33,16,0.13330,-2.73,5.22,-24.41,-53.36,58.13,-310.07
33,17,0.14172,-3.16,5.70,-26.94,-51.81,56.19,-301.09
33,18,0.15002,-3.59,6.22,-29.67,-51.84,63.62,-328.31
33,19,0.15845,-4.03,6.75,-32.39,-51.09,62.49,-323.55
33,20,0.16675,-4.46,7.28,-35.12,-51.84,63.63,-328.31
33,21,0.17505,-4.89,7.80,-37.84,-51.84,63.36,-328.31
33,22,0.18335,-5.37,8.28,-40.48,-58.82,57.79,-318.01
33,23,0.19177,-5.87,8.76,-43.12,-58.33,56.78,-313.04
33,24,0.20007,-6.48,9.14,-45.60,-73.53,45.79,-298.16
33,25,0.20850,-7.09,9.52,-48.07,-72.46,45.27,-293.48
33,26,0.21692,-7.82,9.79,-50.32,-86.96,31.60,-267.75
33,27,0.22510,-8.55,10.06,-52.58,-89.55,32.77,-275.37
33,28,0.23340,-9.19,10.28,-54.50,-77.21,26.88,-231.62
33,29,0.24182,-9.83,10.50,-56.42,-75.72,26.56,-227.90
33,30,0.25012,-10.25,10.75,-58.09,-50.74,30.11,-201.10
33,31,0.25854,-10.67,11.01,-59.75,-49.28,30.28,-197.46
33,32,0.26685,-10.84,11.32,-61.22,-20.96,37.28,-176.84
33,33,0.27527,-11.01,11.63,-62.68,-20.29,36.70,-173.55
33,34,0.28345,-10.87,11.91,-63.54,16.79,35.11,-105.22
33,35,0.29199,-10.74,12.21,-64.40,16.07,33.98,-100.71
33,36,0.30005,-10.60,12.49,-65.26,17.05,35.61,-106.82
33,37,0.30847,-10.46,12.78,-66.13,15.94,34.30,-102.54
33,38,0.31677,-10.82,12.78,-67.10,-43.38,0.00,-116.91
33,39,0.32520,-11.21,12.96,-68.08,-45.65,20.70,-116.67
33,40,0.33386,-14.03,12.96,-70.11,-325.00,0.00,-234.86
33,41,0.34192,-16.85,12.96,-72.15,-350.38,0.00,-253.03
33,42,0.35022,-20.21,12.96,-74.71,-405.15,0.00,-308.46
33,43,0.35864,-23.59,12.99,-77.29,-400.72,3.95,-305.43
33,44,0.36682,-28.35,16.25,-80.81,-582.09,399.27,-431.34
33,45,0.37524,-33.11,19.55,-84.35,-565.22,390.93,-419.93
33,46,0.38354,-37.95,25.49,-88.75,-583.09,715.48,-530.15
33,47,0.39197,-42.77,31.43,-93.15,-572.83,705.47,-522.46
33,48,0.40027,-46.07,37.66,-97.60,-397.06,751.03,-535.66
33,49,0.40857,-49.37,43.90,-102.04,-397.06,751.27,-535.66
33,50,0.41687,-52.64,50.33,-106.50,-394.12,774.32,-536.76
33,51,0.42529,-55.91,56.75,-110.96,-388.04,762.42,-528.99
33,52,0.43347,-59.01,62.62,-115.22,-379.48,718.10,-521.64
33,53,0.44189,-62.11,68.48,-119.48,-368.12,695.52,-505.80
33,54,0.45020,-64.92,72.90,-123.35,-338.24,532.49,-465.44
33,55,0.45862,-67.72,77.30,-127.20,-332.97,523.08,-457.97
33,56,0.46692,-70.10,80.35,-130.45,-287.13,366.59,-391.54
33,57,0.47522,-72.48,83.38,-133.70,-286.40,365.62,-390.81
33,58,0.48364,-74.36,85.64,-136.22,-222.46,268.46,-299.64
33,59,0.49194,-76.22,87.89,-138.73,-225.00,271.19,-302.57
33,60,0.50024,-77.43,89.14,-140.29,-144.85,149.41,-187.87
33,61,0.50879,-78.62,90.37,-141.85,-140.00,144.06,-181.79
33,62,0.51697,-79.47,90.74,-142.91,-104.10,46.30,-129.85
33,63,0.52539,-80.32,91.12,-143.97,-100.72,45.06,-125.72
33,64,0.53357,-80.91,91.58,-144.66,-71.64,56.13,-84.33
33,65,0.54199,-81.49,92.04,-145.34,-69.20,54.02,-81.52
33,66,0.55029,-81.89,92.11,-145.78,-48.53,9.21,-52.94
33,67,0.55884,-82.30,92.19,-146.22,-47.14,8.94,-51.07
33,68,0.56714,-82.60,92.26,-146.53,-36.76,7.90,-37.13
33,69,0.57544,-82.91,92.33,-146.84,-36.76,8.31,-37.13
33,70,0.58374,-83.22,92.71,-147.17,-37.87,46.08,-40.44
33,71,0.59204,-83.54,93.10,-147.51,-37.87,47.44,-40.44
33,72,0.60022,-83.68,94.53,-147.62,-17.91,174.92,-13.81
33,73,0.60876,-83.83,95.99,-147.73,-17.50,170.84,-13.21
33,74,0.61707,-84.05,100.13,-147.96,-26.10,498.25,-27.21
33,75,0.62537,-84.27,104.26,-148.19,-26.10,497.60,-27.57
33,76,0.63367,-84.74,107.89,-148.81,-57.35,437.63,-74.63
33,77,0.64209,-85.22,111.53,-149.43,-56.88,431.82,-74.28
33,78,0.65027,-86.01,115.57,-150.53,-97.01,494.72,-134.33
34,0,0.00000,0.00,0.00,0.00,4.41,22.17,86.03
34,1,0.00830,0.04,0.18,0.71,4.41,21.98,86.03
34,2,0.01660,0.37,0.43,1.52,39.71,30.12,96.69
34,3,0.02502,0.70,0.68,2.32,39.13,29.68,95.29
34,4,0.03333,1.28,1.00,3.22,69.85,38.02,108.82
34,5,0.04163,1.85,1.31,4.12,69.49,37.50,107.72
34,6,0.04993,2.62,1.67,5.09,93.01,43.68,116.91
34,7,0.05823,3.40,2.03,6.06,93.38,43.63,117.28
34,8,0.06653,4.40,2.46,7.17,120.96,51.91,133.46
34,9,0.07495,5.41,2.90,8.28,119.57,51.45,131.52
34,10,0.08325,6.66,4.03,9.52,150.74,136.14,149.26
34,11,0.09167,7.92,5.33,10.76,148.91,154.43,147.46
34,12,0.09998,9.32,6.95,12.23,169.49,195.22,177.21
34,13,0.10828,10.73,8.58,13.70,169.85,196.14,177.57
34,14,0.11658,12.34,10.41,15.36,194.12,221.00,199.63
34,15,0.12500,13.96,12.25,17.02,191.67,218.20,197.10
34,16,0.13330,15.72,14.31,18.90,211.76,248.23,226.10
34,17,0.14172,17.48,16.37,20.78,209.06,244.28,223.19
34,18,0.15002,19.34,18.59,22.81,223.90,267.24,245.59
34,19,0.15833,21.19,20.80,24.85,223.90,266.78,245.59
34,20,0.16663,23.05,23.02,26.89,223.90,267.24,245.59
34,21,0.17505,24.91,25.23,28.93,220.65,262.91,242.03
34,22,0.18335,26.77,27.37,30.87,223.90,257.81,233.09
34,23,0.19177,28.63,29.51,32.80,220.65,253.64,229.35
34,24,0.19995,30.50,31.49,34.53,228.36,242.11,211.57
34,25,0.20837,32.36,33.47,36.25,221.74,234.75,205.07
34,26,0.21667,34.22,35.27,37.73,223.16,217.48,178.31
34,27,0.22510,36.07,36.93,39.21,219.57,196.77,175.36
34,28,0.23328,37.66,38.26,40.47,194.78,162.47,153.36
34,29,0.24170,39.25,39.53,41.72,188.41,150.96,148.55
34,30,0.25000,40.51,40.58,42.88,152.57,126.74,139.71
34,31,0.25854,41.77,41.59,44.04,147.50,117.51,135.71
34,32,0.26672,42.73,42.46,45.17,116.79,106.84,138.43
34,33,0.27502,43.67,43.29,46.30,113.97,100.06,135.66
34,34,0.28333,44.03,43.73,47.09,43.01,52.92,95.96
34,35,0.29175,44.39,44.16,47.89,42.39,51.36,94.57
34,36,0.30005,44.74,44.57,48.68,43.01,49.38,95.96
34,37,0.30847,45.11,44.96,49.48,43.12,46.47,94.20
34,38,0.31677,45.94,45.40,50.09,100.37,52.74,73.90
34,39,0.32507,46.81,45.83,50.70,104.78,51.90,73.16
34,40,0.33350,50.28,46.80,50.85,411.96,114.55,17.75
34,41,0.34180,53.76,47.46,51.00,419.12,79.68,18.38
34,42,0.35010,57.98,47.93,51.29,508.09,56.82,34.93
34,43,0.35852,62.22,48.53,51.58,503.26,71.05,34.78
34,44,0.36682,68.13,51.79,51.91,712.50,393.39,39.71
34,45,0.37524,74.05,55.09,52.25,703.26,391.81,40.22
34,46,0.38367,80.52,61.04,53.27,768.12,705.94,120.29
34,47,0.39172,87.00,67.02,54.30,803.41,741.59,128.41
34,48,0.40002,92.19,73.25,56.20,626.10,751.03,229.04
34,49,0.40845,97.39,79.49,58.10,617.03,740.59,225.72
34,50,0.41675,102.57,85.91,60.03,624.26,774.31,231.99
34,51,0.42517,107.75,92.33,61.95,614.86,761.83,228.26
34,52,0.43347,112.69,98.20,63.81,594.85,707.54,223.53
34,53,0.44177,117.62,104.05,65.66,593.75,704.18,223.16
34,54,0.45007,122.09,108.47,67.34,538.60,532.48,202.94
34,55,0.45850,126.54,112.86,69.02,528.99,521.62,199.28
34,56,0.46680,130.32,115.91,70.43,455.15,366.59,169.12
34,57,0.47522,134.08,118.93,71.82,446.38,359.49,165.94
34,58,0.48340,137.04,121.20,72.90,361.19,276.47,131.72
34,59,0.49194,139.97,123.44,73.97,343.21,262.32,125.00
34,60,0.50024,141.83,124.68,74.61,223.90,149.41,77.21
34,61,0.50854,143.68,125.90,75.25,222.79,147.41,76.84
34,62,0.51685,144.97,126.28,75.67,156.25,45.62,50.37
34,63,0.52527,146.26,126.66,76.08,152.90,45.14,49.28
34,64,0.53357,147.13,127.12,76.33,104.78,55.31,30.51
34,65,0.54199,147.99,127.57,76.58,102.54,53.63,29.71
34,66,0.55029,148.57,127.65,76.73,69.85,9.22,17.28
34,67,0.55859,149.15,127.72,76.87,69.49,9.19,17.28
34,68,0.56689,149.58,127.79,76.96,52.21,8.05,11.03
34,69,0.57532,150.01,127.87,77.05,50.36,9.22,10.87
34,70,0.58362,150.46,128.25,77.16,54.04,46.08,12.87
34,71,0.59192,150.90,128.67,77.26,52.94,50.91,12.50
34,72,0.60022,151.08,130.10,77.28,22.43,172.35,1.47
34,73,0.60876,151.27,131.64,77.29,22.14,179.54,1.79
34,74,0.61694,151.58,135.82,77.36,37.69,511.12,8.58
34,75,0.62537,151.91,139.93,77.44,38.77,488.10,9.42
34,76,0.63367,152.65,143.56,77.70,88.97,437.63,30.88
34,77,0.64209,153.41,147.21,77.97,90.58,433.69,31.88
34,78,0.65039,154.68,151.26,78.45,152.57,487.45,58.09
35,0,0.00000,0.00,0.00,0.00,4.41,14.14,86.03
35,1,0.00830,0.04,0.12,0.71,4.41,14.07,86.03
35,2,0.01660,0.37,0.25,1.51,39.71,16.46,96.32
35,3,0.02502,0.70,0.39,2.32,39.13,16.32,95.29
35,4,0.03333,1.27,0.55,3.21,69.12,18.96,107.72
35,5,0.04175,1.84,0.70,4.10,68.12,18.61,106.16
35,6,0.05005,2.62,0.88,5.08,93.01,20.82,116.91
35,7,0.05847,3.39,1.05,6.05,91.67,20.72,115.22
35,8,0.06689,4.39,1.25,7.15,119.20,23.73,131.52
35,9,0.07507,5.40,1.57,8.26,122.76,38.50,135.45
35,10,0.08337,6.65,2.02,9.50,150.74,54.38,149.26
35,11,0.09192,7.90,2.52,10.74,146.43,58.42,145.00
35,12,0.10010,9.30,3.10,12.21,172.01,71.01,179.85
35,13,0.10876,10.71,3.68,13.68,162.32,67.01,169.72
35,14,0.11694,12.32,4.34,15.34,197.01,80.68,202.61
35,15,0.12537,13.93,5.00,17.00,191.30,78.16,196.74
35,16,0.13342,15.69,5.73,18.87,218.18,91.12,232.95
35,17,0.14185,17.45,6.47,20.75,208.70,87.57,223.19
35,18,0.15015,19.31,7.26,22.79,223.90,95.25,245.59
35,19,0.15857,21.17,8.05,24.83,220.65,93.87,242.03
35,20,0.16687,23.03,8.80,26.87,223.90,90.92,245.59
35,21,0.17542,24.88,9.65,28.91,217.50,98.39,238.57
35,22,0.18347,26.74,10.41,30.84,230.68,95.41,240.15
35,23,0.19189,28.60,11.19,32.78,220.65,91.60,229.71
35,24,0.20007,30.47,11.91,34.51,228.36,88.11,211.57
35,25,0.20862,32.34,12.63,36.24,218.57,84.71,202.50
35,26,0.21680,34.19,13.29,37.72,226.49,80.30,180.97
35,27,0.22522,36.04,13.94,39.20,219.93,77.97,175.72
35,28,0.23352,37.63,14.50,40.45,191.91,67.45,151.10
35,29,0.24207,39.22,15.06,41.71,186.07,65.66,146.79
35,30,0.25024,40.49,15.55,42.86,154.85,59.31,141.79
35,31,0.25867,41.76,16.04,44.02,150.36,57.79,137.68
35,32,0.26685,42.71,16.47,45.16,116.79,52.48,138.43
35,33,0.27527,43.67,16.90,46.29,113.41,51.16,134.42
35,34,0.28357,44.02,17.15,47.09,43.01,30.48,95.96
35,35,0.29211,44.38,17.40,47.88,41.79,29.78,93.21
35,36,0.30029,44.74,17.66,48.68,43.66,30.93,97.39
35,37,0.30847,45.10,17.91,49.48,43.66,30.93,97.39
35,38,0.31689,45.93,18.19,50.09,98.91,33.70,72.83
35,39,0.32544,46.77,18.48,50.70,97.86,33.09,71.79
35,40,0.33374,50.23,19.06,50.85,418.01,69.96,18.01
35,41,0.34204,53.70,19.64,51.00,418.01,69.96,18.01
35,42,0.35034,57.92,20.37,51.29,508.09,88.27,34.93
35,43,0.35864,62.14,21.11,51.58,508.09,88.45,34.93
35,44,0.36694,68.05,24.37,51.91,712.50,393.39,39.71
35,45,0.37537,73.97,27.64,52.24,702.54,387.81,39.13
35,46,0.38367,80.44,33.58,53.25,778.68,715.48,122.06
35,47,0.39209,86.90,39.52,54.27,767.39,705.13,120.29
35,48,0.40027,92.10,45.75,56.17,635.45,762.24,232.46
35,49,0.40869,97.29,51.98,58.07,617.03,740.16,225.72
35,50,0.41687,102.47,58.41,59.99,633.58,785.87,235.45
35,51,0.42554,107.66,64.84,61.92,597.89,741.57,222.18
35,52,0.43359,112.59,70.71,63.78,612.88,728.98,230.30
35,53,0.44202,117.53,76.58,65.63,586.23,697.22,220.29
35,54,0.45032,122.00,81.00,67.32,538.60,532.48,202.94
35,55,0.45862,126.47,85.42,69.00,538.24,532.41,202.94
35,56,0.46692,130.25,88.47,70.40,455.15,366.59,169.12
35,57,0.47534,134.03,91.51,71.81,448.55,361.24,166.67
35,58,0.48364,136.98,93.77,72.89,355.88,272.40,129.78
35,59,0.49194,139.93,96.03,73.96,355.51,272.35,129.78
35,60,0.50037,141.79,97.27,74.60,220.65,147.25,76.09
35,61,0.50867,143.65,98.51,75.24,223.90,149.36,77.21
35,62,0.51697,144.95,98.89,75.66,156.25,45.62,50.37
35,63,0.52539,146.24,99.27,76.08,153.99,44.96,49.64
35,64,0.53394,147.11,99.73,76.33,101.79,53.73,29.64
35,65,0.54211,147.98,100.19,76.59,106.34,56.11,30.97
35,66,0.55054,148.56,100.26,76.73,68.84,9.08,17.03
35,67,0.55884,149.14,100.34,76.87,69.85,9.21,17.28
35,68,0.56702,149.57,100.40,76.96,51.87,8.02,10.82
35,69,0.57556,149.99,100.47,77.05,49.64,7.69,10.36
35,70,0.58374,150.44,100.85,77.16,54.85,46.77,13.06
35,71,0.59216,150.89,101.24,77.26,53.26,45.48,12.68
35,72,0.60034,151.07,102.67,77.28,22.76,174.92,1.49
35,73,0.60889,151.26,104.10,77.29,21.79,167.61,1.43
35,74,0.61707,151.57,108.23,77.36,37.31,505.69,8.58
35,75,0.62549,151.87,112.37,77.43,36.23,491.00,8.33
35,76,0.63379,152.61,116.00,77.69,88.97,437.63,30.88
35,77,0.64221,153.35,119.64,77.94,87.68,431.31,30.43
35,78,0.65051,154.61,123.68,78.42,152.57,487.45,58.09
36,0,0.00000,0.00,0.00,0.00,-82.67,0.00,-16.61
36,1,0.00810,-0.70,0.00,-0.14,-86.25,0.00,-17.33
36,2,0.01648,-1.56,0.00,-0.02,-102.37,0.00,14.57
36,3,0.02499,-2.41,0.00,0.10,-100.72,0.00,14.34
36,4,0.03322,-3.42,0.00,0.44,-122.45,0.00,40.45
36,5,0.04153,-4.43,0.00,0.77,-121.10,0.00,40.00
36,6,0.04994,-5.56,0.00,1.28,-134.66,0.00,60.25
36,7,0.05821,-6.69,0.00,1.78,-136.90,0.00,61.25
36,8,0.06668,-8.01,0.00,2.48,-156.04,0.00,82.16
36,9,0.07521,-9.34,0.00,3.17,-154.92,0.00,81.57
36,10,0.08325,-10.85,0.00,4.08,-187.86,0.00,112.71
36,11,0.09166,-12.36,0.00,4.99,-180.04,0.00,107.80
36,12,0.09985,-14.13,0.00,5.98,-216.39,0.00,121.79
36,13,0.10828,-15.91,0.00,6.98,-210.51,0.00,118.48
36,14,0.11688,-17.93,0.00,8.14,-234.75,0.00,134.75
36,15,0.12529,-19.93,0.00,9.29,-238.84,0.00,136.84
36,16,0.13330,-22.19,0.00,10.53,-281.52,0.00,154.67
36,17,0.14160,-24.45,0.00,11.77,-272.06,0.00,149.26
36,18,0.15007,-26.88,0.00,13.06,-287.57,0.00,152.79
36,19,0.15842,-29.32,0.00,14.36,-291.77,0.00,155.03
36,20,0.16690,-31.75,0.00,15.65,-287.05,0.00,152.52
36,21,0.17516,-34.19,0.00,16.95,-295.01,0.00,157.12
36,22,0.18344,-36.52,0.00,18.27,-281.77,0.00,159.48
36,23,0.19168,-38.86,0.00,19.60,-283.33,0.00,160.74
36,24,0.20013,-41.00,0.00,20.98,-253.07,0.00,163.54
36,25,0.20833,-43.14,0.00,22.36,-261.08,0.00,168.72
36,26,0.21669,-45.03,0.00,23.79,-226.64,0.00,170.80
36,27,0.22502,-46.92,0.00,25.21,-227.11,0.00,171.06
36,28,0.23352,-48.53,0.00,26.45,-189.23,0.00,145.06
36,29,0.24187,-50.14,0.00,27.68,-192.69,0.00,147.35
36,30,0.25020,-51.58,0.00,28.62,-172.53,0.00,112.82
36,31,0.25839,-53.02,0.00,29.55,-175.42,0.00,114.34
36,32,0.26666,-54.35,0.00,30.20,-160.89,0.00,77.86
36,33,0.27512,-55.67,0.00,30.84,-157.04,0.00,75.81
36,34,0.28354,-56.53,0.00,30.99,-102.17,0.00,17.75
36,35,0.29196,-57.39,0.00,31.14,-102.17,0.00,17.75
36,36,0.30022,-58.26,0.00,31.29,-104.62,0.00,18.11
36,37,0.30873,-59.12,0.00,31.45,-100.72,0.00,18.64
36,38,0.31712,-59.95,0.00,32.12,-98.91,0.00,80.73
36,39,0.32564,-60.76,0.00,32.91,-95.34,0.00,92.47
36,40,0.33437,-61.81,0.00,36.40,-120.98,0.00,399.65
36,41,0.34253,-62.85,0.00,39.79,-127.10,0.00,415.70
36,42,0.35086,-64.18,0.00,43.80,-159.34,0.00,481.68
36,43,0.35930,-65.55,0.32,47.98,-162.39,37.85,494.76
36,44,0.36758,-67.33,3.58,53.63,-215.47,394.12,681.77
36,45,0.37561,-69.20,7.11,59.31,-231.94,439.44,708.37
36,46,0.38428,-71.78,13.05,65.33,-297.89,685.25,693.66
36,47,0.39229,-74.41,19.02,71.19,-329.14,744.98,732.57
36,48,0.40118,-77.55,25.25,75.76,-351.97,700.79,513.21
36,49,0.40929,-80.68,31.51,80.32,-386.44,771.75,563.09
36,50,0.41779,-83.83,37.93,84.87,-370.56,756.24,534.65
36,51,0.42625,-86.96,44.31,89.39,-370.09,752.56,534.05
36,52,0.43477,-89.98,50.18,93.71,-354.84,689.79,507.89
36,53,0.44286,-92.97,55.91,98.00,-370.19,708.65,529.81
36,54,0.45107,-95.71,60.33,101.91,-333.46,538.42,476.58
36,55,0.45926,-98.41,64.62,105.76,-328.86,522.97,470.39
36,56,0.46753,-100.70,67.66,109.08,-277.86,367.94,400.37
36,57,0.47581,-102.95,70.63,112.32,-271.09,358.03,391.16
36,58,0.48442,-104.73,72.90,114.92,-207.09,263.91,302.84
36,59,0.49246,-106.44,75.05,117.42,-211.76,268.19,310.44
36,60,0.50124,-107.52,76.29,119.06,-123.13,141.36,187.13
36,61,0.50937,-108.56,77.45,120.65,-128.71,141.70,195.87
36,62,0.51794,-109.29,77.82,121.80,-84.70,44.16,134.16
36,63,0.52577,-109.99,78.21,122.92,-89.28,49.44,142.30
36,64,0.53407,-110.45,78.67,123.70,-55.51,55.31,93.75
36,65,0.54263,-110.89,79.09,124.45,-51.69,49.01,88.06
36,66,0.55119,-111.18,79.17,124.98,-33.16,8.94,61.32
36,67,0.55907,-111.45,79.24,125.49,-34.88,9.57,64.73
36,68,0.56726,-111.64,79.31,125.87,-23.46,8.00,47.30
36,69,0.57576,-111.84,79.41,126.26,-22.98,11.57,45.96
36,70,0.58417,-112.05,79.79,126.67,-25.77,45.49,48.64
36,71,0.59244,-112.25,80.28,127.06,-23.99,59.36,46.49
36,72,0.60068,-112.31,81.71,127.23,-7.04,173.63,21.48
36,73,0.60896,-112.38,83.42,127.42,-8.10,206.46,22.47
36,74,0.61751,-112.52,87.56,127.70,-16.79,484.02,32.50
36,75,0.62589,-112.70,91.64,128.02,-20.77,487.50,37.89
36,76,0.63405,-113.13,95.27,128.67,-52.71,444.99,80.00
36,77,0.64221,-113.59,98.95,129.37,-57.20,450.23,85.61
36,78,0.65079,-114.37,102.99,130.47,-91.10,471.83,129.18
37,0,0.00000,0.00,0.00,0.00,82.01,-0.00,19.06
37,1,0.00824,0.70,-0.00,0.16,84.44,-0.00,19.63
37,2,0.01660,1.56,0.00,0.07,102.92,0.00,-11.31
37,3,0.02490,2.42,0.00,-0.03,103.68,0.00,-11.40
37,4,0.03333,3.43,0.00,-0.33,120.65,0.00,-36.23
37,5,0.04156,4.45,0.00,-0.64,123.33,0.00,-37.04
37,6,0.05005,5.60,0.00,-1.11,135.25,0.00,-55.76
37,7,0.05823,6.74,0.00,-1.58,140.30,0.00,-57.84
37,8,0.06665,8.08,0.00,-2.24,159.06,0.00,-77.90
37,9,0.07495,9.43,0.00,-2.90,162.13,0.00,-79.41
37,10,0.08344,10.96,0.00,-3.76,180.94,-0.00,-101.44
37,11,0.09167,12.48,0.00,-4.61,184.44,0.27,-103.33
37,12,0.10010,14.29,0.00,-5.56,214.13,0.00,-112.32
37,13,0.10828,16.09,0.00,-6.50,220.52,0.00,-115.67
37,14,0.11676,18.14,0.00,-7.60,241.01,0.00,-128.78
37,15,0.12500,20.18,0.00,-8.69,247.41,0.00,-132.22
37,16,0.13348,22.47,0.00,-9.86,270.14,-0.00,-138.13
37,17,0.14166,24.76,0.00,-11.03,280.22,0.00,-143.28
37,18,0.15009,27.23,0.00,-12.25,293.84,-0.00,-144.93
37,19,0.15839,29.71,0.00,-13.48,298.90,0.00,-147.79
37,20,0.16675,32.19,0.00,-14.70,295.99,-0.00,-145.99
37,21,0.17511,34.66,0.00,-15.92,295.62,0.00,-146.35
37,22,0.18341,37.04,0.14,-17.18,286.40,16.82,-151.10
37,23,0.19177,39.41,0.34,-18.43,283.58,23.79,-150.00
37,24,0.20007,41.64,0.54,-19.78,268.38,24.02,-162.13
37,25,0.20837,43.81,0.73,-21.09,261.76,23.41,-158.82
37,26,0.21680,45.75,0.91,-22.46,229.71,20.44,-162.68
37,27,0.22510,47.67,1.08,-23.83,231.99,20.58,-164.34
37,28,0.23370,49.32,1.22,-25.01,191.13,16.95,-137.59
37,29,0.24182,51.00,1.37,-26.21,207.14,18.39,-147.74
37,30,0.25012,52.46,1.50,-27.11,176.47,15.74,-107.72
37,31,0.25836,53.92,1.63,-27.98,177.04,15.84,-106.67
37,32,0.26685,55.27,1.76,-28.59,159.35,14.38,-71.22
37,33,0.27509,56.59,1.88,-29.17,160.37,14.51,-70.00
37,34,0.28357,57.46,1.88,-29.29,101.80,0.00,-14.75
37,35,0.29175,58.32,2.03,-29.42,105.60,19.33,-15.30
37,36,0.30029,59.19,2.03,-29.54,101.07,-0.00,-14.64
37,37,0.30841,60.05,2.19,-29.70,106.02,19.45,-19.17
37,38,0.31689,60.87,2.19,-30.33,96.76,-0.00,-74.46
37,39,0.32507,61.71,2.34,-31.12,102.61,17.88,-96.64
37,40,0.33350,62.81,2.34,-34.41,131.16,-0.00,-390.94
37,41,0.34192,63.94,2.51,-37.75,133.70,20.45,-396.01
37,42,0.35022,65.38,2.62,-41.72,174.26,13.75,-478.68
37,43,0.35840,66.86,2.82,-45.79,180.22,23.76,-497.39
37,44,0.36682,68.81,6.08,-51.38,231.88,387.69,-664.13
37,45,0.37518,70.81,9.51,-57.00,239.42,409.55,-671.53
37,46,0.38348,73.57,15.45,-62.93,332.35,715.48,-714.34
37,47,0.39178,76.36,21.40,-68.77,336.03,717.60,-704.04
37,48,0.40015,79.63,27.64,-73.24,390.51,745.55,-534.67
37,49,0.40851,82.89,33.88,-77.71,390.51,746.93,-534.31
37,50,0.41687,86.17,40.31,-82.16,392.34,768.66,-532.12
37,51,0.42511,89.45,46.71,-86.60,397.41,776.04,-538.52
37,52,0.43347,92.60,52.58,-90.83,376.64,702.38,-506.20
37,53,0.44177,95.73,58.37,-95.04,377.21,697.11,-506.99
37,54,0.45013,98.58,62.79,-98.87,341.24,528.60,-458.03
37,55,0.45844,101.41,67.12,-102.66,340.44,522.60,-457.35
37,56,0.46680,103.80,70.17,-105.91,286.50,363.91,-387.59
37,57,0.47510,106.16,73.16,-109.10,284.56,360.98,-385.29
37,58,0.48364,108.01,75.42,-111.64,216.43,264.62,-297.14
37,59,0.49182,109.82,77.62,-114.13,220.90,269.03,-303.73
37,60,0.50018,110.95,78.86,-115.74,135.04,148.32,-192.70
37,61,0.50848,112.06,80.05,-117.32,133.46,143.22,-190.44
37,62,0.51691,112.82,80.43,-118.45,90.22,44.96,-134.06
37,63,0.52515,113.56,80.82,-119.56,90.37,46.56,-134.44
37,64,0.53357,114.05,81.27,-120.32,57.61,54.51,-90.94
37,65,0.54187,114.52,81.71,-121.07,56.99,52.54,-90.44
37,66,0.55029,114.82,81.79,-121.59,35.51,9.08,-61.23
37,67,0.55859,115.11,81.86,-122.09,35.29,9.14,-61.03
37,68,0.56702,115.32,81.93,-122.48,24.28,7.79,-45.29
37,69,0.57526,115.52,82.01,-122.86,24.81,10.27,-46.67
37,70,0.58362,115.75,82.40,-123.26,27.37,45.74,-48.18
37,71,0.59192,115.97,82.84,-123.65,26.10,53.67,-46.69
37,72,0.60028,116.03,84.27,-123.83,7.66,171.09,-20.80
37,73,0.60864,116.10,85.87,-124.01,8.03,190.55,-21.53
37,74,0.61694,116.25,90.00,-124.28,18.38,498.25,-32.72
37,75,0.62524,116.42,94.11,-124.57,20.59,494.60,-35.66
37,76,0.63367,116.87,97.74,-125.21,53.62,431.28,-75.72
37,77,0.64197,117.35,101.40,-125.88,56.99,440.62,-80.15
37,78,0.65033,118.16,105.44,-126.96,97.08,483.89,-129.56
38,0,0.00000,0.00,0.00,0.00,77.94,0.00,-36.40
38,1,0.00836,0.65,-0.00,-0.30,77.37,-0.00,-36.13
38,2,0.01666,1.27,0.00,-0.91,74.63,0.00,-73.16
38,3,0.02502,1.89,0.10,-1.52,74.09,12.09,-72.63
38,4,0.03339,2.50,0.10,-2.38,73.36,0.00,-103.28
38,5,0.04181,3.11,0.10,-3.24,72.83,0.00,-102.54
38,6,0.04999,3.73,0.23,-4.32,75.00,15.37,-131.72
38,7,0.05841,4.34,0.23,-5.40,72.83,0.00,-127.90
38,8,0.06689,4.99,0.33,-6.74,76.98,12.23,-158.27
38,9,0.07513,5.65,0.33,-8.10,79.63,0.00,-164.44
38,10,0.08337,6.33,0.46,-9.72,82.59,15.12,-197.04
38,11,0.09180,7.01,0.46,-11.34,81.16,0.00,-192.75
38,12,0.10004,7.85,0.60,-13.20,101.85,17.60,-225.19
38,13,0.10840,8.69,0.60,-15.05,100.36,0.00,-221.90
38,14,0.11676,9.63,0.77,-17.17,112.04,19.84,-252.92
38,15,0.12518,10.57,0.77,-19.28,111.23,0.00,-251.09
38,16,0.13348,11.65,0.95,-21.62,130.88,22.48,-280.88
38,17,0.14178,12.74,0.95,-23.95,130.88,0.00,-281.25
38,18,0.15015,13.93,1.16,-26.44,143.07,24.32,-297.45
38,19,0.15845,15.13,1.26,-28.92,144.12,12.67,-299.63
38,20,0.16681,16.33,1.37,-31.41,143.07,12.58,-297.45
38,21,0.17511,17.53,1.47,-33.91,144.49,12.70,-300.37
38,22,0.18341,18.62,1.57,-36.35,132.35,12.32,-294.85
38,23,0.19183,19.72,1.68,-38.80,130.43,12.17,-290.58
38,24,0.20020,20.63,1.68,-41.18,108.39,0.00,-284.67
38,25,0.20856,21.54,1.87,-43.56,108.39,23.24,-284.67
38,26,0.21680,22.22,1.87,-45.83,82.59,0.00,-275.56
38,27,0.22534,22.90,2.05,-48.10,79.64,21.06,-265.36
38,28,0.23358,23.47,2.05,-50.06,69.63,0.00,-237.78
38,29,0.24194,24.04,2.21,-52.00,67.88,18.43,-231.75
38,30,0.25012,24.64,2.21,-53.60,73.88,0.00,-196.64
38,31,0.25848,25.25,2.34,-55.21,72.26,15.67,-191.61
38,32,0.26678,25.94,2.34,-56.51,83.46,0.00,-157.35
38,33,0.27521,26.63,2.45,-57.81,81.88,13.28,-153.62
38,34,0.28345,27.23,2.45,-58.44,73.33,0.00,-76.30
38,35,0.29181,27.84,2.45,-59.06,72.26,0.00,-75.18
38,36,0.30011,28.45,2.45,-59.70,73.16,0.00,-76.10
38,37,0.30853,29.04,2.57,-60.33,70.65,14.76,-75.72
38,38,0.31677,29.30,2.57,-61.34,31.48,0.00,-121.85
38,39,0.32526,29.53,2.57,-62.39,26.62,0.00,-124.46
38,40,0.33350,28.37,2.75,-65.67,-140.37,21.66,-397.41
38,41,0.34192,27.21,2.75,-68.96,-137.68,0.00,-390.94
38,42,0.35016,25.90,2.97,-72.98,-158.52,26.97,-487.78
38,43,0.35858,24.58,3.05,-77.04,-156.52,9.23,-481.88
38,44,0.36688,22.68,6.32,-82.65,-229.41,393.39,-676.10
38,45,0.37531,20.79,9.65,-88.28,-224.64,395.26,-668.12
38,46,0.38354,19.31,15.58,-94.65,-178.89,720.78,-773.33
38,47,0.39197,17.87,21.53,-101.00,-171.38,705.95,-754.35
38,48,0.40015,17.69,27.76,-106.54,-21.64,762.24,-676.49
38,49,0.40863,17.52,34.00,-112.07,-20.86,735.37,-652.16
38,50,0.41681,17.36,40.43,-117.60,-18.66,785.87,-675.75
38,51,0.42529,17.21,46.85,-123.12,-17.63,756.04,-650.72
38,52,0.43353,17.09,52.76,-128.43,-15.19,718.06,-644.81
38,53,0.44196,16.97,58.59,-133.69,-14.49,691.89,-624.28
38,54,0.45026,16.86,63.01,-138.46,-13.24,532.48,-575.37
38,55,0.45862,16.75,67.39,-143.22,-13.14,523.44,-568.25
38,56,0.46698,16.64,70.43,-147.24,-12.77,363.91,-481.75
38,57,0.47534,16.53,73.45,-151.25,-12.77,360.99,-478.47
38,58,0.48358,16.43,75.71,-154.39,-12.59,274.42,-381.11
38,59,0.49194,16.33,77.94,-157.49,-12.41,266.59,-371.17
38,60,0.50018,16.23,79.18,-159.45,-12.22,150.52,-238.52
38,61,0.50861,16.13,80.39,-161.40,-11.96,144.04,-231.16
38,62,0.51672,16.03,80.77,-162.76,-11.65,46.65,-167.29
38,63,0.52515,15.94,81.15,-164.11,-11.23,45.26,-159.78
38,64,0.53339,15.85,81.61,-165.01,-10.74,55.72,-109.26
38,65,0.54199,15.76,82.06,-165.90,-10.28,51.95,-103.55
38,66,0.55011,15.68,82.13,-166.49,-10.15,9.42,-72.56
38,67,0.55859,15.59,82.21,-167.07,-9.71,8.98,-69.06
38,68,0.56671,15.52,82.28,-167.50,-9.40,8.08,-52.63
38,69,0.57513,15.44,82.35,-167.93,-9.06,8.97,-50.72
38,70,0.58356,15.37,82.73,-168.38,-7.97,45.41,-54.35
38,71,0.59192,15.31,83.15,-168.83,-8.03,49.68,-53.65
38,72,0.60016,15.25,84.58,-169.01,-7.04,173.63,-21.48
38,73,0.60858,15.19,86.10,-169.19,-6.88,179.95,-21.38
38,74,0.61676,15.14,90.23,-169.50,-5.97,505.69,-37.69
38,75,0.62518,15.09,94.35,-169.82,-5.80,489.15,-38.41
38,76,0.63354,15.05,97.98,-170.60,-4.74,434.43,-93.43
38,77,0.64197,15.02,101.63,-171.40,-4.35,432.83,-94.93
38,78,0.65033,14.99,105.68,-172.76,-3.28,483.89,-162.04
39,0,0.00000,0.00,0.00,0.00,72.54,0.00,-38.73
39,1,0.00818,0.63,0.00,-0.34,76.87,0.00,-41.04
39,2,0.01648,1.21,0.00,-0.97,70.59,0.00,-76.84
39,3,0.02460,1.80,0.00,-1.61,72.18,-0.00,-78.57
39,4,0.03308,2.37,-0.00,-2.51,66.55,-0.00,-105.76
39,5,0.04120,2.93,0.00,-3.41,69.55,0.00,-110.53
39,6,0.04950,3.48,0.00,-4.52,66.54,0.00,-133.82
39,7,0.05835,4.03,0.00,-5.63,62.41,0.00,-125.52
39,8,0.06628,4.61,0.00,-7.00,72.69,-0.00,-173.46
39,9,0.07458,5.19,0.00,-8.38,69.49,0.00,-165.81
39,10,0.08307,5.78,0.00,-10.04,69.78,0.00,-195.32
39,11,0.09119,6.37,0.00,-11.69,72.93,0.00,-204.14
39,12,0.09967,7.11,0.00,-13.59,86.69,0.00,-223.74
39,13,0.10785,7.84,0.00,-15.49,89.93,0.00,-232.09
39,14,0.11615,8.66,0.00,-17.65,98.90,0.00,-260.29
39,15,0.12463,9.48,0.00,-19.81,96.76,-0.00,-254.68
39,16,0.13330,10.44,0.00,-22.20,110.21,0.00,-275.70
39,17,0.14130,11.40,0.00,-24.59,119.85,0.00,-298.85
39,18,0.14966,12.46,0.00,-27.14,126.64,0.00,-304.74
39,19,0.15814,13.52,0.00,-29.69,124.82,0.00,-300.36
39,20,0.16632,14.58,0.00,-32.24,129.48,0.00,-311.57
39,21,0.17468,15.63,0.00,-34.78,126.64,0.00,-304.74
39,22,0.18304,16.60,0.00,-37.29,115.33,0.00,-299.64
39,23,0.19153,17.56,0.00,-39.79,113.67,0.00,-295.32
39,24,0.19958,18.34,0.00,-42.22,96.59,0.00,-301.14
39,25,0.20813,19.12,0.00,-44.65,91.07,0.00,-283.93
39,26,0.21637,19.68,0.00,-46.95,67.78,0.00,-279.63
39,27,0.22467,20.24,0.00,-49.26,67.28,0.00,-277.57
39,28,0.23291,20.70,0.00,-51.23,55.93,0.00,-239.26
39,29,0.24127,21.16,0.00,-53.20,55.11,0.00,-235.77
39,30,0.24969,21.67,0.00,-54.84,61.23,0.00,-194.57
39,31,0.25818,22.19,0.00,-56.48,60.79,0.00,-193.17
39,32,0.26630,22.81,0.00,-57.82,76.32,0.00,-165.41
39,33,0.27454,23.43,0.00,-59.16,75.19,0.00,-162.96
39,34,0.28296,24.00,0.00,-59.82,67.39,0.00,-78.62
39,35,0.29138,24.57,0.00,-60.49,67.75,0.00,-78.62
39,36,0.29962,25.13,0.00,-61.15,68.89,0.00,-80.37
39,37,0.30780,25.70,0.00,-61.81,69.40,0.00,-80.97
39,38,0.31622,25.91,0.00,-62.83,24.28,0.00,-120.65
39,39,0.32452,26.11,0.00,-63.85,24.26,0.00,-122.79
39,40,0.33301,24.77,0.00,-67.05,-157.19,0.00,-378.06
39,41,0.34125,23.44,0.00,-70.26,-161.85,0.00,-389.63
39,42,0.35004,21.92,0.00,-74.21,-173.26,0.00,-448.61
39,43,0.35815,20.39,0.01,-78.15,-187.59,0.76,-486.09
39,44,0.36664,18.19,3.27,-83.65,-260.07,384.90,-648.20
39,45,0.37476,15.98,6.54,-89.15,-271.80,402.89,-677.44
39,46,0.38330,14.16,12.48,-95.43,-212.86,695.04,-735.36
39,47,0.39136,12.35,18.42,-101.72,-225.38,737.24,-779.92
39,48,0.39978,11.87,24.66,-107.23,-56.88,740.15,-654.71
39,49,0.40802,11.39,30.89,-112.75,-58.15,756.64,-669.26
39,50,0.41644,10.94,37.32,-118.26,-53.62,763.09,-654.35
39,51,0.42474,10.49,43.74,-123.77,-54.41,774.18,-663.60
39,52,0.43311,10.08,49.62,-129.03,-48.91,702.38,-628.83
39,53,0.44128,9.67,55.49,-134.28,-50.00,717.76,-642.91
39,54,0.44958,9.30,59.91,-139.04,-44.49,532.48,-573.53
39,55,0.45807,8.93,64.32,-143.80,-43.53,520.67,-561.15
39,56,0.46631,8.60,67.37,-147.82,-39.63,369.31,-487.41
39,57,0.47455,8.28,70.41,-151.84,-39.63,369.12,-487.41
39,58,0.48297,8.00,72.67,-154.97,-32.61,268.45,-371.74
39,59,0.49139,7.73,74.93,-158.10,-32.61,268.21,-371.38
39,60,0.49976,7.52,76.17,-160.05,-24.82,148.32,-233.94
39,61,0.50812,7.31,77.41,-162.01,-24.82,148.12,-233.94
39,62,0.51642,7.14,77.79,-163.36,-20.22,45.62,-162.87
39,63,0.52484,6.98,78.17,-164.71,-19.93,44.98,-160.51
39,64,0.53308,6.84,78.62,-165.61,-16.67,55.72,-108.52
39,65,0.54120,6.70,79.08,-166.50,-16.92,56.46,-110.15
39,66,0.54968,6.59,79.16,-167.09,-13.67,9.02,-69.06
39,67,0.55804,6.47,79.24,-167.67,-13.87,9.15,-70.07
39,68,0.56653,6.37,79.30,-168.09,-11.51,7.73,-49.64
39,69,0.57458,6.27,79.37,-168.52,-12.12,8.22,-52.27
39,70,0.58313,6.18,79.75,-168.97,-10.71,44.76,-52.86
39,71,0.59131,6.09,80.13,-169.42,-11.19,47.04,-55.22
39,72,0.59967,6.02,81.57,-169.59,-8.03,171.09,-20.80
39,73,0.60797,5.96,83.00,-169.77,-8.09,173.04,-20.96
39,74,0.61646,5.89,87.14,-170.07,-7.55,487.50,-35.97
39,75,0.62457,5.83,91.27,-170.38,-7.89,509.36,-37.59
39,76,0.63312,5.75,94.90,-171.15,-9.29,425.12,-91.07
39,77,0.64124,5.67,98.54,-171.93,-9.77,447.61,-95.86
39,78,0.64972,5.57,102.58,-173.28,-11.87,476.93,-159.35
40,0,0.00000,0.00,0.00,0.00,-49.64,0.00,-68.84
40,1,0.00800,-0.42,0.00,-0.58,-52.29,0.00,-72.52
40,2,0.01648,-1.13,0.00,-1.07,-83.81,0.00,-58.27
40,3,0.02490,-1.84,0.00,-1.57,-84.42,0.00,-58.70
40,4,0.03333,-2.80,0.00,-2.01,-114.49,0.00,-52.17
40,5,0.04187,-3.77,0.00,-2.45,-112.86,0.00,-51.43
40,6,0.04999,-4.94,0.00,-2.84,-144.74,0.00,-48.87
40,7,0.05817,-6.12,0.00,-3.24,-143.66,0.00,-48.51
40,8,0.06647,-7.56,0.00,-3.63,-173.90,0.00,-46.32
40,9,0.07489,-9.01,0.00,-4.01,-171.38,0.00,-45.65
40,10,0.08350,-10.73,0.00,-4.37,-200.35,0.00,-41.84
40,11,0.09149,-12.45,0.00,-4.73,-215.65,0.00,-45.04
40,12,0.09985,-14.43,0.00,-5.20,-236.86,0.00,-56.57
40,13,0.10840,-16.42,0.00,-5.68,-231.79,0.00,-55.36
40,14,0.11676,-18.67,0.00,-6.20,-269.34,0.00,-62.04
40,15,0.12494,-20.92,0.00,-6.71,-275.37,0.00,-63.43
40,16,0.13324,-23.42,0.00,-7.34,-300.74,0.00,-75.00
40,17,0.14166,-25.91,0.00,-7.96,-296.38,0.00,-73.91
40,18,0.15021,-28.58,0.00,-8.66,-312.14,0.00,-82.50
40,19,0.15839,-31.25,0.00,-9.37,-326.12,0.00,-86.19
40,20,0.16656,-33.91,0.00,-10.07,-326.12,0.00,-86.19
40,21,0.17523,-36.58,0.00,-10.78,-307.75,0.00,-81.34
40,22,0.18335,-39.19,0.00,-11.40,-321.80,0.00,-75.94
40,23,0.19147,-41.81,0.00,-12.01,-321.80,0.00,-75.94
40,24,0.19983,-44.31,0.00,-12.45,-300.00,0.00,-52.55
40,25,0.20813,-46.82,0.00,-12.89,-302.21,0.00,-52.94
40,26,0.21649,-49.18,0.14,-13.13,-282.12,16.89,-28.47
40,27,0.22510,-51.54,0.34,-13.37,-274.11,22.73,-27.66
40,28,0.23352,-53.56,0.51,-13.56,-239.49,20.09,-22.46
40,29,0.24188,-55.58,0.67,-13.75,-241.24,20.14,-22.63
40,30,0.25031,-57.27,0.80,-14.04,-201.09,15.19,-34.42
40,31,0.25830,-58.96,0.93,-14.32,-211.83,15.99,-36.26
40,32,0.26678,-60.38,0.93,-14.76,-166.91,-0.00,-51.08
40,33,0.27509,-61.80,1.10,-15.19,-170.59,20.86,-52.21
40,34,0.28351,-62.53,1.10,-15.66,-86.96,0.00,-56.16
40,35,0.29163,-63.26,1.10,-16.14,-90.23,-0.00,-58.27
40,36,0.30048,-63.99,1.10,-16.61,-82.76,0.00,-53.45
40,37,0.30823,-64.72,1.10,-17.08,-94.49,0.00,-61.02
40,38,0.31659,-65.76,1.27,-17.15,-123.72,19.40,-7.66
40,39,0.32532,-66.79,1.27,-17.21,-118.53,0.00,-7.34
40,40,0.33344,-69.79,1.83,-15.45,-369.17,68.93,216.54
40,41,0.34186,-72.79,2.29,-13.70,-355.80,55.66,208.70
40,42,0.34991,-76.49,2.86,-11.65,-459.09,70.24,253.79
40,43,0.35828,-80.19,3.43,-9.61,-442.70,67.66,244.53
40,44,0.36646,-85.34,6.69,-6.67,-629.48,399.26,358.58
40,45,0.37494,-90.48,9.96,-3.74,-606.83,385.02,345.68
40,46,0.38306,-96.46,15.90,-1.09,-736.47,731.62,327.07
40,47,0.39160,-102.44,21.84,1.57,-699.64,695.06,310.71
40,48,0.39996,-107.84,28.07,2.79,-645.62,745.55,146.35
40,49,0.40820,-113.24,34.30,4.02,-655.19,756.61,148.52
40,50,0.41644,-118.64,40.73,5.21,-655.19,780.05,145.19
40,51,0.42511,-124.04,47.16,6.41,-622.89,741.57,138.03
40,52,0.43317,-129.19,53.03,7.53,-639.77,728.98,139.02
40,53,0.44165,-134.34,58.90,8.65,-607.55,692.20,132.01
40,54,0.44983,-139.01,63.32,9.66,-570.90,540.43,123.51
40,55,0.45819,-143.68,67.74,10.67,-558.03,528.52,120.80
40,56,0.46667,-147.61,70.79,11.54,-463.67,358.68,102.52
40,57,0.47504,-151.55,73.83,12.41,-470.44,363.87,104.01
40,58,0.48309,-154.61,76.09,13.11,-380.30,280.66,86.74
40,59,0.49164,-157.68,78.35,13.81,-358.57,264.56,81.79
40,60,0.49994,-159.59,79.59,14.28,-230.15,149.41,56.62
40,61,0.50836,-161.50,80.83,14.75,-226.81,147.20,55.80
40,62,0.51654,-162.81,81.21,15.10,-160.82,46.30,42.91
40,63,0.52509,-164.13,81.59,15.45,-153.93,44.32,41.07
40,64,0.53326,-164.99,82.05,15.71,-105.97,56.13,31.72
40,65,0.54169,-165.86,82.51,15.97,-102.90,54.48,30.80
40,66,0.55035,-166.42,82.58,16.16,-65.14,8.86,22.18
40,67,0.55823,-166.99,82.66,16.35,-71.71,9.71,24.42
40,68,0.56653,-167.40,82.73,16.51,-48.90,7.90,18.75
40,69,0.57501,-167.80,82.79,16.66,-47.84,7.87,18.35
40,70,0.58350,-168.24,83.18,16.82,-51.44,45.08,17.99
40,71,0.59167,-168.67,83.56,16.97,-52.99,47.26,18.66
40,72,0.59979,-168.83,84.99,17.06,-19.92,176.24,11.28
40,73,0.60846,-168.99,86.43,17.15,-18.66,166.27,10.56
40,74,0.61682,-169.29,90.57,17.26,-35.04,494.62,12.77
40,75,0.62500,-169.58,94.70,17.36,-36.19,505.45,13.06
40,76,0.63367,-170.34,98.34,17.55,-87.68,419.14,21.48
40,77,0.64166,-171.10,101.97,17.74,-95.04,454.53,23.28
40,78,0.64984,-172.43,106.02,18.02,-161.94,494.72,34.70
41,0,0.00000,0.00,0.00,0.00,78.67,0.00,-22.03
41,1,0.00787,0.69,0.00,-0.19,87.21,0.00,-24.42
41,2,0.01636,1.39,0.00,-0.69,83.45,0.00,-58.63
41,3,0.02441,2.10,0.11,-1.19,87.88,14.26,-61.74
41,4,0.03284,2.85,0.11,-1.94,88.41,0.00,-89.86
41,5,0.04126,3.59,0.11,-2.70,88.41,-0.00,-89.86
41,6,0.04950,4.37,0.11,-3.67,94.44,-0.00,-117.41
41,7,0.05792,5.15,0.23,-4.64,92.39,13.24,-114.86
41,8,0.06628,6.01,0.23,-5.86,102.55,0.00,-145.99
41,9,0.07452,6.86,0.23,-7.08,104.07,0.00,-148.15
41,10,0.08307,7.80,0.23,-8.57,109.29,-0.00,-174.64
41,11,0.09131,8.73,0.35,-10.06,113.33,14.77,-181.11
41,12,0.09943,9.86,0.35,-11.76,138.72,0.00,-209.02
41,13,0.10797,10.98,0.35,-13.46,131.79,0.00,-198.57
41,14,0.11615,12.25,0.47,-15.39,154.48,14.55,-236.94
41,15,0.12457,13.51,0.47,-17.33,150.00,0.00,-230.07
41,16,0.13293,14.96,0.47,-19.46,172.99,-0.00,-254.38
41,17,0.14130,16.40,0.61,-21.59,172.99,16.94,-254.38
41,18,0.14954,17.98,0.61,-23.85,191.85,0.00,-274.44
41,19,0.15802,19.56,0.72,-26.11,186.33,12.87,-266.55
41,20,0.16632,21.15,0.72,-28.37,190.44,0.00,-272.43
41,21,0.17474,22.73,0.83,-30.63,187.68,12.94,-268.48
41,22,0.18323,24.21,0.83,-32.87,174.46,0.00,-264.03
41,23,0.19122,25.68,0.93,-35.11,184.73,12.55,-280.15
41,24,0.20001,26.96,0.93,-37.31,145.49,0.00,-250.69
41,25,0.20782,28.24,0.93,-39.52,163.67,0.00,-282.03
41,26,0.21649,29.28,1.04,-41.65,119.72,13.13,-246.13
41,27,0.22437,30.32,1.04,-43.78,131.78,-0.00,-270.93
41,28,0.23291,31.19,1.04,-45.61,102.14,-0.00,-213.93
41,29,0.24109,32.06,1.04,-47.44,106.72,-0.00,-223.51
41,30,0.24933,32.92,1.15,-48.93,103.70,13.45,-180.74
41,31,0.25775,33.77,1.15,-50.42,101.45,0.00,-176.81
41,32,0.26624,34.66,1.15,-51.60,105.40,0.00,-138.85
41,33,0.27448,35.56,1.15,-52.77,108.52,-0.00,-142.96
41,34,0.28302,36.25,1.27,-53.30,81.43,13.82,-61.43
41,35,0.29138,36.95,1.27,-53.82,83.21,0.00,-62.77
41,36,0.29956,37.65,1.27,-54.35,85.07,0.00,-64.18
41,37,0.30774,38.34,1.27,-54.87,85.07,-0.00,-64.18
41,38,0.31604,38.76,1.27,-55.82,50.00,0.00,-114.34
41,39,0.32440,39.17,1.38,-56.77,49.64,12.62,-113.50
41,40,0.33313,38.56,1.38,-60.19,-70.63,0.00,-391.61
41,41,0.34106,37.94,1.38,-63.61,-77.69,0.00,-430.77
41,42,0.34937,37.30,1.38,-67.79,-77.57,0.00,-503.31
41,43,0.35803,36.65,1.38,-71.96,-74.30,0.13,-482.04
41,44,0.36615,35.67,4.64,-77.81,-120.68,402.27,-719.92
41,45,0.37445,34.69,7.91,-83.65,-118.01,393.51,-704.04
41,46,0.38300,34.26,13.85,-90.18,-50.71,695.04,-763.93
41,47,0.39124,33.83,19.79,-96.71,-52.59,720.80,-792.22
41,48,0.39941,34.54,26.02,-102.20,86.94,762.24,-671.27
41,49,0.40784,35.25,32.26,-107.69,84.42,740.16,-651.81
41,50,0.41638,35.99,38.68,-113.17,86.43,752.19,-641.43
41,51,0.42450,36.72,45.11,-118.65,90.98,791.75,-674.81
41,52,0.43298,37.45,50.98,-123.87,85.25,692.27,-615.83
41,53,0.44141,38.17,56.86,-129.10,85.87,697.22,-620.29
41,54,0.44940,38.83,61.28,-133.83,82.44,552.81,-591.60
41,55,0.45782,39.49,65.70,-138.56,78.26,524.70,-561.59
41,56,0.46625,40.03,68.74,-142.55,64.13,361.28,-474.28
41,57,0.47443,40.57,71.78,-146.55,66.04,372.02,-488.43
41,58,0.48291,40.97,74.04,-149.66,47.12,266.52,-367.63
41,59,0.49103,41.37,76.30,-152.78,49.25,278.49,-383.83
41,60,0.49933,41.59,77.54,-154.74,26.10,149.41,-235.66
41,61,0.50775,41.80,78.78,-156.69,25.72,147.20,-232.25
41,62,0.51624,41.93,79.16,-158.05,14.75,44.63,-159.71
41,63,0.52435,42.05,79.54,-159.40,15.41,46.65,-166.92
41,64,0.53271,42.11,80.00,-160.31,6.93,54.91,-108.03
41,65,0.54108,42.17,80.46,-161.21,6.93,54.88,-108.03
41,66,0.54932,42.18,80.53,-161.80,1.48,9.28,-72.22
41,67,0.55756,42.19,80.61,-162.40,1.48,9.28,-72.22
41,68,0.56610,42.19,80.68,-162.83,-0.71,7.67,-50.71
41,69,0.57428,42.18,80.74,-163.27,-0.75,8.04,-52.99
41,70,0.58289,42.19,81.12,-163.73,0.71,44.44,-53.55
41,71,0.59125,42.19,81.51,-164.19,0.73,45.81,-55.11
41,72,0.59943,42.17,82.94,-164.37,-3.36,174.92,-22.39
41,73,0.60803,42.14,84.37,-164.55,-3.19,166.42,-21.28
41,74,0.61615,42.14,88.51,-164.87,0.38,509.49,-38.35
41,75,0.62445,42.14,92.64,-165.18,0.37,498.22,-37.50
41,76,0.63263,42.23,96.27,-165.95,10.82,444.16,-94.78
41,77,0.64117,42.32,99.91,-166.73,10.36,425.15,-91.07
41,78,0.64941,42.51,103.95,-168.07,23.33,491.05,-162.96
42,0,0.00000,0.00,0.00,0.00,24.29,-0.00,-80.00
42,1,0.00816,0.21,0.00,-0.69,25.42,0.00,-84.11
42,2,0.01657,0.17,0.00,-1.55,-4.36,-0.00,-103.09
42,3,0.02483,0.13,0.00,-2.42,-4.44,0.00,-104.99
42,4,0.03325,-0.10,0.00,-3.45,-27.90,0.00,-122.83
42,5,0.04153,-0.34,0.00,-4.49,-28.36,0.00,-124.86
42,6,0.04991,-0.73,0.14,-5.66,-46.99,16.29,-140.26
42,7,0.05823,-1.13,0.14,-6.84,-47.71,-0.00,-141.65
42,8,0.06656,-1.69,0.14,-8.22,-67.77,0.00,-165.93
42,9,0.07497,-2.26,0.27,-9.61,-67.15,16.45,-164.43
42,10,0.08330,-3.01,0.27,-11.20,-90.48,-0.00,-190.84
42,11,0.09155,-3.76,0.40,-12.79,-91.31,15.03,-192.98
42,12,0.10001,-4.58,0.40,-14.65,-97.11,-0.00,-220.22
42,13,0.10823,-5.40,0.54,-16.52,-99.81,17.00,-226.72
42,14,0.11691,-6.35,0.54,-18.62,-109.31,-0.00,-242.88
42,15,0.12491,-7.32,0.70,-20.77,-120.61,20.13,-268.32
42,16,0.13333,-8.33,0.70,-23.14,-120.29,-0.00,-280.80
42,17,0.14163,-9.34,0.87,-25.50,-122.06,21.08,-285.29
42,18,0.14995,-10.39,0.87,-28.05,-126.24,-0.00,-306.79
42,19,0.15826,-11.44,1.06,-30.61,-126.24,22.19,-306.79
42,20,0.16664,-12.49,1.06,-33.16,-125.32,-0.00,-304.55
42,21,0.17497,-13.55,1.24,-35.71,-126.37,22.15,-305.86
42,22,0.18336,-14.64,1.24,-38.16,-129.82,-0.00,-292.36
42,23,0.19162,-15.73,1.43,-40.61,-131.98,22.37,-296.86
42,24,0.20004,-16.89,1.43,-42.87,-138.41,-0.00,-268.84
42,25,0.20830,-18.06,1.61,-45.14,-141.59,22.38,-273.94
42,26,0.21671,-19.30,1.61,-47.16,-147.01,-0.00,-240.65
42,27,0.22507,-20.53,1.80,-49.18,-147.45,21.78,-241.24
42,28,0.23340,-21.60,1.80,-50.90,-128.21,-0.00,-206.59
42,29,0.24167,-22.66,1.95,-52.62,-128.41,18.93,-207.75
42,30,0.25018,-23.45,1.95,-54.14,-93.19,-0.00,-178.85
42,31,0.25832,-24.24,2.08,-55.67,-97.19,15.36,-187.99
42,32,0.26678,-24.75,2.08,-57.06,-60.18,-0.00,-163.96
42,33,0.27513,-25.25,2.08,-58.43,-59.96,0.00,-164.90
42,34,0.28343,-25.32,2.19,-59.30,-7.72,13.59,-104.78
42,35,0.29172,-25.38,2.19,-60.17,-7.73,-0.00,-104.97
42,36,0.30009,-25.45,2.19,-61.04,-7.65,0.00,-103.83
42,37,0.30840,-25.52,2.19,-61.91,-9.56,-0.00,-104.78
42,38,0.31674,-26.10,2.19,-62.77,-68.74,0.00,-103.11
42,39,0.32516,-26.74,2.33,-63.64,-76.45,16.75,-103.62
42,40,0.33351,-29.95,2.50,-64.97,-384.64,19.97,-158.68
42,41,0.34175,-33.18,2.67,-66.31,-391.85,20.39,-162.22
42,42,0.35019,-37.05,2.87,-68.02,-457.87,24.02,-202.89
42,43,0.35847,-40.95,3.07,-69.74,-471.09,24.73,-208.47
42,44,0.36685,-46.40,6.34,-72.07,-650.27,389.81,-277.96
42,45,0.37517,-51.87,9.70,-74.44,-658.72,404.11,-284.04
42,46,0.38354,-57.60,15.64,-77.59,-684.15,708.97,-376.68
42,47,0.39172,-63.29,21.59,-80.76,-695.15,727.27,-387.31
42,48,0.40016,-67.53,27.82,-84.32,-502.35,738.81,-422.06
42,49,0.40839,-71.77,34.06,-87.88,-515.03,758.72,-433.02
42,50,0.41679,-75.98,40.49,-91.46,-501.27,764.48,-425.41
42,51,0.42508,-80.19,46.90,-95.03,-507.92,773.69,-431.31
42,52,0.43358,-84.20,52.77,-98.46,-471.81,691.03,-403.59
42,53,0.44188,-88.20,58.60,-101.88,-481.62,702.18,-412.13
42,54,0.45027,-91.82,63.02,-104.99,-432.36,526.67,-370.18
42,55,0.45866,-95.45,67.42,-108.10,-432.36,523.73,-370.18
42,56,0.46690,-98.54,70.47,-110.72,-374.81,371.27,-318.52
42,57,0.47519,-101.58,73.48,-113.31,-367.22,363.33,-311.97
42,58,0.48360,-103.99,75.75,-115.33,-286.39,268.94,-240.29
42,59,0.49182,-106.36,77.96,-117.31,-288.31,269.75,-241.56
42,60,0.50021,-107.89,79.20,-118.55,-182.18,147.78,-147.27
42,61,0.50856,-109.40,80.41,-119.77,-180.99,144.28,-146.25
42,62,0.51695,-110.48,80.79,-120.61,-128.00,45.12,-99.64
42,63,0.52533,-111.54,81.17,-121.43,-126.78,45.60,-98.36
42,64,0.53368,-112.27,81.63,-121.97,-87.75,55.13,-64.35
42,65,0.54192,-112.99,82.07,-122.49,-87.41,53.68,-63.70
42,66,0.55037,-113.49,82.15,-122.82,-58.48,9.05,-39.35
42,67,0.55862,-113.98,82.22,-123.15,-59.52,9.25,-39.93
42,68,0.56699,-114.35,82.29,-123.38,-44.16,7.84,-27.37
42,69,0.57532,-114.72,82.37,-123.61,-44.32,9.74,-27.47
42,70,0.58377,-115.10,82.75,-123.86,-45.49,45.25,-29.96
42,71,0.59204,-115.48,83.19,-124.11,-45.39,52.47,-29.89
42,72,0.60037,-115.65,84.62,-124.19,-20.51,171.72,-8.79
42,73,0.60863,-115.82,86.18,-124.26,-21.07,189.39,-9.61
42,74,0.61700,-116.08,90.32,-124.44,-31.33,493.71,-20.40
42,75,0.62534,-116.36,94.43,-124.62,-33.33,493.46,-22.34
42,76,0.63374,-116.98,98.12,-125.12,-73.32,439.14,-59.53
42,77,0.64197,-117.61,101.78,-125.64,-77.18,444.98,-63.08
42,78,0.65039,-118.64,105.83,-126.53,-121.74,480.38,-105.07
43,0,0.00000,0.00,0.00,0.00,10.26,0.14,-84.62
43,1,0.00835,0.09,0.00,-0.70,10.24,0.14,-84.46
43,2,0.01665,-0.10,0.00,-1.54,-22.43,0.23,-100.74
43,3,0.02501,-0.29,0.00,-2.38,-22.26,0.22,-100.00
43,4,0.03329,-0.69,0.01,-3.34,-48.99,0.30,-116.39
43,5,0.04184,-1.10,0.01,-4.31,-47.50,0.29,-112.86
43,6,0.04997,-1.68,0.01,-5.38,-72.05,0.37,-132.08
43,7,0.05838,-2.27,0.02,-6.45,-69.69,0.36,-127.77
43,8,0.06665,-3.05,0.02,-7.69,-94.83,0.44,-149.45
43,9,0.07503,-3.84,0.02,-8.93,-93.62,0.44,-147.54
43,10,0.08331,-4.86,0.02,-10.36,-123.39,0.00,-173.11
43,11,0.09175,-5.88,0.02,-11.80,-121.16,0.00,-169.98
43,12,0.10004,-7.02,0.02,-13.49,-137.02,0.00,-204.05
43,13,0.10855,-8.15,0.02,-15.18,-133.33,0.00,-198.57
43,14,0.11673,-9.46,0.02,-17.08,-159.33,0.00,-233.21
43,15,0.12505,-10.76,0.02,-18.99,-156.70,-0.00,-229.36
43,16,0.13339,-12.17,0.02,-21.14,-169.29,0.00,-257.77
43,17,0.14177,-13.59,0.02,-23.29,-168.67,0.00,-256.83
43,18,0.15004,-15.07,0.02,-25.62,-179.34,-0.00,-281.55
43,19,0.15845,-16.55,0.02,-27.95,-176.41,0.00,-276.95
43,20,0.16673,-18.04,0.02,-30.28,-179.01,0.00,-281.03
43,21,0.17514,-19.52,0.02,-32.60,-176.41,0.00,-276.59
43,22,0.18338,-21.02,0.02,-34.83,-182.22,0.00,-270.00
43,23,0.19179,-22.52,0.02,-37.05,-178.58,0.00,-264.61
43,24,0.20009,-24.07,0.02,-39.08,-186.40,-0.00,-244.12
43,25,0.20848,-25.62,0.02,-41.11,-184.36,0.00,-241.45
43,26,0.21683,-27.19,0.13,-42.88,-188.30,12.30,-212.80
43,27,0.22514,-28.76,0.13,-44.66,-188.99,-0.00,-213.58
43,28,0.23344,-30.11,0.13,-46.17,-163.24,0.00,-181.62
43,29,0.24187,-31.47,0.13,-47.67,-160.87,0.00,-178.99
43,30,0.25012,-32.52,0.13,-49.04,-127.54,0.00,-165.25
43,31,0.25862,-33.57,0.13,-50.40,-123.52,0.00,-160.14
43,32,0.26683,-34.34,0.13,-51.70,-92.94,-0.00,-158.74
43,33,0.27519,-35.07,0.13,-52.97,-87.96,-0.00,-151.46
43,34,0.28346,-35.29,0.13,-53.81,-26.20,0.00,-102.21
43,35,0.29190,-35.50,0.13,-54.66,-25.68,-0.00,-100.18
43,36,0.30023,-35.72,0.13,-55.51,-26.01,0.00,-101.47
43,37,0.30855,-35.95,0.13,-56.35,-27.52,0.00,-101.28
43,38,0.31682,-36.67,0.13,-57.10,-86.72,0.00,-90.41
43,39,0.32527,-37.45,0.13,-57.84,-92.06,0.00,-88.45
43,40,0.33354,-40.84,0.13,-58.58,-410.33,-0.00,-89.67
43,41,0.34195,-44.25,0.13,-59.33,-405.44,0.00,-88.93
43,42,0.35019,-48.35,0.13,-60.34,-498.15,0.00,-122.22
43,43,0.35854,-52.49,0.20,-61.35,-496.16,8.72,-121.39
43,44,0.36681,-58.27,3.46,-62.69,-698.15,394.84,-161.62
43,45,0.37529,-64.05,6.79,-64.04,-681.65,391.93,-159.35
43,46,0.38350,-70.25,12.73,-66.14,-754.65,723.46,-256.13
43,47,0.39186,-76.41,18.67,-68.26,-737.23,711.05,-252.92
43,48,0.40019,-81.21,24.91,-71.02,-575.82,748.28,-331.50
43,49,0.40868,-86.00,31.15,-73.78,-565.47,735.33,-325.54
43,50,0.41681,-90.78,37.57,-76.56,-587.62,790.29,-341.84
43,51,0.42523,-95.56,43.99,-79.34,-566.67,761.62,-329.71
43,52,0.43353,-100.11,49.86,-82.01,-548.16,707.54,-322.06
43,53,0.44191,-104.64,55.70,-84.68,-541.71,697.22,-318.40
43,54,0.45018,-108.76,60.12,-87.10,-497.79,534.45,-292.99
43,55,0.45862,-112.86,64.51,-89.52,-486.08,520.17,-286.08
43,56,0.46689,-116.35,67.56,-91.55,-421.03,367.94,-245.39
43,57,0.47534,-119.81,70.58,-93.57,-409.75,357.90,-238.99
43,58,0.48364,-122.53,72.84,-95.13,-328.31,272.40,-188.60
43,59,0.49213,-125.24,75.08,-96.68,-318.71,263.83,-182.73
43,60,0.50040,-126.99,76.34,-97.65,-211.81,152.48,-116.61
43,61,0.50877,-128.69,77.55,-98.58,-203.28,144.02,-111.84
43,62,0.51701,-129.90,77.93,-99.22,-146.30,45.96,-77.04
43,63,0.52541,-131.09,78.31,-99.84,-141.82,45.50,-74.55
43,64,0.53372,-131.90,78.77,-100.24,-97.61,55.21,-48.07
43,65,0.54204,-132.70,79.21,-100.64,-96.51,53.40,-47.34
43,66,0.55034,-133.25,79.29,-100.88,-65.81,9.21,-29.04
43,67,0.55885,-133.79,79.36,-101.12,-63.44,8.93,-27.96
43,68,0.56703,-134.19,79.43,-101.28,-49.63,8.09,-19.78
43,69,0.57544,-134.60,79.51,-101.44,-47.91,9.62,-19.24
43,70,0.58365,-135.02,79.89,-101.62,-51.67,46.59,-22.30
43,71,0.59209,-135.43,80.33,-101.80,-48.82,51.35,-20.98
43,72,0.60048,-135.61,81.76,-101.84,-21.45,170.47,-5.09
43,73,0.60881,-135.80,83.39,-101.89,-22.71,196.16,-5.86
43,74,0.61713,-136.09,87.53,-102.01,-34.50,497.34,-14.68
43,75,0.62549,-136.40,91.63,-102.15,-37.59,490.64,-16.42
43,76,0.63379,-137.09,95.26,-102.53,-82.35,437.63,-45.59
43,77,0.64275,-137.80,98.92,-102.93,-79.73,408.62,-44.63
43,78,0.65056,-139.02,103.16,-103.65,-156.25,542.02,-92.58
44,0,0.00000,0.00,0.00,0.00,-14.65,-0.00,-84.25
44,1,0.00842,-0.12,-0.00,-0.70,-14.49,-0.00,-83.33
44,2,0.01666,-0.55,-0.00,-1.46,-51.85,-0.00,-92.22
44,3,0.02518,-0.98,0.12,-2.22,-50.18,13.85,-88.89
44,4,0.03336,-1.65,0.12,-3.04,-82.84,0.00,-100.00
44,5,0.04178,-2.33,0.12,-3.85,-80.43,0.00,-97.10
44,6,0.05002,-3.22,0.12,-4.72,-107.41,-0.00,-105.56
44,7,0.05844,-4.10,0.12,-5.59,-105.07,0.00,-103.26
44,8,0.06671,-5.23,0.12,-6.57,-136.53,0.00,-118.08
44,9,0.07513,-6.36,0.12,-7.55,-134.42,0.00,-115.94
44,10,0.08340,-7.75,0.12,-8.62,-168.27,-0.00,-130.26
44,11,0.09177,-9.15,0.12,-9.70,-166.79,-0.00,-128.83
44,12,0.10007,-10.72,0.12,-10.99,-189.71,0.00,-155.15
44,13,0.10849,-12.30,0.12,-12.28,-186.96,0.00,-153.26
44,14,0.11673,-14.10,0.12,-13.73,-218.52,-0.00,-175.93
44,15,0.12527,-15.90,0.12,-15.18,-210.71,-0.00,-170.00
44,16,0.13348,-17.87,0.12,-16.83,-240.52,0.00,-201.12
44,17,0.14182,-19.85,0.12,-18.48,-237.00,0.00,-198.17
44,18,0.15021,-21.94,0.12,-20.28,-249.45,0.00,-214.18
44,19,0.15863,-24.04,0.12,-22.08,-248.55,0.00,-213.41
44,20,0.16681,-26.14,0.12,-23.89,-257.09,0.00,-221.27
44,21,0.17523,-28.23,0.12,-25.69,-248.55,0.00,-213.41
44,22,0.18353,-30.31,0.12,-27.38,-250.74,0.00,-204.04
44,23,0.19189,-32.39,0.12,-29.07,-248.91,0.00,-202.55
44,24,0.20013,-34.46,0.12,-30.57,-250.74,0.00,-181.11
44,25,0.20859,-36.53,0.12,-32.06,-244.40,0.00,-176.17
44,26,0.21698,-38.54,0.12,-33.30,-240.36,0.00,-148.36
44,27,0.22531,-40.57,0.12,-34.55,-243.59,0.00,-150.18
44,28,0.23358,-42.31,0.12,-35.60,-209.59,0.00,-126.94
44,29,0.24185,-44.03,0.12,-36.65,-208.49,0.00,-126.94
44,30,0.25024,-45.43,0.12,-37.65,-166.55,0.00,-118.91
44,31,0.25858,-46.82,0.12,-38.65,-167.03,0.00,-119.78
44,32,0.26688,-47.90,0.12,-39.65,-130.51,0.00,-121.32
44,33,0.27530,-48.97,0.12,-40.66,-127.17,0.00,-118.84
44,34,0.28363,-49.43,0.12,-41.40,-54.21,0.00,-89.38
44,35,0.29199,-49.88,0.12,-42.14,-54.01,0.00,-89.05
44,36,0.30023,-50.33,0.12,-42.89,-54.81,0.00,-90.37
44,37,0.30869,-50.79,0.12,-43.63,-54.51,0.00,-87.73
44,38,0.31705,-51.69,0.12,-44.14,-108.03,0.00,-60.95
44,39,0.32544,-52.65,0.12,-44.63,-113.82,0.00,-58.55
44,40,0.33365,-56.12,0.12,-44.36,-422.68,0.00,33.09
44,41,0.34219,-59.60,0.12,-44.09,-407.14,0.00,31.79
44,42,0.35031,-63.91,0.12,-43.86,-531.58,0.00,28.20
44,43,0.35864,-68.21,0.26,-43.63,-515.75,17.45,27.84
44,44,0.36691,-74.12,3.53,-43.24,-714.76,394.84,47.23
44,45,0.37534,-80.06,6.91,-42.87,-705.07,401.83,43.12
44,46,0.38364,-86.60,12.85,-43.09,-787.50,715.48,-26.47
44,47,0.39197,-93.08,18.80,-43.36,-778.75,714.44,-32.23
44,48,0.40033,-98.47,25.04,-44.62,-644.53,745.55,-150.36
44,49,0.40863,-103.86,31.28,-45.88,-649.26,752.07,-151.47
44,50,0.41693,-109.24,37.71,-47.16,-647.79,774.31,-154.41
44,51,0.42532,-114.61,44.11,-48.44,-639.64,762.92,-152.36
44,52,0.43362,-119.74,49.98,-49.68,-617.65,707.54,-149.63
44,53,0.44199,-124.84,55.79,-50.92,-610.58,694.63,-148.18
44,54,0.45035,-129.48,60.21,-52.05,-555.11,528.60,-135.04
44,55,0.45868,-134.09,64.57,-53.17,-553.11,523.16,-134.43
44,56,0.46698,-138.01,67.61,-54.10,-472.06,366.59,-112.87
44,57,0.47540,-141.89,70.62,-55.03,-460.87,357.14,-110.14
44,58,0.48364,-144.95,72.88,-55.74,-371.48,274.42,-86.30
44,59,0.49207,-147.96,75.10,-56.44,-357.61,263.04,-82.61
44,60,0.50034,-149.89,76.34,-56.85,-232.47,149.97,-49.82
44,61,0.50879,-151.79,77.54,-57.25,-224.55,142.16,-47.65
44,62,0.51706,-153.12,77.92,-57.51,-161.62,45.79,-31.37
44,63,0.52548,-154.44,78.30,-57.77,-156.52,45.38,-30.07
44,64,0.53378,-155.33,78.76,-57.91,-107.72,55.31,-17.65
44,65,0.54218,-156.21,79.20,-58.06,-104.73,52.67,-17.09
44,66,0.55042,-156.81,79.28,-58.13,-71.85,9.28,-8.89
44,67,0.55881,-157.39,79.36,-58.20,-69.82,9.06,-8.36
44,68,0.56711,-157.82,79.42,-58.24,-51.84,7.90,-4.41
44,69,0.57553,-158.26,79.50,-58.27,-51.45,9.47,-4.35
44,70,0.58374,-158.71,79.88,-58.33,-55.76,46.59,-6.32
44,71,0.59219,-159.16,80.31,-58.37,-52.71,50.79,-5.78
44,72,0.60043,-159.34,81.74,-58.36,-22.59,173.63,1.11
44,73,0.60883,-159.53,83.30,-58.36,-22.55,184.89,1.09
44,74,0.61713,-159.84,87.43,-58.39,-37.50,498.25,-4.04
44,75,0.62552,-160.17,91.54,-58.43,-39.27,490.13,-4.73
44,76,0.63379,-160.94,95.18,-58.59,-92.25,439.24,-19.93
44,77,0.64224,-161.72,98.83,-58.76,-93.14,431.92,-20.22
44,78,0.65051,-163.04,102.87,-59.09,-159.04,489.24,-39.11
45,0,0.00000,0.00,0.00,0.00,0.37,0.00,-86.99
45,1,0.00842,0.00,0.00,-0.71,0.36,0.00,-84.78
45,2,0.01672,-0.28,0.11,-1.54,-34.19,12.80,-98.90
45,3,0.02579,-0.56,0.11,-2.36,-31.31,0.00,-90.57
45,4,0.03391,-1.10,0.11,-3.30,-65.41,0.00,-116.54
45,5,0.04172,-1.62,0.11,-4.23,-67.19,0.00,-118.75
45,6,0.05005,-2.33,0.22,-5.24,-85.71,13.61,-121.61
45,7,0.05838,-3.05,0.22,-6.26,-86.45,0.00,-121.98
45,8,0.06668,-3.99,0.22,-7.42,-112.87,-0.00,-140.07
45,9,0.07513,-4.93,0.22,-8.59,-111.55,0.00,-137.91
45,10,0.08347,-6.11,0.22,-9.90,-141.39,0.00,-157.14
45,11,0.09180,-7.29,0.34,-11.21,-141.76,14.29,-157.88
45,12,0.10010,-8.61,0.34,-12.76,-158.82,0.00,-186.76
45,13,0.10861,-9.94,0.34,-14.32,-155.56,-0.00,-182.44
45,14,0.11673,-11.45,0.34,-16.06,-186.09,0.00,-215.41
45,15,0.12521,-12.96,0.46,-17.82,-178.42,14.67,-206.83
45,16,0.13348,-14.61,0.46,-19.80,-198.89,0.00,-239.11
45,17,0.14185,-16.25,0.61,-21.78,-197.08,17.38,-236.86
45,18,0.15012,-17.99,0.73,-23.92,-209.96,14.91,-259.41
45,19,0.15848,-19.73,0.86,-26.07,-207.66,14.76,-256.57
45,20,0.16675,-21.46,0.98,-28.21,-209.96,14.92,-259.41
45,21,0.17517,-23.20,1.10,-30.36,-206.16,14.65,-254.35
45,22,0.18411,-24.95,1.26,-32.39,-195.22,17.67,-227.99
45,23,0.19193,-26.69,1.26,-34.43,-223.44,0.00,-260.55
45,24,0.20010,-28.45,1.37,-36.27,-215.67,13.21,-224.63
45,25,0.20853,-30.22,1.37,-38.10,-209.42,0.00,-217.39
45,26,0.21674,-31.98,1.37,-39.69,-214.87,0.00,-193.31
45,27,0.22519,-33.74,1.37,-41.27,-207.94,-0.00,-187.00
45,28,0.23346,-35.26,1.49,-42.61,-183.39,15.10,-162.36
45,29,0.24185,-36.76,1.49,-43.95,-179.64,0.00,-160.00
45,30,0.25018,-37.96,1.49,-45.18,-143.59,-0.00,-147.99
45,31,0.25854,-39.15,1.49,-46.42,-142.34,-0.00,-147.45
45,32,0.26682,-40.04,1.60,-47.60,-107.38,12.91,-143.17
45,33,0.27533,-40.91,1.60,-48.78,-102.51,0.00,-137.99
45,34,0.28348,-41.22,1.60,-49.59,-38.20,-0.00,-100.00
45,35,0.29190,-41.53,1.60,-50.41,-36.96,0.00,-96.74
45,36,0.30017,-41.85,1.70,-51.22,-37.64,12.28,-98.52
45,37,0.30856,-42.17,1.70,-52.03,-38.55,0.00,-96.73
45,38,0.31686,-42.97,1.70,-52.69,-95.96,0.00,-79.78
45,39,0.32529,-43.83,1.70,-53.35,-102.17,-0.00,-77.54
45,40,0.33350,-47.28,1.70,-53.70,-420.82,0.00,-42.75
45,41,0.34201,-50.75,1.70,-54.06,-407.89,0.00,-41.94
45,42,0.35022,-54.95,1.70,-54.59,-510.78,-0.00,-65.06
45,43,0.35864,-59.18,1.78,-55.13,-502.54,9.10,-64.13
45,44,0.36685,-65.07,5.04,-55.80,-717.10,397.78,-82.16
45,45,0.37527,-70.97,8.37,-56.49,-700.36,395.15,-81.88
45,46,0.38354,-77.36,14.31,-57.88,-773.06,718.12,-167.53
45,47,0.39200,-83.72,20.26,-59.29,-752.71,703.39,-166.43
45,48,0.40018,-88.80,26.49,-61.49,-620.90,762.24,-269.03
45,49,0.40860,-93.88,32.73,-63.69,-602.90,740.69,-261.23
45,50,0.41684,-98.94,39.16,-65.91,-614.44,780.05,-269.63
45,51,0.42529,-104.00,45.57,-68.13,-598.19,758.79,-262.82
45,52,0.43353,-108.82,51.44,-70.27,-585.19,712.78,-259.63
45,53,0.44199,-113.63,57.28,-72.41,-569.31,690.72,-252.71
45,54,0.45032,-118.00,61.70,-74.35,-523.81,530.53,-232.97
45,55,0.45868,-122.34,66.09,-76.28,-520.07,524.72,-231.02
45,56,0.46695,-126.03,69.13,-77.90,-446.13,367.94,-196.31
45,57,0.47543,-129.71,72.16,-79.52,-432.73,356.51,-190.29
45,58,0.48367,-132.59,74.42,-80.76,-350.37,274.42,-151.11
45,59,0.49203,-135.45,76.66,-81.99,-341.97,267.53,-147.45
45,60,0.50034,-137.27,77.90,-82.74,-219.12,149.41,-90.07
45,61,0.50873,-139.08,79.12,-83.48,-215.27,145.36,-88.36
45,62,0.51700,-140.35,79.50,-83.98,-153.51,45.79,-59.78
45,63,0.52545,-141.61,79.88,-84.47,-149.10,45.02,-57.76
45,64,0.53375,-142.46,80.34,-84.77,-102.57,55.31,-36.76
45,65,0.54211,-143.30,80.79,-85.07,-101.09,53.82,-36.13
45,66,0.55038,-143.87,80.86,-85.25,-68.63,9.25,-21.40
45,67,0.55893,-144.44,80.94,-85.43,-66.07,8.92,-20.71
45,68,0.56711,-144.85,81.00,-85.54,-51.12,8.02,-13.81
45,69,0.57547,-145.27,81.08,-85.65,-50.00,8.74,-13.50
45,70,0.58377,-145.72,81.46,-85.79,-53.31,46.08,-16.18
45,71,0.59222,-146.15,81.87,-85.92,-51.62,48.18,-15.52
45,72,0.60040,-146.33,83.30,-85.94,-22.39,174.92,-2.61
45,73,0.60892,-146.52,84.79,-85.96,-21.86,175.55,-2.87
45,74,0.61703,-146.82,88.93,-86.05,-36.84,509.49,-10.90
45,75,0.62549,-147.13,93.05,-86.15,-36.46,487.85,-10.83
45,76,0.63373,-147.85,96.68,-86.44,-87.78,440.87,-36.30
45,77,0.64221,-148.59,100.33,-86.75,-86.69,429.34,-35.97
45,78,0.65045,-149.82,104.37,-87.30,-150.00,491.05,-67.41
46,0,0.00000,0.00,0.00,0.00,4.38,0.00,-85.40
46,1,0.00836,0.04,0.00,-0.71,4.38,0.00,-85.40
46,2,0.01663,-0.21,-0.00,-1.54,-29.89,-0.00,-100.37
46,3,0.02502,-0.46,0.00,-2.37,-29.45,0.00,-98.91
46,4,0.03336,-0.94,0.00,-3.32,-57.51,0.00,-113.55
46,5,0.04169,-1.42,0.12,-4.27,-57.51,14.91,-113.92
46,6,0.04999,-2.08,0.12,-5.31,-80.51,-0.00,-125.74
46,7,0.05841,-2.75,0.12,-6.36,-79.35,0.00,-123.91
46,8,0.06668,-3.64,0.12,-7.56,-107.01,0.00,-145.39
46,9,0.07504,-4.52,0.25,-8.76,-105.84,14.74,-143.80
46,10,0.08337,-5.64,0.25,-10.12,-134.43,-0.00,-163.00
46,11,0.09171,-6.76,0.25,-11.48,-134.43,0.00,-163.37
46,12,0.09998,-8.01,0.37,-13.09,-150.92,14.70,-194.10
46,13,0.10846,-9.26,0.37,-14.70,-147.48,0.00,-189.93
46,14,0.11670,-10.71,0.37,-16.52,-175.19,-0.00,-221.48
46,15,0.12521,-12.14,0.52,-18.34,-168.46,17.26,-213.26
46,16,0.13336,-13.70,0.52,-20.39,-191.39,-0.00,-251.31
46,17,0.14197,-15.26,0.63,-22.44,-181.21,13.25,-238.30
46,18,0.15002,-16.94,0.63,-24.71,-209.09,-0.00,-282.58
46,19,0.15842,-18.59,0.75,-26.93,-195.64,14.85,-264.36
46,20,0.16672,-20.23,0.75,-29.15,-197.79,-0.00,-267.28
46,21,0.17517,-21.87,0.88,-31.37,-194.22,14.53,-262.09
46,22,0.18344,-23.52,0.88,-33.48,-200.00,0.00,-255.72
46,23,0.19183,-25.18,1.00,-35.59,-197.09,14.07,-250.91
46,24,0.20016,-26.86,1.00,-37.50,-201.83,-0.00,-229.67
46,25,0.20847,-28.54,1.10,-39.40,-202.94,13.14,-229.41
46,26,0.21683,-30.23,1.10,-41.07,-202.19,0.00,-198.91
46,27,0.22519,-31.92,1.10,-42.72,-201.46,0.00,-197.81
46,28,0.23340,-33.37,1.24,-44.13,-177.32,16.94,-171.75
46,29,0.24191,-34.82,1.24,-45.54,-169.53,0.00,-164.87
46,30,0.25006,-35.96,1.24,-46.82,-140.07,-0.00,-157.68
46,31,0.25851,-37.09,1.36,-48.10,-133.57,13.57,-151.62
46,32,0.26691,-37.92,1.36,-49.32,-99.27,0.00,-145.45
46,33,0.27521,-38.73,1.36,-50.53,-97.79,0.00,-145.59
46,34,0.28345,-39.01,1.36,-51.36,-33.33,0.00,-100.37
46,35,0.29187,-39.28,1.47,-52.19,-32.61,13.18,-98.19
46,36,0.30017,-39.56,1.47,-53.01,-33.09,0.00,-99.63
46,37,0.30862,-39.85,1.47,-53.84,-34.66,0.00,-97.47
46,38,0.31693,-40.62,1.47,-54.53,-92.28,0.00,-83.82
46,39,0.32529,-41.49,1.47,-55.22,-104.01,0.00,-82.48
46,40,0.33356,-44.92,1.47,-55.73,-415.50,0.00,-60.89
46,41,0.34204,-48.39,1.47,-56.24,-408.27,0.00,-60.43
46,42,0.35025,-52.66,1.47,-56.98,-520.82,0.00,-89.96
46,43,0.35870,-56.93,1.68,-57.71,-505.42,24.79,-86.64
46,44,0.36697,-62.78,4.94,-58.64,-707.38,394.84,-112.55
46,45,0.37527,-68.66,8.38,-59.62,-708.46,414.07,-117.65
46,46,0.38358,-74.99,14.32,-61.28,-762.13,715.48,-200.74
46,47,0.39200,-81.23,20.28,-63.00,-740.94,707.36,-203.62
46,48,0.40018,-86.21,26.51,-65.42,-608.58,762.24,-295.90
46,49,0.40863,-91.19,32.76,-67.84,-588.81,738.94,-286.64
46,50,0.41696,-96.15,39.19,-70.28,-595.24,771.48,-293.04
46,51,0.42529,-101.09,45.58,-72.72,-593.41,767.20,-292.31
46,52,0.43350,-105.81,51.45,-75.07,-575.46,715.43,-286.25
46,53,0.44199,-110.51,57.23,-77.40,-553.24,681.27,-275.18
46,54,0.45035,-114.78,61.65,-79.53,-511.31,528.60,-254.74
46,55,0.45862,-119.02,65.98,-81.64,-511.81,523.75,-254.98
46,56,0.46707,-122.63,69.03,-83.42,-427.44,359.97,-210.83
46,57,0.47546,-126.19,72.02,-85.18,-424.73,356.60,-209.09
46,58,0.48370,-129.02,74.28,-86.55,-343.33,274.42,-166.30
46,59,0.49207,-131.78,76.48,-87.88,-330.29,262.56,-159.85
46,60,0.50037,-133.57,77.72,-88.71,-215.07,149.41,-99.63
46,61,0.50876,-135.32,78.90,-89.52,-208.73,141.18,-96.36
46,62,0.51706,-136.57,79.28,-90.07,-150.00,45.62,-66.18
46,63,0.52545,-137.79,79.66,-90.61,-145.45,45.74,-64.00
46,64,0.53375,-138.63,80.12,-90.95,-101.10,55.44,-41.18
46,65,0.54205,-139.45,80.56,-91.28,-98.90,52.24,-40.07
46,66,0.55038,-140.01,80.63,-91.48,-67.40,9.18,-24.18
46,67,0.55890,-140.56,80.71,-91.68,-64.87,8.90,-23.30
46,68,0.56714,-140.97,80.77,-91.81,-50.00,7.96,-15.93
46,69,0.57550,-141.39,80.86,-91.95,-49.64,10.37,-16.06
46,70,0.58374,-141.82,81.24,-92.10,-52.96,46.42,-18.52
46,71,0.59222,-142.24,81.70,-92.25,-49.28,53.33,-17.27
46,72,0.60049,-142.43,83.13,-92.28,-22.14,173.21,-3.69
46,73,0.60886,-142.61,84.74,-92.31,-22.63,193.09,-4.38
46,74,0.61719,-142.91,88.88,-92.41,-35.53,496.43,-12.09
46,75,0.62549,-143.23,92.98,-92.53,-38.97,494.13,-13.97
46,76,0.63379,-143.94,96.61,-92.86,-85.29,437.63,-39.71
46,77,0.64215,-144.68,100.27,-93.21,-88.69,437.80,-41.61
46,78,0.65048,-145.90,104.32,-93.81,-145.42,485.66,-72.89
47,0,0.00000,0.00,0.00,0.00,26.69,0.00,90.04
47,1,0.00833,0.20,0.00,0.68,24.54,0.00,82.05
47,2,0.01663,0.71,0.00,1.39,61.40,0.00,84.56
47,3,0.02487,1.22,0.00,2.09,61.85,0.00,85.19
47,4,0.03400,1.99,0.00,2.82,83.95,0.00,80.27
47,5,0.04236,2.76,0.00,3.55,91.61,0.00,87.59
47,6,0.04987,3.73,0.00,4.32,130.08,0.00,101.63
47,7,0.05820,4.71,0.00,5.08,117.58,0.00,91.58
47,8,0.06650,5.94,0.00,5.92,148.53,0.00,101.10
47,9,0.07486,7.18,0.00,6.76,147.81,0.00,100.73
47,10,0.08319,8.69,0.00,7.67,180.95,0.00,109.16
47,11,0.09216,10.20,0.00,8.58,168.03,0.00,101.70
47,12,0.10013,11.91,0.00,9.68,214.94,0.00,138.31
47,13,0.10831,13.62,0.00,10.78,209.33,0.00,134.70
47,14,0.11649,15.58,0.00,12.02,239.18,0.00,150.75
47,15,0.12488,17.53,0.00,13.25,233.09,0.00,147.27
47,16,0.13318,19.68,0.00,14.67,258.82,0.00,170.22
47,17,0.14160,21.83,0.00,16.08,255.43,0.00,168.12
47,18,0.14990,24.12,0.00,17.63,275.37,0.00,186.40
47,19,0.15845,26.40,0.00,19.18,267.50,0.00,181.07
47,20,0.16669,28.69,0.00,20.72,277.41,0.00,187.78
47,21,0.17508,30.98,0.00,22.27,272.36,0.00,184.36
47,22,0.18320,33.24,0.00,23.72,278.57,0.00,178.20
47,23,0.19162,35.50,0.00,25.16,268.48,0.00,171.38
47,24,0.19992,37.72,0.00,26.41,267.65,0.00,150.00
47,25,0.20828,39.94,0.00,27.65,265.69,0.00,148.91
47,26,0.21597,42.09,0.00,28.66,279.37,0.00,130.95
47,27,0.22485,44.24,0.00,29.66,241.58,0.00,113.06
47,28,0.23297,46.08,0.00,30.51,226.69,0.00,104.14
47,29,0.24170,47.92,0.00,31.35,210.84,0.00,96.85
47,30,0.24951,49.42,0.00,32.19,192.19,0.00,106.64
47,31,0.25815,50.92,0.00,33.02,173.85,0.00,96.47
47,32,0.26657,52.11,0.00,33.90,141.67,0.00,103.99
47,33,0.27490,53.30,0.00,34.77,142.49,0.00,105.13
47,34,0.28314,53.83,0.00,35.46,64.81,0.00,83.70
47,35,0.29150,54.37,0.00,36.15,63.87,0.00,82.48
47,36,0.29993,54.90,0.00,36.84,63.41,0.00,81.88
47,37,0.30826,55.44,0.00,37.53,64.47,0.00,82.42
47,38,0.31659,56.39,0.00,37.93,114.65,0.00,48.35
47,39,0.32510,57.36,0.16,38.32,113.98,19.26,46.24
47,40,0.33319,60.77,0.75,37.66,421.51,72.24,-82.26
47,41,0.34158,64.19,1.33,36.99,406.91,69.63,-79.27
47,42,0.34991,68.36,2.03,36.29,500.37,84.27,-84.62
47,43,0.35834,72.43,2.76,35.74,483.33,86.27,-64.86
47,44,0.36652,78.26,6.03,34.68,712.69,399.26,-130.22
47,45,0.37497,84.09,9.31,33.62,689.89,388.28,-125.63
47,46,0.38330,90.61,15.25,33.09,782.78,712.86,-63.37
47,47,0.39169,97.13,21.19,32.57,776.36,707.90,-62.18
47,48,0.39999,102.62,27.42,33.20,662.50,751.03,76.10
47,49,0.40842,108.12,33.66,33.83,652.90,740.29,75.00
47,50,0.41675,113.61,40.09,34.48,658.97,771.48,78.75
47,51,0.42517,119.10,46.51,35.14,651.45,762.67,77.90
47,52,0.43347,124.34,52.38,35.79,630.88,707.54,77.94
47,53,0.44196,129.57,58.25,36.43,616.91,691.18,76.26
47,54,0.45029,134.31,62.67,37.02,568.86,530.53,70.70
47,55,0.45862,139.05,67.08,37.61,568.50,529.48,70.70
47,56,0.46683,143.05,70.12,38.10,487.36,370.68,58.74
47,57,0.47528,147.04,73.16,38.57,472.56,359.38,56.68
47,58,0.48352,150.16,75.42,38.93,378.89,274.42,42.96
47,59,0.49200,153.28,77.68,39.28,367.27,265.75,41.73
47,60,0.50034,155.24,78.92,39.47,235.16,148.87,22.34
47,61,0.50888,157.19,80.15,39.65,228.57,144.50,21.79
47,62,0.51703,158.55,80.53,39.76,166.67,46.47,12.73
47,63,0.52548,159.91,80.91,39.86,160.29,44.86,12.27
47,64,0.53360,160.81,81.37,39.90,111.28,56.56,5.26
47,65,0.54205,161.71,81.82,39.95,106.86,54.02,5.05
47,66,0.55032,162.31,81.90,39.95,71.96,9.25,0.37
47,67,0.55875,162.90,81.98,39.95,70.65,9.07,0.36
47,68,0.56699,163.34,82.04,39.94,52.59,7.96,-1.48
47,69,0.57532,163.77,82.11,39.93,52.01,8.12,-1.47
47,70,0.58365,164.23,82.49,39.93,55.31,45.91,0.00
47,71,0.59204,164.69,82.88,39.93,54.91,46.39,0.00
47,72,0.60040,164.87,84.31,39.90,21.90,171.09,-3.65
47,73,0.60873,165.06,85.76,39.87,21.98,173.83,-3.66
47,74,0.61700,165.37,89.90,39.87,37.64,500.09,-0.37
47,75,0.62543,165.68,94.03,39.86,37.32,490.64,-0.36
47,76,0.63373,166.46,97.66,39.94,93.75,437.63,9.19
47,77,0.64212,167.24,101.30,40.01,93.09,433.18,9.09
47,78,0.65039,168.59,105.34,40.19,162.73,489.24,20.66
48,0,0.00000,0.00,0.00,0.00,-18.15,-0.00,-84.81
48,1,0.00842,-0.15,0.00,-0.70,-17.75,0.00,-82.97
48,2,0.01666,-0.60,0.00,-1.44,-55.19,0.00,-89.63
48,3,0.02509,-1.06,0.00,-2.18,-53.99,-0.00,-87.68
48,4,0.03336,-1.77,0.00,-2.97,-85.61,0.00,-95.57
48,5,0.04178,-2.47,0.12,-3.76,-84.06,14.18,-93.84
48,6,0.05014,-3.39,0.12,-4.59,-109.49,-0.00,-99.64
48,7,0.05847,-4.31,0.12,-5.42,-110.26,-0.00,-100.00
48,8,0.06674,-5.47,0.12,-6.35,-140.96,-0.00,-112.55
48,9,0.07520,-6.64,0.23,-7.28,-137.91,12.66,-110.11
48,10,0.08337,-8.07,0.23,-8.31,-175.37,-0.00,-125.00
48,11,0.09180,-9.51,0.23,-9.33,-170.29,0.00,-121.38
48,12,0.10010,-11.13,0.33,-10.56,-195.59,12.43,-147.79
48,13,0.10849,-12.76,0.33,-11.78,-193.45,-0.00,-146.18
48,14,0.11685,-14.61,0.33,-13.16,-221.90,0.00,-164.96
48,15,0.12537,-16.47,0.45,-14.54,-217.92,14.65,-162.01
48,16,0.13342,-18.55,0.45,-16.15,-257.95,0.00,-199.24
48,17,0.14188,-20.58,0.45,-17.72,-241.16,0.00,-186.28
48,18,0.15005,-22.74,0.61,-19.44,-264.18,18.55,-209.70
48,19,0.15857,-24.91,0.61,-21.15,-253.76,-0.00,-201.43
48,20,0.16681,-27.07,0.71,-22.87,-262.22,12.83,-208.15
48,21,0.17523,-29.23,0.71,-24.58,-256.52,-0.00,-203.62
48,22,0.18347,-31.37,0.82,-26.19,-260.37,12.54,-195.56
48,23,0.19183,-33.52,0.82,-27.80,-256.57,-0.00,-192.34
48,24,0.20016,-35.64,0.82,-29.21,-254.58,0.00,-169.23
48,25,0.20856,-37.76,0.96,-30.62,-252.73,16.83,-167.27
48,26,0.21680,-39.83,0.96,-31.78,-250.74,-0.00,-141.48
48,27,0.22531,-41.89,0.96,-32.94,-241.94,-0.00,-136.56
48,28,0.23352,-43.66,1.07,-33.93,-215.99,13.71,-119.70
48,29,0.24191,-45.42,1.07,-34.91,-210.18,-0.00,-117.09
48,30,0.25027,-46.86,1.07,-35.85,-171.53,-0.00,-112.77
48,31,0.25858,-48.28,1.07,-36.80,-172.06,-0.00,-113.60
48,32,0.26691,-49.41,1.19,-37.76,-134.80,14.87,-115.75
48,33,0.27533,-50.52,1.19,-38.72,-131.88,-0.00,-113.77
48,34,0.28357,-51.00,1.19,-39.44,-58.52,0.00,-88.15
48,35,0.29196,-51.48,1.19,-40.17,-57.45,0.00,-86.55
48,36,0.30023,-51.97,1.19,-40.90,-58.30,-0.00,-87.82
48,37,0.30869,-52.45,1.30,-41.62,-57.76,12.79,-85.56
48,38,0.31693,-53.38,1.30,-42.09,-111.85,0.00,-57.41
48,39,0.32535,-54.35,1.30,-42.55,-115.58,0.00,-53.99
48,40,0.33362,-57.80,1.30,-42.14,-417.34,0.00,49.08
48,41,0.34210,-61.27,1.30,-41.74,-408.63,-0.00,47.84
48,42,0.35031,-65.48,1.30,-41.35,-512.64,0.00,47.21
48,43,0.35873,-69.72,1.37,-40.95,-503.99,7.88,46.74
48,44,0.36694,-75.61,4.63,-40.34,-717.84,397.78,75.46
48,45,0.37540,-81.52,7.95,-39.73,-698.56,392.72,71.84
48,46,0.38367,-88.06,13.89,-39.69,-791.14,718.12,4.06
48,47,0.39194,-94.58,19.84,-39.68,-788.19,718.85,1.48
48,48,0.40024,-100.02,26.07,-40.73,-654.78,751.03,-126.10
48,49,0.40869,-105.45,32.31,-41.78,-642.96,737.94,-123.83
48,50,0.41711,-110.87,38.74,-42.85,-643.84,763.09,-127.17
48,51,0.42542,-116.38,45.26,-43.94,-663.60,785.32,-131.25
48,52,0.43359,-121.55,51.13,-44.98,-632.46,718.34,-127.61
48,53,0.44208,-126.71,56.95,-46.02,-607.19,685.73,-122.30
48,54,0.45029,-131.39,61.37,-46.96,-570.26,538.42,-115.24
48,55,0.45871,-136.04,65.74,-47.90,-552.54,518.52,-111.59
48,56,0.46707,-139.99,68.78,-48.69,-472.63,363.91,-93.80
48,57,0.47543,-143.91,71.79,-49.46,-468.98,360.34,-92.70
48,58,0.48373,-147.00,74.05,-50.05,-372.06,272.40,-70.96
48,59,0.49207,-150.05,76.27,-50.63,-365.20,266.72,-69.60
48,60,0.50055,-151.98,77.51,-50.97,-228.42,146.19,-39.57
48,61,0.50879,-153.92,78.73,-51.30,-234.44,147.01,-40.37
48,62,0.51709,-155.26,79.10,-51.51,-162.13,45.62,-25.00
48,63,0.52548,-156.60,79.49,-51.71,-159.27,46.37,-24.36
48,64,0.53381,-157.50,79.95,-51.82,-107.69,55.11,-13.55
48,65,0.54214,-158.37,80.39,-51.93,-105.49,52.20,-12.82
48,66,0.55045,-158.97,80.46,-51.98,-71.69,9.22,-5.88
48,67,0.55881,-159.55,80.54,-52.03,-69.71,9.06,-5.84
48,68,0.56726,-159.99,80.61,-52.05,-51.26,7.76,-2.53
48,69,0.57550,-160.42,80.69,-52.07,-52.59,10.39,-2.59
48,70,0.58380,-160.88,81.07,-52.11,-55.51,46.08,-4.04
48,71,0.59222,-161.32,81.52,-52.14,-52.54,53.29,-3.62
48,72,0.60043,-161.51,82.95,-52.12,-22.30,174.27,2.23
48,73,0.60889,-161.70,84.56,-52.10,-22.74,189.51,1.81
48,74,0.61713,-162.01,88.69,-52.12,-37.78,501.94,-2.59
48,75,0.62555,-162.35,92.80,-52.15,-40.58,487.25,-3.26
48,76,0.63385,-163.12,96.43,-52.29,-92.65,437.63,-16.18
48,77,0.64227,-163.93,100.09,-52.43,-95.65,434.39,-17.03
48,78,0.65054,-165.25,104.13,-52.70,-160.52,489.24,-32.84
49,0,0.00000,0.00,0.00,0.00,14.60,0.00,83.94
49,1,0.00824,0.12,0.00,0.70,14.81,0.00,85.19
49,2,0.01724,0.55,0.00,1.46,47.12,0.00,84.07
49,3,0.02554,0.97,0.00,2.22,51.10,0.00,91.18
49,4,0.03329,1.65,0.00,3.03,87.40,0.00,105.51
49,5,0.04156,2.33,0.00,3.85,81.92,0.00,98.89
49,6,0.04993,3.21,0.00,4.72,105.47,0.00,104.01
49,7,0.05826,4.09,0.00,5.59,105.86,0.00,104.40
49,8,0.06659,5.22,0.00,6.57,135.53,0.00,117.22
49,9,0.07550,6.35,0.00,7.54,126.71,0.00,109.59
49,10,0.08331,7.74,0.00,8.62,178.12,0.00,138.28
49,11,0.09164,9.13,0.00,9.70,167.03,0.00,129.67
49,12,0.09995,10.70,0.00,11.00,189.34,0.00,155.51
49,13,0.10837,12.27,0.00,12.29,186.59,0.00,153.26
49,14,0.11664,14.07,0.00,13.74,217.34,0.00,175.65
49,15,0.12433,15.87,0.00,15.19,233.73,0.00,188.89
49,16,0.13300,17.84,0.00,16.85,227.46,0.00,190.85
49,17,0.14130,19.81,0.00,18.50,237.50,0.00,199.26
49,18,0.14969,21.90,0.00,20.30,249.09,0.00,214.55
49,19,0.15799,23.99,0.00,22.10,251.84,0.00,216.91
49,20,0.16687,26.08,0.00,23.90,235.40,0.00,202.75
49,21,0.17462,28.17,0.00,25.70,269.69,0.00,232.28
49,22,0.18295,30.25,0.00,27.40,249.45,0.00,203.66
49,23,0.19122,32.33,0.00,29.10,251.29,0.00,205.17
49,24,0.19962,34.39,0.00,30.59,245.82,0.00,178.18
49,25,0.20804,36.46,0.00,32.09,245.65,0.00,177.90
49,26,0.21686,38.48,0.00,33.34,228.72,0.00,141.52
49,27,0.22458,40.50,0.00,34.59,261.26,0.00,161.66
49,28,0.23364,42.23,0.00,35.64,190.91,0.00,116.16
49,29,0.24139,43.96,0.00,36.69,223.23,0.00,135.83
49,30,0.24966,45.36,0.00,37.69,169.00,0.00,121.03
49,31,0.25787,46.75,0.00,38.69,169.89,0.00,121.93
49,32,0.26630,47.83,0.00,39.70,128.62,0.00,119.57
49,33,0.27466,48.91,0.00,40.71,129.20,0.00,120.44
49,34,0.28326,49.37,0.00,41.46,52.48,0.00,86.88
49,35,0.29153,49.82,0.00,42.20,54.61,0.00,90.41
49,36,0.29993,50.27,0.00,42.95,53.82,0.00,89.09
49,37,0.30817,50.72,0.00,43.70,54.81,0.00,90.37
49,38,0.31656,51.62,0.00,44.20,107.64,0.00,60.73
49,39,0.32483,52.53,0.00,44.71,109.96,0.00,61.25
49,40,0.33331,56.00,0.00,44.44,408.27,0.00,-31.65
49,41,0.34152,59.46,0.00,44.17,422.30,0.00,-32.71
49,42,0.34991,63.68,0.00,43.96,502.91,0.00,-25.82
49,43,0.35825,67.91,0.01,43.74,507.33,1.26,-26.37
49,44,0.36716,73.82,3.28,43.35,663.36,366.45,-43.15
49,45,0.37585,79.74,6.55,42.97,680.00,376.44,-43.86
49,46,0.38327,86.27,12.49,43.20,881.48,800.87,30.86
49,47,0.39154,92.81,18.43,43.43,790.04,718.24,28.04
49,48,0.39996,98.20,24.66,44.70,639.86,740.15,150.00
49,49,0.40820,103.59,30.90,45.96,654.07,756.67,153.33
49,50,0.41669,108.96,37.33,47.25,633.81,757.60,151.80
49,51,0.42499,114.34,43.75,48.54,647.79,774.09,155.15
49,52,0.43341,119.47,49.62,49.78,608.70,697.29,148.19
49,53,0.44162,124.59,55.49,51.03,624.16,714.85,152.04
49,54,0.45010,129.23,59.91,52.17,546.76,520.99,133.81
49,55,0.45834,133.87,64.33,53.30,562.96,535.87,137.41
49,56,0.46680,137.79,67.37,54.24,463.54,359.97,111.19
49,57,0.47513,141.70,70.41,55.18,469.96,364.94,112.82
49,58,0.48376,144.76,72.67,55.89,354.42,261.82,82.69
49,59,0.49210,147.82,74.93,56.60,367.03,271.00,85.35
49,60,0.50049,149.74,76.17,57.02,229.09,147.78,49.09
49,61,0.50876,151.67,77.41,57.43,232.47,149.62,49.82
49,62,0.51712,153.00,77.79,57.69,159.85,45.29,31.02
49,63,0.52548,154.34,78.17,57.95,159.85,45.32,31.02
49,64,0.53391,155.23,78.62,58.09,106.16,54.51,17.39
49,65,0.54218,156.12,79.08,58.24,107.75,55.36,17.71
49,66,0.55069,156.72,79.16,58.31,69.53,8.98,8.60
49,67,0.55911,157.31,79.24,58.39,70.29,9.08,8.70
49,68,0.56812,157.74,79.30,58.42,47.80,7.28,4.07
49,69,0.57559,158.20,79.39,58.46,61.22,11.84,5.31
49,70,0.58395,158.65,79.77,58.51,54.74,45.74,6.20
49,71,0.59222,159.10,80.22,58.56,53.51,53.93,5.90
49,72,0.60071,159.28,81.65,58.55,21.94,168.63,-1.08
49,73,0.60892,159.48,83.24,58.55,23.42,194.25,-0.74
49,74,0.61731,159.79,87.38,58.58,37.09,492.82,4.00
49,75,0.62561,160.13,91.48,58.62,40.81,494.58,5.15
49,76,0.63403,160.89,95.12,58.79,90.58,431.28,19.57
49,77,0.64233,161.69,98.78,58.96,95.96,440.65,20.96
49,78,0.65067,163.00,102.82,59.29,157.88,485.66,39.19
50,0,0.00000,0.00,0.00,0.00,-85.71,0.00,2.20
50,1,0.00827,-0.71,0.00,0.02,-86.35,0.00,2.21
50,2,0.01663,-1.52,0.00,0.33,-96.72,0.00,36.86
50,3,0.02502,-2.33,0.00,0.64,-96.36,0.00,37.09
50,4,0.03342,-3.24,0.00,1.19,-108.00,0.00,65.45
50,5,0.04163,-4.14,0.00,1.74,-110.41,0.00,66.91
50,6,0.05002,-5.13,0.00,2.48,-117.82,0.00,89.09
50,7,0.05844,-6.12,0.00,3.23,-117.39,0.00,88.77
50,8,0.06677,-7.25,0.00,4.21,-135.90,0.00,116.85
50,9,0.07507,-8.39,0.00,5.18,-136.40,0.00,117.28
50,10,0.08359,-9.66,0.00,6.40,-149.10,0.00,143.37
50,11,0.09180,-10.93,0.00,7.63,-155.76,0.00,149.44
50,12,0.10013,-12.44,0.00,8.99,-180.95,0.00,164.10
50,13,0.10840,-13.95,0.00,10.36,-182.29,0.00,165.68
50,14,0.11685,-15.65,0.00,11.93,-201.08,0.00,185.56
50,15,0.12506,-17.35,0.00,13.50,-207.06,0.00,191.08
50,16,0.13354,-19.27,0.00,15.21,-226.62,0.00,201.44
50,17,0.14178,-21.19,0.00,16.92,-233.33,0.00,207.78
50,18,0.15024,-23.28,0.00,18.73,-246.93,0.00,213.72
50,19,0.15842,-25.37,0.00,20.54,-255.22,0.00,220.90
50,20,0.16687,-27.46,0.00,22.34,-246.93,0.00,213.72
50,21,0.17514,-29.54,0.00,24.15,-252.03,0.00,218.45
50,22,0.18353,-31.52,0.00,25.96,-236.00,0.00,215.64
50,23,0.19177,-33.50,0.00,27.77,-240.37,0.00,219.63
50,24,0.20013,-35.28,0.00,29.59,-212.77,0.00,218.25
50,25,0.20850,-37.06,0.00,31.42,-212.41,0.00,218.25
50,26,0.21680,-38.59,0.00,33.23,-184.19,0.00,218.38
50,27,0.22513,-40.11,0.00,35.04,-183.15,0.00,217.58
50,28,0.23352,-41.41,0.00,36.60,-154.18,0.00,185.82
50,29,0.24182,-42.70,0.00,38.16,-155.88,0.00,187.50
50,30,0.25021,-43.89,0.00,39.40,-142.18,0.00,147.27
50,31,0.25851,-45.09,0.00,40.63,-143.75,0.00,148.53
50,32,0.26688,-46.24,0.00,41.55,-137.96,0.00,110.58
50,33,0.27524,-47.39,0.00,42.47,-137.96,0.00,110.22
50,34,0.28363,-48.20,0.00,42.81,-96.00,0.00,40.36
50,35,0.29190,-49.01,0.00,43.15,-97.42,0.00,40.96
50,36,0.30029,-49.81,0.00,43.49,-96.00,0.00,40.36
50,37,0.30859,-50.61,0.00,43.83,-96.69,0.00,41.18
50,38,0.31702,-51.25,0.00,44.65,-75.36,0.00,97.10
50,39,0.32535,-51.88,0.00,45.48,-75.82,0.00,100.00
50,40,0.33371,-52.12,0.00,48.95,-28.47,0.00,414.60
50,41,0.34195,-52.36,0.00,52.42,-29.26,0.00,421.11
50,42,0.35031,-52.76,0.00,56.63,-47.45,0.00,503.28
50,43,0.35858,-53.16,0.02,60.85,-48.34,2.43,509.96
50,44,0.36697,-53.63,3.29,66.75,-57.09,389.10,703.64
50,45,0.37527,-54.12,6.57,72.66,-58.46,395.38,711.76
50,46,0.38367,-55.30,12.51,79.10,-140.36,707.68,766.91
50,47,0.39197,-56.49,18.49,85.56,-144.12,720.91,778.68
50,48,0.40030,-58.53,24.72,90.71,-243.96,748.28,617.95
50,49,0.40857,-60.56,30.96,95.86,-245.76,754.11,622.51
50,50,0.41693,-62.62,37.39,100.99,-245.99,768.66,613.87
50,51,0.42520,-64.67,43.81,106.12,-248.34,776.29,620.30
50,52,0.43362,-66.65,49.68,111.01,-235.14,697.29,580.43
50,53,0.44189,-68.63,55.54,115.89,-239.11,707.84,590.41
50,54,0.45026,-70.43,59.96,120.32,-214.96,528.60,529.20
50,55,0.45856,-72.22,64.36,124.73,-215.81,530.30,531.99
50,56,0.46695,-73.72,67.40,128.47,-178.91,362.59,445.82
50,57,0.47534,-75.21,70.43,132.20,-178.18,361.36,444.36
50,58,0.48361,-76.36,72.70,135.13,-139.11,273.41,353.51
50,59,0.49200,-77.51,74.94,138.04,-136.36,267.82,346.91
50,60,0.50037,-78.20,76.18,139.88,-82.48,148.32,220.44
50,61,0.50867,-78.88,77.41,141.71,-82.72,148.04,220.96
50,62,0.51703,-79.34,77.79,143.00,-54.01,45.29,153.65
50,63,0.52533,-79.79,78.17,144.28,-54.04,45.75,154.04
50,64,0.53375,-80.06,78.63,145.14,-32.61,54.51,102.17
50,65,0.54214,-80.33,79.08,146.00,-32.73,54.10,102.18
50,66,0.55042,-80.49,79.16,146.57,-19.19,9.25,69.37
50,67,0.55872,-80.65,79.24,147.14,-19.12,9.20,69.12
50,68,0.56705,-80.75,79.30,147.56,-12.09,7.87,50.55
50,69,0.57538,-80.85,79.37,147.99,-12.09,8.38,50.55
50,70,0.58389,-80.97,79.76,148.43,-13.98,45.04,52.69
50,71,0.59207,-81.09,80.17,148.88,-14.55,51.19,54.48
50,72,0.60052,-81.11,81.60,149.06,-2.17,169.24,21.66
50,73,0.60873,-81.13,83.15,149.25,-2.23,188.49,23.05
50,74,0.61710,-81.21,87.29,149.55,-9.49,494.62,36.13
50,75,0.62546,-81.29,91.40,149.87,-10.22,492.30,37.96
50,76,0.63382,-81.57,95.04,150.60,-32.85,434.43,87.59
50,77,0.64212,-81.85,98.69,151.35,-34.19,439.54,90.44
50,78,0.65051,-82.36,102.73,152.61,-61.09,482.13,149.45
51,0,0.00000,0.00,0.00,0.00,-85.04,0.00,8.03
51,1,0.00891,-0.71,0.00,0.07,-79.79,0.00,7.53
51,2,0.01733,-1.50,0.00,0.43,-93.48,0.00,43.12
51,3,0.02554,-2.29,0.00,0.79,-95.91,0.00,44.24
51,4,0.03345,-3.16,0.00,1.40,-110.04,0.00,76.83
51,5,0.04160,-4.03,0.00,2.01,-106.74,0.00,74.53
51,6,0.04999,-4.97,0.00,2.82,-112.00,0.00,96.36
51,7,0.05838,-5.91,0.00,3.63,-112.00,0.00,96.36
51,8,0.06662,-6.97,0.00,4.67,-129.26,0.00,127.04
51,9,0.07495,-8.04,0.00,5.72,-127.84,0.00,125.64
51,10,0.08340,-9.22,0.00,7.02,-140.43,0.00,153.79
51,11,0.09171,-10.41,0.00,8.32,-143.01,0.00,156.62
51,12,0.10007,-11.82,0.00,9.78,-168.98,0.00,175.18
51,13,0.10901,-13.24,0.00,11.25,-158.02,0.00,163.82
51,14,0.11676,-14.83,0.00,12.92,-205.51,0.00,216.14
51,15,0.12497,-16.42,0.00,14.60,-194.05,0.00,204.09
51,16,0.13348,-18.23,0.00,16.43,-212.19,0.00,215.05
51,17,0.14188,-20.03,0.00,18.26,-215.27,0.00,218.18
51,18,0.15012,-22.00,0.00,20.20,-238.15,0.00,235.19
51,19,0.15906,-23.96,0.00,22.14,-219.45,0.00,216.72
51,20,0.16684,-25.92,0.00,24.08,-252.16,0.00,249.02
51,21,0.17499,-27.88,0.00,26.01,-240.82,0.00,237.83
51,22,0.18350,-29.74,0.00,27.95,-218.28,0.00,227.24
51,23,0.19174,-31.60,0.00,29.88,-225.56,0.00,234.81
51,24,0.20010,-33.26,0.00,31.82,-197.81,0.00,231.75
51,25,0.20837,-34.91,0.00,33.76,-200.00,0.00,234.32
51,26,0.21683,-36.32,0.00,35.67,-166.43,0.00,225.99
51,27,0.22510,-37.72,0.00,37.58,-170.11,0.00,231.00
51,28,0.23346,-38.91,0.00,39.22,-142.34,0.00,196.35
51,29,0.24173,-40.10,0.00,40.86,-143.91,0.00,198.52
51,30,0.25012,-41.21,0.00,42.18,-132.36,0.00,156.36
51,31,0.25864,-42.32,0.00,43.49,-130.47,0.00,154.12
51,32,0.26685,-43.42,0.00,44.49,-133.09,0.00,121.56
51,33,0.27512,-44.51,0.00,45.48,-132.10,0.00,120.66
51,34,0.28351,-45.29,0.00,45.87,-93.09,0.00,46.55
51,35,0.29208,-46.07,0.00,46.26,-91.10,0.00,45.55
51,36,0.30038,-46.85,0.00,46.66,-94.12,0.00,47.06
51,37,0.30917,-47.63,0.00,47.05,-88.89,0.00,44.44
51,38,0.31772,-48.22,0.00,47.91,-68.21,0.00,100.71
51,39,0.32526,-48.80,0.00,48.89,-76.92,0.00,130.77
51,40,0.33371,-48.81,0.00,52.37,-1.44,0.00,410.83
51,41,0.34198,-48.83,0.00,55.87,-1.85,0.00,423.25
51,42,0.35043,-48.95,0.00,60.09,-14.44,0.00,499.64
51,43,0.35870,-49.07,0.12,64.38,-14.39,14.68,518.45
51,44,0.36710,-49.16,3.39,70.30,-10.91,389.10,705.82
51,45,0.37531,-49.27,6.75,76.25,-14.13,409.89,724.16
51,46,0.38367,-50.03,12.69,82.74,-90.15,710.26,777.01
51,47,0.39197,-50.81,18.64,89.19,-94.85,716.81,777.21
51,48,0.40033,-52.51,24.88,94.46,-202.19,745.55,630.29
51,49,0.40860,-54.20,31.12,99.73,-204.80,754.67,637.27
51,50,0.41705,-55.91,37.54,104.99,-202.89,760.34,621.66
51,51,0.42603,-57.63,43.95,110.24,-190.82,714.07,584.69
51,52,0.43381,-59.28,49.82,115.24,-212.94,754.71,643.53
51,53,0.44189,-60.93,55.64,120.23,-204.15,719.54,616.98
51,54,0.45038,-62.44,60.06,124.77,-176.98,520.99,534.53
51,55,0.45862,-63.93,64.43,129.28,-181.11,530.20,547.04
51,56,0.46716,-65.18,67.47,133.11,-146.43,356.12,448.21
51,57,0.47537,-66.42,70.49,136.90,-151.30,367.13,462.83
51,58,0.48383,-67.38,72.75,139.90,-113.00,267.49,354.15
51,59,0.49207,-68.32,74.97,142.85,-114.44,269.80,358.15
51,60,0.50046,-68.88,76.21,144.73,-67.27,147.78,224.36
51,61,0.50873,-69.44,77.42,146.59,-67.53,146.08,225.09
51,62,0.51718,-69.81,77.80,147.91,-43.32,44.79,155.23
51,63,0.52545,-70.17,78.18,149.20,-43.54,46.15,156.83
51,64,0.53387,-70.39,78.64,150.08,-26.09,54.51,104.35
51,65,0.54224,-70.60,79.09,150.95,-25.55,53.20,103.65
51,66,0.55063,-70.72,79.16,151.54,-14.55,9.16,69.82
51,67,0.55878,-70.84,79.24,152.11,-14.61,9.33,70.79
51,68,0.56720,-70.92,79.30,152.54,-8.70,7.79,50.72
51,69,0.57553,-70.99,79.38,152.97,-8.79,9.47,51.28
51,70,0.58398,-71.08,79.77,153.42,-10.47,45.25,53.43
51,71,0.59213,-71.16,80.19,153.86,-10.49,52.35,54.31
51,72,0.60056,-71.17,81.62,154.05,-0.72,169.85,22.10
51,73,0.60889,-71.18,83.17,154.24,-0.73,185.37,22.71
51,74,0.61725,-71.23,87.30,154.54,-6.93,494.62,36.50
51,75,0.62555,-71.30,91.42,154.87,-7.72,495.70,39.34
51,76,0.63400,-71.52,95.05,155.62,-26.71,429.73,88.45
51,77,0.64221,-71.76,98.70,156.38,-28.62,444.63,93.68
51,78,0.65057,-72.19,102.75,157.67,-51.46,483.89,153.65
52,0,0.00000,0.00,0.00,0.00,-84.36,0.00,10.18
52,1,0.00839,-0.71,-0.00,0.09,-84.36,-0.00,10.18
52,2,0.01660,-1.49,0.00,0.47,-94.80,0.00,46.84
52,3,0.02505,-2.26,0.11,0.85,-92.06,12.52,45.49
52,4,0.03333,-3.12,0.11,1.49,-102.95,0.00,76.38
52,5,0.04175,-3.97,0.11,2.12,-101.09,0.00,75.00
52,6,0.04996,-4.88,0.11,2.95,-111.52,0.00,101.86
52,7,0.05832,-5.80,0.11,3.79,-109.49,0.00,100.00
52,8,0.06659,-6.83,0.23,4.87,-125.09,14.65,130.26
52,9,0.07507,-7.87,0.23,5.94,-121.94,0.00,126.98
52,10,0.08328,-9.02,0.23,7.28,-140.15,0.00,162.45
52,11,0.09167,-10.17,0.23,8.61,-137.09,0.00,158.91
52,12,0.09998,-11.54,0.33,10.12,-165.07,12.85,181.25
52,13,0.10843,-12.91,0.33,11.62,-162.09,0.00,177.98
52,14,0.11667,-14.45,0.33,13.34,-187.41,0.00,208.89
52,15,0.12509,-16.00,0.43,15.06,-183.33,12.02,204.35
52,16,0.13339,-17.75,0.43,16.95,-211.03,0.00,226.84
52,17,0.14182,-19.50,0.43,18.83,-207.97,0.00,223.55
52,18,0.15009,-21.41,0.56,20.83,-230.63,15.33,241.33
52,19,0.15848,-23.32,0.56,22.82,-227.27,0.00,237.82
52,20,0.16675,-25.22,0.56,24.82,-230.63,-0.00,241.33
52,21,0.17517,-27.13,0.70,26.81,-226.45,16.15,236.96
52,22,0.18344,-28.93,0.70,28.80,-218.08,0.00,240.59
52,23,0.19183,-30.74,0.70,30.79,-214.91,0.00,237.09
52,24,0.20013,-32.34,0.81,32.78,-192.65,13.88,238.97
52,25,0.20853,-33.94,0.81,34.76,-190.55,0.00,236.36
52,26,0.21683,-35.28,0.81,36.71,-162.50,-0.00,234.93
52,27,0.22519,-36.63,0.81,38.66,-161.31,0.00,233.21
52,28,0.23352,-37.77,0.81,40.34,-137.00,0.00,201.10
52,29,0.24182,-38.92,0.93,42.01,-137.50,14.22,201.84
52,30,0.25015,-39.99,0.93,43.35,-128.57,0.00,161.17
52,31,0.25854,-41.06,0.93,44.70,-127.64,-0.00,160.00
52,32,0.26682,-42.12,0.93,45.72,-128.41,0.00,124.35
52,33,0.27521,-43.18,0.93,46.75,-126.55,-0.00,122.55
52,34,0.28354,-43.95,1.05,47.16,-92.31,14.56,49.45
52,35,0.29193,-44.72,1.05,47.58,-91.64,0.00,49.09
52,36,0.30020,-45.49,1.05,47.99,-92.99,0.00,49.82
52,37,0.30856,-46.26,1.05,48.40,-91.97,0.00,49.27
52,38,0.31686,-46.82,1.05,49.29,-68.01,0.00,106.99
52,39,0.32529,-47.37,1.05,50.20,-64.86,-0.00,108.70
52,40,0.33350,-47.28,1.05,53.68,10.78,-0.00,423.42
52,41,0.34195,-47.20,1.05,57.17,10.11,0.00,412.27
52,42,0.35022,-47.20,1.05,61.39,0.00,0.00,511.07
52,43,0.35864,-47.20,1.11,65.65,0.00,6.64,505.43
52,44,0.36685,-47.12,4.37,71.57,9.29,397.78,721.56
52,45,0.37527,-47.05,7.68,77.51,7.97,393.13,704.71
52,46,0.38364,-47.62,13.62,84.03,-67.52,710.26,779.56
52,47,0.39188,-48.20,19.57,90.52,-70.74,721.40,788.52
52,48,0.40015,-49.74,25.80,95.84,-186.35,753.80,642.80
52,49,0.40854,-51.28,32.04,101.16,-183.64,743.23,633.45
52,50,0.41705,-52.84,38.47,106.46,-183.51,754.89,622.94
52,51,0.42523,-54.42,44.92,111.79,-192.16,788.92,651.49
52,52,0.43359,-55.93,50.79,116.84,-181.02,702.38,604.38
52,53,0.44196,-57.44,56.63,121.89,-180.29,698.37,603.28
52,54,0.45026,-58.81,61.05,126.46,-165.44,532.48,551.10
52,55,0.45862,-60.18,65.44,131.02,-163.50,524.99,545.26
52,56,0.46695,-61.32,68.49,134.88,-137.00,365.25,463.74
52,57,0.47537,-62.45,71.51,138.73,-134.78,359.09,456.52
52,58,0.48370,-63.32,73.77,141.75,-104.40,271.40,362.64
52,59,0.49203,-64.18,76.01,144.74,-103.30,268.51,359.34
52,60,0.50031,-64.70,77.25,146.64,-61.99,149.96,229.52
52,61,0.50879,-65.20,78.47,148.53,-59.71,143.79,222.30
52,62,0.51697,-65.53,78.85,149.85,-40.30,46.30,161.57
52,63,0.52545,-65.86,79.23,151.16,-38.49,44.86,154.68
52,64,0.53372,-66.06,79.69,152.06,-23.99,56.57,108.86
52,65,0.54208,-66.25,80.14,152.94,-22.63,52.95,104.38
52,66,0.55038,-66.35,80.21,153.52,-12.50,9.21,70.59
52,67,0.55875,-66.45,80.29,154.10,-12.04,9.09,69.34
52,68,0.56711,-66.51,80.36,154.53,-7.30,7.84,51.46
52,69,0.57547,-66.57,80.43,154.96,-7.30,9.46,51.46
52,70,0.58374,-66.65,80.82,155.42,-9.23,46.25,54.98
52,71,0.59213,-66.72,81.24,155.86,-8.73,50.91,52.73
52,72,0.60040,-66.72,82.68,156.05,0.00,172.99,22.51
52,73,0.60880,-66.73,84.22,156.23,-0.36,184.25,22.55
52,74,0.61707,-66.78,88.36,156.54,-5.90,500.09,37.27
52,75,0.62555,-66.83,92.47,156.87,-6.47,484.96,38.49
52,76,0.63385,-67.03,96.10,157.62,-24.63,437.63,90.81
52,77,0.64215,-67.25,99.75,158.40,-25.74,439.76,93.75
52,78,0.65057,-67.64,103.80,159.70,-46.74,480.38,153.99
53,0,0.00000,0.00,0.00,0.00,-82.73,0.00,14.75
53,1,0.00824,-0.70,0.00,0.13,-85.19,0.00,15.19
53,2,0.01715,-1.46,0.00,0.55,-84.59,-0.00,47.95
53,3,0.02496,-2.21,-0.00,0.98,-96.48,-0.00,54.69
53,4,0.03333,-3.02,-0.00,1.66,-97.45,-0.00,81.02
53,5,0.04153,-3.84,-0.00,2.33,-99.26,0.00,82.53
53,6,0.04999,-4.71,-0.00,3.22,-102.53,0.00,104.69
53,7,0.05820,-5.57,-0.00,4.10,-105.58,0.00,107.81
53,8,0.06720,-6.55,-0.00,5.24,-108.14,0.00,125.76
53,9,0.07501,-7.52,-0.00,6.37,-124.61,0.00,144.92
53,10,0.08325,-8.59,-0.00,7.76,-130.37,0.00,169.26
53,11,0.09161,-9.67,-0.00,9.16,-128.47,0.00,166.79
53,12,0.10004,-10.95,-0.00,10.74,-152.54,0.00,187.32
53,13,0.10837,-12.24,-0.00,12.31,-154.21,0.00,189.38
53,14,0.11676,-13.68,-0.00,14.12,-172.36,0.00,214.91
53,15,0.12512,-15.13,-0.00,15.92,-172.99,0.00,215.69
53,16,0.13351,-16.78,-0.00,17.90,-196.36,0.00,235.64
53,17,0.14169,-18.43,-0.00,19.88,-201.49,0.00,241.79
53,18,0.15009,-20.22,-0.00,21.97,-213.82,0.00,249.82
53,19,0.15833,-22.02,-0.00,24.07,-217.78,0.00,254.44
53,20,0.16672,-23.81,-0.00,26.17,-213.82,0.00,249.82
53,21,0.17502,-25.60,-0.00,28.26,-216.18,0.00,252.57
53,22,0.18338,-27.29,-0.00,30.35,-202.19,0.00,249.27
53,23,0.19168,-28.99,-0.00,32.43,-203.68,0.00,251.10
53,24,0.20007,-30.47,-0.00,34.50,-177.09,0.00,246.55
53,25,0.20837,-31.96,-0.00,36.57,-179.04,0.00,249.26
53,26,0.21674,-33.20,-0.00,38.59,-148.54,0.00,241.61
53,27,0.22504,-34.44,-0.00,40.61,-149.63,0.00,243.38
53,28,0.23346,-35.49,-0.00,42.34,-124.28,0.00,205.80
53,29,0.24173,-36.54,-0.00,44.08,-126.57,0.00,209.59
53,30,0.25018,-37.53,-0.00,45.48,-117.69,0.00,165.70
53,31,0.25842,-38.53,-0.00,46.88,-120.74,0.00,170.00
53,32,0.26685,-39.53,-0.00,47.96,-119.20,0.00,128.99
53,33,0.27505,-40.53,-0.00,49.05,-122.30,0.00,132.34
53,34,0.28348,-41.28,-0.00,49.51,-88.41,0.00,53.99
53,35,0.29172,-42.02,-0.00,49.96,-90.37,0.00,55.19
53,36,0.30023,-42.77,-0.00,50.42,-87.46,0.00,53.41
53,37,0.30850,-43.51,-0.00,50.87,-90.04,0.00,54.98
53,38,0.31686,-44.02,-0.00,51.77,-60.58,0.00,108.03
53,39,0.32513,-44.53,-0.00,52.68,-61.25,0.00,109.23
53,40,0.33353,-44.24,-0.00,56.14,33.45,0.00,412.73
53,41,0.34174,-43.96,-0.00,59.60,34.20,0.00,421.93
53,42,0.35022,-43.73,-0.00,63.82,27.34,0.00,497.48
53,43,0.35846,-43.50,0.00,68.05,28.15,0.14,512.22
53,44,0.36685,-43.10,3.27,73.96,48.00,389.10,704.36
53,45,0.37518,-42.69,6.53,79.87,48.35,392.07,709.52
53,46,0.38348,-42.90,12.47,86.41,-25.00,715.48,787.87
53,47,0.39175,-43.11,18.41,92.94,-25.09,718.14,790.41
53,48,0.40012,-44.35,24.65,98.34,-148.91,745.55,644.89
53,49,0.40842,-45.60,30.88,103.73,-150.00,751.04,649.63
53,50,0.41681,-46.87,37.31,109.11,-151.27,765.87,641.09
53,51,0.42511,-48.14,43.73,114.49,-152.94,774.29,648.16
53,52,0.43372,-49.37,49.61,119.62,-143.26,682.45,596.10
53,53,0.44202,-50.60,55.48,124.75,-148.53,707.47,618.01
53,54,0.45044,-51.72,59.90,129.39,-132.61,524.77,551.45
53,55,0.45868,-52.84,64.32,134.04,-135.56,536.35,563.33
53,56,0.46707,-53.77,67.36,137.96,-110.55,362.59,467.27
53,57,0.47540,-54.69,70.41,141.88,-111.36,365.21,470.70
53,58,0.48380,-55.40,72.67,144.94,-83.64,269.43,365.09
53,59,0.49203,-56.10,74.93,148.01,-85.19,274.36,371.85
53,60,0.50058,-56.50,76.17,149.93,-47.50,145.14,225.36
53,61,0.50885,-56.91,77.41,151.86,-49.08,149.91,232.84
53,62,0.51724,-57.17,77.79,153.20,-30.55,45.12,159.27
53,63,0.52551,-57.42,78.16,154.53,-31.00,45.79,161.62
53,64,0.53381,-57.57,78.62,155.43,-17.28,55.31,107.72
53,65,0.54227,-57.71,79.08,156.32,-16.97,54.29,105.78
53,66,0.55057,-57.78,79.16,156.91,-8.46,9.21,71.32
53,67,0.55890,-57.85,79.24,157.50,-8.42,9.18,71.06
53,68,0.56723,-57.89,79.30,157.94,-4.40,7.87,52.01
53,69,0.57559,-57.92,79.37,158.37,-4.38,7.86,51.82
53,70,0.58405,-57.97,79.75,158.83,-6.14,45.25,54.15
53,71,0.59222,-58.03,80.13,159.29,-6.34,46.84,55.97
53,72,0.60062,-58.01,81.56,159.47,1.45,170.47,22.18
53,73,0.60889,-58.00,83.00,159.66,1.48,173.17,22.51
53,74,0.61731,-58.04,87.13,159.97,-3.99,491.03,36.96
53,75,0.62555,-58.07,91.27,160.28,-4.07,502.06,37.78
53,76,0.63400,-58.23,94.90,161.04,-19.13,429.73,90.25
53,77,0.64221,-58.39,98.53,161.81,-19.70,442.55,93.31
53,78,0.65057,-58.71,102.58,163.13,-38.32,483.89,157.30
54,0,0.00000,0.00,0.00,0.00,-84.36,-0.00,9.82
54,1,0.00827,-0.71,-0.00,0.08,-85.61,-0.00,9.96
54,2,0.01685,-1.49,-0.00,0.46,-90.75,-0.00,44.48
54,3,0.02518,-2.26,-0.00,0.85,-93.41,0.00,45.79
54,4,0.03351,-3.12,-0.00,1.47,-102.56,0.00,75.46
54,5,0.04187,-3.97,-0.00,2.10,-102.19,0.00,75.18
54,6,0.05005,-4.89,-0.00,2.94,-112.31,0.00,101.87
54,7,0.05838,-5.81,-0.00,3.77,-110.26,0.00,100.00
54,8,0.06671,-6.85,-0.00,4.84,-124.91,0.00,128.57
54,9,0.07492,-7.89,-0.00,5.91,-126.77,0.00,130.48
54,10,0.08322,-9.05,-0.00,7.24,-139.34,0.00,159.93
54,11,0.09161,-10.21,-0.00,8.57,-137.82,0.00,158.18
54,12,0.10001,-11.58,-0.00,10.06,-164.36,0.00,178.55
54,13,0.10843,-12.96,-0.00,11.56,-163.77,0.00,177.90
54,14,0.11664,-14.52,-0.00,13.28,-189.22,0.00,208.92
54,15,0.12482,-16.07,-0.00,14.99,-189.93,0.00,209.70
54,16,0.13351,-17.83,-0.00,16.87,-202.46,0.00,215.44
54,17,0.14175,-19.59,-0.00,18.74,-213.70,0.00,227.41
54,18,0.14999,-21.51,-0.00,20.72,-232.59,0.00,240.74
54,19,0.15833,-23.43,-0.00,22.71,-230.04,0.00,238.10
54,20,0.16650,-25.34,-0.00,24.69,-234.33,0.00,242.54
54,21,0.17490,-27.26,-0.00,26.68,-228.36,0.00,236.36
54,22,0.18326,-29.07,-0.00,28.66,-216.79,0.00,236.86
54,23,0.19162,-30.88,-0.00,30.64,-216.79,0.00,236.86
54,24,0.19995,-32.49,-0.00,32.61,-193.04,0.00,237.00
54,25,0.20828,-34.10,-0.00,34.59,-193.04,0.00,237.00
54,26,0.21686,-35.46,-0.00,36.53,-158.72,0.00,226.69
54,27,0.22522,-36.82,-0.00,38.47,-162.77,0.00,232.48
54,28,0.23337,-37.97,-0.00,40.14,-141.20,0.00,204.87
54,29,0.24167,-39.12,-0.00,41.81,-138.60,0.00,201.10
54,30,0.25003,-40.20,-0.00,43.15,-128.83,0.00,159.85
54,31,0.25824,-41.28,-0.00,44.49,-131.23,0.00,162.83
54,32,0.26688,-42.35,-0.00,45.51,-123.67,0.00,118.73
54,33,0.27481,-43.41,-0.00,46.54,-134.62,0.00,129.23
54,34,0.28317,-44.19,-0.00,46.95,-92.34,0.00,48.91
54,35,0.29153,-44.96,-0.00,47.35,-92.34,0.00,48.91
54,36,0.30038,-45.73,-0.00,47.76,-87.24,0.00,46.21
54,37,0.30826,-46.50,-0.00,48.17,-97.67,0.00,51.94
54,38,0.31671,-47.06,-0.00,49.04,-66.06,0.00,103.25
54,39,0.32492,-47.62,-0.00,49.92,-68.03,0.00,107.06
54,40,0.33337,-47.55,-0.00,53.40,8.30,0.00,410.83
54,41,0.34174,-47.48,-0.00,56.87,8.39,0.00,415.69
54,42,0.35001,-47.50,-0.00,61.10,-2.58,0.00,511.07
54,43,0.35846,-47.52,0.01,65.33,-2.53,1.31,500.72
54,44,0.36707,-47.47,3.28,71.26,5.67,379.44,688.30
54,45,0.37534,-47.42,6.55,77.18,5.54,395.94,716.61
54,46,0.38367,-48.02,12.49,83.70,-71.79,712.86,782.05
54,47,0.39166,-48.62,18.43,90.21,-75.19,742.92,814.12
54,48,0.40002,-50.19,24.66,95.52,-187.23,745.55,635.04
54,49,0.40845,-51.75,30.90,100.83,-185.87,740.23,630.43
54,50,0.41684,-53.34,37.33,106.12,-189.45,765.87,630.91
54,51,0.42511,-54.93,43.75,111.42,-192.25,776.94,640.22
54,52,0.43332,-56.47,49.63,116.46,-187.36,715.43,614.87
54,53,0.44168,-58.01,55.49,121.51,-183.94,701.78,603.28
54,54,0.45020,-59.41,59.91,126.08,-163.80,519.12,536.56
54,55,0.45850,-60.80,64.33,130.64,-168.01,531.91,550.00
54,56,0.46719,-61.96,67.37,134.50,-133.68,349.87,443.86
54,57,0.47537,-63.12,70.41,138.36,-141.79,371.73,471.64
54,58,0.48355,-64.01,72.67,141.38,-108.21,276.47,368.66
54,59,0.49179,-64.89,74.93,144.39,-107.41,273.99,365.56
54,60,0.50006,-65.41,76.17,146.29,-63.10,149.97,229.52
54,61,0.50839,-65.94,77.41,148.18,-62.64,148.50,227.47
54,62,0.51657,-66.27,77.79,149.50,-41.04,46.30,161.57
54,63,0.52499,-66.61,78.17,150.82,-39.86,44.99,156.52
54,64,0.53336,-66.81,78.62,151.70,-23.72,54.91,105.47
54,65,0.54166,-67.00,79.08,152.58,-23.90,55.15,106.25
54,66,0.54999,-67.11,79.16,153.17,-12.82,9.18,70.33
54,67,0.55820,-67.22,79.24,153.76,-13.01,9.31,71.38
54,68,0.56650,-67.28,79.30,154.19,-7.35,7.90,51.84
54,69,0.57492,-67.34,79.37,154.62,-7.25,7.92,51.09
54,70,0.58353,-67.42,79.75,155.07,-9.22,44.45,52.84
54,71,0.59167,-67.50,80.14,155.53,-9.74,47.40,55.81
54,72,0.59998,-67.50,81.57,155.71,0.00,172.35,22.43
54,73,0.60855,-67.50,83.01,155.90,0.00,167.97,21.71
54,74,0.61676,-67.55,87.14,156.21,-6.32,503.81,37.55
54,75,0.62521,-67.60,91.28,156.52,-6.14,489.04,36.46
54,76,0.63342,-67.81,94.91,157.27,-25.28,442.51,91.82
54,77,0.64169,-68.02,98.54,158.02,-25.46,439.42,91.14
54,78,0.65021,-68.42,102.59,159.32,-46.95,475.21,151.97
