trial,frame,t_s,x_cm,y_cm,z_cm,vx,vy,vz
0,0,0.00000,0.00,0.00,0.00,-365.44,-15.37,-8.39
0,1,0.00763,-3.04,-0.07,0.13,-398.00,-8.89,17.60
0,2,0.01614,-6.02,-0.30,0.27,-350.54,-26.95,15.77
0,3,0.02435,-8.75,-0.46,0.42,-332.71,-19.66,17.84
0,4,0.03271,-11.44,-0.61,0.58,-321.90,-18.26,19.34
0,5,0.04095,-13.94,-0.75,0.82,-302.96,-16.49,30.00
0,6,0.04941,-16.43,-0.88,1.07,-294.58,-15.98,29.24
0,7,0.05762,-18.79,-1.00,1.47,-287.73,-14.44,49.07
0,8,0.06659,-21.12,-1.12,1.86,-259.52,-13.12,42.52
0,9,0.07434,-23.37,-1.23,2.29,-290.16,-14.18,56.30
0,10,0.08273,-25.59,-1.34,2.63,-264.00,-13.47,40.73
0,11,0.09097,-27.76,-1.45,2.98,-263.33,-13.41,41.85
0,12,0.09998,-29.91,-1.57,3.18,-239.32,-13.05,22.71
0,13,0.10764,-32.05,-1.69,3.33,-278.88,-15.67,19.52
0,14,0.11609,-34.34,-1.83,3.34,-271.84,-16.36,0.36
0,15,0.12448,-36.67,-1.97,3.27,-277.09,-17.17,-8.00
0,16,0.13284,-38.98,-2.12,3.17,-276.28,-17.32,-12.04
0,17,0.14096,-41.28,-2.26,3.04,-283.08,-17.99,-15.79
0,18,0.14944,-43.69,-2.42,2.88,-284.17,-18.17,-18.35
0,19,0.15778,-46.10,-2.57,2.72,-289.38,-18.59,-19.41
0,20,0.16675,-48.66,-2.74,2.55,-285.37,-18.37,-19.73
0,21,0.17441,-51.23,-2.90,2.37,-335.46,-21.54,-23.11
0,22,0.18280,-53.79,-3.07,2.19,-305.09,-19.64,-21.09
0,23,0.19101,-56.35,-3.23,2.01,-311.90,-20.08,-21.56
0,24,0.20007,-59.07,-3.41,1.80,-300.34,-19.44,-23.23
0,25,0.20773,-61.83,-3.59,1.59,-360.56,-23.35,-27.89
0,26,0.21631,-64.56,-3.76,1.38,-317.44,-20.55,-24.56
0,27,0.22452,-67.28,-3.94,1.17,-331.97,-21.54,-25.65
0,28,0.23285,-70.12,-4.13,0.89,-340.29,-22.45,-33.33
0,29,0.24109,-72.95,-4.31,0.61,-344.07,-22.75,-33.70
0,30,0.24948,-75.79,-4.50,0.34,-337.82,-22.29,-33.09
0,31,0.25836,-78.62,-4.69,0.06,-319.24,-21.06,-31.27
0,32,0.26617,-81.51,-4.88,-0.27,-369.14,-24.71,-41.41
0,33,0.27444,-84.39,-5.07,-0.59,-348.71,-23.30,-39.11
0,34,0.28293,-87.27,-5.27,-0.91,-339.93,-22.71,-38.13
0,35,0.29108,-90.16,-5.46,-1.24,-353.93,-23.65,-39.70
0,36,0.29947,-93.04,-5.65,-1.56,-343.64,-23.00,-38.55
0,37,0.30841,-95.93,-5.85,-1.88,-322.53,-21.55,-36.18
0,38,0.31625,-98.81,-5.98,-2.21,-367.70,-17.80,-41.25
0,39,0.32449,-101.69,-6.23,-2.53,-350.00,-29.30,-38.89
0,40,0.33289,-104.56,-6.47,-2.70,-341.45,-28.80,-20.36
0,41,0.34113,-107.42,-6.69,-2.87,-347.78,-26.50,-20.74
0,42,0.35019,-110.29,-6.91,-3.04,-316.16,-24.18,-18.86
0,43,0.35779,-113.17,-7.12,-3.21,-379.52,-28.90,-22.09
0,44,0.36621,-115.99,-7.33,-3.23,-334.42,-24.78,-3.26
0,45,0.37454,-118.81,-7.54,-3.26,-338.10,-25.05,-3.30
0,46,0.38287,-121.62,-7.75,-3.29,-338.10,-25.15,-3.30
1,0,0.00000,0.00,0.00,0.00,324.45,64.74,228.47
1,1,0.00827,2.67,0.40,1.44,322.88,48.01,173.80
1,2,0.01675,5.36,0.58,2.73,317.27,21.00,152.16
1,3,0.02499,7.89,0.86,3.78,306.30,34.14,127.41
1,4,0.03409,10.42,1.10,4.68,279.19,27.12,99.33
1,5,0.04166,12.87,1.33,5.33,323.39,29.61,85.48
1,6,0.05020,15.31,1.55,5.89,285.00,25.49,66.07
1,7,0.05844,17.68,1.75,6.25,287.41,24.37,42.96
1,8,0.06677,20.01,1.94,6.58,280.22,23.55,39.93
1,9,0.07501,22.29,2.11,6.82,276.67,20.62,28.89
1,10,0.08344,24.51,2.17,7.10,263.77,7.24,34.06
1,11,0.09167,26.69,2.16,7.35,264.81,-1.10,30.00
1,12,0.09998,28.83,2.14,7.69,257.35,-3.30,40.81
1,13,0.10818,30.94,2.26,8.04,257.62,15.32,42.38
1,14,0.11661,33.19,2.31,8.52,267.03,5.30,56.88
1,15,0.12537,35.47,2.35,9.01,259.58,5.16,56.45
1,16,0.13312,37.73,2.40,9.48,292.13,5.78,60.24
1,17,0.14151,39.99,2.44,9.92,269.45,5.28,52.36
1,18,0.14981,42.37,2.49,10.34,286.76,5.58,50.37
1,19,0.15817,44.76,2.53,10.70,285.77,5.50,43.43
1,20,0.16647,47.31,2.58,11.03,306.62,5.84,40.07
1,21,0.17468,49.86,2.69,11.31,310.78,13.07,33.46
1,22,0.18375,52.42,2.71,11.52,282.15,2.04,23.91
1,23,0.19144,54.98,2.73,11.68,333.33,2.88,20.63
1,24,0.19974,57.71,2.75,11.81,328.68,2.43,15.81
1,25,0.20828,60.44,2.75,11.89,319.29,-0.28,9.29
1,26,0.21719,63.17,2.73,11.93,306.51,-2.40,4.45
1,27,0.22501,65.90,2.69,11.95,349.61,-5.08,1.95
1,28,0.23358,68.75,2.62,12.01,332.03,-7.52,6.76
1,29,0.24188,71.59,2.55,12.05,343.01,-8.68,5.51
1,30,0.25031,74.44,2.49,12.09,338.41,-7.54,4.71
1,31,0.25842,77.29,2.42,12.13,351.13,-7.84,4.51
1,32,0.26688,80.20,2.36,12.20,343.32,-7.99,8.30
1,33,0.27576,83.10,2.29,12.27,326.80,-7.60,7.90
1,34,0.28351,86.00,2.22,12.34,374.41,-8.72,8.66
1,35,0.29181,88.90,2.15,12.40,349.63,-8.10,8.09
1,36,0.30023,91.81,2.09,12.47,344.57,-8.03,7.97
1,37,0.30850,94.71,2.02,12.54,350.92,-8.16,8.49
1,38,0.31744,97.61,1.94,12.70,324.23,-8.52,17.75
1,39,0.32516,100.50,1.86,12.96,374.31,-11.07,33.99
1,40,0.33365,103.36,1.77,13.20,337.05,-9.77,28.06
1,41,0.34186,106.20,1.68,13.57,346.84,-11.50,44.61
1,42,0.35046,109.03,1.57,14.06,328.37,-12.30,57.45
1,43,0.35861,111.83,1.46,14.68,343.82,-14.43,76.03
1,44,0.36691,114.58,1.34,15.28,331.62,-13.75,72.06
1,45,0.37579,117.31,1.22,16.00,306.87,-14.13,81.10
1,46,0.38364,120.00,1.08,16.84,342.80,-17.43,107.39
2,0,0.00000,0.00,0.00,0.00,383.75,7.58,77.62
2,1,0.00830,3.00,0.06,0.42,361.76,6.92,51.10
2,2,0.01669,5.95,0.17,0.84,351.27,13.77,49.09
2,3,0.02490,8.66,0.18,1.19,330.11,1.02,43.49
2,4,0.03397,11.33,0.19,1.52,294.61,1.40,36.36
2,5,0.04160,13.83,0.18,1.74,327.60,-1.59,28.00
2,6,0.05011,16.32,0.15,1.94,292.47,-3.69,24.01
2,7,0.05826,18.72,0.11,1.98,294.01,-5.15,4.49
2,8,0.06735,21.08,0.05,2.02,259.40,-5.95,5.03
2,9,0.07492,23.37,0.00,2.01,302.82,-6.91,-2.02
2,10,0.08337,25.61,-0.05,2.08,264.98,-6.31,7.94
2,11,0.09167,27.80,-0.10,2.13,264.34,-6.25,6.99
2,12,0.10013,29.96,-0.17,2.33,254.87,-7.50,22.74
2,13,0.10840,32.08,-0.23,2.57,257.20,-8.23,29.52
2,14,0.11679,34.34,-0.32,2.99,269.45,-10.41,50.18
2,15,0.12564,36.62,-0.42,3.48,256.90,-10.66,55.52
2,16,0.13342,38.87,-0.51,4.00,289.41,-12.39,67.06
2,17,0.14169,41.11,-0.61,4.55,270.48,-11.98,66.42
2,18,0.15009,43.45,-0.72,5.15,278.91,-12.53,70.91
2,19,0.15839,45.79,-0.82,5.75,281.99,-12.78,72.43
2,20,0.16736,48.27,-0.94,6.39,276.87,-12.62,71.77
2,21,0.17502,50.77,-1.05,7.04,325.50,-14.84,84.46
2,22,0.18335,53.25,-1.16,7.68,298.17,-13.59,77.29
2,23,0.19165,55.73,-1.28,8.33,299.26,-13.59,77.57
2,24,0.20004,58.37,-1.40,9.03,314.18,-14.56,84.00
2,25,0.20831,61.01,-1.52,9.74,318.82,-14.78,85.24
2,26,0.21677,63.64,-1.40,10.44,311.91,14.17,83.39
2,27,0.22559,66.28,-1.29,11.15,298.96,11.98,79.93
2,28,0.23337,69.02,-1.19,11.94,351.76,13.80,101.96
2,29,0.24170,71.76,-1.08,12.73,328.57,12.88,94.87
2,30,0.25009,74.49,-0.97,13.52,326.18,12.78,93.82
2,31,0.25833,77.23,-0.87,14.31,332.22,13.04,95.56
2,32,0.26682,80.01,-0.76,15.14,327.70,12.69,98.56
2,33,0.27505,82.79,-0.65,15.98,337.41,13.06,101.11
2,34,0.28406,85.57,-0.54,16.81,308.81,11.99,92.54
2,35,0.29175,88.35,-0.43,17.64,361.51,13.99,108.33
2,36,0.30005,91.13,-0.33,18.48,334.93,13.02,100.37
2,37,0.30835,93.91,-0.22,19.31,334.93,12.97,100.37
2,38,0.31754,96.69,-0.31,20.14,302.66,-10.44,90.70
2,39,0.32504,99.55,-0.26,20.99,380.08,7.55,113.01
2,40,0.33344,102.33,-0.24,21.67,332.36,1.98,80.73
2,41,0.34180,105.12,-0.22,22.34,333.58,1.99,81.02
2,42,0.35010,107.91,-0.21,23.02,336.03,2.01,81.62
2,43,0.35846,110.70,-0.19,23.70,333.21,1.98,80.66
2,44,0.36682,113.47,-0.17,24.22,331.02,2.60,63.14
2,45,0.37573,116.24,-0.15,24.75,310.62,2.41,59.25
2,46,0.38342,119.00,-0.09,25.28,359.92,6.95,68.65
3,0,0.00000,0.00,0.00,0.00,205.62,-2.61,-353.18
3,1,0.00854,1.43,-0.01,-2.67,167.86,-1.75,-312.50
3,2,0.01660,2.97,-0.04,-5.24,190.15,-2.57,-319.32
3,3,0.02490,4.45,-0.06,-7.54,178.68,-2.78,-276.84
3,4,0.03333,6.01,-0.09,-9.75,184.78,-3.26,-262.32
3,5,0.04184,7.46,-0.11,-11.80,170.61,-3.07,-240.14
3,6,0.05005,9.01,-0.14,-13.77,188.48,-3.75,-240.15
3,7,0.05847,10.43,-0.17,-15.69,169.20,-3.19,-228.26
3,8,0.06689,11.94,-0.20,-17.51,178.62,-3.76,-215.94
3,9,0.07544,13.42,-0.23,-19.25,173.93,-3.80,-204.29
3,10,0.08368,15.01,-0.27,-20.83,193.33,-4.74,-191.48
3,11,0.09171,16.64,-0.32,-22.31,201.90,-5.24,-184.79
3,12,0.10031,18.38,-0.37,-23.60,202.48,-5.83,-148.94
3,13,0.10831,20.19,-0.42,-24.74,226.34,-6.90,-143.13
3,14,0.11682,22.26,-0.49,-25.74,243.01,-8.00,-117.56
3,15,0.12506,24.42,-0.56,-26.59,262.59,-9.04,-103.33
3,16,0.13330,26.62,-0.64,-27.31,267.04,-9.46,-87.04
3,17,0.14194,28.85,-0.72,-27.90,257.95,-9.43,-67.84
3,18,0.14999,31.21,-0.81,-28.38,293.56,-10.98,-60.61
3,19,0.15829,33.60,-0.90,-28.76,287.50,-10.99,-45.59
3,20,0.16672,36.15,-1.00,-29.04,302.90,-11.83,-33.33
3,21,0.17511,38.71,-1.10,-29.21,305.09,-12.12,-19.64
3,22,0.18335,41.28,-1.21,-29.26,311.48,-12.60,-6.30
3,23,0.19174,43.84,-1.31,-29.20,305.82,-12.62,7.64
3,24,0.20023,46.57,-1.43,-28.98,320.86,-13.48,25.18
3,25,0.20840,49.28,-1.54,-28.65,331.34,-14.19,41.04
3,26,0.21664,51.97,-1.66,-28.19,326.67,-14.25,55.56
3,27,0.22528,54.64,-1.78,-27.61,308.83,-13.68,66.78
3,28,0.23340,57.37,-1.90,-26.83,337.22,-15.33,96.62
3,29,0.24173,60.07,-2.03,-25.92,324.18,-15.00,108.79
3,30,0.24991,62.73,-2.15,-24.89,325.00,-15.32,125.75
3,31,0.25839,65.34,-2.28,-23.75,307.55,-14.73,135.25
3,32,0.26691,67.93,-2.41,-22.42,303.58,-14.94,155.20
3,33,0.27524,70.45,-2.53,-20.99,302.93,-15.16,172.53
3,34,0.28336,72.91,-2.66,-19.44,302.63,-15.44,190.60
3,35,0.29196,75.29,-2.78,-17.78,276.95,-14.45,192.55
3,36,0.30002,77.60,-2.90,-16.02,287.12,-15.25,219.32
3,37,0.30856,79.87,-2.85,-14.11,265.00,6.38,222.50
3,38,0.31671,82.00,-2.81,-12.15,262.17,5.01,241.20
3,39,0.32535,84.05,-2.77,-10.09,237.10,5.12,238.16
3,40,0.33374,86.09,-2.72,-8.07,242.91,5.15,240.73
3,41,0.34195,88.03,-2.68,-5.96,236.80,5.67,256.88
3,42,0.35022,89.88,-2.63,-3.77,223.62,6.01,265.31
3,43,0.35849,91.63,-2.57,-1.50,211.44,6.40,274.91
3,44,0.36716,93.36,-2.52,0.73,199.30,5.96,257.04
3,45,0.37524,94.99,-2.47,3.03,201.13,6.75,284.53
3,46,0.38351,96.51,-2.41,5.40,183.76,6.96,286.72
4,0,0.00000,0.00,0.00,0.00,298.31,11.96,-215.88
4,1,0.00754,2.22,0.11,-2.07,294.33,13.97,-274.09
4,2,0.01590,4.31,0.21,-4.20,250.36,12.65,-255.47
4,3,0.02432,6.12,0.31,-6.25,214.49,11.71,-243.48
4,4,0.03314,7.80,0.41,-8.37,190.31,11.25,-239.79
4,5,0.04123,9.19,0.50,-10.46,171.70,11.61,-258.49
4,6,0.04968,10.48,0.60,-12.60,153.07,11.18,-253.79
4,7,0.05798,11.47,0.69,-14.79,119.49,11.02,-262.87
4,8,0.06647,12.37,0.78,-16.97,105.40,10.63,-257.55
4,9,0.07480,13.07,0.87,-19.15,84.98,10.46,-261.54
4,10,0.08328,13.75,0.95,-21.29,79.86,10.05,-251.80
4,11,0.09238,14.31,1.03,-23.41,61.41,9.13,-233.56
4,12,0.10019,14.92,1.12,-25.59,78.52,10.98,-278.52
4,13,0.10837,15.47,1.20,-27.66,66.79,9.96,-254.10
4,14,0.11682,16.17,1.29,-29.86,83.03,10.35,-259.21
4,15,0.12506,16.94,1.45,-32.05,92.96,18.94,-266.30
4,16,0.13348,17.72,1.47,-34.23,93.48,2.72,-258.33
4,17,0.14182,18.53,1.48,-36.39,97.07,1.92,-259.34
4,18,0.15015,19.40,1.53,-38.64,103.66,5.67,-270.70
4,19,0.15900,20.27,1.58,-40.90,98.28,5.34,-255.52
4,20,0.16684,21.19,1.63,-43.30,117.90,6.38,-305.06
4,21,0.17514,22.12,1.68,-45.69,111.40,6.03,-288.24
4,22,0.18350,23.04,1.73,-48.08,110.58,5.98,-286.13
4,23,0.19238,23.97,1.78,-50.48,104.47,5.65,-270.10
4,24,0.20020,24.98,1.83,-53.05,130.08,6.86,-328.91
4,25,0.20840,25.99,1.89,-55.59,122.30,6.45,-309.29
4,26,0.21692,26.99,1.94,-58.13,117.92,6.22,-298.21
4,27,0.22522,28.00,1.99,-60.67,121.69,6.40,-306.62
4,28,0.23328,29.11,2.05,-63.30,137.50,6.76,-325.76
4,29,0.24158,30.22,2.10,-65.92,133.46,6.54,-316.18
4,30,0.25058,31.33,2.15,-68.55,123.05,6.05,-291.53
4,31,0.25824,32.44,2.21,-71.17,145.02,7.10,-343.03
4,32,0.26682,33.60,2.26,-73.83,135.59,6.38,-309.96
4,33,0.27496,34.76,2.32,-76.49,142.70,6.74,-326.22
4,34,0.28339,35.93,2.37,-79.15,138.04,6.51,-315.94
4,35,0.29160,36.97,2.43,-81.86,126.77,6.91,-330.11
4,36,0.30002,37.88,2.49,-84.61,109.06,6.94,-326.81
4,37,0.30899,38.68,2.55,-87.41,88.44,6.70,-311.22
4,38,0.31674,39.34,2.61,-90.23,85.83,7.96,-364.57
4,39,0.32504,39.87,2.67,-93.08,63.97,7.60,-343.38
4,40,0.33328,40.13,2.74,-95.94,31.11,7.87,-347.04
4,41,0.34225,40.26,2.80,-98.81,14.29,7.34,-319.39
4,42,0.35013,40.26,2.87,-101.68,-0.39,8.48,-364.34
4,43,0.35831,40.17,2.94,-104.54,-10.45,8.20,-350.37
4,44,0.36676,39.90,3.01,-107.35,-31.77,7.92,-331.77
4,45,0.37497,39.56,3.07,-110.14,-41.26,8.17,-340.89
4,46,0.38348,39.16,3.14,-112.93,-46.95,7.90,-327.60
5,0,0.00000,0.00,0.00,0.00,156.70,-77.74,327.49
5,1,0.00861,1.32,-0.65,2.73,153.55,-75.54,317.02
5,2,0.01627,2.50,-1.27,5.44,153.39,-81.42,353.78
5,3,0.02441,3.49,-1.85,7.99,121.35,-70.35,312.73
5,4,0.03275,4.38,-2.40,10.47,107.33,-65.92,298.17
5,5,0.04111,5.18,-2.91,12.85,95.62,-61.92,284.31
5,6,0.04962,5.93,-3.42,15.20,88.17,-59.34,276.34
5,7,0.05820,6.65,-3.91,17.48,83.99,-57.20,266.19
5,8,0.06656,7.28,-4.38,19.74,74.82,-56.60,270.07
5,9,0.07446,7.81,-4.84,21.97,67.95,-57.74,281.85
5,10,0.08276,8.18,-5.27,24.17,44.12,-51.50,265.44
5,11,0.09116,8.43,-5.68,26.35,29.45,-48.73,260.00
5,12,0.09961,8.44,-6.05,28.52,1.44,-43.99,255.96
5,13,0.10855,8.30,-6.39,30.66,-15.70,-38.76,239.25
5,14,0.11615,7.88,-6.73,32.93,-55.42,-43.76,299.60
5,15,0.12460,7.30,-7.03,35.19,-68.59,-36.30,266.43
5,16,0.13309,6.58,-7.31,37.39,-84.17,-33.00,259.35
5,17,0.14145,5.75,-7.57,39.54,-99.64,-30.26,256.93
5,18,0.14984,4.76,-7.81,41.74,-118.18,-28.86,262.55
5,19,0.15814,3.74,-8.04,43.93,-123.16,-28.41,263.97
5,20,0.16714,2.66,-8.30,46.26,-119.32,-27.86,258.98
5,21,0.17551,1.57,-8.56,48.68,-129.93,-31.73,289.05
5,22,0.18323,0.51,-8.81,51.02,-138.34,-32.86,303.56
5,23,0.19165,-0.55,-9.07,53.37,-125.00,-30.68,278.99
5,24,0.20004,-1.69,-9.34,55.85,-136.73,-31.87,295.27
5,25,0.20914,-2.84,-9.61,58.33,-125.84,-29.45,272.48
5,26,0.21661,-4.02,-9.88,60.89,-158.37,-36.92,342.04
5,27,0.22522,-5.15,-10.16,63.38,-131.21,-31.55,290.07
5,28,0.23367,-6.37,-10.43,65.96,-144.40,-32.43,304.69
5,29,0.24188,-7.59,-10.70,68.53,-147.96,-33.50,313.75
5,30,0.25021,-8.78,-10.99,71.12,-142.86,-33.66,310.62
5,31,0.25858,-9.93,-11.27,73.73,-138.32,-34.53,312.04
5,32,0.26758,-11.11,-11.57,76.38,-131.19,-32.34,294.58
5,33,0.27600,-12.28,-11.87,79.09,-138.77,-36.01,321.01
5,34,0.28384,-13.41,-12.18,81.80,-143.58,-39.56,345.53
5,35,0.29202,-14.50,-12.17,84.48,-133.58,0.52,328.73
5,36,0.30051,-15.55,-12.20,87.19,-123.38,-3.35,319.06
5,37,0.30942,-16.57,-12.24,89.91,-114.38,-3.88,305.14
5,38,0.31702,-17.58,-12.28,92.69,-132.53,-5.43,365.86
5,39,0.32626,-18.51,-12.33,95.43,-100.66,-5.94,296.70
5,40,0.33374,-19.31,-12.38,98.25,-107.76,-6.72,376.33
5,41,0.34222,-20.08,-12.58,101.01,-91.01,-22.87,325.90
5,42,0.35065,-20.86,-12.72,103.78,-92.03,-16.67,327.90
5,43,0.35959,-21.62,-12.86,106.53,-84.64,-16.28,308.53
5,44,0.36719,-22.25,-13.03,109.28,-83.53,-22.21,361.45
5,45,0.37576,-22.88,-13.20,112.03,-73.67,-19.94,320.28
5,46,0.38440,-23.54,-13.37,114.77,-75.62,-19.01,317.31
6,0,0.00000,0.00,0.00,0.00,285.71,3.67,269.96
6,1,0.00851,2.24,0.03,2.04,263.08,3.78,239.78
6,2,0.01685,4.33,0.06,4.12,251.28,2.78,249.08
6,3,0.02502,6.20,0.07,6.12,228.36,1.80,244.40
6,4,0.03336,7.96,0.08,8.12,211.36,1.07,241.03
6,5,0.04254,9.66,0.09,9.97,185.05,1.34,201.00
6,6,0.05087,11.46,0.11,11.85,215.38,1.88,226.01
6,7,0.05859,13.21,0.13,13.51,226.88,2.94,214.23
6,8,0.06693,14.93,0.15,15.11,206.23,2.74,192.31
6,9,0.07544,16.63,0.18,16.64,200.36,2.99,179.21
6,10,0.08356,18.26,0.20,18.17,200.38,2.60,189.10
6,11,0.09256,19.85,0.22,19.68,176.95,2.30,167.46
6,12,0.10031,21.33,0.23,21.25,191.34,1.59,202.76
6,13,0.10947,22.78,0.24,22.85,157.33,0.98,174.33
6,14,0.11734,24.25,0.24,24.71,186.82,0.01,236.82
6,15,0.12543,25.65,0.24,26.57,173.21,-0.41,229.43
6,16,0.13391,27.02,0.23,28.43,161.87,-0.56,219.42
6,17,0.14282,28.38,0.23,30.30,152.40,-0.69,209.93
6,18,0.15048,29.80,0.22,32.28,186.06,-0.93,258.17
6,19,0.15964,31.23,0.21,34.24,155.67,-0.67,214.67
6,20,0.16733,32.76,0.21,36.34,198.81,-0.82,272.62
6,21,0.17566,34.28,0.20,38.40,182.42,-0.68,247.99
6,22,0.18399,35.81,0.20,40.46,183.52,-0.62,247.25
6,23,0.19308,37.35,0.19,42.53,170.13,-0.47,227.52
6,24,0.20135,38.99,0.19,44.74,197.79,-0.64,266.42
6,25,0.20901,40.62,0.18,46.92,213.55,-0.55,285.26
6,26,0.21738,42.27,0.18,49.10,197.08,-0.47,260.58
6,27,0.22580,43.93,0.18,51.28,197.10,-0.37,259.42
6,28,0.23416,45.62,0.17,53.58,201.82,-0.72,274.45
6,29,0.24323,47.32,0.16,55.87,187.54,-0.65,252.53
6,30,0.25085,49.10,0.16,58.24,232.80,-0.58,310.80
6,31,0.25995,50.81,0.15,60.52,188.93,-0.47,251.01
6,32,0.26761,52.58,0.15,62.91,231.08,-0.79,311.95
6,33,0.27597,54.32,0.14,65.24,207.66,-0.59,278.10
6,34,0.28421,56.07,0.14,67.56,211.85,-0.52,281.48
6,35,0.29346,57.82,0.14,69.87,189.77,-0.39,249.83
6,36,0.30148,59.59,0.13,72.17,219.77,-0.34,287.07
6,37,0.30936,61.36,0.13,74.47,225.19,-0.25,291.86
6,38,0.31766,63.18,0.13,76.73,219.49,0.24,272.06
6,39,0.32617,65.09,0.14,78.90,224.73,1.17,255.56
6,40,0.33447,67.13,0.17,80.92,245.59,2.76,243.01
6,41,0.34351,69.22,0.19,82.89,230.74,2.95,218.24
6,42,0.35120,71.36,0.22,84.80,278.17,4.15,248.41
6,43,0.36032,73.55,0.26,86.63,240.80,4.23,200.33
6,44,0.36798,75.87,0.31,88.31,302.79,6.60,218.73
6,45,0.37634,78.21,0.37,89.88,279.56,6.64,187.96
6,46,0.38464,80.60,0.43,91.37,287.50,7.40,180.15
7,0,0.00000,0.00,0.00,0.00,344.96,68.24,232.17
7,1,0.00909,2.55,0.50,1.65,279.87,54.81,181.21
7,2,0.01691,5.03,0.99,3.36,317.97,63.32,219.14
7,3,0.02499,7.29,1.44,4.90,279.25,55.32,190.19
7,4,0.03342,9.51,1.88,6.37,264.13,52.07,174.64
7,5,0.04236,11.65,2.29,7.69,238.91,46.36,147.44
7,6,0.05084,13.78,2.70,8.96,251.44,48.46,150.00
7,7,0.05844,15.92,3.11,10.08,281.93,53.23,147.79
7,8,0.06699,18.01,3.50,11.17,243.93,45.85,127.50
7,9,0.07532,20.06,3.88,12.19,246.15,45.97,122.71
7,10,0.08380,22.03,4.26,13.26,232.01,43.76,125.18
7,11,0.09247,23.96,4.62,14.30,222.54,42.19,120.77
7,12,0.10104,25.79,4.96,15.45,213.88,39.98,133.81
7,13,0.10861,27.62,5.20,16.67,241.53,30.97,160.89
7,14,0.11710,29.45,5.37,18.08,215.47,20.43,166.19
7,15,0.12555,31.25,5.52,19.55,213.36,18.00,173.65
7,16,0.13388,33.02,5.83,21.03,212.45,37.38,178.39
7,17,0.14273,34.77,6.06,22.54,197.93,25.28,170.00
7,18,0.15051,36.61,6.30,24.15,236.86,30.44,207.06
7,19,0.15942,38.44,6.53,25.75,204.79,26.34,179.45
7,20,0.16724,40.37,6.78,27.44,246.48,31.88,217.19
7,21,0.17545,42.29,7.03,29.15,233.83,30.19,207.43
7,22,0.18393,44.17,7.28,30.90,221.58,29.23,206.12
7,23,0.19284,46.01,7.52,32.70,206.85,27.96,202.05
7,24,0.20129,47.91,7.79,34.73,224.91,31.55,240.79
7,25,0.20898,49.71,8.05,36.78,234.52,33.78,266.27
7,26,0.21750,51.45,8.29,38.89,204.30,27.88,247.31
7,27,0.22565,53.13,8.30,41.05,205.99,1.08,265.92
7,28,0.23410,54.77,8.32,43.38,193.86,2.66,275.81
7,29,0.24286,56.35,8.37,45.76,180.14,5.86,270.73
7,30,0.25146,57.86,8.42,48.17,175.89,5.88,280.50
7,31,0.25903,59.33,8.47,50.65,194.35,6.67,327.42
7,32,0.26804,60.75,8.52,53.18,157.29,5.56,281.36
7,33,0.27628,62.15,8.63,55.72,170.37,12.60,308.15
7,34,0.28424,63.55,8.46,58.26,175.86,-20.22,319.16
7,35,0.29257,64.95,8.14,60.80,167.77,-39.09,305.13
7,36,0.30096,66.35,7.84,63.35,166.55,-35.30,302.91
7,37,0.31003,67.74,7.57,65.89,153.87,-29.79,280.81
7,38,0.31775,69.19,7.29,68.55,187.35,-36.46,343.87
7,39,0.32599,70.59,7.02,71.08,169.63,-32.71,308.15
7,40,0.33444,72.08,6.76,73.54,176.17,-31.11,290.25
7,41,0.34286,73.56,6.50,75.99,176.09,-31.28,291.67
7,42,0.35181,75.04,6.23,78.45,165.53,-29.46,274.74
7,43,0.35944,76.54,5.97,80.91,197.20,-34.63,322.40
7,44,0.36783,78.11,5.71,83.25,186.91,-30.30,278.91
7,45,0.37631,79.68,5.46,85.59,184.89,-29.93,275.90
7,46,0.38467,81.25,5.21,87.93,187.59,-30.41,279.93
8,0,0.00000,0.00,0.00,0.00,-233.70,-26.86,-311.59
8,1,0.00839,-2.08,-0.22,-2.21,-247.27,-25.93,-263.27
8,2,0.01685,-4.20,-0.43,-4.26,-251.26,-25.36,-242.96
8,3,0.02515,-6.26,-0.63,-6.06,-248.16,-24.15,-216.54
8,4,0.03351,-8.37,-0.83,-7.70,-252.55,-23.68,-195.99
8,5,0.04190,-10.47,-1.02,-9.08,-249.82,-22.25,-164.36
8,6,0.05096,-12.62,-1.20,-10.33,-237.71,-20.47,-137.71
8,7,0.05884,-14.93,-1.39,-11.36,-292.64,-23.77,-130.62
8,8,0.06714,-17.11,-1.56,-12.21,-263.60,-20.79,-102.94
8,9,0.07547,-19.30,-1.73,-12.91,-261.90,-19.97,-83.52
8,10,0.08447,-21.44,-1.89,-13.56,-237.63,-17.95,-72.20
8,11,0.09277,-23.61,-2.05,-14.12,-261.76,-19.33,-68.01
8,12,0.10071,-25.70,-2.21,-14.70,-263.46,-19.66,-72.69
8,13,0.10892,-27.78,-2.36,-15.23,-253.90,-18.77,-65.43
8,14,0.11743,-30.00,-2.53,-15.86,-260.93,-19.50,-73.84
8,15,0.12582,-32.25,-2.69,-16.45,-268.00,-19.81,-70.18
8,16,0.13458,-34.51,-2.86,-16.97,-257.14,-18.74,-59.23
8,17,0.14227,-36.78,-3.02,-17.42,-295.63,-21.12,-57.94
8,18,0.15149,-39.17,-3.19,-17.79,-258.94,-18.11,-41.06
8,19,0.15915,-41.66,-3.36,-18.08,-325.10,-22.22,-36.65
8,20,0.16742,-44.22,-3.53,-18.25,-309.59,-20.64,-21.40
8,21,0.17584,-46.78,-3.69,-18.31,-304.71,-19.74,-7.25
8,22,0.18488,-49.35,-3.86,-18.26,-284.12,-17.97,5.74
8,23,0.19302,-51.95,-4.02,-18.09,-318.73,-19.61,20.60
8,24,0.20093,-54.66,-4.18,-17.81,-343.63,-20.63,35.52
8,25,0.20944,-57.36,-4.34,-17.41,-317.20,-18.45,47.31
8,26,0.21777,-60.04,-4.49,-16.89,-321.61,-18.14,63.00
8,27,0.22601,-62.71,-4.63,-16.24,-323.70,-17.75,77.78
8,28,0.23495,-65.46,-4.78,-15.51,-307.85,-16.55,82.59
8,29,0.24271,-68.21,-4.92,-14.63,-353.94,-18.31,112.60
8,30,0.25177,-70.88,-5.06,-13.65,-294.95,-14.72,108.75
8,31,0.25943,-73.59,-5.19,-12.51,-353.78,-16.97,148.21
8,32,0.26785,-76.23,-5.31,-11.30,-313.04,-14.49,143.84
8,33,0.27603,-78.81,-5.42,-9.97,-315.67,-13.99,162.31
8,34,0.28516,-81.35,-5.53,-8.57,-278.60,-11.96,153.51
8,35,0.29340,-83.90,-5.64,-7.17,-308.89,-13.24,170.74
8,36,0.30133,-86.43,-5.75,-5.76,-320.00,-13.67,176.92
8,37,0.30951,-88.97,-5.86,-4.35,-310.45,-13.25,172.01
8,38,0.31802,-91.51,-5.97,-2.94,-297.85,-12.74,165.59
8,39,0.32617,-94.03,-6.07,-1.51,-308.99,-13.00,176.03
8,40,0.33487,-96.45,-6.17,0.02,-278.95,-11.12,176.14
8,41,0.34348,-98.88,-6.27,1.56,-281.91,-11.22,178.37
8,42,0.35132,-101.30,-6.36,3.09,-308.95,-12.28,195.72
8,43,0.35977,-103.70,-6.46,4.64,-284.12,-11.11,183.75
8,44,0.36832,-106.00,-6.54,6.28,-268.93,-9.94,191.07
8,45,0.37653,-108.33,-6.63,7.94,-283.64,-10.34,202.97
8,46,0.38495,-110.62,-6.71,9.59,-271.38,-9.88,195.65
9,0,0.00000,0.00,0.00,0.00,392.57,2.86,80.30
9,1,0.00845,2.98,0.02,0.54,353.07,2.88,63.90
9,2,0.01727,5.87,0.04,1.19,327.68,2.15,73.70
9,3,0.02591,8.54,0.06,1.90,309.19,1.59,82.33
9,4,0.03363,11.20,0.07,2.67,343.48,1.47,99.60
9,5,0.04193,13.60,0.08,3.39,289.34,1.13,87.13
9,6,0.05026,15.97,0.09,4.14,284.62,0.97,89.38
9,7,0.05869,18.28,0.10,4.77,274.28,1.36,75.00
9,8,0.06717,20.54,0.11,5.44,265.83,1.08,78.78
9,9,0.07541,22.73,0.12,6.09,266.30,1.07,79.26
9,10,0.08441,24.84,0.12,6.84,234.24,0.45,83.39
9,11,0.09238,26.93,0.12,7.65,262.45,0.26,101.15
9,12,0.10040,28.88,0.12,8.58,242.97,-0.60,116.35
9,13,0.10895,30.78,0.11,9.59,222.14,-0.93,118.21
9,14,0.11725,32.72,0.09,10.83,234.19,-1.88,149.63
9,15,0.12561,34.63,0.07,12.16,228.83,-2.27,158.03
9,16,0.13452,36.51,0.05,13.52,209.93,-2.33,152.74
9,17,0.14230,38.37,0.03,14.92,240.00,-2.89,180.39
9,18,0.15057,40.29,0.01,16.39,231.37,-2.93,178.23
9,19,0.15906,42.20,-0.02,17.88,225.90,-2.90,175.54
9,20,0.16751,44.23,-0.04,19.46,239.35,-3.12,186.64
9,21,0.17627,46.25,-0.07,21.04,230.66,-3.03,180.49
9,22,0.18402,48.28,-0.10,22.63,262.60,-3.42,205.12
9,23,0.19247,50.31,-0.12,24.22,240.07,-3.15,188.09
9,24,0.20081,52.45,-0.15,25.92,256.41,-3.47,204.03
9,25,0.20920,54.58,-0.18,27.62,254.55,-3.47,202.55
9,26,0.21759,56.72,-0.21,29.32,254.55,-3.45,202.55
9,27,0.22647,58.86,-0.24,31.03,241.24,-3.27,192.44
9,28,0.23419,61.09,-0.27,32.88,288.14,-4.29,239.53
9,29,0.24265,63.28,-0.31,34.70,259.21,-3.84,215.52
9,30,0.25101,65.47,-0.34,36.52,262.04,-3.89,217.88
9,31,0.25946,67.66,-0.37,38.35,259.21,-3.86,216.25
9,32,0.26773,69.87,-0.41,40.24,266.79,-4.17,228.04
9,33,0.27686,72.07,-0.44,42.12,241.81,-3.79,206.69
9,34,0.28439,74.40,-0.48,44.11,308.91,-4.81,263.97
9,35,0.29340,76.60,-0.46,46.01,243.73,1.78,211.19
9,36,0.30121,78.76,-0.52,47.95,277.34,-7.19,247.27
9,37,0.30957,80.90,-0.57,49.91,255.47,-6.66,235.04
9,38,0.31793,83.01,-0.63,51.90,252.55,-6.54,237.96
9,39,0.32693,85.12,-0.69,53.89,233.90,-6.75,221.02
9,40,0.33459,87.27,-0.75,55.79,280.88,-7.99,247.81
9,41,0.34305,89.40,-0.81,57.71,251.62,-6.80,227.80
9,42,0.35126,91.49,-0.86,59.68,255.02,-7.11,239.03
9,43,0.35968,93.55,-0.92,61.65,245.29,-6.93,234.78
9,44,0.36801,95.65,-0.98,63.54,251.28,-6.77,226.01
9,45,0.37698,97.72,-1.04,65.45,230.95,-6.34,212.93
9,46,0.38531,99.81,-1.09,67.40,250.55,-6.96,234.43
10,0,0.00000,0.00,0.00,0.00,-384.42,10.89,-60.14
10,1,0.00851,-3.03,0.15,-0.14,-355.56,17.25,-16.13
10,2,0.01666,-5.98,0.31,-0.17,-362.55,20.06,-3.75
10,3,0.02509,-8.72,0.46,-0.18,-324.64,18.33,-1.09
10,4,0.03336,-11.39,0.62,-0.15,-323.25,19.13,3.69
10,5,0.04245,-13.89,0.79,-0.03,-275.50,17.92,12.42
10,6,0.05087,-16.44,0.96,0.12,-301.81,20.63,18.48
10,7,0.05850,-18.82,1.15,0.40,-312.40,24.50,36.80
10,8,0.06683,-21.15,1.33,0.68,-280.22,22.24,33.70
10,9,0.07541,-23.42,1.52,1.01,-264.41,21.94,37.72
10,10,0.08429,-25.64,1.69,1.26,-250.17,19.43,28.18
10,11,0.09195,-27.84,1.86,1.50,-286.06,22.16,31.87
10,12,0.10101,-30.00,2.01,1.61,-238.38,15.91,12.46
10,13,0.10867,-32.17,2.14,1.67,-284.06,17.52,7.57
10,14,0.11710,-34.48,2.26,1.58,-273.91,13.63,-10.87
10,15,0.12561,-36.80,2.36,1.43,-272.40,12.23,-17.56
10,16,0.13431,-39.10,2.46,1.25,-264.91,11.36,-20.70
10,17,0.14218,-41.41,2.55,1.04,-293.02,11.93,-26.36
10,18,0.15048,-43.81,2.65,0.81,-289.71,11.33,-28.31
10,19,0.15897,-46.22,2.74,0.57,-284.17,11.01,-28.06
10,20,0.16718,-48.78,2.84,0.31,-311.15,11.95,-31.60
10,21,0.17569,-51.33,2.94,0.05,-300.00,11.59,-30.11
10,22,0.18460,-53.89,3.03,-0.20,-286.64,11.03,-28.77
10,23,0.19235,-56.52,3.14,-0.47,-339.37,13.12,-34.25
10,24,0.20062,-59.23,3.24,-0.76,-328.04,12.10,-35.79
10,25,0.20929,-61.94,3.34,-1.06,-313.03,11.59,-34.15
10,26,0.21753,-64.66,3.44,-1.35,-329.26,12.28,-35.93
10,27,0.22589,-67.38,3.54,-1.65,-325.55,12.01,-35.77
10,28,0.23407,-70.21,3.63,-2.02,-345.52,11.38,-45.15
10,29,0.24301,-73.03,3.86,-2.40,-316.04,25.16,-41.64
10,30,0.25143,-75.89,4.08,-2.78,-339.86,27.05,-45.65
10,31,0.25940,-78.73,4.31,-3.17,-356.32,28.13,-49.04
10,32,0.26752,-81.60,4.53,-3.61,-353.38,27.31,-54.14
10,33,0.27594,-84.47,4.75,-4.06,-340.58,26.21,-53.62
10,34,0.28458,-87.35,4.97,-4.53,-333.57,25.51,-54.06
10,35,0.29327,-90.21,5.19,-5.00,-329.12,25.02,-54.74
10,36,0.30096,-93.12,5.41,-5.50,-377.38,28.48,-64.68
10,37,0.30942,-95.97,5.62,-6.01,-338.27,25.36,-59.57
10,38,0.31784,-98.83,5.83,-6.52,-339.13,25.21,-61.23
10,39,0.32614,-101.68,6.05,-7.04,-343.75,25.64,-62.13
10,40,0.33456,-104.53,6.32,-7.43,-337.68,32.77,-46.38
10,41,0.34277,-107.37,6.40,-7.83,-346.10,8.86,-49.44
10,42,0.35187,-110.21,6.35,-8.25,-312.08,-4.62,-45.97
10,43,0.35953,-113.17,6.18,-8.68,-386.45,-22.11,-55.78
10,44,0.36771,-115.97,5.93,-8.98,-342.54,-30.90,-36.19
10,45,0.37610,-118.77,5.74,-9.28,-333.82,-22.73,-36.36
10,46,0.38455,-121.57,5.55,-9.58,-331.41,-22.56,-35.02
11,0,0.00000,0.00,0.00,0.00,-236.26,-29.98,-313.55
11,1,0.00851,-1.87,-0.22,-2.39,-219.35,-25.50,-280.65
11,2,0.01688,-3.58,-0.44,-4.79,-205.11,-26.25,-286.50
11,3,0.02515,-5.09,-0.65,-7.07,-181.92,-25.46,-276.01
11,4,0.03348,-6.48,-0.86,-9.34,-167.77,-25.30,-272.89
11,5,0.04187,-7.77,-1.06,-11.50,-153.45,-23.84,-256.73
11,6,0.05032,-8.99,-1.26,-13.66,-144.04,-23.95,-256.32
11,7,0.05869,-10.26,-1.45,-15.69,-152.19,-22.45,-242.70
11,8,0.06686,-11.50,-1.63,-17.69,-151.49,-22.71,-244.78
11,9,0.07593,-12.74,-1.81,-19.62,-136.36,-19.65,-212.79
11,10,0.08444,-13.91,-2.00,-21.60,-137.63,-21.58,-231.90
11,11,0.09195,-15.04,-2.17,-23.52,-150.41,-23.76,-255.69
11,12,0.10031,-16.02,-2.07,-25.45,-117.15,11.96,-230.66
11,13,0.10876,-16.94,-2.05,-27.39,-108.66,3.34,-229.60
11,14,0.11719,-17.78,-2.01,-29.54,-100.00,4.14,-255.43
11,15,0.12534,-18.57,-1.97,-31.73,-97.00,4.51,-268.54
11,16,0.13373,-19.32,-1.94,-33.91,-89.45,4.48,-260.73
11,17,0.14276,-20.04,-1.90,-36.11,-80.07,4.23,-242.57
11,18,0.15070,-20.78,-1.86,-38.41,-93.08,5.11,-290.00
11,19,0.15887,-21.52,-1.82,-40.71,-89.93,4.98,-282.09
11,20,0.16724,-22.30,-1.77,-43.16,-93.80,5.16,-292.34
11,21,0.17618,-23.10,-1.73,-45.60,-89.42,4.77,-272.70
11,22,0.18387,-23.92,-1.69,-48.03,-106.75,5.47,-316.27
11,23,0.19266,-24.76,-1.65,-50.46,-95.14,4.75,-276.74
11,24,0.20065,-25.64,-1.60,-53.05,-109.92,5.57,-323.28
11,25,0.20883,-26.53,-1.56,-55.63,-108.58,5.42,-315.67
11,26,0.21729,-27.42,-1.51,-58.21,-105.78,5.23,-305.05
11,27,0.22562,-28.32,-1.47,-60.79,-107.69,5.30,-310.26
11,28,0.23465,-29.20,-1.42,-63.50,-97.30,5.27,-300.00
11,29,0.24286,-30.09,-1.37,-66.27,-109.29,5.91,-336.80
11,30,0.25073,-30.97,-1.33,-68.98,-111.63,6.04,-344.19
11,31,0.25906,-31.85,-1.28,-71.69,-105.49,5.72,-325.64
11,32,0.26746,-32.71,-1.23,-74.46,-102.55,5.89,-330.18
11,33,0.27649,-33.57,-1.18,-77.23,-95.27,5.47,-306.76
11,34,0.28415,-34.44,-1.13,-80.04,-113.55,6.53,-366.53
11,35,0.29242,-35.30,-1.08,-82.81,-104.06,5.99,-335.06
11,36,0.30106,-36.16,-1.03,-85.58,-99.65,5.71,-320.85
11,37,0.30920,-37.02,-0.98,-88.35,-105.62,6.07,-340.07
11,38,0.31766,-37.88,-0.93,-91.12,-101.81,5.84,-327.80
11,39,0.32581,-38.75,-0.88,-93.89,-106.74,6.01,-339.33
11,40,0.33493,-39.75,-0.84,-96.58,-109.03,4.91,-294.98
11,41,0.34329,-40.77,-0.79,-99.35,-122.26,5.52,-331.39
11,42,0.35104,-41.77,-0.75,-102.04,-128.35,5.78,-347.24
11,43,0.35947,-42.77,-0.70,-104.72,-119.57,5.26,-318.48
11,44,0.36771,-43.88,-0.66,-107.32,-134.44,4.87,-314.44
11,45,0.37637,-44.99,-0.62,-109.91,-127.82,4.63,-298.94
11,46,0.38550,-46.10,-0.58,-112.50,-121.40,4.40,-283.95
12,0,0.00000,0.00,0.00,0.00,-57.66,-7.28,-380.66
12,1,0.00894,-0.47,-0.06,-3.00,-52.22,-6.50,-335.15
12,2,0.01740,-0.80,-0.10,-5.90,-38.99,-5.39,-342.96
12,3,0.02512,-1.00,-0.14,-8.67,-26.09,-4.28,-359.68
12,4,0.03357,-1.13,-0.16,-11.31,-15.52,-3.01,-311.55
12,5,0.04169,-1.20,-0.19,-13.82,-8.65,-3.08,-309.02
12,6,0.04990,-1.23,-0.22,-16.28,-4.09,-4.08,-300.74
12,7,0.05887,-1.25,-0.26,-18.68,-2.04,-4.51,-267.01
12,8,0.06671,-1.19,-0.30,-21.02,7.78,-5.48,-298.83
12,9,0.07578,-1.05,-0.35,-23.31,15.15,-4.59,-252.19
12,10,0.08350,-0.76,-0.38,-25.53,38.34,-4.89,-287.75
12,11,0.09164,-0.35,-0.42,-27.69,49.44,-4.28,-264.79
12,12,0.10013,0.27,-0.36,-29.76,73.38,6.43,-244.24
12,13,0.10901,1.03,-0.36,-31.77,85.91,0.88,-225.77
12,14,0.11746,2.11,-0.33,-33.84,127.80,2.84,-245.13
12,15,0.12515,3.28,-0.30,-35.85,152.38,3.84,-261.51
12,16,0.13351,4.49,-0.27,-37.82,144.16,3.87,-235.77
12,17,0.14194,5.72,-0.24,-39.77,146.01,3.99,-231.52
12,18,0.15030,7.03,-0.20,-41.80,157.30,4.43,-242.34
12,19,0.15857,8.36,-0.16,-43.82,160.15,4.57,-245.02
12,20,0.16779,9.77,-0.12,-45.97,153.31,4.35,-232.45
12,21,0.17603,11.23,-0.08,-48.17,176.67,5.03,-267.41
12,22,0.18369,12.64,-0.04,-50.31,184.86,5.37,-279.28
12,23,0.19247,14.07,0.00,-52.46,161.81,4.61,-244.44
12,24,0.20093,15.59,0.05,-54.72,180.14,5.25,-267.87
12,25,0.20929,17.11,0.09,-56.99,182.12,5.26,-270.80
12,26,0.21710,18.63,0.13,-59.25,194.92,5.68,-289.84
12,27,0.22549,20.17,0.18,-61.52,182.55,5.34,-270.55
12,28,0.23392,21.80,0.23,-63.85,194.57,5.89,-276.45
12,29,0.24216,23.44,0.28,-66.18,198.89,5.97,-282.59
12,30,0.25064,25.09,0.33,-68.51,193.53,5.86,-274.46
12,31,0.25891,26.73,0.38,-70.84,198.89,5.98,-281.92
12,32,0.26791,28.44,0.43,-73.19,189.49,5.87,-261.02
12,33,0.27618,30.18,0.48,-75.62,210.70,6.42,-293.73
12,34,0.28406,31.82,0.53,-78.01,208.14,6.11,-304.26
12,35,0.29230,33.40,0.58,-80.45,191.85,5.43,-295.56
12,36,0.30090,34.93,0.62,-82.91,178.37,4.86,-286.17
12,37,0.30905,36.40,0.66,-85.41,180.52,4.59,-307.12
12,38,0.31815,37.79,0.69,-87.96,152.68,3.58,-280.20
12,39,0.32654,39.08,0.71,-90.59,153.82,3.08,-313.45
12,40,0.33429,40.14,0.73,-93.33,135.83,1.47,-352.76
12,41,0.34253,41.10,0.73,-96.03,117.41,0.94,-327.78
12,42,0.35101,42.02,0.74,-98.75,107.55,0.48,-320.86
12,43,0.35941,42.86,0.74,-101.48,101.09,0.10,-325.82
12,44,0.36765,43.55,0.73,-104.21,83.70,-0.93,-331.48
12,45,0.37595,44.22,0.72,-106.95,80.15,-1.13,-329.78
12,46,0.38449,44.86,0.71,-109.70,75.36,-1.20,-321.07
13,0,0.00000,0.00,0.00,0.00,257.62,39.42,-243.71
13,1,0.00818,2.03,0.33,-2.39,248.51,40.17,-292.16
13,2,0.01581,3.83,0.63,-4.71,235.20,39.07,-304.80
13,3,0.02423,5.38,0.89,-6.96,184.78,31.62,-266.67
13,4,0.03259,6.76,1.14,-9.23,164.96,29.56,-271.90
13,5,0.04102,7.90,1.36,-11.47,134.78,25.80,-265.58
13,6,0.04938,8.88,1.56,-13.75,117.52,24.03,-272.63
13,7,0.05823,9.61,1.73,-16.03,82.41,19.28,-257.59
13,8,0.06610,10.22,1.88,-18.30,77.13,19.74,-288.37
13,9,0.07434,10.67,2.02,-20.55,54.81,16.66,-272.59
13,10,0.08289,11.08,2.15,-22.74,48.21,15.30,-257.14
13,11,0.09106,11.40,2.27,-24.92,38.43,14.47,-265.67
13,12,0.10004,11.74,2.39,-27.05,38.44,13.35,-238.10
13,13,0.10779,12.04,2.51,-29.18,38.98,14.81,-274.41
13,14,0.11676,12.48,2.64,-31.45,48.64,15.15,-252.72
13,15,0.12457,12.95,2.78,-33.73,59.77,17.82,-291.80
13,16,0.13293,13.42,2.92,-35.99,56.57,16.76,-270.80
13,17,0.14124,13.89,3.06,-38.25,57.35,16.88,-271.69
13,18,0.15027,14.40,3.21,-40.61,56.08,16.34,-261.49
13,19,0.15863,14.91,3.36,-43.03,61.31,17.99,-289.05
13,20,0.16638,15.45,3.52,-45.56,68.90,20.36,-326.77
13,21,0.17468,15.98,3.73,-48.07,63.60,26.16,-302.57
13,22,0.18311,16.50,4.01,-50.58,61.96,33.00,-298.19
13,23,0.19153,17.02,4.23,-53.11,62.32,25.86,-299.64
13,24,0.20044,17.59,4.46,-55.78,64.04,25.95,-299.66
13,25,0.20813,18.16,4.69,-58.45,74.21,30.02,-347.22
13,26,0.21716,18.73,4.94,-61.12,63.18,27.75,-295.61
13,27,0.22485,19.33,5.24,-63.85,76.98,38.23,-355.95
13,28,0.23322,19.98,5.54,-66.63,78.47,35.77,-331.75
13,29,0.24146,20.64,5.83,-69.40,79.63,36.30,-336.67
13,30,0.25067,21.30,6.13,-72.18,71.19,32.49,-300.99
13,31,0.25824,21.98,6.50,-75.04,89.92,47.84,-378.63
13,32,0.26746,22.67,6.94,-77.86,75.50,48.19,-305.63
13,33,0.27509,23.33,7.31,-80.69,86.40,48.37,-370.40
13,34,0.28339,23.93,7.68,-83.53,71.69,44.12,-342.28
13,35,0.29175,24.44,8.04,-86.38,60.95,43.24,-341.61
13,36,0.30084,24.84,8.39,-89.26,44.63,39.21,-316.11
13,37,0.30908,25.16,8.75,-92.20,38.15,43.51,-357.41
13,38,0.31689,25.38,9.10,-95.10,29.30,44.26,-370.31
13,39,0.32513,25.48,9.44,-97.99,11.85,40.97,-351.48
13,40,0.33374,25.32,9.75,-100.86,-19.15,36.62,-332.98
13,41,0.34204,25.02,10.06,-103.71,-35.29,36.75,-343.75
13,42,0.35083,24.60,10.35,-106.55,-47.92,33.44,-322.92
13,43,0.35876,24.04,10.63,-109.35,-71.15,35.31,-353.46
13,44,0.36761,23.24,10.88,-112.06,-90.00,28.51,-305.52
13,45,0.37549,22.32,11.12,-114.72,-116.67,30.41,-338.37
13,46,0.38385,21.29,11.35,-117.34,-124.09,27.00,-313.14
14,0,0.00000,0.00,0.00,0.00,130.07,80.62,-373.55
14,1,0.00812,0.63,0.60,-2.96,78.20,73.49,-365.04
14,2,0.01660,1.13,1.18,-5.92,57.91,68.36,-348.20
14,3,0.02472,1.45,1.70,-8.63,39.47,64.07,-334.59
14,4,0.03308,1.75,2.21,-11.32,36.13,61.17,-321.17
14,5,0.04163,1.93,2.67,-13.82,20.71,54.54,-292.86
14,6,0.04980,2.11,3.14,-16.32,22.01,56.86,-305.60
14,7,0.05798,2.10,3.57,-18.72,-0.37,52.33,-292.91
14,8,0.06647,2.12,3.99,-21.08,1.80,49.88,-278.42
14,9,0.07471,2.06,4.86,-23.37,-7.04,105.39,-277.78
14,10,0.08313,2.09,5.88,-25.61,3.99,120.94,-266.30
14,11,0.09143,2.11,6.88,-27.81,2.57,120.36,-264.71
14,12,0.10010,2.27,7.88,-29.97,18.31,116.12,-248.94
14,13,0.10803,2.48,8.89,-32.10,26.54,126.88,-268.85
14,14,0.11652,2.86,9.99,-34.37,44.60,129.87,-267.27
14,15,0.12506,3.31,11.11,-36.65,52.86,131.42,-267.14
14,16,0.13318,3.80,12.23,-38.91,59.40,138.01,-278.57
14,17,0.14136,4.31,13.35,-41.16,62.31,136.81,-274.63
14,18,0.14996,4.86,14.47,-43.51,64.54,129.21,-273.40
14,19,0.15814,5.42,15.44,-45.86,68.28,118.77,-287.31
14,20,0.16711,6.02,16.70,-48.36,67.01,140.67,-278.23
14,21,0.17480,6.62,17.86,-50.85,78.17,151.31,-324.60
14,22,0.18317,7.22,19.03,-53.35,71.90,139.16,-298.54
14,23,0.19214,7.82,20.19,-55.84,67.01,129.79,-278.23
14,24,0.19989,8.48,21.43,-58.49,85.04,159.90,-341.73
14,25,0.20844,9.14,22.67,-61.14,77.14,144.95,-310.00
14,26,0.21655,9.80,23.91,-63.79,81.20,152.69,-326.32
14,27,0.22498,10.46,25.15,-66.44,78.26,147.16,-314.49
14,28,0.23315,11.21,26.43,-69.19,91.04,156.82,-336.19
14,29,0.24146,11.95,27.65,-71.94,89.71,146.70,-331.25
14,30,0.24976,12.70,28.55,-74.69,89.71,108.63,-331.25
14,31,0.25812,13.44,29.26,-77.44,89.05,85.37,-328.83
14,32,0.26648,14.24,29.81,-80.23,95.26,65.64,-333.94
14,33,0.27490,15.03,30.18,-83.02,94.57,43.14,-331.16
14,34,0.28326,15.83,30.40,-85.81,95.26,26.63,-333.58
14,35,0.29181,16.63,30.71,-88.60,93.21,36.17,-326.79
14,36,0.30005,17.42,31.02,-91.39,96.67,37.48,-338.52
14,37,0.30823,18.22,31.33,-94.18,97.39,37.80,-341.04
14,38,0.31683,19.02,31.63,-96.97,92.55,35.91,-324.47
14,39,0.32489,19.81,31.94,-99.76,98.86,38.38,-346.21
14,40,0.33331,20.45,32.24,-102.56,76.09,35.04,-331.88
14,41,0.34161,21.09,32.53,-105.35,77.21,35.60,-336.76
14,42,0.34998,21.73,32.83,-108.15,76.64,35.34,-334.31
14,43,0.35815,22.38,33.13,-110.94,78.36,36.09,-341.79
14,44,0.36670,22.87,33.41,-113.72,57.50,32.78,-324.64
14,45,0.37518,23.36,33.69,-116.49,58.63,33.08,-326.98
14,46,0.38318,23.90,33.97,-119.26,66.41,35.37,-346.18
15,0,0.00000,0.00,0.00,0.00,-65.50,71.16,-411.63
15,1,0.00836,-0.54,0.50,-2.98,-64.23,59.24,-356.93
15,2,0.01685,-0.94,0.98,-5.91,-47.12,56.95,-345.32
15,3,0.02509,-1.21,1.43,-8.64,-32.59,54.29,-330.37
15,4,0.03400,-1.38,1.86,-11.31,-19.52,49.14,-299.66
15,5,0.04181,-1.51,2.30,-13.83,-17.19,56.23,-323.44
15,6,0.05090,-1.56,2.70,-16.32,-5.37,43.64,-273.49
15,7,0.05865,-1.64,3.09,-18.75,-10.24,50.80,-312.99
15,8,0.06689,-1.61,3.47,-21.10,3.33,45.45,-285.56
15,9,0.07526,-1.53,3.84,-23.39,9.85,43.96,-273.72
15,10,0.08423,-1.28,4.19,-25.61,28.23,39.20,-247.62
15,11,0.09296,-0.93,4.53,-27.78,40.21,39.42,-248.25
15,12,0.10034,-0.32,4.87,-29.96,81.82,45.75,-295.45
15,13,0.10870,0.40,5.18,-31.99,86.86,37.12,-242.34
15,14,0.11719,1.42,5.48,-34.06,120.14,35.68,-244.24
15,15,0.12543,2.59,5.77,-36.07,142.22,34.63,-243.70
15,16,0.13440,3.88,6.10,-37.99,143.20,37.50,-214.29
15,17,0.14209,5.27,6.38,-39.83,180.56,35.75,-240.08
15,18,0.15137,6.82,6.65,-41.68,167.43,29.36,-199.34
15,19,0.15894,8.48,6.91,-43.48,219.35,34.50,-237.10
15,20,0.16730,10.31,7.17,-45.28,218.61,30.98,-215.33
15,21,0.17560,12.22,7.42,-46.99,229.78,29.40,-206.62
15,22,0.18451,14.20,7.64,-48.62,222.60,25.58,-182.88
15,23,0.19293,16.27,7.86,-50.17,245.29,25.36,-183.33
15,24,0.20068,18.53,8.06,-51.69,292.52,26.51,-196.06
15,25,0.20898,20.87,8.25,-53.10,281.25,22.53,-170.59
15,26,0.21747,23.26,8.42,-54.41,282.37,19.96,-154.32
15,27,0.22577,25.73,8.57,-55.61,296.69,18.05,-144.49
15,28,0.23462,28.36,8.70,-56.69,297.93,14.32,-122.07
15,29,0.24298,31.05,8.80,-57.65,320.80,12.80,-114.96
15,30,0.25085,33.79,8.89,-58.50,348.06,10.99,-106.98
15,31,0.25916,36.55,8.96,-59.21,332.72,7.98,-86.03
15,32,0.26764,39.40,8.99,-59.77,335.61,4.51,-66.19
15,33,0.27594,42.26,9.01,-60.21,345.59,2.16,-52.21
15,34,0.28485,45.15,9.01,-60.51,323.97,-0.38,-34.25
15,35,0.29346,48.08,8.98,-60.68,340.78,-2.92,-20.21
15,36,0.30103,51.11,8.93,-60.72,400.00,-6.51,-5.24
15,37,0.30933,54.01,8.86,-60.63,349.63,-8.35,11.40
15,38,0.31793,56.91,8.90,-60.41,336.17,4.28,25.89
15,39,0.32617,59.78,9.04,-60.07,349.26,16.29,40.37
15,40,0.33472,62.63,9.17,-59.74,333.57,15.56,38.57
15,41,0.34283,65.47,9.29,-59.29,348.87,14.69,56.39
15,42,0.35193,68.28,9.39,-58.70,309.06,11.66,64.09
15,43,0.35956,71.11,9.49,-58.00,370.80,12.48,92.00
15,44,0.36804,73.84,9.58,-57.32,322.30,10.78,80.94
15,45,0.37640,76.54,9.66,-56.53,323.36,9.52,94.16
15,46,0.38470,79.25,9.74,-55.73,325.74,9.52,95.59
16,0,0.00000,0.00,0.00,0.00,244.88,36.58,-343.31
16,1,0.00836,1.49,0.29,-2.64,177.74,34.32,-316.06
16,2,0.01685,2.80,0.58,-5.28,155.40,34.02,-310.43
16,3,0.02557,3.90,0.85,-7.78,125.52,31.71,-287.06
16,4,0.03345,4.82,1.13,-10.28,117.44,35.42,-317.83
16,5,0.04193,5.51,1.40,-12.70,80.94,32.01,-284.53
16,6,0.05072,6.05,1.68,-15.12,60.76,31.35,-276.04
16,7,0.05865,6.33,1.95,-17.50,35.38,34.46,-299.62
16,8,0.06702,6.49,2.22,-19.85,19.71,32.47,-280.66
16,9,0.07526,6.50,2.49,-22.14,1.48,32.40,-278.15
16,10,0.08417,6.49,2.75,-24.38,-1.71,29.36,-251.03
16,11,0.09259,6.37,3.02,-26.64,-13.77,31.57,-268.84
16,12,0.10040,6.30,3.27,-28.80,-9.38,32.36,-276.56
16,13,0.10876,6.19,3.52,-30.95,-13.50,30.17,-256.57
16,14,0.11719,6.12,3.79,-33.26,-7.61,32.08,-273.91
16,15,0.12567,6.02,4.07,-35.58,-12.59,32.13,-273.74
16,16,0.13385,5.84,4.34,-37.88,-21.27,33.14,-281.72
16,17,0.14209,5.59,4.61,-40.17,-30.37,32.86,-278.15
16,18,0.15051,5.24,4.89,-42.56,-41.67,33.76,-283.70
16,19,0.15869,4.79,5.18,-44.94,-55.60,34.72,-290.67
16,20,0.16718,4.20,5.48,-47.44,-69.42,35.34,-294.24
16,21,0.17560,3.50,5.77,-49.91,-82.97,35.35,-293.12
16,22,0.18451,2.69,6.07,-52.34,-90.75,33.20,-273.29
16,23,0.19220,1.72,6.41,-54.86,-126.19,44.85,-327.38
16,24,0.20129,0.72,6.76,-57.40,-109.73,38.41,-279.53
16,25,0.20898,-0.28,7.15,-59.94,-129.76,49.97,-330.56
16,26,0.21735,-1.28,7.49,-62.48,-119.34,41.49,-304.01
16,27,0.22577,-2.27,7.84,-65.04,-118.12,41.56,-302.90
16,28,0.23462,-3.26,8.22,-67.71,-111.38,42.09,-302.07
16,29,0.24237,-4.24,8.59,-70.39,-127.56,48.16,-345.67
16,30,0.25079,-5.23,8.96,-73.06,-117.03,44.23,-317.39
16,31,0.25909,-6.21,9.34,-75.74,-118.38,45.05,-322.79
16,32,0.26758,-7.18,9.72,-78.48,-114.03,45.45,-322.66
16,33,0.27594,-8.14,10.11,-81.22,-114.23,46.29,-327.74
16,34,0.28436,-9.08,10.50,-83.97,-111.96,46.28,-326.09
16,35,0.29315,-9.98,10.90,-86.72,-102.78,45.17,-313.89
16,36,0.30157,-10.86,11.30,-89.54,-104.71,48.44,-334.06
16,37,0.30933,-11.69,11.72,-92.36,-106.30,53.77,-364.57
16,38,0.31769,-12.42,12.14,-95.17,-87.96,50.63,-335.77
16,39,0.32605,-13.10,12.58,-97.99,-81.02,51.57,-336.86
16,40,0.33502,-13.81,13.00,-100.77,-78.91,46.84,-309.86
16,41,0.34271,-14.40,13.44,-103.61,-77.38,57.84,-369.44
16,42,0.35120,-14.90,13.89,-106.44,-58.27,53.24,-333.09
16,43,0.35962,-15.28,14.36,-109.27,-45.29,55.38,-336.96
16,44,0.36786,-15.65,14.82,-112.07,-45.19,55.63,-338.89
16,45,0.37628,-15.90,15.29,-114.87,-29.35,56.48,-333.33
16,46,0.38464,-16.02,15.78,-117.69,-14.60,58.58,-336.50
17,0,0.00000,0.00,0.00,0.00,284.03,75.09,-250.69
17,1,0.00812,2.01,0.62,-2.27,247.37,76.31,-279.70
17,2,0.01642,3.88,1.24,-4.60,226.10,74.25,-280.88
17,3,0.02484,5.48,1.80,-6.82,189.86,67.40,-263.41
17,4,0.03320,6.95,2.34,-9.09,175.55,63.76,-271.17
17,5,0.04132,8.13,2.76,-11.30,145.11,52.45,-272.93
17,6,0.04956,9.21,3.16,-13.56,131.11,48.71,-274.07
17,7,0.05804,9.98,3.53,-15.83,91.01,43.73,-267.27
17,8,0.06653,10.66,3.89,-18.09,79.86,42.40,-266.55
17,9,0.07483,11.15,4.24,-20.33,59.19,42.03,-269.49
17,10,0.08295,11.62,4.58,-22.52,57.52,41.51,-270.30
17,11,0.09143,11.97,4.91,-24.69,41.37,39.38,-255.40
17,12,0.09991,12.35,5.24,-26.82,44.96,38.56,-251.08
17,13,0.10803,12.69,5.57,-28.93,41.35,40.44,-260.53
17,14,0.11639,13.10,5.91,-31.20,49.64,41.11,-270.44
17,15,0.12469,13.49,6.27,-33.49,46.32,42.81,-276.47
17,16,0.13312,13.80,6.66,-35.78,37.32,46.94,-272.10
17,17,0.14130,14.04,7.03,-38.07,29.10,44.89,-279.85
17,18,0.14978,14.20,7.42,-40.48,19.06,46.24,-284.17
17,19,0.15814,14.26,7.82,-42.90,6.93,47.44,-288.69
17,20,0.16626,14.29,8.24,-45.46,3.76,52.27,-316.17
17,21,0.17456,14.32,8.67,-48.03,3.31,51.14,-309.19
17,22,0.18323,14.34,9.09,-50.60,2.46,49.01,-296.13
17,23,0.19128,14.35,9.83,-53.16,1.52,91.26,-318.56
17,24,0.19989,14.37,10.53,-55.89,2.84,81.30,-317.38
17,25,0.20825,14.38,11.31,-58.62,1.09,93.67,-326.64
17,26,0.21655,14.38,12.40,-61.36,-0.74,130.58,-329.04
17,27,0.22461,14.35,13.67,-64.09,-3.03,158.54,-339.02
17,28,0.23322,14.36,15.01,-66.94,1.42,155.50,-331.21
17,29,0.24127,14.36,16.35,-69.79,-1.14,165.58,-353.79
17,30,0.24963,14.32,17.68,-72.64,-4.01,159.18,-340.88
17,31,0.25787,14.27,19.00,-75.49,-6.67,160.95,-345.56
17,32,0.26630,14.22,20.36,-78.39,-5.07,160.95,-344.57
17,33,0.27484,14.19,21.71,-81.29,-3.93,158.52,-339.64
17,34,0.28296,14.20,23.07,-84.19,1.13,167.70,-357.52
17,35,0.29132,14.27,24.45,-87.09,8.39,164.25,-347.08
17,36,0.29968,14.45,25.83,-89.99,21.53,165.57,-346.35
17,37,0.30823,14.68,27.23,-92.88,27.14,163.11,-338.57
17,38,0.31647,14.99,28.63,-95.77,37.41,170.15,-350.37
17,39,0.32471,15.42,30.04,-98.64,52.22,171.45,-348.52
17,40,0.33319,15.79,31.47,-101.49,43.17,168.63,-335.61
17,41,0.34143,16.28,32.86,-104.32,60.00,168.34,-342.96
17,42,0.34967,16.89,34.23,-107.12,73.33,166.19,-340.37
17,43,0.35797,17.56,35.45,-109.91,81.25,147.72,-336.03
17,44,0.36676,18.15,36.56,-112.66,67.36,125.52,-313.54
17,45,0.37469,18.82,37.36,-115.40,84.23,101.66,-345.00
17,46,0.38300,19.56,37.99,-118.12,88.97,75.54,-327.57
18,0,0.00000,0.00,0.00,0.00,154.41,44.94,-363.24
18,1,0.00891,0.88,0.33,-2.90,98.29,36.50,-325.68
18,2,0.01727,1.60,0.63,-5.77,86.13,36.94,-343.43
18,3,0.02502,2.12,0.91,-8.46,68.11,35.59,-346.46
18,4,0.03339,2.48,1.17,-11.11,43.07,30.79,-316.42
18,5,0.04163,2.63,1.39,-13.61,17.78,27.39,-304.07
18,6,0.05048,2.63,1.60,-16.10,0.00,23.86,-281.03
18,7,0.05847,2.39,1.78,-18.48,-30.53,22.47,-298.09
18,8,0.06671,2.04,1.95,-20.81,-42.22,20.13,-282.59
18,9,0.07526,1.55,2.10,-23.05,-57.14,17.10,-262.14
18,10,0.08350,1.11,2.24,-25.24,-52.96,17.75,-266.30
18,11,0.09198,0.69,2.39,-27.40,-50.36,16.95,-253.96
18,12,0.10016,0.40,2.54,-29.54,-35.45,19.06,-262.31
18,13,0.10919,0.16,2.70,-31.67,-25.68,17.69,-235.81
18,14,0.11755,0.08,2.90,-34.05,-10.58,23.20,-284.67
18,15,0.12537,0.05,3.09,-36.38,-3.12,24.93,-297.66
18,16,0.13367,0.07,3.29,-38.69,2.57,23.84,-278.68
18,17,0.14215,0.15,3.49,-41.00,8.99,23.91,-271.58
18,18,0.15106,0.27,3.71,-43.41,13.70,24.20,-270.89
18,19,0.15875,0.44,3.93,-45.86,21.83,29.00,-318.25
18,20,0.16705,0.65,4.17,-48.42,25.37,28.43,-308.09
18,21,0.17560,0.88,4.40,-50.97,27.14,27.90,-298.93
18,22,0.18384,1.12,4.64,-53.52,28.52,28.82,-310.00
18,23,0.19226,1.35,4.88,-56.09,27.90,28.38,-304.35
18,24,0.20050,1.62,5.14,-58.80,32.96,30.99,-329.63
18,25,0.20966,1.78,5.38,-61.53,17.33,26.77,-297.67
18,26,0.21796,1.81,5.63,-64.38,3.68,29.48,-343.75
18,27,0.22565,1.72,5.85,-67.12,-11.51,29.16,-356.35
18,28,0.23401,1.56,6.08,-69.97,-19.71,27.13,-340.15
18,29,0.24249,1.27,6.29,-72.80,-34.53,25.23,-334.17
18,30,0.25116,0.85,6.49,-75.62,-48.59,23.08,-325.00
18,31,0.25909,0.30,6.68,-78.42,-68.46,23.78,-353.08
18,32,0.26752,-0.34,6.86,-81.25,-76.81,21.50,-335.87
18,33,0.27582,-1.12,7.03,-84.05,-93.01,20.13,-337.13
18,34,0.28418,-2.01,7.18,-86.81,-107.30,18.26,-329.93
18,35,0.29266,-3.04,7.32,-89.52,-120.50,16.22,-320.14
18,36,0.30090,-4.18,7.44,-92.19,-138.52,14.84,-323.70
18,37,0.30975,-5.44,7.55,-94.81,-142.41,12.13,-295.52
18,38,0.31812,-6.85,7.64,-97.41,-168.61,11.15,-311.68
18,39,0.32593,-8.36,7.71,-99.89,-192.97,9.27,-316.80
18,40,0.33429,-10.06,7.75,-102.19,-204.38,4.81,-275.55
18,41,0.34277,-11.88,7.78,-104.42,-213.67,2.86,-262.23
18,42,0.35114,-13.79,7.79,-106.56,-228.47,0.92,-256.20
18,43,0.35992,-15.80,7.78,-108.60,-228.82,-1.10,-231.94
18,44,0.36768,-17.95,7.73,-110.42,-277.95,-5.33,-235.43
18,45,0.37616,-20.18,7.68,-112.14,-262.95,-6.68,-202.88
18,46,0.38452,-22.49,7.61,-113.76,-275.55,-8.61,-193.80
19,0,0.00000,0.00,0.00,0.00,-336.33,-35.30,202.88
19,1,0.00821,-2.38,-0.28,1.87,-290.33,-34.23,228.25
19,2,0.01678,-4.73,-0.56,3.74,-273.67,-32.44,217.08
19,3,0.02533,-6.86,-0.81,5.45,-248.93,-29.76,201.07
19,4,0.03333,-8.95,-0.99,7.16,-261.83,-21.49,213.36
19,5,0.04147,-10.83,-0.92,8.82,-230.34,7.48,204.12
19,6,0.04993,-12.71,-0.86,10.48,-222.38,7.22,196.03
19,7,0.05811,-14.39,-0.81,12.19,-205.22,6.51,208.96
19,8,0.06689,-16.06,-0.76,13.86,-190.28,6.06,189.93
19,9,0.07504,-17.64,-0.71,15.52,-194.01,6.12,203.75
19,10,0.08328,-19.26,-0.66,17.07,-196.67,6.30,188.15
19,11,0.09158,-20.85,-0.60,18.58,-191.91,6.16,181.99
19,12,0.09995,-22.53,-0.55,19.95,-200.73,6.59,163.50
19,13,0.10861,-24.25,-0.49,21.23,-197.89,6.59,148.24
19,14,0.11655,-26.20,-0.43,22.45,-245.77,8.30,153.46
19,15,0.12506,-28.23,-0.36,23.58,-238.35,8.16,133.33
19,16,0.13345,-30.28,-0.29,24.64,-245.09,8.45,126.18
19,17,0.14157,-32.36,-0.21,25.63,-256.39,8.90,121.05
19,18,0.14993,-34.58,-0.14,26.59,-264.96,9.26,115.33
19,19,0.15811,-36.82,-0.06,27.50,-273.51,9.58,111.19
19,20,0.16656,-39.22,0.03,28.41,-284.12,10.03,107.22
19,21,0.17517,-41.64,0.11,29.26,-281.21,9.92,98.94
19,22,0.18341,-44.08,0.20,30.05,-296.30,10.54,96.67
19,23,0.19159,-46.54,0.29,30.79,-300.37,10.70,90.30
19,24,0.20004,-49.17,0.38,31.50,-311.91,11.17,83.75
19,25,0.20840,-51.82,0.48,32.15,-317.15,11.40,77.74
19,26,0.21686,-54.49,0.57,32.75,-315.16,11.37,70.76
19,27,0.22516,-57.16,0.67,33.30,-322.06,11.65,66.54
19,28,0.23325,-59.97,0.77,33.78,-347.17,12.63,59.25
19,29,0.24164,-62.78,0.87,34.23,-335.27,12.21,53.45
19,30,0.25009,-65.60,0.98,34.66,-333.21,12.13,50.90
19,31,0.25842,-68.42,1.08,35.08,-338.46,12.37,50.18
19,32,0.26685,-71.30,1.19,35.46,-341.67,12.50,44.93
19,33,0.27518,-74.18,1.29,35.83,-345.42,12.62,44.69
19,34,0.28345,-77.05,1.38,36.20,-347.97,11.05,44.65
19,35,0.29156,-79.93,1.45,36.56,-354.51,8.55,45.11
19,36,0.30002,-82.81,1.50,36.93,-340.79,6.25,42.96
19,37,0.30817,-85.69,1.54,37.29,-353.56,4.42,44.57
19,38,0.31699,-88.57,1.55,37.65,-326.64,1.10,41.18
19,39,0.32495,-91.46,1.54,38.02,-361.69,-1.20,45.59
19,40,0.33325,-94.28,1.25,38.52,-340.07,-34.70,61.03
19,41,0.34167,-97.10,0.94,39.03,-335.14,-36.81,60.14
19,42,0.35001,-99.92,0.68,39.54,-338.83,-31.27,60.81
19,43,0.35861,-102.75,0.42,40.04,-328.01,-30.30,58.87
19,44,0.36676,-105.51,0.15,40.68,-338.95,-33.51,78.65
19,45,0.37521,-108.26,-0.13,41.32,-324.91,-32.28,75.09
19,46,0.38318,-111.00,-0.40,41.95,-344.44,-34.23,79.69
20,0,0.00000,0.00,0.00,0.00,-121.98,-10.16,-380.22
20,1,0.00842,-1.27,-0.07,-2.75,-151.09,-8.36,-326.81
20,2,0.01675,-2.65,-0.14,-5.41,-165.57,-8.03,-318.68
20,3,0.02551,-4.04,-0.20,-7.76,-158.54,-6.62,-268.99
20,4,0.03342,-5.53,-0.25,-10.02,-188.03,-6.88,-284.94
20,5,0.04169,-7.08,-0.12,-11.98,-187.82,15.72,-238.01
20,6,0.05005,-8.72,-0.02,-13.88,-195.62,11.67,-226.64
20,7,0.05847,-10.48,0.08,-15.50,-209.42,11.70,-192.39
20,8,0.06702,-12.28,0.17,-17.03,-210.36,11.50,-178.93
20,9,0.07568,-14.13,0.27,-18.38,-213.73,11.27,-155.99
20,10,0.08401,-16.02,0.37,-19.73,-226.74,11.90,-162.27
20,11,0.09167,-17.86,0.47,-20.93,-240.64,12.33,-155.78
20,12,0.10004,-19.66,0.56,-22.13,-214.60,11.11,-144.16
20,13,0.10852,-21.46,0.65,-23.29,-212.59,10.93,-137.05
20,14,0.11707,-23.36,0.75,-24.58,-222.86,11.53,-150.71
20,15,0.12515,-25.31,0.85,-25.85,-240.75,12.39,-157.36
20,16,0.13406,-27.29,0.95,-27.06,-221.58,11.23,-135.27
20,17,0.14178,-29.29,1.05,-28.20,-259.68,13.01,-147.43
20,18,0.15009,-31.43,1.16,-29.31,-258.09,12.72,-134.19
20,19,0.15851,-33.63,1.26,-30.34,-260.51,12.58,-121.74
20,20,0.16736,-36.00,1.38,-31.32,-267.59,12.75,-111.38
20,21,0.17563,-38.41,1.49,-32.20,-291.51,13.62,-106.27
20,22,0.18411,-40.85,1.60,-32.97,-288.49,13.22,-90.65
20,23,0.19186,-43.34,1.71,-33.63,-320.87,14.50,-85.04
20,24,0.20013,-46.01,1.83,-34.23,-322.14,14.35,-72.69
20,25,0.20853,-48.69,1.95,-34.71,-320.36,14.00,-57.09
20,26,0.21732,-51.40,2.06,-35.07,-307.99,13.22,-40.97
20,27,0.22574,-54.13,2.24,-35.31,-323.55,21.35,-28.26
20,28,0.23361,-56.97,2.32,-35.49,-361.24,9.08,-22.87
20,29,0.24185,-59.82,2.44,-35.54,-345.56,15.53,-6.30
20,30,0.25021,-62.66,2.57,-35.46,-340.51,15.04,9.12
20,31,0.25854,-65.51,2.69,-35.26,-341.39,14.80,24.54
20,32,0.26694,-68.40,2.82,-34.96,-344.00,14.72,35.64
20,33,0.27582,-71.27,2.94,-34.53,-323.37,13.55,48.45
20,34,0.28406,-74.11,3.05,-33.97,-345.56,14.20,67.78
20,35,0.29178,-76.93,3.17,-33.29,-365.22,14.74,88.93
20,36,0.30023,-79.72,3.28,-32.47,-329.60,12.98,96.03
20,37,0.30853,-82.47,3.38,-31.54,-330.88,12.75,112.87
20,38,0.31693,-85.17,3.48,-30.48,-321.82,12.12,126.18
20,39,0.32571,-87.82,3.58,-29.29,-301.39,11.07,134.72
20,40,0.33414,-90.31,3.67,-27.88,-296.38,10.21,168.12
20,41,0.34177,-92.74,3.75,-26.35,-318.40,10.67,200.00
20,42,0.35016,-95.10,3.83,-24.72,-281.09,9.04,194.91
20,43,0.35852,-97.38,3.90,-22.97,-272.26,8.43,208.39
20,44,0.36734,-99.45,3.98,-21.06,-234.60,8.98,216.96
20,45,0.37531,-101.43,3.88,-19.06,-248.66,-11.58,251.72
20,46,0.38416,-103.32,3.85,-16.96,-213.45,-4.21,236.21
21,0,0.00000,0.00,0.00,0.00,328.62,26.89,220.29
21,1,0.00824,2.71,0.23,1.36,328.52,27.40,165.56
21,2,0.01672,5.44,0.46,2.59,322.30,27.15,144.24
21,3,0.02515,7.99,0.67,3.57,302.90,25.57,116.67
21,4,0.03351,10.56,0.89,4.41,306.93,26.17,100.73
21,5,0.04199,13.00,1.10,4.99,287.77,24.79,67.99
21,6,0.05023,15.46,1.31,5.46,298.52,25.85,57.04
21,7,0.05853,17.85,1.52,5.63,287.87,25.26,20.59
21,8,0.06696,20.21,1.73,5.71,280.07,24.63,9.78
21,9,0.07532,22.50,1.93,5.62,273.72,24.27,-10.95
21,10,0.08380,24.74,2.13,5.52,264.03,23.50,-12.23
21,11,0.09174,26.92,2.33,5.31,275.38,24.60,-26.54
21,12,0.09991,29.08,2.52,5.14,263.81,23.56,-20.90
21,13,0.10846,31.21,2.71,4.93,249.64,22.30,-24.64
21,14,0.11688,33.51,2.92,4.75,272.10,24.25,-20.65
21,15,0.12500,35.82,3.12,4.54,285.34,25.48,-25.94
21,16,0.13361,38.12,3.33,4.26,266.67,23.88,-32.62
21,17,0.14185,40.39,3.53,3.91,276.30,24.83,-42.59
21,18,0.15015,42.77,3.75,3.45,286.03,25.83,-54.78
21,19,0.15869,45.12,3.96,2.90,275.00,24.95,-65.00
21,20,0.16699,47.59,4.19,2.20,297.43,27.12,-83.82
21,21,0.17493,50.02,4.41,1.39,306.92,28.09,-101.92
21,22,0.18353,52.43,4.63,0.48,279.43,25.75,-106.74
21,23,0.19159,54.78,4.85,-0.55,292.05,27.01,-126.89
21,24,0.19989,57.24,5.08,-1.73,296.69,27.62,-142.28
21,25,0.20837,59.65,5.30,-3.02,283.45,26.55,-152.16
21,26,0.21698,61.99,5.52,-4.42,272.34,25.66,-162.41
21,27,0.22504,64.27,5.74,-5.92,282.95,26.86,-186.36
21,28,0.23340,66.61,5.96,-7.54,279.93,26.55,-194.16
21,29,0.24207,68.88,6.18,-9.27,261.27,25.08,-199.30
21,30,0.25000,71.06,6.39,-11.10,275.38,26.58,-230.38
21,31,0.25842,73.16,6.59,-13.02,249.64,24.28,-228.26
21,32,0.26672,75.24,6.80,-15.05,250.37,24.54,-244.12
21,33,0.27527,77.22,6.99,-17.16,232.14,22.88,-247.86
21,34,0.28345,79.11,7.18,-19.37,230.60,23.03,-269.78
21,35,0.29163,80.90,7.36,-21.66,218.28,21.99,-279.85
21,36,0.29987,82.58,7.53,-24.02,204.07,20.85,-287.04
21,37,0.30829,84.15,7.70,-26.46,186.59,19.28,-289.49
21,38,0.31683,85.61,7.85,-28.97,171.07,17.99,-293.57
21,39,0.32507,86.96,7.99,-31.54,163.33,17.47,-311.85
21,40,0.33337,88.03,8.10,-34.20,129.78,12.90,-320.22
21,41,0.34198,88.99,8.14,-36.90,111.35,4.77,-314.18
21,42,0.34998,89.83,8.06,-39.65,104.58,-10.33,-343.51
21,43,0.35834,90.54,8.02,-42.43,85.04,-5.03,-332.48
21,44,0.36676,90.98,7.95,-45.21,51.81,-7.34,-330.43
21,45,0.37488,91.29,7.88,-48.01,38.35,-8.88,-345.11
21,46,0.38348,91.47,7.80,-50.82,21.28,-9.52,-326.60
22,0,0.00000,0.00,0.00,0.00,270.80,2.13,289.78
22,1,0.00812,2.24,0.03,2.04,275.94,3.92,251.88
22,2,0.01648,4.45,0.06,4.05,263.87,3.78,240.15
22,3,0.02484,6.48,0.09,5.88,243.80,3.61,218.25
22,4,0.03351,8.51,0.12,7.66,233.10,3.60,205.63
22,5,0.04187,10.45,0.16,9.25,232.48,4.21,189.78
22,6,0.05005,12.39,0.20,10.82,237.31,4.30,192.91
22,7,0.05829,14.35,0.24,12.20,237.41,5.38,167.41
22,8,0.06653,16.28,0.28,13.58,234.07,5.15,167.04
22,9,0.07495,18.18,0.33,14.86,225.72,5.40,151.81
22,10,0.08350,19.99,0.37,16.18,212.14,4.58,154.29
22,11,0.09180,21.77,0.41,17.47,214.34,4.64,155.15
22,12,0.09998,23.44,0.43,18.84,204.10,3.65,167.91
22,13,0.10822,25.06,0.46,20.24,196.67,3.18,170.37
22,14,0.11658,26.69,0.48,21.86,195.26,2.13,193.80
22,15,0.12537,28.29,0.49,23.55,181.94,1.54,192.01
22,16,0.13373,29.86,0.50,25.25,187.23,1.37,203.65
22,17,0.14215,31.39,0.51,26.97,182.61,1.11,203.62
22,18,0.15009,32.99,0.52,28.78,201.54,1.05,228.46
22,19,0.15851,34.59,0.53,30.60,189.13,0.96,215.58
22,20,0.16675,36.27,0.54,32.53,204.81,1.00,234.44
22,21,0.17535,37.96,0.55,34.46,196.45,1.00,224.47
22,22,0.18365,39.65,0.55,36.39,203.68,1.01,232.72
22,23,0.19183,41.35,0.56,38.32,206.72,1.05,236.19
22,24,0.20038,43.13,0.57,40.39,208.57,0.88,242.14
22,25,0.20874,44.91,0.58,42.46,213.14,0.90,247.45
22,26,0.21655,46.69,0.59,44.53,228.12,0.94,264.84
22,27,0.22571,48.47,0.59,46.60,194.67,0.85,226.00
22,28,0.23346,50.29,0.60,48.80,233.86,0.51,283.46
22,29,0.24200,52.10,0.60,50.99,212.14,0.48,257.14
22,30,0.25006,53.91,0.61,53.19,225.00,0.47,272.73
22,31,0.25824,55.73,0.61,55.39,221.64,0.51,268.66
22,32,0.26697,57.54,0.61,57.65,208.04,0.16,259.44
22,33,0.27899,59.36,0.61,59.92,151.02,0.10,188.32
22,34,0.28406,61.22,0.61,62.24,367.47,0.40,457.83
22,35,0.29279,63.03,0.62,64.50,208.04,0.12,259.44
22,36,0.30054,64.85,0.62,66.77,234.25,0.21,292.13
22,37,0.30865,66.67,0.62,69.03,223.68,0.20,278.95
22,38,0.31696,68.48,0.62,71.30,218.75,0.17,272.79
22,39,0.32550,70.30,0.62,73.55,212.86,0.19,264.29
22,40,0.33392,72.21,0.63,75.69,226.81,1.38,253.99
22,41,0.34198,74.12,0.64,77.83,237.12,1.40,265.53
22,42,0.35010,76.03,0.66,79.97,235.34,1.36,263.53
22,43,0.35864,77.94,0.67,82.11,223.93,1.37,250.00
22,44,0.36676,79.93,0.69,84.11,243.98,2.49,246.99
22,45,0.37531,81.91,0.71,86.12,231.79,2.34,234.64
22,46,0.38373,83.89,0.73,88.12,235.14,2.40,238.04
23,0,0.00000,0.00,0.00,0.00,396.67,-9.43,77.78
23,1,0.00842,3.02,0.06,0.21,359.06,7.02,25.36
23,2,0.01666,6.02,0.06,0.29,363.33,-0.34,8.89
23,3,0.02502,8.75,0.06,0.24,327.01,0.81,-5.47
23,4,0.03345,11.45,0.07,0.14,320.65,1.27,-11.96
23,5,0.04193,13.95,0.09,-0.09,294.60,2.47,-27.34
23,6,0.05011,16.44,0.12,-0.36,304.48,2.99,-33.21
23,7,0.05859,18.79,0.16,-0.84,276.62,4.72,-56.12
23,8,0.06677,21.10,0.20,-1.34,282.09,5.20,-61.57
23,9,0.07513,23.31,0.25,-1.94,264.60,5.94,-71.17
23,10,0.08344,25.49,0.30,-2.48,262.13,5.48,-65.44
23,11,0.09180,27.61,0.34,-3.05,253.65,5.63,-67.88
23,12,0.10010,29.72,0.38,-3.52,254.41,4.77,-56.62
23,13,0.10846,31.81,0.42,-3.95,250.73,4.42,-51.82
23,14,0.11676,34.09,0.45,-4.28,273.90,3.38,-39.71
23,15,0.12506,36.40,0.47,-4.56,278.31,3.01,-33.82
23,16,0.13330,38.70,0.50,-4.82,278.89,2.73,-30.74
23,17,0.14172,40.99,0.52,-5.05,272.10,2.46,-27.54
23,18,0.14996,43.39,0.54,-5.28,291.85,2.53,-28.15
23,19,0.15851,45.80,0.56,-5.51,281.43,2.52,-27.50
23,20,0.16669,48.35,0.58,-5.76,312.31,2.75,-30.60
23,21,0.17505,50.90,0.61,-6.03,305.11,2.81,-31.39
23,22,0.18341,53.45,0.63,-6.30,305.11,2.94,-32.48
23,23,0.19171,56.00,0.66,-6.59,306.99,3.12,-35.29
23,24,0.19983,58.71,0.68,-6.91,333.83,3.52,-39.47
23,25,0.20819,61.42,0.72,-7.27,323.72,3.71,-43.07
23,26,0.21637,64.12,0.84,-7.68,329.85,15.39,-50.37
23,27,0.22473,66.81,0.93,-8.16,321.53,10.70,-56.57
23,28,0.23303,69.61,1.02,-8.66,337.87,11.31,-60.29
23,29,0.24139,72.41,1.12,-9.21,334.31,11.69,-66.06
23,30,0.24963,75.20,1.22,-9.78,338.89,12.11,-69.63
23,31,0.25800,77.98,1.32,-10.38,333.21,12.12,-71.17
23,32,0.26630,80.83,1.43,-10.98,342.28,12.37,-72.06
23,33,0.27466,83.66,1.53,-11.61,338.69,12.57,-75.91
23,34,0.28302,86.48,1.64,-12.29,337.59,13.01,-81.02
23,35,0.29138,89.29,1.75,-13.02,336.13,13.44,-87.23
23,36,0.29968,92.10,1.87,-13.75,338.24,13.61,-88.24
23,37,0.30823,94.91,1.98,-14.48,328.57,13.18,-85.71
23,38,0.31647,97.71,2.09,-15.23,340.37,13.82,-90.37
23,39,0.32477,100.51,2.21,-15.99,337.13,13.87,-92.28
23,40,0.33313,103.24,2.33,-16.88,326.64,14.77,-105.47
23,41,0.34155,105.96,2.46,-17.78,323.19,14.89,-107.61
23,42,0.34985,108.69,2.58,-18.67,328.68,14.93,-107.35
23,43,0.35822,111.41,2.71,-19.59,325.18,15.05,-109.12
23,44,0.36664,114.02,2.84,-20.66,309.42,16.18,-127.17
23,45,0.37482,116.60,2.98,-21.78,315.67,17.19,-137.69
23,46,0.38318,119.15,3.13,-22.98,305.11,17.35,-142.70
24,0,0.00000,0.00,0.00,0.00,-388.81,9.22,-121.64
24,1,0.00836,-2.98,0.05,-0.54,-356.93,6.43,-64.60
24,2,0.01678,-5.95,0.10,-0.94,-352.54,5.66,-47.10
24,3,0.02502,-8.68,0.14,-1.15,-330.74,4.48,-26.30
24,4,0.03351,-11.38,0.17,-1.23,-318.35,3.63,-9.35
24,5,0.04175,-13.89,0.19,-1.09,-304.07,2.33,17.04
24,6,0.05011,-16.38,0.20,-0.85,-298.18,1.72,29.56
24,7,0.05841,-18.72,0.20,-0.33,-281.99,0.14,61.76
24,8,0.06689,-21.01,0.20,0.26,-269.42,-0.29,69.78
24,9,0.07526,-23.19,0.19,1.00,-261.31,-1.26,89.05
24,10,0.08350,-25.31,0.18,1.74,-257.04,-1.29,89.26
24,11,0.09174,-27.34,0.17,2.56,-247.04,-1.86,100.00
24,12,0.10010,-29.37,0.15,3.33,-241.97,-1.57,91.61
24,13,0.10834,-31.39,0.14,4.03,-245.93,-1.21,84.81
24,14,0.11682,-33.62,0.14,4.59,-262.59,-0.22,66.19
24,15,0.12500,-35.90,0.14,5.05,-278.73,0.33,56.72
24,16,0.13336,-38.19,0.15,5.41,-273.36,0.92,42.34
24,17,0.14172,-40.48,0.16,5.63,-274.09,1.63,26.28
24,18,0.15002,-42.89,0.18,5.73,-290.81,2.41,12.13
24,19,0.15839,-45.31,0.21,5.72,-289.05,2.99,-1.46
24,20,0.16681,-47.87,0.24,5.58,-304.35,3.80,-15.94
24,21,0.17511,-50.43,0.28,5.33,-307.72,4.41,-30.15
24,22,0.18341,-52.97,0.32,4.97,-305.88,5.03,-43.75
24,23,0.19159,-55.49,0.37,4.49,-308.58,5.65,-58.58
24,24,0.20001,-58.14,0.42,3.84,-314.86,6.55,-77.17
24,25,0.20819,-60.76,0.48,3.07,-320.52,7.35,-93.66
24,26,0.21655,-63.35,0.55,2.19,-308.76,7.74,-105.84
24,27,0.22491,-65.89,0.62,1.19,-304.01,8.28,-119.71
24,28,0.23315,-68.46,0.69,-0.03,-312.59,9.62,-147.78
24,29,0.24146,-70.98,0.78,-1.36,-303.31,10.07,-160.29
24,30,0.24994,-73.44,0.87,-2.80,-289.57,10.33,-170.14
24,31,0.25806,-75.83,0.96,-4.36,-294.36,11.35,-191.35
24,32,0.26648,-78.16,1.06,-6.08,-277.54,11.72,-204.35
24,33,0.27490,-80.43,1.16,-7.89,-269.20,12.14,-215.22
24,34,0.28326,-82.69,1.26,-9.71,-270.44,12.21,-217.52
24,35,0.29163,-84.94,1.36,-11.55,-268.98,12.34,-219.71
24,36,0.30005,-87.17,1.47,-13.41,-264.49,12.30,-221.01
24,37,0.30841,-89.39,1.60,-15.28,-265.33,15.78,-223.72
24,38,0.31683,-91.60,1.79,-17.16,-262.68,22.19,-223.19
24,39,0.32507,-93.80,1.97,-19.05,-267.04,22.69,-229.63
24,40,0.33356,-96.06,2.16,-20.83,-265.83,21.67,-209.35
24,41,0.34186,-98.30,2.34,-22.61,-270.59,22.11,-215.07
24,42,0.35028,-100.55,2.52,-24.40,-266.67,21.81,-212.32
24,43,0.35858,-102.80,2.71,-26.18,-271.32,22.13,-213.97
24,44,0.36700,-105.11,2.89,-27.80,-273.55,21.15,-192.39
24,45,0.37531,-107.45,3.07,-29.43,-281.99,21.62,-195.96
24,46,0.38367,-109.77,3.24,-31.02,-278.47,21.24,-190.51
25,0,0.00000,0.00,0.00,0.00,126.98,26.48,-364.75
25,1,0.00821,0.68,0.22,-2.95,82.90,26.36,-359.85
25,2,0.01651,1.21,0.43,-5.86,63.24,25.67,-350.00
25,3,0.02489,1.55,0.63,-8.57,41.17,23.82,-323.86
25,4,0.03329,1.73,0.83,-11.24,21.78,23.39,-316.88
25,5,0.04166,1.71,1.01,-13.75,-2.55,22.28,-300.00
25,6,0.04994,1.54,1.20,-16.23,-20.26,22.28,-299.45
25,7,0.05840,1.14,1.37,-18.59,-47.65,21.00,-279.42
25,8,0.06660,0.64,1.62,-20.89,-60.97,29.86,-279.93
25,9,0.07523,0.00,1.70,-23.09,-73.98,9.65,-255.22
25,10,0.08350,-0.57,1.76,-25.25,-69.74,6.38,-261.62
25,11,0.09175,-1.11,1.85,-27.38,-65.43,11.04,-257.67
25,12,0.10007,-1.47,1.94,-29.51,-42.94,11.49,-256.51
25,13,0.10826,-1.74,2.04,-31.64,-32.40,11.85,-259.59
25,14,0.11667,-1.83,2.15,-33.94,-10.89,12.99,-274.05
25,15,0.12505,-1.82,2.26,-36.27,0.73,13.42,-277.60
25,16,0.13347,-1.75,2.37,-38.58,8.33,13.41,-274.28
25,17,0.14183,-1.64,2.49,-40.88,13.87,13.58,-275.18
25,18,0.14993,-1.48,2.61,-43.29,19.59,14.78,-297.55
25,19,0.15840,-1.30,2.73,-45.70,20.90,14.16,-284.32
25,20,0.16675,-1.09,2.85,-48.25,25.23,15.33,-306.40
25,21,0.17496,-0.87,2.98,-50.81,26.77,15.59,-311.52
25,22,0.18350,-0.64,3.11,-53.37,27.14,15.02,-298.93
25,23,0.19167,-0.40,3.24,-55.92,29.16,15.70,-312.90
25,24,0.19997,-0.12,3.38,-58.64,34.19,16.52,-327.21
25,25,0.20866,0.17,3.51,-61.35,32.98,15.77,-312.28
25,26,0.21669,0.47,3.65,-64.07,36.88,17.10,-338.02
25,27,0.22510,0.78,3.79,-66.78,36.66,16.34,-322.69
25,28,0.23344,1.18,3.93,-69.60,48.26,17.32,-337.84
25,29,0.24161,1.60,4.08,-72.42,51.21,17.76,-345.42
25,30,0.25012,2.03,4.22,-75.23,50.90,17.05,-330.82
25,31,0.25841,2.48,4.37,-78.05,54.88,17.54,-339.59
25,32,0.26662,3.00,4.52,-80.91,62.45,18.12,-347.96
25,33,0.27528,3.52,4.67,-83.76,59.86,17.17,-329.58
25,34,0.28339,4.04,4.81,-86.61,64.78,18.36,-352.17
25,35,0.29158,4.57,4.96,-89.47,64.06,18.16,-348.23
25,36,0.30006,5.09,5.11,-92.32,62.23,17.54,-336.33
25,37,0.30830,5.62,5.26,-95.18,64.44,18.07,-346.30
25,38,0.31694,6.16,5.41,-98.03,61.84,17.26,-330.39
25,39,0.32520,6.70,5.56,-100.90,65.43,18.18,-348.24
25,40,0.33351,7.08,5.71,-103.75,46.24,17.50,-342.02
25,41,0.34175,7.47,5.85,-106.59,47.04,17.65,-345.19
25,42,0.35005,7.86,6.00,-109.43,47.43,17.53,-342.28
25,43,0.35820,8.26,6.14,-112.27,48.69,17.86,-348.69
25,44,0.36670,8.51,6.28,-115.08,29.80,16.57,-330.34
25,45,0.37514,8.77,6.42,-117.89,30.38,16.69,-332.37
25,46,0.38354,9.03,6.56,-120.69,30.49,16.75,-333.58
26,0,0.00000,0.00,0.00,0.00,-376.76,8.84,-75.70
26,1,0.00815,-2.99,0.07,-0.50,-367.04,8.03,-61.05
26,2,0.01636,-5.92,0.14,-1.12,-356.88,8.55,-75.46
26,3,0.02466,-8.57,0.20,-1.78,-319.49,8.21,-79.78
26,4,0.03304,-11.17,0.28,-2.54,-309.65,8.58,-90.71
26,5,0.04124,-13.57,0.34,-3.26,-292.94,8.19,-87.36
26,6,0.04967,-15.94,0.46,-4.08,-280.80,14.20,-98.19
26,7,0.05811,-18.22,0.38,-4.81,-270.16,-9.60,-86.44
26,8,0.06631,-20.43,0.38,-5.65,-269.14,-0.32,-101.86
26,9,0.07492,-22.56,0.38,-6.49,-247.52,-0.15,-97.87
26,10,0.08305,-24.56,0.38,-7.49,-246.90,0.76,-122.70
26,11,0.09134,-26.49,0.39,-8.54,-232.41,1.13,-127.44
26,12,0.09966,-28.27,0.41,-9.78,-213.58,2.14,-148.62
26,13,0.10825,-29.93,0.43,-11.13,-193.96,2.70,-156.66
26,14,0.11636,-31.55,0.47,-12.76,-198.87,4.22,-201.50
26,15,0.12482,-33.05,0.51,-14.54,-177.98,4.82,-209.75
26,16,0.13313,-34.44,0.55,-16.38,-166.97,5.43,-222.39
26,17,0.14131,-35.71,0.60,-18.30,-155.60,6.01,-234.33
26,18,0.14986,-36.94,0.66,-20.38,-143.57,6.53,-243.57
26,19,0.15814,-38.06,0.72,-22.52,-135.91,7.11,-257.83
26,20,0.16664,-39.17,0.78,-24.84,-129.62,7.74,-272.53
26,21,0.17477,-40.25,0.85,-27.16,-133.21,8.15,-285.93
26,22,0.18317,-41.31,0.92,-29.50,-126.91,7.97,-278.18
26,23,0.19133,-42.36,0.98,-31.84,-128.22,8.28,-287.10
26,24,0.19978,-43.44,1.06,-34.35,-127.08,8.65,-297.11
26,25,0.20802,-44.49,1.13,-36.87,-127.78,8.93,-305.93
26,26,0.21658,-45.52,1.21,-39.40,-120.14,8.69,-295.54
26,27,0.22470,-46.52,1.28,-41.94,-124.06,9.24,-312.78
26,28,0.23302,-47.49,1.36,-44.62,-116.70,9.70,-322.20
26,29,0.24126,-48.44,1.44,-47.31,-114.81,9.85,-326.30
26,30,0.24988,-49.37,1.52,-50.00,-107.26,9.48,-312.57
26,31,0.25815,-50.29,1.61,-52.70,-111.81,9.87,-325.83
26,32,0.26627,-51.22,1.69,-55.45,-114.29,10.31,-338.72
26,33,0.27463,-52.16,1.77,-58.19,-112.77,9.93,-328.10
26,34,0.28307,-53.14,1.86,-60.93,-115.73,9.77,-324.05
26,35,0.29137,-54.16,1.94,-63.64,-122.79,9.77,-327.21
26,36,0.29970,-55.20,2.02,-66.35,-125.27,9.64,-324.91
26,37,0.30843,-56.26,2.10,-69.05,-121.68,9.17,-309.44
26,38,0.31641,-57.35,2.18,-71.74,-136.14,9.92,-337.28
26,39,0.32474,-58.45,2.25,-74.43,-132.23,9.46,-322.34
26,40,0.33295,-59.70,2.33,-77.01,-152.04,8.92,-314.87
26,41,0.34140,-60.96,2.40,-79.59,-149.46,8.58,-304.69
26,42,0.34991,-62.25,2.47,-82.15,-150.90,8.45,-301.43
26,43,0.35825,-63.56,2.54,-84.71,-157.51,8.54,-306.59
26,44,0.36639,-65.01,2.61,-87.13,-177.53,7.92,-297.00
26,45,0.37485,-66.47,2.67,-89.53,-173.65,7.51,-284.48
26,46,0.38304,-67.96,2.73,-91.93,-181.01,7.69,-292.36
27,0,0.00000,0.00,0.00,0.00,186.30,6.97,-355.56
27,1,0.00861,1.08,0.05,-2.83,125.89,5.66,-329.08
27,2,0.01685,2.01,0.09,-5.66,112.96,5.58,-342.96
27,3,0.02499,2.73,0.14,-8.30,88.01,4.95,-323.97
27,4,0.03348,3.30,0.05,-10.93,66.91,-9.75,-309.71
27,5,0.04172,3.63,0.15,-13.41,39.63,11.94,-301.85
27,6,0.04996,3.83,0.16,-15.90,24.44,1.27,-302.22
27,7,0.05829,3.75,0.17,-18.30,-8.79,0.72,-287.18
27,8,0.06693,3.59,0.17,-20.65,-19.43,0.51,-272.44
27,9,0.07492,3.26,0.17,-22.92,-40.84,0.22,-283.59
27,10,0.08347,2.92,0.17,-25.13,-39.29,0.17,-259.29
27,11,0.09171,2.49,0.17,-27.28,-52.59,-0.03,-261.11
27,12,0.10013,2.10,0.17,-29.41,-46.38,0.04,-252.54
27,13,0.10840,1.67,0.17,-31.55,-52.40,-0.04,-258.30
27,14,0.11719,1.25,0.18,-33.85,-46.88,0.06,-262.50
27,15,0.12537,0.81,0.17,-36.14,-54.85,-0.01,-279.10
27,16,0.13358,0.29,0.17,-38.39,-62.45,-0.13,-274.72
27,17,0.14218,-0.29,0.17,-40.62,-68.09,-0.28,-259.22
27,18,0.15012,-0.99,0.17,-42.94,-87.69,-0.48,-291.54
27,19,0.15869,-1.79,0.16,-45.22,-92.88,-0.63,-266.55
27,20,0.16699,-2.73,0.15,-47.60,-114.34,-0.90,-287.13
27,21,0.17508,-3.79,0.15,-49.95,-130.57,-1.16,-289.43
27,22,0.18372,-4.95,0.13,-52.23,-134.28,-1.28,-265.02
27,23,0.19199,-6.21,0.12,-54.47,-152.77,-1.53,-270.85
27,24,0.20010,-7.64,0.11,-56.80,-175.94,-1.85,-286.47
27,25,0.20856,-9.17,0.09,-59.06,-181.23,-2.00,-267.15
27,26,0.21710,-10.81,0.07,-61.25,-191.07,-2.18,-256.07
27,27,0.22592,-12.53,0.05,-63.37,-195.85,-2.30,-240.48
27,28,0.23361,-14.23,0.03,-65.66,-220.63,-2.51,-297.62
27,29,0.24216,-15.87,0.01,-67.98,-192.14,-2.15,-272.50
27,30,0.25021,-17.45,-0.00,-70.35,-196.21,-2.15,-293.94
27,31,0.25858,-19.00,-0.02,-72.75,-184.67,-1.98,-286.50
27,32,0.26700,-20.50,-0.04,-75.23,-177.90,-1.87,-294.93
27,33,0.27515,-21.96,-0.05,-77.74,-180.15,-1.85,-307.49
27,34,0.28360,-23.41,-0.07,-80.26,-170.76,-1.74,-297.83
27,35,0.29187,-24.83,-0.08,-82.79,-171.59,-1.74,-306.27
27,36,0.30038,-26.23,-0.09,-85.33,-164.87,-1.65,-298.21
27,37,0.30862,-27.63,-0.11,-87.88,-169.63,-1.70,-309.26
27,38,0.31699,-29.01,-0.12,-90.43,-165.69,-1.64,-305.11
27,39,0.32544,-30.40,-0.14,-92.97,-163.90,-1.62,-301.44
27,40,0.33380,-31.89,-0.15,-95.43,-178.47,-1.87,-293.07
27,41,0.34189,-33.38,-0.17,-97.88,-184.53,-1.95,-303.02
27,42,0.35025,-34.87,-0.18,-100.33,-178.10,-1.87,-293.43
27,43,0.35864,-36.36,-0.20,-102.78,-177.82,-1.87,-291.64
27,44,0.36740,-37.96,-0.22,-105.14,-182.58,-2.01,-269.69
27,45,0.37546,-39.54,-0.23,-107.47,-196.21,-2.17,-289.39
27,46,0.38379,-41.13,-0.25,-109.80,-189.74,-2.09,-279.85
28,0,0.00000,0.00,0.00,0.00,19.48,1.11,-408.24
28,1,0.00833,-0.09,0.01,-3.03,-11.36,1.01,-363.74
28,2,0.01672,-0.19,0.02,-6.02,-11.64,0.99,-356.73
28,3,0.02499,-0.31,0.02,-8.76,-13.65,0.92,-330.26
28,4,0.03354,-0.43,0.03,-11.45,-14.64,0.88,-315.71
28,5,0.04172,-0.65,0.04,-13.95,-26.49,0.86,-305.60
28,6,0.04999,-0.86,0.05,-16.45,-25.46,0.85,-301.85
28,7,0.05829,-1.23,0.05,-18.81,-45.22,0.82,-284.93
28,8,0.06668,-1.58,0.06,-21.15,-41.82,0.80,-278.18
28,9,0.07507,-1.99,0.07,-23.40,-48.73,0.78,-268.73
28,10,0.08334,-2.31,0.07,-25.63,-38.01,0.77,-268.63
28,11,0.09186,-2.62,0.08,-27.80,-37.28,0.73,-255.20
28,12,0.10004,-2.80,0.08,-29.95,-22.01,0.74,-263.43
28,13,0.10837,-2.93,0.09,-32.09,-14.65,0.72,-256.78
28,14,0.11676,-2.90,0.10,-34.39,2.91,0.75,-273.82
28,15,0.12506,-2.81,0.10,-36.72,11.40,0.76,-280.15
28,16,0.13364,-2.68,0.11,-39.03,14.95,0.73,-269.40
28,17,0.14157,-2.52,0.12,-41.32,19.62,0.78,-289.62
28,18,0.14996,-2.34,0.12,-43.73,22.18,0.77,-286.91
28,19,0.15857,-2.15,0.13,-46.14,21.99,0.75,-279.79
28,20,0.16681,-1.94,0.14,-48.70,25.19,0.83,-310.37
28,21,0.17508,-1.73,0.14,-51.25,25.09,0.83,-309.23
28,22,0.18341,-1.53,0.15,-53.81,24.91,0.82,-306.96
28,23,0.19177,-1.32,0.16,-56.37,24.82,0.82,-305.84
28,24,0.20013,-1.07,0.16,-59.09,29.20,0.87,-325.18
28,25,0.20868,-0.83,0.17,-61.81,28.57,0.85,-318.21
28,26,0.21671,-0.59,0.18,-64.53,30.42,0.91,-338.78
28,27,0.22528,-0.34,0.19,-67.25,28.47,0.85,-317.08
28,28,0.23352,-0.03,0.19,-70.08,38.15,0.92,-344.07
28,29,0.24200,0.27,0.20,-72.92,34.89,0.89,-334.17
28,30,0.25024,0.47,0.21,-75.76,24.81,0.93,-344.81
28,31,0.25867,0.60,0.22,-78.60,14.86,0.92,-338.04
28,32,0.26675,0.66,0.41,-81.51,7.92,23.54,-358.87
28,33,0.27512,0.66,0.90,-84.41,-0.73,59.06,-347.08
28,34,0.28345,0.58,1.40,-87.31,-9.16,59.64,-348.35
28,35,0.29178,0.45,1.90,-90.21,-16.12,60.04,-347.99
28,36,0.30026,0.23,2.40,-93.11,-24.82,59.32,-341.37
28,37,0.30844,-0.05,2.91,-96.00,-34.70,61.87,-353.36
28,38,0.31699,-0.40,3.41,-98.88,-41.07,59.45,-337.14
28,39,0.32507,-0.79,3.92,-101.75,-48.68,62.97,-355.47
28,40,0.33365,-1.36,4.43,-104.56,-66.55,59.17,-327.76
28,41,0.34186,-1.97,4.94,-107.37,-73.61,61.94,-341.64
28,42,0.35016,-2.61,5.45,-110.16,-77.57,61.28,-336.76
28,43,0.35846,-3.31,5.96,-112.95,-84.19,61.42,-335.29
28,44,0.36679,-4.17,6.46,-115.63,-102.93,60.10,-322.34
28,45,0.37512,-5.05,6.96,-118.31,-106.23,60.18,-321.25
28,46,0.38342,-5.98,7.46,-120.97,-111.03,60.38,-320.96
29,0,0.00000,0.00,0.00,0.00,175.00,-76.20,-361.03
29,1,0.00836,1.23,-0.58,-2.77,147.08,-69.07,-331.39
29,2,0.01660,2.56,-1.15,-5.45,161.85,-68.94,-325.56
29,3,0.02499,3.87,-1.66,-7.86,155.64,-61.34,-286.18
29,4,0.03326,5.25,-2.16,-10.17,167.16,-60.92,-280.44
29,5,0.04169,6.55,-2.63,-12.32,153.62,-55.57,-255.07
29,6,0.04999,7.94,-3.09,-14.40,167.65,-55.51,-250.74
29,7,0.05844,9.21,-3.54,-16.43,150.90,-52.50,-239.71
29,8,0.06671,10.57,-3.97,-18.36,164.58,-52.11,-233.21
29,9,0.07510,11.92,-4.38,-20.21,160.73,-49.59,-220.73
29,10,0.08347,13.39,-4.78,-21.91,175.55,-47.15,-202.55
29,11,0.09177,14.89,-5.16,-23.51,180.88,-45.70,-193.01
29,12,0.10004,16.53,-5.51,-24.92,198.52,-42.56,-170.48
29,13,0.10846,18.25,-5.84,-26.20,203.99,-39.46,-151.81
29,14,0.11682,20.24,-6.17,-27.35,237.59,-38.88,-137.96
29,15,0.12518,22.33,-6.47,-28.36,250.36,-36.48,-121.17
29,16,0.13351,24.47,-6.76,-29.24,256.78,-33.98,-105.86
29,17,0.14191,26.65,-7.02,-30.00,259.27,-31.36,-89.82
29,18,0.15021,28.97,-7.27,-30.67,279.78,-30.57,-80.51
29,19,0.15863,31.32,-7.51,-31.23,278.99,-28.10,-66.30
29,20,0.16690,33.84,-7.74,-31.70,304.80,-27.90,-57.20
29,21,0.17535,36.38,-7.95,-32.06,300.72,-24.95,-42.60
29,22,0.18362,38.94,-8.14,-32.30,308.86,-23.01,-29.52
29,23,0.19202,41.50,-8.31,-32.43,305.45,-20.31,-15.64
29,24,0.20032,44.23,-8.47,-32.43,329.04,-18.65,0.74
29,25,0.20874,46.96,-8.60,-32.30,323.91,-15.69,15.22
29,26,0.21698,49.68,-8.71,-32.05,330.00,-13.16,30.37
29,27,0.22540,52.38,-8.79,-31.68,321.01,-10.20,44.20
29,28,0.23364,55.17,-8.85,-31.10,338.52,-6.59,69.63
29,29,0.24207,57.93,-8.88,-30.40,327.90,-3.48,82.97
29,30,0.25040,60.66,-8.88,-29.58,327.47,-0.57,98.90
29,31,0.25879,63.35,-8.86,-28.63,320.36,2.38,112.73
29,32,0.26697,66.03,-8.81,-27.51,327.24,6.53,136.94
29,33,0.27545,68.66,-8.73,-26.30,310.43,8.61,143.53
29,34,0.28366,71.28,-8.66,-25.05,319.33,9.62,152.04
29,35,0.29205,73.89,-8.57,-23.77,310.18,10.36,152.73
29,36,0.30035,76.47,-8.47,-22.45,311.40,11.32,158.82
29,37,0.30878,79.04,-8.37,-21.09,304.71,12.08,160.87
29,38,0.31702,81.58,-8.26,-19.70,308.89,13.36,169.26
29,39,0.32544,84.11,-8.15,-18.27,300.00,13.91,169.20
29,40,0.33371,86.65,-8.05,-16.95,307.75,11.87,160.15
29,41,0.34216,89.18,-7.94,-15.58,298.19,12.71,162.09
29,42,0.35037,91.67,-7.82,-14.17,304.46,14.01,171.38
29,43,0.35880,94.16,-7.70,-12.73,294.57,14.56,171.01
29,44,0.36710,96.65,-7.61,-11.41,300.00,11.04,159.19
29,45,0.37549,99.12,-7.56,-10.07,295.27,5.99,159.64
29,46,0.38370,101.60,-7.74,-8.71,301.49,-22.43,166.17
30,0,0.00000,0.00,0.00,0.00,314.39,7.93,-235.25
30,1,0.00827,2.19,0.06,-2.10,264.21,7.26,-254.24
30,2,0.01663,4.24,0.12,-4.28,246.35,7.00,-259.85
30,3,0.02496,6.02,0.17,-6.36,212.82,6.31,-249.82
30,4,0.03339,7.66,0.22,-8.50,195.29,6.07,-254.35
30,5,0.04166,9.02,0.27,-10.61,163.84,5.54,-255.35
30,6,0.04999,10.28,0.20,-12.77,151.28,-8.56,-259.71
30,7,0.05838,11.23,0.30,-14.97,113.82,12.40,-261.82
30,8,0.06677,12.09,0.36,-17.17,102.55,7.10,-262.18
30,9,0.07498,12.77,0.41,-19.36,81.78,6.57,-266.91
30,10,0.08347,13.41,0.47,-21.51,75.90,6.26,-253.24
30,11,0.09167,13.93,0.57,-23.65,63.94,12.63,-259.85
30,12,0.10010,14.49,0.58,-25.74,65.58,0.69,-248.19
30,13,0.10834,14.99,0.57,-27.82,61.48,-1.03,-252.59
30,14,0.11676,15.59,0.57,-30.04,70.65,-0.32,-263.41
30,15,0.12494,16.18,0.57,-32.40,72.76,0.73,-289.18
30,16,0.13354,16.68,0.58,-34.66,57.45,0.67,-262.41
30,17,0.14169,17.10,0.58,-36.93,51.69,0.72,-278.65
30,18,0.15005,17.45,0.59,-39.32,42.34,0.75,-285.77
30,19,0.15845,17.70,0.60,-41.73,29.82,0.77,-287.27
30,20,0.16684,17.86,0.60,-44.29,18.55,0.82,-305.09
30,21,0.17502,17.90,0.61,-46.86,4.85,0.86,-313.81
30,22,0.18353,17.82,0.62,-49.42,-8.96,0.84,-301.08
30,23,0.19159,17.63,0.62,-51.99,-23.48,0.90,-318.56
30,24,0.20001,17.33,0.63,-54.70,-36.23,0.92,-322.10
30,25,0.20834,16.90,0.64,-57.40,-51.28,0.94,-323.81
30,26,0.21667,16.35,0.65,-60.07,-65.57,0.94,-320.88
30,27,0.22501,15.69,0.66,-62.73,-79.85,0.95,-318.68
30,28,0.23343,14.93,0.66,-65.47,-90.22,0.97,-326.09
30,29,0.24164,14.04,0.67,-68.18,-107.81,1.00,-330.11
30,30,0.25012,13.04,0.68,-70.85,-118.35,0.96,-314.39
30,31,0.25836,11.92,0.69,-73.47,-136.30,0.99,-318.15
30,32,0.26672,10.69,0.70,-76.10,-147.08,0.99,-314.60
30,33,0.27505,9.34,0.70,-78.67,-161.54,0.99,-308.79
30,34,0.28351,7.88,0.71,-81.18,-172.56,0.96,-296.75
30,35,0.29178,6.31,0.72,-83.62,-190.04,0.97,-295.20
30,36,0.30011,4.69,0.73,-86.03,-194.51,0.96,-289.01
30,37,0.30844,3.12,0.74,-88.47,-188.28,0.97,-293.04
30,38,0.31677,1.60,0.75,-90.95,-182.78,0.97,-296.70
30,39,0.32501,0.10,0.75,-93.43,-181.48,0.98,-301.85
30,40,0.33344,-1.47,0.76,-95.83,-187.32,0.94,-284.42
30,41,0.34174,-3.05,0.77,-98.23,-189.34,0.96,-289.34
30,42,0.35013,-4.62,0.78,-100.63,-187.27,0.95,-286.18
30,43,0.35846,-6.19,0.78,-103.03,-189.01,0.95,-287.55
30,44,0.36682,-7.85,0.79,-105.30,-198.54,0.92,-272.26
30,45,0.37509,-9.51,0.80,-107.58,-200.74,0.93,-275.28
30,46,0.38348,-11.17,0.81,-109.86,-197.82,0.91,-271.27
31,0,0.00000,0.00,0.00,0.00,-177.70,2.64,-350.00
31,1,0.00848,-1.46,0.02,-2.66,-172.30,2.17,-312.95
31,2,0.01654,-2.79,0.04,-5.34,-164.77,2.57,-332.95
31,3,0.02490,-3.91,0.06,-7.83,-134.31,2.49,-298.18
31,4,0.03333,-4.92,0.08,-10.34,-119.93,2.68,-297.46
31,5,0.04193,-5.85,0.10,-12.67,-107.80,2.46,-270.92
31,6,0.05005,-6.71,0.13,-15.02,-106.39,2.76,-289.47
31,7,0.05835,-7.64,0.15,-17.23,-111.40,2.34,-266.18
31,8,0.06665,-8.50,0.17,-19.43,-103.68,2.44,-265.07
31,9,0.07507,-9.35,0.18,-21.55,-101.45,2.28,-252.54
31,10,0.08325,-10.06,0.21,-23.68,-86.57,2.61,-260.07
31,11,0.09186,-10.71,0.23,-25.78,-75.53,2.52,-243.62
31,12,0.09991,-11.18,0.25,-27.89,-58.33,3.05,-262.12
31,13,0.10852,-11.55,0.28,-30.00,-42.55,3.02,-245.39
31,14,0.11658,-11.76,0.31,-32.29,-26.14,3.82,-284.09
31,15,0.12494,-11.88,0.34,-34.61,-14.60,3.90,-277.74
31,16,0.13330,-11.96,0.38,-36.93,-9.12,3.96,-276.64
31,17,0.14178,-12.00,0.41,-39.23,-4.68,3.94,-271.22
31,18,0.15009,-12.01,0.44,-41.64,-2.21,4.27,-291.18
31,19,0.15857,-12.03,0.48,-44.06,-1.44,4.19,-284.53
31,20,0.16650,-12.03,0.52,-46.62,-0.77,4.77,-323.46
31,21,0.17511,-12.04,0.56,-49.19,-0.71,4.39,-298.23
31,22,0.18323,-12.05,0.59,-51.76,-0.75,4.66,-316.17
31,23,0.19153,-12.05,0.63,-54.32,-0.74,4.56,-309.19
31,24,0.19995,-12.04,0.67,-57.07,1.81,4.85,-326.45
31,25,0.20844,-12.02,0.71,-59.81,1.80,4.78,-321.94
31,26,0.21667,-12.01,0.75,-62.54,1.11,4.92,-331.48
31,27,0.22485,-12.08,0.79,-65.27,-8.96,4.81,-333.96
31,28,0.23383,-12.20,0.83,-68.12,-12.93,4.50,-317.35
31,29,0.24194,-12.41,0.87,-70.96,-25.19,4.81,-350.00
31,30,0.25024,-12.68,0.91,-73.79,-33.46,4.57,-341.91
31,31,0.25824,-13.03,0.95,-76.62,-43.13,4.61,-353.82
31,32,0.26654,-13.41,0.98,-79.50,-45.59,4.48,-346.69
31,33,0.27496,-13.86,1.02,-82.37,-53.99,4.25,-340.22
31,34,0.28345,-14.37,1.05,-85.22,-59.71,4.12,-336.69
31,35,0.29193,-14.94,1.09,-88.07,-66.91,4.01,-335.61
31,36,0.29987,-15.55,1.12,-90.91,-77.31,4.18,-357.69
31,37,0.30853,-16.20,1.15,-93.74,-75.00,3.75,-326.41
31,38,0.31677,-16.87,1.19,-96.56,-81.48,3.90,-342.59
31,39,0.32501,-17.56,1.22,-99.38,-83.33,3.86,-342.22
31,40,0.33337,-18.38,1.25,-102.13,-98.91,3.45,-328.47
31,41,0.34192,-19.21,1.28,-104.87,-96.79,3.37,-321.43
31,42,0.35004,-20.04,1.30,-107.62,-102.63,3.54,-338.35
31,43,0.35858,-20.88,1.34,-110.37,-97.50,3.97,-321.43
31,44,0.36658,-21.83,1.33,-113.02,-119.08,-0.82,-331.68
31,45,0.37482,-22.78,1.34,-115.67,-115.56,1.41,-321.85
31,46,0.38354,-23.73,1.35,-118.32,-109.09,1.33,-303.85
32,0,0.00000,0.00,0.00,0.00,-108.15,-0.50,-389.26
32,1,0.00830,-1.17,-0.01,-2.80,-140.44,-1.16,-337.13
32,2,0.01666,-2.33,-0.02,-5.56,-139.42,-1.16,-329.93
32,3,0.02509,-3.42,-0.03,-8.06,-129.71,-1.11,-297.46
32,4,0.03351,-4.52,-0.04,-10.53,-130.43,-1.14,-293.12
32,5,0.04181,-5.64,-0.05,-12.78,-134.56,-1.27,-270.59
32,6,0.05029,-6.76,0.00,-15.02,-131.65,5.80,-264.39
32,7,0.05841,-7.98,-0.04,-17.08,-150.38,-5.44,-253.76
32,8,0.06659,-9.17,-0.07,-19.12,-145.52,-3.05,-249.25
32,9,0.07495,-10.39,-0.07,-21.06,-145.62,-0.36,-232.12
32,10,0.08325,-11.51,-0.07,-23.00,-134.93,0.43,-234.19
32,11,0.09174,-12.61,-0.06,-24.90,-130.58,0.39,-223.38
32,12,0.09991,-13.59,-0.06,-26.83,-119.03,0.87,-236.19
32,13,0.10840,-14.50,-0.05,-28.77,-107.91,1.03,-228.42
32,14,0.11676,-15.34,-0.03,-30.91,-100.36,1.72,-255.84
32,15,0.12500,-16.13,-0.02,-33.10,-95.19,2.01,-265.93
32,16,0.13336,-16.87,-0.00,-35.29,-89.42,2.08,-261.68
32,17,0.14178,-17.59,0.02,-37.48,-85.14,2.17,-259.78
32,18,0.15009,-18.32,0.04,-39.78,-87.87,2.39,-277.57
32,19,0.15845,-19.05,0.06,-42.08,-86.86,2.39,-275.55
32,20,0.16687,-19.82,0.08,-44.53,-91.30,2.53,-290.58
32,21,0.17493,-20.58,0.10,-46.98,-95.45,2.65,-303.79
32,22,0.18365,-21.35,0.12,-49.43,-88.11,2.43,-280.42
32,23,0.19208,-22.12,0.14,-51.87,-91.30,2.53,-290.58
32,24,0.20001,-22.92,0.17,-54.48,-100.77,2.94,-328.85
32,25,0.20831,-23.72,0.19,-57.09,-96.69,2.77,-314.34
32,26,0.21680,-24.53,0.21,-59.70,-95.32,2.72,-307.55
32,27,0.22516,-25.35,0.23,-62.31,-97.81,2.70,-311.68
32,28,0.23340,-26.16,0.26,-65.04,-97.78,3.06,-331.85
32,29,0.24170,-26.97,0.28,-67.77,-98.16,3.00,-329.04
32,30,0.25006,-27.80,0.31,-70.50,-98.91,2.93,-325.91
32,31,0.25867,-28.64,0.33,-73.22,-97.87,2.79,-316.31
32,32,0.26654,-29.48,0.36,-76.00,-106.20,3.20,-353.10
32,33,0.27478,-30.33,0.38,-78.78,-102.96,2.99,-336.67
32,34,0.28326,-31.19,0.41,-81.55,-101.80,2.88,-326.62
32,35,0.29199,-32.07,0.43,-84.31,-100.70,2.71,-316.78
32,36,0.30005,-32.97,0.45,-87.07,-111.36,2.89,-342.80
32,37,0.30841,-33.88,0.48,-89.83,-109.12,2.73,-329.56
32,38,0.31683,-34.80,0.50,-92.58,-109.78,2.65,-326.81
32,39,0.32477,-35.74,0.52,-95.33,-117.69,2.78,-346.54
32,40,0.33319,-36.80,0.54,-97.99,-126.81,2.03,-316.30
32,41,0.34174,-37.88,0.56,-100.66,-125.71,1.99,-311.43
32,42,0.34991,-38.95,0.57,-103.32,-131.34,2.06,-325.37
32,43,0.35840,-40.03,0.59,-105.98,-126.98,1.98,-313.31
32,44,0.36658,-41.22,0.60,-108.53,-145.15,1.48,-312.31
32,45,0.37488,-42.40,0.61,-111.08,-143.01,1.47,-307.72
32,46,0.38312,-43.59,0.63,-113.64,-144.44,1.46,-310.00
33,0,0.00000,0.00,0.00,0.00,-76.67,60.37,-397.04
33,1,0.00836,-0.83,0.50,-2.92,-99.27,60.08,-348.91
33,2,0.01666,-1.66,1.00,-5.80,-100.00,59.80,-346.69
33,3,0.02509,-2.45,1.46,-8.41,-93.84,54.49,-310.87
33,4,0.03333,-3.26,1.92,-10.99,-97.78,55.76,-312.96
33,5,0.04169,-4.11,2.36,-13.35,-101.82,53.00,-282.12
33,6,0.05005,-4.97,2.81,-15.70,-102.92,53.34,-281.39
33,7,0.05847,-5.96,3.26,-17.88,-118.12,53.92,-258.70
33,8,0.06671,-6.94,3.71,-20.03,-118.52,54.42,-260.74
33,9,0.07513,-7.98,4.16,-22.09,-123.55,53.51,-244.57
33,10,0.08337,-8.94,4.59,-24.12,-116.67,52.18,-245.93
33,11,0.09186,-9.93,5.02,-26.08,-116.19,50.45,-231.29
33,12,0.10004,-10.82,5.43,-28.05,-108.96,50.18,-241.04
33,13,0.10852,-11.72,5.84,-30.00,-105.76,48.02,-229.50
33,14,0.11676,-12.63,6.26,-32.11,-111.11,52.10,-255.93
33,15,0.12524,-13.59,6.70,-34.23,-112.95,51.84,-250.00
33,16,0.13348,-14.61,7.15,-36.31,-123.33,54.31,-252.22
33,17,0.14185,-15.68,7.61,-38.34,-128.83,54.70,-243.43
33,18,0.15015,-16.84,8.09,-40.46,-139.34,58.11,-255.51
33,19,0.15857,-18.01,8.58,-42.58,-139.49,57.61,-250.72
33,20,0.16681,-19.28,9.10,-44.81,-153.33,63.04,-271.11
33,21,0.17517,-20.54,9.61,-47.04,-151.46,61.34,-266.79
33,22,0.18347,-21.82,10.10,-49.27,-153.31,58.71,-268.38
33,23,0.19196,-23.09,10.51,-51.50,-150.00,49.27,-262.95
33,24,0.20007,-24.43,10.99,-53.88,-164.66,58.85,-293.23
33,25,0.20856,-25.76,11.47,-56.26,-157.55,56.13,-280.58
33,26,0.21680,-27.10,11.94,-58.64,-162.22,57.79,-288.89
33,27,0.22534,-28.44,12.42,-61.02,-156.43,55.73,-278.57
33,28,0.23352,-29.78,12.91,-63.53,-164.18,59.78,-307.09
33,29,0.24200,-31.12,13.40,-66.04,-158.27,57.82,-296.04
33,30,0.25024,-32.46,13.89,-68.56,-161.85,59.05,-305.56
33,31,0.25854,-33.75,14.37,-71.10,-155.88,58.20,-305.88
33,32,0.26685,-34.98,14.85,-73.73,-148.53,57.47,-316.54
33,33,0.27527,-36.16,15.32,-76.38,-139.49,55.55,-315.22
33,34,0.28351,-37.23,15.77,-79.08,-130.74,55.01,-327.04
33,35,0.29187,-38.23,16.21,-81.80,-119.34,52.50,-325.91
33,36,0.30023,-39.11,16.64,-84.57,-105.47,51.41,-330.66
33,37,0.30872,-39.87,16.93,-87.37,-89.21,33.99,-330.22
33,38,0.31677,-40.51,17.13,-90.20,-79.55,25.89,-351.52
33,39,0.32532,-41.07,17.28,-93.05,-65.00,16.55,-333.21
33,40,0.33362,-41.67,17.36,-95.86,-72.06,10.57,-338.24
33,41,0.34192,-42.16,17.39,-98.68,-59.93,2.99,-340.44
33,42,0.35028,-42.59,17.36,-101.52,-51.46,-3.02,-339.42
33,43,0.35864,-42.97,17.36,-104.36,-44.89,-0.60,-340.15
33,44,0.36688,-43.43,17.36,-107.14,-55.56,-0.24,-337.41
33,45,0.37531,-43.84,17.35,-109.93,-49.28,-0.24,-330.80
33,46,0.38361,-44.20,17.35,-112.73,-43.38,-0.24,-336.76
34,0,0.00000,0.00,0.00,0.00,130.22,-9.03,-383.21
34,1,0.00842,0.63,-0.07,-2.97,74.64,-8.83,-352.17
34,2,0.01672,1.11,-0.15,-5.91,58.09,-9.08,-354.04
34,3,0.02515,1.52,-0.22,-8.61,48.19,-8.28,-321.01
34,4,0.03339,1.89,-0.29,-11.27,44.81,-8.38,-323.33
34,5,0.04175,2.13,-0.35,-13.77,29.56,-7.87,-298.54
34,6,0.04999,2.37,-0.42,-16.26,28.52,-7.99,-301.85
34,7,0.05847,2.43,-0.49,-18.65,7.55,-7.68,-282.37
34,8,0.06665,2.51,-0.55,-21.01,8.96,-7.84,-288.43
34,9,0.07513,2.51,-0.61,-23.30,0.72,-7.44,-270.14
34,10,0.08337,2.60,-0.67,-25.54,11.11,-7.36,-271.85
34,11,0.09186,2.69,-0.73,-27.74,9.71,-7.01,-258.63
34,12,0.10010,2.90,-0.79,-29.89,26.30,-6.89,-261.11
34,13,0.10852,3.17,-0.84,-32.02,31.52,-6.59,-252.54
34,14,0.11682,3.61,-0.90,-34.27,53.31,-6.87,-272.06
34,15,0.12518,4.12,-0.96,-36.54,61.31,-6.76,-271.17
34,16,0.13342,4.67,-1.01,-38.79,65.93,-6.73,-272.96
34,17,0.14197,5.24,-1.07,-41.02,66.79,-6.42,-261.07
34,18,0.15021,5.86,-1.13,-43.39,75.93,-7.03,-287.41
34,19,0.15863,6.48,-1.18,-45.72,73.91,-6.77,-277.17
34,20,0.16681,7.15,-1.24,-48.20,81.72,-7.41,-302.99
34,21,0.17523,7.82,-1.30,-50.68,79.35,-7.17,-294.20
34,22,0.18347,8.49,-1.37,-53.16,81.11,-7.33,-300.74
34,23,0.19177,9.16,-1.43,-55.64,80.51,-7.29,-298.90
34,24,0.20020,9.89,-1.49,-58.27,86.59,-7.61,-312.32
34,25,0.20856,10.62,-1.55,-60.90,87.23,-7.64,-314.60
34,26,0.21686,11.35,-1.62,-63.53,88.60,-7.69,-316.91
34,27,0.22534,12.11,-1.68,-66.16,89.21,-7.48,-309.35
34,28,0.23346,12.96,-1.75,-68.88,105.26,-7.99,-334.96
34,29,0.24188,13.83,-1.81,-71.59,102.90,-7.67,-322.10
34,30,0.25018,14.71,-1.87,-74.30,105.88,-7.75,-326.47
34,31,0.25867,15.60,-1.94,-77.01,105.04,-7.58,-319.06
34,32,0.26697,16.56,-2.00,-79.75,115.44,-7.74,-330.15
34,33,0.27527,17.53,-2.07,-82.48,116.54,-7.71,-329.78
34,34,0.28351,18.50,-2.13,-85.22,118.52,-7.75,-331.85
34,35,0.29193,19.47,-2.20,-87.95,115.22,-8.21,-324.64
34,36,0.30023,20.45,-2.28,-90.71,117.28,-9.94,-332.72
34,37,0.30872,21.40,-2.36,-93.46,112.23,-9.68,-323.38
34,38,0.31677,22.33,-2.45,-96.21,115.91,-10.23,-341.29
34,39,0.32526,23.24,-2.53,-98.96,107.19,-9.76,-324.82
34,40,0.33344,23.98,-2.61,-101.74,89.93,-10.37,-339.18
34,41,0.34180,24.69,-2.70,-104.52,85.40,-10.18,-332.48
34,42,0.35010,25.38,-2.79,-107.30,82.72,-10.31,-335.66
34,43,0.35840,26.03,-2.87,-110.10,79.04,-10.36,-336.40
34,44,0.36676,26.52,-2.96,-112.87,57.66,-10.38,-332.12
34,45,0.37518,26.97,-3.05,-115.65,53.62,-10.35,-330.07
34,46,0.38330,27.39,-3.13,-118.44,52.26,-10.81,-343.23
35,0,0.00000,0.00,0.00,0.00,-273.76,-19.62,-272.34
35,1,0.00812,-2.22,-0.15,-2.07,-272.93,-18.38,-254.89
35,2,0.01636,-4.31,-0.30,-4.20,-254.07,-18.61,-258.89
35,3,0.02496,-6.17,-0.45,-6.24,-215.96,-17.07,-236.88
35,4,0.03302,-7.91,-0.60,-8.30,-215.91,-18.28,-255.68
35,5,0.04132,-9.51,-0.73,-10.23,-193.38,-16.60,-232.35
35,6,0.04974,-11.03,-0.88,-12.22,-179.71,-16.86,-236.59
35,7,0.05811,-12.57,-1.01,-14.05,-184.67,-15.70,-218.98
35,8,0.06647,-14.05,-1.14,-15.89,-177.37,-15.68,-219.71
35,9,0.07477,-15.51,-1.27,-17.66,-175.74,-15.25,-212.87
35,10,0.08307,-16.85,-1.39,-19.46,-160.66,-15.49,-216.91
35,11,0.09149,-18.14,-1.52,-21.23,-153.62,-14.98,-210.51
35,12,0.09998,-19.28,-1.65,-23.07,-134.89,-15.37,-216.19
35,13,0.10803,-20.36,-1.78,-24.92,-132.95,-16.30,-230.30
35,14,0.11646,-21.35,-1.93,-26.99,-118.12,-17.41,-246.01
35,15,0.12500,-22.27,-2.08,-29.13,-108.21,-17.61,-250.00
35,16,0.13318,-23.14,-2.23,-31.27,-106.34,-18.44,-261.94
35,17,0.14136,-23.96,-2.38,-33.43,-100.00,-18.53,-263.43
35,18,0.14978,-24.78,-2.54,-35.70,-97.46,-18.99,-269.57
35,19,0.15808,-25.58,-2.70,-37.98,-96.32,-19.30,-274.63
35,20,0.16632,-26.41,-2.87,-40.41,-100.37,-20.73,-294.81
35,21,0.17468,-27.22,-3.04,-42.84,-96.72,-20.43,-291.24
35,22,0.18298,-28.01,-3.21,-45.28,-95.22,-20.67,-294.12
35,23,0.19135,-28.79,-3.39,-47.73,-93.07,-20.57,-292.70
35,24,0.19977,-29.59,-3.57,-50.34,-94.93,-21.72,-309.78
35,25,0.20801,-30.38,-3.75,-52.95,-96.30,-22.27,-317.04
35,26,0.21631,-31.17,-3.94,-55.57,-94.85,-22.13,-315.07
35,27,0.22461,-31.95,-4.12,-58.18,-94.12,-22.11,-315.44
35,28,0.23297,-32.71,-4.31,-60.93,-90.51,-23.05,-328.47
35,29,0.24121,-33.46,-4.51,-63.68,-91.48,-23.34,-333.33
35,30,0.24951,-34.21,-4.70,-66.43,-90.44,-23.24,-331.25
35,31,0.25800,-34.96,-4.89,-69.18,-88.49,-22.77,-324.46
35,32,0.26611,-35.69,-5.09,-71.99,-89.47,-24.24,-346.24
35,33,0.27533,-36.41,-5.17,-74.80,-78.81,-9.07,-304.97
35,34,0.28302,-37.14,-5.14,-77.61,-94.44,4.06,-365.48
35,35,0.29126,-37.87,-5.11,-80.42,-88.15,3.78,-341.11
35,36,0.29962,-38.59,-5.08,-83.23,-86.86,3.72,-336.13
35,37,0.30804,-39.32,-5.05,-86.04,-86.23,3.70,-333.70
35,38,0.31653,-40.05,-5.02,-88.85,-85.61,3.67,-331.29
35,39,0.32477,-40.77,-4.99,-91.66,-88.52,3.77,-340.74
35,40,0.33307,-41.64,-4.96,-94.40,-104.04,3.39,-329.78
35,41,0.34119,-42.50,-4.93,-97.14,-106.39,3.47,-337.22
35,42,0.34967,-43.37,-4.90,-99.87,-101.80,3.32,-322.66
35,43,0.35797,-44.23,-4.87,-102.61,-104.41,3.37,-329.41
35,44,0.36633,-45.21,-4.85,-105.25,-117.52,2.99,-316.06
35,45,0.37457,-46.20,-4.82,-107.89,-119.26,3.03,-320.37
35,46,0.38300,-47.18,-4.80,-110.53,-116.67,2.97,-313.41
36,0,0.00000,0.00,0.00,0.00,-221.17,-0.22,-331.02
36,1,0.00836,-1.77,-0.00,-2.46,-211.31,-0.39,-294.53
36,2,0.01654,-3.40,-0.00,-4.97,-200.00,-0.14,-306.34
36,3,0.02502,-4.81,-0.00,-7.31,-166.19,0.06,-276.26
36,4,0.03333,-6.11,-0.00,-9.68,-156.62,0.26,-284.93
36,5,0.04169,-7.31,0.00,-11.88,-143.07,0.27,-263.87
36,6,0.04993,-8.40,0.00,-14.14,-132.59,0.48,-273.33
36,7,0.05847,-9.50,0.01,-16.26,-128.93,0.34,-248.93
36,8,0.06665,-10.48,0.01,-18.41,-119.03,0.59,-263.06
36,9,0.07507,-11.39,0.02,-20.52,-108.33,0.62,-249.64
36,10,0.08331,-12.11,0.03,-22.64,-87.04,0.97,-257.78
36,11,0.09161,-12.73,0.03,-24.78,-75.37,1.12,-257.35
36,12,0.10016,-13.11,0.05,-26.91,-44.64,1.47,-249.29
36,13,0.10834,-13.34,0.06,-29.04,-27.99,1.78,-260.82
36,14,0.11676,-13.33,0.08,-31.34,1.81,2.28,-272.83
36,15,0.12500,-13.14,0.10,-33.66,22.96,2.63,-281.48
36,16,0.13342,-12.81,0.13,-35.95,38.41,2.76,-271.74
36,17,0.14178,-12.36,0.15,-38.20,54.38,2.96,-270.07
36,18,0.15015,-11.76,0.18,-40.55,71.90,3.27,-279.93
36,19,0.15863,-11.05,0.21,-42.86,83.81,3.37,-272.30
36,20,0.16693,-10.18,0.24,-45.27,104.78,3.81,-290.81
36,21,0.17535,-9.20,0.27,-47.64,116.30,3.88,-281.52
36,22,0.18359,-8.11,0.30,-49.97,131.48,4.09,-282.22
36,23,0.19208,-7.01,0.34,-52.28,130.58,4.01,-273.02
36,24,0.20032,-5.81,0.37,-54.74,145.56,4.40,-297.78
36,25,0.20874,-4.59,0.41,-57.23,144.57,4.38,-296.01
36,26,0.21704,-3.39,0.45,-59.68,144.49,4.38,-295.59
36,27,0.22540,-2.19,0.48,-62.14,143.80,4.35,-293.43
36,28,0.23364,-0.88,0.52,-64.67,158.52,4.66,-307.41
36,29,0.24200,0.42,0.66,-67.20,156.20,16.59,-302.92
36,30,0.25037,1.73,0.58,-69.74,156.20,-9.60,-302.92
36,31,0.25867,3.04,0.66,-72.27,157.72,9.77,-305.15
36,32,0.26703,4.41,0.71,-74.83,163.50,6.07,-306.20
36,33,0.27539,5.77,0.76,-77.39,163.50,6.07,-306.20
36,34,0.28363,7.14,0.81,-79.95,165.93,6.15,-310.74
36,35,0.29211,8.51,0.87,-82.51,161.15,5.98,-301.80
36,36,0.30042,9.88,0.92,-85.07,164.71,6.11,-308.46
36,37,0.30872,11.24,0.96,-87.63,164.71,5.67,-308.46
36,38,0.31702,12.61,0.97,-90.19,164.71,1.35,-308.46
36,39,0.32544,13.97,1.02,-92.75,161.59,5.47,-303.99
36,40,0.33368,15.20,1.05,-95.35,148.89,3.22,-314.81
36,41,0.34210,16.49,1.07,-97.91,153.62,3.29,-303.99
36,42,0.35034,17.85,1.10,-100.43,165.19,3.45,-306.67
36,43,0.35876,19.29,1.13,-102.91,170.65,3.50,-294.57
36,44,0.36700,20.64,1.16,-105.39,163.33,3.43,-300.37
36,45,0.37543,22.04,1.19,-107.83,166.67,3.42,-289.86
36,46,0.38385,23.49,1.22,-110.25,172.10,3.52,-286.96
37,0,0.00000,0.00,0.00,0.00,-252.54,1.30,-302.90
37,1,0.00830,-2.01,0.01,-2.27,-242.65,1.20,-273.16
37,2,0.01672,-3.96,0.02,-4.54,-230.80,1.17,-269.57
37,3,0.02502,-5.73,0.03,-6.62,-213.97,1.08,-250.37
37,4,0.03345,-7.48,0.04,-8.67,-207.61,1.05,-243.84
37,5,0.04163,-9.18,0.05,-10.52,-207.09,1.00,-226.12
37,6,0.05005,-10.86,0.05,-12.37,-200.00,0.97,-219.57
37,7,0.05835,-12.59,0.14,-14.03,-208.09,10.74,-199.63
37,8,0.06671,-14.28,0.09,-15.67,-202.19,-6.24,-197.08
37,9,0.07501,-15.96,0.07,-17.23,-202.94,-2.03,-187.13
37,10,0.08344,-17.55,0.08,-18.81,-188.41,0.67,-187.68
37,11,0.09167,-19.11,0.09,-20.35,-189.63,0.68,-187.41
37,12,0.10010,-20.55,0.09,-21.97,-171.01,0.67,-191.67
37,13,0.10846,-21.94,0.10,-23.60,-165.69,0.68,-195.62
37,14,0.11682,-23.30,0.10,-25.45,-162.77,0.75,-221.53
37,15,0.12500,-24.63,0.11,-27.38,-162.69,0.79,-235.45
37,16,0.13348,-25.92,0.12,-29.31,-151.44,0.75,-226.98
37,17,0.14172,-27.17,0.12,-31.24,-152.22,0.78,-234.44
37,18,0.15015,-28.47,0.13,-33.28,-153.99,0.80,-242.03
37,19,0.15845,-29.76,0.14,-35.32,-155.51,0.81,-245.96
37,20,0.16681,-31.12,0.14,-37.49,-163.50,0.85,-259.85
37,21,0.17511,-32.49,0.15,-39.66,-164.34,0.86,-261.76
37,22,0.18347,-33.85,0.16,-41.84,-163.14,0.85,-259.85
37,23,0.19171,-35.22,0.16,-44.01,-165.56,0.87,-263.70
37,24,0.20013,-36.65,0.17,-46.33,-170.29,0.90,-275.72
37,25,0.20844,-38.09,0.18,-48.65,-172.79,0.92,-279.78
37,26,0.21704,-39.53,0.19,-50.99,-167.38,0.89,-271.63
37,27,0.22516,-40.98,0.19,-53.34,-178.57,0.95,-289.85
37,28,0.23346,-42.42,0.20,-55.80,-173.90,0.96,-295.96
37,29,0.24188,-43.86,0.21,-58.26,-171.38,0.95,-291.67
37,30,0.25018,-45.31,0.22,-60.71,-173.90,0.96,-295.96
37,31,0.25854,-46.75,0.23,-63.17,-172.63,0.95,-293.80
37,32,0.26691,-48.19,0.23,-65.69,-171.90,0.98,-301.46
37,33,0.27515,-49.62,0.24,-68.21,-174.44,0.99,-305.93
37,34,0.28357,-51.06,0.25,-70.73,-170.65,0.97,-299.28
37,35,0.29187,-52.50,0.26,-73.25,-173.16,0.98,-303.68
37,36,0.30023,-53.94,0.27,-75.78,-171.90,0.97,-301.46
37,37,0.30859,-55.37,0.28,-78.30,-171.90,0.98,-301.46
37,38,0.31696,-56.81,0.28,-80.82,-171.90,0.98,-301.46
37,39,0.32526,-58.26,0.29,-83.34,-173.90,0.98,-304.04
37,40,0.33356,-59.81,0.30,-85.75,-186.76,0.96,-290.81
37,41,0.34186,-61.36,0.31,-88.17,-186.76,0.96,-290.81
37,42,0.35046,-62.91,0.32,-90.58,-180.14,0.92,-280.50
37,43,0.35852,-64.47,0.32,-93.01,-194.32,0.99,-301.52
37,44,0.36700,-66.11,0.33,-95.30,-193.17,0.91,-270.14
37,45,0.37524,-67.76,0.34,-97.62,-200.74,0.94,-281.11
37,46,0.38361,-69.40,0.35,-99.91,-195.99,0.92,-274.09
38,0,0.00000,0.00,0.00,0.00,-216.06,11.43,-324.82
38,1,0.00836,-1.93,0.08,-2.33,-231.39,9.52,-279.20
38,2,0.01666,-3.92,0.15,-4.51,-238.97,8.76,-261.76
38,3,0.02496,-5.86,0.22,-6.43,-234.19,7.59,-231.62
38,4,0.03333,-7.86,0.27,-8.18,-239.42,6.64,-209.85
38,5,0.04163,-9.87,0.32,-9.69,-241.54,5.53,-181.62
38,6,0.05005,-11.94,0.36,-11.06,-246.38,4.69,-161.96
38,7,0.05841,-14.07,0.39,-12.17,-253.65,3.47,-133.21
38,8,0.06671,-16.20,0.41,-13.16,-256.62,2.92,-119.49
38,9,0.07501,-18.29,0.43,-14.09,-252.21,2.63,-112.13
38,10,0.08344,-20.29,0.46,-15.10,-237.32,3.04,-119.20
38,11,0.09167,-22.24,0.48,-16.11,-236.67,3.21,-122.96
38,12,0.10010,-24.08,0.52,-17.24,-218.84,3.78,-134.42
38,13,0.10834,-25.87,0.55,-18.43,-216.67,4.17,-143.70
38,14,0.11682,-27.69,0.59,-19.85,-214.39,5.15,-167.99
38,15,0.12506,-29.52,0.64,-21.39,-222.22,5.88,-187.04
38,16,0.13342,-31.25,0.69,-22.93,-206.93,5.87,-183.58
38,17,0.14166,-32.93,0.74,-24.50,-204.44,6.17,-191.11
38,18,0.15015,-34.65,0.80,-26.20,-202.88,6.51,-199.64
38,19,0.15845,-36.32,0.86,-27.95,-200.74,7.02,-211.40
38,20,0.16687,-38.02,0.92,-29.87,-201.81,7.67,-228.26
38,21,0.17511,-39.63,0.99,-31.87,-195.56,8.32,-242.59
38,22,0.18347,-41.15,1.06,-33.94,-181.75,8.58,-247.45
38,23,0.19177,-42.58,1.14,-36.08,-171.69,9.10,-257.72
38,24,0.20013,-43.97,1.22,-38.43,-166.79,10.03,-280.66
38,25,0.20837,-45.26,1.31,-40.84,-156.30,10.59,-292.22
38,26,0.21680,-46.44,1.40,-43.30,-139.86,10.72,-292.39
38,27,0.22516,-47.50,1.49,-45.82,-127.37,11.14,-301.09
38,28,0.23346,-48.44,1.59,-48.51,-112.87,12.21,-324.26
38,29,0.24176,-49.25,1.70,-51.24,-98.16,12.51,-329.04
38,30,0.25018,-49.94,1.80,-54.00,-81.88,12.59,-328.26
38,31,0.25854,-50.51,1.91,-56.80,-67.52,12.91,-334.31
38,32,0.26691,-50.92,2.02,-59.67,-48.91,13.47,-343.80
38,33,0.27515,-51.19,2.14,-62.56,-33.70,13.85,-350.74
38,34,0.28351,-51.34,2.25,-65.46,-17.88,13.79,-346.72
38,35,0.29187,-51.36,2.37,-68.37,-2.19,13.92,-347.08
38,36,0.30023,-51.25,2.49,-71.26,13.50,14.03,-346.72
38,37,0.30853,-51.00,2.60,-74.16,29.41,14.21,-348.53
38,38,0.31683,-50.63,2.72,-77.04,44.85,14.26,-346.69
38,39,0.32520,-50.13,2.84,-79.90,59.49,14.19,-341.97
38,40,0.33362,-49.66,2.96,-82.72,56.52,13.91,-335.87
38,41,0.34186,-49.06,3.07,-85.53,72.96,14.20,-340.37
38,42,0.35028,-48.33,3.19,-88.31,86.23,13.90,-329.71
38,43,0.35852,-47.48,3.31,-91.05,102.96,14.11,-332.59
38,44,0.36700,-46.66,3.42,-93.74,97.12,13.48,-317.63
38,45,0.37518,-45.72,3.54,-96.40,115.30,13.89,-324.63
38,46,0.38367,-44.65,3.65,-99.01,125.18,13.28,-307.55
39,0,0.00000,0.00,0.00,0.00,6.25,4.44,-401.10
39,1,0.00836,-0.05,0.02,-3.03,-6.57,2.97,-362.41
39,2,0.01672,0.02,0.06,-6.02,9.12,4.27,-357.66
39,3,0.02496,0.19,0.10,-8.75,20.74,5.08,-331.11
39,4,0.03345,0.47,0.15,-11.43,32.37,5.93,-316.55
39,5,0.04163,0.74,0.20,-13.93,32.84,5.81,-304.85
39,6,0.05011,1.12,0.26,-16.40,45.32,6.84,-291.73
39,7,0.05841,1.42,0.31,-18.78,36.40,6.03,-286.03
39,8,0.06677,1.85,0.37,-21.12,50.73,7.24,-279.93
39,9,0.07501,2.29,0.43,-23.37,54.07,7.43,-272.96
39,10,0.08350,2.91,0.51,-25.52,72.66,8.87,-253.96
39,11,0.09161,3.60,0.59,-27.61,84.96,10.03,-256.77
39,12,0.10016,4.49,0.68,-29.57,104.64,11.47,-230.36
39,13,0.10834,5.51,0.79,-31.46,124.63,13.29,-230.60
39,14,0.11670,6.75,0.92,-33.40,147.81,15.31,-231.75
39,15,0.12500,8.07,1.03,-35.31,158.82,13.53,-230.88
39,16,0.13342,9.41,1.00,-37.19,159.78,-4.38,-223.19
39,17,0.14160,10.78,1.06,-39.05,167.54,7.39,-226.49
39,18,0.15002,12.24,1.10,-40.97,173.19,4.99,-228.62
39,19,0.15845,13.71,1.14,-42.90,173.91,5.06,-228.26
39,20,0.16669,15.26,1.19,-44.93,189.26,5.58,-247.41
39,21,0.17499,16.82,1.23,-46.97,187.87,5.54,-245.59
39,22,0.18353,18.38,1.28,-49.01,182.50,5.38,-238.57
39,23,0.19165,19.94,1.33,-51.05,192.11,5.63,-251.13
39,24,0.20007,21.62,1.38,-53.21,199.28,6.03,-256.16
39,25,0.20831,23.30,1.43,-55.36,203.33,6.10,-261.48
39,26,0.21674,24.98,1.48,-57.52,199.28,6.04,-255.80
39,27,0.22504,26.66,1.53,-59.67,202.57,6.17,-259.19
39,28,0.23346,28.46,1.59,-61.87,214.49,6.93,-261.59
39,29,0.24164,30.28,1.65,-64.07,221.64,7.26,-268.66
39,30,0.25012,32.10,1.71,-66.26,214.39,7.07,-258.27
39,31,0.25830,33.93,1.77,-68.44,223.88,7.38,-267.16
39,32,0.26672,35.83,1.83,-70.64,226.09,7.88,-260.14
39,33,0.27496,37.74,1.90,-72.82,232.22,8.17,-264.81
39,34,0.28339,39.67,1.97,-74.99,228.62,8.14,-257.97
39,35,0.29163,41.61,2.04,-77.15,235.19,8.43,-262.22
39,36,0.30017,43.56,2.16,-79.30,228.21,14.31,-251.43
39,37,0.30847,45.52,2.16,-81.44,236.40,-0.24,-257.72
39,38,0.31671,47.49,2.21,-83.57,239.63,6.81,-258.15
39,39,0.32495,49.48,2.27,-85.69,240.37,6.99,-257.41
39,40,0.33344,51.31,2.32,-87.89,216.19,5.08,-260.07
39,41,0.34167,53.12,2.36,-90.12,220.00,4.86,-270.00
39,42,0.35010,54.91,2.39,-92.36,212.68,4.67,-265.94
39,43,0.35834,56.69,2.43,-94.61,215.56,4.37,-273.70
39,44,0.36670,58.31,2.45,-96.91,194.16,2.83,-275.18
39,45,0.37494,59.93,2.48,-99.22,196.30,2.79,-280.00
39,46,0.38342,61.54,2.50,-101.54,189.21,2.56,-273.02
40,0,0.00000,0.00,0.00,0.00,106.47,9.16,-376.62
40,1,0.00824,0.60,0.07,-2.98,72.96,8.00,-361.11
40,2,0.01660,1.19,0.13,-5.90,70.44,7.76,-350.00
40,3,0.02484,1.71,0.19,-8.59,62.59,7.16,-325.93
40,4,0.03339,2.20,0.33,-11.24,57.50,16.95,-310.00
40,5,0.04156,2.56,0.33,-13.72,44.40,-1.15,-303.36
40,6,0.04993,2.92,0.33,-16.19,42.70,0.22,-295.99
40,7,0.05823,3.10,0.32,-18.58,21.69,-1.42,-287.87
40,8,0.06665,3.32,0.32,-20.93,26.45,0.74,-278.99
40,9,0.07501,3.56,0.33,-23.21,28.10,0.73,-272.63
40,10,0.08337,3.94,0.33,-25.42,45.99,0.69,-263.87
40,11,0.09167,4.37,0.34,-27.57,52.21,0.67,-259.19
40,12,0.10004,4.96,0.34,-29.65,70.44,0.62,-248.91
40,13,0.10852,5.63,0.35,-31.69,78.78,0.60,-239.93
40,14,0.11676,6.54,0.35,-33.83,110.74,0.62,-259.63
40,15,0.12494,7.56,0.36,-35.92,124.63,0.60,-255.60
40,16,0.13342,8.63,0.36,-37.97,125.90,0.56,-241.73
40,17,0.14166,9.74,0.37,-39.98,134.81,0.56,-244.81
40,18,0.15015,10.94,0.37,-42.08,141.01,0.56,-247.48
40,19,0.15820,12.16,0.38,-44.17,151.89,0.59,-259.47
40,20,0.16644,13.48,0.38,-46.38,159.63,0.60,-267.41
40,21,0.17480,14.83,0.39,-48.56,161.68,0.58,-260.58
40,22,0.18329,16.20,0.39,-50.73,161.51,0.57,-255.76
40,23,0.19147,17.55,0.40,-52.91,165.30,0.59,-266.79
40,24,0.19977,18.97,0.40,-55.24,170.59,0.63,-281.25
40,25,0.20801,20.33,0.41,-57.60,165.93,0.65,-286.67
40,26,0.21643,21.65,0.41,-60.00,155.80,0.65,-284.42
40,27,0.22473,22.90,0.42,-62.43,151.47,0.68,-292.28
40,28,0.23328,24.22,0.42,-64.95,154.29,0.68,-295.36
40,29,0.24146,25.52,0.43,-67.49,158.58,0.72,-310.07
40,30,0.24982,26.79,0.44,-70.04,151.82,0.71,-305.11
40,31,0.25812,28.06,0.44,-72.59,152.94,0.72,-307.35
40,32,0.26648,29.36,0.45,-75.18,155.47,0.72,-310.22
40,33,0.27478,30.69,0.45,-77.76,161.03,0.72,-310.29
40,34,0.28320,32.10,0.46,-80.30,166.30,0.69,-301.81
40,35,0.29150,33.57,0.47,-82.80,177.94,0.68,-301.10
40,36,0.29999,35.11,0.47,-85.26,181.29,0.64,-289.93
40,37,0.30817,36.66,0.48,-87.71,189.55,0.66,-300.00
40,38,0.31659,38.22,0.48,-90.16,184.78,0.64,-290.94
40,39,0.32495,39.81,0.49,-92.59,190.88,0.63,-289.78
40,40,0.33325,41.29,0.49,-95.05,177.57,0.67,-296.69
40,41,0.34155,42.77,0.50,-97.50,179.04,0.66,-295.59
40,42,0.34998,44.28,0.50,-99.95,178.99,0.64,-289.86
40,43,0.35828,45.83,0.51,-102.36,186.76,0.64,-290.81
40,44,0.36664,47.28,0.51,-104.78,173.36,0.65,-289.05
40,45,0.37494,48.80,0.52,-107.15,183.09,0.63,-286.03
40,46,0.38330,50.39,0.53,-109.48,189.78,0.60,-278.47
41,0,0.00000,0.00,0.00,0.00,-312.04,33.75,-233.58
41,1,0.00830,-2.56,0.25,-1.62,-308.46,30.36,-195.59
41,2,0.01666,-4.97,0.50,-3.30,-288.69,29.97,-200.36
41,3,0.02490,-7.16,0.74,-4.94,-265.19,28.73,-199.63
41,4,0.03345,-9.27,0.97,-6.57,-246.79,27.15,-190.36
41,5,0.04163,-11.33,1.19,-8.06,-251.49,26.68,-182.46
41,6,0.04999,-13.36,1.40,-9.48,-243.43,25.30,-169.71
41,7,0.05853,-15.39,1.60,-10.75,-237.86,23.30,-148.21
41,8,0.06665,-16.81,1.71,-11.29,-174.06,13.57,-66.92
41,9,0.07489,-17.30,1.68,-10.68,-59.63,-3.35,74.44
41,10,0.08325,-17.78,1.66,-10.13,-57.66,-2.61,64.96
41,11,0.09155,-18.26,1.64,-9.58,-57.35,-2.82,67.28
41,12,0.09998,-18.62,1.62,-9.11,-42.75,-2.58,55.80
41,13,0.10822,-17.98,1.47,-7.74,77.04,-17.29,166.30
41,14,0.11664,-16.50,1.25,-5.82,175.72,-26.87,227.90
41,15,0.12488,-14.47,0.95,-3.40,246.67,-35.56,292.96
41,16,0.13336,-12.66,0.68,-1.16,213.67,-31.73,264.75
41,17,0.14166,-11.23,0.46,0.74,171.32,-26.70,228.31
41,18,0.15002,-10.21,0.29,2.28,122.63,-20.81,184.31
41,19,0.15826,-9.45,0.14,3.61,91.85,-17.60,161.85
41,20,0.16663,-9.06,0.04,4.62,47.08,-12.10,120.80
41,21,0.17487,-8.83,-0.04,5.52,27.04,-10.21,109.26
41,22,0.18335,-8.74,-0.12,6.37,11.51,-8.70,99.28
41,23,0.19165,-8.81,-0.17,7.07,-9.19,-6.59,85.29
41,24,0.20007,-9.13,-0.20,7.56,-37.32,-3.02,57.97
41,25,0.20825,-9.51,-0.22,8.06,-46.27,-2.86,61.19
41,26,0.21667,-9.99,-0.23,8.50,-57.97,-1.59,51.81
41,27,0.22491,-10.66,-0.22,8.72,-81.11,1.59,27.41
41,28,0.23334,-11.42,-0.19,8.83,-90.22,3.14,12.68
41,29,0.24164,-12.11,-0.19,9.15,-82.72,0.73,38.24
41,30,0.25006,-12.84,-0.18,9.47,-86.59,0.88,38.04
41,31,0.25830,-13.64,-0.16,9.73,-96.67,1.95,31.85
41,32,0.26672,-14.46,-0.14,9.96,-97.46,2.26,27.54
41,33,0.27502,-15.17,-0.15,10.49,-86.40,-1.13,63.24
41,34,0.28339,-15.93,-0.16,11.00,-90.15,-0.88,61.31
41,35,0.29169,-16.74,-0.16,11.43,-97.43,0.31,52.21
41,36,0.30011,-17.62,-0.14,11.74,-104.71,1.93,36.23
41,37,0.30835,-18.71,-0.08,11.58,-132.96,7.79,-20.00
41,38,0.31677,-19.76,-0.02,11.52,-124.28,6.36,-6.52
41,39,0.32501,-20.51,-0.04,12.18,-91.48,-2.28,79.63
41,40,0.33344,-21.33,-0.08,13.07,-96.38,-4.17,105.80
41,41,0.34167,-22.18,-0.11,13.89,-103.33,-3.44,100.37
41,42,0.35016,-22.93,-0.16,15.00,-88.85,-6.53,130.22
41,43,0.35840,-23.26,-0.33,17.27,-39.63,-20.76,275.19
41,44,0.36688,-23.58,-0.54,19.96,-38.13,-24.23,317.27
41,45,0.37512,-23.71,-0.80,23.23,-15.56,-31.86,397.04
41,46,0.38348,-23.95,-1.03,26.13,-29.20,-27.10,347.08
42,0,0.00000,0.00,0.00,0.00,-197.45,1.31,-344.16
42,1,0.00836,-1.59,0.01,-2.58,-189.78,1.20,-308.76
42,2,0.01672,-3.04,0.02,-5.19,-173.72,1.17,-311.68
42,3,0.02515,-4.28,0.03,-7.62,-147.46,1.07,-289.13
42,4,0.03333,-5.41,0.04,-10.07,-138.06,1.07,-298.88
42,5,0.04175,-6.46,0.05,-12.35,-124.64,0.97,-270.65
42,6,0.04999,-7.51,0.05,-14.62,-127.41,0.99,-275.56
42,7,0.05841,-8.66,0.06,-16.72,-136.59,0.94,-249.28
42,8,0.06665,-9.78,0.07,-18.79,-136.30,0.94,-251.85
42,9,0.07507,-10.93,0.08,-20.78,-136.23,0.90,-235.51
42,10,0.08344,-11.98,0.08,-22.76,-125.18,0.88,-236.86
42,11,0.09174,-13.01,0.09,-24.69,-124.63,0.87,-233.46
42,12,0.10004,-13.93,0.14,-26.65,-110.66,5.52,-236.03
42,13,0.10840,-14.85,0.13,-28.59,-110.22,-0.63,-231.39
42,14,0.11670,-15.78,0.13,-30.69,-112.13,-0.13,-253.31
42,15,0.12524,-16.73,0.12,-32.82,-110.71,-0.83,-248.57
42,16,0.13348,-17.72,0.13,-34.97,-120.00,1.08,-261.85
42,17,0.14185,-18.70,0.14,-37.06,-116.79,1.17,-249.64
42,18,0.15009,-19.74,0.15,-39.24,-127.04,1.24,-264.07
42,19,0.15851,-20.82,0.16,-41.40,-128.26,1.20,-257.25
42,20,0.16675,-21.98,0.59,-43.69,-141.11,52.33,-277.78
42,21,0.17517,-23.17,1.02,-45.97,-140.22,49.98,-270.29
42,22,0.18341,-24.36,1.44,-48.24,-144.44,51.02,-275.93
42,23,0.19189,-25.55,1.86,-50.52,-141.01,49.68,-267.99
42,24,0.20007,-26.81,2.31,-52.94,-153.36,54.92,-296.64
42,25,0.20850,-28.06,2.75,-55.36,-148.91,53.26,-287.68
42,26,0.21680,-29.32,3.20,-57.79,-151.10,54.05,-291.91
42,27,0.22516,-30.57,3.65,-60.22,-150.00,53.78,-290.51
42,28,0.23346,-31.83,4.13,-62.77,-151.47,57.02,-308.09
42,29,0.24182,-33.08,4.60,-65.33,-150.36,56.61,-305.84
42,30,0.25018,-34.34,5.07,-67.89,-150.36,56.65,-305.84
42,31,0.25854,-35.60,5.55,-70.45,-150.36,56.77,-306.20
42,32,0.26678,-36.84,6.03,-73.07,-151.11,58.94,-318.15
42,33,0.27521,-38.09,6.52,-75.69,-147.83,57.58,-311.23
42,34,0.28345,-39.33,7.00,-78.31,-151.11,58.95,-318.15
42,35,0.29193,-40.58,7.49,-80.94,-146.76,57.25,-308.99
42,36,0.30023,-41.82,7.98,-83.56,-150.00,58.47,-315.81
42,37,0.30859,-43.07,8.49,-86.18,-148.91,61.48,-313.50
42,38,0.31683,-44.31,8.97,-88.80,-151.11,58.51,-318.15
42,39,0.32526,-45.56,9.46,-91.42,-148.19,57.66,-310.87
42,40,0.33356,-46.93,9.93,-93.94,-164.34,57.18,-304.04
42,41,0.34192,-48.29,10.41,-96.47,-163.14,57.41,-301.82
42,42,0.35022,-49.66,10.91,-98.99,-164.34,60.20,-304.04
42,43,0.35864,-51.02,11.41,-101.51,-162.32,59.41,-299.28
42,44,0.36694,-52.48,11.90,-103.92,-176.10,58.51,-290.07
42,45,0.37524,-53.95,12.38,-106.33,-176.10,58.51,-290.07
42,46,0.38361,-55.41,12.87,-108.73,-174.82,58.09,-287.96
43,0,0.00000,0.00,0.00,0.00,58.89,-27.55,-401.11
43,1,0.00842,0.08,-0.18,-3.03,9.06,-21.10,-359.78
43,2,0.01672,0.01,-0.07,-6.01,-7.72,13.51,-359.19
43,3,0.02502,-0.19,0.04,-8.74,-24.26,12.26,-328.31
43,4,0.03357,-0.53,0.14,-11.41,-39.64,12.38,-312.86
43,5,0.04181,-1.05,0.25,-13.86,-63.33,12.84,-297.78
43,6,0.05011,-1.68,0.36,-16.28,-76.47,13.22,-291.54
43,7,0.05853,-2.55,0.47,-18.52,-102.90,13.44,-265.22
43,8,0.06677,-3.51,0.59,-20.72,-115.93,13.99,-266.67
43,9,0.07513,-4.57,0.70,-22.74,-127.01,13.63,-242.70
43,10,0.08337,-5.59,0.81,-24.74,-124.07,13.52,-241.85
43,11,0.09186,-6.60,0.92,-26.69,-118.71,12.84,-229.86
43,12,0.10010,-7.47,1.02,-28.67,-105.93,12.71,-240.37
43,13,0.10846,-8.29,1.13,-30.65,-97.45,12.20,-237.23
43,14,0.11676,-9.01,1.23,-32.83,-87.50,12.71,-262.87
43,15,0.12512,-9.68,1.34,-35.06,-80.29,12.48,-266.42
43,16,0.13348,-10.32,1.44,-37.29,-75.91,12.29,-266.06
43,17,0.14197,-10.92,1.54,-39.51,-71.22,12.00,-262.23
43,18,0.15015,-11.54,1.65,-41.86,-75.37,13.03,-287.31
43,19,0.15857,-12.15,1.75,-44.20,-72.46,12.54,-277.90
43,20,0.16687,-12.79,1.87,-46.69,-77.21,13.52,-299.26
43,21,0.17523,-13.43,1.98,-49.17,-76.64,13.37,-297.08
43,22,0.18359,-14.07,2.09,-51.65,-76.64,13.42,-297.08
43,23,0.19189,-14.71,2.20,-54.14,-77.21,13.54,-300.00
43,24,0.20020,-15.37,2.32,-56.79,-79.78,14.31,-319.12
43,25,0.20862,-16.04,2.44,-59.44,-78.62,14.06,-314.49
43,26,0.21686,-16.70,2.56,-62.10,-80.37,14.45,-322.59
43,27,0.22528,-17.35,2.68,-64.76,-77.54,14.08,-315.22
43,28,0.23352,-17.97,2.80,-67.54,-74.44,14.68,-337.78
43,29,0.24188,-18.57,2.92,-70.32,-71.90,14.42,-333.21
43,30,0.25018,-19.15,3.04,-73.11,-70.59,14.50,-336.03
43,31,0.25861,-19.72,3.16,-75.91,-67.39,14.22,-331.52
43,32,0.26685,-20.25,3.28,-78.76,-64.07,14.54,-346.30
43,33,0.27527,-20.77,3.40,-81.62,-61.59,14.23,-339.13
43,34,0.28363,-21.28,3.52,-84.47,-60.95,14.25,-341.61
43,35,0.29199,-21.78,3.64,-87.33,-59.85,14.26,-341.97
43,36,0.30017,-22.27,3.76,-90.21,-60.45,14.62,-351.87
43,37,0.30859,-22.76,3.87,-93.07,-57.61,14.05,-339.86
43,38,0.31689,-23.24,3.99,-95.94,-58.09,14.28,-344.85
43,39,0.32532,-23.72,4.11,-98.79,-57.25,14.02,-339.49
43,40,0.33362,-24.34,4.23,-101.60,-74.63,14.73,-337.50
43,41,0.34198,-24.95,4.36,-104.40,-73.36,14.60,-335.40
43,42,0.35022,-25.57,4.48,-107.21,-74.44,14.77,-340.37
43,43,0.35864,-26.19,4.60,-110.00,-73.55,14.50,-332.25
43,44,0.36694,-26.93,4.72,-112.72,-88.97,14.94,-327.57
43,45,0.37531,-27.66,4.85,-115.44,-88.32,14.88,-325.18
43,46,0.38354,-28.40,5.60,-118.16,-89.63,91.82,-330.00
44,0,0.00000,0.00,0.00,0.00,364.03,44.28,-147.48
44,1,0.00812,2.65,0.29,-1.48,326.32,35.40,-181.95
44,2,0.01636,5.19,0.67,-3.05,308.89,46.21,-191.48
44,3,0.02484,7.50,1.02,-4.53,271.58,41.27,-173.74
44,4,0.03308,9.79,1.36,-5.96,278.52,41.79,-173.33
44,5,0.04181,11.93,1.68,-7.28,244.41,36.64,-151.40
44,6,0.04987,14.11,1.99,-8.50,271.59,38.30,-151.14
44,7,0.05811,16.17,2.29,-9.73,248.89,36.72,-150.00
44,8,0.06653,18.24,2.58,-10.85,246.74,34.27,-132.97
44,9,0.07465,20.28,2.86,-11.91,250.38,34.28,-130.45
44,10,0.08313,22.34,3.12,-12.80,242.81,30.31,-104.32
44,11,0.09149,24.38,3.36,-13.59,244.89,29.23,-94.89
44,12,0.09991,26.46,3.58,-14.19,246.74,26.30,-71.01
44,13,0.10834,28.55,3.79,-14.68,247.83,24.67,-57.97
44,14,0.11646,30.82,3.99,-15.01,280.08,24.70,-40.98
44,15,0.12469,33.14,4.18,-15.25,280.74,23.15,-28.89
44,16,0.13336,35.44,4.37,-15.47,265.49,21.73,-25.70
44,17,0.14136,37.73,4.55,-15.66,287.02,22.95,-24.05
44,18,0.14996,40.14,4.74,-15.84,279.79,22.10,-20.92
44,19,0.15802,42.55,4.94,-16.03,298.86,23.70,-23.48
44,20,0.16644,45.10,5.14,-16.24,303.62,24.28,-25.36
44,21,0.17505,47.66,5.35,-16.48,296.81,24.11,-27.30
44,22,0.18311,50.21,5.56,-16.72,317.05,25.90,-30.30
44,23,0.19159,52.76,5.77,-17.00,300.72,25.04,-32.73
44,24,0.20007,55.47,6.00,-17.32,319.42,27.04,-38.13
44,25,0.20819,58.18,6.24,-17.72,332.71,29.26,-48.12
44,26,0.21637,60.87,6.48,-18.17,329.10,29.98,-55.97
44,27,0.22491,63.55,6.73,-18.69,313.93,29.50,-60.00
44,28,0.23328,66.35,6.99,-19.20,335.40,31.12,-60.95
44,29,0.24164,69.16,7.25,-19.72,335.04,31.33,-62.77
44,30,0.25018,71.95,7.52,-20.26,327.14,30.89,-63.57
44,31,0.25812,74.75,7.78,-20.82,352.31,33.41,-70.00
44,32,0.26648,77.60,8.05,-21.35,341.24,31.95,-63.87
44,33,0.27472,80.45,8.32,-21.89,345.93,32.44,-65.56
44,34,0.28314,83.30,8.59,-22.44,338.41,31.74,-64.49
44,35,0.29169,86.15,8.85,-22.98,333.57,31.38,-63.93
44,36,0.29980,89.00,9.12,-23.53,351.13,33.03,-67.29
44,37,0.30811,91.85,9.39,-24.08,343.38,32.35,-66.18
44,38,0.31641,94.70,9.66,-24.63,343.38,32.40,-66.91
44,39,0.32483,97.55,9.93,-25.21,337.68,32.25,-68.48
44,40,0.33319,100.32,10.22,-25.95,331.75,34.42,-88.32
44,41,0.34155,103.09,10.51,-26.71,331.02,34.66,-90.51
44,42,0.34967,105.85,10.80,-27.48,340.23,35.89,-95.11
44,43,0.35809,108.61,11.09,-28.27,327.17,34.87,-94.57
44,44,0.36621,111.26,11.40,-29.21,327.07,37.67,-115.79
44,45,0.37463,113.91,11.71,-30.18,314.49,36.59,-114.49
44,46,0.38324,116.55,12.02,-31.17,306.74,36.15,-114.89
45,0,0.00000,0.00,0.00,0.00,56.67,-1.04,-400.37
45,1,0.00842,0.05,-0.01,-3.03,6.16,-0.94,-359.78
45,2,0.01666,-0.04,-0.02,-6.02,-10.74,-0.96,-363.33
45,3,0.02515,-0.26,-0.02,-8.75,-26.62,-0.85,-321.22
45,4,0.03339,-0.62,-0.03,-11.43,-43.33,-0.86,-325.19
45,5,0.04181,-1.16,-0.04,-13.88,-64.49,-0.78,-290.94
45,6,0.05005,-1.81,-0.04,-16.30,-78.52,-0.79,-293.70
45,7,0.05847,-2.69,-0.05,-18.52,-105.07,-0.72,-264.13
45,8,0.06677,-3.65,-0.06,-20.68,-115.07,-0.71,-260.29
45,9,0.07520,-4.73,-0.06,-22.71,-128.26,-0.66,-239.86
45,10,0.08344,-5.80,-0.07,-24.68,-130.00,-0.66,-239.63
45,11,0.09198,-6.94,-0.07,-26.56,-133.57,-0.61,-219.64
45,12,0.10010,-8.05,-0.08,-28.45,-136.47,-0.64,-233.46
45,13,0.10852,-9.11,-0.08,-30.32,-125.72,-0.61,-221.38
45,14,0.11682,-10.09,-0.09,-32.39,-118.01,-0.68,-250.37
45,15,0.12518,-10.99,-0.09,-34.54,-107.66,-0.70,-256.57
45,16,0.13348,-11.80,-0.10,-36.71,-97.43,-0.71,-261.03
45,17,0.14197,-12.54,-0.10,-38.89,-87.05,-0.70,-257.19
45,18,0.15015,-13.25,-0.11,-41.21,-87.69,-0.76,-283.58
45,19,0.15857,-13.94,-0.12,-43.53,-81.52,-0.74,-275.36
45,20,0.16687,-14.62,-0.12,-46.00,-82.35,-0.80,-298.16
45,21,0.17529,-15.27,-0.13,-48.49,-76.45,-0.79,-294.93
45,22,0.18353,-15.87,-0.14,-50.98,-72.59,-0.81,-302.96
45,23,0.19183,-16.42,-0.14,-53.49,-66.54,-0.81,-302.21
45,24,0.20026,-16.93,-0.15,-56.17,-60.14,-0.85,-318.48
45,25,0.20856,-17.37,-0.16,-58.87,-54.04,-0.86,-324.26
45,26,0.21692,-17.75,-0.17,-61.57,-44.53,-0.86,-323.36
45,27,0.22522,-18.06,-0.17,-64.28,-37.87,-0.87,-326.84
45,28,0.23364,-18.27,-0.18,-67.12,-25.00,-0.89,-337.32
45,29,0.24207,-18.45,-0.19,-69.97,-21.38,-0.89,-337.68
45,30,0.25031,-18.62,-0.20,-72.81,-20.74,-0.91,-345.19
45,31,0.25867,-18.77,-0.20,-75.66,-18.25,-0.90,-340.51
45,32,0.26697,-18.88,-0.21,-78.56,-12.50,-0.92,-349.26
45,33,0.27533,-18.96,-0.22,-81.46,-9.85,-0.91,-347.08
45,34,0.28363,-19.02,-0.23,-84.39,-7.35,-0.93,-353.31
45,35,0.29199,-19.06,-0.23,-87.30,-4.74,-0.91,-347.08
45,36,0.30029,-19.07,-0.24,-90.20,-1.10,-0.92,-349.63
45,37,0.30865,-19.05,-0.25,-93.10,2.55,-0.91,-347.08
45,38,0.31683,-18.99,-0.26,-96.00,7.09,-0.93,-354.85
45,39,0.32532,-18.89,-0.26,-98.90,11.87,-0.89,-341.73
45,40,0.33356,-18.89,-0.27,-101.77,-0.37,-0.91,-348.15
45,41,0.34210,-18.87,-0.28,-104.64,3.21,-0.88,-335.71
45,42,0.35028,-18.81,-0.29,-107.51,6.34,-0.92,-350.75
45,43,0.35870,-18.76,-0.29,-110.38,6.88,-0.89,-340.58
45,44,0.36694,-18.82,-0.30,-113.19,-7.41,-0.90,-341.85
45,45,0.37543,-18.87,-0.31,-116.01,-5.76,-0.87,-332.01
45,46,0.38354,-18.89,-0.32,-118.83,-3.38,-0.91,-346.99
46,0,0.00000,0.00,0.00,0.00,289.78,-26.99,-272.63
46,1,0.00842,2.14,-0.15,-2.15,253.62,-17.66,-255.07
46,2,0.01678,4.34,-0.28,-4.17,263.50,-16.16,-242.34
46,3,0.02502,6.41,-0.41,-5.95,251.85,-15.54,-215.56
46,4,0.03339,8.53,-0.54,-7.62,253.28,-15.84,-200.00
46,5,0.04163,10.51,-0.67,-9.17,240.00,-14.98,-187.41
46,6,0.05011,12.55,-0.80,-10.61,241.01,-15.26,-170.50
46,7,0.05829,14.47,-0.92,-12.05,234.33,-14.64,-175.75
46,8,0.06677,16.39,-1.04,-13.42,226.62,-14.33,-161.15
46,9,0.07507,18.23,-1.15,-14.79,221.32,-13.87,-165.44
46,10,0.08344,20.09,-1.27,-16.05,221.90,-14.10,-150.36
46,11,0.09149,21.91,-1.39,-17.27,226.52,-14.42,-151.14
46,12,0.09985,23.80,-1.51,-18.33,225.55,-14.54,-126.64
46,13,0.10803,25.71,-1.63,-19.30,233.58,-15.17,-118.66
46,14,0.11646,27.84,-1.77,-20.16,252.90,-16.68,-102.90
46,15,0.12476,30.03,-1.72,-20.94,263.97,6.23,-93.01
46,16,0.13318,32.23,-1.15,-21.63,261.59,67.58,-82.97
46,17,0.14136,34.45,-0.44,-22.26,270.90,86.92,-76.87
46,18,0.14978,36.79,0.51,-22.86,277.54,112.89,-71.01
46,19,0.15808,39.14,1.45,-23.41,283.09,113.72,-66.54
46,20,0.16650,41.64,2.45,-23.95,297.83,118.75,-63.77
46,21,0.17480,44.17,3.45,-24.44,303.68,119.73,-59.56
46,22,0.18317,46.69,4.43,-24.90,302.19,118.00,-54.74
46,23,0.19141,49.22,5.42,-25.34,306.67,119.32,-52.59
46,24,0.19983,51.92,6.46,-25.74,320.29,123.32,-48.55
46,25,0.20813,54.62,7.49,-26.13,325.74,124.65,-46.69
46,26,0.21649,57.32,8.53,-26.52,323.36,124.02,-46.72
46,27,0.22485,60.03,9.56,-26.92,323.36,123.98,-47.45
46,28,0.23322,62.85,10.64,-27.31,337.23,128.86,-46.35
46,29,0.24146,65.67,11.72,-27.71,342.22,131.35,-48.89
46,30,0.24994,68.49,12.81,-28.13,332.37,127.52,-50.00
46,31,0.25812,71.30,13.90,-28.61,343.28,133.61,-58.21
46,32,0.26654,74.16,15.00,-29.06,340.58,131.38,-53.99
46,33,0.27484,77.03,16.11,-29.53,344.85,133.69,-56.25
46,34,0.28320,79.89,17.23,-30.01,342.34,133.17,-57.66
46,35,0.29156,82.75,18.34,-30.52,341.97,133.31,-60.22
46,36,0.30017,85.60,19.46,-31.04,331.56,129.92,-60.64
46,37,0.30847,88.45,20.58,-31.58,343.38,134.71,-65.44
46,38,0.31696,91.30,21.70,-32.15,335.61,132.59,-66.55
46,39,0.32526,94.14,22.83,-32.74,342.28,135.88,-70.96
46,40,0.33374,96.91,23.97,-33.50,325.90,133.89,-89.93
46,41,0.34198,99.66,25.11,-34.30,334.44,138.12,-96.67
46,42,0.35028,102.41,26.25,-35.13,330.88,138.04,-100.37
46,43,0.35864,105.15,27.40,-35.99,327.37,137.14,-102.92
46,44,0.36694,107.78,28.54,-37.00,316.91,137.66,-122.06
46,45,0.37531,110.40,29.68,-38.04,313.50,136.61,-123.72
46,46,0.38367,113.01,30.83,-39.09,312.41,136.88,-125.91
47,0,0.00000,0.00,0.00,0.00,24.64,29.27,-393.84
47,1,0.00830,-0.18,0.14,-3.03,-21.69,16.31,-364.71
47,2,0.01666,-0.49,0.25,-6.00,-37.59,13.98,-355.47
47,3,0.02509,-0.89,0.35,-8.71,-47.46,11.10,-322.10
47,4,0.03345,-1.35,0.43,-11.38,-54.01,10.26,-318.61
47,5,0.04156,-1.89,0.50,-13.83,-67.29,7.97,-302.63
47,6,0.05011,-2.49,0.55,-16.26,-70.00,6.72,-284.29
47,7,0.05829,-3.25,0.58,-18.53,-93.28,3.70,-277.61
47,8,0.06677,-4.03,0.61,-20.76,-91.37,3.19,-262.59
47,9,0.07501,-4.89,0.62,-22.89,-104.07,1.41,-257.78
47,10,0.08337,-5.68,0.64,-24.98,-95.26,2.12,-250.36
47,11,0.09167,-6.52,0.65,-27.01,-100.37,1.26,-244.85
47,12,0.10010,-7.26,0.67,-29.04,-88.41,2.37,-240.94
47,13,0.10834,-7.98,0.69,-31.06,-87.78,2.68,-244.81
47,14,0.11676,-8.68,0.73,-33.25,-82.97,3.93,-260.14
47,15,0.12518,-9.39,0.76,-35.46,-84.42,3.96,-263.04
47,16,0.13342,-10.13,0.80,-37.66,-90.00,5.40,-267.04
47,17,0.14166,-10.91,0.83,-39.83,-94.07,3.10,-263.33
47,18,0.15015,-11.78,0.85,-42.09,-102.16,2.28,-265.83
47,19,0.15839,-12.71,0.86,-44.32,-113.70,1.17,-270.37
47,20,0.16675,-13.79,0.86,-46.65,-128.47,0.39,-278.83
47,21,0.17511,-14.94,0.85,-48.94,-137.23,-1.03,-274.45
47,22,0.18341,-16.14,0.86,-51.21,-145.22,0.68,-272.79
47,23,0.19171,-17.40,0.87,-53.44,-152.21,0.79,-269.12
47,24,0.20026,-18.79,0.87,-55.80,-162.14,0.30,-275.36
47,25,0.20844,-20.22,0.87,-58.12,-175.00,-0.15,-284.33
47,26,0.21674,-21.72,0.86,-60.40,-180.15,-0.85,-275.00
47,27,0.22516,-23.25,0.85,-62.66,-182.61,-1.38,-268.12
47,28,0.23358,-24.84,0.84,-65.03,-188.41,-1.19,-280.80
47,29,0.24176,-26.47,0.83,-67.39,-198.88,-1.57,-288.81
47,30,0.25018,-28.12,0.81,-69.71,-196.38,-2.00,-275.36
47,31,0.25848,-29.81,0.79,-72.00,-203.68,-2.43,-276.47
47,32,0.26685,-31.53,0.77,-74.34,-205.84,-2.48,-279.56
47,33,0.27515,-33.28,0.74,-76.66,-209.93,-2.73,-279.41
47,34,0.28357,-35.04,0.72,-78.97,-209.06,-2.90,-273.91
47,35,0.29175,-36.85,0.69,-81.30,-221.64,-3.25,-285.82
47,36,0.30023,-38.64,0.67,-83.59,-210.79,-3.17,-269.42
47,37,0.30853,-40.44,0.64,-85.87,-216.54,-3.41,-274.63
47,38,0.31689,-42.24,0.61,-88.15,-215.33,-3.43,-272.26
47,39,0.32526,-44.04,0.58,-90.42,-216.06,-3.48,-271.53
47,40,0.33356,-45.94,0.54,-92.57,-228.68,-4.83,-259.19
47,41,0.34180,-47.84,0.50,-94.72,-230.37,-4.85,-261.11
47,42,0.35022,-49.74,0.46,-96.87,-225.36,-4.75,-255.43
47,43,0.35852,-51.64,0.42,-99.02,-229.04,-4.96,-258.46
47,44,0.36694,-53.61,0.37,-101.03,-233.70,-5.97,-239.49
47,45,0.37531,-55.58,0.34,-103.05,-235.40,-3.60,-241.24
47,46,0.38354,-57.54,0.12,-105.07,-238.89,-26.81,-244.81
48,0,0.00000,0.00,0.00,0.00,37.68,-13.77,-393.84
48,1,0.00818,-0.03,-0.12,-3.03,-3.73,-14.68,-370.52
48,2,0.01666,-0.06,-0.24,-6.02,-3.24,-14.01,-352.88
48,3,0.02496,-0.09,-0.35,-8.76,-4.04,-13.08,-329.41
48,4,0.03333,-0.12,-0.45,-11.46,-2.92,-12.82,-322.99
48,5,0.04156,-0.21,-0.56,-13.96,-11.85,-12.43,-304.07
48,6,0.05005,-0.27,-0.66,-16.47,-6.12,-11.87,-295.32
48,7,0.05829,-0.45,-0.76,-18.86,-22.59,-12.39,-289.63
48,8,0.06677,-0.56,-0.86,-21.22,-12.95,-11.46,-278.06
48,9,0.07501,-0.69,-0.95,-23.50,-15.19,-11.59,-277.78
48,10,0.08344,-0.68,-1.04,-25.75,1.09,-10.38,-266.30
48,11,0.09174,-0.63,-1.12,-27.94,5.15,-10.16,-264.34
48,12,0.10010,-0.41,-1.20,-30.09,26.64,-8.88,-257.30
48,13,0.10840,-0.09,-1.27,-32.21,38.24,-8.32,-255.15
48,14,0.11670,0.43,-1.33,-34.45,62.87,-7.74,-269.49
48,15,0.12500,1.06,-1.39,-36.69,75.74,-7.18,-269.85
48,16,0.13336,1.74,-1.45,-38.90,81.39,-6.71,-264.23
48,17,0.14172,2.47,-1.50,-41.08,87.96,-6.33,-260.95
48,18,0.15009,3.29,-1.55,-43.35,97.81,-6.32,-271.90
48,19,0.15839,4.15,-1.60,-45.61,103.68,-5.95,-271.69
48,20,0.16681,5.13,-1.65,-47.98,116.67,-5.79,-281.52
48,21,0.17505,6.19,-1.70,-50.32,127.78,-5.48,-284.07
48,22,0.18353,7.29,-1.74,-52.64,129.86,-4.86,-273.02
48,23,0.19177,8.45,-1.78,-54.93,141.11,-4.61,-277.78
48,24,0.20013,9.75,-1.81,-57.32,155.84,-4.24,-286.86
48,25,0.20837,11.09,-1.84,-59.70,162.59,-4.06,-288.89
48,26,0.21680,12.46,-1.88,-62.07,162.68,-3.73,-280.43
48,27,0.22510,13.86,-1.91,-64.41,168.75,-3.55,-282.35
48,28,0.23352,15.41,-1.93,-66.80,183.70,-2.94,-284.06
48,29,0.24182,16.99,-1.95,-69.17,190.07,-2.67,-285.66
48,30,0.25018,18.61,-1.97,-71.52,193.80,-2.34,-280.29
48,31,0.25854,20.26,-1.99,-73.84,197.81,-2.00,-277.37
48,32,0.26685,22.00,-2.00,-76.16,209.56,-1.63,-280.15
48,33,0.27509,23.77,-2.01,-78.46,214.44,-1.33,-279.26
48,34,0.28351,25.57,-2.02,-80.74,214.13,-0.98,-269.93
48,35,0.29175,27.42,-2.02,-82.97,224.44,0.27,-271.48
48,36,0.30017,29.32,-2.25,-85.17,224.64,-27.20,-261.23
48,37,0.30847,31.27,-2.39,-87.32,234.93,-17.38,-258.82
48,38,0.31689,33.24,-2.54,-89.45,234.42,-16.90,-252.54
48,39,0.32507,35.25,-2.68,-91.55,245.52,-17.14,-256.34
48,40,0.33356,37.15,-2.82,-93.70,223.74,-17.01,-253.60
48,41,0.34180,39.06,-2.96,-95.83,232.59,-17.39,-258.89
48,42,0.35028,41.00,-3.10,-97.95,228.06,-16.72,-249.64
48,43,0.35852,42.96,-3.25,-100.05,237.78,-17.03,-254.44
48,44,0.36688,44.79,-3.39,-102.19,219.34,-17.22,-255.84
48,45,0.37512,46.65,-3.53,-104.30,225.56,-17.24,-257.04
48,46,0.38354,48.53,-3.67,-106.41,222.83,-16.73,-249.64
49,0,0.00000,0.00,0.00,0.00,-338.69,-15.25,-197.08
49,1,0.00836,-2.77,-0.13,-1.23,-331.39,-16.14,-147.08
49,2,0.01678,-5.52,-0.27,-2.30,-326.81,-16.36,-126.81
49,3,0.02502,-8.12,-0.41,-3.16,-315.19,-16.28,-104.07
49,4,0.03339,-10.70,-0.54,-3.85,-308.76,-16.41,-82.48
49,5,0.04163,-13.17,-0.68,-4.30,-299.26,-16.58,-55.56
49,6,0.04993,-15.64,-0.82,-4.61,-297.43,-16.90,-37.50
49,7,0.05829,-18.03,-0.96,-4.67,-286.50,-17.07,-6.57
49,8,0.06696,-20.39,-1.11,-4.61,-271.48,-16.50,6.34
49,9,0.07489,-22.67,-1.25,-4.41,-287.69,-17.96,25.77
49,10,0.08356,-24.90,-1.39,-4.18,-257.04,-16.12,26.06
49,11,0.09155,-27.07,-1.53,-3.87,-271.76,-17.39,39.69
49,12,0.09998,-29.21,-1.66,-3.59,-254.71,-16.17,32.61
49,13,0.10852,-31.33,-1.80,-3.28,-247.86,-15.85,36.79
49,14,0.11682,-33.62,-1.94,-3.00,-275.74,-17.45,33.82
49,15,0.12512,-35.93,-2.09,-2.67,-277.57,-17.72,38.97
49,16,0.13324,-38.20,-2.24,-2.28,-280.83,-18.15,48.12
49,17,0.14148,-40.48,-2.39,-1.90,-275.56,-17.75,45.93
49,18,0.15002,-42.87,-2.54,-1.56,-280.00,-17.88,40.36
49,19,0.15869,-45.26,-2.63,-1.26,-276.41,-10.86,34.86
49,20,0.16656,-47.81,-2.77,-0.98,-324.03,-18.13,34.88
49,21,0.17487,-50.37,-2.88,-0.75,-307.72,-12.88,27.94
49,22,0.18329,-52.93,-2.99,-0.56,-303.99,-12.46,22.46
49,23,0.19202,-55.49,-3.09,-0.42,-293.36,-11.87,16.78
49,24,0.19983,-58.22,-3.20,-0.34,-349.22,-13.69,10.16
49,25,0.20856,-60.99,-3.30,-0.31,-317.13,-12.18,3.15
49,26,0.21704,-63.72,-3.41,-0.32,-321.94,-12.18,-1.08
49,27,0.22516,-66.45,-3.51,-0.38,-336.47,-12.48,-7.14
49,28,0.23358,-69.29,-3.61,-0.53,-337.68,-12.04,-18.84
49,29,0.24164,-72.14,-3.71,-0.72,-353.03,-12.43,-23.48
49,30,0.25018,-74.98,-3.81,-0.91,-332.86,-11.73,-21.79
49,31,0.25879,-77.83,-3.91,-1.11,-330.50,-11.60,-23.40
49,32,0.26697,-80.72,-4.01,-1.32,-354.10,-12.38,-25.75
49,33,0.27509,-83.62,-4.11,-1.50,-356.77,-12.64,-21.80
49,34,0.28351,-86.52,-4.22,-1.63,-344.20,-12.43,-15.58
49,35,0.29163,-89.42,-4.33,-1.66,-357.52,-13.44,-3.38
49,36,0.29999,-92.32,-4.44,-1.62,-347.08,-13.37,4.38
49,37,0.30829,-95.22,-4.55,-1.52,-349.63,-13.78,11.76
49,38,0.31665,-98.12,-4.67,-1.36,-346.72,-13.97,18.98
49,39,0.32501,-101.02,-4.79,-1.14,-345.99,-14.28,27.01
49,40,0.33350,-103.85,-4.92,-0.68,-333.81,-14.90,53.60
49,41,0.34161,-106.66,-5.05,-0.10,-346.24,-16.16,71.80
49,42,0.35004,-109.44,-5.18,0.61,-330.07,-16.04,84.06
49,43,0.35834,-112.18,-5.32,1.44,-330.51,-16.74,100.37
49,44,0.36676,-114.79,-5.47,2.51,-309.42,-17.04,126.81
49,45,0.37500,-117.35,-5.61,3.68,-310.74,-17.74,142.59
49,46,0.38336,-119.85,-5.76,4.97,-299.64,-17.80,154.01
50,0,0.00000,0.00,0.00,0.00,-388.43,33.54,122.01
50,1,0.00842,-2.81,0.24,1.15,-333.33,28.60,136.23
50,2,0.01678,-5.58,0.48,2.28,-331.39,28.53,135.77
50,3,0.02509,-8.10,0.70,3.34,-303.68,26.12,127.57
50,4,0.03375,-10.58,0.91,4.40,-286.62,24.65,122.18
50,5,0.04218,-12.85,1.10,5.47,-269.57,23.12,126.45
50,6,0.05042,-15.16,1.30,6.45,-279.63,24.04,119.26
50,7,0.05853,-17.33,1.49,7.45,-268.05,22.99,122.93
50,8,0.06665,-19.52,1.68,8.33,-269.55,23.23,109.02
50,9,0.07501,-21.66,1.86,9.16,-255.47,21.98,99.27
50,10,0.08350,-23.81,2.05,9.79,-253.60,21.96,74.46
50,11,0.09155,-25.94,2.23,10.33,-264.39,22.84,66.29
50,12,0.10010,-28.08,2.42,10.64,-250.36,21.77,37.14
50,13,0.10828,-30.21,2.60,10.85,-260.82,22.73,24.63
50,14,0.11670,-32.51,2.81,10.85,-272.83,23.89,0.00
50,15,0.12537,-34.83,3.01,10.73,-267.96,23.47,-13.38
50,16,0.13373,-37.14,3.21,10.54,-275.55,24.26,-22.99
50,17,0.14215,-39.43,3.41,10.28,-271.74,23.90,-30.80
50,18,0.15002,-41.82,3.62,9.95,-304.26,26.75,-41.09
50,19,0.15851,-44.21,3.83,9.61,-281.65,24.82,-41.01
50,20,0.16687,-46.75,4.06,9.22,-303.28,26.74,-46.35
50,21,0.17535,-49.28,4.28,8.82,-298.92,26.32,-47.12
50,22,0.18365,-51.82,4.50,8.42,-305.51,26.94,-48.16
50,23,0.19189,-54.35,4.73,8.02,-307.78,27.10,-48.15
50,24,0.20013,-57.05,4.97,7.58,-327.04,28.85,-53.33
50,25,0.20831,-59.74,5.20,7.15,-329.48,29.06,-52.61
50,26,0.21661,-62.44,5.44,6.73,-325.00,28.66,-50.74
50,27,0.22522,-65.14,5.68,6.32,-313.83,27.63,-47.52
50,28,0.23358,-67.95,5.93,5.85,-336.13,29.62,-56.20
50,29,0.24182,-70.77,6.17,5.40,-341.48,30.13,-55.19
50,30,0.25012,-73.58,6.42,4.96,-339.34,29.93,-52.57
50,31,0.25836,-76.40,6.67,4.54,-342.22,30.13,-50.74
50,32,0.26691,-79.27,6.92,4.10,-335.71,29.57,-51.79
50,33,0.27515,-82.14,7.18,3.68,-348.52,30.68,-51.11
50,34,0.28357,-85.02,7.43,3.28,-341.30,30.08,-47.46
50,35,0.29163,-87.90,7.68,2.91,-357.20,31.43,-46.59
50,36,0.30005,-90.78,7.94,2.55,-342.03,30.13,-41.67
50,37,0.30841,-93.66,8.19,2.22,-344.89,30.37,-39.78
50,38,0.31689,-96.55,8.44,1.90,-339.93,29.88,-38.13
50,39,0.32532,-99.43,8.70,1.58,-342.39,30.09,-38.04
50,40,0.33350,-102.29,8.95,1.40,-350.00,30.77,-22.01
50,41,0.34167,-105.15,9.01,1.21,-350.00,7.55,-23.13
50,42,0.35010,-108.02,8.99,1.02,-339.86,-2.32,-22.10
50,43,0.35852,-110.88,9.03,0.83,-339.86,4.40,-22.46
50,44,0.36676,-113.70,9.06,0.80,-341.85,3.62,-4.07
50,45,0.37531,-116.51,9.09,0.78,-329.64,3.43,-2.14
50,46,0.38336,-119.33,9.12,0.78,-349.62,3.56,-0.38
51,0,0.00000,0.00,0.00,0.00,226.45,6.71,322.10
51,1,0.00836,1.82,0.06,2.43,217.52,7.37,290.15
51,2,0.01648,3.50,0.12,4.89,207.52,6.97,303.38
51,3,0.02496,4.96,0.17,7.20,171.94,5.71,272.66
51,4,0.03326,6.32,0.21,9.53,163.60,5.45,280.15
51,5,0.04181,7.64,0.26,11.66,154.29,5.12,250.00
51,6,0.04987,8.93,0.30,13.81,159.85,5.32,265.91
51,7,0.05823,10.26,0.34,15.80,159.12,5.34,237.96
51,8,0.06671,11.52,0.39,17.79,148.56,4.95,235.25
51,9,0.07513,12.76,0.43,19.72,147.10,4.92,228.99
51,10,0.08368,13.86,0.46,21.67,128.93,4.26,228.57
51,11,0.09180,14.89,0.50,23.61,127.07,4.17,238.72
51,12,0.09998,15.73,0.52,25.61,102.24,3.24,244.03
51,13,0.10834,16.43,0.55,27.63,83.94,2.62,241.97
51,14,0.11664,16.96,0.56,29.87,64.34,1.83,269.49
51,15,0.12482,17.37,0.57,32.16,50.37,1.32,279.85
51,16,0.13318,17.70,0.58,34.45,38.69,0.90,273.72
51,17,0.14160,17.96,0.58,36.73,30.80,0.62,271.74
51,18,0.15009,18.19,0.59,39.14,26.98,0.44,283.45
51,19,0.15881,18.41,0.59,41.54,25.52,0.40,275.52
51,20,0.16675,18.65,0.60,44.10,30.38,0.53,321.92
51,21,0.17523,18.91,0.60,46.65,30.58,0.56,301.08
51,22,0.18347,19.19,0.61,49.20,34.07,0.64,309.63
51,23,0.19171,19.50,0.61,51.75,37.41,0.80,309.26
51,24,0.19977,19.84,0.62,54.46,42.42,0.90,336.36
51,25,0.20825,20.22,0.63,57.17,44.60,1.03,318.71
51,26,0.21661,20.64,0.64,59.86,50.00,1.21,322.63
51,27,0.22485,21.08,0.65,62.55,54.44,1.38,326.67
51,28,0.23328,21.52,0.66,65.37,51.81,1.27,334.42
51,29,0.24176,21.97,0.67,68.19,53.24,1.33,331.65
51,30,0.24982,22.43,0.68,71.00,56.44,1.39,349.24
51,31,0.25836,22.90,0.69,73.81,55.71,1.41,328.93
51,32,0.26691,23.37,0.71,76.68,54.64,1.36,335.36
51,33,0.27521,23.87,0.72,79.53,60.66,1.58,344.49
51,34,0.28345,24.42,0.73,82.39,66.30,1.76,345.93
51,35,0.29169,25.01,0.75,85.23,71.11,1.94,344.81
51,36,0.30035,25.64,0.77,88.06,72.89,2.04,326.76
51,37,0.30829,26.32,0.79,90.88,85.77,2.46,355.77
51,38,0.31659,27.05,0.81,93.69,88.24,2.57,338.24
51,39,0.32495,27.84,0.83,96.48,93.80,2.78,334.31
51,40,0.33356,28.80,0.86,99.19,112.41,3.52,313.83
51,41,0.34143,29.82,0.89,101.87,129.07,4.04,340.70
51,42,0.34998,30.89,0.93,104.53,125.00,3.94,311.79
51,43,0.35828,32.00,0.96,107.17,134.56,4.29,318.38
51,44,0.36664,33.28,1.01,109.69,152.19,5.00,300.73
51,45,0.37506,34.59,1.05,112.18,156.16,5.11,295.65
51,46,0.38330,35.95,1.09,114.65,164.81,5.43,299.63
52,0,0.00000,0.00,0.00,0.00,25.00,-3.35,-378.12
52,1,0.00781,-0.01,-0.02,-3.03,-0.78,-2.62,-387.89
52,2,0.01617,-0.02,-0.04,-6.02,-1.09,-2.41,-358.03
52,3,0.02448,-0.05,-0.06,-8.76,-3.68,-2.13,-329.41
52,4,0.03296,-0.09,-0.08,-11.46,-5.04,-2.03,-318.35
52,5,0.04120,-0.23,-0.09,-13.96,-17.04,-1.55,-304.07
52,6,0.04999,-0.36,-0.10,-16.47,-15.28,-1.47,-284.72
52,7,0.05786,-0.67,-0.11,-18.84,-38.37,-0.88,-301.94
52,8,0.06622,-0.94,-0.12,-21.19,-33.21,-0.89,-280.29
52,9,0.07446,-1.28,-0.12,-23.46,-41.11,-0.61,-275.19
52,10,0.08289,-1.53,-0.13,-25.68,-28.99,-0.94,-264.49
52,11,0.09186,-1.78,-0.14,-27.87,-27.89,-0.79,-243.20
52,12,0.09943,-1.88,-0.15,-30.03,-14.11,-1.53,-285.48
52,13,0.10809,-1.93,-0.16,-32.17,-5.63,-1.51,-247.18
52,14,0.11633,-1.82,-0.18,-34.46,13.33,-2.31,-278.52
52,15,0.12451,-1.61,-0.20,-36.78,25.75,-2.72,-283.21
52,16,0.13281,-1.34,-0.23,-39.08,32.35,-2.88,-276.84
52,17,0.14124,-1.02,-0.25,-41.36,38.77,-3.04,-270.65
52,18,0.15015,-0.63,-0.28,-43.74,43.84,-3.17,-267.47
52,19,0.15790,-0.21,-0.31,-46.12,53.54,-3.71,-307.09
52,20,0.16620,0.26,-0.34,-48.64,56.99,-3.81,-303.68
52,21,0.17456,0.77,-0.37,-51.16,60.58,-3.91,-300.73
52,22,0.18298,1.31,-0.41,-53.67,64.13,-4.01,-297.83
52,23,0.19183,1.87,-0.44,-56.17,63.10,-3.85,-283.10
52,24,0.19952,2.49,-0.48,-58.83,81.35,-4.84,-345.63
52,25,0.20850,3.12,-0.52,-61.48,70.41,-4.18,-295.92
52,26,0.21631,3.76,-0.55,-64.14,81.64,-4.83,-339.84
52,27,0.22461,4.40,-0.37,-66.79,77.21,21.50,-319.85
52,28,0.23291,5.13,-0.20,-69.55,87.50,21.00,-331.99
52,29,0.24127,5.86,-0.01,-72.31,86.86,22.90,-329.56
52,30,0.25012,6.58,0.18,-75.06,82.07,21.61,-311.38
52,31,0.25854,7.31,0.37,-77.82,86.23,22.74,-327.17
52,32,0.26636,8.08,0.57,-80.62,99.22,25.26,-358.20
52,33,0.27460,8.80,0.76,-83.43,87.04,23.46,-341.11
52,34,0.28290,9.41,0.95,-86.26,73.16,22.26,-341.91
52,35,0.29193,9.93,1.13,-89.12,58.11,19.79,-315.88
52,36,0.29956,10.36,1.30,-91.99,55.60,22.44,-376.40
52,37,0.30798,10.70,1.46,-94.87,40.22,19.44,-342.39
52,38,0.31641,10.98,1.62,-97.76,33.70,18.94,-342.75
52,39,0.32477,11.22,1.78,-100.65,28.10,18.64,-345.99
52,40,0.33301,11.24,1.92,-103.52,2.96,16.54,-348.15
52,41,0.34131,11.24,2.05,-106.39,0.37,16.23,-345.59
52,42,0.35022,11.22,2.18,-109.26,-2.05,14.88,-321.92
52,43,0.35803,11.19,2.31,-112.13,-3.91,16.89,-367.19
52,44,0.36627,11.02,2.43,-114.94,-21.48,14.11,-341.11
52,45,0.37469,10.84,2.55,-117.75,-21.38,13.82,-333.70
52,46,0.38306,10.65,2.66,-120.56,-21.90,13.89,-336.13
53,0,0.00000,0.00,0.00,0.00,-128.42,-12.79,370.86
53,1,0.00830,-0.66,-0.10,2.96,-79.78,-11.81,356.25
53,2,0.01666,-1.34,-0.19,5.87,-81.02,-11.60,348.91
53,3,0.02490,-2.00,-0.28,8.53,-80.37,-10.77,321.85
53,4,0.03314,-2.70,-0.37,11.14,-84.44,-10.64,316.67
53,5,0.04150,-3.30,-0.45,13.57,-72.26,-9.71,291.24
53,6,0.04993,-3.96,-0.53,15.99,-77.54,-9.67,286.96
53,7,0.05811,-4.46,-0.61,18.33,-61.19,-9.44,286.57
53,8,0.06671,-5.04,-0.69,20.62,-67.73,-8.92,265.96
53,9,0.07507,-5.61,-0.76,22.84,-68.61,-8.90,265.33
53,10,0.08350,-6.34,-0.84,24.96,-85.87,-8.67,251.81
53,11,0.09137,-7.11,-0.91,27.01,-98.45,-9.08,260.85
53,12,0.09991,-8.07,-0.87,28.95,-112.86,4.40,226.79
53,13,0.10834,-9.15,-0.91,30.81,-127.17,-4.56,220.29
53,14,0.11652,-10.51,-0.88,32.65,-167.16,3.10,225.75
53,15,0.12512,-12.03,-0.86,34.41,-176.60,2.21,204.61
53,16,0.13312,-13.64,-0.85,36.08,-200.38,1.74,208.78
53,17,0.14172,-15.31,-0.84,37.67,-194.33,1.13,184.04
53,18,0.15021,-17.13,-0.83,39.25,-214.39,0.76,187.05
53,19,0.15845,-18.99,-0.83,40.78,-226.67,0.39,185.56
53,20,0.16681,-21.04,-0.83,42.35,-244.16,0.01,187.59
53,21,0.17517,-23.11,-0.83,43.86,-248.54,-0.29,179.93
53,22,0.18347,-25.23,-0.84,45.30,-255.15,-0.65,174.26
53,23,0.19189,-27.38,-0.85,46.70,-255.43,-0.89,166.30
53,24,0.20013,-29.71,-0.86,48.14,-282.22,-1.34,173.70
53,25,0.20850,-32.05,-0.87,49.54,-279.93,-1.42,168.25
53,26,0.21680,-34.40,-0.88,50.93,-283.09,-1.52,167.28
53,27,0.22510,-36.72,-0.89,52.37,-279.78,-1.30,173.16
53,28,0.23346,-39.12,-0.90,53.90,-287.23,-1.13,183.58
53,29,0.24188,-41.45,-0.91,55.55,-276.45,-0.51,194.93
53,30,0.25018,-43.70,-0.90,57.29,-271.32,0.12,210.29
53,31,0.25842,-45.88,-0.90,59.13,-263.70,0.68,223.70
53,32,0.26697,-48.03,-0.89,61.08,-251.79,1.10,227.86
53,33,0.27527,-50.09,-0.87,63.12,-248.53,1.80,245.96
53,34,0.28320,-52.06,-0.85,65.26,-248.08,2.52,268.85
53,35,0.29156,-53.93,-0.83,67.47,-223.72,3.00,265.33
53,36,0.30005,-55.70,-0.80,69.78,-208.63,3.54,271.22
53,37,0.30823,-57.36,-0.76,72.15,-203.36,4.28,290.67
53,38,0.31659,-58.92,-0.72,74.60,-185.77,4.79,293.07
53,39,0.32507,-60.36,-0.68,77.12,-170.14,5.28,296.76
53,40,0.33313,-61.54,-0.63,79.74,-146.21,6.75,325.00
53,41,0.34149,-62.60,-0.57,82.41,-126.64,7.03,318.98
53,42,0.35004,-63.53,-0.50,85.12,-109.64,7.40,317.50
53,43,0.35840,-64.35,-0.44,87.87,-97.45,8.06,329.20
53,44,0.36688,-64.89,-0.36,90.64,-63.67,8.80,325.90
53,45,0.37500,-65.37,-0.28,93.41,-58.65,9.39,342.11
53,46,0.38324,-65.81,-0.21,96.20,-53.70,9.39,337.78
54,0,0.00000,0.00,0.00,0.00,113.97,-13.63,-376.47
54,1,0.00830,0.70,-0.11,-2.95,84.56,-12.96,-355.15
54,2,0.01648,1.39,-0.21,-5.81,84.70,-12.79,-349.63
54,3,0.02551,2.08,-0.31,-8.45,75.68,-10.67,-292.91
54,4,0.03394,2.75,-0.40,-11.04,79.71,-11.14,-306.52
54,5,0.04175,3.36,-0.49,-13.47,78.52,-11.37,-311.33
54,6,0.04980,3.99,-0.58,-15.87,78.03,-10.86,-298.48
54,7,0.05835,4.57,-0.66,-18.20,67.14,-9.93,-272.14
54,8,0.06714,5.22,-0.75,-20.46,75.00,-9.34,-256.94
54,9,0.07495,5.92,-0.82,-22.64,89.45,-10.06,-279.30
54,10,0.08325,6.77,-0.90,-24.71,101.84,-8.90,-249.63
54,11,0.09180,7.69,-0.97,-26.70,107.86,-8.24,-233.21
54,12,0.09985,8.80,-1.03,-28.56,138.26,-7.96,-230.30
54,13,0.10840,10.03,-1.09,-30.31,143.93,-6.96,-205.36
54,14,0.11707,11.57,-1.15,-32.04,177.11,-6.58,-198.94
54,15,0.12549,13.24,-1.20,-33.66,197.83,-6.20,-192.39
54,16,0.13379,15.02,-1.25,-35.19,215.44,-5.82,-184.93
54,17,0.14172,16.85,-1.29,-36.59,230.77,-5.44,-176.54
54,18,0.14990,18.85,-1.33,-37.96,244.03,-4.97,-166.79
54,19,0.15845,20.91,-1.37,-39.23,241.07,-4.34,-148.57
54,20,0.16711,23.16,-1.41,-40.47,259.15,-3.99,-143.31
54,21,0.17505,25.45,-1.28,-41.61,289.62,16.33,-143.46
54,22,0.18335,27.80,-1.16,-42.64,282.72,13.95,-124.63
54,23,0.19165,30.20,-1.01,-43.57,288.60,17.84,-111.76
54,24,0.19995,32.79,-0.84,-44.42,312.50,20.20,-102.57
54,25,0.20850,35.42,-0.67,-45.16,307.86,20.61,-86.07
54,26,0.21729,38.08,-0.48,-45.77,302.78,20.91,-70.14
54,27,0.22498,40.77,-0.29,-46.27,349.60,24.94,-64.29
54,28,0.23340,43.60,-0.08,-46.60,335.87,25.06,-39.13
54,29,0.24182,46.44,0.14,-46.80,337.32,25.86,-23.91
54,30,0.24988,49.29,0.36,-46.88,353.41,27.87,-9.47
54,31,0.25842,52.14,0.59,-46.82,333.57,26.99,6.43
54,32,0.26721,55.03,0.83,-46.60,329.17,27.58,25.35
54,33,0.27502,57.91,1.08,-46.24,368.75,31.59,45.31
54,34,0.28345,60.78,1.33,-45.76,339.86,29.92,57.25
54,35,0.29175,63.61,1.59,-45.15,341.91,30.86,73.53
54,36,0.29993,66.42,1.85,-44.41,343.28,31.72,90.30
54,37,0.30835,69.19,2.11,-43.55,328.99,31.20,102.54
54,38,0.31653,71.93,2.38,-42.58,334.33,32.36,119.03
54,39,0.32556,74.62,2.64,-41.51,298.65,29.46,117.91
54,40,0.33398,77.31,2.90,-40.49,318.48,31.21,120.65
54,41,0.34167,79.95,3.17,-39.37,343.65,34.32,145.63
54,42,0.34998,82.54,3.43,-38.15,312.50,32.06,147.79
54,43,0.35840,85.09,3.70,-36.83,302.17,31.58,156.88
54,44,0.36670,87.59,3.96,-35.54,301.84,31.46,155.15
54,45,0.37573,90.04,4.22,-34.14,270.95,29.00,154.73
54,46,0.38342,92.42,4.49,-32.63,309.52,33.99,196.03
55,0,0.00000,0.00,0.00,0.00,-76.59,-36.74,-410.32
55,1,0.00830,-0.56,-0.27,-2.98,-66.91,-32.16,-359.19
55,2,0.01660,-1.01,-0.54,-5.95,-54.41,-33.19,-358.09
55,3,0.02502,-1.43,-0.79,-8.65,-50.00,-29.63,-320.65
55,4,0.03381,-1.90,-1.03,-11.24,-53.12,-26.53,-294.10
55,5,0.04236,-2.40,-1.24,-13.70,-58.57,-25.26,-287.50
55,6,0.04993,-2.97,-1.44,-16.09,-76.21,-26.75,-316.53
55,7,0.05835,-3.61,-1.63,-18.40,-76.09,-22.15,-273.91
55,8,0.06665,-4.27,-1.81,-20.65,-78.68,-21.63,-270.59
55,9,0.07544,-4.93,-1.98,-22.84,-75.00,-19.69,-249.65
55,10,0.08398,-5.50,-2.16,-25.00,-67.14,-20.73,-252.50
55,11,0.09167,-6.00,-2.34,-27.14,-64.68,-23.71,-278.17
55,12,0.09998,-6.26,-2.55,-29.28,-31.62,-24.68,-258.46
55,13,0.10828,-6.37,-2.77,-31.43,-12.87,-26.44,-258.46
55,14,0.11670,-6.21,-3.03,-33.74,18.48,-31.09,-274.64
55,15,0.12500,-5.89,-3.30,-36.04,38.24,-33.31,-277.57
55,16,0.13330,-5.44,-3.59,-38.31,54.78,-34.40,-273.16
55,17,0.14233,-4.86,-3.88,-40.55,64.19,-32.47,-247.30
55,18,0.14990,-4.13,-4.20,-42.85,96.77,-41.66,-304.44
55,19,0.15833,-3.29,-4.31,-45.12,99.64,-12.86,-269.20
55,20,0.16675,-2.28,-4.31,-47.48,119.20,-0.80,-280.43
55,21,0.17529,-1.17,-4.32,-49.79,129.64,-0.72,-270.71
55,22,0.18420,0.04,-4.33,-52.05,135.96,-0.64,-253.77
55,23,0.19202,1.35,-4.33,-54.26,168.36,-0.65,-282.81
55,24,0.20032,2.87,-4.34,-56.53,182.72,-0.57,-273.53
55,25,0.20874,4.49,-4.34,-58.73,192.03,-0.49,-261.23
55,26,0.21704,6.20,-4.34,-60.86,206.62,-0.42,-255.88
55,27,0.22559,8.01,-4.35,-62.91,212.14,-0.34,-239.64
55,28,0.23364,10.04,-4.35,-64.91,251.14,-0.26,-248.86
55,29,0.24268,12.15,-4.35,-66.82,233.78,-0.15,-211.49
55,30,0.25024,14.35,-4.35,-68.64,290.32,-0.10,-239.92
55,31,0.25867,16.63,-4.35,-70.35,270.65,-0.01,-203.62
55,32,0.26697,19.04,-4.35,-71.96,291.18,0.10,-193.75
55,33,0.27539,21.53,-4.35,-73.46,295.29,0.18,-177.90
55,34,0.28430,24.08,-4.35,-74.84,286.30,0.24,-155.48
55,35,0.29199,26.69,-4.34,-76.11,339.29,0.37,-165.08
55,36,0.30042,29.35,-4.34,-77.26,316.30,0.41,-136.59
55,37,0.30859,32.07,-4.34,-78.29,331.72,0.51,-125.75
55,38,0.31702,34.83,-4.33,-79.20,327.54,0.57,-107.61
55,39,0.32532,37.62,-4.33,-79.98,336.40,0.65,-94.49
55,40,0.33362,40.38,-4.32,-80.78,332.35,0.63,-95.59
55,41,0.34277,43.17,-4.31,-81.45,305.00,0.64,-73.00
55,42,0.35059,46.00,-4.31,-81.99,361.72,0.83,-69.53
55,43,0.35876,48.83,-4.30,-82.41,346.64,0.86,-51.12
55,44,0.36707,51.62,-4.29,-82.83,335.66,0.84,-50.74
55,45,0.37549,54.42,-4.29,-83.12,332.61,0.88,-34.78
55,46,0.38440,57.23,-4.28,-83.29,315.75,0.90,-18.84
