trial,frame,t_s,x_cm,y_cm,z_cm,vx,vy,vz
0,0,0.00000,0.00,0.00,0.00,76.73,0.00,65.45
0,1,0.00887,0.64,0.14,0.55,72.63,15.91,61.96
0,2,0.01724,2.21,0.31,1.90,187.25,20.61,161.75
0,3,0.02501,3.78,0.49,3.26,201.96,22.23,174.46
0,4,0.03340,5.73,0.70,4.98,232.00,25.64,205.09
0,5,0.04189,7.68,0.92,6.70,229.50,25.44,202.88
0,6,0.05006,9.45,1.12,8.35,217.54,24.46,201.87
0,7,0.05885,11.23,1.32,10.00,202.43,22.81,187.85
0,8,0.06721,12.76,1.49,11.46,182.85,20.80,174.09
0,9,0.07501,14.29,1.66,12.92,196.09,22.21,186.69
0,10,0.08339,15.82,1.84,14.37,182.51,20.77,173.77
0,11,0.09203,17.35,2.01,15.83,177.03,20.05,168.55
0,12,0.10010,18.88,2.19,17.28,189.41,21.56,180.34
0,13,0.10843,20.41,2.36,18.74,183.52,20.89,174.73
0,14,0.11674,22.00,2.53,20.10,191.56,20.92,164.04
0,15,0.12560,23.59,2.71,21.47,180.00,19.74,154.14
0,16,0.13345,25.19,2.88,22.83,202.72,22.25,173.59
0,17,0.14172,26.78,3.06,24.19,192.62,21.12,164.94
0,18,0.15016,28.44,3.23,25.43,196.38,20.52,146.11
0,19,0.15846,30.09,3.41,26.66,199.63,20.96,148.53
0,20,0.16748,31.75,3.58,27.89,183.76,19.35,136.72
0,21,0.17500,33.41,3.75,29.13,220.28,23.02,163.89
0,22,0.18347,35.06,3.93,30.36,195.68,20.54,145.59
0,23,0.19177,36.72,4.10,31.59,199.63,20.91,148.53
0,24,0.20006,38.38,4.28,32.82,200.00,21.06,148.80
0,25,0.20885,40.04,4.45,34.06,188.54,19.70,140.28
0,26,0.21756,41.76,4.62,35.20,197.90,20.10,131.00
0,27,0.22580,43.55,4.80,36.38,216.67,22.00,143.33
0,28,0.23361,45.27,4.98,37.52,220.70,22.40,146.09
0,29,0.24185,47.00,5.15,38.66,209.63,21.25,137.78
0,30,0.25034,48.83,5.33,39.67,216.55,20.96,119.42
0,31,0.25844,50.67,5.51,40.68,227.12,21.98,124.29
0,32,0.26758,52.62,5.69,41.57,213.02,19.74,97.50
0,33,0.27568,54.58,5.87,42.44,241.43,22.28,107.72
0,34,0.28354,56.79,6.05,42.83,281.94,22.89,49.71
0,35,0.29178,59.02,6.23,43.21,270.74,21.89,45.56
0,36,0.30028,61.65,6.42,43.13,309.16,22.46,-8.98
0,37,0.30862,64.29,6.61,43.06,316.64,22.95,-8.41
0,38,0.31743,67.32,6.84,43.12,343.50,25.64,6.24
0,39,0.32515,70.36,7.07,43.18,393.68,29.36,8.30
0,40,0.33359,73.79,7.33,43.46,406.87,31.45,33.63
0,41,0.34184,77.24,7.60,43.75,417.74,32.24,34.75
0,42,0.35025,81.07,7.90,44.17,455.90,35.70,49.36
0,43,0.35852,84.92,8.20,44.60,464.94,36.50,52.03
0,44,0.36751,89.11,8.54,45.45,465.87,38.34,95.42
0,45,0.37602,93.35,8.90,46.39,498.92,41.45,110.39
0,46,0.38371,99.29,9.47,49.57,772.22,74.19,413.49
0,47,0.39201,105.20,10.04,52.73,711.76,68.45,380.88
0,48,0.40048,110.32,10.53,55.44,604.32,57.99,320.00
0,49,0.40871,115.44,11.02,58.15,622.26,59.70,329.50
0,50,0.41759,120.55,11.51,60.86,576.29,55.23,305.15
0,51,0.42606,125.66,12.00,63.57,602.88,57.87,319.28
0,52,0.43387,130.82,20.65,66.33,660.16,1106.93,353.12
0,53,0.44218,135.96,29.27,69.08,619.08,1036.71,331.01
0,54,0.45044,141.12,37.56,71.85,624.03,1004.87,335.67
0,55,0.45975,146.27,45.85,74.62,553.44,889.86,297.70
0,56,0.46730,151.52,53.97,77.46,694.95,1075.78,375.76
0,57,0.47606,156.66,61.91,80.24,586.76,906.12,317.42
0,58,0.48381,161.77,69.47,83.02,660.24,975.50,358.66
0,59,0.49226,166.90,77.00,85.80,606.14,890.94,329.24
0,60,0.50063,172.10,84.04,88.65,622.26,842.26,340.15
0,61,0.50905,177.34,91.04,91.52,622.46,830.95,340.58
0,62,0.51729,183.23,97.33,94.79,714.81,763.20,397.41
0,63,0.52626,189.14,103.54,98.08,658.84,692.41,366.67
0,64,0.53383,195.44,108.53,101.61,831.45,659.22,466.13
0,65,0.54234,201.72,113.38,105.13,737.99,569.50,413.98
0,66,0.55052,208.09,116.20,108.72,779.10,343.97,438.81
0,67,0.55907,214.45,118.93,112.30,743.93,319.50,418.93
0,68,0.56789,220.61,120.36,115.77,698.96,162.42,393.77
0,69,0.57552,226.75,121.74,119.23,804.00,181.48,452.80
0,70,0.58403,232.41,122.38,122.40,664.52,74.82,372.76
0,71,0.59227,238.02,122.98,125.55,680.74,73.31,381.48
0,72,0.60066,242.87,123.07,128.24,578.55,10.72,320.73
0,73,0.60893,247.69,123.14,130.91,582.29,7.82,322.88
0,74,0.61790,251.89,122.81,133.21,468.37,-36.74,256.46
0,75,0.62621,256.08,122.46,135.51,505.15,-42.28,276.84
0,76,0.63399,260.12,121.77,137.71,518.82,-87.86,283.53
0,77,0.64232,264.15,121.07,139.92,484.25,-84.65,264.84
0,78,0.65077,268.18,120.03,142.12,475.81,-123.14,260.65
1,0,0.00000,0.00,0.00,0.00,-89.78,24.42,-46.72
1,1,0.00781,-0.75,0.20,-0.39,-96.09,25.90,-50.00
1,2,0.01602,-2.58,0.70,-1.36,-223.42,60.53,-117.84
1,3,0.02469,-4.42,1.26,-2.33,-211.62,64.33,-111.62
1,4,0.03290,-6.70,1.93,-3.56,-278.44,82.59,-150.93
1,5,0.04181,-8.99,2.66,-4.80,-256.51,81.15,-139.04
1,6,0.05014,-11.10,3.33,-6.01,-252.75,81.05,-144.69
1,7,0.05798,-13.20,4.01,-7.21,-268.48,86.44,-153.70
1,8,0.06613,-15.02,4.60,-8.29,-223.22,72.45,-131.84
1,9,0.07468,-16.84,5.19,-9.36,-212.86,68.95,-125.71
1,10,0.08316,-18.66,5.78,-10.44,-214.39,69.61,-126.62
1,11,0.09134,-20.48,6.37,-11.51,-222.39,72.03,-131.34
1,12,0.09958,-22.30,6.96,-12.59,-220.74,71.68,-130.37
1,13,0.10794,-24.11,7.55,-13.66,-217.52,70.49,-128.47
1,14,0.11609,-25.97,8.13,-14.63,-228.09,71.23,-118.73
1,15,0.12491,-27.83,8.71,-15.59,-210.73,65.92,-109.69
1,16,0.13321,-29.69,9.29,-16.56,-223.90,69.90,-116.54
1,17,0.14160,-31.55,9.87,-17.53,-221.45,69.16,-115.27
1,18,0.14966,-33.44,10.44,-18.36,-234.85,69.99,-102.65
1,19,0.15790,-35.33,11.00,-19.18,-229.63,68.44,-100.37
1,20,0.16653,-37.23,11.56,-20.01,-219.08,65.30,-95.76
1,21,0.17453,-39.12,12.13,-20.84,-236.64,70.73,-103.44
1,22,0.18314,-41.01,12.69,-21.66,-219.86,65.57,-96.10
1,23,0.19147,-42.90,13.26,-22.49,-227.11,67.73,-99.27
1,24,0.19995,-44.79,13.82,-23.32,-223.02,66.40,-97.48
1,25,0.20782,-46.69,14.39,-24.15,-240.31,71.62,-105.04
1,26,0.21625,-48.62,14.94,-24.87,-230.07,66.19,-85.87
1,27,0.22479,-50.56,15.50,-25.59,-226.79,65.11,-84.64
1,28,0.23328,-52.50,16.06,-26.32,-228.42,65.71,-85.25
1,29,0.24139,-54.44,16.61,-27.04,-238.72,68.50,-88.72
1,30,0.25006,-56.45,17.16,-27.61,-232.75,63.26,-65.85
1,31,0.25809,-58.47,17.71,-28.18,-251.33,68.31,-71.10
1,32,0.26663,-60.57,18.25,-28.61,-245.36,63.57,-50.36
1,33,0.27444,-62.66,18.80,-29.04,-268.36,69.39,-55.08
1,34,0.28323,-64.91,19.28,-28.92,-255.90,55.07,13.54
1,35,0.29138,-67.16,19.76,-28.80,-276.03,59.04,14.61
1,36,0.29968,-69.71,20.26,-28.13,-306.25,60.71,80.15
1,37,0.30798,-72.25,20.68,-27.47,-306.25,49.93,80.15
1,38,0.31631,-75.21,21.17,-26.84,-355.31,58.71,75.46
1,39,0.32507,-78.17,21.56,-26.21,-337.98,45.29,71.78
1,40,0.33301,-81.58,21.95,-25.71,-429.62,48.79,62.69
1,41,0.34164,-84.99,22.21,-25.22,-394.70,29.55,57.60
1,42,0.34964,-88.81,22.36,-24.76,-478.63,19.47,57.63
1,43,0.35818,-92.64,22.36,-24.30,-447.86,0.00,53.93
1,44,0.36633,-96.91,22.48,-24.19,-524.34,14.69,13.48
1,45,0.37473,-101.18,22.89,-24.08,-509.09,49.12,12.73
1,46,0.38324,-107.69,23.32,-25.84,-763.80,49.52,-206.45
1,47,0.39157,-114.19,23.74,-27.59,-780.59,50.62,-210.99
1,48,0.39954,-119.79,24.10,-29.08,-702.68,46.02,-186.21
1,49,0.40787,-125.38,24.47,-30.56,-671.79,43.94,-178.02
1,50,0.41675,-130.98,24.84,-32.04,-630.24,41.21,-167.01
1,51,0.42584,-136.55,25.20,-33.57,-612.75,39.50,-167.79
1,52,0.43326,-142.19,33.83,-35.09,-760.08,1164.26,-204.94
1,53,0.44214,-147.83,42.46,-36.61,-634.71,972.17,-171.13
1,54,0.44989,-153.47,50.76,-38.15,-727.95,1070.14,-198.43
1,55,0.45828,-159.12,59.05,-39.69,-672.73,988.48,-183.27
1,56,0.46628,-164.75,67.01,-41.24,-704.96,995.47,-193.89
1,57,0.47534,-170.39,74.97,-42.79,-621.89,878.09,-171.04
1,58,0.48349,-176.00,82.53,-44.34,-688.76,928.01,-190.64
1,59,0.49179,-181.62,90.09,-45.89,-676.47,910.85,-187.13
1,60,0.50018,-187.33,97.14,-47.49,-680.36,839.20,-190.55
1,61,0.50793,-193.04,104.18,-49.09,-736.61,908.43,-206.30
1,62,0.51651,-199.51,110.47,-50.95,-755.16,733.33,-217.08
1,63,0.52481,-205.99,116.75,-52.81,-780.15,757.35,-224.26
1,64,0.53333,-212.90,121.73,-54.83,-811.83,584.81,-236.56
1,65,0.54196,-220.05,126.80,-56.91,-827.92,587.18,-241.34
1,66,0.54993,-227.07,129.62,-58.97,-880.84,353.20,-258.24
1,67,0.55814,-234.07,132.38,-61.03,-853.53,336.74,-250.56
1,68,0.56662,-240.86,133.81,-63.02,-800.00,168.84,-234.89
1,69,0.57486,-247.63,135.22,-65.01,-821.48,170.43,-241.11
1,70,0.58331,-253.86,135.86,-66.82,-736.82,75.36,-214.80
1,71,0.59219,-260.06,136.47,-68.62,-697.94,69.55,-203.09
1,72,0.60013,-265.39,136.56,-70.15,-672.69,11.33,-192.69
1,73,0.60843,-270.71,136.64,-71.67,-640.07,9.04,-183.09
1,74,0.61673,-275.32,136.31,-72.97,-555.88,-39.71,-155.88
1,75,0.62534,-279.93,135.97,-74.26,-535.46,-39.76,-150.35
1,76,0.63367,-284.36,135.28,-75.50,-531.87,-82.07,-148.72
1,77,0.64197,-288.79,134.59,-76.74,-533.82,-83.90,-149.26
1,78,0.65027,-293.21,133.55,-77.98,-531.99,-125.40,-149.26
2,0,0.00000,0.00,0.00,0.00,-81.07,0.00,-57.14
2,1,0.00809,-0.69,0.00,-0.49,-85.66,0.00,-60.38
2,2,0.01660,-2.38,-0.00,-1.69,-198.21,-0.00,-141.58
2,3,0.02539,-4.07,-0.00,-2.90,-192.01,0.00,-137.15
2,4,0.03336,-6.16,-0.00,-4.43,-263.22,0.00,-192.72
2,5,0.04190,-8.26,-0.00,-5.97,-245.36,0.00,-179.64
2,6,0.05008,-10.18,-0.00,-7.45,-235.07,0.00,-180.97
2,7,0.05814,-12.11,-0.00,-8.93,-238.64,0.00,-183.71
2,8,0.06644,-13.76,-0.00,-10.24,-199.63,0.00,-157.72
2,9,0.07489,-15.42,-0.00,-11.55,-196.03,0.00,-154.87
2,10,0.08368,-17.08,-0.00,-12.86,-188.54,0.00,-148.96
2,11,0.09189,-18.73,-0.00,-14.17,-201.86,0.00,-159.48
2,12,0.09967,-20.39,-0.00,-15.48,-212.94,0.00,-168.24
2,13,0.10806,-22.05,-0.00,-16.78,-197.45,0.00,-156.00
2,14,0.11667,-23.76,-0.00,-18.00,-198.94,0.00,-140.78
2,15,0.12485,-25.47,-0.00,-19.21,-209.33,0.00,-148.13
2,16,0.13330,-27.19,-0.00,-20.42,-202.89,0.00,-143.68
2,17,0.14178,-28.90,-0.00,-21.63,-201.80,0.00,-142.81
2,18,0.14975,-30.66,-0.00,-22.71,-221.46,0.00,-134.87
2,19,0.15808,-32.43,-0.00,-23.78,-211.72,0.00,-128.94
2,20,0.16635,-34.19,-0.00,-24.86,-213.28,0.00,-129.89
2,21,0.17502,-35.96,-0.00,-25.93,-203.52,0.00,-123.94
2,22,0.18323,-37.72,-0.00,-27.01,-214.87,0.00,-130.86
2,23,0.19147,-39.48,-0.00,-28.08,-214.07,0.00,-130.37
2,24,0.20013,-41.25,-0.00,-29.15,-203.52,0.00,-123.94
2,25,0.20831,-43.01,-0.00,-30.23,-215.67,0.00,-131.34
2,26,0.21643,-44.83,-0.00,-31.20,-224.44,0.00,-120.30
2,27,0.22501,-46.66,-0.00,-32.18,-212.46,0.00,-113.88
2,28,0.23376,-48.48,-0.00,-33.16,-208.36,0.00,-111.50
2,29,0.24222,-50.43,-0.00,-34.19,-230.69,0.00,-122.02
2,30,0.25043,-52.35,-0.00,-35.03,-234.20,0.00,-102.23
2,31,0.25888,-54.28,-0.00,-35.86,-228.16,0.00,-98.19
2,32,0.26715,-56.30,-0.00,-36.57,-244.28,0.00,-85.61
2,33,0.27539,-58.34,-0.00,-37.24,-247.04,0.00,-81.48
2,34,0.28421,-60.58,-0.00,-37.42,-254.33,0.00,-21.11
2,35,0.29230,-62.85,-0.00,-37.57,-280.75,0.00,-18.49
2,36,0.30035,-65.46,-0.00,-37.26,-323.86,0.00,39.39
2,37,0.30884,-68.10,-0.00,-36.94,-310.79,0.00,36.69
2,38,0.31735,-71.12,-0.00,-36.72,-354.48,0.00,26.16
2,39,0.32547,-74.16,-0.00,-36.51,-375.56,0.00,25.94
2,40,0.33444,-77.61,-0.00,-36.48,-384.01,0.00,3.74
2,41,0.34341,-81.09,-0.00,-36.45,-387.41,0.00,3.06
2,42,0.35110,-84.94,-0.00,-36.51,-501.19,0.00,-7.94
2,43,0.35947,-88.82,-0.00,-36.60,-464.23,0.00,-10.58
2,44,0.36792,-93.07,-0.00,-37.07,-502.53,0.00,-55.60
2,45,0.37601,-97.45,-0.00,-37.69,-542.26,0.00,-76.60
2,46,0.38403,-103.66,-0.00,-40.31,-773.38,0.00,-326.24
2,47,0.39227,-109.81,-0.00,-42.90,-745.93,0.00,-314.44
2,48,0.40042,-115.16,-0.00,-45.12,-656.18,0.00,-273.03
2,49,0.40857,-120.50,-0.00,-47.35,-656.18,0.00,-273.03
2,50,0.41693,-125.85,-0.00,-49.57,-639.42,0.00,-266.06
2,51,0.42538,-131.21,0.62,-51.81,-633.94,73.61,-264.26
2,52,0.43399,-136.59,9.26,-54.07,-625.18,1003.25,-263.48
2,53,0.44205,-141.97,17.87,-56.34,-667.80,1068.62,-281.82
2,54,0.45038,-147.35,26.16,-58.63,-646.15,995.66,-274.36
2,55,0.45862,-152.73,34.43,-60.92,-653.33,1003.79,-277.41
2,56,0.46722,-158.11,42.39,-63.21,-624.47,924.87,-266.67
2,57,0.47540,-163.48,50.32,-65.51,-657.09,969.67,-280.60
2,58,0.48419,-168.84,57.88,-67.80,-609.03,860.34,-261.46
2,59,0.49240,-174.19,65.41,-70.10,-652.79,916.55,-280.30
2,60,0.50040,-179.64,72.45,-72.46,-680.53,880.83,-294.27
2,61,0.50858,-185.13,79.44,-74.84,-671.64,854.46,-291.04
2,62,0.51709,-191.29,85.73,-77.56,-724.01,738.58,-319.35
2,63,0.52576,-197.49,91.92,-80.29,-714.79,714.68,-315.49
2,64,0.53415,-204.06,96.90,-83.22,-783.64,593.31,-349.09
2,65,0.54221,-210.65,101.72,-86.15,-817.05,598.63,-364.02
2,66,0.55035,-217.32,104.54,-89.14,-819.10,345.26,-366.29
2,67,0.55914,-223.98,107.25,-92.12,-757.64,308.74,-338.89
2,68,0.56720,-230.44,108.68,-95.01,-801.52,177.80,-358.71
2,69,0.57562,-236.86,110.06,-97.88,-761.96,163.25,-340.94
2,70,0.58426,-242.78,110.69,-100.52,-686.22,73.76,-305.65
2,71,0.59225,-248.65,111.29,-103.13,-733.59,74.73,-326.34
2,72,0.60037,-253.73,111.38,-105.36,-626.32,11.08,-275.19
2,73,0.60895,-258.76,111.44,-107.57,-586.83,6.95,-257.65
2,74,0.61707,-263.16,111.11,-109.48,-541.73,-40.61,-234.59
2,75,0.62564,-267.55,110.76,-111.38,-511.39,-41.42,-221.71
2,76,0.63388,-271.77,110.07,-113.20,-512.59,-82.98,-221.48
2,77,0.64224,-275.99,109.36,-115.03,-504.74,-84.86,-218.25
2,78,0.65048,-280.20,108.32,-116.85,-510.74,-126.34,-221.11
3,0,0.00000,0.00,0.00,0.00,59.85,0.00,-81.75
3,1,0.00842,0.57,0.11,-0.63,67.39,12.67,-74.64
3,2,0.01648,2.11,0.24,-2.01,191.67,16.61,-171.59
3,3,0.02478,3.79,0.37,-3.23,201.84,16.16,-147.43
3,4,0.03293,6.04,0.54,-4.52,276.78,20.37,-158.05
3,5,0.04153,8.42,0.70,-5.58,275.89,18.93,-122.70
3,6,0.04996,10.70,0.85,-6.41,270.65,17.71,-98.19
3,7,0.05792,12.98,1.00,-7.23,286.21,18.64,-103.83
3,8,0.06656,14.97,1.13,-7.93,230.74,14.94,-80.57
3,9,0.07474,16.96,1.26,-8.62,243.66,15.78,-85.07
3,10,0.08310,18.95,1.39,-9.32,238.32,15.45,-83.21
3,11,0.09143,20.95,1.52,-10.02,239.19,15.49,-83.52
3,12,0.09979,22.94,1.65,-10.71,238.32,15.43,-83.21
3,13,0.10800,24.93,1.78,-11.41,242.75,15.74,-84.76
3,14,0.11661,26.87,1.91,-12.20,225.53,15.11,-92.20
3,15,0.12473,28.81,2.04,-12.99,239.10,16.06,-97.74
3,16,0.13354,30.76,2.17,-13.79,220.07,14.78,-89.97
3,17,0.14175,32.70,2.28,-14.58,236.43,13.49,-96.65
3,18,0.15015,34.55,2.28,-15.49,221.09,-0.00,-108.36
3,19,0.15836,36.41,2.39,-16.40,226.02,13.69,-110.78
3,20,0.16684,38.26,2.39,-17.31,218.71,0.00,-107.19
3,21,0.17511,40.12,2.51,-18.22,224.35,14.28,-109.96
3,22,0.18338,41.97,2.51,-19.13,224.35,0.00,-109.96
3,23,0.19168,43.83,2.63,-20.04,223.53,14.24,-109.56
3,24,0.19998,45.68,2.63,-20.95,223.53,0.00,-109.56
3,25,0.20801,47.54,2.74,-21.86,231.18,14.69,-113.31
3,26,0.21640,49.34,2.74,-22.87,214.91,0.00,-120.73
3,27,0.22470,51.15,2.87,-23.88,217.28,14.95,-122.06
3,28,0.23322,52.95,2.87,-24.90,211.83,0.00,-119.00
3,29,0.24182,54.75,2.99,-25.91,209.57,14.41,-117.73
3,30,0.25000,56.49,2.99,-27.08,212.69,0.00,-143.28
3,31,0.25821,58.23,3.13,-28.25,211.90,16.23,-142.75
3,32,0.26675,59.92,3.13,-29.57,196.79,0.00,-154.64
3,33,0.27502,61.60,3.27,-30.90,203.32,17.20,-159.78
3,34,0.28302,62.96,3.27,-32.69,170.23,0.00,-224.43
3,35,0.29156,64.32,3.43,-34.48,159.29,19.45,-210.00
3,36,0.30005,65.45,3.53,-36.86,133.81,11.81,-279.50
3,37,0.30832,66.59,3.63,-39.23,137.27,12.12,-286.72
3,38,0.31696,68.02,3.75,-41.89,166.08,13.29,-308.48
3,39,0.32529,69.46,3.86,-44.56,172.16,13.81,-319.78
3,40,0.33353,71.28,3.99,-47.48,221.11,15.75,-354.81
3,41,0.34171,73.11,4.12,-50.41,223.51,15.91,-358.58
3,42,0.34979,75.23,4.27,-53.63,262.26,17.84,-398.11
3,43,0.35797,77.35,4.41,-56.85,259.70,17.69,-393.66
3,44,0.36679,80.03,4.57,-60.18,303.46,17.73,-377.51
3,45,0.37494,82.71,4.73,-63.51,329.59,19.21,-408.99
3,46,0.38348,88.26,4.94,-67.34,648.57,25.26,-447.86
3,47,0.39175,93.80,5.16,-71.17,669.74,26.05,-462.73
3,48,0.40082,98.79,5.35,-74.65,550.84,21.57,-384.18
3,49,0.40848,103.54,5.54,-77.96,620.32,24.29,-432.67
3,50,0.41705,108.29,5.54,-81.28,554.09,0.00,-386.48
3,51,0.42508,113.05,6.01,-84.59,592.40,58.54,-412.93
3,52,0.43326,117.85,14.64,-87.91,587.31,1055.65,-405.97
3,53,0.44180,122.65,23.26,-91.23,562.14,1008.25,-388.57
3,54,0.45001,127.47,31.55,-94.55,587.36,1010.47,-403.72
3,55,0.45850,132.30,39.83,-97.86,568.35,975.60,-390.65
3,56,0.46695,137.12,47.79,-101.16,570.76,941.56,-390.25
3,57,0.47504,141.94,55.73,-104.46,596.23,981.52,-407.92
3,58,0.48343,146.78,63.32,-107.75,576.00,905.01,-392.73
3,59,0.49185,151.60,70.85,-111.04,572.10,894.12,-389.86
3,60,0.50052,156.51,77.90,-114.36,566.55,812.60,-383.80
3,61,0.50845,161.46,84.89,-117.72,623.85,882.01,-422.31
3,62,0.51694,167.06,91.18,-121.46,660.79,741.24,-441.01
3,63,0.52524,172.69,97.39,-125.21,678.31,748.30,-452.21
3,64,0.53348,178.70,102.37,-129.18,728.52,604.30,-482.22
3,65,0.54218,184.70,107.23,-133.16,690.88,557.81,-457.19
3,66,0.55029,190.81,110.04,-137.19,751.88,346.56,-495.86
3,67,0.55859,196.90,112.77,-141.20,733.82,329.10,-483.82
3,68,0.56702,202.80,114.20,-145.10,701.09,170.07,-462.32
3,69,0.57541,208.68,115.59,-148.97,700.36,165.09,-461.82
3,70,0.58356,214.09,116.23,-152.55,664.04,78.18,-439.70
3,71,0.59207,219.45,116.83,-156.11,629.75,71.02,-417.20
3,72,0.60028,224.07,116.92,-159.19,562.08,10.95,-375.84
3,73,0.60864,228.65,116.98,-162.26,547.45,7.79,-366.42
3,74,0.61697,232.62,116.66,-164.94,476.56,-39.56,-322.34
3,75,0.62531,236.58,116.30,-167.62,475.46,-42.08,-321.61
3,76,0.63385,240.39,115.62,-170.20,445.71,-80.02,-302.14
3,77,0.64191,244.20,114.92,-172.78,472.73,-87.49,-320.08
3,78,0.65033,247.99,113.88,-175.35,451.09,-123.59,-305.07
4,0,0.00000,0.00,0.00,0.00,12.06,0.00,-117.38
4,1,0.00815,0.11,-0.00,-1.09,13.86,-0.00,-133.33
4,2,0.01633,0.34,0.00,-3.15,27.24,0.00,-251.87
4,3,0.02481,0.58,0.00,-5.31,28.42,0.00,-255.04
4,4,0.03311,0.89,0.00,-7.89,37.50,0.00,-310.66
4,5,0.04153,1.21,0.00,-10.43,37.68,0.00,-302.17
4,6,0.04990,1.55,0.00,-12.84,41.61,0.00,-287.23
4,7,0.05811,1.90,0.00,-15.17,42.01,0.00,-284.76
4,8,0.06665,2.23,0.00,-17.26,38.57,0.00,-243.93
4,9,0.07474,2.56,0.00,-19.34,40.75,0.00,-257.74
4,10,0.08347,2.89,0.00,-21.43,37.76,0.00,-238.81
4,11,0.09149,3.22,0.00,-23.51,41.06,0.00,-259.70
4,12,0.10001,3.55,0.00,-25.60,38.71,0.00,-244.80
4,13,0.10822,3.85,0.00,-27.68,37.55,0.00,-253.90
4,14,0.11661,4.07,0.00,-29.76,25.82,0.00,-248.36
4,15,0.12494,4.29,0.00,-31.85,26.01,0.00,-250.18
4,16,0.13327,4.50,0.00,-33.93,26.01,0.00,-250.18
4,17,0.14163,4.69,0.00,-36.01,22.63,0.00,-248.91
4,18,0.14990,4.77,0.00,-38.08,8.86,0.00,-249.45
4,19,0.15808,4.84,0.00,-40.14,8.96,0.00,-252.24
4,20,0.16666,4.91,0.00,-42.20,8.54,0.00,-240.57
4,21,0.17468,4.99,0.00,-44.27,9.13,0.00,-257.03
4,22,0.18311,5.06,0.00,-46.33,8.70,0.00,-244.93
4,23,0.19174,5.13,0.00,-48.39,8.48,0.00,-238.87
4,24,0.19986,5.21,0.00,-50.45,9.02,0.00,-254.14
4,25,0.20819,5.26,0.00,-52.52,5.86,0.00,-247.99
4,26,0.21649,5.21,0.00,-54.59,-5.15,0.00,-248.90
4,27,0.22491,5.17,0.00,-56.65,-5.07,0.00,-245.29
4,28,0.23328,5.13,0.00,-58.72,-5.11,0.00,-247.08
4,29,0.24176,5.05,0.00,-60.79,-8.99,0.00,-244.24
4,30,0.24997,4.84,0.00,-62.88,-25.65,0.00,-254.28
4,31,0.25815,4.60,0.00,-64.97,-29.85,0.00,-255.60
4,32,0.26657,4.22,0.00,-67.08,-44.20,0.00,-250.36
4,33,0.27515,3.74,0.00,-69.17,-56.58,0.00,-244.48
4,34,0.28314,2.80,0.00,-71.22,-117.18,0.00,-256.11
4,35,0.29153,1.74,0.00,-73.28,-126.55,0.00,-245.45
4,36,0.30002,0.18,0.00,-75.40,-183.45,0.00,-249.64
4,37,0.30814,-1.39,0.00,-77.60,-194.36,0.00,-271.05
4,38,0.31662,-3.07,0.00,-80.12,-197.12,0.00,-297.12
4,39,0.32489,-4.75,0.00,-82.74,-203.32,0.00,-316.24
4,40,0.33331,-6.47,0.00,-85.72,-203.99,0.00,-354.71
4,41,0.34167,-8.21,0.00,-88.79,-208.39,0.00,-366.79
4,42,0.35013,-10.05,0.00,-92.18,-217.33,0.00,-401.08
4,43,0.35831,-11.85,0.00,-95.68,-220.52,0.00,-427.99
4,44,0.36649,-13.52,0.00,-99.62,-204.48,0.00,-480.97
4,45,0.37485,-15.01,0.00,-104.10,-178.10,0.00,-536.50
4,46,0.38315,-15.77,0.00,-110.79,-91.18,0.00,-806.25
4,47,0.39151,-16.51,0.00,-117.30,-88.69,0.00,-777.74
4,48,0.39996,-17.19,0.00,-123.05,-80.14,0.00,-680.51
4,49,0.40814,-17.86,0.00,-128.80,-82.84,0.00,-703.36
4,50,0.41663,-18.54,0.00,-134.56,-79.86,0.00,-678.06
4,51,0.42480,-19.22,1.73,-140.32,-82.46,211.56,-704.48
4,52,0.43304,-19.88,10.37,-146.12,-80.00,1048.31,-704.44
4,53,0.44150,-20.53,18.93,-151.93,-77.62,1013.31,-686.64
4,54,0.45007,-21.18,27.23,-157.74,-75.44,967.32,-677.94
4,55,0.45844,-21.82,35.46,-163.55,-77.01,983.96,-695.26
4,56,0.46652,-22.45,43.42,-169.36,-78.11,984.20,-718.49
4,57,0.47495,-23.08,51.30,-175.17,-74.64,935.49,-689.49
4,58,0.48306,-23.70,58.86,-180.96,-76.32,931.49,-713.53
4,59,0.49158,-24.32,66.31,-186.78,-72.40,875.85,-682.80
4,60,0.49976,-24.93,73.36,-192.67,-75.00,861.12,-720.90
4,61,0.50812,-25.55,80.25,-198.73,-74.09,824.13,-724.82
4,62,0.51645,-26.20,86.54,-205.44,-78.02,754.81,-805.13
4,63,0.52487,-26.86,92.56,-212.24,-77.54,715.37,-807.25
4,64,0.53317,-27.52,97.54,-219.41,-80.51,599.86,-863.60
4,65,0.54144,-28.19,102.09,-226.60,-80.81,549.43,-869.37
4,66,0.55011,-28.86,104.90,-233.88,-76.76,324.59,-840.14
4,67,0.55814,-29.52,107.43,-241.11,-82.51,315.93,-901.14
4,68,0.56656,-30.16,108.87,-248.16,-76.45,170.07,-836.23
4,69,0.57504,-30.80,110.14,-255.08,-74.82,150.00,-816.55
4,70,0.58328,-31.40,110.78,-261.54,-73.33,77.31,-784.07
4,71,0.59149,-31.99,111.30,-267.82,-72.12,64.20,-763.94
4,72,0.59998,-32.54,111.39,-273.34,-64.03,10.60,-651.44
4,73,0.60806,-33.07,111.40,-278.72,-65.66,0.69,-664.53
4,74,0.61649,-33.56,111.07,-283.48,-58.33,-39.13,-565.94
4,75,0.62482,-34.05,110.67,-288.21,-58.61,-48.11,-567.40
4,76,0.63303,-34.52,109.99,-292.79,-57.99,-83.29,-557.25
4,77,0.64157,-35.00,109.23,-297.36,-55.71,-88.42,-535.00
4,78,0.65012,-35.47,108.19,-301.92,-55.36,-121.82,-533.93
5,0,0.00000,0.00,0.00,0.00,-118.45,0.00,-32.10
5,1,0.00806,-1.05,0.00,-0.30,-130.30,0.00,-37.12
5,2,0.01642,-3.04,0.00,-0.88,-237.96,0.00,-68.98
5,3,0.02454,-5.13,0.00,-1.49,-257.52,0.00,-75.56
5,4,0.03299,-7.62,0.00,-2.24,-294.22,0.00,-89.17
5,5,0.04126,-10.07,0.00,-3.00,-296.31,0.00,-91.14
5,6,0.04959,-12.37,0.00,-3.75,-276.56,0.00,-90.84
5,7,0.05811,-14.61,0.00,-4.50,-263.44,0.00,-87.10
5,8,0.06622,-16.61,0.00,-5.18,-245.86,0.00,-84.21
5,9,0.07486,-18.61,0.00,-5.86,-231.10,0.00,-79.15
5,10,0.08289,-20.60,0.00,-6.55,-248.67,0.00,-85.17
5,11,0.09155,-22.60,0.00,-7.23,-230.28,0.00,-78.87
5,12,0.09973,-24.59,0.00,-7.91,-244.03,0.00,-83.58
5,13,0.10788,-26.60,0.00,-8.58,-245.69,0.00,-81.27
5,14,0.11630,-28.61,0.00,-9.15,-239.49,0.00,-68.12
5,15,0.12463,-30.63,0.00,-9.72,-242.12,0.00,-68.86
5,16,0.13318,-32.65,0.00,-10.30,-236.07,0.00,-67.14
5,17,0.14124,-34.66,0.00,-10.84,-250.38,0.00,-67.80
5,18,0.14960,-36.69,0.00,-11.27,-241.61,0.00,-51.09
5,19,0.15790,-38.71,0.00,-11.70,-243.38,0.00,-51.47
5,20,0.16626,-40.73,0.00,-12.12,-241.61,0.00,-51.09
5,21,0.17462,-42.75,0.00,-12.55,-241.61,0.00,-51.09
5,22,0.18298,-44.77,0.00,-12.98,-241.61,0.00,-51.09
5,23,0.19119,-46.79,0.00,-13.41,-246.10,0.00,-52.04
5,24,0.19968,-48.81,0.00,-13.83,-238.13,0.00,-50.36
5,25,0.20804,-50.83,0.00,-14.24,-242.34,0.00,-48.54
5,26,0.21625,-52.87,0.00,-14.56,-248.70,0.00,-38.66
5,27,0.22473,-54.92,0.00,-14.87,-240.65,0.00,-37.41
5,28,0.23282,-56.96,0.00,-15.19,-252.45,0.00,-39.25
5,29,0.24118,-59.01,0.00,-15.48,-245.62,0.00,-33.94
5,30,0.24945,-61.11,0.00,-15.63,-253.14,0.00,-18.45
5,31,0.25793,-63.21,0.00,-15.75,-247.84,0.00,-14.39
5,32,0.26624,-65.35,0.00,-15.75,-257.72,0.00,0.37
5,33,0.27460,-67.50,0.00,-15.63,-256.93,0.00,13.87
5,34,0.28296,-69.67,0.00,-15.06,-260.58,0.00,68.25
5,35,0.29144,-71.89,0.00,-14.37,-260.79,0.00,81.29
5,36,0.29959,-74.24,0.00,-13.20,-289.14,0.00,143.07
5,37,0.30783,-76.68,0.00,-12.03,-295.93,0.00,142.59
5,38,0.31628,-79.46,0.00,-10.82,-328.16,0.00,143.32
5,39,0.32471,-82.32,0.00,-9.61,-340.22,0.00,143.12
5,40,0.33298,-85.56,0.00,-8.44,-391.88,0.00,142.07
5,41,0.34140,-88.89,0.00,-7.25,-394.57,0.00,140.58
5,42,0.34964,-92.54,0.00,-6.03,-443.70,0.00,148.15
5,43,0.35797,-96.30,0.00,-4.86,-450.92,0.00,140.66
5,44,0.36630,-100.46,0.00,-3.89,-499.63,0.00,116.12
5,45,0.37457,-105.14,0.00,-3.20,-565.31,0.00,83.39
5,46,0.38287,-111.86,0.00,-3.62,-809.93,0.00,-49.63
5,47,0.39145,-118.39,0.00,-4.01,-761.92,0.00,-45.91
5,48,0.39999,-124.18,0.00,-4.34,-676.79,0.00,-38.21
5,49,0.40790,-129.96,0.00,-4.66,-731.66,0.00,-41.31
5,50,0.41644,-135.74,0.00,-4.99,-676.79,0.00,-38.21
5,51,0.42459,-141.53,1.73,-5.32,-710.86,212.35,-40.82
5,52,0.43283,-147.36,10.36,-5.68,-707.41,1047.83,-42.96
5,53,0.44128,-153.19,18.93,-6.03,-689.53,1013.32,-42.24
5,54,0.44955,-159.03,27.23,-6.40,-705.90,1003.01,-44.65
5,55,0.45779,-164.87,35.45,-6.77,-708.52,998.56,-45.19
5,56,0.46640,-170.70,43.41,-7.16,-677.66,924.87,-44.33
5,57,0.47464,-176.53,51.29,-7.54,-707.41,956.30,-46.67
5,58,0.48315,-182.34,58.85,-7.93,-682.44,888.09,-45.88
5,59,0.49127,-188.17,66.31,-8.33,-718.42,918.68,-48.87
5,60,0.49969,-194.09,73.35,-8.74,-702.17,836.15,-49.28
5,61,0.50809,-200.16,80.25,-9.18,-724.00,821.18,-52.00
5,62,0.51636,-206.88,86.53,-9.70,-812.55,760.39,-62.73
5,63,0.52466,-213.69,92.56,-10.23,-820.59,725.97,-63.97
5,64,0.53287,-220.87,97.54,-10.81,-873.98,606.55,-70.63
5,65,0.54132,-228.07,102.08,-11.40,-851.62,537.65,-69.31
5,66,0.54956,-235.35,104.90,-12.00,-884.44,341.43,-72.96
5,67,0.55801,-242.59,107.43,-12.59,-856.32,300.04,-70.76
5,68,0.56625,-249.64,108.87,-13.18,-855.56,173.85,-70.74
5,69,0.57455,-256.58,110.14,-13.75,-835.29,153.35,-68.75
5,70,0.58301,-263.04,110.78,-14.27,-764.98,75.36,-61.73
5,71,0.59143,-269.32,111.30,-14.77,-745.65,62.60,-59.78
5,72,0.59970,-274.86,111.39,-15.19,-669.37,10.87,-50.92
5,73,0.60788,-280.24,111.40,-15.60,-658.21,0.71,-49.63
5,74,0.61667,-285.02,111.07,-15.94,-543.75,-37.50,-38.54
5,75,0.62466,-289.76,110.67,-16.28,-593.13,-50.11,-41.98
5,76,0.63315,-294.35,109.99,-16.60,-541.01,-80.59,-37.77
5,77,0.64148,-298.94,109.23,-16.92,-550.55,-90.67,-38.46
5,78,0.64957,-303.52,108.19,-17.24,-565.66,-128.72,-40.00
6,0,0.00000,0.00,0.00,0.00,18.62,0.00,-93.79
6,1,0.00812,0.16,-0.00,-0.83,20.30,-0.00,-102.26
6,2,0.01599,0.58,-0.00,-2.86,53.10,0.00,-257.75
6,3,0.02466,1.00,0.14,-4.89,48.24,16.39,-234.15
6,4,0.03308,1.55,0.14,-7.43,65.58,-0.00,-301.45
6,5,0.04089,2.11,0.27,-9.97,70.70,16.83,-325.00
6,6,0.04944,2.68,0.27,-12.32,66.79,-0.00,-275.71
6,7,0.05768,3.25,0.40,-14.68,69.26,15.94,-285.93
6,8,0.06604,3.77,0.40,-16.72,62.77,-0.00,-244.53
6,9,0.07477,4.30,0.52,-18.77,60.14,13.58,-234.27
6,10,0.08289,4.82,0.52,-20.81,64.66,0.00,-251.88
6,11,0.09125,5.35,0.64,-22.86,62.77,14.18,-244.53
6,12,0.09949,5.87,0.64,-24.90,63.70,0.00,-248.15
6,13,0.10773,6.40,0.76,-26.95,63.70,14.47,-248.15
6,14,0.11597,6.81,0.76,-29.00,50.00,0.00,-249.26
6,15,0.12439,7.22,0.86,-31.05,48.91,11.93,-243.84
6,16,0.13275,7.63,0.86,-33.11,49.27,0.00,-245.62
6,17,0.14215,8.05,0.86,-35.24,44.81,-0.00,-226.62
6,18,0.14996,8.32,0.86,-37.29,33.98,0.00,-262.11
6,19,0.15851,8.58,0.96,-39.33,31.07,11.74,-239.64
6,20,0.16626,8.85,0.96,-41.38,34.25,0.00,-264.17
6,21,0.17499,9.12,0.96,-43.43,30.42,-0.00,-234.62
6,22,0.18323,9.38,0.96,-45.48,32.22,0.00,-248.52
6,23,0.19135,9.65,0.96,-47.53,32.71,-0.00,-252.26
6,24,0.20001,9.91,0.96,-49.57,30.63,0.00,-236.27
6,25,0.20831,10.17,0.96,-51.62,31.62,-0.00,-246.69
6,26,0.21680,10.33,0.96,-53.68,17.99,0.00,-243.17
6,27,0.22491,10.48,1.06,-55.75,18.80,12.49,-254.14
6,28,0.23322,10.63,1.06,-57.81,18.38,0.00,-248.53
6,29,0.24194,10.78,1.06,-59.87,16.78,0.00,-236.36
6,30,0.25037,10.76,1.06,-62.06,-1.81,0.00,-259.78
6,31,0.25848,10.74,1.06,-64.16,-3.38,-0.00,-258.65
6,32,0.26715,10.57,1.06,-66.29,-19.72,0.00,-246.13
6,33,0.27521,10.35,1.06,-68.43,-26.89,-0.00,-264.77
6,34,0.28375,9.61,1.06,-70.55,-86.79,0.00,-248.57
6,35,0.29211,8.82,1.06,-72.69,-94.53,-0.00,-255.47
6,36,0.30042,7.47,1.06,-74.94,-162.50,0.00,-271.69
6,37,0.30890,6.11,1.06,-77.23,-159.71,0.00,-269.78
6,38,0.31696,4.68,1.06,-79.90,-177.27,-0.00,-331.06
6,39,0.32513,3.26,1.06,-82.60,-174.63,-0.00,-330.97
6,40,0.33331,1.83,1.06,-85.74,-174.63,0.00,-383.58
6,41,0.34167,0.39,1.06,-88.91,-171.90,0.00,-378.83
6,42,0.35059,-1.12,1.06,-92.46,-169.52,0.00,-397.95
6,43,0.35956,-2.61,1.06,-96.04,-166.33,0.00,-400.00
6,44,0.36719,-3.91,1.06,-100.12,-169.60,0.00,-534.00
6,45,0.37543,-5.11,1.06,-104.41,-145.56,0.00,-520.74
6,46,0.38361,-5.23,1.06,-111.15,-15.30,0.00,-823.51
6,47,0.39185,-5.36,1.06,-117.80,-15.19,0.00,-808.15
6,48,0.40045,-5.49,1.06,-123.59,-15.60,0.00,-672.70
6,49,0.40857,-5.62,1.06,-129.38,-16.54,0.00,-713.16
6,50,0.41669,-5.76,1.06,-135.17,-16.54,0.00,-713.16
6,51,0.42523,-5.89,1.77,-140.97,-15.71,82.28,-678.21
6,52,0.43353,-6.00,10.40,-146.80,-13.24,1040.13,-703.31
6,53,0.44196,-6.11,19.01,-152.64,-13.04,1021.78,-693.12
6,54,0.45026,-6.21,27.30,-158.49,-11.76,999.32,-704.78
6,55,0.45862,-6.30,35.57,-164.34,-11.31,988.76,-699.27
6,56,0.46674,-6.39,43.53,-170.18,-10.15,980.50,-719.92
6,57,0.47540,-6.47,51.46,-176.03,-9.51,914.62,-673.94
6,58,0.48364,-6.54,59.02,-181.85,-8.89,917.69,-707.04
6,59,0.49194,-6.61,66.54,-187.68,-8.46,905.85,-702.57
6,60,0.50018,-6.67,73.58,-193.61,-7.04,854.74,-719.63
6,61,0.50848,-6.73,80.56,-199.61,-6.62,841.05,-722.06
6,62,0.51709,-6.74,86.85,-206.34,-2.13,730.73,-782.98
6,63,0.52551,-6.76,93.03,-213.12,-1.81,733.94,-804.35
6,64,0.53375,-6.75,98.01,-220.32,1.11,604.30,-873.70
6,65,0.54181,-6.74,102.81,-227.53,1.14,596.11,-894.70
6,66,0.55011,-6.72,105.63,-234.84,2.57,338.91,-880.88
6,67,0.55890,-6.70,108.33,-242.13,2.43,307.27,-829.51
6,68,0.56702,-6.68,109.76,-249.20,2.63,176.46,-871.43
6,69,0.57538,-6.66,111.13,-256.23,2.19,163.55,-840.15
6,70,0.58380,-6.65,111.76,-262.72,0.72,75.63,-770.29
6,71,0.59180,-6.65,112.36,-269.14,0.38,74.11,-803.05
6,72,0.60052,-6.67,112.45,-274.69,-2.45,10.30,-636.01
6,73,0.60876,-6.69,112.50,-280.18,-2.59,6.67,-666.30
6,74,0.61707,-6.74,112.17,-284.97,-5.15,-39.71,-577.21
6,75,0.62518,-6.78,111.81,-289.75,-5.26,-44.24,-588.35
6,76,0.63348,-6.82,111.13,-294.35,-5.51,-82.37,-554.04
6,77,0.64209,-6.87,110.42,-298.94,-5.32,-82.91,-534.40
6,78,0.65021,-6.91,109.37,-303.53,-5.26,-128.23,-565.04
7,0,0.00000,0.00,0.00,0.00,40.00,0.00,-94.44
7,1,0.00836,0.33,0.15,-0.78,39.42,17.35,-93.07
7,2,0.01672,1.15,0.31,-2.68,98.18,19.45,-227.74
7,3,0.02502,1.97,0.43,-4.59,98.90,15.03,-229.41
7,4,0.03339,3.03,0.43,-6.96,126.64,-0.00,-283.94
7,5,0.04150,4.09,0.43,-9.34,130.45,-0.00,-292.48
7,6,0.04987,5.13,0.43,-11.53,124.45,0.00,-262.04
7,7,0.05817,6.17,0.43,-13.72,125.37,0.00,-263.97
7,8,0.06659,7.10,0.43,-15.61,110.51,0.00,-225.00
7,9,0.07507,8.03,0.53,-17.51,109.71,11.98,-223.38
7,10,0.08362,8.96,0.53,-19.40,108.93,-0.00,-221.79
7,11,0.09161,9.89,0.53,-21.30,116.41,0.00,-237.02
7,12,0.09998,10.82,0.53,-23.19,111.31,0.00,-226.64
7,13,0.10834,11.76,0.53,-25.09,111.31,0.00,-226.64
7,14,0.11652,12.58,0.53,-27.02,100.37,0.00,-235.82
7,15,0.12482,13.40,0.53,-28.95,98.90,0.00,-232.35
7,16,0.13336,14.22,0.53,-30.87,96.07,0.00,-225.71
7,17,0.14178,15.04,0.53,-32.80,97.46,0.00,-228.99
7,18,0.14984,15.72,0.53,-34.75,84.09,0.00,-242.05
7,19,0.15826,16.39,0.53,-36.70,80.43,0.00,-231.52
7,20,0.16675,17.07,0.53,-38.65,79.86,-0.00,-229.86
7,21,0.17523,17.75,0.53,-40.60,79.86,-0.00,-229.86
7,22,0.18323,18.43,0.53,-42.55,84.73,0.00,-243.89
7,23,0.19177,19.10,0.53,-44.50,79.29,0.00,-228.21
7,24,0.19989,19.78,0.64,-46.45,83.46,12.80,-240.23
7,25,0.20850,20.46,0.64,-48.40,78.72,-0.00,-226.60
7,26,0.21674,21.03,0.64,-50.39,69.26,0.00,-241.11
7,27,0.22491,21.60,0.64,-52.38,69.78,0.00,-242.91
7,28,0.23334,22.17,0.64,-54.36,67.75,0.00,-235.87
7,29,0.24158,22.74,0.64,-56.35,69.26,0.00,-241.11
7,30,0.25006,23.16,0.64,-58.41,48.92,0.00,-242.45
7,31,0.25836,23.57,0.64,-60.46,50.00,-0.00,-247.79
7,32,0.26660,23.84,0.64,-62.59,32.22,-0.00,-257.78
7,33,0.27496,24.10,0.64,-64.71,31.75,0.00,-254.01
7,34,0.28339,23.81,0.76,-66.94,-34.78,13.95,-264.86
7,35,0.29175,23.52,0.76,-69.17,-35.04,-0.00,-266.79
7,36,0.29999,22.66,0.76,-71.66,-104.44,0.00,-301.48
7,37,0.30859,21.80,0.76,-74.14,-100.00,0.00,-288.65
7,38,0.31671,20.94,0.86,-77.04,-105.26,13.27,-357.52
7,39,0.32489,20.09,0.86,-79.95,-104.48,-0.00,-354.85
7,40,0.33368,19.33,0.86,-83.31,-86.46,0.00,-382.29
7,41,0.34204,18.57,0.86,-86.67,-90.88,-0.00,-401.82
7,42,0.35016,17.81,1.00,-90.45,-92.86,16.75,-465.79
7,43,0.35864,17.06,1.00,-94.23,-88.85,-0.00,-445.68
7,44,0.36658,16.62,1.00,-98.48,-55.38,0.00,-535.77
7,45,0.37494,16.18,1.11,-102.73,-52.19,13.38,-508.39
7,46,0.38342,17.43,1.11,-109.35,147.48,-0.00,-780.22
7,47,0.39221,18.69,1.11,-115.97,142.36,0.00,-753.12
7,48,0.40002,19.73,1.22,-121.67,133.98,14.13,-729.30
7,49,0.40826,20.78,1.22,-127.37,127.04,-0.00,-691.48
7,50,0.41669,21.83,1.22,-133.06,124.28,0.00,-676.45
7,51,0.42523,22.87,1.22,-138.76,122.50,0.41,-666.79
7,52,0.43323,23.95,9.86,-144.50,135.11,1079.83,-717.56
7,53,0.44208,25.03,18.49,-150.23,122.07,975.55,-648.28
7,54,0.45013,26.13,26.79,-155.98,136.36,1029.61,-713.26
7,55,0.45850,27.23,35.08,-161.73,131.39,992.01,-687.23
7,56,0.46655,28.34,43.04,-167.47,137.88,987.93,-712.12
7,57,0.47528,29.45,51.00,-173.20,127.27,911.91,-657.34
7,58,0.48340,30.57,58.56,-178.92,137.59,931.49,-704.14
7,59,0.49158,31.69,66.12,-184.63,136.57,924.51,-698.88
7,60,0.50012,32.84,73.17,-190.45,135.00,824.21,-680.71
7,61,0.50824,33.99,80.21,-196.27,142.11,867.55,-716.54
7,62,0.51672,35.35,86.50,-202.87,159.71,741.24,-778.06
7,63,0.52521,36.70,92.79,-209.47,159.71,741.16,-778.06
7,64,0.53351,38.18,97.77,-216.52,177.57,599.86,-848.90
7,65,0.54187,39.65,102.74,-223.56,176.28,595.35,-842.70
7,66,0.55035,41.16,105.56,-230.72,178.06,331.60,-843.17
7,67,0.55829,42.67,108.37,-237.87,190.38,354.47,-901.54
7,68,0.56659,44.13,109.80,-244.79,176.10,172.57,-833.82
7,69,0.57532,45.60,111.23,-251.71,167.48,164.07,-793.01
7,70,0.58362,46.92,111.87,-258.06,159.93,76.74,-765.07
7,71,0.59167,48.25,112.51,-264.41,164.77,79.03,-788.26
7,72,0.59998,49.36,112.60,-269.85,133.82,10.83,-655.51
7,73,0.60846,50.47,112.69,-275.29,130.94,10.57,-641.01
7,74,0.61810,51.41,112.36,-279.99,96.84,-34.18,-487.34
7,75,0.62616,52.34,112.03,-284.69,115.91,-40.94,-583.33
7,76,0.63428,53.23,111.34,-289.21,110.15,-84.23,-556.02
7,77,0.64270,54.13,110.66,-293.72,106.16,-81.20,-535.87
7,78,0.65057,55.02,109.62,-298.22,113.57,-132.21,-571.32
8,0,0.00000,0.00,0.00,0.00,50.37,0.00,-89.63
8,1,0.00830,0.42,0.00,-0.74,50.00,0.00,-88.97
8,2,0.01666,1.44,0.00,-2.54,122.99,0.00,-215.33
8,3,0.02490,2.47,0.00,-4.34,124.81,0.00,-218.52
8,4,0.03339,3.79,0.00,-6.58,155.04,0.00,-264.39
8,5,0.04163,5.10,0.00,-8.83,159.63,0.00,-272.22
8,6,0.04987,6.38,0.00,-10.89,154.81,0.00,-250.37
8,7,0.05829,7.65,0.00,-12.95,151.45,0.00,-244.93
8,8,0.06659,8.79,0.00,-14.74,136.76,0.00,-215.07
8,9,0.07526,9.92,0.00,-16.52,130.63,0.00,-205.63
8,10,0.08331,11.05,0.00,-18.30,140.53,0.00,-221.21
8,11,0.09167,12.19,0.00,-20.08,135.40,0.00,-213.14
8,12,0.10004,13.32,0.00,-21.87,135.40,0.00,-213.14
8,13,0.10840,14.45,0.00,-23.65,135.40,0.00,-213.14
8,14,0.11780,15.48,0.00,-25.47,109.74,0.00,-194.16
8,15,0.12579,16.51,0.00,-27.30,129.01,0.00,-228.24
8,16,0.13477,17.56,0.00,-29.15,116.67,0.00,-206.46
8,17,0.14282,18.59,0.00,-30.98,127.65,0.00,-226.52
8,18,0.15033,19.48,0.00,-32.84,118.70,0.00,-248.37
8,19,0.15948,20.37,0.00,-34.70,97.33,0.00,-203.67
8,20,0.16687,21.26,0.00,-36.57,120.66,0.00,-252.48
8,21,0.17548,22.15,0.00,-38.43,103.55,0.00,-216.67
8,22,0.18359,23.04,0.00,-40.30,109.77,0.00,-229.70
8,23,0.19165,23.93,0.00,-42.16,110.61,0.00,-231.44
8,24,0.20001,24.83,0.00,-44.03,106.57,0.00,-222.99
8,25,0.20856,25.71,0.00,-45.89,103.93,0.00,-218.21
8,26,0.21716,26.50,0.00,-47.81,91.49,0.00,-222.34
8,27,0.22498,27.29,0.00,-49.72,100.78,0.00,-244.92
8,28,0.23346,28.08,0.00,-51.63,92.81,0.00,-225.54
8,29,0.24170,28.86,0.00,-53.55,95.19,0.00,-232.22
8,30,0.25006,29.50,0.15,-55.55,76.28,18.17,-239.05
8,31,0.25848,30.13,0.43,-57.54,75.36,33.51,-237.32
8,32,0.26648,30.63,0.73,-59.63,62.60,36.58,-260.31
8,33,0.27509,31.12,1.02,-61.71,56.74,34.04,-242.20
8,34,0.28345,31.08,1.33,-63.96,-5.47,37.33,-269.34
8,35,0.29187,31.02,1.64,-66.22,-6.52,37.18,-267.75
8,36,0.30029,30.44,2.00,-68.78,-68.84,41.88,-304.35
8,37,0.30853,29.86,2.35,-71.35,-70.37,42.92,-312.22
8,38,0.31714,29.33,2.76,-74.33,-61.35,47.72,-346.10
8,39,0.32538,28.81,3.17,-77.32,-63.70,49.95,-362.59
8,40,0.33337,28.42,3.65,-80.74,-48.09,59.21,-428.24
8,41,0.34198,28.04,4.12,-84.18,-44.68,55.17,-398.94
8,42,0.35010,27.71,4.65,-88.02,-40.98,65.50,-473.31
8,43,0.35858,27.38,5.19,-91.87,-38.49,62.73,-453.60
8,44,0.36700,27.41,5.78,-96.14,3.99,70.56,-507.25
8,45,0.37531,27.48,6.38,-100.45,8.46,72.27,-519.85
8,46,0.38342,29.46,7.25,-106.89,243.23,107.08,-793.23
8,47,0.39185,31.43,7.57,-113.32,233.70,38.08,-762.68
8,48,0.40015,33.10,7.57,-118.86,201.47,0.00,-668.01
8,49,0.40857,34.77,7.57,-124.41,198.55,0.00,-658.33
8,50,0.41687,36.44,7.57,-129.95,201.47,0.00,-668.01
8,51,0.42505,38.12,7.73,-135.50,204.48,20.05,-677.99
8,52,0.43347,39.83,16.37,-141.08,202.90,1025.06,-662.68
8,53,0.44171,41.53,25.00,-146.66,207.41,1047.05,-677.41
8,54,0.45020,43.26,33.29,-152.25,203.60,977.76,-658.63
8,55,0.45862,44.99,41.58,-157.84,205.07,984.08,-663.41
8,56,0.46674,46.73,49.54,-163.42,213.91,980.50,-687.59
8,57,0.47522,48.46,57.49,-169.00,204.68,937.28,-657.91
8,58,0.48352,50.20,65.05,-174.56,209.93,910.95,-669.49
8,59,0.49158,51.95,72.60,-180.12,216.29,937.32,-690.15
8,60,0.50031,53.74,79.65,-185.77,204.90,806.92,-647.55
8,61,0.50836,55.53,86.67,-191.44,222.73,872.38,-703.41
8,62,0.51678,57.61,92.96,-197.85,246.74,746.61,-761.23
8,63,0.52521,59.69,99.23,-204.27,247.10,743.65,-761.96
8,64,0.53369,61.94,104.21,-211.11,264.75,586.91,-806.47
8,65,0.54211,64.18,109.14,-217.95,266.67,586.25,-812.32
8,66,0.54999,66.47,111.96,-224.89,291.09,357.31,-881.78
8,67,0.55865,68.77,114.74,-231.83,264.44,321.55,-800.70
8,68,0.56671,70.98,116.18,-238.55,275.38,177.80,-833.71
8,69,0.57513,73.20,117.59,-245.26,262.68,168.26,-796.38
8,70,0.58344,75.22,118.23,-251.42,243.75,76.74,-742.65
8,71,0.59192,77.24,118.86,-257.57,237.77,73.85,-724.82
8,72,0.60059,78.94,118.95,-262.85,196.83,10.38,-609.51
8,73,0.60858,80.64,119.03,-268.12,212.60,10.24,-659.16
8,74,0.61670,82.09,118.70,-272.69,178.57,-40.61,-562.78
8,75,0.62531,83.54,118.36,-277.26,168.09,-39.09,-530.50
8,76,0.63367,84.92,117.68,-281.64,165.69,-81.77,-524.45
8,77,0.64166,86.31,116.99,-286.03,173.28,-86.37,-548.47
8,78,0.65021,87.70,115.95,-290.40,162.14,-121.82,-511.79
9,0,0.00000,0.00,0.00,0.00,14.64,0.00,97.86
9,1,0.00818,0.13,0.00,0.84,15.30,0.00,102.24
9,2,0.01642,0.42,0.00,2.89,35.56,-0.00,248.89
9,3,0.02484,0.71,0.12,4.94,34.78,14.52,243.48
9,4,0.03308,1.05,0.12,7.51,41.11,0.00,312.59
9,5,0.04156,1.39,0.23,10.09,39.93,13.12,303.60
9,6,0.04987,1.65,0.23,12.50,31.25,0.00,290.44
9,7,0.05829,1.91,0.34,14.91,30.80,12.75,286.23
9,8,0.06641,2.11,0.34,17.01,24.44,0.00,258.65
9,9,0.07477,2.30,0.34,19.11,23.72,0.00,251.09
9,10,0.08301,2.50,0.48,21.21,24.07,17.32,254.81
9,11,0.09149,2.70,0.48,23.31,23.38,0.00,247.48
9,12,0.09985,2.90,0.48,25.41,23.72,0.00,251.09
9,13,0.10822,3.10,0.63,27.51,23.72,17.05,251.09
9,14,0.11670,3.40,0.63,29.58,35.97,0.00,244.60
9,15,0.12518,3.71,0.63,31.66,35.97,-0.00,244.60
9,16,0.13318,4.01,0.76,33.73,38.17,16.46,259.54
9,17,0.14124,4.32,0.76,35.81,37.88,0.00,257.58
9,18,0.14984,4.76,0.76,37.83,51.42,-0.00,234.75
9,19,0.15826,5.20,0.88,39.85,52.54,14.38,239.86
9,20,0.16626,5.65,0.88,41.87,55.34,0.00,252.67
9,21,0.17505,6.09,0.88,43.89,50.35,0.00,229.86
9,22,0.18317,6.53,0.99,45.91,54.51,14.25,248.87
9,23,0.19165,6.97,0.99,47.93,52.16,0.00,238.13
9,24,0.20020,7.42,0.99,49.95,51.79,0.00,236.43
9,25,0.20819,7.86,1.11,51.97,55.34,14.47,252.67
9,26,0.21667,8.41,1.11,53.96,65.11,0.00,234.53
9,27,0.22461,8.96,1.11,55.95,69.62,-0.00,250.77
9,28,0.23297,9.52,1.21,57.94,66.06,12.43,237.96
9,29,0.24146,10.07,1.21,59.93,65.11,0.00,234.53
9,30,0.24988,10.79,1.21,61.90,85.87,-0.00,234.06
9,31,0.25812,11.51,1.21,63.87,87.78,0.00,239.26
9,32,0.26624,12.40,1.33,65.82,108.65,14.49,239.85
9,33,0.27478,13.28,1.33,67.77,103.21,0.00,227.86
9,34,0.28320,14.69,1.33,69.52,168.12,0.00,207.97
9,35,0.29156,16.11,1.33,71.27,169.34,-0.00,209.49
9,36,0.29968,18.14,1.33,72.94,250.38,0.00,205.26
9,37,0.30823,20.18,1.33,74.60,237.86,0.00,195.00
9,38,0.31604,22.42,1.33,76.63,287.50,0.00,259.38
9,39,0.32495,24.67,1.33,78.66,252.05,-0.00,227.40
9,40,0.33301,27.07,1.33,81.12,298.48,0.00,306.06
9,41,0.34174,29.48,1.33,83.59,275.52,-0.00,282.52
9,42,0.34991,32.10,1.33,86.41,320.15,-0.00,345.52
9,43,0.35815,34.71,1.33,89.25,317.78,-0.00,343.70
9,44,0.36652,37.31,1.33,92.64,310.22,0.00,405.84
9,45,0.37500,39.90,1.33,96.04,305.76,-0.00,400.72
9,46,0.38312,42.29,1.33,102.34,294.74,0.00,775.94
9,47,0.39166,44.69,1.50,108.64,280.00,19.30,737.14
9,48,0.39996,46.77,1.50,114.04,251.10,0.00,650.74
9,49,0.40820,48.86,1.65,119.44,252.96,18.82,655.56
9,50,0.41681,50.94,1.65,124.84,242.20,0.00,627.66
9,51,0.42480,53.03,1.81,130.24,261.07,19.34,674.81
9,52,0.43353,55.11,10.44,135.69,238.11,989.21,625.17
9,53,0.44159,57.18,19.07,141.15,257.95,1071.62,677.27
9,54,0.44958,59.25,27.37,146.62,258.40,1037.47,684.73
9,55,0.45831,61.32,35.66,152.10,236.71,950.38,627.27
9,56,0.46649,63.37,43.62,157.57,251.12,973.18,669.40
9,57,0.47479,65.42,51.58,163.05,247.43,958.84,659.56
9,58,0.48303,67.46,59.15,168.51,247.04,917.99,662.22
9,59,0.49139,69.49,66.71,173.96,243.43,904.24,652.55
9,60,0.49994,71.55,73.75,179.52,240.71,824.21,650.71
9,61,0.50836,73.61,80.79,185.08,244.20,836.07,660.14
9,62,0.51685,75.90,87.08,191.42,270.50,741.24,746.76
9,63,0.52490,78.20,93.37,197.75,284.85,780.39,786.36
9,64,0.53326,80.62,98.35,204.53,290.15,595.48,810.95
9,65,0.54163,83.05,103.33,211.32,290.15,595.22,810.95
9,66,0.54974,85.50,106.14,218.21,301.88,346.56,848.87
9,67,0.55865,87.95,108.95,225.10,275.00,315.54,773.29
9,68,0.56635,90.32,110.38,231.76,308.33,186.26,866.67
9,69,0.57483,92.69,111.81,238.43,279.50,168.75,785.61
9,70,0.58337,94.88,112.45,244.54,255.71,74.55,715.00
9,71,0.59155,97.06,113.09,250.65,267.16,77.82,747.01
9,72,0.60004,98.97,113.18,255.91,225.18,10.68,620.14
9,73,0.60815,100.87,113.26,261.12,233.46,10.62,642.11
9,74,0.61633,102.53,112.93,265.62,202.99,-40.30,550.00
9,75,0.62506,104.19,112.60,270.11,190.21,-38.13,514.69
9,76,0.63342,105.79,111.92,274.43,190.88,-81.77,516.06
9,77,0.64178,107.38,111.23,278.74,190.88,-82.15,516.06
9,78,0.65009,108.97,110.19,283.04,191.54,-125.40,518.38
10,0,0.00000,0.00,0.00,0.00,-100.00,0.62,-56.38
10,1,0.00763,-0.92,0.01,-0.52,-120.80,0.76,-68.40
10,2,0.01691,-2.72,0.01,-1.55,-194.08,0.00,-110.86
10,3,0.02509,-4.61,0.01,-2.63,-230.97,0.00,-132.46
10,4,0.03271,-6.85,0.01,-3.95,-294.00,-0.00,-172.40
10,5,0.04102,-9.06,0.01,-5.26,-265.81,0.00,-157.35
10,6,0.04932,-11.12,0.01,-6.53,-248.53,0.00,-153.68
10,7,0.05774,-13.14,0.01,-7.79,-239.49,0.00,-148.91
10,8,0.06622,-14.92,0.11,-8.92,-210.07,12.04,-133.45
10,9,0.07452,-16.71,0.11,-10.05,-214.71,0.00,-136.40
10,10,0.08258,-18.49,0.11,-11.18,-221.21,-0.00,-140.53
10,11,0.09100,-20.27,0.11,-12.31,-211.59,0.00,-134.42
10,12,0.09955,-22.05,0.11,-13.45,-208.57,-0.00,-132.50
10,13,0.10785,-23.84,0.11,-14.56,-215.81,0.00,-133.82
10,14,0.11584,-25.67,0.11,-15.59,-228.24,0.00,-129.01
10,15,0.12439,-27.49,0.11,-16.62,-213.57,-0.00,-120.71
10,16,0.13275,-29.32,0.22,-17.65,-218.25,12.95,-123.36
10,17,0.14142,-31.15,0.22,-18.65,-211.62,-0.00,-115.49
10,18,0.14954,-33.02,0.22,-19.54,-229.70,0.00,-109.77
10,19,0.15839,-34.88,0.22,-20.43,-210.69,-0.00,-100.69
10,20,0.16589,-36.75,0.22,-21.33,-248.37,-0.00,-118.70
10,21,0.17413,-38.61,0.22,-22.22,-226.30,0.00,-108.15
10,22,0.18280,-40.48,0.22,-23.11,-215.14,-0.00,-102.82
10,23,0.19116,-42.34,0.22,-24.00,-222.99,-0.00,-106.57
10,24,0.19940,-44.20,0.22,-24.89,-226.30,0.00,-108.15
10,25,0.20764,-46.08,0.22,-25.76,-227.41,0.00,-105.56
10,26,0.21570,-47.99,0.22,-26.55,-237.50,0.00,-97.73
10,27,0.22424,-49.91,0.22,-27.33,-223.93,0.00,-92.14
10,28,0.23279,-51.82,0.22,-28.12,-223.93,-0.00,-92.14
10,29,0.24103,-53.75,0.22,-28.88,-234.07,0.00,-91.85
10,30,0.24933,-55.75,0.22,-29.52,-240.81,0.00,-76.84
10,31,0.25787,-57.76,0.22,-30.13,-235.71,0.00,-71.43
10,32,0.26630,-59.84,0.22,-30.63,-247.10,0.00,-59.42
10,33,0.27423,-61.96,0.22,-31.02,-266.54,0.00,-48.85
10,34,0.28278,-64.21,0.22,-30.97,-263.57,0.00,5.36
10,35,0.29102,-66.53,0.22,-30.81,-281.11,0.00,18.89
10,36,0.29962,-69.09,0.22,-30.23,-298.23,0.00,67.73
10,37,0.30786,-71.74,0.22,-29.66,-321.48,0.00,69.26
10,38,0.31604,-74.72,0.22,-29.13,-364.18,0.00,64.55
10,39,0.32440,-77.79,0.22,-28.63,-367.52,0.00,59.49
10,40,0.33289,-81.22,0.22,-28.25,-403.60,0.00,45.32
10,41,0.34125,-84.73,0.22,-27.88,-420.07,0.00,44.53
10,42,0.34967,-88.57,0.22,-27.55,-456.16,0.00,39.49
10,43,0.35779,-92.50,0.22,-27.29,-484.21,0.00,31.58
10,44,0.36591,-96.77,0.22,-27.32,-526.32,0.00,-4.14
10,45,0.37451,-101.50,0.42,-27.76,-548.94,23.45,-50.71
10,46,0.38275,-107.94,1.00,-29.73,-781.48,71.05,-239.63
10,47,0.39148,-114.19,1.57,-31.64,-716.43,65.06,-218.88
10,48,0.39917,-119.74,2.07,-33.32,-721.03,65.46,-217.46
10,49,0.40771,-125.28,2.89,-34.99,-648.93,94.91,-195.71
10,50,0.41632,-130.83,3.64,-36.66,-644.33,88.21,-194.33
10,51,0.42426,-136.38,5.44,-38.34,-700.00,225.93,-211.54
10,52,0.43298,-141.96,14.07,-40.05,-639.51,989.21,-195.80
10,53,0.44104,-147.55,22.63,-41.76,-693.18,1062.92,-212.50
10,54,0.45001,-153.60,31.62,-43.63,-674.83,1001.32,-208.50
10,55,0.45825,-159.19,39.82,-45.36,-678.15,994.88,-210.00
10,56,0.46661,-164.77,47.78,-47.10,-667.52,951.87,-207.66
10,57,0.47491,-170.35,55.62,-48.84,-671.69,944.94,-209.56
10,58,0.48370,-175.90,63.18,-50.58,-632.29,860.34,-198.26
10,59,0.49176,-181.49,70.59,-52.33,-693.18,919.83,-217.80
10,60,0.50049,-187.14,77.63,-54.12,-647.55,806.92,-204.90
10,61,0.50861,-193.01,84.46,-56.00,-723.31,840.58,-230.83
10,62,0.51672,-199.42,90.75,-58.07,-789.85,774.68,-256.02
10,63,0.52496,-205.96,96.65,-60.20,-793.33,717.00,-258.15
10,64,0.53436,-212.80,101.63,-62.45,-727.60,529.74,-238.96
10,65,0.54242,-219.67,105.98,-64.71,-852.65,539.86,-280.30
10,66,0.55084,-226.62,108.80,-67.00,-825.72,334.51,-272.46
10,67,0.55890,-233.50,111.21,-69.27,-853.41,299.08,-281.82
10,68,0.56750,-240.22,112.64,-71.49,-780.50,166.45,-257.80
10,69,0.57489,-246.77,113.84,-73.65,-887.60,162.47,-292.56
10,70,0.58331,-252.94,114.48,-75.67,-731.88,75.63,-240.22
10,71,0.59174,-258.84,114.96,-77.60,-701.45,56.64,-228.99
10,72,0.60010,-264.13,115.05,-79.31,-631.75,10.76,-204.01
10,73,0.60858,-269.22,115.01,-80.94,-600.36,-4.01,-192.81
10,74,0.61670,-273.79,114.68,-82.39,-562.78,-40.61,-178.57
10,75,0.62500,-278.30,114.25,-83.83,-543.75,-52.35,-172.43
10,76,0.63330,-282.69,113.57,-85.21,-528.31,-82.37,-166.91
10,77,0.64178,-287.07,112.78,-86.60,-516.55,-93.07,-163.31
10,78,0.64990,-291.44,111.73,-87.98,-538.72,-128.23,-170.68
11,0,0.00000,0.00,0.00,0.00,58.27,0.00,81.29
11,1,0.00812,0.49,0.19,0.69,60.90,23.39,84.96
11,2,0.01648,1.68,0.43,2.39,142.34,28.89,202.92
11,3,0.02490,2.87,0.67,4.08,141.30,28.59,201.45
11,4,0.03314,4.35,0.98,6.23,178.52,37.78,260.00
11,5,0.04150,5.82,1.30,8.37,175.91,37.73,256.20
11,6,0.04987,7.14,1.61,10.40,158.39,37.32,243.07
11,7,0.05841,8.47,1.92,12.43,155.00,36.31,237.86
11,8,0.06641,9.59,2.21,14.22,141.22,35.71,222.90
11,9,0.07501,10.72,2.49,16.00,131.21,32.38,207.09
11,10,0.08325,11.85,2.77,17.78,137.04,34.46,216.30
11,11,0.09167,12.98,3.05,19.56,134.06,33.50,211.59
11,12,0.09991,14.11,3.33,21.34,137.04,34.35,216.30
11,13,0.10834,15.24,3.61,23.13,134.06,33.20,211.59
11,14,0.11646,16.46,3.85,24.84,149.62,29.57,210.53
11,15,0.12488,17.67,4.09,26.54,144.20,28.51,202.90
11,16,0.13342,18.88,4.33,28.25,142.14,28.07,200.00
11,17,0.14191,20.10,4.57,29.96,143.17,28.20,201.44
11,18,0.14978,21.41,4.76,31.56,165.89,23.45,203.10
11,19,0.15820,22.71,4.94,33.16,155.07,21.56,189.86
11,20,0.16650,24.02,5.12,34.76,157.35,22.20,192.65
11,21,0.17493,25.32,5.31,36.36,155.07,21.84,189.86
11,22,0.18317,26.63,5.49,37.96,158.52,22.29,194.07
11,23,0.19171,27.94,5.68,39.56,152.86,21.52,187.14
11,24,0.20007,29.24,5.86,41.16,156.20,22.05,191.24
11,25,0.20825,30.55,6.04,42.76,159.70,22.41,195.52
11,26,0.21649,31.95,6.18,44.28,169.63,16.75,185.19
11,27,0.22504,33.34,6.32,45.81,163.57,16.47,178.57
11,28,0.23322,34.74,6.46,47.33,170.90,17.13,186.57
11,29,0.24164,36.14,6.60,48.86,165.94,16.55,181.16
11,30,0.25012,37.68,6.60,50.29,181.29,0.00,168.35
11,31,0.25830,39.22,6.75,51.72,188.06,18.56,174.63
11,32,0.26660,40.89,6.75,53.05,201.47,-0.01,161.03
11,33,0.27496,42.56,6.75,54.39,200.00,0.00,159.85
11,34,0.28326,44.62,6.75,55.30,247.79,0.00,110.29
11,35,0.29175,46.67,6.75,56.22,242.45,0.00,107.91
11,36,0.30011,49.24,6.75,56.78,307.30,0.00,67.15
11,37,0.30847,51.81,6.75,57.34,307.30,0.00,67.15
11,38,0.31653,54.74,6.75,58.13,362.88,0.00,97.73
11,39,0.32489,57.66,6.75,58.92,349.64,0.00,94.16
11,40,0.33313,60.93,6.75,60.03,396.30,0.00,134.81
11,41,0.34137,64.19,6.75,61.14,396.30,0.00,134.81
11,42,0.34991,67.81,6.75,62.47,423.57,0.00,155.71
11,43,0.35828,71.43,6.75,63.80,432.85,0.00,159.12
11,44,0.36658,75.28,6.75,65.65,463.97,0.00,222.79
11,45,0.37512,79.13,6.75,67.50,450.71,0.00,216.43
11,46,0.38318,84.12,6.75,72.02,619.70,0.00,561.36
11,47,0.39172,89.12,6.75,76.54,584.29,0.00,529.29
11,48,0.39996,93.43,6.75,80.41,522.96,0.00,469.63
11,49,0.40808,97.74,6.75,84.28,530.83,0.00,476.69
11,50,0.41663,102.04,6.75,88.15,504.29,0.00,452.86
11,51,0.42474,106.35,6.76,92.02,530.83,0.43,476.69
11,52,0.43317,110.68,15.39,95.94,513.77,1025.06,465.22
11,53,0.44153,115.01,24.02,99.86,517.52,1032.52,468.61
11,54,0.45001,119.33,32.32,103.80,509.71,977.75,464.03
11,55,0.45819,123.66,40.61,107.73,528.73,1014.23,481.34
11,56,0.46680,127.97,48.57,111.68,501.06,924.87,458.16
11,57,0.47498,132.28,56.53,115.62,527.24,973.16,482.09
11,58,0.48315,136.57,64.09,119.56,524.63,924.55,481.72
11,59,0.49158,140.86,71.66,123.50,509.42,897.71,467.75
11,60,0.50000,145.22,78.70,127.52,517.03,836.15,477.54
11,61,0.50812,149.58,85.74,131.54,536.84,867.54,495.49
11,62,0.51630,154.50,92.03,136.15,601.49,768.90,563.06
11,63,0.52490,159.41,98.32,140.75,571.63,730.65,535.11
11,64,0.53308,164.65,103.30,145.69,640.30,608.82,604.10
11,65,0.54163,169.89,108.28,150.63,612.86,582.59,578.21
11,66,0.54980,175.20,111.09,155.66,649.25,343.97,614.55
11,67,0.55811,180.51,113.90,160.69,639.71,338.83,605.51
11,68,0.56653,185.64,115.33,165.55,609.78,170.06,577.54
11,69,0.57513,190.78,116.77,170.41,596.81,166.40,564.89
11,70,0.58325,195.50,117.40,174.87,581.58,78.48,548.50
11,71,0.59167,200.22,118.04,179.32,560.51,75.59,528.26
11,72,0.59985,204.28,118.13,183.11,496.27,11.00,463.43
11,73,0.60815,208.34,118.22,186.90,488.60,10.81,456.62
11,74,0.61652,211.86,117.89,190.15,420.80,-39.42,389.05
11,75,0.62488,215.37,117.56,193.40,420.80,-39.45,389.05
11,76,0.63306,218.76,116.88,196.52,413.43,-83.59,381.34
11,77,0.64148,222.14,116.19,199.64,401.45,-81.20,370.29
11,78,0.64996,225.51,115.15,202.75,397.12,-122.70,366.91
12,0,0.00000,0.00,0.00,0.00,82.48,0.00,58.76
12,1,0.00830,0.69,0.00,0.49,83.09,0.00,59.19
12,2,0.01654,2.37,0.00,1.71,203.70,0.00,147.41
12,3,0.02466,4.05,0.00,2.92,206.77,0.00,149.62
12,4,0.03314,6.13,0.00,4.47,246.04,0.00,182.73
12,5,0.04150,8.22,0.00,6.02,249.64,0.00,185.40
12,6,0.04987,10.13,0.00,7.51,228.83,0.00,178.47
12,7,0.05798,12.05,0.00,9.01,235.71,0.00,183.83
12,8,0.06647,13.70,0.00,10.32,194.24,0.00,155.40
12,9,0.07501,15.34,0.00,11.64,192.86,0.00,154.29
12,10,0.08307,16.99,0.00,12.96,204.55,0.00,163.64
12,11,0.09161,18.64,0.00,14.28,192.86,0.00,154.29
12,12,0.09973,20.29,0.00,15.60,203.01,0.00,162.41
12,13,0.10803,21.94,0.00,16.92,198.53,0.00,158.82
12,14,0.11670,23.64,0.00,18.14,196.48,0.00,140.85
12,15,0.12482,25.34,0.00,19.36,209.77,0.00,150.38
12,16,0.13318,27.04,0.00,20.58,203.65,0.00,145.99
12,17,0.14148,28.75,0.00,21.80,205.15,0.00,147.06
12,18,0.14972,30.51,0.00,22.89,213.33,0.00,131.85
12,19,0.15796,32.26,0.00,23.97,213.33,0.00,131.85
12,20,0.16638,34.02,0.00,25.06,208.70,0.00,128.99
12,21,0.17487,35.78,0.00,26.14,207.19,0.00,128.06
12,22,0.18335,37.54,0.00,27.23,207.19,0.00,128.06
12,23,0.19141,39.29,0.00,28.32,218.18,0.00,134.85
12,24,0.19983,41.05,0.00,29.40,208.70,0.00,128.99
12,25,0.20801,42.81,0.00,30.49,214.93,0.00,132.84
12,26,0.21692,44.63,0.00,31.48,203.77,0.00,110.96
12,27,0.22491,46.44,0.00,32.47,227.10,0.00,123.66
12,28,0.23340,48.26,0.00,33.46,214.03,0.00,116.55
12,29,0.24139,50.07,0.00,34.45,227.10,0.00,123.66
12,30,0.24969,51.99,0.00,35.30,230.88,0.00,102.57
12,31,0.25818,53.91,0.00,36.15,225.90,0.00,100.36
12,32,0.26660,55.92,0.00,36.87,239.13,0.00,85.51
12,33,0.27490,57.93,0.00,37.59,242.65,0.00,86.76
12,34,0.28357,60.20,0.00,37.79,261.27,0.00,23.24
12,35,0.29169,62.45,0.00,37.98,276.69,0.00,23.68
12,36,0.29987,65.06,0.00,37.68,319.40,0.00,-36.94
12,37,0.30817,67.67,0.00,37.38,315.07,0.00,-36.03
12,38,0.31677,70.69,0.00,37.18,350.71,0.00,-23.76
12,39,0.32495,73.72,0.00,36.98,369.78,0.00,-24.63
12,40,0.33337,77.18,0.00,36.96,410.87,0.00,-1.45
12,41,0.34180,80.63,0.00,36.95,409.78,0.00,-1.09
12,42,0.35010,84.48,0.00,37.04,464.34,0.00,10.29
12,43,0.35840,88.34,0.00,37.13,465.07,0.00,11.03
12,44,0.36658,92.59,0.00,37.63,519.03,0.00,60.82
12,45,0.37518,96.86,0.00,38.16,496.45,0.00,61.35
12,46,0.38367,103.05,0.00,40.81,729.50,0.00,313.31
12,47,0.39172,109.23,0.00,43.47,766.67,0.00,329.17
12,48,0.40015,114.56,0.00,45.73,632.97,0.00,268.48
12,49,0.40833,119.89,0.00,47.99,651.87,0.00,276.49
12,50,0.41669,125.22,0.00,50.25,637.59,0.00,270.44
12,51,0.42505,130.55,0.13,52.51,637.96,15.49,270.44
12,52,0.43335,135.92,8.76,54.81,646.32,1040.13,277.21
12,53,0.44165,141.28,17.39,57.11,646.32,1039.52,277.21
12,54,0.44995,146.66,25.69,59.43,647.06,999.32,279.41
12,55,0.45850,152.03,33.98,61.75,628.57,970.18,271.43
12,56,0.46704,157.39,41.94,64.08,627.14,931.47,272.50
12,57,0.47510,162.74,49.89,66.41,665.15,987.18,289.02
12,58,0.48322,168.08,57.45,68.74,657.52,931.49,287.22
12,59,0.49164,173.42,65.01,71.07,634.06,896.82,276.81
12,60,0.50000,178.85,72.05,73.46,648.91,842.26,285.77
12,61,0.50836,184.29,79.08,75.86,650.36,840.90,286.50
12,62,0.51666,190.44,85.37,78.62,740.81,757.59,332.35
12,63,0.52496,196.59,91.64,81.38,741.54,755.21,332.72
12,64,0.53357,203.16,96.63,84.36,763.83,579.93,346.10
12,65,0.54169,209.72,101.57,87.33,807.89,608.74,366.17
12,66,0.55005,216.38,104.38,90.36,795.99,336.44,362.04
12,67,0.55859,223.03,107.17,93.38,778.21,326.41,354.29
12,68,0.56683,229.47,108.60,96.31,781.48,173.85,355.56
12,69,0.57507,235.90,110.02,99.24,780.37,172.16,355.19
12,70,0.58344,241.81,110.66,101.92,706.93,76.18,320.07
12,71,0.59198,247.71,111.29,104.59,690.00,73.43,312.50
12,72,0.59985,252.77,111.38,106.85,643.80,11.42,287.98
12,73,0.60828,257.83,111.46,109.12,600.36,9.81,268.48
12,74,0.61664,262.22,111.13,111.05,524.45,-39.42,231.39
12,75,0.62506,266.60,110.79,112.98,520.29,-39.87,229.35
12,76,0.63336,270.85,110.10,114.85,511.76,-83.09,225.00
12,77,0.64197,275.06,109.41,116.70,489.36,-80.54,215.25
12,78,0.65015,279.25,108.37,118.55,513.06,-127.28,226.12
13,0,0.00000,0.00,0.00,0.00,-90.49,0.00,-74.65
13,1,0.00793,-0.84,0.00,-0.70,-105.77,0.00,-87.69
13,2,0.01648,-2.43,0.00,-2.03,-186.07,0.00,-155.71
13,3,0.02478,-4.10,0.00,-3.43,-200.74,0.00,-168.75
13,4,0.03296,-6.07,0.00,-5.12,-241.42,0.00,-206.72
13,5,0.04114,-8.01,0.00,-6.79,-237.31,0.00,-204.85
13,6,0.04944,-9.81,0.00,-8.41,-217.28,0.00,-195.22
13,7,0.05774,-11.57,0.00,-10.00,-211.40,0.00,-190.81
13,8,0.06616,-13.12,0.00,-11.43,-184.42,0.00,-169.93
13,9,0.07446,-14.68,0.00,-12.86,-187.13,0.00,-172.43
13,10,0.08289,-16.23,0.00,-14.29,-184.42,0.00,-169.93
13,11,0.09119,-17.78,0.00,-15.72,-187.13,0.00,-172.43
13,12,0.09998,-19.34,0.00,-17.15,-176.74,0.00,-162.85
13,13,0.10828,-20.90,0.00,-18.57,-188.60,0.00,-170.22
13,14,0.11633,-22.52,0.00,-19.90,-200.38,0.00,-165.91
13,15,0.12451,-24.13,0.00,-21.24,-197.39,0.00,-163.43
13,16,0.13293,-25.74,0.00,-22.58,-191.67,0.00,-158.70
13,17,0.14124,-27.37,0.00,-23.89,-195.96,0.00,-157.72
13,18,0.14954,-29.05,0.00,-25.09,-202.21,0.00,-145.22
13,19,0.15796,-30.73,0.00,-26.30,-199.28,0.00,-143.12
13,20,0.16650,-32.41,0.00,-27.50,-196.43,0.00,-141.07
13,21,0.17456,-34.09,0.00,-28.71,-208.33,0.00,-149.62
13,22,0.18323,-35.76,0.00,-29.91,-193.66,0.00,-139.08
13,23,0.19128,-37.44,0.00,-31.12,-208.33,0.00,-149.62
13,24,0.19971,-39.12,0.00,-32.32,-199.28,0.00,-143.12
13,25,0.20837,-40.81,0.00,-33.51,-195.07,0.00,-136.97
13,26,0.21631,-42.55,0.00,-34.62,-219.62,0.00,-140.00
13,27,0.22461,-44.30,0.00,-35.73,-209.93,0.00,-133.82
13,28,0.23291,-46.04,0.00,-36.84,-209.93,0.00,-133.82
13,29,0.24133,-47.80,0.00,-37.93,-209.42,0.00,-128.99
13,30,0.24963,-49.66,0.00,-38.91,-223.16,0.00,-118.38
13,31,0.25793,-51.53,0.00,-39.87,-225.74,0.00,-115.44
13,32,0.26648,-53.49,0.00,-40.73,-229.29,0.00,-100.71
13,33,0.27454,-55.50,0.00,-41.49,-249.62,0.00,-94.32
13,34,0.28308,-57.72,0.00,-41.85,-260.00,0.00,-41.43
13,35,0.29114,-60.03,0.00,-42.11,-285.98,0.00,-32.20
13,36,0.30005,-62.65,0.00,-41.99,-294.52,0.00,13.36
13,37,0.30798,-65.36,0.00,-41.89,-341.15,0.00,11.92
13,38,0.31628,-68.38,0.00,-41.90,-364.71,0.00,-0.74
13,39,0.32458,-71.49,0.00,-41.95,-374.63,0.00,-6.25
13,40,0.33325,-74.93,0.00,-42.18,-396.83,0.00,-26.41
13,41,0.34119,-78.45,0.00,-42.43,-443.46,0.00,-31.92
13,42,0.34985,-82.29,0.00,-42.79,-442.96,0.00,-40.85
13,43,0.35803,-86.20,0.00,-43.23,-478.36,0.00,-53.73
13,44,0.36658,-90.40,0.00,-44.02,-491.43,0.00,-92.50
13,45,0.37463,-94.96,0.00,-45.26,-565.91,0.00,-154.92
13,46,0.38281,-100.95,0.00,-48.35,-732.46,0.00,-376.87
13,47,0.39148,-106.77,0.00,-51.34,-671.83,0.00,-345.07
13,48,0.39978,-111.94,0.00,-53.96,-622.06,0.00,-316.18
13,49,0.40820,-117.10,0.00,-56.59,-613.04,0.00,-311.59
13,50,0.41663,-122.27,0.00,-59.21,-613.04,0.00,-311.59
13,51,0.42456,-127.44,1.73,-61.84,-651.54,218.07,-331.92
13,52,0.43286,-132.63,10.36,-64.51,-625.37,1040.13,-321.69
13,53,0.44141,-137.82,18.93,-67.19,-607.86,1002.47,-312.86
13,54,0.44971,-143.02,27.23,-69.88,-626.10,999.32,-323.90
13,55,0.45801,-148.21,35.45,-72.56,-625.74,991.22,-323.90
13,56,0.46619,-153.40,43.41,-75.26,-633.96,973.18,-329.85
13,57,0.47461,-158.58,51.29,-77.96,-615.22,935.51,-320.29
13,58,0.48291,-163.74,58.85,-80.66,-622.06,910.95,-325.00
13,59,0.49121,-168.92,66.31,-83.37,-623.90,898.42,-326.47
13,60,0.49963,-174.17,73.35,-86.13,-622.83,836.15,-327.54
13,61,0.50818,-179.55,80.25,-88.97,-630.36,806.51,-332.86
13,62,0.51636,-185.49,86.53,-92.15,-726.49,768.90,-388.81
13,63,0.52466,-191.52,92.56,-95.38,-725.37,725.97,-388.60
13,64,0.53296,-197.85,97.54,-98.80,-763.24,599.86,-412.13
13,65,0.54114,-204.21,102.08,-102.23,-776.87,555.71,-419.78
13,66,0.54980,-210.63,104.90,-105.72,-741.55,324.59,-402.11
13,67,0.55811,-217.02,107.43,-109.18,-769.49,305.56,-416.91
13,68,0.56689,-223.24,108.87,-112.55,-707.64,162.98,-383.68
13,69,0.57458,-229.35,110.14,-115.86,-795.24,165.52,-430.95
13,70,0.58289,-235.06,110.78,-118.95,-687.87,76.74,-371.32
13,71,0.59131,-240.61,111.30,-121.93,-658.70,62.60,-354.71
13,72,0.59961,-245.51,111.39,-124.55,-590.07,10.83,-314.71
13,73,0.60779,-250.28,111.40,-127.08,-582.84,0.71,-310.07
13,74,0.61609,-254.52,111.07,-129.32,-510.66,-39.71,-269.12
13,75,0.62439,-258.72,110.67,-131.53,-506.62,-48.27,-266.91
13,76,0.63293,-262.79,109.99,-133.67,-476.43,-80.02,-250.71
13,77,0.64160,-266.86,109.23,-135.81,-469.37,-87.16,-246.83
13,78,0.64966,-270.92,108.19,-137.95,-503.79,-129.21,-265.15
14,0,0.00000,0.00,0.00,0.00,113.38,0.00,29.93
14,1,0.00806,1.06,0.00,0.28,131.06,0.00,34.85
14,2,0.01660,3.06,0.00,0.82,234.29,0.00,63.57
14,3,0.02454,5.16,0.00,1.40,264.62,0.00,72.69
14,4,0.03296,7.66,0.00,2.11,296.74,0.00,84.42
14,5,0.04138,10.12,0.00,2.82,292.39,0.00,84.42
14,6,0.04980,12.44,0.00,3.54,275.00,0.00,85.14
14,7,0.05823,14.69,0.00,4.24,267.75,0.00,83.70
14,8,0.06641,16.70,0.00,4.90,245.52,0.00,79.48
14,9,0.07471,18.71,0.00,5.55,241.91,0.00,78.31
14,10,0.08313,20.72,0.00,6.20,238.41,0.00,77.17
14,11,0.09143,22.72,0.00,6.85,241.91,0.00,78.31
14,12,0.09973,24.73,0.00,7.50,241.91,0.00,78.31
14,13,0.10840,26.74,0.00,8.12,232.04,0.00,72.54
14,14,0.11646,28.77,0.00,8.66,251.52,0.00,67.05
14,15,0.12500,30.80,0.00,9.20,237.14,0.00,63.21
14,16,0.13330,32.82,0.00,9.74,244.12,0.00,65.07
14,17,0.14185,34.85,0.00,10.25,237.14,0.00,59.64
14,18,0.14978,36.87,0.00,10.65,255.38,0.00,49.62
14,19,0.15820,38.90,0.00,11.04,240.58,0.00,46.74
14,20,0.16638,40.93,0.00,11.43,247.76,0.00,48.13
14,21,0.17493,42.95,0.00,11.83,237.14,0.00,46.07
14,22,0.18335,44.98,0.00,12.22,240.58,0.00,46.74
14,23,0.19153,47.01,0.00,12.62,247.76,0.00,48.13
14,24,0.20007,49.03,0.00,13.01,237.14,0.00,46.07
14,25,0.20801,51.07,0.00,13.38,256.15,0.00,46.92
14,26,0.21655,53.11,0.00,13.66,239.64,0.00,32.86
14,27,0.22461,55.16,0.00,13.94,254.17,0.00,34.85
14,28,0.23291,57.21,0.00,14.22,246.69,0.00,33.82
14,29,0.24146,59.27,0.00,14.47,240.71,0.00,28.93
14,30,0.24976,61.36,0.00,14.59,252.21,0.00,13.97
14,31,0.25806,63.46,0.00,14.67,253.31,0.00,10.29
14,32,0.26660,65.60,0.00,14.63,250.36,0.00,-4.64
14,33,0.27527,67.75,0.00,14.48,247.54,0.00,-17.61
14,34,0.28345,69.91,0.00,13.87,264.93,0.00,-74.25
14,35,0.29126,72.11,0.00,13.15,281.64,0.00,-92.97
14,36,0.29980,74.45,0.00,11.94,273.21,0.00,-141.07
14,37,0.30811,76.87,0.00,10.72,291.54,0.00,-146.69
14,38,0.31665,79.62,0.00,9.46,322.14,0.00,-147.50
14,39,0.32471,82.46,0.00,8.21,353.03,0.00,-155.68
14,40,0.33362,85.68,0.00,6.98,361.30,0.00,-138.01
14,41,0.34131,88.99,0.00,5.74,429.37,0.00,-161.51
14,42,0.34973,92.62,0.00,4.45,431.52,0.00,-152.54
14,43,0.35852,96.36,0.00,3.22,425.35,0.00,-140.62
14,44,0.36658,100.50,0.00,2.18,514.39,0.00,-128.79
14,45,0.37524,105.17,0.00,1.41,538.03,0.00,-89.08
14,46,0.38318,111.90,0.00,1.70,848.08,0.00,37.31
14,47,0.39136,118.44,0.00,1.98,799.63,0.00,34.33
14,48,0.39966,124.22,0.00,2.21,697.06,0.00,27.21
14,49,0.40820,130.01,0.00,2.44,677.14,0.00,26.43
14,50,0.41663,135.79,0.00,2.66,686.96,0.00,26.81
14,51,0.42480,141.59,1.73,2.89,708.58,211.56,28.36
14,52,0.43323,147.42,10.36,3.15,692.39,1025.05,30.07
14,53,0.44165,153.47,19.23,3.41,717.75,1052.58,31.52
14,54,0.45007,159.31,27.53,3.68,693.84,984.84,31.88
14,55,0.45837,165.15,35.74,3.95,703.68,989.75,32.72
14,56,0.46704,170.99,43.70,4.23,673.59,918.36,32.39
14,57,0.47522,176.82,51.57,4.52,713.06,961.68,34.70
14,58,0.48364,182.64,59.13,4.81,690.58,897.74,34.78
14,59,0.49219,188.48,66.57,5.11,683.57,870.56,34.64
14,60,0.50000,194.40,73.61,5.42,757.81,901.48,40.23
14,61,0.50867,200.51,80.47,5.76,705.28,792.01,38.73
14,62,0.51685,207.24,86.76,6.16,822.39,768.90,49.25
14,63,0.52515,214.07,92.74,6.57,823.53,720.27,50.00
14,64,0.53345,221.26,97.72,7.03,865.44,599.86,55.15
14,65,0.54175,228.47,102.19,7.49,868.75,538.11,55.51
14,66,0.55042,235.77,105.00,7.97,841.90,324.59,54.93
14,67,0.55859,243.01,107.49,8.44,885.07,304.02,57.84
14,68,0.56653,250.06,108.92,8.90,889.62,180.53,58.08
14,69,0.57520,256.99,110.16,9.35,798.59,143.55,51.76
14,70,0.58325,263.46,110.80,9.76,803.79,79.07,51.14
14,71,0.59167,269.71,111.31,10.15,742.39,60.26,46.38
14,72,0.59998,275.26,111.40,10.48,667.65,10.83,39.34
14,73,0.60840,280.62,111.39,10.79,636.96,-1.11,36.59
14,74,0.61682,285.41,111.06,11.04,568.12,-39.13,30.43
14,75,0.62512,290.15,110.64,11.30,570.96,-49.81,30.51
14,76,0.63367,294.74,109.96,11.54,537.50,-80.02,28.21
14,77,0.64185,299.33,109.19,11.78,561.19,-93.94,29.48
14,78,0.65027,303.91,108.15,12.02,543.84,-123.59,28.99
15,0,0.00000,0.00,0.00,0.00,-66.67,-0.00,100.36
15,1,0.00830,-0.61,0.00,0.91,-73.16,0.00,109.56
15,2,0.01672,-1.76,0.17,2.63,-137.32,19.65,204.35
15,3,0.02502,-2.98,0.17,4.43,-147.06,0.00,217.28
15,4,0.03308,-4.46,0.35,6.57,-183.33,23.04,265.53
15,5,0.04163,-5.93,0.35,8.68,-171.43,0.00,246.07
15,6,0.05005,-7.35,0.54,10.64,-169.20,22.44,232.97
15,7,0.05847,-8.74,0.54,12.55,-165.22,0.00,226.81
15,8,0.06653,-10.00,0.71,14.24,-156.44,20.55,210.23
15,9,0.07495,-11.26,0.71,15.94,-149.64,0.00,201.09
15,10,0.08313,-12.52,0.86,17.63,-154.10,18.94,207.09
15,11,0.09180,-13.78,0.86,19.32,-145.42,0.00,195.42
15,12,0.09998,-15.05,1.02,21.02,-154.10,18.94,207.09
15,13,0.10828,-16.29,1.02,22.72,-149.63,0.00,205.15
15,14,0.11633,-17.45,1.18,24.47,-144.32,20.05,216.67
15,15,0.12488,-18.61,1.18,26.21,-136.07,0.00,204.29
15,16,0.13330,-19.78,1.34,27.96,-138.04,19.72,207.25
15,17,0.14172,-20.91,1.34,29.71,-134.78,0.00,208.33
15,18,0.14990,-21.94,1.34,31.51,-125.37,0.00,219.40
15,19,0.15869,-22.96,1.34,33.30,-116.67,0.00,204.17
15,20,0.16638,-23.99,1.34,35.10,-133.33,0.00,233.33
15,21,0.17517,-25.02,1.34,36.90,-117.01,-0.00,204.86
15,22,0.18347,-26.04,1.34,38.69,-123.53,0.00,216.18
15,23,0.19177,-27.07,1.34,40.48,-123.53,0.00,216.18
15,24,0.20044,-28.09,1.34,42.29,-118.66,0.00,207.75
15,25,0.20972,-29.11,1.34,44.11,-109.21,0.00,196.71
15,26,0.21741,-30.03,1.34,45.96,-120.24,0.00,240.48
15,27,0.22571,-30.96,1.34,47.81,-111.40,0.00,222.79
15,28,0.23413,-31.88,1.34,49.66,-109.78,0.00,219.57
15,29,0.24207,-32.78,1.34,51.53,-112.69,0.00,235.77
15,30,0.25085,-33.56,1.34,53.48,-89.24,0.00,221.53
15,31,0.25842,-34.31,1.34,55.44,-99.60,0.00,259.68
15,32,0.26648,-34.97,1.34,57.48,-81.06,0.00,253.03
15,33,0.27478,-35.50,1.34,59.56,-64.34,0.00,251.10
15,34,0.28333,-35.62,1.34,61.81,-14.29,0.00,263.21
15,35,0.29138,-35.63,1.34,64.14,-1.14,0.00,288.64
15,36,0.30017,-35.24,1.34,66.74,44.44,0.00,295.83
15,37,0.30811,-34.87,1.34,69.43,46.92,0.00,338.85
15,38,0.31641,-34.56,1.34,72.44,37.13,0.00,362.50
15,39,0.32471,-34.29,1.34,75.54,32.35,0.00,374.26
15,40,0.33325,-34.16,1.34,78.99,15.36,0.00,402.86
15,41,0.34155,-34.05,1.34,82.52,13.60,0.00,425.74
15,42,0.34998,-34.00,1.34,86.37,5.80,0.00,457.61
15,43,0.35815,-34.04,1.34,90.32,-4.85,0.00,482.09
15,44,0.36670,-34.39,1.34,94.58,-40.71,0.00,498.57
15,45,0.37500,-35.20,1.34,99.28,-97.43,0.00,566.54
15,46,0.38354,-37.65,1.34,105.58,-286.79,0.00,737.14
15,47,0.39172,-40.01,1.34,111.66,-288.81,0.00,743.66
15,48,0.40027,-42.08,1.34,117.07,-242.86,0.00,632.86
15,49,0.40857,-44.16,1.34,122.48,-250.00,0.00,651.47
15,50,0.41663,-46.23,1.34,127.88,-257.58,0.00,671.21
15,51,0.42554,-48.32,3.28,133.30,-234.25,217.37,608.22
15,52,0.43335,-50.44,11.94,138.76,-271.48,1107.87,698.44
15,53,0.44189,-52.56,20.49,144.20,-248.21,1001.42,636.79
15,54,0.45007,-54.70,28.79,149.65,-260.82,1014.24,666.04
15,55,0.45837,-56.83,37.01,155.09,-257.35,990.15,655.88
15,56,0.46680,-58.98,44.97,160.53,-254.35,944.97,645.65
15,57,0.47510,-61.12,52.84,165.96,-258.46,948.00,654.41
15,58,0.48328,-63.27,60.40,171.38,-262.31,924.54,661.94
15,59,0.49158,-65.42,67.84,176.81,-259.93,896.77,654.78
15,60,0.50037,-67.62,74.88,182.32,-250.35,801.31,626.39
15,61,0.50842,-69.90,81.75,187.99,-282.95,852.92,704.17
15,62,0.51685,-72.45,88.04,194.23,-302.17,746.61,740.94
15,63,0.52502,-75.04,94.04,200.57,-316.79,732.57,774.63
15,64,0.53345,-77.78,99.01,207.22,-325.72,591.16,790.22
15,65,0.54163,-80.54,103.50,213.90,-336.94,548.71,816.79
15,66,0.55005,-83.34,106.32,220.66,-332.25,334.00,801.81
15,67,0.55859,-86.11,108.82,227.36,-325.00,292.56,784.64
15,68,0.56665,-88.82,110.25,233.90,-335.98,177.80,811.36
15,69,0.57495,-91.49,111.50,240.34,-320.96,151.13,775.74
15,70,0.58362,-93.96,112.14,246.34,-285.21,73.50,692.25
15,71,0.59192,-96.34,112.65,252.14,-287.13,61.52,698.90
15,72,0.60010,-98.43,112.74,257.28,-255.60,11.00,629.10
15,73,0.60828,-100.45,112.73,262.27,-247.01,-0.85,609.33
15,74,0.61682,-102.23,112.40,266.72,-208.57,-38.58,520.71
15,75,0.62500,-104.00,111.99,271.13,-215.67,-50.32,539.18
15,76,0.63342,-105.70,111.31,275.40,-202.54,-81.18,507.25
15,77,0.64185,-107.41,110.54,279.67,-202.54,-90.98,506.88
15,78,0.65002,-109.11,109.50,283.93,-208.21,-127.28,520.52
16,0,0.00000,0.00,0.00,0.00,-108.33,-0.00,52.54
16,1,0.00842,-0.98,0.00,0.48,-116.67,0.00,56.52
16,2,0.01660,-2.85,0.00,1.37,-228.73,0.00,109.33
16,3,0.02515,-4.82,0.00,2.30,-230.36,0.00,109.29
16,4,0.03308,-7.18,0.00,3.40,-297.31,0.00,137.69
16,5,0.04150,-9.51,0.00,4.46,-276.81,0.00,126.81
16,6,0.04993,-11.74,0.00,5.43,-264.13,0.00,114.86
16,7,0.05835,-13.91,0.00,6.37,-257.61,0.00,111.23
16,8,0.06689,-15.85,0.00,7.19,-227.86,0.00,95.71
16,9,0.07495,-17.80,0.00,8.00,-241.67,0.00,101.52
16,10,0.08313,-19.75,0.00,8.82,-238.06,0.00,100.00
16,11,0.09155,-21.69,0.00,9.64,-231.16,0.00,97.10
16,12,0.09998,-23.64,0.00,10.46,-231.16,0.00,97.10
16,13,0.10913,-25.58,0.00,11.29,-211.33,0.00,91.33
16,14,0.11658,-27.46,0.00,12.21,-253.28,0.00,122.54
16,15,0.12500,-29.35,0.00,13.12,-223.91,0.00,108.33
16,16,0.13330,-31.23,0.00,14.03,-227.21,0.00,109.93
16,17,0.14185,-33.10,0.00,14.97,-218.57,0.00,109.29
16,18,0.15015,-34.90,0.00,15.99,-216.18,0.00,123.16
16,19,0.15845,-36.69,0.00,17.01,-216.18,0.00,123.16
16,20,0.16663,-38.49,0.00,18.03,-219.40,0.00,125.00
16,21,0.17493,-40.28,0.00,19.06,-216.18,0.00,123.16
16,22,0.18323,-42.07,0.00,20.08,-216.18,0.00,123.16
16,23,0.19177,-43.87,0.00,21.10,-210.00,0.00,119.64
16,24,0.20007,-45.66,0.00,22.12,-216.18,0.00,123.16
16,25,0.20825,-47.45,0.00,23.17,-217.91,0.00,127.61
16,26,0.21680,-49.18,0.00,24.29,-203.21,0.00,131.43
16,27,0.22498,-50.92,0.00,25.41,-212.31,0.00,137.31
16,28,0.23340,-52.66,0.00,26.54,-206.16,0.00,133.33
16,29,0.24170,-54.38,0.00,27.69,-207.35,0.00,138.97
16,30,0.25000,-56.04,0.00,28.97,-200.37,0.00,154.04
16,31,0.25842,-57.69,0.00,30.27,-196.01,0.00,155.07
16,32,0.26660,-59.29,0.00,31.70,-195.15,0.00,174.25
16,33,0.27490,-60.81,0.00,33.21,-183.82,0.00,182.35
16,34,0.28320,-62.06,0.00,35.09,-150.37,0.00,225.74
16,35,0.29187,-63.25,0.00,37.07,-137.68,0.00,229.23
16,36,0.29980,-64.24,0.00,39.51,-124.23,0.00,307.31
16,37,0.30811,-65.28,0.00,42.01,-125.37,0.00,301.10
16,38,0.31641,-66.55,0.00,44.76,-152.57,0.00,331.25
16,39,0.32483,-67.89,0.00,47.56,-159.06,0.00,332.97
16,40,0.33313,-69.53,0.00,50.60,-197.43,0.00,365.44
16,41,0.34143,-71.22,0.00,53.69,-204.04,0.00,372.79
16,42,0.35022,-73.14,0.00,57.04,-218.06,0.00,380.56
16,43,0.35828,-75.16,0.00,60.41,-251.52,0.00,418.94
16,44,0.36658,-77.63,0.00,63.90,-297.06,0.00,420.59
16,45,0.37512,-80.66,0.00,67.53,-355.00,0.00,424.29
16,46,0.38342,-85.96,0.00,71.69,-637.87,0.00,501.84
16,47,0.39160,-91.11,0.00,75.75,-629.85,0.00,496.27
16,48,0.39990,-95.64,0.00,79.35,-546.32,0.00,433.82
16,49,0.40820,-100.18,0.00,82.96,-546.32,0.00,433.82
16,50,0.41663,-104.71,0.00,86.56,-538.41,0.00,427.54
16,51,0.42480,-109.26,1.75,90.16,-555.97,213.85,440.67
16,52,0.43323,-113.85,10.38,93.77,-544.57,1025.05,428.62
16,53,0.44153,-118.44,18.95,97.38,-552.94,1031.86,434.93
16,54,0.44995,-123.04,27.24,100.99,-546.74,984.84,428.26
16,55,0.45813,-127.65,35.47,104.59,-563.06,1005.92,440.67
16,56,0.46655,-132.25,43.43,108.19,-547.10,944.97,426.81
16,57,0.47510,-136.86,51.31,111.78,-539.29,922.04,420.00
16,58,0.48315,-141.46,58.87,115.35,-570.83,938.55,443.56
16,59,0.49158,-146.08,66.33,118.93,-548.55,885.26,425.36
16,60,0.49988,-150.78,73.37,122.56,-565.44,848.45,436.40
16,61,0.50867,-155.60,80.26,126.27,-549.31,783.92,422.92
16,62,0.51648,-160.96,86.55,130.35,-686.33,804.94,522.27
16,63,0.52515,-166.57,92.71,134.61,-646.83,711.55,491.20
16,64,0.53369,-172.47,97.83,139.06,-690.36,598.18,521.07
16,65,0.54199,-178.24,102.25,143.42,-695.22,532.51,524.63
16,66,0.55029,-184.08,105.06,147.81,-703.68,338.91,529.78
16,67,0.55872,-189.87,107.52,152.17,-687.68,291.69,517.39
16,68,0.56702,-195.53,108.95,156.43,-680.88,172.57,512.50
16,69,0.57544,-201.06,110.18,160.59,-656.52,145.69,494.57
16,70,0.58362,-206.23,110.81,164.50,-632.84,77.89,477.99
16,71,0.59253,-211.21,111.31,168.27,-558.90,55.64,423.29
16,72,0.60095,-215.88,111.40,171.83,-553.62,11.28,422.46
16,73,0.60938,-220.10,111.36,175.06,-501.09,-4.99,383.33
16,74,0.61792,-223.89,111.03,177.99,-444.29,-38.58,342.50
16,75,0.62573,-227.64,110.59,180.88,-479.69,-56.45,369.92
16,76,0.63416,-231.28,109.91,183.69,-432.25,-81.18,334.06
16,77,0.64233,-234.92,109.11,186.50,-444.78,-97.34,343.28
16,78,0.65100,-238.55,108.07,189.30,-419.01,-120.11,323.24
17,0,0.00000,0.00,0.00,0.00,-14.71,-0.00,-121.32
17,1,0.00830,-0.02,0.00,-1.09,-2.57,0.00,-131.62
17,2,0.01672,0.16,0.00,-3.16,21.01,0.00,-245.29
17,3,0.02490,0.39,0.10,-5.33,28.36,12.36,-264.93
17,4,0.03333,0.69,0.10,-7.91,35.87,-0.00,-306.52
17,5,0.04175,1.00,0.10,-10.45,36.59,0.00,-302.17
17,6,0.04993,1.34,0.10,-12.85,41.42,0.00,-293.66
17,7,0.05847,1.67,0.22,-15.19,39.29,13.87,-273.57
17,8,0.06689,1.99,0.22,-17.28,38.04,-0.00,-247.83
17,9,0.07495,2.31,0.22,-19.37,39.77,0.00,-259.09
17,10,0.08374,2.64,0.22,-21.47,36.81,-0.00,-239.58
17,11,0.09192,2.96,0.22,-23.56,39.18,0.00,-255.22
17,12,0.10034,3.28,0.33,-25.68,38.77,13.65,-251.45
17,13,0.10876,3.58,0.33,-27.76,35.14,-0.00,-247.83
17,14,0.11694,3.79,0.33,-29.85,25.37,0.00,-254.85
17,15,0.12524,3.99,0.33,-31.93,25.00,-0.00,-251.10
17,16,0.13379,4.20,0.44,-34.02,24.29,12.58,-243.93
17,17,0.14197,4.38,0.44,-36.10,21.64,-0.00,-254.48
17,18,0.15015,4.44,0.44,-38.16,7.84,0.00,-252.24
17,19,0.15894,4.51,0.44,-40.23,7.29,-0.00,-234.72
17,20,0.16699,4.57,0.57,-42.29,7.95,16.28,-256.06
17,21,0.17542,4.64,0.57,-44.35,7.61,-0.00,-244.93
17,22,0.18359,4.70,0.57,-46.41,7.84,0.00,-252.24
17,23,0.19202,4.76,0.67,-48.48,7.61,12.05,-244.93
17,24,0.20044,4.83,0.67,-50.54,7.61,-0.00,-244.93
17,25,0.20850,4.87,0.67,-52.61,4.92,0.00,-256.44
17,26,0.21680,4.82,0.78,-54.67,-5.88,13.01,-248.90
17,27,0.22522,4.77,0.78,-56.74,-5.80,-0.00,-245.29
17,28,0.23376,4.72,0.78,-58.80,-5.71,0.00,-241.79
17,29,0.24207,4.63,0.90,-60.88,-10.66,14.32,-249.63
17,30,0.25012,4.41,0.90,-62.96,-27.27,-0.00,-259.09
17,31,0.25879,4.16,0.90,-65.05,-29.58,-0.00,-241.20
17,32,0.26733,3.78,1.05,-67.16,-44.29,17.57,-246.43
17,33,0.27539,3.27,1.05,-69.25,-62.88,-0.00,-259.47
17,34,0.28381,2.33,1.19,-71.29,-112.32,16.43,-242.39
17,35,0.29187,1.24,1.19,-73.35,-134.85,-0.00,-255.68
17,36,0.30029,-0.32,1.38,-75.46,-185.51,22.88,-250.72
17,37,0.30859,-1.91,1.49,-77.67,-191.54,13.23,-265.44
17,38,0.31702,-3.59,1.61,-80.18,-199.64,14.24,-298.55
17,39,0.32507,-5.29,1.73,-82.80,-210.23,15.16,-325.38
17,40,0.33362,-7.02,1.87,-85.78,-202.50,15.28,-348.93
17,41,0.34180,-8.78,2.00,-88.85,-214.93,16.26,-375.37
17,42,0.35010,-10.63,2.14,-92.24,-222.79,17.20,-407.35
17,43,0.35864,-12.44,2.28,-95.74,-212.14,16.80,-410.36
17,44,0.36694,-14.13,2.43,-99.67,-203.31,17.47,-473.16
17,45,0.37524,-15.61,2.58,-104.22,-178.68,17.76,-548.16
17,46,0.38367,-16.39,2.73,-110.91,-93.12,18.30,-794.20
17,47,0.39221,-17.16,2.88,-117.39,-89.64,17.52,-758.21
17,48,0.40027,-17.86,3.01,-123.14,-87.12,16.58,-713.64
17,49,0.40881,-18.56,3.15,-128.89,-82.14,15.66,-672.86
17,50,0.41687,-19.27,3.28,-134.64,-87.12,16.60,-713.64
17,51,0.42542,-19.97,5.36,-140.48,-82.86,242.65,-684.29
17,52,0.43372,-20.65,13.99,-146.28,-81.99,1040.13,-698.53
17,53,0.44202,-21.33,22.54,-152.08,-81.62,1030.33,-698.90
17,54,0.45032,-22.00,30.84,-157.89,-80.51,999.32,-700.00
17,55,0.45862,-22.67,39.05,-163.71,-80.15,989.61,-700.00
17,56,0.46716,-23.32,47.01,-169.51,-76.79,931.47,-679.64
17,57,0.47534,-23.97,54.87,-175.32,-79.85,961.50,-709.70
17,58,0.48389,-24.62,62.44,-181.11,-75.00,884.92,-677.50
17,59,0.49219,-25.26,69.87,-186.92,-77.21,895.93,-700.37
17,60,0.50037,-25.89,76.92,-192.82,-77.99,861.11,-720.90
17,61,0.50854,-26.54,83.78,-198.90,-79.10,838.96,-744.40
17,62,0.51709,-27.22,90.07,-205.61,-79.29,735.94,-784.64
17,63,0.52551,-27.90,96.04,-212.42,-80.80,709.27,-809.06
17,64,0.53381,-28.59,101.02,-219.59,-83.82,599.86,-863.24
17,65,0.54199,-29.29,105.48,-226.78,-85.07,545.18,-879.48
17,66,0.55066,-29.99,108.29,-234.06,-80.28,324.59,-839.79
17,67,0.55933,-30.68,110.77,-241.28,-79.58,286.31,-833.10
17,68,0.56738,-31.35,112.21,-248.32,-83.33,177.80,-874.24
17,69,0.57532,-32.01,113.45,-255.23,-83.46,156.44,-870.00
17,70,0.58411,-32.66,114.10,-261.89,-73.61,74.77,-757.99
17,71,0.59229,-33.27,114.59,-268.09,-74.63,59.70,-758.58
17,72,0.60046,-33.83,114.68,-273.62,-69.03,11.00,-675.37
17,73,0.60876,-34.38,114.66,-278.93,-66.18,-2.91,-640.44
17,74,0.61731,-34.89,114.33,-283.70,-60.00,-38.58,-557.50
17,75,0.62537,-35.40,113.90,-288.41,-62.88,-52.87,-584.85
17,76,0.63379,-35.89,113.22,-292.98,-58.70,-81.18,-543.12
17,77,0.64233,-36.39,112.44,-297.55,-57.86,-91.39,-534.64
17,78,0.65051,-36.88,111.40,-302.11,-60.07,-127.28,-557.46
18,0,0.00000,0.00,0.00,0.00,9.78,0.00,-100.00
18,1,0.00818,0.08,0.00,-0.84,10.07,0.00,-102.99
18,2,0.01660,0.30,0.00,-2.91,25.72,0.00,-244.93
18,3,0.02527,0.52,0.00,-4.97,25.00,0.00,-238.03
18,4,0.03333,0.82,0.00,-7.55,37.50,0.00,-320.45
18,5,0.04150,1.12,0.00,-10.13,36.94,-0.00,-315.67
18,6,0.04993,1.46,0.00,-12.53,40.22,-0.00,-285.14
18,7,0.05823,1.80,0.11,-14.94,40.81,13.30,-289.34
18,8,0.06702,2.12,0.11,-17.02,36.46,0.00,-237.50
18,9,0.07483,2.44,0.11,-19.11,41.02,-0.00,-267.19
18,10,0.08350,2.76,0.11,-21.20,36.97,0.00,-240.85
18,11,0.09155,3.08,0.11,-23.28,39.77,0.00,-259.09
18,12,0.09985,3.40,0.11,-25.37,38.60,-0.00,-251.47
18,13,0.10815,3.72,0.11,-27.46,38.60,0.00,-251.47
18,14,0.11682,3.93,0.11,-29.54,23.94,0.00,-240.49
18,15,0.12476,4.14,0.11,-31.63,26.15,0.00,-262.69
18,16,0.13306,4.34,0.26,-33.71,25.00,18.18,-251.10
18,17,0.14148,4.55,0.61,-35.80,24.64,40.99,-247.46
18,18,0.14978,4.61,0.91,-37.86,7.72,37.13,-248.53
18,19,0.15833,4.68,1.22,-39.92,7.50,35.98,-241.43
18,20,0.16650,4.74,1.53,-41.99,7.84,37.59,-252.24
18,21,0.17493,4.81,1.84,-44.05,7.61,36.59,-244.93
18,22,0.18335,4.87,2.14,-46.11,7.61,36.29,-244.93
18,23,0.19153,4.93,2.45,-48.18,7.84,37.79,-252.24
18,24,0.20007,5.00,2.76,-50.24,7.50,35.94,-241.43
18,25,0.20825,5.06,3.07,-52.30,7.84,37.68,-252.24
18,26,0.21680,5.01,3.34,-54.37,-5.71,32.08,-241.79
18,27,0.22485,4.97,3.59,-56.43,-6.06,30.79,-256.44
18,28,0.23328,4.92,3.82,-58.50,-5.80,27.01,-245.29
18,29,0.24158,4.87,4.02,-60.57,-5.88,24.71,-248.90
18,30,0.24988,4.65,4.18,-62.65,-26.47,19.16,-251.47
18,31,0.25818,4.43,4.33,-64.74,-26.47,17.38,-251.47
18,32,0.26672,4.05,4.44,-66.85,-44.29,12.82,-246.43
18,33,0.27478,3.67,4.44,-68.95,-46.97,0.00,-261.36
18,34,0.28308,2.73,4.56,-70.99,-113.97,14.84,-245.96
18,35,0.29163,1.78,4.56,-73.04,-110.71,-0.00,-239.29
18,36,0.29980,0.22,4.56,-75.15,-191.04,0.00,-258.21
18,37,0.30823,-1.35,4.56,-77.26,-185.51,0.00,-251.09
18,38,0.31665,-3.03,4.56,-79.78,-199.64,-0.00,-298.55
18,39,0.32483,-4.71,4.56,-82.29,-205.60,0.00,-307.46
18,40,0.33386,-6.44,4.56,-85.28,-191.55,0.00,-330.07
18,41,0.34229,-8.17,4.56,-88.26,-205.43,0.00,-353.99
18,42,0.35083,-10.02,4.56,-91.64,-216.43,0.00,-395.71
18,43,0.35864,-11.87,4.56,-95.02,-236.72,0.00,-433.20
18,44,0.36743,-13.56,4.56,-98.95,-192.01,0.00,-446.88
18,45,0.37463,-15.24,4.56,-102.88,-234.32,0.00,-545.34
18,46,0.38293,-16.03,4.56,-109.57,-94.49,0.00,-805.88
18,47,0.39136,-16.81,4.56,-116.26,-93.12,0.00,-794.20
18,48,0.39966,-17.51,4.56,-122.01,-84.56,0.00,-692.65
18,49,0.40796,-18.22,4.56,-127.76,-84.56,0.00,-692.65
18,50,0.41650,-18.92,4.56,-133.51,-82.14,0.00,-672.86
18,51,0.42493,-19.62,4.56,-139.25,-83.33,0.76,-682.61
18,52,0.43311,-20.30,13.20,-145.05,-83.21,1055.65,-708.96
18,53,0.44153,-20.98,21.83,-150.85,-80.80,1025.02,-688.41
18,54,0.44971,-21.65,30.13,-156.66,-81.72,1014.24,-710.45
18,55,0.45813,-22.32,38.42,-162.47,-79.35,984.81,-689.86
18,56,0.46667,-22.97,46.38,-168.28,-76.79,931.47,-679.64
18,57,0.47473,-23.63,54.34,-174.09,-81.44,987.89,-720.83
18,58,0.48303,-24.27,61.90,-179.88,-77.21,910.95,-697.43
18,59,0.49158,-24.91,69.46,-185.67,-75.00,884.87,-677.50
18,60,0.50000,-25.55,76.51,-191.56,-75.72,836.15,-700.00
18,61,0.50830,-26.19,83.55,-197.46,-76.84,848.38,-710.29
18,62,0.51697,-26.86,89.84,-204.16,-78.17,725.58,-773.59
18,63,0.52515,-27.54,96.12,-210.87,-82.84,768.76,-819.78
18,64,0.53308,-28.24,101.10,-218.03,-87.69,627.54,-903.08
18,65,0.54163,-28.93,106.08,-225.20,-81.43,582.51,-838.57
18,66,0.54980,-29.63,108.89,-232.48,-85.07,343.97,-889.93
18,67,0.55835,-30.33,111.71,-239.76,-81.43,329.09,-851.79
18,68,0.56677,-31.00,113.14,-246.80,-79.71,170.07,-836.23
18,69,0.57471,-31.67,114.57,-253.84,-84.62,180.44,-887.31
18,70,0.58337,-32.30,115.21,-260.30,-72.54,73.50,-745.07
18,71,0.59167,-32.93,115.84,-266.75,-75.74,76.68,-777.94
18,72,0.59985,-33.49,115.93,-272.28,-69.03,11.00,-675.37
18,73,0.60864,-34.05,116.02,-277.80,-64.24,10.19,-628.47
18,74,0.61633,-34.57,115.69,-282.57,-66.67,-42.86,-619.44
18,75,0.62476,-35.08,115.36,-287.33,-60.87,-39.17,-565.58
18,76,0.63318,-35.57,114.68,-291.90,-58.70,-81.18,-543.12
18,77,0.64197,-36.07,114.00,-296.48,-56.25,-77.83,-520.49
18,78,0.64990,-36.56,112.96,-301.04,-61.92,-131.19,-574.62
19,0,0.00000,0.00,0.00,0.00,117.25,0.00,13.03
19,1,0.00818,1.09,0.00,0.12,133.58,0.00,14.93
19,2,0.01648,3.15,0.00,0.36,248.16,0.00,29.04
19,3,0.02466,5.32,0.00,0.62,264.93,0.00,31.72
19,4,0.03296,7.90,0.00,0.96,310.66,0.00,40.07
19,5,0.04175,10.44,0.00,1.29,288.89,0.00,38.54
19,6,0.04956,12.84,0.00,1.66,307.03,0.00,46.88
19,7,0.05811,15.17,0.00,2.02,272.86,0.00,42.50
19,8,0.06653,17.25,0.00,2.37,247.46,0.00,40.94
19,9,0.07483,19.34,0.00,2.72,251.47,0.00,41.91
19,10,0.08325,21.43,0.00,3.06,247.83,0.00,41.30
19,11,0.09143,23.51,0.00,3.41,254.85,0.00,42.16
19,12,0.09985,25.60,0.00,3.75,247.83,0.00,40.94
19,13,0.10815,27.68,0.00,4.07,251.10,0.00,38.60
19,14,0.11646,29.77,0.00,4.31,251.10,0.00,28.31
19,15,0.12463,31.85,0.00,4.54,254.85,0.00,28.73
19,16,0.13306,33.94,0.00,4.78,247.46,0.00,27.90
19,17,0.14136,36.01,0.00,4.98,250.37,0.00,24.26
19,18,0.14966,38.09,0.00,5.07,250.00,0.00,10.66
19,19,0.15857,40.15,0.00,5.16,231.51,0.00,9.93
19,20,0.16638,42.21,0.00,5.25,264.06,0.00,11.33
19,21,0.17468,44.28,0.00,5.33,248.53,0.00,10.66
19,22,0.18347,46.34,0.00,5.42,234.72,0.00,10.07
19,23,0.19165,48.40,0.00,5.51,252.24,0.00,10.82
19,24,0.19995,50.47,0.00,5.60,248.53,0.00,10.66
19,25,0.20801,52.53,0.00,5.66,256.06,0.00,7.95
19,26,0.21655,54.60,0.00,5.64,241.79,0.00,-2.86
19,27,0.22510,56.66,0.00,5.62,241.79,0.00,-2.86
19,28,0.23328,58.73,0.00,5.59,252.61,0.00,-2.99
19,29,0.24146,60.80,0.00,5.53,253.36,0.00,-7.46
19,30,0.24988,62.90,0.00,5.33,249.28,0.00,-23.19
19,31,0.25830,64.99,0.00,5.10,248.55,0.00,-27.54
19,32,0.26648,67.11,0.00,4.75,258.21,0.00,-43.28
19,33,0.27490,69.20,0.00,4.27,248.91,0.00,-57.25
19,34,0.28357,71.26,0.00,3.34,236.97,0.00,-106.34
19,35,0.29150,73.33,0.00,2.28,261.15,0.00,-133.85
19,36,0.29980,75.46,0.00,0.74,256.62,0.00,-185.29
19,37,0.30811,77.68,0.00,-0.82,267.65,0.00,-188.24
19,38,0.31665,80.22,0.00,-2.47,297.50,0.00,-193.93
19,39,0.32520,82.86,0.00,-4.14,309.29,0.00,-194.64
19,40,0.33325,85.86,0.00,-5.83,372.35,0.00,-210.23
19,41,0.34155,88.96,0.00,-7.55,372.79,0.00,-207.35
19,42,0.34985,92.37,0.00,-9.37,410.66,0.00,-218.38
19,43,0.35815,95.90,0.00,-11.14,426.10,0.00,-213.60
19,44,0.36682,99.85,0.00,-12.78,455.28,0.00,-189.44
19,45,0.37500,104.43,0.00,-14.21,560.45,0.00,-174.25
19,46,0.38342,111.13,0.00,-14.91,795.29,0.00,-83.70
19,47,0.39148,117.62,0.00,-15.60,804.92,0.00,-85.61
19,48,0.39990,123.38,0.00,-16.23,683.70,0.00,-75.00
19,49,0.40820,129.14,0.00,-16.86,693.75,0.00,-76.10
19,50,0.41675,134.89,0.00,-17.50,673.93,0.00,-73.93
19,51,0.42505,140.66,2.01,-18.12,694.85,242.00,-75.74
19,52,0.43347,146.47,10.64,-18.74,689.49,1025.06,-72.83
19,53,0.44165,152.28,19.20,-19.35,710.45,1046.02,-74.63
19,54,0.44983,158.13,27.54,-19.95,715.30,1019.55,-73.51
19,55,0.45825,163.95,35.75,-20.54,690.58,975.36,-70.65
19,56,0.46680,169.76,43.71,-21.13,680.71,931.47,-68.57
19,57,0.47485,175.57,51.58,-21.71,721.21,976.18,-72.35
19,58,0.48328,181.37,59.14,-22.29,688.04,897.74,-68.12
19,59,0.49158,187.19,66.58,-22.86,701.47,896.07,-68.75
19,60,0.50000,193.09,73.62,-23.43,700.72,836.16,-67.39
19,61,0.50806,199.19,80.48,-24.00,756.44,851.89,-71.21
19,62,0.51648,205.90,86.77,-24.60,796.74,746.61,-71.01
19,63,0.52490,212.72,92.75,-25.20,809.78,709.62,-71.38
19,64,0.53333,219.89,97.73,-25.81,851.81,591.17,-72.46
19,65,0.54150,227.09,102.19,-26.42,880.22,545.78,-74.63
19,66,0.55078,234.38,105.00,-27.03,785.53,303.24,-65.46
19,67,0.55896,241.80,107.53,-27.65,907.09,308.50,-75.75
19,68,0.56677,248.85,108.96,-28.23,902.34,183.35,-75.39
19,69,0.57520,255.74,110.18,-28.81,818.48,145.05,-68.84
19,70,0.58337,262.21,110.82,-29.37,790.30,77.89,-67.54
19,71,0.59192,268.42,111.31,-29.90,727.50,57.59,-62.86
19,72,0.60010,273.95,111.40,-30.40,676.12,11.00,-60.82
19,73,0.60864,279.28,111.38,-30.89,623.57,-2.49,-57.14
19,74,0.61670,284.05,111.05,-31.34,592.05,-40.92,-56.44
19,75,0.62512,288.77,110.63,-31.80,560.51,-50.27,-53.62
19,76,0.63367,293.35,109.94,-32.24,536.07,-80.02,-51.43
19,77,0.64172,297.93,109.16,-32.68,567.80,-96.62,-54.55
19,78,0.65051,302.49,108.12,-33.11,519.44,-118.44,-49.65
20,0,0.00000,0.00,0.00,0.00,97.18,0.00,10.56
20,1,0.00842,0.84,-0.00,0.09,100.00,-0.00,10.87
20,2,0.01660,2.90,0.16,0.33,251.87,20.06,29.48
20,3,0.02478,4.96,0.16,0.57,251.87,-0.00,29.48
20,4,0.03308,7.54,0.36,0.91,310.66,23.95,40.07
20,5,0.04175,10.12,0.47,1.24,297.54,12.63,38.38
20,6,0.04980,12.52,0.47,1.61,297.73,0.00,45.45
20,7,0.05798,14.92,0.67,1.97,293.28,23.57,44.78
20,8,0.06628,17.00,0.67,2.32,251.10,0.00,41.54
20,9,0.07458,19.09,0.83,2.66,251.10,19.64,41.54
20,10,0.08301,21.17,0.93,3.01,247.46,12.28,40.94
20,11,0.09143,23.25,0.93,3.35,247.46,0.00,40.94
20,12,0.09985,25.34,1.06,3.70,247.46,14.99,40.94
20,13,0.10791,27.42,1.06,4.04,258.71,0.00,42.80
20,14,0.11658,29.51,1.25,4.28,240.49,21.59,27.11
20,15,0.12476,31.59,1.25,4.51,254.85,-0.00,28.73
20,16,0.13318,33.68,1.43,4.75,247.46,21.70,27.90
20,17,0.14124,35.76,1.43,4.98,258.71,0.00,29.17
20,18,0.14966,37.82,1.62,5.07,244.93,23.19,10.51
20,19,0.15845,39.89,1.73,5.16,234.72,11.75,10.07
20,20,0.16626,41.95,1.83,5.25,264.06,13.26,11.33
20,21,0.17456,44.01,1.93,5.33,248.53,12.48,10.66
20,22,0.18323,46.08,2.04,5.42,238.03,11.95,10.21
20,23,0.19165,48.14,2.14,5.51,244.93,12.30,10.51
20,24,0.20007,50.20,2.24,5.60,244.93,12.33,10.51
20,25,0.20813,52.26,2.35,5.69,256.06,12.85,10.98
20,26,0.21619,54.33,2.46,5.66,256.44,14.15,-3.03
20,27,0.22485,56.40,2.58,5.64,238.38,13.10,-2.82
20,28,0.23328,58.46,2.69,5.62,245.29,13.56,-2.90
20,29,0.24158,60.53,2.80,5.59,248.90,13.74,-2.94
20,30,0.25000,62.62,2.93,5.40,247.83,15.50,-23.19
20,31,0.25818,64.70,3.07,5.20,255.22,16.00,-23.88
20,32,0.26648,66.82,3.21,4.85,254.41,17.61,-42.65
20,33,0.27478,68.93,3.36,4.49,254.41,17.66,-42.65
20,34,0.28345,70.98,3.61,3.57,236.97,28.51,-106.34
20,35,0.29138,73.03,3.76,2.65,258.85,19.03,-116.15
20,36,0.30042,75.16,4.00,1.11,235.81,27.18,-170.27
20,37,0.30811,77.30,4.26,-0.43,277.38,33.13,-200.00
20,38,0.31653,79.83,4.54,-2.08,301.09,34.14,-196.38
20,39,0.32458,82.37,4.83,-3.74,314.77,35.62,-205.30
20,40,0.33313,85.38,5.15,-5.44,352.50,37.12,-198.93
20,41,0.34155,88.43,5.47,-7.16,362.32,38.12,-204.35
20,42,0.35022,91.84,5.82,-8.97,392.96,40.18,-208.80
20,43,0.35852,95.25,6.17,-10.77,411.40,41.99,-217.65
20,44,0.36670,99.20,6.53,-12.41,482.46,44.31,-200.75
20,45,0.37476,103.20,6.89,-14.04,496.21,45.11,-201.52
20,46,0.38367,109.90,7.32,-14.74,751.71,47.84,-79.11
20,47,0.39160,116.58,7.74,-15.44,842.31,53.59,-88.46
20,48,0.40027,122.34,8.11,-16.08,664.44,42.55,-72.89
20,49,0.40833,128.10,8.48,-16.71,714.77,45.76,-78.41
20,50,0.41663,133.86,8.85,-17.34,693.75,44.44,-76.10
20,51,0.42493,139.61,9.22,-17.95,692.65,44.16,-73.90
20,52,0.43347,145.41,17.85,-18.57,679.64,1010.41,-71.79
20,53,0.44153,151.22,26.48,-19.18,720.83,1070.88,-76.14
20,54,0.45007,157.04,34.77,-19.78,681.07,970.77,-70.00
20,55,0.45837,162.86,43.06,-20.38,701.10,998.58,-72.06
20,56,0.46643,168.68,51.02,-20.96,721.97,987.93,-72.73
20,57,0.47485,174.49,58.97,-21.55,690.22,944.11,-69.57
20,58,0.48303,180.29,66.53,-22.12,708.58,924.54,-70.15
20,59,0.49243,186.12,74.13,-22.70,620.78,808.25,-61.36
20,60,0.50098,192.02,81.17,-23.27,690.71,824.21,-66.43
20,61,0.50989,198.05,88.30,-23.84,676.71,799.50,-64.73
20,62,0.51733,204.76,94.59,-24.44,901.23,844.53,-80.33
20,63,0.52563,211.50,100.82,-25.04,811.03,751.16,-72.06
20,64,0.53442,218.67,105.80,-25.65,816.32,566.53,-69.44
20,65,0.54260,225.85,110.69,-26.26,877.61,598.01,-74.63
20,66,0.55017,233.13,113.51,-26.87,962.50,371.71,-80.24
20,67,0.55945,240.41,116.26,-27.47,784.21,297.17,-65.46
20,68,0.56677,247.46,117.70,-28.06,962.50,195.58,-80.42
20,69,0.57507,254.48,119.10,-28.65,846.32,168.66,-70.59
20,70,0.58362,260.95,119.73,-29.20,756.43,74.55,-64.64
20,71,0.59155,267.37,120.35,-29.75,810.00,77.47,-69.23
20,72,0.60034,272.90,120.44,-30.25,629.17,10.23,-56.60
20,73,0.60840,278.40,120.51,-30.75,682.58,9.04,-61.74
20,74,0.61694,283.17,120.18,-31.20,558.21,-38.58,-53.21
20,75,0.62500,287.94,119.84,-31.66,591.29,-42.71,-56.44
20,76,0.63428,292.52,119.15,-32.10,493.75,-73.70,-47.37
20,77,0.64209,297.09,118.45,-32.53,585.94,-89.39,-56.25
20,78,0.65015,301.66,117.41,-32.97,566.67,-129.21,-54.17
21,0,0.00000,0.00,0.00,0.00,-70.83,0.49,-101.52
21,1,0.00842,-0.61,0.00,-0.89,-72.83,0.39,-105.07
21,2,0.01660,-1.79,0.00,-2.59,-143.28,0.00,-208.96
21,3,0.02490,-3.01,0.00,-4.39,-147.79,0.01,-216.91
21,4,0.03333,-4.46,0.00,-6.56,-171.38,0.00,-256.52
21,5,0.04150,-5.87,0.00,-8.69,-173.13,-0.01,-261.57
21,6,0.04993,-7.17,0.16,-10.74,-154.35,18.97,-243.12
21,7,0.05823,-8.43,0.16,-12.74,-151.84,0.00,-240.81
21,8,0.06689,-9.54,0.29,-14.54,-127.82,14.61,-207.39
21,9,0.07507,-10.65,0.29,-16.34,-135.45,0.00,-219.78
21,10,0.08325,-11.76,0.42,-18.13,-135.45,15.87,-219.78
21,11,0.09167,-12.86,0.42,-19.93,-131.52,0.00,-213.41
21,12,0.09998,-13.97,0.55,-21.73,-133.46,15.98,-216.54
21,13,0.10840,-15.10,0.55,-23.51,-133.70,0.01,-211.59
21,14,0.11658,-16.29,0.55,-25.23,-145.90,-0.01,-210.82
21,15,0.12500,-17.48,0.55,-26.96,-141.67,0.00,-204.71
21,16,0.13342,-18.68,0.55,-28.68,-141.67,-0.01,-204.71
21,17,0.14148,-19.89,0.55,-30.38,-150.38,0.00,-210.98
21,18,0.15002,-21.18,0.55,-32.00,-151.07,0.01,-188.93
21,19,0.15881,-22.47,0.55,-33.61,-146.53,-0.01,-183.68
21,20,0.16663,-23.76,0.55,-35.23,-165.23,-0.01,-206.64
21,21,0.17554,-25.05,0.55,-36.84,-144.52,0.00,-181.16
21,22,0.18347,-26.33,0.55,-38.46,-162.31,0.00,-203.46
21,23,0.19165,-27.62,0.55,-40.07,-157.84,0.00,-197.39
21,24,0.19983,-28.91,0.55,-41.68,-157.46,0.00,-197.39
21,25,0.20825,-30.22,0.55,-43.28,-155.07,0.00,-189.86
21,26,0.21643,-31.59,0.55,-44.82,-168.28,0.00,-188.43
21,27,0.22485,-32.97,0.55,-46.37,-163.41,0.00,-182.97
21,28,0.23328,-34.35,0.55,-47.91,-163.41,0.00,-182.97
21,29,0.24170,-35.75,0.55,-49.43,-167.03,0.00,-180.80
21,30,0.25037,-37.27,0.55,-50.88,-175.35,0.00,-166.90
21,31,0.25806,-38.82,0.55,-52.30,-201.19,0.00,-185.71
21,32,0.26672,-40.48,0.55,-53.66,-190.85,0.00,-156.69
21,33,0.27515,-42.21,0.55,-54.94,-205.80,0.00,-151.45
21,34,0.28333,-44.25,0.55,-55.88,-250.00,0.00,-114.93
21,35,0.29163,-46.40,0.55,-56.75,-258.82,0.00,-105.15
21,36,0.30005,-48.96,0.55,-57.35,-303.99,0.00,-70.65
21,37,0.30835,-51.59,0.55,-57.99,-316.91,0.00,-77.21
21,38,0.31653,-54.50,0.55,-58.81,-355.97,0.00,-100.75
21,39,0.32483,-57.48,0.55,-59.70,-358.82,0.00,-106.99
21,40,0.33325,-60.73,0.55,-60.85,-385.87,0.00,-136.23
21,41,0.34180,-64.05,0.55,-62.04,-388.57,0.00,-139.64
21,42,0.34998,-67.65,0.55,-63.42,-440.30,0.00,-168.28
21,43,0.35840,-71.30,0.55,-64.90,-432.97,0.00,-175.72
21,44,0.36694,-75.13,0.55,-66.79,-448.21,0.00,-221.79
21,45,0.37512,-79.18,0.55,-69.23,-495.52,0.00,-298.13
21,46,0.38330,-84.12,0.55,-73.81,-603.36,0.00,-560.45
21,47,0.39197,-88.92,0.55,-78.26,-553.87,0.00,-513.38
21,48,0.40002,-93.18,0.55,-82.18,-529.17,0.00,-486.74
21,49,0.40845,-97.45,0.55,-86.11,-506.16,0.00,-465.58
21,50,0.41650,-101.71,0.55,-90.03,-529.17,0.00,-486.74
21,51,0.42505,-105.98,2.29,-93.96,-499.29,203.86,-460.00
21,52,0.43311,-110.25,10.93,-97.93,-531.06,1071.65,-493.18
21,53,0.44189,-114.53,19.49,-101.91,-486.81,974.57,-452.43
21,54,0.44995,-118.81,27.79,-105.90,-531.06,1029.60,-495.45
21,55,0.45862,-123.09,36.02,-109.89,-493.31,949.28,-460.56
21,56,0.46655,-127.35,43.98,-113.89,-537.69,1003.12,-503.85
21,57,0.47485,-131.61,51.85,-117.88,-513.24,949.20,-481.25
21,58,0.48340,-135.86,59.42,-121.88,-496.43,884.92,-467.14
21,59,0.49158,-140.11,66.87,-125.88,-520.52,911.74,-489.93
21,60,0.49988,-144.42,73.92,-129.96,-518.75,848.45,-490.81
21,61,0.50830,-148.84,80.81,-134.15,-524.64,818.08,-497.83
21,62,0.51660,-153.70,87.09,-138.82,-586.03,757.59,-562.13
21,63,0.52490,-158.63,93.12,-143.55,-593.38,725.76,-570.22
21,64,0.53345,-163.80,98.10,-148.55,-605.71,582.72,-585.36
21,65,0.54175,-168.99,102.64,-153.57,-625.37,547.19,-604.78
21,66,0.54993,-174.24,105.45,-158.66,-641.79,343.97,-622.39
21,67,0.55835,-179.46,107.99,-163.72,-619.20,300.91,-600.36
21,68,0.56653,-184.54,109.42,-168.64,-620.90,175.14,-602.24
21,69,0.57520,-189.53,110.69,-173.48,-576.41,146.74,-558.45
21,70,0.58325,-194.20,111.33,-177.99,-579.17,79.07,-559.47
21,71,0.59167,-198.73,111.86,-182.36,-538.41,62.51,-519.20
21,72,0.59998,-202.74,111.95,-186.20,-483.09,10.83,-462.50
21,73,0.60864,-206.65,111.95,-189.93,-450.35,0.61,-430.28
21,74,0.61719,-210.34,111.60,-193.43,-431.79,-40.92,-408.93
21,75,0.62537,-213.78,111.18,-196.69,-420.90,-51.68,-398.51
21,76,0.63379,-217.12,110.50,-199.85,-396.74,-81.18,-375.36
21,77,0.64185,-220.46,109.72,-203.01,-414.39,-96.51,-392.05
21,78,0.65063,-223.79,108.68,-206.16,-378.82,-118.44,-358.68
22,0,0.00000,0.00,0.00,0.00,-73.11,0.00,-102.65
22,1,0.00818,-0.63,0.00,-0.89,-77.24,0.00,-108.96
22,2,0.01672,-1.82,0.27,-2.59,-139.29,31.33,-198.57
22,3,0.02527,-3.07,0.56,-4.37,-145.71,34.15,-208.93
22,4,0.03369,-4.53,0.92,-6.52,-174.28,43.13,-254.71
22,5,0.04211,-5.97,1.29,-8.64,-170.65,43.21,-252.17
22,6,0.05029,-7.29,1.66,-10.68,-161.57,45.77,-248.51
22,7,0.05872,-8.58,2.03,-12.66,-152.17,43.48,-235.51
22,8,0.06702,-9.70,2.36,-14.44,-136.03,40.28,-215.07
22,9,0.07507,-10.83,2.69,-16.23,-140.15,40.22,-221.59
22,10,0.08337,-11.96,3.00,-18.01,-136.03,37.91,-215.07
22,11,0.09180,-13.09,3.31,-19.80,-134.06,36.27,-211.96
22,12,0.10022,-14.22,3.60,-21.59,-134.06,35.12,-211.96
22,13,0.10864,-15.37,3.88,-23.36,-135.87,32.94,-210.14
22,14,0.11694,-16.58,4.10,-25.06,-145.96,26.80,-205.88
22,15,0.12537,-17.79,4.32,-26.77,-143.84,25.74,-202.90
22,16,0.13354,-19.00,4.53,-28.48,-148.13,26.33,-208.96
22,17,0.14172,-20.23,4.73,-30.17,-150.37,23.62,-206.34
22,18,0.15051,-21.54,4.86,-31.77,-148.61,15.40,-181.94
22,19,0.15906,-22.87,5.00,-33.40,-155.71,16.03,-190.71
22,20,0.16675,-24.17,5.13,-35.00,-169.84,17.31,-207.94
22,21,0.17517,-25.48,5.26,-36.60,-155.07,15.35,-189.86
22,22,0.18433,-26.79,5.39,-38.20,-142.67,13.96,-174.67
22,23,0.19189,-28.09,5.51,-39.79,-172.58,16.57,-211.29
22,24,0.20044,-29.40,5.64,-41.39,-152.86,14.45,-187.14
22,25,0.20874,-30.72,5.75,-42.98,-159.56,13.49,-190.81
22,26,0.21667,-32.12,5.75,-44.50,-175.77,0.00,-192.31
22,27,0.22522,-33.51,5.90,-46.03,-163.21,17.06,-178.57
22,28,0.23364,-34.91,5.90,-47.56,-165.58,0.00,-181.16
22,29,0.24219,-36.33,6.03,-49.06,-166.79,15.35,-176.07
22,30,0.25024,-37.87,6.03,-50.49,-190.53,0.00,-177.27
22,31,0.25854,-39.43,6.03,-51.90,-188.60,0.00,-169.85
22,32,0.26709,-41.10,6.03,-53.24,-195.36,0.00,-156.79
22,33,0.27539,-42.86,6.03,-54.49,-211.40,0.00,-150.37
22,34,0.28369,-44.91,6.03,-55.40,-247.43,0.00,-110.66
22,35,0.29211,-47.08,6.03,-56.25,-257.25,0.00,-100.00
22,36,0.30054,-49.64,6.03,-56.81,-304.71,0.00,-67.39
22,37,0.30859,-52.29,6.03,-57.43,-328.03,0.00,-76.52
22,38,0.31714,-55.21,6.03,-58.22,-341.79,0.00,-92.86
22,39,0.32532,-58.20,6.03,-59.09,-366.04,0.00,-105.60
22,40,0.33423,-61.46,6.03,-60.20,-366.10,0.00,-125.00
22,41,0.34229,-64.80,6.03,-61.36,-414.39,0.00,-144.32
22,42,0.35034,-68.42,6.03,-62.70,-448.86,0.00,-165.91
22,43,0.35876,-72.09,6.03,-64.15,-435.51,0.00,-172.10
22,44,0.36731,-75.94,6.03,-66.00,-450.71,0.00,-216.79
22,45,0.37512,-80.04,6.03,-68.44,-524.61,0.00,-312.11
22,46,0.38379,-85.02,6.03,-72.97,-575.00,0.00,-522.89
22,47,0.39185,-89.85,6.03,-77.36,-600.00,0.00,-544.70
22,48,0.40027,-94.16,6.03,-81.24,-510.87,0.00,-460.14
22,49,0.40881,-98.46,6.03,-85.11,-503.57,0.00,-453.57
22,50,0.41711,-102.76,6.03,-88.99,-518.38,0.00,-466.91
22,51,0.42529,-107.07,7.92,-92.88,-526.87,231.10,-475.37
22,52,0.43408,-111.42,16.60,-96.82,-494.44,987.59,-448.96
22,53,0.44202,-115.74,25.16,-100.75,-544.62,1078.56,-495.38
22,54,0.45056,-120.07,33.47,-104.71,-507.14,973.54,-462.86
22,55,0.45874,-124.39,41.69,-108.65,-527.99,1004.91,-482.46
22,56,0.46680,-128.70,49.65,-112.60,-534.85,987.93,-490.15
22,57,0.47534,-133.00,57.52,-116.55,-503.57,920.90,-462.14
22,58,0.48376,-137.29,65.08,-120.50,-508.70,897.75,-468.48
22,59,0.49207,-141.59,72.53,-124.46,-518.01,896.75,-477.57
22,60,0.50024,-145.94,79.57,-128.49,-532.09,861.11,-492.54
22,61,0.50854,-150.42,86.44,-132.65,-539.71,827.81,-501.10
22,62,0.51697,-155.33,92.73,-137.26,-583.33,746.61,-547.46
22,63,0.52563,-160.32,98.72,-141.95,-575.35,691.26,-540.85
22,64,0.53381,-165.55,103.70,-146.90,-639.55,608.82,-604.85
22,65,0.54236,-170.79,108.19,-151.86,-613.93,525.12,-581.43
22,66,0.55042,-176.10,111.00,-156.90,-658.33,349.18,-624.62
22,67,0.55859,-181.36,113.50,-161.89,-643.66,305.61,-610.82
22,68,0.56689,-186.49,114.93,-166.76,-618.01,172.56,-586.76
22,69,0.57520,-191.53,116.18,-171.54,-606.62,150.79,-575.37
22,70,0.58362,-196.24,116.82,-176.00,-559.78,75.63,-529.35
22,71,0.59192,-200.81,117.33,-180.30,-549.63,61.76,-518.75
22,72,0.60034,-204.86,117.42,-184.10,-481.16,10.68,-450.72
22,73,0.60901,-208.79,117.42,-187.77,-453.52,-0.63,-423.94
22,74,0.61694,-212.30,117.09,-191.03,-443.08,-41.55,-410.77
22,75,0.62512,-215.79,116.68,-194.26,-425.75,-50.14,-394.78
22,76,0.63403,-219.16,115.99,-197.39,-378.77,-76.73,-350.68
22,77,0.64197,-222.54,115.23,-200.51,-425.38,-96.41,-393.46
22,78,0.65027,-225.90,114.19,-203.63,-405.15,-125.40,-375.37
23,0,0.00000,0.00,0.00,0.00,-89.08,0.00,76.06
23,1,0.00781,-0.83,0.00,0.71,-106.25,0.00,90.62
23,2,0.01624,-2.41,0.00,2.04,-188.04,0.00,158.70
23,3,0.02454,-4.08,0.00,3.45,-200.74,0.00,169.12
23,4,0.03296,-6.09,0.00,5.10,-238.04,0.00,196.38
23,5,0.04126,-8.07,0.00,6.73,-238.97,0.00,195.59
23,6,0.04944,-9.98,0.00,8.23,-233.21,0.00,183.58
23,7,0.05786,-11.84,0.00,9.69,-221.01,0.00,173.19
23,8,0.06628,-13.51,0.00,10.97,-198.91,0.00,152.17
23,9,0.07458,-15.19,0.00,12.25,-201.84,0.00,154.41
23,10,0.08301,-16.86,0.00,13.53,-198.91,0.00,152.17
23,11,0.09106,-18.54,0.00,14.81,-207.95,0.00,159.09
23,12,0.09961,-20.21,0.00,16.09,-196.07,0.00,150.00
23,13,0.10791,-21.88,0.00,17.40,-200.00,0.00,156.62
23,14,0.11621,-23.47,0.00,18.76,-191.91,0.00,163.97
23,15,0.12439,-25.06,0.00,20.12,-194.78,0.00,166.42
23,16,0.13306,-26.65,0.00,21.48,-183.80,0.00,157.04
23,17,0.14124,-28.23,0.00,22.86,-192.16,0.00,168.66
23,18,0.14954,-29.70,0.00,24.30,-177.94,0.00,174.26
23,19,0.15784,-31.18,0.00,25.75,-177.94,0.00,174.26
23,20,0.16638,-32.66,0.00,27.20,-172.86,0.00,169.29
23,21,0.17468,-34.13,0.00,28.64,-177.94,0.00,174.26
23,22,0.18274,-35.61,0.00,30.09,-183.33,0.00,179.55
23,23,0.19128,-37.10,0.00,31.54,-173.93,0.00,170.00
23,24,0.19971,-38.57,0.00,32.99,-175.36,0.00,171.74
23,25,0.20801,-40.03,0.00,34.45,-175.74,0.00,176.47
23,26,0.21655,-41.43,0.00,35.98,-163.21,0.00,178.57
23,27,0.22473,-42.82,0.00,37.51,-170.52,0.00,186.57
23,28,0.23291,-44.22,0.00,39.03,-170.52,0.00,186.57
23,29,0.24146,-45.59,0.00,40.58,-160.71,0.00,181.43
23,30,0.24963,-46.88,0.00,42.24,-157.09,0.00,202.99
23,31,0.25793,-48.14,0.00,43.93,-152.21,0.00,202.94
23,32,0.26636,-49.32,0.00,45.71,-140.58,0.00,211.59
23,33,0.27454,-50.41,0.00,47.56,-133.21,0.00,226.87
23,34,0.28296,-51.14,0.00,49.69,-86.59,0.00,252.90
23,35,0.29138,-51.79,0.00,51.93,-77.17,0.00,265.22
23,36,0.29980,-52.13,0.00,54.53,-39.86,0.00,309.42
23,37,0.30798,-52.50,0.00,57.22,-45.90,0.00,328.36
23,38,0.31628,-53.03,0.00,60.20,-63.60,0.00,358.82
23,39,0.32458,-53.62,0.00,63.26,-70.59,0.00,368.38
23,40,0.33301,-54.43,0.00,66.61,-96.74,0.00,397.83
23,41,0.34143,-55.29,0.00,70.03,-101.45,0.00,406.52
23,42,0.34973,-56.29,0.00,73.75,-121.32,0.00,448.53
23,43,0.35828,-57.40,0.00,77.53,-130.00,0.00,442.14
23,44,0.36646,-58.90,0.00,81.54,-183.21,0.00,489.55
23,45,0.37451,-60.94,0.00,85.83,-252.65,0.00,532.58
23,46,0.38318,-65.00,0.00,91.20,-469.01,0.00,619.72
23,47,0.39148,-68.94,0.00,96.42,-474.63,0.00,628.68
23,48,0.39929,-72.42,0.00,101.05,-444.53,0.00,592.97
23,49,0.40796,-75.89,0.00,105.68,-400.70,0.00,534.51
23,50,0.41602,-79.36,0.00,110.31,-431.06,0.00,575.00
23,51,0.42456,-82.84,1.80,114.95,-407.50,210.92,542.86
23,52,0.43274,-86.36,10.44,119.61,-430.60,1055.65,569.40
23,53,0.44116,-89.89,19.00,124.27,-418.48,1016.66,552.90
23,54,0.44934,-93.43,27.29,128.92,-432.84,1014.24,569.40
23,55,0.45801,-96.97,35.52,133.58,-408.45,949.01,537.32
23,56,0.46619,-100.52,43.48,138.23,-433.58,973.18,567.91
23,57,0.47485,-104.06,51.36,142.86,-409.15,908.77,535.21
23,58,0.48279,-107.60,58.92,147.49,-446.54,952.99,582.31
23,59,0.49121,-111.16,66.37,152.12,-422.46,884.88,550.72
23,60,0.49939,-114.78,73.41,156.82,-442.54,861.12,573.88
23,61,0.50781,-118.52,80.30,161.64,-443.12,817.45,572.46
23,62,0.51636,-122.67,86.59,166.95,-485.71,735.94,621.43
23,63,0.52441,-126.88,92.60,172.33,-523.11,746.61,667.42
23,64,0.53308,-131.34,97.58,177.98,-514.08,574.51,652.11
23,65,0.54114,-135.81,102.11,183.65,-555.30,561.88,703.79
23,66,0.54993,-140.34,104.92,189.38,-515.97,320.08,652.08
23,67,0.55798,-144.85,107.45,195.07,-559.09,313.39,706.82
23,68,0.56641,-149.24,108.88,200.62,-521.01,170.06,658.70
23,69,0.57532,-153.55,110.14,206.08,-483.90,142.10,612.33
23,70,0.58289,-157.57,110.78,211.18,-530.65,84.17,673.39
23,71,0.59119,-161.46,111.30,216.12,-468.75,62.98,595.59
23,72,0.59961,-164.87,111.39,220.50,-405.43,10.68,519.57
23,73,0.60779,-168.19,111.40,224.75,-405.22,0.28,520.15
23,74,0.61609,-171.12,111.07,228.54,-352.94,-39.71,456.62
23,75,0.62500,-174.02,110.66,232.30,-325.68,-45.29,421.92
23,76,0.63293,-176.82,109.98,235.94,-353.85,-86.17,459.23
23,77,0.64148,-179.63,109.22,239.59,-328.57,-88.75,426.43
23,78,0.64978,-182.43,108.18,243.22,-337.50,-125.40,437.50
24,0,0.00000,0.00,0.00,0.00,-105.36,-0.00,55.36
24,1,0.00806,-0.97,0.00,0.51,-120.08,0.00,62.88
24,2,0.01636,-2.81,0.00,1.46,-221.69,-0.00,114.71
24,3,0.02454,-4.75,0.15,2.45,-236.94,18.25,121.64
24,4,0.03284,-7.07,0.15,3.62,-279.78,-0.00,140.44
24,5,0.04126,-9.37,0.27,4.76,-272.83,14.64,135.51
24,6,0.04944,-11.56,0.27,5.80,-268.28,-0.00,126.87
24,7,0.05786,-13.70,0.39,6.80,-253.99,13.98,119.20
24,8,0.06628,-15.62,0.39,7.68,-227.90,0.00,104.35
24,9,0.07458,-17.54,0.50,8.56,-231.25,12.65,105.88
24,10,0.08301,-19.46,0.50,9.44,-227.90,0.00,104.35
24,11,0.09131,-21.38,0.60,10.32,-231.25,12.65,105.88
24,12,0.09949,-23.30,0.60,11.20,-234.70,0.00,107.46
24,13,0.10791,-25.20,0.70,12.09,-226.45,12.40,106.52
24,14,0.11633,-27.06,0.70,13.06,-220.65,-0.00,115.22
24,15,0.12463,-28.92,0.70,14.04,-223.90,0.00,116.91
24,16,0.13293,-30.78,0.85,15.01,-223.90,17.72,116.91
24,17,0.14136,-32.62,0.85,16.00,-218.12,-0.00,117.75
24,18,0.14954,-34.38,0.85,17.08,-215.30,-0.00,132.09
24,19,0.15796,-36.14,0.99,18.16,-209.06,16.10,128.26
24,20,0.16626,-37.91,0.99,19.24,-213.24,0.00,130.88
24,21,0.17468,-39.67,0.99,20.32,-209.06,-0.00,128.26
24,22,0.18298,-41.43,1.12,21.41,-212.13,15.91,130.15
24,23,0.19141,-43.19,1.12,22.49,-209.06,-0.00,128.26
24,24,0.19983,-44.95,1.12,23.57,-209.06,0.00,128.26
24,25,0.20801,-46.70,1.25,24.66,-213.81,16.07,134.33
24,26,0.21655,-48.40,1.25,25.84,-198.93,0.00,137.86
24,27,0.22473,-50.10,1.25,27.02,-207.84,0.00,144.03
24,28,0.23303,-51.80,1.37,28.20,-204.78,14.57,141.91
24,29,0.24133,-53.49,1.37,29.41,-202.94,-0.00,145.59
24,30,0.24963,-55.11,1.37,30.74,-195.59,0.00,160.29
24,31,0.25806,-56.72,1.48,32.10,-190.94,12.97,161.23
24,32,0.26636,-58.27,1.48,33.57,-186.76,0.00,177.57
24,33,0.27466,-59.74,1.48,35.13,-177.94,0.00,188.60
24,34,0.28333,-60.93,1.48,37.05,-136.97,0.00,220.77
24,35,0.29150,-62.06,1.48,39.07,-138.06,0.00,247.76
24,36,0.29968,-62.97,1.48,41.54,-110.82,0.00,301.49
24,37,0.30811,-63.93,1.48,44.07,-114.13,0.00,300.72
24,38,0.31641,-65.11,1.48,46.86,-141.91,0.00,335.66
24,39,0.32520,-66.36,1.48,49.71,-142.36,-0.00,323.96
24,40,0.33301,-67.90,1.48,52.79,-197.27,0.00,394.53
24,41,0.34143,-69.49,1.48,55.94,-189.49,0.00,373.91
24,42,0.34973,-71.30,1.48,59.34,-218.01,0.00,409.93
24,43,0.35803,-73.23,1.48,62.78,-231.62,-0.00,413.97
24,44,0.36633,-75.58,1.60,66.35,-283.46,14.63,429.78
24,45,0.37476,-78.51,1.60,70.07,-347.83,0.00,442.03
24,46,0.38306,-83.67,1.76,74.40,-621.69,18.63,521.69
24,47,0.39148,-88.68,1.86,78.61,-594.57,12.75,499.64
24,48,0.39966,-93.10,1.86,82.35,-540.30,-0.00,457.84
24,49,0.40808,-97.52,2.05,86.10,-524.64,22.41,444.57
24,50,0.41650,-101.93,2.05,89.84,-524.64,0.00,444.57
24,51,0.42480,-106.37,3.83,93.59,-533.82,213.55,451.47
24,52,0.43323,-110.84,12.46,97.34,-530.80,1025.05,445.65
24,53,0.44153,-115.31,21.02,101.10,-538.97,1031.75,452.21
24,54,0.44983,-119.80,29.32,104.85,-540.81,999.32,451.84
24,55,0.45813,-124.29,37.55,108.59,-540.81,991.02,451.47
24,56,0.46667,-128.78,45.50,112.33,-525.71,931.47,437.50
24,57,0.47498,-133.28,53.40,116.07,-542.28,950.65,450.37
24,58,0.48328,-137.77,60.96,119.79,-540.44,910.95,447.79
24,59,0.49146,-142.27,68.41,123.51,-550.75,911.40,455.60
24,60,0.49963,-146.85,75.45,127.28,-559.33,861.12,460.82
24,61,0.50806,-151.56,82.34,131.15,-559.42,817.61,459.42
24,62,0.51648,-156.79,88.63,135.40,-621.01,746.61,504.35
24,63,0.52515,-162.10,94.65,139.70,-612.32,694.28,496.48
24,64,0.53333,-167.70,99.63,144.22,-685.45,608.81,552.24
24,65,0.54175,-173.33,104.16,148.75,-667.75,537.88,538.04
24,66,0.54980,-179.03,106.97,153.33,-707.58,349.18,568.18
24,67,0.55859,-184.69,109.50,157.88,-644.10,287.53,517.36
24,68,0.56653,-190.20,110.93,162.31,-695.00,180.53,558.46
24,69,0.57507,-195.62,112.20,166.66,-634.29,148.35,509.64
24,70,0.58362,-200.67,112.83,170.73,-591.07,74.55,476.43
24,71,0.59204,-205.57,113.36,174.69,-581.16,62.17,469.57
24,72,0.60010,-209.88,113.45,178.20,-534.47,11.16,435.23
24,73,0.60828,-214.06,113.45,181.60,-511.19,0.36,416.79
24,74,0.61670,-217.76,113.12,184.65,-439.49,-39.13,361.59
24,75,0.62500,-221.43,112.72,187.67,-441.91,-48.55,363.97
24,76,0.63342,-224.98,112.03,190.60,-421.38,-81.18,347.46
24,77,0.64172,-228.52,111.28,193.52,-427.57,-91.29,352.21
24,78,0.65015,-232.06,110.24,196.44,-420.29,-123.59,346.01
25,0,0.00000,0.00,0.00,0.00,-70.22,0.00,100.00
25,1,0.00842,-0.63,0.00,0.89,-75.00,0.00,105.80
25,2,0.01685,-1.83,0.00,2.58,-142.75,0.00,200.36
25,3,0.02515,-3.10,0.00,4.35,-152.94,0.00,213.24
25,4,0.03345,-4.64,0.00,6.45,-184.93,0.00,252.94
25,5,0.04175,-6.16,0.00,8.51,-183.46,0.00,248.53
25,6,0.05017,-7.64,-0.00,10.43,-175.36,-0.00,228.26
25,7,0.05847,-9.08,-0.00,12.30,-173.90,0.00,225.37
25,8,0.06689,-10.39,-0.00,13.96,-155.07,0.00,196.74
25,9,0.07507,-11.69,-0.00,15.62,-159.70,0.00,202.61
25,10,0.08350,-13.00,-0.00,17.28,-155.07,0.00,196.74
25,11,0.09180,-14.31,-0.00,18.93,-157.35,0.00,199.63
25,12,0.10010,-15.61,-0.00,20.59,-157.35,0.00,199.63
25,13,0.10852,-16.90,-0.00,22.26,-152.90,0.00,198.19
25,14,0.11694,-18.11,-0.00,23.97,-143.48,0.00,203.26
25,15,0.12524,-19.32,-0.00,25.68,-145.59,0.00,206.25
25,16,0.13354,-20.53,-0.00,27.40,-145.59,0.00,206.25
25,17,0.14185,-21.71,-0.00,29.12,-142.28,0.00,207.35
25,18,0.15015,-22.78,-0.00,30.88,-129.41,0.00,212.50
25,19,0.15857,-23.86,-0.00,32.64,-127.54,0.00,209.42
25,20,0.16699,-24.93,-0.00,34.41,-127.54,0.00,209.42
25,21,0.17517,-26.00,-0.00,36.17,-131.34,0.00,215.67
25,22,0.18359,-27.09,-0.00,37.95,-128.62,0.00,211.59
25,23,0.19202,-28.16,-0.00,39.72,-127.54,0.00,209.42
25,24,0.20020,-29.24,-0.00,41.48,-131.34,0.00,215.67
25,25,0.20850,-30.29,-0.00,43.26,-126.84,0.00,213.97
25,26,0.21692,-31.26,-0.00,45.08,-115.58,0.00,216.30
25,27,0.22510,-32.24,-0.00,46.90,-119.03,0.00,222.76
25,28,0.23376,-33.22,-0.00,48.73,-113.03,0.00,211.27
25,29,0.24207,-34.16,-0.00,50.58,-113.97,0.00,222.06
25,30,0.25024,-35.00,-0.00,52.50,-102.24,0.00,235.07
25,31,0.25879,-35.83,-0.00,54.52,-97.86,0.00,236.79
25,32,0.26721,-36.54,-0.00,56.54,-84.06,0.00,239.86
25,33,0.27539,-37.12,-0.00,58.62,-70.15,0.00,254.10
25,34,0.28357,-37.30,-0.00,60.86,-22.39,0.00,274.25
25,35,0.29199,-37.35,-0.00,63.20,-6.52,0.00,277.54
25,36,0.30029,-37.03,-0.00,65.81,38.60,0.00,314.34
25,37,0.30872,-36.74,-0.00,68.52,35.14,0.00,322.10
25,38,0.31714,-36.51,-0.00,71.54,26.81,0.00,358.33
25,39,0.32556,-36.33,-0.00,74.67,21.01,0.00,371.01
25,40,0.33362,-36.30,-0.00,78.11,4.55,0.00,427.65
25,41,0.34204,-36.29,-0.00,81.66,1.45,0.00,421.38
25,42,0.35059,-36.34,-0.00,85.52,-6.79,0.00,451.07
25,43,0.35864,-36.51,-0.00,89.47,-20.08,0.00,490.91
25,44,0.36731,-36.97,-0.00,93.72,-53.52,0.00,490.14
25,45,0.37537,-37.98,-0.00,98.46,-125.38,0.00,589.02
25,46,0.38391,-40.59,-0.00,104.67,-305.71,0.00,726.43
25,47,0.39209,-43.11,-0.00,110.66,-307.46,0.00,732.46
25,48,0.40063,-45.33,-0.00,116.01,-260.00,0.00,626.07
25,49,0.40869,-47.55,-0.00,121.36,-275.76,0.00,664.02
25,50,0.41724,-49.77,-0.00,126.71,-260.00,0.00,626.07
25,51,0.42542,-52.00,2.19,132.07,-272.76,267.88,655.22
25,52,0.43372,-54.26,10.82,137.45,-272.43,1040.13,648.53
25,53,0.44202,-56.53,19.37,142.84,-273.16,1029.77,648.53
25,54,0.45044,-58.81,27.67,148.22,-270.65,984.84,639.49
25,55,0.45874,-61.09,35.88,153.61,-275.00,989.06,648.53
25,56,0.46704,-63.38,43.84,158.98,-275.74,958.87,647.79
25,57,0.47522,-65.67,51.70,164.36,-280.22,960.84,656.72
25,58,0.48364,-67.97,59.26,169.71,-272.10,897.74,635.87
25,59,0.49194,-70.27,66.69,175.09,-277.94,895.08,647.79
25,60,0.50024,-72.62,73.73,180.53,-283.09,848.45,655.88
25,61,0.50854,-75.06,80.58,186.16,-294.12,825.39,677.94
25,62,0.51697,-77.78,86.87,192.33,-322.10,746.61,732.25
25,63,0.52515,-80.54,92.83,198.60,-338.06,728.26,766.79
25,64,0.53357,-83.47,97.81,205.18,-347.10,591.16,781.16
25,65,0.54199,-86.40,102.23,211.78,-348.91,525.88,784.06
25,66,0.55029,-89.39,105.05,218.46,-359.19,339.06,804.78
25,67,0.55859,-92.34,107.51,225.09,-355.88,296.61,797.79
25,68,0.56702,-95.22,108.94,231.55,-342.39,170.07,767.03
25,69,0.57532,-98.04,110.17,237.87,-339.71,148.20,762.13
25,70,0.58374,-100.68,110.81,243.80,-312.68,75.63,703.99
25,71,0.59216,-103.21,111.31,249.52,-300.36,59.11,678.62
25,72,0.60046,-105.44,111.40,254.60,-268.75,10.83,612.50
25,73,0.60876,-107.58,111.38,259.51,-258.46,-2.02,591.54
25,74,0.61719,-109.48,111.05,263.91,-225.72,-39.14,522.10
25,75,0.62537,-111.36,110.63,268.26,-229.85,-51.32,532.46
25,76,0.63379,-113.19,109.95,272.49,-216.30,-81.18,501.45
25,77,0.64209,-115.01,109.17,276.71,-219.49,-93.32,508.46
25,78,0.65051,-116.83,108.13,280.92,-215.94,-123.59,500.00
26,0,0.00000,0.00,0.00,0.00,83.96,72.91,-91.42
26,1,0.00830,0.72,0.64,-0.82,87.13,76.55,-98.53
26,2,0.01672,2.10,1.85,-2.37,163.77,143.92,-183.70
26,3,0.02527,3.57,3.13,-4.00,171.43,150.41,-191.43
26,4,0.03357,5.32,4.65,-5.92,211.03,183.32,-231.25
26,5,0.04175,7.06,6.16,-7.81,212.31,184.21,-230.60
26,6,0.05005,8.73,7.59,-9.56,201.84,171.93,-211.03
26,7,0.05847,10.37,8.98,-11.26,194.20,165.00,-202.17
26,8,0.06677,11.84,10.22,-12.77,177.94,149.94,-181.62
26,9,0.07520,13.32,11.47,-14.28,175.36,147.95,-178.99
26,10,0.08337,14.80,12.71,-15.78,180.60,152.15,-184.33
26,11,0.09180,16.28,13.96,-17.29,175.36,147.92,-178.99
26,12,0.10010,17.75,15.21,-18.80,177.94,150.13,-181.62
26,13,0.10852,19.21,16.45,-20.32,173.19,147.25,-180.43
26,14,0.11670,20.60,17.67,-21.89,169.40,149.50,-192.16
26,15,0.12512,21.98,18.90,-23.46,164.49,145.68,-186.59
26,16,0.13342,23.37,20.12,-25.03,166.91,147.09,-189.34
26,17,0.14172,24.73,21.33,-26.62,163.97,146.58,-190.81
26,18,0.15015,25.99,22.52,-28.26,150.00,141.20,-195.29
26,19,0.15857,27.25,23.71,-29.90,149.28,140.95,-194.57
26,20,0.16675,28.51,24.89,-31.54,153.73,144.78,-200.37
26,21,0.17517,29.76,26.08,-33.18,149.28,140.94,-194.57
26,22,0.18347,31.02,27.26,-34.82,151.47,142.49,-197.43
26,23,0.19189,32.28,28.45,-36.46,149.28,140.61,-194.57
26,24,0.20007,33.54,29.63,-38.10,153.73,144.99,-200.37
26,25,0.20850,34.77,30.82,-39.75,147.10,140.41,-196.38
26,26,0.21680,35.94,31.98,-41.46,140.44,140.18,-205.51
26,27,0.22534,37.11,33.14,-43.16,136.43,136.34,-199.64
26,28,0.23340,38.27,34.31,-44.87,144.70,144.98,-211.74
26,29,0.24182,39.41,35.47,-46.60,135.14,137.66,-205.43
26,30,0.25012,40.45,36.62,-48.42,125.37,137.76,-219.49
26,31,0.25854,41.46,37.75,-50.27,120.29,135.08,-219.20
26,32,0.26685,42.39,38.88,-52.20,111.03,135.95,-232.72
26,33,0.27515,43.20,39.98,-54.19,98.16,132.01,-239.71
26,34,0.28345,43.62,40.96,-56.40,51.10,118.40,-266.18
26,35,0.29187,43.95,41.93,-58.70,38.77,114.87,-273.19
26,36,0.30017,43.91,42.84,-61.33,-4.41,109.49,-316.54
26,37,0.30859,43.91,43.79,-64.04,-0.72,113.22,-322.10
26,38,0.31689,44.01,44.90,-67.06,12.13,134.13,-364.34
26,39,0.32520,44.16,46.08,-70.17,18.38,141.07,-374.63
26,40,0.33350,44.50,47.45,-73.60,40.44,165.25,-413.24
26,41,0.34192,44.86,48.86,-77.11,43.12,167.63,-417.03
26,42,0.35010,45.33,50.44,-80.94,57.84,192.94,-467.91
26,43,0.35852,45.90,52.08,-84.84,67.39,195.65,-463.04
26,44,0.36682,46.82,54.00,-89.01,111.03,230.81,-502.57
26,45,0.37524,48.24,56.28,-93.55,168.48,271.09,-538.77
26,46,0.38354,51.51,59.94,-99.44,393.75,440.62,-709.56
26,47,0.39197,54.68,63.49,-105.16,375.72,420.88,-678.99
26,48,0.40015,57.46,66.62,-110.24,340.67,383.23,-620.90
26,49,0.40869,60.25,69.76,-115.32,326.07,367.14,-594.29
26,50,0.41687,63.03,72.89,-120.39,340.67,383.43,-620.90
26,51,0.42542,65.36,75.69,-125.14,272.50,327.52,-555.00
26,52,0.43359,68.19,84.33,-130.24,346.27,1055.66,-624.25
26,53,0.44202,71.03,92.89,-135.35,336.59,1016.51,-606.16
26,54,0.45032,73.88,101.18,-140.46,343.38,999.32,-615.44
26,55,0.45850,76.73,109.41,-145.56,348.51,1005.52,-624.25
26,56,0.46692,79.59,117.37,-150.66,339.49,944.97,-605.43
26,57,0.47522,82.45,125.24,-155.76,344.49,948.69,-613.60
26,58,0.48340,85.31,132.80,-160.83,349.63,924.55,-620.52
26,59,0.49182,88.18,140.25,-165.92,340.94,884.66,-604.71
26,60,0.50000,91.10,147.30,-171.08,357.46,861.11,-630.60
26,61,0.50842,94.12,154.18,-176.39,358.33,817.13,-629.71
26,62,0.51685,97.49,160.47,-182.22,399.28,746.61,-693.12
26,63,0.52515,100.90,166.48,-188.14,411.76,724.07,-713.24
26,64,0.53345,104.52,171.46,-194.37,435.66,599.86,-750.00
26,65,0.54175,108.15,175.98,-200.61,437.50,544.40,-752.21
26,66,0.55017,111.83,178.79,-206.93,437.32,334.00,-749.64
26,67,0.55859,115.55,181.33,-213.31,441.67,302.12,-757.25
26,68,0.56689,119.12,182.77,-219.42,429.41,172.56,-736.03
26,69,0.57532,122.61,184.02,-225.41,414.86,148.35,-711.96
26,70,0.58350,125.87,184.65,-231.02,398.51,77.89,-685.82
26,71,0.59192,129.02,185.17,-236.45,373.55,60.69,-644.20
26,72,0.60022,131.78,185.25,-241.26,333.09,10.83,-580.15
26,73,0.60864,134.46,185.25,-245.93,317.39,-0.78,-553.99
26,74,0.61682,136.82,184.92,-250.10,289.18,-40.30,-509.70
26,75,0.62524,139.17,184.51,-254.23,278.26,-48.80,-490.22
26,76,0.63354,141.43,183.82,-258.23,273.16,-82.38,-482.35
26,77,0.64197,143.70,183.06,-262.23,269.20,-90.93,-475.00
26,78,0.65027,145.97,182.02,-266.22,272.79,-125.40,-480.51
27,0,0.00000,0.00,0.00,0.00,-119.57,0.00,14.49
27,1,0.00830,-1.09,0.00,0.12,-130.88,0.00,14.34
27,2,0.01672,-3.15,0.00,0.34,-244.57,0.00,26.09
27,3,0.02502,-5.31,0.00,0.56,-261.03,0.00,27.21
27,4,0.03345,-7.90,0.00,0.81,-307.25,0.00,28.99
27,5,0.04175,-10.46,0.00,1.04,-307.72,0.00,27.94
27,6,0.05017,-12.88,0.00,1.21,-287.32,0.00,20.29
27,7,0.05835,-15.23,0.00,1.37,-288.06,0.00,19.78
27,8,0.06677,-17.34,0.00,1.50,-250.36,0.00,14.49
27,9,0.07507,-19.45,0.00,1.62,-254.04,0.00,14.71
27,10,0.08350,-21.56,0.00,1.74,-250.36,0.00,14.49
27,11,0.09180,-23.67,0.00,1.86,-254.04,0.00,14.71
27,12,0.10022,-25.78,0.00,1.98,-250.36,0.00,14.49
27,13,0.10840,-27.88,0.00,2.13,-257.09,0.00,17.54
27,14,0.11682,-29.96,0.00,2.36,-247.46,0.00,27.54
27,15,0.12512,-32.05,0.00,2.59,-251.10,0.00,27.94
27,16,0.13354,-34.13,0.00,2.82,-247.46,0.00,27.54
27,17,0.14172,-36.20,0.00,3.08,-253.36,0.00,31.72
27,18,0.15027,-38.24,0.00,3.45,-237.86,0.00,43.21
27,19,0.15845,-40.27,0.00,3.82,-248.51,0.00,45.15
27,20,0.16687,-42.30,0.00,4.19,-241.30,0.00,43.84
27,21,0.17517,-44.33,0.00,4.56,-244.85,0.00,44.49
27,22,0.18359,-46.37,0.00,4.93,-241.30,0.00,43.84
27,23,0.19177,-48.40,0.00,5.30,-248.51,0.00,45.15
27,24,0.20032,-50.43,0.00,5.67,-237.86,0.00,43.21
27,25,0.20862,-52.46,0.00,6.06,-244.49,0.00,47.06
27,26,0.21692,-54.47,0.00,6.54,-242.28,0.00,57.72
27,27,0.22510,-56.48,0.00,7.02,-245.90,0.00,58.58
27,28,0.23364,-58.49,0.00,7.50,-235.36,0.00,56.07
27,29,0.24182,-60.50,0.00,8.01,-245.52,0.00,63.06
27,30,0.25024,-62.49,0.00,8.66,-236.59,0.00,77.17
27,31,0.25854,-64.49,0.00,9.34,-240.07,0.00,82.35
27,32,0.26685,-66.47,0.00,10.16,-238.60,0.00,97.79
27,33,0.27515,-68.41,0.00,11.07,-234.19,0.00,110.66
27,34,0.28345,-70.21,0.00,12.43,-216.91,0.00,162.87
27,35,0.29187,-72.00,0.00,13.90,-212.32,0.00,175.36
27,36,0.30029,-73.74,0.00,15.88,-206.52,0.00,234.06
27,37,0.30847,-75.56,0.00,17.89,-222.39,0.00,246.27
27,38,0.31689,-77.67,0.00,20.06,-250.36,0.00,257.61
27,39,0.32520,-79.86,0.00,22.26,-264.71,0.00,265.07
27,40,0.33362,-82.42,0.00,24.57,-303.26,0.00,274.64
27,41,0.34180,-85.05,0.00,26.93,-321.27,0.00,288.06
27,42,0.35022,-87.97,0.00,29.44,-346.74,0.00,298.55
27,43,0.35852,-91.00,0.00,31.95,-365.81,0.00,301.84
27,44,0.36694,-94.49,0.00,34.42,-413.77,0.00,293.48
27,45,0.37524,-98.56,0.00,36.83,-490.44,0.00,290.44
27,46,0.38367,-104.94,0.00,39.00,-757.25,0.00,257.25
27,47,0.39197,-111.15,0.00,41.11,-748.53,0.00,254.78
27,48,0.40039,-116.63,0.00,43.00,-650.00,0.00,224.28
27,49,0.40869,-122.20,0.00,44.92,-671.69,0.00,231.62
27,50,0.41687,-127.68,0.00,46.81,-669.40,0.00,230.97
27,51,0.42517,-133.16,1.93,48.70,-661.03,232.82,227.21
27,52,0.43359,-138.69,10.57,50.58,-656.16,1025.06,223.19
27,53,0.44189,-144.22,19.12,52.46,-666.18,1031.00,226.10
27,54,0.45032,-149.76,27.42,54.32,-657.97,984.84,221.74
27,55,0.45862,-155.30,35.64,56.19,-667.65,990.27,224.63
27,56,0.46692,-160.85,43.60,58.04,-667.65,958.87,223.53
27,57,0.47510,-166.38,51.47,59.90,-677.24,962.29,226.49
27,58,0.48352,-171.91,59.03,61.73,-656.16,897.74,218.12
27,59,0.49182,-177.46,66.48,63.58,-668.75,896.96,222.06
27,60,0.50024,-183.09,73.52,65.43,-668.48,836.15,220.29
27,61,0.50854,-188.90,80.39,67.33,-699.63,828.11,229.04
27,62,0.51685,-195.32,86.68,69.40,-772.79,757.59,248.53
27,63,0.52527,-201.83,92.68,71.49,-773.55,711.80,248.19
27,64,0.53357,-208.69,97.66,73.67,-826.47,599.86,262.50
27,65,0.54187,-215.58,102.15,75.85,-829.78,541.42,263.24
27,66,0.55054,-222.55,104.96,78.05,-804.58,324.59,253.87
27,67,0.55859,-229.50,107.47,80.25,-862.12,311.42,272.35
27,68,0.56702,-236.25,108.91,82.38,-801.09,170.07,252.90
27,69,0.57532,-242.86,110.16,84.47,-797.43,150.77,252.21
27,70,0.58374,-249.05,110.79,86.43,-734.06,75.63,233.33
27,71,0.59204,-255.03,111.31,88.34,-720.22,61.75,229.78
27,72,0.60046,-260.31,111.40,90.05,-627.17,10.68,202.54
27,73,0.60876,-265.43,111.39,91.71,-616.54,-0.67,200.00
27,74,0.61719,-269.98,111.06,93.20,-540.58,-39.14,177.54
27,75,0.62549,-274.53,110.65,94.70,-547.79,-50.12,180.15
27,76,0.63391,-278.90,109.96,96.14,-518.84,-81.18,171.01
27,77,0.64221,-283.26,109.19,97.58,-526.10,-92.53,173.16
27,78,0.65051,-287.62,108.15,99.01,-525.00,-125.41,172.79
28,0,0.00000,0.00,0.00,0.00,91.30,0.00,-41.67
28,1,0.00818,0.77,-0.00,-0.35,94.03,-0.00,-42.91
28,2,0.01648,2.66,0.21,-1.20,227.94,25.64,-101.84
28,3,0.02490,4.55,0.33,-2.04,224.64,13.90,-100.36
28,4,0.03333,6.94,0.48,-3.08,282.97,17.32,-122.83
28,5,0.04138,9.32,0.62,-4.11,295.83,18.11,-128.41
28,6,0.05005,11.57,0.76,-5.02,259.51,15.47,-105.28
28,7,0.05811,13.82,0.89,-5.94,279.17,16.70,-113.26
28,8,0.06641,15.78,1.01,-6.70,236.76,13.94,-92.65
28,9,0.07483,17.75,1.12,-7.47,233.33,13.77,-91.30
28,10,0.08337,19.71,1.24,-8.24,230.00,13.56,-90.00
28,11,0.09143,21.68,1.35,-9.01,243.94,14.40,-95.45
28,12,0.09973,23.65,1.47,-9.78,236.76,13.96,-92.65
28,13,0.10803,25.61,1.59,-10.55,236.76,13.96,-92.65
28,14,0.11646,27.52,1.70,-11.41,226.81,14.09,-102.54
28,15,0.12463,29.43,1.82,-12.28,233.58,14.51,-105.60
28,16,0.13306,31.34,1.94,-13.14,226.81,14.09,-102.54
28,17,0.14136,33.25,2.06,-14.00,230.15,14.30,-104.04
28,18,0.14990,35.07,2.18,-14.98,212.86,14.19,-114.64
28,19,0.15833,36.89,2.30,-15.96,215.94,14.41,-116.30
28,20,0.16650,38.71,2.42,-16.94,222.39,14.79,-119.78
28,21,0.17493,40.53,2.55,-17.92,215.94,14.41,-116.30
28,22,0.18335,42.35,2.67,-18.90,215.94,14.39,-116.30
28,23,0.19153,44.17,2.79,-19.88,222.39,14.79,-119.78
28,24,0.19995,45.98,2.91,-20.86,215.94,14.40,-116.30
28,25,0.20825,47.80,3.03,-21.84,219.12,14.61,-118.01
28,26,0.21631,49.57,3.15,-22.92,218.94,15.40,-134.09
28,27,0.22485,51.33,3.28,-24.00,206.43,14.54,-126.43
28,28,0.23328,53.09,3.40,-25.08,209.42,14.81,-128.26
28,29,0.24146,54.86,3.53,-26.16,215.67,15.17,-132.09
28,30,0.24988,56.55,3.66,-27.40,201.09,15.40,-146.74
28,31,0.25793,58.25,3.79,-28.63,210.23,16.10,-153.41
28,32,0.26660,59.88,3.92,-30.02,188.38,15.59,-159.86
28,33,0.27478,61.51,4.06,-31.41,199.63,16.52,-169.40
28,34,0.28308,62.81,4.20,-33.25,155.88,17.57,-222.06
28,35,0.29138,64.10,4.35,-35.09,155.88,17.56,-222.06
28,36,0.30005,65.14,4.53,-37.50,120.42,21.29,-278.17
28,37,0.30798,66.19,4.53,-39.91,131.54,0.00,-303.85
28,38,0.31641,67.52,4.53,-42.63,158.33,0.00,-322.46
28,39,0.32556,68.85,4.53,-45.35,145.67,-0.00,-296.67
28,40,0.33374,70.57,4.53,-48.34,209.33,0.00,-365.67
28,41,0.34155,72.28,4.53,-51.33,219.14,0.00,-382.81
28,42,0.35010,74.28,4.53,-54.62,233.93,0.00,-385.71
28,43,0.35828,76.28,4.53,-57.92,244.40,0.00,-402.99
28,44,0.36670,78.83,4.53,-61.35,302.90,0.00,-407.25
28,45,0.37488,81.38,4.53,-64.78,311.94,0.00,-419.40
28,46,0.38330,86.77,4.53,-68.81,640.58,0.00,-478.62
28,47,0.39160,92.17,4.53,-72.84,650.00,0.00,-485.66
28,48,0.40002,96.79,4.53,-76.33,548.91,0.00,-414.13
28,49,0.40857,101.42,4.53,-79.82,541.07,0.00,-408.21
28,50,0.41650,106.04,4.53,-83.31,582.69,0.00,-439.62
28,51,0.42505,110.66,4.54,-86.80,541.07,0.41,-408.21
28,52,0.43347,115.34,13.17,-90.29,555.07,1025.05,-415.22
28,53,0.44153,120.01,21.80,-93.79,580.30,1071.71,-434.09
28,54,0.44983,124.71,30.10,-97.28,565.44,999.32,-420.59
28,55,0.45813,129.40,38.39,-100.77,565.44,999.30,-420.59
28,56,0.46667,134.10,46.35,-104.25,549.64,931.47,-407.14
28,57,0.47510,138.79,54.31,-107.73,557.61,944.95,-413.04
28,58,0.48340,143.48,61.87,-111.19,564.71,910.95,-416.54
28,59,0.49158,148.18,69.44,-114.65,573.88,925.56,-423.13
28,60,0.50000,152.96,76.49,-118.15,567.75,836.16,-416.30
28,61,0.50818,157.74,83.53,-121.66,584.70,860.95,-428.73
28,62,0.51672,163.20,89.82,-125.61,639.29,735.95,-461.79
28,63,0.52490,168.66,96.10,-129.56,667.91,768.61,-482.84
28,64,0.53333,174.51,101.08,-133.75,694.57,591.16,-498.19
28,65,0.54150,180.36,106.06,-137.95,715.30,608.33,-513.06
28,66,0.54980,186.31,108.87,-142.20,716.54,338.91,-512.13
28,67,0.55835,192.26,111.68,-146.45,696.07,328.94,-497.50
28,68,0.56665,198.02,113.11,-150.56,693.38,172.57,-495.59
28,69,0.57483,203.77,114.55,-154.68,703.73,174.96,-502.61
28,70,0.58337,209.05,115.18,-158.46,617.14,74.55,-442.50
28,71,0.59155,214.32,115.82,-162.24,644.40,77.76,-462.31
28,72,0.59998,218.81,115.91,-165.49,533.70,10.68,-386.59
28,73,0.60815,223.31,116.00,-168.75,549.63,10.90,-398.13
28,74,0.61646,227.17,115.67,-171.58,465.81,-39.71,-341.18
28,75,0.62512,231.04,115.34,-174.41,446.13,-38.11,-326.76
28,76,0.63391,234.91,114.62,-177.26,440.62,-81.22,-323.26
28,77,0.64197,238.62,113.92,-179.98,460.23,-86.90,-337.88
28,78,0.65015,242.32,112.88,-182.69,452.24,-127.28,-331.34
29,0,0.00000,0.00,0.00,0.00,-97.06,0.00,-30.88
29,1,0.00842,-0.81,0.00,-0.26,-95.65,0.00,-30.43
29,2,0.01660,-2.78,0.14,-0.89,-241.04,17.08,-77.99
29,3,0.02502,-4.75,0.14,-1.53,-234.06,0.00,-75.72
29,4,0.03333,-7.21,0.32,-2.36,-296.69,21.16,-100.00
29,5,0.04163,-9.67,0.32,-3.19,-296.69,0.00,-100.00
29,6,0.04993,-11.95,0.51,-4.02,-274.63,23.16,-100.00
29,7,0.05835,-14.23,0.51,-4.85,-270.65,0.00,-98.55
29,8,0.06677,-16.21,0.69,-5.60,-234.42,21.09,-88.77
29,9,0.07495,-18.18,0.69,-6.35,-241.42,0.00,-91.42
29,10,0.08337,-20.16,0.85,-7.10,-234.42,19.74,-88.77
29,11,0.09167,-22.13,0.85,-7.84,-237.87,0.00,-90.07
29,12,0.09998,-24.11,1.06,-8.59,-237.87,25.31,-90.07
29,13,0.10840,-26.08,1.06,-9.34,-234.42,-0.00,-88.77
29,14,0.11670,-28.08,1.06,-9.98,-240.44,0.00,-76.84
29,15,0.12512,-30.07,1.06,-10.61,-236.96,0.00,-75.72
29,16,0.13330,-32.07,1.06,-11.25,-244.03,-0.00,-77.99
29,17,0.14172,-34.06,1.06,-11.89,-236.96,0.00,-75.72
29,18,0.15002,-36.07,1.06,-12.38,-241.54,0.00,-59.19
29,19,0.15845,-38.07,1.06,-12.87,-238.04,0.00,-58.33
29,20,0.16663,-40.08,1.06,-13.36,-245.15,0.00,-60.07
29,21,0.17505,-42.08,1.06,-13.85,-238.04,0.00,-58.33
29,22,0.18335,-44.09,1.06,-14.35,-241.54,0.00,-59.19
29,23,0.19177,-46.09,1.06,-14.84,-238.04,0.00,-58.33
29,24,0.20007,-48.10,1.06,-15.33,-241.54,0.00,-59.19
29,25,0.20837,-50.10,1.06,-15.82,-241.54,0.00,-59.19
29,26,0.21680,-52.14,1.06,-16.20,-241.30,0.00,-45.29
29,27,0.22510,-54.17,1.06,-16.58,-244.85,0.00,-45.96
29,28,0.23340,-56.20,1.06,-16.96,-244.85,0.00,-45.96
29,29,0.24170,-58.23,1.06,-17.35,-244.85,0.00,-45.96
29,30,0.25000,-60.32,1.06,-17.56,-251.47,0.00,-26.10
29,31,0.25842,-62.41,1.06,-17.78,-247.83,0.00,-25.72
29,32,0.26672,-64.55,1.06,-17.84,-257.72,0.00,-7.72
29,33,0.27515,-66.69,1.06,-17.91,-253.99,0.00,-7.61
29,34,0.28333,-68.88,1.06,-17.40,-268.28,0.00,61.57
29,35,0.29175,-71.08,1.06,-16.90,-260.51,0.00,59.78
29,36,0.30005,-73.47,1.06,-15.81,-288.24,0.00,131.62
29,37,0.30847,-75.86,1.06,-14.72,-284.06,0.00,129.71
29,38,0.31677,-78.67,1.06,-13.59,-338.60,0.00,135.29
29,39,0.32520,-81.48,1.06,-12.47,-333.70,0.00,133.33
29,40,0.33337,-84.76,1.06,-11.40,-400.37,0.00,131.34
29,41,0.34192,-88.03,1.06,-10.32,-383.21,0.00,125.71
29,42,0.35010,-91.72,1.06,-9.21,-451.49,0.00,135.45
29,43,0.35852,-95.42,1.06,-8.11,-438.41,0.00,131.52
29,44,0.36682,-99.61,1.06,-7.27,-504.78,0.00,100.74
29,45,0.37524,-103.80,1.06,-6.43,-497.83,0.00,99.28
29,46,0.38342,-110.51,1.06,-7.05,-820.15,0.00,-75.75
29,47,0.39185,-117.21,1.06,-7.67,-796.38,0.00,-73.55
29,48,0.40015,-122.99,1.06,-8.18,-695.22,0.00,-61.03
29,49,0.40869,-128.76,1.06,-8.69,-675.36,0.00,-59.29
29,50,0.41687,-134.53,1.06,-9.19,-705.60,0.00,-61.94
29,51,0.42517,-140.30,1.07,-9.70,-695.22,0.47,-61.03
29,52,0.43347,-146.11,9.70,-10.23,-700.37,1040.13,-64.34
29,53,0.44189,-151.93,18.33,-10.77,-690.22,1025.04,-63.41
29,54,0.45020,-157.75,26.63,-11.32,-701.47,999.32,-66.18
29,55,0.45874,-163.57,34.92,-11.87,-681.43,970.75,-64.29
29,56,0.46692,-169.39,42.88,-12.43,-711.19,973.18,-69.03
29,57,0.47522,-175.20,50.84,-12.99,-700.74,958.85,-68.01
29,58,0.48352,-181.00,58.40,-13.57,-698.53,910.96,-69.12
29,59,0.49182,-186.80,65.96,-14.14,-698.53,910.91,-69.12
29,60,0.50012,-192.70,73.01,-14.74,-710.66,848.45,-72.06
29,61,0.50854,-198.60,80.05,-15.34,-700.36,836.11,-71.01
29,62,0.51672,-205.30,86.34,-16.06,-819.03,768.90,-88.81
29,63,0.52515,-212.08,92.68,-16.80,-804.71,752.88,-87.32
29,64,0.53345,-219.23,97.66,-17.61,-861.76,599.86,-97.06
29,65,0.54187,-226.39,102.61,-18.41,-849.64,588.25,-95.65
29,66,0.55017,-233.65,105.43,-19.24,-875.00,338.91,-100.00
29,67,0.55859,-240.91,108.22,-20.07,-861.96,332.14,-98.55
29,68,0.56689,-247.94,109.66,-20.87,-846.69,172.57,-96.69
29,69,0.57520,-254.96,111.08,-21.68,-845.96,171.48,-96.69
29,70,0.58374,-261.41,111.72,-22.40,-754.64,74.55,-84.64
29,71,0.59229,-267.84,112.35,-23.12,-753.21,73.82,-84.64
29,72,0.60046,-273.36,112.44,-23.72,-675.00,11.00,-72.39
29,73,0.60889,-278.88,112.52,-24.31,-654.35,10.11,-70.29
29,74,0.61719,-283.64,112.19,-24.80,-574.26,-39.71,-58.82
29,75,0.62561,-288.41,111.86,-25.28,-565.58,-39.61,-57.97
29,76,0.63391,-292.98,111.18,-25.75,-551.47,-82.37,-55.88
29,77,0.64233,-297.56,110.49,-26.21,-543.48,-81.68,-55.07
29,78,0.65063,-302.12,109.45,-26.68,-549.63,-125.41,-55.88
30,0,0.00000,0.00,0.00,0.00,-95.65,0.00,-30.43
30,1,0.00818,-0.81,-0.00,-0.26,-98.51,-0.00,-31.34
30,2,0.01660,-2.78,-0.00,-0.89,-234.06,0.00,-75.72
30,3,0.02502,-4.75,-0.00,-1.53,-234.06,0.00,-75.72
30,4,0.03333,-7.21,-0.00,-2.36,-296.69,0.00,-100.00
30,5,0.04163,-9.67,-0.00,-3.19,-296.69,0.00,-100.00
30,6,0.04993,-11.95,-0.00,-4.02,-274.63,0.00,-100.00
30,7,0.05823,-14.23,-0.00,-4.85,-274.63,0.00,-100.00
30,8,0.06665,-16.21,-0.00,-5.60,-234.42,0.00,-88.77
30,9,0.07495,-18.18,-0.00,-6.35,-237.87,0.00,-90.07
30,10,0.08337,-20.16,-0.00,-7.10,-234.42,0.00,-88.77
30,11,0.09155,-22.13,-0.00,-7.84,-241.42,0.00,-91.42
30,12,0.09998,-24.11,-0.00,-8.59,-234.42,0.00,-88.77
30,13,0.10828,-26.08,-0.00,-9.34,-237.87,0.00,-90.07
30,14,0.11670,-28.11,-0.00,-9.99,-241.30,0.00,-76.81
30,15,0.12500,-30.11,-0.00,-10.62,-240.44,0.00,-76.84
30,16,0.13342,-32.11,-0.00,-11.26,-237.32,0.00,-75.72
30,17,0.14172,-34.10,-0.00,-11.90,-240.44,0.00,-76.47
30,18,0.15015,-36.11,-0.00,-12.39,-238.04,0.00,-58.33
30,19,0.15833,-38.12,-0.00,-12.88,-245.52,0.00,-60.07
30,20,0.16675,-40.12,-0.00,-13.37,-238.04,0.00,-58.33
30,21,0.17493,-42.13,-0.00,-13.86,-245.15,0.00,-60.07
30,22,0.18335,-44.13,-0.00,-14.35,-238.04,0.00,-58.33
30,23,0.19177,-46.14,-0.00,-14.84,-238.04,0.00,-58.33
30,24,0.20020,-48.14,-0.00,-15.34,-238.04,0.00,-58.33
30,25,0.20837,-50.15,-0.00,-15.82,-245.52,0.00,-59.70
30,26,0.21680,-52.18,-0.00,-16.20,-241.30,0.00,-45.29
30,27,0.22510,-54.21,-0.00,-16.59,-244.85,0.00,-45.96
30,28,0.23340,-56.25,-0.00,-16.97,-244.85,0.00,-45.96
30,29,0.24182,-58.28,-0.00,-17.35,-241.30,0.00,-44.93
30,30,0.25012,-60.37,-0.00,-17.56,-251.47,0.00,-26.10
30,31,0.25842,-62.46,-0.00,-17.78,-252.21,0.00,-26.10
30,32,0.26685,-64.60,-0.00,-17.84,-253.99,0.00,-7.61
30,33,0.27502,-66.74,-0.00,-17.90,-261.57,0.00,-6.34
30,34,0.28345,-68.93,-0.00,-17.39,-260.51,0.00,59.78
30,35,0.29175,-71.13,-0.00,-16.88,-265.07,0.00,62.13
30,36,0.30017,-73.53,-0.00,-15.78,-284.06,0.00,129.71
30,37,0.30847,-76.08,-0.00,-14.63,-307.72,0.00,138.97
30,38,0.31689,-78.89,-0.00,-13.51,-333.70,0.00,133.33
30,39,0.32507,-81.74,-0.00,-12.39,-347.76,0.00,136.94
30,40,0.33362,-85.01,-0.00,-11.31,-383.21,0.00,125.71
30,41,0.34204,-88.32,-0.00,-10.24,-392.75,0.00,127.90
30,42,0.35034,-92.01,-0.00,-9.13,-444.85,0.00,133.46
30,43,0.35852,-95.74,-0.00,-8.04,-456.34,0.00,132.84
30,44,0.36694,-99.93,-0.00,-7.21,-497.46,0.00,99.28
30,45,0.37524,-104.32,-0.00,-6.48,-528.31,0.00,87.50
30,46,0.38367,-111.03,-0.00,-7.10,-796.38,0.00,-73.55
30,47,0.39197,-117.66,-0.00,-7.71,-799.26,0.00,-73.53
30,48,0.40027,-123.43,-0.00,-8.22,-695.22,0.00,-61.03
30,49,0.40845,-129.29,-0.00,-8.73,-716.79,0.00,-62.69
30,50,0.41699,-135.06,-0.00,-9.23,-675.36,0.00,-59.29
30,51,0.42517,-140.84,0.80,-9.74,-705.97,98.03,-62.31
30,52,0.43359,-146.65,9.44,-10.28,-690.22,1025.06,-63.41
30,53,0.44214,-152.47,18.04,-10.82,-680.36,1006.73,-62.86
30,54,0.45020,-158.29,26.33,-11.36,-722.73,1029.61,-68.18
30,55,0.45862,-164.11,34.60,-11.92,-691.30,981.14,-65.58
30,56,0.46692,-169.93,42.56,-12.48,-700.74,958.87,-68.01
30,57,0.47571,-175.74,50.48,-13.05,-661.81,901.40,-64.24
30,58,0.48352,-181.54,58.04,-13.62,-741.80,967.88,-73.44
30,59,0.49194,-187.35,65.55,-14.19,-689.49,892.02,-68.12
30,60,0.50012,-193.25,72.60,-14.79,-721.27,861.12,-73.13
30,61,0.50854,-199.22,79.57,-15.40,-709.06,827.83,-72.46
30,62,0.51697,-205.92,85.86,-16.13,-795.29,746.61,-86.23
30,63,0.52527,-212.66,92.02,-16.86,-812.13,742.93,-88.60
30,64,0.53357,-219.81,97.00,-17.67,-861.76,599.86,-97.06
30,65,0.54211,-226.98,101.78,-18.48,-838.57,559.15,-94.29
30,66,0.55017,-234.24,104.60,-19.31,-901.52,349.18,-103.03
30,67,0.55847,-241.48,107.28,-20.13,-872.43,323.45,-99.63
30,68,0.56689,-248.51,108.71,-20.94,-834.42,170.07,-95.29
30,69,0.57507,-255.48,110.07,-21.73,-852.61,166.10,-97.39
30,70,0.58362,-261.93,110.71,-22.45,-754.64,74.55,-84.64
30,71,0.59192,-268.29,111.29,-23.17,-766.18,70.61,-85.66
30,72,0.60046,-273.85,111.38,-23.76,-650.71,10.60,-70.00
30,73,0.60876,-279.39,111.43,-24.36,-667.28,4.99,-71.32
30,74,0.61707,-284.16,111.10,-24.84,-574.26,-39.71,-58.82
30,75,0.62524,-288.90,110.72,-25.33,-580.22,-45.49,-59.33
30,76,0.63428,-293.48,110.04,-25.79,-506.76,-75.69,-51.35
30,77,0.64209,-298.06,109.31,-26.26,-585.55,-92.99,-59.38
30,78,0.65051,-302.62,108.27,-26.72,-541.67,-123.59,-55.07
31,0,0.00000,0.00,0.00,0.00,82.14,0.00,55.36
31,1,0.00781,0.70,0.00,0.47,89.84,0.00,60.55
31,2,0.01648,2.42,0.00,1.64,197.89,0.00,134.51
31,3,0.02466,4.13,0.00,2.80,209.70,0.00,142.54
31,4,0.03284,6.26,0.00,4.29,260.45,0.00,182.09
31,5,0.04138,8.39,0.00,5.78,249.29,0.00,174.29
31,6,0.04968,10.35,0.00,7.22,235.29,0.00,173.16
31,7,0.05786,12.30,0.00,8.66,238.81,0.00,175.75
31,8,0.06628,13.98,0.00,9.93,200.00,0.00,151.09
31,9,0.07458,15.67,0.00,11.20,202.94,0.00,153.31
31,10,0.08289,17.35,0.00,12.48,202.94,0.00,153.31
31,11,0.09143,19.04,0.00,13.75,197.14,0.00,148.93
31,12,0.09961,20.72,0.00,15.02,205.97,0.00,155.60
31,13,0.10791,22.41,0.00,16.29,202.94,0.00,153.31
31,14,0.11646,24.15,0.00,17.47,203.57,0.00,137.14
31,15,0.12451,25.89,0.00,18.64,215.91,0.00,145.45
31,16,0.13281,27.62,0.00,19.81,209.56,0.00,141.18
31,17,0.14124,29.36,0.00,20.98,206.52,0.00,139.13
31,18,0.15002,31.15,0.00,22.02,203.47,0.00,117.71
31,19,0.15796,32.94,0.00,23.05,225.38,0.00,130.38
31,20,0.16626,34.73,0.00,24.08,215.44,0.00,124.63
31,21,0.17456,36.52,0.00,25.12,215.44,0.00,124.63
31,22,0.18298,38.31,0.00,26.15,212.32,0.00,122.83
31,23,0.19165,40.09,0.00,27.19,206.34,0.00,119.37
31,24,0.19958,41.88,0.00,28.22,225.38,0.00,130.38
31,25,0.20789,43.67,0.00,29.26,215.44,0.00,124.63
31,26,0.21655,45.51,0.00,30.19,212.68,0.00,108.10
31,27,0.22461,47.36,0.00,31.13,228.79,0.00,116.29
31,28,0.23291,49.20,0.00,32.07,222.06,0.00,112.87
31,29,0.24133,51.04,0.00,33.00,218.84,0.00,111.23
31,30,0.24963,52.98,0.00,33.80,233.82,0.00,95.59
31,31,0.25793,54.93,0.00,34.59,233.82,0.00,95.59
31,32,0.26624,56.96,0.00,35.25,244.85,0.00,79.78
31,33,0.27466,58.99,0.00,35.92,241.30,0.00,78.62
31,34,0.28296,61.24,0.00,36.05,270.59,0.00,16.18
31,35,0.29138,63.48,0.00,36.18,266.67,0.00,15.94
31,36,0.29956,66.08,0.00,35.81,317.91,0.00,-45.90
31,37,0.30798,68.68,0.00,35.43,308.70,0.00,-44.57
31,38,0.31628,71.70,0.00,35.14,363.24,0.00,-34.93
31,39,0.32471,74.71,0.00,34.85,357.97,0.00,-34.42
31,40,0.33289,78.16,0.00,34.74,420.90,0.00,-13.43
31,41,0.34131,81.60,0.00,34.63,408.70,0.00,-13.04
31,42,0.34961,85.46,0.00,34.61,464.71,0.00,-3.31
31,43,0.35803,89.31,0.00,34.58,457.97,0.00,-3.26
31,44,0.36633,93.57,0.00,34.95,513.24,0.00,44.85
31,45,0.37476,97.83,0.00,35.33,505.80,0.00,44.57
31,46,0.38306,104.10,0.00,37.81,754.41,0.00,298.53
31,47,0.39136,110.36,0.00,40.28,754.41,0.00,298.53
31,48,0.39966,115.75,0.00,42.39,650.00,0.00,253.68
31,49,0.40808,121.15,0.00,44.49,640.58,0.00,250.00
31,50,0.41650,126.54,0.00,46.60,640.58,0.00,250.00
31,51,0.42468,131.94,0.00,48.71,659.70,0.43,257.46
31,52,0.43298,137.37,8.64,50.85,654.41,1040.13,258.46
31,53,0.44141,142.80,17.27,53.00,644.93,1025.04,254.71
31,54,0.44971,148.24,25.57,55.16,654.41,999.32,260.66
31,55,0.45801,153.67,33.86,57.32,654.41,999.31,260.66
31,56,0.46631,159.09,41.82,59.50,653.68,958.87,261.76
31,57,0.47473,164.52,49.78,61.67,644.20,944.95,257.97
31,58,0.48303,169.92,57.34,63.85,650.74,910.95,262.13
31,59,0.49146,175.32,64.90,66.02,641.30,897.71,258.33
31,60,0.49976,180.82,71.95,68.25,661.76,848.45,268.75
31,61,0.50806,186.31,78.99,70.48,661.76,848.41,268.75
31,62,0.51636,192.54,85.28,73.06,750.00,757.59,310.66
31,63,0.52478,198.76,91.56,75.64,739.13,746.53,306.16
31,64,0.53308,205.40,96.54,78.42,800.00,599.86,334.93
31,65,0.54138,212.04,101.52,81.20,800.00,599.72,334.93
31,66,0.54968,218.78,104.34,84.04,811.76,338.91,341.54
31,67,0.55811,225.52,107.15,86.87,800.00,333.92,336.59
31,68,0.56641,232.04,108.58,89.61,785.29,172.57,330.51
31,69,0.57483,238.56,110.01,92.36,773.91,170.02,325.72
31,70,0.58313,244.54,110.65,94.86,721.32,76.74,301.84
31,71,0.59155,250.52,111.29,97.37,710.14,75.59,297.46
31,72,0.59985,255.66,111.38,99.49,618.38,10.83,255.51
31,73,0.60815,260.79,111.47,101.61,618.38,10.81,255.51
31,74,0.61646,265.23,111.14,103.42,534.56,-39.71,217.65
31,75,0.62488,269.67,110.81,105.22,526.81,-39.16,214.49
31,76,0.63306,273.93,110.12,106.95,520.90,-83.60,211.57
31,77,0.64160,278.19,109.44,108.69,498.57,-80.04,202.50
31,78,0.64990,282.45,108.39,110.42,513.97,-125.99,209.19
32,0,0.00000,0.00,0.00,0.00,84.56,0.00,56.99
32,1,0.00842,0.70,0.00,0.47,83.33,0.00,56.16
32,2,0.01672,2.41,0.00,1.64,206.25,0.00,140.44
32,3,0.02515,4.13,0.11,2.80,203.26,12.77,138.41
32,4,0.03345,6.26,0.11,4.29,256.62,-0.00,179.41
32,5,0.04187,8.39,0.11,5.78,252.90,0.00,176.81
32,6,0.05005,10.34,0.11,7.22,239.18,0.00,175.75
32,7,0.05847,12.30,0.11,8.66,232.25,0.00,170.65
32,8,0.06677,13.98,0.11,9.93,202.94,0.00,153.31
32,9,0.07507,15.67,0.11,11.20,202.94,0.00,153.31
32,10,0.08337,17.35,0.11,12.48,202.94,0.00,153.31
32,11,0.09180,19.04,0.11,13.75,200.00,0.00,151.09
32,12,0.10010,20.72,0.11,15.02,202.94,0.00,153.31
32,13,0.10840,22.41,0.11,16.29,202.94,0.00,153.31
32,14,0.11670,24.14,0.11,17.47,209.19,0.00,141.18
32,15,0.12500,25.88,0.11,18.64,209.19,0.00,141.18
32,16,0.13330,27.62,0.11,19.81,209.19,0.00,141.18
32,17,0.14172,29.35,0.11,20.98,206.16,0.00,139.13
32,18,0.15002,31.14,0.11,22.02,215.44,0.00,124.63
32,19,0.15845,32.93,0.11,23.05,212.32,0.00,122.83
32,20,0.16675,34.72,0.11,24.08,215.44,0.00,124.63
32,21,0.17517,36.51,0.11,25.12,212.32,0.00,122.83
32,22,0.18335,38.29,0.11,26.15,218.66,0.00,126.49
32,23,0.19177,40.08,0.11,27.19,212.32,0.00,122.83
32,24,0.20007,41.87,0.11,28.22,215.44,0.00,124.63
32,25,0.20850,43.66,0.11,29.26,212.32,0.00,122.83
32,26,0.21680,45.50,0.11,30.19,222.06,0.00,112.87
32,27,0.22510,47.34,0.11,31.13,222.06,0.00,112.87
32,28,0.23340,49.19,0.11,32.07,222.06,0.00,112.87
32,29,0.24182,51.03,0.11,33.00,218.84,0.00,111.23
32,30,0.25012,52.97,0.11,33.80,233.82,0.00,95.59
32,31,0.25842,54.91,0.11,34.59,233.82,0.00,95.59
32,32,0.26685,56.95,0.11,35.25,241.67,0.00,78.62
32,33,0.27515,58.98,0.11,35.92,245.22,0.00,79.78
32,34,0.28345,61.23,0.11,36.05,270.59,0.00,16.18
32,35,0.29187,63.48,0.11,36.18,266.67,0.00,15.94
32,36,0.30005,66.08,0.11,35.81,318.28,0.00,-45.90
32,37,0.30847,68.68,0.11,35.43,309.06,0.00,-44.57
32,38,0.31677,71.69,0.11,35.14,362.87,0.00,-34.93
32,39,0.32507,74.71,0.11,34.85,362.87,0.00,-34.93
32,40,0.33350,78.15,0.11,34.74,409.06,0.00,-13.04
32,41,0.34192,81.60,0.11,34.63,409.06,0.00,-13.04
32,42,0.35022,85.45,0.11,34.61,464.34,0.00,-3.31
32,43,0.35852,89.31,0.11,34.58,464.34,0.00,-3.31
32,44,0.36707,93.56,0.11,34.95,498.21,0.00,43.57
32,45,0.37524,97.82,0.11,35.33,520.52,0.00,45.90
32,46,0.38354,104.08,0.11,37.81,754.41,0.00,298.53
32,47,0.39197,110.35,0.11,40.28,743.48,0.00,294.20
32,48,0.40027,115.74,0.11,42.39,650.00,0.00,253.68
32,49,0.40857,121.14,0.11,44.49,650.00,0.00,253.68
32,50,0.41699,126.53,0.11,46.60,640.58,0.00,250.00
32,51,0.42529,131.93,0.11,48.71,650.00,0.42,253.68
32,52,0.43347,137.36,8.74,50.85,663.81,1055.65,262.31
32,53,0.44189,142.79,17.38,53.00,644.57,1025.04,254.71
32,54,0.45020,148.22,25.67,55.16,654.78,999.32,260.66
32,55,0.45850,153.66,33.97,57.32,654.78,999.31,260.66
32,56,0.46680,159.08,41.93,59.50,653.68,958.87,261.76
32,57,0.47510,164.51,49.89,61.67,653.68,958.85,261.76
32,58,0.48340,169.91,57.45,63.85,650.74,910.95,262.13
32,59,0.49182,175.31,65.01,66.02,641.30,897.71,258.33
32,60,0.50012,180.80,72.05,68.25,661.76,848.45,268.75
32,61,0.50854,186.30,79.10,70.48,652.17,836.11,264.86
32,62,0.51685,192.52,85.38,73.06,750.00,757.59,310.66
32,63,0.52527,198.75,91.67,75.64,739.13,746.53,306.16
32,64,0.53345,205.39,96.65,78.42,811.94,608.81,339.93
32,65,0.54187,212.03,101.63,81.20,788.41,591.03,330.07
32,66,0.55005,218.77,104.44,84.04,823.88,343.97,346.64
32,67,0.55859,225.51,107.26,86.87,788.57,329.15,331.79
32,68,0.56689,232.03,108.69,89.61,785.66,172.57,330.51
32,69,0.57520,238.55,110.12,92.36,785.66,172.52,330.51
32,70,0.58362,244.53,110.76,94.86,710.51,75.63,297.46
32,71,0.59204,250.52,111.39,97.37,710.51,75.59,297.46
32,72,0.60022,255.65,111.48,99.49,627.61,11.00,259.33
32,73,0.60864,260.78,111.57,101.61,609.06,10.65,251.81
32,74,0.61694,265.22,111.24,103.42,534.56,-39.71,217.65
32,75,0.62524,269.66,110.91,105.22,534.56,-39.74,217.65
32,76,0.63367,273.92,110.23,106.95,506.16,-81.20,205.43
32,77,0.64197,278.18,109.55,108.69,513.60,-82.41,208.46
32,78,0.65039,282.43,108.50,110.41,504.35,-123.59,205.07
33,0,0.00000,0.00,0.00,0.00,83.33,0.00,56.16
33,1,0.00818,0.70,0.14,0.47,85.82,17.18,57.84
33,2,0.01660,2.41,0.31,1.64,203.26,20.40,138.41
33,3,0.02490,4.13,0.48,2.80,206.25,20.74,140.44
33,4,0.03320,6.26,0.70,4.29,256.62,26.03,179.41
33,5,0.04163,8.39,0.92,5.78,252.90,25.65,176.81
33,6,0.05005,10.34,1.12,7.22,232.25,24.09,170.65
33,7,0.05823,12.30,1.32,8.66,239.18,24.76,175.75
33,8,0.06677,13.98,1.50,9.93,197.14,20.68,148.93
33,9,0.07495,15.67,1.68,11.20,205.97,21.57,155.60
33,10,0.08337,17.35,1.85,12.48,200.00,20.98,151.09
33,11,0.09167,19.04,2.03,13.75,202.94,21.29,153.31
33,12,0.10010,20.72,2.21,15.02,200.00,20.99,151.09
33,13,0.10828,22.41,2.38,16.29,205.97,21.57,155.60
33,14,0.11670,24.14,2.56,17.47,206.16,20.65,139.13
33,15,0.12500,25.88,2.73,18.64,209.19,20.91,141.18
33,16,0.13342,27.62,2.90,19.81,206.16,20.65,139.13
33,17,0.14172,29.35,3.08,20.98,209.19,20.92,141.18
33,18,0.15002,31.14,3.25,22.02,215.44,20.31,124.63
33,19,0.15833,32.93,3.41,23.05,215.44,20.37,124.63
33,20,0.16675,34.72,3.58,24.08,212.32,20.03,122.83
33,21,0.17505,36.51,3.75,25.12,215.44,20.32,124.63
33,22,0.18335,38.29,3.92,26.15,215.44,20.37,124.63
33,23,0.19177,40.08,4.09,27.19,212.32,20.02,122.83
33,24,0.20007,41.87,4.26,28.22,215.44,20.32,124.63
33,25,0.20837,43.66,4.43,29.26,215.44,20.36,124.63
33,26,0.21667,45.50,4.59,30.19,222.06,20.01,112.87
33,27,0.22510,47.36,4.76,31.13,220.29,19.87,111.59
33,28,0.23340,49.20,4.93,32.07,222.06,20.01,112.87
33,29,0.24170,51.04,5.09,33.00,222.06,20.06,112.50
33,30,0.25012,52.98,5.26,33.80,230.43,19.42,94.20
33,31,0.25842,54.93,5.42,34.59,233.82,19.72,95.59
33,32,0.26685,56.96,5.58,35.25,241.67,19.19,78.62
33,33,0.27515,59.00,5.74,35.91,245.22,19.47,79.41
33,34,0.28345,61.24,5.89,36.05,270.59,17.28,16.18
33,35,0.29175,63.49,6.03,36.18,270.96,17.23,15.81
33,36,0.30017,66.09,6.16,35.80,309.06,15.98,-44.57
33,37,0.30847,68.70,6.30,35.43,313.60,16.26,-45.22
33,38,0.31689,71.71,6.46,35.14,357.61,19.48,-34.42
33,39,0.32520,74.73,6.63,34.85,363.24,19.78,-34.93
33,40,0.33350,78.17,6.83,34.74,415.07,24.29,-13.24
33,41,0.34180,81.62,7.03,34.63,415.07,24.20,-13.24
33,42,0.35022,85.47,7.26,34.60,457.61,27.35,-3.26
33,43,0.35852,89.33,7.49,34.58,464.71,27.85,-2.94
33,44,0.36682,93.59,7.77,34.95,512.87,33.53,44.85
33,45,0.37512,97.85,8.05,35.34,514.34,33.75,46.69
33,46,0.38354,104.12,8.57,37.81,743.48,62.12,294.20
33,47,0.39185,110.38,9.10,40.29,754.04,63.01,298.53
33,48,0.40027,115.77,9.55,42.40,640.58,53.38,250.00
33,49,0.40857,121.17,10.00,44.50,650.00,54.10,253.68
33,50,0.41699,126.56,10.45,46.61,640.58,53.37,250.00
33,51,0.42529,131.93,10.89,48.69,647.06,53.79,251.10
33,52,0.43359,137.36,19.53,50.84,654.04,1040.13,258.46
33,53,0.44189,142.79,28.16,52.98,654.04,1039.88,258.46
33,54,0.45020,148.23,36.45,55.15,654.78,999.32,260.66
33,55,0.45850,153.66,44.75,57.31,654.78,999.08,260.66
33,56,0.46680,159.09,52.71,59.48,653.68,958.87,261.76
33,57,0.47510,164.51,60.66,61.66,653.68,958.58,261.76
33,58,0.48340,169.92,68.22,63.83,650.74,910.95,262.13
33,59,0.49170,175.32,75.78,66.01,651.10,910.56,262.50
33,60,0.50012,180.81,82.82,68.24,652.17,836.16,264.86
33,61,0.50842,186.31,89.86,70.48,662.13,847.89,269.12
33,62,0.51685,192.54,96.15,73.06,739.13,746.61,306.16
33,63,0.52515,198.76,102.43,75.64,750.37,756.62,311.03
33,64,0.53357,205.40,107.41,78.42,788.41,591.16,330.07
33,65,0.54187,212.05,112.38,81.20,800.00,598.24,334.93
33,66,0.55066,218.78,115.19,84.03,766.67,320.09,322.57
33,67,0.55847,225.52,118.00,86.87,862.50,359.00,362.89
33,68,0.56702,232.04,119.43,89.61,763.21,167.64,321.07
33,69,0.57520,238.56,120.85,92.36,797.01,174.54,335.45
33,70,0.58362,244.55,121.49,94.86,710.51,75.63,297.46
33,71,0.59192,250.52,122.13,97.36,720.22,76.33,301.47
33,72,0.60022,255.66,122.22,99.48,618.38,10.83,255.51
33,73,0.60852,260.78,122.30,101.60,617.65,10.52,255.15
33,74,0.61707,265.22,121.97,103.41,519.29,-38.58,211.43
33,75,0.62524,269.66,121.64,105.22,542.54,-40.58,220.90
33,76,0.63367,273.92,120.96,106.95,506.16,-81.18,205.43
33,77,0.64197,278.19,120.27,108.68,513.60,-82.64,208.46
33,78,0.65039,282.43,119.23,110.40,504.35,-123.59,205.07
34,0,0.00000,0.00,0.00,0.00,-68.01,0.00,-76.10
34,1,0.00842,-0.56,0.00,-0.63,-67.03,0.00,-75.00
34,2,0.01660,-1.93,0.00,-2.19,-167.54,0.00,-190.30
34,3,0.02502,-3.31,0.00,-3.74,-162.68,0.00,-184.78
34,4,0.03333,-5.00,0.00,-5.72,-204.04,0.00,-237.50
34,5,0.04175,-6.69,0.00,-7.69,-201.09,0.00,-234.06
34,6,0.04993,-8.23,0.00,-9.56,-188.06,0.00,-229.48
34,7,0.05835,-9.77,0.00,-11.44,-182.61,0.00,-222.83
34,8,0.06665,-11.08,0.00,-13.09,-158.46,0.00,-198.90
34,9,0.07520,-12.40,0.00,-14.74,-153.93,0.00,-193.21
34,10,0.08337,-13.71,0.00,-16.39,-160.82,0.00,-201.87
34,11,0.09167,-15.03,0.00,-18.05,-158.46,0.00,-198.90
34,12,0.09998,-16.35,0.00,-19.70,-158.46,0.00,-198.90
34,13,0.10840,-17.66,0.00,-21.35,-156.16,0.00,-196.01
34,14,0.11682,-19.05,0.00,-22.92,-165.22,0.00,-186.23
34,15,0.12512,-20.44,0.00,-24.48,-167.65,0.00,-188.97
34,16,0.13354,-21.84,0.00,-26.05,-165.22,0.00,-186.23
34,17,0.14172,-23.23,0.00,-27.62,-170.15,0.00,-191.79
34,18,0.15002,-24.77,0.00,-29.14,-185.66,0.00,-182.35
34,19,0.15845,-26.24,0.00,-30.58,-175.00,0.00,-171.74
34,20,0.16675,-27.72,0.00,-32.03,-177.57,0.00,-174.26
34,21,0.17554,-29.19,0.00,-33.47,-167.71,0.00,-164.58
34,22,0.18347,-30.66,0.00,-34.92,-185.77,0.00,-182.31
34,23,0.19177,-32.14,0.00,-36.37,-177.57,0.00,-174.26
34,24,0.20007,-33.61,0.00,-37.81,-177.57,0.00,-174.26
34,25,0.20850,-35.09,0.00,-39.26,-175.36,0.00,-171.38
34,26,0.21680,-36.64,0.00,-40.62,-187.13,0.00,-164.34
34,27,0.22510,-38.20,0.00,-41.99,-187.13,0.00,-164.34
34,28,0.23340,-39.75,0.00,-43.35,-187.13,0.00,-164.34
34,29,0.24207,-41.31,0.00,-44.71,-179.93,0.00,-156.69
34,30,0.25012,-42.99,0.00,-45.96,-208.71,0.00,-155.68
34,31,0.25854,-44.68,0.00,-47.21,-200.36,0.00,-148.19
34,32,0.26685,-46.48,0.00,-48.36,-217.65,0.00,-138.24
34,33,0.27527,-48.31,0.00,-49.48,-216.30,0.00,-133.70
34,34,0.28345,-50.45,0.00,-50.17,-261.94,0.00,-84.33
34,35,0.29187,-52.62,0.00,-50.85,-257.25,0.00,-79.71
34,36,0.30017,-55.23,0.00,-51.13,-314.71,0.00,-34.19
34,37,0.30859,-57.86,0.00,-51.42,-312.32,0.00,-34.78
34,38,0.31677,-60.85,0.00,-51.89,-365.67,0.00,-57.09
34,39,0.32520,-63.85,0.00,-52.37,-356.88,0.00,-57.25
34,40,0.33350,-67.22,0.00,-53.12,-405.15,0.00,-90.07
34,41,0.34192,-70.60,0.00,-53.88,-401.45,0.00,-89.86
34,42,0.35022,-74.37,0.00,-54.82,-454.41,0.00,-113.60
34,43,0.35852,-78.13,0.00,-55.78,-452.57,0.00,-115.81
34,44,0.36694,-82.16,0.00,-57.20,-478.62,0.00,-168.84
34,45,0.37524,-86.27,0.00,-58.76,-495.22,0.00,-188.24
34,46,0.38354,-91.72,0.00,-62.72,-656.62,0.00,-476.84
34,47,0.39197,-97.13,0.00,-66.65,-642.03,0.00,-466.30
34,48,0.40015,-101.83,0.00,-70.03,-575.00,0.00,-413.43
34,49,0.40869,-106.53,0.00,-73.41,-550.36,0.00,-395.71
34,50,0.41699,-111.24,0.00,-76.79,-566.54,0.00,-407.35
34,51,0.42529,-115.94,0.48,-80.18,-566.54,57.99,-407.72
34,52,0.43359,-120.66,9.12,-83.61,-569.12,1040.13,-413.24
34,53,0.44189,-125.39,17.73,-87.04,-569.12,1037.85,-413.24
34,54,0.45020,-130.11,26.03,-90.49,-569.12,999.32,-415.44
34,55,0.45862,-134.84,34.30,-93.94,-560.87,982.62,-409.42
34,56,0.46680,-139.55,42.26,-97.39,-576.49,973.18,-422.39
34,57,0.47546,-144.26,50.20,-100.85,-543.66,915.79,-398.59
34,58,0.48340,-148.95,57.76,-104.30,-591.15,952.99,-435.00
34,59,0.49194,-153.65,65.29,-107.75,-549.64,881.53,-404.64
34,60,0.50024,-158.42,72.34,-111.28,-574.26,848.45,-425.00
34,61,0.50854,-163.22,79.34,-114.84,-578.31,843.38,-428.31
34,62,0.51685,-168.61,85.62,-118.88,-649.26,757.59,-487.50
34,63,0.52515,-174.01,91.84,-122.95,-651.47,748.78,-489.71
34,64,0.53345,-179.75,96.82,-127.29,-691.54,599.86,-523.53
34,65,0.54187,-185.50,101.68,-131.64,-681.88,576.80,-516.30
34,66,0.55017,-191.32,104.49,-136.07,-701.47,338.91,-532.72
34,67,0.55847,-197.13,107.23,-140.48,-700.00,329.62,-531.99
34,68,0.56714,-202.79,108.67,-144.78,-653.17,166.08,-496.13
34,69,0.57544,-208.40,110.05,-149.04,-675.37,166.74,-512.87
34,70,0.58374,-213.57,110.69,-152.95,-623.16,76.74,-471.69
34,71,0.59204,-218.70,111.29,-156.83,-618.01,72.74,-467.28
34,72,0.60046,-223.14,111.38,-160.16,-527.54,10.68,-395.29
34,73,0.60864,-227.55,111.45,-163.46,-538.81,7.88,-403.73
34,74,0.61694,-231.40,111.12,-166.32,-463.60,-39.71,-343.75
34,75,0.62549,-235.24,110.76,-169.17,-449.29,-41.10,-333.21
34,76,0.63367,-238.94,110.08,-171.90,-452.24,-83.60,-334.70
34,77,0.64185,-242.64,109.38,-174.64,-452.24,-86.26,-334.70
34,78,0.65039,-246.32,108.33,-177.37,-431.43,-121.82,-319.64
35,0,0.00000,0.00,0.00,0.00,-66.07,0.00,-73.93
35,1,0.00806,-0.56,0.00,-0.63,-70.08,0.00,-78.41
35,2,0.01636,-1.93,0.00,-2.19,-165.07,0.00,-187.50
35,3,0.02466,-3.31,0.00,-3.74,-165.07,0.00,-187.50
35,4,0.03308,-5.00,0.00,-5.72,-201.09,0.00,-234.06
35,5,0.04138,-6.69,0.00,-7.69,-204.04,0.00,-237.50
35,6,0.04980,-8.23,0.00,-9.56,-182.61,0.00,-222.83
35,7,0.05811,-9.77,0.00,-11.44,-184.93,0.00,-226.10
35,8,0.06641,-11.08,0.00,-13.09,-158.46,0.00,-198.90
35,9,0.07483,-12.41,0.00,-14.76,-157.61,0.00,-197.46
35,10,0.08313,-13.72,0.00,-16.41,-158.46,0.00,-198.90
35,11,0.09143,-15.04,0.00,-18.06,-158.46,0.00,-198.90
35,12,0.09985,-16.35,0.00,-19.71,-156.16,0.00,-196.01
35,13,0.10815,-17.67,0.00,-21.36,-158.82,0.00,-198.90
35,14,0.11646,-19.06,0.00,-22.93,-167.65,0.00,-188.97
35,15,0.12476,-20.46,0.00,-24.50,-167.65,0.00,-188.97
35,16,0.13318,-21.85,0.00,-26.07,-165.22,0.00,-186.23
35,17,0.14136,-23.24,0.00,-27.63,-170.15,0.00,-191.42
35,18,0.14978,-24.71,0.00,-29.08,-175.00,0.00,-171.74
35,19,0.15808,-26.19,0.00,-30.52,-177.57,0.00,-174.26
35,20,0.16650,-27.66,0.00,-31.97,-175.00,0.00,-171.74
35,21,0.17480,-29.14,0.00,-33.42,-177.57,0.00,-174.26
35,22,0.18311,-30.61,0.00,-34.86,-177.57,0.00,-174.26
35,23,0.19141,-32.08,0.00,-36.31,-177.57,0.00,-174.26
35,24,0.19983,-33.56,0.00,-37.76,-175.00,0.00,-171.74
35,25,0.20813,-35.03,0.00,-39.20,-177.57,0.00,-174.26
35,26,0.21655,-36.58,0.00,-40.57,-184.42,0.00,-161.96
35,27,0.22485,-38.14,0.00,-41.93,-187.13,0.00,-164.34
35,28,0.23328,-39.69,0.00,-43.30,-184.42,0.00,-161.96
35,29,0.24158,-41.26,0.00,-44.67,-188.97,0.00,-165.81
35,30,0.24988,-42.94,0.00,-45.93,-202.57,0.00,-151.10
35,31,0.25818,-44.63,0.00,-47.18,-202.94,0.00,-150.74
35,32,0.26672,-46.43,0.00,-48.32,-211.43,0.00,-134.29
35,33,0.27490,-48.28,0.00,-49.48,-226.12,0.00,-141.04
35,34,0.28333,-50.42,0.00,-50.17,-254.35,0.00,-81.88
35,35,0.29150,-52.58,0.00,-50.84,-264.18,0.00,-82.46
35,36,0.29993,-55.20,0.00,-51.13,-310.14,0.00,-33.70
35,37,0.30823,-57.82,0.00,-51.42,-316.54,0.00,-34.93
35,38,0.31677,-60.82,0.00,-51.88,-350.00,0.00,-54.64
35,39,0.32483,-63.82,0.00,-52.36,-372.73,0.00,-59.47
35,40,0.33325,-67.18,0.00,-53.11,-399.28,0.00,-88.77
35,41,0.34155,-70.56,0.00,-53.87,-406.99,0.00,-91.18
35,42,0.34985,-74.30,0.00,-54.80,-450.74,0.00,-112.50
35,43,0.35828,-78.05,0.00,-55.75,-445.29,0.00,-113.04
35,44,0.36658,-82.08,0.00,-57.17,-485.66,0.00,-171.32
35,45,0.37500,-86.16,0.00,-58.69,-484.42,0.00,-179.35
35,46,0.38330,-91.61,0.00,-62.64,-656.62,0.00,-476.84
35,47,0.39160,-97.04,0.00,-66.58,-653.31,0.00,-474.26
35,48,0.39990,-101.74,0.00,-69.96,-566.54,0.00,-407.35
35,49,0.40833,-106.44,0.00,-73.34,-558.33,0.00,-401.45
35,50,0.41675,-111.15,0.00,-76.72,-558.33,0.00,-401.45
35,51,0.42505,-115.85,0.31,-80.11,-566.54,37.45,-407.72
35,52,0.43323,-120.57,8.94,-83.54,-577.61,1055.65,-419.40
35,53,0.44153,-125.30,17.57,-86.97,-569.12,1038.66,-413.24
35,54,0.44995,-130.02,25.86,-90.42,-560.87,984.84,-409.42
35,55,0.45813,-134.74,34.14,-93.87,-577.61,1012.76,-421.64
35,56,0.46655,-139.46,42.10,-97.32,-559.78,944.97,-410.14
35,57,0.47498,-144.17,50.05,-100.78,-559.42,943.27,-410.14
35,58,0.48340,-148.86,57.61,-104.23,-556.88,897.74,-409.78
35,59,0.49170,-153.56,65.15,-107.68,-565.44,908.69,-416.18
35,60,0.50000,-158.32,72.20,-111.21,-574.26,848.45,-425.00
35,61,0.50830,-163.11,79.21,-114.76,-576.84,845.17,-427.21
35,62,0.51672,-168.50,85.50,-118.80,-639.86,746.61,-480.43
35,63,0.52502,-173.90,91.74,-122.86,-650.74,751.90,-488.97
35,64,0.53333,-179.64,96.72,-127.21,-691.54,599.86,-523.53
35,65,0.54163,-185.39,101.62,-131.56,-691.91,590.43,-523.90
35,66,0.55005,-191.26,104.46,-136.01,-697.10,336.79,-529.35
35,67,0.55847,-197.07,107.21,-140.43,-690.22,326.71,-524.28
35,68,0.56677,-202.70,108.64,-144.71,-678.68,172.57,-515.44
35,69,0.57507,-208.32,110.04,-148.97,-676.10,168.30,-513.60
35,70,0.58350,-213.49,110.68,-152.89,-614.13,75.63,-464.86
35,71,0.59192,-218.63,111.29,-156.77,-610.51,72.74,-461.59
35,72,0.60022,-223.09,111.38,-160.12,-537.13,10.87,-402.57
35,73,0.60852,-227.51,111.45,-163.42,-531.99,8.42,-398.53
35,74,0.61694,-231.35,111.12,-166.28,-456.88,-39.14,-338.77
35,75,0.62512,-235.20,110.77,-169.13,-469.78,-42.37,-348.13
35,76,0.63354,-238.89,110.09,-171.86,-439.13,-81.18,-325.00
35,77,0.64185,-242.59,109.39,-174.60,-445.59,-84.42,-329.78
35,78,0.65027,-246.28,108.35,-177.33,-437.68,-123.59,-324.28
36,0,0.00000,0.00,0.00,0.00,-69.03,0.00,-77.24
36,1,0.00842,-0.56,-0.00,-0.63,-67.03,-0.00,-75.00
36,2,0.01660,-1.93,-0.00,-2.19,-167.54,0.00,-190.30
36,3,0.02502,-3.31,-0.00,-3.74,-162.68,0.00,-184.78
36,4,0.03345,-5.00,-0.00,-5.72,-201.09,-0.00,-234.06
36,5,0.04175,-6.69,-0.00,-7.69,-204.04,0.00,-237.50
36,6,0.05005,-8.27,-0.00,-9.61,-189.71,0.00,-231.99
36,7,0.05847,-9.80,-0.00,-11.48,-181.88,0.00,-222.10
36,8,0.06689,-11.11,-0.00,-13.13,-156.16,0.00,-196.01
36,9,0.07520,-12.43,-0.00,-14.79,-158.46,0.00,-198.90
36,10,0.08350,-13.75,-0.00,-16.44,-158.46,0.00,-198.90
36,11,0.09180,-15.06,-0.00,-18.09,-158.46,0.00,-198.90
36,12,0.10010,-16.38,-0.00,-19.74,-158.46,0.00,-198.90
36,13,0.10852,-17.69,-0.00,-21.39,-156.52,0.00,-195.65
36,14,0.11682,-19.09,-0.00,-22.96,-167.65,0.00,-188.97
36,15,0.12512,-20.48,-0.00,-24.52,-167.65,0.00,-188.97
36,16,0.13342,-21.87,-0.00,-26.09,-167.65,0.00,-188.97
36,17,0.14185,-23.26,-0.00,-27.66,-165.58,0.00,-185.87
36,18,0.15015,-24.74,-0.00,-29.10,-177.57,0.00,-174.26
36,19,0.15857,-26.21,-0.00,-30.55,-175.00,0.00,-171.74
36,20,0.16675,-27.69,-0.00,-32.00,-180.22,0.00,-176.87
36,21,0.17517,-29.16,-0.00,-33.45,-175.00,0.00,-172.10
36,22,0.18347,-30.63,-0.00,-34.89,-177.57,0.00,-174.26
36,23,0.19189,-32.11,-0.00,-36.34,-175.00,0.00,-171.74
36,24,0.20020,-33.58,-0.00,-37.79,-177.57,0.00,-174.26
36,25,0.20874,-35.06,-0.00,-39.23,-172.86,0.00,-168.93
36,26,0.21692,-36.61,-0.00,-40.59,-189.93,0.00,-166.79
36,27,0.22522,-38.17,-0.00,-41.96,-187.13,0.00,-164.34
36,28,0.23352,-39.72,-0.00,-43.32,-187.13,0.00,-164.34
36,29,0.24194,-41.28,-0.00,-44.68,-184.78,0.00,-161.59
36,30,0.25012,-42.96,-0.00,-45.94,-205.60,0.00,-153.36
36,31,0.25928,-44.64,-0.00,-47.19,-184.00,0.00,-136.67
36,32,0.26697,-46.45,-0.00,-48.34,-234.92,0.00,-149.21
36,33,0.27527,-48.26,-0.00,-49.47,-218.75,0.00,-136.76
36,34,0.28381,-50.41,-0.00,-50.16,-250.71,0.00,-80.71
36,35,0.29199,-52.56,-0.00,-50.84,-263.43,0.00,-82.84
36,36,0.30029,-55.20,-0.00,-51.13,-318.38,0.00,-34.56
36,37,0.30859,-57.83,-0.00,-51.42,-316.54,0.00,-34.93
36,38,0.31689,-60.82,-0.00,-51.88,-360.29,0.00,-56.25
36,39,0.32532,-63.82,-0.00,-52.36,-356.52,0.00,-56.88
36,40,0.33362,-67.19,-0.00,-53.11,-405.15,0.00,-90.07
36,41,0.34204,-70.57,-0.00,-53.87,-401.09,0.00,-89.86
36,42,0.35034,-74.31,-0.00,-54.80,-450.74,0.00,-112.50
36,43,0.35864,-78.06,-0.00,-55.75,-451.84,0.00,-114.71
36,44,0.36707,-82.09,-0.00,-57.17,-478.62,0.00,-168.84
36,45,0.37537,-86.17,-0.00,-58.69,-491.91,0.00,-182.72
36,46,0.38367,-91.62,-0.00,-62.65,-656.62,0.00,-476.84
36,47,0.39209,-97.05,-0.00,-66.59,-643.84,0.00,-467.39
36,48,0.40027,-101.75,-0.00,-69.97,-575.00,0.00,-413.43
36,49,0.40881,-106.45,-0.00,-73.35,-550.36,0.00,-395.71
36,50,0.41699,-111.15,-0.00,-76.73,-575.00,0.00,-413.43
36,51,0.42542,-115.86,0.32,-80.11,-558.33,38.56,-401.81
36,52,0.43372,-120.58,8.96,-83.54,-569.12,1040.13,-413.24
36,53,0.44214,-125.31,17.58,-86.98,-560.87,1023.54,-407.25
36,54,0.45032,-130.03,25.87,-90.42,-577.61,1014.24,-421.64
36,55,0.45874,-134.75,34.16,-93.87,-560.87,983.34,-409.42
36,56,0.46704,-139.47,42.12,-97.33,-568.01,958.87,-416.18
36,57,0.47546,-144.18,50.06,-100.78,-559.42,943.20,-410.14
36,58,0.48364,-148.87,57.62,-104.23,-573.51,924.54,-422.01
36,59,0.49194,-153.56,65.16,-107.69,-565.44,908.59,-416.18
36,60,0.50024,-158.33,72.21,-111.22,-574.26,848.45,-425.00
36,61,0.50867,-163.12,79.22,-114.76,-568.48,832.78,-421.01
36,62,0.51697,-168.51,85.51,-118.81,-649.26,757.59,-487.50
36,63,0.52527,-173.91,91.75,-122.87,-650.74,751.64,-488.97
36,64,0.53357,-179.65,96.73,-127.21,-691.54,599.86,-523.53
36,65,0.54199,-185.39,101.63,-131.56,-681.88,581.46,-516.30
36,66,0.55042,-191.22,104.44,-135.98,-691.30,334.00,-525.00
36,67,0.55872,-197.03,107.20,-140.40,-700.37,332.64,-532.35
36,68,0.56702,-202.66,108.63,-144.68,-678.68,172.57,-515.44
36,69,0.57544,-208.28,110.04,-148.95,-666.67,166.50,-506.52
36,70,0.58374,-213.45,110.67,-152.86,-623.16,76.74,-471.69
36,71,0.59216,-218.60,111.29,-156.76,-610.87,73.18,-462.32
36,72,0.60034,-223.04,111.38,-160.09,-543.28,11.00,-407.09
36,73,0.60876,-227.46,111.45,-163.40,-525.00,8.79,-393.12
36,74,0.61707,-231.31,111.12,-166.25,-463.60,-39.71,-343.75
36,75,0.62549,-235.16,110.78,-169.10,-456.52,-40.72,-338.41
36,76,0.63379,-238.85,110.10,-171.84,-445.59,-82.37,-329.78
36,77,0.64221,-242.55,109.40,-174.58,-439.13,-82.78,-325.00
36,78,0.65051,-246.24,108.36,-177.31,-444.12,-125.41,-329.04
37,0,0.00000,0.00,0.00,0.00,58.89,0.53,-100.90
37,1,0.00801,0.53,0.00,-0.93,66.67,0.49,-115.81
37,2,0.01640,1.57,0.00,-2.72,124.00,0.00,-213.45
37,3,0.02452,2.67,0.00,-4.60,135.34,-0.00,-231.58
37,4,0.03282,4.01,0.14,-6.83,160.66,16.68,-268.75
37,5,0.04121,5.33,0.28,-9.03,157.82,16.60,-261.82
37,6,0.04971,6.63,0.42,-11.08,152.24,15.79,-241.65
37,7,0.05780,7.89,0.58,-13.08,156.23,19.77,-246.79
37,8,0.06625,9.04,0.58,-14.85,135.74,-0.00,-209.75
37,9,0.07455,10.18,0.81,-16.62,138.24,28.50,-213.60
37,10,0.08276,11.33,0.96,-18.40,139.78,18.50,-215.99
37,11,0.09148,12.48,1.12,-20.17,131.70,17.43,-203.50
37,12,0.09978,13.63,1.27,-21.94,138.24,18.33,-213.60
37,13,0.10797,14.75,1.42,-23.72,137.43,18.36,-217.50
37,14,0.11623,15.80,1.56,-25.54,126.43,17.65,-219.96
37,15,0.12450,16.84,1.71,-27.36,126.20,17.58,-219.56
37,16,0.13286,17.88,1.86,-29.17,124.82,17.39,-217.15
37,17,0.14122,18.90,2.00,-31.00,121.53,17.20,-218.25
37,18,0.14977,19.80,2.13,-32.85,105.71,15.86,-217.14
37,19,0.15785,20.71,2.27,-34.71,111.70,16.76,-229.43
37,20,0.16646,21.61,2.41,-36.56,104.96,15.83,-215.60
37,21,0.17450,22.51,2.54,-38.42,112.33,16.93,-230.74
37,22,0.18294,23.42,2.68,-40.27,107.05,16.07,-219.89
37,23,0.19148,24.32,2.81,-42.13,105.71,15.87,-217.14
37,24,0.19977,25.22,2.95,-43.98,109.02,16.44,-223.94
37,25,0.20784,26.11,3.08,-45.85,109.64,16.68,-231.38
37,26,0.21651,26.91,3.21,-47.76,92.61,15.05,-219.72
37,27,0.22502,27.71,3.34,-49.66,94.27,15.17,-223.66
37,28,0.23286,28.52,3.47,-51.57,102.33,16.56,-242.80
37,29,0.24141,29.29,3.60,-53.49,90.36,15.02,-225.00
37,30,0.24997,29.94,3.72,-55.48,76.29,14.12,-232.80
37,31,0.25809,30.57,3.84,-57.49,77.07,14.77,-247.74
37,32,0.26651,31.08,3.96,-59.57,61.23,13.46,-246.74
37,33,0.27457,31.49,4.06,-61.68,50.76,13.16,-262.12
37,34,0.28287,31.46,4.06,-63.93,-3.31,-0.00,-271.32
37,35,0.29123,31.33,4.21,-66.25,-16.06,17.76,-276.64
37,36,0.29948,30.77,4.21,-68.82,-68.02,0.00,-311.28
37,37,0.30809,30.22,4.21,-71.47,-63.83,0.00,-308.16
37,38,0.31613,29.71,4.37,-74.45,-62.62,20.32,-371.16
37,39,0.32463,29.24,4.37,-77.53,-56.01,-0.00,-361.58
37,40,0.33299,28.88,4.54,-80.95,-42.70,19.65,-409.85
37,41,0.34117,28.54,4.66,-84.46,-42.16,14.92,-429.10
37,42,0.34964,28.23,4.80,-88.31,-35.68,16.80,-453.69
37,43,0.35793,28.01,5.04,-92.24,-27.26,29.10,-474.40
37,44,0.36652,28.08,5.27,-96.51,7.82,26.18,-497.34
37,45,0.37456,28.54,5.53,-101.21,57.31,32.64,-584.82
37,46,0.38313,30.56,5.94,-107.64,236.30,48.06,-749.11
37,47,0.39137,32.53,6.34,-113.88,238.15,48.65,-758.15
37,48,0.39978,34.24,6.70,-119.42,203.99,42.06,-658.08
37,49,0.40779,35.96,7.05,-124.95,214.10,44.21,-690.67
37,50,0.41623,37.67,7.41,-130.48,203.25,41.92,-655.70
37,51,0.42470,39.39,9.14,-136.02,203.24,204.32,-654.05
37,52,0.43307,41.14,17.77,-141.59,209.11,1030.66,-664.85
37,53,0.44141,42.90,26.34,-147.16,210.99,1028.17,-668.50
37,54,0.44980,44.67,34.63,-152.73,210.91,988.42,-664.36
37,55,0.45786,46.44,42.86,-158.31,220.08,1021.25,-691.67
37,56,0.46643,48.23,50.82,-163.87,207.83,928.16,-649.11
37,57,0.47440,50.01,58.70,-169.44,223.75,989.27,-698.47
37,58,0.48294,51.79,66.26,-174.98,208.93,884.92,-648.93
37,59,0.49158,53.59,73.72,-180.55,207.77,863.50,-644.17
37,60,0.49948,55.42,80.76,-186.18,232.05,891.04,-713.51
37,61,0.50807,57.32,87.65,-191.97,220.25,802.22,-673.89
37,62,0.51625,59.44,93.94,-198.37,260.07,768.90,-781.72
37,63,0.52458,61.61,99.97,-204.85,259.71,723.31,-777.66
37,64,0.53265,63.91,104.95,-211.67,285.07,616.87,-845.37
37,65,0.54146,66.22,109.49,-218.52,262.39,516.53,-778.16
37,66,0.54973,68.56,112.31,-225.45,283.76,340.17,-837.27
37,67,0.55783,70.90,114.84,-232.32,287.76,312.87,-848.96
37,68,0.56631,73.17,116.27,-239.02,267.63,168.84,-789.57
37,69,0.57455,75.40,117.55,-245.61,270.74,154.39,-799.63
37,70,0.58302,77.47,118.18,-251.76,244.68,75.22,-726.13
37,71,0.59151,79.47,118.71,-257.73,236.33,62.09,-703.96
37,72,0.59969,81.22,118.80,-263.00,213.81,11.00,-644.40
37,73,0.60779,82.92,118.81,-268.13,209.04,0.66,-632.77
37,74,0.61630,84.40,118.48,-272.69,174.55,-38.72,-535.13
37,75,0.62445,85.87,118.07,-277.21,180.52,-49.21,-554.68
37,76,0.63269,87.30,117.39,-281.58,172.59,-82.98,-531.11
37,77,0.64117,88.72,116.64,-285.96,167.63,-89.08,-515.47
37,78,0.64954,90.14,115.59,-290.32,169.71,-124.49,-521.53
38,0,0.00000,0.00,0.00,0.00,14.81,0.00,-116.40
38,1,0.00809,0.14,0.00,-1.08,17.36,0.00,-133.96
38,2,0.01648,0.42,0.00,-3.14,32.73,0.00,-244.73
38,3,0.02477,0.71,0.00,-5.29,35.73,0.00,-260.41
38,4,0.03323,1.09,0.00,-7.87,44.32,0.00,-303.78
38,5,0.04153,1.47,0.00,-10.40,45.96,0.00,-305.51
38,6,0.05000,1.88,0.00,-12.80,48.29,0.00,-282.52
38,7,0.05811,2.28,0.00,-15.12,49.72,0.00,-287.38
38,8,0.06647,2.66,0.00,-17.21,45.62,0.00,-248.91
38,9,0.07494,3.04,0.00,-19.28,45.05,0.00,-245.05
38,10,0.08324,3.42,0.00,-21.36,45.96,0.00,-250.00
38,11,0.09161,3.81,0.00,-23.43,45.54,0.00,-247.72
38,12,0.09976,4.19,0.00,-25.51,46.82,0.00,-254.68
38,13,0.10835,4.55,0.00,-27.58,41.92,0.00,-241.92
38,14,0.11644,4.82,0.00,-29.66,33.21,0.00,-256.98
38,15,0.12502,5.08,0.00,-31.74,31.32,0.00,-242.35
38,16,0.13312,5.35,0.00,-33.82,33.15,0.00,-256.50
38,17,0.14177,5.59,0.00,-35.89,27.87,0.00,-239.86
38,18,0.14986,5.72,0.00,-37.96,15.47,0.00,-255.09
38,19,0.15802,5.84,0.00,-40.02,15.33,0.00,-252.71
38,20,0.16635,5.97,0.00,-42.08,15.02,0.00,-247.62
38,21,0.17496,6.09,0.00,-44.15,14.54,0.00,-239.72
38,22,0.18314,6.22,0.00,-46.21,15.30,0.00,-252.24
38,23,0.19162,6.34,0.00,-48.27,14.75,0.00,-243.17
38,24,0.19969,6.47,0.00,-50.34,15.50,0.00,-255.58
38,25,0.20813,6.57,0.00,-52.40,11.93,0.00,-244.48
38,26,0.21634,6.58,0.00,-54.46,1.49,0.00,-251.67
38,27,0.22499,6.59,0.00,-56.53,1.41,0.00,-238.80
38,28,0.23320,6.61,0.00,-58.60,1.49,0.00,-251.67
38,29,0.24170,6.58,0.00,-60.67,-2.87,0.00,-243.81
38,30,0.25029,6.42,0.00,-62.76,-18.47,0.00,-243.34
38,31,0.25804,6.23,0.00,-64.86,-24.80,0.00,-270.47
38,32,0.26649,5.91,0.00,-66.97,-37.55,0.00,-250.54
38,33,0.27486,5.48,0.00,-69.08,-51.82,0.00,-251.82
38,34,0.28313,4.60,0.00,-71.15,-107.01,0.00,-250.18
38,35,0.29135,3.59,0.00,-73.24,-122.82,0.00,-253.80
38,36,0.29980,2.08,0.00,-75.39,-177.62,0.00,-255.23
38,37,0.30817,0.56,0.00,-77.63,-182.12,0.00,-267.88
38,38,0.31636,-1.05,0.00,-80.20,-196.28,0.00,-312.85
38,39,0.32506,-2.66,0.00,-82.86,-185.61,0.00,-305.61
38,40,0.33321,-4.30,0.00,-85.89,-201.50,0.00,-371.91
38,41,0.34140,-5.97,0.00,-89.00,-202.98,0.00,-379.89
38,42,0.34998,-7.71,0.00,-92.43,-203.91,0.00,-400.71
38,43,0.35846,-9.43,0.00,-95.98,-202.16,0.00,-417.99
38,44,0.36649,-11.00,0.00,-99.95,-195.82,0.00,-495.06
38,45,0.37523,-12.37,0.00,-104.49,-157.07,0.00,-518.32
38,46,0.38330,-12.96,0.00,-111.20,-72.97,0.00,-831.38
38,47,0.39163,-13.54,0.00,-117.72,-69.23,0.00,-782.42
38,48,0.39995,-14.07,0.00,-123.48,-64.22,0.00,-693.58
38,49,0.40819,-14.61,0.00,-129.25,-64.81,0.00,-700.00
38,50,0.41641,-15.14,0.00,-135.02,-64.94,0.00,-701.30
38,51,0.42479,-15.67,1.76,-140.80,-63.02,210.03,-689.62
38,52,0.43312,-16.18,10.39,-146.61,-61.54,1036.32,-698.17
38,53,0.44156,-16.69,18.96,-152.43,-60.40,1015.02,-689.69
38,54,0.44968,-17.19,27.25,-158.26,-61.28,1021.86,-718.05
38,55,0.45811,-17.68,35.48,-164.09,-58.59,974.95,-690.78
38,56,0.46635,-18.17,43.44,-169.92,-58.89,965.97,-707.04
38,57,0.47504,-18.65,51.32,-175.74,-55.54,907.40,-670.30
38,58,0.48318,-19.13,58.88,-181.54,-58.05,928.01,-712.36
38,59,0.49147,-19.60,66.34,-187.37,-56.72,899.86,-703.13
38,60,0.49968,-20.06,73.38,-193.28,-56.51,857.91,-720.07
38,61,0.50809,-20.53,80.27,-199.35,-55.54,819.39,-722.69
38,62,0.51634,-21.01,86.56,-206.08,-58.41,761.79,-814.42
38,63,0.52480,-21.49,92.58,-212.89,-57.04,712.34,-806.14
38,64,0.53333,-21.98,97.56,-220.07,-57.25,583.76,-842.22
38,65,0.54146,-22.46,102.09,-227.28,-59.66,557.94,-885.93
38,66,0.54985,-22.95,104.91,-234.58,-57.45,335.22,-869.45
38,67,0.55806,-23.43,107.44,-241.82,-58.36,308.40,-882.90
38,68,0.56657,-23.89,108.87,-248.88,-54.84,168.24,-829.03
38,69,0.57513,-24.35,110.14,-255.82,-53.83,148.39,-810.70
38,70,0.58340,-24.79,110.78,-262.30,-53.14,77.03,-782.66
38,71,0.59164,-25.23,111.30,-268.58,-52.59,63.77,-762.59
38,72,0.60028,-25.63,111.39,-274.12,-46.64,10.41,-641.34
38,73,0.60832,-26.03,111.40,-279.50,-49.34,0.54,-669.45
38,74,0.61655,-26.40,111.07,-284.28,-45.27,-40.08,-581.08
38,75,0.62485,-26.77,110.67,-289.02,-44.49,-48.41,-570.96
38,76,0.63329,-27.13,109.98,-293.61,-42.68,-81.03,-543.58
38,77,0.64162,-27.49,109.23,-298.19,-43.22,-90.82,-550.18
38,78,0.64984,-27.84,108.19,-302.76,-43.41,-126.57,-555.84
39,0,0.00000,0.00,0.00,0.00,62.63,0.00,-100.71
39,1,0.00812,0.57,0.00,-0.93,69.92,0.00,-115.04
39,2,0.01628,1.65,-0.00,-2.70,132.71,-0.00,-216.45
39,3,0.02472,2.80,-0.00,-4.56,135.62,0.00,-219.89
39,4,0.03308,4.18,-0.00,-6.76,165.33,0.00,-263.14
39,5,0.04135,5.55,-0.00,-8.92,166.42,0.00,-261.62
39,6,0.04994,6.89,-0.00,-10.94,155.95,0.00,-235.52
39,7,0.05801,8.20,-0.00,-12.91,162.19,0.00,-243.48
39,8,0.06633,9.39,-0.00,-14.65,142.75,0.00,-209.91
39,9,0.07489,10.58,-0.00,-16.40,138.68,0.00,-203.92
39,10,0.08316,11.76,-0.00,-18.15,143.54,0.00,-211.07
39,11,0.09151,12.95,-0.00,-19.89,142.23,0.00,-209.14
39,12,0.09998,14.14,-0.00,-21.64,140.18,0.00,-206.13
39,13,0.10817,15.31,-0.00,-23.39,142.64,0.00,-214.15
39,14,0.11644,16.39,-0.00,-25.18,131.37,0.00,-216.61
39,15,0.12491,17.48,-0.00,-26.97,128.29,0.00,-211.53
39,16,0.13441,18.57,-0.00,-28.77,114.29,0.00,-188.44
39,17,0.14142,19.63,-0.00,-30.57,151.20,0.00,-257.08
39,18,0.14978,20.57,-0.00,-32.40,113.50,0.00,-219.34
39,19,0.15820,21.52,-0.00,-34.23,112.68,0.00,-217.75
39,20,0.16637,22.47,-0.00,-36.07,116.26,0.00,-224.67
39,21,0.17497,23.42,-0.00,-37.90,110.28,0.00,-213.12
39,22,0.18311,24.37,-0.00,-39.74,116.70,0.00,-225.52
39,23,0.19138,25.32,-0.00,-41.57,114.76,0.00,-221.77
39,24,0.19962,26.27,-0.00,-43.41,115.19,0.00,-222.59
39,25,0.20827,27.20,-0.00,-45.25,107.23,0.00,-213.40
39,26,0.21658,28.04,-0.00,-47.14,101.65,0.00,-226.79
39,27,0.22504,28.89,-0.00,-49.02,100.00,0.00,-223.10
39,28,0.23331,29.73,-0.00,-50.91,102.21,0.00,-228.04
39,29,0.24153,30.55,-0.00,-52.81,99.44,0.00,-231.54
39,30,0.24992,31.25,-0.00,-54.79,83.64,0.00,-235.64
39,31,0.25827,31.93,-0.00,-56.79,80.80,0.00,-239.12
39,32,0.26639,32.49,-0.00,-58.85,69.55,0.00,-254.14
39,33,0.27489,32.95,-0.00,-60.95,53.86,0.00,-247.40
39,34,0.28311,32.98,-0.00,-63.20,3.34,0.00,-273.84
39,35,0.29150,32.90,-0.00,-65.52,-9.45,0.00,-276.00
39,36,0.30000,32.40,-0.00,-68.10,-58.89,0.00,-303.77
39,37,0.30803,31.91,-0.00,-70.77,-60.84,0.00,-331.94
39,38,0.31664,31.47,-0.00,-73.76,-50.71,0.00,-347.87
39,39,0.32492,31.07,-0.00,-76.84,-48.62,0.00,-372.01
39,40,0.33307,30.79,-0.00,-80.28,-34.08,0.00,-421.72
39,41,0.34166,30.53,-0.00,-83.80,-30.55,0.00,-409.59
39,42,0.34967,30.32,-0.00,-87.65,-26.29,0.00,-480.38
39,43,0.35822,30.18,-0.00,-91.58,-15.71,0.00,-460.36
39,44,0.36644,30.35,-0.00,-95.85,20.41,0.00,-519.11
39,45,0.37492,30.93,-0.00,-100.54,67.63,0.00,-553.24
39,46,0.38326,33.10,-0.00,-106.92,261.17,0.00,-765.20
39,47,0.39140,35.21,-0.00,-113.12,258.80,0.00,-760.67
39,48,0.39967,37.05,-0.00,-118.61,222.88,0.00,-663.84
39,49,0.40802,38.90,-0.00,-124.10,220.84,0.00,-657.77
39,50,0.41632,40.74,-0.00,-129.59,222.06,0.00,-661.40
39,51,0.42485,42.59,1.74,-135.09,217.17,203.86,-644.72
39,52,0.43335,44.48,10.37,-140.61,221.54,1015.85,-650.27
39,53,0.44142,46.36,18.94,-146.14,233.65,1061.17,-684.69
39,54,0.44997,48.26,27.23,-151.67,222.50,970.77,-647.50
39,55,0.45815,50.16,35.46,-157.20,232.46,1005.97,-676.12
39,56,0.46680,52.08,43.42,-162.73,220.81,919.97,-638.45
39,57,0.47484,53.99,51.30,-168.25,237.95,980.13,-686.53
39,58,0.48328,55.90,58.86,-173.75,226.76,896.12,-652.08
39,59,0.49141,57.83,66.32,-179.27,236.77,916.88,-678.80
39,60,0.49977,59.79,73.36,-184.86,235.04,842.26,-668.98
39,61,0.50838,61.82,80.25,-190.61,235.46,800.68,-667.73
39,62,0.51627,64.10,86.54,-196.95,288.59,797.16,-803.87
39,63,0.52480,66.41,92.57,-203.38,271.20,706.29,-753.49
39,64,0.53308,68.87,97.55,-210.14,296.87,600.96,-816.57
39,65,0.54149,71.34,102.09,-216.93,293.65,540.24,-807.26
39,66,0.54968,73.85,104.90,-223.80,306.15,343.33,-837.99
39,67,0.55814,76.34,107.44,-230.62,294.95,299.83,-807.22
39,68,0.56624,78.77,108.87,-237.27,299.44,176.79,-819.96
39,69,0.57480,81.15,110.14,-243.80,278.43,148.58,-763.28
39,70,0.58319,83.36,110.78,-249.90,264.00,75.90,-726.55
39,71,0.59134,85.51,111.30,-255.82,263.30,64.62,-726.97
39,72,0.59985,87.38,111.39,-261.05,219.71,10.56,-613.98
39,73,0.60805,89.19,111.40,-266.13,221.23,0.64,-620.48
39,74,0.61653,90.78,111.07,-270.65,187.41,-38.85,-532.73
39,75,0.62492,92.36,110.67,-275.13,188.00,-47.80,-534.18
39,76,0.63297,93.88,109.98,-279.47,189.37,-85.03,-539.66
39,77,0.64130,95.41,109.23,-283.81,182.78,-90.73,-520.51
39,78,0.65001,96.93,108.19,-288.14,174.78,-119.48,-496.67
40,0,0.00000,0.00,0.00,0.00,63.76,0.00,-109.30
40,1,0.00832,0.45,-0.00,-0.99,54.68,-0.00,-119.27
40,2,0.01666,1.14,-0.00,-2.95,81.54,-0.00,-234.73
40,3,0.02492,1.65,-0.00,-5.07,62.11,0.00,-256.56
40,4,0.03333,2.03,-0.00,-7.64,45.01,-0.00,-305.99
40,5,0.04207,2.33,-0.00,-10.19,35.25,0.00,-291.10
40,6,0.05002,2.67,-0.00,-12.59,42.23,0.00,-302.11
40,7,0.05840,3.00,-0.00,-14.93,39.71,0.00,-279.42
40,8,0.06656,3.32,-0.00,-17.02,39.25,0.00,-255.70
40,9,0.07498,3.64,-0.00,-19.10,38.04,0.00,-247.83
40,10,0.08331,3.96,-0.00,-21.19,38.46,0.00,-250.55
40,11,0.09187,4.28,-0.00,-23.28,37.43,0.00,-243.85
40,12,0.10008,4.61,-0.00,-25.37,39.03,0.00,-254.28
40,13,0.10837,4.90,-0.00,-27.45,35.73,0.00,-251.93
40,14,0.11675,5.11,-0.00,-29.54,24.77,0.00,-248.82
40,15,0.12505,5.32,-0.00,-31.62,25.00,0.00,-251.10
40,16,0.13342,5.52,-0.00,-33.71,24.77,0.00,-248.82
40,17,0.14172,5.70,-0.00,-35.79,21.69,0.00,-250.74
40,18,0.14992,5.77,-0.00,-37.85,7.82,0.00,-251.77
40,19,0.15828,5.83,-0.00,-39.91,7.66,0.00,-246.72
40,20,0.16681,5.90,-0.00,-41.98,7.51,0.00,-241.86
40,21,0.17485,5.96,-0.00,-44.04,7.97,0.00,-256.55
40,22,0.18332,6.02,-0.00,-46.10,7.57,0.00,-243.60
40,23,0.19165,6.09,-0.00,-48.17,7.69,0.00,-247.62
40,24,0.19987,6.15,-0.00,-50.23,7.79,0.00,-250.83
40,25,0.20839,6.19,-0.00,-52.29,4.66,0.00,-242.65
40,26,0.21658,6.14,-0.00,-54.36,-6.33,0.00,-252.14
40,27,0.22490,6.09,-0.00,-56.43,-6.24,0.00,-248.44
40,28,0.23347,6.04,-0.00,-58.49,-6.05,0.00,-240.93
40,29,0.24187,5.95,-0.00,-60.56,-10.18,0.00,-246.55
40,30,0.24989,5.73,-0.00,-62.65,-27.38,0.00,-260.08
40,31,0.25854,5.48,-0.00,-64.74,-29.28,0.00,-241.62
40,32,0.26677,5.10,-0.00,-66.85,-46.38,0.00,-256.03
40,33,0.27513,4.60,-0.00,-68.94,-59.12,0.00,-250.36
40,34,0.28349,3.66,-0.00,-70.98,-113.14,0.00,-244.16
40,35,0.29193,2.58,-0.00,-73.04,-126.94,0.00,-243.76
40,36,0.29997,1.02,-0.00,-75.15,-194.69,0.00,-262.62
40,37,0.30829,-0.57,-0.00,-77.34,-190.83,0.00,-263.85
40,38,0.31657,-2.25,-0.00,-79.86,-203.31,0.00,-303.50
40,39,0.32501,-3.95,-0.00,-82.46,-200.72,0.00,-308.86
40,40,0.33334,-5.68,-0.00,-85.44,-207.69,0.00,-357.51
40,41,0.34201,-7.43,-0.00,-88.50,-202.46,0.00,-353.17
40,42,0.35008,-9.28,-0.00,-91.89,-229.49,0.00,-418.90
40,43,0.35844,-11.10,-0.00,-95.38,-217.52,0.00,-417.52
40,44,0.36687,-12.79,-0.00,-99.30,-200.72,0.00,-465.94
40,45,0.37491,-14.30,-0.00,-103.78,-187.48,0.00,-557.12
40,46,0.38361,-15.09,-0.00,-110.47,-90.53,0.00,-769.12
40,47,0.39180,-15.86,-0.00,-116.97,-94.23,0.00,-793.30
40,48,0.40024,-16.56,-0.00,-122.72,-83.54,0.00,-681.37
40,49,0.40842,-17.27,-0.00,-128.47,-86.19,0.00,-702.99
40,50,0.41672,-17.97,-0.00,-134.22,-84.93,0.00,-692.65
40,51,0.42494,-18.67,1.73,-139.98,-84.97,210.38,-700.19
40,52,0.43361,-19.36,10.36,-145.78,-78.87,996.18,-669.01
40,53,0.44182,-20.04,18.93,-151.58,-82.90,1043.46,-706.69
40,54,0.45026,-20.71,27.23,-157.39,-79.57,983.06,-688.61
40,55,0.45833,-21.38,35.45,-163.20,-82.80,1019.32,-719.85
40,56,0.46669,-22.04,43.41,-169.01,-78.83,951.87,-694.53
40,57,0.47542,-22.69,51.29,-174.81,-75.17,902.80,-665.03
40,58,0.48372,-23.34,58.85,-180.60,-77.57,910.95,-697.43
40,59,0.49197,-23.98,66.31,-186.41,-78.00,903.40,-703.88
40,60,0.50006,-24.62,73.35,-192.30,-79.25,870.86,-728.68
40,61,0.50841,-25.27,80.25,-198.36,-77.51,825.68,-725.78
40,62,0.51682,-25.95,86.53,-205.07,-80.94,747.97,-797.46
40,63,0.52493,-26.63,92.56,-211.86,-84.21,742.34,-837.22
40,64,0.53357,-27.33,97.54,-219.03,-80.92,576.54,-829.68
40,65,0.54202,-28.03,102.08,-226.21,-82.67,537.65,-850.18
40,66,0.55042,-28.73,104.90,-233.49,-83.27,335.22,-867.27
40,67,0.55835,-29.42,107.43,-240.72,-87.31,319.66,-911.15
40,68,0.56670,-30.10,108.87,-247.76,-80.80,171.62,-843.51
40,69,0.57491,-30.76,110.14,-254.69,-81.41,155.06,-843.49
40,70,0.58357,-31.40,110.78,-261.15,-72.89,73.50,-745.07
40,71,0.59181,-32.02,111.30,-267.41,-75.19,63.99,-760.74
40,72,0.60027,-32.58,111.39,-272.94,-67.15,10.64,-653.43
40,73,0.60829,-33.14,111.40,-278.31,-69.20,0.72,-669.20
40,74,0.61675,-33.65,111.07,-283.07,-60.65,-38.99,-563.54
40,75,0.62489,-34.16,110.67,-287.80,-62.55,-49.17,-580.15
40,76,0.63327,-34.66,109.99,-292.37,-59.38,-81.62,-546.08
40,77,0.64177,-35.16,109.23,-296.95,-58.53,-88.88,-537.88
40,78,0.64998,-35.65,108.19,-301.50,-60.22,-126.81,-555.39
41,0,0.00000,0.00,0.00,0.00,84.90,-0.00,-82.42
41,1,0.00778,0.79,-0.00,-0.76,101.18,-0.00,-97.25
41,2,0.01610,2.29,-0.00,-2.19,180.18,-0.00,-172.11
41,3,0.02455,3.86,-0.00,-3.69,186.64,-0.00,-177.62
41,4,0.03293,5.76,-0.00,-5.46,226.96,0.00,-211.66
41,5,0.04100,7.65,-0.00,-7.20,233.27,0.00,-215.50
41,6,0.04941,9.46,-0.00,-8.81,215.61,0.00,-191.65
41,7,0.05766,11.23,-0.00,-10.38,214.42,0.00,-189.65
41,8,0.06612,12.83,-0.00,-11.76,188.81,0.00,-163.54
41,9,0.07445,14.42,-0.00,-13.14,191.58,0.00,-165.93
41,10,0.08281,16.02,-0.00,-14.53,190.88,0.00,-165.33
41,11,0.09103,17.61,-0.00,-15.91,194.06,0.00,-168.09
41,12,0.09947,19.21,-0.00,-17.29,189.15,0.00,-163.83
41,13,0.10767,20.79,-0.00,-18.69,192.55,0.00,-170.58
41,14,0.11610,22.30,-0.00,-20.14,178.66,0.00,-172.51
41,15,0.12439,23.80,-0.00,-21.60,181.95,0.00,-175.69
41,16,0.13306,25.31,-0.00,-23.06,173.94,0.00,-167.96
41,17,0.14110,26.79,-0.00,-24.53,184.44,0.00,-182.92
41,18,0.14949,28.18,-0.00,-26.06,165.09,0.00,-182.55
41,19,0.15773,29.57,-0.00,-27.59,168.15,0.00,-185.93
41,20,0.16617,30.95,-0.00,-29.12,164.20,0.00,-181.56
41,21,0.17442,32.34,-0.00,-30.65,167.84,0.00,-185.58
41,22,0.18297,33.72,-0.00,-32.19,162.14,0.00,-179.29
41,23,0.19113,35.11,-0.00,-33.72,169.72,0.00,-187.66
41,24,0.19960,36.49,-0.00,-35.25,163.60,0.00,-180.90
41,25,0.20781,37.86,-0.00,-36.80,166.54,0.00,-188.48
41,26,0.21629,39.16,-0.00,-38.41,153.24,0.00,-189.57
41,27,0.22455,40.46,-0.00,-40.01,157.49,0.00,-194.82
41,28,0.23296,41.76,-0.00,-41.62,154.63,0.00,-191.29
41,29,0.24118,43.04,-0.00,-43.26,155.10,0.00,-198.52
41,30,0.24957,44.22,-0.00,-44.99,141.09,0.00,-206.55
41,31,0.25793,45.38,-0.00,-46.75,138.69,0.00,-210.22
41,32,0.26624,46.45,-0.00,-48.60,129.41,0.00,-223.16
41,33,0.27457,47.43,-0.00,-50.52,117.58,0.00,-230.04
41,34,0.28297,48.03,-0.00,-52.69,71.51,0.00,-258.08
41,35,0.29120,48.55,-0.00,-54.95,62.71,0.00,-274.95
41,36,0.29959,48.73,-0.00,-57.57,21.09,0.00,-312.36
41,37,0.30783,48.94,-0.00,-60.27,25.56,0.00,-327.78
41,38,0.31630,49.28,-0.00,-63.28,40.72,0.00,-354.95
41,39,0.32452,49.68,-0.00,-66.36,48.61,0.00,-375.14
41,40,0.33296,50.29,-0.00,-69.75,72.33,0.00,-401.81
41,41,0.34125,50.94,-0.00,-73.22,77.72,0.00,-418.78
41,42,0.34958,51.72,-0.00,-77.00,93.77,0.00,-453.48
41,43,0.35785,52.59,-0.00,-80.84,105.90,0.00,-464.21
41,44,0.36630,53.85,-0.00,-84.92,148.38,0.00,-483.39
41,45,0.37457,55.60,-0.00,-89.32,212.18,0.00,-531.00
41,46,0.38300,59.39,-0.00,-95.00,449.28,0.00,-675.00
41,47,0.39120,63.00,-0.00,-100.44,440.15,0.00,-662.83
41,48,0.39963,66.19,-0.00,-105.28,378.26,0.00,-574.28
41,49,0.40790,69.37,-0.00,-110.12,385.24,0.00,-584.87
41,50,0.41632,72.56,-0.00,-114.95,378.26,0.00,-574.28
41,51,0.42456,75.76,1.88,-119.81,388.52,228.25,-588.89
41,52,0.43309,78.99,10.51,-124.67,378.89,1012.22,-569.95
41,53,0.44125,82.23,19.07,-129.53,396.64,1048.59,-595.51
41,54,0.44966,85.48,27.37,-134.39,386.57,986.63,-578.22
41,55,0.45784,88.73,35.59,-139.25,397.76,1005.29,-594.40
41,56,0.46628,91.99,43.55,-144.10,386.26,943.27,-575.05
41,57,0.47452,95.26,51.46,-148.97,397.04,959.23,-590.74
41,58,0.48309,98.52,59.02,-153.80,379.72,881.77,-562.99
41,59,0.49118,101.79,66.46,-158.65,404.91,920.77,-599.25
41,60,0.49953,105.12,73.51,-163.55,398.90,843.80,-587.93
41,61,0.50783,108.56,80.38,-168.60,414.34,828.28,-608.09
41,62,0.51619,112.39,86.67,-174.15,457.30,752.06,-663.50
41,63,0.52466,116.28,92.68,-179.79,459.82,709.37,-666.31
41,64,0.53290,120.39,97.66,-185.71,498.52,604.30,-717.78
41,65,0.54118,124.51,102.15,-191.64,497.61,542.41,-716.02
41,66,0.54991,128.69,104.96,-197.64,479.02,322.32,-687.41
41,67,0.55812,132.84,107.47,-203.59,505.58,305.02,-725.28
41,68,0.56647,136.89,108.90,-209.40,484.46,171.62,-695.43
41,69,0.57477,140.85,110.15,-215.09,477.94,151.10,-686.40
41,70,0.58325,144.55,110.79,-220.42,435.97,75.09,-628.06
41,71,0.59146,148.13,111.31,-225.58,435.69,62.67,-628.62
41,72,0.59982,151.27,111.40,-230.16,375.91,10.76,-547.08
41,73,0.60811,154.33,111.39,-234.61,368.69,-0.67,-537.75
41,74,0.61649,157.02,111.06,-238.58,321.68,-39.35,-473.22
41,75,0.62480,159.69,110.65,-242.50,320.73,-49.37,-472.29
41,76,0.63326,162.27,109.97,-246.31,305.42,-80.88,-450.54
41,77,0.64142,164.86,109.20,-250.13,317.01,-94.12,-467.29
41,78,0.64984,167.43,108.16,-253.92,305.80,-123.59,-450.36
42,0,0.00000,0.00,0.00,0.00,29.55,-0.00,-116.40
42,1,0.00821,0.27,0.00,-1.06,33.09,0.00,-128.62
42,2,0.01663,0.80,0.17,-3.06,62.32,20.35,-238.04
42,3,0.02498,1.35,0.17,-5.17,66.91,-0.00,-252.29
42,4,0.03333,2.04,0.37,-7.67,82.63,23.28,-300.18
42,5,0.04158,2.73,0.47,-10.14,83.55,12.60,-299.08
42,6,0.05000,3.43,0.47,-12.46,82.97,-0.00,-275.72
42,7,0.05833,4.12,0.66,-14.72,82.42,22.94,-271.43
42,8,0.06667,4.75,0.66,-16.74,76.19,-0.00,-241.76
42,9,0.07494,5.39,0.83,-18.75,76.75,20.22,-243.54
42,10,0.08339,6.02,0.83,-20.77,75.09,-0.00,-238.27
42,11,0.09164,6.66,1.00,-22.78,76.89,20.26,-243.99
42,12,0.10008,7.29,1.00,-24.80,75.23,-0.00,-238.70
42,13,0.10828,7.90,1.16,-26.81,74.49,20.51,-246.18
42,14,0.11675,8.43,1.16,-28.84,61.62,-0.00,-239.64
42,15,0.12502,8.95,1.34,-30.87,63.10,20.78,-245.39
42,16,0.13344,9.47,1.34,-32.90,61.96,-0.00,-240.94
42,17,0.14168,9.96,1.51,-34.93,60.00,20.92,-246.30
42,18,0.15009,10.34,1.51,-36.96,44.65,-0.00,-241.38
42,19,0.15836,10.71,1.68,-38.99,45.39,21.27,-245.39
42,20,0.16676,11.09,1.68,-41.02,44.65,-0.00,-241.38
42,21,0.17499,11.47,1.86,-43.05,45.64,21.41,-246.75
42,22,0.18340,11.84,1.86,-45.08,44.65,-0.00,-241.38
42,23,0.19170,12.22,2.04,-47.11,45.22,21.23,-244.49
42,24,0.20009,12.59,2.04,-49.14,44.73,-0.00,-241.82
42,25,0.20842,12.95,2.22,-51.17,42.49,22.16,-244.32
42,26,0.21681,13.21,2.34,-53.22,31.64,14.50,-244.36
42,27,0.22510,13.48,2.46,-55.27,32.04,14.12,-247.51
42,28,0.23351,13.74,2.57,-57.32,31.58,13.70,-243.92
42,29,0.24179,13.97,2.70,-59.38,27.99,15.46,-248.62
42,30,0.25021,14.07,2.82,-61.48,11.59,13.39,-248.91
42,31,0.25842,14.14,2.93,-63.59,8.18,13.63,-256.51
42,32,0.26685,14.08,3.04,-65.73,-6.52,12.96,-253.99
42,33,0.27512,13.91,3.14,-67.87,-20.66,12.70,-259.41
42,34,0.28349,13.29,3.14,-70.03,-74.68,0.00,-258.29
42,35,0.29178,12.54,3.32,-72.23,-89.87,20.97,-264.83
42,36,0.30020,11.32,3.32,-74.55,-145.29,0.00,-276.09
42,37,0.30849,10.08,3.49,-76.96,-149.17,20.87,-290.61
42,38,0.31689,8.80,3.49,-79.70,-152.45,-0.00,-325.95
42,39,0.32516,7.52,3.73,-82.54,-154.61,29.63,-342.80
42,40,0.33351,6.27,3.90,-85.75,-150.64,19.81,-384.28
42,41,0.34192,5.00,4.07,-89.04,-151.00,20.18,-391.65
42,42,0.35023,3.68,4.25,-92.66,-158.17,22.31,-435.60
42,43,0.35847,2.41,4.44,-96.39,-153.70,22.98,-452.22
42,44,0.36696,1.34,4.65,-100.52,-126.62,24.24,-487.41
42,45,0.37520,0.53,4.87,-105.18,-98.52,27.41,-565.19
42,46,0.38365,0.77,5.18,-111.91,28.16,36.22,-796.39
42,47,0.39177,0.99,5.48,-118.45,27.82,36.71,-806.02
42,48,0.40028,1.17,5.74,-124.24,20.79,30.98,-679.93
42,49,0.40857,1.35,6.01,-130.03,21.36,31.85,-698.71
42,50,0.41692,1.52,6.27,-135.82,21.21,31.62,-693.60
42,51,0.42522,1.71,8.00,-141.62,22.06,208.45,-698.53
42,52,0.43367,1.91,16.63,-147.45,24.19,1021.35,-690.25
42,53,0.44196,2.12,25.20,-153.29,25.05,1033.85,-704.60
42,54,0.45033,2.34,33.50,-159.14,26.23,990.22,-697.63
42,55,0.45856,2.56,41.72,-164.98,27.09,1000.41,-710.58
42,56,0.46692,2.79,49.68,-170.82,27.74,951.87,-698.54
42,57,0.47516,3.03,57.56,-176.66,28.52,956.30,-708.15
42,58,0.48355,3.27,65.12,-182.48,29.09,901.01,-693.45
42,59,0.49179,3.52,72.58,-188.32,30.00,905.07,-708.89
42,60,0.50027,3.78,79.62,-194.24,30.94,830.14,-698.20
42,61,0.50847,4.06,86.52,-200.33,34.26,841.06,-742.64
42,62,0.51686,4.41,92.80,-207.06,41.45,749.33,-801.82
42,63,0.52518,4.77,98.83,-213.88,42.94,724.64,-820.18
42,64,0.53362,5.16,103.81,-221.07,47.02,590.10,-852.08
42,65,0.54185,5.56,108.35,-228.28,48.52,551.59,-875.19
42,66,0.55029,5.98,111.17,-235.58,49.19,333.40,-865.10
42,67,0.55858,6.39,113.70,-242.83,49.72,306.12,-875.14
42,68,0.56725,6.79,115.14,-249.89,46.48,165.28,-814.79
42,69,0.57532,7.19,116.41,-256.84,48.77,157.70,-860.49
42,70,0.58372,7.54,117.05,-263.31,42.47,75.77,-770.60
42,71,0.59203,7.89,117.57,-269.60,41.18,63.52,-757.72
42,72,0.60043,8.17,117.66,-275.15,33.39,10.70,-659.53
42,73,0.60873,8.43,117.67,-280.54,31.99,0.70,-649.63
42,74,0.61717,8.65,117.34,-285.33,25.68,-39.06,-567.45
42,75,0.62550,8.86,116.94,-290.08,25.64,-48.09,-569.96
42,76,0.63394,9.07,116.26,-294.67,24.23,-81.03,-544.67
42,77,0.64215,9.27,115.50,-299.27,24.91,-92.02,-559.48
42,78,0.65060,9.48,114.46,-303.85,24.19,-123.14,-541.88
43,0,0.00000,0.00,0.00,0.00,9.16,0.00,-121.61
43,1,0.00830,0.19,0.00,-1.07,23.16,0.00,-129.41
43,2,0.01678,0.77,0.21,-3.07,67.99,24.33,-234.89
43,3,0.02507,1.58,0.33,-5.09,98.34,14.76,-243.83
43,4,0.03348,2.81,0.48,-7.38,146.28,18.31,-272.23
43,5,0.04167,4.26,0.64,-9.50,176.16,19.34,-258.85
43,6,0.05025,5.85,0.80,-11.33,185.77,17.95,-213.17
43,7,0.05838,7.44,0.95,-13.09,195.50,18.62,-216.51
43,8,0.06679,8.87,1.08,-14.64,170.24,16.06,-184.75
43,9,0.07509,10.30,1.22,-16.19,172.43,16.26,-187.13
43,10,0.08359,11.73,1.35,-17.75,168.40,15.82,-182.76
43,11,0.09171,13.17,1.49,-19.30,176.32,16.65,-191.35
43,12,0.10016,14.60,1.62,-20.85,169.31,15.99,-183.75
43,13,0.10837,16.01,1.76,-22.42,171.75,16.34,-190.71
43,14,0.11688,17.34,1.89,-24.03,156.99,15.57,-189.61
43,15,0.12518,18.68,2.02,-25.65,161.40,16.02,-195.22
43,16,0.13348,20.02,2.15,-27.27,161.03,15.97,-194.49
43,17,0.14186,21.33,2.28,-28.89,156.28,15.71,-194.17
43,18,0.15034,22.53,2.41,-30.57,142.09,15.14,-197.84
43,19,0.15848,23.75,2.54,-32.27,150.09,15.98,-208.63
43,20,0.16685,24.96,2.67,-33.95,143.90,15.33,-200.36
43,21,0.17522,26.17,2.80,-35.63,144.16,15.38,-200.73
43,22,0.18364,27.37,2.93,-37.30,143.12,15.25,-199.28
43,23,0.19188,28.58,3.06,-38.98,146.30,15.57,-203.70
43,24,0.20024,29.78,3.19,-40.66,144.16,15.36,-200.73
43,25,0.20851,30.97,3.31,-42.35,143.17,15.46,-204.43
43,26,0.21689,32.08,3.44,-44.09,132.60,15.10,-208.01
43,27,0.22523,33.19,3.57,-45.84,133.09,15.10,-208.78
43,28,0.23360,34.30,3.69,-47.58,132.85,15.11,-208.39
43,29,0.24184,35.38,3.82,-49.35,131.48,15.27,-214.44
43,30,0.25024,36.36,3.94,-51.20,116.88,14.78,-220.69
43,31,0.25847,37.32,4.07,-53.09,116.51,15.09,-228.94
43,32,0.26691,38.18,4.19,-55.04,101.99,14.47,-232.19
43,33,0.27521,38.93,4.31,-57.06,90.07,14.31,-243.38
43,34,0.28362,39.29,4.41,-59.29,42.11,12.74,-264.61
43,35,0.29189,39.53,4.52,-61.60,29.89,12.73,-279.70
43,36,0.30028,39.41,4.52,-64.24,-14.18,0.00,-314.18
43,37,0.30856,39.32,4.72,-66.96,-11.05,24.63,-328.18
43,38,0.31696,39.33,4.85,-69.99,0.73,14.50,-360.73
43,39,0.32536,39.39,4.97,-73.11,6.90,15.23,-371.32
43,40,0.33372,39.61,5.12,-76.55,27.01,17.84,-411.31
43,41,0.34193,39.87,5.28,-80.08,31.23,18.80,-430.11
43,42,0.35039,40.22,5.45,-83.92,41.52,20.30,-454.15
43,43,0.35866,40.67,5.63,-87.84,54.61,21.79,-474.17
43,44,0.36708,41.46,5.84,-92.04,93.48,24.71,-498.55
43,45,0.37527,42.78,6.09,-96.66,161.27,30.82,-564.62
43,46,0.38383,45.86,6.49,-102.66,359.71,46.32,-699.82
43,47,0.39207,48.84,6.87,-108.46,361.48,46.57,-704.44
43,48,0.40041,51.46,7.21,-113.62,315.02,40.82,-619.78
43,49,0.40865,54.09,7.55,-118.79,318.52,41.29,-626.67
43,50,0.41711,56.71,7.89,-123.95,309.91,40.14,-609.73
43,51,0.42537,59.34,9.90,-129.12,319.04,244.06,-626.25
43,52,0.43373,62.01,18.54,-134.31,318.98,1032.54,-621.17
43,53,0.44205,64.69,27.09,-139.51,321.47,1028.72,-624.59
43,54,0.45035,67.40,35.48,-144.76,326.84,1009.91,-632.72
43,55,0.45856,70.09,43.69,-149.95,327.51,1000.49,-632.71
43,56,0.46692,72.78,51.65,-155.14,322.26,951.87,-620.07
43,57,0.47517,75.48,59.51,-160.32,326.43,952.43,-627.73
43,58,0.48367,78.17,67.07,-165.48,317.06,889.69,-607.54
43,59,0.49176,80.88,74.51,-170.67,335.09,919.36,-641.13
43,60,0.50014,83.64,81.55,-175.92,329.33,840.72,-626.59
43,61,0.50839,86.50,88.41,-181.34,346.40,830.86,-656.19
43,62,0.51682,89.68,94.70,-187.28,377.17,746.61,-705.43
43,63,0.52512,92.91,100.67,-193.32,389.71,719.10,-727.57
43,64,0.53354,96.33,105.65,-199.65,405.80,591.16,-752.17
43,65,0.54175,99.76,110.10,-206.01,418.22,542.15,-774.72
43,66,0.55020,103.24,112.91,-212.44,411.91,332.80,-760.65
43,67,0.55849,106.70,115.39,-218.82,416.94,298.86,-769.80
43,68,0.56691,110.07,116.82,-225.04,400.00,170.07,-738.41
43,69,0.57507,113.37,118.06,-231.13,404.11,151.69,-746.54
43,70,0.58359,116.45,118.69,-236.84,361.65,74.82,-670.61
43,71,0.59177,119.41,119.20,-242.36,362.69,61.56,-673.88
43,72,0.60027,122.02,119.29,-247.25,307.36,10.58,-576.30
43,73,0.60840,124.55,119.28,-251.99,309.94,-1.54,-582.74
43,74,0.61679,126.78,118.95,-256.23,266.18,-39.28,-505.09
43,75,0.62508,128.99,118.53,-260.43,266.67,-50.22,-506.81
43,76,0.63348,131.13,117.85,-264.50,254.45,-81.32,-484.21
43,77,0.64188,133.27,117.07,-268.57,254.91,-91.87,-484.73
43,78,0.65012,135.40,116.03,-272.63,259.26,-126.34,-492.59
44,0,0.00000,0.00,0.00,0.00,89.96,19.85,-78.14
44,1,0.00815,0.83,0.18,-0.71,101.50,22.42,-87.64
44,2,0.01666,2.40,0.53,-2.06,184.59,40.71,-158.42
44,3,0.02490,4.06,0.89,-3.48,201.11,44.22,-171.48
44,4,0.03329,6.05,1.33,-5.15,237.45,51.93,-198.91
44,5,0.04175,8.02,1.76,-6.78,233.21,50.77,-193.86
44,6,0.05002,9.92,2.04,-8.30,229.15,34.14,-183.03
44,7,0.05814,11.76,2.19,-9.77,227.82,18.91,-181.20
44,8,0.06656,13.43,2.19,-11.07,197.83,-0.00,-153.99
44,9,0.07471,15.10,2.19,-12.36,204.49,0.00,-159.18
44,10,0.08310,16.76,2.19,-13.66,198.55,0.00,-154.55
44,11,0.09152,18.43,2.19,-14.96,197.83,0.00,-153.99
44,12,0.09995,20.10,2.19,-16.25,197.83,0.00,-153.99
44,13,0.10828,21.75,2.30,-17.57,198.17,13.04,-157.51
44,14,0.11664,23.33,2.30,-18.94,189.42,0.00,-164.23
44,15,0.12491,24.91,2.30,-20.31,191.51,-0.00,-166.05
44,16,0.13339,26.50,2.30,-21.69,186.69,-0.00,-161.87
44,17,0.14169,28.06,2.30,-23.07,187.87,0.00,-167.28
44,18,0.15036,29.52,2.30,-24.53,169.01,-0.00,-167.96
44,19,0.15839,30.99,2.30,-25.99,182.51,0.00,-181.37
44,20,0.16650,32.45,2.42,-27.44,180.45,14.02,-179.32
44,21,0.17490,33.92,2.42,-28.90,174.55,0.00,-173.45
44,22,0.18304,35.38,2.42,-30.35,179.78,0.00,-178.65
44,23,0.19159,36.85,2.42,-31.81,171.79,-0.00,-170.71
44,24,0.19986,38.31,2.42,-33.27,177.12,0.00,-176.01
44,25,0.20810,39.76,2.42,-34.74,175.93,-0.00,-178.52
44,26,0.21646,41.15,2.52,-36.27,165.33,12.77,-183.58
44,27,0.22482,42.53,2.52,-37.81,165.33,-0.00,-183.58
44,28,0.23328,43.91,2.52,-39.34,163.54,0.00,-181.59
44,29,0.24161,45.27,2.52,-40.91,163.37,-0.00,-187.55
44,30,0.25034,46.55,2.52,-42.57,145.80,-0.00,-190.91
44,31,0.25818,47.80,2.63,-44.27,159.53,13.25,-215.95
44,32,0.26639,48.97,2.63,-46.06,142.75,0.00,-218.22
44,33,0.27478,50.05,2.63,-47.92,128.36,-0.00,-221.82
44,34,0.28320,50.76,2.63,-50.05,84.78,0.00,-253.26
44,35,0.29141,51.39,2.75,-52.28,77.32,14.87,-271.75
44,36,0.29974,51.71,2.75,-54.89,37.73,0.00,-313.19
44,37,0.30804,52.06,2.75,-57.58,42.65,-0.00,-323.53
44,38,0.31653,52.57,2.89,-60.56,59.35,16.63,-351.80
44,39,0.32480,53.13,2.89,-63.62,67.90,0.00,-369.74
44,40,0.33313,53.92,3.00,-66.97,94.87,12.81,-402.56
44,41,0.34167,54.75,3.00,-70.40,96.79,-0.00,-401.43
44,42,0.35049,55.73,3.11,-74.13,111.07,13.30,-422.84
44,43,0.35809,56.80,3.11,-77.92,141.77,-0.00,-498.39
44,44,0.36649,58.27,3.24,-81.93,175.27,14.84,-478.18
44,45,0.37479,60.26,3.24,-86.23,239.34,0.00,-517.28
44,46,0.38321,64.29,3.38,-91.63,477.90,16.38,-641.30
44,47,0.39148,68.19,3.38,-96.88,472.32,0.00,-635.06
44,48,0.39987,71.63,3.51,-101.54,409.82,15.96,-555.27
44,49,0.40829,75.07,3.76,-106.20,408.33,29.21,-553.26
44,50,0.41684,78.51,4.05,-110.86,402.50,34.45,-545.36
44,51,0.42505,81.96,5.80,-115.53,420.07,213.26,-568.40
44,52,0.43304,85.45,14.44,-120.21,436.26,1079.83,-585.50
44,53,0.44174,88.94,23.00,-124.89,401.40,984.79,-538.25
44,54,0.44989,92.44,31.30,-129.57,430.34,1018.04,-574.91
44,55,0.45813,95.95,39.52,-134.26,425.56,998.46,-568.15
44,56,0.46643,99.48,47.53,-138.95,425.37,964.00,-565.81
44,57,0.47498,102.99,55.40,-143.62,411.07,921.78,-546.07
44,58,0.48312,106.50,62.96,-148.27,430.71,928.01,-570.41
44,59,0.49164,110.03,70.42,-152.93,413.98,875.41,-547.67
44,60,0.49979,113.61,77.46,-157.65,440.07,864.34,-579.40
44,61,0.50833,117.31,84.35,-162.50,432.50,805.83,-567.50
44,62,0.51675,121.42,90.63,-167.84,488.41,746.61,-633.70
44,63,0.52505,125.60,96.65,-173.25,502.94,724.75,-651.84
44,64,0.53345,130.01,101.63,-178.93,526.18,593.31,-677.45
44,65,0.54166,134.45,106.16,-184.64,539.78,551.61,-694.80
44,66,0.55035,138.94,108.97,-190.41,516.49,323.46,-663.16
44,67,0.55826,143.40,111.50,-196.13,564.86,319.55,-724.71
44,68,0.56674,147.75,112.93,-201.72,512.59,168.84,-657.91
44,69,0.57489,152.02,114.20,-207.20,524.34,155.47,-673.03
44,70,0.58319,156.00,114.83,-212.32,479.41,76.74,-617.28
44,71,0.59201,159.86,115.36,-217.30,437.02,59.31,-564.01
44,72,0.60019,163.24,115.45,-221.70,413.81,11.00,-538.43
44,73,0.60843,166.53,115.45,-225.98,398.52,0.31,-519.26
44,74,0.61652,169.43,115.12,-229.79,358.87,-40.76,-471.70
44,75,0.62503,172.30,114.72,-233.58,337.63,-47.38,-444.44
44,76,0.63339,175.08,114.03,-237.24,332.48,-81.77,-438.32
44,77,0.64178,177.86,113.27,-240.91,331.27,-90.34,-436.36
44,78,0.65002,180.64,112.23,-244.56,336.67,-126.34,-443.33
45,0,0.00000,0.00,0.00,0.00,24.10,0.00,-117.27
45,1,0.00839,0.14,0.11,-1.08,16.73,13.65,-129.09
45,2,0.01672,0.42,0.24,-3.14,32.97,14.96,-246.52
45,3,0.02512,0.71,0.37,-5.29,34.91,15.52,-257.09
45,4,0.03326,1.08,0.52,-7.87,45.69,18.68,-315.73
45,5,0.04163,1.46,0.67,-10.40,45.62,17.38,-303.28
45,6,0.04977,1.87,0.80,-12.80,49.81,15.79,-293.63
45,7,0.05835,2.27,0.92,-15.12,46.62,14.59,-271.53
45,8,0.06671,2.65,1.03,-17.20,45.26,12.71,-248.54
45,9,0.07520,3.02,1.13,-19.28,44.60,12.52,-244.96
45,10,0.08362,3.40,1.24,-21.36,44.93,12.61,-246.74
45,11,0.09155,3.78,1.35,-23.44,47.69,13.39,-261.92
45,12,0.09998,4.16,1.45,-25.52,44.93,12.76,-246.74
45,13,0.10825,4.52,1.56,-27.59,43.17,13.33,-251.29
45,14,0.11664,4.79,1.69,-29.67,32.00,15.29,-247.64
45,15,0.12518,5.05,1.82,-31.75,31.43,15.16,-243.21
45,16,0.13330,5.32,1.95,-33.83,33.08,15.74,-256.02
45,17,0.14157,5.56,2.10,-35.90,28.78,18.21,-250.92
45,18,0.15009,5.68,2.25,-37.97,14.34,18.14,-242.29
45,19,0.15860,5.80,2.41,-40.03,14.34,17.71,-242.29
45,20,0.16656,5.93,2.56,-42.09,15.33,19.08,-259.00
45,21,0.17505,6.05,2.71,-44.16,14.39,17.98,-243.17
45,22,0.18338,6.17,2.85,-46.22,14.65,17.26,-247.62
45,23,0.19165,6.29,2.98,-48.28,14.76,15.91,-249.45
45,24,0.19992,6.41,3.11,-50.34,14.76,14.63,-249.45
45,25,0.20834,6.52,3.22,-52.41,11.96,13.34,-244.93
45,26,0.21664,6.52,3.33,-54.47,1.10,13.44,-248.90
45,27,0.22507,6.53,3.33,-56.54,1.09,0.00,-245.29
45,28,0.23340,6.54,3.51,-58.61,1.10,21.58,-247.99
45,29,0.24155,6.52,3.51,-60.68,-3.00,0.00,-254.31
45,30,0.24982,6.36,3.67,-62.77,-19.56,19.90,-252.77
45,31,0.25818,6.16,3.80,-64.87,-22.99,14.97,-250.73
45,32,0.26697,5.84,3.80,-66.98,-36.46,-0.00,-240.62
45,33,0.27505,5.41,3.80,-69.09,-53.58,-0.00,-260.38
45,34,0.28326,4.52,3.93,-71.15,-108.18,15.50,-252.04
45,35,0.29144,3.51,3.93,-73.24,-123.51,0.00,-255.22
45,36,0.30005,2.01,3.93,-75.40,-174.82,-0.00,-250.71
45,37,0.30820,0.48,3.93,-77.64,-187.27,-0.00,-274.53
45,38,0.31656,-1.13,4.06,-80.20,-192.70,15.88,-306.20
45,39,0.32501,-2.75,4.06,-82.85,-191.34,0.00,-314.08
45,40,0.33328,-4.39,4.06,-85.88,-198.89,-0.00,-366.05
45,41,0.34158,-6.06,4.20,-88.99,-200.74,16.57,-374.63
45,42,0.35004,-7.81,4.20,-92.42,-207.58,0.00,-406.14
45,43,0.35815,-9.53,4.31,-95.96,-211.65,14.25,-436.09
45,44,0.36670,-11.11,4.31,-99.94,-184.64,0.00,-465.00
45,45,0.37497,-12.49,4.47,-104.46,-166.79,19.34,-546.49
45,46,0.38333,-13.08,4.62,-111.17,-71.17,18.21,-802.55
45,47,0.39148,-13.67,4.77,-117.69,-71.91,18.17,-800.37
45,48,0.39978,-14.21,4.90,-123.46,-65.07,15.73,-694.85
45,49,0.40836,-14.75,5.03,-129.22,-62.99,15.22,-672.60
45,50,0.41684,-15.29,5.16,-134.99,-63.67,15.39,-679.86
45,51,0.42502,-15.82,6.89,-140.77,-65.30,211.56,-706.34
45,52,0.43307,-16.34,15.53,-146.59,-64.39,1071.65,-721.97
45,53,0.44150,-16.86,24.09,-152.40,-61.23,1017.00,-690.58
45,54,0.44980,-17.36,32.39,-158.23,-60.66,999.32,-702.21
45,55,0.45810,-17.86,40.62,-164.06,-60.66,992.06,-702.57
45,56,0.46658,-18.36,48.58,-169.89,-57.91,938.18,-686.33
45,57,0.47498,-18.84,56.46,-175.70,-58.18,938.87,-693.45
45,58,0.48312,-19.32,64.02,-181.51,-58.80,928.01,-712.36
45,59,0.49149,-19.80,71.48,-187.34,-56.93,891.81,-696.72
45,60,0.49979,-20.27,78.52,-193.25,-56.62,848.45,-712.13
45,61,0.50812,-20.75,85.44,-199.35,-57.14,830.28,-732.23
45,62,0.51654,-21.23,91.73,-206.07,-57.97,746.61,-797.83
45,63,0.52487,-21.73,97.75,-212.88,-58.97,722.51,-817.95
45,64,0.53336,-22.22,102.73,-220.07,-58.27,586.91,-846.76
45,65,0.54163,-22.72,107.28,-227.30,-60.15,549.72,-875.28
45,66,0.54993,-23.21,110.09,-234.60,-59.19,338.91,-878.68
45,67,0.55835,-23.70,112.61,-241.84,-57.97,299.58,-860.14
45,68,0.56674,-24.17,114.04,-248.90,-56.36,170.68,-841.09
45,69,0.57492,-24.64,115.31,-255.84,-57.09,154.72,-848.13
45,70,0.58350,-25.08,115.95,-262.31,-51.96,74.28,-754.80
45,71,0.59158,-25.52,116.47,-268.59,-54.34,64.56,-776.23
45,72,0.59995,-25.93,116.56,-274.12,-48.91,10.76,-662.04
45,73,0.60818,-26.33,116.56,-279.50,-48.89,0.22,-652.59
45,74,0.61661,-26.71,116.23,-284.28,-44.93,-39.13,-567.03
45,75,0.62500,-27.09,115.83,-289.01,-44.73,-48.14,-564.36
45,76,0.63367,-27.45,115.14,-293.60,-42.25,-78.89,-529.23
45,77,0.64169,-27.82,114.38,-298.18,-45.63,-94.54,-571.10
45,78,0.64990,-28.18,113.34,-302.76,-44.24,-126.80,-556.88
46,0,0.00000,0.00,0.00,0.00,15.02,19.95,-120.88
46,1,0.00830,0.03,0.19,-1.09,3.68,22.37,-131.62
46,2,0.01660,-0.11,0.55,-3.16,-17.28,43.55,-249.26
46,3,0.02521,-0.47,0.93,-5.31,-41.84,44.74,-249.65
46,4,0.03342,-1.14,1.39,-7.82,-80.67,56.34,-306.32
46,5,0.04169,-2.02,1.85,-10.23,-107.01,54.93,-290.77
46,6,0.04993,-3.04,2.27,-12.43,-123.70,51.71,-267.04
46,7,0.05832,-4.24,2.68,-14.47,-142.55,48.41,-242.91
46,8,0.06656,-5.45,3.04,-16.20,-147.04,43.01,-210.00
46,9,0.07483,-6.66,3.39,-17.93,-146.49,42.86,-209.23
46,10,0.08328,-7.87,3.74,-19.66,-143.32,41.93,-204.69
46,11,0.09161,-9.08,4.10,-21.39,-145.42,42.54,-207.69
46,12,0.09988,-10.29,4.45,-23.12,-146.49,42.86,-209.23
46,13,0.10834,-11.52,4.86,-24.84,-145.13,47.84,-202.89
46,14,0.11652,-12.81,5.14,-26.49,-157.84,34.65,-201.87
46,15,0.12494,-14.10,5.47,-28.14,-153.26,39.26,-196.01
46,16,0.13333,-15.39,5.77,-29.79,-153.82,35.79,-196.73
46,17,0.14175,-16.70,5.96,-31.42,-155.43,22.54,-193.48
46,18,0.14999,-18.08,6.06,-32.95,-167.41,12.17,-186.30
46,19,0.15839,-19.46,6.06,-34.49,-164.36,-0.00,-182.91
46,20,0.16672,-20.84,6.06,-36.02,-165.57,-0.00,-184.25
46,21,0.17493,-22.22,6.21,-37.56,-168.03,18.40,-186.99
46,22,0.18314,-23.60,6.21,-39.09,-168.03,-0.00,-186.99
46,23,0.19165,-24.98,6.32,-40.63,-162.01,12.09,-180.29
46,24,0.20029,-26.36,6.32,-42.16,-159.72,-0.00,-177.74
46,25,0.20822,-27.76,6.42,-43.68,-176.15,12.91,-191.54
46,26,0.21664,-29.22,6.42,-45.14,-173.91,0.00,-173.19
46,27,0.22501,-30.69,6.42,-46.60,-175.18,-0.00,-174.45
46,28,0.23328,-32.15,6.56,-48.06,-177.12,17.31,-176.38
46,29,0.24179,-33.64,6.56,-49.50,-175.27,0.00,-168.82
46,30,0.25003,-35.24,6.56,-50.85,-194.44,0.00,-164.44
46,31,0.25827,-36.87,6.69,-52.19,-197.41,15.91,-162.22
46,32,0.26657,-38.60,6.69,-53.45,-208.46,-0.00,-151.84
46,33,0.27496,-40.41,6.69,-54.62,-214.91,0.00,-139.64
46,34,0.28314,-42.50,6.69,-55.44,-256.34,0.00,-100.37
46,35,0.29144,-44.70,6.80,-56.19,-264.34,12.42,-90.07
46,36,0.29999,-47.29,6.80,-56.63,-303.21,0.00,-52.14
46,37,0.30826,-49.95,6.80,-57.12,-322.14,-0.00,-59.04
46,38,0.31668,-52.91,6.80,-57.78,-350.72,-0.00,-77.54
46,39,0.32495,-55.93,6.80,-58.49,-366.05,0.00,-86.35
46,40,0.33319,-59.24,6.80,-59.45,-401.85,0.00,-116.30
46,41,0.34180,-62.63,6.80,-60.45,-393.26,0.00,-116.31
46,42,0.35001,-66.30,6.80,-61.61,-447.58,0.00,-142.01
46,43,0.35828,-70.03,6.80,-62.88,-450.55,0.00,-153.14
46,44,0.36679,-73.96,6.92,-64.55,-462.01,14.10,-196.06
46,45,0.37488,-78.15,6.92,-66.75,-517.74,0.00,-271.70
46,46,0.38312,-83.34,7.11,-71.04,-630.00,23.24,-520.74
46,47,0.39166,-88.39,7.24,-75.20,-590.71,15.24,-487.50
46,48,0.39987,-92.91,7.35,-78.91,-551.30,14.08,-451.67
46,49,0.40836,-97.39,7.47,-82.58,-528.06,13.47,-432.37
46,50,0.41660,-101.87,7.58,-86.25,-543.70,13.88,-445.19
46,51,0.42484,-106.36,9.41,-89.93,-544.44,221.41,-446.67
46,52,0.43314,-110.86,18.04,-93.65,-542.28,1040.13,-447.79
46,53,0.44171,-115.36,26.60,-97.37,-524.91,998.47,-434.16
46,54,0.44998,-119.86,34.90,-101.10,-544.28,1003.01,-451.66
46,55,0.45816,-124.36,43.12,-104.84,-550.00,1005.56,-457.09
46,56,0.46646,-128.85,51.08,-108.59,-540.81,958.87,-451.10
46,57,0.47495,-133.33,58.96,-112.33,-528.42,928.27,-441.01
46,58,0.48318,-137.80,66.52,-116.07,-541.85,917.69,-453.70
46,59,0.49146,-142.28,73.97,-119.82,-541.70,901.05,-454.24
46,60,0.49979,-146.81,81.01,-123.64,-544.32,845.34,-458.24
46,61,0.50824,-151.47,87.90,-127.58,-551.26,814.28,-465.70
46,62,0.51663,-156.60,94.18,-131.95,-610.55,749.33,-521.45
46,63,0.52478,-161.79,100.20,-136.40,-637.45,737.81,-545.32
46,64,0.53320,-167.25,105.18,-141.09,-647.83,591.17,-557.61
46,65,0.54160,-172.72,109.70,-145.81,-652.36,538.75,-561.45
46,66,0.54996,-178.26,112.51,-150.59,-661.68,336.44,-571.53
46,67,0.55829,-183.77,115.04,-155.35,-662.27,303.37,-572.16
46,68,0.56668,-189.13,116.47,-159.98,-638.18,170.68,-550.91
46,69,0.57504,-194.39,117.73,-164.51,-629.20,150.78,-542.70
46,70,0.58328,-199.31,118.37,-168.74,-597.04,77.31,-513.33
46,71,0.59149,-204.08,118.89,-172.84,-581.04,63.22,-498.88
46,72,0.60001,-208.31,118.98,-176.44,-496.42,10.56,-422.94
46,73,0.60843,-212.41,118.98,-179.93,-487.32,-0.07,-414.49
46,74,0.61667,-216.08,118.65,-183.02,-444.81,-40.00,-374.81
46,75,0.62506,-219.71,118.24,-186.08,-432.73,-48.38,-364.73
46,76,0.63339,-223.23,117.56,-189.04,-422.34,-82.07,-355.68
46,77,0.64154,-226.74,116.80,-192.00,-431.46,-93.37,-363.30
46,78,0.64996,-230.25,115.76,-194.96,-416.30,-123.59,-350.72
47,0,0.00000,0.00,0.00,0.00,117.45,0.00,-29.82
47,1,0.00830,1.03,0.00,-0.37,123.53,0.00,-44.85
47,2,0.01630,2.89,0.00,-1.26,233.21,0.11,-110.69
47,3,0.02457,4.74,0.00,-2.37,223.99,0.18,-134.32
47,4,0.03317,6.81,0.00,-3.88,240.78,0.28,-176.24
47,5,0.04144,8.73,0.00,-5.59,231.73,-0.00,-206.27
47,6,0.04962,10.41,0.00,-7.35,204.85,0.00,-214.55
47,7,0.05801,11.87,0.00,-9.20,173.82,-0.00,-221.45
47,8,0.06619,13.02,0.00,-10.97,140.67,0.00,-216.42
47,9,0.07471,13.98,0.00,-12.85,113.62,0.00,-220.43
47,10,0.08301,14.76,0.00,-14.82,93.38,0.00,-236.76
47,11,0.09155,15.33,0.00,-16.85,67.14,0.00,-237.86
47,12,0.09998,15.70,0.00,-18.93,43.84,-0.00,-246.74
47,13,0.10818,15.84,0.00,-21.03,16.73,0.00,-256.13
47,14,0.11655,15.68,0.00,-23.12,-19.34,0.00,-250.00
47,15,0.12485,15.30,0.00,-25.22,-45.96,0.00,-253.31
47,16,0.13321,14.79,0.00,-27.26,-59.85,0.00,-243.43
47,17,0.14163,14.26,0.00,-29.28,-63.04,0.00,-239.86
47,18,0.14981,13.63,0.00,-31.24,-77.24,0.00,-240.30
47,19,0.15823,13.00,0.00,-33.21,-75.00,0.00,-233.33
47,20,0.16647,12.37,0.00,-35.17,-76.67,0.00,-238.52
47,21,0.17493,11.74,0.00,-37.14,-74.73,0.00,-232.49
47,22,0.18329,11.11,0.00,-39.11,-75.55,0.00,-235.04
47,23,0.19153,10.47,0.00,-41.07,-76.67,-0.00,-238.52
47,24,0.20047,9.84,0.11,-43.04,-70.65,11.76,-219.80
47,25,0.20853,9.19,0.11,-45.00,-81.06,-0.00,-243.18
47,26,0.21692,8.45,0.11,-46.93,-88.00,0.00,-230.18
47,27,0.22491,7.71,0.11,-48.86,-92.37,0.00,-241.60
47,28,0.23340,6.97,0.11,-50.79,-87.05,0.00,-227.70
47,29,0.24194,6.20,0.11,-52.71,-90.71,0.00,-225.00
47,30,0.24982,5.29,0.11,-54.61,-115.12,-0.00,-240.31
47,31,0.25812,4.35,0.11,-56.49,-113.24,0.00,-227.21
47,32,0.26654,3.29,0.11,-58.35,-126.09,0.00,-220.65
47,33,0.27496,2.11,0.11,-60.15,-139.49,-0.00,-214.13
47,34,0.28339,0.54,0.11,-61.76,-186.96,0.00,-190.94
47,35,0.29150,-1.17,0.11,-63.34,-210.53,0.00,-194.36
47,36,0.29971,-3.35,0.11,-64.81,-265.80,0.00,-178.81
47,37,0.30823,-5.58,0.11,-66.35,-262.37,-0.00,-181.00
47,38,0.31708,-8.01,0.11,-68.15,-274.48,0.00,-204.14
47,39,0.32510,-10.55,0.11,-70.11,-316.35,-0.00,-243.73
47,40,0.33380,-13.18,0.21,-72.34,-302.11,11.51,-256.14
47,41,0.34204,-15.87,0.21,-74.65,-326.30,0.00,-280.74
47,42,0.35010,-18.74,0.21,-77.22,-356.82,0.00,-318.94
47,43,0.35843,-21.63,0.21,-79.93,-346.15,-0.00,-324.91
47,44,0.36710,-24.53,0.21,-83.06,-335.21,-0.00,-361.62
47,45,0.37524,-27.46,0.21,-86.91,-358.80,-0.00,-472.28
47,46,0.38376,-30.44,0.21,-92.95,-349.82,0.00,-709.68
47,47,0.39203,-33.32,0.21,-98.79,-348.71,-0.00,-705.17
47,48,0.39987,-35.90,0.32,-103.97,-329.57,13.55,-660.70
47,49,0.40829,-38.49,0.32,-109.15,-306.88,-0.00,-615.22
47,50,0.41684,-41.07,0.32,-114.33,-302.50,-0.00,-606.43
47,51,0.42511,-43.66,2.44,-119.53,-312.55,256.31,-628.04
47,52,0.43335,-46.24,11.07,-124.76,-313.70,1047.83,-635.56
47,53,0.44183,-48.88,19.78,-130.11,-310.43,1027.09,-629.86
47,54,0.45016,-51.45,28.08,-135.36,-309.16,995.66,-630.40
47,55,0.45856,-54.03,36.28,-140.61,-306.55,977.81,-625.82
47,56,0.46671,-56.59,44.24,-145.86,-314.61,976.83,-644.57
47,57,0.47519,-59.15,52.10,-151.11,-301.44,925.74,-618.71
47,58,0.48349,-61.69,59.66,-156.35,-306.62,910.95,-631.25
47,59,0.49200,-64.24,67.08,-161.62,-299.64,871.93,-618.64
47,60,0.50027,-66.82,74.13,-166.96,-311.44,851.58,-645.76
47,61,0.50851,-69.47,80.97,-172.50,-322.22,830.46,-672.22
47,62,0.51685,-72.36,87.26,-178.59,-346.15,754.81,-731.14
47,63,0.52512,-75.29,93.20,-184.79,-354.24,718.39,-750.18
47,64,0.53342,-78.34,98.18,-191.31,-368.01,599.86,-785.29
47,65,0.54172,-81.41,102.58,-197.86,-369.49,530.64,-788.60
47,66,0.54999,-84.50,105.40,-204.48,-373.80,340.17,-801.11
47,67,0.55847,-87.57,107.84,-211.05,-361.51,288.42,-774.10
47,68,0.56699,-90.56,109.28,-217.46,-351.25,168.24,-753.05
47,69,0.57526,-93.49,110.50,-223.73,-354.24,147.69,-757.93
47,70,0.58392,-96.24,111.13,-229.61,-317.96,73.50,-677.82
47,71,0.59210,-98.90,111.63,-235.25,-324.63,60.14,-690.30
47,72,0.60043,-101.28,111.72,-240.27,-285.71,10.79,-602.20
47,73,0.60895,-103.58,111.69,-245.10,-270.25,-2.51,-567.38
47,74,0.61731,-105.66,111.37,-249.42,-248.54,-39.42,-516.42
47,75,0.62537,-107.71,110.94,-253.69,-255.30,-52.58,-530.30
47,76,0.63388,-109.71,110.26,-257.83,-234.77,-80.30,-486.74
47,77,0.64172,-111.71,109.48,-261.98,-254.47,-99.27,-528.02
47,78,0.65009,-113.70,108.44,-266.11,-237.96,-124.49,-494.16
48,0,0.00000,0.00,0.00,0.00,-74.73,32.45,-91.81
48,1,0.00812,-0.60,0.29,-0.91,-73.68,35.55,-112.41
48,2,0.01639,-1.55,0.82,-2.76,-115.13,63.86,-222.88
48,3,0.02478,-2.35,1.34,-4.78,-94.91,62.17,-241.45
48,4,0.03284,-3.03,1.92,-7.29,-84.47,72.00,-311.36
48,5,0.04153,-3.69,2.49,-9.77,-76.14,65.71,-284.91
48,6,0.04968,-4.27,3.02,-12.12,-71.16,65.09,-289.14
48,7,0.05817,-4.83,3.54,-14.42,-65.83,60.76,-270.50
48,8,0.06635,-5.31,3.99,-16.48,-58.58,55.97,-251.49
48,9,0.07452,-5.79,4.45,-18.53,-58.58,55.94,-251.49
48,10,0.08304,-6.27,4.91,-20.59,-56.27,53.84,-241.58
48,11,0.09125,-6.74,5.37,-22.65,-58.36,55.62,-250.56
48,12,0.10001,-7.22,5.82,-24.70,-54.70,52.36,-234.84
48,13,0.10822,-7.72,6.29,-26.75,-60.97,56.08,-249.44
48,14,0.11639,-8.31,6.76,-28.77,-71.27,57.89,-246.27
48,15,0.12476,-8.89,7.23,-30.78,-69.71,56.62,-240.88
48,16,0.13309,-9.47,7.71,-32.79,-69.96,56.83,-241.76
48,17,0.14157,-10.08,8.18,-34.79,-71.58,56.12,-235.61
48,18,0.14960,-10.79,8.67,-36.73,-88.21,60.89,-241.83
48,19,0.15808,-11.50,9.16,-38.67,-83.45,57.76,-228.78
48,20,0.16669,-12.20,9.65,-40.62,-82.27,56.79,-225.53
48,21,0.17465,-12.91,10.14,-42.56,-88.89,61.52,-243.68
48,22,0.18292,-13.62,10.63,-44.50,-85.61,59.10,-234.69
48,23,0.19116,-14.33,11.15,-46.44,-85.93,63.79,-235.56
48,24,0.19977,-15.04,11.59,-48.38,-82.27,50.57,-225.53
48,25,0.20795,-15.77,11.97,-50.31,-89.18,47.00,-236.19
48,26,0.21625,-16.58,12.30,-52.21,-98.16,38.82,-229.04
48,27,0.22473,-17.40,12.54,-54.11,-96.04,29.28,-224.10
48,28,0.23282,-18.21,12.72,-56.02,-100.75,21.92,-235.09
48,29,0.24127,-19.06,12.83,-57.91,-100.36,12.71,-223.83
48,30,0.24966,-20.04,12.83,-59.76,-116.73,0.00,-221.09
48,31,0.25797,-21.05,12.83,-61.61,-122.06,0.00,-222.43
48,32,0.26624,-22.19,12.83,-63.42,-137.27,0.00,-219.19
48,33,0.27463,-23.42,12.83,-65.18,-147.27,0.00,-209.82
48,34,0.28284,-25.06,12.83,-66.73,-199.63,0.00,-188.10
48,35,0.29144,-26.82,12.83,-68.24,-204.26,-0.00,-175.53
48,36,0.29990,-29.06,12.83,-69.62,-264.62,0.00,-163.18
48,37,0.30823,-31.34,12.83,-71.06,-274.73,0.00,-173.63
48,38,0.31638,-33.84,12.83,-72.77,-306.74,0.00,-209.74
48,39,0.32468,-36.39,12.83,-74.56,-306.25,0.00,-215.81
48,40,0.33307,-39.08,12.83,-76.67,-321.45,0.17,-251.27
48,41,0.34103,-41.85,12.83,-78.86,-347.51,0.00,-274.71
48,42,0.34940,-44.83,12.83,-81.31,-355.84,0.00,-293.07
48,43,0.35794,-47.81,12.83,-83.87,-349.64,0.00,-300.00
48,44,0.36624,-50.84,12.83,-86.89,-364.71,0.00,-363.24
48,45,0.37460,-53.91,12.83,-90.49,-366.79,0.00,-430.29
48,46,0.38281,-57.13,12.83,-96.41,-392.19,0.00,-720.82
48,47,0.39111,-60.26,12.83,-102.15,-377.21,-0.00,-692.65
48,48,0.39944,-63.05,12.83,-107.23,-335.16,-0.00,-609.16
48,49,0.40768,-65.84,12.83,-112.30,-338.89,0.00,-615.93
48,50,0.41599,-68.64,12.83,-117.38,-336.40,0.00,-611.40
48,51,0.42441,-71.43,14.56,-122.46,-331.52,205.73,-603.62
48,52,0.43268,-74.22,23.20,-127.59,-337.64,1043.97,-619.93
48,53,0.44113,-77.01,31.76,-132.72,-329.96,1013.31,-606.86
48,54,0.44940,-79.79,40.06,-137.87,-336.53,1003.01,-622.14
48,55,0.45801,-82.57,48.29,-143.01,-323.05,956.05,-597.87
48,56,0.46609,-85.35,56.25,-148.16,-342.64,984.20,-636.23
48,57,0.47433,-88.11,64.12,-153.30,-335.56,956.28,-624.44
48,58,0.48276,-90.86,71.69,-158.44,-326.45,897.74,-609.42
48,59,0.49133,-93.62,79.14,-163.59,-321.71,869.63,-601.07
48,60,0.49951,-96.41,86.19,-168.82,-340.67,861.11,-639.93
48,61,0.50851,-99.26,93.08,-174.20,-316.95,765.48,-597.63
48,62,0.51614,-102.38,99.37,-180.17,-409.60,824.26,-782.40
48,63,0.52484,-105.55,105.39,-186.23,-363.51,692.81,-696.14
48,64,0.53296,-108.86,110.37,-192.62,-408.27,613.39,-787.22
48,65,0.54105,-112.18,114.92,-199.03,-410.94,561.92,-792.83
48,66,0.54956,-115.54,117.73,-205.53,-393.91,330.41,-763.08
48,67,0.55786,-118.87,120.26,-211.98,-401.47,305.51,-777.57
48,68,0.56610,-122.12,121.70,-218.27,-394.07,173.85,-762.96
48,69,0.57449,-125.31,122.97,-224.45,-380.73,151.65,-736.36
48,70,0.58261,-128.30,123.61,-230.21,-368.05,78.47,-709.40
48,71,0.59109,-131.20,124.13,-235.80,-342.45,62.13,-658.99
48,72,0.59927,-133.78,124.22,-240.71,-315.30,11.00,-601.12
48,73,0.60779,-136.30,124.23,-245.49,-295.34,0.67,-561.29
48,74,0.61627,-138.55,123.90,-249.73,-265.11,-38.85,-498.92
48,75,0.62454,-140.78,123.50,-253.92,-269.74,-48.46,-507.38
48,76,0.63306,-142.94,122.82,-257.98,-254.12,-80.30,-477.06
48,77,0.64111,-145.10,122.06,-262.04,-268.18,-93.77,-503.79
48,78,0.64951,-147.26,121.02,-266.09,-256.73,-124.04,-482.55
49,0,0.00000,0.00,0.00,0.00,0.00,0.00,-116.84
49,1,0.00781,0.00,0.00,-1.09,0.39,0.00,-139.84
49,2,0.01630,0.02,0.00,-3.16,1.44,0.00,-244.24
49,3,0.02451,0.03,0.00,-5.34,2.23,0.00,-265.43
49,4,0.03293,0.08,0.00,-7.94,5.43,0.00,-308.33
49,5,0.04144,0.13,0.00,-10.50,6.45,0.00,-301.08
49,6,0.04953,0.23,0.00,-12.93,12.45,0.00,-299.62
49,7,0.05771,0.34,0.00,-15.29,12.69,0.00,-288.81
49,8,0.06616,0.45,0.00,-17.40,13.36,0.00,-249.46
49,9,0.07458,0.56,0.00,-19.51,13.41,0.00,-250.36
49,10,0.08307,0.68,0.00,-21.66,13.67,0.00,-253.96
49,11,0.09167,0.79,0.00,-23.77,13.12,0.00,-245.04
49,12,0.09961,0.91,0.00,-25.88,14.23,0.00,-265.77
49,13,0.10825,0.99,0.00,-27.98,10.25,0.00,-243.82
49,14,0.11691,1.00,0.00,-30.08,0.35,0.00,-241.90
49,15,0.12473,1.00,0.00,-32.18,0.39,0.00,-268.36
49,16,0.13321,1.00,0.00,-34.27,0.36,0.00,-247.12
49,17,0.14178,0.97,0.00,-36.36,-3.56,0.00,-243.42
49,18,0.14984,0.83,0.00,-38.42,-17.42,0.00,-255.68
49,19,0.15811,0.69,0.00,-40.48,-16.97,0.00,-249.08
49,20,0.16663,0.55,0.00,-42.54,-16.49,0.00,-241.94
49,21,0.17474,0.41,0.00,-44.60,-17.29,0.00,-253.76
49,22,0.18323,0.27,0.00,-46.66,-16.55,0.00,-242.81
49,23,0.19159,0.13,0.00,-48.72,-16.79,0.00,-246.35
49,24,0.20013,-0.01,0.00,-50.78,-16.43,0.00,-241.07
49,25,0.20844,-0.17,0.00,-52.84,-19.85,0.00,-248.16
49,26,0.21625,-0.43,0.00,-54.89,-32.42,0.00,-262.50
49,27,0.22476,-0.68,0.00,-56.94,-29.75,0.00,-240.86
49,28,0.23334,-0.93,0.00,-58.99,-29.54,0.00,-239.15
49,29,0.24155,-1.22,0.00,-61.05,-35.32,0.00,-250.19
49,30,0.24997,-1.65,0.00,-63.10,-50.36,0.00,-243.84
49,31,0.25797,-2.11,0.00,-65.16,-57.63,0.00,-257.25
49,32,0.26651,-2.69,0.00,-67.22,-68.57,0.00,-241.07
49,33,0.27463,-3.41,0.00,-69.25,-87.59,0.00,-250.38
49,34,0.28308,-4.55,0.00,-71.19,-135.38,0.00,-229.60
49,35,0.29135,-5.83,0.00,-73.13,-154.98,0.00,-234.69
49,36,0.29968,-7.60,0.00,-75.08,-211.72,0.00,-234.07
49,37,0.30844,-9.40,0.00,-77.12,-205.57,0.00,-232.40
49,38,0.31653,-11.32,0.00,-79.46,-237.74,0.00,-289.06
49,39,0.32483,-13.26,0.00,-81.89,-234.19,0.00,-293.75
49,40,0.33307,-15.28,0.00,-84.69,-244.44,0.00,-339.26
49,41,0.34146,-17.33,0.00,-87.57,-244.36,0.00,-343.64
49,42,0.35013,-19.50,0.00,-90.76,-250.70,0.00,-367.25
49,43,0.35809,-21.66,0.00,-94.09,-271.26,0.00,-418.01
49,44,0.36627,-23.73,0.00,-97.83,-252.61,0.00,-457.46
49,45,0.37482,-25.65,0.00,-102.22,-225.00,0.00,-513.93
49,46,0.38300,-27.09,0.00,-108.80,-176.12,0.00,-804.48
49,47,0.39145,-28.49,0.00,-115.17,-165.70,0.00,-753.43
49,48,0.39975,-29.75,0.00,-120.82,-152.21,0.00,-680.88
49,49,0.40817,-31.02,0.00,-126.47,-150.00,0.00,-671.01
49,50,0.41647,-32.28,0.00,-132.12,-152.21,0.00,-680.88
49,51,0.42487,-33.54,1.98,-137.79,-150.18,235.80,-674.91
49,52,0.43323,-34.79,10.61,-143.49,-149.64,1032.54,-682.12
49,53,0.44150,-36.04,19.17,-149.20,-150.92,1034.58,-690.04
49,54,0.44995,-37.28,27.46,-154.91,-146.57,981.28,-676.17
49,55,0.45816,-38.52,35.68,-160.63,-150.56,1001.09,-696.28
49,56,0.46640,-39.74,43.64,-166.35,-148.52,965.97,-693.70
49,57,0.47485,-40.96,51.51,-172.06,-144.40,930.77,-675.45
49,58,0.48322,-42.17,59.07,-177.75,-144.53,904.30,-681.39
49,59,0.49152,-43.38,66.51,-183.47,-145.96,896.62,-689.34
49,60,0.49976,-44.60,73.56,-189.28,-147.41,854.74,-704.44
49,61,0.50824,-45.84,80.43,-195.27,-146.40,809.76,-705.76
49,62,0.51651,-47.17,86.72,-201.87,-161.25,760.39,-798.52
49,63,0.52469,-48.52,92.70,-208.58,-164.93,732.19,-820.52
49,64,0.53296,-49.92,97.68,-215.64,-169.37,602.07,-853.87
49,65,0.54172,-51.32,102.17,-222.73,-159.93,511.80,-809.41
49,66,0.54996,-52.73,104.98,-229.91,-171.11,341.42,-870.74
49,67,0.55801,-54.13,107.48,-237.03,-173.48,309.88,-883.71
49,68,0.56628,-55.49,108.91,-243.97,-164.94,173.20,-839.48
49,69,0.57455,-56.83,110.16,-250.78,-161.99,151.15,-823.25
49,70,0.58310,-58.10,110.80,-257.14,-147.86,74.55,-744.64
49,71,0.59164,-59.32,111.31,-263.29,-143.57,59.86,-720.00
49,72,0.59958,-60.43,111.40,-268.73,-139.23,11.33,-685.77
49,73,0.60803,-61.51,111.39,-274.01,-127.44,-0.75,-623.47
49,74,0.61667,-62.48,111.06,-278.70,-113.43,-38.17,-543.11
49,75,0.62454,-63.46,110.65,-283.34,-123.26,-52.18,-590.31
49,76,0.63309,-64.40,109.97,-287.84,-110.36,-80.02,-526.79
49,77,0.64148,-65.34,109.20,-292.34,-112.36,-91.24,-536.00
49,78,0.64981,-66.28,108.16,-296.83,-112.45,-124.95,-538.83
50,0,0.00000,0.00,0.00,0.00,13.03,0.00,-96.83
50,1,0.00824,0.11,0.00,-0.84,13.70,0.00,-101.85
50,2,0.01614,0.40,0.00,-2.89,36.29,0.00,-259.85
50,3,0.02457,0.69,0.00,-4.95,34.06,0.00,-243.84
50,4,0.03284,1.08,-0.00,-7.52,47.23,-0.00,-310.70
50,5,0.04126,1.47,-0.00,-10.09,46.38,-0.00,-305.07
50,6,0.04932,1.89,-0.00,-12.48,52.27,-0.00,-296.59
50,7,0.05804,2.31,-0.00,-14.87,48.25,0.00,-273.78
50,8,0.06650,2.70,-0.00,-16.94,46.57,0.00,-245.49
50,9,0.07462,3.10,-0.00,-19.02,48.50,0.00,-255.64
50,10,0.08282,3.49,-0.00,-21.09,47.96,0.00,-252.79
50,11,0.09125,3.88,-0.00,-23.17,46.74,0.00,-246.38
50,12,0.09943,4.28,-0.00,-25.24,48.13,0.00,-253.73
50,13,0.10782,4.67,-0.00,-27.32,46.91,0.00,-247.27
50,14,0.11639,4.95,-0.00,-29.39,32.74,0.00,-242.35
50,15,0.12454,5.23,-0.00,-31.47,34.46,0.00,-255.06
50,16,0.13293,5.51,-0.00,-33.55,33.45,0.00,-247.64
50,17,0.14120,5.80,-0.00,-35.63,33.95,0.00,-251.29
50,18,0.14963,5.93,-0.00,-37.69,16.30,0.00,-244.57
50,19,0.15790,6.07,-0.00,-39.75,16.61,0.00,-249.08
50,20,0.16620,6.21,-0.00,-41.81,16.54,0.00,-248.16
50,21,0.17459,6.34,-0.00,-43.87,16.36,0.00,-245.45
50,22,0.18292,6.48,-0.00,-45.93,16.48,0.00,-247.25
50,23,0.19125,6.62,-0.00,-47.99,16.48,0.00,-247.25
50,24,0.19965,6.76,-0.00,-50.05,16.36,0.00,-245.45
50,25,0.20798,6.89,-0.00,-52.11,16.48,0.00,-247.25
50,26,0.21631,6.92,-0.00,-54.17,2.56,0.00,-247.99
50,27,0.22461,6.94,-0.00,-56.24,2.57,0.00,-248.90
50,28,0.23282,6.96,-0.00,-58.31,2.60,0.00,-251.67
50,29,0.24109,6.98,-0.00,-60.37,2.58,0.00,-249.82
50,30,0.24948,6.83,-0.00,-62.47,-17.45,0.00,-249.45
50,31,0.25793,6.69,-0.00,-64.56,-17.33,0.00,-247.65
50,32,0.26627,6.38,-0.00,-66.68,-37.00,0.00,-254.21
50,33,0.27454,6.07,-0.00,-68.80,-37.27,0.00,-256.09
50,34,0.28290,5.19,-0.00,-70.87,-104.74,0.00,-248.18
50,35,0.29108,4.32,-0.00,-72.95,-107.09,0.00,-253.73
50,36,0.29944,2.83,-0.00,-75.11,-178.10,0.00,-259.12
50,37,0.30798,1.34,-0.00,-77.28,-174.29,0.00,-253.57
50,38,0.31641,-0.26,-0.00,-79.85,-189.49,0.00,-305.43
50,39,0.32477,-1.85,-0.00,-82.42,-190.88,0.00,-307.66
50,40,0.33273,-3.48,-0.00,-85.46,-204.21,0.00,-381.61
50,41,0.34109,-5.11,-0.00,-88.50,-194.53,0.00,-363.50
50,42,0.34952,-6.84,-0.00,-91.95,-205.43,0.00,-409.06
50,43,0.35773,-8.57,-0.00,-95.39,-210.78,0.00,-419.70
50,44,0.36609,-10.12,-0.00,-99.38,-185.40,0.00,-476.28
50,45,0.37460,-11.67,-0.00,-103.36,-182.08,0.00,-467.74
50,46,0.38275,-12.22,-0.00,-110.07,-67.79,0.00,-823.97
50,47,0.39127,-12.77,-0.00,-116.79,-64.87,0.00,-788.53
50,48,0.39951,-13.28,-0.00,-122.56,-61.11,0.00,-700.37
50,49,0.40775,-13.78,-0.00,-128.33,-61.11,0.00,-700.37
50,50,0.41632,-14.28,-0.00,-134.10,-58.72,0.00,-672.95
50,51,0.42459,-14.79,0.01,-139.87,-60.89,0.69,-697.79
50,52,0.43378,-15.27,8.64,-145.69,-52.49,939.92,-633.55
50,53,0.44135,-15.75,17.27,-151.51,-63.71,1140.76,-768.95
50,54,0.44977,-16.22,25.57,-157.34,-55.43,984.84,-692.39
50,55,0.45865,-16.68,33.86,-163.17,-52.58,934.05,-656.70
50,56,0.46643,-17.14,41.82,-169.00,-58.43,1022.80,-748.63
50,57,0.47449,-17.59,49.78,-174.83,-56.44,987.89,-723.11
50,58,0.48288,-18.04,57.34,-180.63,-52.73,901.01,-692.00
50,59,0.49115,-18.48,64.90,-186.44,-53.51,914.26,-702.21
50,60,0.49979,-18.91,71.95,-192.36,-50.18,815.47,-684.81
50,61,0.50830,-19.35,78.99,-198.27,-50.90,827.10,-694.62
50,62,0.51630,-19.79,85.28,-204.99,-55.73,786.51,-840.84
50,63,0.52438,-20.24,91.57,-211.72,-55.09,777.48,-831.32
50,64,0.53299,-20.68,96.55,-218.90,-52.13,578.59,-835.11
50,65,0.54144,-21.13,101.52,-226.09,-53.07,588.83,-850.18
50,66,0.54999,-21.59,104.41,-233.58,-53.21,337.76,-876.07
50,67,0.55847,-22.03,107.19,-240.87,-52.16,327.26,-859.35
50,68,0.56641,-22.46,108.62,-247.93,-53.85,180.53,-890.00
50,69,0.57504,-22.89,110.03,-254.97,-49.47,163.40,-815.90
50,70,0.58319,-23.29,110.67,-261.45,-49.81,78.18,-794.76
50,71,0.59128,-23.70,111.29,-267.90,-50.19,76.96,-797.74
50,72,0.59979,-24.07,111.38,-273.44,-43.73,10.56,-650.54
50,73,0.60846,-24.44,111.46,-278.96,-42.96,9.08,-636.97
50,74,0.61636,-24.79,111.13,-283.74,-44.02,-41.70,-604.63
50,75,0.62463,-25.14,110.79,-288.52,-42.07,-41.00,-577.49
50,76,0.63300,-25.47,110.10,-293.10,-40.15,-81.77,-548.54
50,77,0.64148,-25.81,109.41,-297.69,-39.57,-81.72,-540.65
50,78,0.64993,-26.14,108.37,-302.26,-39.35,-123.14,-541.16
51,0,0.00000,0.00,0.00,0.00,-61.29,0.00,-102.51
51,1,0.00815,-0.56,0.00,-0.94,-68.16,0.00,-115.36
51,2,0.01663,-1.60,0.00,-2.73,-123.38,0.00,-210.79
51,3,0.02502,-2.70,0.00,-4.61,-130.55,-0.00,-224.36
51,4,0.03317,-3.98,0.00,-6.87,-157.68,0.00,-277.15
51,5,0.04160,-5.24,0.00,-9.10,-149.28,-0.00,-265.22
51,6,0.04980,-6.39,0.00,-11.24,-140.15,0.00,-260.22
51,7,0.05847,-7.50,0.00,-13.32,-128.52,-0.00,-240.49
51,8,0.06665,-8.48,0.11,-15.19,-119.40,13.32,-228.73
51,9,0.07513,-9.46,0.11,-17.07,-115.11,0.00,-220.50
51,10,0.08344,-10.43,0.11,-18.94,-117.65,0.00,-225.37
51,11,0.09152,-11.41,0.11,-20.81,-120.75,-0.00,-231.32
51,12,0.09976,-12.39,0.11,-22.68,-118.52,0.00,-227.04
51,13,0.10840,-13.38,0.11,-24.54,-115.19,-0.00,-215.19
51,14,0.11642,-14.45,0.11,-26.34,-133.08,0.00,-224.71
51,15,0.12512,-15.52,0.11,-28.14,-122.81,-0.00,-207.37
51,16,0.13309,-16.59,0.21,-29.95,-134.10,12.84,-226.44
51,17,0.14157,-17.67,0.21,-31.73,-128.06,0.00,-210.07
51,18,0.14981,-18.84,0.21,-33.43,-141.85,0.00,-206.67
51,19,0.15836,-20.01,0.21,-35.13,-136.79,-0.00,-199.29
51,20,0.16660,-21.18,0.21,-36.84,-141.85,0.00,-206.67
51,21,0.17511,-22.35,0.21,-38.54,-137.28,0.00,-200.00
51,22,0.18344,-23.52,0.21,-40.24,-140.29,-0.00,-204.40
51,23,0.19147,-24.69,0.21,-41.95,-145.63,-0.00,-212.17
51,24,0.20020,-25.85,0.21,-43.65,-133.92,0.00,-195.10
51,25,0.20819,-27.04,0.21,-45.34,-148.85,-0.00,-211.07
51,26,0.21658,-28.31,0.21,-46.97,-150.55,-0.00,-194.91
51,27,0.22495,-29.57,0.21,-48.61,-151.09,0.00,-195.62
51,28,0.23315,-30.83,0.21,-50.24,-153.90,0.00,-199.26
51,29,0.24142,-32.13,0.21,-51.86,-156.46,0.00,-195.94
51,30,0.25000,-33.54,0.21,-53.41,-164.77,0.00,-180.78
51,31,0.25845,-34.98,0.21,-54.95,-170.40,0.00,-181.59
51,32,0.26672,-36.54,0.21,-56.42,-187.82,0.00,-177.86
51,33,0.27505,-38.17,0.21,-57.82,-196.34,0.00,-167.40
51,34,0.28329,-40.14,0.21,-58.90,-239.26,0.00,-131.85
51,35,0.29178,-42.22,0.21,-59.93,-245.32,0.00,-120.86
51,36,0.29996,-44.74,0.21,-60.71,-307.09,0.00,-95.15
51,37,0.30823,-47.31,0.21,-61.53,-311.81,0.00,-100.00
51,38,0.31662,-50.16,0.21,-62.56,-338.91,0.00,-122.91
51,39,0.32495,-53.07,0.21,-63.66,-349.08,0.00,-131.87
51,40,0.33322,-56.23,0.21,-65.04,-381.92,-0.00,-166.42
51,41,0.34146,-59.45,0.21,-66.47,-391.48,0.00,-173.33
51,42,0.34973,-62.95,0.21,-68.10,-422.51,0.00,-197.05
51,43,0.35834,-66.48,0.21,-69.83,-410.28,0.00,-201.77
51,44,0.36676,-70.16,0.21,-72.00,-437.32,0.00,-256.88
51,45,0.37500,-74.03,0.21,-74.72,-469.26,0.00,-330.00
51,46,0.38370,-78.62,0.21,-79.64,-528.07,0.00,-566.32
51,47,0.39154,-83.09,0.21,-84.43,-569.65,0.00,-610.12
51,48,0.39996,-87.06,0.21,-88.64,-471.38,0.00,-500.72
51,49,0.40836,-91.03,0.21,-92.86,-473.09,0.00,-502.55
51,50,0.41653,-95.00,0.21,-97.08,-485.45,0.00,-515.67
51,51,0.42493,-98.97,1.94,-101.31,-473.45,206.18,-503.64
51,52,0.43323,-102.95,10.58,-105.58,-479.78,1040.13,-514.34
51,53,0.44150,-106.94,19.14,-109.85,-481.55,1035.76,-516.61
51,54,0.44983,-110.92,27.44,-114.14,-477.66,995.66,-514.65
51,55,0.45825,-114.89,35.66,-118.42,-472.10,976.85,-509.06
51,56,0.46652,-118.86,43.62,-122.71,-479.70,962.41,-518.82
51,57,0.47507,-122.82,51.50,-127.01,-463.93,922.14,-502.14
51,58,0.48309,-126.77,59.07,-131.29,-491.63,942.12,-533.84
51,59,0.49164,-130.73,66.52,-135.59,-463.21,872.75,-503.57
51,60,0.49994,-134.73,73.57,-139.97,-482.35,848.45,-526.84
51,61,0.50842,-138.84,80.46,-144.46,-484.17,812.32,-530.22
51,62,0.51666,-143.36,86.75,-149.47,-548.15,763.20,-607.04
51,63,0.52521,-147.93,92.77,-154.54,-535.36,705.22,-593.93
51,64,0.53323,-152.73,97.75,-159.90,-598.48,620.39,-668.06
51,65,0.54150,-157.55,102.30,-165.28,-582.66,549.56,-650.55
51,66,0.54984,-162.42,105.11,-170.74,-584.62,337.67,-654.58
51,67,0.55826,-167.26,107.65,-176.15,-574.28,301.13,-643.12
51,68,0.56653,-171.97,109.08,-181.43,-569.74,173.20,-638.01
51,69,0.57513,-176.61,110.35,-186.62,-538.65,147.91,-602.84
51,70,0.58307,-180.94,110.99,-191.45,-545.77,80.28,-608.85
51,71,0.59140,-185.15,111.52,-196.14,-505.13,63.29,-562.64
51,72,0.59976,-188.87,111.61,-200.25,-445.62,10.76,-492.34
51,73,0.60809,-192.50,111.61,-204.25,-435.16,0.69,-480.22
51,74,0.61700,-195.79,111.28,-207.85,-368.84,-37.60,-403.42
51,75,0.62488,-198.99,110.87,-211.36,-407.36,-51.63,-445.35
51,76,0.63345,-202.10,110.19,-214.75,-362.28,-79.73,-395.73
51,77,0.64157,-205.20,109.42,-218.14,-382.33,-93.78,-417.67
51,78,0.65005,-208.30,108.38,-221.52,-364.75,-122.70,-398.92
52,0,0.00000,0.00,0.00,0.00,-113.67,0.00,-38.13
52,1,0.00830,-1.03,0.00,-0.35,-124.63,0.00,-41.91
52,2,0.01685,-3.00,0.00,-1.02,-229.64,0.00,-78.21
52,3,0.02481,-5.06,0.00,-1.72,-258.62,0.00,-88.89
52,4,0.03320,-7.51,0.00,-2.59,-292.00,0.00,-103.27
52,5,0.04141,-9.92,0.00,-3.45,-294.05,0.00,-105.20
52,6,0.04990,-12.19,0.00,-4.32,-267.27,0.00,-101.80
52,7,0.05811,-14.40,0.00,-5.16,-268.77,0.00,-102.97
52,8,0.06665,-16.36,0.00,-5.94,-230.00,0.00,-90.71
52,9,0.07486,-18.33,0.00,-6.71,-239.41,0.00,-94.42
52,10,0.08313,-20.29,0.00,-7.49,-237.64,0.00,-93.73
52,11,0.09155,-22.26,0.00,-8.26,-233.33,0.00,-92.03
52,12,0.10001,-24.22,0.00,-9.04,-232.49,0.00,-91.70
52,13,0.10822,-26.19,0.00,-9.79,-239.78,0.00,-91.82
52,14,0.11646,-28.18,0.00,-10.46,-241.11,0.00,-80.74
52,15,0.12479,-30.16,0.00,-11.12,-238.46,0.00,-79.85
52,16,0.13312,-32.15,0.00,-11.79,-238.46,0.00,-79.85
52,17,0.14163,-34.14,0.00,-12.43,-233.69,0.00,-74.91
52,18,0.14984,-36.14,0.00,-12.95,-243.49,0.00,-63.57
52,19,0.15805,-38.14,0.00,-13.47,-243.49,0.00,-63.57
52,20,0.16650,-40.14,0.00,-13.99,-236.46,0.00,-61.73
52,21,0.17490,-42.16,0.00,-14.52,-241.09,0.00,-62.91
52,22,0.18338,-44.16,0.00,-15.04,-235.61,0.00,-61.51
52,23,0.19165,-46.16,0.00,-15.56,-241.70,0.00,-63.10
52,24,0.19998,-48.16,0.00,-16.09,-239.93,0.00,-62.64
52,25,0.20819,-50.16,0.00,-16.58,-244.24,0.00,-60.59
52,26,0.21683,-52.19,0.00,-16.99,-234.63,0.00,-47.35
52,27,0.22501,-54.23,0.00,-17.40,-249.25,0.00,-50.37
52,28,0.23370,-56.30,0.00,-17.83,-238.60,0.00,-48.42
52,29,0.24207,-58.34,0.00,-18.19,-243.80,0.00,-44.16
52,30,0.25006,-60.42,0.00,-18.44,-260.69,0.00,-30.92
52,31,0.25839,-62.52,0.00,-18.65,-251.65,0.00,-25.27
52,32,0.26691,-64.66,0.00,-18.75,-251.25,0.00,-11.47
52,33,0.27505,-66.82,0.00,-18.71,-264.42,0.00,4.87
52,34,0.28360,-69.02,0.00,-18.24,-257.50,0.00,55.00
52,35,0.29184,-71.27,0.00,-17.63,-273.33,0.00,74.44
52,36,0.30029,-73.68,0.00,-16.57,-285.20,0.00,125.27
52,37,0.30878,-76.19,0.00,-15.51,-295.68,0.00,125.18
52,38,0.31683,-79.01,0.00,-14.42,-350.76,0.00,134.47
52,39,0.32520,-81.95,0.00,-13.35,-351.46,0.00,127.74
52,40,0.33350,-85.24,0.00,-12.33,-396.32,0.00,123.53
52,41,0.34183,-88.64,0.00,-11.30,-407.33,0.00,123.81
52,42,0.35010,-92.34,0.00,-10.24,-448.34,0.00,127.31
52,43,0.35849,-96.17,0.00,-9.26,-456.36,0.00,117.45
52,44,0.36691,-100.38,0.00,-8.48,-498.91,0.00,92.03
52,45,0.37512,-105.19,0.00,-8.07,-586.25,0.00,49.81
52,46,0.38354,-111.89,0.00,-8.79,-795.29,0.00,-85.14
52,47,0.39191,-118.36,0.00,-9.48,-773.72,0.00,-82.12
52,48,0.40033,-124.12,0.00,-10.07,-684.06,0.00,-69.93
52,49,0.40866,-129.88,0.00,-10.66,-691.58,0.00,-70.70
52,50,0.41696,-135.64,0.00,-11.25,-694.12,0.00,-70.96
52,51,0.42514,-141.42,2.11,-11.84,-705.97,258.18,-73.13
52,52,0.43372,-147.22,10.75,-12.46,-676.87,1006.82,-72.24
52,53,0.44199,-153.03,19.30,-13.09,-702.21,1033.95,-75.65
52,54,0.45023,-158.84,27.59,-13.72,-705.56,1006.73,-77.04
52,55,0.45850,-164.65,35.80,-14.36,-702.95,993.08,-77.12
52,56,0.46701,-170.46,43.76,-15.01,-682.08,934.81,-75.99
52,57,0.47516,-176.27,51.63,-15.66,-712.36,964.88,-79.78
52,58,0.48349,-182.06,59.19,-16.31,-694.87,907.61,-78.75
52,59,0.49191,-187.87,66.62,-16.98,-690.22,882.68,-78.99
52,60,0.50034,-193.76,73.67,-17.67,-699.28,836.16,-81.52
52,61,0.50858,-199.84,80.52,-18.39,-738.52,832.34,-87.41
52,62,0.51685,-206.53,86.81,-19.21,-808.86,760.39,-99.63
52,63,0.52512,-213.33,92.78,-20.06,-822.14,721.65,-102.21
52,64,0.53381,-220.47,97.76,-20.97,-821.05,572.50,-104.56
52,65,0.54211,-227.64,102.21,-21.88,-863.60,536.01,-110.29
52,66,0.55014,-234.89,105.02,-22.81,-903.42,350.51,-116.35
52,67,0.55841,-242.09,107.50,-23.74,-869.74,299.31,-112.18
52,68,0.56674,-249.10,108.93,-24.65,-842.12,171.94,-108.79
52,69,0.57510,-255.98,110.17,-25.53,-822.26,148.03,-105.84
52,70,0.58353,-262.41,110.80,-26.35,-764.13,75.63,-97.10
52,71,0.59177,-268.62,111.31,-27.14,-753.70,61.06,-95.19
52,72,0.60010,-274.14,111.40,-27.81,-661.54,10.79,-80.95
52,73,0.60852,-279.46,111.39,-28.45,-632.61,-1.51,-76.45
52,74,0.61688,-284.23,111.06,-29.01,-569.34,-39.42,-66.79
52,75,0.62500,-288.94,110.64,-29.56,-580.45,-51.28,-67.67
52,76,0.63348,-293.51,109.96,-30.09,-538.49,-80.59,-62.59
52,77,0.64188,-298.07,109.18,-30.62,-544.00,-91.89,-63.27
52,78,0.65033,-302.63,108.14,-31.16,-538.99,-123.14,-62.82
53,0,0.00000,0.00,0.00,0.00,-99.63,0.00,-21.32
53,1,0.00836,-0.83,0.00,-0.18,-98.91,0.00,-21.17
53,2,0.01666,-2.85,0.00,-0.63,-243.75,0.00,-54.04
53,3,0.02490,-4.87,0.00,-1.07,-245.56,0.00,-54.44
53,4,0.03333,-7.40,0.00,-1.67,-300.36,0.00,-70.29
53,5,0.04172,-9.93,0.00,-2.26,-301.45,0.00,-70.55
53,6,0.05014,-12.28,0.00,-2.87,-278.62,0.00,-72.10
53,7,0.05823,-14.63,0.00,-3.47,-290.19,0.00,-75.09
53,8,0.06686,-16.67,0.00,-4.03,-236.75,0.00,-64.66
53,9,0.07541,-18.74,0.00,-4.60,-242.14,0.00,-66.07
53,10,0.08344,-20.78,0.00,-5.15,-253.61,0.00,-69.20
53,11,0.09177,-22.81,0.00,-5.71,-244.32,0.00,-66.67
53,12,0.10019,-24.85,0.00,-6.26,-241.67,0.00,-65.94
53,13,0.10849,-26.89,0.00,-6.81,-245.59,0.00,-66.54
53,14,0.11703,-28.93,0.00,-7.26,-239.64,0.00,-52.14
53,15,0.12534,-30.98,0.00,-7.71,-246.69,0.00,-53.68
53,16,0.13351,-33.03,0.00,-8.15,-250.37,0.00,-54.48
53,17,0.14191,-35.08,0.00,-8.59,-244.00,0.00,-52.73
53,18,0.15030,-37.12,0.00,-8.89,-243.64,0.00,-35.64
53,19,0.15863,-39.17,0.00,-9.19,-245.42,0.00,-35.90
53,20,0.16684,-41.21,0.00,-9.49,-249.07,0.00,-36.43
53,21,0.17542,-43.26,0.00,-9.79,-238.43,0.00,-34.88
53,22,0.18356,-45.30,0.00,-10.09,-250.94,0.00,-36.70
53,23,0.19193,-47.34,0.00,-10.39,-244.53,0.00,-35.77
53,24,0.20038,-49.39,0.00,-10.69,-241.88,0.00,-35.38
53,25,0.20859,-51.43,0.00,-10.98,-249.07,0.00,-36.06
53,26,0.21722,-53.49,0.00,-11.17,-238.52,0.00,-21.55
53,27,0.22531,-55.55,0.00,-11.36,-254.72,0.00,-23.02
53,28,0.23355,-57.61,0.00,-11.54,-250.00,0.00,-22.59
53,29,0.24179,-59.67,0.00,-11.72,-250.00,0.00,-22.22
53,30,0.25009,-61.77,0.00,-11.74,-252.57,0.00,-2.21
53,31,0.25858,-63.87,0.00,-11.76,-247.48,0.00,-1.80
53,32,0.26682,-66.01,0.00,-11.62,-259.26,0.00,16.67
53,33,0.27527,-68.14,0.00,-11.47,-252.71,0.00,17.69
53,34,0.28345,-70.28,0.00,-10.76,-261.19,0.00,86.57
53,35,0.29184,-72.42,0.00,-10.04,-254.91,0.00,85.82
53,36,0.30042,-74.69,0.00,-8.73,-265.48,0.00,153.02
53,37,0.30844,-76.98,0.00,-7.42,-284.79,0.00,163.88
53,38,0.31720,-79.67,0.00,-6.03,-306.97,0.00,158.19
53,39,0.32523,-82.37,0.00,-4.64,-336.50,0.00,172.62
53,40,0.33356,-85.53,0.00,-3.27,-379.12,0.00,165.57
53,41,0.34183,-88.70,0.00,-1.88,-383.03,0.00,167.16
53,42,0.35028,-92.27,0.00,-0.43,-422.38,0.00,171.84
53,43,0.35855,-95.85,0.00,1.02,-433.21,0.00,175.28
53,44,0.36694,-99.94,0.00,2.25,-487.64,0.00,146.55
53,45,0.37515,-104.09,0.00,3.45,-505.20,0.00,146.84
53,46,0.38348,-110.82,0.00,3.47,-808.42,0.00,2.20
53,47,0.39185,-117.54,0.00,3.49,-803.28,0.00,2.55
53,48,0.40009,-123.33,0.00,3.54,-702.96,0.00,5.56
53,49,0.40854,-129.13,0.00,3.59,-685.20,0.00,5.42
53,50,0.41699,-134.92,0.00,3.63,-685.20,0.00,5.42
53,51,0.42526,-140.71,0.18,3.67,-700.37,21.80,5.17
53,52,0.43350,-146.55,8.81,3.69,-708.52,1047.83,2.22
53,53,0.44196,-152.39,17.44,3.71,-690.61,1020.52,2.17
53,54,0.45013,-158.24,25.74,3.72,-715.30,1014.24,0.75
53,55,0.45850,-164.09,34.02,3.72,-699.64,991.19,0.36
53,56,0.46695,-169.93,41.98,3.71,-691.34,941.56,-1.08
53,57,0.47540,-175.78,49.93,3.70,-691.34,940.58,-1.08
53,58,0.48340,-181.60,57.50,3.68,-728.63,945.72,-2.29
53,59,0.49185,-187.43,65.05,3.67,-689.17,893.22,-2.17
53,60,0.50024,-193.36,72.09,3.63,-706.55,839.20,-4.36
53,61,0.50833,-199.30,79.12,3.59,-735.09,868.91,-4.53
53,62,0.51691,-206.04,85.41,3.50,-785.77,733.33,-10.32
53,63,0.52515,-212.79,91.67,3.41,-818.89,759.87,-10.74
53,64,0.53357,-219.99,96.65,3.29,-854.71,591.16,-14.49
53,65,0.54178,-227.19,101.58,3.17,-877.32,601.01,-14.87
53,66,0.55023,-234.50,104.39,3.04,-864.62,332.80,-15.88
53,67,0.55862,-241.80,107.18,2.90,-870.55,331.76,-16.00
53,68,0.56683,-248.88,108.61,2.77,-861.71,174.49,-15.99
53,69,0.57513,-255.94,110.03,2.64,-850.74,170.55,-15.81
53,70,0.58340,-262.43,110.66,2.53,-784.50,77.03,-13.28
53,71,0.59174,-268.89,111.29,2.42,-776.19,75.08,-12.82
53,72,0.60040,-274.44,111.38,2.36,-640.49,10.38,-7.75
53,73,0.60855,-279.98,111.46,2.29,-679.40,9.95,-8.24
53,74,0.61697,-284.77,111.13,2.26,-568.84,-39.13,-3.99
53,75,0.62546,-289.56,110.79,2.22,-564.39,-39.73,-3.96
53,76,0.63370,-294.16,110.11,2.19,-558.15,-82.98,-3.33
53,77,0.64197,-298.76,109.42,2.17,-556.09,-83.59,-3.32
53,78,0.65036,-303.34,108.38,2.14,-546.55,-124.04,-3.64
54,0,0.00000,0.00,0.00,0.00,43.97,0.00,109.57
54,1,0.00812,0.40,0.00,1.02,49.62,0.00,125.19
54,2,0.01663,1.16,0.00,2.94,88.89,0.00,226.52
54,3,0.02478,1.95,0.00,4.97,97.00,0.00,249.06
54,4,0.03311,2.87,0.00,7.40,110.62,0.00,291.58
54,5,0.04132,3.77,0.00,9.81,109.29,0.00,292.57
54,6,0.04974,4.57,0.00,12.09,95.65,0.00,271.74
54,7,0.05804,5.35,0.00,14.32,93.75,0.00,268.75
54,8,0.06650,6.03,0.00,16.32,79.78,0.00,236.46
54,9,0.07477,6.70,0.00,18.32,81.55,0.00,241.70
54,10,0.08331,7.38,0.00,20.32,78.93,0.00,233.93
54,11,0.09140,8.05,0.00,22.32,83.40,0.00,247.17
54,12,0.09973,8.72,0.00,24.32,80.95,0.00,239.93
54,13,0.10812,9.42,0.00,26.31,82.91,0.00,237.09
54,14,0.11627,10.20,0.00,28.26,95.13,0.00,238.95
54,15,0.12463,10.97,0.00,30.20,92.70,0.00,232.85
54,16,0.13297,11.75,0.00,32.15,93.04,0.00,233.70
54,17,0.14157,12.54,0.00,34.08,92.55,0.00,224.47
54,18,0.14972,13.43,0.00,35.94,109.36,0.00,228.46
54,19,0.15829,14.32,0.00,37.81,103.91,0.00,217.08
54,20,0.16638,15.22,0.00,39.67,110.19,0.00,230.19
54,21,0.17453,16.11,0.00,41.53,109.36,0.00,228.46
54,22,0.18314,17.00,0.00,43.39,103.55,0.00,216.31
54,23,0.19128,17.89,0.00,45.25,109.36,0.00,228.46
54,24,0.19965,18.78,0.00,47.11,106.57,0.00,222.63
54,25,0.20795,19.69,0.00,48.97,109.93,0.00,223.16
54,26,0.21631,20.69,0.00,50.78,118.98,0.00,216.79
54,27,0.22464,21.68,0.00,52.59,119.41,0.00,217.58
54,28,0.23300,22.68,0.00,54.40,118.98,0.00,216.79
54,29,0.24133,23.71,0.00,56.20,123.44,0.00,216.12
54,30,0.24969,24.86,0.00,57.96,137.96,0.00,209.49
54,31,0.25787,26.04,0.00,59.70,144.78,0.00,212.69
54,32,0.26645,27.35,0.00,61.39,152.31,0.00,197.51
54,33,0.27481,28.75,0.00,63.02,167.52,0.00,195.26
54,34,0.28345,30.53,0.00,64.40,206.01,0.00,159.72
54,35,0.29153,32.42,0.00,65.73,234.34,0.00,164.91
54,36,0.29977,34.79,0.00,66.89,286.67,0.00,140.37
54,37,0.30817,37.21,0.00,68.11,288.36,0.00,145.09
54,38,0.31653,39.86,0.00,69.57,317.15,0.00,174.45
54,39,0.32477,42.56,0.00,71.11,328.15,0.00,186.67
54,40,0.33328,45.47,0.00,72.96,341.58,0.00,217.20
54,41,0.34140,48.44,0.00,74.87,365.41,0.00,235.34
54,42,0.34964,51.64,0.00,77.02,388.15,0.00,261.11
54,43,0.35794,54.86,0.00,79.28,387.87,0.00,272.79
54,44,0.36642,58.16,0.00,81.99,389.57,0.00,319.42
54,45,0.37463,61.56,0.00,85.28,414.13,0.00,400.00
54,46,0.38306,65.34,0.00,90.85,448.19,0.00,662.32
54,47,0.39130,69.01,0.00,96.27,445.93,0.00,657.78
54,48,0.39969,72.28,0.00,101.06,389.45,0.00,569.82
54,49,0.40811,75.55,0.00,105.84,388.04,0.00,567.75
54,50,0.41650,78.81,0.00,110.62,389.45,0.00,569.82
54,51,0.42468,82.08,1.73,115.41,399.63,211.56,585.82
54,52,0.43311,85.36,10.36,120.25,388.77,1025.05,573.91
54,53,0.44147,88.63,18.93,125.08,391.24,1024.42,578.47
54,54,0.44983,91.90,27.23,129.93,390.88,992.03,580.29
54,55,0.45801,95.16,35.45,134.79,399.25,1006.01,593.28
54,56,0.46652,98.42,43.41,139.64,382.08,934.81,570.25
54,57,0.47476,101.67,51.29,144.49,394.44,956.30,588.89
54,58,0.48315,104.90,58.85,149.34,385.45,901.01,577.09
54,59,0.49149,108.15,66.31,154.20,389.38,895.13,583.88
54,60,0.49979,111.42,73.35,159.14,394.85,848.45,595.22
54,61,0.50809,114.78,80.25,164.22,404.78,830.23,612.13
54,62,0.51654,118.47,86.53,169.86,436.10,743.91,667.15
54,63,0.52481,122.20,92.56,175.59,451.29,728.64,691.88
54,64,0.53342,126.12,97.54,181.63,454.96,578.59,702.13
54,65,0.54175,130.04,102.08,187.69,471.43,545.53,727.47
54,66,0.54984,134.01,104.90,193.83,490.57,347.87,759.62
54,67,0.55829,137.95,107.43,199.93,466.06,300.04,721.66
54,68,0.56650,141.79,108.87,205.87,467.66,174.49,723.79
54,69,0.57474,145.57,110.14,211.72,458.15,154.48,709.26
54,70,0.58304,149.10,110.78,217.16,425.37,76.74,655.88
54,71,0.59174,152.53,111.30,222.45,394.74,60.63,607.37
54,72,0.60007,155.57,111.39,227.09,365.20,10.79,557.51
54,73,0.60818,158.54,111.40,231.60,365.04,0.71,556.02
54,74,0.61649,161.18,111.07,235.60,318.75,-39.71,481.25
54,75,0.62479,163.81,110.67,239.56,316.54,-48.27,477.21
54,76,0.63309,166.35,109.99,243.39,306.62,-82.37,461.76
54,77,0.64145,168.90,109.23,247.22,304.01,-90.34,458.03
54,78,0.64972,171.43,108.19,251.05,306.27,-125.87,462.36
55,0,0.00000,0.00,0.00,0.00,-66.67,0.00,-100.36
55,1,0.00815,-0.58,0.20,-0.92,-71.16,24.79,-113.48
55,2,0.01657,-1.67,0.40,-2.69,-129.71,23.80,-209.06
55,3,0.02490,-2.82,0.61,-4.54,-137.36,25.32,-222.71
55,4,0.03323,-4.16,0.87,-6.77,-161.17,30.38,-267.03
55,5,0.04150,-5.47,1.12,-8.97,-159.04,30.28,-266.05
55,6,0.04990,-6.68,1.36,-11.07,-143.64,28.43,-250.91
55,7,0.05823,-7.85,1.59,-13.13,-140.29,27.98,-246.52
55,8,0.06671,-8.87,1.80,-14.97,-120.86,24.69,-217.63
55,9,0.07501,-9.90,2.01,-16.82,-123.53,25.16,-222.43
55,10,0.08328,-10.93,2.22,-18.66,-123.99,25.33,-223.25
55,11,0.09152,-11.95,2.43,-20.51,-124.44,25.35,-224.07
55,12,0.09998,-12.98,2.61,-22.36,-121.30,21.27,-218.41
55,13,0.10809,-14.02,2.61,-24.19,-128.57,0.00,-225.56
55,14,0.11649,-15.13,2.61,-25.96,-132.73,-0.00,-211.64
55,15,0.12482,-16.25,2.61,-27.74,-133.70,0.00,-213.19
55,16,0.13345,-17.36,2.61,-29.52,-128.98,-0.00,-205.65
55,17,0.14172,-18.49,2.61,-31.27,-136.90,0.00,-212.18
55,18,0.15005,-19.71,2.61,-32.94,-145.79,0.00,-200.73
55,19,0.15820,-20.92,2.61,-34.62,-149.06,0.00,-205.24
55,20,0.16650,-22.14,2.61,-36.29,-146.32,0.00,-201.47
55,21,0.17477,-23.35,2.61,-37.96,-146.86,0.00,-202.21
55,22,0.18320,-24.57,2.61,-39.63,-144.20,0.00,-198.55
55,23,0.19168,-25.78,2.61,-41.31,-143.17,0.00,-197.12
55,24,0.19989,-27.00,2.61,-42.98,-147.96,0.00,-203.72
55,25,0.20847,-28.23,2.61,-44.64,-143.77,0.00,-193.24
55,26,0.21649,-29.53,2.61,-46.24,-162.74,0.00,-199.62
55,27,0.22476,-30.84,2.61,-47.84,-157.93,0.00,-193.73
55,28,0.23318,-32.15,2.61,-49.44,-155.07,0.00,-190.22
55,29,0.24158,-33.48,2.61,-51.03,-158.91,0.00,-188.73
55,30,0.24985,-34.93,2.61,-52.54,-175.65,0.00,-183.03
55,31,0.25839,-36.41,2.61,-54.04,-173.21,0.00,-175.36
55,32,0.26678,-38.00,2.61,-55.47,-189.45,0.00,-170.55
55,33,0.27545,-39.68,2.61,-56.82,-192.96,0.00,-155.99
55,34,0.28329,-41.67,2.61,-57.86,-254.86,0.00,-131.91
55,35,0.29169,-43.78,2.61,-58.83,-250.91,0.00,-115.64
55,36,0.29999,-46.31,2.61,-59.54,-304.78,0.00,-85.66
55,37,0.30817,-48.91,2.61,-60.30,-317.91,0.00,-92.91
55,38,0.31671,-51.78,2.61,-61.25,-336.07,0.00,-111.79
55,39,0.32486,-54.72,2.61,-62.28,-360.30,0.00,-125.84
55,40,0.33334,-57.91,2.61,-63.57,-376.26,0.00,-152.52
55,41,0.34161,-61.17,2.61,-64.91,-394.46,0.00,-162.36
55,42,0.34991,-64.71,2.61,-66.46,-425.74,0.00,-185.66
55,43,0.35831,-68.28,2.61,-68.10,-426.18,0.00,-196.00
55,44,0.36685,-72.02,2.61,-70.17,-437.50,0.00,-242.14
55,45,0.37521,-75.96,2.61,-72.78,-470.80,0.00,-312.77
55,46,0.38333,-80.68,2.61,-77.59,-581.58,0.00,-592.11
55,47,0.39160,-85.27,2.61,-82.26,-554.98,0.00,-564.21
55,48,0.39999,-89.35,2.61,-86.37,-485.82,0.00,-490.18
55,49,0.40833,-93.42,2.61,-90.48,-489.38,0.00,-493.77
55,50,0.41656,-97.50,2.61,-94.60,-494.81,0.00,-499.26
55,51,0.42499,-101.58,4.34,-98.72,-484.42,205.42,-489.49
55,52,0.43323,-105.67,12.97,-102.89,-496.67,1047.83,-505.56
55,53,0.44162,-109.77,21.54,-107.06,-487.64,1020.69,-496.73
55,54,0.44992,-113.85,29.83,-111.24,-492.65,999.32,-503.68
55,55,0.45837,-117.94,38.06,-115.42,-483.39,973.32,-494.95
55,56,0.46652,-122.02,46.02,-119.61,-500.37,976.83,-513.86
55,57,0.47504,-126.09,53.90,-123.79,-478.49,925.45,-491.76
55,58,0.48318,-130.15,61.46,-127.98,-497.75,928.01,-513.11
55,59,0.49152,-134.22,68.92,-132.17,-488.28,895.13,-504.03
55,60,0.49982,-138.33,75.96,-136.44,-495.96,848.45,-513.97
55,61,0.50821,-142.55,82.85,-140.83,-502.91,821.18,-523.27
55,62,0.51657,-147.20,89.14,-145.72,-555.47,752.06,-583.94
55,63,0.52496,-151.90,95.17,-150.67,-560.36,718.05,-590.18
55,64,0.53320,-156.84,100.14,-155.91,-599.63,604.30,-635.56
55,65,0.54156,-161.80,104.69,-161.16,-592.70,543.54,-628.10
55,66,0.54980,-166.81,107.50,-166.48,-608.15,341.43,-646.30
55,67,0.55820,-171.79,110.04,-171.77,-593.09,302.22,-630.55
55,68,0.56677,-176.63,111.47,-176.93,-565.12,167.04,-600.71
55,69,0.57513,-181.40,112.74,-181.99,-570.07,152.23,-605.84
55,70,0.58316,-185.86,113.38,-186.71,-555.13,79.37,-587.83
55,71,0.59167,-190.19,113.91,-191.29,-508.60,61.93,-537.63
55,72,0.59982,-194.02,114.00,-195.31,-470.04,11.04,-493.26
55,73,0.60834,-197.74,114.00,-199.21,-437.99,0.68,-458.78
55,74,0.61649,-201.07,113.68,-202.66,-407.87,-40.45,-423.60
55,75,0.62482,-204.37,113.27,-206.09,-395.97,-48.09,-410.99
55,76,0.63330,-207.56,112.59,-209.40,-376.62,-80.59,-390.29
55,77,0.64166,-210.75,111.84,-212.71,-381.75,-90.34,-395.62
55,78,0.65027,-213.94,110.79,-216.01,-369.86,-120.96,-383.69
56,0,0.00000,0.00,0.00,0.00,-53.96,0.00,-106.83
56,1,0.00827,-0.49,0.00,-0.97,-59.41,0.00,-117.71
56,2,0.01645,-1.42,0.00,-2.83,-113.43,0.00,-226.87
56,3,0.02469,-2.39,0.00,-4.78,-117.41,0.00,-236.67
56,4,0.03317,-3.52,0.00,-7.12,-133.81,0.00,-275.54
56,5,0.04166,-4.63,0.00,-9.43,-130.58,0.00,-272.66
56,6,0.04999,-5.64,0.00,-11.64,-120.88,0.00,-264.84
56,7,0.05814,-6.61,0.00,-13.79,-119.85,0.00,-264.04
56,8,0.06641,-7.46,0.00,-15.72,-102.95,-0.00,-233.58
56,9,0.07474,-8.32,0.00,-17.65,-102.20,0.00,-231.87
56,10,0.08316,-9.17,0.00,-19.58,-101.09,0.00,-229.35
56,11,0.09131,-10.02,0.00,-21.51,-104.49,-0.00,-237.08
56,12,0.09982,-10.87,0.00,-23.45,-100.00,-0.00,-226.88
56,13,0.10834,-11.74,0.00,-25.37,-102.15,0.00,-225.45
56,14,0.11639,-12.69,0.00,-27.24,-117.42,0.00,-232.20
56,15,0.12469,-13.63,0.00,-29.11,-113.97,0.00,-225.37
56,16,0.13348,-14.58,0.00,-30.98,-107.64,0.00,-212.85
56,17,0.14182,-15.55,0.00,-32.83,-116.12,0.00,-222.34
56,18,0.15009,-16.60,0.00,-34.61,-127.68,0.00,-214.76
56,19,0.15808,-17.66,0.00,-36.38,-132.06,-0.00,-222.14
56,20,0.16660,-18.71,0.00,-38.16,-124.01,0.00,-208.60
56,21,0.17496,-19.77,0.10,-39.94,-126.28,12.24,-212.41
56,22,0.18317,-20.83,0.10,-41.71,-128.62,-0.00,-216.36
56,23,0.19162,-21.88,0.10,-43.49,-124.91,0.00,-210.11
56,24,0.19980,-22.94,0.10,-45.26,-129.10,0.00,-217.16
56,25,0.20871,-24.01,0.10,-47.03,-120.55,0.00,-197.95
56,26,0.21658,-25.16,0.10,-48.74,-146.51,0.00,-217.83
56,27,0.22482,-26.32,0.10,-50.46,-140.00,0.00,-208.15
56,28,0.23340,-27.47,0.10,-52.17,-134.52,0.00,-200.00
56,29,0.24152,-28.66,0.10,-53.87,-145.86,0.00,-209.40
56,30,0.25012,-29.96,0.10,-55.51,-151.77,0.00,-190.78
56,31,0.25827,-31.30,0.10,-57.14,-164.04,0.00,-199.63
56,32,0.26651,-32.75,0.10,-58.71,-176.30,0.00,-190.74
56,33,0.27478,-34.29,0.10,-60.21,-186.35,0.00,-181.18
56,34,0.28329,-36.19,0.10,-61.42,-222.58,0.00,-142.29
56,35,0.29166,-38.20,0.10,-62.58,-240.15,0.00,-138.69
56,36,0.30020,-40.65,0.21,-63.52,-287.14,12.09,-110.00
56,37,0.30838,-43.17,0.21,-64.52,-307.84,-0.00,-121.64
56,38,0.31680,-45.94,0.21,-65.73,-328.99,0.00,-144.20
56,39,0.32489,-48.77,0.21,-67.02,-349.81,0.00,-159.25
56,40,0.33325,-51.83,0.21,-68.60,-366.06,-0.00,-189.05
56,41,0.34186,-54.95,0.21,-70.24,-363.12,0.00,-190.43
56,42,0.34988,-58.33,0.21,-72.09,-420.91,0.00,-231.18
56,43,0.35840,-61.74,0.21,-74.06,-400.36,-0.00,-230.82
56,44,0.36658,-65.27,0.21,-76.46,-432.09,0.00,-293.66
56,45,0.37473,-68.95,0.21,-79.43,-451.69,0.00,-364.04
56,46,0.38339,-73.21,0.32,-84.65,-491.55,13.66,-602.11
56,47,0.39151,-77.36,0.32,-89.72,-510.53,-0.00,-624.44
56,48,0.39975,-81.04,0.32,-94.19,-447.04,0.00,-542.59
56,49,0.40820,-84.73,0.32,-98.66,-435.74,-0.00,-528.88
56,50,0.41644,-88.41,0.32,-103.13,-447.04,0.00,-542.59
56,51,0.42487,-92.10,2.05,-107.61,-437.68,205.42,-531.88
56,52,0.43341,-95.79,10.69,-112.13,-432.14,1010.41,-529.29
56,53,0.44165,-99.48,19.25,-116.66,-448.15,1039.59,-549.26
56,54,0.44986,-103.17,27.55,-121.19,-449.44,1010.47,-552.79
56,55,0.45810,-106.86,35.78,-125.74,-447.41,998.56,-551.11
56,56,0.46664,-110.53,43.74,-130.28,-430.36,931.47,-531.79
56,57,0.47476,-114.21,51.62,-134.82,-452.26,970.68,-559.40
56,58,0.48312,-117.86,59.18,-139.36,-437.23,904.30,-542.34
56,59,0.49164,-121.53,66.64,-143.91,-430.47,875.88,-534.77
56,60,0.50015,-125.23,73.68,-148.54,-435.48,827.16,-543.37
56,61,0.50833,-129.04,80.57,-153.29,-464.93,842.63,-581.72
56,62,0.51639,-133.22,86.86,-158.58,-518.56,780.55,-656.44
56,63,0.52478,-137.45,92.88,-163.95,-504.00,718.05,-639.27
56,64,0.53336,-141.89,97.86,-169.61,-517.79,580.65,-660.85
56,65,0.54153,-146.34,102.41,-175.30,-544.40,555.71,-695.15
56,66,0.54993,-150.84,105.22,-181.06,-536.36,335.22,-686.55
56,67,0.55811,-155.31,107.76,-186.79,-546.64,310.12,-700.00
56,68,0.56659,-159.66,109.19,-192.36,-513.31,168.84,-657.19
56,69,0.57474,-163.95,110.46,-197.84,-525.84,156.22,-672.66
56,70,0.58322,-167.95,111.10,-202.95,-471.94,75.09,-601.80
56,71,0.59155,-171.84,111.63,-207.90,-467.03,63.29,-594.51
56,72,0.59988,-175.29,111.72,-212.25,-413.55,10.79,-522.34
56,73,0.60809,-178.65,111.72,-216.48,-408.92,0.70,-515.24
56,74,0.61642,-181.64,111.39,-220.22,-359.34,-39.56,-449.08
56,75,0.62479,-184.61,110.99,-223.93,-355.47,-47.92,-443.80
56,76,0.63318,-187.49,110.31,-227.52,-342.91,-81.47,-427.64
56,77,0.64160,-190.37,109.55,-231.11,-341.30,-89.68,-426.09
56,78,0.64996,-193.23,108.51,-234.69,-342.70,-124.49,-428.10
57,0,0.00000,0.00,0.00,0.00,-71.79,18.88,-95.00
57,1,0.00827,-0.66,0.17,-0.87,-79.34,21.01,-105.54
57,2,0.01645,-1.90,0.50,-2.54,-151.49,40.37,-203.36
57,3,0.02502,-3.19,0.85,-4.28,-151.25,40.68,-203.91
57,4,0.03308,-4.72,1.21,-6.39,-189.77,44.43,-260.98
57,5,0.04156,-6.22,1.72,-8.47,-176.62,60.45,-245.32
57,6,0.04980,-7.60,2.13,-10.46,-167.41,49.48,-242.22
57,7,0.05820,-8.94,2.53,-12.41,-159.64,47.41,-232.00
57,8,0.06662,-10.12,2.89,-14.16,-139.86,42.38,-207.97
57,9,0.07495,-11.29,3.24,-15.91,-141.39,42.71,-210.26
57,10,0.08334,-12.47,3.60,-17.67,-140.36,42.57,-208.73
57,11,0.09171,-13.65,3.95,-19.42,-140.88,42.50,-209.49
57,12,0.09998,-14.83,4.31,-21.17,-142.44,43.14,-211.81
57,13,0.10825,-16.02,4.67,-22.91,-144.65,42.97,-209.96
57,14,0.11652,-17.29,5.01,-24.58,-152.40,42.01,-202.58
57,15,0.12491,-18.55,5.36,-26.26,-150.18,41.32,-199.64
57,16,0.13336,-19.81,5.71,-27.93,-149.10,41.11,-198.19
57,17,0.14148,-21.08,6.05,-29.58,-157.52,42.40,-203.38
57,18,0.15005,-22.44,6.38,-31.15,-157.65,38.73,-182.21
57,19,0.15836,-23.79,6.72,-32.71,-162.87,40.14,-188.24
57,20,0.16666,-25.14,7.05,-34.27,-162.87,39.96,-188.24
57,21,0.17499,-26.49,7.42,-35.83,-162.27,44.51,-187.55
57,22,0.18317,-27.84,7.70,-37.40,-165.30,34.54,-191.04
57,23,0.19177,-29.20,8.02,-38.96,-157.09,37.14,-181.56
57,24,0.19995,-30.55,8.34,-40.52,-165.30,39.08,-191.04
57,25,0.20831,-31.92,8.65,-42.07,-163.87,37.16,-185.04
57,26,0.21664,-33.36,8.86,-43.55,-172.53,24.71,-178.39
57,27,0.22507,-34.79,8.99,-45.04,-170.65,15.36,-176.45
57,28,0.23318,-36.23,8.99,-46.53,-177.07,0.00,-183.08
57,29,0.24191,-37.70,9.09,-47.99,-167.83,11.90,-167.83
57,30,0.25012,-39.27,9.09,-49.38,-191.82,0.00,-168.77
57,31,0.25815,-40.87,9.09,-50.74,-199.62,-0.00,-170.34
57,32,0.26666,-42.58,9.22,-52.04,-200.36,14.84,-151.61
57,33,0.27478,-44.36,9.22,-53.24,-219.55,0.00,-148.50
57,34,0.28311,-46.44,9.22,-54.10,-249.82,0.00,-103.30
57,35,0.29150,-48.62,9.22,-54.89,-260.00,-0.00,-93.82
57,36,0.29996,-51.21,9.22,-55.38,-305.42,-0.00,-58.48
57,37,0.30811,-53.86,9.22,-55.92,-325.84,-0.00,-65.92
57,38,0.31650,-56.80,9.22,-56.63,-350.55,0.00,-84.36
57,39,0.32495,-59.81,9.22,-57.40,-356.32,0.00,-91.34
57,40,0.33325,-63.11,9.32,-58.42,-396.69,12.66,-122.79
57,41,0.34174,-66.47,9.32,-59.48,-396.40,0.00,-125.18
57,42,0.35001,-70.12,9.32,-60.71,-441.70,0.00,-149.08
57,43,0.35818,-73.83,9.32,-62.05,-452.61,-0.00,-163.43
57,44,0.36703,-77.73,9.43,-63.79,-441.03,12.21,-196.90
57,45,0.37509,-81.87,9.43,-66.07,-514.39,0.00,-282.20
57,46,0.38318,-86.98,9.63,-70.46,-632.08,24.67,-542.64
57,47,0.39172,-91.96,9.77,-74.72,-581.79,15.73,-498.57
57,48,0.39984,-96.37,9.88,-78.47,-543.61,14.55,-462.03
57,49,0.40814,-100.78,10.00,-82.22,-531.62,14.22,-451.84
57,50,0.41647,-105.19,10.12,-85.97,-529.67,14.19,-450.18
57,51,0.42468,-109.61,11.85,-89.73,-537.92,210.77,-458.36
57,52,0.43311,-114.04,20.48,-93.53,-526.09,1025.05,-451.45
57,53,0.44153,-118.47,29.05,-97.34,-526.09,1017.00,-451.81
57,54,0.44995,-122.90,37.35,-101.16,-526.09,984.84,-453.62
57,55,0.45837,-127.33,45.57,-104.98,-525.72,976.85,-453.62
57,56,0.46643,-131.75,53.53,-108.81,-548.48,987.93,-475.00
57,57,0.47485,-136.16,61.41,-112.63,-523.91,935.51,-453.99
57,58,0.48306,-140.56,68.97,-116.45,-535.69,921.11,-465.43
57,59,0.49170,-144.97,76.43,-120.29,-510.60,863.50,-444.52
57,60,0.49994,-149.44,83.47,-124.19,-541.85,854.74,-473.70
57,61,0.50818,-154.02,90.37,-128.21,-555.93,836.38,-487.41
57,62,0.51657,-159.06,96.65,-132.68,-600.73,749.33,-532.73
57,63,0.52481,-164.17,102.68,-137.22,-620.00,731.35,-550.37
57,64,0.53308,-169.53,107.66,-142.01,-649.08,602.07,-580.07
57,65,0.54156,-174.92,112.20,-146.83,-634.53,535.72,-567.27
57,66,0.54984,-180.36,115.02,-151.71,-658.30,340.17,-590.04
57,67,0.55801,-185.77,117.55,-156.56,-661.19,310.12,-592.91
57,68,0.56656,-191.04,118.99,-161.28,-616.43,167.64,-552.50
57,69,0.57474,-196.22,120.26,-165.92,-633.58,155.64,-567.54
57,70,0.58313,-201.06,120.90,-170.24,-576.73,75.90,-514.91
57,71,0.59186,-205.90,121.43,-174.55,-554.55,60.75,-494.06
57,72,0.60022,-210.06,121.52,-178.23,-497.45,10.76,-439.78
57,73,0.60852,-214.09,121.51,-181.79,-485.29,-0.96,-428.68
57,74,0.61685,-217.69,121.18,-184.94,-432.97,-39.56,-378.75
57,75,0.62521,-221.27,120.77,-188.07,-427.37,-49.30,-373.72
57,76,0.63351,-224.73,120.08,-191.09,-417.28,-82.37,-364.71
57,77,0.64191,-228.19,119.32,-194.12,-412.36,-91.40,-360.36
57,78,0.65018,-231.64,118.28,-197.14,-417.34,-125.87,-365.31
58,0,0.00000,0.00,0.00,0.00,59.52,0.22,-97.23
58,1,0.00790,0.47,0.00,-0.97,59.85,0.29,-122.78
58,2,0.01633,1.20,0.00,-2.91,86.23,-0.00,-230.43
58,3,0.02448,1.76,0.00,-5.02,68.91,-0.00,-258.43
58,4,0.03296,2.20,0.00,-7.58,51.80,0.00,-301.80
58,5,0.04111,2.39,0.00,-10.13,23.22,0.00,-313.86
58,6,0.04941,2.37,0.00,-12.56,-1.84,-0.00,-292.28
58,7,0.05795,2.13,0.00,-14.91,-28.93,-0.00,-275.00
58,8,0.06638,1.72,0.26,-16.98,-48.55,30.66,-246.01
58,9,0.07440,1.13,0.64,-19.01,-73.38,46.79,-252.47
58,10,0.08282,0.54,1.05,-21.04,-69.93,49.45,-240.58
58,11,0.09137,-0.05,1.38,-23.06,-68.93,38.56,-237.14
58,12,0.09973,-0.64,1.74,-25.09,-70.44,42.50,-242.34
58,13,0.10776,-1.25,2.10,-27.11,-75.67,44.72,-251.33
58,14,0.11627,-1.93,2.45,-29.09,-81.00,42.07,-232.62
58,15,0.12436,-2.62,2.81,-31.07,-85.28,44.15,-244.91
58,16,0.13290,-3.31,3.17,-33.05,-80.71,41.78,-231.79
58,17,0.14124,-4.03,3.52,-35.01,-85.71,42.64,-235.53
58,18,0.14938,-4.84,3.87,-36.91,-99.63,42.94,-232.96
58,19,0.15787,-5.65,4.22,-38.81,-95.68,41.17,-223.74
58,20,0.16626,-6.46,4.57,-40.70,-96.73,41.74,-226.18
58,21,0.17462,-7.28,4.92,-42.60,-97.08,41.70,-227.01
58,22,0.18265,-8.09,5.27,-44.50,-101.14,43.53,-236.50
58,23,0.19116,-8.90,5.62,-46.40,-95.34,41.04,-222.94
58,24,0.19940,-9.71,5.97,-48.30,-98.52,42.43,-230.37
58,25,0.20779,-10.54,6.32,-50.19,-99.27,41.59,-225.09
58,26,0.21616,-11.46,6.67,-52.04,-109.49,41.42,-221.53
58,27,0.22427,-12.37,7.01,-53.89,-112.78,42.74,-228.20
58,28,0.23279,-13.29,7.36,-55.74,-107.53,40.75,-217.56
58,29,0.24106,-14.24,7.71,-57.59,-114.76,41.91,-222.88
58,30,0.24933,-15.32,8.05,-59.39,-130.26,41.83,-217.71
58,31,0.25772,-16.42,8.40,-61.18,-132.00,41.11,-213.09
58,32,0.26602,-17.66,8.74,-62.93,-148.53,41.52,-211.03
58,33,0.27429,-18.99,9.08,-64.62,-160.89,40.94,-204.43
58,34,0.28284,-20.71,9.40,-66.07,-201.07,37.27,-170.00
58,35,0.29114,-22.54,9.72,-67.49,-221.32,38.26,-170.59
58,36,0.29974,-24.85,10.03,-68.74,-268.09,36.40,-146.10
58,37,0.30774,-27.22,10.36,-70.07,-295.80,40.66,-165.27
58,38,0.31625,-29.80,10.73,-71.64,-303.58,44.36,-184.59
58,39,0.32443,-32.43,11.13,-73.29,-322.01,48.07,-202.24
58,40,0.33279,-35.26,11.58,-75.27,-337.59,54.37,-236.13
58,41,0.34109,-38.14,12.05,-77.30,-347.06,56.32,-245.59
58,42,0.34952,-41.24,12.57,-79.59,-368.48,61.76,-271.74
58,43,0.35803,-44.36,13.11,-81.99,-366.31,63.17,-282.08
58,44,0.36639,-47.55,13.72,-84.84,-381.02,73.60,-340.88
58,45,0.37479,-50.80,14.43,-88.27,-387.64,84.98,-408.36
58,46,0.38293,-54.33,15.60,-94.01,-433.33,143.38,-704.12
58,47,0.39130,-57.77,16.68,-99.58,-410.95,128.69,-666.42
58,48,0.39948,-60.82,17.63,-104.50,-373.88,116.39,-601.49
58,49,0.40790,-63.88,18.58,-109.42,-363.04,113.08,-584.06
58,50,0.41638,-66.94,19.53,-114.34,-360.43,112.13,-579.86
58,51,0.42462,-70.00,21.27,-119.27,-371.11,209.99,-598.15
58,52,0.43301,-73.06,29.90,-124.24,-364.73,1028.78,-592.36
58,53,0.44153,-76.12,38.46,-129.21,-359.50,1006.06,-584.23
58,54,0.44934,-79.17,46.76,-134.20,-391.02,1061.78,-638.67
58,55,0.45767,-82.23,54.99,-139.19,-366.30,987.58,-598.90
58,56,0.46637,-85.27,62.95,-144.19,-349.47,915.13,-574.04
58,57,0.47440,-88.30,70.83,-149.18,-378.33,981.75,-621.67
58,58,0.48282,-91.32,78.39,-154.16,-358.70,897.74,-591.30
58,59,0.49127,-94.35,85.85,-159.16,-358.48,882.20,-591.34
58,60,0.49945,-97.42,92.89,-164.23,-374.25,861.12,-620.90
58,61,0.50797,-100.55,99.78,-169.45,-368.46,809.40,-613.26
58,62,0.51608,-103.99,106.07,-175.25,-423.68,774.68,-713.91
58,63,0.52478,-107.47,112.10,-181.13,-400.35,692.85,-675.79
58,64,0.53287,-111.12,117.07,-187.33,-451.32,615.70,-767.17
58,65,0.54126,-114.78,121.62,-193.56,-436.00,541.56,-741.82
58,66,0.54962,-118.48,124.43,-199.87,-441.97,336.44,-754.38
58,67,0.55768,-122.15,126.97,-206.13,-455.68,314.82,-778.03
58,68,0.56631,-125.73,128.40,-212.24,-414.13,165.86,-706.71
58,69,0.57440,-129.24,129.67,-218.24,-435.09,157.40,-741.89
58,70,0.58261,-132.53,130.31,-223.83,-400.74,77.60,-681.04
58,71,0.59103,-135.73,130.84,-229.25,-379.71,62.60,-644.20
58,72,0.60007,-138.57,130.93,-234.03,-314.19,9.96,-528.38
58,73,0.60812,-141.34,130.93,-238.67,-343.18,0.72,-575.76
58,74,0.61652,-143.81,130.60,-242.77,-294.55,-39.28,-489.09
58,75,0.62439,-146.26,130.20,-246.84,-311.24,-50.89,-517.44
58,76,0.63281,-148.64,129.52,-250.78,-282.25,-81.18,-467.75
58,77,0.64124,-151.01,128.77,-254.72,-281.88,-89.68,-467.39
58,78,0.64944,-153.38,127.72,-258.65,-288.10,-126.81,-478.44
59,0,0.00000,0.00,0.00,0.00,-53.74,0.00,105.69
59,1,0.00809,-0.50,0.00,0.97,-61.89,0.00,120.00
59,2,0.01639,-1.46,0.00,2.81,-115.44,0.00,221.32
59,3,0.02527,-2.47,0.00,4.74,-114.09,0.00,217.18
59,4,0.03326,-3.70,0.00,7.03,-153.82,0.00,286.26
59,5,0.04166,-4.93,0.00,9.28,-145.82,0.00,268.73
59,6,0.04974,-6.12,0.00,11.39,-147.92,0.00,260.75
59,7,0.05814,-7.29,0.00,13.44,-139.64,0.00,244.36
59,8,0.06647,-8.36,0.00,15.26,-127.84,0.00,218.68
59,9,0.07489,-9.42,0.00,17.08,-126.45,0.00,216.30
59,10,0.08298,-10.49,0.00,18.91,-131.70,0.00,225.28
59,11,0.09146,-11.55,0.00,20.73,-125.54,0.00,214.75
59,12,0.09976,-12.62,0.00,22.55,-128.31,0.00,219.49
59,13,0.10822,-13.66,0.00,24.38,-123.47,0.00,216.61
59,14,0.11636,-14.62,0.00,26.24,-117.98,0.00,228.46
59,15,0.12494,-15.59,0.00,28.10,-112.10,0.00,217.08
59,16,0.13348,-16.55,0.00,29.97,-112.50,0.00,217.86
59,17,0.14127,-17.48,0.00,31.84,-120.00,0.00,240.39
59,18,0.14972,-18.30,0.00,33.73,-96.75,0.00,224.19
59,19,0.15808,-19.12,0.00,35.63,-97.81,0.00,226.64
59,20,0.16656,-19.93,0.00,37.52,-96.40,0.00,223.38
59,21,0.17474,-20.75,0.00,39.42,-100.00,0.00,231.72
59,22,0.18298,-21.57,0.00,41.31,-99.26,0.00,230.00
59,23,0.19125,-22.39,0.00,43.21,-98.89,0.00,229.15
59,24,0.19962,-23.21,0.00,45.10,-97.81,0.00,226.64
59,25,0.20798,-24.00,0.00,47.01,-95.26,0.00,227.74
59,26,0.21655,-24.72,0.00,48.95,-83.27,0.00,226.33
59,27,0.22476,-25.43,0.00,50.89,-86.99,0.00,236.43
59,28,0.23300,-26.14,0.00,52.83,-86.67,0.00,235.56
59,29,0.24142,-26.83,0.00,54.79,-81.16,0.00,232.25
59,30,0.24969,-27.39,0.00,56.81,-67.90,0.00,244.28
59,31,0.25821,-27.92,0.00,58.84,-62.72,0.00,239.07
59,32,0.26633,-28.34,0.00,60.94,-51.88,0.00,258.65
59,33,0.27496,-28.66,0.00,63.07,-36.04,0.00,246.29
59,34,0.28299,-28.53,0.00,65.31,15.97,0.00,279.85
59,35,0.29123,-28.29,0.00,67.62,28.89,0.00,280.00
59,36,0.29950,-27.61,0.00,70.16,81.92,0.00,307.01
59,37,0.30807,-26.94,0.00,72.78,77.94,0.00,306.05
59,38,0.31631,-26.30,0.00,75.74,77.78,0.00,358.89
59,39,0.32468,-25.69,0.00,78.79,73.36,0.00,364.60
59,40,0.33304,-25.18,0.00,82.20,61.31,0.00,407.66
59,41,0.34207,-24.67,0.00,85.69,56.08,0.00,386.49
59,42,0.34998,-24.19,0.00,89.52,60.23,0.00,484.17
59,43,0.35806,-23.79,0.00,93.43,50.19,0.00,484.15
59,44,0.36636,-23.66,0.00,97.71,15.07,0.00,514.71
59,45,0.37479,-23.91,0.00,102.43,-29.35,0.00,560.87
59,46,0.38364,-25.64,0.00,108.94,-195.52,0.00,735.52
59,47,0.39136,-27.32,0.00,115.26,-217.00,0.00,819.37
59,48,0.40009,-28.78,0.00,120.87,-167.48,0.00,641.96
59,49,0.40814,-30.24,0.00,126.47,-181.44,0.00,695.45
59,50,0.41644,-31.70,0.00,132.07,-176.10,0.00,675.00
59,51,0.42471,-33.17,1.74,137.69,-177.49,210.34,678.60
59,52,0.43332,-34.67,10.37,143.33,-174.11,1003.24,655.67
59,53,0.44156,-36.17,18.94,148.97,-182.22,1039.55,685.19
59,54,0.44995,-37.68,27.23,154.62,-180.36,988.42,673.09
59,55,0.45825,-39.20,35.46,160.27,-182.72,991.17,680.51
59,56,0.46652,-40.73,43.42,165.91,-184.50,962.41,682.29
59,57,0.47476,-42.25,51.30,171.55,-185.19,956.24,684.07
59,58,0.48315,-43.78,58.86,177.17,-182.55,901.16,669.82
59,59,0.49149,-45.32,66.32,182.81,-184.98,895.05,676.92
59,60,0.49976,-46.90,73.36,188.53,-190.41,851.58,691.14
59,61,0.50821,-48.53,80.25,194.40,-192.42,815.14,694.58
59,62,0.51648,-50.36,86.54,200.89,-221.77,760.39,784.13
59,63,0.52515,-52.22,92.57,207.46,-215.14,695.10,758.45
59,64,0.53320,-54.21,97.55,214.38,-246.59,618.04,859.09
59,65,0.54141,-56.21,102.09,221.32,-243.12,553.31,845.35
59,66,0.54984,-58.24,104.90,228.34,-240.94,334.00,834.06
59,67,0.55829,-60.25,107.44,235.32,-238.63,299.84,825.63
59,68,0.56644,-62.22,108.87,242.12,-240.82,175.80,834.08
59,69,0.57477,-64.14,110.14,248.80,-231.50,152.67,802.20
59,70,0.58307,-65.93,110.78,255.04,-215.44,76.74,751.47
59,71,0.59134,-67.67,111.30,261.10,-209.59,63.67,732.47
59,72,0.59991,-69.17,111.39,266.44,-175.80,10.49,623.13
59,73,0.60800,-70.63,111.40,271.64,-180.38,0.65,642.64
59,74,0.61649,-71.91,111.07,276.26,-150.36,-38.85,544.60
59,75,0.62494,-73.17,110.67,280.84,-149.46,-47.45,541.88
59,76,0.63312,-74.39,109.98,285.28,-149.25,-83.60,542.16
59,77,0.64148,-75.61,109.23,289.71,-145.99,-90.39,529.93
59,78,0.65005,-76.83,108.19,294.13,-142.35,-121.39,515.66
60,0,0.00000,0.00,0.00,0.00,-3.53,19.46,-117.67
60,1,0.00806,-0.02,0.18,-1.09,-2.27,22.40,-135.61
60,2,0.01630,-0.05,0.58,-3.16,-3.33,47.99,-251.48
60,3,0.02502,-0.07,0.88,-5.34,-2.45,35.15,-249.65
60,4,0.03323,-0.07,1.22,-7.94,-0.37,40.88,-316.73
60,5,0.04132,-0.06,1.48,-10.51,1.13,32.33,-316.98
60,6,0.04968,-0.01,1.74,-12.93,6.57,30.95,-290.15
60,7,0.05807,0.05,1.99,-15.30,6.91,29.74,-281.45
60,8,0.06653,0.13,2.21,-17.40,8.66,26.00,-249.46
60,9,0.07501,0.20,2.43,-19.51,8.63,25.73,-248.56
60,10,0.08322,0.27,2.64,-21.62,8.92,26.59,-256.88
60,11,0.09158,0.34,2.86,-23.73,8.76,26.11,-252.19
60,12,0.10001,0.42,3.08,-25.84,8.70,25.91,-250.36
60,13,0.10828,0.47,3.30,-27.94,6.27,27.05,-254.61
60,14,0.11649,0.43,3.54,-30.04,-4.46,29.20,-255.39
60,15,0.12509,0.40,3.79,-32.14,-4.26,28.06,-243.62
60,16,0.13306,0.36,3.99,-34.23,-4.60,25.11,-263.22
60,17,0.14175,0.30,4.14,-36.32,-7.37,18.27,-240.00
60,18,0.14996,0.12,4.40,-38.38,-21.56,30.80,-250.56
60,19,0.15836,-0.06,4.61,-40.44,-21.09,25.70,-245.09
60,20,0.16675,-0.23,4.83,-42.49,-21.09,25.70,-245.09
60,21,0.17477,-0.41,5.04,-44.55,-22.05,26.85,-256.27
60,22,0.18338,-0.59,5.26,-46.61,-20.57,25.21,-239.01
60,23,0.19141,-0.77,5.48,-48.66,-22.05,26.73,-256.27
60,24,0.19974,-0.94,5.69,-50.72,-21.25,26.04,-246.89
60,25,0.20810,-1.14,5.91,-52.78,-24.09,26.31,-245.99
60,26,0.21677,-1.44,6.15,-54.82,-33.80,27.63,-236.27
60,27,0.22495,-1.73,6.39,-56.87,-35.45,29.00,-250.37
60,28,0.23315,-2.02,6.63,-58.92,-35.69,29.04,-249.44
60,29,0.24130,-2.35,6.90,-60.97,-40.07,33.89,-251.31
60,30,0.24991,-2.81,7.16,-63.01,-53.90,30.06,-237.59
60,31,0.25806,-3.31,7.42,-65.06,-60.67,31.79,-251.31
60,32,0.26642,-3.93,7.68,-67.11,-74.82,30.94,-244.89
60,33,0.27469,-4.67,7.91,-69.13,-88.93,27.46,-244.28
60,34,0.28299,-5.84,8.13,-71.04,-141.91,26.50,-230.88
60,35,0.29138,-7.15,8.28,-72.96,-155.27,17.68,-228.36
60,36,0.29996,-8.95,8.28,-74.88,-209.96,-0.00,-223.49
60,37,0.30835,-10.78,8.28,-76.87,-218.55,-0.00,-237.45
60,38,0.31635,-12.75,8.28,-79.17,-245.80,0.00,-287.79
60,39,0.32480,-14.73,8.28,-81.56,-235.02,0.00,-283.03
60,40,0.33316,-16.80,8.28,-84.32,-247.08,0.00,-329.93
60,41,0.34146,-18.90,8.28,-87.16,-252.94,0.00,-341.54
60,42,0.34970,-21.13,8.28,-90.30,-271.11,0.00,-381.48
60,43,0.35855,-23.35,8.28,-93.55,-250.00,0.00,-367.59
60,44,0.36642,-25.48,8.28,-97.26,-271.32,0.00,-470.16
60,45,0.37494,-27.50,8.28,-101.53,-237.28,0.00,-501.79
60,46,0.38315,-29.06,8.28,-108.08,-190.33,0.00,-798.14
60,47,0.39175,-30.59,8.28,-114.45,-177.30,0.00,-739.72
60,48,0.39987,-31.96,8.28,-120.08,-168.80,0.00,-693.61
60,49,0.40836,-33.33,8.28,-125.70,-161.51,0.00,-663.31
60,50,0.41656,-34.70,8.28,-131.33,-166.91,0.00,-685.50
60,51,0.42502,-36.07,10.01,-136.97,-161.73,205.33,-666.79
60,52,0.43320,-37.43,18.65,-142.65,-166.04,1055.65,-694.40
60,53,0.44150,-38.78,27.21,-148.33,-163.24,1031.92,-684.56
60,54,0.45007,-40.13,35.51,-154.02,-156.94,967.32,-663.70
60,55,0.45831,-41.47,43.73,-159.71,-162.96,998.53,-690.74
60,56,0.46667,-42.80,51.69,-165.41,-159.12,951.87,-680.66
60,57,0.47495,-44.13,59.57,-171.09,-160.52,952.74,-687.82
60,58,0.48325,-45.44,67.13,-176.77,-158.46,910.95,-683.46
60,59,0.49152,-46.76,74.59,-182.46,-159.41,901.69,-688.56
60,60,0.49991,-48.09,81.64,-188.24,-157.82,839.43,-688.73
60,61,0.50839,-49.44,88.53,-194.18,-159.35,812.24,-700.36
60,62,0.51639,-50.90,94.82,-200.76,-182.44,786.51,-822.90
60,63,0.52493,-52.37,100.84,-207.43,-172.50,705.09,-780.71
60,64,0.53314,-53.90,105.82,-214.47,-186.62,606.55,-856.88
60,65,0.54141,-55.44,110.36,-221.53,-185.61,549.32,-853.51
60,66,0.55002,-56.98,113.18,-228.67,-179.43,326.90,-830.50
60,67,0.55804,-58.51,115.71,-235.78,-190.87,315.86,-884.79
60,68,0.56659,-60.01,117.14,-242.69,-174.64,167.64,-809.29
60,69,0.57483,-61.48,118.42,-249.49,-178.52,154.40,-825.19
60,70,0.58319,-62.86,119.05,-255.83,-165.33,76.18,-758.03
60,71,0.59149,-64.21,119.58,-261.98,-162.13,63.46,-741.18
60,72,0.59988,-65.41,119.67,-267.40,-144.00,10.72,-645.82
60,73,0.60818,-66.59,119.68,-272.67,-141.91,0.65,-634.93
60,74,0.61639,-67.66,119.35,-277.34,-130.11,-40.15,-569.14
60,75,0.62479,-68.72,118.94,-281.98,-126.18,-47.78,-552.36
60,76,0.63321,-69.75,118.26,-286.46,-122.10,-81.18,-532.25
60,77,0.64127,-70.77,117.51,-290.94,-127.27,-93.80,-556.06
60,78,0.64978,-71.80,116.46,-295.41,-120.07,-122.26,-525.09
61,0,0.00000,0.00,0.00,0.00,1.79,0.00,-118.93
61,1,0.00848,0.01,0.00,-1.09,0.72,-0.00,-128.78
61,2,0.01630,0.03,0.00,-3.16,2.73,0.00,-265.23
61,3,0.02505,0.05,0.11,-5.34,3.14,12.48,-248.78
61,4,0.03296,0.11,0.11,-7.94,7.34,0.00,-328.57
61,5,0.04126,0.18,0.11,-10.50,8.09,-0.00,-308.82
61,6,0.04968,0.29,0.24,-12.93,13.04,15.95,-287.68
61,7,0.05792,0.40,0.24,-15.29,13.70,0.00,-286.30
61,8,0.06641,0.52,0.24,-17.40,14.39,0.00,-248.56
61,9,0.07480,0.65,0.36,-19.50,14.55,14.36,-251.27
61,10,0.08313,0.77,0.36,-21.61,14.65,0.00,-253.11
61,11,0.09155,0.89,0.36,-23.72,14.49,-0.00,-250.36
61,12,0.09964,1.01,0.48,-25.83,15.09,14.41,-260.75
61,13,0.10806,1.11,0.48,-27.94,11.96,0.00,-250.00
61,14,0.11639,1.13,0.48,-30.03,1.47,-0.00,-251.65
61,15,0.12509,1.14,0.59,-32.13,1.40,12.62,-241.05
61,16,0.13309,1.15,0.59,-34.23,1.53,0.00,-262.21
61,17,0.14160,1.13,0.59,-36.35,-2.15,0.00,-249.46
61,18,0.14987,1.00,0.69,-38.41,-15.87,12.41,-249.08
61,19,0.15814,0.87,0.69,-40.47,-15.87,0.00,-249.08
61,20,0.16653,0.74,0.69,-42.53,-15.64,0.00,-245.45
61,21,0.17484,0.61,0.69,-44.59,-15.81,-0.00,-248.16
61,22,0.18317,0.48,0.82,-46.65,-15.75,15.08,-247.25
61,23,0.19159,0.34,0.82,-48.71,-15.58,0.00,-244.57
61,24,0.19980,0.21,0.82,-50.77,-15.99,0.00,-250.93
61,25,0.20819,0.06,0.82,-52.83,-18.55,-0.00,-245.45
61,26,0.21652,-0.19,0.94,-54.88,-29.30,14.64,-246.52
61,27,0.22513,-0.43,0.94,-56.94,-28.37,0.00,-238.65
61,28,0.23328,-0.67,0.94,-58.99,-29.96,0.00,-252.06
61,29,0.24142,-0.96,0.94,-61.04,-34.46,-0.00,-252.06
61,30,0.24994,-1.37,1.05,-63.10,-48.75,12.68,-241.58
61,31,0.25821,-1.82,1.05,-65.16,-54.61,0.00,-248.71
61,32,0.26672,-2.40,1.05,-67.22,-67.74,-0.00,-241.94
61,33,0.27502,-3.10,1.05,-69.25,-84.19,0.00,-245.22
61,34,0.28354,-4.23,1.05,-71.20,-133.33,-0.00,-228.32
61,35,0.29160,-5.50,1.05,-73.14,-157.58,0.00,-241.67
61,36,0.29993,-7.26,1.05,-75.10,-210.62,0.00,-234.80
61,37,0.30829,-9.05,1.05,-77.14,-213.87,0.00,-244.16
61,38,0.31680,-10.96,1.31,-79.49,-224.73,30.57,-275.63
61,39,0.32529,-12.89,1.79,-81.93,-227.70,57.07,-288.13
61,40,0.33322,-14.89,2.34,-84.74,-252.31,68.37,-353.46
61,41,0.34161,-16.93,2.89,-87.63,-242.55,66.32,-344.36
61,42,0.35001,-19.09,3.50,-90.82,-257.45,72.71,-380.36
61,43,0.35822,-21.22,4.13,-94.13,-260.22,76.37,-403.72
61,44,0.36664,-23.28,4.82,-97.89,-243.48,81.64,-445.29
61,45,0.37503,-25.19,5.59,-102.25,-227.64,91.97,-520.36
61,46,0.38342,-26.63,6.69,-108.98,-171.64,130.94,-802.18
61,47,0.39172,-28.00,7.73,-115.35,-165.07,125.23,-766.54
61,48,0.40024,-29.24,8.65,-121.01,-145.52,108.58,-664.52
61,49,0.40848,-30.47,9.58,-126.66,-150.37,112.33,-686.67
61,50,0.41687,-31.71,10.50,-132.32,-147.64,110.29,-674.18
61,51,0.42511,-32.95,12.58,-137.99,-150.00,251.60,-688.15
61,52,0.43353,-34.17,21.21,-143.70,-145.29,1025.05,-677.90
61,53,0.44162,-35.39,29.76,-149.41,-150.94,1057.55,-706.42
61,54,0.45010,-36.61,38.06,-155.14,-142.81,977.76,-674.46
61,55,0.45853,-37.81,46.27,-160.86,-143.48,975.27,-679.35
61,56,0.46713,-39.01,54.23,-166.58,-139.36,924.87,-664.54
61,57,0.47528,-40.21,62.10,-172.29,-146.82,965.10,-701.50
61,58,0.48361,-41.39,69.66,-178.00,-142.12,907.61,-684.62
61,59,0.49179,-42.58,77.09,-183.72,-145.15,909.31,-700.37
61,60,0.50018,-43.77,84.14,-189.53,-141.82,839.20,-692.00
61,61,0.50851,-44.99,91.00,-195.53,-146.15,823.60,-720.15
61,62,0.51694,-46.30,97.29,-202.14,-155.07,746.61,-784.78
61,63,0.52518,-47.62,103.26,-208.86,-160.37,725.03,-815.56
61,64,0.53363,-48.98,108.24,-215.93,-161.73,589.03,-836.10
61,65,0.54166,-50.35,112.70,-223.03,-170.72,555.55,-884.03
61,66,0.55023,-51.73,115.51,-230.21,-160.50,328.06,-837.37
61,67,0.55850,-53.10,117.99,-237.33,-165.31,300.05,-861.62
61,68,0.56671,-54.43,119.43,-244.28,-162.45,174.49,-846.47
61,69,0.57544,-55.74,120.67,-251.09,-150.00,142.22,-780.07
61,70,0.58356,-56.97,121.30,-257.46,-151.88,78.47,-784.59
61,71,0.59207,-58.17,121.81,-263.60,-140.50,59.38,-721.86
61,72,0.60034,-59.25,121.90,-269.05,-131.00,10.87,-658.67
61,73,0.60858,-60.31,121.89,-274.32,-127.78,-1.32,-638.89
61,74,0.61661,-61.26,121.56,-279.01,-119.39,-41.07,-585.17
61,75,0.62518,-62.21,121.15,-283.66,-110.68,-48.36,-542.35
61,76,0.63345,-63.14,120.46,-288.17,-111.81,-82.67,-545.02
61,77,0.64166,-64.06,119.69,-292.68,-112.27,-93.75,-548.70
61,78,0.65021,-64.98,118.65,-297.17,-107.50,-121.82,-525.71
62,0,0.00000,0.00,0.00,0.00,-49.28,0.92,-83.33
62,1,0.00809,-0.43,0.00,-0.73,-53.21,0.00,-90.19
62,2,0.01630,-1.47,0.00,-2.52,-127.14,0.00,-218.22
62,3,0.02505,-2.53,0.00,-4.33,-120.56,0.00,-206.97
62,4,0.03320,-3.81,0.00,-6.59,-157.30,0.00,-277.53
62,5,0.04160,-5.09,0.00,-8.85,-152.73,0.00,-269.09
62,6,0.04996,-6.24,0.12,-10.99,-136.86,13.88,-255.84
62,7,0.05823,-7.38,0.12,-13.13,-138.38,0.00,-258.30
62,8,0.06662,-8.36,0.12,-15.00,-116.00,0.00,-223.27
62,9,0.07492,-9.33,0.12,-16.88,-117.28,0.00,-225.74
62,10,0.08328,-10.30,0.12,-18.75,-116.42,0.00,-224.09
62,11,0.09171,-11.28,0.12,-20.62,-115.58,0.00,-222.46
62,12,0.09988,-12.25,0.22,-22.50,-119.03,12.91,-229.10
62,13,0.10812,-13.22,0.22,-24.37,-118.15,0.00,-227.41
62,14,0.11664,-14.29,0.22,-26.18,-124.73,0.00,-212.19
62,15,0.12509,-15.35,0.22,-27.98,-125.63,0.00,-213.72
62,16,0.13336,-16.41,0.22,-29.79,-128.41,0.00,-218.45
62,17,0.14197,-17.47,0.22,-31.60,-123.76,0.00,-209.93
62,18,0.14999,-18.64,0.34,-33.30,-145.25,15.19,-212.17
62,19,0.15848,-19.81,0.34,-35.00,-137.41,0.00,-200.72
62,20,0.16666,-20.97,0.34,-36.71,-142.54,0.00,-208.21
62,21,0.17514,-22.14,0.34,-38.41,-137.41,0.00,-200.72
62,22,0.18320,-23.30,0.34,-40.11,-144.70,0.00,-211.36
62,23,0.19171,-24.47,0.46,-41.82,-136.92,14.13,-200.00
62,24,0.19995,-25.63,0.46,-43.52,-141.48,0.00,-206.67
62,25,0.20844,-26.80,0.46,-45.22,-137.77,0.00,-200.72
62,26,0.21671,-28.06,0.46,-46.86,-152.40,0.00,-198.15
62,27,0.22516,-29.32,0.57,-48.50,-149.10,12.20,-193.86
62,28,0.23331,-30.58,0.57,-50.14,-154.68,0.00,-201.12
62,29,0.24182,-31.85,0.57,-51.78,-148.39,-0.00,-192.47
62,30,0.25009,-33.26,0.57,-53.33,-170.48,0.00,-187.82
62,31,0.25842,-34.67,0.69,-54.88,-169.23,14.42,-186.45
62,32,0.26706,-36.22,0.69,-56.36,-179.51,0.00,-170.67
62,33,0.27502,-37.77,0.69,-57.83,-195.40,-0.00,-184.67
62,34,0.28345,-39.75,0.82,-58.92,-234.06,15.19,-129.35
62,35,0.29187,-41.72,0.82,-60.00,-234.42,0.00,-128.99
62,36,0.30005,-44.23,0.94,-60.78,-306.72,15.22,-95.52
62,37,0.30841,-46.74,0.94,-61.57,-300.73,0.00,-93.80
62,38,0.31644,-49.59,1.09,-62.60,-354.37,18.90,-128.90
62,39,0.32507,-52.44,1.09,-63.64,-329.68,0.00,-120.49
62,40,0.33331,-55.59,1.26,-65.03,-382.96,20.30,-167.78
62,41,0.34204,-58.75,1.26,-66.41,-361.89,0.00,-158.74
62,42,0.35001,-62.24,1.44,-68.05,-438.31,22.97,-205.36
62,43,0.35831,-65.73,1.44,-69.69,-420.59,0.00,-197.79
62,44,0.36676,-69.41,1.64,-71.86,-435.38,22.91,-256.68
62,45,0.37506,-73.10,1.64,-74.06,-444.49,0.00,-265.07
62,46,0.38324,-77.69,1.84,-78.99,-560.45,25.01,-603.36
62,47,0.39178,-82.26,1.95,-83.92,-535.71,12.47,-576.79
62,48,0.39996,-86.22,1.95,-88.15,-484.33,0.00,-516.42
62,49,0.40833,-90.19,2.13,-92.37,-473.72,22.13,-505.11
62,50,0.41675,-94.15,2.13,-96.59,-470.29,0.00,-501.45
62,51,0.42499,-98.11,2.22,-100.82,-480.74,10.88,-512.96
62,52,0.43326,-102.08,10.85,-105.10,-480.81,1043.97,-516.97
62,53,0.44183,-106.06,19.49,-109.37,-463.70,1006.40,-498.58
62,54,0.44989,-110.03,27.78,-113.67,-493.18,1029.61,-532.95
62,55,0.45831,-114.01,36.07,-117.96,-471.74,984.42,-509.78
62,56,0.46652,-117.97,44.03,-122.26,-482.16,969.56,-523.79
62,57,0.47507,-121.92,51.99,-126.56,-463.21,930.99,-503.21
62,58,0.48318,-125.86,59.55,-130.85,-484.96,931.49,-528.95
62,59,0.49149,-129.80,67.10,-135.15,-474.63,910.29,-517.28
62,60,0.50006,-133.80,74.15,-139.53,-465.84,821.28,-510.68
62,61,0.50821,-137.80,81.18,-143.91,-491.01,863.37,-538.20
62,62,0.51682,-142.30,87.47,-148.92,-523.76,730.73,-582.27
62,63,0.52496,-146.81,93.75,-153.94,-553.56,770.09,-615.36
62,64,0.53311,-151.61,98.72,-159.31,-588.39,611.09,-659.18
62,65,0.54181,-156.40,103.68,-164.68,-551.23,569.88,-617.54
62,66,0.54996,-161.26,106.49,-170.14,-596.63,345.26,-670.41
62,67,0.55829,-166.12,109.29,-175.60,-583.15,335.93,-655.31
62,68,0.56647,-170.83,110.73,-180.89,-575.00,175.14,-646.27
62,69,0.57501,-175.52,112.15,-186.17,-550.00,166.66,-617.86
62,70,0.58331,-179.85,112.79,-191.01,-520.59,76.74,-583.09
62,71,0.59186,-184.16,113.42,-195.84,-505.00,73.87,-565.36
62,72,0.59973,-187.88,113.51,-199.96,-472.09,11.42,-523.64
62,73,0.60837,-191.59,113.59,-204.08,-430.04,9.90,-476.68
62,74,0.61661,-194.82,113.26,-207.62,-391.85,-40.00,-430.00
62,75,0.62543,-198.05,112.93,-211.17,-366.09,-37.89,-402.08
62,76,0.63333,-201.15,112.25,-214.56,-392.28,-86.51,-429.73
62,77,0.64169,-204.25,111.56,-217.96,-370.80,-82.27,-406.20
62,78,0.65002,-207.34,110.52,-221.35,-370.70,-124.95,-406.96
63,0,0.00000,0.00,0.00,0.00,-93.33,0.00,-80.37
63,1,0.00858,-0.82,-0.00,-0.72,-95.73,-0.00,-83.99
63,2,0.01688,-2.37,-0.00,-2.09,-187.13,0.00,-165.07
63,3,0.02496,-4.00,0.13,-3.54,-201.51,16.50,-178.87
63,4,0.03348,-5.93,0.13,-5.28,-226.52,-0.00,-204.66
63,5,0.04147,-7.83,0.24,-7.01,-237.02,13.89,-216.03
63,6,0.04984,-9.59,0.24,-8.68,-210.58,0.00,-199.64
63,7,0.05850,-11.30,0.35,-10.31,-197.54,12.34,-188.03
63,8,0.06680,-12.81,0.35,-11.78,-182.35,0.00,-177.21
63,9,0.07513,-14.33,0.35,-13.25,-181.68,-0.00,-176.56
63,10,0.08353,-15.84,0.50,-14.72,-180.36,17.13,-175.27
63,11,0.09186,-17.36,0.50,-16.19,-181.68,0.00,-176.56
63,12,0.10001,-18.87,0.50,-17.66,-185.77,0.00,-180.52
63,13,0.10834,-20.39,0.64,-19.11,-183.15,17.16,-174.36
63,14,0.11667,-21.97,0.64,-20.49,-189.38,0.00,-165.57
63,15,0.12509,-23.55,0.64,-21.87,-187.32,0.00,-163.77
63,16,0.13348,-25.13,0.77,-23.25,-188.00,15.67,-164.36
63,17,0.14178,-26.72,0.77,-24.60,-191.91,-0.00,-162.87
63,18,0.14990,-28.37,0.77,-25.85,-202.63,-0.00,-153.76
63,19,0.15829,-30.01,0.89,-27.10,-196.00,14.12,-148.73
63,20,0.16653,-31.66,0.89,-28.35,-199.63,-0.00,-151.48
63,21,0.17517,-33.30,0.89,-29.60,-190.46,0.00,-144.52
63,22,0.18326,-34.95,1.00,-30.84,-203.40,14.09,-154.34
63,23,0.19196,-36.59,1.00,-32.09,-189.12,0.00,-143.51
63,24,0.20001,-38.24,1.00,-33.34,-204.17,0.00,-154.92
63,25,0.20844,-39.89,1.12,-34.57,-196.74,13.45,-146.01
63,26,0.21698,-41.60,1.12,-35.73,-200.36,0.00,-135.36
63,27,0.22498,-43.32,1.12,-36.88,-214.12,0.00,-144.66
63,28,0.23340,-45.03,1.22,-38.04,-203.26,12.06,-137.32
63,29,0.24207,-46.77,1.22,-39.17,-200.35,-0.00,-130.63
63,30,0.25015,-48.59,1.22,-40.20,-226.04,0.00,-127.55
63,31,0.25870,-50.44,1.22,-41.21,-216.43,0.00,-117.86
63,32,0.26675,-52.38,1.33,-42.12,-240.53,13.63,-113.26
63,33,0.27512,-54.37,1.33,-42.94,-238.32,0.00,-97.08
63,34,0.28366,-56.59,1.33,-43.35,-258.93,0.00,-48.21
63,35,0.29172,-58.88,1.33,-43.67,-284.85,0.00,-39.77
63,36,0.29993,-61.51,1.33,-43.62,-320.07,0.00,5.95
63,37,0.30832,-64.22,1.33,-43.60,-322.55,0.00,2.55
63,38,0.31650,-67.24,1.33,-43.68,-369.78,0.00,-10.45
63,39,0.32492,-70.35,1.33,-43.82,-368.84,0.00,-15.94
63,40,0.33350,-73.78,1.33,-44.13,-400.00,0.00,-37.01
63,41,0.34152,-77.29,1.33,-44.48,-437.26,0.00,-42.97
63,42,0.34988,-81.12,1.33,-44.93,-458.03,0.00,-54.38
63,43,0.35834,-85.01,1.33,-45.48,-461.01,0.00,-64.26
63,44,0.36649,-89.19,1.33,-46.38,-512.73,0.00,-110.49
63,45,0.37506,-93.71,1.33,-47.75,-527.40,0.00,-159.79
63,46,0.38318,-99.62,1.33,-50.99,-727.44,-0.00,-398.87
63,47,0.39154,-105.36,1.33,-54.13,-686.86,0.00,-375.91
63,48,0.39978,-110.45,1.49,-56.89,-617.78,20.02,-335.19
63,49,0.40817,-115.54,1.49,-59.65,-606.55,0.00,-329.09
63,50,0.41653,-120.63,1.64,-62.41,-608.76,17.55,-330.29
63,51,0.42505,-125.73,3.37,-65.19,-598.57,203.22,-325.45
63,52,0.43323,-130.85,12.00,-67.99,-626.12,1055.65,-342.91
63,53,0.44189,-135.97,20.57,-70.80,-590.85,988.35,-323.94
63,54,0.44992,-141.09,28.86,-73.62,-638.40,1033.52,-351.71
63,55,0.45837,-146.22,37.09,-76.45,-605.78,973.32,-334.30
63,56,0.46655,-151.33,45.05,-79.28,-625.00,973.18,-346.27
63,57,0.47501,-156.44,52.93,-82.11,-604.33,932.13,-335.02
63,58,0.48318,-161.53,60.49,-84.94,-622.39,924.54,-346.27
63,59,0.49155,-166.63,67.95,-87.79,-610.58,891.86,-340.15
63,60,0.49997,-171.80,74.99,-90.68,-614.13,836.16,-343.84
63,61,0.50827,-177.11,81.88,-93.67,-639.71,830.23,-359.56
63,62,0.51657,-182.97,88.17,-97.00,-705.51,757.59,-401.84
63,63,0.52484,-188.90,94.20,-100.39,-717.34,728.64,-409.23
63,64,0.53326,-195.15,99.18,-103.97,-741.30,591.16,-425.72
63,65,0.54150,-201.41,103.72,-107.57,-760.00,551.59,-436.67
63,66,0.54990,-207.75,106.54,-111.22,-754.91,335.22,-435.27
63,67,0.55835,-214.04,109.07,-114.85,-744.40,300.04,-429.24
63,68,0.56653,-220.17,110.51,-118.39,-749.25,175.14,-432.09
63,69,0.57501,-226.19,111.78,-121.86,-710.43,150.04,-409.35
63,70,0.58325,-231.82,112.42,-125.09,-682.96,77.31,-392.22
63,71,0.59161,-237.29,112.94,-128.22,-653.65,63.06,-374.45
63,72,0.59998,-242.11,113.03,-130.96,-577.37,10.76,-327.74
63,73,0.60822,-246.81,113.04,-133.62,-570.00,0.70,-322.96
63,74,0.61649,-250.99,112.71,-135.97,-505.17,-39.86,-283.39
63,75,0.62488,-255.14,112.31,-138.29,-494.18,-47.74,-277.09
63,76,0.63348,-259.15,111.62,-140.54,-466.31,-79.45,-260.99
63,77,0.64169,-263.16,110.87,-142.79,-488.48,-92.02,-273.61
63,78,0.64990,-267.16,109.83,-145.03,-487.36,-126.81,-273.23
64,0,0.00000,0.00,0.00,0.00,123.79,0.00,0.74
64,1,0.00842,1.09,0.00,-0.10,128.99,0.00,-11.96
64,2,0.01669,3.12,0.00,-0.49,246.13,0.00,-46.86
64,3,0.02509,5.21,0.12,-1.10,249.09,14.24,-73.09
64,4,0.03342,7.63,0.12,-2.06,290.11,0.00,-114.65
64,5,0.04178,9.91,0.24,-3.22,272.99,14.50,-139.42
64,6,0.05017,12.04,0.24,-4.54,253.09,0.00,-157.45
64,7,0.05856,13.90,0.37,-5.98,222.55,15.00,-170.55
64,8,0.06674,15.46,0.37,-7.40,189.93,0.00,-174.63
64,9,0.07513,16.86,0.48,-8.98,167.27,13.87,-188.00
64,10,0.08347,18.10,0.48,-10.69,148.72,0.00,-205.13
64,11,0.09183,19.16,0.60,-12.52,127.01,14.27,-218.25
64,12,0.10013,20.04,0.60,-14.44,105.51,0.00,-231.62
64,13,0.10858,20.69,0.72,-16.44,77.26,13.87,-236.82
64,14,0.11682,21.06,0.72,-18.50,44.44,0.00,-250.37
64,15,0.12521,21.21,0.83,-20.59,18.55,12.84,-249.09
64,16,0.13345,21.16,0.83,-22.69,-6.30,0.00,-254.44
64,17,0.14185,20.91,0.83,-24.76,-29.82,-0.00,-246.91
64,18,0.15021,20.56,0.97,-26.80,-42.34,16.65,-243.43
64,19,0.15860,20.20,0.97,-28.83,-42.18,0.00,-242.55
64,20,0.16678,19.85,0.97,-30.87,-43.28,0.00,-248.88
64,21,0.17526,19.49,1.10,-32.90,-41.73,15.43,-239.93
64,22,0.18365,19.14,1.10,-34.94,-42.18,0.00,-242.55
64,23,0.19193,18.79,1.10,-36.98,-42.80,0.00,-246.13
64,24,0.20020,18.43,1.23,-39.01,-42.80,15.82,-246.13
64,25,0.20865,18.05,1.23,-41.04,-45.13,0.00,-240.07
64,26,0.21689,17.58,1.23,-43.05,-56.67,0.00,-244.44
64,27,0.22531,17.12,1.35,-45.07,-55.43,14.96,-239.13
64,28,0.23355,16.65,1.35,-47.08,-56.67,0.00,-244.44
64,29,0.24197,16.14,1.35,-49.09,-60.14,0.00,-238.77
64,30,0.25027,15.51,1.48,-51.10,-76.84,14.54,-241.18
64,31,0.25864,14.83,1.48,-53.09,-80.66,0.00,-238.69
64,32,0.26703,14.03,1.48,-55.09,-95.64,-0.00,-237.82
64,33,0.27533,13.09,1.58,-57.04,-112.87,12.87,-235.66
64,34,0.28360,11.74,1.58,-58.87,-163.47,0.00,-220.30
64,35,0.29199,10.24,1.58,-60.66,-178.55,0.00,-213.82
64,36,0.30017,8.28,1.58,-62.41,-239.55,0.00,-214.18
64,37,0.30869,6.27,1.58,-64.26,-235.84,0.00,-216.85
64,38,0.31689,4.12,1.58,-66.38,-262.83,-0.00,-258.36
64,39,0.32532,1.92,1.69,-68.62,-260.51,13.18,-265.58
64,40,0.33356,-0.38,1.89,-71.19,-278.89,24.11,-311.85
64,41,0.34204,-2.72,2.06,-73.85,-276.62,20.07,-313.67
64,42,0.35031,-5.22,2.25,-76.79,-301.85,22.99,-355.35
64,43,0.35876,-7.70,2.45,-79.87,-293.86,23.89,-364.62
64,44,0.36691,-10.15,2.69,-83.37,-300.37,29.06,-429.96
64,45,0.37531,-12.52,2.99,-87.61,-281.82,35.49,-505.09
64,46,0.38354,-14.64,3.47,-94.00,-257.78,57.84,-775.93
64,47,0.39200,-16.69,3.92,-100.16,-242.96,54.33,-728.88
64,48,0.40018,-18.55,4.33,-105.65,-226.49,49.96,-670.90
64,49,0.40857,-20.40,4.74,-111.14,-220.73,48.70,-653.82
64,50,0.41684,-22.25,5.15,-116.63,-223.99,49.35,-663.47
64,51,0.42523,-24.10,7.35,-122.13,-220.36,261.78,-655.64
64,52,0.43347,-25.94,15.98,-127.67,-223.70,1047.83,-672.22
64,53,0.44193,-27.78,24.53,-133.21,-217.69,1011.16,-655.96
64,54,0.45013,-29.61,32.82,-138.77,-223.05,1010.47,-676.58
64,55,0.45850,-31.44,41.03,-144.32,-218.61,981.81,-664.23
64,56,0.46680,-33.26,48.99,-149.87,-219.12,958.87,-669.12
64,57,0.47525,-35.07,56.85,-155.43,-214.44,929.59,-656.68
64,58,0.48346,-36.87,64.41,-160.96,-219.33,921.11,-674.72
64,59,0.49188,-38.68,71.84,-166.53,-214.49,882.07,-660.87
64,60,0.50012,-40.50,78.88,-172.17,-220.74,854.74,-684.81
64,61,0.50854,-42.37,85.74,-178.02,-222.10,813.36,-693.84
64,62,0.51678,-44.39,92.02,-184.45,-245.19,763.20,-780.00
64,63,0.52518,-46.44,97.98,-190.99,-244.36,709.61,-779.64
64,64,0.53357,-48.57,102.96,-197.86,-254.18,593.31,-819.27
64,65,0.54208,-50.71,107.39,-204.77,-251.25,520.05,-810.75
64,66,0.55029,-52.87,110.20,-211.75,-262.45,342.71,-850.93
64,67,0.55869,-55.00,112.66,-218.68,-254.55,293.33,-825.45
64,68,0.56683,-57.09,114.09,-225.44,-255.81,175.80,-829.59
64,69,0.57529,-59.13,115.32,-232.06,-241.88,145.49,-782.67
64,70,0.58347,-61.06,115.96,-238.25,-235.07,77.89,-757.46
64,71,0.59192,-62.92,116.46,-244.22,-219.86,58.88,-705.78
64,72,0.60013,-64.59,116.55,-249.51,-203.72,10.95,-644.98
64,73,0.60864,-66.21,116.53,-254.62,-190.32,-1.99,-600.00
64,74,0.61679,-67.67,116.20,-259.18,-179.78,-40.45,-559.93
64,75,0.62531,-69.13,115.78,-263.70,-170.61,-49.31,-530.47
64,76,0.63354,-70.54,115.10,-268.08,-171.11,-82.98,-531.48
64,77,0.64188,-71.95,114.32,-272.45,-169.23,-92.99,-525.27
64,78,0.65018,-73.35,113.28,-276.82,-169.12,-125.41,-526.10
65,0,0.00000,0.00,0.00,0.00,-85.04,0.16,-85.40
65,1,0.00833,-0.77,0.00,-0.78,-92.31,0.00,-93.04
65,2,0.01666,-2.22,0.00,-2.25,-174.36,0.00,-177.29
65,3,0.02496,-3.74,0.00,-3.81,-183.46,0.00,-187.50
65,4,0.03351,-5.55,0.00,-5.68,-210.71,0.00,-219.29
65,5,0.04175,-7.32,0.00,-7.54,-214.81,0.00,-225.19
65,6,0.05008,-8.95,0.00,-9.33,-196.70,0.00,-214.65
65,7,0.05835,-10.55,0.00,-11.07,-192.62,0.00,-211.07
65,8,0.06702,-11.95,0.00,-12.65,-162.32,0.00,-181.69
65,9,0.07504,-13.38,0.00,-14.25,-177.95,0.00,-199.24
65,10,0.08350,-14.79,0.00,-15.82,-166.43,0.00,-186.28
65,11,0.09204,-16.20,0.00,-17.40,-164.64,0.00,-184.29
65,12,0.10086,-17.62,0.00,-18.99,-161.25,0.00,-180.62
65,13,0.10840,-19.10,0.00,-20.61,-197.17,0.00,-214.57
65,14,0.11682,-20.58,0.10,-22.09,-175.36,12.36,-176.45
65,15,0.12515,-22.06,0.10,-23.58,-177.29,0.00,-178.39
65,16,0.13351,-23.54,0.43,-25.06,-176.64,39.49,-177.74
65,17,0.14178,-25.03,0.70,-26.52,-181.18,32.24,-175.65
65,18,0.15021,-26.59,0.95,-27.88,-184.42,29.70,-161.59
65,19,0.15854,-28.14,1.20,-29.24,-186.45,29.88,-163.37
65,20,0.16696,-29.69,1.49,-30.60,-184.42,34.20,-161.59
65,21,0.17520,-31.25,1.73,-31.96,-188.52,29.61,-165.19
65,22,0.18359,-32.80,2.02,-33.32,-185.09,33.94,-162.18
65,23,0.19189,-34.35,2.33,-34.68,-187.13,37.71,-163.97
65,24,0.20026,-35.91,2.64,-36.04,-185.77,37.36,-162.77
65,25,0.20850,-37.48,2.95,-37.38,-190.74,37.62,-162.59
65,26,0.21692,-39.11,3.25,-38.66,-193.12,35.86,-151.45
65,27,0.22519,-40.73,3.56,-39.94,-196.68,36.52,-154.24
65,28,0.23352,-42.36,3.86,-41.21,-195.24,36.25,-153.11
65,29,0.24188,-44.02,4.16,-42.46,-198.54,35.65,-148.91
65,30,0.25021,-45.77,4.44,-43.61,-209.89,34.59,-138.83
65,31,0.25851,-47.55,4.73,-44.74,-214.71,34.36,-135.66
65,32,0.26682,-49.42,5.00,-45.79,-225.00,33.13,-126.10
65,33,0.27515,-51.37,5.26,-46.70,-234.07,31.00,-110.26
65,34,0.28351,-53.55,5.47,-47.27,-260.58,25.25,-67.88
65,35,0.29181,-55.84,5.67,-47.72,-276.84,23.65,-54.41
65,36,0.30020,-58.47,5.83,-47.86,-312.73,19.18,-16.36
65,37,0.30844,-61.20,6.00,-48.04,-331.11,21.06,-21.85
65,38,0.31686,-64.21,6.21,-48.34,-357.61,24.76,-35.51
65,39,0.32510,-67.32,6.44,-48.71,-378.15,27.44,-44.81
65,40,0.33350,-70.72,6.71,-49.27,-405.09,32.54,-66.55
65,41,0.34177,-74.23,7.00,-49.87,-423.62,34.56,-73.06
65,42,0.35016,-78.02,7.32,-50.60,-451.27,38.25,-86.18
65,43,0.35855,-81.89,7.67,-51.45,-461.45,41.39,-101.45
65,44,0.36691,-85.99,8.08,-52.64,-490.88,49.98,-142.70
65,45,0.37518,-90.52,8.63,-54.50,-546.86,65.78,-224.35
65,46,0.38361,-96.18,9.49,-58.14,-672.10,102.06,-432.97
65,47,0.39191,-101.63,10.32,-61.65,-656.99,99.70,-422.06
65,48,0.40027,-106.51,11.05,-64.76,-583.94,88.10,-372.26
65,49,0.40860,-111.40,11.79,-67.87,-586.08,88.39,-373.63
65,50,0.41690,-116.28,12.53,-70.98,-588.24,88.72,-375.00
65,51,0.42523,-121.17,14.85,-74.11,-587.18,279.39,-375.09
65,52,0.43359,-126.08,23.49,-77.27,-587.23,1032.54,-378.10
65,53,0.44189,-130.99,32.03,-80.44,-591.54,1029.13,-381.25
65,54,0.45023,-135.90,40.32,-83.62,-589.38,995.66,-381.68
65,55,0.45856,-140.81,48.53,-86.80,-589.01,984.80,-381.68
65,56,0.46695,-145.71,56.49,-89.98,-583.64,948.41,-379.64
65,57,0.47519,-150.60,64.34,-93.17,-593.70,952.96,-386.67
65,58,0.48355,-155.47,71.90,-96.35,-583.21,904.30,-381.02
65,59,0.49182,-160.37,79.32,-99.56,-592.25,897.39,-387.45
65,60,0.50024,-165.33,86.37,-102.81,-588.41,836.15,-386.59
65,61,0.50851,-170.46,93.21,-106.20,-620.30,826.99,-409.59
65,62,0.51697,-176.07,99.50,-109.94,-663.18,743.91,-442.24
65,63,0.52518,-181.77,105.43,-113.75,-694.80,723.03,-464.68
65,64,0.53363,-187.74,110.41,-117.77,-706.86,589.03,-475.45
65,65,0.54187,-193.74,114.80,-121.81,-727.78,533.40,-490.00
65,66,0.55029,-199.80,117.62,-125.90,-719.93,334.18,-485.87
65,67,0.55865,-205.81,120.06,-129.96,-718.25,291.81,-485.04
65,68,0.56702,-211.67,121.49,-133.92,-701.09,171.31,-473.36
65,69,0.57529,-217.41,122.71,-137.78,-693.36,147.21,-467.53
65,70,0.58368,-222.79,123.35,-141.40,-641.45,75.90,-431.27
65,71,0.59201,-227.97,123.84,-144.88,-621.61,58.71,-416.85
65,72,0.60043,-232.59,123.93,-147.95,-548.91,10.68,-365.22
65,73,0.60870,-237.05,123.90,-150.91,-538.75,-2.84,-357.56
65,74,0.61707,-241.05,123.57,-153.54,-478.83,-39.42,-314.96
65,75,0.62534,-245.01,123.15,-156.15,-478.97,-51.43,-315.13
65,76,0.63379,-248.86,122.46,-158.68,-454.87,-80.88,-298.92
65,77,0.64206,-252.70,121.68,-161.20,-464.58,-94.35,-305.17
65,78,0.65045,-256.53,120.64,-163.72,-456.73,-124.04,-300.36
66,0,0.00000,0.00,0.00,0.00,40.58,-0.00,-113.77
66,1,0.00821,0.27,0.00,-1.06,32.34,0.00,-129.00
66,2,0.01675,0.57,0.00,-3.11,35.71,0.00,-240.00
66,3,0.02493,0.68,0.00,-5.31,13.43,0.00,-269.40
66,4,0.03339,0.57,0.00,-7.91,-12.64,0.00,-307.22
66,5,0.04160,0.23,0.00,-10.45,-42.38,0.00,-309.29
66,6,0.05002,-0.29,0.00,-12.82,-60.87,0.00,-281.52
66,7,0.05832,-0.78,0.00,-15.13,-59.19,0.00,-277.94
66,8,0.06668,-1.20,0.00,-17.20,-50.00,0.00,-247.45
66,9,0.07501,-1.61,0.00,-19.27,-50.18,0.00,-248.35
66,10,0.08340,-2.03,0.00,-21.33,-49.82,0.00,-246.55
66,11,0.09164,-2.45,0.00,-23.40,-50.74,0.00,-251.11
66,12,0.10016,-2.87,0.00,-25.47,-49.10,0.00,-243.01
66,13,0.10834,-3.31,0.00,-27.53,-54.10,0.00,-251.87
66,14,0.11676,-3.84,0.00,-29.56,-62.32,0.00,-240.94
66,15,0.12503,-4.36,0.00,-31.59,-63.47,0.00,-245.76
66,16,0.13345,-4.89,0.00,-33.62,-62.32,0.00,-240.94
66,17,0.14175,-5.44,0.00,-35.67,-67.28,0.00,-245.96
66,18,0.15009,-6.10,0.00,-37.63,-78.39,0.00,-235.16
66,19,0.15842,-6.75,0.00,-39.58,-78.39,0.00,-235.16
66,20,0.16678,-7.40,0.00,-41.54,-78.10,0.00,-234.31
66,21,0.17505,-8.06,0.00,-43.50,-78.97,0.00,-236.90
66,22,0.18350,-8.71,0.00,-45.46,-77.26,0.00,-231.77
66,23,0.19174,-9.36,0.00,-47.42,-79.26,0.00,-237.78
66,24,0.20020,-10.02,0.00,-49.38,-77.26,0.00,-231.77
66,25,0.20840,-10.69,0.00,-51.33,-82.53,0.00,-237.55
66,26,0.21683,-11.45,0.00,-53.25,-90.22,0.00,-228.26
66,27,0.22510,-12.21,0.00,-55.18,-91.88,0.00,-232.47
66,28,0.23355,-12.97,0.00,-57.10,-89.89,0.00,-227.44
66,29,0.24173,-13.77,0.00,-59.01,-97.39,0.00,-233.96
66,30,0.25015,-14.69,0.00,-60.89,-109.78,0.00,-223.55
66,31,0.25839,-15.66,0.00,-62.77,-116.67,0.00,-227.41
66,32,0.26682,-16.74,0.00,-64.61,-128.62,0.00,-219.20
66,33,0.27509,-17.94,0.00,-66.40,-145.02,0.00,-216.24
66,34,0.28363,-19.53,0.00,-67.99,-186.43,0.00,-186.07
66,35,0.29181,-21.28,0.00,-69.56,-213.43,0.00,-191.42
66,36,0.30020,-23.47,0.00,-71.00,-261.82,0.00,-172.00
66,37,0.30850,-25.73,0.00,-72.53,-271.69,0.00,-183.46
66,38,0.31705,-28.18,0.00,-74.30,-286.43,0.00,-208.21
66,39,0.32516,-30.69,0.00,-76.20,-310.15,0.00,-233.46
66,40,0.33359,-33.35,0.00,-78.40,-314.86,0.00,-261.23
66,41,0.34183,-36.06,0.00,-80.68,-329.26,0.00,-277.04
66,42,0.35025,-38.96,0.00,-83.22,-344.57,0.00,-301.09
66,43,0.35852,-41.88,0.00,-85.89,-352.40,0.00,-323.62
66,44,0.36685,-44.82,0.00,-89.00,-352.75,0.00,-372.53
66,45,0.37540,-47.78,0.00,-92.81,-347.14,0.00,-445.71
66,46,0.38364,-50.83,0.00,-98.82,-369.63,0.00,-729.26
66,47,0.39188,-53.78,0.00,-104.62,-357.78,0.00,-704.07
66,48,0.40033,-56.42,0.00,-109.77,-312.64,0.00,-609.75
66,49,0.40854,-59.09,0.00,-114.98,-324.91,0.00,-634.20
66,50,0.41690,-61.73,0.00,-120.13,-316.06,0.00,-616.42
66,51,0.42514,-64.37,2.19,-125.30,-320.74,265.31,-627.04
66,52,0.43350,-67.01,10.82,-130.51,-315.69,1032.54,-622.63
66,53,0.44174,-69.65,19.37,-135.72,-320.37,1037.42,-632.59
66,54,0.45010,-72.28,27.66,-140.94,-314.96,992.03,-624.82
66,55,0.45847,-74.91,35.87,-146.17,-314.60,981.86,-624.82
66,56,0.46667,-77.53,43.83,-151.39,-318.96,969.57,-636.43
66,57,0.47488,-80.15,51.69,-156.61,-318.59,957.29,-636.06
66,58,0.48328,-82.75,59.25,-161.83,-309.82,901.01,-621.09
66,59,0.49155,-85.36,66.68,-167.06,-315.50,898.42,-633.21
66,60,0.50003,-87.99,73.73,-172.38,-310.43,830.14,-626.26
66,61,0.50836,-90.70,80.58,-177.88,-325.64,822.42,-660.44
66,62,0.51678,-93.66,86.87,-183.94,-350.36,746.61,-719.20
66,63,0.52509,-96.65,92.82,-190.10,-360.66,717.64,-743.01
66,64,0.53366,-99.78,97.80,-196.59,-364.77,580.65,-756.23
66,65,0.54199,-102.91,102.23,-203.10,-376.56,531.81,-781.68
66,66,0.55035,-106.08,105.05,-209.69,-378.47,336.44,-788.32
66,67,0.55859,-109.22,107.51,-216.23,-380.74,298.97,-793.33
66,68,0.56711,-112.28,108.94,-222.61,-359.50,168.24,-749.10
66,69,0.57529,-115.28,110.17,-228.85,-366.79,150.50,-763.06
66,70,0.58371,-118.10,110.81,-234.69,-334.78,75.63,-693.84
66,71,0.59198,-120.83,111.31,-240.34,-330.26,60.31,-682.66
66,72,0.60040,-123.26,111.40,-245.33,-289.13,10.68,-592.39
66,73,0.60867,-125.62,111.38,-250.14,-284.87,-2.17,-581.55
66,74,0.61716,-127.74,111.05,-254.43,-250.36,-38.85,-506.47
66,75,0.62534,-129.85,110.63,-258.69,-257.46,-51.48,-520.15
66,76,0.63379,-131.89,109.95,-262.81,-241.88,-80.88,-487.73
66,77,0.64200,-133.94,109.17,-266.93,-248.70,-94.50,-501.86
66,78,0.65045,-135.97,108.13,-271.04,-240.79,-123.14,-486.28
67,0,0.00000,0.00,0.00,0.00,20.96,19.74,-120.59
67,1,0.00845,0.08,0.18,-1.09,9.39,21.16,-128.88
67,2,0.01672,0.03,0.52,-3.16,-5.54,41.23,-250.55
67,3,0.02518,-0.23,0.89,-5.33,-30.69,43.55,-255.96
67,4,0.03351,-0.77,1.33,-7.87,-65.20,53.17,-305.13
67,5,0.04181,-1.54,1.77,-10.31,-93.01,52.71,-294.49
67,6,0.05008,-2.46,2.18,-12.56,-110.70,49.71,-271.59
67,7,0.05865,-3.56,2.57,-14.65,-128.47,46.00,-243.77
67,8,0.06696,-4.64,2.92,-16.46,-130.15,41.96,-218.75
67,9,0.07535,-5.72,3.27,-18.28,-128.73,41.50,-216.36
67,10,0.08362,-6.80,3.62,-20.10,-130.63,42.12,-219.56
67,11,0.09201,-7.88,3.97,-21.91,-128.73,41.53,-216.36
67,12,0.10034,-8.96,4.32,-23.73,-129.67,41.71,-217.95
67,13,0.10867,-10.06,4.66,-25.53,-131.50,41.61,-216.12
67,14,0.11694,-11.22,5.00,-27.27,-140.96,41.23,-210.70
67,15,0.12540,-12.39,5.34,-29.01,-137.91,40.18,-206.14
67,16,0.13370,-13.55,5.68,-30.76,-140.44,40.95,-209.93
67,17,0.14203,-14.74,6.02,-32.48,-142.12,40.52,-206.59
67,18,0.15027,-16.00,6.35,-34.11,-153.33,39.57,-198.15
67,19,0.15878,-17.26,6.67,-35.74,-148.39,38.49,-191.76
67,20,0.16705,-18.53,7.00,-37.37,-152.77,39.44,-197.42
67,21,0.17545,-19.79,7.33,-39.01,-150.55,38.94,-194.55
67,22,0.18369,-21.05,7.65,-40.64,-153.33,39.66,-198.15
67,23,0.19208,-22.32,7.98,-42.27,-150.55,38.79,-194.55
67,24,0.20041,-23.58,8.31,-43.91,-151.65,39.21,-195.97
67,25,0.20874,-24.86,8.63,-45.53,-153.85,39.19,-194.51
67,26,0.21701,-26.21,8.95,-47.09,-163.47,38.46,-188.93
67,27,0.22543,-27.57,9.27,-48.65,-160.51,37.94,-185.51
67,28,0.23367,-28.92,9.59,-50.21,-164.07,38.76,-189.63
67,29,0.24213,-30.30,9.91,-51.76,-163.54,37.60,-182.67
67,30,0.25037,-31.80,10.22,-53.23,-181.48,37.68,-178.52
67,31,0.25879,-33.32,10.53,-54.68,-180.80,36.64,-172.46
67,32,0.26721,-34.95,10.83,-56.06,-193.84,35.91,-164.13
67,33,0.27545,-36.66,11.12,-57.37,-207.78,35.57,-158.15
67,34,0.28372,-38.69,11.38,-58.34,-245.39,30.66,-117.71
67,35,0.29211,-40.83,11.62,-59.25,-254.18,29.48,-108.00
67,36,0.30045,-43.38,11.84,-59.88,-306.23,26.65,-76.19
67,37,0.30887,-46.00,12.08,-60.57,-311.23,27.70,-81.16
67,38,0.31708,-48.90,12.35,-61.43,-353.16,33.66,-105.95
67,39,0.32553,-51.86,12.65,-62.37,-350.90,34.40,-110.83
67,40,0.33374,-55.10,12.99,-63.57,-393.68,42.05,-146.10
67,41,0.34219,-58.40,13.35,-64.82,-390.25,42.25,-147.29
67,42,0.35049,-61.98,13.73,-66.25,-431.25,46.11,-172.79
67,43,0.35883,-65.60,14.29,-67.79,-434.80,67.65,-184.62
67,44,0.36719,-69.40,14.70,-69.74,-454.38,48.01,-233.94
67,45,0.37552,-73.41,15.29,-72.24,-481.68,71.26,-300.00
67,46,0.38379,-78.27,16.28,-76.91,-587.82,119.66,-563.84
67,47,0.39206,-83.00,17.24,-81.44,-571.59,116.41,-547.60
67,48,0.40033,-87.20,18.09,-85.42,-507.75,102.50,-482.29
67,49,0.40866,-91.40,18.59,-89.41,-504.03,60.62,-478.75
67,50,0.41696,-95.60,18.73,-93.40,-505.88,16.25,-480.51
67,51,0.42526,-99.80,20.46,-97.40,-506.25,208.45,-481.99
67,52,0.43356,-104.01,29.09,-101.44,-507.72,1040.13,-486.76
67,53,0.44202,-108.23,37.66,-105.49,-498.56,1013.32,-478.34
67,54,0.45023,-112.44,45.95,-109.55,-513.01,1010.47,-494.42
67,55,0.45865,-116.65,54.18,-113.60,-500.00,976.85,-481.88
67,56,0.46698,-120.85,62.14,-117.67,-504.03,955.36,-487.91
67,57,0.47531,-125.05,70.02,-121.73,-503.66,945.79,-487.91
67,58,0.48361,-129.22,77.58,-125.79,-503.31,910.95,-488.97
67,59,0.49200,-133.41,85.04,-129.87,-499.27,888.62,-485.82
67,60,0.50027,-137.66,92.08,-134.01,-512.92,851.58,-501.11
67,61,0.50870,-142.01,98.97,-138.28,-516.67,818.20,-506.16
67,62,0.51697,-146.80,105.26,-143.02,-578.97,760.39,-573.43
67,63,0.52536,-151.64,111.29,-147.83,-577.82,718.05,-573.45
67,64,0.53375,-156.74,116.27,-152.92,-607.27,593.31,-606.18
67,65,0.54211,-161.85,120.81,-158.02,-610.95,543.54,-610.22
67,66,0.55035,-167.02,123.63,-163.20,-627.04,341.43,-627.78
67,67,0.55884,-172.15,126.16,-168.33,-605.04,298.96,-605.76
67,68,0.56714,-177.15,127.60,-173.34,-602.21,172.57,-602.94
67,69,0.57547,-182.06,128.87,-178.26,-590.11,152.79,-590.84
67,70,0.58380,-186.66,129.51,-182.85,-551.28,76.46,-550.18
67,71,0.59216,-191.12,130.03,-187.29,-533.94,63.06,-531.75
67,72,0.60043,-195.07,130.12,-191.20,-477.49,10.87,-471.96
67,73,0.60886,-198.92,130.13,-194.99,-456.52,0.69,-450.36
67,74,0.61713,-202.34,129.80,-198.34,-414.39,-39.86,-405.17
67,75,0.62552,-205.74,129.40,-201.66,-405.09,-47.74,-396.00
67,76,0.63382,-209.04,128.71,-204.88,-396.69,-82.37,-387.13
67,77,0.64227,-212.33,127.96,-208.09,-389.17,-89.36,-380.14
67,78,0.65057,-215.61,126.92,-211.30,-395.22,-125.41,-386.40
68,0,0.00000,0.00,0.00,0.00,-76.19,26.92,-95.24
68,1,0.00836,-0.68,0.24,-0.85,-81.39,28.61,-102.19
68,2,0.01654,-1.97,0.70,-2.48,-157.09,55.80,-198.88
68,3,0.02487,-3.31,1.17,-4.20,-161.17,57.37,-205.86
68,4,0.03326,-4.90,1.75,-6.26,-189.09,68.14,-245.45
68,5,0.04163,-6.45,2.31,-8.29,-186.13,67.28,-243.80
68,6,0.05011,-7.89,2.84,-10.25,-169.06,62.70,-230.58
68,7,0.05847,-9.28,3.36,-12.16,-166.42,62.11,-228.47
68,8,0.06671,-10.50,3.82,-13.88,-148.89,56.17,-208.52
68,9,0.07520,-11.73,4.29,-15.60,-144.60,54.70,-202.52
68,10,0.08322,-12.96,4.75,-17.32,-152.85,57.67,-214.07
68,11,0.09161,-14.18,5.21,-19.03,-146.18,55.15,-204.73
68,12,0.09995,-15.41,5.67,-20.75,-147.25,55.55,-206.23
68,13,0.10846,-16.65,6.17,-22.45,-145.88,58.06,-200.00
68,14,0.11649,-17.96,6.54,-24.09,-162.74,46.71,-204.18
68,15,0.12488,-19.27,6.84,-25.73,-155.64,35.44,-195.27
68,16,0.13321,-20.57,7.16,-27.37,-156.78,37.76,-196.70
68,17,0.14157,-21.90,7.47,-28.99,-158.39,37.54,-193.43
68,18,0.14999,-23.29,7.78,-30.51,-165.58,36.67,-180.80
68,19,0.15817,-24.69,8.09,-32.03,-170.52,37.79,-186.19
68,20,0.16666,-26.08,8.40,-33.56,-164.39,36.48,-179.50
68,21,0.17496,-27.47,8.71,-35.08,-168.01,37.28,-183.46
68,22,0.18350,-28.87,9.07,-36.60,-163.21,41.95,-178.21
68,23,0.19156,-30.26,9.32,-38.13,-173.11,31.29,-189.02
68,24,0.19998,-31.66,9.52,-39.65,-165.58,23.65,-180.80
68,25,0.20822,-33.07,9.62,-41.16,-171.11,13.07,-182.96
68,26,0.21719,-34.55,9.62,-42.60,-164.63,0.00,-161.22
68,27,0.22485,-36.02,9.62,-44.05,-192.83,0.00,-188.84
68,28,0.23328,-37.50,9.62,-45.50,-175.36,0.00,-171.74
68,29,0.24173,-39.00,9.62,-46.92,-177.98,-0.00,-168.59
68,30,0.24991,-40.62,9.62,-48.26,-197.39,0.00,-163.81
68,31,0.25821,-42.26,9.62,-49.58,-197.43,-0.00,-159.19
68,32,0.26663,-44.00,9.62,-50.83,-206.88,0.00,-147.83
68,33,0.27493,-45.81,9.62,-51.98,-218.38,-0.00,-139.34
68,34,0.28308,-47.92,9.62,-52.79,-258.05,0.00,-98.50
68,35,0.29141,-50.12,9.62,-53.51,-264.10,-0.00,-87.18
68,36,0.29987,-52.71,9.62,-53.94,-306.86,0.00,-50.18
68,37,0.30811,-55.38,9.62,-54.40,-323.70,0.00,-56.30
68,38,0.31659,-58.34,9.62,-55.03,-348.92,0.00,-74.10
68,39,0.32510,-61.37,9.62,-55.72,-356.27,0.00,-80.65
68,40,0.33310,-64.69,9.62,-56.64,-415.27,0.00,-116.03
68,41,0.34149,-68.08,9.62,-57.61,-404.36,0.00,-115.64
68,42,0.34988,-71.77,9.62,-58.75,-439.27,0.00,-134.91
68,43,0.35818,-75.51,9.62,-59.98,-450.37,0.00,-148.53
68,44,0.36673,-79.46,9.62,-61.61,-462.14,0.00,-191.43
68,45,0.37491,-83.66,9.62,-63.77,-514.18,0.00,-263.81
68,46,0.38321,-88.89,9.62,-68.02,-630.15,0.00,-511.40
68,47,0.39145,-93.98,9.62,-72.14,-617.41,0.00,-500.37
68,48,0.40015,-98.50,9.62,-75.77,-518.95,0.00,-417.19
68,49,0.40836,-103.01,9.62,-79.40,-549.81,0.00,-442.01
68,50,0.41653,-107.52,9.62,-83.03,-551.87,0.00,-443.66
68,51,0.42511,-112.04,11.35,-86.66,-527.05,201.77,-424.20
68,52,0.43317,-116.58,19.99,-90.34,-562.88,1071.65,-456.44
68,53,0.44153,-121.11,28.55,-94.02,-542.34,1024.42,-440.15
68,54,0.45001,-125.65,36.85,-97.72,-534.53,977.76,-435.61
68,55,0.45810,-130.18,45.08,-101.42,-560.38,1017.40,-457.36
68,56,0.46677,-134.70,53.04,-105.12,-521.83,918.36,-427.11
68,57,0.47491,-139.22,60.92,-108.82,-554.31,967.04,-454.31
68,58,0.48315,-143.72,68.48,-112.52,-545.93,917.69,-448.89
68,59,0.49161,-148.23,75.94,-116.23,-533.94,882.20,-439.35
68,60,0.49991,-152.80,82.98,-120.01,-550.37,848.45,-455.15
68,61,0.50842,-157.49,89.87,-123.90,-550.54,809.41,-456.63
68,62,0.51700,-162.65,96.16,-128.23,-602.14,733.33,-504.98
68,63,0.52521,-167.88,102.18,-132.62,-637.17,734.06,-535.32
68,64,0.53305,-173.38,107.16,-137.27,-701.17,634.87,-592.61
68,65,0.54166,-178.89,111.71,-141.93,-640.78,528.12,-541.84
68,66,0.55026,-184.47,114.52,-146.66,-647.87,326.89,-549.29
68,67,0.55817,-190.01,117.06,-151.36,-700.77,320.89,-594.21
68,68,0.56674,-195.40,118.49,-155.93,-629.18,167.04,-533.45
68,69,0.57523,-200.86,119.78,-160.56,-643.17,152.31,-544.96
68,70,0.58340,-205.82,120.42,-164.74,-605.97,77.89,-511.94
68,71,0.59274,-210.61,120.93,-168.79,-513.40,54.69,-433.01
68,72,0.60120,-214.87,121.02,-172.35,-503.61,10.64,-421.66
68,73,0.60922,-219.00,121.01,-175.80,-514.45,-0.86,-429.28
68,74,0.61688,-222.69,120.68,-178.85,-482.07,-43.03,-398.80
68,75,0.62552,-226.35,120.27,-181.88,-423.67,-47.63,-350.53
68,76,0.63373,-229.90,119.59,-184.81,-431.97,-83.29,-356.88
68,77,0.64178,-233.44,118.82,-187.74,-439.77,-95.11,-363.64
68,78,0.65036,-236.97,117.78,-190.66,-412.10,-121.39,-340.93
69,0,0.00000,0.00,0.00,0.00,-53.45,0.34,-106.91
69,1,0.00830,-0.48,0.00,-0.96,-57.72,0.37,-115.81
69,2,0.01678,-1.39,0.00,-2.82,-107.91,0.00,-219.42
69,3,0.02499,-2.35,0.00,-4.78,-116.36,0.00,-238.29
69,4,0.03336,-3.47,0.00,-7.13,-133.94,0.00,-280.66
69,5,0.04181,-4.56,0.00,-9.45,-129.24,0.00,-274.37
69,6,0.05005,-5.55,0.00,-11.66,-120.37,0.00,-268.52
69,7,0.05847,-6.52,0.00,-13.82,-114.13,0.00,-256.16
69,8,0.06677,-7.35,0.00,-15.75,-101.10,-0.00,-233.46
69,9,0.07510,-8.19,0.00,-17.69,-100.73,0.00,-232.60
69,10,0.08359,-9.03,0.00,-19.63,-98.92,0.00,-228.42
69,11,0.09189,-9.87,0.00,-21.57,-101.10,-0.00,-233.46
69,12,0.10022,-10.71,0.00,-23.50,-100.73,0.00,-232.60
69,13,0.10855,-11.57,0.00,-25.43,-102.93,0.00,-231.14
69,14,0.11688,-12.50,0.00,-27.31,-112.09,0.00,-225.27
69,15,0.12524,-13.44,0.00,-29.18,-111.68,-0.00,-224.45
69,16,0.13361,-14.37,0.00,-31.06,-111.68,-0.00,-224.45
69,17,0.14191,-15.33,0.10,-32.92,-115.07,12.11,-223.90
69,18,0.15030,-16.37,0.10,-34.70,-124.36,0.00,-212.36
69,19,0.15866,-17.41,0.10,-36.48,-124.82,0.00,-213.14
69,20,0.16699,-18.46,0.10,-38.27,-125.27,-0.00,-213.92
69,21,0.17523,-19.50,0.10,-40.05,-126.67,-0.00,-216.30
69,22,0.18365,-20.54,0.10,-41.83,-123.91,-0.00,-211.59
69,23,0.19193,-21.59,0.10,-43.61,-126.20,-0.00,-215.50
69,24,0.20026,-22.63,0.10,-45.39,-125.27,-0.00,-213.92
69,25,0.20862,-23.70,0.10,-47.16,-127.37,-0.00,-211.68
69,26,0.21710,-24.84,0.10,-48.89,-134.53,-0.00,-203.24
69,27,0.22531,-25.98,0.10,-50.61,-139.03,0.00,-210.04
69,28,0.23367,-27.12,0.10,-52.34,-136.50,-0.00,-206.20
69,29,0.24194,-28.29,0.10,-54.05,-141.70,0.00,-206.64
69,30,0.25034,-29.59,0.10,-55.69,-154.55,0.00,-196.36
69,31,0.25858,-30.91,0.10,-57.33,-160.74,0.00,-198.52
69,32,0.26703,-32.36,0.10,-58.91,-170.76,0.00,-187.00
69,33,0.27527,-33.89,0.10,-60.42,-185.93,0.00,-183.33
69,34,0.28378,-35.78,0.10,-61.65,-221.86,-0.00,-144.09
69,35,0.29202,-37.78,0.20,-62.82,-242.96,12.29,-142.22
69,36,0.30038,-40.23,0.20,-63.78,-292.70,0.00,-114.23
69,37,0.30862,-42.74,0.20,-64.79,-304.81,0.00,-122.96
69,38,0.31702,-45.50,0.20,-66.02,-329.09,-0.00,-146.91
69,39,0.32535,-48.32,0.20,-67.33,-338.46,0.00,-156.78
69,40,0.33374,-51.37,0.20,-68.93,-363.64,0.00,-190.91
69,41,0.34210,-54.49,0.20,-70.59,-372.26,-0.00,-198.18
69,42,0.35046,-57.85,0.20,-72.47,-402.55,0.00,-224.82
69,43,0.35867,-61.25,0.20,-74.46,-413.75,0.00,-242.38
69,44,0.36713,-64.77,0.20,-76.88,-416.25,0.00,-287.00
69,45,0.37534,-68.43,0.20,-79.88,-446.10,-0.00,-364.68
69,46,0.38376,-72.65,0.20,-85.12,-501.45,0.00,-622.83
69,47,0.39212,-76.76,0.20,-90.22,-491.61,0.00,-609.49
69,48,0.40042,-80.42,0.20,-94.71,-440.07,-0.00,-541.18
69,49,0.40872,-84.07,0.20,-99.20,-440.07,0.00,-541.18
69,50,0.41711,-87.72,0.20,-103.70,-435.27,-0.00,-535.27
69,51,0.42545,-91.38,1.94,-108.20,-438.83,208.68,-540.66
69,52,0.43378,-95.04,10.58,-112.75,-439.93,1036.32,-545.79
69,53,0.44205,-98.71,19.14,-117.30,-442.80,1035.72,-550.18
69,54,0.45041,-102.37,27.44,-121.86,-437.59,992.03,-545.62
69,55,0.45865,-106.02,35.67,-126.43,-443.70,998.52,-554.07
69,56,0.46698,-109.67,43.63,-130.99,-437.73,955.36,-548.35
69,57,0.47528,-113.31,51.50,-135.56,-438.60,949.22,-550.00
69,58,0.48386,-116.93,59.07,-140.12,-422.78,881.77,-531.67
69,59,0.49194,-120.57,66.52,-144.70,-449.43,922.09,-566.04
69,60,0.50034,-124.25,73.57,-149.35,-438.18,839.20,-554.18
69,61,0.50858,-128.02,80.46,-154.13,-457.78,836.30,-580.74
69,62,0.51700,-132.16,86.75,-159.45,-491.67,746.61,-631.16
69,63,0.52533,-136.36,92.77,-164.84,-503.66,723.16,-647.25
69,64,0.53372,-140.76,97.75,-170.54,-524.73,593.32,-678.55
69,65,0.54199,-145.18,102.29,-176.25,-533.95,549.30,-691.14
69,66,0.55035,-149.64,105.11,-182.04,-533.58,336.44,-692.70
69,67,0.55872,-154.07,107.64,-187.80,-530.29,303.17,-687.96
69,68,0.56711,-158.39,109.07,-193.40,-514.55,170.68,-667.64
69,69,0.57535,-162.64,110.35,-198.91,-515.56,154.39,-668.52
69,70,0.58383,-166.61,110.98,-204.04,-467.99,75.09,-605.04
69,71,0.59216,-170.47,111.51,-209.02,-463.00,63.23,-597.80
69,72,0.60046,-173.88,111.60,-213.40,-411.76,10.83,-527.21
69,73,0.60883,-177.21,111.60,-217.65,-397.81,0.64,-508.39
69,74,0.61728,-180.18,111.27,-221.41,-351.26,-38.99,-445.13
69,75,0.62558,-183.12,110.87,-225.14,-354.78,-48.31,-449.26
69,76,0.63388,-185.98,110.19,-228.75,-343.75,-82.37,-434.56
69,77,0.64215,-188.83,109.43,-232.35,-344.65,-91.38,-436.16
69,78,0.65054,-191.67,108.39,-235.95,-338.91,-124.04,-428.73
70,0,0.00000,0.00,0.00,0.00,71.00,0.00,-101.49
70,1,0.00845,0.54,0.00,-0.95,63.54,0.00,-112.64
70,2,0.01672,1.38,0.11,-2.85,101.48,13.70,-229.15
70,3,0.02512,2.06,0.11,-4.91,81.82,0.00,-246.18
70,4,0.03345,2.66,0.22,-7.44,71.06,13.35,-303.66
70,5,0.04193,3.00,0.22,-9.99,40.29,-0.00,-299.64
70,6,0.05017,3.12,0.22,-12.41,15.56,-0.00,-294.07
70,7,0.05869,3.02,0.36,-14.77,-12.54,15.66,-277.06
70,8,0.06683,2.73,0.36,-16.86,-34.83,-0.00,-256.93
70,9,0.07523,2.24,0.36,-18.91,-58.55,0.00,-244.73
70,10,0.08353,1.66,0.36,-20.94,-70.22,0.00,-244.49
70,11,0.09198,1.08,0.36,-22.97,-68.95,-0.00,-240.07
70,12,0.10022,0.49,0.47,-25.00,-70.74,13.00,-246.30
70,13,0.10867,-0.11,0.47,-27.02,-71.12,-0.00,-238.99
70,14,0.11688,-0.79,0.47,-29.00,-83.27,-0.00,-241.26
70,15,0.12527,-1.47,0.47,-30.98,-81.45,-0.00,-236.00
70,16,0.13358,-2.16,0.47,-32.97,-82.35,0.00,-238.60
70,17,0.14194,-2.87,0.47,-34.93,-84.67,-0.00,-235.04
70,18,0.15027,-3.67,0.47,-36.83,-96.70,-0.00,-228.57
70,19,0.15872,-4.48,0.57,-38.74,-95.31,12.11,-224.91
70,20,0.16690,-5.28,0.57,-40.64,-98.51,0.00,-232.46
70,21,0.17532,-6.09,0.57,-42.54,-95.65,0.00,-225.72
70,22,0.18359,-6.89,0.57,-44.44,-97.42,-0.00,-229.89
70,23,0.19199,-7.70,0.57,-46.34,-96.00,0.00,-226.55
70,24,0.20023,-8.51,0.57,-48.24,-97.78,-0.00,-230.74
70,25,0.20865,-9.33,0.57,-50.13,-98.19,-0.00,-224.64
70,26,0.21692,-10.24,0.57,-51.99,-109.96,-0.00,-224.35
70,27,0.22531,-11.15,0.57,-53.85,-108.73,-0.00,-221.82
70,28,0.23358,-12.06,0.57,-55.71,-109.96,-0.00,-224.35
70,29,0.24197,-13.01,0.57,-57.55,-112.36,0.00,-220.00
70,30,0.25021,-14.08,0.57,-59.36,-130.37,-0.00,-218.89
70,31,0.25867,-15.19,0.57,-61.15,-130.69,0.00,-211.91
70,32,0.26694,-16.41,0.57,-62.90,-148.34,0.00,-212.18
70,33,0.27530,-17.74,0.57,-64.60,-158.76,0.00,-202.55
70,34,0.28363,-19.45,0.57,-66.06,-205.86,-0.00,-175.09
70,35,0.29202,-21.29,0.57,-67.47,-218.55,0.00,-169.09
70,36,0.30032,-23.59,0.57,-68.74,-277.57,-0.00,-152.21
70,37,0.30869,-25.96,0.57,-70.07,-282.48,-0.00,-158.76
70,38,0.31689,-28.54,0.57,-71.65,-314.50,-0.00,-192.57
70,39,0.32529,-31.17,0.57,-73.31,-313.45,0.00,-198.18
70,40,0.33365,-33.99,0.57,-75.29,-337.23,0.00,-237.23
70,41,0.34198,-36.86,0.57,-77.34,-345.05,0.00,-245.79
70,42,0.35028,-39.96,0.57,-79.64,-372.79,0.00,-276.84
70,43,0.35870,-43.10,0.57,-82.08,-372.83,0.00,-289.49
70,44,0.36697,-46.27,0.57,-84.94,-384.13,0.00,-345.76
70,45,0.37546,-49.52,0.57,-88.41,-382.73,0.00,-409.71
70,46,0.38367,-53.05,0.57,-94.18,-429.74,0.00,-702.97
70,47,0.39206,-56.46,0.57,-99.75,-406.55,0.00,-663.64
70,48,0.40030,-59.50,0.57,-104.68,-369.26,0.00,-598.15
70,49,0.40857,-62.55,0.90,-109.61,-367.90,39.87,-595.94
70,50,0.41675,-65.59,1.82,-114.54,-372.01,112.95,-602.61
70,51,0.42511,-68.63,3.70,-119.48,-364.23,224.61,-590.51
70,52,0.43338,-71.68,12.33,-124.46,-368.27,1043.97,-602.21
70,53,0.44180,-74.73,20.89,-129.44,-361.59,1016.31,-591.67
70,54,0.45013,-77.76,29.19,-134.44,-364.84,995.66,-600.00
70,55,0.45874,-80.80,37.41,-139.44,-352.84,955.40,-580.85
70,56,0.46701,-83.83,45.37,-144.44,-366.05,962.41,-604.43
70,57,0.47546,-86.85,53.24,-149.44,-357.40,931.32,-591.34
70,58,0.48376,-89.86,60.80,-154.43,-362.13,910.95,-601.10
70,59,0.49210,-92.87,68.25,-159.44,-361.90,894.06,-601.47
70,60,0.50043,-95.92,75.30,-164.52,-365.57,845.34,-610.62
70,61,0.50903,-99.05,82.19,-169.78,-364.54,801.34,-610.99
70,62,0.51724,-102.59,88.70,-175.79,-431.23,792.39,-731.60
70,63,0.52563,-106.07,94.65,-181.70,-414.18,709.57,-704.36
70,64,0.53394,-109.70,99.63,-187.92,-437.50,599.86,-748.90
70,65,0.54233,-113.35,104.06,-194.16,-434.18,527.54,-743.64
70,66,0.55072,-117.04,106.88,-200.50,-440.00,336.56,-756.00
70,67,0.55917,-120.70,109.35,-206.79,-433.21,291.26,-744.40
70,68,0.56729,-124.28,110.78,-212.94,-440.60,177.28,-756.77
70,69,0.57578,-127.76,112.00,-218.91,-410.43,143.73,-704.32
70,70,0.58401,-131.03,112.64,-224.51,-397.41,77.31,-679.63
70,71,0.59247,-134.19,113.13,-229.89,-372.92,58.02,-636.46
70,72,0.60080,-137.01,113.22,-234.67,-339.19,10.79,-573.63
70,73,0.60916,-139.74,113.20,-239.27,-326.28,-2.69,-550.36
70,74,0.61746,-142.20,112.87,-243.39,-296.32,-39.71,-495.59
70,75,0.62592,-144.64,112.44,-247.45,-288.09,-50.22,-481.23
70,76,0.63416,-147.00,111.76,-251.40,-287.04,-82.98,-478.89
70,77,0.64255,-149.36,110.98,-255.34,-281.45,-92.88,-469.82
70,78,0.65085,-151.72,109.94,-259.28,-283.82,-125.40,-474.26
71,0,0.00000,0.00,0.00,0.00,-43.84,0.34,-110.51
71,1,0.00827,-0.35,0.00,-1.02,-42.07,0.37,-122.88
71,2,0.01675,-1.01,0.00,-2.98,-78.42,-0.00,-231.29
71,3,0.02502,-1.71,0.00,-5.04,-83.76,-0.00,-249.82
71,4,0.03339,-2.51,0.00,-7.52,-96.35,0.00,-295.62
71,5,0.04166,-3.30,0.00,-9.96,-94.83,0.00,-295.20
71,6,0.05008,-3.99,0.00,-12.28,-82.61,-0.00,-275.72
71,7,0.05835,-4.67,0.00,-14.54,-81.55,-0.00,-273.80
71,8,0.06677,-5.25,0.00,-16.57,-68.84,-0.00,-240.94
71,9,0.07513,-5.83,0.00,-18.61,-69.34,0.00,-243.07
71,10,0.08340,-6.41,0.00,-20.66,-70.85,0.00,-248.34
71,11,0.09164,-6.99,0.00,-22.69,-70.37,-0.00,-246.30
71,12,0.10007,-7.57,0.00,-24.72,-68.84,-0.00,-240.94
71,13,0.10834,-8.17,0.00,-26.74,-72.69,0.00,-244.28
71,14,0.11673,-8.85,0.00,-28.72,-81.09,-0.00,-236.00
71,15,0.12506,-9.53,0.00,-30.70,-81.68,0.00,-237.73
71,16,0.13354,-10.21,0.00,-32.68,-80.22,-0.00,-233.45
71,17,0.14172,-10.92,0.10,-34.65,-86.57,12.41,-240.30
71,18,0.15015,-11.72,0.10,-36.55,-95.29,-0.00,-225.72
71,19,0.15854,-12.53,0.10,-38.45,-95.64,-0.00,-226.55
71,20,0.16690,-13.35,0.10,-40.40,-98.91,-0.00,-233.58
71,21,0.17517,-14.16,0.10,-42.30,-97.05,-0.00,-229.89
71,22,0.18350,-14.96,0.10,-44.20,-96.34,-0.00,-228.21
71,23,0.19189,-15.76,0.10,-46.11,-95.64,0.00,-226.55
71,24,0.20020,-16.56,0.10,-48.01,-96.69,0.00,-229.04
71,25,0.20850,-17.40,0.10,-49.90,-100.00,-0.00,-228.31
71,26,0.21677,-18.30,0.10,-51.76,-109.96,-0.00,-224.35
71,27,0.22513,-19.21,0.10,-53.61,-108.76,-0.00,-221.90
71,28,0.23346,-20.12,0.10,-55.47,-109.16,0.00,-222.71
71,29,0.24176,-21.07,0.10,-57.31,-114.34,0.00,-222.06
71,30,0.25024,-22.14,0.10,-59.12,-126.26,-0.00,-212.59
71,31,0.25854,-23.25,0.10,-60.91,-133.46,-0.00,-215.81
71,32,0.26688,-24.48,0.10,-62.67,-147.62,-0.00,-211.36
71,33,0.27515,-25.83,0.10,-64.35,-162.73,-0.00,-203.32
71,34,0.28375,-27.54,0.10,-65.81,-198.94,-0.00,-169.86
71,35,0.29187,-29.41,0.21,-67.23,-230.45,12.97,-174.81
71,36,0.30026,-31.71,0.21,-68.50,-274.55,0.00,-150.91
71,37,0.30856,-34.09,0.21,-69.84,-286.03,0.00,-162.13
71,38,0.31696,-36.67,0.21,-71.42,-307.27,-0.00,-188.36
71,39,0.32526,-39.31,0.21,-73.11,-318.01,0.00,-202.94
71,40,0.33362,-42.12,0.21,-75.09,-336.86,0.00,-237.23
71,41,0.34189,-45.01,0.21,-77.15,-349.08,0.00,-249.45
71,42,0.35028,-48.10,0.21,-79.46,-368.73,-0.00,-274.18
71,43,0.35861,-51.22,0.21,-81.90,-373.63,0.00,-293.04
71,44,0.36685,-54.39,0.21,-84.76,-385.56,-0.00,-347.78
71,45,0.37518,-57.65,0.21,-88.35,-391.21,-0.00,-430.77
71,46,0.38339,-61.16,0.31,-94.10,-427.51,12.28,-700.37
71,47,0.39166,-64.55,0.31,-99.65,-409.96,0.00,-670.48
71,48,0.40024,-67.59,0.31,-104.57,-354.45,0.00,-574.73
71,49,0.40836,-70.63,0.31,-109.50,-374.44,0.00,-607.14
71,50,0.41678,-73.67,0.31,-114.43,-360.87,-0.00,-585.14
71,51,0.42502,-76.71,2.49,-119.38,-368.89,264.05,-600.00
71,52,0.43350,-79.75,11.12,-124.36,-358.63,1017.68,-587.41
71,53,0.44174,-82.79,19.67,-129.35,-368.89,1037.47,-605.19
71,54,0.45020,-85.83,27.96,-134.34,-359.21,981.29,-591.34
71,55,0.45847,-88.86,36.17,-139.35,-366.79,992.78,-604.80
71,56,0.46677,-91.89,44.13,-144.35,-363.97,958.87,-602.57
71,57,0.47513,-94.90,51.99,-149.35,-360.95,939.88,-597.81
71,58,0.48349,-97.91,59.55,-154.34,-359.12,904.30,-597.08
71,59,0.49173,-100.92,66.99,-159.36,-365.56,901.83,-608.89
71,60,0.50015,-103.96,74.03,-164.45,-361.23,836.16,-604.35
71,61,0.50839,-107.10,80.88,-169.72,-380.74,831.66,-639.63
71,62,0.51685,-110.52,87.17,-175.52,-404.33,743.91,-687.00
71,63,0.52512,-113.99,93.13,-181.44,-419.56,720.48,-714.76
71,64,0.53345,-117.61,98.11,-187.66,-435.53,597.66,-746.52
71,65,0.54175,-121.25,102.54,-193.90,-438.24,534.07,-752.21
71,66,0.55014,-124.93,105.35,-200.22,-437.82,335.22,-753.45
71,67,0.55844,-128.57,107.82,-206.49,-438.97,296.98,-755.51
71,68,0.56699,-132.12,109.25,-212.61,-415.71,167.64,-715.71
71,69,0.57513,-135.60,110.48,-218.60,-427.34,151.19,-734.83
71,70,0.58356,-138.87,111.12,-224.20,-388.04,75.63,-665.22
71,71,0.59183,-142.03,111.62,-229.60,-381.55,60.35,-652.40
71,72,0.60022,-144.85,111.71,-234.38,-336.00,10.72,-569.82
71,73,0.60849,-147.58,111.69,-238.99,-329.89,-1.92,-557.93
71,74,0.61694,-150.03,111.36,-243.11,-290.61,-38.99,-486.64
71,75,0.62518,-152.47,110.94,-247.18,-295.19,-50.84,-494.44
71,76,0.63361,-154.83,110.26,-251.13,-280.43,-81.18,-468.84
71,77,0.64182,-157.19,109.49,-255.08,-287.36,-94.26,-480.67
71,78,0.65030,-159.54,108.45,-259.01,-277.34,-122.70,-464.03
72,0,0.00000,0.00,0.00,0.00,61.96,0.16,-102.54
72,1,0.00824,0.47,0.00,-0.98,56.67,0.22,-118.52
72,2,0.01672,1.18,0.00,-2.92,83.81,0.00,-229.50
72,3,0.02496,1.72,0.00,-5.03,66.30,0.00,-255.93
72,4,0.03345,2.15,0.00,-7.60,49.64,0.00,-302.16
72,5,0.04169,2.32,0.00,-10.18,20.74,0.00,-313.70
72,6,0.05011,2.28,0.00,-12.61,-4.35,-0.00,-288.04
72,7,0.05835,2.01,0.00,-14.95,-32.22,-0.00,-284.44
72,8,0.06677,1.59,0.00,-17.02,-50.36,0.00,-245.65
72,9,0.07507,0.96,0.00,-19.03,-75.74,-0.00,-242.65
72,10,0.08356,0.13,0.00,-20.98,-97.48,0.00,-229.14
72,11,0.09174,-0.91,0.00,-22.86,-127.24,0.00,-230.60
72,12,0.10010,-2.11,0.00,-24.60,-143.43,0.00,-207.66
72,13,0.10840,-3.39,0.00,-26.27,-154.41,0.00,-201.47
72,14,0.11676,-4.73,0.00,-27.88,-160.58,0.00,-192.34
72,15,0.12512,-6.07,0.00,-29.49,-160.58,0.00,-192.34
72,16,0.13348,-7.42,0.00,-31.10,-160.58,-0.00,-192.34
72,17,0.14172,-8.78,0.11,-32.68,-165.19,12.60,-192.22
72,18,0.15015,-10.21,0.11,-34.17,-169.57,0.00,-177.17
72,19,0.15845,-11.63,0.11,-35.67,-172.06,-0.00,-179.78
72,20,0.16681,-13.06,0.11,-37.16,-170.80,0.00,-178.47
72,21,0.17517,-14.49,0.11,-38.65,-170.80,-0.00,-178.47
72,22,0.18372,-15.92,0.11,-40.14,-167.14,0.00,-174.64
72,23,0.19177,-17.37,0.11,-41.66,-179.92,0.00,-187.88
72,24,0.20020,-18.80,0.11,-43.15,-169.57,-0.00,-177.17
72,25,0.20850,-20.25,0.11,-44.62,-174.63,0.00,-177.21
72,26,0.21698,-21.76,0.11,-46.03,-178.06,-0.00,-166.55
72,27,0.22510,-23.27,0.11,-47.45,-186.09,0.00,-174.06
72,28,0.23352,-24.78,0.11,-48.86,-179.35,-0.00,-167.75
72,29,0.24182,-26.32,0.11,-50.24,-186.03,0.00,-166.91
72,30,0.25018,-27.96,0.11,-51.55,-196.35,0.00,-155.84
72,31,0.25861,-29.64,0.11,-52.83,-198.91,-0.00,-151.81
72,32,0.26685,-31.41,0.21,-54.03,-214.81,12.20,-145.93
72,33,0.27521,-33.26,0.21,-55.12,-221.90,-0.00,-130.66
72,34,0.28357,-35.39,0.21,-55.87,-253.65,0.00,-90.15
72,35,0.29181,-37.63,0.21,-56.53,-271.85,-0.00,-80.00
72,36,0.30035,-40.23,0.21,-56.90,-304.64,0.00,-42.50
72,37,0.30865,-42.92,0.21,-57.31,-324.63,0.00,-49.63
72,38,0.31696,-45.90,0.21,-57.87,-358.09,0.00,-67.65
72,39,0.32520,-48.96,0.21,-58.50,-371.85,-0.00,-76.67
72,40,0.33362,-52.30,0.21,-59.35,-396.38,0.00,-101.09
72,41,0.34192,-55.73,0.21,-60.25,-413.24,0.00,-108.46
72,42,0.35034,-59.44,0.21,-61.30,-440.58,0.00,-124.64
72,43,0.35870,-63.22,0.21,-62.48,-451.82,0.00,-140.15
72,44,0.36700,-67.20,0.21,-64.02,-480.15,0.00,-186.03
72,45,0.37524,-71.52,0.32,-66.20,-523.70,14.05,-264.44
72,46,0.38361,-76.84,0.32,-70.32,-636.86,-0.00,-493.43
72,47,0.39191,-81.99,0.32,-74.30,-619.85,0.00,-479.04
72,48,0.40027,-86.58,0.32,-77.83,-549.64,0.00,-421.53
72,49,0.40845,-91.18,0.32,-81.35,-561.94,-0.00,-430.97
72,50,0.41693,-95.78,0.32,-84.88,-541.73,0.00,-415.47
72,51,0.42511,-100.38,2.44,-88.41,-562.69,259.56,-432.46
72,52,0.43353,-105.00,11.08,-91.99,-548.19,1025.05,-424.28
72,53,0.44177,-109.61,19.63,-95.57,-560.37,1037.73,-434.44
72,54,0.45013,-114.23,27.92,-99.16,-552.19,992.03,-429.56
72,55,0.45837,-118.84,36.14,-102.75,-560.00,996.70,-436.30
72,56,0.46680,-123.45,44.10,-106.35,-546.74,944.97,-427.17
72,57,0.47510,-128.05,51.96,-109.95,-554.04,947.09,-433.46
72,58,0.48352,-132.63,59.52,-113.54,-544.20,897.74,-426.81
72,59,0.49200,-137.23,66.95,-117.16,-542.09,876.25,-426.26
72,60,0.50037,-141.89,74.00,-120.83,-556.57,842.26,-439.42
72,61,0.50867,-146.69,80.85,-124.64,-578.68,826.10,-458.46
72,62,0.51709,-151.95,87.14,-128.85,-624.64,746.61,-500.00
72,63,0.52527,-157.30,93.11,-133.14,-653.73,729.78,-524.63
72,64,0.53369,-162.90,98.09,-137.66,-665.22,591.16,-536.59
72,65,0.54199,-168.58,102.57,-142.25,-684.56,539.12,-552.94
72,66,0.55048,-174.26,105.38,-146.85,-669.78,331.60,-542.09
72,67,0.55872,-179.90,107.84,-151.41,-684.07,298.37,-553.70
72,68,0.56702,-185.40,109.27,-155.87,-662.50,172.57,-536.40
72,69,0.57526,-190.78,110.50,-160.22,-653.33,149.04,-528.52
72,70,0.58374,-195.83,111.13,-164.29,-595.32,75.08,-480.22
72,71,0.59198,-200.70,111.63,-168.21,-590.74,60.25,-475.19
72,72,0.60046,-205.04,111.72,-171.67,-511.51,10.60,-408.27
72,73,0.60864,-209.23,111.70,-175.01,-512.31,-2.19,-408.21
72,74,0.61713,-212.99,111.37,-177.98,-443.17,-38.85,-350.36
72,75,0.62531,-216.71,110.95,-180.92,-455.22,-51.43,-359.33
72,76,0.63373,-220.33,110.27,-183.77,-428.99,-81.18,-338.41
72,77,0.64197,-223.93,109.49,-186.62,-437.78,-94.12,-345.56
72,78,0.65033,-227.53,108.45,-189.47,-430.29,-124.49,-340.15
73,0,0.00000,0.00,0.00,0.00,-45.65,0.64,-108.33
73,1,0.00818,-0.41,0.01,-0.98,-50.00,0.70,-119.78
73,2,0.01642,-1.20,0.01,-2.90,-96.30,0.00,-232.59
73,3,0.02496,-2.03,0.01,-4.91,-96.79,0.00,-235.71
73,4,0.03320,-2.99,0.01,-7.32,-117.04,0.00,-292.96
73,5,0.04187,-3.94,0.29,-9.71,-108.80,33.35,-275.35
73,6,0.04999,-4.79,0.69,-11.98,-104.51,48.40,-280.08
73,7,0.05817,-5.61,1.07,-14.20,-100.37,46.83,-270.90
73,8,0.06653,-6.32,1.41,-16.19,-85.04,40.85,-237.59
73,9,0.07483,-7.03,1.75,-18.17,-85.66,41.06,-239.34
73,10,0.08331,-7.74,2.10,-20.16,-83.81,40.36,-234.17
73,11,0.09161,-8.45,2.44,-22.15,-85.66,41.08,-239.34
73,12,0.09985,-9.16,2.78,-24.13,-86.30,41.37,-241.11
73,13,0.10815,-9.89,3.12,-26.11,-88.24,41.28,-238.24
73,14,0.11633,-10.70,3.46,-28.04,-98.88,41.50,-236.19
73,15,0.12506,-11.51,3.80,-29.97,-92.66,38.74,-221.33
73,16,0.13312,-12.32,4.14,-31.91,-100.38,42.11,-239.77
73,17,0.14160,-13.15,4.48,-33.82,-98.20,39.93,-225.90
73,18,0.15039,-14.08,4.81,-35.67,-105.56,37.85,-210.07
73,19,0.15808,-15.01,5.14,-37.52,-120.63,43.49,-240.08
73,20,0.16644,-15.94,5.48,-39.36,-110.95,39.82,-220.80
73,21,0.17480,-16.86,5.81,-41.21,-110.95,39.89,-220.80
73,22,0.18304,-17.79,6.14,-43.05,-112.59,40.48,-224.07
73,23,0.19159,-18.72,6.48,-44.90,-108.57,39.05,-216.07
73,24,0.19989,-19.65,6.81,-46.75,-111.76,40.11,-222.43
73,25,0.20831,-20.59,7.14,-48.58,-112.32,39.51,-217.75
73,26,0.21643,-21.62,7.47,-50.38,-126.69,40.89,-221.05
73,27,0.22485,-22.65,7.81,-52.17,-122.10,39.41,-213.04
73,28,0.23315,-23.68,8.14,-53.96,-123.90,40.01,-216.18
73,29,0.24146,-24.74,8.47,-55.74,-127.57,39.82,-214.34
73,30,0.24982,-25.92,8.80,-57.47,-141.97,39.69,-206.93
73,31,0.25830,-27.14,9.13,-59.19,-143.53,39.11,-202.52
73,32,0.26654,-28.48,9.46,-60.86,-162.22,40.24,-202.59
73,33,0.27490,-29.93,9.79,-62.48,-172.99,39.51,-193.43
73,34,0.28314,-31.73,10.11,-63.82,-219.26,37.77,-163.33
73,35,0.29150,-33.66,10.42,-65.12,-230.29,37.21,-155.11
73,36,0.29993,-36.04,10.73,-66.24,-282.61,36.93,-132.25
73,37,0.30829,-38.48,11.25,-67.41,-292.34,63.01,-140.51
73,38,0.31647,-41.16,11.86,-68.82,-327.24,74.47,-172.39
73,39,0.32465,-43.89,12.50,-70.31,-333.96,77.23,-182.09
73,40,0.33307,-46.83,13.21,-72.11,-349.28,84.53,-213.41
73,41,0.34198,-49.84,13.94,-73.97,-336.99,82.00,-208.56
73,42,0.34979,-53.07,14.74,-76.06,-414.45,102.83,-267.97
73,43,0.35809,-56.34,15.56,-78.27,-393.01,98.94,-266.18
73,44,0.36633,-59.69,16.34,-80.92,-407.04,94.84,-321.48
73,45,0.37488,-63.15,16.96,-84.16,-405.36,72.09,-379.64
73,46,0.38318,-67.03,17.97,-89.67,-466.91,121.47,-663.60
73,47,0.39148,-70.80,18.95,-95.01,-454.04,117.92,-643.75
73,48,0.39990,-74.15,19.61,-99.73,-398.55,78.26,-560.51
73,49,0.40808,-77.51,19.73,-104.46,-410.45,14.91,-577.24
73,50,0.41675,-80.87,19.73,-109.18,-387.32,0.00,-544.72
73,51,0.42487,-84.23,21.53,-113.91,-413.53,221.96,-582.71
73,52,0.43323,-87.60,30.19,-118.70,-403.65,1036.16,-572.99
73,53,0.44147,-90.96,38.76,-123.47,-407.78,1039.11,-579.63
73,54,0.44989,-94.32,47.05,-128.27,-398.55,984.84,-568.84
73,55,0.45819,-97.67,55.28,-133.06,-404.04,990.74,-577.21
73,56,0.46680,-101.02,63.23,-137.85,-388.65,924.87,-557.09
73,57,0.47491,-104.35,71.11,-142.64,-411.28,970.10,-590.23
73,58,0.48334,-107.68,78.67,-147.43,-394.57,897.74,-568.12
73,59,0.49176,-111.01,86.12,-152.23,-395.65,884.67,-570.29
73,60,0.49982,-114.38,93.17,-157.11,-418.18,874.16,-605.68
73,61,0.50818,-117.84,100.05,-162.14,-413.50,823.11,-601.09
73,62,0.51642,-121.63,106.34,-167.71,-460.00,763.20,-676.30
73,63,0.52509,-125.47,112.35,-173.36,-442.96,693.51,-652.46
73,64,0.53308,-129.49,117.33,-179.33,-503.44,622.75,-746.56
73,65,0.54169,-133.53,121.85,-185.32,-469.15,525.15,-696.10
73,66,0.54987,-137.61,124.66,-191.39,-498.88,343.97,-741.79
73,67,0.55817,-141.66,127.18,-197.42,-487.87,303.60,-726.10
73,68,0.56647,-145.61,128.61,-203.29,-475.37,172.57,-707.35
73,69,0.57483,-149.49,129.88,-209.06,-464.60,151.22,-690.51
73,70,0.58319,-153.12,130.51,-214.44,-433.94,76.18,-643.07
73,71,0.59192,-156.64,131.03,-219.65,-403.50,59.59,-596.85
73,72,0.59998,-159.77,131.12,-224.24,-388.26,11.16,-569.32
73,73,0.60815,-162.81,131.12,-228.69,-371.64,0.03,-544.03
73,74,0.61658,-165.53,130.79,-232.63,-322.83,-39.14,-468.48
73,75,0.62494,-168.23,130.39,-236.54,-322.63,-48.47,-467.88
73,76,0.63324,-170.84,129.71,-240.33,-315.07,-82.37,-455.88
73,77,0.64154,-173.45,128.94,-244.11,-314.71,-91.57,-455.88
73,78,0.64996,-176.06,127.90,-247.89,-309.06,-123.59,-448.19
74,0,0.00000,0.00,0.00,0.00,-39.78,0.00,-114.60
74,1,0.00836,-0.36,0.00,-1.03,-43.07,0.00,-123.36
74,2,0.01660,-1.03,0.17,-2.99,-81.85,20.49,-237.78
74,3,0.02484,-1.74,0.17,-5.05,-85.19,0.00,-250.37
74,4,0.03320,-2.55,0.36,-7.52,-97.81,23.04,-294.89
74,5,0.04156,-3.35,0.46,-9.96,-94.89,12.32,-291.61
74,6,0.04974,-4.06,0.46,-12.28,-86.57,0.00,-283.58
74,7,0.05829,-4.74,0.66,-14.54,-80.00,22.48,-264.64
74,8,0.06671,-5.33,0.66,-16.56,-69.93,0.00,-240.58
74,9,0.07495,-5.92,0.83,-18.59,-71.48,20.45,-245.93
74,10,0.08331,-6.51,0.83,-20.62,-70.44,0.00,-242.34
74,11,0.09143,-7.10,0.99,-22.64,-72.56,20.79,-249.62
74,12,0.09998,-7.68,0.99,-24.67,-68.93,0.00,-237.14
74,13,0.10840,-8.29,1.16,-26.69,-72.46,20.02,-239.49
74,14,0.11700,-9.00,1.16,-28.71,-82.27,0.00,-235.46
74,15,0.12531,-9.69,1.33,-30.69,-83.09,20.68,-238.24
74,16,0.13361,-10.38,1.33,-32.67,-83.09,0.00,-238.24
74,17,0.14178,-11.10,1.50,-34.63,-87.69,20.69,-239.93
74,18,0.15009,-11.91,1.50,-36.53,-97.79,0.00,-228.68
74,19,0.15851,-12.72,1.67,-38.43,-96.38,20.03,-225.36
74,20,0.16675,-13.53,1.67,-40.33,-98.52,0.00,-230.37
74,21,0.17511,-14.35,1.84,-42.22,-97.08,20.20,-227.01
74,22,0.18341,-15.16,1.84,-44.12,-97.79,0.00,-228.68
74,23,0.19171,-15.97,2.01,-46.02,-97.79,20.30,-228.68
74,24,0.20007,-16.78,2.01,-47.92,-97.08,0.00,-227.01
74,25,0.20868,-17.62,2.18,-49.81,-97.16,19.60,-219.50
74,26,0.21674,-18.54,2.18,-51.66,-114.02,0.00,-229.92
74,27,0.22522,-19.45,2.35,-53.51,-108.27,20.02,-218.35
74,28,0.23346,-20.37,2.35,-55.36,-111.48,0.00,-224.81
74,29,0.24207,-21.33,2.52,-57.21,-110.64,19.75,-213.83
74,30,0.25012,-22.41,2.52,-59.01,-134.85,0.00,-224.24
74,31,0.25873,-23.53,2.69,-60.80,-129.43,20.16,-207.80
74,32,0.26678,-24.76,2.69,-62.55,-153.03,0.00,-217.05
74,33,0.27539,-26.10,2.87,-64.23,-156.38,20.34,-195.39
74,34,0.28363,-27.83,2.87,-65.68,-208.89,0.00,-176.30
74,35,0.29187,-29.68,3.04,-67.09,-225.19,21.27,-170.74
74,36,0.30023,-31.99,3.04,-68.35,-276.28,0.00,-150.36
74,37,0.30865,-34.37,3.23,-69.67,-281.88,22.34,-157.61
74,38,0.31702,-36.95,3.34,-71.24,-309.49,13.01,-187.59
74,39,0.32526,-39.60,3.45,-72.91,-320.74,13.77,-201.85
74,40,0.33362,-42.42,3.58,-74.88,-337.96,15.33,-235.77
74,41,0.34192,-45.31,3.71,-76.92,-348.16,15.92,-246.32
74,42,0.35022,-48.42,3.86,-79.21,-373.90,17.48,-275.37
74,43,0.35858,-51.54,4.01,-81.62,-373.36,17.94,-288.69
74,44,0.36694,-54.72,4.17,-84.47,-381.02,19.95,-340.51
74,45,0.37512,-57.99,4.37,-87.98,-399.63,23.48,-429.10
74,46,0.38373,-61.53,4.64,-93.71,-410.64,32.18,-666.31
74,47,0.39178,-64.95,4.91,-99.26,-425.38,33.23,-688.26
74,48,0.40009,-68.02,5.15,-104.17,-369.12,28.71,-592.28
74,49,0.40857,-71.08,5.39,-109.09,-361.15,28.06,-579.50
74,50,0.41687,-74.15,5.63,-114.01,-369.12,28.67,-592.28
74,51,0.42529,-77.21,7.61,-118.94,-363.77,235.63,-585.14
74,52,0.43347,-80.28,16.24,-123.90,-375.00,1055.65,-607.46
74,53,0.44183,-83.34,24.80,-128.88,-366.42,1023.22,-594.89
74,54,0.44995,-86.40,33.10,-133.87,-376.69,1021.86,-614.29
74,55,0.45837,-89.45,41.31,-138.85,-362.68,975.68,-592.03
74,56,0.46667,-92.50,49.27,-143.84,-366.91,958.87,-601.10
74,57,0.47504,-95.54,57.14,-148.83,-363.50,940.93,-596.35
74,58,0.48334,-98.56,64.70,-153.81,-364.34,910.95,-599.63
74,59,0.49194,-101.60,72.14,-158.80,-352.48,864.78,-580.85
74,60,0.50006,-104.66,79.19,-163.88,-377.82,867.59,-625.19
74,61,0.50861,-107.82,86.06,-169.12,-368.93,803.91,-613.21
74,62,0.51691,-111.26,92.35,-174.91,-415.07,757.59,-697.79
74,63,0.52502,-114.76,98.33,-180.80,-430.45,737.59,-725.19
74,64,0.53363,-118.41,103.31,-187.00,-424.82,578.59,-720.57
74,65,0.54187,-122.08,107.79,-193.23,-445.19,543.85,-755.56
74,66,0.55035,-125.78,110.61,-199.53,-436.33,331.60,-743.17
74,67,0.55896,-129.46,113.10,-205.79,-426.95,289.99,-727.30
74,68,0.56714,-133.04,114.53,-211.89,-438.06,175.14,-745.90
74,69,0.57550,-136.55,115.78,-217.87,-420.44,149.43,-715.33
74,70,0.58392,-139.85,116.42,-223.46,-391.30,75.63,-663.41
74,71,0.59222,-143.04,116.93,-228.86,-384.56,61.58,-650.74
74,72,0.60034,-145.89,117.02,-233.63,-350.38,11.08,-587.59
74,73,0.60864,-148.65,117.02,-238.25,-332.35,-0.79,-556.25
74,74,0.61700,-151.12,116.69,-242.35,-295.99,-39.42,-490.88
74,75,0.62500,-153.57,116.27,-246.42,-306.87,-51.41,-508.40
74,76,0.63367,-155.95,115.59,-250.35,-274.65,-78.89,-454.23
74,77,0.64203,-158.33,114.83,-254.29,-284.31,-91.60,-470.44
74,78,0.65021,-160.70,113.78,-258.22,-289.55,-127.28,-480.22
75,0,0.00000,0.00,0.00,0.00,101.47,0.00,-68.75
75,1,0.00842,0.84,0.00,-0.70,99.64,0.00,-82.61
75,2,0.01666,2.30,0.13,-2.17,177.41,15.58,-178.52
75,3,0.02509,3.68,0.13,-3.85,163.77,0.00,-200.36
75,4,0.03339,5.14,0.24,-6.01,175.37,13.70,-259.56
75,5,0.04169,6.36,0.24,-8.26,147.79,0.00,-271.32
75,6,0.05005,7.35,0.24,-10.48,117.88,-0.00,-264.96
75,7,0.05847,8.09,0.24,-12.72,88.41,-0.00,-266.30
75,8,0.06665,8.58,0.24,-14.78,58.96,0.00,-251.49
75,9,0.07507,8.85,0.24,-16.87,32.61,0.00,-248.55
75,10,0.08337,8.91,0.24,-18.98,7.72,-0.00,-254.41
75,11,0.09180,8.77,0.24,-21.09,-17.39,0.00,-250.00
75,12,0.10004,8.41,0.24,-23.17,-43.33,0.00,-252.59
75,13,0.10846,7.83,0.40,-25.20,-69.20,18.87,-240.58
75,14,0.11670,7.16,0.80,-27.18,-81.48,47.91,-241.11
75,15,0.12512,6.48,1.12,-29.17,-79.71,38.84,-235.87
75,16,0.13336,5.81,1.47,-31.16,-81.48,42.27,-241.11
75,17,0.14185,5.12,1.83,-33.12,-82.01,41.96,-232.01
75,18,0.15009,4.32,2.18,-35.03,-96.30,42.51,-231.48
75,19,0.15857,3.53,2.53,-36.94,-93.53,41.18,-224.82
75,20,0.16681,2.74,2.88,-38.85,-96.30,42.51,-231.48
75,21,0.17517,1.94,3.23,-40.75,-94.89,41.84,-228.10
75,22,0.18353,1.15,3.58,-42.66,-94.89,41.94,-228.10
75,23,0.19183,0.36,3.93,-44.57,-95.59,42.14,-229.78
75,24,0.20007,-0.44,4.28,-46.48,-96.30,42.55,-231.48
75,25,0.20850,-1.25,4.63,-48.37,-96.74,41.51,-225.36
75,26,0.21680,-2.15,4.97,-50.23,-108.09,41.83,-224.26
75,27,0.22522,-3.05,5.32,-52.10,-106.52,41.27,-221.01
75,28,0.23346,-3.94,5.67,-53.96,-108.89,42.02,-225.93
75,29,0.24188,-4.87,6.02,-55.81,-110.51,41.31,-219.93
75,30,0.25018,-5.94,6.36,-57.62,-127.94,41.76,-218.01
75,31,0.25854,-7.03,6.71,-59.42,-130.66,41.45,-215.33
75,32,0.26685,-8.24,7.06,-61.18,-146.32,41.62,-212.13
75,33,0.27527,-9.56,7.40,-62.88,-156.16,40.37,-202.17
75,34,0.28351,-11.26,7.72,-64.36,-207.04,38.89,-178.52
75,35,0.29187,-13.09,8.04,-65.79,-218.25,38.24,-171.17
75,36,0.30017,-15.39,8.35,-67.07,-276.84,38.05,-154.04
75,37,0.30859,-17.74,8.68,-68.41,-279.35,39.05,-159.42
75,38,0.31689,-20.31,9.06,-70.00,-309.56,45.89,-192.28
75,39,0.32526,-22.93,9.46,-71.68,-313.14,47.38,-200.73
75,40,0.33356,-25.73,9.92,-73.68,-337.87,55.31,-241.18
75,41,0.34198,-28.59,10.39,-75.75,-339.86,55.91,-244.93
75,42,0.35028,-31.68,10.91,-78.06,-371.32,62.94,-279.04
75,43,0.35870,-34.77,11.45,-80.49,-367.75,64.36,-288.41
75,44,0.36694,-37.93,12.07,-83.37,-383.33,75.10,-349.26
75,45,0.37531,-41.16,12.79,-86.83,-385.40,85.76,-413.87
75,46,0.38361,-44.63,13.90,-92.60,-418.75,133.59,-695.22
75,47,0.39203,-48.02,15.00,-98.21,-401.81,131.16,-665.22
75,48,0.40027,-51.03,15.98,-103.15,-365.56,118.32,-600.37
75,49,0.40863,-54.04,16.93,-108.10,-360.22,114.21,-591.61
75,50,0.41687,-57.05,17.89,-113.05,-365.56,115.76,-600.37
75,51,0.42529,-60.06,19.62,-118.00,-357.61,205.94,-588.41
75,52,0.43365,-63.08,28.25,-123.00,-360.58,1032.54,-597.81
75,53,0.44196,-66.09,36.82,-128.00,-363.24,1031.93,-602.57
75,54,0.45026,-69.10,45.11,-133.02,-362.50,999.32,-604.41
75,55,0.45856,-72.11,53.34,-138.04,-362.13,991.19,-604.41
75,56,0.46692,-75.10,61.30,-143.06,-358.03,951.87,-600.36
75,57,0.47522,-78.09,69.18,-148.07,-360.29,949.24,-604.41
75,58,0.48358,-81.07,76.74,-153.08,-355.84,904.30,-598.91
75,59,0.49207,-84.05,84.20,-158.11,-351.44,879.00,-592.45
75,60,0.50018,-87.07,91.24,-163.21,-371.43,867.59,-628.95
75,61,0.50854,-90.16,98.13,-168.46,-369.34,824.13,-627.74
75,62,0.51685,-93.54,104.42,-174.29,-407.72,757.59,-701.84
75,63,0.52527,-96.97,110.45,-180.20,-406.88,715.37,-701.45
75,64,0.53363,-100.56,115.43,-186.43,-429.56,595.48,-745.99
75,65,0.54199,-104.16,119.97,-192.69,-430.66,543.41,-748.54
75,66,0.55017,-107.80,122.78,-199.04,-444.78,343.97,-775.37
75,67,0.55878,-111.41,125.32,-205.34,-419.86,294.64,-732.27
75,68,0.56689,-114.93,126.75,-211.47,-433.46,176.46,-756.02
75,69,0.57538,-118.39,128.03,-217.51,-408.27,149.99,-711.15
75,70,0.58362,-121.63,128.66,-223.13,-392.96,77.31,-682.22
75,71,0.59198,-124.78,129.19,-228.59,-376.64,63.03,-652.55
75,72,0.60028,-127.58,129.28,-233.38,-336.76,10.83,-577.94
75,73,0.60870,-130.30,129.28,-238.05,-323.19,0.66,-553.62
75,74,0.61688,-132.73,128.96,-242.18,-297.39,-40.30,-504.85
75,75,0.62531,-135.14,128.55,-246.27,-286.59,-47.59,-486.23
75,76,0.63373,-137.48,127.87,-250.23,-277.90,-81.18,-470.29
75,77,0.64209,-139.82,127.11,-254.19,-279.56,-90.36,-473.36
75,78,0.65033,-142.15,126.07,-258.14,-282.59,-126.34,-479.26
76,0,0.00000,0.00,0.00,0.00,-58.99,0.00,-104.32
76,1,0.00824,-0.53,0.00,-0.95,-64.81,0.00,-115.56
76,2,0.01666,-1.54,0.13,-2.76,-119.93,15.59,-214.86
76,3,0.02490,-2.60,0.13,-4.67,-128.15,-0.00,-231.11
76,4,0.03326,-3.84,0.28,-6.95,-148.18,18.12,-273.36
76,5,0.04163,-5.05,0.28,-9.21,-144.89,0.00,-270.44
76,6,0.05005,-6.16,0.44,-11.37,-131.16,19.06,-256.52
76,7,0.05835,-7.23,0.44,-13.48,-129.04,0.00,-253.68
76,8,0.06671,-8.16,0.59,-15.37,-112.04,17.44,-226.28
76,9,0.07501,-9.10,0.59,-17.26,-112.87,-0.00,-227.94
76,10,0.08331,-10.04,0.73,-19.16,-112.87,16.66,-227.94
76,11,0.09167,-10.97,0.73,-21.05,-112.04,0.00,-226.28
76,12,0.10004,-11.91,0.87,-22.94,-112.04,16.52,-226.28
76,13,0.10828,-12.87,0.87,-24.82,-115.93,0.00,-228.15
76,14,0.11682,-13.89,1.00,-26.64,-120.36,15.71,-213.57
76,15,0.12500,-14.93,1.00,-28.48,-126.12,-0.00,-224.25
76,16,0.13336,-15.95,1.13,-30.30,-122.99,15.76,-218.25
76,17,0.14172,-17.00,1.13,-32.11,-125.55,-0.00,-216.06
76,18,0.15027,-18.14,1.26,-33.84,-132.86,14.72,-202.14
76,19,0.15851,-19.30,1.26,-35.60,-140.37,0.00,-213.70
76,20,0.16699,-20.43,1.38,-37.33,-133.81,14.55,-203.60
76,21,0.17529,-21.57,1.38,-39.06,-137.13,-0.00,-208.82
76,22,0.18359,-22.71,1.50,-40.79,-136.76,14.73,-208.09
76,23,0.19189,-23.84,1.50,-42.51,-136.76,-0.00,-208.09
76,24,0.20026,-24.98,1.63,-44.24,-135.77,14.58,-206.57
76,25,0.20862,-26.13,1.63,-45.95,-138.32,-0.00,-204.74
76,26,0.21716,-27.36,1.74,-47.62,-143.93,13.82,-194.64
76,27,0.22528,-28.63,1.74,-49.33,-155.64,0.00,-210.53
76,28,0.23364,-29.86,1.86,-50.99,-147.08,14.01,-198.91
76,29,0.24194,-31.12,1.86,-52.63,-152.57,-0.00,-197.79
76,30,0.25043,-32.50,1.97,-54.21,-162.59,12.96,-186.33
76,31,0.25861,-33.92,1.97,-55.77,-173.13,-0.00,-191.04
76,32,0.26709,-35.44,2.07,-57.28,-179.50,11.97,-177.34
76,33,0.27527,-37.07,2.07,-58.69,-199.63,-0.00,-172.01
76,34,0.28363,-39.02,2.07,-59.81,-233.21,0.00,-134.67
76,35,0.29193,-41.11,2.17,-60.86,-251.84,12.31,-126.47
76,36,0.30035,-43.61,2.17,-61.69,-296.01,0.00,-98.55
76,37,0.30859,-46.19,2.17,-62.59,-312.96,0.00,-108.89
76,38,0.31732,-49.01,2.17,-63.68,-323.43,0.00,-124.83
76,39,0.32538,-51.99,2.29,-64.90,-369.70,14.09,-151.14
76,40,0.33374,-55.11,2.29,-66.34,-374.09,0.00,-172.63
76,41,0.34210,-58.34,2.48,-67.86,-385.40,22.95,-181.39
76,42,0.35059,-61.80,2.61,-69.56,-407.55,15.50,-200.72
76,43,0.35889,-65.30,2.75,-71.41,-422.79,16.65,-223.53
76,44,0.36719,-68.94,2.90,-73.66,-438.24,18.61,-270.22
76,45,0.37549,-72.82,3.09,-76.68,-467.28,22.55,-364.71
76,46,0.38373,-77.31,3.36,-81.71,-544.81,32.92,-609.63
76,47,0.39197,-81.63,3.62,-86.53,-523.70,31.59,-584.81
76,48,0.40045,-85.50,3.86,-90.83,-457.19,27.44,-506.83
76,49,0.40869,-89.38,4.09,-95.13,-470.74,28.23,-521.85
76,50,0.41711,-93.26,4.32,-99.43,-460.51,27.67,-510.51
76,51,0.42542,-97.14,6.76,-103.74,-467.65,294.14,-519.85
76,52,0.43372,-101.03,15.40,-108.09,-468.75,1040.13,-524.26
76,53,0.44208,-104.93,23.93,-112.45,-465.33,1021.08,-521.17
76,54,0.45044,-108.81,32.23,-116.82,-464.96,992.03,-522.63
76,55,0.45874,-112.70,40.43,-121.19,-468.01,987.88,-526.47
76,56,0.46716,-116.57,48.39,-125.57,-460.14,944.97,-519.57
76,57,0.47534,-120.44,56.24,-129.94,-473.13,959.43,-534.70
76,58,0.48376,-124.30,63.80,-134.31,-457.61,897.74,-518.48
76,59,0.49200,-128.17,71.21,-138.70,-469.63,899.89,-532.96
76,60,0.50049,-132.08,78.26,-143.15,-460.79,830.14,-525.18
76,61,0.50873,-136.13,85.08,-147.79,-491.85,828.85,-562.59
76,62,0.51715,-140.54,91.37,-152.89,-523.55,746.61,-605.07
76,63,0.52539,-145.03,97.29,-158.09,-544.81,718.25,-631.11
76,64,0.53381,-149.72,102.27,-163.55,-556.88,591.16,-648.55
76,65,0.54211,-154.43,106.64,-169.04,-567.28,526.04,-661.03
76,66,0.55048,-159.18,109.45,-174.59,-568.61,336.44,-664.23
76,67,0.55878,-163.89,111.87,-180.10,-567.28,291.85,-663.24
76,68,0.56726,-168.49,113.31,-185.47,-542.09,168.84,-633.45
76,69,0.57544,-172.99,114.51,-190.72,-549.63,147.63,-641.42
76,70,0.58380,-177.21,115.15,-195.64,-505.47,76.18,-588.69
76,71,0.59210,-181.27,115.63,-200.35,-489.34,58.09,-568.01
76,72,0.60052,-184.91,115.72,-204.55,-431.88,10.68,-497.83
76,73,0.60883,-188.42,115.69,-208.58,-422.06,-3.47,-485.29
76,74,0.61719,-191.57,115.36,-212.18,-377.74,-39.42,-431.02
76,75,0.62549,-194.70,114.93,-215.74,-376.47,-51.78,-429.04
76,76,0.63385,-197.74,114.25,-219.20,-363.14,-81.77,-413.50
76,77,0.64215,-200.77,113.47,-222.65,-365.44,-94.55,-416.18
76,78,0.65057,-203.79,112.42,-226.10,-359.06,-123.59,-409.42
77,0,0.00000,0.00,0.00,0.00,43.70,0.00,92.96
77,1,0.00854,0.36,0.00,0.77,42.50,0.00,90.00
77,2,0.01666,1.24,0.00,2.65,107.52,0.00,231.58
77,3,0.02509,2.11,0.00,4.53,103.62,0.00,223.19
77,4,0.03339,3.17,0.00,6.90,128.31,0.00,285.66
77,5,0.04175,4.24,0.00,9.27,127.37,0.00,283.58
77,6,0.05011,5.18,0.00,11.51,112.77,0.00,267.15
77,7,0.05847,6.12,0.00,13.74,112.77,0.00,267.15
77,8,0.06665,6.92,0.00,15.70,97.39,0.00,239.18
77,9,0.07520,7.72,0.00,17.65,93.21,0.00,228.93
77,10,0.08337,8.51,0.00,19.61,97.39,0.00,239.18
77,11,0.09186,9.31,0.00,21.56,93.88,0.00,230.58
77,12,0.10010,10.11,0.00,23.52,96.67,0.00,237.41
77,13,0.10846,10.90,0.00,25.48,95.26,0.00,233.94
77,14,0.11676,11.80,0.00,27.37,107.35,0.00,228.68
77,15,0.12512,12.69,0.00,29.27,106.57,0.00,227.01
77,16,0.13342,13.58,0.00,31.17,107.35,0.00,228.68
77,17,0.14185,14.47,0.00,33.07,105.80,0.00,225.36
77,18,0.15009,15.47,0.00,34.87,121.85,0.00,218.89
77,19,0.15851,16.48,0.00,36.68,119.20,0.00,214.13
77,20,0.16681,17.48,0.00,38.48,120.96,0.00,217.28
77,21,0.17517,18.48,0.00,40.29,120.07,0.00,216.06
77,22,0.18347,19.49,0.00,42.09,120.96,0.00,217.28
77,23,0.19189,20.49,0.00,43.89,119.20,0.00,214.13
77,24,0.20020,21.50,0.00,45.70,120.96,0.00,217.28
77,25,0.20856,22.51,0.00,47.51,121.17,0.00,217.15
77,26,0.21680,23.61,0.00,49.26,134.07,0.00,212.22
77,27,0.22528,24.72,0.00,51.01,130.22,0.00,206.12
77,28,0.23358,25.82,0.00,52.76,133.09,0.00,210.66
77,29,0.24194,26.93,0.00,54.51,132.12,0.00,209.12
77,30,0.25018,28.19,0.00,56.19,152.96,0.00,203.70
77,31,0.25867,29.45,0.00,57.86,148.56,0.00,197.84
77,32,0.26685,30.86,0.00,59.48,172.01,0.00,197.01
77,33,0.27533,32.27,0.00,61.08,166.55,0.00,189.57
77,34,0.28357,34.13,0.00,62.35,225.93,0.00,153.70
77,35,0.29199,36.00,0.00,63.61,221.74,0.00,150.00
77,36,0.30029,38.42,0.00,64.62,292.28,0.00,121.69
77,37,0.30884,40.85,0.00,65.64,284.29,0.00,118.57
77,38,0.31689,43.59,0.00,66.93,339.39,0.00,160.61
77,39,0.32538,46.33,0.00,68.23,322.66,0.00,153.24
77,40,0.33362,49.34,0.00,69.90,365.93,0.00,202.59
77,41,0.34216,52.36,0.00,71.57,353.21,0.00,195.71
77,42,0.35040,55.68,0.00,73.53,403.33,0.00,237.04
77,43,0.35870,59.05,0.00,75.52,406.25,0.00,240.44
77,44,0.36700,62.52,0.00,78.02,417.28,0.00,301.47
77,45,0.37549,66.00,0.00,80.60,410.07,0.00,303.24
77,46,0.38373,70.10,0.00,85.94,498.52,0.00,648.15
77,47,0.39209,74.20,0.00,91.26,489.42,0.00,636.50
77,48,0.40039,77.75,0.00,95.83,427.94,0.00,551.10
77,49,0.40875,81.30,0.00,100.41,424.82,0.00,547.08
77,50,0.41705,84.85,0.00,104.98,427.94,0.00,551.10
77,51,0.42554,88.41,0.21,109.56,418.71,24.61,539.21
77,52,0.43372,91.97,8.84,114.18,435.45,1055.65,565.67
77,53,0.44214,95.53,17.47,118.81,422.83,1024.08,549.28
77,54,0.45056,99.08,25.76,123.46,422.10,984.84,551.45
77,55,0.45892,102.65,34.07,128.11,426.28,992.94,556.57
77,56,0.46716,106.19,42.03,132.76,430.00,965.97,564.07
77,57,0.47559,109.74,49.97,137.41,420.65,943.74,551.81
77,58,0.48383,113.26,57.54,142.04,427.41,917.69,562.96
77,59,0.49231,116.78,65.08,146.69,415.47,889.68,547.12
77,60,0.50055,120.36,72.13,151.42,433.70,854.74,574.44
77,61,0.50897,123.94,79.15,156.17,425.36,833.81,563.77
77,62,0.51721,127.96,85.44,161.58,488.15,763.20,656.30
77,63,0.52570,131.99,91.69,166.99,474.82,737.19,638.49
77,64,0.53394,136.43,96.87,173.01,539.26,627.79,730.37
77,65,0.54236,140.71,101.70,178.81,507.97,574.41,688.41
77,66,0.55060,145.04,104.52,184.70,525.93,341.43,714.81
77,67,0.55902,149.37,107.24,190.58,513.41,323.32,697.83
77,68,0.56738,153.56,108.67,196.27,501.46,171.31,681.39
77,69,0.57574,157.73,110.05,201.94,498.54,165.11,677.74
77,70,0.58405,161.58,110.69,207.16,464.34,76.74,628.68
77,71,0.59241,165.40,111.29,212.33,456.57,71.92,618.25
77,72,0.60065,168.72,111.38,216.78,402.96,10.91,540.00
77,73,0.60907,172.01,111.44,221.19,390.58,7.43,523.55
77,74,0.61737,174.90,111.11,225.02,347.43,-39.71,461.03
77,75,0.62579,177.77,110.76,228.83,341.67,-41.88,453.26
77,76,0.63409,180.55,110.08,232.50,334.19,-82.37,442.28
77,77,0.64240,183.32,109.37,236.18,333.82,-85.18,442.28
77,78,0.65070,186.08,108.33,239.84,332.72,-125.41,441.18
78,0,0.00000,0.00,0.00,0.00,20.90,0.00,-122.39
78,1,0.00842,0.08,0.00,-1.09,9.06,0.00,-129.35
78,2,0.01672,0.09,0.00,-3.16,1.84,0.00,-249.63
78,3,0.02509,0.12,0.00,-5.34,2.92,0.00,-260.58
78,4,0.03345,0.17,0.00,-7.94,6.20,0.00,-310.58
78,5,0.04175,0.23,0.00,-10.50,7.35,0.00,-308.82
78,6,0.05005,0.34,0.00,-12.92,12.87,0.00,-291.91
78,7,0.05847,0.44,0.00,-15.28,12.68,0.00,-280.07
78,8,0.06671,0.56,0.00,-17.39,14.44,0.00,-255.93
78,9,0.07513,0.68,0.00,-19.50,14.13,0.00,-250.36
78,10,0.08337,0.80,0.00,-21.61,14.44,0.00,-255.93
78,11,0.09180,0.92,0.00,-23.72,14.13,0.00,-250.36
78,12,0.10016,1.04,0.00,-25.83,14.23,0.00,-252.19
78,13,0.10846,1.14,0.00,-27.93,11.76,0.00,-253.68
78,14,0.11670,1.14,0.00,-30.03,0.74,0.00,-254.44
78,15,0.12518,1.15,0.00,-32.13,0.72,0.00,-247.12
78,16,0.13342,1.15,0.00,-34.22,0.74,0.00,-254.44
78,17,0.14185,1.13,0.00,-36.31,-2.54,0.00,-248.19
78,18,0.15009,1.00,0.00,-38.37,-16.30,0.00,-250.00
78,19,0.15863,0.86,0.00,-40.43,-15.71,0.00,-241.07
78,20,0.16681,0.73,0.00,-42.49,-16.42,0.00,-251.87
78,21,0.17529,0.60,0.00,-44.55,-15.83,0.00,-242.81
78,22,0.18347,0.46,0.00,-46.61,-16.42,0.00,-251.87
78,23,0.19183,0.33,0.00,-48.70,-16.06,0.00,-249.27
78,24,0.20007,0.19,0.00,-50.76,-16.30,0.00,-250.00
78,25,0.20850,0.03,0.00,-52.82,-18.84,0.00,-244.57
78,26,0.21674,-0.21,0.00,-54.87,-30.00,0.00,-249.26
78,27,0.22522,-0.46,0.00,-56.92,-29.14,0.00,-242.09
78,28,0.23352,-0.71,0.00,-58.98,-29.78,0.00,-247.43
78,29,0.24182,-0.99,0.00,-61.03,-34.19,0.00,-247.43
78,30,0.25018,-1.41,0.00,-63.09,-50.00,0.00,-245.99
78,31,0.25867,-1.86,0.00,-65.15,-53.60,0.00,-242.45
78,32,0.26685,-2.44,0.00,-67.21,-70.90,0.00,-251.87
78,33,0.27527,-3.14,0.00,-69.24,-82.97,0.00,-241.67
78,34,0.28363,-4.28,0.00,-71.18,-136.13,0.00,-232.12
78,35,0.29193,-5.55,0.00,-73.13,-152.94,0.00,-234.19
78,36,0.30029,-7.31,0.00,-75.08,-210.58,0.00,-233.58
78,37,0.30859,-9.10,0.00,-77.11,-215.81,0.00,-245.22
78,38,0.31689,-11.02,0.00,-79.46,-230.88,0.00,-281.99
78,39,0.32532,-12.95,0.00,-81.89,-229.71,0.00,-289.49
78,40,0.33362,-14.96,0.00,-84.70,-241.91,0.00,-337.50
78,41,0.34204,-17.00,0.00,-87.58,-242.39,0.00,-342.39
78,42,0.35022,-19.17,0.00,-90.77,-264.93,0.00,-389.93
78,43,0.35876,-21.31,0.00,-94.08,-250.71,0.00,-387.14
78,44,0.36694,-23.37,0.00,-97.82,-251.49,0.00,-457.84
78,45,0.37537,-25.29,0.00,-102.17,-228.26,0.00,-515.94
78,46,0.38361,-26.72,0.00,-108.75,-172.96,0.00,-798.89
78,47,0.39209,-28.11,0.00,-115.14,-163.67,0.00,-752.88
78,48,0.40033,-29.36,0.00,-120.79,-151.85,0.00,-686.30
78,49,0.40875,-30.61,0.00,-126.45,-148.55,0.00,-671.38
78,50,0.41718,-31.86,0.00,-132.10,-148.55,0.00,-671.38
78,51,0.42542,-33.11,1.82,-137.77,-151.48,221.28,-687.78
78,52,0.43378,-34.34,10.46,-143.48,-147.81,1032.54,-682.48
78,53,0.44208,-35.58,19.02,-149.19,-148.53,1031.51,-687.87
78,54,0.45038,-36.80,27.31,-154.90,-147.43,999.32,-688.97
78,55,0.45868,-38.02,35.54,-160.62,-147.06,990.78,-688.97
78,56,0.46710,-39.23,43.50,-166.34,-143.84,944.97,-678.99
78,57,0.47540,-40.44,51.37,-172.06,-145.59,948.75,-688.24
78,58,0.48358,-41.64,58.94,-177.76,-146.27,924.54,-697.01
78,59,0.49200,-42.83,66.39,-183.48,-142.03,884.73,-679.35
78,60,0.50031,-44.04,73.43,-189.29,-144.85,848.45,-699.63
78,61,0.50867,-45.26,80.31,-195.26,-146.72,823.20,-714.60
78,62,0.51691,-46.58,86.60,-201.87,-160.00,763.20,-801.85
78,63,0.52539,-47.92,92.61,-208.57,-157.19,708.63,-790.29
78,64,0.53363,-49.30,97.59,-215.64,-167.78,604.30,-857.41
78,65,0.54205,-50.68,102.12,-222.73,-164.49,536.83,-841.67
78,66,0.55029,-52.08,104.93,-229.90,-168.89,341.43,-871.11
78,67,0.55865,-53.46,107.45,-237.03,-165.33,301.55,-852.55
78,68,0.56702,-54.80,108.88,-243.98,-160.95,171.31,-830.66
78,69,0.57544,-56.13,110.15,-250.80,-157.25,150.11,-810.14
78,70,0.58368,-57.38,110.78,-257.17,-151.48,77.31,-772.59
78,71,0.59222,-58.59,111.31,-263.34,-142.14,61.02,-722.14
78,72,0.60022,-59.68,111.40,-268.78,-136.64,11.25,-680.92
78,73,0.60883,-60.75,111.40,-274.07,-123.76,0.15,-614.18
78,74,0.61707,-61.72,111.07,-278.76,-117.41,-40.00,-569.63
78,75,0.62555,-62.68,110.66,-283.42,-113.31,-47.68,-548.56
78,76,0.63379,-63.61,109.98,-287.92,-113.33,-82.98,-546.67
78,77,0.64233,-64.54,109.22,-292.42,-108.93,-88.85,-526.79
78,78,0.65045,-65.47,108.18,-296.91,-114.29,-128.24,-553.38
79,0,0.00000,0.00,0.00,0.00,72.30,0.00,-95.32
79,1,0.00824,0.57,0.19,-0.93,69.63,23.13,-112.96
79,2,0.01672,1.49,0.41,-2.79,107.55,26.42,-219.42
79,3,0.02496,2.25,0.68,-4.83,92.96,31.64,-247.41
79,4,0.03333,2.94,1.01,-7.34,82.12,40.02,-299.64
79,5,0.04163,3.38,1.36,-9.86,52.94,42.66,-304.41
79,6,0.05011,3.60,1.71,-12.28,26.26,41.18,-284.89
79,7,0.05829,3.59,2.07,-14.64,-1.87,43.54,-288.81
79,8,0.06677,3.38,2.40,-16.74,-23.74,38.72,-247.84
79,9,0.07507,3.07,2.73,-18.83,-37.50,40.08,-251.47
79,10,0.08344,2.76,3.06,-20.92,-37.23,39.81,-249.64
79,11,0.09174,2.45,3.40,-23.01,-37.50,40.01,-251.47
79,12,0.10010,2.14,3.73,-25.09,-37.23,39.79,-249.64
79,13,0.10840,1.81,4.06,-27.18,-40.07,40.16,-250.74
79,14,0.11682,1.39,4.39,-29.23,-49.64,39.48,-243.84
79,15,0.12506,0.97,4.73,-31.28,-50.74,40.65,-249.26
79,16,0.13348,0.55,5.06,-33.34,-49.64,39.57,-243.84
79,17,0.14178,0.11,5.40,-35.38,-53.31,40.20,-245.96
79,18,0.15015,-0.44,5.73,-37.37,-65.69,39.76,-237.96
79,19,0.15845,-0.99,6.06,-39.36,-66.18,40.08,-239.71
79,20,0.16693,-1.54,6.39,-41.35,-64.75,39.09,-234.53
79,21,0.17499,-2.09,6.73,-43.34,-68.18,41.29,-246.97
79,22,0.18347,-2.64,7.06,-45.33,-64.75,39.12,-234.53
79,23,0.19165,-3.19,7.39,-47.32,-67.16,40.68,-243.28
79,24,0.20007,-3.74,7.72,-49.31,-65.22,39.41,-236.23
79,25,0.20837,-4.31,8.05,-51.29,-68.75,40.03,-238.97
79,26,0.21686,-4.97,8.39,-53.25,-77.70,39.43,-230.94
79,27,0.22504,-5.62,8.72,-55.21,-80.60,40.89,-239.55
79,28,0.23340,-6.28,9.06,-57.17,-78.83,39.88,-234.31
79,29,0.24170,-6.98,9.39,-59.12,-83.46,40.42,-235.29
79,30,0.25018,-7.80,9.73,-61.05,-97.48,40.09,-227.34
79,31,0.25836,-8.66,10.08,-62.97,-104.85,42.81,-235.07
79,32,0.26691,-9.65,10.44,-64.87,-115.36,41.27,-222.14
79,33,0.27509,-10.74,10.79,-66.72,-133.21,43.10,-226.49
79,34,0.28351,-12.24,11.14,-68.40,-178.99,42.37,-198.55
79,35,0.29175,-13.87,11.49,-70.04,-197.78,42.45,-200.00
79,36,0.30023,-15.99,11.86,-71.60,-249.64,43.29,-183.45
79,37,0.30859,-18.16,12.23,-73.23,-259.12,43.61,-194.53
79,38,0.31696,-20.51,12.64,-75.13,-281.39,49.99,-227.74
79,39,0.32513,-22.90,13.08,-77.12,-292.16,53.27,-243.28
79,40,0.33356,-25.43,13.58,-79.46,-300.72,58.92,-277.17
79,41,0.34180,-28.02,14.21,-81.86,-313.33,77.30,-291.85
79,42,0.35022,-30.78,14.73,-84.55,-328.62,60.87,-318.84
79,43,0.35852,-33.55,15.30,-87.34,-333.46,68.84,-337.13
79,44,0.36694,-36.33,15.94,-90.59,-329.35,76.15,-385.87
79,45,0.37524,-39.09,16.65,-94.43,-333.09,85.33,-461.76
79,46,0.38367,-41.82,17.81,-100.59,-323.91,138.08,-731.16
79,47,0.39203,-44.48,18.92,-106.57,-317.88,132.89,-715.69
79,48,0.40033,-46.85,19.32,-111.86,-285.66,47.88,-636.76
79,49,0.40857,-49.22,19.51,-117.14,-287.78,23.64,-641.48
79,50,0.41693,-51.59,19.71,-122.43,-283.58,23.29,-632.12
79,51,0.42523,-53.96,21.44,-127.72,-285.66,208.45,-637.87
79,52,0.43359,-56.33,30.07,-133.06,-283.21,1032.54,-638.32
79,53,0.44183,-58.69,38.64,-138.40,-287.04,1039.59,-648.15
79,54,0.45026,-61.05,46.93,-143.75,-280.07,984.84,-635.51
79,55,0.45844,-63.41,55.16,-149.11,-288.06,1006.01,-654.48
79,56,0.46686,-65.75,63.12,-154.46,-278.26,944.97,-635.51
79,57,0.47510,-68.09,71.00,-159.81,-284.07,956.30,-649.63
79,58,0.48352,-70.42,78.56,-165.15,-276.09,897.74,-634.06
79,59,0.49176,-72.75,86.02,-170.51,-282.96,905.07,-650.74
79,60,0.50018,-75.10,93.06,-175.96,-279.35,836.16,-646.01
79,61,0.50842,-77.51,99.95,-181.55,-292.22,836.38,-678.89
79,62,0.51685,-80.14,106.24,-187.75,-312.32,746.61,-736.59
79,63,0.52509,-82.80,112.27,-194.04,-322.96,731.34,-763.33
79,64,0.53357,-85.59,117.25,-200.68,-328.42,586.91,-782.37
79,65,0.54181,-88.38,121.79,-207.34,-338.89,551.59,-808.52
79,66,0.55023,-91.20,124.61,-214.09,-334.42,334.00,-801.09
79,67,0.55847,-94.00,127.14,-220.79,-339.63,307.82,-813.33
79,68,0.56689,-96.72,128.58,-227.32,-323.55,170.07,-775.00
79,69,0.57513,-99.40,129.85,-233.74,-325.56,154.48,-778.89
79,70,0.58362,-101.92,130.49,-239.72,-296.04,75.09,-705.04
79,71,0.59180,-104.36,131.01,-245.53,-298.88,64.47,-710.07
79,72,0.60022,-106.53,131.10,-250.63,-257.97,10.68,-606.52
79,73,0.60846,-108.65,131.11,-255.60,-257.04,0.70,-602.96
79,74,0.61694,-110.55,130.78,-260.00,-223.74,-38.85,-518.71
79,75,0.62512,-112.43,130.38,-264.37,-230.22,-48.99,-533.58
79,76,0.63354,-114.26,129.69,-268.59,-216.67,-81.18,-501.45
79,77,0.64185,-116.08,128.94,-272.81,-219.85,-91.00,-508.46
79,78,0.65021,-117.90,127.90,-277.02,-217.52,-124.49,-503.65
80,0,0.00000,0.00,0.00,0.00,112.41,0.00,46.35
80,1,0.00830,0.96,0.00,0.52,115.81,0.00,62.50
80,2,0.01666,2.67,0.11,1.69,204.74,12.65,139.78
80,3,0.02502,4.36,0.11,3.06,201.82,0.00,164.60
80,4,0.03339,6.36,0.11,4.72,239.05,0.00,198.54
80,5,0.04163,8.33,0.11,6.37,238.52,0.00,200.00
80,6,0.05005,10.15,0.11,7.97,217.03,0.00,189.13
80,7,0.05835,11.93,0.11,9.52,214.34,0.00,187.50
80,8,0.06677,13.51,0.11,10.93,186.96,0.00,167.03
80,9,0.07501,15.08,0.11,12.34,191.11,0.00,170.74
80,10,0.08350,16.66,0.11,13.74,185.61,0.00,165.83
80,11,0.09174,18.23,0.11,15.15,191.11,0.00,170.74
80,12,0.10028,19.81,0.11,16.56,184.29,0.00,164.64
80,13,0.10834,21.44,0.11,17.98,203.03,0.00,177.27
80,14,0.11676,23.07,0.11,19.30,193.84,0.00,155.80
80,15,0.12506,24.71,0.11,20.61,196.69,0.00,158.09
80,16,0.13342,26.34,0.32,21.92,195.26,25.84,156.93
80,17,0.14185,27.99,0.72,23.20,195.65,47.17,152.17
80,18,0.15021,29.68,1.21,24.38,202.55,58.28,141.24
80,19,0.15851,31.38,1.69,25.56,204.04,58.55,142.28
80,20,0.16681,33.07,2.18,26.75,204.04,58.70,142.28
80,21,0.17517,34.76,2.67,27.93,202.55,58.12,141.24
80,22,0.18347,36.46,3.12,29.11,204.04,54.47,142.28
80,23,0.19183,38.15,3.49,30.29,202.55,44.29,141.24
80,24,0.20020,39.84,3.79,31.47,202.55,36.51,141.24
80,25,0.20850,41.55,4.04,32.63,205.88,29.55,139.71
80,26,0.21698,43.31,4.23,33.72,207.19,21.97,128.06
80,27,0.22522,45.07,4.36,34.80,213.33,16.83,131.85
80,28,0.23358,46.83,4.50,35.89,210.22,16.08,129.93
80,29,0.24182,48.61,4.72,36.94,216.67,26.96,128.15
80,30,0.25024,50.48,4.90,37.90,221.74,21.04,113.41
80,31,0.25848,52.37,5.08,38.82,229.63,21.79,112.22
80,32,0.26691,54.34,5.26,39.65,234.06,22.10,98.55
80,33,0.27521,56.38,5.46,40.37,244.85,23.20,86.03
80,34,0.28363,58.60,5.67,40.69,264.49,24.99,38.04
80,35,0.29187,60.92,5.89,40.90,281.48,26.53,25.56
80,36,0.30029,63.55,6.13,40.74,311.59,29.45,-18.84
80,37,0.30853,66.26,6.39,40.61,329.63,31.03,-15.93
80,38,0.31702,69.29,6.67,40.57,356.83,33.69,-4.68
80,39,0.32520,72.41,6.97,40.58,381.72,36.05,1.49
80,40,0.33368,75.85,7.30,40.76,405.76,38.36,20.86
80,41,0.34186,79.39,7.63,40.96,432.09,40.77,25.00
80,42,0.35046,83.23,7.99,41.26,446.81,42.22,34.40
80,43,0.35870,87.19,8.36,41.66,479.63,45.28,48.52
80,44,0.36700,91.45,8.77,42.40,513.97,48.60,88.60
80,45,0.37524,96.12,9.21,43.69,566.30,53.53,156.67
80,46,0.38367,102.15,9.78,46.68,716.67,67.89,355.07
80,47,0.39191,107.98,10.33,49.56,707.41,67.03,349.63
80,48,0.40033,113.18,10.83,52.11,617.39,58.46,302.54
80,49,0.40869,118.38,11.32,54.65,621.90,58.88,304.74
80,50,0.41699,123.58,11.81,57.20,626.47,59.32,306.99
80,51,0.42529,128.79,13.96,59.76,627.57,258.97,308.09
80,52,0.43372,134.02,22.59,62.35,621.01,1025.05,307.61
80,53,0.44196,139.26,31.14,64.95,635.19,1037.60,315.19
80,54,0.45038,144.49,39.44,67.56,621.74,984.84,309.78
80,55,0.45868,148.77,47.65,70.28,515.07,989.25,327.94
80,56,0.46698,152.29,55.61,73.12,423.53,958.87,341.91
80,57,0.47528,155.80,63.47,75.98,423.16,946.94,344.85
80,58,0.48358,159.41,71.03,78.85,435.29,910.94,345.22
80,59,0.49188,163.15,78.46,81.73,450.37,895.38,347.79
80,60,0.50031,167.07,85.51,84.66,465.58,836.15,348.19
80,61,0.50848,171.20,92.36,87.71,505.22,838.15,372.01
80,62,0.51691,175.91,98.65,91.08,559.06,746.61,400.36
80,63,0.52515,180.64,104.61,94.59,573.70,723.62,426.30
80,64,0.53357,185.45,109.59,98.41,570.65,591.17,453.26
80,65,0.54187,190.08,114.03,102.40,558.46,534.86,480.88
80,66,0.55029,194.96,116.85,106.48,578.99,334.00,483.70
80,67,0.55859,199.45,119.31,110.80,540.81,297.48,520.96
80,68,0.56708,203.94,120.75,115.10,529.50,168.84,507.19
80,69,0.57532,208.31,121.99,119.56,530.37,150.65,541.11
80,70,0.58374,212.40,122.63,123.83,485.14,75.63,506.88
80,71,0.59204,216.41,123.12,128.04,483.09,59.60,506.99
80,72,0.60046,220.05,123.21,131.86,432.61,10.68,453.26
80,73,0.60870,223.72,123.19,135.52,444.81,-2.33,444.07
80,74,0.61719,227.13,122.86,138.75,402.88,-38.85,380.58
80,75,0.62543,230.65,122.44,141.87,426.67,-51.18,379.63
80,76,0.63379,234.09,121.76,144.97,411.31,-81.77,370.44
80,77,0.64215,237.58,120.98,148.09,417.15,-92.88,372.99
80,78,0.65057,241.19,119.94,151.07,429.35,-123.59,353.26
81,0,0.00000,0.00,0.00,0.00,-102.55,0.00,-65.33
81,1,0.00824,-0.97,0.12,-0.61,-117.41,14.25,-73.70
81,2,0.01672,-2.72,0.29,-1.72,-206.12,20.31,-130.94
81,3,0.02496,-4.56,0.47,-2.90,-224.07,21.82,-143.33
81,4,0.03345,-6.74,0.69,-4.32,-256.47,25.68,-167.27
81,5,0.04169,-8.87,0.90,-5.73,-259.26,26.15,-171.11
81,6,0.05035,-10.87,1.11,-7.10,-230.63,23.75,-158.45
81,7,0.05841,-12.84,1.31,-8.46,-244.70,25.32,-168.94
81,8,0.06677,-14.57,1.49,-9.68,-206.57,21.58,-145.62
81,9,0.07501,-16.30,1.67,-10.90,-209.63,21.89,-147.78
81,10,0.08350,-18.03,1.85,-12.12,-203.60,21.30,-143.53
81,11,0.09174,-19.75,2.03,-13.33,-209.63,21.86,-147.78
81,12,0.10010,-21.48,2.21,-14.55,-206.57,21.61,-145.62
81,13,0.10834,-23.22,2.39,-15.74,-210.74,21.72,-144.81
81,14,0.11676,-24.99,2.57,-16.86,-210.51,20.69,-132.61
81,15,0.12500,-26.76,2.74,-17.98,-215.19,21.17,-135.56
81,16,0.13354,-28.54,2.92,-19.09,-207.50,20.39,-130.71
81,17,0.14178,-30.32,3.09,-20.18,-216.67,20.83,-131.11
81,18,0.15039,-32.14,3.25,-21.15,-211.35,19.18,-113.48
81,19,0.15845,-33.97,3.42,-22.13,-226.52,20.56,-121.59
81,20,0.16681,-35.78,3.58,-23.11,-217.52,19.74,-116.79
81,21,0.17505,-37.60,3.75,-24.08,-220.74,20.03,-118.52
81,22,0.18347,-39.42,3.91,-25.06,-215.94,19.60,-115.94
81,23,0.19183,-41.24,4.08,-26.04,-217.52,19.71,-116.79
81,24,0.20020,-43.06,4.24,-27.01,-217.52,19.70,-116.79
81,25,0.20844,-44.89,4.41,-27.97,-222.59,19.88,-115.56
81,26,0.21692,-46.77,4.57,-28.84,-220.86,18.80,-103.24
81,27,0.22516,-48.64,4.73,-29.72,-227.41,19.36,-106.30
81,28,0.23358,-50.52,4.89,-30.59,-222.46,18.85,-103.99
81,29,0.24176,-52.41,5.04,-31.43,-231.72,19.26,-102.61
81,30,0.25024,-54.38,5.20,-32.17,-231.65,17.91,-86.33
81,31,0.25848,-56.36,5.35,-32.86,-241.11,18.24,-84.81
81,32,0.26685,-58.42,5.49,-33.46,-245.62,17.25,-71.53
81,33,0.27515,-60.52,5.63,-33.93,-253.31,16.46,-56.25
81,34,0.28357,-62.77,5.74,-33.99,-267.03,13.03,-7.25
81,35,0.29187,-65.10,5.84,-33.92,-281.25,12.49,8.09
81,36,0.30023,-67.69,5.84,-33.47,-309.49,0.00,54.74
81,37,0.30847,-70.38,6.01,-33.02,-326.30,20.93,53.70
81,38,0.31696,-73.38,6.12,-32.64,-353.60,12.74,45.68
81,39,0.32526,-76.49,6.24,-32.29,-374.63,14.02,41.54
81,40,0.33356,-79.93,6.38,-32.07,-414.34,17.16,26.84
81,41,0.34180,-83.47,6.53,-31.86,-429.63,18.04,24.81
81,42,0.35022,-87.32,6.70,-31.71,-457.25,19.87,17.75
81,43,0.35864,-91.28,6.88,-31.66,-469.57,21.37,6.52
81,44,0.36694,-95.57,7.08,-31.75,-518.01,25.04,-11.03
81,45,0.37518,-100.35,7.37,-32.49,-579.63,34.42,-89.63
81,46,0.38361,-106.69,7.85,-34.77,-752.54,57.26,-270.29
81,47,0.39191,-108.73,7.85,-31.05,-245.59,-0.00,448.16
81,48,0.40027,-110.17,7.85,-27.25,-172.99,0.00,454.01
81,49,0.40857,-112.14,7.85,-24.05,-237.13,0.00,385.29
81,50,0.41699,-114.28,7.85,-20.96,-253.99,0.00,366.67
81,51,0.42517,-116.65,9.97,-18.07,-289.18,259.42,354.10
81,52,0.43365,-119.15,18.60,-15.24,-294.96,1017.68,333.45
81,53,0.44189,-121.74,27.16,-12.42,-314.44,1037.73,341.85
81,54,0.45026,-124.55,35.45,-9.85,-336.13,992.03,307.66
81,55,0.45862,-127.61,43.66,-7.58,-365.33,982.16,271.17
81,56,0.46698,-130.91,51.62,-5.66,-395.62,951.87,229.56
81,57,0.47522,-134.41,59.48,-3.98,-423.70,954.11,204.44
81,58,0.48358,-138.04,67.05,-2.49,-434.31,904.30,177.74
81,59,0.49188,-141.83,74.48,-1.17,-456.62,895.59,158.46
81,60,0.50024,-145.80,81.52,-0.04,-475.55,842.26,135.40
81,61,0.50854,-150.04,88.38,0.95,-510.29,826.12,119.12
81,62,0.51697,-154.86,94.67,1.73,-572.83,746.61,92.75
81,63,0.52515,-159.68,100.64,2.82,-588.43,729.54,133.58
81,64,0.53357,-164.83,105.61,3.83,-612.32,591.17,119.93
81,65,0.54187,-169.90,110.06,5.22,-610.66,535.70,166.91
81,66,0.55023,-175.07,112.87,6.63,-618.25,336.44,169.34
81,67,0.55865,-180.11,115.35,8.41,-597.46,293.70,211.59
81,68,0.56702,-185.04,116.78,10.23,-589.78,171.31,216.79
81,69,0.57526,-189.88,118.02,12.11,-587.78,150.11,228.89
81,70,0.58368,-194.42,118.65,14.00,-538.77,75.63,224.28
81,71,0.59198,-198.89,119.16,15.69,-538.97,60.54,203.68
81,72,0.60040,-202.84,119.25,17.41,-468.12,10.68,204.35
81,73,0.60870,-206.83,119.23,18.63,-481.25,-1.60,147.06
81,74,0.61713,-210.39,118.90,19.89,-422.10,-39.13,148.91
81,75,0.62537,-214.08,118.48,20.75,-448.15,-51.15,104.07
81,76,0.63379,-217.63,117.80,21.64,-422.10,-81.18,106.52
81,77,0.64209,-221.19,117.02,22.59,-428.68,-93.26,113.97
81,78,0.65045,-224.78,115.98,23.48,-429.20,-124.49,106.57
82,0,0.00000,0.00,0.00,0.00,-285.51,-0.00,153.26
82,1,0.00830,0.80,0.00,0.28,96.32,0.00,33.46
82,2,0.01666,2.76,0.00,0.97,233.94,0.00,82.48
82,3,0.02490,4.04,0.00,1.88,155.56,0.00,110.37
82,4,0.03326,5.85,0.00,2.98,216.79,0.00,131.75
82,5,0.04163,7.50,0.17,4.14,197.81,19.74,138.32
82,6,0.05011,9.13,0.17,5.24,191.73,0.00,129.86
82,7,0.05835,11.21,0.37,6.23,252.59,25.12,120.74
82,8,0.06665,13.07,0.49,7.06,223.90,13.69,100.00
82,9,0.07501,15.03,0.61,7.86,233.94,14.78,95.26
82,10,0.08344,16.98,0.73,8.65,232.25,14.64,94.57
82,11,0.09167,18.94,0.86,9.45,237.41,14.97,96.67
82,12,0.10010,20.90,0.98,10.25,232.25,14.64,94.57
82,13,0.10834,22.43,0.98,11.18,186.67,-0.00,113.33
82,14,0.11682,23.33,1.09,12.23,105.76,12.65,123.38
82,15,0.12494,23.79,1.09,13.41,56.77,-0.00,145.86
82,16,0.13336,23.84,1.09,14.72,6.16,0.00,155.43
82,17,0.14166,23.71,1.09,16.08,-16.54,0.00,163.97
82,18,0.15002,23.44,1.09,17.35,-31.39,0.00,151.09
82,19,0.15833,23.28,1.09,18.58,-19.85,0.00,148.53
82,20,0.16675,23.29,1.09,19.76,1.09,0.00,140.22
82,21,0.17505,23.14,1.09,21.00,-18.38,0.00,149.63
82,22,0.18341,22.96,1.09,22.26,-20.44,0.00,150.00
82,23,0.19171,22.70,1.09,23.55,-31.62,0.00,155.88
82,24,0.20007,22.44,1.09,24.85,-31.75,0.00,155.84
82,25,0.20837,21.96,1.09,26.24,-56.99,0.00,166.54
82,26,0.21686,21.55,1.09,27.51,-48.20,0.00,150.00
82,27,0.22504,21.06,1.09,28.82,-60.82,0.00,160.82
82,28,0.23352,20.61,1.09,30.13,-53.24,0.00,154.32
82,29,0.24182,20.21,1.09,31.43,-47.06,0.00,156.25
82,30,0.25018,19.94,1.09,32.56,-33.21,0.00,135.40
82,31,0.25854,19.69,1.09,33.69,-29.56,0.00,135.04
82,32,0.26685,19.57,1.09,34.66,-14.71,0.00,116.91
82,33,0.27515,19.56,1.09,35.58,-0.37,0.00,111.03
82,34,0.28363,19.67,1.09,35.95,12.23,0.00,43.53
82,35,0.29181,19.91,1.09,36.27,29.10,0.00,38.43
82,36,0.30017,20.29,1.09,36.06,45.62,0.00,-25.18
82,37,0.30853,20.35,1.09,36.00,7.66,0.00,-7.30
82,38,0.31683,20.71,1.09,35.98,43.38,0.00,-1.47
82,39,0.32513,20.98,1.09,36.05,32.35,0.00,7.72
82,40,0.33362,21.63,1.09,36.24,76.98,0.00,22.30
82,41,0.34180,21.97,1.09,36.62,41.04,0.00,47.01
82,42,0.35028,22.64,1.09,37.05,78.78,0.00,50.72
82,43,0.35858,22.63,1.09,37.87,-1.10,0.00,98.53
82,44,0.36700,23.07,1.09,39.01,52.54,0.00,135.51
82,45,0.37524,22.36,1.09,40.89,-86.67,0.00,227.78
82,46,0.38367,23.97,1.09,44.29,191.67,0.00,404.35
82,47,0.39185,24.30,1.09,48.46,40.67,0.00,510.07
82,48,0.40021,23.93,1.09,52.52,-44.89,0.00,484.67
82,49,0.40845,24.33,1.09,56.24,48.89,0.00,451.48
82,50,0.41687,24.99,1.09,59.90,78.62,0.00,435.14
82,51,0.42511,25.86,1.47,63.54,105.19,46.62,441.11
82,52,0.43353,27.03,10.10,67.14,138.41,1025.05,427.17
82,53,0.44183,28.11,18.72,70.86,130.88,1038.31,449.26
82,54,0.45020,29.57,27.02,74.45,174.45,992.03,429.20
82,55,0.45844,31.34,35.30,77.91,214.81,1004.91,418.89
82,56,0.46692,33.37,43.26,81.26,239.21,938.18,394.96
82,57,0.47516,35.61,51.20,84.52,272.22,963.82,396.30
82,58,0.48358,38.05,58.76,87.70,289.49,897.74,377.17
82,59,0.49194,40.73,66.30,90.75,320.80,901.53,365.33
82,60,0.50018,43.70,73.34,93.75,360.00,854.74,363.70
82,61,0.50848,46.84,80.35,96.70,378.68,844.40,355.15
82,62,0.51678,50.99,86.64,99.64,500.00,757.59,354.41
82,63,0.52502,54.98,92.87,102.80,483.70,756.12,383.33
82,64,0.53351,59.54,97.85,105.98,537.41,586.91,375.54
82,65,0.54175,64.24,102.73,109.12,570.00,592.58,380.37
82,66,0.55011,69.18,105.55,112.22,590.88,336.44,370.80
82,67,0.55847,74.36,108.30,115.15,620.07,329.07,350.36
82,68,0.56683,79.43,109.73,118.01,605.47,171.31,341.97
82,69,0.57513,84.70,111.13,120.69,635.66,168.29,322.79
82,70,0.58368,89.50,111.76,123.26,561.43,74.55,300.71
82,71,0.59192,94.43,112.38,125.68,598.15,74.35,294.44
82,72,0.60022,98.47,112.47,127.99,487.13,10.83,278.31
82,73,0.60864,102.28,112.54,130.47,452.17,8.45,293.48
82,74,0.61700,104.97,112.21,133.17,321.90,-39.42,323.72
82,75,0.62524,107.61,111.86,135.90,320.74,-41.93,331.48
82,76,0.63367,110.07,111.18,138.66,292.03,-81.18,326.81
82,77,0.64191,112.66,110.48,141.33,313.70,-84.92,324.07
82,78,0.65033,115.26,109.44,144.01,309.06,-123.59,318.84
83,0,0.00000,0.00,0.00,0.00,86.86,-0.00,270.44
83,1,0.00830,-1.00,0.00,-0.44,-120.59,0.00,-52.57
83,2,0.01666,-2.81,0.00,-1.14,-216.79,0.00,-84.67
83,3,0.02496,-4.12,0.00,-0.92,-157.35,0.00,27.57
83,4,0.03333,-5.77,0.12,-0.80,-197.08,13.82,13.50
83,5,0.04169,-7.26,0.12,-0.45,-178.10,0.00,41.61
83,6,0.05011,-8.64,0.12,-0.13,-164.13,0.00,38.41
83,7,0.05829,-10.05,0.24,0.08,-172.39,15.61,25.75
83,8,0.06683,-11.23,0.24,0.38,-138.21,-0.00,35.71
83,9,0.07501,-12.54,0.24,0.46,-160.45,0.00,9.70
83,10,0.08344,-13.84,0.38,0.58,-153.62,16.10,13.41
83,11,0.09174,-15.17,0.38,0.63,-160.66,0.00,5.88
83,12,0.10010,-16.49,0.49,0.70,-158.03,13.62,9.12
83,13,0.10852,-17.80,0.49,0.84,-155.43,-0.00,16.67
83,14,0.11682,-19.11,0.49,1.15,-157.72,-0.00,36.76
83,15,0.12506,-20.39,0.61,1.52,-154.81,13.92,45.19
83,16,0.13348,-21.62,0.61,1.99,-146.38,0.00,55.80
83,17,0.14185,-22.83,0.61,2.56,-144.89,0.00,68.61
83,18,0.15021,-24.07,0.61,3.27,-147.81,0.00,84.31
83,19,0.15839,-25.36,0.61,3.90,-157.84,0.00,76.87
83,20,0.16681,-26.69,0.61,4.48,-157.97,0.00,68.84
83,21,0.17511,-28.03,0.61,5.08,-161.40,-0.00,72.06
83,22,0.18353,-29.39,0.61,5.67,-161.59,0.00,70.29
83,23,0.19189,-30.77,0.61,6.25,-165.33,0.00,69.71
83,24,0.20020,-32.17,0.72,6.83,-168.75,13.70,69.85
83,25,0.20850,-33.60,0.72,7.43,-171.69,0.00,72.06
83,26,0.21692,-35.08,0.72,8.08,-176.45,0.00,77.54
83,27,0.22522,-36.62,0.72,8.66,-184.93,-0.00,69.49
83,28,0.23370,-38.17,0.72,9.22,-183.45,-0.00,66.19
83,29,0.24194,-39.77,0.83,9.81,-193.70,13.34,71.85
83,30,0.25024,-41.43,0.83,10.52,-200.37,-0.00,85.29
83,31,0.25861,-43.17,0.83,11.14,-208.03,0.00,74.09
83,32,0.26697,-44.99,0.83,11.83,-217.52,0.00,82.48
83,33,0.27527,-46.88,0.94,12.54,-227.57,12.99,85.66
83,34,0.28363,-48.91,0.94,13.59,-242.34,-0.00,125.18
83,35,0.29199,-51.10,0.94,14.39,-261.68,-0.00,95.62
83,36,0.30029,-53.52,0.94,15.55,-291.54,0.00,140.07
83,37,0.30859,-56.07,1.04,16.49,-308.09,12.52,113.97
83,38,0.31702,-58.94,1.04,17.60,-340.22,0.00,131.16
83,39,0.32526,-61.87,1.04,18.98,-356.30,0.00,167.04
83,40,0.33362,-65.18,1.04,20.47,-394.89,-0.00,178.47
83,41,0.34204,-68.59,1.17,22.05,-405.80,15.31,187.68
83,42,0.35034,-72.40,1.17,23.50,-458.46,0.00,175.37
83,43,0.35864,-76.30,1.34,24.35,-469.49,20.51,101.47
83,44,0.36700,-80.55,1.51,24.75,-508.76,19.78,48.54
83,45,0.37531,-85.32,1.73,24.78,-575.00,26.55,3.68
83,46,0.38367,-91.93,2.14,23.48,-790.51,49.65,-155.47
83,47,0.39197,-98.34,2.54,22.23,-771.69,48.37,-151.10
83,48,0.40033,-104.03,2.90,21.14,-680.29,42.49,-130.66
83,49,0.40863,-109.72,3.25,20.04,-685.29,42.74,-131.62
83,50,0.41718,-113.97,3.36,21.23,-497.86,11.81,139.29
83,51,0.42535,-116.92,5.38,24.41,-360.07,247.73,388.43
83,52,0.43365,-119.89,14.02,27.60,-358.09,1040.13,384.56
83,53,0.44196,-123.00,22.57,30.70,-375.37,1030.55,373.53
83,54,0.45044,-126.35,30.86,33.55,-394.96,977.76,335.25
83,55,0.45868,-129.95,39.08,36.09,-435.93,997.16,308.89
83,56,0.46716,-133.74,47.04,38.39,-446.76,938.18,270.86
83,57,0.47534,-137.71,54.91,40.45,-485.82,961.77,251.87
83,58,0.48364,-141.85,62.47,42.26,-498.90,910.95,217.65
83,59,0.49188,-146.14,69.91,43.91,-520.37,902.92,200.74
83,60,0.50043,-150.65,76.95,45.34,-527.50,824.21,167.50
83,61,0.50861,-155.41,83.82,46.66,-582.46,839.47,161.19
83,62,0.51697,-160.83,90.11,47.79,-647.81,752.06,135.40
83,63,0.52521,-166.26,96.09,49.21,-658.89,725.90,171.48
83,64,0.53363,-172.05,101.07,50.59,-687.32,591.16,164.13
83,65,0.54187,-177.75,105.54,52.36,-692.59,542.58,214.44
83,66,0.55035,-183.54,108.35,54.21,-682.73,331.60,218.71
83,67,0.55865,-189.19,110.84,56.45,-680.51,299.86,269.85
83,68,0.56702,-194.73,112.27,58.72,-661.68,171.31,270.80
83,69,0.57538,-200.17,113.52,61.04,-650.73,148.97,278.47
83,70,0.58374,-205.29,114.15,63.30,-612.04,76.18,269.71
83,71,0.59210,-210.32,114.66,65.34,-602.19,60.82,244.16
83,72,0.60046,-214.81,114.75,67.21,-536.86,10.76,223.72
83,73,0.60870,-219.33,114.74,68.57,-548.15,-1.04,165.19
83,74,0.61719,-223.37,114.41,69.87,-476.26,-38.85,152.52
83,75,0.62537,-227.54,113.99,70.79,-510.07,-51.40,113.43
83,76,0.63379,-231.55,113.31,71.72,-475.72,-81.18,109.78
83,77,0.64209,-235.55,112.54,72.70,-482.72,-92.95,118.38
83,78,0.65045,-239.58,111.50,73.65,-481.39,-124.49,113.50
84,0,0.00000,0.00,0.00,0.00,18.61,0.00,171.53
84,1,0.00848,1.04,0.00,0.33,122.66,0.00,38.49
84,2,0.01685,3.02,0.15,0.96,236.13,17.75,75.18
84,3,0.02502,5.00,0.27,1.75,242.54,15.35,97.39
84,4,0.03345,7.24,0.40,2.91,265.58,15.41,137.68
84,5,0.04169,9.44,0.53,4.08,267.41,15.34,141.48
84,6,0.04993,11.56,0.65,5.15,257.41,15.02,130.74
84,7,0.05829,13.68,0.78,6.12,253.65,15.41,115.33
84,8,0.06683,15.55,0.89,7.03,218.93,12.97,107.14
84,9,0.07507,17.43,1.00,7.95,227.41,13.51,111.11
84,10,0.08337,19.26,1.11,8.93,221.32,12.61,118.38
84,11,0.09180,21.06,1.11,10.00,213.04,-0.00,127.17
84,12,0.09998,22.81,1.30,11.16,214.55,22.90,141.04
84,13,0.10834,24.54,1.30,12.37,206.20,-0.00,144.89
84,14,0.11658,26.19,1.45,13.68,200.37,18.12,158.89
84,15,0.12488,27.78,1.45,15.12,192.28,0.00,173.53
84,16,0.13342,29.42,1.59,16.51,191.07,16.72,162.50
84,17,0.14166,31.09,1.59,17.81,203.33,0.00,158.15
84,18,0.15002,32.79,1.75,18.98,203.65,19.36,139.42
84,19,0.15857,34.53,1.75,20.09,202.86,0.00,130.71
84,20,0.16669,36.31,1.94,21.12,219.55,23.24,126.69
84,21,0.17499,38.13,2.04,22.08,219.49,12.66,115.07
84,22,0.18359,39.97,2.15,23.03,213.12,12.32,110.28
84,23,0.19183,41.79,2.25,24.02,221.85,12.60,120.74
84,24,0.20001,43.63,2.36,25.02,224.63,12.77,121.64
84,25,0.20831,45.46,2.46,26.07,220.22,12.11,127.57
84,26,0.21667,47.13,2.46,26.97,199.64,-0.00,106.57
84,27,0.22504,46.83,2.46,28.50,-35.77,0.00,183.94
84,28,0.23328,46.13,2.46,29.52,-84.44,0.00,123.33
84,29,0.24164,45.55,2.46,30.49,-69.71,0.00,115.69
84,30,0.24988,45.07,2.46,31.32,-58.52,0.00,101.48
84,31,0.25867,44.62,2.46,32.13,-51.39,0.00,92.01
84,32,0.26666,44.26,2.46,32.82,-45.04,0.00,85.50
84,33,0.27496,43.97,2.46,33.38,-34.56,0.00,67.65
84,34,0.28326,43.75,2.46,33.49,-26.47,0.00,13.60
84,35,0.29181,43.62,2.46,33.48,-15.36,0.00,-0.71
84,36,0.30011,43.50,2.46,33.05,-13.97,0.00,-51.84
84,37,0.30823,43.07,2.46,32.75,-53.38,0.00,-37.97
84,38,0.31671,42.81,2.46,32.48,-30.94,0.00,-31.29
84,39,0.32507,42.44,2.46,32.31,-43.80,0.00,-20.44
84,40,0.33368,42.28,2.46,32.26,-18.44,0.00,-5.67
84,41,0.34161,41.88,2.46,32.35,-50.38,0.00,10.77
84,42,0.34991,41.91,2.46,32.41,3.68,0.00,7.72
84,43,0.35852,41.50,2.46,32.74,-48.23,0.00,38.30
84,44,0.36658,41.23,2.46,33.40,-32.95,0.00,82.20
84,45,0.37482,40.45,2.46,34.74,-94.81,0.00,161.85
84,46,0.38318,41.34,2.46,37.38,106.20,0.00,316.42
84,47,0.39160,40.64,2.46,40.60,-83.33,0.00,382.25
84,48,0.39996,39.47,2.46,43.73,-140.15,0.00,373.72
84,49,0.40845,39.07,2.46,46.63,-46.04,0.00,342.09
84,50,0.41669,38.70,2.46,49.59,-45.19,0.00,360.00
84,51,0.42493,38.57,4.19,52.55,-16.67,209.99,358.15
84,52,0.43359,38.42,12.82,55.60,-16.55,996.18,352.82
84,53,0.44177,38.13,21.39,58.79,-35.07,1047.35,389.55
84,54,0.45001,38.13,29.68,61.93,-1.11,1006.73,380.74
84,55,0.45831,38.48,37.91,64.96,42.28,991.22,365.44
84,56,0.46686,39.11,45.87,67.92,74.29,931.47,346.43
84,57,0.47485,39.99,53.75,70.81,110.31,985.50,361.83
84,58,0.48322,41.18,61.31,73.61,141.97,904.30,333.94
84,59,0.49152,42.65,68.77,76.32,177.21,898.42,326.84
84,60,0.50031,44.51,75.81,78.94,211.81,801.32,298.26
84,61,0.50824,46.69,82.71,81.55,274.62,868.55,328.85
84,62,0.51697,49.68,88.99,84.21,341.96,720.51,305.24
84,63,0.52515,52.50,95.02,87.08,345.52,736.80,350.00
84,64,0.53326,55.89,100.00,89.94,416.92,613.39,353.38
84,65,0.54150,59.34,104.54,92.86,418.89,551.59,353.33
84,66,0.54980,63.04,107.36,95.75,446.32,338.91,348.53
84,67,0.55841,66.89,109.89,98.58,447.52,294.72,329.08
84,68,0.56647,70.76,111.33,101.34,479.17,177.80,342.05
84,69,0.57489,74.75,112.60,103.98,473.91,151.13,313.41
84,70,0.58325,78.43,113.24,106.51,440.15,76.18,302.92
84,71,0.59161,82.17,113.76,108.90,448.18,63.06,285.40
84,72,0.59991,85.29,113.85,111.15,375.37,10.83,271.32
84,73,0.60828,88.44,113.86,113.28,377.01,0.69,255.11
84,74,0.61658,91.08,113.53,115.30,318.01,-39.71,243.01
84,75,0.62512,93.92,113.13,117.16,332.50,-46.89,217.86
84,76,0.63330,96.55,112.45,119.08,321.27,-83.60,234.33
84,77,0.64191,99.20,111.69,120.95,308.16,-87.78,217.73
84,78,0.65027,101.46,110.65,123.07,269.71,-124.49,252.92
85,0,0.00000,0.00,0.00,0.00,-50.36,0.00,-109.42
85,1,0.00818,-0.45,0.00,-0.99,-55.60,0.00,-121.27
85,2,0.01630,-1.31,-0.00,-2.88,-105.26,-0.00,-232.71
85,3,0.02490,-2.20,-0.00,-4.87,-103.55,-0.00,-230.85
85,4,0.03345,-3.24,0.14,-7.25,-122.14,16.57,-278.57
85,5,0.04156,-4.26,0.14,-9.60,-125.56,0.00,-289.85
85,6,0.04987,-5.18,0.14,-11.84,-111.03,0.00,-270.22
85,7,0.05835,-6.08,0.26,-14.03,-105.04,14.22,-257.91
85,8,0.06653,-6.85,0.26,-15.99,-95.15,0.00,-239.93
85,9,0.07513,-7.63,0.26,-17.96,-90.43,-0.00,-228.01
85,10,0.08313,-8.41,0.37,-19.92,-97.33,13.34,-245.42
85,11,0.09167,-9.19,0.37,-21.88,-91.07,0.00,-229.64
85,12,0.09979,-9.97,0.37,-23.84,-95.86,-0.00,-241.73
85,13,0.10803,-10.76,0.48,-25.80,-96.67,12.88,-237.04
85,14,0.11646,-11.64,0.48,-27.70,-103.62,0.00,-226.09
85,15,0.12482,-12.51,0.58,-29.61,-104.38,12.58,-227.74
85,16,0.13300,-13.38,0.76,-31.51,-106.72,21.89,-232.84
85,17,0.14178,-14.28,0.89,-33.40,-101.74,15.41,-214.58
85,18,0.15009,-15.26,1.02,-35.21,-118.75,15.44,-218.75
85,19,0.15820,-16.25,1.15,-37.03,-121.43,15.76,-223.68
85,20,0.16644,-17.23,1.28,-38.84,-119.63,15.54,-220.37
85,21,0.17474,-18.22,1.41,-40.66,-118.75,15.45,-218.75
85,22,0.18298,-19.20,1.54,-42.47,-119.63,15.55,-220.37
85,23,0.19159,-20.19,1.66,-44.29,-114.54,14.82,-210.99
85,24,0.19977,-21.18,1.79,-46.11,-120.52,15.70,-222.01
85,25,0.20795,-22.18,1.92,-47.91,-123.13,15.46,-220.52
85,26,0.21631,-23.27,2.04,-49.67,-129.93,14.58,-210.22
85,27,0.22485,-24.36,2.16,-51.43,-127.14,14.19,-205.71
85,28,0.23303,-25.44,2.28,-53.18,-132.84,14.84,-214.93
85,29,0.24176,-26.57,2.40,-54.94,-129.02,13.82,-201.40
85,30,0.25024,-27.81,2.52,-56.63,-146.40,13.37,-199.28
85,31,0.25842,-29.08,2.63,-58.31,-155.60,13.59,-204.85
85,32,0.26648,-30.47,2.73,-59.93,-172.73,13.03,-201.89
85,33,0.27478,-31.96,2.73,-61.49,-179.04,-0.00,-187.50
85,34,0.28314,-33.81,2.90,-62.77,-221.17,19.88,-153.65
85,35,0.29150,-35.78,2.90,-64.01,-235.04,-0.00,-147.45
85,36,0.29974,-38.19,2.90,-65.04,-293.33,-0.00,-125.56
85,37,0.30804,-40.67,3.04,-66.13,-298.90,16.97,-131.62
85,38,0.31659,-43.40,3.04,-67.46,-318.57,-0.00,-154.64
85,39,0.32477,-46.18,3.15,-68.86,-339.93,14.09,-171.27
85,40,0.33350,-49.17,3.15,-70.56,-343.36,-0.00,-194.76
85,41,0.34143,-52.23,3.32,-72.31,-385.77,20.70,-221.54
85,42,0.34998,-55.54,3.32,-74.30,-386.79,-0.00,-232.50
85,43,0.35791,-58.87,3.52,-76.40,-420.00,25.72,-264.62
85,44,0.36639,-62.31,3.66,-78.94,-405.40,16.46,-298.92
85,45,0.37476,-65.88,3.85,-82.06,-426.64,22.06,-373.72
85,46,0.38312,-69.93,4.21,-87.44,-485.04,42.79,-643.07
85,47,0.39136,-73.88,4.55,-92.66,-478.52,42.09,-633.33
85,48,0.39984,-77.39,4.86,-97.27,-413.67,36.07,-543.17
85,49,0.40808,-80.90,5.16,-101.87,-425.93,37.13,-559.26
85,50,0.41644,-84.41,5.47,-106.48,-419.71,36.55,-551.09
85,51,0.42474,-87.92,7.26,-111.10,-422.79,215.42,-556.62
85,52,0.43317,-91.43,15.89,-115.76,-417.39,1025.05,-553.26
85,53,0.44147,-94.95,24.46,-120.43,-423.53,1031.68,-561.76
85,54,0.44995,-98.46,32.75,-125.10,-414.03,977.76,-551.44
85,55,0.45831,-101.97,40.98,-129.78,-419.71,983.71,-559.49
85,56,0.46667,-105.47,48.94,-134.46,-418.25,951.87,-559.85
85,57,0.47516,-108.96,56.81,-139.14,-411.87,928.46,-551.80
85,58,0.48322,-112.44,64.37,-143.82,-431.82,938.55,-579.92
85,59,0.49164,-115.93,71.83,-148.51,-414.13,884.98,-557.25
85,60,0.49994,-119.45,78.87,-153.28,-425.00,848.45,-574.26
85,61,0.50836,-123.07,85.76,-158.18,-429.71,817.60,-582.61
85,62,0.51642,-127.04,92.05,-163.63,-492.80,780.55,-675.76
85,63,0.52496,-131.07,98.06,-169.16,-470.71,704.20,-646.79
85,64,0.53314,-135.29,103.04,-174.99,-516.04,608.81,-713.06
85,65,0.54150,-139.52,107.57,-180.84,-506.20,541.80,-700.00
85,66,0.54999,-143.80,110.39,-186.77,-503.96,331.60,-698.92
85,67,0.55835,-148.04,112.91,-192.66,-508.03,302.22,-704.38
85,68,0.56665,-152.18,114.35,-198.40,-498.53,172.57,-691.18
85,69,0.57495,-156.25,115.61,-204.04,-490.07,152.71,-679.41
85,70,0.58362,-160.06,116.25,-209.30,-439.79,73.65,-607.75
85,71,0.59174,-163.75,116.77,-214.40,-454.89,64.37,-627.44
85,72,0.60016,-167.03,116.86,-218.88,-389.13,10.68,-532.25
85,73,0.60834,-170.22,116.87,-223.23,-389.55,0.26,-532.09
85,74,0.61652,-173.07,116.54,-227.09,-348.13,-40.30,-471.27
85,75,0.62494,-175.89,116.13,-230.91,-335.51,-47.93,-453.62
85,76,0.63324,-178.63,115.45,-234.61,-329.78,-82.37,-445.59
85,77,0.64160,-181.36,114.69,-238.30,-327.01,-90.71,-441.97
85,78,0.64996,-184.09,113.65,-241.99,-325.91,-124.49,-440.88
86,0,0.00000,0.00,0.00,0.00,58.52,-0.00,-84.44
86,1,0.00827,0.48,0.13,-0.70,58.30,15.83,-84.13
86,2,0.01657,1.68,0.29,-2.39,143.75,19.29,-204.41
86,3,0.02487,2.87,0.45,-4.09,143.75,19.26,-204.41
86,4,0.03329,4.39,0.65,-6.20,180.43,23.67,-250.36
86,5,0.04187,5.91,0.85,-8.31,177.22,23.31,-245.91
86,6,0.04984,7.37,1.03,-10.24,183.91,23.15,-242.91
86,7,0.05829,8.84,1.22,-12.18,173.29,21.79,-228.88
86,8,0.06717,10.13,1.38,-13.84,146.05,17.99,-187.63
86,9,0.07516,11.43,1.54,-15.51,162.21,19.96,-208.40
86,10,0.08362,12.73,1.70,-17.18,153.43,18.86,-197.11
86,11,0.09241,14.03,1.86,-18.84,147.57,18.14,-189.58
86,12,0.10013,15.32,2.02,-20.51,167.98,20.69,-215.81
86,13,0.10858,16.62,2.18,-22.17,153.43,18.88,-197.11
86,14,0.11710,17.83,2.34,-23.91,142.29,19.21,-204.30
86,15,0.12540,19.03,2.50,-25.63,144.12,19.51,-207.35
86,16,0.13330,20.22,2.66,-27.36,151.35,20.51,-217.76
86,17,0.14154,21.42,2.83,-29.08,145.19,19.69,-208.89
86,18,0.15005,22.48,2.99,-30.85,124.73,19.23,-208.24
86,19,0.15845,23.54,3.15,-32.62,126.55,19.49,-211.27
86,20,0.16684,24.61,3.32,-34.40,126.55,19.50,-211.27
86,21,0.17545,25.67,3.48,-36.17,123.40,19.04,-206.03
86,22,0.18329,26.73,3.64,-37.94,135.41,20.85,-226.07
86,23,0.19168,27.79,3.81,-39.72,126.55,19.50,-211.27
86,24,0.20026,28.85,3.97,-41.49,123.84,19.10,-206.76
86,25,0.20822,29.91,4.14,-43.26,132.95,20.53,-222.61
86,26,0.21671,30.87,4.30,-45.09,113.31,19.62,-215.83
86,27,0.22528,31.84,4.47,-46.92,112.10,19.41,-213.52
86,28,0.23340,32.80,4.63,-48.75,118.42,20.51,-225.56
86,29,0.24155,33.76,4.80,-50.59,117.98,20.41,-224.72
86,30,0.25015,34.58,4.97,-52.51,95.74,19.94,-224.11
86,31,0.25839,35.40,5.14,-54.45,99.63,20.88,-234.44
86,32,0.26675,36.10,5.32,-56.47,82.85,21.18,-242.34
86,33,0.27536,36.78,5.50,-58.50,79.79,20.57,-235.46
86,34,0.28366,36.95,5.68,-60.75,20.22,22.29,-270.59
86,35,0.29175,37.11,5.87,-62.99,20.00,22.90,-278.11
86,36,0.30020,36.77,6.07,-65.60,-40.07,24.16,-308.30
86,37,0.30850,36.44,6.28,-68.21,-40.44,24.71,-314.71
86,38,0.31699,36.19,6.52,-71.23,-29.14,28.17,-355.40
86,39,0.32556,35.95,6.76,-74.25,-28.47,27.95,-352.31
86,40,0.33359,35.89,7.03,-77.69,-7.60,34.58,-429.28
86,41,0.34180,35.82,7.31,-81.15,-7.43,33.84,-420.45
86,42,0.35001,35.86,7.62,-85.00,3.72,38.07,-469.52
86,43,0.35840,35.89,7.94,-88.86,4.36,37.31,-460.00
86,44,0.36682,36.33,8.29,-93.11,51.81,41.77,-504.71
86,45,0.37482,36.79,8.56,-97.39,58.02,33.37,-535.11
86,46,0.38330,39.36,8.69,-103.62,302.88,15.13,-733.81
86,47,0.39172,41.93,8.85,-109.83,304.71,20.09,-738.04
86,48,0.40009,44.11,9.00,-115.20,261.31,17.53,-641.61
86,49,0.40860,46.30,9.15,-120.56,256.63,17.21,-630.11
86,50,0.41666,48.48,9.29,-125.93,271.21,18.22,-665.91
86,51,0.42523,50.67,9.41,-131.29,254.80,13.25,-625.62
86,52,0.43320,52.89,18.04,-136.69,279.31,1083.97,-677.78
86,53,0.44168,55.12,26.67,-142.09,262.23,1017.15,-636.33
86,54,0.45001,57.36,34.97,-147.49,269.23,995.66,-648.35
86,55,0.45844,59.60,43.26,-152.89,266.30,984.31,-641.30
86,56,0.46698,61.86,51.22,-158.29,263.57,931.47,-631.07
86,57,0.47519,64.11,59.17,-163.68,274.35,968.92,-656.88
86,58,0.48328,66.36,66.73,-169.05,278.87,935.01,-664.15
86,59,0.49167,68.62,74.29,-174.42,269.09,900.19,-640.00
86,60,0.50003,70.93,81.33,-179.88,276.28,842.26,-652.92
86,61,0.50851,73.25,88.36,-185.35,273.02,828.96,-644.60
86,62,0.51697,75.92,94.65,-191.53,315.88,743.91,-731.77
86,63,0.52521,78.59,100.92,-197.73,324.44,761.10,-751.48
86,64,0.53351,81.47,105.90,-204.32,346.69,599.86,-794.85
86,65,0.54163,84.35,110.85,-210.93,354.51,609.85,-813.16
86,66,0.55005,87.28,113.67,-217.62,348.19,334.00,-794.93
86,67,0.55829,90.21,116.46,-224.31,355.93,339.20,-812.22
86,68,0.56674,93.05,117.89,-230.79,335.74,169.45,-766.43
86,69,0.57504,95.89,119.31,-237.27,341.54,171.29,-779.78
86,70,0.58325,98.48,119.95,-243.21,315.99,77.60,-724.54
86,71,0.59161,101.07,120.58,-249.15,309.49,75.31,-709.85
86,72,0.59982,103.26,120.67,-254.25,267.29,10.96,-621.19
86,73,0.60828,105.45,120.76,-259.34,259.21,9.98,-602.17
86,74,0.61664,107.32,120.43,-263.75,223.72,-39.42,-527.74
86,75,0.62534,109.19,120.09,-268.16,215.09,-38.44,-507.02
86,76,0.63351,110.99,119.41,-272.40,219.03,-83.60,-517.91
86,77,0.64163,112.78,118.72,-276.63,220.68,-84.82,-521.80
86,78,0.64987,114.57,117.68,-280.86,217.41,-126.34,-512.59
87,0,0.00000,0.00,0.00,0.00,-94.91,0.00,-33.82
87,1,0.00833,-0.80,0.00,-0.28,-95.60,0.00,-34.07
87,2,0.01669,-2.74,0.00,-0.99,-232.85,0.00,-85.04
87,3,0.02496,-4.69,0.00,-1.71,-235.42,0.00,-85.98
87,4,0.03339,-7.12,0.00,-2.62,-288.77,0.00,-109.06
87,5,0.04166,-9.56,0.00,-3.54,-294.10,0.00,-111.07
87,6,0.05014,-11.80,0.00,-4.46,-265.11,0.00,-107.55
87,7,0.05838,-14.05,0.00,-5.37,-272.96,0.00,-110.74
87,8,0.06680,-16.00,0.00,-6.19,-231.16,0.00,-97.10
87,9,0.07498,-17.95,0.00,-7.00,-238.06,0.00,-100.00
87,10,0.08344,-19.89,0.00,-7.82,-230.32,0.00,-96.75
87,11,0.09171,-21.84,0.00,-8.64,-235.42,0.00,-98.89
87,12,0.10013,-23.79,0.00,-9.46,-231.16,0.00,-97.10
87,13,0.10837,-25.74,0.00,-10.28,-236.30,0.00,-99.26
87,14,0.11682,-27.71,0.00,-10.98,-233.21,0.00,-83.75
87,15,0.12503,-29.68,0.00,-11.69,-240.15,0.00,-86.25
87,16,0.13345,-31.65,0.00,-12.40,-234.06,0.00,-84.06
87,17,0.14172,-33.62,0.00,-13.11,-238.38,0.00,-85.61
87,18,0.15018,-35.61,0.00,-13.67,-235.02,0.00,-66.79
87,19,0.15854,-37.59,0.00,-14.24,-237.59,0.00,-67.52
87,20,0.16690,-39.58,0.00,-14.80,-237.59,0.00,-67.52
87,21,0.17520,-41.57,0.00,-15.37,-239.34,0.00,-68.01
87,22,0.18350,-43.55,0.00,-15.93,-239.34,0.00,-68.01
87,23,0.19174,-45.54,0.00,-16.49,-241.11,0.00,-68.52
87,24,0.20023,-47.53,0.00,-17.06,-234.17,0.00,-66.55
87,25,0.20865,-49.51,0.00,-17.62,-235.87,0.00,-67.03
87,26,0.21698,-51.53,0.00,-18.08,-242.12,0.00,-54.58
87,27,0.22516,-53.55,0.00,-18.53,-246.64,0.00,-55.60
87,28,0.23358,-55.57,0.00,-18.99,-239.49,0.00,-53.99
87,29,0.24188,-57.58,0.00,-19.44,-243.01,0.00,-54.78
87,30,0.25046,-59.66,0.00,-19.74,-242.35,0.00,-34.16
87,31,0.25851,-61.74,0.00,-20.03,-257.95,0.00,-36.36
87,32,0.26706,-63.88,0.00,-20.17,-250.00,0.00,-16.79
87,33,0.27521,-66.01,0.00,-20.32,-262.17,0.00,-17.60
87,34,0.28363,-68.23,0.00,-19.89,-262.68,0.00,50.00
87,35,0.29184,-70.44,0.00,-19.47,-269.52,0.00,51.30
87,36,0.30026,-72.87,0.00,-18.47,-288.41,0.00,119.20
87,37,0.30862,-75.30,0.00,-17.47,-290.51,0.00,120.07
87,38,0.31699,-78.14,0.00,-16.44,-340.51,0.00,122.26
87,39,0.32529,-80.99,0.00,-15.42,-343.01,0.00,123.16
87,40,0.33362,-84.30,0.00,-14.47,-397.44,0.00,114.65
87,41,0.34189,-87.61,0.00,-13.51,-400.37,0.00,115.50
87,42,0.35031,-91.34,0.00,-12.54,-442.75,0.00,115.58
87,43,0.35864,-95.07,0.00,-11.56,-447.99,0.00,116.85
87,44,0.36697,-99.29,0.00,-10.88,-506.23,0.00,82.05
87,45,0.37552,-103.51,0.00,-10.20,-493.93,0.00,80.00
87,46,0.38379,-110.19,0.00,-11.06,-807.75,0.00,-104.43
87,47,0.39209,-116.87,0.00,-11.92,-804.78,0.00,-104.04
87,48,0.40042,-122.62,0.00,-12.64,-689.74,0.00,-86.08
87,49,0.40866,-128.37,0.00,-13.36,-697.41,0.00,-87.04
87,50,0.41705,-134.11,0.00,-14.07,-684.73,0.00,-85.45
87,51,0.42529,-139.86,0.00,-14.79,-697.41,0.42,-87.04
87,52,0.43375,-145.65,8.64,-15.54,-684.84,1021.35,-88.45
87,53,0.44202,-151.44,17.27,-16.29,-700.00,1043.95,-90.41
87,54,0.45038,-157.24,25.57,-17.05,-693.43,992.03,-91.24
87,55,0.45865,-163.03,33.86,-17.81,-701.11,1002.99,-92.25
87,56,0.46698,-168.83,41.82,-18.59,-695.24,955.36,-93.04
87,57,0.47522,-174.62,49.78,-19.36,-702.96,965.95,-94.07
87,58,0.48367,-180.39,57.34,-20.15,-682.67,894.50,-92.78
87,59,0.49207,-186.16,64.90,-20.93,-687.64,900.98,-93.45
87,60,0.50031,-192.03,71.95,-21.75,-712.59,854.74,-98.89
87,61,0.50861,-197.91,78.99,-22.56,-707.72,848.41,-98.16
87,62,0.51700,-204.57,85.28,-23.53,-794.55,749.32,-115.64
87,63,0.52527,-211.24,91.56,-24.50,-806.27,760.31,-117.34
87,64,0.53357,-218.36,96.54,-25.57,-857.72,599.86,-128.31
87,65,0.54181,-225.48,101.52,-26.63,-864.07,604.17,-129.26
87,66,0.55032,-232.71,104.34,-27.73,-849.10,330.41,-128.32
87,67,0.55865,-239.96,107.15,-28.82,-869.96,338.05,-131.50
87,68,0.56711,-246.95,108.58,-29.88,-827.44,169.45,-125.27
87,69,0.57520,-253.95,110.01,-30.94,-864.53,176.81,-130.94
87,70,0.58359,-260.36,110.65,-31.90,-764.73,75.90,-114.18
87,71,0.59204,-266.78,111.29,-32.86,-758.84,75.15,-113.36
87,72,0.60037,-272.27,111.38,-33.65,-659.71,10.79,-95.24
87,73,0.60880,-277.77,111.46,-34.44,-652.17,10.51,-94.20
87,74,0.61703,-282.51,111.14,-35.10,-575.93,-40.01,-80.37
87,75,0.62552,-287.26,110.80,-35.77,-559.35,-38.99,-78.06
87,76,0.63373,-291.82,110.12,-36.40,-555.02,-83.29,-76.95
87,77,0.64203,-296.37,109.44,-37.03,-548.90,-82.51,-76.10
87,78,0.65054,-300.92,108.39,-37.66,-533.69,-122.26,-74.19
88,0,0.00000,0.00,0.00,0.00,-23.64,0.00,98.18
88,1,0.00827,-0.20,0.00,0.82,-23.99,0.00,99.63
88,2,0.01663,-0.70,0.00,2.84,-59.85,0.00,240.51
88,3,0.02472,-1.20,0.00,4.85,-61.89,0.00,248.68
88,4,0.03329,-1.86,0.00,7.36,-76.51,0.00,293.24
88,5,0.04160,-2.51,0.00,9.88,-79.04,0.00,302.94
88,6,0.04984,-3.18,0.00,12.21,-81.11,0.00,282.96
88,7,0.05844,-3.85,0.00,14.54,-77.66,0.00,270.92
88,8,0.06659,-4.46,0.00,16.56,-74.53,0.00,248.31
88,9,0.07489,-5.06,0.00,18.59,-73.16,0.00,243.75
88,10,0.08328,-5.67,0.00,20.61,-72.36,0.00,241.09
88,11,0.09164,-6.28,0.00,22.63,-72.63,0.00,241.97
88,12,0.09976,-6.88,0.00,24.66,-74.81,0.00,249.25
88,13,0.10831,-7.49,0.00,26.68,-71.07,0.00,236.79
88,14,0.11661,-7.99,0.00,28.71,-59.56,0.00,245.22
88,15,0.12476,-8.48,0.00,30.75,-60.67,0.00,249.81
88,16,0.13318,-8.98,0.00,32.79,-58.70,0.00,241.67
88,17,0.14145,-9.47,0.00,34.82,-59.78,0.00,246.13
88,18,0.14978,-9.82,0.00,36.86,-42.12,0.00,244.32
88,19,0.15839,-10.17,0.00,38.89,-40.78,0.00,236.52
88,20,0.16650,-10.52,0.00,40.93,-43.23,0.00,250.75
88,21,0.17487,-10.87,0.00,42.96,-41.97,0.00,243.43
88,22,0.18320,-11.22,0.00,45.00,-42.12,0.00,244.32
88,23,0.19165,-11.58,0.00,47.03,-41.52,0.00,240.79
88,24,0.19995,-11.93,0.00,49.07,-42.28,0.00,245.22
88,25,0.20828,-12.28,0.00,51.10,-42.12,0.00,244.32
88,26,0.21674,-12.52,0.00,53.16,-28.16,0.00,242.96
88,27,0.22488,-12.75,0.00,55.21,-29.21,0.00,252.06
88,28,0.23328,-12.99,0.00,57.27,-28.36,0.00,244.73
88,29,0.24161,-13.23,0.00,59.32,-28.57,0.00,246.52
88,30,0.24976,-13.30,0.00,61.42,-8.61,0.00,257.30
88,31,0.25836,-13.37,0.00,63.51,-8.16,0.00,243.62
88,32,0.26697,-13.28,0.00,65.65,9.93,0.00,248.58
88,33,0.27505,-13.20,0.00,67.79,10.57,0.00,264.53
88,34,0.28360,-12.54,0.00,69.95,76.79,0.00,252.14
88,35,0.29175,-11.89,0.00,72.10,80.52,0.00,264.42
88,36,0.30008,-10.63,0.00,74.41,150.92,0.00,277.29
88,37,0.30841,-9.37,0.00,76.72,150.92,0.00,277.29
88,38,0.31699,-8.05,0.00,79.45,153.74,0.00,317.79
88,39,0.32510,-6.74,0.00,82.17,162.41,0.00,335.71
88,40,0.33331,-5.44,0.00,85.36,158.36,0.00,388.85
88,41,0.34186,-4.14,0.00,88.56,152.14,0.00,373.57
88,42,0.34988,-2.77,0.00,92.16,169.96,0.00,449.43
88,43,0.35843,-1.41,0.00,95.77,159.64,0.00,422.14
88,44,0.36655,-0.28,0.00,99.89,139.10,0.00,507.89
88,45,0.37509,0.85,0.00,104.02,132.14,0.00,482.50
88,46,0.38333,0.70,0.00,110.75,-18.15,0.00,817.41
88,47,0.39175,0.55,0.00,117.49,-17.75,0.00,799.64
88,48,0.40012,0.45,0.00,123.28,-12.04,0.00,692.70
88,49,0.40845,0.35,0.00,129.07,-12.09,0.00,695.24
88,50,0.41690,0.25,0.50,134.86,-11.91,58.98,685.20
88,51,0.42517,-0.07,1.49,140.47,-38.75,119.51,677.86
88,52,0.43332,-0.20,10.12,146.31,-15.73,1059.61,716.48
88,53,0.44180,-0.33,18.75,152.15,-15.11,1017.66,688.13
88,54,0.45038,-0.47,27.05,157.99,-16.37,967.32,681.85
88,55,0.45828,-0.61,35.34,163.84,-17.76,1049.46,739.77
88,56,0.46661,-0.76,43.30,169.68,-18.68,955.36,701.47
88,57,0.47491,-0.92,51.26,175.53,-18.75,958.85,704.04
88,58,0.48346,-1.08,58.82,181.35,-19.29,884.92,681.43
88,59,0.49161,-1.25,66.39,187.17,-20.22,927.97,714.61
88,60,0.49982,-1.43,73.43,193.10,-22.30,857.91,721.93
88,61,0.50842,-1.61,80.47,199.03,-21.28,818.32,688.65
88,62,0.51685,-1.87,86.76,205.76,-30.43,746.61,799.64
88,63,0.52505,-2.13,93.05,212.50,-31.23,765.96,820.45
88,64,0.53339,-2.43,98.03,219.69,-36.26,597.66,863.37
88,65,0.54132,-2.73,103.01,226.88,-38.08,627.40,906.54
88,66,0.55011,-3.05,105.82,234.19,-36.11,320.08,831.25
88,67,0.55835,-3.37,108.63,241.49,-38.52,341.34,886.30
88,68,0.56668,-3.67,110.06,248.56,-37.00,171.94,848.35
88,69,0.57492,-3.98,111.50,255.63,-37.41,173.79,857.78
88,70,0.58328,-4.25,112.13,262.11,-32.48,76.18,775.18
88,71,0.59171,-4.53,112.77,268.59,-32.25,75.59,769.57
88,72,0.60004,-4.73,112.86,274.14,-24.54,10.79,665.93
88,73,0.60855,-4.93,112.95,279.69,-24.01,10.53,651.61
88,74,0.61673,-5.09,112.62,284.48,-18.66,-40.30,585.82
88,75,0.62500,-5.24,112.29,289.27,-18.45,-39.88,578.97
88,76,0.63330,-5.38,111.61,293.87,-17.28,-82.37,554.04
88,77,0.64169,-5.53,110.92,298.46,-17.09,-81.50,548.00
88,78,0.64975,-5.67,109.88,303.05,-17.80,-129.21,568.94
89,0,0.00000,0.00,0.00,0.00,80.00,0.00,61.45
89,1,0.00803,0.68,0.00,0.52,84.79,0.00,65.02
89,2,0.01645,2.32,0.00,1.79,194.57,0.00,150.72
89,3,0.02496,3.96,0.00,3.06,192.47,-0.00,149.46
89,4,0.03345,5.99,0.00,4.68,239.93,0.00,190.65
89,5,0.04141,8.03,0.00,6.30,255.17,-0.00,203.07
89,6,0.04984,9.89,0.00,7.85,221.01,0.00,184.42
89,7,0.05823,11.75,0.00,9.41,221.82,0.00,185.09
89,8,0.06653,13.35,0.00,10.78,193.01,0.00,165.44
89,9,0.07529,14.95,0.00,12.15,182.93,0.00,156.79
89,10,0.08304,16.56,0.00,13.53,206.69,0.00,177.17
89,11,0.09152,18.16,0.00,14.90,188.85,0.00,161.87
89,12,0.09979,19.76,0.00,16.27,193.73,0.00,166.05
89,13,0.10822,21.37,0.00,17.65,190.58,0.00,163.04
89,14,0.11649,23.03,0.00,18.92,200.74,0.00,154.61
89,15,0.12469,24.69,0.00,20.20,202.23,0.00,155.76
89,16,0.13297,26.35,0.00,21.48,200.74,0.00,154.61
89,17,0.14154,28.01,0.00,22.76,193.95,0.00,148.75
89,18,0.14993,29.73,0.00,23.90,204.73,0.00,136.36
89,19,0.15811,31.45,0.00,25.05,210.07,0.00,139.93
89,20,0.16669,33.16,0.00,26.19,200.36,0.00,133.45
89,21,0.17474,34.88,0.00,27.33,213.26,0.00,142.05
89,22,0.18326,36.60,0.00,28.48,201.79,0.00,134.41
89,23,0.19186,38.32,0.00,29.62,199.65,0.00,132.98
89,24,0.20010,40.04,0.00,30.77,208.52,0.00,138.89
89,25,0.20804,41.76,0.00,31.91,216.92,0.00,144.23
89,26,0.21634,43.54,0.00,32.96,214.71,0.00,126.10
89,27,0.22491,45.32,0.00,34.01,207.83,0.00,122.06
89,28,0.23322,47.10,0.00,35.05,214.71,0.00,126.10
89,29,0.24191,48.89,0.00,36.10,204.91,0.00,120.35
89,30,0.24985,50.78,0.00,37.01,238.08,0.00,115.38
89,31,0.25842,52.66,0.00,37.93,220.28,0.00,106.41
89,32,0.26657,54.65,0.00,38.71,244.19,0.00,96.63
89,33,0.27512,56.64,0.00,39.50,232.86,0.00,91.79
89,34,0.28351,58.92,0.00,39.78,271.27,0.00,33.09
89,35,0.29156,61.16,0.00,40.04,278.41,0.00,32.58
89,36,0.29977,63.78,0.00,39.83,319.33,0.00,-26.02
89,37,0.30835,66.42,0.00,39.61,306.76,0.00,-24.56
89,38,0.31659,69.44,0.00,39.51,367.04,0.00,-12.59
89,39,0.32529,72.48,0.00,39.41,349.12,0.00,-11.23
89,40,0.33353,75.92,0.00,39.52,418.15,0.00,12.59
89,41,0.34167,79.38,0.00,39.62,423.97,0.00,13.11
89,42,0.34995,83.22,0.00,39.84,465.31,0.00,25.83
89,43,0.35834,87.08,0.00,40.06,459.64,0.00,26.91
89,44,0.36664,91.31,0.00,40.70,509.19,0.00,76.84
89,45,0.37488,95.58,0.00,41.39,518.52,0.00,84.07
89,46,0.38333,101.70,0.00,44.27,724.19,0.00,340.07
89,47,0.39166,107.78,0.00,47.12,728.94,0.00,342.12
89,48,0.40002,113.03,0.00,49.56,628.47,0.00,291.61
89,49,0.40857,118.29,0.00,52.00,615.00,0.00,285.36
89,50,0.41666,123.54,0.00,54.43,649.81,0.00,301.51
89,51,0.42493,128.80,0.25,56.87,635.42,30.63,294.83
89,52,0.43350,134.09,8.90,59.36,617.44,1008.30,289.68
89,53,0.44199,139.38,17.52,61.84,623.02,1016.45,292.45
89,54,0.44998,144.67,25.82,64.33,661.45,1037.47,312.21
89,55,0.45853,149.95,34.10,66.83,618.93,969.56,292.50
89,56,0.46680,155.23,42.06,69.34,638.38,962.41,303.32
89,57,0.47495,160.51,50.01,71.85,647.94,975.32,307.87
89,58,0.48361,165.77,57.57,74.36,606.69,872.46,289.44
89,59,0.49176,171.03,65.12,76.87,645.32,926.04,308.24
89,60,0.49982,176.37,72.16,79.44,663.26,874.16,318.94
89,61,0.50833,181.74,79.18,82.02,630.11,824.43,303.23
89,62,0.51663,187.79,85.47,84.98,729.04,757.59,356.62
89,63,0.52527,193.86,91.72,87.95,702.47,723.46,343.82
89,64,0.53329,200.31,96.70,91.14,804.18,620.39,397.34
89,65,0.54193,206.77,101.61,94.33,747.70,568.79,369.26
89,66,0.54990,213.32,104.42,97.58,822.22,353.20,408.05
89,67,0.55811,219.86,107.19,100.83,797.03,337.49,395.54
89,68,0.56662,226.20,108.62,103.97,744.44,168.24,369.18
89,69,0.57507,232.52,110.03,107.10,747.65,166.54,370.76
89,70,0.58328,238.34,110.67,109.98,708.55,77.60,349.81
89,71,0.59174,244.13,111.29,112.84,685.20,73.35,338.27
89,72,0.59985,249.12,111.38,115.27,614.66,11.08,300.00
89,73,0.60831,254.09,111.46,117.69,587.73,9.10,286.64
89,74,0.61652,258.40,111.13,119.77,526.02,-40.15,253.16
89,75,0.62500,262.72,110.79,121.85,508.27,-40.15,244.60
89,76,0.63367,266.86,110.10,123.84,478.52,-78.89,229.93
89,77,0.64191,271.01,109.41,125.83,503.33,-84.33,241.85
89,78,0.64996,275.14,108.37,127.82,512.88,-129.21,246.97
90,0,0.00000,0.00,0.00,0.00,-35.51,-0.00,-93.84
90,1,0.00821,-0.30,0.00,-0.79,-36.43,0.00,-96.28
90,2,0.01669,-1.02,0.00,-2.73,-84.89,0.00,-229.14
90,3,0.02493,-1.74,0.00,-4.68,-87.41,0.00,-235.93
90,4,0.03333,-2.62,0.00,-7.13,-104.36,-0.00,-291.64
90,5,0.04156,-3.49,0.12,-9.57,-106.30,14.47,-297.04
90,6,0.04999,-4.25,0.12,-11.88,-90.58,-0.00,-273.55
90,7,0.05823,-5.02,0.12,-14.18,-92.59,0.00,-279.63
90,8,0.06674,-5.65,0.12,-16.19,-74.91,0.00,-236.20
90,9,0.07489,-6.29,0.12,-18.20,-78.28,-0.00,-246.82
90,10,0.08331,-6.93,0.24,-20.21,-75.72,13.97,-238.77
90,11,0.09161,-7.57,0.24,-22.23,-76.84,-0.00,-242.28
90,12,0.10004,-8.21,0.24,-24.24,-75.72,0.00,-238.77
90,13,0.10831,-8.84,0.24,-26.25,-77.12,0.00,-243.17
90,14,0.11673,-9.58,0.24,-28.21,-87.68,-0.00,-232.97
90,15,0.12500,-10.32,0.35,-30.17,-89.30,13.54,-237.27
90,16,0.13342,-11.06,0.35,-32.14,-87.68,-0.00,-232.97
90,17,0.14166,-11.80,0.35,-34.10,-89.63,0.00,-238.15
90,18,0.15005,-12.66,0.35,-35.98,-102.18,0.00,-224.00
90,19,0.15829,-13.51,0.35,-37.86,-104.07,-0.00,-228.15
90,20,0.16669,-14.37,0.46,-39.74,-102.18,13.78,-224.00
90,21,0.17505,-15.23,0.46,-41.62,-102.55,-0.00,-224.82
90,22,0.18344,-16.09,0.46,-43.50,-102.18,0.00,-224.00
90,23,0.19165,-16.94,0.46,-45.38,-104.46,0.00,-229.00
90,24,0.20001,-17.80,0.46,-47.26,-102.55,-0.00,-224.82
90,25,0.20837,-18.66,0.58,-49.14,-102.55,13.97,-224.82
90,26,0.21674,-19.62,0.58,-50.97,-114.96,-0.00,-218.98
90,27,0.22498,-20.58,0.58,-52.80,-116.67,0.00,-222.22
90,28,0.23346,-21.54,0.58,-54.63,-113.31,0.00,-215.83
90,29,0.24164,-22.50,0.58,-56.46,-117.54,-0.00,-223.88
90,30,0.25003,-23.63,0.70,-58.23,-133.82,14.47,-211.27
90,31,0.25833,-24.75,0.70,-60.01,-135.29,-0.00,-213.60
90,32,0.26672,-26.03,0.70,-61.72,-152.00,0.00,-204.73
90,33,0.27505,-27.30,0.70,-63.44,-153.11,0.00,-206.23
90,34,0.28351,-29.06,0.81,-64.85,-207.58,12.65,-166.79
90,35,0.29169,-30.81,0.81,-66.26,-214.55,-0.00,-172.39
90,36,0.30017,-33.15,0.81,-67.46,-275.54,0.00,-141.37
90,37,0.30844,-35.49,0.81,-68.66,-282.66,-0.00,-145.02
90,38,0.31677,-38.11,0.94,-70.17,-315.02,16.09,-180.95
90,39,0.32504,-40.73,0.94,-71.68,-317.34,-0.00,-182.29
90,40,0.33350,-43.61,0.94,-73.58,-339.71,0.00,-225.27
90,41,0.34171,-46.48,1.07,-75.49,-349.81,15.47,-231.97
90,42,0.35013,-49.64,1.07,-77.69,-375.00,-0.00,-262.32
90,43,0.35843,-52.80,1.07,-79.90,-380.51,0.00,-266.18
90,44,0.36685,-56.05,1.22,-82.67,-386.59,18.26,-328.62
90,45,0.37506,-59.31,1.22,-85.44,-396.65,-0.00,-337.55
90,46,0.38348,-62.98,1.36,-91.09,-435.87,16.17,-670.29
90,47,0.39175,-66.65,1.36,-96.73,-443.91,-0.00,-682.66
90,48,0.40012,-69.83,1.51,-101.57,-380.29,18.13,-578.83
90,49,0.40848,-73.01,1.51,-106.41,-380.29,-0.00,-578.83
90,50,0.41681,-76.19,1.65,-111.25,-381.68,16.83,-580.95
90,51,0.42514,-79.37,1.66,-116.09,-381.68,0.42,-580.95
90,52,0.43362,-82.56,10.29,-120.99,-375.54,1017.68,-576.98
90,53,0.44177,-85.74,18.92,-125.89,-391.01,1059.59,-600.75
90,54,0.45023,-88.92,27.22,-130.80,-376.17,981.28,-580.87
90,55,0.45850,-92.10,35.51,-135.71,-384.50,1002.99,-593.73
90,56,0.46692,-95.27,43.47,-140.62,-375.72,944.97,-583.33
90,57,0.47510,-98.43,51.43,-145.53,-386.94,973.16,-600.75
90,58,0.48349,-101.58,58.99,-150.44,-374.91,901.01,-584.36
90,59,0.49179,-104.72,66.56,-155.34,-379.04,910.92,-590.81
90,60,0.50021,-107.91,73.60,-160.34,-378.26,836.16,-593.48
90,61,0.50839,-111.10,80.64,-165.34,-389.55,861.07,-611.19
90,62,0.51685,-114.68,86.93,-171.04,-423.83,743.91,-675.09
90,63,0.52515,-118.26,93.22,-176.75,-431.62,757.51,-687.50
90,64,0.53357,-122.07,98.20,-182.86,-451.81,591.17,-725.72
90,65,0.54175,-125.88,103.18,-188.98,-465.67,608.97,-748.13
90,66,0.55023,-129.73,105.99,-195.20,-454.32,331.60,-732.37
90,67,0.55850,-133.58,108.80,-201.41,-466.05,339.93,-751.29
90,68,0.56702,-137.31,110.23,-207.42,-437.99,168.24,-706.09
90,69,0.57523,-141.04,111.67,-213.43,-454.28,174.36,-732.34
90,70,0.58368,-144.47,112.30,-218.94,-405.78,75.36,-651.62
90,71,0.59204,-147.90,112.94,-224.45,-410.22,76.09,-658.39
90,72,0.60028,-150.86,113.03,-229.15,-358.89,10.91,-570.37
90,73,0.60889,-153.82,113.12,-233.85,-343.62,10.38,-546.10
90,74,0.61700,-156.39,112.79,-237.89,-316.92,-40.61,-498.12
90,75,0.62534,-158.96,112.46,-241.93,-308.79,-39.63,-485.35
90,76,0.63379,-161.44,111.77,-245.81,-292.78,-80.88,-458.84
90,77,0.64206,-163.91,111.09,-249.69,-299.26,-82.74,-469.00
90,78,0.65042,-166.38,110.05,-253.56,-294.53,-124.49,-462.77
91,0,0.00000,0.00,0.00,0.00,60.29,0.00,82.35
91,1,0.00839,0.50,-0.00,0.68,59.64,-0.00,81.45
91,2,0.01669,1.72,-0.00,2.37,146.32,0.00,202.57
91,3,0.02502,2.93,-0.00,4.05,145.79,0.00,201.83
91,4,0.03333,4.43,-0.00,6.17,180.15,0.00,255.88
91,5,0.04181,5.92,-0.00,8.29,176.26,0.00,250.36
91,6,0.05002,7.27,-0.00,10.31,164.31,0.00,245.72
91,7,0.05847,8.62,-0.00,12.33,159.57,0.00,238.63
91,8,0.06671,9.77,-0.00,14.10,139.63,0.00,214.81
91,9,0.07510,10.92,-0.00,15.87,137.09,0.00,210.91
91,10,0.08340,12.07,-0.00,17.64,138.60,0.00,213.24
91,11,0.09183,13.22,-0.00,19.41,136.59,0.00,210.14
91,12,0.10004,14.37,-0.00,21.18,140.15,0.00,215.61
91,13,0.10843,15.52,-0.00,22.95,137.09,0.00,210.91
91,14,0.11670,16.76,-0.00,24.64,149.45,0.00,204.80
91,15,0.12515,17.99,-0.00,26.34,146.21,0.00,200.36
91,16,0.13339,19.23,-0.00,28.03,150.00,0.00,205.56
91,17,0.14178,20.47,-0.00,29.72,147.27,0.00,201.82
91,18,0.15015,21.79,-0.00,31.30,158.76,0.00,189.05
91,19,0.15851,23.12,-0.00,32.89,158.76,0.00,189.05
91,20,0.16687,24.45,-0.00,34.47,158.76,0.00,189.05
91,21,0.17517,25.78,-0.00,36.05,159.93,0.00,190.44
91,22,0.18347,27.10,-0.00,37.63,159.93,0.00,190.44
91,23,0.19193,28.43,-0.00,39.21,157.04,0.00,187.00
91,24,0.20020,29.76,-0.00,40.79,160.52,0.00,191.14
91,25,0.20850,31.09,-0.00,42.37,159.93,0.00,190.44
91,26,0.21680,32.50,-0.00,43.88,170.59,0.00,181.62
91,27,0.22522,33.92,-0.00,45.39,168.12,0.00,178.99
91,28,0.23346,35.33,-0.00,46.89,171.85,0.00,182.96
91,29,0.24191,36.75,-0.00,48.40,167.51,0.00,178.34
91,30,0.25015,38.30,-0.00,49.81,188.52,0.00,171.11
91,31,0.25858,39.86,-0.00,51.22,184.42,0.00,167.39
91,32,0.26685,41.54,-0.00,52.54,204.06,0.00,159.04
91,33,0.27521,43.23,-0.00,53.85,201.82,0.00,157.30
91,34,0.28348,45.30,-0.00,54.74,249.82,0.00,107.75
91,35,0.29193,47.36,0.00,55.63,244.40,0.00,105.42
91,36,0.30020,49.94,0.18,56.17,311.07,21.19,64.58
91,37,0.30856,52.51,0.18,56.70,308.03,0.00,63.87
91,38,0.31683,55.44,0.35,57.46,354.24,21.00,91.14
91,39,0.32526,58.37,0.35,58.21,347.83,0.00,89.49
91,40,0.33353,61.65,0.56,59.28,396.31,25.08,129.15
91,41,0.34189,64.93,0.67,60.35,391.97,13.53,127.74
91,42,0.35019,68.56,0.80,61.63,437.87,15.49,155.15
91,43,0.35864,72.20,0.93,62.92,429.96,15.18,152.35
91,44,0.36688,76.07,1.08,64.72,470.37,18.30,218.52
91,45,0.37534,79.95,1.23,66.53,458.48,17.80,213.36
91,46,0.38361,84.99,1.49,70.99,609.96,31.81,539.85
91,47,0.39200,90.04,1.75,75.45,601.09,31.35,532.00
91,48,0.40021,94.39,1.98,79.27,530.48,27.50,465.06
91,49,0.40860,98.75,2.21,83.09,518.91,26.94,454.91
91,50,0.41690,103.10,2.43,86.91,524.63,27.20,459.93
91,51,0.42526,107.45,2.66,90.72,520.44,27.00,455.47
91,52,0.43350,111.83,11.29,94.58,530.74,1047.83,469.26
91,53,0.44202,116.20,19.92,98.45,513.62,1014.02,454.12
91,54,0.45029,120.57,28.22,102.33,528.78,1003.01,469.74
91,55,0.45871,124.95,36.52,106.22,519.20,984.82,461.23
91,56,0.46686,129.31,44.47,110.11,535.21,976.83,477.90
91,57,0.47534,133.67,52.43,114.01,514.03,938.15,458.99
91,58,0.48361,138.00,60.00,117.90,524.35,914.31,470.11
91,59,0.49194,142.34,67.56,121.78,520.51,907.58,466.67
91,60,0.50015,146.74,74.60,125.75,536.43,857.91,483.64
91,61,0.50873,151.15,81.64,129.72,513.52,821.24,462.99
91,62,0.51697,156.12,87.93,134.27,603.70,763.20,551.85
91,63,0.52536,161.10,94.22,138.82,592.73,749.25,541.82
91,64,0.53366,166.39,99.20,143.70,637.87,599.86,587.50
91,65,0.54196,171.69,104.18,148.57,637.87,599.72,587.50
91,66,0.55026,177.06,106.99,153.53,647.06,338.91,597.79
91,67,0.55865,182.43,109.80,158.50,640.00,335.13,591.27
91,68,0.56699,187.62,111.23,163.30,623.44,171.94,576.19
91,69,0.57541,192.82,112.67,168.10,616.67,170.02,569.93
91,70,0.58359,197.59,113.30,172.49,583.58,77.89,537.31
91,71,0.59210,202.36,113.94,176.89,560.57,74.78,516.13
91,72,0.60037,206.46,114.03,180.63,495.94,10.87,452.40
91,73,0.60880,210.57,114.12,184.37,486.96,10.65,444.20
91,74,0.61697,214.12,113.79,187.58,435.07,-40.30,392.54
91,75,0.62543,217.68,113.46,190.79,420.94,-39.02,379.78
91,76,0.63379,221.10,112.78,193.87,408.76,-81.77,368.25
91,77,0.64212,224.52,112.09,196.95,410.26,-82.10,369.60
91,78,0.65045,227.92,111.05,200.02,408.79,-124.95,368.86
92,0,0.00000,0.00,0.00,0.00,-35.16,0.00,95.24
92,1,0.00848,-0.29,0.00,0.79,-34.53,0.00,93.53
92,2,0.01666,-1.02,0.00,2.73,-89.18,0.00,237.31
92,3,0.02502,-1.75,0.00,4.68,-87.23,0.00,232.12
92,4,0.03342,-2.69,0.00,7.10,-112.36,0.00,288.73
92,5,0.04169,-3.64,0.00,9.52,-114.02,0.00,292.99
92,6,0.04996,-4.57,0.00,11.76,-112.92,0.00,270.85
92,7,0.05832,-5.51,0.00,14.00,-111.68,0.00,267.88
92,8,0.06665,-6.34,0.00,15.94,-100.37,0.00,232.60
92,9,0.07504,-7.18,0.00,17.88,-99.64,0.00,230.91
92,10,0.08347,-8.01,0.00,19.82,-99.28,0.00,230.07
92,11,0.09177,-8.85,0.00,21.75,-100.74,0.00,233.46
92,12,0.10004,-9.69,0.00,23.69,-101.11,0.00,234.32
92,13,0.10846,-10.52,0.00,25.63,-99.28,0.00,230.07
92,14,0.11670,-11.25,0.00,27.59,-88.52,0.00,238.52
92,15,0.12509,-11.98,0.00,29.56,-86.91,0.00,234.18
92,16,0.13339,-12.71,0.00,31.52,-87.87,0.00,236.76
92,17,0.14182,-13.44,0.00,33.49,-86.59,0.00,233.33
92,18,0.15005,-14.02,0.00,35.47,-70.74,0.00,240.37
92,19,0.15848,-14.61,0.00,37.48,-70.29,0.00,238.41
92,20,0.16678,-15.20,0.00,39.46,-70.22,0.00,238.60
92,21,0.17517,-15.78,0.00,41.44,-69.45,0.00,236.00
92,22,0.18350,-16.36,0.00,43.42,-69.96,0.00,237.73
92,23,0.19183,-16.95,0.00,45.40,-69.96,0.00,237.73
92,24,0.20013,-17.53,0.00,47.38,-70.22,0.00,238.60
92,25,0.20856,-18.11,0.00,49.36,-69.20,0.00,235.14
92,26,0.21680,-18.59,0.00,51.37,-57.41,0.00,244.07
92,27,0.22519,-19.06,0.00,53.38,-56.36,0.00,239.64
92,28,0.23346,-19.53,0.00,55.40,-57.20,0.00,243.17
92,29,0.24185,-20.00,0.00,57.41,-56.36,0.00,240.00
92,30,0.25009,-20.32,0.00,59.48,-38.15,0.00,251.85
92,31,0.25854,-20.63,0.00,61.56,-36.82,0.00,245.49
92,32,0.26678,-20.79,0.00,63.69,-20.00,0.00,258.89
92,33,0.27521,-20.95,0.00,65.83,-18.48,0.00,253.62
92,34,0.28363,-20.55,0.00,68.05,47.46,0.00,263.04
92,35,0.29187,-20.14,0.00,70.28,50.00,0.00,270.74
92,36,0.30011,-19.16,0.00,72.71,118.89,0.00,295.93
92,37,0.30853,-18.18,0.00,75.16,116.30,0.00,290.58
92,38,0.31674,-17.19,0.00,78.02,120.82,0.00,348.33
92,39,0.32532,-16.20,0.00,80.89,115.66,0.00,334.52
92,40,0.33347,-15.27,0.00,84.21,113.11,0.00,407.49
92,41,0.34189,-14.35,0.00,87.54,109.42,0.00,395.29
92,42,0.35019,-13.42,0.00,91.28,112.87,0.00,450.74
92,43,0.35858,-12.48,0.00,95.03,110.91,0.00,446.91
92,44,0.36685,-11.84,0.00,99.26,77.49,0.00,510.70
92,45,0.37524,-11.23,0.00,103.53,73.09,0.00,509.09
92,46,0.38348,-12.16,0.00,110.20,-112.96,0.00,809.63
92,47,0.39197,-13.09,0.00,116.85,-109.35,0.00,784.17
92,48,0.40018,-13.87,0.00,122.63,-94.80,0.00,703.35
92,49,0.40866,-14.64,0.00,128.37,-91.01,0.00,676.62
92,50,0.41684,-15.41,0.00,134.11,-94.40,0.00,701.87
92,51,0.42526,-16.18,0.21,139.85,-91.67,25.52,681.52
92,52,0.43353,-16.99,8.85,145.63,-97.05,1043.97,699.26
92,53,0.44208,-17.79,17.47,151.41,-94.29,1009.42,676.79
92,54,0.45020,-18.62,25.89,157.29,-102.63,1037.13,724.06
92,55,0.45856,-19.45,34.18,163.08,-98.18,990.43,692.70
92,56,0.46680,-20.28,42.13,168.87,-101.11,965.97,702.22
92,57,0.47510,-21.11,50.08,174.65,-100.37,956.96,696.69
92,58,0.48343,-21.95,57.64,180.42,-100.73,907.61,691.94
92,59,0.49182,-22.79,65.18,186.18,-100.36,898.54,687.27
92,60,0.50003,-23.67,72.22,192.05,-106.32,857.91,714.50
92,61,0.50845,-24.55,79.24,197.95,-104.35,832.58,700.00
92,62,0.51669,-25.58,85.52,204.61,-125.93,763.20,808.15
92,63,0.52512,-26.62,91.76,211.28,-123.55,740.40,792.75
92,64,0.53342,-27.76,96.74,218.39,-136.76,599.86,856.62
92,65,0.54181,-28.89,101.63,225.51,-135.27,583.00,847.64
92,66,0.55008,-30.06,104.45,232.72,-140.96,340.17,872.69
92,67,0.55853,-31.22,107.20,239.93,-137.55,326.27,852.71
92,68,0.56674,-32.35,108.64,246.91,-137.17,174.49,850.56
92,69,0.57513,-33.47,110.04,253.88,-133.82,166.89,829.45
92,70,0.58347,-34.49,110.67,260.28,-122.71,76.46,768.86
92,71,0.59192,-35.51,111.29,266.65,-120.22,72.77,753.43
92,72,0.60013,-36.36,111.38,272.14,-103.35,10.95,668.40
92,73,0.60861,-37.20,111.45,277.59,-99.28,8.62,643.17
92,74,0.61679,-37.91,111.12,282.33,-86.57,-40.30,579.48
92,75,0.62527,-38.62,110.78,287.07,-83.45,-40.53,557.91
92,76,0.63354,-39.29,110.10,291.62,-81.55,-82.67,550.18
92,77,0.64203,-39.97,109.40,296.17,-79.50,-82.28,536.33
92,78,0.65024,-40.64,108.36,300.70,-82.53,-126.81,552.42
93,0,0.00000,0.00,0.00,0.00,28.68,-0.00,-119.12
93,1,0.00845,0.26,-0.00,-1.06,30.69,-0.00,-125.27
93,2,0.01666,0.76,0.00,-3.07,60.97,0.00,-244.98
93,3,0.02512,1.29,0.00,-5.18,63.18,0.00,-249.82
93,4,0.03339,1.95,0.00,-7.70,79.70,0.00,-304.06
93,5,0.04175,2.62,0.14,-10.17,79.20,16.89,-296.35
93,6,0.05011,3.29,0.14,-12.51,80.29,0.00,-278.83
93,7,0.05847,3.95,0.14,-14.78,78.83,-0.00,-271.53
93,8,0.06668,4.56,0.26,-16.80,74.35,15.07,-246.10
93,9,0.07516,5.17,0.26,-18.83,71.94,0.00,-239.21
93,10,0.08340,5.78,0.26,-20.85,74.07,0.00,-245.19
93,11,0.09180,6.39,0.38,-22.87,72.73,13.64,-240.73
93,12,0.10010,7.00,0.38,-24.89,73.53,0.00,-243.38
93,13,0.10840,7.58,0.38,-26.91,70.59,0.00,-243.75
93,14,0.11673,8.08,0.52,-28.95,59.71,17.07,-244.32
93,15,0.12515,8.58,0.52,-30.98,59.06,0.00,-241.67
93,16,0.13339,9.08,0.64,-33.02,60.37,13.83,-247.04
93,17,0.14178,9.55,0.64,-35.05,56.00,-0.00,-242.55
93,18,0.15018,9.90,0.75,-37.09,42.18,13.28,-242.55
93,19,0.15851,10.26,0.75,-39.14,42.86,0.00,-246.89
93,20,0.16675,10.61,0.86,-41.18,42.96,13.37,-247.04
93,21,0.17520,10.96,0.86,-43.22,41.88,-0.00,-240.79
93,22,0.18365,11.32,0.97,-45.25,41.88,12.98,-240.79
93,23,0.19193,11.67,0.97,-47.29,42.80,-0.00,-246.49
93,24,0.20016,12.03,1.08,-49.33,42.96,13.34,-247.04
93,25,0.20859,12.36,1.08,-51.36,39.13,-0.00,-242.03
93,26,0.21677,12.60,1.18,-53.42,29.48,13.21,-251.12
93,27,0.22531,12.84,1.18,-55.47,28.21,-0.00,-240.36
93,28,0.23355,13.08,1.29,-57.54,29.26,13.08,-251.48
93,29,0.24194,13.28,1.29,-59.61,24.00,-0.00,-245.82
93,30,0.25027,13.35,1.40,-61.70,8.79,12.65,-251.65
93,31,0.25867,13.39,1.40,-63.81,4.73,-0.00,-250.91
93,32,0.26688,13.31,1.50,-65.95,-10.04,12.53,-260.59
93,33,0.27533,13.10,1.50,-68.09,-24.91,0.00,-253.43
93,34,0.28357,12.45,1.50,-70.25,-78.89,0.00,-261.48
93,35,0.29205,11.66,1.63,-72.44,-92.81,15.75,-258.27
93,36,0.30029,10.39,1.63,-74.79,-154.81,-0.00,-285.93
93,37,0.30869,9.12,1.63,-77.20,-150.91,0.00,-287.27
93,38,0.31689,7.81,1.76,-79.93,-160.22,15.31,-331.97
93,39,0.32541,6.50,1.76,-82.77,-153.76,-0.00,-333.69
93,40,0.33365,5.20,1.76,-85.96,-157.41,0.00,-387.41
93,41,0.34222,3.89,1.87,-89.26,-153.02,12.63,-384.34
93,42,0.35059,2.50,1.87,-92.95,-166.42,0.00,-441.97
93,43,0.35895,1.16,1.87,-96.87,-160.22,0.00,-468.25
93,44,0.36722,0.03,1.87,-100.99,-135.79,0.00,-498.52
93,45,0.37546,-0.69,1.87,-105.92,-88.15,0.00,-598.52
93,46,0.38379,-0.53,1.87,-112.66,19.05,0.00,-808.42
93,47,0.39212,-0.39,1.87,-119.10,17.22,0.00,-773.26
93,48,0.40033,-0.28,1.87,-124.89,13.38,0.00,-705.58
93,49,0.40872,-0.17,1.87,-130.69,13.09,0.00,-690.18
93,50,0.41705,-0.06,1.87,-136.48,13.19,0.00,-695.24
93,51,0.42551,0.05,4.54,-142.28,13.72,315.94,-686.64
93,52,0.43362,0.19,13.17,-148.12,16.54,1063.59,-719.17
93,53,0.44214,0.33,21.70,-153.96,16.49,1001.73,-686.02
93,54,0.45029,0.48,30.00,-159.81,18.35,1018.04,-717.60
93,55,0.45862,0.63,38.19,-165.66,18.32,983.19,-701.83
93,56,0.46677,0.79,46.15,-171.50,19.85,976.83,-716.85
93,57,0.47504,0.96,53.98,-177.33,19.93,947.53,-705.54
93,58,0.48337,1.13,61.55,-183.15,20.88,907.61,-698.90
93,59,0.49167,1.31,68.95,-189.01,21.69,891.61,-705.15
93,60,0.49997,1.50,75.99,-194.93,23.16,848.45,-713.97
93,61,0.50836,1.72,82.80,-201.11,25.82,811.39,-736.00
93,62,0.51663,1.99,89.09,-207.84,32.10,760.39,-814.02
93,63,0.52505,2.27,94.97,-214.72,33.33,698.51,-816.30
93,64,0.53336,2.58,99.95,-221.91,37.50,599.86,-866.54
93,65,0.54172,2.90,104.26,-229.14,37.96,515.32,-864.23
93,66,0.54999,3.23,107.07,-236.44,39.85,340.17,-883.03
93,67,0.55832,3.55,109.46,-243.67,39.19,286.38,-867.77
93,68,0.56659,3.87,110.89,-250.74,38.38,173.20,-854.61
93,69,0.57526,4.17,112.08,-257.62,35.21,136.87,-794.37
93,70,0.58356,4.46,112.71,-264.11,33.82,76.74,-780.88
93,71,0.59192,4.71,113.18,-270.30,31.02,55.93,-740.51
93,72,0.60022,4.93,113.27,-275.85,25.74,10.83,-668.38
93,73,0.60864,5.12,113.23,-281.16,23.19,-4.74,-630.80
93,74,0.61691,5.28,112.90,-285.95,19.19,-39.86,-578.97
93,75,0.62537,5.44,112.46,-290.68,18.41,-51.96,-559.57
93,76,0.63358,5.59,111.78,-295.28,18.22,-83.29,-560.22
93,77,0.64191,5.74,110.99,-299.87,17.95,-95.34,-551.28
93,78,0.65027,5.89,109.94,-304.45,18.25,-124.49,-548.18
94,0,0.00000,0.00,0.00,0.00,-94.95,0.25,-28.16
94,1,0.00821,-0.85,0.00,-0.25,-103.35,0.28,-30.86
94,2,0.01672,-2.83,0.00,-0.86,-232.97,0.00,-71.33
94,3,0.02487,-4.82,0.00,-1.47,-244.57,-0.00,-74.91
94,4,0.03326,-7.30,0.00,-2.26,-294.91,0.00,-94.18
94,5,0.04153,-9.77,0.00,-3.05,-298.89,0.00,-95.57
94,6,0.04996,-12.06,0.00,-3.85,-272.10,0.00,-94.20
94,7,0.05823,-14.35,0.00,-4.64,-276.38,0.00,-95.57
94,8,0.06665,-16.34,0.00,-5.35,-235.87,0.00,-84.78
94,9,0.07489,-18.32,0.00,-6.06,-241.11,-0.00,-86.67
94,10,0.08337,-20.31,0.00,-6.78,-234.17,0.00,-84.17
94,11,0.09161,-22.30,0.00,-7.49,-241.11,0.00,-86.67
94,12,0.10013,-24.28,0.00,-8.21,-233.33,0.00,-83.87
94,13,0.10828,-26.28,0.00,-8.92,-245.69,0.00,-88.01
94,14,0.11667,-28.29,0.00,-9.53,-239.27,-0.00,-72.00
94,15,0.12500,-30.30,0.00,-10.13,-241.03,0.00,-72.53
94,16,0.13342,-32.31,0.00,-10.74,-238.41,0.00,-71.74
94,17,0.14169,-34.32,0.00,-11.34,-242.80,-0.00,-72.69
94,18,0.15009,-36.33,0.00,-11.80,-240.00,0.00,-54.55
94,19,0.15833,-38.35,0.00,-12.25,-244.44,0.00,-55.56
94,20,0.16672,-40.36,0.00,-12.71,-240.00,-0.00,-54.55
94,21,0.17499,-42.37,0.00,-13.17,-243.54,0.00,-55.35
94,22,0.18338,-44.39,0.00,-13.63,-240.00,0.00,-54.55
94,23,0.19165,-46.40,0.00,-14.08,-243.54,-0.00,-55.35
94,24,0.20013,-48.42,0.00,-14.54,-237.41,0.00,-53.96
94,25,0.20834,-50.45,0.00,-15.00,-247.21,0.00,-55.76
94,26,0.21677,-52.48,0.10,-15.35,-242.03,11.89,-41.30
94,27,0.22501,-54.50,0.11,-15.69,-244.07,0.32,-41.48
94,28,0.23346,-56.51,0.11,-16.03,-237.91,0.31,-40.43
94,29,0.24170,-58.52,0.11,-16.37,-244.07,0.32,-41.11
94,30,0.25015,-60.58,0.11,-16.55,-244.40,0.27,-21.30
94,31,0.25833,-62.65,0.11,-16.72,-252.61,0.27,-21.27
94,32,0.26685,-64.77,0.12,-16.75,-248.75,0.22,-3.58
94,33,0.27509,-66.89,0.12,-16.76,-257.78,0.22,-1.11
94,34,0.28351,-69.07,0.12,-16.23,-259.06,0.05,63.77
94,35,0.29175,-71.26,0.12,-15.66,-265.93,0.04,68.15
94,36,0.30017,-73.64,0.12,-14.54,-281.88,0.00,134.06
94,37,0.30841,-76.03,0.12,-13.40,-290.37,0.00,137.41
94,38,0.31680,-78.82,0.12,-12.23,-332.36,0.00,139.27
94,39,0.32507,-81.63,0.12,-11.07,-339.85,0.00,141.33
94,40,0.33359,-84.89,0.12,-9.94,-382.44,0.00,132.26
94,41,0.34180,-88.16,0.12,-8.81,-398.88,0.00,137.55
94,42,0.35016,-91.84,0.12,-7.64,-439.42,-0.00,139.78
94,43,0.35843,-95.53,0.12,-6.48,-446.86,0.00,139.85
94,44,0.36685,-99.71,0.12,-5.58,-496.01,0.00,107.61
94,45,0.37512,-103.99,0.12,-4.73,-517.34,0.00,102.58
94,46,0.38358,-110.71,0.12,-5.24,-794.58,0.00,-60.65
94,47,0.39178,-117.38,0.12,-5.75,-813.38,0.00,-61.71
94,48,0.40024,-123.16,0.12,-6.16,-683.39,0.00,-48.74
94,49,0.40845,-128.98,0.12,-6.58,-708.92,0.00,-50.56
94,50,0.41687,-134.76,0.12,-6.99,-685.87,0.00,-48.91
94,51,0.42517,-140.54,0.53,-7.40,-696.32,49.61,-50.00
94,52,0.43359,-146.36,9.16,-7.85,-691.30,1025.05,-52.54
94,53,0.44183,-152.18,17.78,-8.29,-706.67,1045.87,-53.70
94,54,0.45026,-158.01,26.08,-8.75,-692.39,984.84,-54.35
94,55,0.45862,-163.85,34.36,-9.20,-697.45,990.11,-54.74
94,56,0.46686,-169.67,42.32,-9.67,-707.04,965.97,-57.04
94,57,0.47507,-175.50,50.26,-10.14,-709.67,967.25,-57.25
94,58,0.48349,-181.30,57.82,-10.62,-689.13,897.74,-56.88
94,59,0.49164,-187.11,65.36,-11.10,-713.11,924.96,-58.80
94,60,0.50003,-193.02,72.40,-11.61,-704.00,839.20,-60.00
94,61,0.50836,-198.97,79.40,-12.12,-713.55,841.02,-61.17
94,62,0.51672,-205.68,85.69,-12.73,-802.55,752.06,-74.09
94,63,0.52499,-212.41,91.92,-13.36,-814.02,752.82,-75.28
94,64,0.53345,-219.57,96.90,-14.04,-847.65,589.03,-81.23
94,65,0.54166,-226.75,101.77,-14.73,-873.61,593.94,-84.01
94,66,0.55014,-234.02,104.59,-15.44,-857.55,331.60,-83.81
94,67,0.55838,-241.29,107.33,-16.16,-881.85,333.41,-86.30
94,68,0.56683,-248.33,108.77,-16.85,-832.85,169.45,-81.59
94,69,0.57510,-255.34,110.16,-17.53,-847.97,168.60,-82.66
94,70,0.58353,-261.80,110.80,-18.15,-766.67,75.63,-73.55
94,71,0.59183,-268.21,111.41,-18.76,-772.79,73.59,-73.90
94,72,0.60022,-273.74,111.50,-19.27,-658.91,10.72,-60.00
94,73,0.60858,-279.24,111.57,-19.77,-656.93,8.35,-59.85
94,74,0.61691,-284.01,111.24,-20.18,-573.26,-39.56,-49.08
94,75,0.62518,-288.78,110.89,-20.58,-576.38,-41.93,-49.45
94,76,0.63358,-293.36,110.21,-20.97,-546.18,-81.47,-46.55
94,77,0.64200,-297.95,109.51,-21.37,-544.20,-83.22,-46.38
94,78,0.65033,-302.54,108.46,-21.76,-551.65,-125.65,-47.25
95,0,0.00000,0.00,0.00,0.00,-76.01,-0.00,-54.73
95,1,0.00769,-0.69,0.00,-0.49,-89.29,0.00,-64.29
95,2,0.01587,-2.36,0.00,-1.72,-204.85,-0.00,-149.25
95,3,0.02423,-4.04,0.00,-2.94,-200.36,0.00,-145.99
95,4,0.03265,-6.12,0.00,-4.49,-247.10,0.00,-184.78
95,5,0.04095,-8.20,0.00,-6.05,-250.74,0.00,-187.50
95,6,0.04926,-10.11,0.00,-7.55,-229.78,0.00,-180.51
95,7,0.05756,-12.01,0.00,-9.05,-229.78,0.00,-180.51
95,8,0.06586,-13.66,0.00,-10.37,-198.16,0.00,-159.56
95,9,0.07434,-15.30,0.00,-11.69,-193.88,0.00,-156.12
95,10,0.08258,-16.95,0.00,-13.02,-199.63,0.00,-160.74
95,11,0.09113,-18.59,0.00,-14.34,-192.50,0.00,-155.00
95,12,0.09924,-20.24,0.00,-15.67,-202.63,0.00,-163.16
95,13,0.10767,-21.88,0.00,-16.99,-195.29,0.00,-157.25
95,14,0.11591,-23.59,0.00,-18.22,-206.67,0.00,-148.89
95,15,0.12439,-25.31,0.00,-19.46,-203.60,0.00,-146.76
95,16,0.13263,-27.01,0.00,-20.69,-206.30,0.00,-148.89
95,17,0.14099,-28.71,0.00,-21.91,-203.28,0.00,-146.35
95,18,0.14923,-30.47,0.00,-23.01,-212.96,0.00,-132.59
95,19,0.15771,-32.22,0.00,-24.10,-206.83,0.00,-128.78
95,20,0.16595,-33.98,0.00,-25.19,-212.96,0.00,-132.59
95,21,0.17432,-35.73,0.00,-26.28,-209.85,0.00,-130.66
95,22,0.18280,-37.57,0.00,-27.43,-216.55,0.00,-134.89
95,23,0.19135,-39.32,0.00,-28.52,-205.36,0.00,-127.86
95,24,0.19977,-41.08,0.00,-29.61,-208.33,0.00,-129.71
95,25,0.20776,-42.84,0.00,-30.70,-219.85,0.00,-135.88
95,26,0.21631,-44.65,0.00,-31.70,-212.14,0.00,-116.43
95,27,0.22443,-46.46,0.00,-32.69,-223.31,0.00,-122.56
95,28,0.23279,-48.28,0.00,-33.69,-216.79,0.00,-118.98
95,29,0.24103,-50.09,0.00,-34.67,-220.74,0.00,-119.63
95,30,0.24933,-52.01,0.00,-35.53,-230.51,0.00,-103.31
95,31,0.25775,-53.93,0.00,-36.38,-228.26,0.00,-100.72
95,32,0.26605,-55.94,0.00,-37.11,-242.65,0.00,-87.87
95,33,0.27441,-57.97,0.00,-37.80,-242.34,0.00,-82.85
95,34,0.28296,-60.21,0.00,-38.01,-262.50,0.00,-24.29
95,35,0.29132,-62.48,0.00,-38.18,-271.17,0.00,-20.80
95,36,0.29938,-65.09,0.00,-37.89,-324.24,0.00,36.36
95,37,0.30774,-67.73,0.00,-37.60,-315.69,0.00,34.31
95,38,0.31610,-70.76,0.00,-37.41,-361.31,0.00,23.36
95,39,0.32446,-73.80,0.00,-37.23,-364.60,0.00,21.53
95,40,0.33313,-77.31,0.00,-37.23,-404.23,0.00,0.00
95,41,0.34113,-80.79,0.00,-37.23,-435.11,0.00,-0.76
95,42,0.34961,-84.64,0.00,-37.33,-454.32,0.00,-11.51
95,43,0.35791,-88.53,0.00,-37.46,-468.01,0.00,-15.81
95,44,0.36621,-92.77,0.00,-37.97,-511.03,0.00,-61.40
95,45,0.37476,-97.17,0.00,-38.66,-515.36,0.00,-80.36
95,46,0.38300,-103.35,0.00,-41.33,-750.00,0.00,-324.81
95,47,0.39136,-109.46,0.00,-43.98,-730.66,0.00,-316.42
95,48,0.39972,-114.79,0.00,-46.26,-636.86,0.00,-272.26
95,49,0.40808,-120.11,0.00,-48.53,-636.86,0.00,-272.26
95,50,0.41644,-125.44,0.00,-50.81,-636.86,0.00,-272.26
95,51,0.42462,-130.76,0.71,-53.09,-651.49,87.12,-278.73
95,52,0.43311,-136.12,9.35,-55.41,-631.65,1017.68,-273.38
95,53,0.44153,-141.48,17.95,-57.73,-636.23,1021.74,-275.36
95,54,0.44971,-146.84,26.25,-60.06,-655.60,1014.24,-285.82
95,55,0.45782,-152.21,34.51,-62.40,-660.53,1018.45,-287.97
95,56,0.46631,-157.56,42.47,-64.75,-630.94,938.18,-276.62
95,57,0.47455,-162.91,50.40,-67.10,-649.26,961.99,-284.81
95,58,0.48303,-168.24,57.96,-69.45,-628.42,891.29,-276.98
95,59,0.49139,-173.58,65.48,-71.80,-638.32,899.17,-281.39
95,60,0.49945,-179.00,72.52,-74.20,-672.73,874.16,-298.48
95,61,0.50793,-184.48,79.50,-76.64,-645.68,822.80,-287.05
95,62,0.51636,-190.62,85.79,-79.42,-728.99,746.61,-329.71
95,63,0.52460,-196.79,91.97,-82.21,-749.26,750.08,-339.26
95,64,0.53302,-203.34,96.95,-85.20,-777.54,591.16,-355.07
95,65,0.54169,-209.89,101.75,-88.20,-756.34,553.86,-345.77
95,66,0.55035,-216.54,104.57,-91.25,-766.55,324.59,-351.76
95,67,0.55865,-223.17,107.27,-94.29,-798.53,325.17,-366.54
95,68,0.56720,-229.60,108.70,-97.24,-752.50,167.64,-345.36
95,69,0.57477,-235.98,110.06,-100.17,-843.95,180.58,-387.10
95,70,0.58392,-241.92,110.71,-102.88,-648.67,70.02,-296.33
95,71,0.59137,-247.75,111.29,-105.54,-782.38,79.01,-356.97
95,72,0.59955,-252.81,111.38,-107.82,-619.03,11.00,-279.10
95,73,0.60791,-257.81,111.44,-110.08,-598.18,6.29,-269.34
95,74,0.61621,-262.19,111.11,-112.02,-527.57,-39.71,-234.56
95,75,0.62457,-266.56,110.75,-113.96,-521.90,-43.19,-232.12
95,76,0.63293,-270.76,110.06,-115.83,-502.92,-81.77,-222.99
95,77,0.64124,-274.97,109.35,-117.69,-506.62,-86.20,-224.63
95,78,0.64960,-279.16,108.31,-119.56,-501.09,-124.49,-222.63
96,0,0.00000,0.00,0.00,0.00,83.58,0.00,57.30
96,1,0.00836,0.70,0.17,0.48,83.58,20.03,57.30
96,2,0.01666,2.40,0.37,1.66,205.15,24.31,142.28
96,3,0.02502,4.10,0.57,2.84,203.65,24.27,141.24
96,4,0.03339,6.22,0.82,4.35,253.28,30.11,180.29
96,5,0.04163,8.34,1.08,5.86,257.04,30.53,182.96
96,6,0.05005,10.28,1.31,7.31,230.43,27.27,172.46
96,7,0.05829,12.22,1.53,8.76,235.56,27.79,176.30
96,8,0.06665,13.90,1.73,10.05,200.36,23.58,153.65
96,9,0.07507,15.57,1.93,11.33,198.91,23.46,152.54
96,10,0.08344,17.25,2.13,12.62,200.36,23.60,153.65
96,11,0.09167,18.92,2.32,13.90,203.33,24.08,155.93
96,12,0.10010,20.60,2.52,15.19,198.91,23.33,152.54
96,13,0.10834,22.27,2.72,16.47,203.33,24.04,155.93
96,14,0.11670,24.00,2.93,17.66,206.57,24.63,141.97
96,15,0.12506,25.73,3.13,18.84,206.57,24.63,141.97
96,16,0.13342,27.46,3.34,20.03,206.57,24.56,141.97
96,17,0.14178,29.18,3.54,21.22,206.57,24.63,141.97
96,18,0.15015,30.96,3.76,22.27,212.77,25.61,125.55
96,19,0.15845,32.74,3.97,23.32,214.34,25.96,126.47
96,20,0.16687,34.52,4.19,24.37,211.23,25.42,124.64
96,21,0.17511,36.30,4.40,25.42,215.93,26.07,127.41
96,22,0.18347,38.08,4.62,26.47,212.77,25.73,125.55
96,23,0.19171,39.86,4.83,27.52,215.93,26.02,127.41
96,24,0.20013,41.64,5.05,28.57,211.23,25.54,124.64
96,25,0.20844,43.42,5.26,29.62,214.34,25.81,126.47
96,26,0.21680,45.25,5.48,30.57,219.34,26.75,113.87
96,27,0.22504,47.09,5.71,31.52,222.59,27.13,115.56
96,28,0.23358,48.92,5.93,32.47,214.64,26.16,111.43
96,29,0.24176,50.75,6.15,33.43,224.25,27.32,116.42
96,30,0.25012,52.69,6.39,34.24,231.39,28.51,97.08
96,31,0.25842,54.62,6.63,35.05,233.09,28.69,97.79
96,32,0.26678,56.65,6.88,35.73,242.70,30.24,81.39
96,33,0.27521,58.68,7.14,36.41,240.94,30.09,80.80
96,34,0.28351,60.93,7.42,36.57,270.59,33.53,18.75
96,35,0.29181,63.17,7.58,36.72,270.59,19.89,18.75
96,36,0.30017,65.78,7.73,36.37,311.68,17.67,-42.34
96,37,0.30859,68.39,8.02,36.01,309.42,34.42,-42.03
96,38,0.31689,71.40,8.27,35.75,363.24,29.92,-31.62
96,39,0.32507,74.42,8.52,35.49,368.66,30.37,-32.09
96,40,0.33350,77.86,8.80,35.41,409.06,33.60,-9.42
96,41,0.34186,81.31,9.08,35.33,412.04,33.80,-9.49
96,42,0.35022,85.16,9.40,35.34,460.95,37.84,1.09
96,43,0.35846,89.02,9.71,35.35,467.78,38.38,1.11
96,44,0.36688,93.27,10.06,35.76,505.07,41.44,48.91
96,45,0.37518,97.53,10.41,36.17,512.50,41.98,49.63
96,46,0.38361,103.77,10.92,38.71,740.94,60.43,301.09
96,47,0.39191,110.01,11.43,41.24,751.84,61.22,305.51
96,48,0.40027,115.38,11.83,43.40,643.07,47.86,257.66
96,49,0.40863,120.76,12.24,45.55,643.07,49.16,257.66
96,50,0.41687,126.14,12.65,47.71,652.59,49.93,261.48
96,51,0.42517,131.48,13.06,49.87,644.12,49.26,259.93
96,52,0.43359,136.90,21.69,52.06,642.39,1025.06,260.51
96,53,0.44183,142.31,30.33,54.25,656.67,1047.82,266.30
96,54,0.45026,147.72,38.62,56.47,642.75,984.84,262.68
96,55,0.45856,153.13,46.92,58.68,652.21,999.31,266.54
96,56,0.46692,158.54,54.88,60.90,646.35,951.87,265.69
96,57,0.47516,163.94,62.84,63.12,655.93,965.95,269.63
96,58,0.48352,169.33,70.40,65.35,643.80,904.30,266.06
96,59,0.49170,174.71,77.96,67.57,658.21,924.51,272.01
96,60,0.49994,180.18,85.00,69.85,664.07,854.74,276.67
96,61,0.50824,185.65,92.04,72.13,659.19,848.41,274.63
96,62,0.51660,191.85,98.33,74.77,741.61,752.06,315.33
96,63,0.52496,198.06,104.62,77.40,741.61,751.98,315.33
96,64,0.53345,204.67,109.60,80.25,779.86,586.91,334.89
96,65,0.54163,211.29,114.58,83.09,808.96,608.68,347.39
96,66,0.55029,218.00,117.39,85.98,774.65,324.59,334.15
96,67,0.55865,224.72,120.20,88.88,802.92,336.35,346.35
96,68,0.56702,231.21,121.64,91.68,776.64,171.31,335.04
96,69,0.57526,237.70,123.07,94.48,788.15,173.79,340.00
96,70,0.58362,243.67,123.71,97.04,713.14,76.18,305.84
96,71,0.59198,249.63,124.34,99.60,712.77,76.14,305.84
96,72,0.60046,254.74,124.43,101.76,602.52,10.60,255.40
96,73,0.60895,259.85,124.52,103.93,602.52,10.57,255.40
96,74,0.61768,264.27,124.19,105.78,506.64,-37.77,211.54
96,75,0.62573,268.70,123.86,107.62,548.86,-40.94,229.17
96,76,0.63416,272.94,123.18,109.39,504.35,-81.18,210.14
96,77,0.64246,277.19,122.49,111.16,511.76,-82.40,213.24
96,78,0.65088,281.42,121.45,112.93,502.54,-123.59,209.78
97,0,0.00000,0.00,0.00,0.00,100.00,0.00,9.06
97,1,0.00830,0.84,0.00,0.08,101.47,0.00,9.19
97,2,0.01666,2.91,0.00,0.28,246.72,0.00,24.09
97,3,0.02502,4.97,0.00,0.48,246.72,0.00,24.09
97,4,0.03339,7.55,0.00,0.76,308.76,0.00,33.94
97,5,0.04169,10.13,0.10,1.05,311.03,12.18,34.19
97,6,0.04999,12.54,0.10,1.37,289.71,0.00,38.60
97,7,0.05823,14.94,0.10,1.69,291.85,0.00,38.89
97,8,0.06665,17.03,0.10,1.99,247.83,0.00,36.23
97,9,0.07501,19.12,0.10,2.30,249.64,0.00,36.50
97,10,0.08344,21.20,0.21,2.60,247.83,12.75,36.23
97,11,0.09167,23.29,0.21,2.91,253.33,0.00,37.04
97,12,0.10016,25.38,0.21,3.21,246.04,0.00,35.97
97,13,0.10834,27.47,0.21,3.52,255.22,0.00,37.31
97,14,0.11676,29.55,0.21,3.71,247.83,0.00,23.19
97,15,0.12512,31.64,0.21,3.91,249.64,0.00,23.36
97,16,0.13348,33.73,0.33,4.10,249.64,14.15,23.36
97,17,0.14178,35.82,0.33,4.30,251.47,0.00,23.53
97,18,0.15015,37.88,0.33,4.35,246.72,0.00,5.84
97,19,0.15845,39.94,0.33,4.40,248.53,0.00,5.88
97,20,0.16681,42.00,0.33,4.45,246.72,0.00,5.84
97,21,0.17511,44.07,0.33,4.50,248.53,0.00,5.88
97,22,0.18353,46.13,0.43,4.54,244.93,12.31,5.80
97,23,0.19177,48.19,0.43,4.59,250.37,0.00,5.93
97,24,0.20013,50.26,0.43,4.64,246.72,0.00,5.84
97,25,0.20844,52.32,0.43,4.69,248.53,0.00,5.88
97,26,0.21686,54.39,0.43,4.63,245.65,0.00,-7.61
97,27,0.22516,56.46,0.43,4.56,249.26,0.00,-7.72
97,28,0.23364,58.53,0.43,4.50,243.88,0.00,-7.55
97,29,0.24176,60.60,0.54,4.43,254.89,13.93,-7.89
97,30,0.25018,62.68,0.54,4.20,247.83,0.00,-27.90
97,31,0.25842,64.77,0.54,3.96,253.33,0.00,-28.52
97,32,0.26697,66.88,0.54,3.57,246.43,0.00,-46.07
97,33,0.27521,68.98,0.54,3.18,255.56,0.00,-47.78
97,34,0.28351,71.02,0.54,2.22,245.59,0.00,-115.81
97,35,0.29181,73.06,0.54,1.25,245.59,0.00,-115.81
97,36,0.30048,75.16,0.54,-0.32,242.25,0.00,-182.04
97,37,0.30853,77.26,0.54,-1.90,260.61,0.00,-195.83
97,38,0.31696,79.76,0.54,-3.60,297.10,0.00,-201.81
97,39,0.32526,82.26,0.54,-5.30,301.47,0.00,-204.78
97,40,0.33362,85.23,0.64,-7.05,354.74,12.09,-209.49
97,41,0.34186,88.20,0.64,-8.80,360.00,0.00,-212.59
97,42,0.35028,91.56,0.64,-10.68,400.00,0.00,-222.46
97,43,0.35858,94.93,0.64,-12.55,405.88,0.00,-225.74
97,44,0.36694,98.85,0.64,-14.27,467.88,0.00,-205.11
97,45,0.37524,102.76,0.64,-15.98,471.32,0.00,-206.62
97,46,0.38373,109.44,0.64,-16.81,787.77,0.00,-97.84
97,47,0.39197,116.13,0.64,-17.64,811.11,0.00,-100.74
97,48,0.40027,121.87,0.78,-18.38,691.91,16.29,-89.34
97,49,0.40863,127.61,0.78,-19.13,686.86,0.00,-88.69
97,50,0.41693,133.36,0.78,-19.87,691.91,0.00,-89.34
97,51,0.42523,139.09,0.90,-20.61,691.18,14.18,-89.34
97,52,0.43372,144.89,9.53,-21.33,682.73,1017.68,-85.25
97,53,0.44196,150.68,18.17,-22.06,702.96,1047.82,-87.78
97,54,0.45056,156.48,26.46,-22.76,674.82,963.89,-82.27
97,55,0.45850,162.36,34.85,-23.48,740.77,1057.62,-90.38
97,56,0.46698,168.17,42.81,-24.18,684.17,938.18,-82.01
97,57,0.47528,173.97,50.77,-24.87,699.26,958.27,-83.82
97,58,0.48364,179.76,58.33,-25.56,691.97,904.30,-81.75
97,59,0.49188,185.54,65.88,-26.24,702.22,916.90,-82.96
97,60,0.50024,191.43,72.93,-26.92,704.38,842.26,-81.02
97,61,0.50848,197.33,79.96,-27.60,715.93,853.58,-82.59
97,62,0.51703,204.03,86.25,-28.32,783.93,735.94,-84.64
97,63,0.52527,210.74,92.52,-29.04,813.70,761.19,-87.78
97,64,0.53363,217.90,97.50,-29.79,856.20,595.48,-89.42
97,65,0.54187,225.06,102.45,-30.54,869.26,600.97,-90.74
97,66,0.55029,232.33,105.26,-31.29,863.41,334.00,-88.77
97,67,0.55853,239.60,108.06,-32.03,882.22,339.30,-90.37
97,68,0.56696,246.64,109.49,-32.75,835.51,170.06,-85.87
97,69,0.57526,253.67,110.91,-33.47,847.06,171.35,-86.76
97,70,0.58362,260.12,111.55,-34.15,771.53,76.18,-80.66
97,71,0.59198,266.60,112.18,-34.83,775.18,75.43,-81.02
97,72,0.60040,272.12,112.27,-35.43,655.43,10.68,-71.74
97,73,0.60870,277.63,112.35,-36.03,663.24,9.80,-72.43
97,74,0.61707,282.39,112.02,-36.58,569.34,-39.42,-65.33
97,75,0.62537,287.15,111.69,-37.12,573.16,-40.58,-65.44
97,76,0.63373,291.72,111.00,-37.65,546.72,-81.77,-63.14
97,77,0.64215,296.29,110.31,-38.18,542.39,-82.04,-62.68
97,78,0.65051,300.84,109.27,-38.70,544.89,-124.49,-62.41
98,0,0.00000,0.00,0.00,0.00,-99.26,0.00,23.53
98,1,0.00848,-0.82,0.00,0.20,-97.12,0.00,23.02
98,2,0.01672,-2.84,0.12,0.66,-245.19,14.33,56.30
98,3,0.02515,-4.86,0.12,1.12,-239.86,0.00,55.07
98,4,0.03339,-7.40,0.26,1.67,-308.15,17.78,66.67
98,5,0.04175,-9.94,0.26,2.22,-303.65,0.00,65.69
98,6,0.05011,-12.33,0.42,2.68,-285.04,18.85,54.74
98,7,0.05859,-14.71,0.42,3.14,-280.94,0.00,53.96
98,8,0.06677,-16.79,0.56,3.51,-254.10,17.40,45.52
98,9,0.07526,-18.87,0.56,3.88,-244.96,0.00,43.88
98,10,0.08344,-20.94,0.70,4.25,-254.10,16.15,45.52
98,11,0.09192,-23.02,0.70,4.63,-244.96,-0.00,43.88
98,12,0.10016,-25.10,0.70,5.00,-252.22,0.00,45.19
98,13,0.10858,-27.18,0.70,5.37,-246.74,0.00,44.20
98,14,0.11688,-29.22,0.70,5.85,-245.96,0.00,57.72
98,15,0.12524,-31.26,0.70,6.33,-244.16,0.00,56.93
98,16,0.13354,-33.30,0.70,6.80,-245.96,0.00,57.35
98,17,0.14191,-35.35,0.70,7.28,-244.16,0.00,56.93
98,18,0.15015,-37.32,0.70,7.89,-239.63,0.00,73.70
98,19,0.15863,-39.29,0.70,8.49,-232.73,0.00,71.58
98,20,0.16687,-41.27,0.70,9.10,-239.63,0.00,73.70
98,21,0.17523,-43.24,0.70,9.71,-236.13,0.00,72.63
98,22,0.18365,-45.22,0.70,10.31,-234.42,0.00,72.10
98,23,0.19189,-47.19,0.70,10.92,-239.63,0.00,73.70
98,24,0.20020,-49.17,0.70,11.53,-237.87,0.00,73.16
98,25,0.20868,-51.14,0.70,12.14,-232.73,0.00,71.58
98,26,0.21692,-53.08,0.70,12.85,-235.56,0.00,87.04
98,27,0.22540,-55.02,0.70,13.57,-228.78,0.00,84.53
98,28,0.23358,-56.96,0.70,14.29,-237.31,0.00,87.69
98,29,0.24200,-58.91,0.70,15.01,-230.43,0.00,85.14
98,30,0.25024,-60.81,0.70,15.89,-231.11,0.00,107.04
98,31,0.25873,-62.71,0.70,16.77,-224.46,0.00,103.96
98,32,0.26691,-64.58,0.70,17.81,-228.73,0.00,127.24
98,33,0.27539,-66.46,0.70,18.85,-220.50,0.00,122.66
98,34,0.28363,-68.08,0.70,20.41,-197.41,0.00,188.89
98,35,0.29199,-69.71,0.70,21.96,-194.53,0.00,186.13
98,36,0.30029,-71.20,0.70,24.13,-179.78,0.00,260.66
98,37,0.30872,-72.70,0.70,26.29,-177.54,0.00,256.88
98,38,0.31696,-74.53,0.70,28.70,-222.59,0.00,291.85
98,39,0.32532,-76.37,0.70,31.10,-219.71,0.00,287.96
98,40,0.33362,-78.63,0.70,33.70,-272.43,0.00,313.24
98,41,0.34198,-80.89,0.70,36.31,-270.44,0.00,311.31
98,42,0.35022,-83.49,0.70,39.15,-315.93,0.00,345.19
98,43,0.35870,-86.10,0.70,42.00,-306.83,0.00,335.25
98,44,0.36694,-89.26,0.70,44.86,-384.44,0.00,348.15
98,45,0.37537,-92.44,0.70,47.73,-376.81,0.00,340.58
98,46,0.38361,-98.51,0.70,50.64,-737.41,0.00,352.96
98,47,0.39209,-104.59,0.70,53.55,-715.83,0.00,342.45
98,48,0.40033,-109.80,0.70,56.07,-632.59,0.00,306.30
98,49,0.40887,-115.01,0.70,58.59,-610.00,0.00,295.36
98,50,0.41699,-120.22,0.70,61.12,-642.11,0.00,310.90
98,51,0.42542,-125.44,0.71,63.64,-618.84,2.11,299.64
98,52,0.43372,-130.70,9.35,66.16,-634.19,1040.13,303.68
98,53,0.44214,-135.96,17.98,68.68,-625.00,1024.97,299.28
98,54,0.45038,-141.25,26.28,71.20,-641.11,1006.73,305.19
98,55,0.45880,-146.53,34.57,73.71,-627.17,984.76,298.55
98,56,0.46704,-151.81,42.53,76.21,-641.11,965.97,303.33
98,57,0.47540,-157.10,50.49,78.71,-631.75,951.77,298.91
98,58,0.48358,-162.37,58.05,81.19,-644.40,924.54,303.36
98,59,0.49207,-167.64,65.61,83.67,-621.22,891.16,292.45
98,60,0.50031,-173.01,72.65,86.18,-651.85,854.74,304.81
98,61,0.50861,-178.38,79.70,88.70,-647.06,848.26,302.57
98,62,0.51703,-184.50,85.98,91.51,-727.17,746.61,333.70
98,63,0.52533,-190.63,92.27,94.32,-737.87,757.25,338.60
98,64,0.53363,-197.18,97.25,97.30,-789.71,599.86,358.82
98,65,0.54199,-203.74,102.22,100.27,-783.94,594.92,356.20
98,66,0.55029,-210.40,105.04,103.29,-802.57,338.91,363.24
98,67,0.55872,-217.06,107.85,106.30,-790.94,333.64,357.61
98,68,0.56702,-223.51,109.28,109.22,-776.47,172.57,351.10
98,69,0.57532,-229.95,110.71,112.13,-776.47,172.36,351.10
98,70,0.58362,-235.86,111.35,114.82,-711.40,76.74,323.53
98,71,0.59204,-241.76,111.98,117.50,-701.09,75.49,318.84
98,72,0.60022,-246.81,112.07,119.82,-616.79,11.00,283.96
98,73,0.60864,-251.85,112.16,122.15,-598.55,10.57,275.72
98,74,0.61688,-256.19,111.83,124.17,-527.04,-40.00,245.93
98,75,0.62531,-260.53,111.50,126.20,-515.58,-39.23,240.58
98,76,0.63354,-264.70,110.82,128.15,-505.56,-82.98,236.67
98,77,0.64203,-268.87,110.13,130.10,-491.01,-80.69,229.86
98,78,0.65033,-273.02,109.09,132.04,-500.74,-125.41,233.82
99,0,0.00000,0.00,0.00,0.00,92.42,0.00,51.52
99,1,0.00848,0.75,0.00,0.42,88.49,0.00,49.28
99,2,0.01672,2.56,0.00,1.44,219.26,0.00,124.07
99,3,0.02509,4.37,0.00,2.47,216.42,0.00,122.63
99,4,0.03339,6.61,0.14,3.77,270.59,16.41,157.35
99,5,0.04181,8.86,0.14,5.08,266.67,0.00,155.07
99,6,0.05011,10.93,0.14,6.35,248.90,0.00,152.94
99,7,0.05847,12.99,0.26,7.61,246.72,14.60,151.46
99,8,0.06677,14.77,0.26,8.74,215.07,0.00,135.66
99,9,0.07520,16.56,0.26,9.87,211.96,0.00,133.70
99,10,0.08356,18.35,0.36,11.00,214.23,12.62,135.04
99,11,0.09192,20.14,0.36,12.12,213.50,0.00,134.67
99,12,0.10022,21.92,0.36,13.25,215.07,0.00,135.66
99,13,0.10870,23.71,0.47,14.37,210.43,12.43,132.73
99,14,0.11688,25.53,0.47,15.40,223.51,0.00,125.37
99,15,0.12524,27.36,0.47,16.42,218.61,0.00,122.63
99,16,0.13354,29.20,0.57,17.46,221.69,12.15,124.26
99,17,0.14191,31.03,0.57,18.48,218.61,0.00,122.26
99,18,0.15027,32.90,0.57,19.36,223.36,0.00,105.84
99,19,0.15857,34.77,0.57,20.25,225.00,0.00,106.62
99,20,0.16693,36.63,0.70,21.13,223.36,15.22,105.84
99,21,0.17523,38.50,1.46,22.02,225.00,92.42,106.62
99,22,0.18359,40.37,2.58,22.90,223.36,133.85,105.84
99,23,0.19196,42.24,3.70,23.79,223.36,133.87,105.84
99,24,0.20026,44.11,4.82,24.67,225.37,134.86,106.62
99,25,0.20868,45.97,5.94,25.56,221.74,132.95,104.71
99,26,0.21692,47.89,7.06,26.34,232.22,135.99,94.81
99,27,0.22534,49.80,8.18,27.12,227.17,132.92,92.75
99,28,0.23364,51.72,9.30,27.90,230.51,134.34,94.12
99,29,0.24200,53.64,10.42,28.68,229.93,134.26,93.07
99,30,0.25024,55.64,11.55,29.31,242.59,136.71,76.67
99,31,0.25867,57.64,12.67,29.94,237.68,133.84,74.64
99,32,0.26697,59.73,13.82,30.43,252.21,137.52,59.56
99,33,0.27539,61.82,14.95,30.91,247.83,134.98,56.52
99,34,0.28369,64.07,16.05,30.86,270.96,131.62,-6.25
99,35,0.29199,66.33,17.14,30.79,272.06,131.85,-8.09
99,36,0.30029,68.89,18.26,30.20,308.46,135.31,-70.96
99,37,0.30878,71.46,19.39,29.61,303.24,133.32,-69.42
99,38,0.31708,74.44,20.74,29.07,359.19,161.67,-65.07
99,39,0.32538,77.43,22.08,28.54,360.29,162.52,-64.34
99,40,0.33362,80.86,23.68,28.14,415.56,193.15,-48.15
99,41,0.34204,84.29,25.27,27.75,407.97,189.72,-46.74
99,42,0.35034,88.13,27.08,27.40,462.50,218.02,-41.54
99,43,0.35876,91.98,28.90,27.07,457.25,215.63,-39.49
99,44,0.36700,96.26,31.01,27.09,518.52,255.56,2.59
99,45,0.37567,100.69,33.21,27.20,511.62,254.13,12.32
99,46,0.38367,107.14,36.67,29.15,806.49,433.02,244.27
99,47,0.39203,113.54,39.07,31.09,766.06,286.48,231.75
99,48,0.40039,119.09,40.31,32.74,663.87,148.29,197.81
99,49,0.40881,124.65,41.31,34.40,659.06,118.97,196.38
99,50,0.41705,130.25,42.32,36.06,680.00,122.69,202.22
99,51,0.42548,135.72,43.31,37.67,649.64,117.15,190.94
99,52,0.43365,141.31,51.94,39.36,683.21,1055.65,206.72
99,53,0.44202,146.90,60.56,41.05,668.25,1030.36,202.19
99,54,0.45032,152.49,68.85,42.76,673.90,999.32,205.51
99,55,0.45868,158.08,77.13,44.47,668.98,989.87,204.38
99,56,0.46692,163.67,85.09,46.19,678.15,965.97,208.52
99,57,0.47528,169.26,93.03,47.90,667.88,949.31,205.47
99,58,0.48352,174.82,100.59,49.63,675.19,917.69,209.26
99,59,0.49188,180.39,108.12,51.35,666.06,900.96,206.20
99,60,0.50018,186.05,115.16,53.12,681.62,848.45,213.24
99,61,0.50861,191.75,122.17,54.91,676.81,831.33,211.96
99,62,0.51691,198.17,128.45,56.96,773.16,757.59,247.79
99,63,0.52533,204.61,134.67,59.03,764.49,738.24,245.29
99,64,0.53357,211.45,139.65,61.25,831.11,604.30,269.63
99,65,0.54193,218.31,144.51,63.48,819.71,581.52,266.06
99,66,0.55023,225.26,147.33,65.74,837.50,338.91,273.16
99,67,0.55865,232.20,150.07,68.01,823.91,325.17,268.84
99,68,0.56696,238.93,151.50,70.20,810.29,172.57,264.34
99,69,0.57544,245.62,152.89,72.39,789.21,163.79,257.55
99,70,0.58368,251.79,153.53,74.39,748.89,77.31,242.96
99,71,0.59204,257.92,154.13,76.37,732.48,72.65,237.23
99,72,0.60040,263.20,154.22,78.06,632.48,10.76,201.82
99,73,0.60883,268.46,154.29,79.74,623.55,7.99,198.91
99,74,0.61713,273.03,153.96,81.17,550.74,-39.71,172.79
99,75,0.62555,277.59,153.61,82.60,541.67,-41.40,169.93
99,76,0.63379,281.98,152.93,83.98,532.96,-82.98,166.67
99,77,0.64221,286.37,152.22,85.35,521.38,-83.47,163.04
99,78,0.65051,290.75,151.18,86.72,527.21,-125.40,165.07
100,0,0.00000,0.00,0.00,0.00,102.59,-0.00,3.70
100,1,0.00848,0.85,0.00,0.03,99.64,0.00,3.60
100,2,0.01666,2.92,0.00,0.12,253.36,-0.00,11.19
100,3,0.02509,4.99,0.00,0.21,246.01,0.00,10.87
100,4,0.03339,7.58,0.00,0.36,312.50,0.00,17.65
100,5,0.04175,10.18,0.00,0.51,310.22,0.00,17.52
100,6,0.05005,12.59,0.00,0.70,291.18,0.00,23.16
100,7,0.05847,15.01,0.00,0.89,286.96,0.00,22.83
100,8,0.06677,17.11,0.00,1.09,253.31,0.00,23.53
100,9,0.07513,19.22,0.00,1.28,251.46,0.00,23.36
100,10,0.08350,21.32,0.00,1.48,251.46,0.00,23.36
100,11,0.09186,23.42,0.00,1.67,251.46,0.00,23.36
100,12,0.10016,25.52,0.00,1.87,253.31,0.00,23.53
100,13,0.10858,27.63,0.00,2.06,249.64,0.00,23.19
100,14,0.11676,29.72,0.00,2.15,255.97,0.00,10.07
100,15,0.12524,31.81,0.00,2.23,246.76,0.00,9.71
100,16,0.13348,33.91,0.00,2.31,254.07,0.00,10.00
100,17,0.14191,36.00,0.00,2.39,248.55,0.00,9.78
100,18,0.15015,38.07,0.00,2.33,250.74,0.00,-7.41
100,19,0.15857,40.13,0.00,2.27,245.29,0.00,-7.25
100,20,0.16681,42.20,0.00,2.21,250.74,0.00,-7.41
100,21,0.17523,44.27,0.00,2.15,245.29,0.00,-7.25
100,22,0.18353,46.33,0.00,2.09,248.90,0.00,-7.35
100,23,0.19189,48.40,0.00,2.03,247.08,0.00,-7.30
100,24,0.20020,50.46,0.00,1.97,248.90,0.00,-7.35
100,25,0.20868,52.53,0.00,1.90,243.53,0.00,-7.19
100,26,0.21686,54.59,0.00,1.73,251.87,0.00,-21.27
100,27,0.22522,56.65,0.00,1.56,246.35,0.00,-20.80
100,28,0.23358,58.71,0.00,1.38,246.35,0.00,-20.80
100,29,0.24194,60.77,0.00,1.21,246.35,0.00,-20.80
100,30,0.25024,62.84,0.00,0.86,249.26,0.00,-41.54
100,31,0.25867,64.91,0.00,0.52,245.65,0.00,-40.94
100,32,0.26691,66.99,0.00,0.01,252.22,0.00,-61.48
100,33,0.27527,69.06,0.00,-0.49,248.54,0.00,-60.58
100,34,0.28357,71.04,0.00,-1.56,238.60,0.00,-128.68
100,35,0.29199,73.03,0.00,-2.63,235.14,0.00,-126.81
100,36,0.30023,75.04,0.00,-4.32,244.44,0.00,-204.81
100,37,0.30865,77.05,0.00,-6.01,239.13,0.00,-200.36
100,38,0.31696,79.46,0.00,-7.84,290.07,0.00,-220.59
100,39,0.32532,81.87,0.00,-9.67,288.32,0.00,-218.98
100,40,0.33362,84.74,0.00,-11.58,345.96,0.00,-229.78
100,41,0.34198,87.62,0.00,-13.48,343.43,0.00,-228.10
100,42,0.35028,90.88,0.00,-15.53,393.38,0.00,-247.06
100,43,0.35864,94.15,0.00,-17.58,390.51,0.00,-245.26
100,44,0.36700,97.96,0.00,-19.51,456.57,0.00,-229.93
100,45,0.37537,101.78,0.00,-21.43,456.57,0.00,-229.56
100,46,0.38361,108.41,0.00,-22.61,804.81,0.00,-143.70
100,47,0.39209,115.05,0.00,-23.79,781.65,0.00,-139.57
100,48,0.40027,120.74,0.00,-24.84,696.64,0.00,-127.99
100,49,0.40869,126.44,0.00,-25.89,676.45,0.00,-124.28
100,50,0.41699,132.14,0.00,-26.93,686.40,0.00,-126.10
100,51,0.42542,137.84,0.00,-27.98,676.45,0.41,-124.28
100,52,0.43365,143.58,8.64,-29.01,697.41,1047.83,-124.81
100,53,0.44214,149.33,17.27,-30.04,677.34,1017.66,-121.22
100,54,0.45032,155.09,25.57,-31.05,704.48,1014.24,-124.25
100,55,0.45880,160.85,33.86,-32.07,679.14,977.74,-119.78
100,56,0.46698,166.61,41.82,-33.07,704.10,973.18,-122.76
100,57,0.47534,172.37,49.78,-34.08,688.69,951.85,-120.07
100,58,0.48364,178.11,57.34,-35.07,691.54,910.95,-119.12
100,59,0.49194,183.85,64.90,-36.06,691.54,910.92,-119.12
100,60,0.50018,189.69,71.95,-37.05,709.26,854.74,-120.37
100,61,0.50861,195.54,78.99,-38.04,694.20,836.11,-117.75
100,62,0.51691,202.19,85.28,-39.12,801.47,757.59,-130.15
100,63,0.52533,208.85,91.56,-40.20,789.86,746.53,-128.26
100,64,0.53357,215.96,96.54,-41.33,862.96,604.30,-136.67
100,65,0.54199,223.07,101.52,-42.45,844.20,591.03,-133.70
100,66,0.55029,230.29,104.34,-43.59,870.22,338.91,-136.40
100,67,0.55872,237.52,107.15,-44.72,857.61,333.92,-134.42
100,68,0.56702,244.50,108.58,-45.81,841.91,172.57,-131.99
100,69,0.57538,251.49,110.01,-46.91,835.77,171.26,-131.02
100,70,0.58374,257.90,110.65,-47.92,766.42,76.18,-121.53
100,71,0.59216,264.31,111.29,-48.94,760.87,75.59,-120.65
100,72,0.60040,269.79,111.38,-49.84,665.19,10.91,-108.89
100,73,0.60876,275.27,111.47,-50.73,655.11,10.73,-106.93
100,74,0.61713,279.99,111.14,-51.53,564.96,-39.42,-95.26
100,75,0.62549,284.72,110.81,-52.33,564.96,-39.45,-95.26
100,76,0.63373,289.25,110.12,-53.09,550.37,-82.98,-93.33
100,77,0.64221,293.79,109.44,-53.86,534.53,-80.62,-90.65
100,78,0.65045,298.31,108.40,-54.63,548.89,-126.33,-92.96
101,0,0.00000,0.00,0.00,0.00,63.04,0.00,78.26
101,1,0.00787,0.53,0.00,0.66,67.44,0.00,83.72
101,2,0.01617,1.82,0.00,2.28,155.51,0.00,195.22
101,3,0.02460,3.11,0.00,3.90,153.26,0.00,192.39
101,4,0.03320,4.71,0.00,5.95,185.46,0.00,238.30
101,5,0.04138,6.30,0.00,8.00,195.15,0.00,250.75
101,6,0.04944,7.75,0.00,9.95,179.17,0.00,242.05
101,7,0.05823,9.19,0.00,11.90,164.24,0.00,221.88
101,8,0.06641,10.42,0.00,13.61,150.75,0.00,209.33
101,9,0.07458,11.66,0.00,15.33,150.75,0.00,209.33
101,10,0.08307,12.89,0.00,17.04,145.32,0.00,201.80
101,11,0.09119,14.12,0.00,18.75,151.88,0.00,210.90
101,12,0.09979,15.36,0.00,20.46,143.26,0.00,198.94
101,13,0.10822,16.59,0.00,22.17,146.38,0.00,203.26
101,14,0.11621,17.90,0.00,23.81,164.12,0.00,204.20
101,15,0.12457,19.21,0.00,25.44,156.93,0.00,195.26
101,16,0.13318,20.53,0.00,27.07,152.48,0.00,189.72
101,17,0.14117,21.84,0.00,28.70,164.12,0.00,204.20
101,18,0.14960,23.24,0.00,30.22,166.30,0.00,180.07
101,19,0.15796,24.64,0.00,31.74,167.52,0.00,181.39
101,20,0.16626,26.04,0.00,33.26,168.75,0.00,182.72
101,21,0.17462,27.44,0.00,34.77,167.52,0.00,181.39
101,22,0.18280,28.84,0.00,36.29,171.27,0.00,185.45
101,23,0.19110,30.24,0.00,37.81,168.75,0.00,182.72
101,24,0.19971,31.64,0.00,39.32,162.77,0.00,176.24
101,25,0.20801,33.04,0.00,40.84,168.75,0.00,182.72
101,26,0.21625,34.53,0.00,42.28,180.00,0.00,174.81
101,27,0.22449,36.01,0.00,43.72,180.00,0.00,174.81
101,28,0.23285,37.49,0.00,45.16,177.37,0.00,172.26
101,29,0.24103,38.98,0.00,46.60,181.34,0.00,176.12
101,30,0.24963,40.60,0.00,47.93,188.30,0.00,154.96
101,31,0.25775,42.22,0.00,49.27,199.62,0.00,164.29
101,32,0.26593,43.97,0.00,50.50,213.81,0.00,151.12
101,33,0.27441,45.72,0.00,51.74,206.12,0.00,145.68
101,34,0.28265,47.82,0.00,52.53,255.56,0.00,96.30
101,35,0.29120,49.93,0.00,53.33,246.43,0.00,92.86
101,36,0.29987,52.52,0.00,53.74,299.65,0.00,47.54
101,37,0.30780,55.12,0.00,54.15,327.31,0.00,51.92
101,38,0.31604,58.08,0.00,54.76,359.63,0.00,74.44
101,39,0.32446,61.05,0.00,55.38,351.81,0.00,72.83
101,40,0.33295,64.37,0.00,56.29,391.73,0.00,107.55
101,41,0.34119,67.69,0.00,57.20,403.33,0.00,110.74
101,42,0.34967,71.38,0.00,58.32,434.89,0.00,131.65
101,43,0.35797,75.07,0.00,59.44,444.49,0.00,134.56
101,44,0.36609,79.03,0.00,61.05,487.22,0.00,199.25
101,45,0.37439,82.98,0.00,62.67,476.47,0.00,194.85
101,46,0.38269,88.23,0.00,66.89,632.35,0.00,508.46
101,47,0.39105,93.48,0.00,71.11,627.74,0.00,504.74
101,48,0.39978,98.01,0.00,74.72,519.23,0.00,413.29
101,49,0.40784,102.55,0.00,78.33,562.50,0.00,447.73
101,50,0.41614,107.08,0.00,81.93,545.96,0.00,434.56
101,51,0.42450,111.61,0.00,85.54,541.97,0.42,431.39
101,52,0.43268,116.16,8.64,89.20,556.34,1055.65,447.01
101,53,0.44086,120.71,17.27,92.85,556.34,1055.64,447.01
101,54,0.44934,125.26,25.57,96.53,536.33,977.76,433.09
101,55,0.45795,129.81,33.86,100.20,528.72,963.87,426.95
101,56,0.46600,134.35,41.82,103.88,563.26,987.93,457.20
101,57,0.47449,138.89,49.78,107.57,534.89,938.15,434.17
101,58,0.48291,143.40,57.34,111.25,536.23,897.74,436.59
101,59,0.49133,147.92,64.90,114.92,536.23,897.71,436.59
101,60,0.49976,152.51,71.95,118.68,544.57,836.15,446.01
101,61,0.50861,157.31,79.25,122.61,542.41,824.89,444.48
101,62,0.51636,162.49,85.53,126.92,668.50,811.28,555.51
101,63,0.52496,167.68,91.77,131.24,603.90,724.41,501.77
101,64,0.53296,173.21,96.75,135.86,690.46,622.75,577.86
101,65,0.54144,178.73,101.64,140.48,651.08,576.31,545.32
101,66,0.54968,184.33,104.45,145.19,679.26,341.43,570.74
101,67,0.55829,189.92,107.21,149.88,649.65,320.23,545.74
101,68,0.56628,195.33,108.64,154.43,677.48,179.15,569.08
101,69,0.57507,200.73,110.04,158.97,614.24,159.22,515.97
101,70,0.58295,205.71,110.68,163.13,631.78,80.91,529.07
101,71,0.59125,210.65,111.29,167.27,595.96,74.00,498.53
101,72,0.59998,214.93,111.38,170.82,489.86,10.30,405.94
101,73,0.60815,219.18,111.45,174.34,519.78,8.86,430.60
101,74,0.61658,222.89,111.12,177.38,439.86,-39.13,360.87
101,75,0.62469,226.58,110.78,180.41,455.64,-42.42,373.68
101,76,0.63306,230.14,110.09,183.33,425.55,-81.77,348.54
101,77,0.64142,233.70,109.40,186.24,425.55,-83.55,348.54
101,78,0.64978,237.25,108.35,189.15,424.09,-124.49,347.81
102,0,0.00000,0.00,0.00,0.00,-65.33,0.00,-77.37
102,1,0.00824,-0.55,0.00,-0.65,-66.30,0.00,-78.52
102,2,0.01636,-1.87,0.00,-2.24,-163.53,0.00,-196.24
102,3,0.02496,-3.20,0.11,-3.83,-154.26,12.28,-185.11
102,4,0.03308,-4.84,0.11,-5.85,-201.88,0.00,-248.50
102,5,0.04132,-6.48,0.31,-7.87,-198.89,24.22,-244.81
102,6,0.04987,-7.97,0.31,-9.78,-173.93,0.00,-224.29
102,7,0.05811,-9.45,0.49,-11.70,-180.37,22.29,-232.59
102,8,0.06671,-10.72,0.49,-13.39,-147.87,0.00,-195.74
102,9,0.07477,-12.00,0.65,-15.07,-157.95,19.68,-209.09
102,10,0.08307,-13.27,0.65,-16.75,-153.31,0.00,-202.94
102,11,0.09137,-14.54,0.81,-18.44,-153.31,19.13,-202.94
102,12,0.09955,-15.81,0.81,-20.12,-155.60,0.00,-205.97
102,13,0.10834,-17.09,0.97,-21.81,-144.79,18.06,-191.67
102,14,0.11627,-18.44,0.97,-23.41,-170.00,0.00,-202.31
102,15,0.12469,-19.78,1.13,-25.02,-160.14,19.28,-190.58
102,16,0.13293,-21.13,1.13,-26.62,-163.70,0.00,-194.81
102,17,0.14136,-22.48,1.29,-28.23,-160.14,19.30,-190.58
102,18,0.14960,-23.92,1.29,-29.71,-174.07,0.00,-180.37
102,19,0.15790,-25.35,1.46,-31.20,-172.79,19.93,-179.04
102,20,0.16650,-26.79,1.46,-32.69,-166.67,0.00,-172.70
102,21,0.17462,-28.22,1.62,-34.17,-176.69,20.38,-183.08
102,22,0.18341,-29.65,1.62,-35.66,-163.19,0.00,-169.10
102,23,0.19141,-31.09,1.79,-37.15,-179.39,20.69,-185.88
102,24,0.19983,-32.52,1.79,-38.63,-170.29,0.00,-176.45
102,25,0.20813,-33.96,1.95,-40.12,-172.79,19.93,-179.04
102,26,0.21643,-35.47,1.95,-41.53,-182.72,0.00,-169.49
102,27,0.22473,-36.99,2.12,-42.93,-182.72,20.42,-169.49
102,28,0.23315,-38.51,2.12,-44.34,-180.07,0.00,-167.03
102,29,0.24152,-40.02,2.29,-45.75,-181.39,20.30,-168.25
102,30,0.24969,-41.67,2.29,-47.04,-201.49,0.00,-158.58
102,31,0.25793,-43.32,2.47,-48.34,-200.00,21.44,-157.41
102,32,0.26654,-45.09,2.47,-49.54,-206.03,0.00,-139.01
102,33,0.27478,-46.87,2.65,-50.73,-215.19,22.27,-145.19
102,34,0.28302,-48.99,2.65,-51.48,-257.78,0.00,-90.74
102,35,0.29163,-51.11,2.85,-52.22,-246.81,22.97,-86.52
102,36,0.30005,-53.72,2.96,-52.58,-309.42,13.32,-42.03
102,37,0.30829,-56.33,3.07,-52.93,-316.30,13.59,-42.96
102,38,0.31659,-59.30,3.20,-53.48,-358.46,15.70,-66.18
102,39,0.32489,-62.28,3.33,-54.03,-358.46,15.73,-66.18
102,40,0.33331,-65.62,3.48,-54.87,-396.74,17.79,-99.64
102,41,0.34137,-68.96,3.63,-55.71,-414.77,18.61,-104.17
102,42,0.34985,-72.67,3.80,-56.74,-437.77,19.87,-121.94
102,43,0.35834,-76.39,3.97,-57.78,-437.77,19.82,-121.94
102,44,0.36664,-80.38,4.16,-59.31,-480.88,22.64,-184.19
102,45,0.37482,-84.37,4.35,-60.84,-488.06,22.96,-187.31
102,46,0.38336,-89.71,4.63,-64.94,-625.00,33.32,-480.36
102,47,0.39142,-95.05,4.92,-69.05,-662.88,35.35,-509.47
102,48,0.39990,-99.66,5.16,-72.56,-543.17,28.87,-413.31
102,49,0.40826,-104.27,5.41,-76.06,-551.09,29.32,-419.34
102,50,0.41638,-108.88,5.65,-79.57,-567.67,30.20,-431.95
102,51,0.42499,-113.48,5.90,-83.07,-534.40,28.40,-406.74
102,52,0.43335,-118.11,14.53,-86.62,-553.65,1032.54,-425.18
102,53,0.44153,-122.74,23.16,-90.18,-566.04,1055.61,-434.70
102,54,0.44965,-127.37,31.46,-93.75,-570.30,1021.86,-440.23
102,55,0.45807,-131.99,39.75,-97.33,-549.64,984.79,-424.28
102,56,0.46655,-136.61,47.71,-100.91,-544.60,938.18,-421.94
102,57,0.47473,-141.24,55.67,-104.49,-564.93,973.13,-437.69
102,58,0.48303,-145.83,63.23,-108.06,-553.68,910.95,-430.88
102,59,0.49146,-150.43,70.79,-111.64,-545.65,897.67,-424.64
102,60,0.49969,-155.10,77.84,-115.29,-566.67,854.74,-443.33
102,61,0.50806,-159.77,84.88,-118.95,-558.39,842.15,-437.23
102,62,0.51630,-165.04,91.17,-123.14,-640.37,763.20,-508.52
102,63,0.52478,-170.39,97.52,-127.39,-630.58,748.43,-500.72
102,64,0.53345,-176.01,102.50,-131.88,-648.59,574.51,-519.01
102,65,0.54163,-181.63,107.45,-136.38,-687.31,605.15,-550.00
102,66,0.54974,-187.34,110.26,-140.96,-702.26,346.56,-563.91
102,67,0.55823,-193.03,113.05,-145.54,-671.58,329.35,-539.21
102,68,0.56653,-198.55,114.48,-149.96,-664.34,172.57,-533.46
102,69,0.57483,-204.06,115.91,-154.39,-663.60,171.24,-533.09
102,70,0.58307,-209.12,116.54,-158.44,-614.81,77.31,-491.85
102,71,0.59143,-214.18,117.17,-162.48,-604.74,75.28,-483.58
102,72,0.59985,-218.53,117.26,-165.93,-516.67,10.68,-409.42
102,73,0.60822,-222.87,117.35,-169.38,-519.34,10.06,-411.68
102,74,0.61627,-226.64,117.02,-172.33,-468.18,-40.91,-367.05
102,75,0.62482,-230.41,116.68,-175.29,-441.07,-39.15,-345.71
102,76,0.63336,-234.04,116.00,-178.12,-423.93,-80.02,-331.79
102,77,0.64191,-237.66,115.31,-180.96,-423.93,-80.60,-331.79
102,78,0.64984,-241.27,114.27,-183.79,-455.00,-131.19,-356.54
103,0,0.00000,0.00,0.00,0.00,-118.73,0.00,-37.83
103,1,0.00836,-1.04,0.00,-0.34,-124.45,0.00,-40.15
103,2,0.01770,-3.01,0.00,-0.98,-211.11,0.00,-68.95
103,3,0.02576,-5.08,0.00,-1.66,-256.82,0.00,-84.85
103,4,0.03323,-7.54,0.00,-2.50,-328.98,0.00,-111.84
103,5,0.04169,-9.96,0.00,-3.34,-286.64,0.00,-98.92
103,6,0.05005,-12.24,0.00,-4.17,-272.26,0.00,-100.00
103,7,0.05844,-14.46,0.00,-4.99,-264.00,0.00,-97.45
103,8,0.06668,-16.43,0.00,-5.74,-239.63,0.00,-91.11
103,9,0.07574,-18.41,0.00,-6.49,-217.85,0.00,-82.83
103,10,0.08344,-20.39,0.00,-7.25,-258.73,0.00,-98.41
103,11,0.09177,-22.37,0.00,-8.00,-237.00,0.00,-90.11
103,12,0.10007,-24.34,0.00,-8.75,-237.87,0.00,-90.44
103,13,0.10855,-26.32,0.00,-9.48,-233.09,0.00,-85.97
103,14,0.11819,-28.32,0.00,-10.12,-206.96,0.00,-66.46
103,15,0.12656,-30.31,0.00,-10.76,-238.69,0.00,-76.64
103,16,0.13336,-32.31,0.00,-11.40,-293.27,0.00,-94.17
103,17,0.14182,-34.30,0.00,-12.01,-236.10,0.00,-72.20
103,18,0.15002,-36.31,0.00,-12.51,-244.24,0.00,-60.59
103,19,0.15851,-38.31,0.00,-13.01,-236.33,0.00,-58.63
103,20,0.16678,-40.32,0.00,-13.50,-242.44,0.00,-60.15
103,21,0.17517,-42.32,0.00,-14.00,-238.91,0.00,-59.27
103,22,0.18408,-44.33,0.00,-14.50,-225.00,0.00,-55.82
103,23,0.19180,-46.33,0.00,-15.00,-259.68,0.00,-64.43
103,24,0.20013,-48.34,0.00,-15.49,-240.66,0.00,-59.71
103,25,0.20853,-50.35,0.00,-15.97,-239.64,0.00,-56.36
103,26,0.21738,-52.38,0.00,-16.35,-229.66,0.00,-43.45
103,27,0.22516,-54.42,0.00,-16.74,-261.18,0.00,-49.41
103,28,0.23383,-56.45,0.00,-17.12,-234.51,0.00,-44.37
103,29,0.24213,-58.49,0.00,-17.47,-245.96,0.00,-42.28
103,30,0.25052,-60.57,0.00,-17.69,-248.36,0.00,-26.55
103,31,0.25891,-62.67,0.00,-17.89,-249.82,0.00,-22.91
103,32,0.26706,-64.81,0.00,-17.96,-262.55,0.00,-8.61
103,33,0.27612,-66.96,0.00,-17.91,-237.37,0.00,5.39
103,34,0.28369,-69.16,0.00,-17.41,-290.32,0.00,65.73
103,35,0.29208,-71.40,0.00,-16.79,-266.55,0.00,73.82
103,36,0.30042,-73.79,0.00,-15.71,-287.55,0.00,130.04
103,37,0.30881,-76.27,0.00,-14.61,-295.64,0.00,130.18
103,38,0.31781,-79.09,0.00,-13.50,-312.54,0.00,124.07
103,39,0.32550,-81.99,0.00,-12.39,-378.17,0.00,143.65
103,40,0.33389,-85.27,0.00,-11.33,-390.55,0.00,126.91
103,41,0.34235,-88.64,0.00,-10.26,-398.19,0.00,126.71
103,42,0.35062,-92.33,0.00,-9.16,-446.86,0.00,132.84
103,43,0.35883,-96.13,0.00,-8.12,-462.83,0.00,126.77
103,44,0.36716,-100.33,0.00,-7.29,-503.30,0.00,99.27
103,45,0.37625,-105.04,0.00,-6.77,-518.79,0.00,57.05
103,46,0.38452,-111.75,0.00,-7.41,-810.70,0.00,-77.12
103,47,0.39221,-118.26,0.00,-8.02,-846.43,0.00,-79.76
103,48,0.40051,-124.03,0.00,-8.54,-694.85,0.00,-62.87
103,49,0.40897,-129.79,0.00,-9.07,-682.31,0.00,-61.73
103,50,0.41824,-135.56,0.00,-9.59,-621.71,0.00,-56.25
103,51,0.42636,-141.34,1.80,-10.12,-711.65,222.06,-65.04
103,52,0.43375,-147.15,10.44,-10.67,-787.19,1169.07,-74.79
103,53,0.44220,-152.97,19.00,-11.22,-687.73,1012.99,-65.70
103,54,0.45056,-158.79,27.29,-11.79,-696.35,992.03,-67.88
103,55,0.45886,-164.61,35.52,-12.36,-701.10,990.88,-68.38
103,56,0.46713,-170.43,43.48,-12.94,-703.32,962.41,-70.11
103,57,0.47601,-176.24,51.36,-13.52,-654.30,886.91,-65.29
103,58,0.48364,-182.03,58.92,-14.11,-759.60,991.11,-77.20
103,59,0.49210,-187.85,66.37,-14.70,-688.09,881.69,-70.40
103,60,0.50037,-193.74,73.41,-15.32,-712.92,851.58,-74.17
103,61,0.50876,-199.81,80.30,-15.96,-722.55,820.43,-76.36
103,62,0.51776,-206.51,86.59,-16.70,-744.07,698.52,-82.71
103,63,0.52539,-213.30,92.60,-17.47,-890.40,788.42,-100.00
103,64,0.53378,-220.45,97.58,-18.29,-852.36,593.31,-98.18
103,65,0.54239,-227.63,102.11,-19.12,-833.69,526.01,-96.45
103,66,0.55048,-234.89,104.92,-19.97,-898.11,347.87,-104.91
103,67,0.55884,-242.10,107.45,-20.81,-862.41,301.94,-100.73
103,68,0.56717,-249.13,108.88,-21.63,-843.22,171.94,-98.53
103,69,0.57617,-256.03,110.15,-22.44,-767.12,140.65,-89.49
103,70,0.58383,-262.48,110.78,-23.18,-841.43,83.16,-96.81
103,71,0.59225,-268.73,111.30,-23.89,-742.39,62.06,-84.78
103,72,0.60052,-274.25,111.39,-24.50,-667.16,10.87,-73.43
103,73,0.60898,-279.61,111.40,-25.09,-634.30,0.27,-69.31
103,74,0.61777,-284.38,111.07,-25.59,-542.36,-37.50,-56.94
103,75,0.62564,-289.11,110.66,-26.08,-600.39,-51.26,-62.79
103,76,0.63416,-293.68,109.98,-26.56,-537.28,-80.30,-55.91
103,77,0.64279,-298.25,109.22,-27.03,-529.33,-87.81,-55.12
103,78,0.65088,-302.81,108.18,-27.51,-564.15,-128.72,-58.87
104,0,0.00000,0.00,0.00,0.00,81.43,0.00,86.43
104,1,0.00830,0.82,0.10,0.72,98.90,12.60,86.40
104,2,0.01697,2.47,0.21,1.98,189.79,12.49,145.77
104,3,0.02490,4.19,0.33,3.31,217.31,14.35,167.69
104,4,0.03320,6.23,0.46,4.92,245.96,16.26,193.38
104,5,0.04150,8.24,0.59,6.51,241.91,16.01,191.91
104,6,0.04993,10.11,0.72,8.05,222.10,14.87,183.33
104,7,0.05798,11.93,0.84,9.56,225.76,15.11,187.12
104,8,0.06628,13.54,0.95,10.93,194.12,13.01,164.34
104,9,0.07458,15.15,1.06,12.29,194.12,13.05,164.34
104,10,0.08325,16.76,1.17,13.65,185.92,12.47,157.39
104,11,0.09180,18.37,1.27,15.02,188.57,12.68,159.64
104,12,0.09998,19.99,1.38,16.38,197.01,13.22,166.79
104,13,0.10828,21.61,1.49,17.73,195.59,13.10,162.13
104,14,0.11646,23.28,1.60,19.00,204.10,13.39,155.22
104,15,0.12488,24.95,1.71,20.27,198.19,13.05,150.72
104,16,0.13318,26.62,1.82,21.54,201.10,13.19,152.94
104,17,0.14172,28.30,1.93,22.78,196.43,12.87,145.36
104,18,0.14978,30.02,2.04,23.91,214.02,13.73,140.91
104,19,0.15820,31.74,2.15,25.05,204.71,13.09,134.78
104,20,0.16650,33.47,2.26,26.18,207.72,13.33,136.76
104,21,0.17493,35.19,2.37,27.32,204.71,13.11,134.78
104,22,0.18335,36.92,2.48,28.45,204.71,13.14,134.78
104,23,0.19141,38.64,2.59,29.59,214.02,13.71,140.91
104,24,0.19983,40.37,2.70,30.73,204.71,13.14,134.78
104,25,0.20825,42.11,2.81,31.84,206.52,13.16,132.61
104,26,0.21631,43.89,2.93,32.88,221.97,13.92,128.79
104,27,0.22473,45.68,3.04,33.92,212.32,13.36,123.19
104,28,0.23303,47.47,3.15,34.95,215.44,13.51,125.00
104,29,0.24146,49.28,3.26,35.97,214.86,13.44,120.29
104,30,0.25000,51.17,3.38,36.87,221.43,13.52,105.71
104,31,0.25806,53.09,3.50,37.75,237.50,14.48,109.09
104,32,0.26636,55.08,3.62,38.53,240.07,14.31,93.75
104,33,0.27478,57.12,3.74,39.20,242.39,14.26,80.07
104,34,0.28320,59.36,3.86,39.47,265.58,14.70,31.16
104,35,0.29150,61.67,3.98,39.63,278.68,15.13,19.85
104,36,0.29980,64.29,4.12,39.40,315.44,16.39,-27.57
104,37,0.30811,66.99,4.26,39.20,325.37,16.94,-24.63
104,38,0.31653,70.01,4.42,39.08,359.06,18.95,-14.13
104,39,0.32495,73.12,4.59,39.00,368.84,19.50,-9.42
104,40,0.33313,76.57,4.77,39.08,421.27,22.62,10.45
104,41,0.34167,80.09,4.96,39.19,412.86,22.25,12.50
104,42,0.34973,83.94,5.17,39.38,478.03,25.86,23.86
104,43,0.35815,87.87,5.38,39.66,466.30,25.43,32.97
104,44,0.36633,92.10,5.62,40.27,517.16,28.84,75.00
104,45,0.37476,96.71,5.88,41.33,546.74,31.18,125.72
104,46,0.38318,102.82,6.31,44.17,725.72,51.28,336.23
104,47,0.39136,108.76,6.75,46.91,726.49,53.87,335.82
104,48,0.39966,114.03,7.15,49.32,634.56,48.23,290.07
104,49,0.40796,119.30,7.55,51.73,634.56,48.24,290.07
104,50,0.41638,124.56,7.96,54.14,625.36,47.50,285.87
104,51,0.42493,129.84,9.69,56.55,617.14,202.49,282.86
104,52,0.43335,135.13,18.32,59.00,628.99,1025.05,290.94
104,53,0.44165,140.44,26.89,61.46,638.60,1031.95,295.59
104,54,0.44983,145.74,35.18,63.93,648.51,1014.24,301.87
104,55,0.45813,151.04,43.41,66.40,638.60,991.22,297.79
104,56,0.46655,156.33,51.37,68.88,628.26,944.97,294.20
104,57,0.47473,161.62,59.25,71.35,646.64,963.47,302.99
104,58,0.48315,166.89,66.81,73.83,625.72,897.74,294.57
104,59,0.49133,172.18,74.27,76.33,646.64,911.82,304.85
104,60,0.49976,177.54,81.31,78.87,636.23,836.16,301.45
104,61,0.50806,183.04,88.20,81.48,662.50,830.23,315.44
104,62,0.51648,189.11,94.49,84.41,720.65,746.61,347.83
104,63,0.52466,195.26,100.52,87.39,751.87,736.79,363.81
104,64,0.53333,201.73,105.49,90.54,746.83,574.51,363.73
104,65,0.54163,208.22,110.04,93.71,781.99,547.53,381.25
104,66,0.54980,214.79,112.85,96.92,802.99,343.97,392.91
104,67,0.55811,221.31,115.39,100.11,786.03,305.55,384.56
104,68,0.56665,227.67,116.82,103.22,743.57,167.64,363.93
104,69,0.57495,233.92,118.09,106.28,752.94,153.35,368.01
104,70,0.58313,239.75,118.73,109.12,713.06,77.89,347.39
104,71,0.59155,245.42,119.26,111.87,672.83,62.60,327.17
104,72,0.59985,250.42,119.35,114.28,602.57,10.83,290.07
104,73,0.60840,255.29,119.35,116.62,569.64,0.68,273.57
104,74,0.61646,259.61,119.03,118.68,537.12,-40.91,255.30
104,75,0.62463,263.91,118.62,120.72,525.00,-48.99,249.25
104,76,0.63306,268.06,117.94,122.68,493.48,-81.18,233.70
104,77,0.64148,272.22,117.19,124.65,493.12,-89.69,233.70
104,78,0.64978,276.36,116.14,126.62,499.26,-125.40,236.76
105,0,0.00000,0.00,0.00,0.00,-47.10,13.49,-110.87
105,1,0.00818,-0.52,0.00,-0.96,-63.06,0.00,-117.54
105,2,0.01636,-1.49,0.14,-2.79,-118.66,16.62,-223.88
105,3,0.02466,-2.50,0.14,-4.72,-122.43,0.00,-232.35
105,4,0.03333,-3.69,0.14,-7.03,-137.32,0.00,-266.55
105,5,0.04138,-4.86,0.14,-9.32,-144.32,0.00,-283.71
105,6,0.04993,-5.91,0.14,-11.50,-123.93,0.00,-255.36
105,7,0.05823,-6.94,0.14,-13.63,-123.90,0.00,-256.25
105,8,0.06653,-7.84,0.14,-15.54,-108.09,0.00,-230.15
105,9,0.07483,-8.74,0.14,-17.45,-108.09,0.00,-230.15
105,10,0.08313,-9.63,0.14,-19.36,-108.09,0.00,-230.15
105,11,0.09143,-10.53,0.14,-21.27,-108.09,0.00,-230.15
105,12,0.09985,-11.43,0.14,-23.18,-106.52,0.00,-226.81
105,13,0.10803,-12.34,0.14,-25.08,-111.94,0.00,-232.09
105,14,0.11658,-13.33,0.14,-26.92,-115.71,0.00,-216.07
105,15,0.12488,-14.32,0.14,-28.77,-119.12,0.00,-222.43
105,16,0.13306,-15.31,0.14,-30.62,-120.90,0.00,-225.75
105,17,0.14148,-16.32,0.14,-32.44,-120.29,0.00,-217.03
105,18,0.14990,-17.42,0.14,-34.19,-130.43,0.00,-207.61
105,19,0.15820,-18.52,0.14,-35.94,-132.35,0.00,-210.66
105,20,0.16650,-19.62,0.14,-37.69,-132.35,0.00,-210.66
105,21,0.17493,-20.72,0.14,-39.44,-130.43,0.00,-207.61
105,22,0.18323,-21.82,0.14,-41.19,-132.35,0.00,-210.66
105,23,0.19153,-22.92,0.14,-42.94,-132.35,0.00,-210.66
105,24,0.19983,-24.01,0.14,-44.68,-132.35,0.00,-210.66
105,25,0.20825,-25.13,0.14,-46.42,-132.61,0.00,-206.16
105,26,0.21643,-26.32,0.14,-48.11,-145.90,0.00,-206.34
105,27,0.22498,-27.52,0.14,-49.80,-139.64,0.00,-197.50
105,28,0.23340,-28.71,0.14,-51.48,-141.67,0.00,-200.36
105,29,0.24170,-29.93,0.14,-53.16,-147.43,0.00,-201.47
105,30,0.25024,-31.28,0.14,-54.76,-157.50,0.00,-188.21
105,31,0.25854,-32.66,0.14,-56.36,-165.81,0.00,-191.91
105,32,0.26648,-34.15,0.14,-57.89,-187.69,0.00,-193.46
105,33,0.27478,-35.72,0.14,-59.35,-190.07,0.00,-176.10
105,34,0.28333,-37.65,0.14,-60.52,-225.36,0.00,-136.79
105,35,0.29150,-39.69,0.14,-61.63,-248.88,0.00,-135.82
105,36,0.29993,-42.16,0.14,-62.52,-293.84,0.00,-104.71
105,37,0.30823,-44.70,0.14,-63.45,-306.25,0.00,-112.50
105,38,0.31653,-47.50,0.14,-64.60,-337.13,0.00,-138.24
105,39,0.32507,-50.36,0.14,-65.82,-334.64,0.00,-142.86
105,40,0.33313,-53.46,0.14,-67.32,-384.47,0.00,-187.12
105,41,0.34143,-56.62,0.14,-68.89,-381.25,0.00,-188.24
105,42,0.35022,-60.04,0.14,-70.66,-389.24,0.00,-202.08
105,43,0.35840,-63.50,0.14,-72.55,-422.39,0.00,-230.22
105,44,0.36670,-67.09,0.14,-74.86,-432.72,0.00,-279.04
105,45,0.37549,-70.84,0.14,-77.74,-426.74,0.00,-327.43
105,46,0.38306,-75.22,0.14,-82.86,-579.03,0.00,-675.81
105,47,0.39172,-79.49,0.14,-87.82,-491.90,0.00,-573.24
105,48,0.39978,-83.28,0.14,-92.20,-470.45,0.00,-543.56
105,49,0.40820,-87.07,0.14,-96.58,-450.00,0.00,-519.93
105,50,0.41638,-90.86,0.14,-100.96,-463.43,0.00,-535.45
105,51,0.42505,-94.65,1.87,-105.35,-437.68,199.64,-506.69
105,52,0.43311,-98.45,10.50,-109.78,-471.59,1071.65,-550.00
105,53,0.44128,-102.25,19.07,-114.22,-464.55,1047.35,-542.16
105,54,0.44983,-106.05,27.36,-118.67,-444.29,970.77,-520.71
105,55,0.45825,-109.84,35.59,-123.12,-450.36,976.85,-528.26
105,56,0.46643,-113.62,43.55,-127.57,-462.69,973.18,-544.78
105,57,0.47473,-117.40,51.43,-132.03,-455.51,949.26,-536.40
105,58,0.48315,-121.17,58.99,-136.47,-446.74,897.74,-527.90
105,59,0.49133,-124.94,66.45,-140.94,-461.57,911.83,-545.90
105,60,0.49988,-128.76,73.49,-145.47,-446.79,824.21,-531.07
105,61,0.50830,-132.68,80.38,-150.14,-464.86,818.20,-553.99
105,62,0.51697,-136.98,86.67,-155.33,-496.48,725.58,-598.24
105,63,0.52502,-141.34,92.70,-160.59,-540.91,747.97,-653.03
105,64,0.53320,-145.91,97.68,-166.14,-559.33,608.81,-679.48
105,65,0.54163,-150.50,102.22,-171.72,-544.93,539.60,-662.32
105,66,0.54980,-155.14,105.03,-177.37,-567.16,343.97,-691.04
105,67,0.55835,-159.75,107.57,-182.99,-539.29,296.82,-657.14
105,68,0.56653,-164.23,109.00,-188.46,-548.51,175.15,-668.66
105,69,0.57483,-168.65,110.28,-193.84,-531.62,153.35,-647.79
105,70,0.58337,-172.77,110.91,-198.84,-482.50,74.55,-586.07
105,71,0.59167,-176.78,111.44,-203.70,-483.09,63.52,-585.66
105,72,0.59998,-180.33,111.53,-207.97,-427.57,10.83,-514.34
105,73,0.60828,-183.79,111.54,-212.12,-416.54,0.70,-500.00
105,74,0.61646,-186.87,111.21,-215.79,-376.87,-40.30,-448.51
105,75,0.62500,-189.93,110.81,-219.43,-357.86,-46.89,-425.71
105,76,0.63318,-192.89,110.12,-222.95,-362.31,-83.60,-430.22
105,77,0.64148,-195.85,109.37,-226.47,-356.62,-91.00,-423.90
105,78,0.64978,-198.80,108.33,-229.98,-355.51,-125.41,-422.79
106,0,0.00000,0.00,0.00,0.00,-0.69,0.00,115.62
106,1,0.00769,-0.01,0.00,1.09,-0.79,0.00,142.06
106,2,0.01599,-0.03,0.17,3.16,-2.57,20.44,249.63
106,3,0.02454,-0.06,0.17,5.34,-3.57,0.00,255.00
106,4,0.03247,-0.12,0.35,7.94,-7.31,23.22,327.31
106,5,0.04102,-0.19,0.35,10.50,-8.21,0.00,300.00
106,6,0.04944,-0.30,0.53,12.93,-13.41,21.05,287.68
106,7,0.05762,-0.42,0.53,15.29,-14.18,-0.00,288.43
106,8,0.06580,-0.54,0.68,17.40,-15.30,17.70,257.84
106,9,0.07446,-0.67,0.68,19.50,-14.44,-0.00,243.31
106,10,0.08264,-0.79,0.78,21.61,-15.30,13.00,257.84
106,11,0.09082,-0.92,0.78,23.72,-15.30,-0.00,257.84
106,12,0.09912,-1.04,0.78,25.83,-15.07,0.00,254.04
106,13,0.10754,-1.14,0.78,27.94,-12.32,0.00,250.00
106,14,0.11584,-1.16,0.78,30.03,-1.47,-0.00,252.57
106,15,0.12439,-1.17,0.78,32.13,-1.43,0.00,245.36
106,16,0.13257,-1.18,0.78,34.23,-1.49,0.00,256.34
106,17,0.14087,-1.17,0.78,36.32,1.84,0.00,251.84
106,18,0.14966,-1.04,0.89,38.38,14.58,12.50,234.38
106,19,0.15759,-0.91,0.89,40.44,16.15,0.00,259.62
106,20,0.16614,-0.78,0.89,42.50,15.00,0.00,241.07
106,21,0.17432,-0.65,1.02,44.56,15.67,15.90,251.87
106,22,0.18286,-0.52,1.02,46.62,15.00,0.00,241.07
106,23,0.19092,-0.40,1.02,48.68,15.91,0.00,255.68
106,24,0.19983,-0.27,1.15,50.74,14.38,14.68,231.16
106,25,0.20801,-0.12,1.15,52.80,18.28,0.00,251.87
106,26,0.21631,0.12,1.27,54.85,29.04,13.49,247.43
106,27,0.22412,0.36,1.27,56.90,30.86,0.00,262.89
106,28,0.23291,0.61,1.39,58.96,27.78,14.66,234.38
106,29,0.24097,0.89,1.39,61.02,34.47,0.00,254.92
106,30,0.24939,1.30,1.56,63.07,48.91,19.93,244.20
106,31,0.25732,1.74,1.56,65.13,56.15,0.00,259.23
106,32,0.26587,2.32,1.79,67.19,67.14,26.63,241.43
106,33,0.27429,3.01,1.94,69.23,81.88,17.46,242.03
106,34,0.28259,4.14,2.16,71.18,136.40,27.36,234.56
106,35,0.29077,5.40,2.42,73.13,154.10,30.87,238.06
106,36,0.29919,7.15,2.76,75.09,208.33,40.67,232.61
106,37,0.30750,8.94,3.11,77.12,215.07,42.09,245.59
106,38,0.31604,10.85,3.88,79.47,223.57,89.78,274.64
106,39,0.32471,12.78,4.80,81.91,222.54,106.31,281.69
106,40,0.33301,14.78,5.88,84.72,240.81,130.22,338.24
106,41,0.34082,16.81,6.98,87.61,260.16,140.98,369.53
106,42,0.34912,18.97,8.17,90.80,259.93,143.31,384.93
106,43,0.35754,21.10,9.37,94.11,253.26,142.47,393.12
106,44,0.36609,23.15,10.61,97.86,239.64,144.88,438.93
106,45,0.37439,25.06,11.88,102.20,230.51,153.93,522.06
106,46,0.38306,26.46,13.33,108.79,161.97,167.34,760.21
106,47,0.39111,27.84,14.74,115.18,170.08,174.77,793.94
106,48,0.39917,29.07,15.84,120.84,153.03,136.33,702.27
106,49,0.40771,30.30,16.78,126.50,144.29,110.48,662.14
106,50,0.41589,31.53,17.40,132.16,150.75,75.74,691.79
106,51,0.42456,32.76,19.18,137.83,141.90,204.49,654.23
106,52,0.43274,33.98,27.81,143.54,148.88,1055.65,698.13
106,53,0.44092,35.20,36.37,149.25,148.88,1047.15,698.51
106,54,0.44958,36.41,44.67,154.97,139.44,957.10,660.56
106,55,0.45752,37.61,52.90,160.70,151.92,1036.76,721.15
106,56,0.46606,38.81,60.86,166.42,139.64,931.47,669.64
106,57,0.47449,40.00,68.73,172.14,141.30,935.28,678.99
106,58,0.48267,41.17,76.30,177.84,144.03,924.54,697.39
106,59,0.49121,42.36,83.75,183.57,138.21,872.45,670.00
106,60,0.49939,43.54,90.79,189.38,144.78,861.12,710.45
106,61,0.50769,44.75,97.68,195.35,145.59,829.79,719.85
106,62,0.51599,46.05,103.97,201.97,156.62,757.59,796.69
106,63,0.52405,47.36,109.99,208.67,162.88,747.18,832.20
106,64,0.53259,48.72,114.97,215.74,159.29,582.72,827.50
106,65,0.54126,50.09,119.50,222.83,157.39,523.18,818.31
106,66,0.54944,51.46,122.32,230.01,167.54,343.97,877.99
106,67,0.55786,52.82,124.85,237.15,161.59,300.33,847.10
106,68,0.56628,54.14,126.28,244.10,157.25,170.07,825.00
106,69,0.57446,55.45,127.55,250.93,159.70,155.16,835.07
106,70,0.58252,56.67,128.18,257.30,152.27,79.07,790.91
106,71,0.59119,57.87,128.71,263.48,138.03,60.53,713.03
106,72,0.59937,58.95,128.80,268.93,131.72,11.00,666.04
106,73,0.60730,60.00,128.80,274.22,132.31,0.47,666.92
106,74,0.61584,60.95,128.47,278.92,111.43,-38.58,549.64
106,75,0.62402,61.90,128.07,283.57,115.67,-49.20,569.40
106,76,0.63281,62.81,127.39,288.08,104.51,-77.79,512.85
106,77,0.64075,63.73,126.63,292.58,115.77,-95.42,567.69
106,78,0.64905,64.65,125.59,297.08,109.93,-125.41,541.54
107,0,0.00000,0.00,0.00,0.00,39.93,0.00,-117.54
107,1,0.00781,0.35,0.00,-1.03,44.92,0.00,-132.42
107,2,0.01624,1.03,0.00,-2.99,80.07,0.00,-232.61
107,3,0.02478,1.74,0.00,-5.05,83.57,0.00,-240.71
107,4,0.03333,2.61,0.00,-7.50,102.14,0.00,-286.43
107,5,0.04150,3.49,0.00,-9.91,106.72,0.00,-294.78
107,6,0.04956,4.35,0.00,-12.17,107.95,0.00,-281.06
107,7,0.05786,5.21,0.00,-14.38,102.57,0.00,-265.44
107,8,0.06616,5.99,0.00,-16.34,94.12,0.00,-236.40
107,9,0.07483,6.77,0.00,-18.30,90.14,0.00,-226.41
107,10,0.08362,7.55,0.00,-20.26,88.89,0.00,-223.26
107,11,0.09167,8.33,0.00,-22.23,96.97,0.00,-243.56
107,12,0.10010,9.11,0.00,-24.19,92.75,0.00,-232.97
107,13,0.10815,9.87,0.00,-26.15,94.32,0.00,-243.94
107,14,0.11658,10.54,0.00,-28.14,79.71,0.00,-235.51
107,15,0.12512,11.22,0.00,-30.12,78.57,0.00,-232.14
107,16,0.13342,11.89,0.00,-32.10,80.88,0.00,-238.97
107,17,0.14136,12.53,0.00,-34.09,81.15,0.00,-250.38
107,18,0.14966,13.06,0.00,-36.09,63.60,0.00,-240.44
107,19,0.15808,13.59,0.00,-38.08,62.68,0.00,-236.96
107,20,0.16638,14.11,0.00,-40.08,63.60,0.00,-240.44
107,21,0.17542,14.64,0.00,-42.07,58.45,0.00,-220.95
107,22,0.18311,15.17,0.00,-44.07,68.65,0.00,-259.52
107,23,0.19177,15.70,0.00,-46.07,60.92,0.00,-230.28
107,24,0.19983,16.23,0.00,-48.06,65.53,0.00,-247.73
107,25,0.20837,16.73,0.00,-50.06,59.29,0.00,-234.29
107,26,0.21692,17.15,0.00,-52.09,48.57,0.00,-237.14
107,27,0.22485,17.56,0.00,-54.12,52.31,0.00,-255.38
107,28,0.23315,17.98,0.00,-56.14,50.00,0.00,-244.12
107,29,0.24207,18.36,0.00,-58.18,43.15,0.00,-228.42
107,30,0.25000,18.62,0.00,-60.26,32.31,0.00,-262.31
107,31,0.25781,18.84,0.00,-62.35,28.91,0.00,-267.97
107,32,0.26636,18.95,0.00,-64.49,12.14,0.00,-250.00
107,33,0.27478,18.94,0.00,-66.64,-1.09,0.00,-255.43
107,34,0.28296,18.48,0.00,-68.84,-56.72,0.00,-269.40
107,35,0.29138,17.90,0.00,-71.09,-68.84,0.00,-266.67
107,36,0.29968,16.85,0.00,-73.50,-126.10,0.00,-290.44
107,37,0.30811,15.80,0.00,-75.99,-125.00,0.00,-296.01
107,38,0.31641,14.72,0.00,-78.83,-129.41,0.00,-341.18
107,39,0.32483,13.66,0.00,-81.75,-126.09,0.00,-347.10
107,40,0.33325,12.64,0.00,-85.04,-120.65,0.00,-390.94
107,41,0.34143,11.62,0.00,-88.42,-124.63,0.00,-413.06
107,42,0.34985,10.58,0.00,-92.13,-123.55,0.00,-440.58
107,43,0.35803,9.60,0.00,-95.94,-120.52,0.00,-466.04
107,44,0.36646,8.83,0.00,-100.15,-90.58,0.00,-499.28
107,45,0.37561,8.37,0.00,-104.86,-50.33,0.00,-514.00
107,46,0.38330,9.12,0.00,-111.55,96.43,0.00,-870.63
107,47,0.39148,9.83,0.00,-118.06,87.31,0.00,-795.52
107,48,0.40015,10.44,0.00,-123.82,70.42,0.00,-664.44
107,49,0.40808,11.05,0.00,-129.57,76.92,0.00,-725.77
107,50,0.41638,11.66,0.00,-135.33,73.53,0.00,-693.75
107,51,0.42480,12.28,1.74,-141.10,73.19,206.32,-684.78
107,52,0.43311,12.92,10.37,-146.91,77.21,1040.13,-699.26
107,53,0.44153,13.56,18.94,-152.71,76.45,1016.96,-689.13
107,54,0.44958,14.22,27.23,-158.52,81.44,1029.61,-721.59
107,55,0.45837,14.88,35.46,-164.33,75.00,936.11,-661.11
107,56,0.46692,15.59,43.89,-170.49,82.86,986.94,-720.00
107,57,0.47583,16.26,51.75,-176.29,75.34,881.55,-651.03
107,58,0.48389,16.95,59.52,-182.24,86.36,964.86,-738.26
107,59,0.49231,17.64,66.93,-188.05,81.16,879.95,-690.22
107,60,0.50024,18.34,73.98,-193.94,88.85,887.61,-741.92
107,61,0.50867,19.09,80.86,-200.11,89.49,816.68,-732.97
107,62,0.51721,19.94,87.14,-206.80,99.29,735.94,-782.50
107,63,0.52563,20.82,93.04,-213.62,103.62,700.37,-809.78
107,64,0.53394,21.75,98.02,-220.76,112.50,599.86,-859.93
107,65,0.54224,22.69,102.36,-227.93,113.24,522.22,-863.97
107,66,0.55054,23.65,105.17,-235.17,115.44,338.91,-873.16
107,67,0.55859,24.60,107.57,-242.35,117.80,298.19,-890.91
107,68,0.56714,25.52,109.01,-249.37,108.57,167.64,-820.71
107,69,0.57568,26.43,110.20,-256.21,105.71,139.94,-800.71
107,70,0.58398,27.27,110.84,-262.64,101.10,76.74,-775.00
107,71,0.59204,28.06,111.31,-268.80,98.86,58.86,-764.39
107,72,0.60034,28.76,111.40,-274.31,83.46,10.83,-663.60
107,73,0.60876,29.41,111.37,-279.59,77.90,-4.15,-627.54
107,74,0.61731,29.99,111.04,-284.35,67.14,-38.58,-556.79
107,75,0.62537,30.55,110.60,-289.05,70.08,-54.00,-583.71
107,76,0.63367,31.10,109.92,-293.62,65.81,-82.37,-550.37
107,77,0.64221,31.64,109.13,-298.18,63.93,-92.46,-533.93
107,78,0.65063,32.19,108.09,-302.74,64.86,-123.59,-540.58
108,0,0.00000,0.00,0.00,0.00,67.39,0.00,-100.00
108,1,0.00818,0.61,-0.00,-0.91,74.25,-0.00,-110.82
108,2,0.01660,1.77,0.00,-2.62,138.04,0.00,-203.62
108,3,0.02502,3.00,0.00,-4.42,145.65,0.00,-213.77
108,4,0.03333,4.48,-0.00,-6.56,178.68,-0.00,-256.99
108,5,0.04150,5.95,-0.00,-8.65,180.22,-0.00,-256.72
108,6,0.05042,7.39,-0.00,-10.61,160.62,0.00,-219.86
108,7,0.05823,8.78,-0.00,-12.52,178.91,0.00,-243.75
108,8,0.06689,10.05,-0.00,-14.21,146.13,0.00,-194.72
108,9,0.07532,11.32,-0.00,-15.89,150.36,0.00,-200.36
108,10,0.08350,12.58,-0.00,-17.58,154.85,0.00,-206.34
108,11,0.09155,13.85,-0.00,-19.27,157.20,0.00,-209.47
108,12,0.09998,15.12,-0.00,-20.96,150.36,0.00,-200.36
108,13,0.10852,16.36,-0.00,-22.66,146.07,0.00,-198.93
108,14,0.11731,17.55,-0.00,-24.42,134.72,0.00,-200.69
108,15,0.12512,18.72,-0.00,-26.16,149.61,0.00,-222.66
108,16,0.13330,19.89,-0.00,-27.90,142.91,0.00,-212.69
108,17,0.14233,21.02,-0.00,-29.65,126.01,0.00,-193.92
108,18,0.15002,22.06,-0.00,-31.44,134.13,0.00,-232.94
108,19,0.15845,23.09,-0.00,-33.23,122.46,0.00,-212.68
108,20,0.16675,24.12,-0.00,-35.03,124.26,0.00,-215.81
108,21,0.17517,25.15,-0.00,-36.82,122.46,0.00,-212.68
108,22,0.18359,26.18,-0.00,-38.61,122.46,0.00,-212.68
108,23,0.19189,27.21,-0.00,-40.40,124.26,0.00,-215.81
108,24,0.20007,28.24,0.15,-42.19,126.12,17.85,-219.40
108,25,0.20874,29.25,0.27,-43.99,116.55,14.88,-207.75
108,26,0.21667,30.19,0.41,-45.84,117.69,16.73,-233.08
108,27,0.22534,31.12,0.54,-47.69,107.39,15.34,-213.03
108,28,0.23364,32.05,0.67,-49.54,112.13,16.01,-222.43
108,29,0.24170,32.95,0.81,-51.40,111.74,16.72,-231.82
108,30,0.25024,33.74,0.95,-53.35,92.50,16.45,-227.50
108,31,0.25842,34.50,1.09,-55.31,92.91,17.37,-239.93
108,32,0.26721,35.16,1.24,-57.35,75.00,16.88,-231.60
108,33,0.27551,35.70,1.39,-59.43,65.44,18.23,-250.74
108,34,0.28333,35.83,1.56,-61.67,16.41,21.27,-287.50
108,35,0.29187,35.85,1.73,-64.00,2.14,20.20,-272.14
108,36,0.30042,35.47,1.92,-66.60,-44.64,22.80,-304.29
108,37,0.30859,35.10,2.13,-69.29,-44.40,24.58,-329.10
108,38,0.31689,34.80,2.35,-72.36,-36.40,27.60,-369.49
108,39,0.32507,34.55,2.59,-75.47,-31.34,28.41,-380.60
108,40,0.33350,34.43,2.84,-78.92,-14.13,30.35,-409.06
108,41,0.34204,34.33,3.11,-82.46,-11.79,30.81,-414.29
108,42,0.35022,34.29,3.39,-86.31,-4.48,34.96,-471.27
108,43,0.35852,34.35,3.68,-90.26,6.99,35.29,-475.74
108,44,0.36682,34.71,4.00,-94.52,43.75,37.88,-512.87
108,45,0.37524,35.57,4.35,-99.25,102.17,41.16,-561.96
108,46,0.38342,38.03,4.80,-105.52,301.12,55.53,-766.42
108,47,0.39221,40.41,5.24,-111.58,270.14,50.01,-689.93
108,48,0.40039,42.50,5.73,-116.98,255.97,59.48,-660.45
108,49,0.40894,44.60,6.03,-122.38,245.00,35.79,-632.14
108,50,0.41687,46.69,6.32,-127.79,263.85,36.25,-680.77
108,51,0.42554,48.79,8.36,-133.19,242.61,235.49,-623.94
108,52,0.43359,50.92,16.99,-138.63,264.77,1071.65,-674.62
108,53,0.44226,53.06,25.55,-144.06,246.48,986.94,-627.11
108,54,0.45020,55.21,33.84,-149.51,271.15,1045.45,-685.77
108,55,0.45862,57.37,42.06,-154.94,255.80,975.42,-645.65
108,56,0.46716,59.53,50.02,-160.38,252.86,931.47,-635.71
108,57,0.47534,61.69,57.88,-165.80,264.18,961.68,-663.43
108,58,0.48364,63.85,65.45,-171.21,260.66,910.95,-651.47
108,59,0.49194,66.03,72.88,-176.64,262.13,896.17,-654.04
108,60,0.50024,68.25,79.93,-182.14,267.28,848.45,-662.50
108,61,0.50903,70.65,87.03,-188.05,272.92,808.24,-672.22
108,62,0.51721,73.21,93.32,-194.28,313.43,768.90,-761.94
108,63,0.52551,75.83,99.25,-200.62,315.44,714.29,-764.34
108,64,0.53381,78.59,104.23,-207.27,333.09,599.86,-800.74
108,65,0.54211,81.37,108.61,-213.94,334.93,528.22,-804.04
108,66,0.55042,84.19,111.43,-220.69,339.71,338.91,-812.87
108,67,0.55872,86.99,113.86,-227.38,336.76,293.24,-805.51
108,68,0.56702,89.72,115.29,-233.91,328.68,172.57,-786.40
108,69,0.57544,92.38,116.51,-240.29,316.30,144.14,-757.61
108,70,0.58374,94.87,117.14,-246.28,300.00,76.74,-721.69
108,71,0.59241,97.26,117.63,-252.03,275.35,56.17,-664.08
108,72,0.60034,99.36,117.72,-257.17,265.38,11.33,-647.31
108,73,0.60889,101.38,117.69,-262.12,236.43,-2.96,-578.93
108,74,0.61719,103.18,117.37,-266.56,216.18,-39.71,-535.29
108,75,0.62549,104.95,116.94,-270.95,213.97,-51.43,-529.41
108,76,0.63391,106.67,116.25,-275.22,204.35,-81.18,-506.52
108,77,0.64246,108.39,115.47,-279.48,201.07,-91.50,-498.93
108,78,0.65051,110.11,114.43,-283.73,213.26,-129.21,-527.65
109,0,0.00000,0.00,0.00,0.00,-85.87,-0.00,-84.78
109,1,0.00830,-0.69,-0.00,-0.84,-83.46,-0.00,-101.47
109,2,0.01733,-1.84,-0.00,-2.57,-126.69,0.00,-191.22
109,3,0.02490,-2.85,0.11,-4.50,-133.47,14.43,-254.84
109,4,0.03345,-3.79,0.11,-6.92,-110.71,-0.00,-283.21
109,5,0.04175,-4.47,0.23,-9.39,-81.99,14.39,-297.79
109,6,0.04993,-4.83,0.23,-11.79,-44.03,-0.00,-293.28
109,7,0.05811,-4.94,0.36,-14.15,-13.43,15.53,-288.43
109,8,0.06653,-4.81,0.36,-16.25,15.94,-0.00,-250.00
109,9,0.07544,-4.46,0.48,-18.34,38.70,13.55,-233.90
109,10,0.08313,-4.10,0.48,-20.42,47.22,-0.00,-270.24
109,11,0.09143,-3.74,0.60,-22.49,43.75,14.72,-250.37
109,12,0.09985,-3.38,0.60,-24.57,43.12,-0.00,-246.74
109,13,0.10828,-3.03,0.72,-26.65,40.58,14.49,-247.10
109,14,0.11694,-2.78,0.72,-28.74,29.23,-0.00,-240.14
109,15,0.12476,-2.53,0.84,-30.82,32.42,15.40,-266.41
109,16,0.13391,-2.27,0.84,-32.90,27.67,-0.00,-227.33
109,17,0.14148,-2.05,0.96,-34.98,29.44,15.84,-274.60
109,18,0.14990,-1.94,0.96,-37.04,12.68,-0.00,-244.93
109,19,0.15833,-1.84,1.08,-39.10,12.68,13.81,-244.93
109,20,0.16724,-1.73,1.08,-41.17,11.99,0.00,-231.51
109,21,0.17493,-1.62,1.41,-43.23,13.89,42.90,-268.25
109,22,0.18323,-1.52,1.65,-45.29,12.87,28.85,-248.53
109,23,0.19177,-1.41,1.89,-47.35,12.50,28.04,-241.43
109,24,0.20007,-1.30,2.13,-49.42,12.87,28.96,-248.53
109,25,0.20825,-1.22,2.37,-51.48,10.45,29.20,-252.24
109,26,0.21667,-1.22,2.60,-53.55,-0.72,27.96,-245.29
109,27,0.22485,-1.23,2.84,-55.61,-0.75,28.77,-252.61
109,28,0.23328,-1.24,3.07,-57.68,-0.72,27.94,-245.29
109,29,0.24158,-1.28,3.31,-59.75,-4.78,28.25,-249.63
109,30,0.24988,-1.45,3.54,-61.84,-21.32,27.87,-251.84
109,31,0.25830,-1.66,3.77,-63.94,-24.64,27.40,-248.91
109,32,0.26660,-2.00,4.00,-66.05,-40.44,27.32,-254.78
109,33,0.27551,-2.44,4.22,-68.15,-50.34,24.82,-235.96
109,34,0.28333,-3.35,4.41,-70.22,-115.62,25.32,-264.06
109,35,0.29150,-4.37,4.61,-72.30,-125.37,23.73,-254.10
109,36,0.30005,-5.89,4.79,-74.44,-177.86,21.23,-251.07
109,37,0.30835,-7.43,4.98,-76.67,-185.66,22.78,-268.38
109,38,0.31714,-9.06,5.20,-79.22,-185.42,25.44,-290.28
109,39,0.32483,-10.70,5.44,-81.86,-212.70,30.30,-343.65
109,40,0.33325,-12.37,5.71,-84.88,-197.83,32.53,-357.97
109,41,0.34167,-14.05,5.99,-87.98,-200.36,33.62,-367.75
109,42,0.35010,-15.83,6.31,-91.40,-211.23,37.48,-406.16
109,43,0.35840,-17.58,6.64,-94.92,-209.93,39.69,-425.00
109,44,0.36658,-19.18,7.02,-98.89,-196.27,47.13,-484.33
109,45,0.37537,-20.59,7.48,-103.40,-160.76,51.81,-513.19
109,46,0.38330,-21.24,8.22,-110.10,-81.15,92.97,-845.00
109,47,0.39160,-21.87,8.91,-116.62,-76.10,84.13,-784.93
109,48,0.39990,-22.45,9.51,-122.38,-69.85,71.17,-694.12
109,49,0.40833,-23.03,10.10,-128.14,-68.84,70.12,-684.06
109,50,0.41650,-23.61,10.69,-133.90,-70.90,72.25,-704.48
109,51,0.42493,-24.19,12.42,-139.68,-68.48,205.73,-685.51
109,52,0.43323,-24.74,21.05,-145.49,-67.28,1040.13,-700.00
109,53,0.44202,-25.30,29.62,-151.30,-63.19,974.61,-661.46
109,54,0.44995,-25.85,37.91,-157.12,-68.85,1045.45,-733.85
109,55,0.45850,-26.39,46.14,-162.95,-63.57,962.88,-681.43
109,56,0.46704,-26.92,54.10,-168.77,-62.50,931.47,-681.07
109,57,0.47534,-27.45,61.98,-174.58,-63.97,949.25,-700.74
109,58,0.48315,-27.97,69.54,-180.38,-66.41,967.88,-742.58
109,59,0.49158,-28.49,77.00,-186.21,-61.59,885.38,-691.30
109,60,0.49988,-29.00,84.04,-192.11,-61.76,848.45,-711.76
109,61,0.50806,-29.52,90.93,-198.18,-63.43,842.60,-742.16
109,62,0.51636,-30.06,97.22,-204.90,-64.71,757.59,-809.19
109,63,0.52478,-30.60,103.25,-211.71,-63.77,715.40,-808.70
109,64,0.53369,-31.14,108.23,-218.89,-61.30,558.77,-805.48
109,65,0.54150,-31.69,112.77,-226.09,-69.92,581.67,-921.88
109,66,0.54993,-32.23,115.59,-233.38,-64.49,334.00,-865.58
109,67,0.55835,-32.77,118.12,-240.63,-63.77,301.08,-860.14
109,68,0.56714,-33.29,119.55,-247.68,-59.72,162.98,-802.78
109,69,0.57520,-33.81,120.83,-254.62,-64.39,157.97,-860.98
109,70,0.58350,-34.30,121.46,-261.09,-59.19,76.74,-779.41
109,71,0.59180,-34.79,121.99,-267.37,-58.09,63.50,-756.62
109,72,0.60059,-35.24,122.08,-272.90,-51.04,10.23,-629.51
109,73,0.60864,-35.68,122.09,-278.28,-54.55,0.70,-667.80
109,74,0.61743,-36.09,121.76,-283.06,-46.88,-37.51,-543.40
109,75,0.62524,-36.50,121.36,-287.80,-52.34,-51.30,-606.25
109,76,0.63403,-36.90,120.67,-292.38,-45.49,-77.80,-521.53
109,77,0.64197,-37.29,119.92,-296.96,-50.00,-95.22,-577.31
109,78,0.65027,-37.69,118.88,-301.53,-47.43,-125.41,-550.37
110,0,0.00000,0.00,0.00,0.00,70.29,0.00,98.19
110,1,0.00830,0.63,0.00,0.89,76.47,0.00,106.99
110,2,0.01660,1.83,0.00,2.58,144.12,-0.00,204.04
110,3,0.02502,3.08,0.12,4.36,148.55,14.73,211.59
110,4,0.03394,4.56,0.12,6.50,165.41,0.00,240.07
110,5,0.04163,6.00,0.12,8.62,188.10,-0.00,275.40
110,6,0.05005,7.33,0.27,10.65,157.61,16.91,240.94
110,7,0.05847,8.62,0.27,12.63,153.26,0.00,235.14
110,8,0.06738,9.76,0.27,14.41,127.40,0.00,200.00
110,9,0.07507,10.89,0.39,16.20,147.62,15.48,231.75
110,10,0.08398,12.03,0.39,17.98,127.40,0.00,200.00
110,11,0.09180,13.16,0.39,19.76,145.31,0.00,228.12
110,12,0.10022,14.30,0.50,21.54,134.78,13.50,211.59
110,13,0.10840,15.45,0.50,23.31,140.67,0.00,216.04
110,14,0.11731,16.67,0.50,25.02,136.64,0.00,191.44
110,15,0.12573,17.88,0.62,26.72,144.57,14.32,202.54
110,16,0.13342,19.10,0.62,28.43,158.33,0.00,221.83
110,17,0.14185,20.34,0.62,30.11,146.74,-0.00,200.00
110,18,0.15015,21.65,0.75,31.71,158.09,15.37,192.28
110,19,0.15857,22.96,0.75,33.30,155.80,0.00,189.49
110,20,0.16675,24.27,0.75,34.90,160.45,0.00,195.15
110,21,0.17505,25.59,0.88,36.50,158.09,16.15,192.28
110,22,0.18445,26.90,0.88,38.09,139.61,0.00,169.81
110,23,0.19177,28.21,0.88,39.69,179.17,0.00,217.92
110,24,0.20020,29.52,1.02,41.28,155.80,15.92,189.49
110,25,0.20850,30.85,1.02,42.86,160.29,0.00,190.44
110,26,0.21753,32.25,1.02,44.39,155.07,0.00,168.58
110,27,0.22510,33.65,1.16,45.91,185.08,18.70,201.21
110,28,0.23352,35.06,1.16,47.43,166.30,0.00,180.80
110,29,0.24182,36.48,1.16,48.93,172.06,0.00,180.88
110,30,0.25037,38.02,1.31,50.36,180.36,17.59,166.79
110,31,0.25867,39.59,1.31,51.77,188.97,0.00,169.49
110,32,0.26746,41.27,1.42,53.10,190.62,12.83,151.74
110,33,0.27515,43.02,1.42,54.35,227.78,0.00,162.30
110,34,0.28406,45.08,1.55,55.26,230.82,15.07,102.40
110,35,0.29199,47.24,1.55,56.10,272.31,0.00,106.15
110,36,0.30017,49.81,1.72,56.66,314.18,20.71,68.28
110,37,0.30847,52.45,1.72,57.27,318.01,0.00,72.79
110,38,0.31738,55.37,1.92,58.05,328.08,22.38,87.67
110,39,0.32520,58.36,2.03,58.89,382.81,13.69,108.20
110,40,0.33362,61.63,2.15,59.99,387.68,13.84,130.80
110,41,0.34180,64.96,2.27,61.14,407.84,14.57,140.30
110,42,0.35034,68.58,2.40,62.47,423.57,15.10,155.00
110,43,0.35864,72.25,2.53,63.89,441.91,15.71,172.06
110,44,0.36755,76.11,2.66,65.73,432.88,15.34,206.51
110,45,0.37524,80.19,2.81,68.11,531.35,18.72,308.73
110,46,0.38440,85.19,2.98,72.62,546.00,18.93,493.00
110,47,0.39209,90.06,3.15,77.01,632.54,21.92,569.84
110,48,0.40039,94.38,3.30,80.87,520.22,18.04,465.07
110,49,0.40869,98.69,3.45,84.73,520.22,18.02,465.07
110,50,0.41760,103.01,3.60,88.59,484.59,16.82,433.22
110,51,0.42542,107.33,5.33,92.46,553.12,221.48,495.31
110,52,0.43372,111.67,13.96,96.37,522.06,1040.13,471.32
110,53,0.44214,116.00,22.53,100.28,514.49,1017.00,464.86
110,54,0.45068,120.33,30.82,104.21,507.14,970.77,460.00
110,55,0.45874,124.66,39.05,108.15,537.50,1021.25,487.88
110,56,0.46802,128.99,47.01,112.08,465.79,857.94,424.34
110,57,0.47632,133.30,54.89,116.02,520.22,949.26,473.90
110,58,0.48474,137.60,62.45,119.95,510.51,897.74,466.67
110,59,0.49194,141.92,69.91,123.89,598.73,1035.46,547.88
110,60,0.50024,146.28,76.95,127.91,525.74,848.45,483.46
110,61,0.50879,150.76,83.84,132.03,523.93,806.51,483.21
110,62,0.51819,155.69,90.13,136.63,524.35,669.04,488.96
110,63,0.52588,160.68,96.16,141.29,649.21,783.58,606.35
110,64,0.53430,165.92,101.14,146.22,622.83,591.16,585.14
110,65,0.54187,171.19,105.68,151.17,695.16,600.52,653.63
110,66,0.55017,176.50,108.50,156.18,640.81,338.91,604.04
110,67,0.55847,181.79,111.03,161.17,636.76,305.56,600.37
110,68,0.56787,186.94,112.46,166.02,547.73,152.40,516.23
110,69,0.57605,192.00,113.74,170.79,619.03,155.64,583.21
110,70,0.58447,196.73,114.37,175.23,561.59,75.63,527.17
110,71,0.59192,201.33,114.90,179.54,617.21,70.81,578.69
110,72,0.60046,205.39,114.99,183.32,475.71,10.52,442.50
110,73,0.60876,209.35,115.00,186.99,476.84,0.70,442.65
110,74,0.61841,212.88,114.67,190.24,365.51,-34.18,336.71
110,75,0.62598,216.40,114.26,193.48,465.73,-53.69,428.63
110,76,0.63452,219.79,113.58,196.60,396.43,-80.02,364.29
110,77,0.64209,223.17,112.82,199.71,447.18,-100.20,411.29
110,78,0.65051,226.55,111.78,202.82,400.72,-123.59,368.84
111,0,0.00000,0.00,0.00,0.00,-91.89,0.00,-64.53
111,1,0.00769,-0.93,0.00,-0.65,-120.63,0.00,-84.92
111,2,0.01611,-2.62,0.00,-1.86,-200.72,0.00,-142.75
111,3,0.02441,-4.40,0.00,-3.13,-214.34,0.00,-153.31
111,4,0.03284,-6.50,0.00,-4.66,-249.28,0.00,-181.88
111,5,0.04138,-8.56,0.00,-6.18,-241.43,0.00,-177.86
111,6,0.04944,-10.49,0.00,-7.65,-239.02,0.00,-182.95
111,7,0.05774,-12.35,0.00,-9.09,-225.00,0.00,-173.16
111,8,0.06628,-14.01,0.00,-10.40,-194.29,0.00,-152.86
111,9,0.07446,-15.67,0.00,-11.70,-202.99,0.00,-159.70
111,10,0.08276,-17.33,0.00,-13.01,-200.00,0.00,-157.35
111,11,0.09131,-18.99,0.00,-14.32,-194.29,0.00,-152.86
111,12,0.09949,-20.65,0.00,-15.62,-202.99,0.00,-159.70
111,13,0.10767,-22.33,0.00,-16.90,-204.48,0.00,-156.72
111,14,0.11621,-24.04,0.00,-18.11,-200.71,0.00,-141.07
111,15,0.12451,-25.76,0.00,-19.31,-206.62,0.00,-145.22
111,16,0.13293,-27.47,0.00,-20.52,-203.62,0.00,-143.12
111,17,0.14172,-29.20,0.00,-21.70,-196.18,0.00,-134.03
111,18,0.14966,-30.96,0.00,-22.77,-222.69,0.00,-135.00
111,19,0.15845,-32.73,0.00,-23.84,-201.04,0.00,-121.88
111,20,0.16626,-34.52,0.00,-24.92,-228.52,-0.00,-138.67
111,21,0.17456,-36.28,0.00,-25.99,-212.87,-0.00,-129.04
111,22,0.18286,-38.05,0.19,-27.07,-212.87,23.41,-129.04
111,23,0.19128,-39.82,0.19,-28.14,-209.78,0.00,-127.17
111,24,0.20032,-41.58,0.39,-29.21,-195.61,21.23,-118.58
111,25,0.20789,-43.38,0.39,-30.27,-237.90,0.00,-139.92
111,26,0.21631,-45.21,0.57,-31.24,-216.67,22.34,-115.58
111,27,0.22461,-47.03,0.57,-32.21,-219.85,-0.00,-117.28
111,28,0.23303,-48.86,0.76,-33.19,-216.67,21.84,-115.58
111,29,0.24133,-50.71,0.76,-34.13,-222.79,-0.00,-113.24
111,30,0.24963,-52.63,0.94,-34.96,-231.99,21.33,-100.37
111,31,0.25854,-54.58,0.94,-35.76,-218.49,0.00,-90.07
111,32,0.26624,-56.60,1.10,-36.47,-262.70,21.75,-91.67
111,33,0.27466,-58.68,1.10,-37.05,-246.38,0.00,-68.48
111,34,0.28296,-60.92,1.24,-37.23,-270.22,16.26,-21.69
111,35,0.29138,-63.25,1.24,-37.28,-277.17,0.00,-6.88
111,36,0.29956,-65.86,1.24,-36.96,-319.03,0.00,39.55
111,37,0.30786,-68.57,1.43,-36.66,-326.47,23.44,36.03
111,38,0.31628,-71.59,1.43,-36.43,-358.33,0.00,27.17
111,39,0.32458,-74.71,1.43,-36.25,-376.10,-0.00,22.06
111,40,0.33325,-78.16,1.43,-36.21,-397.54,0.00,4.93
111,41,0.34143,-81.70,1.43,-36.19,-433.58,0.00,2.24
111,42,0.34973,-85.56,1.43,-36.24,-464.34,0.00,-6.25
111,43,0.35864,-89.51,1.43,-36.39,-443.49,0.00,-17.12
111,44,0.36633,-93.79,1.43,-36.85,-556.35,0.00,-59.92
111,45,0.37463,-98.53,1.43,-37.85,-571.32,0.00,-120.22
111,46,0.38306,-104.75,1.43,-40.45,-737.68,0.00,-309.06
111,47,0.39258,-110.74,1.43,-42.96,-629.81,0.00,-263.14
111,48,0.40051,-116.52,1.43,-45.35,-727.69,0.00,-301.15
111,49,0.40894,-121.87,1.43,-47.56,-635.51,0.00,-263.04
111,50,0.41650,-127.22,1.43,-49.78,-707.26,0.00,-292.74
111,51,0.42505,-132.58,4.28,-52.01,-627.50,333.44,-260.71
111,52,0.43311,-137.97,12.92,-54.26,-668.56,1071.65,-279.92
111,53,0.44165,-143.36,21.44,-56.52,-630.36,997.33,-264.64
111,54,0.45105,-148.75,29.73,-58.80,-573.38,882.52,-241.88
111,55,0.45972,-154.13,37.92,-61.07,-621.48,944.31,-262.68
111,56,0.46631,-159.70,46.16,-63.44,-845.37,1250.33,-358.80
111,57,0.47461,-165.08,53.97,-65.72,-647.06,941.35,-275.00
111,58,0.48315,-170.43,61.53,-68.01,-627.14,884.92,-267.50
111,59,0.49207,-175.82,68.91,-70.32,-604.79,827.27,-258.90
111,60,0.50061,-181.27,75.95,-72.66,-637.50,824.21,-273.93
111,61,0.50903,-186.98,82.72,-75.13,-678.26,803.42,-293.84
111,62,0.51648,-193.15,89.00,-77.84,-828.69,844.53,-363.11
111,63,0.52490,-199.48,94.81,-80.62,-750.72,689.78,-330.07
111,64,0.53320,-206.06,99.79,-83.53,-793.01,599.86,-351.10
111,65,0.54187,-212.68,103.98,-86.47,-763.73,483.14,-338.73
111,66,0.55066,-219.36,106.79,-89.44,-760.07,320.09,-338.19
111,67,0.55957,-225.96,109.10,-92.37,-740.75,259.05,-329.45
111,68,0.56665,-232.42,110.54,-95.25,-912.93,202.32,-406.03
111,69,0.57495,-238.69,111.68,-98.03,-755.15,137.53,-335.29
111,70,0.58325,-244.63,112.31,-100.66,-714.71,76.74,-316.18
111,71,0.59229,-250.25,112.75,-103.13,-622.64,48.37,-274.32
111,72,0.60083,-255.34,112.84,-105.36,-595.36,10.52,-260.00
111,73,0.60913,-260.17,112.78,-107.46,-582.72,-7.65,-253.31
111,74,0.61670,-264.58,112.45,-109.35,-581.45,-43.55,-250.40
111,75,0.62488,-268.91,111.99,-111.22,-530.22,-56.14,-228.36
111,76,0.63342,-273.14,111.30,-113.04,-494.64,-80.02,-212.50
111,77,0.64197,-277.36,110.49,-114.85,-493.93,-95.31,-212.50
111,78,0.65076,-281.57,109.45,-116.67,-479.17,-118.44,-206.25
112,0,0.00000,0.00,0.00,0.00,61.97,-0.00,-99.65
112,1,0.00781,0.58,0.12,-0.93,73.83,14.78,-118.75
112,2,0.01636,1.68,0.23,-2.68,128.93,13.44,-205.36
112,3,0.02454,2.84,0.35,-4.52,142.16,14.80,-225.00
112,4,0.03296,4.25,0.50,-6.71,167.39,17.38,-259.42
112,5,0.04126,5.65,0.64,-8.86,168.75,17.51,-258.82
112,6,0.04956,7.02,0.78,-10.86,164.34,16.84,-241.91
112,7,0.05786,8.35,0.92,-12.82,160.29,16.53,-235.29
112,8,0.06628,9.56,1.04,-14.55,143.48,14.70,-205.43
112,9,0.07495,10.80,1.17,-16.33,143.31,14.72,-205.63
112,10,0.08313,12.01,1.30,-18.06,147.76,15.17,-211.57
112,11,0.09131,13.21,1.42,-19.79,147.76,15.13,-211.57
112,12,0.09973,14.42,1.54,-21.52,143.48,14.73,-205.43
112,13,0.10815,15.61,1.67,-23.26,140.58,14.50,-206.88
112,14,0.11658,16.71,1.78,-25.04,131.52,13.67,-211.23
112,15,0.12476,17.82,1.90,-26.82,135.45,14.08,-217.54
112,16,0.13318,18.93,2.01,-28.60,131.52,13.78,-211.23
112,17,0.14185,20.00,2.12,-30.39,123.94,12.96,-206.69
112,18,0.14978,20.97,2.23,-32.22,121.92,13.06,-230.00
112,19,0.15808,21.94,2.33,-34.04,116.54,12.48,-219.85
112,20,0.16663,22.91,2.43,-35.87,113.21,12.10,-213.57
112,21,0.17493,23.87,2.54,-37.69,116.54,12.45,-219.85
112,22,0.18311,24.84,2.64,-39.52,118.28,12.57,-223.13
112,23,0.19128,25.81,2.75,-41.35,119.03,12.78,-223.88
112,24,0.19971,26.78,2.85,-43.17,114.86,12.27,-216.67
112,25,0.20801,27.73,2.98,-45.01,113.97,15.58,-221.32
112,26,0.21643,28.59,2.98,-46.89,102.90,0.00,-222.83
112,27,0.22473,29.46,3.16,-48.76,104.41,22.52,-226.10
112,28,0.23340,30.33,3.30,-50.64,100.00,15.46,-216.55
112,29,0.24133,31.16,3.43,-52.54,105.00,16.60,-239.23
112,30,0.24988,31.88,3.56,-54.51,84.64,14.73,-230.36
112,31,0.25806,32.58,3.68,-56.50,84.70,15.21,-243.28
112,32,0.26685,33.17,3.80,-58.55,67.01,13.47,-234.03
112,33,0.27490,33.63,3.91,-60.66,57.58,13.68,-260.98
112,34,0.28320,33.68,3.91,-62.91,6.25,-0.00,-270.96
112,35,0.29150,33.61,4.07,-65.23,-8.46,19.27,-280.51
112,36,0.29968,33.14,4.07,-67.82,-57.46,0.00,-316.04
112,37,0.30811,32.69,4.18,-70.50,-53.99,13.49,-318.48
112,38,0.31641,32.29,4.18,-73.50,-48.16,0.00,-361.40
112,39,0.32483,31.92,4.34,-76.60,-43.12,18.45,-368.12
112,40,0.33350,31.69,4.44,-80.04,-27.46,11.88,-396.83
112,41,0.34155,31.46,4.55,-83.58,-27.65,13.25,-438.64
112,42,0.35010,31.30,4.67,-87.43,-19.64,14.38,-450.71
112,43,0.35840,31.22,4.80,-91.38,-9.56,16.06,-475.74
112,44,0.36670,31.43,4.97,-95.65,26.10,20.09,-514.34
112,45,0.37488,32.12,5.19,-100.40,84.33,27.10,-581.34
112,46,0.38306,34.37,5.59,-106.75,274.63,48.82,-776.49
112,47,0.39148,36.54,5.98,-112.90,257.25,45.81,-729.71
112,48,0.39978,38.44,6.32,-118.37,229.41,41.11,-658.82
112,49,0.40820,40.34,6.66,-123.83,226.09,40.51,-649.28
112,50,0.41675,42.25,7.00,-129.30,222.86,39.97,-640.00
112,51,0.42493,44.17,9.02,-134.78,234.33,246.45,-669.78
112,52,0.43335,46.11,17.65,-140.29,230.80,1025.05,-653.62
112,53,0.44141,48.06,26.21,-145.79,242.05,1061.83,-683.33
112,54,0.44983,50.02,34.50,-151.30,232.97,984.84,-654.35
112,55,0.45825,51.99,42.72,-156.81,233.33,975.53,-653.99
112,56,0.46655,53.96,50.68,-162.31,237.87,958.87,-662.87
112,57,0.47473,55.94,58.54,-167.81,241.42,961.83,-672.01
112,58,0.48315,57.91,66.11,-173.29,234.78,897.74,-650.36
112,59,0.49158,59.90,73.55,-178.79,236.23,883.36,-652.90
112,60,0.50000,61.93,80.59,-184.36,240.58,836.16,-661.59
112,61,0.50818,64.03,87.46,-190.11,257.09,839.58,-702.61
112,62,0.51660,66.38,93.74,-196.42,278.99,746.61,-750.00
112,63,0.52502,68.77,99.73,-202.84,284.06,710.31,-761.59
112,64,0.53308,71.31,104.71,-209.58,314.77,618.04,-836.36
112,65,0.54163,73.86,109.18,-216.34,297.86,523.51,-791.43
112,66,0.54980,76.44,111.99,-223.18,316.04,343.97,-836.19
112,67,0.55823,79.01,114.48,-229.97,304.71,295.71,-805.80
112,68,0.56653,81.51,115.92,-236.58,301.47,172.57,-797.06
112,69,0.57471,83.96,117.16,-243.07,299.63,152.43,-793.66
112,70,0.58313,86.24,117.80,-249.15,271.01,75.63,-721.01
112,71,0.59143,88.44,118.31,-255.02,265.07,61.34,-707.35
112,72,0.59973,90.37,118.40,-260.22,232.35,10.83,-627.21
112,73,0.60803,92.23,118.39,-265.26,224.26,-0.97,-607.35
112,74,0.61658,93.88,118.06,-269.77,192.50,-38.62,-527.50
112,75,0.62488,95.50,117.65,-274.23,195.96,-49.73,-537.13
112,76,0.63293,97.08,116.96,-278.56,195.08,-84.87,-536.74
112,77,0.64148,98.65,116.20,-282.88,183.93,-89.83,-505.71
112,78,0.65002,100.22,115.16,-287.19,183.93,-121.82,-504.29
113,0,0.00000,0.00,0.00,0.00,16.79,0.00,-117.86
113,1,0.00806,0.16,0.00,-1.08,19.32,0.00,-134.09
113,2,0.01648,0.46,0.00,-3.13,36.23,0.00,-243.48
113,3,0.02478,0.79,0.00,-5.29,39.34,0.00,-259.56
113,4,0.03320,1.20,0.00,-7.85,48.91,0.00,-304.71
113,5,0.04138,1.62,0.00,-10.38,51.12,0.00,-309.33
113,6,0.04993,2.06,0.00,-12.77,51.79,0.00,-279.29
113,7,0.05811,2.50,0.00,-15.09,53.36,0.00,-283.96
113,8,0.06653,2.91,0.00,-17.16,48.55,0.00,-246.01
113,9,0.07471,3.31,0.00,-19.24,50.00,0.00,-253.36
113,10,0.08313,3.72,0.00,-21.31,48.55,0.00,-246.01
113,11,0.09143,4.13,0.00,-23.38,49.26,0.00,-249.63
113,12,0.09998,4.54,0.00,-25.45,47.86,0.00,-242.50
113,13,0.10828,4.93,0.00,-27.52,46.69,0.00,-249.63
113,14,0.11670,5.23,0.00,-29.60,35.51,0.00,-246.38
113,15,0.12512,5.53,0.00,-31.67,35.51,0.00,-246.38
113,16,0.13330,5.83,0.00,-33.75,36.57,0.00,-253.73
113,17,0.14148,6.09,0.00,-35.82,32.84,0.00,-253.36
113,18,0.14990,6.25,0.00,-37.88,18.12,0.00,-244.57
113,19,0.15845,6.40,0.00,-39.94,17.86,0.00,-241.07
113,20,0.16626,6.55,0.00,-42.00,19.53,0.00,-263.67
113,21,0.17468,6.70,0.00,-44.06,18.12,0.00,-244.57
113,22,0.18298,6.86,0.00,-46.12,18.38,0.00,-248.16
113,23,0.19189,7.01,0.00,-48.18,17.12,0.00,-231.16
113,24,0.19995,7.16,0.00,-50.24,18.94,0.00,-255.68
113,25,0.20801,7.29,0.00,-52.30,16.29,0.00,-255.68
113,26,0.21631,7.33,0.00,-54.37,4.78,0.00,-248.90
113,27,0.22485,7.37,0.00,-56.43,4.64,0.00,-241.79
113,28,0.23364,7.41,0.00,-58.50,4.51,0.00,-235.07
113,29,0.24158,7.42,0.00,-60.57,0.77,0.00,-261.15
113,30,0.24988,7.29,0.00,-62.66,-15.81,0.00,-252.21
113,31,0.25806,7.13,0.00,-64.76,-19.78,0.00,-256.72
113,32,0.26672,6.84,0.00,-66.89,-33.45,0.00,-244.72
113,33,0.27490,6.43,0.00,-69.00,-49.25,0.00,-258.21
113,34,0.28308,5.58,0.00,-71.08,-104.85,0.00,-254.48
113,35,0.29138,4.60,0.00,-73.18,-118.01,0.00,-252.94
113,36,0.30017,3.12,0.00,-75.36,-167.36,0.00,-247.92
113,37,0.30823,1.63,0.00,-77.62,-185.23,0.00,-280.68
113,38,0.31665,0.06,0.00,-80.20,-186.59,0.00,-306.88
113,39,0.32520,-1.52,0.00,-82.88,-184.64,0.00,-313.57
113,40,0.33325,-3.12,0.00,-85.93,-198.48,0.00,-378.79
113,41,0.34204,-4.74,0.00,-89.07,-184.38,0.00,-356.60
113,42,0.34998,-6.44,0.00,-92.53,-214.62,0.00,-435.77
113,43,0.35828,-8.11,0.00,-96.09,-200.74,0.00,-429.78
113,44,0.36670,-9.62,0.00,-100.09,-180.07,0.00,-474.28
113,45,0.37512,-10.93,0.00,-104.63,-155.80,0.00,-539.13
113,46,0.38330,-11.45,0.00,-111.59,-62.69,0.00,-850.75
113,47,0.39197,-11.93,0.00,-118.08,-55.99,0.00,-749.30
113,48,0.40015,-12.39,0.00,-123.86,-55.60,0.00,-705.97
113,49,0.40857,-12.84,0.00,-129.63,-53.99,0.00,-685.51
113,50,0.41724,-13.30,0.00,-135.40,-52.46,0.00,-666.20
113,51,0.42517,-13.75,2.04,-141.19,-56.54,256.89,-729.23
113,52,0.43359,-14.18,10.67,-147.01,-51.45,1025.05,-691.30
113,53,0.44189,-14.61,19.23,-152.84,-51.84,1030.50,-701.84
113,54,0.45056,-15.03,27.52,-158.67,-48.24,957.10,-673.24
113,55,0.45862,-15.44,35.74,-164.51,-51.52,1019.77,-724.24
113,56,0.46716,-15.85,43.70,-170.34,-47.50,931.47,-682.50
113,57,0.47559,-16.25,51.56,-176.17,-47.83,933.82,-691.67
113,58,0.48364,-16.64,59.12,-181.98,-48.86,938.55,-721.21
113,59,0.49182,-17.03,66.56,-187.81,-47.76,909.56,-713.43
113,60,0.50012,-17.42,73.61,-193.73,-46.32,848.45,-712.87
113,61,0.50842,-17.80,80.47,-199.84,-46.32,826.99,-735.66
113,62,0.51660,-18.19,86.76,-206.56,-47.39,768.90,-822.39
113,63,0.52490,-18.58,92.74,-213.40,-46.69,720.34,-823.53
113,64,0.53369,-18.97,97.72,-220.59,-44.10,566.53,-818.06
113,65,0.54175,-19.35,102.19,-227.80,-48.11,554.54,-895.45
113,66,0.55029,-19.74,105.00,-235.10,-44.64,329.23,-854.64
113,67,0.55835,-20.11,107.49,-242.35,-46.97,308.70,-899.24
113,68,0.56677,-20.48,108.92,-249.41,-43.84,170.07,-838.77
113,69,0.57532,-20.85,110.16,-256.34,-42.86,145.65,-810.71
113,70,0.58350,-21.20,110.80,-262.82,-42.91,77.89,-792.16
113,71,0.59180,-21.55,111.31,-269.08,-41.54,61.17,-753.68
113,72,0.60010,-21.87,111.40,-274.62,-39.34,10.83,-667.65
113,73,0.60828,-22.19,111.39,-279.98,-39.18,-1.12,-655.60
113,74,0.61658,-22.50,111.06,-284.76,-36.76,-39.71,-576.10
113,75,0.62500,-22.80,110.65,-289.50,-36.23,-49.07,-562.32
113,76,0.63330,-23.10,109.96,-294.09,-36.03,-82.37,-552.94
113,77,0.64221,-23.40,109.19,-298.68,-33.22,-86.20,-514.73
113,78,0.65027,-23.69,108.15,-303.25,-36.74,-129.21,-568.18
114,0,0.00000,0.00,0.00,0.00,104.04,0.00,64.34
114,1,0.00830,0.98,0.00,0.48,118.01,0.00,57.72
114,2,0.01660,2.92,0.17,1.21,233.82,20.64,87.50
114,3,0.02478,4.96,0.34,1.97,249.63,20.96,92.91
114,4,0.03333,7.39,0.51,2.89,283.93,19.81,108.57
114,5,0.04175,9.78,0.68,3.82,283.70,19.72,110.14
114,6,0.04980,12.02,0.83,4.74,278.41,18.87,114.39
114,7,0.05811,14.21,0.98,5.64,263.24,17.82,108.46
114,8,0.06641,16.15,1.11,6.47,234.19,15.69,99.63
114,9,0.07483,18.09,1.24,7.30,230.80,15.53,98.19
114,10,0.08337,20.04,1.37,8.12,227.50,15.23,96.79
114,11,0.09192,21.98,1.50,8.95,227.50,15.23,96.79
114,12,0.09998,23.93,1.63,9.78,241.29,16.15,102.65
114,13,0.10803,25.87,1.76,10.58,241.67,16.41,99.62
114,14,0.11658,27.84,1.93,11.30,230.36,19.20,83.93
114,15,0.12451,29.81,2.07,12.01,248.08,18.11,90.38
114,16,0.13354,31.78,2.24,12.73,217.91,19.18,79.39
114,17,0.14185,33.84,2.43,13.45,248.53,22.10,86.03
114,18,0.15027,35.82,2.61,14.02,235.51,21.77,67.75
114,19,0.15845,37.81,2.79,14.59,242.54,22.49,69.78
114,20,0.16687,39.79,2.98,15.16,235.51,21.84,67.75
114,21,0.17517,41.78,3.16,15.73,238.97,22.13,68.75
114,22,0.18372,43.76,3.34,16.30,232.14,21.47,66.79
114,23,0.19202,45.74,3.53,16.87,238.97,22.16,68.75
114,24,0.20007,47.73,3.71,17.44,246.21,22.83,70.83
114,25,0.20874,49.72,3.90,17.99,229.93,21.45,63.03
114,26,0.21680,51.73,4.09,18.45,250.00,24.07,57.20
114,27,0.22510,53.75,4.29,18.91,242.65,23.39,55.51
114,28,0.23340,55.76,4.48,19.37,242.65,23.36,55.51
114,29,0.24194,57.79,4.68,19.79,237.50,23.24,49.29
114,30,0.25012,59.87,4.89,20.09,253.73,25.71,36.94
114,31,0.25842,61.96,5.10,20.36,251.84,25.90,31.99
114,32,0.26672,64.09,5.33,20.51,257.35,27.30,18.38
114,33,0.27527,66.25,5.57,20.52,252.14,27.84,1.43
114,34,0.28394,68.46,5.84,20.11,255.28,31.17,-47.54
114,35,0.29211,70.73,6.12,19.56,277.24,34.94,-67.91
114,36,0.30054,73.16,6.46,18.56,288.77,39.34,-118.12
114,37,0.30859,75.70,6.80,17.56,314.77,42.59,-123.86
114,38,0.31689,78.55,7.18,16.55,343.75,45.67,-121.69
114,39,0.32520,81.52,7.57,15.56,357.35,46.98,-119.49
114,40,0.33337,84.83,7.99,14.62,405.22,52.07,-114.93
114,41,0.34204,88.25,8.43,13.67,394.37,50.44,-109.15
114,42,0.35022,91.98,8.90,12.72,456.72,57.88,-117.16
114,43,0.35828,95.84,9.39,11.83,478.41,59.81,-109.85
114,44,0.36694,100.06,9.90,11.16,486.97,58.74,-77.11
114,45,0.37512,104.88,10.45,10.88,589.93,67.40,-34.70
114,46,0.38354,111.56,11.13,11.77,792.75,81.10,105.80
114,47,0.39197,118.01,11.92,12.63,765.58,93.32,101.45
114,48,0.40027,123.75,12.63,13.36,691.91,86.27,88.97
114,49,0.40857,129.50,13.37,14.10,691.91,88.49,88.97
114,50,0.41675,135.24,14.10,14.84,702.24,89.83,90.30
114,51,0.42505,140.99,16.22,15.59,693.38,255.75,89.71
114,52,0.43408,146.78,24.86,16.35,640.54,955.79,85.14
114,53,0.44189,152.57,33.41,17.13,741.02,1094.48,98.83
114,54,0.45020,158.36,41.70,17.91,698.16,999.32,94.49
114,55,0.45850,164.16,49.92,18.70,698.16,989.38,94.85
114,56,0.46667,169.95,57.88,19.49,707.84,973.18,97.39
114,57,0.47534,175.74,65.74,20.29,667.61,907.07,92.25
114,58,0.48376,181.60,73.42,21.11,696.01,912.44,97.10
114,59,0.49231,187.51,80.99,21.94,692.14,885.64,97.14
114,60,0.50061,193.38,88.03,22.78,706.99,848.45,100.74
114,61,0.50867,199.48,94.86,23.66,756.44,847.71,109.47
114,62,0.51709,206.14,101.15,24.66,791.30,746.61,118.48
114,63,0.52539,212.93,107.07,25.68,818.38,713.03,123.53
114,64,0.53369,220.05,112.05,26.78,857.35,599.86,131.62
114,65,0.54224,227.20,116.42,27.88,836.43,511.09,128.93
114,66,0.55054,234.42,119.23,29.00,870.22,338.91,135.29
114,67,0.55872,241.58,121.65,30.11,875.37,296.27,135.82
114,68,0.56702,248.57,123.09,31.20,842.28,172.57,130.88
114,69,0.57532,255.40,124.29,32.25,822.43,145.49,127.21
114,70,0.58398,261.81,124.93,33.24,739.79,73.50,113.38
114,71,0.59204,268.00,125.41,34.18,768.56,59.96,117.05
114,72,0.60059,273.50,125.50,34.99,642.86,10.52,95.36
114,73,0.60876,278.77,125.47,35.77,645.15,-3.86,94.78
114,74,0.61707,283.51,125.14,36.45,571.32,-39.71,81.99
114,75,0.62549,288.20,124.71,37.12,556.52,-51.31,79.71
114,76,0.63391,292.76,124.03,37.77,540.58,-81.18,76.81
114,77,0.64233,297.31,123.24,38.42,540.22,-93.46,77.17
114,78,0.65088,301.85,122.20,39.07,531.43,-121.82,76.07
115,0,0.00000,0.00,0.00,0.00,110.29,14.11,52.94
115,1,0.00842,1.03,0.12,0.37,121.74,14.75,44.20
115,2,0.01648,3.05,0.36,0.89,251.14,28.85,64.77
115,3,0.02515,5.21,0.59,1.23,248.94,27.04,39.08
115,4,0.03345,7.80,0.86,1.40,312.50,32.31,20.22
115,5,0.04199,10.36,1.11,1.32,299.64,29.35,-9.29
115,6,0.04980,12.77,1.33,1.05,308.59,28.71,-34.77
115,7,0.05835,15.08,1.54,0.56,270.00,23.53,-57.50
115,8,0.06665,17.10,1.70,-0.06,243.01,19.84,-75.00
115,9,0.07495,19.08,1.86,-0.78,238.97,18.75,-86.76
115,10,0.08337,21.06,2.01,-1.50,235.51,18.45,-85.51
115,11,0.09167,23.05,2.16,-2.22,238.97,18.19,-86.76
115,12,0.09985,25.03,2.30,-2.94,242.54,16.38,-88.06
115,13,0.10828,27.01,2.41,-3.69,234.42,13.89,-88.04
115,14,0.11658,28.93,2.41,-4.50,232.35,0.00,-98.53
115,15,0.12488,30.86,2.60,-5.32,232.35,22.65,-98.53
115,16,0.13330,32.79,2.60,-6.14,228.99,-0.00,-97.10
115,17,0.14148,34.70,2.74,-6.98,233.58,17.15,-102.99
115,18,0.14978,36.54,2.74,-7.92,222.06,-0.00,-112.50
115,19,0.15833,38.39,2.85,-8.85,215.71,13.25,-109.29
115,20,0.16663,40.23,2.85,-9.78,222.06,-0.00,-112.50
115,21,0.17517,42.07,2.97,-10.72,215.71,13.19,-109.29
115,22,0.18372,43.92,2.97,-11.65,215.71,0.00,-109.29
115,23,0.19214,45.76,3.10,-12.59,218.84,15.30,-110.87
115,24,0.20007,47.60,3.10,-13.52,232.31,0.00,-117.69
115,25,0.20825,49.44,3.22,-14.47,223.88,14.53,-116.79
115,26,0.21667,51.22,3.22,-15.51,212.32,0.00,-122.83
115,27,0.22498,53.01,3.34,-16.54,215.44,14.61,-124.63
115,28,0.23352,54.80,3.34,-17.58,209.29,0.00,-121.07
115,29,0.24182,56.58,3.46,-18.65,213.97,14.66,-128.68
115,30,0.24988,58.30,3.46,-19.84,214.02,0.00,-148.11
115,31,0.25854,60.01,3.58,-21.07,197.54,14.64,-141.55
115,32,0.26648,61.68,3.58,-22.41,210.00,0.00,-169.62
115,33,0.27515,63.28,3.72,-23.85,184.15,15.25,-166.20
115,34,0.28357,64.61,3.72,-25.66,158.70,0.00,-214.86
115,35,0.29187,65.90,3.86,-27.59,155.15,17.15,-232.72
115,36,0.29993,67.00,3.86,-29.98,136.74,0.00,-296.21
115,37,0.30835,68.17,4.02,-32.43,138.41,19.18,-290.58
115,38,0.31665,69.56,4.02,-35.11,168.38,0.00,-323.16
115,39,0.32544,71.04,4.21,-37.85,168.40,21.36,-311.46
115,40,0.33374,72.83,4.33,-40.80,215.07,14.70,-355.15
115,41,0.34167,74.68,4.33,-43.80,232.69,0.00,-379.23
115,42,0.34985,76.75,4.55,-47.05,254.10,27.00,-397.01
115,43,0.35828,78.95,4.66,-50.32,260.51,13.46,-388.41
115,44,0.36682,81.58,4.79,-53.69,308.21,14.41,-393.93
115,45,0.37512,84.81,4.93,-57.17,388.97,16.98,-418.75
115,46,0.38391,90.30,5.15,-61.07,625.00,25.56,-443.75
115,47,0.39185,95.63,5.35,-64.86,671.54,24.51,-477.69
115,48,0.40027,100.34,5.52,-68.23,558.70,19.94,-400.72
115,49,0.40845,105.04,5.68,-71.61,575.37,20.57,-412.69
115,50,0.41663,109.75,5.85,-74.98,575.37,20.51,-412.69
115,51,0.42505,114.47,7.65,-78.36,560.14,213.77,-401.09
115,52,0.43347,119.23,16.29,-81.74,564.86,1025.05,-401.45
115,53,0.44165,123.99,24.85,-85.12,582.46,1047.02,-413.43
115,54,0.45007,128.77,33.14,-88.50,567.03,984.84,-401.09
115,55,0.45837,133.54,41.37,-91.88,575.37,990.89,-406.62
115,56,0.46680,138.32,49.33,-95.24,567.39,944.97,-399.28
115,57,0.47510,143.10,57.21,-98.60,575.74,948.87,-404.78
115,58,0.48340,147.87,64.77,-101.94,574.63,910.95,-402.57
115,59,0.49194,152.66,72.22,-105.29,560.71,872.26,-392.50
115,60,0.50000,157.56,79.31,-108.70,607.58,879.36,-423.11
115,61,0.50854,162.57,86.19,-112.18,586.79,805.27,-407.14
115,62,0.51660,168.13,92.47,-116.00,689.77,780.55,-473.48
115,63,0.52515,173.77,98.48,-119.86,660.00,703.06,-452.14
115,64,0.53369,179.72,103.46,-123.91,696.43,582.72,-474.29
115,65,0.54175,185.69,107.98,-127.98,741.29,560.34,-504.17
115,66,0.54980,191.74,110.79,-132.08,751.14,349.18,-509.47
115,67,0.55835,197.75,113.31,-136.16,703.21,294.55,-477.14
115,68,0.56677,203.60,114.74,-140.13,694.93,170.07,-471.38
115,69,0.57507,209.35,116.00,-144.03,692.65,152.00,-470.22
115,70,0.58350,214.72,116.64,-147.68,636.59,75.63,-433.70
115,71,0.59192,219.91,117.16,-151.23,616.67,61.69,-420.65
115,72,0.60010,224.48,117.25,-154.37,559.33,11.00,-384.70
115,73,0.60840,228.92,117.25,-157.43,534.56,-0.02,-368.38
115,74,0.61682,232.86,116.92,-160.17,467.03,-39.13,-325.00
115,75,0.62524,236.76,116.51,-162.88,463.04,-48.16,-322.10
115,76,0.63367,240.53,115.83,-165.51,448.19,-81.18,-312.32
115,77,0.64185,244.30,115.07,-168.14,461.19,-92.98,-321.27
115,78,0.65039,248.07,114.03,-170.76,440.36,-121.82,-306.79
116,0,0.00000,0.00,0.00,0.00,33.11,0.00,-107.43
116,1,0.00769,0.32,0.00,-1.04,42.06,0.00,-135.71
116,2,0.01599,0.95,0.15,-3.02,75.00,17.93,-238.24
116,3,0.02429,1.61,0.15,-5.10,79.41,0.00,-250.00
116,4,0.03320,2.41,0.32,-7.57,90.75,19.54,-277.05
116,5,0.04102,3.22,0.32,-10.00,103.52,0.00,-311.33
116,6,0.04932,4.03,0.51,-12.28,97.43,22.77,-275.37
116,7,0.05774,4.82,0.51,-14.51,94.20,0.00,-264.13
116,8,0.06604,5.55,0.69,-16.49,87.87,21.08,-238.60
116,9,0.07446,6.28,0.69,-18.47,86.59,0.00,-235.14
116,10,0.08313,7.01,0.85,-20.45,84.15,19.34,-228.52
116,11,0.09106,7.74,0.85,-22.43,91.92,0.00,-249.62
116,12,0.09985,8.47,0.85,-24.41,82.99,0.00,-225.35
116,13,0.10767,9.18,0.85,-26.40,90.62,0.00,-254.30
116,14,0.11597,9.80,0.85,-28.40,74.63,0.00,-241.18
116,15,0.12451,10.42,0.85,-30.40,72.50,-0.00,-234.29
116,16,0.13330,11.04,0.85,-32.40,70.49,-0.00,-227.78
116,17,0.14099,11.63,0.85,-34.41,76.98,0.00,-260.71
116,18,0.14929,12.10,0.85,-36.42,56.99,0.00,-242.28
116,19,0.15796,12.58,0.85,-38.43,54.58,-0.00,-232.04
116,20,0.16602,13.05,0.85,-40.44,58.71,0.00,-249.62
116,21,0.17444,13.52,0.85,-42.45,56.16,0.00,-238.77
116,22,0.18323,14.00,0.85,-44.46,53.82,0.00,-228.82
116,23,0.19116,14.47,0.85,-46.48,59.62,0.00,-253.46
116,24,0.19995,14.94,0.85,-48.49,53.82,0.00,-228.82
116,25,0.20776,15.39,0.85,-50.50,57.81,0.00,-257.81
116,26,0.21606,15.76,0.85,-52.54,43.75,0.00,-245.22
116,27,0.22461,16.12,0.85,-54.57,42.50,0.00,-238.21
116,28,0.23340,16.48,0.85,-56.61,41.32,0.00,-231.60
116,29,0.24121,16.82,0.85,-58.67,42.58,0.00,-264.45
116,30,0.24951,17.02,0.85,-60.76,24.26,0.00,-251.47
116,31,0.25806,17.18,0.85,-62.86,19.64,0.00,-245.71
116,32,0.26624,17.23,0.85,-65.00,5.60,0.00,-261.57
116,33,0.27466,17.16,0.85,-67.15,-8.70,0.00,-255.43
116,34,0.28284,16.64,0.85,-69.34,-63.81,0.00,-267.91
116,35,0.29175,15.99,0.85,-71.57,-72.26,0.00,-250.34
116,36,0.29993,14.87,0.85,-73.97,-136.94,0.00,-293.66
116,37,0.30798,13.75,0.85,-76.45,-139.02,0.00,-306.82
116,38,0.31628,12.60,0.85,-79.24,-138.24,0.00,-337.13
116,39,0.32458,11.47,0.85,-82.15,-137.13,0.00,-349.63
116,40,0.33362,10.36,0.85,-85.41,-121.96,0.00,-361.49
116,41,0.34204,9.23,0.85,-88.83,-134.06,0.00,-405.43
116,42,0.34961,8.04,0.85,-92.70,-158.47,0.00,-512.10
116,43,0.35803,6.97,0.85,-96.53,-126.09,0.00,-454.35
116,44,0.36621,6.10,0.85,-100.71,-106.72,0.00,-511.57
116,45,0.37476,5.64,0.85,-105.62,-53.93,0.00,-574.29
116,46,0.38293,6.20,0.85,-112.34,69.03,0.00,-820.90
116,47,0.39136,6.74,0.85,-118.78,63.41,0.00,-765.22
116,48,0.40015,7.20,0.85,-124.55,52.08,0.00,-656.94
116,49,0.40796,7.65,0.85,-130.33,58.59,0.00,-739.06
116,50,0.41626,8.11,0.85,-136.10,55.15,0.00,-695.59
116,51,0.42468,8.58,3.32,-141.89,55.07,293.12,-686.96
116,52,0.43286,9.06,11.96,-147.71,59.33,1055.65,-711.57
116,53,0.44202,9.55,20.49,-153.53,53.67,932.47,-635.67
116,54,0.44971,10.05,28.79,-159.36,65.08,1078.63,-757.94
116,55,0.45801,10.56,36.99,-165.18,60.66,987.75,-701.84
116,56,0.46631,11.07,44.95,-171.01,61.76,958.87,-701.47
116,57,0.47461,11.58,52.79,-176.82,62.13,945.16,-700.74
116,58,0.48291,12.11,60.36,-182.62,62.87,910.95,-698.90
116,59,0.49194,12.64,67.77,-188.46,58.78,820.66,-645.61
116,60,0.49951,13.19,74.81,-194.36,72.58,930.56,-779.84
116,61,0.50793,13.77,81.64,-200.49,69.20,810.54,-728.26
116,62,0.51624,14.44,87.93,-207.20,80.88,757.59,-807.72
116,63,0.52454,15.13,93.84,-214.03,83.46,712.47,-823.53
116,64,0.53284,15.88,98.82,-221.19,89.71,599.86,-862.87
116,65,0.54175,16.63,103.18,-228.39,84.25,489.24,-807.19
116,66,0.54956,17.40,105.99,-235.66,98.44,360.10,-930.86
116,67,0.55786,18.16,108.41,-242.86,91.54,291.33,-867.65
116,68,0.56628,18.90,109.84,-249.90,88.04,170.07,-835.14
116,69,0.57471,19.62,111.05,-256.77,85.87,143.05,-815.58
116,70,0.58337,20.29,111.69,-263.22,77.11,73.50,-744.72
116,71,0.59143,20.93,112.17,-269.41,78.79,59.64,-768.18
116,72,0.60010,21.47,112.26,-274.94,63.03,10.38,-637.68
116,73,0.60803,21.99,112.23,-280.25,65.38,-3.80,-669.23
116,74,0.61633,22.44,111.90,-285.02,54.04,-39.71,-574.63
116,75,0.62476,22.88,111.47,-289.73,52.17,-51.16,-560.14
116,76,0.63306,23.30,110.78,-294.31,51.10,-82.37,-551.84
116,77,0.64209,23.73,110.00,-298.89,46.96,-87.01,-506.76
116,78,0.64990,24.15,108.95,-303.46,54.69,-133.24,-584.38
117,0,0.00000,0.00,0.00,0.00,-101.04,0.00,-56.25
117,1,0.00781,-0.91,0.00,-0.64,-116.80,0.00,-81.64
117,2,0.01611,-2.48,0.00,-2.00,-188.60,0.00,-163.60
117,3,0.02454,-3.97,0.00,-3.59,-177.17,0.00,-189.13
117,4,0.03284,-5.53,0.00,-5.67,-188.24,0.00,-250.37
117,5,0.04187,-6.85,0.00,-7.86,-145.95,0.00,-243.24
117,6,0.04944,-7.84,0.00,-10.08,-131.05,0.00,-292.74
117,7,0.05786,-8.58,0.00,-12.32,-87.68,0.00,-265.94
117,8,0.06628,-9.02,0.00,-14.39,-51.81,0.00,-245.29
117,9,0.07446,-9.25,0.00,-16.49,-27.99,0.00,-256.72
117,10,0.08289,-9.44,0.00,-18.59,-22.46,0.00,-249.64
117,11,0.09131,-9.63,0.00,-20.69,-22.46,0.00,-249.64
117,12,0.09961,-9.81,0.00,-22.79,-22.79,0.00,-253.31
117,13,0.10791,-10.03,0.00,-24.89,-25.37,0.00,-252.57
117,14,0.11621,-10.32,0.00,-26.97,-35.66,0.00,-250.00
117,15,0.12463,-10.62,0.00,-29.04,-35.14,0.00,-246.38
117,16,0.13306,-10.91,0.00,-31.12,-35.14,0.00,-246.38
117,17,0.14185,-11.24,0.00,-33.18,-37.15,0.00,-234.72
117,18,0.14954,-11.67,0.00,-35.20,-55.95,0.00,-262.70
117,19,0.15796,-12.10,0.00,-37.22,-51.09,0.00,-239.86
117,20,0.16650,-12.53,0.00,-39.24,-50.36,0.00,-236.43
117,21,0.17468,-12.96,0.00,-41.26,-52.61,0.00,-247.01
117,22,0.18286,-13.39,0.00,-43.28,-52.61,0.00,-247.01
117,23,0.19141,-13.82,0.00,-45.30,-50.36,0.00,-236.43
117,24,0.19971,-14.25,0.00,-47.32,-51.84,0.00,-243.38
117,25,0.20801,-14.71,0.00,-49.33,-54.78,0.00,-242.65
117,26,0.21631,-15.25,0.00,-51.33,-65.44,0.00,-240.44
117,27,0.22473,-15.79,0.00,-53.33,-64.49,0.00,-236.96
117,28,0.23291,-16.35,0.00,-55.36,-67.54,0.00,-248.51
117,29,0.24194,-16.93,0.00,-57.35,-64.53,0.00,-220.27
117,30,0.24963,-17.64,0.00,-59.32,-92.86,0.00,-256.35
117,31,0.25867,-18.39,0.00,-61.29,-83.11,0.00,-217.91
117,32,0.26648,-19.27,0.00,-63.24,-111.72,0.00,-250.00
117,33,0.27466,-20.26,0.00,-65.15,-121.64,0.00,-233.58
117,34,0.28296,-21.67,0.00,-66.91,-169.49,0.00,-211.76
117,35,0.29199,-23.21,0.00,-68.65,-171.28,0.00,-192.57
117,36,0.29968,-25.24,0.00,-70.33,-263.10,0.00,-218.25
117,37,0.30798,-27.31,0.00,-72.09,-249.63,0.00,-212.13
117,38,0.31628,-29.55,0.00,-74.13,-269.49,0.00,-245.59
117,39,0.32471,-31.82,0.00,-76.27,-269.57,0.00,-253.99
117,40,0.33301,-34.21,0.00,-78.75,-288.24,0.00,-298.90
117,41,0.34192,-36.65,0.00,-81.31,-273.97,0.00,-287.67
117,42,0.34961,-39.26,0.00,-84.15,-338.89,0.00,-369.44
117,43,0.35852,-41.86,0.00,-87.12,-291.78,0.00,-333.22
117,44,0.36646,-44.44,0.00,-90.53,-325.00,0.00,-429.62
117,45,0.37476,-46.97,0.00,-94.60,-304.78,0.00,-490.44
117,46,0.38306,-49.33,0.00,-100.91,-284.93,0.00,-759.93
117,47,0.39209,-51.63,0.00,-107.01,-254.05,0.00,-675.68
117,48,0.39966,-53.68,0.00,-112.43,-271.77,0.00,-715.32
117,49,0.40808,-55.74,0.00,-117.84,-244.20,0.00,-642.75
117,50,0.41638,-57.80,0.00,-123.25,-247.79,0.00,-652.21
117,51,0.42480,-59.85,1.97,-128.68,-244.20,234.29,-644.20
117,52,0.43298,-61.90,10.61,-134.15,-250.75,1055.65,-668.28
117,53,0.44141,-63.95,19.16,-139.61,-243.12,1015.86,-649.28
117,54,0.44958,-65.99,27.46,-145.10,-249.63,1014.24,-670.15
117,55,0.45862,-68.03,35.68,-150.58,-225.68,909.80,-606.76
117,56,0.46631,-70.06,43.64,-156.06,-263.49,1034.97,-712.70
117,57,0.47461,-72.08,51.51,-161.54,-243.75,947.91,-659.93
117,58,0.48291,-74.09,59.07,-167.00,-242.28,910.95,-658.46
117,59,0.49194,-76.11,66.51,-172.49,-222.97,823.96,-607.77
117,60,0.49951,-78.14,73.55,-178.06,-268.15,930.56,-735.89
117,61,0.50793,-80.22,80.42,-183.81,-247.46,815.68,-682.61
117,62,0.51636,-82.49,86.71,-190.16,-268.84,746.61,-753.62
117,63,0.52466,-84.78,92.70,-196.61,-276.10,721.52,-776.84
117,64,0.53296,-87.17,97.68,-203.40,-288.24,599.86,-818.01
117,65,0.54126,-89.57,102.16,-210.21,-288.97,540.19,-820.96
117,66,0.54968,-91.99,104.98,-217.11,-286.96,334.00,-819.20
117,67,0.55872,-94.38,107.47,-223.96,-265.54,276.48,-758.11
117,68,0.56641,-96.73,108.91,-230.64,-304.37,186.26,-868.25
117,69,0.57458,-99.02,110.16,-237.19,-280.97,152.90,-800.75
117,70,0.58301,-101.18,110.79,-243.30,-256.16,75.63,-726.45
117,71,0.59192,-103.27,111.31,-249.22,-234.59,57.44,-663.70
117,72,0.59961,-105.14,111.40,-254.45,-243.25,11.69,-679.76
117,73,0.60791,-106.96,111.39,-259.51,-219.12,-0.73,-609.93
117,74,0.61633,-108.60,111.06,-264.01,-194.57,-39.13,-534.78
117,75,0.62500,-110.22,110.65,-268.48,-187.32,-47.38,-514.79
117,76,0.63330,-111.80,109.97,-272.80,-190.07,-82.37,-520.59
117,77,0.64160,-113.38,109.20,-277.11,-189.71,-92.22,-520.22
117,78,0.65039,-114.94,108.16,-281.42,-178.47,-118.44,-490.28
118,0,0.00000,0.00,0.00,0.00,114.68,16.51,-65.87
118,1,0.00818,0.94,0.14,-0.56,114.55,16.78,-68.66
118,2,0.01660,2.72,0.40,-1.62,211.59,30.94,-125.36
118,3,0.02490,4.60,0.67,-2.72,226.10,32.93,-133.09
118,4,0.03333,6.85,1.00,-4.02,267.39,38.47,-153.99
118,5,0.04175,9.08,1.31,-5.29,264.49,37.80,-150.72
118,6,0.04956,11.21,1.61,-6.45,272.66,38.13,-148.44
118,7,0.05835,13.28,1.90,-7.57,236.46,33.01,-128.12
118,8,0.06641,15.15,2.18,-8.56,231.82,34.42,-122.35
118,9,0.07471,17.02,2.43,-9.55,225.00,30.21,-118.75
118,10,0.08301,18.89,2.68,-10.53,225.00,30.36,-118.75
118,11,0.09155,20.76,2.93,-11.52,218.57,29.44,-115.36
118,12,0.09961,22.62,3.18,-12.50,231.82,31.21,-122.35
118,13,0.10815,24.48,3.43,-13.51,216.79,28.68,-117.50
118,14,0.11658,26.27,3.67,-14.58,213.41,28.12,-127.90
118,15,0.12463,28.07,3.89,-15.66,223.11,27.78,-133.71
118,16,0.13306,29.87,4.10,-16.74,213.41,25.06,-127.90
118,17,0.14124,31.65,4.30,-17.83,217.54,24.18,-133.96
118,18,0.14966,33.34,4.48,-19.01,201.45,21.27,-139.86
118,19,0.15808,35.04,4.64,-20.19,201.45,19.24,-139.86
118,20,0.16650,36.74,4.80,-21.37,201.45,19.15,-139.86
118,21,0.17468,38.43,4.96,-22.55,207.46,19.76,-144.03
118,22,0.18311,40.13,5.12,-23.72,201.45,19.15,-139.86
118,23,0.19153,41.83,5.29,-24.90,201.45,19.13,-139.86
118,24,0.19971,43.52,5.45,-26.08,207.46,19.80,-144.03
118,25,0.20801,45.21,5.61,-27.28,202.57,19.30,-144.49
118,26,0.21643,46.84,5.76,-28.55,193.48,18.56,-151.09
118,27,0.22461,48.46,5.92,-29.82,199.25,19.16,-155.60
118,28,0.23340,50.09,6.08,-31.10,185.42,17.74,-144.79
118,29,0.24133,51.71,6.23,-32.40,203.08,19.57,-164.23
118,30,0.24976,53.25,6.38,-33.82,183.33,17.87,-168.48
118,31,0.25818,54.78,6.53,-35.27,181.52,17.66,-172.10
118,32,0.26660,56.24,6.68,-36.83,173.91,17.20,-185.51
118,33,0.27466,57.63,6.81,-38.48,171.97,17.20,-204.17
118,34,0.28308,58.70,6.93,-40.45,127.54,13.59,-234.78
118,35,0.29187,59.72,7.04,-42.54,115.28,12.47,-237.15
118,36,0.29993,60.48,7.04,-45.05,94.70,-0.00,-312.12
118,37,0.30798,61.29,7.04,-47.63,101.14,-0.00,-320.45
118,38,0.31653,62.31,7.04,-50.49,118.93,-0.00,-333.57
118,39,0.32471,63.39,7.04,-53.40,132.46,-0.00,-356.34
118,40,0.33313,64.76,7.04,-56.56,161.59,0.00,-375.72
118,41,0.34143,66.17,7.04,-59.80,169.85,-0.00,-389.71
118,42,0.35022,67.78,7.04,-63.30,183.33,0.00,-398.61
118,43,0.35803,69.49,7.04,-66.84,219.92,-0.00,-453.12
118,44,0.36646,71.64,7.04,-70.54,254.71,0.00,-438.77
118,45,0.37476,74.34,7.14,-74.42,325.00,12.23,-467.65
118,46,0.38318,79.24,7.35,-79.04,581.88,24.33,-548.55
118,47,0.39185,84.00,7.54,-83.54,549.30,22.92,-518.66
118,48,0.40015,88.20,7.72,-87.53,505.51,20.96,-480.88
118,49,0.40784,92.39,7.89,-91.52,545.63,22.63,-519.05
118,50,0.41614,96.59,8.07,-95.51,505.51,21.00,-480.88
118,51,0.42493,100.79,9.80,-99.51,478.47,196.87,-454.51
118,52,0.43298,105.04,18.43,-103.51,527.27,1071.65,-497.35
118,53,0.44128,109.29,27.00,-107.52,512.13,1031.95,-482.35
118,54,0.44946,113.56,35.29,-111.52,521.64,1014.24,-489.55
118,55,0.45837,117.83,43.52,-115.52,478.77,923.32,-448.97
118,56,0.46619,122.10,51.48,-119.51,546.88,1018.80,-510.55
118,57,0.47485,126.37,59.36,-123.50,492.61,909.15,-459.86
118,58,0.48303,130.63,66.92,-127.46,521.27,924.54,-485.07
118,59,0.49109,134.91,74.38,-131.44,531.44,925.64,-493.94
118,60,0.49951,139.26,81.42,-135.47,516.67,836.16,-478.26
118,61,0.50818,143.76,88.33,-139.62,518.66,797.67,-478.52
118,62,0.51636,148.74,94.62,-144.16,608.58,768.90,-555.60
118,63,0.52454,153.79,100.64,-148.76,617.54,736.25,-562.69
118,64,0.53296,159.12,105.62,-153.60,633.70,591.16,-573.91
118,65,0.54126,164.48,110.16,-158.44,645.22,546.63,-583.82
118,66,0.54980,169.91,112.97,-163.34,635.00,329.23,-573.21
118,67,0.55847,175.30,115.51,-168.21,622.18,292.09,-561.62
118,68,0.56641,180.55,116.94,-172.95,661.92,180.53,-597.31
118,69,0.57495,185.71,118.21,-177.61,603.93,148.65,-545.71
118,70,0.58337,190.52,118.85,-181.97,571.01,75.63,-517.03
118,71,0.59229,195.18,119.37,-186.20,523.29,58.96,-475.00
118,72,0.60034,199.28,119.46,-189.95,508.71,11.16,-465.15
118,73,0.60864,203.26,119.46,-193.59,479.41,0.52,-439.34
118,74,0.61633,206.78,119.14,-196.85,457.54,-42.86,-423.02
118,75,0.62463,210.27,118.73,-200.07,420.59,-48.42,-388.60
118,76,0.63306,213.65,118.05,-203.20,400.72,-81.18,-371.01
118,77,0.64185,217.02,117.29,-206.32,384.03,-86.09,-355.21
118,78,0.65063,220.39,116.25,-209.43,382.99,-118.44,-354.17
119,0,0.00000,0.00,0.00,0.00,19.29,16.44,-117.14
119,1,0.00818,0.07,0.16,-1.09,8.96,19.53,-133.21
119,2,0.01672,0.01,0.47,-3.16,-7.14,36.82,-242.50
119,3,0.02478,-0.26,0.82,-5.32,-34.09,42.37,-268.18
119,4,0.03369,-0.82,1.23,-7.86,-63.01,46.61,-284.59
119,5,0.04199,-1.61,1.64,-10.30,-95.22,49.83,-293.75
119,6,0.04980,-2.47,2.04,-12.57,-109.38,50.20,-290.62
119,7,0.05847,-3.30,2.42,-14.78,-95.42,44.24,-255.28
119,8,0.06665,-4.02,2.76,-16.77,-88.06,41.73,-242.91
119,9,0.07532,-4.74,3.10,-18.75,-83.10,39.61,-229.23
119,10,0.08313,-5.46,3.45,-20.74,-92.19,43.71,-254.30
119,11,0.09192,-6.18,3.79,-22.73,-81.94,38.95,-226.04
119,12,0.09985,-6.90,4.13,-24.71,-90.77,43.02,-250.38
119,13,0.10815,-7.64,4.47,-26.69,-88.97,41.15,-237.87
119,14,0.11646,-8.45,4.81,-28.62,-98.53,40.95,-232.72
119,15,0.12549,-9.27,5.15,-30.55,-90.54,37.61,-213.85
119,16,0.13306,-10.09,5.49,-32.48,-108.06,44.89,-255.24
119,17,0.14185,-10.93,5.83,-34.40,-95.49,38.51,-217.71
119,18,0.15063,-11.86,6.16,-36.24,-106.25,37.96,-209.72
119,19,0.15820,-12.80,6.50,-38.08,-123.39,43.98,-243.55
119,20,0.16663,-13.73,6.83,-39.93,-110.87,39.62,-218.84
119,21,0.17493,-14.66,7.16,-41.77,-112.50,40.08,-222.06
119,22,0.18347,-15.60,7.50,-43.61,-109.29,39.11,-215.71
119,23,0.19214,-16.53,7.83,-45.46,-107.75,38.38,-212.68
119,24,0.19995,-17.47,8.16,-47.30,-119.53,42.78,-235.94
119,25,0.20825,-18.42,8.50,-49.13,-114.71,40.01,-220.59
119,26,0.21655,-19.45,8.83,-50.92,-124.63,40.07,-215.81
119,27,0.22498,-20.49,9.16,-52.71,-122.83,39.35,-212.68
119,28,0.23376,-21.52,9.49,-54.50,-117.71,37.71,-203.82
119,29,0.24219,-22.59,9.82,-56.28,-126.45,39.34,-210.87
119,30,0.25000,-23.78,10.15,-58.01,-153.12,42.46,-221.48
119,31,0.25830,-25.01,10.49,-59.73,-147.43,39.99,-206.62
119,32,0.26660,-26.35,10.82,-61.39,-161.76,39.84,-200.74
119,33,0.27539,-27.79,11.14,-62.99,-163.54,37.33,-181.94
119,34,0.28320,-29.60,11.46,-64.33,-231.64,39.80,-171.48
119,35,0.29211,-31.52,11.77,-65.62,-216.10,34.75,-144.86
119,36,0.30005,-33.91,12.07,-66.73,-300.77,39.01,-139.23
119,37,0.30859,-36.35,12.55,-67.89,-286.07,55.62,-136.43
119,38,0.31702,-39.04,13.16,-69.29,-318.48,72.23,-166.30
119,39,0.32556,-41.77,13.79,-70.77,-320.36,73.63,-173.21
119,40,0.33325,-44.72,14.50,-72.56,-383.33,92.65,-232.14
119,41,0.34180,-47.73,15.27,-74.40,-351.79,89.67,-216.07
119,42,0.34998,-50.97,15.77,-76.49,-396.64,61.27,-254.48
119,43,0.35840,-54.24,16.32,-78.68,-388.04,65.35,-260.51
119,44,0.36658,-57.60,16.94,-81.32,-411.19,76.43,-322.39
119,45,0.37488,-61.07,17.65,-84.53,-418.38,84.62,-387.50
119,46,0.38318,-64.97,18.65,-90.03,-469.49,121.55,-662.13
119,47,0.39209,-68.76,19.41,-95.36,-425.34,84.28,-598.63
119,48,0.40002,-72.13,19.52,-100.07,-425.00,14.03,-593.46
119,49,0.40820,-75.51,19.52,-104.78,-412.31,0.00,-575.75
119,50,0.41687,-78.88,19.64,-109.49,-389.08,14.48,-543.31
119,51,0.42542,-82.25,21.40,-114.21,-394.64,205.17,-552.50
119,52,0.43335,-85.63,30.03,-118.97,-425.77,1088.14,-600.00
119,53,0.44177,-89.01,38.59,-123.74,-401.09,1016.89,-565.94
119,54,0.45032,-92.38,46.89,-128.52,-394.64,970.77,-559.29
119,55,0.45825,-95.75,55.12,-133.30,-424.62,1036.85,-602.31
119,56,0.46680,-99.11,63.08,-138.08,-393.21,931.48,-559.64
119,57,0.47485,-102.46,70.95,-142.86,-416.29,977.90,-593.56
119,58,0.48352,-105.80,78.52,-147.63,-385.21,872.46,-550.70
119,59,0.49219,-109.15,85.97,-152.43,-386.27,860.30,-552.82
119,60,0.50024,-112.53,93.02,-157.29,-420.08,874.16,-604.17
119,61,0.50867,-116.00,99.90,-162.30,-411.96,817.97,-594.57
119,62,0.51697,-119.81,106.19,-167.86,-458.82,757.59,-669.85
119,63,0.52539,-123.67,112.22,-173.50,-457.97,715.03,-669.57
119,64,0.53430,-127.72,117.20,-179.46,-454.11,558.77,-668.15
119,65,0.54211,-131.77,121.73,-185.43,-519.53,581.02,-764.84
119,66,0.55103,-135.87,124.55,-191.49,-459.93,315.70,-679.45
119,67,0.55884,-139.94,127.08,-197.50,-521.09,324.19,-769.92
119,68,0.56714,-143.91,128.51,-203.36,-477.94,172.57,-705.51
119,69,0.57544,-147.81,129.78,-209.12,-469.85,153.09,-693.75
119,70,0.58374,-151.46,130.42,-214.48,-439.34,76.74,-646.32
119,71,0.59290,-155.01,130.95,-219.70,-388.00,57.46,-569.67
119,72,0.60046,-158.15,131.04,-224.27,-415.32,11.88,-604.84
119,73,0.60889,-161.21,131.04,-228.72,-363.04,0.46,-527.90
119,74,0.61719,-163.95,130.71,-232.66,-329.41,-39.71,-474.26
119,75,0.62598,-166.66,130.31,-236.56,-308.68,-45.77,-444.10
119,76,0.63391,-169.29,129.62,-240.34,-331.15,-86.17,-475.77
119,77,0.64233,-171.93,128.86,-244.14,-313.77,-90.76,-451.45
119,78,0.65063,-174.55,127.82,-247.90,-315.44,-125.40,-453.68
120,0,0.00000,0.00,0.00,0.00,110.00,0.00,45.36
120,1,0.00830,1.04,0.00,0.32,125.74,0.00,38.24
120,2,0.01648,3.08,0.00,0.73,248.51,0.00,50.00
120,3,0.02478,5.26,0.00,0.95,263.24,0.00,26.47
120,4,0.03369,7.86,0.00,1.03,291.78,0.00,9.59
120,5,0.04150,10.42,0.00,1.13,328.12,0.00,12.11
120,6,0.04980,12.85,0.00,1.26,291.91,0.00,16.54
120,7,0.05811,15.20,0.00,1.40,283.82,0.00,16.54
120,8,0.06641,17.31,0.36,1.55,253.68,43.37,17.65
120,9,0.07544,19.42,1.76,1.69,233.11,154.79,16.22
120,10,0.08313,21.52,3.15,1.84,273.81,181.48,19.05
120,11,0.09155,23.63,4.55,1.99,250.00,165.70,17.39
120,12,0.09985,25.73,5.95,2.13,253.68,168.44,17.65
120,13,0.10840,27.84,7.34,2.26,246.07,162.70,14.29
120,14,0.11658,29.93,8.73,2.29,256.34,170.48,4.10
120,15,0.12488,32.03,10.12,2.32,252.57,167.59,4.04
120,16,0.13367,34.12,11.52,2.36,238.54,158.64,3.82
120,17,0.14160,36.21,12.90,2.36,263.08,174.21,0.38
120,18,0.14990,38.28,14.27,2.25,248.53,165.43,-13.24
120,19,0.15820,40.34,15.65,2.14,248.53,165.43,-13.24
120,20,0.16663,42.40,17.02,2.03,244.93,163.04,-13.04
120,21,0.17554,44.46,18.51,1.92,231.51,167.53,-12.33
120,22,0.18323,46.53,19.76,1.81,268.25,161.71,-14.29
120,23,0.19177,48.59,20.93,1.70,241.43,137.81,-12.86
120,24,0.19995,50.65,21.99,1.59,252.24,128.83,-13.43
120,25,0.20825,52.71,22.92,1.46,248.16,112.87,-15.81
120,26,0.21667,54.77,23.75,1.24,243.84,97.54,-26.45
120,27,0.22498,56.82,24.50,1.01,247.43,90.85,-26.84
120,28,0.23376,58.87,25.29,0.79,233.68,89.56,-25.35
120,29,0.24170,60.93,26.07,0.53,259.23,99.16,-32.31
120,30,0.25000,62.99,26.86,0.14,248.16,94.32,-47.43
120,31,0.25830,65.05,27.64,-0.29,248.53,94.12,-51.47
120,32,0.26660,67.12,28.41,-0.84,248.90,93.53,-66.91
120,33,0.27551,69.17,29.18,-1.51,229.45,85.51,-75.34
120,34,0.28333,71.12,29.88,-2.63,250.39,90.41,-142.58
120,35,0.29163,73.08,30.58,-3.87,236.03,84.52,-149.63
120,36,0.29993,75.05,31.27,-5.60,237.87,82.58,-208.82
120,37,0.30872,77.11,31.94,-7.37,234.03,76.55,-201.04
120,38,0.31665,79.48,32.63,-9.26,298.08,87.10,-237.69
120,39,0.32556,81.94,33.48,-11.16,276.03,94.53,-213.70
120,40,0.33398,84.76,34.39,-13.13,335.51,108.73,-234.42
120,41,0.34167,87.69,35.34,-15.16,380.95,123.76,-262.70
120,42,0.35010,90.91,36.39,-17.28,381.88,124.57,-252.54
120,43,0.35840,94.24,37.48,-19.38,401.84,131.34,-253.31
120,44,0.36682,98.02,38.73,-21.40,447.83,148.32,-238.77
120,45,0.37549,102.40,40.20,-23.26,505.28,169.58,-215.49
120,46,0.38330,109.00,42.48,-24.61,844.92,291.75,-171.88
120,47,0.39185,115.40,44.69,-25.91,749.29,258.52,-152.86
120,48,0.40002,121.07,46.65,-27.09,693.28,239.24,-144.40
120,49,0.40857,126.74,48.20,-28.27,663.57,182.27,-138.21
120,50,0.41687,132.41,49.01,-29.46,683.09,97.26,-142.28
120,51,0.42505,138.09,50.86,-30.63,694.78,226.55,-144.03
120,52,0.43396,143.81,59.50,-31.80,642.12,968.89,-130.82
120,53,0.44177,149.54,68.06,-32.96,732.81,1095.83,-148.83
120,54,0.45007,155.27,76.36,-34.12,690.81,999.32,-138.97
120,55,0.45837,161.01,84.58,-35.27,690.81,990.64,-138.60
120,56,0.46680,166.74,92.54,-36.40,680.43,944.97,-135.14
120,57,0.47559,172.47,100.41,-37.54,651.74,895.88,-129.17
120,58,0.48328,178.18,107.97,-38.66,743.25,983.24,-146.03
120,59,0.49170,183.92,115.42,-39.79,681.16,884.52,-133.70
120,60,0.49988,189.74,122.47,-40.92,711.57,861.11,-138.06
120,61,0.50830,195.73,129.35,-42.07,711.59,816.93,-136.59
120,62,0.51660,202.36,135.64,-43.30,798.16,757.59,-148.90
120,63,0.52502,209.08,141.64,-44.55,798.19,713.24,-148.19
120,64,0.53406,216.17,146.62,-45.85,784.12,551.22,-143.24
120,65,0.54236,223.27,151.14,-47.14,856.25,543.83,-156.25
120,66,0.54993,230.48,153.96,-48.45,952.42,372.45,-172.18
120,67,0.55847,237.66,156.48,-49.75,840.71,295.15,-152.14
120,68,0.56665,244.63,157.91,-51.01,851.12,175.14,-154.10
120,69,0.57544,251.46,159.17,-52.25,777.43,142.86,-140.97
120,70,0.58337,257.84,159.80,-53.41,804.23,80.28,-146.92
120,71,0.59180,264.02,160.32,-54.55,733.33,61.19,-134.78
120,72,0.60010,269.47,160.41,-55.57,657.35,10.84,-123.53
120,73,0.60840,274.76,160.40,-56.57,637.13,-0.41,-120.22
120,74,0.61682,279.47,160.08,-57.48,558.70,-39.13,-107.97
120,75,0.62561,284.13,159.67,-58.38,530.56,-46.46,-102.43
120,76,0.63416,288.65,158.98,-59.26,528.57,-80.02,-102.50
120,77,0.64246,293.16,158.22,-60.13,543.75,-91.94,-105.51
120,78,0.65002,297.75,157.16,-61.02,606.05,-140.11,-117.34
121,0,0.00000,0.00,0.00,0.00,112.87,0.00,-47.06
121,1,0.00842,1.01,0.13,-0.42,119.57,15.59,-50.36
121,2,0.01721,2.92,0.26,-1.22,217.71,14.72,-90.97
121,3,0.02502,4.93,0.40,-2.06,257.42,17.35,-106.64
121,4,0.03345,7.34,0.56,-3.03,286.23,19.14,-115.58
121,5,0.04163,9.72,0.72,-3.98,291.04,19.45,-116.04
121,6,0.05066,11.99,0.87,-4.83,251.35,16.54,-94.59
121,7,0.05847,14.21,1.01,-5.66,283.20,18.62,-105.86
121,8,0.06677,16.19,1.14,-6.38,238.97,15.61,-86.76
121,9,0.07568,18.17,1.27,-7.10,222.60,14.54,-80.82
121,10,0.08350,20.16,1.40,-7.82,253.91,16.57,-92.19
121,11,0.09180,22.14,1.53,-8.54,238.97,15.61,-86.76
121,12,0.10010,24.12,1.66,-9.26,238.97,15.61,-86.76
121,13,0.10852,26.10,1.79,-10.00,234.42,15.41,-87.68
121,14,0.11743,28.03,1.92,-10.82,216.44,14.70,-91.78
121,15,0.12512,29.96,2.05,-11.64,250.79,16.97,-106.35
121,16,0.13354,31.88,2.18,-12.45,228.99,15.51,-97.10
121,17,0.14197,33.80,2.31,-13.29,227.17,15.49,-99.64
121,18,0.15039,35.64,2.44,-14.23,218.84,15.59,-110.87
121,19,0.15845,37.48,2.57,-15.16,228.79,16.26,-115.91
121,20,0.16687,39.33,2.70,-16.09,218.84,15.56,-110.87
121,21,0.17566,41.17,2.84,-17.03,209.72,14.90,-106.25
121,22,0.18359,43.01,2.97,-17.96,232.31,16.50,-117.69
121,23,0.19202,44.86,3.10,-18.90,218.84,15.57,-110.87
121,24,0.20020,46.70,3.23,-19.83,225.37,16.01,-114.18
121,25,0.20862,48.53,3.36,-20.78,217.39,15.54,-113.04
121,26,0.21704,50.32,3.49,-21.82,212.32,15.72,-122.83
121,27,0.22522,52.11,3.62,-22.85,218.66,16.18,-126.49
121,28,0.23352,53.90,3.76,-23.89,215.44,15.93,-124.63
121,29,0.24194,55.67,3.89,-24.95,210.87,15.77,-126.45
121,30,0.25024,57.40,4.02,-26.14,207.72,16.32,-143.75
121,31,0.25854,59.11,4.16,-27.37,206.25,16.37,-147.43
121,32,0.26697,60.78,4.30,-28.71,197.83,16.44,-159.42
121,33,0.27588,62.37,4.44,-30.15,179.45,15.56,-161.30
121,34,0.28430,63.71,4.58,-31.96,159.06,16.71,-214.86
121,35,0.29211,65.01,4.72,-33.88,165.23,18.24,-246.48
121,36,0.30042,66.11,4.87,-36.27,133.09,18.30,-287.50
121,37,0.30859,67.27,5.03,-38.71,142.16,19.17,-298.88
121,38,0.31702,68.67,5.21,-41.40,166.30,21.19,-318.48
121,39,0.32520,70.15,5.39,-44.13,180.60,22.59,-334.33
121,40,0.33362,71.94,5.60,-47.08,211.96,24.78,-350.00
121,41,0.34204,73.78,5.82,-50.09,219.20,25.44,-356.88
121,42,0.35034,75.86,6.05,-53.33,250.74,28.36,-390.81
121,43,0.35864,78.05,6.29,-56.60,263.97,29.19,-393.75
121,44,0.36694,80.69,6.56,-59.96,317.65,32.36,-405.15
121,45,0.37573,83.90,6.86,-63.43,364.93,34.32,-394.79
121,46,0.38354,89.40,7.30,-67.33,703.52,55.72,-498.83
121,47,0.39197,94.73,7.72,-71.12,633.70,50.24,-450.00
121,48,0.40027,99.44,8.07,-74.49,567.28,42.34,-406.25
121,49,0.40845,104.15,8.26,-77.86,575.75,23.02,-412.31
121,50,0.41675,108.86,8.45,-81.23,567.28,22.56,-406.25
121,51,0.42505,113.58,10.18,-84.61,568.38,208.45,-406.62
121,52,0.43384,118.34,18.81,-87.99,541.67,982.34,-384.38
121,53,0.44165,123.10,27.38,-91.37,609.77,1096.45,-432.42
121,54,0.45007,127.88,35.67,-94.74,567.39,984.84,-400.36
121,55,0.45825,132.66,43.90,-98.11,584.33,1006.01,-412.31
121,56,0.46680,137.44,51.86,-101.47,559.64,931.48,-393.21
121,57,0.47559,142.22,59.74,-104.83,544.10,896.62,-381.94
121,58,0.48340,147.00,67.30,-108.17,610.94,967.88,-427.34
121,59,0.49182,151.79,74.76,-111.51,568.84,885.39,-397.46
121,60,0.50037,156.66,81.80,-114.90,569.64,824.21,-396.07
121,61,0.50879,161.66,88.70,-118.37,594.20,818.19,-411.96
121,62,0.51721,167.22,94.98,-122.18,659.78,746.61,-452.17
121,63,0.52527,172.85,101.01,-126.03,699.62,747.95,-478.79
121,64,0.53381,178.81,105.99,-130.08,696.79,582.72,-473.57
121,65,0.54309,184.78,110.53,-134.14,644.08,489.87,-437.50
121,66,0.55078,190.84,113.35,-138.24,787.30,365.81,-533.33
121,67,0.55896,196.85,115.88,-142.32,735.45,310.10,-498.13
121,68,0.56738,202.71,117.32,-146.28,695.29,170.07,-471.01
121,69,0.57642,208.47,118.59,-150.19,637.50,140.91,-432.09
121,70,0.58411,213.83,119.23,-153.84,697.62,82.83,-474.60
121,71,0.59229,219.04,119.75,-157.38,636.57,64.46,-433.58
121,72,0.60059,223.62,119.84,-160.53,551.47,10.83,-378.68
121,73,0.60901,228.06,119.85,-163.59,527.90,0.68,-363.41
121,74,0.61731,232.00,119.52,-166.32,474.26,-39.71,-329.41
121,75,0.62549,235.90,119.12,-169.03,477.24,-48.99,-331.72
121,76,0.63403,239.68,118.44,-171.66,441.79,-80.02,-307.50
121,77,0.64221,243.45,117.68,-174.29,461.57,-92.37,-320.90
121,78,0.65063,247.22,116.64,-176.90,447.10,-123.59,-310.87
122,0,0.00000,0.00,0.00,0.00,97.86,-0.00,-67.50
122,1,0.00818,0.90,-0.00,-0.62,110.07,-0.00,-75.75
122,2,0.01709,2.61,-0.00,-1.79,192.12,-0.00,-131.16
122,3,0.02490,4.42,-0.00,-3.01,230.86,0.00,-156.64
122,4,0.03333,6.58,0.13,-4.45,256.88,14.95,-171.01
122,5,0.04211,8.72,0.13,-5.86,243.75,-0.00,-160.42
122,6,0.05066,10.77,0.13,-7.16,240.00,-0.00,-151.43
122,7,0.05823,12.77,0.13,-8.41,264.52,0.00,-166.13
122,8,0.06665,14.58,0.25,-9.52,213.77,14.17,-131.16
122,9,0.07495,16.38,0.25,-10.62,216.91,-0.00,-133.09
122,10,0.08337,18.18,0.25,-11.73,213.77,-0.00,-131.16
122,11,0.09180,19.98,0.25,-12.83,213.77,-0.00,-131.16
122,12,0.10071,21.78,0.35,-13.94,202.05,11.33,-123.97
122,13,0.10901,23.58,0.35,-15.07,216.91,-0.00,-136.40
122,14,0.11670,25.31,0.35,-16.26,224.60,0.00,-154.76
122,15,0.12500,27.03,0.35,-17.45,208.09,-0.00,-143.38
122,16,0.13342,28.76,0.46,-18.64,205.07,13.88,-141.30
122,17,0.14160,30.46,0.46,-19.85,208.21,-0.00,-147.76
122,18,0.15076,32.08,0.46,-21.13,176.67,-0.00,-140.33
122,19,0.15833,33.73,0.57,-22.45,218.55,13.81,-173.79
122,20,0.16687,35.35,0.57,-23.73,189.29,-0.00,-150.36
122,21,0.17505,36.97,0.57,-25.02,197.76,-0.00,-157.09
122,22,0.18359,38.59,0.68,-26.30,189.29,12.68,-150.36
122,23,0.19165,40.20,0.68,-27.59,200.76,-0.00,-159.47
122,24,0.20007,41.82,0.68,-28.87,192.03,-0.00,-152.54
122,25,0.20898,43.42,0.79,-30.18,179.45,12.29,-146.58
122,26,0.21680,44.96,0.79,-31.55,197.66,-0.00,-175.78
122,27,0.22510,46.51,0.79,-32.93,186.03,-0.00,-165.44
122,28,0.23352,48.05,0.91,-34.30,183.33,14.68,-163.04
122,29,0.24231,49.58,0.91,-35.71,173.26,-0.00,-160.07
122,30,0.25012,51.03,1.01,-37.22,185.55,13.44,-194.14
122,31,0.25842,52.45,1.12,-38.77,172.06,12.19,-186.40
122,32,0.26685,53.81,1.29,-40.42,161.59,20.50,-196.01
122,33,0.27527,55.08,1.43,-42.16,150.00,16.55,-206.88
122,34,0.28357,56.02,1.57,-44.20,113.97,17.19,-245.96
122,35,0.29187,56.89,1.72,-46.37,104.41,17.61,-260.66
122,36,0.30017,57.49,1.87,-48.93,72.43,18.84,-308.46
122,37,0.30920,58.15,2.04,-51.57,72.30,17.98,-292.23
122,38,0.31702,58.98,2.22,-54.48,106.25,23.48,-372.66
122,39,0.32507,59.88,2.41,-57.47,112.50,23.64,-370.83
122,40,0.33362,61.04,2.62,-60.71,135.36,24.99,-380.00
122,41,0.34229,62.25,2.84,-64.04,139.44,25.33,-384.15
122,42,0.35095,63.63,3.08,-67.64,159.86,27.79,-415.14
122,43,0.35852,65.18,3.34,-71.38,204.44,33.56,-493.95
122,44,0.36694,67.08,3.61,-75.21,226.09,32.38,-454.35
122,45,0.37512,69.67,3.92,-79.32,316.79,38.32,-502.24
122,46,0.38367,74.27,4.36,-84.24,537.86,50.75,-576.43
122,47,0.39185,78.70,4.77,-88.99,541.04,51.10,-580.97
122,48,0.40027,82.63,5.15,-93.24,466.67,44.27,-504.71
122,49,0.40918,86.56,5.52,-97.49,441.10,41.83,-477.05
122,50,0.41699,90.49,5.89,-101.75,503.12,47.73,-544.14
122,51,0.42517,94.43,8.10,-106.00,482.46,269.98,-520.52
122,52,0.43359,98.42,16.74,-110.27,472.83,1025.05,-506.88
122,53,0.44226,102.40,25.28,-114.54,459.86,986.18,-492.61
122,54,0.45007,106.40,33.58,-118.81,512.11,1061.78,-546.09
122,55,0.45825,110.40,41.79,-123.07,489.18,1003.74,-521.27
122,56,0.46667,114.41,49.75,-127.33,475.72,944.97,-505.07
122,57,0.47498,118.41,57.60,-131.58,482.35,946.61,-512.13
122,58,0.48340,122.42,65.17,-135.81,475.00,897.74,-502.54
122,59,0.49207,126.44,72.59,-140.06,464.08,857.14,-490.49
122,60,0.50000,130.52,79.64,-144.36,514.62,887.61,-541.54
122,61,0.50879,134.76,86.49,-148.80,481.94,779.36,-505.21
122,62,0.51660,139.43,92.78,-153.65,598.44,804.94,-621.09
122,63,0.52490,144.20,98.73,-158.58,573.90,717.24,-594.12
122,64,0.53333,149.21,103.71,-163.75,595.65,591.16,-613.04
122,65,0.54211,154.25,108.13,-168.93,573.26,503.48,-589.58
122,66,0.54993,159.35,110.95,-174.16,653.12,360.10,-670.31
122,67,0.55823,164.41,113.41,-179.36,609.56,296.35,-625.74
122,68,0.56665,169.35,114.84,-184.42,586.23,170.07,-601.45
122,69,0.57532,174.18,116.07,-189.39,557.39,141.79,-572.54
122,70,0.58337,178.70,116.71,-194.04,560.98,79.07,-577.65
122,71,0.59167,183.05,117.20,-198.53,523.90,59.88,-540.81
122,72,0.59998,186.90,117.29,-202.53,463.60,10.83,-481.99
122,73,0.60901,190.62,117.27,-206.40,411.49,-2.01,-428.72
122,74,0.61670,193.92,116.94,-209.87,429.76,-42.86,-451.19
122,75,0.62500,197.19,116.52,-213.31,393.75,-50.72,-413.97
122,76,0.63330,200.36,115.84,-216.64,381.62,-82.37,-401.84
122,77,0.64233,203.52,115.06,-219.98,350.68,-85.90,-368.92
122,78,0.65015,206.69,114.02,-223.30,404.69,-133.24,-425.39
123,0,0.00000,0.00,0.00,0.00,112.13,0.00,-49.26
123,1,0.00830,0.95,0.00,-0.54,114.71,0.00,-64.71
123,2,0.01660,2.65,0.18,-1.72,204.78,21.13,-143.01
123,3,0.02551,4.31,0.18,-3.14,185.96,0.00,-158.56
123,4,0.03333,6.12,0.29,-5.00,232.42,15.26,-237.89
123,5,0.04187,7.73,0.29,-6.99,188.21,-0.00,-233.57
123,6,0.05017,9.25,0.29,-8.89,182.35,-0.00,-228.31
123,7,0.05847,10.72,0.29,-10.73,177.94,0.00,-222.06
123,8,0.06677,12.06,0.29,-12.36,161.03,-0.00,-196.69
123,9,0.07507,13.40,0.29,-14.00,161.03,0.00,-196.69
123,10,0.08411,14.73,0.29,-15.63,147.97,-0.00,-180.74
123,11,0.09241,16.09,0.29,-17.29,163.97,0.00,-200.37
123,12,0.10010,17.43,0.29,-18.92,173.81,-0.00,-212.30
123,13,0.10852,18.75,0.29,-20.57,156.16,0.00,-195.29
123,14,0.11682,19.99,0.29,-22.26,149.26,0.00,-203.68
123,15,0.12573,21.22,0.29,-23.95,139.04,0.00,-189.73
123,16,0.13342,22.46,0.29,-25.64,161.11,0.00,-219.84
123,17,0.14197,23.68,0.29,-27.34,141.79,0.00,-199.29
123,18,0.15015,24.78,0.29,-29.09,135.07,0.00,-213.43
123,19,0.15845,25.89,0.29,-30.83,133.09,0.00,-210.29
123,20,0.16687,26.99,0.29,-32.58,131.16,0.00,-207.25
123,21,0.17517,28.09,0.29,-34.33,133.09,0.00,-210.29
123,22,0.18347,29.20,0.29,-36.07,133.09,0.00,-210.29
123,23,0.19250,30.30,0.29,-37.82,122.30,0.00,-193.24
123,24,0.20020,31.44,0.29,-39.61,147.62,0.00,-232.94
123,25,0.20874,32.52,0.29,-41.37,126.43,0.00,-205.71
123,26,0.21692,33.53,0.29,-43.17,123.13,0.00,-220.52
123,27,0.22571,34.53,0.29,-44.97,114.58,0.00,-205.21
123,28,0.23352,35.54,0.29,-46.78,128.91,0.00,-230.86
123,29,0.24207,36.51,0.29,-48.61,113.93,0.00,-214.29
123,30,0.25037,37.39,0.29,-50.52,105.15,0.00,-229.78
123,31,0.25854,38.23,0.29,-52.45,102.61,0.00,-236.19
123,32,0.26685,38.97,0.29,-54.46,89.71,0.00,-241.91
123,33,0.27527,39.59,0.29,-56.52,73.19,0.00,-244.93
123,34,0.28418,39.81,0.29,-58.76,25.00,0.00,-251.37
123,35,0.29163,39.91,0.29,-61.09,13.93,0.00,-313.11
123,36,0.30005,39.64,0.29,-63.71,-32.25,0.00,-310.51
123,37,0.30859,39.40,0.29,-66.42,-28.93,0.00,-317.50
123,38,0.31665,39.22,0.29,-69.44,-21.21,0.00,-375.00
123,39,0.32556,39.10,0.29,-72.56,-13.70,0.00,-350.68
123,40,0.33337,39.13,0.29,-76.01,3.52,0.00,-441.02
123,41,0.34229,39.18,0.29,-79.56,5.82,0.00,-397.95
123,42,0.34998,39.31,0.29,-83.41,16.67,0.00,-501.19
123,43,0.35828,39.54,0.29,-87.36,27.57,0.00,-475.74
123,44,0.36658,40.08,0.29,-91.60,65.44,0.00,-510.66
123,45,0.37500,41.16,0.29,-96.31,127.90,0.00,-559.06
123,46,0.38403,43.89,0.29,-102.47,302.03,0.00,-681.76
123,47,0.39221,46.51,0.29,-108.42,321.27,0.00,-727.61
123,48,0.39990,48.83,0.29,-113.72,301.59,0.00,-690.08
123,49,0.40833,51.15,0.29,-119.03,275.36,0.00,-630.07
123,50,0.41650,53.47,0.29,-124.34,283.58,0.00,-648.88
123,51,0.42554,55.80,2.41,-129.65,257.77,234.16,-588.51
123,52,0.43323,58.16,11.04,-134.99,307.14,1122.68,-694.44
123,53,0.44177,60.53,19.59,-140.34,276.79,1000.70,-625.00
123,54,0.45007,62.91,27.89,-145.68,286.76,999.32,-643.75
123,55,0.45850,65.29,36.10,-151.02,282.61,975.07,-634.06
123,56,0.46667,67.68,44.06,-156.35,292.16,973.18,-652.24
123,57,0.47498,70.07,51.92,-161.68,287.87,947.13,-641.91
123,58,0.48389,72.46,59.49,-166.99,268.49,848.55,-595.89
123,59,0.49182,74.87,66.92,-172.33,303.08,936.97,-672.31
123,60,0.50037,77.32,73.96,-177.73,286.79,824.21,-631.79
123,61,0.50867,79.86,80.82,-183.30,306.25,826.18,-671.69
123,62,0.51697,82.68,87.11,-189.42,340.44,757.59,-737.13
123,63,0.52588,85.57,93.08,-195.64,323.29,669.69,-697.60
123,64,0.53369,88.61,98.06,-202.16,389.84,637.35,-835.16
123,65,0.54199,91.67,102.50,-208.71,368.38,535.90,-788.97
123,66,0.55042,94.77,105.32,-215.33,368.48,334.00,-785.87
123,67,0.55872,97.85,107.79,-221.90,370.96,298.14,-791.18
123,68,0.56714,100.85,109.23,-228.30,356.52,170.07,-760.51
123,69,0.57605,103.79,110.46,-234.58,329.79,138.87,-704.45
123,70,0.58447,106.59,111.11,-240.58,332.25,77.21,-712.68
123,71,0.59229,109.22,111.60,-246.24,336.72,62.91,-724.22
123,72,0.60046,111.54,111.69,-251.28,283.96,11.00,-616.79
123,73,0.60889,113.78,111.67,-256.15,265.22,-2.58,-577.17
123,74,0.61731,115.76,111.34,-260.51,235.51,-39.13,-518.12
123,75,0.62610,117.72,110.92,-264.83,222.92,-48.22,-491.32
123,76,0.63477,119.62,110.24,-269.02,219.01,-78.89,-483.45
123,77,0.64233,121.58,109.42,-273.34,258.87,-107.25,-570.56
123,78,0.65076,123.47,108.38,-277.51,225.00,-123.59,-495.65
124,0,0.00000,0.00,0.00,0.00,32.84,0.00,-119.78
124,1,0.00854,0.28,-0.00,-1.06,33.21,-0.00,-123.57
124,2,0.01685,0.83,-0.00,-3.05,65.81,-0.00,-240.81
124,3,0.02502,1.41,-0.00,-5.15,70.90,0.00,-256.72
124,4,0.03406,2.12,-0.00,-7.65,79.05,0.00,-276.69
124,5,0.04175,2.84,-0.00,-10.12,92.86,0.00,-320.24
124,6,0.05017,3.56,-0.00,-12.43,85.51,0.00,-275.00
124,7,0.05847,4.27,-0.00,-14.69,85.29,0.00,-271.69
124,8,0.06677,4.92,-0.00,-16.70,78.68,0.00,-241.91
124,9,0.07507,5.57,-0.00,-18.70,78.68,0.00,-241.91
124,10,0.08398,6.23,-0.00,-20.71,73.29,0.00,-225.34
124,11,0.09180,6.88,-0.00,-22.72,83.59,0.00,-257.42
124,12,0.10022,7.53,-0.00,-24.73,77.54,0.00,-238.41
124,13,0.10852,8.16,-0.00,-26.74,76.10,0.00,-242.28
124,14,0.11682,8.71,-0.00,-28.77,65.44,0.00,-243.75
124,15,0.12512,9.25,-0.00,-30.79,65.44,0.00,-243.75
124,16,0.13391,9.79,-0.00,-32.81,61.81,0.00,-230.21
124,17,0.14185,10.31,-0.00,-34.84,64.62,0.00,-255.38
124,18,0.15015,10.70,-0.00,-36.87,47.79,0.00,-244.12
124,19,0.15857,11.10,-0.00,-38.89,47.10,0.00,-240.58
124,20,0.16699,11.50,-0.00,-40.92,47.10,0.00,-240.58
124,21,0.17517,11.89,-0.00,-42.94,48.51,0.00,-247.76
124,22,0.18359,12.29,-0.00,-44.97,47.10,0.00,-240.58
124,23,0.19189,12.69,-0.00,-47.00,47.79,0.00,-244.12
124,24,0.20093,13.08,-0.00,-49.02,43.92,0.00,-224.32
124,25,0.20850,13.46,-0.00,-51.11,50.40,0.00,-275.81
124,26,0.21692,13.75,-0.00,-53.16,33.70,0.00,-243.12
124,27,0.22534,14.03,-0.00,-55.21,33.70,0.00,-243.12
124,28,0.23486,14.32,-0.00,-57.25,29.81,0.00,-215.06
124,29,0.24255,14.57,-0.00,-59.47,33.33,0.00,-287.70
124,30,0.25098,14.69,-0.00,-61.56,14.13,0.00,-248.55
124,31,0.25903,14.76,-0.00,-63.67,9.09,0.00,-261.74
124,32,0.26733,14.73,-0.00,-65.81,-4.41,0.00,-257.72
124,33,0.27502,14.52,-0.00,-67.96,-26.98,0.00,-279.37
124,34,0.28418,13.92,-0.00,-70.13,-66.00,0.00,-237.00
124,35,0.29309,13.13,-0.00,-72.34,-88.36,0.00,-248.97
124,36,0.30103,11.93,-0.00,-74.68,-151.54,0.00,-294.62
124,37,0.30872,10.71,-0.00,-77.15,-158.33,0.00,-320.24
124,38,0.31677,9.45,-0.00,-79.90,-155.68,0.00,-341.67
124,39,0.32507,8.21,-0.00,-82.79,-150.00,0.00,-348.90
124,40,0.33435,6.98,-0.00,-86.01,-132.24,0.00,-347.04
124,41,0.34351,5.74,-0.00,-89.36,-135.67,0.00,-365.67
124,42,0.35083,4.41,-0.00,-93.13,-181.25,0.00,-514.58
124,43,0.35840,3.22,-0.00,-96.94,-158.06,0.00,-503.63
124,44,0.36694,2.19,-0.00,-101.09,-120.71,0.00,-485.36
124,45,0.37512,1.61,-0.00,-106.12,-70.52,0.00,-614.55
124,46,0.38489,1.91,-0.00,-112.84,31.25,0.00,-689.06
124,47,0.39270,2.19,-0.00,-119.25,35.94,0.00,-820.31
124,48,0.40112,2.43,-0.00,-125.04,27.90,0.00,-686.96
124,49,0.40857,2.66,-0.00,-130.83,31.56,0.00,-777.05
124,50,0.41687,2.90,-0.00,-136.61,28.31,0.00,-697.06
124,51,0.42517,3.14,2.94,-142.41,29.41,353.94,-698.90
124,52,0.43542,3.41,11.57,-148.25,25.60,842.01,-568.75
124,53,0.44263,3.68,20.29,-154.22,38.14,1210.76,-830.08
124,54,0.45093,3.96,28.59,-160.07,33.46,999.32,-704.04
124,55,0.45886,4.24,36.76,-165.91,35.38,1030.02,-736.15
124,56,0.46716,4.53,44.72,-171.75,34.93,958.87,-703.31
124,57,0.47510,4.82,52.53,-177.58,36.92,984.85,-734.62
124,58,0.48401,5.12,60.10,-183.39,33.56,848.55,-652.74
124,59,0.49243,5.43,67.47,-189.25,36.59,875.29,-694.93
124,60,0.50085,5.75,74.51,-195.17,38.04,836.16,-702.90
124,61,0.50830,6.10,81.28,-201.38,47.54,908.88,-834.43
124,62,0.51660,6.52,87.57,-208.11,49.63,757.59,-810.29
124,63,0.52490,6.95,93.38,-215.00,52.21,700.07,-830.51
124,64,0.53455,7.42,98.36,-222.18,48.42,516.33,-744.94
124,65,0.54248,7.89,102.55,-229.41,59.62,527.99,-910.38
124,66,0.55090,8.38,105.36,-236.70,57.97,334.00,-865.94
124,67,0.55847,8.86,107.67,-243.91,63.71,305.18,-952.42
124,68,0.56677,9.33,109.10,-250.97,56.62,172.57,-850.37
124,69,0.57532,9.78,110.24,-257.81,52.86,133.69,-801.07
124,70,0.58374,10.20,110.88,-264.29,50.00,75.63,-768.48
124,71,0.59265,10.59,111.32,-270.42,43.49,49.09,-688.36
124,72,0.60095,10.92,111.41,-275.96,40.07,10.83,-667.65
124,73,0.60852,11.23,111.35,-281.23,40.73,-8.34,-695.97
124,74,0.61682,11.49,111.02,-286.01,31.62,-39.71,-576.47
124,75,0.62524,11.75,110.56,-290.73,30.43,-54.47,-559.78
124,76,0.63428,12.00,109.87,-295.32,27.36,-75.69,-508.45
124,77,0.64258,12.25,109.06,-299.91,30.15,-98.07,-552.94
124,78,0.65100,12.50,108.02,-304.49,29.71,-123.59,-543.84
125,0,0.00000,0.00,0.00,0.00,12.13,0.00,-121.69
125,1,0.00867,0.11,0.00,-1.10,13.03,0.00,-127.11
125,2,0.01697,0.33,0.00,-3.16,26.47,0.00,-248.16
125,3,0.02563,0.57,0.00,-5.33,27.11,0.00,-250.35
125,4,0.03430,0.87,0.00,-7.91,35.21,0.00,-297.89
125,5,0.04199,1.18,0.00,-10.46,40.48,0.00,-330.95
125,6,0.05042,1.53,0.00,-12.86,40.58,0.00,-285.14
125,7,0.05884,1.86,0.00,-15.20,40.22,0.00,-277.54
125,8,0.06750,2.19,0.00,-17.29,37.32,0.00,-240.85
125,9,0.07532,2.51,0.00,-19.37,41.41,0.00,-267.19
125,10,0.08374,2.84,0.00,-21.46,38.41,0.00,-247.83
125,11,0.09204,3.16,0.00,-23.55,38.97,0.00,-251.47
125,12,0.10034,3.48,0.00,-25.63,38.97,0.00,-251.47
125,13,0.10876,3.78,0.00,-27.72,35.51,0.00,-247.83
125,14,0.11707,3.99,0.00,-29.81,25.37,0.00,-251.10
125,15,0.12598,4.20,0.00,-31.89,23.63,0.00,-233.90
125,16,0.13379,4.41,0.00,-33.98,26.95,0.00,-266.80
125,17,0.14209,4.59,0.00,-36.06,21.69,0.00,-250.74
125,18,0.15051,4.66,0.00,-38.13,7.97,0.00,-246.38
125,19,0.15869,4.73,0.00,-40.19,8.21,0.00,-252.24
125,20,0.16736,4.79,0.00,-42.26,7.75,0.00,-238.03
125,21,0.17542,4.86,0.00,-44.32,8.33,0.00,-256.06
125,22,0.18372,4.93,0.00,-46.38,8.09,0.00,-248.53
125,23,0.19202,5.00,0.00,-48.45,8.09,0.00,-248.53
125,24,0.20044,5.06,0.00,-50.51,7.97,0.00,-244.93
125,25,0.20886,5.11,0.00,-52.58,5.07,0.00,-245.29
125,26,0.21741,5.06,0.00,-54.64,-5.36,0.00,-241.79
125,27,0.22534,5.01,0.00,-56.71,-5.77,0.00,-260.38
125,28,0.23376,4.97,0.00,-58.77,-5.43,0.00,-245.29
125,29,0.24219,4.89,0.00,-60.85,-9.78,0.00,-246.01
125,30,0.25049,4.67,0.00,-62.93,-26.10,0.00,-251.47
125,31,0.25879,4.42,0.00,-65.02,-30.15,0.00,-251.84
125,32,0.26721,4.04,0.00,-67.13,-44.93,0.00,-250.00
125,33,0.27588,3.54,0.00,-69.22,-57.39,0.00,-241.55
125,34,0.28381,2.60,0.00,-71.27,-118.85,0.00,-257.69
125,35,0.29211,1.53,0.00,-73.33,-129.41,0.00,-248.16
125,36,0.30054,-0.03,0.00,-75.44,-185.14,0.00,-251.09
125,37,0.30884,-1.62,0.00,-77.65,-191.54,0.00,-265.81
125,38,0.31726,-3.30,0.00,-80.17,-199.28,0.00,-298.91
125,39,0.32544,-4.99,0.00,-82.79,-206.72,0.00,-320.15
125,40,0.33386,-6.72,0.00,-85.77,-205.07,0.00,-353.99
125,41,0.34229,-8.47,0.00,-88.84,-207.97,0.00,-364.49
125,42,0.35083,-10.32,0.00,-92.22,-216.07,0.00,-396.07
125,43,0.35889,-12.13,0.00,-95.72,-224.62,0.00,-434.85
125,44,0.36719,-13.81,0.00,-99.65,-202.57,0.00,-473.16
125,45,0.37598,-15.30,0.00,-104.17,-169.10,0.00,-514.58
125,46,0.38452,-16.07,0.00,-110.87,-90.71,0.00,-783.21
125,47,0.39197,-16.83,0.00,-117.36,-101.64,0.00,-871.31
125,48,0.40039,-17.52,0.00,-123.10,-82.61,0.00,-682.61
125,49,0.40857,-18.22,0.00,-128.85,-85.07,0.00,-702.99
125,50,0.41724,-18.91,0.00,-134.60,-80.28,0.00,-663.38
125,51,0.42529,-19.60,1.86,-140.37,-85.61,231.04,-715.15
125,52,0.43372,-20.28,10.50,-146.16,-80.07,1025.05,-688.41
125,53,0.44202,-20.95,19.06,-151.97,-80.88,1031.33,-698.90
125,54,0.45044,-21.61,27.35,-157.78,-78.62,984.84,-689.86
125,55,0.45874,-22.27,35.57,-163.59,-79.41,990.60,-700.00
125,56,0.46716,-22.92,43.53,-169.39,-76.81,944.97,-689.49
125,57,0.47583,-23.56,51.41,-175.20,-74.30,908.46,-669.72
125,58,0.48425,-24.20,58.97,-180.99,-75.36,897.74,-687.32
125,59,0.49182,-24.83,66.42,-186.80,-83.87,984.32,-768.15
125,60,0.50037,-25.46,73.46,-192.70,-73.57,824.21,-690.00
125,61,0.50879,-26.10,80.34,-198.77,-75.72,816.84,-720.65
125,62,0.51733,-26.77,86.63,-205.47,-78.21,735.94,-784.64
125,63,0.52551,-27.44,92.64,-212.28,-82.46,734.37,-832.09
125,64,0.53394,-28.13,97.62,-219.44,-81.52,591.16,-850.72
125,65,0.54224,-28.81,102.13,-226.63,-82.72,543.57,-866.18
125,66,0.55078,-29.50,104.94,-233.91,-80.36,329.23,-851.79
125,67,0.55908,-30.18,107.46,-241.14,-81.99,303.03,-870.96
125,68,0.56750,-30.84,108.89,-248.18,-78.62,170.07,-836.23
125,69,0.57617,-31.50,110.15,-255.10,-75.35,145.48,-798.24
125,70,0.58472,-32.12,110.79,-261.56,-72.50,74.55,-755.71
125,71,0.59241,-32.72,111.31,-267.82,-78.97,67.49,-813.49
125,72,0.60083,-33.28,111.40,-273.34,-66.30,10.68,-655.80
125,73,0.60901,-33.83,111.39,-278.70,-66.79,-0.07,-655.60
125,74,0.61755,-34.34,111.07,-283.47,-59.29,-38.58,-557.86
125,75,0.62573,-34.84,110.66,-288.19,-61.57,-49.65,-577.61
125,76,0.63403,-35.33,109.98,-292.77,-58.82,-82.37,-551.10
125,77,0.64246,-35.82,109.21,-297.34,-57.97,-90.33,-542.75
125,78,0.65063,-36.30,108.17,-301.90,-59.33,-127.28,-557.46
126,0,0.00000,0.00,0.00,0.00,66.91,0.00,-102.57
126,1,0.00818,0.60,0.14,-0.92,73.13,16.65,-111.94
126,2,0.01648,1.74,0.27,-2.65,137.50,16.18,-208.46
126,3,0.02502,2.94,0.41,-4.46,140.71,16.45,-212.50
126,4,0.03381,4.40,0.58,-6.62,165.62,19.18,-245.14
126,5,0.04163,5.84,0.79,-8.73,185.16,26.70,-271.09
126,6,0.05005,7.25,0.79,-10.71,167.03,0.00,-234.78
126,7,0.05884,8.62,0.79,-12.63,156.25,-0.00,-218.75
126,8,0.06677,9.87,0.79,-14.34,156.92,-0.00,-215.00
126,9,0.07495,11.11,0.79,-16.05,152.24,0.00,-208.58
126,10,0.08325,12.36,0.79,-17.75,150.00,-0.00,-205.51
126,11,0.09253,13.60,0.79,-19.46,134.21,0.00,-183.88
126,12,0.10010,14.88,0.79,-21.20,168.55,0.00,-230.65
126,13,0.10840,16.10,0.79,-22.92,147.43,0.00,-206.62
126,14,0.11682,17.25,0.79,-24.67,135.87,0.00,-208.33
126,15,0.12561,18.39,0.79,-26.43,130.21,0.00,-199.65
126,16,0.13342,19.54,0.79,-28.18,146.48,0.00,-224.61
126,17,0.14172,20.65,0.79,-29.95,134.19,0.00,-212.87
126,18,0.15015,21.66,0.79,-31.75,119.57,0.00,-214.13
126,19,0.15845,22.67,0.79,-33.56,121.32,0.00,-217.28
126,20,0.16687,23.67,0.79,-35.36,119.57,0.00,-214.13
126,21,0.17566,24.68,0.79,-37.16,114.58,0.00,-205.21
126,22,0.18335,25.69,0.79,-38.97,130.95,0.00,-234.52
126,23,0.19177,26.69,0.79,-40.77,119.57,0.00,-214.13
126,24,0.20044,27.70,0.79,-42.58,116.20,0.00,-208.10
126,25,0.20850,28.69,0.79,-44.39,122.35,0.00,-225.38
126,26,0.21667,29.59,0.79,-46.25,110.82,0.00,-227.24
126,27,0.22522,30.50,0.79,-48.11,106.07,0.00,-217.50
126,28,0.23389,31.41,0.79,-49.97,104.58,0.00,-214.44
126,29,0.24182,32.28,0.79,-51.85,110.38,0.00,-236.92
126,30,0.25000,33.05,0.79,-53.80,93.66,0.00,-238.81
126,31,0.25842,33.78,0.79,-55.77,87.32,0.00,-234.42
126,32,0.26685,34.41,0.79,-57.82,75.00,0.00,-242.75
126,33,0.27576,34.93,0.79,-59.91,57.53,0.00,-234.59
126,34,0.28345,35.03,0.79,-62.16,13.10,0.00,-292.46
126,35,0.29248,35.01,0.79,-64.48,-1.69,0.00,-257.43
126,36,0.30017,34.60,0.79,-67.08,-53.97,0.00,-337.70
126,37,0.30847,34.20,0.79,-69.77,-47.79,0.00,-323.90
126,38,0.31689,33.87,0.79,-72.78,-39.86,0.00,-356.88
126,39,0.32568,33.57,0.79,-75.88,-34.03,0.00,-353.12
126,40,0.33350,33.40,0.79,-79.32,-21.09,0.00,-440.62
126,41,0.34180,33.26,0.79,-82.86,-17.65,0.00,-425.74
126,42,0.35022,33.17,0.79,-86.71,-10.14,0.00,-457.61
126,43,0.35864,33.17,0.79,-90.66,0.36,0.00,-468.48
126,44,0.36694,33.48,0.79,-94.92,37.13,0.00,-513.60
126,45,0.37573,34.26,0.79,-99.64,88.19,0.00,-537.15
126,46,0.38367,36.64,0.79,-105.94,300.38,0.00,-794.23
126,47,0.39246,38.94,0.79,-112.05,261.81,0.00,-694.44
126,48,0.40027,40.97,0.79,-117.48,259.38,0.00,-695.70
126,49,0.40857,42.99,0.79,-122.91,243.75,0.00,-653.68
126,50,0.41687,45.01,0.79,-128.33,243.75,0.00,-653.68
126,51,0.42590,47.05,2.74,-133.77,225.00,216.32,-601.69
126,52,0.43347,49.14,11.51,-139.32,277.02,1158.94,-733.06
126,53,0.44202,51.21,20.07,-144.78,241.79,1000.81,-639.29
126,54,0.45032,53.29,28.36,-150.24,250.74,999.32,-658.46
126,55,0.45862,55.37,36.57,-155.71,251.10,989.52,-658.46
126,56,0.46692,57.46,44.53,-161.17,251.84,958.87,-657.35
126,57,0.47522,59.56,52.40,-166.62,251.84,947.26,-656.99
126,58,0.48401,61.65,59.96,-172.06,238.19,860.34,-618.40
126,59,0.49243,63.75,67.39,-177.51,250.00,882.82,-647.83
126,60,0.50012,65.90,74.44,-183.04,279.37,915.79,-718.65
126,61,0.50854,68.13,81.30,-188.74,264.49,814.46,-677.17
126,62,0.51685,70.61,87.59,-195.01,299.26,757.59,-754.78
126,63,0.52563,73.14,93.56,-201.37,287.85,679.40,-724.31
126,64,0.53406,75.82,98.54,-208.06,318.12,591.16,-793.48
126,65,0.54199,78.52,102.99,-214.76,339.23,561.39,-845.38
126,66,0.55017,81.25,105.80,-221.55,333.96,343.97,-829.10
126,67,0.55884,83.96,108.28,-228.27,312.68,285.98,-776.41
126,68,0.56702,86.60,109.71,-234.84,323.13,175.14,-802.24
126,69,0.57593,89.19,110.95,-241.27,290.41,139.11,-721.58
126,70,0.58350,91.60,111.59,-247.29,318.95,84.17,-795.56
126,71,0.59253,93.92,112.10,-253.10,257.09,55.84,-643.58
126,72,0.60034,95.97,112.19,-258.26,261.33,11.51,-660.94
126,73,0.60864,97.93,112.17,-263.26,237.13,-1.42,-601.84
126,74,0.61694,99.67,111.84,-267.72,209.56,-39.71,-537.87
126,75,0.62585,101.39,111.43,-272.15,193.15,-46.62,-496.23
126,76,0.63428,103.06,110.75,-276.43,197.83,-81.18,-509.06
126,77,0.64197,104.74,109.97,-280.75,217.86,-101.11,-561.11
126,78,0.65027,106.40,108.93,-285.03,200.37,-125.41,-515.07
127,0,0.00000,0.00,0.00,0.00,119.20,0.00,18.48
127,1,0.00842,1.08,0.12,0.15,128.62,13.79,17.39
127,2,0.01648,3.14,0.23,0.43,254.92,14.20,35.23
127,3,0.02502,5.29,0.35,0.74,252.50,14.04,35.71
127,4,0.03418,7.86,0.49,1.12,280.67,15.65,42.33
127,5,0.04199,10.41,0.64,1.52,325.39,18.21,50.39
127,6,0.04980,12.80,0.77,1.93,305.86,17.17,53.52
127,7,0.05835,15.12,0.90,2.35,272.14,15.32,48.21
127,8,0.06641,17.20,1.02,2.74,257.58,14.55,48.48
127,9,0.07471,19.27,1.14,3.13,250.00,14.09,47.06
127,10,0.08313,21.35,1.25,3.52,246.38,13.87,46.38
127,11,0.09155,23.42,1.37,3.91,246.38,13.92,46.38
127,12,0.09973,25.50,1.49,4.30,253.73,14.33,47.76
127,13,0.10840,27.57,1.60,4.67,239.44,13.43,42.25
127,14,0.11670,29.65,1.72,4.94,250.37,13.92,33.46
127,15,0.12500,31.73,1.83,5.22,250.37,13.87,33.46
127,16,0.13342,33.81,1.95,5.50,246.74,13.72,32.97
127,17,0.14160,35.88,2.06,5.75,253.73,14.01,30.60
127,18,0.14978,37.94,2.18,5.88,251.87,13.72,16.42
127,19,0.15808,40.00,2.29,6.02,248.16,13.49,16.18
127,20,0.16687,42.06,2.40,6.15,234.38,12.74,15.28
127,21,0.17493,44.12,2.51,6.29,255.68,13.94,16.67
127,22,0.18311,46.18,2.62,6.42,251.87,13.69,16.42
127,23,0.19153,48.24,2.74,6.56,244.57,13.29,15.94
127,24,0.20020,50.30,2.85,6.69,237.68,12.92,15.49
127,25,0.20825,52.37,2.96,6.80,256.06,13.91,13.64
127,26,0.21680,54.43,3.07,6.82,241.79,12.90,2.14
127,27,0.22473,56.50,3.18,6.84,260.38,13.95,2.31
127,28,0.23315,58.56,3.29,6.85,245.29,13.14,2.17
127,29,0.24158,60.64,3.40,6.84,246.01,13.08,-1.81
127,30,0.24988,62.73,3.51,6.69,252.21,13.18,-18.01
127,31,0.25830,64.83,3.62,6.51,248.91,12.89,-21.74
127,32,0.26660,66.94,3.73,6.20,255.15,13.02,-37.13
127,33,0.27515,69.05,3.83,5.77,246.79,12.33,-49.64
127,34,0.28308,71.12,3.83,4.90,261.15,0.00,-110.77
127,35,0.29163,73.21,4.06,3.89,244.64,26.96,-117.50
127,36,0.30017,75.38,4.24,2.40,253.21,20.25,-174.64
127,37,0.30823,77.62,4.43,0.89,278.79,23.91,-187.88
127,38,0.31677,80.19,4.65,-0.71,300.71,25.56,-187.14
127,39,0.32507,82.86,4.87,-2.32,320.96,27.30,-193.38
127,40,0.33325,85.89,5.13,-3.95,371.27,31.39,-199.25
127,41,0.34155,89.01,5.39,-5.60,375.74,31.69,-198.90
127,42,0.34973,92.46,5.68,-7.34,420.90,35.41,-212.31
127,43,0.35828,96.01,5.98,-9.04,415.71,34.92,-198.93
127,44,0.36670,99.99,6.31,-10.59,472.46,39.34,-184.78
127,45,0.37500,104.53,6.69,-11.94,546.69,44.99,-162.87
127,46,0.38330,111.24,7.23,-12.51,808.82,65.15,-67.65
127,47,0.39172,117.76,7.75,-13.06,774.28,62.48,-65.22
127,48,0.40027,123.53,8.22,-13.57,675.36,54.42,-59.64
127,49,0.40808,129.30,8.63,-14.07,738.67,52.49,-65.23
127,50,0.41675,135.07,8.84,-14.58,665.85,24.29,-58.80
127,51,0.42505,140.85,10.60,-15.09,696.32,211.94,-61.03
127,52,0.43359,146.67,19.23,-15.58,680.71,1010.41,-57.14
127,53,0.44177,152.49,27.80,-16.06,711.57,1047.21,-59.33
127,54,0.45007,158.32,36.09,-16.54,702.21,999.32,-57.35
127,55,0.45825,164.15,44.32,-17.01,712.69,1005.87,-57.84
127,56,0.46655,169.97,52.28,-17.47,701.84,958.87,-55.51
127,57,0.47510,175.80,60.16,-17.93,681.43,921.99,-53.57
127,58,0.48315,181.60,67.72,-18.38,720.83,938.55,-55.68
127,59,0.49133,187.43,75.17,-18.83,712.69,911.61,-54.48
127,60,0.49988,193.34,82.22,-19.27,691.79,824.21,-51.43
127,61,0.50830,199.42,89.11,-19.71,721.74,817.90,-52.54
127,62,0.51685,206.15,95.40,-20.16,786.79,735.94,-53.21
127,63,0.52502,213.00,101.44,-20.62,837.69,739.13,-55.97
127,64,0.53308,220.18,106.42,-21.08,891.67,618.04,-56.82
127,65,0.54175,227.39,110.95,-21.54,831.69,522.38,-52.82
127,66,0.54980,234.69,113.76,-21.99,905.68,349.18,-56.06
127,67,0.55835,241.93,116.29,-22.44,848.21,295.52,-52.50
127,68,0.56689,249.00,117.72,-22.87,826.43,167.64,-51.07
127,69,0.57483,255.94,118.98,-23.31,874.62,159.62,-54.62
127,70,0.58325,262.41,119.62,-23.72,768.84,75.63,-48.91
127,71,0.59155,268.69,120.14,-24.12,756.62,62.99,-48.90
127,72,0.59961,274.23,120.23,-24.50,687.50,11.16,-46.97
127,73,0.60852,279.61,120.24,-24.88,603.77,0.27,-42.12
127,74,0.61670,284.39,119.91,-25.23,584.33,-40.30,-43.28
127,75,0.62524,289.13,119.50,-25.58,554.64,-47.22,-41.07
127,76,0.63354,293.72,118.82,-25.92,552.57,-82.37,-41.18
127,77,0.64148,298.30,118.06,-26.27,577.69,-95.57,-43.08
127,78,0.64990,302.87,117.02,-26.61,543.12,-123.59,-40.22
128,0,0.00000,0.00,0.00,0.00,92.81,0.00,-66.44
128,1,0.00781,0.82,0.15,-0.72,105.08,19.13,-91.80
128,2,0.01599,2.37,0.32,-2.10,188.81,20.77,-169.40
128,3,0.02454,3.99,0.50,-3.55,190.36,20.79,-169.64
128,4,0.03296,5.95,0.71,-5.26,232.25,25.30,-203.26
128,5,0.04114,7.89,0.92,-6.95,236.94,25.72,-205.60
128,6,0.04956,9.80,1.13,-8.54,226.81,24.41,-189.49
128,7,0.05798,11.61,1.32,-10.05,215.22,23.02,-178.62
128,8,0.06628,13.25,1.50,-11.38,197.43,21.09,-160.66
128,9,0.07471,14.89,1.67,-12.71,194.57,20.74,-158.33
128,10,0.08301,16.53,1.84,-14.05,197.43,21.09,-160.66
128,11,0.09106,18.16,2.02,-15.38,203.41,21.68,-165.53
128,12,0.09961,19.80,2.19,-16.71,191.79,20.49,-156.07
128,13,0.10828,21.42,2.37,-18.06,186.62,20.04,-155.63
128,14,0.11633,22.97,2.54,-19.47,192.80,21.18,-174.62
128,15,0.12476,24.53,2.71,-20.88,184.42,20.29,-167.03
128,16,0.13293,26.08,2.88,-22.28,189.93,20.86,-172.01
128,17,0.14111,27.61,3.05,-23.71,186.57,20.72,-174.25
128,18,0.14966,29.04,3.21,-25.20,167.86,19.25,-173.93
128,19,0.15784,30.47,3.38,-26.68,175.37,20.02,-181.72
128,20,0.16614,31.91,3.54,-28.17,172.79,19.82,-179.04
128,21,0.17468,33.34,3.71,-29.65,167.86,19.20,-173.93
128,22,0.18286,34.78,3.87,-31.14,175.37,20.05,-181.72
128,23,0.19128,36.21,4.04,-32.63,170.29,19.58,-176.45
128,24,0.19983,37.65,4.20,-34.11,167.86,19.19,-173.93
128,25,0.20825,39.06,4.36,-35.62,167.75,19.35,-178.62
128,26,0.21631,40.41,4.52,-37.18,167.42,19.92,-194.32
128,27,0.22485,41.76,4.68,-38.75,157.86,18.79,-183.21
128,28,0.23328,43.11,4.84,-40.31,160.14,19.08,-185.87
128,29,0.24133,44.43,5.00,-41.91,164.39,19.75,-198.11
128,30,0.25000,45.67,5.16,-43.60,142.61,18.02,-195.42
128,31,0.25806,46.88,5.31,-45.32,150.38,19.27,-213.64
128,32,0.26624,48.01,5.47,-47.14,138.43,18.65,-222.01
128,33,0.27466,49.04,5.61,-49.03,121.74,17.44,-224.64
128,34,0.28284,49.70,5.74,-51.18,81.72,15.62,-262.69
128,35,0.29114,50.28,5.87,-53.44,69.49,15.01,-271.69
128,36,0.29980,50.54,5.98,-56.05,29.93,12.93,-301.76
128,37,0.30798,50.84,6.10,-58.75,36.57,14.51,-330.22
128,38,0.31665,51.28,6.24,-61.75,50.70,16.15,-345.42
128,39,0.32471,51.78,6.38,-64.83,62.50,18.01,-382.20
128,40,0.33276,52.50,6.38,-68.20,89.02,-0.00,-418.56
128,41,0.34119,53.26,6.50,-71.66,89.86,13.85,-410.51
128,42,0.34937,54.15,6.50,-75.41,109.70,0.00,-458.58
128,43,0.35779,55.16,6.50,-79.22,119.57,0.00,-452.90
128,44,0.36609,56.54,6.50,-83.26,166.54,-0.00,-487.13
128,45,0.37451,58.50,6.50,-87.63,231.88,0.00,-518.84
128,46,0.38269,62.40,6.50,-93.12,477.61,0.00,-670.90
128,47,0.39124,66.18,6.50,-98.44,442.14,-0.00,-622.14
128,48,0.39966,69.53,6.50,-103.19,397.83,0.00,-564.13
128,49,0.40784,72.87,6.50,-107.92,407.84,0.00,-578.73
128,50,0.41626,76.20,6.50,-112.66,396.01,0.00,-561.96
128,51,0.42456,79.55,8.49,-117.40,403.31,239.39,-570.96
128,52,0.43286,82.93,17.12,-122.15,407.72,1040.13,-573.16
128,53,0.44104,86.32,25.68,-126.91,414.18,1046.12,-581.72
128,54,0.44971,89.72,33.97,-131.67,392.61,957.10,-548.94
128,55,0.45801,93.13,42.19,-136.42,410.29,990.01,-572.79
128,56,0.46606,96.54,50.15,-141.17,423.48,987.93,-589.02
128,57,0.47449,99.95,58.02,-145.91,404.71,934.10,-563.04
128,58,0.48291,103.36,65.58,-150.63,404.71,897.74,-560.87
128,59,0.49121,106.78,73.02,-155.38,412.50,896.56,-571.32
128,60,0.49951,110.29,80.12,-160.21,422.79,855.10,-582.72
128,61,0.50793,113.90,86.98,-165.16,427.90,814.84,-587.32
128,62,0.51660,117.89,93.27,-170.59,460.92,725.58,-626.06
128,63,0.52478,121.96,99.25,-176.10,497.01,730.78,-673.88
128,64,0.53308,126.25,104.23,-181.88,516.91,599.86,-696.32
128,65,0.54126,130.56,108.69,-187.68,526.87,545.75,-709.33
128,66,0.54980,134.92,111.50,-193.54,511.07,329.23,-686.07
128,67,0.55835,139.26,113.99,-199.36,507.14,290.75,-681.07
128,68,0.56616,143.48,115.42,-205.04,541.02,183.35,-726.17
128,69,0.57483,147.63,116.66,-210.60,477.82,143.42,-641.90
128,70,0.58289,151.49,117.30,-215.81,479.92,79.07,-646.59
128,71,0.59143,155.22,117.81,-220.84,436.43,59.30,-589.29
128,72,0.59985,158.51,117.90,-225.32,390.22,10.68,-531.16
128,73,0.60852,161.68,117.89,-229.65,366.20,-1.15,-500.00
128,74,0.61658,164.50,117.56,-233.53,349.62,-40.92,-481.06
128,75,0.62476,167.29,117.14,-237.37,341.04,-50.62,-469.40
128,76,0.63306,169.99,116.46,-241.09,325.37,-82.37,-448.53
128,77,0.64148,172.69,115.69,-244.81,320.65,-91.28,-441.67
128,78,0.64966,175.38,114.65,-248.52,329.48,-127.28,-453.73
129,0,0.00000,0.00,0.00,0.00,94.57,-0.00,-75.00
129,1,0.00830,0.85,0.00,-0.69,102.21,0.00,-82.72
129,2,0.01672,2.47,0.00,-1.98,192.03,0.00,-153.99
129,3,0.02515,4.17,0.00,-3.34,202.17,-0.00,-161.23
129,4,0.03333,6.22,0.00,-4.94,250.37,0.00,-195.52
129,5,0.04175,8.24,0.00,-6.51,240.58,-0.00,-186.23
129,6,0.05042,10.19,0.00,-7.96,224.65,0.00,-167.25
129,7,0.05823,12.09,0.00,-9.37,242.97,-0.00,-180.08
129,8,0.06702,13.80,0.00,-10.60,194.44,0.00,-140.97
129,9,0.07495,15.51,0.00,-11.84,215.38,0.00,-156.15
129,10,0.08313,17.21,0.00,-13.08,208.96,0.00,-151.49
129,11,0.09167,18.92,0.00,-14.32,200.00,0.00,-145.00
129,12,0.09973,20.63,0.00,-15.56,212.12,0.00,-153.79
129,13,0.10828,22.33,0.00,-16.82,198.21,0.00,-146.79
129,14,0.11658,23.96,0.00,-18.13,196.32,0.00,-158.82
129,15,0.12488,25.59,0.00,-19.45,196.32,0.00,-158.82
129,16,0.13330,27.22,0.00,-20.77,193.48,0.00,-156.52
129,17,0.14160,28.82,0.00,-22.10,193.38,0.00,-160.66
129,18,0.15002,30.33,0.00,-23.51,179.71,0.00,-166.67
129,19,0.15833,31.85,0.00,-24.91,182.35,0.00,-169.12
129,20,0.16663,33.36,0.00,-26.32,182.35,0.00,-169.12
129,21,0.17542,34.88,0.00,-27.72,172.22,0.00,-159.72
129,22,0.18311,36.39,0.00,-29.12,196.83,0.00,-182.54
129,23,0.19153,37.90,0.00,-30.53,179.71,0.00,-166.67
129,24,0.19995,39.42,0.00,-31.93,179.71,0.00,-166.67
129,25,0.20837,40.91,0.00,-33.35,177.90,0.00,-168.84
129,26,0.21692,42.35,0.00,-34.84,167.86,0.00,-174.29
129,27,0.22522,43.78,0.00,-36.33,172.79,0.00,-179.41
129,28,0.23328,45.22,0.00,-37.82,178.03,0.00,-184.85
129,29,0.24170,46.63,0.00,-39.33,167.75,0.00,-179.71
129,30,0.25000,47.96,0.00,-40.96,160.29,0.00,-195.59
129,31,0.25854,49.27,0.00,-42.61,153.21,0.00,-192.86
129,32,0.26697,50.50,0.00,-44.36,146.01,0.00,-207.97
129,33,0.27527,51.64,0.00,-46.18,137.50,-0.00,-219.49
129,34,0.28394,52.43,0.18,-48.29,90.85,20.57,-243.31
129,35,0.29163,53.14,0.18,-50.49,92.46,-0.00,-286.90
129,36,0.30005,53.54,0.38,-53.09,47.83,24.39,-308.33
129,37,0.30835,53.99,0.50,-55.76,53.68,14.01,-321.69
129,38,0.31653,54.60,0.63,-58.73,74.25,15.65,-362.69
129,39,0.32532,55.26,0.76,-61.76,75.69,14.82,-345.49
129,40,0.33350,56.16,0.90,-65.09,110.45,17.15,-406.72
129,41,0.34180,57.11,1.04,-68.49,113.60,17.23,-409.56
129,42,0.35022,58.21,1.20,-72.18,131.16,18.31,-438.41
129,43,0.35876,59.42,1.35,-75.93,141.07,18.16,-438.57
129,44,0.36682,61.02,1.51,-79.89,199.24,19.79,-491.67
129,45,0.37512,63.15,1.67,-84.11,256.25,19.77,-508.46
129,46,0.38342,67.36,1.86,-89.37,506.62,21.95,-633.82
129,47,0.39160,71.44,2.03,-94.49,499.25,21.69,-625.75
129,48,0.40002,75.03,2.19,-99.03,426.81,18.74,-539.13
129,49,0.40845,78.63,2.35,-103.57,426.81,18.72,-539.13
129,50,0.41699,82.22,2.51,-108.11,420.71,18.48,-531.43
129,51,0.42517,85.83,4.24,-112.66,441.04,211.84,-555.97
129,52,0.43372,89.47,12.87,-117.22,426.43,1010.41,-533.93
129,53,0.44177,93.12,21.44,-121.79,452.65,1063.21,-566.29
129,54,0.45032,96.78,29.74,-126.35,428.57,970.77,-533.93
129,55,0.45837,100.45,37.98,-130.92,455.68,1023.08,-567.05
129,56,0.46680,104.13,45.94,-135.47,435.87,944.97,-540.22
129,57,0.47522,107.79,53.82,-140.01,435.51,935.41,-539.49
129,58,0.48352,111.46,61.38,-144.54,441.54,910.95,-545.22
129,59,0.49158,115.14,68.83,-149.08,456.82,925.51,-563.64
129,60,0.50012,118.88,75.88,-153.67,438.21,824.21,-537.86
129,61,0.50842,122.74,82.77,-158.39,464.34,830.04,-568.38
129,62,0.51733,127.03,89.06,-163.59,481.51,705.70,-582.88
129,63,0.52490,131.38,95.08,-168.85,575.40,795.85,-695.56
129,64,0.53357,135.99,100.06,-174.38,531.34,574.51,-638.38
129,65,0.54175,140.61,104.60,-179.93,565.30,555.14,-678.36
129,66,0.55017,145.30,107.41,-185.54,556.52,334.00,-666.30
129,67,0.55884,149.96,109.94,-191.12,537.32,292.31,-643.31
129,68,0.56677,154.49,111.38,-196.55,571.54,180.53,-684.23
129,69,0.57507,158.95,112.65,-201.89,537.13,153.15,-643.38
129,70,0.58337,163.10,113.29,-206.88,500.00,76.74,-600.74
129,71,0.59180,167.13,113.81,-211.72,477.90,62.46,-575.00
129,72,0.59998,170.66,113.90,-216.00,431.72,11.00,-523.88
129,73,0.60828,174.09,113.91,-220.17,413.24,0.59,-502.21
129,74,0.61707,177.12,113.58,-223.89,344.79,-37.50,-422.57
129,75,0.62488,180.12,113.18,-227.57,384.38,-51.38,-471.48
129,76,0.63330,183.03,112.49,-231.14,344.93,-81.18,-423.55
129,77,0.64172,185.93,111.74,-234.70,344.57,-89.77,-423.19
129,78,0.65015,188.83,110.69,-238.26,344.20,-123.59,-422.10
130,0,0.00000,0.00,0.00,0.00,86.99,0.00,-73.63
130,1,0.00769,0.82,-0.00,-0.71,107.14,-0.00,-92.86
130,2,0.01648,2.40,0.14,-2.07,178.82,16.18,-153.82
130,3,0.02405,4.05,0.14,-3.48,218.95,0.00,-187.10
130,4,0.03259,6.04,0.30,-5.15,232.86,18.96,-195.36
130,5,0.04089,8.01,0.30,-6.79,237.50,0.00,-197.43
130,6,0.04919,9.91,0.47,-8.30,228.31,20.18,-182.35
130,7,0.05774,11.76,0.47,-9.77,216.43,0.00,-172.14
130,8,0.06604,13.42,0.62,-11.07,200.74,17.93,-156.25
130,9,0.07434,15.09,0.62,-12.37,200.74,0.00,-156.25
130,10,0.08252,16.76,0.76,-13.67,203.73,17.13,-158.58
130,11,0.09082,18.42,0.76,-14.96,200.74,0.00,-156.25
130,12,0.09900,20.09,0.90,-16.26,203.73,17.09,-158.58
130,13,0.10754,21.74,0.90,-17.57,192.86,0.00,-153.57
130,14,0.11584,23.32,1.05,-18.95,190.81,17.68,-165.44
130,15,0.12427,24.91,1.05,-20.32,188.04,0.00,-163.04
130,16,0.13232,26.49,1.05,-21.69,196.59,0.00,-170.45
130,17,0.14075,28.05,1.05,-23.08,185.14,-0.00,-164.86
130,18,0.14905,29.51,1.05,-24.54,176.47,-0.00,-175.37
130,19,0.15747,30.98,1.05,-25.99,173.91,0.00,-172.83
130,20,0.16602,32.44,1.05,-27.45,171.43,-0.00,-170.36
130,21,0.17432,33.91,1.05,-28.90,176.47,0.00,-175.37
130,22,0.18262,35.37,1.05,-30.36,176.47,0.00,-175.37
130,23,0.19080,36.84,1.05,-31.81,179.10,0.00,-177.99
130,24,0.19910,38.30,1.05,-33.27,176.47,0.00,-175.37
130,25,0.20740,39.75,1.05,-34.74,174.26,0.00,-177.57
130,26,0.21606,41.13,1.05,-36.28,159.51,0.00,-177.46
130,27,0.22412,42.51,1.05,-37.82,171.59,0.00,-190.91
130,28,0.23242,43.90,1.05,-39.36,166.54,0.00,-185.29
130,29,0.24072,45.26,1.05,-40.92,163.97,0.00,-188.24
130,30,0.24902,46.53,1.05,-42.59,153.31,0.00,-200.74
130,31,0.25757,47.78,1.05,-44.28,146.43,0.00,-198.21
130,32,0.26587,48.95,1.05,-46.07,140.81,0.00,-215.81
130,33,0.27441,50.03,1.05,-47.93,126.07,0.00,-217.86
130,34,0.28247,50.74,1.05,-50.07,88.64,0.00,-265.15
130,35,0.29077,51.38,1.05,-52.30,76.47,0.00,-268.75
130,36,0.29907,51.69,1.05,-54.91,37.87,0.00,-314.34
130,37,0.30786,52.04,1.05,-57.60,39.93,0.00,-305.56
130,38,0.31580,52.55,1.05,-60.58,63.46,0.00,-376.15
130,39,0.32434,53.11,1.05,-63.64,65.71,0.00,-357.86
130,40,0.33252,53.89,1.05,-66.99,96.27,0.00,-410.07
130,41,0.34082,54.72,1.05,-70.42,99.63,0.00,-413.24
130,42,0.34912,55.70,1.05,-74.15,117.65,0.00,-449.26
130,43,0.35754,56.77,1.05,-77.94,127.90,0.00,-449.64
130,44,0.36584,58.24,1.05,-81.95,176.84,0.00,-483.46
130,45,0.37476,60.22,1.05,-86.24,222.26,0.00,-481.51
130,46,0.38257,64.25,1.05,-91.64,514.84,0.00,-691.41
130,47,0.39087,68.15,1.05,-96.90,470.59,0.00,-633.09
130,48,0.39929,71.59,1.05,-101.56,407.97,0.00,-553.62
130,49,0.40747,75.02,1.05,-106.23,420.15,0.00,-570.15
130,50,0.41602,78.46,1.05,-110.89,402.14,0.00,-545.71
130,51,0.42419,81.91,2.78,-115.55,421.27,211.56,-570.52
130,52,0.43237,85.39,11.41,-120.24,426.12,1055.65,-572.76
130,53,0.44080,88.88,19.98,-124.92,414.13,1017.00,-556.16
130,54,0.44897,92.38,28.27,-129.61,428.36,1014.24,-572.76
130,55,0.45789,95.89,36.50,-134.29,393.15,923.32,-525.34
130,56,0.46606,99.40,44.46,-138.96,429.10,973.18,-571.27
130,57,0.47424,102.91,52.34,-143.63,429.10,963.43,-570.90
130,58,0.48242,106.41,59.90,-148.28,428.73,924.54,-568.66
130,59,0.49084,109.93,67.36,-152.95,418.12,885.40,-553.99
130,60,0.49915,113.52,74.40,-157.67,431.62,848.45,-569.12
130,61,0.50757,117.21,81.29,-162.52,438.04,818.20,-575.36
130,62,0.51599,121.32,87.58,-167.86,488.04,746.61,-634.06
130,63,0.52429,125.49,93.61,-173.27,502.57,725.97,-651.84
130,64,0.53235,129.90,98.59,-178.96,547.73,618.04,-706.06
130,65,0.54114,134.33,103.13,-184.66,503.82,517.12,-648.96
130,66,0.54907,138.82,105.94,-190.43,566.15,354.56,-727.31
130,67,0.55737,143.28,108.48,-196.16,537.50,305.56,-690.44
130,68,0.56580,147.63,109.91,-201.75,515.94,170.07,-662.68
130,69,0.57434,151.90,111.19,-207.24,500.00,148.97,-642.50
130,70,0.58240,155.88,111.82,-212.36,493.56,79.07,-636.36
130,71,0.59094,159.74,112.35,-217.34,451.43,61.71,-582.86
130,72,0.59900,163.12,112.44,-221.75,419.70,11.16,-546.59
130,73,0.60767,166.40,112.45,-226.03,378.87,0.67,-494.37
130,74,0.61572,169.30,112.12,-229.85,359.85,-40.91,-473.48
130,75,0.62402,172.17,111.72,-233.63,346.32,-48.27,-455.88
130,76,0.63232,174.95,111.03,-237.30,334.93,-82.37,-441.54
130,77,0.64062,177.73,110.28,-240.96,334.56,-91.00,-441.18
130,78,0.64941,180.51,109.24,-244.61,315.62,-118.44,-415.62
131,0,0.00000,0.00,0.00,0.00,80.88,0.00,-91.91
131,1,0.00830,0.72,0.14,-0.82,86.40,16.41,-99.26
131,2,0.01660,2.08,0.27,-2.38,164.71,16.11,-187.50
131,3,0.02502,3.53,0.41,-4.01,171.38,16.72,-193.84
131,4,0.03333,5.27,0.58,-5.94,209.56,20.20,-232.72
131,5,0.04175,6.99,0.74,-7.84,204.71,19.60,-225.36
131,6,0.04993,8.66,0.90,-9.61,203.73,19.10,-215.67
131,7,0.05835,10.28,1.05,-11.32,193.12,18.03,-203.62
131,8,0.06726,11.75,1.19,-12.84,164.73,15.22,-170.21
131,9,0.07507,13.22,1.32,-14.36,187.89,17.38,-194.14
131,10,0.08337,14.69,1.46,-15.87,176.84,16.29,-182.72
131,11,0.09180,16.16,1.65,-17.39,174.28,22.38,-180.07
131,12,0.10010,17.62,1.65,-18.91,176.84,0.00,-182.72
131,13,0.10840,19.07,1.84,-20.43,174.63,23.16,-184.19
131,14,0.11670,20.45,1.84,-22.02,165.81,0.00,-190.44
131,15,0.12500,21.83,1.84,-23.60,165.81,0.00,-190.44
131,16,0.13330,23.20,1.84,-25.18,165.81,0.00,-190.44
131,17,0.14160,24.55,1.84,-26.77,162.87,0.00,-192.28
131,18,0.14990,25.80,1.84,-28.42,150.00,0.00,-198.53
131,19,0.15845,27.04,1.84,-30.07,145.71,0.00,-192.86
131,20,0.16736,28.29,1.84,-31.72,139.73,0.00,-184.93
131,21,0.17493,29.53,1.84,-33.36,164.52,0.00,-217.74
131,22,0.18323,30.78,1.84,-35.01,150.00,0.00,-198.53
131,23,0.19177,32.03,1.84,-36.66,145.71,0.00,-192.86
131,24,0.20007,33.29,1.84,-38.33,152.21,0.00,-201.47
131,25,0.20837,34.52,1.84,-39.99,147.79,0.00,-200.00
131,26,0.21667,35.67,1.84,-41.71,138.97,0.00,-206.62
131,27,0.22498,36.82,1.84,-43.42,138.97,0.00,-206.62
131,28,0.23376,37.98,1.84,-45.14,131.25,0.00,-195.14
131,29,0.24182,39.10,1.84,-46.88,139.77,0.00,-215.91
131,30,0.25000,40.13,1.84,-48.71,125.75,0.00,-223.51
131,31,0.25842,41.13,1.84,-50.56,118.84,0.00,-219.93
131,32,0.26672,42.04,1.84,-52.50,109.19,0.00,-233.46
131,33,0.27563,42.84,1.84,-54.51,90.07,0.00,-226.37
131,34,0.28333,43.25,1.84,-56.73,53.17,0.00,-287.70
131,35,0.29199,43.55,1.84,-59.05,35.21,0.00,-267.61
131,36,0.30005,43.50,1.84,-61.67,-6.82,0.00,-326.14
131,37,0.30859,43.48,1.84,-64.39,-2.86,0.00,-318.21
131,38,0.31677,43.56,1.84,-67.42,10.07,0.00,-369.78
131,39,0.32520,43.69,1.84,-70.54,15.94,0.00,-370.29
131,40,0.33337,44.00,1.84,-73.97,38.06,0.00,-419.78
131,41,0.34180,44.35,1.84,-77.50,40.94,0.00,-419.57
131,42,0.35010,44.79,1.84,-81.33,53.68,0.00,-461.40
131,43,0.35852,45.34,1.84,-85.24,65.22,0.00,-464.13
131,44,0.36743,46.24,1.84,-89.42,100.34,0.00,-468.84
131,45,0.37585,47.86,1.84,-94.35,192.75,0.00,-584.78
131,46,0.38379,51.09,1.84,-100.26,406.92,0.00,-745.00
131,47,0.39209,54.18,1.84,-105.93,372.06,0.00,-683.82
131,48,0.40039,56.93,1.84,-111.03,331.62,0.00,-613.97
131,49,0.40869,59.68,1.84,-116.13,331.62,0.00,-613.97
131,50,0.41772,62.44,1.84,-121.22,304.73,0.00,-564.19
131,51,0.42578,65.27,4.57,-126.46,351.89,338.43,-649.62
131,52,0.43420,68.08,13.26,-131.62,334.06,1031.86,-612.68
131,53,0.44238,70.89,21.78,-136.74,342.54,1042.30,-626.87
131,54,0.45081,73.70,30.08,-141.87,334.06,984.84,-608.70
131,55,0.45886,76.52,38.26,-146.99,349.62,1016.17,-635.98
131,56,0.46741,79.34,46.22,-152.11,330.36,931.47,-598.93
131,57,0.47571,82.16,54.05,-157.22,340.07,943.42,-615.81
131,58,0.48401,84.99,61.62,-162.32,340.07,910.95,-613.60
131,59,0.49304,87.83,69.01,-167.44,314.86,818.57,-566.89
131,60,0.50098,90.72,76.05,-172.62,363.85,887.61,-652.69
131,61,0.50916,93.74,82.85,-178.02,370.15,831.37,-660.07
131,62,0.51733,97.07,89.14,-183.88,406.34,768.90,-716.79
131,63,0.52576,100.47,95.01,-189.87,404.35,696.47,-710.87
131,64,0.53418,104.05,99.99,-196.12,424.28,591.17,-742.03
131,65,0.54224,107.64,104.27,-202.39,446.21,531.32,-779.17
131,66,0.55054,111.28,107.08,-208.73,438.60,338.91,-763.97
131,67,0.55884,114.89,109.45,-215.01,434.19,285.26,-755.88
131,68,0.56750,118.41,110.88,-221.14,406.34,165.27,-707.75
131,69,0.57568,121.83,112.06,-227.11,418.66,143.77,-730.22
131,70,0.58411,125.05,112.69,-232.75,382.25,75.63,-668.84
131,71,0.59265,128.12,113.15,-238.12,358.57,53.90,-628.93
131,72,0.60071,130.85,113.24,-242.96,339.39,11.16,-600.00
131,73,0.60901,133.46,113.20,-247.58,313.97,-5.47,-556.99
131,74,0.61731,135.79,112.87,-251.76,281.62,-39.71,-504.04
131,75,0.62598,138.10,112.42,-255.89,266.20,-51.21,-476.41
131,76,0.63428,140.34,111.74,-259.91,269.85,-82.37,-484.19
131,77,0.64270,142.58,110.94,-263.93,265.94,-94.86,-476.45
131,78,0.65088,144.82,109.90,-267.93,273.51,-127.28,-489.55
132,0,0.00000,0.00,0.00,0.00,8.33,0.00,-120.29
132,1,0.00916,0.10,0.00,-1.09,11.00,0.00,-118.67
132,2,0.01758,0.30,-0.00,-3.15,23.55,-0.00,-244.93
132,3,0.02576,0.51,0.11,-5.32,26.12,13.80,-264.93
132,4,0.03333,0.79,0.11,-7.90,36.69,0.00,-341.53
132,5,0.04175,1.08,0.11,-10.45,34.06,0.00,-302.54
132,6,0.05005,1.39,0.26,-12.85,38.24,18.23,-289.71
132,7,0.05920,1.71,0.26,-15.19,34.33,0.00,-255.67
132,8,0.06750,2.01,0.26,-17.29,36.40,-0.00,-251.84
132,9,0.07593,2.31,0.41,-19.38,35.87,17.15,-248.19
132,10,0.08350,2.62,0.41,-21.47,39.92,-0.00,-276.21
132,11,0.09167,2.92,0.41,-23.56,36.94,-0.00,-255.60
132,12,0.10010,3.22,0.55,-25.65,35.87,16.75,-248.19
132,13,0.10925,3.50,0.55,-27.74,30.67,0.00,-228.33
132,14,0.11755,3.69,0.55,-29.82,23.16,0.00,-251.47
132,15,0.12622,3.88,0.67,-31.91,22.18,13.84,-240.85
132,16,0.13342,4.08,0.67,-34.00,26.69,0.00,-289.83
132,17,0.14185,4.24,0.67,-36.08,19.20,-0.00,-247.10
132,18,0.14990,4.28,0.67,-38.15,5.68,0.00,-256.44
132,19,0.15906,4.33,0.67,-40.21,5.00,0.00,-225.67
132,20,0.16748,4.38,0.67,-42.28,5.43,0.00,-245.29
132,21,0.17578,4.42,0.67,-44.35,5.51,0.00,-248.90
132,22,0.18335,4.47,0.67,-46.41,6.05,0.00,-272.98
132,23,0.19153,4.51,0.67,-48.48,5.60,0.00,-252.61
132,24,0.19995,4.56,0.67,-50.54,5.43,0.00,-245.29
132,25,0.20898,4.58,0.67,-52.61,2.70,0.00,-228.72
132,26,0.21802,4.52,0.67,-54.68,-7.43,0.00,-228.72
132,27,0.22583,4.45,0.67,-56.77,-8.59,0.00,-268.75
132,28,0.23328,4.38,0.67,-58.84,-9.02,0.00,-277.46
132,29,0.24158,4.28,0.67,-60.91,-12.50,0.00,-249.26
132,30,0.25000,4.04,0.67,-62.99,-28.26,0.00,-247.46
132,31,0.25916,3.77,0.67,-65.08,-29.67,0.00,-228.00
132,32,0.26746,3.37,0.67,-67.18,-47.79,0.00,-253.31
132,33,0.27600,2.85,0.67,-69.27,-61.07,0.00,-244.29
132,34,0.28320,1.89,0.67,-71.31,-133.90,0.00,-282.63
132,35,0.29163,0.79,0.67,-73.36,-130.43,0.00,-243.12
132,36,0.30005,-0.79,0.67,-75.45,-187.68,0.00,-249.28
132,37,0.30920,-2.40,0.67,-77.64,-175.67,0.00,-238.67
132,38,0.31812,-4.10,0.67,-80.14,-191.10,0.00,-280.48
132,39,0.32581,-5.84,0.67,-82.77,-225.40,0.00,-342.46
132,40,0.33337,-7.59,0.67,-85.74,-231.85,0.00,-391.94
132,41,0.34180,-9.38,0.67,-88.80,-211.59,0.00,-363.04
132,42,0.34998,-11.25,0.67,-92.16,-229.48,0.00,-411.57
132,43,0.35913,-13.10,0.67,-95.65,-201.33,0.00,-381.33
132,44,0.36755,-14.82,0.67,-99.57,-204.35,0.00,-464.49
132,45,0.37585,-16.34,0.67,-104.11,-183.09,0.00,-547.43
132,46,0.38318,-17.18,0.67,-110.79,-115.00,0.00,-912.50
132,47,0.39136,-18.00,0.67,-117.26,-100.37,0.00,-791.04
132,48,0.39978,-18.75,0.67,-123.01,-89.13,0.00,-681.88
132,49,0.40894,-19.50,0.67,-128.75,-82.00,0.00,-627.33
132,50,0.41748,-20.25,0.67,-134.49,-87.86,0.00,-672.14
132,51,0.42554,-21.00,2.64,-140.25,-92.80,244.44,-714.39
132,52,0.43347,-21.73,11.27,-146.04,-92.31,1088.14,-730.00
132,53,0.44165,-22.46,19.83,-151.84,-89.18,1046.21,-708.58
132,54,0.44971,-23.18,28.12,-157.64,-89.02,1029.61,-720.45
132,55,0.45862,-23.89,36.34,-163.45,-80.14,922.28,-651.37
132,56,0.46631,-24.60,44.30,-169.25,-91.67,1034.97,-754.37
132,57,0.47461,-25.30,52.17,-175.05,-84.56,947.94,-698.53
132,58,0.48303,-25.99,59.73,-180.83,-82.25,897.74,-686.59
132,59,0.49133,-26.68,67.18,-186.64,-83.09,896.69,-699.63
132,60,0.49963,-27.37,74.22,-192.53,-82.72,848.45,-709.56
132,61,0.50806,-28.07,81.09,-198.60,-82.97,815.72,-721.01
132,62,0.51709,-28.80,87.38,-205.30,-81.42,696.16,-741.55
132,63,0.52454,-29.54,93.37,-212.10,-99.18,804.40,-913.52
132,64,0.53308,-30.30,98.35,-219.26,-88.57,582.72,-837.86
132,65,0.54114,-31.05,102.83,-226.44,-93.94,556.68,-891.67
132,66,0.55029,-31.81,105.65,-233.72,-82.67,307.28,-794.33
132,67,0.55847,-32.56,108.14,-240.93,-91.79,305.44,-882.46
132,68,0.56702,-33.29,109.58,-247.97,-85.71,167.64,-823.57
132,69,0.57593,-34.01,110.83,-254.87,-80.82,140.37,-774.66
132,70,0.58386,-34.70,111.46,-261.33,-86.15,80.28,-813.08
132,71,0.59204,-35.37,111.98,-267.56,-81.72,62.62,-762.69
132,72,0.60071,-35.98,112.07,-273.08,-70.42,10.38,-636.62
132,73,0.60986,-36.58,112.06,-278.43,-65.33,-0.64,-584.00
132,74,0.61938,-37.14,111.72,-283.28,-58.97,-35.27,-509.29
132,75,0.62659,-37.75,111.22,-288.57,-85.59,-69.91,-734.32
132,76,0.63501,-38.29,110.54,-293.13,-63.41,-81.18,-542.39
132,77,0.64258,-38.82,109.72,-297.70,-70.56,-107.97,-603.23
132,78,0.65112,-39.35,108.68,-302.26,-62.14,-121.82,-533.21
133,0,0.00000,0.00,0.00,0.00,49.64,0.00,-112.32
133,1,0.00757,0.39,-0.00,-1.05,51.61,-0.00,-138.71
133,2,0.01575,1.12,-0.00,-2.99,89.55,-0.00,-236.94
133,3,0.02417,1.90,-0.00,-5.04,92.75,-0.00,-243.12
133,4,0.03308,2.85,-0.00,-7.46,106.16,-0.00,-271.58
133,5,0.04065,3.80,-0.00,-9.84,125.00,0.00,-314.52
133,6,0.04895,4.73,-0.00,-12.07,112.87,0.00,-269.49
133,7,0.05737,5.65,-0.00,-14.24,108.70,0.00,-257.61
133,8,0.06592,6.49,-0.00,-16.18,98.21,0.00,-226.79
133,9,0.07446,7.33,-0.00,-18.12,98.21,0.00,-226.79
133,10,0.08374,8.17,-0.00,-20.06,90.46,0.00,-208.88
133,11,0.09167,9.01,-0.00,-21.99,105.77,0.00,-244.23
133,12,0.10022,9.84,-0.00,-23.93,98.21,0.00,-226.79
133,13,0.10767,10.66,-0.00,-25.88,109.43,0.00,-261.07
133,14,0.11584,11.39,-0.00,-27.84,89.55,0.00,-240.30
133,15,0.12415,12.12,-0.00,-29.81,88.24,0.00,-236.76
133,16,0.13354,12.86,-0.00,-31.77,77.92,0.00,-209.09
133,17,0.14087,13.56,-0.00,-33.74,95.42,0.00,-268.75
133,18,0.14905,14.14,-0.00,-35.72,71.64,0.00,-242.16
133,19,0.15747,14.73,-0.00,-37.70,69.57,0.00,-235.14
133,20,0.16614,15.31,-0.00,-39.68,67.61,0.00,-228.52
133,21,0.17432,15.90,-0.00,-41.66,71.64,0.00,-242.16
133,22,0.18237,16.49,-0.00,-43.64,72.73,0.00,-245.83
133,23,0.19092,17.07,-0.00,-45.62,68.57,0.00,-231.79
133,24,0.19983,17.66,-0.00,-47.60,65.75,0.00,-222.26
133,25,0.20752,18.22,-0.00,-49.59,73.02,0.00,-258.33
133,26,0.21582,18.70,-0.00,-51.60,57.35,0.00,-242.28
133,27,0.22437,19.17,-0.00,-53.61,55.71,0.00,-235.36
133,28,0.23352,19.65,-0.00,-55.62,52.00,0.00,-219.67
133,29,0.24097,20.09,-0.00,-57.65,59.43,0.00,-272.13
133,30,0.24927,20.41,-0.00,-59.72,38.24,0.00,-249.63
133,31,0.25757,20.69,-0.00,-61.81,34.19,0.00,-251.47
133,32,0.26587,20.86,-0.00,-63.94,20.22,0.00,-256.99
133,33,0.27429,20.90,-0.00,-66.09,4.71,0.00,-255.43
133,34,0.28333,20.50,-0.00,-68.31,-43.92,0.00,-245.27
133,35,0.29187,19.98,-0.00,-70.58,-61.43,0.00,-265.36
133,36,0.30042,19.00,-0.00,-73.02,-114.29,0.00,-285.71
133,37,0.30774,18.02,-0.00,-75.56,-133.75,0.00,-346.25
133,38,0.31592,17.01,-0.00,-78.47,-123.13,0.00,-356.34
133,39,0.32471,16.04,-0.00,-81.44,-110.42,0.00,-338.19
133,40,0.33350,15.13,-0.00,-84.77,-104.17,0.00,-378.12
133,41,0.34106,14.21,-0.00,-88.19,-121.37,0.00,-452.42
133,42,0.34924,13.28,-0.00,-91.93,-113.81,0.00,-457.46
133,43,0.35767,12.42,-0.00,-95.79,-101.81,0.00,-458.33
133,44,0.36584,11.79,-0.00,-100.02,-77.61,0.00,-516.79
133,45,0.37427,11.53,-0.00,-104.84,-30.07,0.00,-572.10
133,46,0.38257,12.47,-0.00,-111.51,113.24,0.00,-803.68
133,47,0.39099,13.37,-0.00,-117.95,106.88,0.00,-764.86
133,48,0.40051,14.15,-0.00,-123.69,82.05,0.00,-602.88
133,49,0.40771,14.94,-0.00,-129.43,108.47,0.00,-797.03
133,50,0.41602,15.72,-0.00,-135.17,94.12,0.00,-691.54
133,51,0.42432,16.51,2.10,-140.92,95.22,252.83,-692.65
133,52,0.43323,17.32,10.73,-146.70,91.10,968.89,-648.97
133,53,0.44104,18.14,19.28,-152.49,104.69,1094.60,-740.23
133,54,0.44983,18.97,27.58,-158.28,94.44,943.81,-658.68
133,55,0.45764,19.80,35.79,-164.07,106.64,1051.33,-741.02
133,56,0.46570,20.64,43.75,-169.85,104.55,987.93,-717.80
133,57,0.47412,21.48,51.61,-175.63,100.00,933.49,-686.23
133,58,0.48291,22.33,59.18,-181.39,96.53,860.34,-655.56
133,59,0.49084,23.19,66.61,-187.18,108.08,937.09,-729.23
133,60,0.49963,24.07,73.65,-193.04,100.35,801.31,-667.01
133,61,0.50745,24.99,80.51,-199.09,117.97,878.01,-775.00
133,62,0.51575,26.04,86.80,-205.75,126.10,757.59,-801.84
133,63,0.52417,27.11,92.77,-212.52,127.17,708.81,-803.26
133,64,0.53296,28.26,97.75,-219.62,130.21,566.53,-808.68
133,65,0.54089,29.41,102.20,-226.76,145.38,561.16,-899.23
133,66,0.54944,30.58,105.02,-233.98,137.50,329.23,-844.64
133,67,0.55786,31.75,107.50,-241.13,138.41,294.13,-850.00
133,68,0.56604,32.89,108.93,-248.12,139.18,175.14,-853.73
133,69,0.57446,34.00,110.17,-254.96,131.88,147.10,-812.32
133,70,0.58264,35.03,110.80,-261.36,126.12,77.89,-783.21
133,71,0.59155,36.02,111.31,-267.55,110.96,56.55,-693.84
133,72,0.59998,36.88,111.40,-273.03,101.81,10.68,-651.45
133,73,0.60767,37.70,111.39,-278.34,106.75,-1.58,-689.68
133,74,0.61597,38.41,111.06,-283.08,86.03,-39.71,-570.96
133,75,0.62427,39.12,110.64,-287.77,85.29,-50.09,-565.44
133,76,0.63318,39.80,109.96,-292.32,76.71,-76.73,-510.62
133,77,0.64099,40.49,109.19,-296.87,87.50,-98.64,-582.03
133,78,0.64929,41.17,108.14,-301.40,82.35,-125.40,-546.32
134,0,0.00000,0.00,0.00,0.00,91.29,-0.00,-86.74
134,1,0.00806,0.79,0.17,-0.75,98.11,21.21,-93.18
134,2,0.01648,2.30,0.34,-2.17,178.99,19.99,-168.84
134,3,0.02490,3.89,0.52,-3.66,188.77,21.02,-176.81
134,4,0.03296,5.80,0.73,-5.42,237.50,26.20,-218.56
134,5,0.04175,7.70,0.94,-7.15,215.62,23.69,-196.53
134,6,0.04980,9.52,1.13,-8.75,226.14,24.37,-198.48
134,7,0.05811,11.30,1.32,-10.30,214.34,23.05,-187.13
134,8,0.06641,12.90,1.49,-11.68,193.38,20.62,-165.44
134,9,0.07495,14.51,1.67,-13.05,187.86,20.01,-160.71
134,10,0.08325,16.11,1.84,-14.42,193.38,20.60,-165.44
134,11,0.09143,17.72,2.01,-15.80,196.27,20.90,-167.91
134,12,0.10034,19.32,2.18,-17.17,180.14,19.17,-154.11
134,13,0.10815,20.91,2.35,-18.55,203.12,21.87,-177.34
134,14,0.11646,22.43,2.52,-20.00,183.09,20.53,-173.90
134,15,0.12488,23.95,2.69,-21.44,180.43,20.19,-171.38
134,16,0.13342,25.47,2.86,-22.89,177.86,19.96,-168.93
134,17,0.14148,26.97,3.03,-24.34,185.61,21.09,-181.06
134,18,0.15002,28.36,3.20,-25.87,163.21,19.65,-178.21
134,19,0.15808,29.75,3.37,-27.39,173.11,20.84,-189.02
134,20,0.16663,31.15,3.53,-28.91,163.21,19.69,-178.21
134,21,0.17505,32.55,3.70,-30.44,166.67,20.07,-181.88
134,22,0.18347,33.95,3.87,-31.97,165.58,19.92,-180.80
134,23,0.19153,35.34,4.07,-33.49,173.11,24.63,-189.02
134,24,0.20032,36.74,4.19,-35.01,158.68,13.96,-173.26
134,25,0.20825,38.12,4.33,-36.55,173.85,17.47,-193.85
134,26,0.21643,39.43,4.47,-38.15,160.07,16.95,-195.52
134,27,0.22485,40.73,4.61,-39.75,155.43,16.46,-189.86
134,28,0.23340,42.04,4.75,-41.35,153.21,16.25,-187.14
134,29,0.24146,43.33,4.89,-42.97,159.85,17.20,-201.52
134,30,0.24988,44.53,5.02,-44.70,141.67,16.54,-204.71
134,31,0.25842,45.70,5.16,-46.44,137.14,16.29,-204.64
134,32,0.26648,46.78,5.30,-48.29,134.85,17.33,-228.79
134,33,0.27490,47.77,5.44,-50.20,117.39,16.39,-226.81
134,34,0.28357,48.39,5.57,-52.37,71.13,15.30,-250.00
134,35,0.29163,48.92,5.71,-54.62,65.53,16.44,-280.30
134,36,0.29993,49.11,5.84,-57.24,23.16,16.11,-315.81
134,37,0.30823,49.34,5.98,-59.95,27.57,16.76,-325.37
134,38,0.31653,49.70,6.14,-62.95,44.12,19.32,-361.76
134,39,0.32507,50.13,6.31,-66.03,49.29,19.49,-360.71
134,40,0.33325,50.76,6.50,-69.42,77.24,23.37,-414.18
134,41,0.34131,51.43,6.69,-72.89,82.95,24.40,-430.30
134,42,0.34973,52.23,6.91,-76.65,95.65,25.85,-447.46
134,43,0.35815,53.13,7.14,-80.49,107.25,26.74,-455.07
134,44,0.36633,54.42,7.39,-84.56,156.72,31.19,-498.51
134,45,0.37476,56.21,7.69,-88.95,213.04,34.99,-521.01
134,46,0.38318,59.98,8.13,-94.53,447.46,52.93,-662.68
134,47,0.39148,63.64,8.57,-99.96,440.44,52.14,-653.68
134,48,0.40002,66.85,8.95,-104.78,376.79,44.84,-563.57
134,49,0.40808,70.07,9.33,-109.59,399.62,47.52,-597.73
134,50,0.41638,73.29,9.71,-114.41,387.87,46.16,-580.15
134,51,0.42480,76.52,11.49,-119.23,383.33,211.10,-572.46
134,52,0.43311,79.79,20.15,-124.08,394.12,1042.53,-584.56
134,53,0.44165,83.06,28.71,-128.92,382.50,1002.16,-566.43
134,54,0.45007,86.35,37.01,-133.76,389.86,985.18,-575.00
134,55,0.45837,89.63,45.23,-138.60,395.96,990.88,-583.09
134,56,0.46667,92.93,53.19,-143.44,396.69,958.87,-581.99
134,57,0.47510,96.22,61.07,-148.26,390.58,935.12,-572.83
134,58,0.48340,99.54,68.70,-153.11,400.00,919.57,-584.56
134,59,0.49170,102.84,76.15,-157.94,398.16,897.32,-581.25
134,60,0.50012,106.21,83.21,-162.84,400.36,838.75,-581.52
134,61,0.50867,109.69,90.09,-167.86,406.43,804.68,-588.21
134,62,0.51672,113.55,96.38,-173.39,479.17,780.55,-685.61
134,63,0.52527,117.47,102.38,-178.99,458.93,702.04,-655.71
134,64,0.53320,121.62,107.36,-184.88,522.69,627.55,-741.92
134,65,0.54163,125.78,111.86,-190.78,494.20,534.26,-701.09
134,66,0.54980,130.00,114.67,-196.75,516.04,343.97,-729.85
134,67,0.55811,134.19,117.18,-202.68,504.78,302.10,-713.97
134,68,0.56641,138.27,118.61,-208.45,491.91,172.57,-695.96
134,69,0.57495,142.28,119.87,-214.13,468.93,147.04,-663.93
134,70,0.58313,146.01,120.50,-219.43,456.72,77.89,-648.51
134,71,0.59167,149.62,121.02,-224.57,422.50,60.38,-601.43
134,72,0.60010,152.80,121.11,-229.13,376.81,10.68,-540.94
134,73,0.60815,155.87,121.11,-233.54,381.44,-0.36,-548.48
134,74,0.61646,158.59,120.78,-237.49,327.57,-39.71,-475.37
134,75,0.62500,161.29,120.37,-241.40,315.36,-47.75,-457.86
134,76,0.63354,163.89,119.69,-245.19,305.36,-80.02,-443.57
134,77,0.64148,166.50,118.92,-248.98,328.46,-96.14,-477.31
134,78,0.65002,169.10,117.88,-252.76,304.64,-121.82,-442.14
135,0,0.00000,0.00,0.00,0.00,-89.79,20.25,-75.35
135,1,0.00806,-0.84,0.15,-0.70,-103.79,18.82,-87.12
135,2,0.01624,-2.42,0.46,-2.04,-193.28,37.43,-163.81
135,3,0.02441,-4.07,0.74,-3.45,-202.61,35.11,-172.76
135,4,0.03284,-6.04,1.12,-5.16,-232.97,44.00,-202.54
135,5,0.04138,-7.97,1.48,-6.85,-225.71,42.88,-197.86
135,6,0.05017,-9.76,1.83,-8.49,-203.82,39.93,-186.11
135,7,0.05798,-11.50,2.18,-10.08,-223.05,43.85,-204.30
135,8,0.06628,-13.04,2.48,-11.53,-185.66,37.13,-173.90
135,9,0.07458,-14.58,2.79,-12.97,-185.66,37.13,-173.90
135,10,0.08301,-16.12,3.10,-14.41,-182.97,36.58,-171.38
135,11,0.09143,-17.66,3.35,-15.86,-182.97,29.75,-171.38
135,12,0.09961,-19.20,3.51,-17.30,-188.43,19.37,-176.49
135,13,0.10852,-20.76,3.51,-18.72,-174.32,-0.00,-159.59
135,14,0.11621,-22.36,3.61,-20.07,-208.73,13.31,-175.40
135,15,0.12451,-23.97,3.61,-21.42,-193.38,-0.00,-162.50
135,16,0.13306,-25.57,3.71,-22.77,-187.86,11.86,-157.86
135,17,0.14148,-27.19,3.71,-24.09,-192.03,0.00,-156.88
135,18,0.14966,-28.86,3.71,-25.31,-204.10,-0.00,-148.88
135,19,0.15808,-30.53,3.83,-26.53,-198.19,13.58,-144.57
135,20,0.16650,-32.20,3.83,-27.74,-198.19,-0.00,-144.57
135,21,0.17456,-33.87,3.83,-28.96,-207.20,-0.00,-151.14
135,22,0.18286,-35.54,3.94,-30.18,-201.10,13.21,-146.69
135,23,0.19153,-37.21,3.94,-31.40,-192.61,-0.00,-140.49
135,24,0.19995,-38.88,3.94,-32.61,-198.19,-0.00,-144.57
135,25,0.20813,-40.56,4.05,-33.81,-205.60,13.35,-146.64
135,26,0.21619,-42.29,4.05,-34.94,-215.15,0.00,-139.77
135,27,0.22510,-44.02,4.05,-36.07,-194.52,0.00,-126.37
135,28,0.23291,-45.76,4.05,-37.19,-221.88,0.00,-144.14
135,29,0.24146,-47.52,4.17,-38.29,-205.71,15.05,-128.57
135,30,0.24963,-49.36,4.17,-39.29,-225.75,-0.00,-121.64
135,31,0.25818,-51.23,4.17,-40.26,-218.57,-0.00,-113.57
135,32,0.26624,-53.18,4.17,-41.13,-242.42,-0.00,-108.71
135,33,0.27466,-55.19,4.17,-41.90,-238.41,0.00,-91.67
135,34,0.28308,-57.41,4.17,-42.27,-263.77,0.00,-43.84
135,35,0.29126,-59.71,4.17,-42.55,-281.34,-0.00,-33.96
135,36,0.29968,-62.34,4.17,-42.45,-311.96,-0.00,11.59
135,37,0.30835,-65.05,4.17,-42.38,-312.32,0.00,8.45
135,38,0.31628,-68.08,4.17,-42.41,-381.54,0.00,-3.85
135,39,0.32458,-71.19,4.17,-42.48,-374.63,-0.00,-8.82
135,40,0.33325,-74.62,4.17,-42.74,-396.48,0.00,-29.23
135,41,0.34143,-78.14,4.17,-43.01,-429.85,0.00,-33.96
135,42,0.34949,-81.97,4.17,-43.40,-476.14,-0.00,-47.35
135,43,0.35791,-85.88,4.17,-43.87,-464.13,0.00,-55.80
135,44,0.36633,-90.08,4.17,-44.69,-497.83,-0.00,-97.46
135,45,0.37463,-94.63,4.17,-45.97,-548.16,0.00,-154.41
135,46,0.38318,-100.59,4.30,-49.09,-698.21,14.41,-365.71
135,47,0.39124,-106.39,4.52,-52.13,-720.08,28.21,-376.52
135,48,0.39978,-111.54,4.72,-54.79,-601.79,23.42,-311.79
135,49,0.40869,-116.68,4.93,-57.46,-577.05,22.51,-298.97
135,50,0.41650,-121.82,5.13,-60.12,-658.20,25.62,-341.02
135,51,0.42480,-126.97,6.86,-62.79,-620.22,208.45,-322.06
135,52,0.43286,-132.14,15.49,-65.50,-642.05,1071.65,-335.98
135,53,0.44153,-137.31,24.06,-68.21,-596.83,988.35,-312.68
135,54,0.44958,-142.49,32.35,-70.94,-642.42,1029.61,-338.26
135,55,0.45801,-147.66,40.58,-73.66,-614.13,976.85,-323.91
135,56,0.46631,-152.83,48.54,-76.40,-622.43,958.87,-329.41
135,57,0.47449,-157.99,56.42,-79.13,-630.97,963.43,-334.33
135,58,0.48303,-163.13,63.98,-81.87,-601.79,884.92,-320.00
135,59,0.49133,-168.29,71.44,-84.62,-621.69,898.42,-331.25
135,60,0.50012,-173.52,78.48,-87.41,-594.79,801.31,-318.40
135,61,0.50793,-178.88,85.37,-90.30,-686.72,882.13,-369.14
135,62,0.51624,-184.80,91.66,-93.52,-712.87,757.59,-388.24
135,63,0.52454,-190.80,97.69,-96.79,-722.43,725.97,-394.12
135,64,0.53308,-197.11,102.67,-100.26,-738.57,582.72,-405.71
135,65,0.54138,-203.44,107.21,-103.74,-762.50,547.54,-419.12
135,66,0.54980,-209.84,110.02,-107.27,-760.14,334.00,-419.20
135,67,0.55823,-216.20,112.56,-110.78,-755.07,301.13,-416.67
135,68,0.56677,-222.40,113.99,-114.20,-725.00,167.64,-400.00
135,69,0.57471,-228.49,115.27,-117.55,-767.69,160.43,-423.08
135,70,0.58313,-234.17,115.90,-120.68,-675.00,75.63,-370.65
135,71,0.59119,-239.70,116.43,-123.70,-685.61,65.45,-375.76
135,72,0.59973,-244.58,116.52,-126.35,-571.07,10.52,-310.00
135,73,0.60803,-249.33,116.53,-128.92,-572.06,0.70,-309.93
135,74,0.61646,-253.55,116.20,-131.19,-501.45,-39.13,-268.84
135,75,0.62463,-257.74,115.79,-133.44,-512.31,-48.99,-274.63
135,76,0.63293,-261.80,115.11,-135.60,-488.60,-82.37,-261.40
135,77,0.64148,-265.85,114.36,-137.77,-474.29,-88.40,-253.93
135,78,0.64966,-269.89,113.31,-139.94,-494.40,-127.28,-264.93
136,0,0.00000,0.00,0.00,0.00,115.28,-0.00,8.68
136,1,0.00793,1.09,0.11,-0.02,137.69,13.58,-3.08
136,2,0.01624,3.15,0.26,-0.27,248.16,18.27,-29.41
136,3,0.02466,5.31,0.40,-0.56,256.16,16.26,-34.42
136,4,0.03296,7.89,0.60,-0.88,310.66,25.00,-38.97
136,5,0.04150,10.43,0.81,-1.19,297.86,24.04,-36.07
136,6,0.04968,12.85,1.00,-1.43,295.15,23.85,-29.85
136,7,0.05774,15.20,1.19,-1.67,291.67,23.58,-28.79
136,8,0.06616,17.30,1.36,-1.85,249.64,20.10,-22.10
136,9,0.07471,19.40,1.53,-2.04,246.07,19.87,-21.79
136,10,0.08301,21.51,1.70,-2.22,253.31,20.40,-22.43
136,11,0.09119,23.61,1.87,-2.41,257.09,20.72,-22.76
136,12,0.09973,25.72,2.04,-2.60,247.14,19.94,-21.79
136,13,0.10815,27.82,2.21,-2.80,248.91,20.13,-24.64
136,14,0.11658,29.89,2.38,-3.10,246.38,19.95,-35.14
136,15,0.12463,31.97,2.55,-3.40,257.58,20.93,-36.74
136,16,0.13354,34.04,2.72,-3.69,232.88,18.81,-33.22
136,17,0.14124,36.11,2.88,-4.02,268.25,21.82,-42.06
136,18,0.14954,38.13,3.05,-4.45,243.38,19.90,-51.84
136,19,0.15771,40.15,3.21,-4.88,247.01,20.17,-52.61
136,20,0.16626,42.17,3.38,-5.31,236.43,19.30,-50.36
136,21,0.17468,44.19,3.54,-5.74,239.86,19.62,-51.09
136,22,0.18323,46.21,3.71,-6.17,236.43,19.28,-50.36
136,23,0.19116,48.23,3.87,-6.60,254.62,20.82,-54.23
136,24,0.19971,50.25,4.04,-7.03,236.43,19.34,-50.36
136,25,0.20801,52.26,4.20,-7.48,242.65,19.78,-54.41
136,26,0.21643,54.26,4.37,-8.02,236.96,19.48,-64.13
136,27,0.22449,56.25,4.53,-8.56,247.73,20.34,-67.05
136,28,0.23303,58.25,4.70,-9.10,233.57,19.21,-63.21
136,29,0.24133,60.24,4.86,-9.68,239.71,19.76,-69.49
136,30,0.24963,62.21,5.02,-10.39,237.87,19.70,-85.66
136,31,0.25818,64.18,5.19,-11.13,230.36,19.18,-87.14
136,32,0.26636,66.14,5.35,-12.01,239.18,20.03,-106.72
136,33,0.27478,68.05,5.51,-12.99,227.17,19.11,-116.30
136,34,0.28284,69.81,5.67,-14.39,218.18,18.95,-174.62
136,35,0.29126,71.55,5.82,-15.92,206.88,18.05,-181.88
136,36,0.29956,73.23,5.97,-17.95,202.21,18.20,-243.75
136,37,0.30798,74.98,6.13,-20.01,208.33,18.75,-245.29
136,38,0.31665,77.03,6.31,-22.25,235.56,21.05,-257.75
136,39,0.32458,79.16,6.50,-24.51,268.46,23.86,-285.77
136,40,0.33313,81.64,6.72,-26.90,290.36,25.60,-279.64
136,41,0.34155,84.19,6.94,-29.34,303.62,26.70,-289.13
136,42,0.34973,87.04,7.24,-31.94,347.76,36.57,-318.28
136,43,0.35791,90.00,7.47,-34.54,361.94,27.67,-317.54
136,44,0.36658,93.41,7.74,-37.12,393.31,31.23,-297.18
136,45,0.37463,97.41,8.07,-39.65,496.97,41.20,-314.02
136,46,0.38281,103.72,8.59,-42.00,771.64,63.88,-288.43
136,47,0.39111,109.85,9.10,-44.30,738.24,61.06,-276.47
136,48,0.39954,115.27,9.55,-46.35,643.12,53.26,-243.84
136,49,0.40796,120.68,10.00,-48.41,643.12,53.26,-243.84
136,50,0.41650,126.10,10.44,-50.46,633.93,52.39,-240.36
136,51,0.42480,131.53,12.21,-52.51,653.68,213.33,-247.06
136,52,0.43311,137.00,20.85,-54.56,658.82,1040.13,-246.32
136,53,0.44141,142.47,29.41,-56.60,659.19,1031.76,-246.32
136,54,0.44946,147.95,37.71,-58.64,680.68,1029.61,-252.65
136,55,0.45837,153.44,45.93,-60.67,615.41,923.15,-228.08
136,56,0.46643,158.92,53.89,-62.69,680.68,987.93,-251.14
136,57,0.47461,164.40,61.77,-64.71,670.15,963.20,-246.64
136,58,0.48291,169.87,69.33,-66.71,658.82,910.95,-241.54
136,59,0.49121,175.36,76.79,-68.72,661.40,898.12,-241.91
136,60,0.49976,180.93,83.83,-70.75,652.14,824.21,-237.14
136,61,0.50793,186.66,90.72,-72.82,700.75,842.19,-253.36
136,62,0.51636,193.01,97.01,-75.08,753.99,746.61,-268.12
136,63,0.52466,199.45,103.03,-77.36,775.74,725.22,-275.00
136,64,0.53284,206.25,108.01,-79.75,830.60,608.81,-291.79
136,65,0.54150,213.06,112.54,-82.14,786.27,523.23,-276.06
136,66,0.54968,220.06,115.39,-84.59,855.60,348.68,-298.88
136,67,0.55811,226.91,117.90,-86.98,813.77,298.12,-284.42
136,68,0.56641,233.59,119.34,-89.32,804.41,172.57,-281.25
136,69,0.57483,240.15,120.60,-91.61,778.26,149.39,-272.10
136,70,0.58325,246.27,121.23,-93.76,726.81,75.63,-255.43
136,71,0.59167,252.19,121.75,-95.85,703.62,61.41,-247.83
136,72,0.59973,257.42,121.84,-97.71,649.24,11.16,-231.44
136,73,0.60828,262.50,121.84,-99.53,593.57,-0.23,-212.50
136,74,0.61658,267.00,121.51,-101.16,542.65,-39.71,-196.69
136,75,0.62476,271.47,121.10,-102.78,545.90,-49.78,-198.13
136,76,0.63306,275.79,120.42,-104.35,520.96,-82.37,-189.34
136,77,0.64136,280.11,119.65,-105.92,520.59,-91.79,-189.34
136,78,0.64990,284.42,118.61,-107.49,504.64,-121.82,-183.21
137,0,0.00000,0.00,0.00,0.00,-116.18,0.00,38.60
137,1,0.00879,-1.04,0.00,0.33,-118.40,0.00,37.50
137,2,0.01733,-3.02,0.00,0.95,-231.43,0.00,72.14
137,3,0.02502,-5.10,0.00,1.59,-270.63,0.00,83.73
137,4,0.03345,-7.59,0.00,2.33,-295.65,0.00,88.41
137,5,0.04175,-10.05,0.00,3.06,-296.32,0.00,87.13
137,6,0.05029,-12.39,0.00,3.70,-273.93,0.00,75.00
137,7,0.05847,-14.68,0.00,4.32,-279.85,0.00,75.75
137,8,0.06677,-16.72,0.00,4.85,-246.32,0.00,63.97
137,9,0.07520,-18.77,0.00,5.38,-242.75,0.00,63.04
137,10,0.08362,-20.81,0.00,5.91,-242.75,0.00,63.04
137,11,0.09180,-22.86,0.00,6.44,-250.00,0.00,64.93
137,12,0.10010,-24.90,0.00,6.97,-246.32,0.00,63.97
137,13,0.10852,-26.94,0.00,7.53,-241.67,0.00,65.58
137,14,0.11682,-28.94,0.00,8.16,-240.81,0.00,76.47
137,15,0.12537,-30.94,0.00,8.80,-233.93,0.00,74.29
137,16,0.13367,-32.93,0.00,9.43,-240.81,0.00,76.47
137,17,0.14197,-34.92,0.00,10.09,-238.97,0.00,79.41
137,18,0.15015,-36.84,0.00,10.85,-235.07,0.00,92.54
137,19,0.15845,-38.76,0.00,11.60,-231.62,0.00,91.18
137,20,0.16675,-40.69,0.00,12.36,-231.62,0.00,91.18
137,21,0.17529,-42.61,0.00,13.12,-225.00,0.00,88.57
137,22,0.18347,-44.53,0.00,13.87,-235.07,0.00,92.54
137,23,0.19189,-46.45,0.00,14.63,-228.26,0.00,89.86
137,24,0.20007,-48.38,0.00,15.39,-235.07,0.00,92.54
137,25,0.20850,-50.29,0.00,16.17,-227.17,0.00,92.39
137,26,0.21741,-52.17,0.00,17.03,-210.96,0.00,96.92
137,27,0.22510,-54.05,0.00,17.89,-244.44,0.00,112.30
137,28,0.23352,-55.93,0.00,18.76,-223.19,0.00,102.54
137,29,0.24170,-57.80,0.00,19.65,-228.36,0.00,109.70
137,30,0.25024,-59.63,0.00,20.68,-213.93,0.00,120.36
137,31,0.25842,-61.44,0.00,21.74,-222.39,0.00,129.48
137,32,0.26685,-63.23,0.00,22.92,-211.96,0.00,140.22
137,33,0.27515,-64.96,0.00,24.21,-208.09,0.00,154.78
137,34,0.28357,-66.46,0.00,25.89,-178.26,0.00,199.28
137,35,0.29175,-67.92,0.00,27.69,-179.10,0.00,220.15
137,36,0.30017,-69.24,0.00,29.96,-156.88,0.00,269.93
137,37,0.30847,-70.63,0.00,32.29,-167.28,0.00,280.51
137,38,0.31689,-72.28,0.00,34.83,-195.29,0.00,301.81
137,39,0.32520,-74.01,0.00,37.42,-208.09,0.00,311.76
137,40,0.33350,-76.06,0.00,40.19,-247.43,0.00,333.46
137,41,0.34180,-78.18,0.00,43.01,-255.15,0.00,340.07
137,42,0.35010,-80.55,0.00,46.04,-286.03,0.00,365.81
137,43,0.35852,-83.04,0.00,49.10,-295.65,0.00,362.32
137,44,0.36670,-85.98,0.00,52.20,-359.33,0.00,379.48
137,45,0.37524,-89.51,0.00,55.36,-413.21,0.00,369.64
137,46,0.38342,-95.35,0.00,58.73,-713.43,0.00,411.94
137,47,0.39172,-101.01,0.00,62.01,-682.35,0.00,394.85
137,48,0.40002,-106.01,0.00,64.93,-602.57,0.00,351.84
137,49,0.40845,-111.01,0.00,67.85,-593.84,0.00,346.74
137,50,0.41736,-116.02,0.00,70.77,-561.30,0.00,327.74
137,51,0.42505,-121.03,1.77,73.69,-651.98,229.79,379.76
137,52,0.43335,-126.08,10.40,76.61,-608.82,1040.13,351.84
137,53,0.44177,-131.14,18.97,79.53,-600.72,1016.82,346.74
137,54,0.45020,-136.22,27.26,82.44,-602.17,984.84,346.01
137,55,0.45837,-141.29,35.49,85.35,-620.15,1005.83,355.97
137,56,0.46667,-146.36,43.45,88.25,-611.40,958.87,349.26
137,57,0.47534,-151.43,51.32,91.15,-585.21,908.96,334.15
137,58,0.48340,-156.50,58.89,94.03,-628.41,938.55,357.58
137,59,0.49182,-161.58,66.34,96.92,-603.62,885.13,343.12
137,60,0.50024,-166.74,73.38,99.84,-612.68,836.16,346.38
137,61,0.50916,-172.05,80.27,102.83,-595.89,773.01,335.62
137,62,0.51685,-177.94,86.56,106.10,-765.87,817.72,425.79
137,63,0.52527,-183.92,92.58,109.42,-709.42,714.78,393.84
137,64,0.53345,-190.22,97.56,112.90,-770.90,608.81,425.00
137,65,0.54187,-196.55,102.10,116.38,-751.09,538.50,413.77
137,66,0.55029,-202.96,104.91,119.90,-760.87,334.00,417.75
137,67,0.55872,-209.32,107.44,123.39,-755.80,300.43,414.86
137,68,0.56702,-215.52,108.87,126.80,-747.06,172.57,410.29
137,69,0.57532,-221.62,110.14,130.15,-734.19,152.94,403.31
137,70,0.58386,-227.30,110.78,133.28,-665.00,74.55,366.79
137,71,0.59216,-232.81,111.30,136.33,-663.97,63.24,366.91
137,72,0.60046,-237.66,111.39,139.03,-584.19,10.83,325.74
137,73,0.60950,-242.37,111.40,141.67,-521.62,0.44,291.55
137,74,0.61719,-246.55,111.07,144.02,-542.46,-42.86,306.35
137,75,0.62561,-250.68,110.67,146.36,-491.30,-47.75,277.54
137,76,0.63391,-254.69,109.98,148.62,-482.35,-82.37,272.79
137,77,0.64221,-258.69,109.23,150.89,-481.99,-91.19,272.79
137,78,0.65039,-262.68,108.18,153.14,-488.43,-127.28,275.75
138,0,0.00000,0.00,0.00,0.00,-70.83,12.38,-91.32
138,1,0.00793,-0.67,-0.00,-0.86,-84.23,-0.00,-108.85
138,2,0.01697,-1.93,0.27,-2.51,-139.53,30.23,-182.09
138,3,0.02454,-3.25,0.37,-4.24,-174.19,13.29,-229.03
138,4,0.03357,-4.80,0.37,-6.32,-172.30,-0.00,-230.41
138,5,0.04163,-6.33,0.37,-8.38,-189.39,0.00,-255.68
138,6,0.04968,-7.73,0.37,-10.36,-174.24,0.00,-245.45
138,7,0.05786,-9.10,0.37,-12.29,-166.79,0.00,-235.82
138,8,0.06702,-10.30,0.37,-14.03,-131.33,0.00,-189.67
138,9,0.07471,-11.52,0.37,-15.80,-159.13,0.00,-230.16
138,10,0.08301,-12.73,0.37,-17.53,-144.85,0.00,-209.19
138,11,0.09131,-13.93,0.37,-19.27,-144.85,0.00,-209.19
138,12,0.09973,-15.13,0.37,-21.01,-142.75,0.00,-206.16
138,13,0.10840,-16.35,0.37,-22.72,-140.49,0.00,-198.24
138,14,0.11719,-17.63,0.37,-24.38,-145.83,0.00,-188.54
138,15,0.12549,-18.93,0.37,-26.06,-156.25,0.00,-202.21
138,16,0.13416,-20.21,0.37,-27.72,-147.89,0.00,-191.20
138,17,0.14136,-21.61,0.37,-29.46,-194.07,0.00,-241.53
138,18,0.14978,-22.98,0.37,-31.00,-162.68,0.00,-183.33
138,19,0.15808,-24.36,0.37,-32.55,-166.18,0.00,-187.13
138,20,0.16772,-25.73,0.37,-34.10,-142.09,0.00,-160.13
138,21,0.17566,-27.11,0.37,-35.66,-175.00,0.00,-197.31
138,22,0.18396,-28.49,0.37,-37.21,-165.07,0.00,-186.03
138,23,0.19153,-29.86,0.37,-38.75,-181.05,0.00,-204.03
138,24,0.19983,-31.23,0.37,-40.30,-165.07,0.00,-186.03
138,25,0.20862,-32.62,0.37,-41.82,-159.03,0.00,-172.92
138,26,0.21716,-34.08,0.37,-43.28,-170.36,0.00,-171.79
138,27,0.22546,-35.53,0.37,-44.75,-175.37,0.00,-176.84
138,28,0.23376,-36.99,0.37,-46.22,-175.37,0.00,-176.84
138,29,0.24146,-38.49,0.37,-47.65,-195.24,0.00,-186.51
138,30,0.24976,-40.08,0.37,-49.02,-191.91,0.00,-164.34
138,31,0.25830,-41.72,0.37,-50.35,-191.43,0.00,-156.07
138,32,0.26807,-43.44,0.37,-51.62,-176.56,0.00,-130.00
138,33,0.27551,-45.32,0.37,-52.76,-252.46,0.00,-153.69
138,34,0.28381,-47.42,0.37,-53.60,-251.84,0.00,-100.37
138,35,0.29150,-49.68,0.37,-54.31,-294.05,0.00,-92.06
138,36,0.29980,-52.26,0.37,-54.77,-311.76,0.00,-55.51
138,37,0.30896,-54.98,0.37,-55.30,-296.33,0.00,-58.00
138,38,0.31738,-57.93,0.37,-55.97,-350.36,0.00,-79.71
138,39,0.32581,-61.00,0.37,-56.74,-364.49,0.00,-92.03
138,40,0.33411,-64.30,0.37,-57.72,-398.16,0.00,-117.65
138,41,0.34167,-67.73,0.37,-58.77,-452.82,0.00,-138.31
138,42,0.34998,-71.40,0.37,-59.95,-441.91,0.00,-143.01
138,43,0.35815,-75.16,0.37,-61.31,-459.33,0.00,-166.04
138,44,0.36780,-79.08,0.37,-63.01,-406.96,0.00,-175.63
138,45,0.37573,-83.43,0.37,-65.59,-548.08,0.00,-326.15
138,46,0.38403,-88.60,0.37,-69.92,-622.43,0.00,-520.59
138,47,0.39148,-93.65,0.37,-74.13,-678.69,0.00,-565.98
138,48,0.39990,-98.11,0.37,-77.83,-529.71,0.00,-438.77
138,49,0.40881,-102.57,0.37,-81.52,-500.68,0.00,-414.73
138,50,0.41724,-107.03,0.37,-85.22,-529.71,0.00,-438.77
138,51,0.42627,-111.50,3.56,-88.93,-494.59,352.84,-411.15
138,52,0.43372,-115.98,12.19,-92.68,-601.64,1159.49,-502.87
138,53,0.44153,-120.46,20.70,-96.43,-573.44,1089.13,-480.08
138,54,0.44971,-124.94,29.00,-100.19,-547.76,1014.24,-460.07
138,55,0.45801,-129.42,37.17,-103.96,-538.97,984.39,-453.68
138,56,0.46716,-133.88,45.13,-107.72,-488.00,869.38,-411.67
138,57,0.47534,-138.34,52.94,-111.49,-545.15,955.22,-460.45
138,58,0.48364,-142.79,60.50,-115.26,-535.66,910.95,-453.68
138,59,0.49121,-147.26,67.87,-119.05,-590.73,973.80,-501.21
138,60,0.50012,-151.77,74.92,-122.89,-506.51,790.34,-431.51
138,61,0.50806,-156.50,81.68,-126.95,-596.15,852.51,-510.77
138,62,0.51697,-161.60,87.97,-131.35,-572.26,705.70,-494.18
138,63,0.52551,-166.82,93.77,-135.87,-611.07,679.37,-529.29
138,64,0.53394,-172.26,98.75,-140.60,-644.93,591.16,-561.23
138,65,0.54138,-177.72,102.93,-145.36,-733.20,561.28,-638.93
138,66,0.54993,-183.22,105.75,-150.17,-644.64,329.23,-562.86
138,67,0.55811,-188.67,108.05,-154.92,-665.30,281.63,-580.97
138,68,0.56787,-193.99,109.48,-159.57,-545.62,146.68,-476.56
138,69,0.57568,-199.16,110.62,-164.08,-661.33,145.75,-576.95
138,70,0.58423,-204.06,111.26,-168.34,-572.86,74.55,-498.57
138,71,0.59155,-208.69,111.69,-172.37,-633.33,59.39,-549.58
138,72,0.59973,-212.90,111.78,-175.99,-514.18,11.00,-443.28
138,73,0.60815,-216.90,111.72,-179.43,-474.64,-7.72,-407.61
138,74,0.61743,-220.54,111.39,-182.53,-393.09,-35.53,-335.20
138,75,0.62610,-224.14,110.93,-185.60,-414.44,-53.12,-353.52
138,76,0.63452,-227.64,110.24,-188.58,-415.94,-81.18,-353.99
138,77,0.64148,-231.14,109.43,-191.56,-502.63,-117.23,-428.07
138,78,0.65002,-234.63,108.39,-194.53,-408.57,-121.82,-348.21
139,0,0.00000,0.00,0.00,0.00,-1.09,-0.00,-120.65
139,1,0.00842,-0.12,-0.00,-1.09,-13.77,-0.00,-128.99
139,2,0.01685,-0.53,-0.00,-3.12,-49.28,0.00,-241.30
139,3,0.02515,-1.17,-0.00,-5.20,-77.21,-0.00,-250.74
139,4,0.03357,-2.16,-0.00,-7.60,-117.39,0.00,-285.51
139,5,0.04224,-3.36,-0.00,-9.87,-138.03,0.00,-261.62
139,6,0.05078,-4.57,-0.00,-11.97,-142.50,-0.00,-245.36
139,7,0.05847,-5.76,0.10,-14.01,-153.97,13.44,-265.87
139,8,0.06677,-6.80,0.10,-15.85,-125.00,0.00,-221.69
139,9,0.07507,-7.83,0.10,-17.69,-125.00,-0.00,-221.69
139,10,0.08423,-8.87,0.10,-19.53,-113.33,-0.00,-201.00
139,11,0.09155,-9.91,0.10,-21.37,-141.67,-0.00,-251.25
139,12,0.09998,-10.95,0.10,-23.21,-123.19,0.00,-218.48
139,13,0.10828,-12.00,0.10,-25.04,-127.21,-0.00,-219.85
139,14,0.11682,-13.13,0.10,-26.81,-131.79,-0.00,-206.79
139,15,0.12500,-14.25,0.10,-28.57,-137.69,0.00,-216.04
139,16,0.13330,-15.38,0.10,-30.34,-135.66,0.00,-212.87
139,17,0.14221,-16.53,0.10,-32.09,-128.42,0.00,-196.23
139,18,0.15002,-17.75,0.10,-33.75,-156.64,-0.00,-212.89
139,19,0.15833,-18.97,0.10,-35.42,-147.43,0.00,-200.37
139,20,0.16675,-20.20,0.10,-37.08,-145.29,-0.00,-197.46
139,21,0.17505,-21.42,0.10,-38.74,-147.43,0.00,-200.37
139,22,0.18384,-22.64,0.10,-40.41,-139.24,0.00,-189.24
139,23,0.19165,-23.86,0.10,-42.06,-155.86,0.13,-211.72
139,24,0.20020,-25.09,0.10,-43.72,-143.21,0.00,-194.64
139,25,0.20850,-26.33,0.10,-45.37,-149.63,-0.00,-198.53
139,26,0.21667,-27.64,0.10,-46.96,-160.82,-0.00,-194.78
139,27,0.22498,-28.96,0.10,-48.56,-158.46,-0.00,-191.91
139,28,0.23340,-30.27,0.10,-50.15,-156.16,0.00,-189.13
139,29,0.24243,-31.62,0.10,-51.72,-148.99,-0.00,-174.32
139,30,0.25012,-33.08,0.10,-53.23,-190.08,0.00,-195.63
139,31,0.25842,-34.57,0.10,-54.71,-179.41,-0.00,-179.04
139,32,0.26672,-36.17,0.10,-56.14,-192.65,-0.00,-171.32
139,33,0.27502,-37.85,0.10,-57.48,-202.57,0.00,-161.40
139,34,0.28394,-39.86,0.10,-58.50,-225.00,0.00,-114.38
139,35,0.29175,-41.97,0.10,-59.45,-270.31,0.00,-122.27
139,36,0.30017,-44.50,0.10,-60.15,-301.09,0.00,-82.61
139,37,0.30847,-47.11,0.10,-60.89,-313.60,0.00,-89.71
139,38,0.31689,-49.98,0.10,-61.83,-341.67,0.00,-111.23
139,39,0.32507,-52.93,0.10,-62.83,-359.70,0.00,-122.76
139,40,0.33350,-56.13,0.10,-64.11,-380.07,0.00,-151.09
139,41,0.34265,-59.40,0.10,-65.43,-357.33,0.00,-144.33
139,42,0.35010,-62.95,0.10,-66.94,-476.23,0.00,-203.69
139,43,0.35840,-66.53,0.10,-68.56,-431.99,0.00,-195.22
139,44,0.36694,-70.29,0.10,-70.61,-439.29,0.00,-238.93
139,45,0.37512,-74.24,0.10,-73.20,-483.58,0.00,-316.79
139,46,0.38391,-78.99,0.10,-77.97,-540.62,0.00,-543.06
139,47,0.39185,-83.62,0.10,-82.60,-582.69,0.00,-584.23
139,48,0.40088,-87.72,0.10,-86.69,-454.39,0.00,-452.36
139,49,0.40845,-91.82,0.10,-90.78,-542.34,0.00,-539.92
139,50,0.41687,-95.93,0.10,-94.86,-487.32,0.00,-485.14
139,51,0.42517,-100.04,1.83,-98.96,-494.85,208.45,-493.38
139,52,0.43396,-104.16,10.47,-103.10,-468.75,982.34,-470.83
139,53,0.44165,-108.28,19.03,-107.24,-535.71,1113.85,-538.49
139,54,0.44995,-112.39,27.33,-111.39,-495.96,999.32,-500.37
139,55,0.45837,-116.51,35.56,-115.55,-488.41,976.85,-493.48
139,56,0.46667,-120.61,43.52,-119.71,-494.49,958.87,-501.10
139,57,0.47510,-124.71,51.40,-123.87,-486.96,935.51,-493.84
139,58,0.48401,-128.80,58.96,-128.02,-458.22,848.55,-466.10
139,59,0.49182,-132.89,66.42,-132.19,-524.22,954.57,-533.98
139,60,0.50024,-137.04,73.46,-136.43,-492.03,836.16,-503.26
139,61,0.50854,-141.29,80.35,-140.79,-512.13,830.23,-525.37
139,62,0.51685,-145.96,86.64,-145.65,-563.24,757.59,-584.56
139,63,0.52515,-150.70,92.66,-150.57,-570.59,725.97,-593.01
139,64,0.53406,-155.68,97.64,-155.77,-558.56,558.77,-583.90
139,65,0.54175,-160.67,102.19,-160.99,-648.81,590.99,-678.97
139,66,0.55017,-165.71,105.00,-166.28,-598.91,334.00,-628.26
139,67,0.55847,-170.72,107.54,-171.54,-603.68,305.56,-633.46
139,68,0.56702,-175.60,108.97,-176.66,-571.43,167.64,-599.29
139,69,0.57532,-180.41,110.24,-181.70,-578.68,153.35,-606.25
139,70,0.58350,-184.89,110.88,-186.38,-548.51,77.89,-573.13
139,71,0.59180,-189.25,111.41,-190.93,-525.37,63.52,-547.79
139,72,0.60034,-193.11,111.50,-194.92,-451.43,10.52,-467.50
139,73,0.60864,-196.87,111.50,-198.80,-452.57,0.70,-467.28
139,74,0.61682,-200.22,111.17,-202.23,-409.33,-40.30,-419.40
139,75,0.62524,-203.54,110.77,-205.64,-394.20,-47.57,-403.99
139,76,0.63379,-206.75,110.09,-208.93,-376.43,-80.02,-385.00
139,77,0.64246,-209.97,109.33,-212.21,-370.77,-87.16,-379.23
139,78,0.65027,-213.17,108.29,-215.49,-410.16,-133.24,-419.92
140,0,0.00000,0.00,0.00,0.00,119.49,0.00,26.84
140,1,0.00830,1.08,0.18,0.13,130.51,21.73,16.18
140,2,0.01721,3.16,0.36,0.19,232.53,20.44,6.51
140,3,0.02490,5.33,0.56,0.04,282.54,25.20,-19.84
140,4,0.03345,7.89,0.79,-0.38,300.36,26.97,-48.57
140,5,0.04163,10.38,1.01,-1.03,303.36,27.63,-79.48
140,6,0.05005,12.66,1.22,-1.83,271.74,24.92,-95.29
140,7,0.05835,14.81,1.42,-2.83,258.82,24.06,-120.22
140,8,0.06665,16.64,1.59,-3.88,220.22,20.68,-127.21
140,9,0.07507,18.35,1.76,-5.12,203.26,19.42,-146.74
140,10,0.08337,19.93,1.91,-6.52,190.44,18.45,-168.75
140,11,0.09180,21.37,2.05,-8.07,170.29,16.88,-184.06
140,12,0.10010,22.64,2.18,-9.75,153.31,15.51,-202.94
140,13,0.10840,23.73,2.30,-11.56,130.88,13.66,-217.65
140,14,0.11731,24.73,2.40,-13.40,112.67,11.96,-206.51
140,15,0.12500,25.74,2.40,-15.24,130.56,-0.00,-239.29
140,16,0.13342,26.74,2.51,-17.08,119.20,13.29,-218.48
140,17,0.14185,27.72,2.51,-18.93,115.94,-0.00,-219.20
140,18,0.15015,28.58,2.51,-20.80,104.04,-0.00,-226.10
140,19,0.15857,29.44,2.51,-22.68,102.54,-0.00,-222.83
140,20,0.16675,30.31,2.51,-24.56,105.60,-0.00,-229.48
140,21,0.17517,31.17,2.51,-26.43,102.54,0.00,-222.83
140,22,0.18408,32.03,2.51,-28.31,96.92,-0.00,-210.62
140,23,0.19165,32.90,2.51,-30.20,114.92,0.00,-249.60
140,24,0.20007,33.77,2.51,-32.08,102.54,0.00,-222.83
140,25,0.20850,34.61,2.51,-33.96,100.00,0.00,-223.91
140,26,0.21753,35.37,2.51,-35.89,84.12,0.00,-212.84
140,27,0.22522,36.13,2.51,-37.81,99.21,0.00,-250.79
140,28,0.23364,36.89,2.51,-39.74,90.22,-0.00,-228.26
140,29,0.24182,37.62,2.51,-41.68,89.18,0.00,-237.31
140,30,0.25012,38.23,2.51,-43.69,73.53,0.00,-241.91
140,31,0.25854,38.81,2.51,-45.71,68.84,-0.00,-240.22
140,32,0.26697,39.28,2.51,-47.80,55.80,0.00,-247.83
140,33,0.27576,39.64,2.51,-49.92,40.28,0.00,-241.32
140,34,0.28357,39.56,2.51,-52.18,-9.77,0.00,-289.45
140,35,0.29187,39.37,2.51,-54.50,-23.16,0.00,-279.04
140,36,0.30029,38.75,2.51,-57.05,-73.19,0.00,-303.26
140,37,0.30847,38.14,2.51,-59.70,-74.25,0.00,-323.51
140,38,0.31726,37.57,2.51,-62.67,-64.93,0.00,-338.19
140,39,0.32581,37.03,2.51,-65.74,-63.21,0.00,-359.29
140,40,0.33411,36.60,2.51,-69.16,-52.21,0.00,-412.50
140,41,0.34192,36.18,2.51,-72.67,-53.91,0.00,-449.22
140,42,0.35022,35.79,2.51,-76.51,-46.32,0.00,-462.13
140,43,0.35876,35.49,2.51,-80.44,-35.71,0.00,-460.00
140,44,0.36694,35.46,2.51,-84.71,-2.99,0.00,-522.39
140,45,0.37524,35.86,2.51,-89.47,47.43,0.00,-572.79
140,46,0.38440,37.74,2.51,-95.93,206.00,0.00,-706.33
140,47,0.39197,39.60,2.51,-102.33,245.56,0.00,-844.76
140,48,0.40027,41.20,2.51,-107.89,192.28,0.00,-670.96
140,49,0.40857,42.79,2.51,-113.46,192.28,0.00,-670.96
140,50,0.41748,44.39,2.51,-119.03,179.11,0.00,-625.00
140,51,0.42529,46.00,4.60,-124.61,205.47,266.87,-713.67
140,52,0.43347,47.63,13.23,-130.22,199.63,1055.65,-685.45
140,53,0.44177,49.26,21.78,-135.82,197.06,1030.27,-675.37
140,54,0.45007,50.91,30.08,-141.43,198.53,999.32,-676.10
140,55,0.45837,52.56,38.29,-147.04,198.90,989.55,-675.74
140,56,0.46680,54.22,46.25,-152.65,197.10,944.97,-665.22
140,57,0.47559,55.88,54.12,-158.25,188.89,894.67,-637.15
140,58,0.48401,57.55,61.68,-163.83,197.83,897.74,-662.68
140,59,0.49158,59.23,69.11,-169.43,221.37,982.55,-740.73
140,60,0.50000,60.94,76.16,-175.11,203.26,836.15,-673.91
140,61,0.50818,62.72,83.02,-180.97,217.54,838.84,-716.42
140,62,0.51709,64.71,89.31,-187.41,223.29,705.70,-722.60
140,63,0.52478,66.74,95.28,-193.95,263.89,776.59,-850.79
140,64,0.53320,68.89,100.26,-200.82,255.43,591.16,-815.58
140,65,0.54187,71.05,104.71,-207.72,249.65,514.14,-795.77
140,66,0.55042,73.25,107.53,-214.69,257.14,329.23,-816.07
140,67,0.55872,75.43,110.01,-221.61,262.50,298.72,-833.46
140,68,0.56702,77.55,111.44,-228.36,256.25,172.57,-812.87
140,69,0.57605,79.64,112.68,-234.97,230.41,137.30,-732.09
140,70,0.58447,81.57,113.32,-241.16,230.07,75.63,-735.14
140,71,0.59216,83.48,113.82,-247.28,248.02,65.95,-795.24
140,72,0.60046,85.11,113.91,-252.58,196.69,10.83,-639.34
140,73,0.60876,86.68,113.89,-257.70,188.97,-2.70,-616.18
140,74,0.61780,88.07,113.56,-262.29,153.38,-36.49,-507.77
140,75,0.62561,89.44,113.14,-266.82,175.39,-54.33,-580.86
140,76,0.63452,90.77,112.45,-271.23,148.97,-76.73,-494.18
140,77,0.64233,92.09,111.67,-275.63,169.92,-99.76,-563.28
140,78,0.65088,93.42,110.63,-280.02,155.00,-121.82,-513.93
141,0,0.00000,0.00,0.00,0.00,83.98,-0.00,99.22
141,1,0.00830,0.78,0.00,0.76,94.12,0.00,91.91
141,2,0.01660,2.40,0.00,2.06,194.85,-0.00,156.25
141,3,0.02563,4.22,-0.00,3.25,201.69,-0.00,132.09
141,4,0.03333,6.52,-0.00,4.47,298.41,0.00,158.73
141,5,0.04175,8.88,-0.00,5.46,281.16,0.00,116.67
141,6,0.05005,11.19,-0.00,6.20,278.31,0.00,89.71
141,7,0.05859,13.50,-0.00,6.70,270.36,0.00,58.93
141,8,0.06677,15.58,-0.00,7.09,253.73,0.00,46.64
141,9,0.07556,17.65,-0.00,7.47,236.11,0.00,43.40
141,10,0.08337,19.73,-0.00,7.85,265.62,0.00,48.83
141,11,0.09229,21.80,-0.00,8.23,232.88,0.00,42.81
141,12,0.09998,23.90,-0.00,8.62,271.83,0.00,50.00
141,13,0.10840,25.97,-0.00,8.98,246.74,0.00,42.75
141,14,0.11670,28.05,0.16,9.25,250.37,19.45,32.72
141,15,0.12573,30.13,0.35,9.52,230.07,21.41,30.07
141,16,0.13403,32.22,0.55,9.79,251.47,23.45,32.72
141,17,0.14172,34.29,0.74,10.03,269.84,25.03,31.35
141,18,0.15002,36.36,0.93,10.16,248.53,23.12,15.07
141,19,0.15833,38.42,1.13,10.28,248.53,23.01,15.07
141,20,0.16675,40.48,1.32,10.41,244.93,22.74,14.86
141,21,0.17566,42.54,1.51,10.53,231.51,21.50,14.04
141,22,0.18335,44.61,1.70,10.66,268.25,24.89,16.27
141,23,0.19238,46.67,1.89,10.78,228.38,21.15,13.85
141,24,0.19995,48.73,2.08,10.91,272.58,25.35,16.53
141,25,0.20850,50.80,2.27,11.01,241.43,22.35,11.79
141,26,0.21680,52.86,2.46,11.02,248.90,23.04,1.47
141,27,0.22583,54.93,2.66,11.03,228.72,21.15,1.35
141,28,0.23340,57.00,2.85,11.04,274.19,25.34,1.61
141,29,0.24182,59.08,3.04,11.02,246.01,22.77,-2.90
141,30,0.25012,61.17,3.23,10.86,251.84,23.17,-19.12
141,31,0.25842,63.26,3.42,10.67,252.57,23.28,-23.16
141,32,0.26685,65.38,3.62,10.35,251.45,23.03,-37.68
141,33,0.27563,67.49,3.81,9.91,239.58,21.87,-50.00
141,34,0.28345,69.56,4.00,9.03,264.84,23.93,-113.28
141,35,0.29236,71.65,4.19,8.01,234.59,21.13,-114.04
141,36,0.30029,73.81,4.38,6.51,272.31,24.20,-189.23
141,37,0.30847,76.05,4.58,4.99,274.63,24.45,-186.19
141,38,0.31677,78.62,4.81,3.38,308.82,27.60,-193.75
141,39,0.32581,81.28,5.04,1.76,294.93,26.29,-178.72
141,40,0.33411,84.32,5.32,0.12,366.54,32.88,-198.16
141,41,0.34180,87.44,5.60,-1.54,405.56,36.48,-216.27
141,42,0.35022,90.88,5.91,-3.29,407.97,36.65,-207.61
141,43,0.35852,94.43,6.23,-5.00,428.31,38.54,-205.88
141,44,0.36694,98.41,6.59,-6.57,471.74,42.61,-186.59
141,45,0.37573,102.98,7.00,-7.93,520.83,47.45,-153.82
141,46,0.38342,109.70,7.62,-8.51,872.62,80.28,-76.19
141,47,0.39233,116.20,8.11,-9.09,729.79,54.90,-64.38
141,48,0.40015,121.97,8.41,-9.62,738.28,38.29,-67.97
141,49,0.40857,127.73,8.71,-10.15,684.78,35.48,-63.04
141,50,0.41687,133.50,9.01,-10.68,694.85,36.03,-63.97
141,51,0.42578,139.28,10.91,-11.20,648.29,213.15,-58.90
141,52,0.43347,145.10,19.54,-11.71,756.35,1122.68,-66.27
141,53,0.44189,150.92,28.10,-12.22,690.94,1016.21,-60.14
141,54,0.45007,156.74,36.39,-12.71,712.69,1014.24,-60.45
141,55,0.45850,162.57,44.62,-13.20,692.03,976.07,-58.33
141,56,0.46692,168.40,52.57,-13.69,691.67,944.97,-57.25
141,57,0.47595,174.22,60.45,-14.17,644.26,871.43,-53.04
141,58,0.48340,180.10,68.11,-14.64,790.16,1029.08,-63.93
141,59,0.49231,185.93,75.55,-15.11,654.45,834.96,-52.40
141,60,0.50012,191.85,82.59,-15.57,756.64,901.48,-58.98
141,61,0.50854,197.95,89.46,-16.03,724.28,815.25,-55.07
141,62,0.51685,204.67,95.75,-16.51,809.93,757.59,-57.35
141,63,0.52588,211.50,101.73,-16.99,756.08,662.32,-53.04
141,64,0.53357,218.84,106.82,-17.48,954.76,661.85,-64.29
141,65,0.54187,226.05,111.25,-17.97,868.75,533.13,-58.09
141,66,0.55017,233.35,114.06,-18.44,879.04,338.91,-57.72
141,67,0.55859,240.59,116.52,-18.92,859.06,292.08,-56.16
141,68,0.56689,247.64,117.95,-19.38,850.37,172.57,-55.88
141,69,0.57605,254.55,119.18,-19.84,754.67,134.24,-49.67
141,70,0.58447,261.03,119.82,-20.27,768.48,75.63,-51.81
141,71,0.59229,267.26,120.32,-20.70,798.05,63.63,-54.69
141,72,0.60046,272.80,120.41,-21.10,677.24,11.00,-48.88
141,73,0.60889,278.14,120.39,-21.49,634.42,-2.06,-46.38
141,74,0.61743,282.92,120.06,-21.86,559.29,-38.58,-43.21
141,75,0.62622,287.65,119.64,-22.23,538.19,-47.81,-41.67
141,76,0.63391,292.30,118.95,-22.59,604.37,-90.13,-47.22
141,77,0.64233,296.88,118.17,-22.95,544.20,-92.61,-42.39
141,78,0.65063,301.46,117.12,-23.30,550.74,-125.40,-42.65
142,0,0.00000,0.00,0.00,0.00,115.81,-0.00,39.34
142,1,0.01001,1.04,0.14,0.34,103.66,14.47,34.45
142,2,0.01758,3.05,0.29,1.02,266.53,19.35,89.52
142,3,0.02576,5.13,0.44,1.73,253.73,18.34,86.19
142,4,0.03357,7.58,0.62,2.58,314.06,22.56,109.77
142,5,0.04187,9.99,0.79,3.44,290.44,20.74,103.31
142,6,0.05017,12.27,0.95,4.30,273.53,19.18,102.94
142,7,0.05896,14.47,1.10,5.13,250.35,17.50,95.14
142,8,0.06750,16.43,1.24,5.90,230.00,15.92,90.00
142,9,0.07605,18.40,1.37,6.67,230.00,15.88,90.00
142,10,0.08362,20.36,1.51,7.44,259.68,17.99,101.61
142,11,0.09192,22.33,1.65,8.21,236.76,16.35,92.65
142,12,0.10022,24.29,1.78,8.98,236.76,16.40,92.65
142,13,0.10852,26.26,1.92,9.72,237.50,16.62,89.71
142,14,0.11731,28.25,2.07,10.38,226.39,16.50,75.00
142,15,0.12512,30.24,2.21,11.04,254.69,18.58,84.38
142,16,0.13342,32.23,2.36,11.70,239.71,17.48,79.41
142,17,0.14172,34.23,2.50,12.33,240.07,17.78,75.37
142,18,0.15015,36.23,2.66,12.84,237.68,18.49,60.87
142,19,0.15845,38.23,2.81,13.35,241.18,18.68,61.76
142,20,0.16675,40.23,2.97,13.86,241.18,18.76,61.76
142,21,0.17517,42.23,3.13,14.38,237.68,18.46,60.87
142,22,0.18359,44.24,3.32,14.89,237.68,23.04,60.87
142,23,0.19189,46.24,3.46,15.40,241.18,16.57,61.76
142,24,0.20020,48.24,3.65,15.91,241.18,22.88,61.76
142,25,0.20862,50.25,3.84,16.40,238.41,22.71,57.97
142,26,0.21741,52.27,4.04,16.81,230.56,22.65,45.83
142,27,0.22522,54.30,4.24,17.21,259.38,25.49,51.56
142,28,0.23364,56.33,4.43,17.61,240.58,23.60,47.83
142,29,0.24207,58.37,4.64,17.98,242.39,24.07,43.48
142,30,0.25024,60.45,4.85,18.22,254.85,26.36,29.48
142,31,0.25854,62.55,5.07,18.43,252.57,26.38,25.00
142,32,0.26685,64.69,5.30,18.52,257.72,27.84,10.66
142,33,0.27527,66.84,5.54,18.48,255.43,28.52,-4.71
142,34,0.28357,69.04,5.82,18.00,265.07,32.96,-57.35
142,35,0.29187,71.29,6.10,17.39,270.59,34.55,-73.53
142,36,0.30017,73.69,6.44,16.32,289.71,40.10,-128.31
142,37,0.30872,76.19,6.78,15.25,292.50,40.22,-125.36
142,38,0.31750,79.01,7.16,14.16,321.18,43.28,-124.31
142,39,0.32532,81.94,7.55,13.08,374.61,50.07,-138.28
142,40,0.33362,85.23,7.98,12.04,395.96,51.71,-125.00
142,41,0.34204,88.61,8.42,11.00,401.45,52.16,-123.91
142,42,0.35034,92.31,8.90,9.93,446.32,57.39,-128.31
142,43,0.35864,96.13,9.38,8.93,459.93,58.49,-120.96
142,44,0.36694,100.33,9.90,8.14,505.88,61.94,-95.22
142,45,0.37524,105.10,10.45,7.69,574.26,66.90,-54.41
142,46,0.38379,111.80,11.15,8.38,783.93,81.63,81.43
142,47,0.39197,118.28,11.83,9.05,793.28,82.67,81.72
142,48,0.40027,124.05,12.43,9.62,694.49,72.56,68.75
142,49,0.40881,129.81,13.03,10.19,674.64,70.44,66.79
142,50,0.41760,135.58,13.63,10.76,655.90,68.50,64.93
142,51,0.42529,141.35,15.59,11.34,750.79,255.17,75.00
142,52,0.43359,147.16,24.23,11.94,699.63,1040.13,72.43
142,53,0.44202,152.97,32.78,12.55,689.86,1015.91,71.74
142,54,0.45032,158.79,41.08,13.16,700.74,999.32,74.26
142,55,0.45862,164.60,49.30,13.78,700.74,990.13,74.63
142,56,0.46692,170.41,57.26,14.41,700.00,958.87,75.74
142,57,0.47595,176.22,65.13,15.04,642.91,871.11,69.93
142,58,0.48364,182.01,72.69,15.68,752.78,983.24,82.94
142,59,0.49194,187.82,80.13,16.32,700.37,896.74,77.57
142,60,0.50024,193.72,87.18,16.99,709.93,848.45,80.15
142,61,0.50879,199.79,94.05,17.68,710.71,804.14,81.43
142,62,0.51733,206.48,100.34,18.49,782.86,735.94,93.93
142,63,0.52502,213.27,106.33,19.31,883.33,779.01,106.75
142,64,0.53357,220.42,111.31,20.19,836.07,582.72,103.57
142,65,0.54187,227.58,115.79,21.08,863.60,540.52,107.35
142,66,0.55017,234.84,118.61,21.99,873.90,338.91,109.56
142,67,0.55847,242.04,121.10,22.90,867.65,301.09,108.82
142,68,0.56738,249.06,122.54,23.78,787.67,160.75,98.97
142,69,0.57581,255.95,123.79,24.64,817.75,148.59,102.17
142,70,0.58350,262.39,124.43,25.44,837.30,82.83,103.57
142,71,0.59192,268.62,124.94,26.20,739.49,60.86,90.58
142,72,0.60022,274.13,125.03,26.86,664.34,10.83,79.04
142,73,0.60876,279.47,125.02,27.48,625.36,-0.64,73.57
142,74,0.61682,284.23,124.69,28.02,590.91,-40.92,67.05
142,75,0.62524,288.95,124.28,28.56,560.14,-48.70,63.41
142,76,0.63354,293.52,123.60,29.07,550.74,-82.37,62.13
142,77,0.64246,298.09,122.83,29.59,512.67,-85.85,57.88
142,78,0.65027,302.65,121.79,30.11,583.20,-133.24,66.02
143,0,0.00000,0.00,0.00,0.00,119.40,0.00,-34.33
143,1,0.00842,1.05,-0.00,-0.31,124.28,-0.00,-36.23
143,2,0.01733,3.04,0.00,-0.88,223.63,0.00,-64.38
143,3,0.02490,5.14,-0.00,-1.47,277.02,-0.00,-78.63
143,4,0.03381,7.64,0.11,-2.16,281.16,12.28,-77.40
143,5,0.04175,10.12,0.11,-2.83,311.92,-0.00,-84.23
143,6,0.04993,12.47,0.11,-3.42,287.69,-0.00,-71.64
143,7,0.05835,14.76,0.11,-3.99,272.46,0.00,-67.39
143,8,0.06665,16.82,0.11,-4.47,247.43,0.00,-58.46
143,9,0.07495,18.87,0.22,-4.96,247.43,13.52,-58.46
143,10,0.08325,20.93,0.22,-5.44,247.43,0.00,-58.46
143,11,0.09180,22.98,0.22,-5.93,240.36,0.00,-56.79
143,12,0.09998,25.03,0.22,-6.41,251.12,0.00,-59.33
143,13,0.10840,27.09,0.22,-6.92,243.84,0.00,-60.14
143,14,0.11707,29.10,0.22,-7.51,232.04,-0.00,-67.96
143,15,0.12561,31.11,0.22,-8.10,235.36,0.00,-68.93
143,16,0.13318,33.17,0.33,-8.70,272.58,14.07,-79.44
143,17,0.14160,35.17,0.33,-9.31,236.96,-0.00,-73.19
143,18,0.14990,37.11,0.33,-10.03,233.46,-0.00,-86.03
143,19,0.15833,39.04,0.33,-10.74,230.07,0.00,-84.78
143,20,0.16650,40.98,0.33,-11.46,236.94,0.00,-87.31
143,21,0.17493,42.92,0.45,-12.17,230.07,14.95,-84.78
143,22,0.18323,44.86,0.45,-12.88,233.46,-0.00,-86.03
143,23,0.19177,46.80,0.45,-13.60,226.79,-0.00,-83.57
143,24,0.20020,48.73,0.45,-14.31,230.07,0.00,-84.78
143,25,0.20850,50.66,0.56,-15.05,232.35,13.17,-88.97
143,26,0.21729,52.56,0.56,-15.87,215.97,0.00,-93.40
143,27,0.22559,54.48,0.56,-16.70,231.62,-0.00,-100.00
143,28,0.23315,56.38,0.67,-17.52,250.81,14.06,-108.47
143,29,0.24158,58.27,0.67,-18.38,223.91,-0.00,-102.17
143,30,0.25000,60.12,0.67,-19.37,219.93,-0.00,-117.03
143,31,0.25842,61.96,0.80,-20.39,218.84,15.36,-121.38
143,32,0.26672,63.77,0.80,-21.53,218.01,-0.00,-137.50
143,33,0.27502,65.52,0.90,-22.80,210.29,12.12,-152.21
143,34,0.28333,67.06,0.90,-24.44,185.29,-0.00,-197.79
143,35,0.29175,68.55,0.90,-26.23,177.90,-0.00,-212.32
143,36,0.29993,69.93,0.90,-28.47,167.91,-0.00,-273.88
143,37,0.30835,71.38,0.90,-30.77,172.46,-0.00,-273.55
143,38,0.31677,73.08,0.90,-33.27,201.81,0.00,-297.10
143,39,0.32568,74.88,0.90,-35.83,202.05,0.00,-286.64
143,40,0.33337,77.00,1.01,-38.55,275.00,13.80,-353.97
143,41,0.34180,79.19,1.01,-41.33,260.51,-0.00,-330.43
143,42,0.34998,81.63,1.01,-44.31,298.88,-0.00,-364.55
143,43,0.35852,84.21,1.01,-47.31,301.79,-0.00,-350.71
143,44,0.36682,87.22,1.01,-50.35,362.13,0.00,-365.81
143,45,0.37512,90.93,1.11,-53.43,446.69,12.10,-371.69
143,46,0.38342,96.84,1.11,-56.67,711.76,0.00,-389.71
143,47,0.39185,102.54,1.25,-59.80,677.54,16.99,-371.74
143,48,0.40002,107.61,1.25,-62.60,619.40,-0.00,-342.91
143,49,0.40833,112.67,1.37,-65.41,610.29,14.98,-337.87
143,50,0.41711,117.74,1.37,-68.21,576.39,0.00,-319.10
143,51,0.42480,122.82,3.46,-71.02,660.71,270.76,-364.68
143,52,0.43323,127.94,12.09,-73.82,607.97,1025.05,-332.97
143,53,0.44165,133.07,20.64,-76.63,608.33,1015.36,-332.97
143,54,0.44995,138.20,28.94,-79.43,618.75,999.32,-337.13
143,55,0.45825,143.34,37.15,-82.22,618.75,989.57,-336.76
143,56,0.46704,148.48,45.11,-85.00,584.72,905.60,-316.67
143,57,0.47485,153.61,52.97,-87.78,657.42,1006.52,-355.86
143,58,0.48328,158.74,60.54,-90.55,608.70,897.74,-328.26
143,59,0.49170,163.89,67.97,-93.32,611.59,882.89,-329.35
143,60,0.49976,169.12,75.02,-96.12,648.86,874.16,-347.35
143,61,0.50830,174.52,81.88,-99.00,632.50,802.92,-337.14
143,62,0.51733,180.49,88.16,-102.14,660.14,696.16,-347.64
143,63,0.52515,186.55,94.14,-105.33,776.17,764.51,-407.81
143,64,0.53333,192.93,99.12,-108.66,780.22,608.81,-407.46
143,65,0.54187,199.34,103.57,-112.00,750.00,521.56,-391.07
143,66,0.55017,205.83,106.39,-115.37,781.62,338.91,-406.25
143,67,0.55859,212.27,108.87,-118.72,764.13,294.44,-397.10
143,68,0.56738,218.54,110.30,-121.98,714.24,162.98,-371.18
143,69,0.57532,224.69,111.54,-125.18,775.00,156.34,-403.46
143,70,0.58411,230.44,112.18,-128.19,654.51,72.48,-341.67
143,71,0.59204,235.99,112.68,-131.09,699.23,63.64,-366.15
143,72,0.60010,240.90,112.77,-133.69,609.47,11.16,-321.97
143,73,0.60864,245.65,112.76,-136.20,555.36,-1.33,-293.93
143,74,0.61743,249.87,112.43,-138.46,480.90,-37.51,-257.29
143,75,0.62537,254.06,112.02,-140.70,527.31,-52.31,-282.31
143,76,0.63367,258.11,111.33,-142.87,488.60,-82.37,-261.76
143,77,0.64209,262.17,110.56,-145.04,481.16,-91.41,-257.61
143,78,0.65027,266.21,109.52,-147.20,494.40,-127.28,-264.55
144,0,0.00000,0.00,0.00,0.00,22.79,0.73,116.54
144,1,0.00854,0.10,0.00,1.09,11.43,0.00,127.14
144,2,0.01685,0.07,0.00,3.16,-3.31,0.00,249.63
144,3,0.02527,-0.02,0.00,5.33,-10.87,0.00,258.33
144,4,0.03345,-0.16,0.00,7.93,-16.42,0.00,317.16
144,5,0.04187,-0.30,0.00,10.49,-17.03,0.00,303.99
144,6,0.05005,-0.48,0.00,12.91,-22.39,-0.00,295.90
144,7,0.05872,-0.67,0.00,15.26,-21.13,0.00,271.83
144,8,0.06689,-0.85,-0.00,17.37,-22.76,-0.00,257.09
144,9,0.07544,-1.04,0.10,19.47,-21.79,11.78,246.07
144,10,0.08350,-1.22,0.10,21.57,-23.11,0.00,260.98
144,11,0.09277,-1.41,0.10,23.68,-20.07,0.00,226.64
144,12,0.10022,-1.60,0.10,25.81,-25.00,0.00,286.48
144,13,0.10864,-1.76,0.10,27.91,-19.20,0.00,249.64
144,14,0.11682,-1.83,0.10,30.00,-8.96,0.00,255.97
144,15,0.12537,-1.90,0.10,32.10,-8.57,0.00,245.00
144,16,0.13354,-1.98,0.10,34.19,-8.96,0.00,255.97
144,17,0.14197,-2.02,0.10,36.28,-5.07,-0.00,247.83
144,18,0.15027,-1.95,0.10,38.34,8.46,-0.00,248.53
144,19,0.15869,-1.88,0.10,40.41,8.33,-0.00,244.93
144,20,0.16699,-1.81,0.10,42.47,8.46,-0.00,248.53
144,21,0.17566,-1.74,0.20,44.53,8.10,11.75,238.03
144,22,0.18372,-1.67,0.20,46.59,8.71,0.00,256.06
144,23,0.19263,-1.60,0.20,48.66,7.88,0.00,231.51
144,24,0.20032,-1.53,0.20,50.72,9.13,0.00,268.25
144,25,0.20874,-1.43,0.20,52.78,11.23,0.00,244.93
144,26,0.21704,-1.25,0.20,54.84,22.06,0.00,248.16
144,27,0.22559,-1.07,0.20,56.90,21.43,0.00,241.07
144,28,0.23425,-0.89,0.20,58.96,21.13,0.00,237.68
144,29,0.24207,-0.67,0.20,61.02,28.12,-0.00,263.67
144,30,0.25037,-0.31,0.20,63.09,42.65,-0.00,249.26
144,31,0.25867,0.08,0.20,65.16,46.69,-0.00,249.26
144,32,0.26697,0.59,0.30,67.24,62.13,12.23,250.37
144,33,0.27539,1.23,0.30,69.30,75.36,0.00,244.20
144,34,0.28369,2.30,0.30,71.27,129.78,0.00,238.24
144,35,0.29272,3.51,0.30,73.26,133.78,0.00,219.59
144,36,0.30029,5.22,0.30,75.27,225.00,0.00,266.13
144,37,0.30884,6.94,0.30,77.37,202.14,0.00,245.00
144,38,0.31702,8.79,0.30,79.77,225.37,-0.00,293.66
144,39,0.32544,10.64,0.30,82.27,220.65,-0.00,297.10
144,40,0.33362,12.56,0.42,85.13,234.70,13.62,350.00
144,41,0.34204,14.51,0.42,88.08,231.52,0.00,350.00
144,42,0.35034,16.58,0.42,91.34,248.90,0.00,392.28
144,43,0.35889,18.62,0.42,94.71,238.57,0.00,395.00
144,44,0.36707,20.56,0.42,98.52,236.94,-0.00,465.67
144,45,0.37549,22.34,0.52,102.94,211.59,12.38,525.00
144,46,0.38379,23.55,0.52,109.57,146.32,0.00,798.16
144,47,0.39270,24.74,0.52,115.99,132.88,0.00,720.55
144,48,0.40051,25.81,0.52,121.68,137.11,0.00,728.52
144,49,0.40894,26.88,0.64,127.37,127.17,13.71,675.72
144,50,0.41711,27.95,0.64,133.06,130.97,0.00,695.90
144,51,0.42554,29.02,2.52,138.77,126.81,223.52,677.17
144,52,0.43359,30.08,11.15,144.51,131.06,1071.65,712.88
144,53,0.44202,31.13,19.71,150.26,125.00,1016.28,682.25
144,54,0.45032,32.17,28.01,156.01,125.74,999.32,693.38
144,55,0.45886,33.21,36.23,161.77,121.79,962.20,673.57
144,56,0.46704,34.24,44.19,167.52,126.12,973.18,703.36
144,57,0.47534,35.27,52.06,173.27,123.90,948.42,692.65
144,58,0.48438,36.29,59.62,179.00,112.50,837.08,634.80
144,59,0.49268,37.30,67.07,184.76,122.43,897.32,693.75
144,60,0.50037,38.32,74.11,190.60,132.14,915.79,759.52
144,61,0.50891,39.36,80.99,196.62,121.43,804.96,704.29
144,62,0.51709,40.47,87.28,203.27,135.82,768.90,812.69
144,63,0.52576,41.59,93.28,210.02,129.23,692.63,778.52
144,64,0.53394,42.75,98.26,217.12,141.79,608.81,868.66
144,65,0.54224,43.91,102.77,224.25,139.71,542.93,858.82
144,66,0.55042,45.07,105.58,231.47,142.54,343.97,882.46
144,67,0.55908,46.23,108.09,238.63,133.45,289.83,826.76
144,68,0.56726,47.36,109.53,245.61,137.69,175.14,853.73
144,69,0.57568,48.47,110.79,252.47,131.88,149.46,814.13
144,70,0.58423,49.51,111.42,258.87,122.50,74.55,749.29
144,71,0.59314,50.53,111.94,265.08,114.38,58.09,695.89
144,72,0.60083,51.49,112.03,270.78,124.60,12.18,741.27
144,73,0.60913,52.39,112.02,276.06,107.72,-2.28,636.03
144,74,0.61743,53.20,111.69,280.78,98.53,-39.71,568.75
144,75,0.62585,54.02,111.26,285.45,96.38,-50.04,554.71
144,76,0.63416,54.81,110.58,289.98,95.22,-82.37,545.96
144,77,0.64258,55.60,109.80,294.51,93.84,-92.18,537.68
144,78,0.65088,56.38,108.76,299.03,94.49,-125.40,544.49
145,0,0.00000,0.00,0.00,0.00,21.53,-0.00,113.54
145,1,0.00806,0.31,-0.00,1.05,38.26,-0.00,129.92
145,2,0.01624,1.08,-0.00,2.97,94.40,-0.00,235.07
145,3,0.02466,2.08,-0.00,4.90,119.20,-0.00,229.71
145,4,0.03308,3.41,-0.00,7.14,157.61,-0.00,265.22
145,5,0.04126,4.71,-0.00,9.35,158.96,0.00,270.15
145,6,0.04956,5.90,-0.00,11.46,143.38,0.00,254.78
145,7,0.05798,7.06,-0.00,13.53,136.96,0.00,244.93
145,8,0.06714,8.07,0.00,15.38,110.33,0.00,202.33
145,9,0.07471,9.08,0.00,17.23,133.47,0.00,244.76
145,10,0.08301,10.09,0.00,19.08,121.69,0.00,223.16
145,11,0.09143,11.10,0.00,20.94,119.93,0.00,219.93
145,12,0.10010,12.11,0.00,22.79,116.55,0.00,213.73
145,13,0.10803,13.13,0.00,24.63,129.62,0.00,231.92
145,14,0.11633,14.23,0.00,26.41,132.35,0.00,215.07
145,15,0.12476,15.33,0.00,28.20,130.43,0.00,211.96
145,16,0.13293,16.43,0.00,29.98,134.33,0.00,218.28
145,17,0.14136,17.55,0.00,31.75,132.97,0.00,209.42
145,18,0.14978,18.75,0.00,33.43,142.75,0.00,199.64
145,19,0.15869,19.96,0.00,35.11,134.93,0.00,188.70
145,20,0.16638,21.16,0.00,36.79,156.35,0.00,218.65
145,21,0.17480,22.36,0.00,38.47,142.75,0.00,199.64
145,22,0.18298,23.56,0.00,40.16,147.01,0.00,205.60
145,23,0.19141,24.77,0.00,41.84,142.75,0.00,199.64
145,24,0.20020,25.97,0.00,43.52,136.81,0.00,191.32
145,25,0.20813,27.19,0.00,45.18,153.85,0.00,210.00
145,26,0.21692,28.48,0.00,46.80,147.22,0.00,183.33
145,27,0.22498,29.78,0.00,48.41,160.61,0.00,200.00
145,28,0.23315,31.07,0.00,50.02,158.21,0.00,197.01
145,29,0.24146,32.39,0.00,51.61,159.19,0.00,192.28
145,30,0.24976,33.83,0.00,53.14,173.53,0.00,183.82
145,31,0.25818,35.30,0.00,54.65,174.28,0.00,178.99
145,32,0.26709,36.88,0.00,56.09,177.40,0.00,161.99
145,33,0.27478,38.54,0.00,57.46,216.27,0.00,177.38
145,34,0.28308,40.54,0.00,58.51,240.07,0.00,126.47
145,35,0.29150,42.64,0.00,59.49,249.28,0.00,117.03
145,36,0.30029,45.16,0.00,60.22,287.15,0.00,83.33
145,37,0.30823,47.75,0.00,61.00,326.92,0.00,98.46
145,38,0.31653,50.62,0.00,61.98,344.85,0.00,118.01
145,39,0.32507,53.54,0.00,63.03,342.50,0.00,122.50
145,40,0.33313,56.73,0.00,64.35,395.08,0.00,163.64
145,41,0.34155,59.98,0.00,65.72,385.87,0.00,162.68
145,42,0.34998,63.50,0.00,67.29,418.12,0.00,185.87
145,43,0.35864,67.06,0.00,68.96,411.27,0.00,192.96
145,44,0.36646,70.79,0.00,71.05,476.56,0.00,268.36
145,45,0.37488,74.70,0.00,73.70,464.86,0.00,314.13
145,46,0.38318,79.39,0.00,78.54,564.34,0.00,583.46
145,47,0.39148,83.94,0.00,83.25,548.90,0.00,566.54
145,48,0.40039,87.99,0.00,87.39,454.11,0.00,465.07
145,49,0.40820,92.03,0.00,91.53,517.97,0.00,530.47
145,50,0.41711,96.08,0.00,95.68,454.11,0.00,465.07
145,51,0.42468,100.13,1.73,99.83,535.08,228.62,548.79
145,52,0.43286,104.19,10.36,104.03,496.64,1055.65,513.06
145,53,0.44128,108.25,18.93,108.23,481.88,1017.00,498.55
145,54,0.45007,112.31,27.23,112.44,461.81,943.81,479.51
145,55,0.45789,116.37,35.45,116.66,519.14,1053.17,539.45
145,56,0.46619,120.41,43.41,120.87,487.50,958.87,508.09
145,57,0.47461,124.45,51.29,125.09,479.71,935.51,500.72
145,58,0.48279,128.48,58.85,129.30,491.79,924.54,514.93
145,59,0.49121,132.51,66.31,133.53,478.99,885.40,502.17
145,60,0.49976,136.59,73.35,137.83,477.86,824.21,503.21
145,61,0.50793,140.78,80.25,142.25,511.94,842.63,540.67
145,62,0.51611,145.39,86.53,147.17,563.43,768.90,601.49
145,63,0.52478,150.05,92.56,152.16,538.38,695.29,575.70
145,64,0.53284,154.96,97.54,157.44,608.33,618.04,654.55
145,65,0.54114,159.87,102.08,162.73,592.28,547.54,637.50
145,66,0.54944,164.84,104.90,168.09,598.53,338.91,645.96
145,67,0.55872,169.78,107.43,173.42,532.24,273.39,574.34
145,68,0.56641,174.58,108.87,178.61,625.00,186.26,674.60
145,69,0.57483,179.32,110.14,183.71,561.59,151.13,605.80
145,70,0.58313,183.73,110.78,188.46,532.35,76.74,572.43
145,71,0.59155,188.03,111.30,193.07,509.78,62.60,547.46
145,72,0.59998,191.83,111.39,197.12,451.09,10.68,480.43
145,73,0.60815,195.53,111.40,201.05,452.24,0.71,480.97
145,74,0.61707,198.83,111.07,204.53,370.21,-36.99,390.07
145,75,0.62488,202.10,110.67,207.98,418.75,-51.28,441.41
145,76,0.63318,205.26,109.99,211.31,381.62,-82.37,401.84
145,77,0.64160,208.43,109.23,214.65,376.09,-89.68,395.65
145,78,0.64990,211.59,108.19,217.97,380.51,-125.41,400.74
146,0,0.00000,0.00,0.00,0.00,97.43,0.00,-73.90
146,1,0.00842,0.81,0.00,-0.73,96.38,0.00,-86.96
146,2,0.01733,2.36,0.00,-2.11,173.29,0.00,-155.14
146,3,0.02502,3.98,0.00,-3.56,211.51,0.00,-188.10
146,4,0.03345,5.94,0.00,-5.27,232.61,0.00,-202.90
146,5,0.04187,7.88,0.00,-6.95,230.43,0.00,-199.28
146,6,0.05017,9.75,0.00,-8.50,224.63,0.00,-186.76
146,7,0.05859,11.57,0.00,-10.01,215.94,0.00,-178.99
146,8,0.06677,13.20,0.00,-11.34,200.37,0.00,-162.69
146,9,0.07568,14.84,0.00,-12.67,183.90,0.00,-149.32
146,10,0.08337,16.48,0.00,-14.00,213.10,0.00,-173.02
146,11,0.09192,18.12,0.00,-15.33,191.79,0.00,-155.71
146,12,0.10022,19.76,0.00,-16.66,197.43,0.00,-160.29
146,13,0.10852,21.38,0.00,-18.01,195.59,0.00,-162.13
146,14,0.11743,22.94,0.00,-19.41,174.66,0.00,-157.53
146,15,0.12524,24.50,0.00,-20.81,199.22,0.00,-179.69
146,16,0.13367,26.05,0.00,-22.22,184.78,0.00,-166.67
146,17,0.14209,27.58,0.00,-23.64,181.88,0.00,-168.48
146,18,0.15015,29.02,0.00,-25.12,178.03,0.00,-184.47
146,19,0.15857,30.45,0.00,-26.61,170.29,0.00,-176.45
146,20,0.16687,31.89,0.00,-28.09,172.79,0.00,-179.04
146,21,0.17603,33.32,0.00,-29.58,156.67,0.00,-162.33
146,22,0.18420,34.80,0.00,-31.11,180.60,0.00,-186.94
146,23,0.19189,36.23,0.00,-32.60,186.51,0.00,-193.25
146,24,0.20020,37.67,0.00,-34.08,172.79,0.00,-179.04
146,25,0.20850,39.08,0.00,-35.59,170.59,0.00,-181.25
146,26,0.21729,40.44,0.00,-37.15,153.82,0.00,-177.78
146,27,0.22522,41.79,0.00,-38.71,170.38,0.00,-196.92
146,28,0.23364,43.14,0.00,-40.27,160.51,0.00,-185.51
146,29,0.24194,44.47,0.00,-41.87,159.93,0.00,-191.91
146,30,0.25024,45.71,0.00,-43.56,149.26,0.00,-204.04
146,31,0.25867,46.92,0.00,-45.28,144.20,0.00,-204.35
146,32,0.26697,48.06,0.00,-47.10,136.76,0.00,-218.75
146,33,0.27576,49.08,0.00,-48.99,117.01,0.00,-215.28
146,34,0.28345,49.76,0.00,-51.14,87.30,0.00,-279.37
146,35,0.29187,50.33,0.00,-53.39,68.48,0.00,-267.75
146,36,0.30029,50.60,0.00,-56.01,31.16,0.00,-310.51
146,37,0.30859,50.90,0.00,-58.71,36.76,0.00,-325.37
146,38,0.31750,51.35,0.00,-61.70,50.00,0.00,-335.96
146,39,0.32520,51.86,0.00,-64.78,66.27,0.00,-400.40
146,40,0.33362,52.58,0.00,-68.15,85.87,0.00,-400.00
146,41,0.34192,53.34,0.00,-71.61,91.91,0.00,-416.54
146,42,0.35022,54.24,0.00,-75.36,108.82,0.00,-451.47
146,43,0.35864,55.26,0.00,-79.17,120.65,0.00,-452.90
146,44,0.36694,56.65,0.00,-83.21,167.28,0.00,-486.76
146,45,0.37585,58.62,0.00,-87.59,220.89,0.00,-490.75
146,46,0.38354,62.53,0.00,-93.07,509.13,0.00,-712.70
146,47,0.39197,66.32,0.00,-98.37,449.28,0.00,-630.07
146,48,0.40039,69.66,0.00,-103.10,397.10,0.00,-561.23
146,49,0.40869,73.01,0.00,-107.83,402.94,0.00,-569.49
146,50,0.41748,76.35,0.00,-112.55,380.56,0.00,-537.85
146,51,0.42542,79.71,1.98,-117.29,423.08,249.97,-596.54
146,52,0.43408,83.10,10.62,-122.04,391.55,996.18,-548.24
146,53,0.44202,86.50,19.17,-126.79,428.08,1078.33,-598.85
146,54,0.45020,89.91,27.47,-131.54,417.16,1014.24,-580.97
146,55,0.45850,93.32,35.69,-136.29,411.03,990.03,-572.06
146,56,0.46667,96.74,43.65,-141.03,417.91,973.18,-579.48
146,57,0.47510,100.16,51.51,-145.77,405.80,934.12,-562.32
146,58,0.48401,103.57,59.08,-150.49,383.22,848.55,-529.45
146,59,0.49182,107.01,66.52,-155.22,439.45,952.62,-606.25
146,60,0.50024,110.50,73.56,-160.01,414.49,836.15,-568.84
146,61,0.50867,114.11,80.43,-164.95,428.26,815.58,-586.23
146,62,0.51733,118.11,86.72,-170.37,461.97,725.58,-625.35
146,63,0.52527,122.18,92.71,-175.87,513.46,754.63,-693.46
146,64,0.53357,126.48,97.69,-181.65,518.01,599.86,-695.59
146,65,0.54224,130.80,102.17,-187.44,498.24,517.07,-668.31
146,66,0.55042,135.18,104.98,-193.30,535.07,343.97,-716.04
146,67,0.55884,139.52,107.48,-199.11,515.94,296.32,-690.22
146,68,0.56714,143.76,108.91,-204.78,510.29,172.57,-682.72
146,69,0.57605,147.91,110.16,-210.34,466.10,140.23,-623.97
146,70,0.58374,151.79,110.80,-215.54,503.97,82.83,-676.59
146,71,0.59204,155.53,111.31,-220.57,450.74,61.59,-606.62
146,72,0.60034,158.83,111.40,-225.04,397.06,10.83,-538.24
146,73,0.60889,162.01,111.39,-229.37,372.86,-0.76,-506.79
146,74,0.61755,164.83,111.06,-233.25,325.70,-38.03,-446.83
146,75,0.62549,167.63,110.65,-237.08,352.69,-51.80,-483.46
146,76,0.63379,170.34,109.97,-240.80,326.10,-82.37,-448.16
146,77,0.64233,173.05,109.20,-244.52,316.79,-89.63,-435.00
146,78,0.65039,175.75,108.16,-248.22,335.23,-129.21,-459.85
147,0,0.00000,0.00,0.00,0.00,78.46,0.00,-101.15
147,1,0.00818,0.67,0.14,-0.86,82.09,16.68,-105.22
147,2,0.01648,1.96,0.27,-2.49,154.78,16.16,-195.96
147,3,0.02515,3.31,0.41,-4.19,156.34,16.25,-196.83
147,4,0.03467,4.94,0.58,-6.21,171.47,17.66,-212.18
147,5,0.04260,6.56,0.75,-8.20,204.23,20.94,-250.38
147,6,0.04993,8.13,0.90,-10.05,214.17,21.39,-252.50
147,7,0.05835,9.66,1.05,-11.85,181.88,18.09,-213.41
147,8,0.06677,11.05,1.19,-13.44,164.49,16.20,-189.13
147,9,0.07507,12.44,1.33,-15.03,166.91,16.44,-191.91
147,10,0.08337,13.82,1.46,-16.63,166.91,16.42,-191.91
147,11,0.09229,15.21,1.60,-18.22,155.48,15.33,-178.77
147,12,0.10083,16.59,1.74,-19.81,162.14,15.94,-186.43
147,13,0.10840,17.96,1.87,-21.42,180.65,17.99,-212.10
147,14,0.11658,19.25,2.01,-23.07,157.84,16.59,-201.87
147,15,0.12488,20.54,2.14,-24.72,155.51,16.34,-198.90
147,16,0.13330,21.83,2.28,-26.37,153.26,16.14,-196.01
147,17,0.14160,23.10,2.42,-28.03,152.21,16.25,-200.37
147,18,0.15063,24.25,2.55,-29.75,128.04,14.83,-189.53
147,19,0.15820,25.41,2.68,-31.46,152.82,17.64,-226.21
147,20,0.16663,26.57,2.82,-33.17,137.32,15.87,-203.26
147,21,0.17505,27.72,2.95,-34.88,137.32,15.90,-203.26
147,22,0.18408,28.88,3.08,-36.59,128.04,14.80,-189.53
147,23,0.19165,30.04,3.22,-38.31,152.82,17.64,-226.21
147,24,0.20020,31.19,3.35,-40.02,135.36,15.64,-200.36
147,25,0.20837,32.33,3.48,-41.74,139.18,16.35,-210.82
147,26,0.21667,33.39,3.62,-43.52,127.94,16.05,-213.60
147,27,0.22498,34.45,3.75,-45.29,127.94,16.03,-213.60
147,28,0.23340,35.52,3.88,-47.06,126.09,15.83,-210.51
147,29,0.24231,36.55,4.02,-48.86,116.10,14.95,-201.37
147,30,0.25061,37.48,4.15,-50.74,111.76,16.09,-226.47
147,31,0.25830,38.38,4.28,-52.64,117.46,17.38,-247.22
147,32,0.26672,39.18,4.42,-54.62,95.29,15.96,-235.51
147,33,0.27502,39.89,4.55,-56.65,84.56,15.98,-244.85
147,34,0.28406,40.18,4.68,-58.88,32.09,14.08,-246.96
147,35,0.29163,40.37,4.81,-61.19,25.81,16.84,-305.24
147,36,0.30017,40.18,4.94,-63.82,-22.50,15.09,-306.79
147,37,0.30847,40.01,5.07,-66.52,-20.59,16.15,-325.74
147,38,0.31677,39.93,5.22,-69.54,-9.56,18.58,-364.34
147,39,0.32495,39.89,5.38,-72.65,-4.48,19.57,-380.22
147,40,0.33411,40.02,5.57,-76.10,14.33,20.14,-376.00
147,41,0.34180,40.18,5.76,-79.62,19.84,24.56,-458.33
147,42,0.35071,40.42,5.97,-83.47,27.40,23.54,-431.85
147,43,0.35840,40.75,6.18,-87.39,42.86,28.14,-509.92
147,44,0.36682,41.42,6.46,-91.61,79.71,32.42,-501.09
147,45,0.37512,42.54,6.46,-96.20,134.93,-0.00,-553.31
147,46,0.38416,45.45,6.46,-102.28,322.30,0.00,-672.30
147,47,0.39185,48.28,6.46,-108.18,367.46,0.00,-767.86
147,48,0.40015,50.76,6.46,-113.42,298.53,0.00,-630.51
147,49,0.40845,53.23,6.46,-118.65,298.53,0.00,-630.51
147,50,0.41675,55.71,6.46,-123.88,298.53,0.00,-630.51
147,51,0.42517,58.20,8.19,-129.12,295.29,205.42,-622.10
147,52,0.43347,60.72,16.82,-134.39,303.68,1040.13,-634.56
147,53,0.44238,63.24,25.39,-139.66,283.22,961.27,-591.10
147,54,0.45020,65.78,33.68,-144.93,325.00,1061.78,-674.61
147,55,0.45850,68.33,41.91,-150.20,306.25,991.22,-634.56
147,56,0.46692,70.87,49.87,-155.46,302.54,944.97,-624.64
147,57,0.47522,73.42,57.75,-160.71,306.99,949.26,-633.09
147,58,0.48401,75.97,65.31,-165.95,290.28,860.34,-595.83
147,59,0.49170,78.54,72.77,-171.20,333.33,969.72,-683.33
147,60,0.50012,81.15,79.81,-176.53,309.78,836.15,-631.88
147,61,0.50854,83.84,86.70,-181.99,319.57,818.20,-648.91
147,62,0.51685,86.85,92.99,-188.02,362.50,757.59,-726.47
147,63,0.52515,89.90,99.02,-194.13,368.01,725.97,-736.03
147,64,0.53394,93.14,104.00,-200.56,368.40,566.53,-731.60
147,65,0.54248,96.39,108.54,-207.01,380.36,531.89,-754.64
147,66,0.55017,99.69,111.35,-213.53,429.37,365.81,-848.41
147,67,0.55847,102.97,113.89,-220.02,394.85,305.56,-780.88
147,68,0.56702,106.16,115.32,-226.33,373.57,167.64,-738.57
147,69,0.57532,109.30,116.60,-232.53,377.94,153.35,-747.79
147,70,0.58374,112.22,117.23,-238.33,346.38,75.63,-688.04
147,71,0.59253,115.05,117.76,-243.96,321.88,59.99,-640.62
147,72,0.60107,117.52,117.85,-248.93,289.64,10.52,-581.79
147,73,0.60876,119.92,117.86,-253.77,312.30,0.75,-628.97
147,74,0.61707,122.03,117.53,-258.07,254.41,-39.71,-518.01
147,75,0.62537,124.13,117.13,-262.34,252.57,-48.27,-513.97
147,76,0.63379,126.15,116.44,-266.47,240.22,-81.18,-490.58
147,77,0.64294,128.18,115.69,-270.60,221.00,-82.51,-451.00
147,78,0.65051,130.20,114.65,-274.71,266.94,-137.54,-543.95
148,0,0.00000,0.00,0.00,0.00,-32.97,0.00,-115.94
148,1,0.00818,-0.30,0.00,-1.05,-36.57,0.00,-128.36
148,2,0.01660,-0.86,-0.00,-3.05,-66.30,-0.00,-236.96
148,3,0.02490,-1.44,-0.00,-5.15,-69.85,-0.00,-252.94
148,4,0.03369,-2.11,0.00,-7.66,-76.04,0.00,-285.76
148,5,0.04224,-2.76,-0.00,-10.14,-76.07,-0.00,-290.36
148,6,0.04980,-3.32,0.00,-12.50,-75.00,0.00,-311.69
148,7,0.05823,-3.87,-0.00,-14.80,-65.22,-0.00,-273.19
148,8,0.06653,-4.34,0.00,-16.86,-56.62,0.00,-248.16
148,9,0.07532,-4.81,-0.00,-18.92,-53.47,-0.00,-234.38
148,10,0.08313,-5.28,0.11,-20.98,-60.16,13.72,-263.67
148,11,0.09155,-5.75,0.11,-23.04,-55.80,0.00,-244.57
148,12,0.09998,-6.22,0.11,-25.10,-55.80,-0.00,-244.57
148,13,0.10840,-6.71,0.31,-27.15,-57.97,23.92,-243.48
148,14,0.11670,-7.28,0.74,-29.17,-69.12,51.94,-243.01
148,15,0.12500,-7.86,1.17,-31.18,-69.12,52.06,-243.01
148,16,0.13379,-8.43,1.60,-33.20,-65.28,49.06,-229.51
148,17,0.14221,-9.03,2.04,-35.20,-71.01,51.44,-237.68
148,18,0.14990,-9.73,2.48,-37.15,-90.87,57.53,-252.78
148,19,0.15833,-10.43,2.92,-39.09,-82.97,52.77,-230.80
148,20,0.16663,-11.13,3.37,-41.03,-84.19,53.30,-234.19
148,21,0.17554,-11.83,3.81,-42.98,-78.42,49.65,-218.15
148,22,0.18323,-12.52,4.25,-44.92,-90.87,57.53,-252.78
148,23,0.19165,-13.22,4.70,-46.87,-82.97,52.77,-230.80
148,24,0.19995,-13.92,5.14,-48.81,-84.19,53.30,-234.19
148,25,0.20825,-14.64,5.58,-50.74,-86.76,53.62,-233.09
148,26,0.21655,-15.45,6.04,-52.65,-97.06,55.13,-229.41
148,27,0.22498,-16.25,6.50,-54.55,-95.65,54.16,-226.09
148,28,0.23376,-17.06,6.95,-56.46,-91.67,51.90,-216.67
148,29,0.24170,-17.90,7.41,-58.35,-105.77,58.12,-238.85
148,30,0.24988,-18.87,7.90,-60.21,-118.66,58.83,-227.24
148,31,0.25830,-19.87,8.42,-62.06,-119.20,62.64,-219.93
148,32,0.26672,-21.00,8.94,-63.88,-133.70,61.42,-215.94
148,33,0.27551,-22.23,9.52,-65.65,-139.93,65.47,-200.69
148,34,0.28333,-23.86,10.14,-67.20,-208.59,80.48,-198.44
148,35,0.29175,-25.61,10.79,-68.72,-207.97,77.20,-180.43
148,36,0.29993,-27.84,11.53,-70.11,-272.76,90.14,-170.15
148,37,0.30835,-30.12,12.29,-71.56,-271.01,90.06,-172.83
148,38,0.31677,-32.61,13.14,-73.28,-295.65,100.91,-204.35
148,39,0.32556,-35.15,14.01,-75.09,-288.19,99.39,-205.21
148,40,0.33337,-37.85,14.98,-77.22,-346.09,123.96,-273.44
148,41,0.34229,-40.61,15.98,-79.43,-309.25,111.44,-247.26
148,42,0.34998,-43.57,17.06,-81.89,-385.32,140.74,-320.63
148,43,0.35840,-46.54,18.16,-84.48,-352.90,131.21,-306.52
148,44,0.36694,-49.55,19.35,-87.51,-352.50,139.27,-354.64
148,45,0.37561,-52.60,20.65,-91.13,-351.76,149.83,-417.61
148,46,0.38354,-55.79,22.29,-97.06,-401.92,207.07,-747.69
148,47,0.39185,-58.90,23.20,-102.82,-373.90,109.56,-694.12
148,48,0.40039,-61.66,23.38,-107.91,-323.57,20.06,-595.36
148,49,0.40857,-64.43,23.38,-112.99,-338.06,0.00,-622.01
148,50,0.41687,-67.19,23.38,-118.08,-333.09,0.00,-612.87
148,51,0.42517,-69.96,25.12,-123.18,-333.09,210.47,-614.34
148,52,0.43396,-72.72,33.76,-128.32,-314.58,982.34,-585.07
148,53,0.44189,-75.49,42.32,-133.47,-348.46,1079.50,-648.46
148,54,0.45007,-78.24,50.62,-138.63,-337.31,1014.24,-630.60
148,55,0.45837,-81.00,58.84,-143.78,-331.99,991.14,-621.32
148,56,0.46667,-83.74,66.80,-148.94,-330.51,958.87,-621.69
148,57,0.47571,-86.48,74.68,-154.10,-303.38,872.21,-570.95
148,58,0.48315,-89.21,82.24,-159.25,-365.98,1015.48,-691.39
148,59,0.49170,-91.94,89.70,-164.42,-319.64,872.63,-605.00
148,60,0.49988,-94.70,96.74,-169.67,-337.31,861.12,-641.79
148,61,0.50854,-97.53,103.63,-175.07,-326.06,794.99,-622.89
148,62,0.51672,-100.62,109.92,-181.05,-378.36,768.90,-732.09
148,63,0.52527,-103.75,115.95,-187.13,-366.79,704.93,-710.71
148,64,0.53406,-107.04,120.92,-193.54,-373.61,566.53,-729.17
148,65,0.54187,-110.33,125.47,-199.97,-421.09,581.22,-823.05
148,66,0.55017,-113.65,128.28,-206.48,-400.37,338.91,-784.56
148,67,0.55859,-116.95,130.81,-212.95,-391.67,300.81,-768.12
148,68,0.56702,-120.16,132.24,-219.25,-381.52,170.07,-748.19
148,69,0.57520,-123.32,133.52,-225.45,-386.57,155.45,-757.46
148,70,0.58350,-126.28,134.15,-231.22,-356.25,76.74,-695.59
148,71,0.59192,-129.16,134.68,-236.82,-341.67,62.48,-665.22
148,72,0.60022,-131.71,134.77,-241.75,-307.72,10.83,-593.75
148,73,0.60864,-134.20,134.77,-246.54,-295.65,0.59,-568.84
148,74,0.61694,-136.43,134.44,-250.78,-268.38,-39.71,-511.03
148,75,0.62537,-138.64,134.04,-254.99,-262.32,-47.65,-499.64
148,76,0.63416,-140.78,133.36,-259.06,-243.75,-77.79,-463.19
148,77,0.64197,-142.92,132.60,-263.13,-273.83,-96.78,-520.70
148,78,0.65027,-145.06,131.56,-267.19,-256.99,-125.41,-488.97
149,0,0.00000,0.00,0.00,0.00,108.10,-0.00,-45.07
149,1,0.00903,0.96,0.00,-0.52,106.76,0.00,-57.09
149,2,0.01733,2.69,0.00,-1.66,208.09,-0.00,-138.24
149,3,0.02576,4.38,0.00,-3.04,200.36,0.00,-163.41
149,4,0.03333,6.23,0.00,-4.86,245.16,-0.00,-240.32
149,5,0.04150,7.89,0.00,-6.82,202.24,0.00,-239.55
149,6,0.05029,9.30,0.00,-8.79,160.42,0.00,-224.65
149,7,0.05896,10.48,0.00,-10.84,135.92,0.00,-236.27
149,8,0.06726,11.36,0.12,-12.76,106.62,13.96,-230.88
149,9,0.07471,12.05,0.12,-14.75,92.62,0.00,-268.03
149,10,0.08313,12.54,0.12,-16.81,57.61,0.00,-243.84
149,11,0.09131,12.81,0.12,-18.90,33.96,0.00,-255.97
149,12,0.09998,12.88,0.12,-21.01,7.75,0.00,-243.31
149,13,0.10864,12.72,0.22,-23.11,-19.01,11.97,-242.61
149,14,0.11633,12.36,0.22,-25.18,-46.03,0.00,-268.65
149,15,0.12573,12.01,0.22,-27.24,-37.66,-0.00,-219.81
149,16,0.13330,11.65,0.22,-29.31,-46.77,0.00,-272.98
149,17,0.14148,11.28,0.22,-31.36,-46.27,-0.00,-251.12
149,18,0.15002,10.79,0.22,-33.37,-56.79,0.00,-235.00
149,19,0.15894,10.31,0.22,-35.38,-54.45,-0.00,-225.34
149,20,0.16724,9.82,0.22,-37.39,-58.46,0.00,-241.91
149,21,0.17493,9.34,0.22,-39.40,-63.10,0.00,-261.11
149,22,0.18311,8.85,0.22,-41.40,-59.33,-0.00,-245.52
149,23,0.19153,8.36,0.33,-43.41,-57.61,13.02,-238.41
149,24,0.19995,7.88,0.33,-45.42,-57.61,0.00,-238.41
149,25,0.20874,7.37,0.33,-47.42,-57.99,-0.00,-227.78
149,26,0.21643,6.77,0.33,-49.40,-77.78,0.00,-257.54
149,27,0.22485,6.17,0.33,-51.38,-71.01,0.00,-235.14
149,28,0.23340,5.58,0.33,-53.36,-70.00,-0.00,-231.79
149,29,0.24158,4.94,0.33,-55.34,-77.24,0.00,-241.42
149,30,0.25000,4.18,0.33,-57.29,-90.94,0.00,-231.88
149,31,0.25818,3.38,0.33,-59.24,-97.76,-0.00,-238.06
149,32,0.26709,2.45,0.33,-61.17,-104.11,-0.00,-216.44
149,33,0.27490,1.42,0.33,-63.05,-132.03,0.00,-241.41
149,34,0.28333,-0.04,0.33,-64.77,-172.83,0.00,-203.99
149,35,0.29163,-1.61,0.33,-66.47,-190.07,-0.00,-204.41
149,36,0.29993,-3.68,0.33,-68.09,-249.26,-0.00,-195.22
149,37,0.30896,-5.80,0.33,-69.78,-234.12,-0.00,-187.50
149,38,0.31665,-8.09,0.33,-71.76,-298.02,0.00,-257.14
149,39,0.32495,-10.42,0.55,-73.83,-280.15,26.92,-248.90
149,40,0.33337,-12.88,1.40,-76.24,-292.03,100.70,-286.59
149,41,0.34167,-15.38,2.27,-78.72,-301.84,104.37,-299.26
149,42,0.34998,-18.06,3.21,-81.49,-323.16,113.82,-333.46
149,43,0.35828,-20.74,4.18,-84.38,-322.79,116.04,-347.43
149,44,0.36670,-23.41,5.21,-87.71,-317.03,122.92,-396.01
149,45,0.37549,-26.06,6.33,-91.63,-300.69,127.70,-445.83
149,46,0.38342,-28.59,7.81,-97.87,-319.62,186.10,-786.54
149,47,0.39172,-31.06,9.42,-103.93,-297.43,193.96,-730.51
149,48,0.40002,-33.27,10.73,-109.29,-265.81,157.74,-645.22
149,49,0.40833,-35.47,12.13,-114.65,-265.81,169.34,-645.22
149,50,0.41724,-37.68,13.54,-120.00,-247.60,157.77,-601.03
149,51,0.42578,-39.88,15.27,-125.37,-257.86,202.49,-627.86
149,52,0.43347,-42.08,23.90,-130.77,-286.11,1122.70,-703.17
149,53,0.44153,-44.28,32.47,-136.18,-272.73,1063.22,-671.59
149,54,0.45007,-46.47,40.77,-141.61,-256.43,970.77,-634.64
149,55,0.45837,-48.66,48.99,-147.03,-263.60,991.21,-653.31
149,56,0.46716,-50.84,56.95,-152.46,-247.57,905.60,-617.36
149,57,0.47485,-53.01,64.83,-157.88,-282.54,1024.60,-705.16
149,58,0.48328,-55.17,72.39,-163.29,-256.16,897.74,-642.39
149,59,0.49133,-57.33,79.85,-168.72,-268.56,925.64,-674.24
149,60,0.50037,-59.51,86.89,-174.23,-241.55,779.66,-610.14
149,61,0.50867,-61.75,93.79,-179.90,-269.12,830.23,-682.72
149,62,0.51660,-64.18,100.08,-186.18,-306.92,792.56,-791.92
149,63,0.52490,-66.64,106.10,-192.56,-296.69,725.97,-767.65
149,64,0.53333,-69.22,111.08,-199.28,-305.80,591.17,-798.19
149,65,0.54150,-71.80,115.63,-206.02,-315.67,555.70,-824.63
149,66,0.55005,-74.41,118.44,-212.86,-305.00,329.23,-799.64
149,67,0.55859,-77.00,120.97,-219.64,-302.86,296.82,-794.29
149,68,0.56787,-79.52,122.41,-226.25,-271.71,154.40,-712.50
149,69,0.57532,-82.00,123.68,-232.75,-333.20,170.94,-872.95
149,70,0.58386,-84.32,124.32,-238.81,-271.79,74.55,-708.93
149,71,0.59204,-86.58,124.84,-244.69,-276.49,64.47,-719.03
149,72,0.60046,-88.60,124.93,-249.87,-239.13,10.68,-614.49
149,73,0.60938,-90.56,124.94,-254.90,-220.21,0.65,-564.38
149,74,0.61719,-92.32,124.61,-259.36,-225.39,-42.19,-570.70
149,75,0.62549,-94.06,124.21,-263.78,-210.29,-48.27,-532.72
149,76,0.63379,-95.76,123.53,-268.06,-204.04,-82.37,-515.44
149,77,0.64233,-97.45,122.77,-272.33,-197.86,-88.40,-500.36
149,78,0.65051,-99.13,121.73,-276.60,-205.97,-127.28,-521.64
150,0,0.00000,0.00,0.00,0.00,125.76,44.38,-1.14
150,1,0.00854,1.09,0.39,-0.01,127.86,45.27,-0.71
150,2,0.01697,3.17,1.12,-0.01,246.38,87.30,-0.36
150,3,0.02576,5.35,1.89,-0.01,247.92,87.16,0.00
150,4,0.03394,7.95,2.80,0.02,317.91,111.79,2.99
150,5,0.04187,10.51,3.70,0.05,323.08,112.72,4.62
150,6,0.05017,12.93,4.54,0.13,291.91,101.34,9.93
150,7,0.05859,15.30,5.35,0.22,280.43,96.86,10.14
150,8,0.06750,17.41,6.08,0.32,236.99,81.30,10.96
150,9,0.07520,19.52,6.80,0.42,274.60,94.27,12.70
150,10,0.08350,21.63,7.53,0.51,254.41,87.14,11.76
150,11,0.09192,23.74,8.25,0.61,250.72,86.30,11.59
150,12,0.10034,25.85,8.98,0.71,250.72,85.94,11.59
150,13,0.10876,27.96,9.71,0.78,250.00,86.51,9.06
150,14,0.11682,30.05,10.45,0.77,259.85,92.20,-1.89
150,15,0.12524,32.15,11.19,0.75,248.55,88.19,-1.81
150,16,0.13416,34.24,11.93,0.74,234.93,83.25,-1.71
150,17,0.14209,36.33,12.68,0.70,263.08,93.94,-5.38
150,18,0.15015,38.39,13.44,0.54,255.30,94.18,-19.32
150,19,0.15857,40.44,14.20,0.38,244.57,90.24,-18.48
150,20,0.16748,42.50,14.96,0.23,231.16,85.20,-17.47
150,21,0.17517,44.56,15.72,0.07,267.86,98.73,-20.24
150,22,0.18347,46.62,16.48,-0.08,248.16,91.53,-18.75
150,23,0.19202,48.68,17.24,-0.24,241.07,89.08,-18.21
150,24,0.20044,50.74,18.00,-0.39,244.57,90.20,-18.48
150,25,0.20862,52.80,18.76,-0.57,251.49,93.24,-21.64
150,26,0.21753,54.85,19.54,-0.84,230.14,87.74,-30.14
150,27,0.22534,56.90,20.32,-1.11,262.50,99.83,-34.38
150,28,0.23413,58.95,21.10,-1.38,233.33,88.73,-30.56
150,29,0.24207,61.00,21.89,-1.68,258.46,99.44,-38.08
150,30,0.25024,63.06,22.71,-2.12,250.75,99.74,-53.73
150,31,0.25867,65.11,23.53,-2.59,243.48,97.47,-56.16
150,32,0.26758,67.16,24.38,-3.19,230.48,95.68,-67.47
150,33,0.27527,69.19,25.25,-3.91,263.89,112.82,-92.86
150,34,0.28357,71.12,26.17,-5.07,232.72,111.38,-139.71
150,35,0.29211,73.05,27.12,-6.35,226.07,111.46,-150.00
150,36,0.30066,74.99,28.18,-8.13,226.43,123.66,-208.21
150,37,0.30859,77.00,29.27,-9.94,253.46,137.45,-228.46
150,38,0.31750,79.32,30.50,-11.88,260.62,137.90,-217.81
150,39,0.32532,81.74,31.76,-13.84,308.98,161.64,-250.78
150,40,0.33423,84.52,33.17,-15.88,311.99,158.02,-228.42
150,41,0.34290,87.37,34.61,-17.94,329.58,166.36,-238.73
150,42,0.35034,90.55,35.69,-20.15,426.64,144.21,-296.31
150,43,0.35876,93.83,36.52,-22.33,389.49,98.42,-258.70
150,44,0.36755,97.55,37.15,-24.43,423.61,71.91,-238.54
150,45,0.37598,101.86,37.59,-26.40,510.87,52.99,-234.06
150,46,0.38367,108.43,38.31,-27.89,854.37,92.43,-194.05
150,47,0.39209,114.81,39.00,-29.35,757.61,82.04,-172.83
150,48,0.40039,120.45,39.61,-30.65,679.78,73.77,-157.72
150,49,0.40881,126.09,40.22,-31.96,669.93,72.68,-155.43
150,50,0.41699,131.74,40.83,-33.27,689.93,74.89,-160.07
150,51,0.42542,137.39,42.59,-34.58,671.01,208.46,-155.07
150,52,0.43433,143.08,51.22,-35.87,639.04,968.89,-145.21
150,53,0.44202,148.78,59.79,-37.16,740.48,1113.72,-167.86
150,54,0.45056,154.48,68.08,-38.45,667.86,970.77,-150.00
150,55,0.45874,160.19,76.31,-39.72,697.76,1005.89,-156.34
150,56,0.46753,165.90,84.27,-40.99,649.31,905.60,-144.44
150,57,0.47546,171.60,92.15,-42.26,718.46,992.93,-159.62
150,58,0.48364,177.29,99.71,-43.52,695.52,924.54,-153.36
150,59,0.49219,183.00,107.17,-44.77,668.21,872.57,-146.79
150,60,0.50037,188.79,114.21,-46.03,708.21,861.11,-154.10
150,61,0.50879,194.74,121.10,-47.31,707.25,817.94,-152.54
150,62,0.51697,201.34,127.39,-48.70,806.34,768.90,-169.40
150,63,0.52527,208.03,133.41,-50.10,805.51,725.50,-168.75
150,64,0.53406,215.08,138.39,-51.56,802.08,566.53,-165.62
150,65,0.54199,222.15,142.93,-53.01,891.54,572.00,-183.46
150,66,0.55017,229.31,145.74,-54.48,875.75,343.97,-179.10
150,67,0.55859,236.43,148.27,-55.93,844.93,300.64,-172.83
150,68,0.56750,243.36,149.70,-57.35,777.74,160.75,-159.25
150,69,0.57532,250.17,150.97,-58.75,872.27,162.63,-178.52
150,70,0.58362,256.53,151.61,-60.06,765.44,76.74,-158.09
150,71,0.59204,262.70,152.14,-61.34,732.25,62.41,-151.81
150,72,0.60046,268.13,152.23,-62.48,644.93,10.68,-136.23
150,73,0.60889,273.41,152.23,-63.60,626.81,0.54,-132.97
150,74,0.61768,278.09,151.90,-64.62,532.99,-37.50,-115.62
150,75,0.62549,282.74,151.50,-65.63,594.53,-51.42,-128.91
150,76,0.63428,287.23,150.82,-66.61,511.46,-77.79,-111.46
150,77,0.64221,291.72,150.06,-67.58,566.15,-95.34,-123.08
150,78,0.65039,296.21,149.02,-68.56,548.13,-127.28,-119.03
151,0,0.00000,0.00,0.00,0.00,-126.19,0.00,-39.29
151,1,0.00854,-1.04,0.00,-0.33,-121.79,0.00,-38.57
151,2,0.01672,-3.02,0.00,-0.96,-241.42,0.00,-77.24
151,3,0.02563,-5.09,0.00,-1.63,-232.53,0.00,-75.00
151,4,0.03333,-7.55,0.00,-2.45,-320.63,0.00,-106.75
151,5,0.04187,-9.98,0.00,-3.27,-284.29,0.00,-96.07
151,6,0.05005,-12.27,0.00,-4.09,-279.10,0.00,-100.37
151,7,0.05859,-14.49,0.00,-4.90,-260.00,0.00,-93.93
151,8,0.06677,-16.46,0.00,-5.63,-241.79,0.00,-90.30
151,9,0.07507,-18.44,0.00,-6.37,-238.24,0.00,-88.97
151,10,0.08350,-20.42,0.00,-7.11,-234.78,0.00,-87.68
151,11,0.09253,-22.40,0.00,-7.85,-218.92,0.00,-81.76
151,12,0.10022,-24.37,0.00,-8.59,-257.14,0.00,-96.03
151,13,0.10840,-26.36,0.00,-9.30,-242.54,0.00,-87.69
151,14,0.11670,-28.36,0.00,-9.93,-240.81,0.00,-75.74
151,15,0.12561,-30.36,0.00,-10.56,-224.32,0.00,-70.55
151,16,0.13342,-32.35,0.00,-11.19,-255.86,0.00,-80.47
151,17,0.14185,-34.36,0.00,-11.79,-237.68,0.00,-71.38
151,18,0.15015,-36.36,0.00,-12.27,-241.91,0.00,-58.09
151,19,0.15869,-38.37,0.00,-12.76,-235.00,0.00,-56.43
151,20,0.16687,-40.38,0.00,-13.24,-245.52,0.00,-58.96
151,21,0.17517,-42.39,0.00,-13.72,-241.91,0.00,-58.09
151,22,0.18347,-44.40,0.00,-14.20,-241.91,0.00,-58.09
151,23,0.19238,-46.41,0.00,-14.69,-225.34,0.00,-54.11
151,24,0.20020,-48.41,0.00,-15.17,-257.03,0.00,-61.72
151,25,0.20862,-50.43,0.00,-15.63,-239.13,0.00,-54.71
151,26,0.21692,-52.46,0.00,-16.00,-244.85,0.00,-44.85
151,27,0.22571,-54.49,0.00,-16.37,-231.25,0.00,-42.36
151,28,0.23352,-56.52,0.00,-16.74,-260.16,0.00,-47.66
151,29,0.24182,-58.57,0.00,-17.08,-246.32,0.00,-40.81
151,30,0.25012,-60.66,0.00,-17.29,-251.47,0.00,-25.37
151,31,0.25867,-62.75,0.00,-17.47,-245.36,0.00,-21.07
151,32,0.26697,-64.89,0.00,-17.53,-257.72,0.00,-6.99
151,33,0.27576,-67.04,0.00,-17.47,-244.79,0.00,6.60
151,34,0.28406,-69.24,0.00,-16.96,-263.97,0.00,61.40
151,35,0.29260,-71.47,0.00,-16.34,-261.07,0.00,73.57
151,36,0.30017,-73.85,0.00,-15.23,-315.32,0.00,145.56
151,37,0.30859,-76.32,0.00,-14.13,-293.48,0.00,131.52
151,38,0.31689,-79.13,0.00,-12.99,-337.87,0.00,136.76
151,39,0.32581,-82.03,0.00,-11.87,-325.34,0.00,126.37
151,40,0.33362,-85.30,0.00,-10.78,-418.75,0.00,139.06
151,41,0.34192,-88.65,0.00,-9.69,-404.04,0.00,131.62
151,42,0.35034,-92.34,0.00,-8.56,-438.04,0.00,133.33
151,43,0.35876,-96.13,0.00,-7.50,-449.64,0.00,126.81
151,44,0.36707,-100.32,0.00,-6.64,-504.41,0.00,102.94
151,45,0.37537,-105.01,0.00,-6.08,-565.44,0.00,68.01
151,46,0.38428,-111.72,0.00,-6.67,-753.08,0.00,-66.78
151,47,0.39270,-118.24,0.00,-7.24,-774.28,0.00,-67.75
151,48,0.40039,-124.01,0.00,-7.72,-750.40,0.00,-62.70
151,49,0.40869,-129.79,0.00,-8.21,-695.22,0.00,-58.09
151,50,0.41699,-135.56,0.00,-8.69,-695.22,0.00,-58.09
151,51,0.42542,-141.34,1.73,-9.18,-686.23,205.42,-57.97
151,52,0.43433,-147.15,10.36,-9.69,-652.74,968.89,-57.53
151,53,0.44202,-152.97,18.93,-10.21,-756.35,1113.85,-67.06
151,54,0.45032,-158.80,27.23,-10.73,-701.84,999.32,-63.60
151,55,0.45874,-164.62,35.45,-11.26,-691.67,976.85,-63.04
151,56,0.46704,-170.44,43.41,-11.80,-701.10,958.87,-65.07
151,57,0.47583,-176.26,51.29,-12.35,-661.81,896.53,-61.81
151,58,0.48364,-182.06,58.85,-12.90,-742.19,967.88,-70.31
151,59,0.49207,-187.88,66.31,-13.45,-690.94,885.40,-65.94
151,60,0.50037,-193.78,73.35,-14.03,-711.03,848.45,-69.49
151,61,0.50867,-199.84,80.25,-14.63,-730.15,830.24,-72.43
151,62,0.51709,-206.54,86.53,-15.33,-795.65,746.61,-83.33
151,63,0.52588,-213.33,92.56,-16.05,-772.92,685.64,-81.60
151,64,0.53381,-220.49,97.54,-16.82,-901.92,627.54,-97.69
151,65,0.54199,-227.67,102.08,-17.61,-877.99,555.71,-95.52
151,66,0.55042,-234.94,104.90,-18.41,-862.68,334.00,-94.93
151,67,0.55884,-242.16,107.43,-19.20,-857.25,301.13,-94.57
151,68,0.56714,-249.19,108.87,-19.98,-847.06,172.57,-93.38
151,69,0.57544,-256.10,110.14,-20.74,-833.09,153.35,-91.54
151,70,0.58447,-262.55,110.78,-21.44,-714.19,70.52,-77.36
151,71,0.59290,-268.88,111.31,-22.12,-751.09,62.73,-80.80
151,72,0.60046,-274.52,111.40,-22.70,-744.76,12.13,-77.02
151,73,0.60889,-279.86,111.39,-23.25,-634.78,-0.91,-65.22
151,74,0.61707,-284.63,111.06,-23.72,-583.21,-40.30,-57.46
151,75,0.62573,-289.36,110.65,-24.18,-545.07,-47.54,-53.52
151,76,0.63379,-293.94,109.96,-24.63,-568.18,-84.87,-55.30
151,77,0.64221,-298.51,109.20,-25.07,-543.12,-91.04,-52.90
151,78,0.65051,-303.08,108.16,-25.52,-550.00,-125.41,-54.04
152,0,0.00000,0.00,0.00,0.00,-31.42,0.00,-108.11
152,1,0.00769,-0.32,0.00,-1.07,-41.67,0.00,-138.89
152,2,0.01599,-0.91,0.00,-3.05,-70.96,0.00,-239.34
152,3,0.02429,-1.52,0.00,-5.15,-73.90,0.00,-252.57
152,4,0.03271,-2.23,0.00,-7.65,-84.06,0.00,-296.74
152,5,0.04102,-2.92,-0.00,-10.12,-82.72,-0.00,-297.43
152,6,0.04932,-3.52,-0.00,-12.47,-72.79,-0.00,-283.09
152,7,0.05774,-4.10,-0.00,-14.76,-69.20,0.00,-271.38
152,8,0.06604,-4.61,-0.00,-16.81,-60.29,0.00,-247.06
152,9,0.07434,-5.11,-0.00,-18.86,-60.29,0.00,-247.06
152,10,0.08264,-5.61,-0.00,-20.91,-60.29,0.00,-247.06
152,11,0.09155,-6.11,-0.00,-22.96,-56.16,0.00,-230.14
152,12,0.09924,-6.61,-0.00,-25.01,-65.08,0.00,-266.67
152,13,0.10779,-7.13,-0.00,-27.05,-61.07,0.00,-238.93
152,14,0.11597,-7.73,-0.00,-29.06,-73.88,0.00,-245.52
152,15,0.12439,-8.34,-0.00,-31.07,-71.74,0.00,-238.41
152,16,0.13281,-8.94,-0.00,-33.07,-71.74,0.00,-238.41
152,17,0.14099,-9.57,-0.00,-35.07,-76.87,0.00,-243.66
152,18,0.14941,-10.30,-0.00,-37.00,-86.59,0.00,-229.35
152,19,0.15784,-11.03,-0.00,-38.93,-86.59,0.00,-229.35
152,20,0.16614,-11.76,-0.00,-40.86,-87.87,0.00,-232.72
152,21,0.17444,-12.49,-0.00,-42.79,-87.87,0.00,-232.72
152,22,0.18274,-13.22,-0.00,-44.73,-87.87,0.00,-232.72
152,23,0.19165,-13.95,-0.00,-46.66,-81.85,0.00,-216.78
152,24,0.19934,-14.68,-0.00,-48.59,-94.84,0.00,-251.19
152,25,0.20776,-15.43,-0.00,-50.51,-89.13,0.00,-228.26
152,26,0.21606,-16.26,-0.00,-52.40,-100.74,0.00,-227.94
152,27,0.22449,-17.10,-0.00,-54.30,-99.28,0.00,-224.64
152,28,0.23279,-17.94,-0.00,-56.19,-100.74,0.00,-227.94
152,29,0.24158,-18.80,-0.00,-58.07,-98.96,0.00,-213.89
152,30,0.25012,-19.81,-0.00,-59.91,-117.14,0.00,-215.71
152,31,0.25842,-20.89,-0.00,-61.83,-130.51,0.00,-230.88
152,32,0.26611,-22.05,-0.00,-63.63,-150.40,0.00,-234.13
152,33,0.27454,-23.33,-0.00,-65.36,-152.17,0.00,-205.43
152,34,0.28284,-24.98,-0.00,-66.89,-199.26,0.00,-183.82
152,35,0.29175,-26.79,-0.00,-68.37,-202.74,0.00,-166.44
152,36,0.29944,-29.04,-0.00,-69.72,-292.86,0.00,-176.19
152,37,0.30786,-31.36,-0.00,-71.16,-275.36,0.00,-171.01
152,38,0.31616,-33.87,-0.00,-72.85,-302.94,0.00,-202.57
152,39,0.32471,-36.45,-0.00,-74.63,-301.07,0.00,-209.29
152,40,0.33301,-39.18,-0.00,-76.73,-329.78,0.00,-252.21
152,41,0.34119,-41.99,-0.00,-78.91,-342.91,0.00,-266.42
152,42,0.34949,-44.99,-0.00,-81.33,-361.40,0.00,-291.54
152,43,0.35852,-48.00,-0.00,-83.89,-333.78,0.00,-283.78
152,44,0.36633,-51.06,-0.00,-86.87,-391.41,0.00,-382.03
152,45,0.37463,-54.18,-0.00,-90.60,-375.37,0.00,-448.90
152,46,0.38281,-57.46,-0.00,-96.48,-401.12,0.00,-719.40
152,47,0.39172,-60.63,-0.00,-102.15,-355.48,0.00,-636.30
152,48,0.40027,-63.47,-0.00,-107.20,-332.86,0.00,-590.36
152,49,0.40796,-66.31,-0.00,-112.24,-369.84,0.00,-655.95
152,50,0.41626,-69.16,-0.00,-117.29,-342.65,0.00,-607.72
152,51,0.42456,-72.00,2.21,-122.35,-342.65,266.31,-609.56
152,52,0.43298,-74.85,10.84,-127.45,-337.68,1025.06,-605.43
152,53,0.44141,-77.69,19.39,-132.55,-337.32,1014.76,-605.80
152,54,0.44958,-80.53,27.69,-137.66,-347.01,1014.24,-625.37
152,55,0.45801,-83.36,35.90,-142.78,-336.59,974.63,-607.25
152,56,0.46631,-86.18,43.86,-147.90,-340.07,958.87,-616.54
152,57,0.47461,-89.00,51.71,-153.01,-339.71,946.60,-616.18
152,58,0.48291,-91.81,59.27,-158.12,-337.87,910.95,-615.07
152,59,0.49121,-94.62,66.70,-163.25,-338.97,894.94,-618.01
152,60,0.49939,-97.46,73.75,-168.45,-347.39,861.11,-636.19
152,61,0.50769,-100.39,80.60,-173.84,-352.94,825.18,-649.63
152,62,0.51599,-103.58,86.88,-179.78,-383.82,757.59,-715.44
152,63,0.52454,-106.81,92.84,-185.83,-378.57,696.70,-707.50
152,64,0.53271,-110.20,97.82,-192.18,-413.43,608.81,-777.24
152,65,0.54102,-113.59,102.24,-198.57,-408.46,533.02,-769.12
152,66,0.54944,-117.01,105.05,-205.03,-406.16,334.00,-767.03
152,67,0.55847,-120.40,107.51,-211.44,-375.68,272.28,-709.46
152,68,0.56616,-123.71,108.95,-217.69,-430.56,186.26,-813.10
152,69,0.57446,-126.96,110.18,-223.81,-390.81,148.02,-737.13
152,70,0.58289,-130.00,110.81,-229.54,-361.59,75.63,-680.07
152,71,0.59167,-132.94,111.31,-235.05,-334.38,56.53,-627.43
152,72,0.59949,-135.57,111.40,-239.94,-336.72,11.51,-625.78
152,73,0.60791,-138.12,111.38,-244.66,-302.17,-2.08,-559.78
152,74,0.61621,-140.41,111.05,-248.86,-276.10,-39.71,-506.99
152,75,0.62451,-142.68,110.63,-253.03,-273.53,-50.64,-501.84
152,76,0.63281,-144.88,109.95,-257.07,-265.44,-82.37,-486.40
152,77,0.64124,-147.09,109.17,-261.10,-261.59,-92.04,-478.99
152,78,0.64941,-149.28,108.13,-265.13,-268.28,-127.28,-492.54
153,0,0.00000,0.00,0.00,0.00,-88.85,0.00,80.58
153,1,0.00824,-0.81,0.00,0.74,-97.78,0.00,89.63
153,2,0.01660,-2.34,0.00,2.13,-183.58,0.00,166.79
153,3,0.02478,-3.96,0.00,3.59,-197.76,0.00,178.36
153,4,0.03345,-5.90,0.00,5.32,-224.30,-0.00,198.94
153,5,0.04163,-7.83,0.00,7.01,-235.45,-0.00,207.09
153,6,0.04993,-9.68,0.00,8.58,-223.16,0.00,188.60
153,7,0.05835,-11.49,-0.00,10.10,-214.49,-0.00,180.80
153,8,0.06665,-13.12,-0.00,11.44,-196.69,0.00,162.13
153,9,0.07489,-14.75,-0.00,12.79,-197.78,0.00,162.96
153,10,0.08337,-16.38,-0.00,14.13,-192.09,0.00,158.27
153,11,0.09167,-18.01,-0.00,15.47,-196.32,0.00,161.76
153,12,0.09998,-19.64,-0.00,16.82,-196.32,0.00,161.76
153,13,0.10822,-21.25,-0.00,18.17,-195.56,0.00,164.81
153,14,0.11670,-22.79,-0.00,19.59,-182.01,0.00,166.91
153,15,0.12500,-24.34,-0.00,21.01,-186.03,0.00,170.59
153,16,0.13330,-25.88,-0.00,22.42,-186.03,0.00,170.59
153,17,0.14154,-27.40,-0.00,23.85,-184.44,0.00,173.70
153,18,0.14996,-28.82,-0.00,25.35,-168.84,0.00,177.54
153,19,0.15826,-30.25,-0.00,26.84,-171.32,0.00,180.15
153,20,0.16669,-31.67,-0.00,28.34,-168.84,0.00,177.54
153,21,0.17505,-33.09,-0.00,29.83,-170.07,0.00,178.83
153,22,0.18335,-34.51,-0.00,31.33,-171.32,0.00,180.15
153,23,0.19159,-35.93,-0.00,32.82,-172.59,0.00,181.48
153,24,0.20001,-37.36,-0.00,34.32,-168.84,0.00,177.54
153,25,0.20825,-38.76,-0.00,35.83,-170.74,0.00,183.70
153,26,0.21661,-40.10,-0.00,37.41,-160.22,0.00,188.32
153,27,0.22491,-41.44,-0.00,38.98,-161.40,0.00,189.71
153,28,0.23340,-42.78,-0.00,40.56,-157.91,0.00,185.61
153,29,0.24158,-44.10,-0.00,42.16,-160.82,0.00,195.52
153,30,0.24994,-45.32,-0.00,43.86,-146.72,0.00,203.65
153,31,0.25806,-46.53,-0.00,45.59,-148.50,0.00,212.78
153,32,0.26648,-47.65,-0.00,47.41,-132.97,0.00,216.67
153,33,0.27472,-48.68,-0.00,49.30,-124.44,0.00,229.63
153,34,0.28326,-49.33,-0.00,51.46,-76.79,0.00,252.14
153,35,0.29156,-49.90,-0.00,53.70,-68.75,0.00,270.59
153,36,0.29980,-50.14,-0.00,56.32,-29.26,0.00,317.78
153,37,0.30829,-50.42,-0.00,59.02,-32.73,0.00,317.63
153,38,0.31665,-50.84,-0.00,62.01,-50.36,0.00,358.39
153,39,0.32495,-51.32,-0.00,65.09,-57.35,0.00,370.22
153,40,0.33331,-52.01,-0.00,68.46,-83.21,0.00,403.65
153,41,0.34143,-52.75,-0.00,71.91,-90.23,0.00,425.19
153,42,0.34985,-53.62,-0.00,75.67,-103.62,0.00,445.65
153,43,0.35815,-54.59,-0.00,79.48,-116.91,0.00,459.56
153,44,0.36658,-55.94,-0.00,83.54,-160.87,-0.00,481.16
153,45,0.37488,-57.81,-0.00,87.88,-224.63,-0.00,523.90
153,46,0.38348,-61.68,-0.00,93.40,-450.00,0.00,640.43
153,47,0.39160,-65.54,-0.00,98.90,-474.81,0.00,677.44
153,48,0.39990,-68.84,-0.00,103.65,-398.16,-0.00,572.79
153,49,0.40808,-72.15,-0.00,108.40,-404.10,-0.00,581.34
153,50,0.41675,-75.45,-0.00,113.16,-381.34,0.00,548.59
153,51,0.42480,-78.77,2.00,117.92,-411.74,248.08,590.91
153,52,0.43329,-82.12,10.63,122.70,-395.32,1017.68,563.31
153,53,0.44141,-85.48,19.19,127.48,-413.53,1053.93,588.72
153,54,0.44989,-88.85,27.48,132.26,-397.48,977.76,563.31
153,55,0.45819,-92.23,35.70,137.03,-406.62,989.96,575.37
153,56,0.46667,-95.61,43.66,141.80,-398.56,938.18,562.23
153,57,0.47498,-98.99,51.53,146.57,-406.99,947.77,573.90
153,58,0.48328,-102.37,59.09,151.31,-406.99,910.95,571.69
153,59,0.49152,-105.76,66.53,156.08,-411.85,903.12,578.15
153,60,0.49994,-109.21,73.57,160.90,-409.78,836.15,572.46
153,61,0.50824,-112.78,80.44,165.87,-430.15,827.41,598.53
153,62,0.51678,-116.74,86.73,171.32,-463.57,735.94,637.86
153,63,0.52502,-120.77,92.72,176.85,-488.89,726.40,671.85
153,64,0.53339,-125.02,97.69,182.66,-508.76,595.48,694.53
153,65,0.54156,-129.30,102.17,188.49,-522.39,547.47,712.69
153,66,0.54999,-133.63,104.99,194.38,-514.13,334.00,699.64
153,67,0.55823,-137.92,107.48,200.23,-521.48,302.61,709.63
153,68,0.56683,-142.11,108.91,205.93,-486.88,166.45,662.41
153,69,0.57507,-146.22,110.16,211.52,-498.52,151.48,678.89
153,70,0.58350,-150.05,110.80,216.76,-455.07,75.63,621.38
153,71,0.59161,-153.75,111.31,221.82,-455.64,62.86,623.68
153,72,0.59998,-157.01,111.40,226.32,-389.78,10.76,537.59
153,73,0.60834,-160.16,111.39,230.67,-376.64,-0.87,521.17
153,74,0.61688,-162.95,111.06,234.57,-326.79,-38.58,455.71
153,75,0.62506,-165.72,110.65,238.43,-338.06,-50.33,472.01
153,76,0.63342,-168.40,109.96,242.17,-320.07,-81.77,447.45
153,77,0.64160,-171.07,109.20,245.91,-327.24,-93.72,457.09
153,78,0.65009,-173.74,108.16,249.64,-314.75,-122.70,439.57
