trial,frame,t_s,x_cm,y_cm,z_cm,vx,vy,vz
0,0,0.00000,0.00,0.00,0.00,-146.53,16.56,101.76
0,1,0.00834,-1.30,0.11,0.69,-155.90,12.93,83.07
0,2,0.01645,-2.50,0.23,1.43,-147.51,15.62,91.44
0,3,0.02479,-3.70,0.37,2.17,-144.19,15.70,87.83
0,4,0.03327,-5.10,0.51,3.02,-165.11,17.02,101.08
0,5,0.04165,-6.50,0.66,3.88,-167.21,18.28,102.73
0,6,0.04984,-7.73,0.79,4.63,-150.09,15.90,90.88
0,7,0.05811,-8.26,0.84,4.96,-64.21,6.13,39.85
0,8,0.06645,-8.36,0.90,4.98,-12.44,7.23,2.56
0,9,0.07491,-8.44,0.91,4.99,-8.66,0.19,1.44
0,10,0.08324,-8.56,0.91,5.01,-15.03,0.46,2.20
0,11,0.09155,-8.69,0.91,5.03,-15.06,0.43,2.20
0,12,0.10001,-8.75,1.05,5.03,-6.85,16.41,-0.36
0,13,0.10817,-8.80,1.05,5.04,-7.11,-0.08,1.12
0,14,0.11675,-8.81,0.92,5.04,-1.07,-15.89,0.36
0,15,0.12497,-8.83,0.92,5.04,-1.49,0.01,0.37
0,16,0.13322,-8.72,0.91,5.03,12.20,-0.34,-1.85
0,17,0.14189,-8.62,0.91,5.01,11.97,-0.24,-1.76
0,18,0.14990,-8.48,1.00,5.00,17.52,11.04,-1.90
0,19,0.15828,-8.34,1.00,4.98,16.76,-0.28,-1.82
0,20,0.16674,-8.20,0.95,4.96,16.95,-5.07,-2.89
0,21,0.17507,-8.06,0.96,4.89,16.12,0.45,-8.42
0,22,0.18353,-7.92,0.88,4.84,16.59,-9.32,-5.05
0,23,0.19174,-7.85,0.81,4.70,9.29,-7.95,-17.10
0,24,0.19980,-7.71,0.85,4.66,17.42,4.12,-5.30
0,25,0.20817,-7.57,0.84,4.62,16.77,-1.00,-5.10
0,26,0.21641,-7.45,0.81,4.47,14.07,-3.12,-18.15
0,27,0.22499,-7.33,0.79,4.32,13.87,-3.06,-17.42
0,28,0.23321,-7.21,0.76,4.17,14.48,-3.29,-18.20
0,29,0.24195,-7.10,0.73,4.02,13.26,-2.93,-17.10
0,30,0.24976,-7.03,0.69,3.79,7.81,-5.22,-29.69
0,31,0.25827,-6.97,0.65,3.56,7.17,-4.76,-27.26
0,32,0.26648,-6.91,0.61,3.32,7.43,-5.02,-28.25
0,33,0.27498,-6.85,0.57,3.09,7.18,-4.76,-27.29
0,34,0.28313,-6.79,0.53,2.86,7.48,-4.96,-28.44
0,35,0.29160,-6.73,0.49,2.63,7.21,-4.78,-27.41
0,36,0.29980,-6.72,0.44,2.36,0.74,-5.76,-33.09
0,37,0.30820,-6.72,0.40,2.08,0.73,-5.63,-32.36
0,38,0.31653,-6.71,0.35,1.81,0.73,-5.67,-32.60
0,39,0.32479,-6.70,0.30,1.54,0.74,-5.72,-32.87
0,40,0.33346,-6.77,0.23,1.16,-8.10,-7.58,-43.66
0,41,0.34175,-6.85,0.17,0.78,-8.46,-7.92,-45.63
0,42,0.35010,-6.92,0.10,0.41,-8.41,-7.82,-45.34
0,43,0.35825,-6.99,0.04,0.02,-8.61,-8.13,-46.82
0,44,0.36669,-7.06,-0.03,-0.35,-8.31,-7.78,-44.81
0,45,0.37495,-7.13,-0.09,-0.73,-8.50,-7.96,-45.84
0,46,0.38330,-7.20,-0.16,-1.11,-8.40,-7.86,-45.30
0,47,0.39162,-7.27,-0.22,-1.49,-8.43,-7.89,-45.46
0,48,0.39983,-7.34,-0.29,-1.87,-8.56,-8.01,-46.14
0,49,0.40824,-7.41,-0.36,-2.25,-8.34,-7.81,-44.97
0,50,0.41656,-7.51,-0.42,-2.64,-12.48,-8.14,-46.97
0,51,0.42484,-7.61,-0.49,-3.03,-12.53,-8.18,-47.19
0,52,0.43323,-7.72,-0.56,-3.42,-12.36,-8.07,-46.55
0,53,0.44167,-7.82,-0.63,-3.81,-12.29,-8.06,-46.25
0,54,0.44986,-7.93,-0.70,-4.20,-12.67,-8.27,-47.72
0,55,0.45818,-8.03,-0.76,-4.59,-12.47,-8.08,-46.93
0,56,0.46655,-8.13,-0.83,-4.98,-12.40,-8.09,-46.67
0,57,0.47498,-8.24,-0.90,-5.37,-12.32,-8.08,-46.38
0,58,0.48328,-8.34,-0.97,-5.76,-12.49,-8.15,-47.02
0,59,0.49183,-8.44,-1.03,-6.15,-12.14,-7.83,-45.71
0,60,0.49983,-8.58,-1.09,-6.46,-17.16,-6.69,-38.51
0,61,0.50816,-8.72,-1.14,-6.77,-16.48,-6.48,-37.00
0,62,0.51649,-8.86,-1.19,-7.08,-16.50,-6.34,-37.03
0,63,0.52482,-9.00,-1.25,-7.39,-16.85,-6.39,-37.00
0,64,0.53326,-9.13,-1.30,-7.69,-16.27,-6.26,-36.53
0,65,0.54202,-9.27,-1.35,-8.00,-15.68,-6.17,-35.19
0,66,0.54997,-9.41,-1.41,-8.31,-17.26,-6.69,-38.73
0,67,0.55859,-9.55,-1.46,-8.62,-15.94,-6.13,-35.78
0,68,0.56696,-9.65,-1.49,-8.81,-12.03,-3.95,-22.97
0,69,0.57500,-9.75,-1.53,-9.00,-12.52,-4.21,-23.91
0,70,0.58356,-9.78,-1.53,-9.03,-4.28,-0.58,-3.57
0,71,0.59171,-9.82,-1.54,-9.06,-4.49,-0.66,-3.75
0,72,0.60028,-9.86,-1.54,-9.09,-4.27,-0.59,-3.56
0,73,0.60825,-9.89,-1.55,-9.12,-4.60,-0.58,-3.83
0,74,0.61658,-9.87,-1.53,-9.02,2.93,2.15,12.45
0,75,0.62483,-9.84,-1.51,-8.92,2.96,2.13,12.57
0,76,0.63353,-9.72,-1.47,-8.68,14.39,4.68,27.37
0,77,0.64193,-9.59,-1.43,-8.44,14.90,4.94,28.34
0,78,0.65002,-9.43,-1.36,-8.04,20.00,8.45,49.06
0,79,0.65823,-9.27,-1.29,-7.65,19.68,8.41,48.28
0,80,0.66669,-9.09,-1.20,-7.10,21.64,11.16,64.92
0,81,0.67506,-8.91,-1.10,-6.55,21.88,11.36,65.63
0,82,0.68333,-8.67,-0.98,-5.84,28.44,14.79,85.32
0,83,0.69193,-8.44,-0.86,-5.14,27.30,14.19,81.91
0,84,0.69991,-8.20,-0.74,-4.43,29.47,15.32,88.42
0,85,0.70866,-7.96,-0.61,-3.73,27.18,14.00,80.84
0,86,0.71660,-7.71,-0.48,-2.97,31.92,16.52,95.38
0,87,0.72492,-7.46,-0.35,-2.21,30.43,15.75,90.93
0,88,0.73327,-7.20,-0.22,-1.46,30.35,15.67,90.68
0,89,0.74171,-6.95,-0.09,-0.70,29.99,15.52,89.61
0,90,0.74986,-6.80,0.00,-0.17,17.99,11.30,65.23
0,91,0.75828,-6.66,0.10,0.36,17.39,10.88,63.04
0,92,0.76652,-6.55,0.15,0.69,13.33,6.91,39.63
0,93,0.77502,-6.44,0.21,1.02,12.91,6.60,38.39
0,94,0.78332,-6.36,0.24,1.17,9.57,3.29,18.77
0,95,0.79182,-6.28,0.26,1.33,9.33,3.15,18.30
0,96,0.80003,-6.20,0.29,1.48,9.67,3.31,18.98
0,97,0.80828,-6.12,0.32,1.64,9.61,3.25,18.85
0,98,0.81747,-6.06,0.32,1.66,6.64,0.31,1.99
1,0,0.00000,0.00,0.00,0.00,-66.42,1.92,9.96
1,1,0.00820,-0.55,0.01,0.06,-67.35,1.35,7.07
1,2,0.01635,-0.85,0.02,0.12,-36.70,1.48,7.49
1,3,0.02473,-1.16,0.03,0.14,-36.43,0.53,2.55
1,4,0.03301,-1.42,0.04,0.20,-31.68,1.31,7.00
1,5,0.04137,-1.69,0.04,0.21,-32.88,0.36,1.83
1,6,0.04997,-1.69,0.04,0.21,0.35,-0.07,-0.35
1,7,0.05811,-1.68,0.05,0.24,1.13,0.68,3.75
1,8,0.06645,-1.74,0.04,0.22,-6.95,-0.28,-2.19
1,9,0.07478,-1.79,0.05,0.23,-6.59,0.19,1.47
1,10,0.08374,-1.91,0.05,0.26,-12.61,0.56,2.73
1,11,0.09139,-2.02,0.06,0.29,-14.76,0.61,3.59
1,12,0.10028,-2.08,0.19,0.29,-6.18,15.61,0.00
1,13,0.10822,-2.12,0.19,0.29,-6.15,0.06,0.77
1,14,0.11649,-2.13,0.06,0.30,-0.37,-16.59,0.37
1,15,0.12475,-2.13,0.06,0.30,-0.37,0.04,0.00
1,16,0.13313,-2.02,0.05,0.28,12.74,-0.34,-2.18
1,17,0.14167,-1.92,0.05,0.27,12.51,-0.36,-1.43
1,18,0.14987,-1.78,0.14,0.25,17.12,10.75,-1.86
1,19,0.15813,-1.64,0.14,0.23,17.01,-0.24,-2.22
1,20,0.16635,-1.50,0.09,0.21,17.07,-5.33,-2.23
1,21,0.17493,-1.35,0.09,0.19,16.37,-0.38,-2.49
1,22,0.18303,-1.21,0.03,0.15,17.33,-7.58,-4.90
1,23,0.19139,-1.07,0.02,0.11,16.79,-0.81,-5.11
1,24,0.19995,-0.93,0.01,0.07,16.40,-0.95,-4.99
1,25,0.20851,-0.79,0.01,0.02,16.40,-0.91,-4.99
1,26,0.21630,-0.68,-0.02,-0.13,14.89,-3.38,-19.20
1,27,0.22505,-0.56,-0.05,-0.27,13.25,-3.00,-17.09
1,28,0.23287,-0.45,-0.07,-0.42,14.83,-3.40,-19.12
1,29,0.24142,-0.33,-0.10,-0.57,13.57,-3.11,-17.50
1,30,0.24976,-0.27,-0.14,-0.81,7.32,-4.80,-27.81
1,31,0.25812,-0.21,-0.18,-1.04,7.30,-4.84,-27.74
1,32,0.26648,-0.15,-0.22,-1.27,7.30,-4.84,-27.74
1,33,0.27476,-0.09,-0.26,-1.50,7.37,-4.98,-28.02
1,34,0.28310,-0.02,-0.30,-1.73,7.31,-4.85,-27.79
1,35,0.29163,0.04,-0.34,-1.97,7.16,-4.74,-27.19
1,36,0.30037,0.04,-0.39,-2.24,0.35,-5.41,-31.09
1,37,0.30836,0.04,-0.44,-2.51,0.38,-5.91,-33.97
1,38,0.31635,0.05,-0.48,-2.78,0.38,-5.92,-34.03
1,39,0.32476,0.05,-0.53,-3.05,0.36,-5.61,-32.28
1,40,0.33300,-0.02,-0.60,-3.43,-8.89,-7.97,-45.93
1,41,0.34129,-0.10,-0.66,-3.81,-8.83,-7.92,-45.63
1,42,0.35009,-0.17,-0.73,-4.19,-8.33,-7.47,-43.02
1,43,0.35817,-0.24,-0.79,-4.57,-9.07,-8.13,-46.84
1,44,0.36649,-0.32,-0.86,-4.94,-8.81,-7.84,-45.50
1,45,0.37466,-0.39,-0.92,-5.32,-8.96,-8.04,-46.31
1,46,0.38322,-0.46,-0.99,-5.70,-8.55,-7.67,-44.17
1,47,0.39133,-0.54,-1.06,-6.08,-9.03,-8.10,-46.66
1,48,0.40012,-0.61,-1.12,-6.46,-8.34,-7.48,-43.09
1,49,0.40808,-0.68,-1.19,-6.84,-9.20,-8.25,-47.51
1,50,0.41706,-0.79,-1.26,-7.23,-11.89,-7.63,-43.50
1,51,0.42471,-0.90,-1.32,-7.62,-13.96,-8.75,-51.05
1,52,0.43316,-1.00,-1.39,-8.01,-12.65,-8.02,-46.25
1,53,0.44166,-1.11,-1.46,-8.40,-12.57,-7.97,-45.96
1,54,0.44973,-1.22,-1.53,-8.79,-13.23,-8.43,-48.39
1,55,0.45856,-1.32,-1.59,-9.18,-12.10,-7.58,-44.25
1,56,0.46652,-1.43,-1.66,-9.57,-13.41,-8.50,-49.04
1,57,0.47490,-1.54,-1.73,-9.96,-12.75,-8.12,-46.63
1,58,0.48356,-1.64,-1.80,-10.35,-12.33,-7.82,-45.11
1,59,0.49175,-1.75,-1.86,-10.74,-13.04,-8.30,-47.67
1,60,0.49989,-1.89,-1.92,-11.05,-17.26,-6.38,-37.52
1,61,0.50819,-2.03,-1.97,-11.35,-16.91,-6.39,-36.76
1,62,0.51648,-2.17,-2.01,-11.66,-16.93,-4.48,-36.80
1,63,0.52478,-2.31,-2.06,-11.96,-16.91,-6.47,-36.76
1,64,0.53320,-2.45,-2.11,-12.27,-16.67,-6.44,-36.23
1,65,0.54182,-2.59,-2.17,-12.57,-16.30,-6.27,-35.43
1,66,0.54979,-2.73,-2.22,-12.88,-17.61,-6.79,-38.28
1,67,0.55817,-2.87,-2.28,-13.18,-16.74,-6.39,-36.40
1,68,0.56657,-2.98,-2.31,-13.37,-11.99,-4.39,-22.52
1,69,0.57477,-3.08,-2.35,-13.56,-12.29,-4.11,-23.09
1,70,0.58326,-3.11,-2.36,-13.59,-4.31,-0.96,-3.59
1,71,0.59129,-3.15,-2.36,-13.62,-4.56,-0.69,-3.80
1,72,0.59972,-3.19,-2.37,-13.65,-4.34,-0.66,-3.62
1,73,0.60817,-3.22,-2.37,-13.68,-4.34,-0.61,-3.61
1,74,0.61636,-3.20,-2.36,-13.58,2.98,1.89,12.67
1,75,0.62464,-3.17,-2.34,-13.48,2.95,2.22,12.52
1,76,0.63324,-3.05,-2.30,-13.24,14.55,4.36,27.68
1,77,0.64134,-2.92,-2.26,-13.00,15.44,5.03,29.38
1,78,0.64985,-2.76,-2.20,-12.60,19.37,7.51,46.64
1,79,0.65810,-2.59,-2.13,-12.21,19.98,8.06,48.10
1,80,0.66624,-2.40,-2.04,-11.66,23.22,10.86,67.04
1,81,0.67486,-2.22,-1.95,-11.11,21.97,10.62,63.42
1,82,0.68311,-1.97,-1.84,-10.41,29.23,13.59,85.48
1,83,0.69167,-1.73,-1.68,-9.70,28.14,17.87,82.28
1,84,0.69981,-1.49,-1.56,-9.00,29.64,14.97,86.68
1,85,0.70837,-1.25,-1.44,-8.29,28.16,14.26,82.35
1,86,0.71622,-0.99,-1.31,-7.54,33.01,16.65,96.31
1,87,0.72466,-0.73,-1.18,-6.78,30.77,15.56,89.77
1,88,0.73310,-0.47,-1.05,-6.02,30.71,15.52,89.61
1,89,0.74155,-0.21,-0.92,-5.27,30.69,15.51,89.53
1,90,0.74991,-0.06,-0.82,-4.74,17.90,11.01,63.56
1,91,0.75831,0.09,-0.73,-4.21,17.80,10.95,63.22
1,92,0.76656,0.20,-0.68,-3.88,13.69,6.90,39.59
1,93,0.77484,0.31,-0.62,-3.55,13.63,6.77,39.41
1,94,0.78316,0.39,-0.59,-3.40,9.90,3.18,18.70
1,95,0.79147,0.48,-0.57,-3.24,9.92,3.23,18.73
1,96,0.80013,0.56,-0.54,-3.09,9.52,3.13,17.97
1,97,0.80847,0.64,-0.51,-2.93,9.88,3.21,18.66
1,98,0.81681,0.70,-0.51,-2.91,7.32,0.35,2.20
2,0,0.00000,0.00,0.00,0.00,3.00,15.69,284.43
2,1,0.00891,0.02,0.13,2.31,2.74,14.32,259.59
2,2,0.01675,0.38,0.26,4.93,45.96,17.37,334.18
2,3,0.02534,0.74,0.40,7.55,41.88,15.82,304.53
2,4,0.03401,1.29,0.56,10.76,62.68,18.96,370.42
2,5,0.04229,1.83,0.73,13.97,65.62,19.84,387.83
2,6,0.05056,2.67,0.84,17.21,101.85,13.70,391.88
2,7,0.05878,3.52,0.97,20.45,102.41,16.12,394.06
2,8,0.06742,4.03,1.06,22.67,59.36,10.17,256.54
2,9,0.07538,4.54,1.15,24.88,64.43,11.04,278.43
2,10,0.08391,4.71,1.20,26.00,20.04,5.59,131.31
2,11,0.09224,4.88,1.24,27.12,20.51,5.66,134.43
2,12,0.10069,5.03,1.28,27.91,17.69,3.85,93.14
2,13,0.10840,5.18,1.31,28.70,19.41,4.20,102.18
2,14,0.11692,5.33,1.33,29.30,17.55,2.77,70.90
2,15,0.12534,5.48,1.36,29.91,17.77,2.82,71.80
2,16,0.13380,5.69,1.37,30.29,24.86,1.31,45.41
2,17,0.14233,5.90,1.38,30.68,24.69,1.28,45.08
2,18,0.15026,6.11,1.38,30.90,25.79,0.47,28.49
2,19,0.15842,6.31,1.39,31.13,25.07,0.48,27.69
2,20,0.16694,6.49,1.39,31.24,20.77,-0.11,13.25
2,21,0.17575,6.67,1.38,31.35,20.09,-0.11,12.81
2,22,0.18355,6.80,1.38,31.30,17.22,-0.96,-7.44
2,23,0.19170,6.93,1.37,31.24,16.46,-0.89,-7.11
2,24,0.20026,7.07,1.36,31.18,15.69,-0.87,-6.77
2,25,0.20882,7.20,1.36,31.12,15.69,-0.87,-6.77
2,26,0.21690,7.30,1.34,30.96,12.10,-1.36,-20.04
2,27,0.22518,7.40,1.33,30.80,11.79,-1.34,-19.52
2,28,0.23364,7.50,1.32,30.64,11.54,-1.32,-19.12
2,29,0.24215,7.59,1.31,30.47,11.48,-1.33,-19.01
2,30,0.25035,7.63,1.30,30.24,4.09,-1.51,-29.02
2,31,0.25851,7.66,1.29,30.00,4.11,-1.54,-29.16
2,32,0.26713,7.69,1.27,29.76,3.90,-1.46,-27.64
2,33,0.27503,7.73,1.26,29.52,4.25,-1.56,-30.12
2,34,0.28363,7.76,1.25,29.28,3.90,-1.46,-27.68
2,35,0.29194,7.79,1.24,29.05,4.04,-1.51,-28.65
2,36,0.30045,7.77,1.22,28.78,-3.23,-1.42,-31.93
2,37,0.30851,7.74,1.21,28.50,-3.41,-1.49,-33.68
2,38,0.31685,7.71,1.20,28.23,-3.29,-1.42,-32.57
2,39,0.32501,7.68,1.19,27.96,-3.36,-1.48,-33.27
2,40,0.33389,7.57,1.17,27.59,-13.06,-1.53,-41.58
2,41,0.34213,7.45,1.16,27.22,-14.07,-1.66,-44.81
2,42,0.35068,7.34,1.15,26.85,-13.57,-1.57,-43.21
2,43,0.35874,7.22,1.13,26.48,-14.38,-1.71,-45.79
2,44,0.36674,7.10,1.12,26.11,-14.49,-1.70,-46.14
2,45,0.37525,6.99,1.11,25.74,-13.63,-1.58,-43.41
2,46,0.38386,6.87,1.09,25.38,-13.48,-1.58,-42.91
2,47,0.39170,6.76,1.08,25.01,-14.79,-1.76,-47.08
2,48,0.40002,6.64,1.07,24.64,-13.93,-1.59,-44.36
2,49,0.40835,6.52,1.05,24.27,-13.93,-1.64,-44.36
2,50,0.41714,6.38,1.04,23.89,-17.01,-1.45,-42.71
2,51,0.42561,6.23,1.03,23.52,-17.64,-1.50,-44.28
2,52,0.43367,6.08,1.01,23.14,-18.56,-1.58,-46.59
2,53,0.44211,5.93,1.00,22.77,-17.72,-1.51,-44.48
2,54,0.45068,5.78,0.99,22.39,-17.44,-1.46,-43.77
2,55,0.45877,5.63,0.98,22.02,-18.49,-1.58,-46.42
2,56,0.46672,5.48,0.96,21.64,-18.81,-1.60,-47.22
2,57,0.47547,5.33,0.95,21.26,-17.09,-1.46,-42.89
2,58,0.48366,5.18,0.94,20.89,-18.27,-1.56,-45.85
2,59,0.49174,5.03,0.92,20.51,-18.49,-1.55,-46.42
2,60,0.50035,4.86,0.92,20.22,-20.21,-0.92,-33.69
2,61,0.50849,4.68,0.91,19.93,-21.37,-0.96,-35.61
2,62,0.51664,4.51,0.90,19.64,-21.35,-0.93,-35.58
2,63,0.52500,4.33,0.89,19.35,-20.80,-0.93,-34.67
2,64,0.53366,4.16,0.89,19.06,-20.09,-0.90,-33.48
2,65,0.54200,3.99,0.88,18.77,-20.86,-0.94,-34.77
2,66,0.55032,3.81,0.87,18.48,-20.92,-0.93,-34.86
2,67,0.55861,3.64,0.86,18.20,-20.98,-0.92,-34.59
2,68,0.56726,3.52,0.86,18.02,-14.11,-0.49,-20.46
2,69,0.57515,3.39,0.85,17.84,-15.47,-0.53,-22.44
2,70,0.58338,3.35,0.85,17.82,-4.82,0.01,-3.34
2,71,0.59177,3.31,0.85,17.79,-5.09,0.02,-3.27
2,72,0.60041,3.27,0.85,17.76,-4.59,0.01,-3.18
2,73,0.60842,3.23,0.85,17.73,-4.95,-0.01,-3.43
2,74,0.61673,3.27,0.86,17.83,4.41,0.45,12.12
2,75,0.62498,3.31,0.86,17.94,4.44,0.41,12.20
2,76,0.63346,3.46,0.87,18.15,18.00,0.60,25.92
2,77,0.64179,3.61,0.87,18.38,18.32,0.66,26.74
2,78,0.65025,3.82,0.88,18.75,24.55,1.27,44.40
2,79,0.65893,4.03,0.89,19.13,23.90,1.24,43.23
2,80,0.66690,4.27,0.91,19.65,31.00,2.01,65.45
2,81,0.67564,4.52,0.93,20.17,28.27,1.88,59.69
2,82,0.68402,4.84,0.95,20.85,38.25,2.50,80.51
2,83,0.69194,5.16,0.97,21.52,40.46,2.65,85.16
2,84,0.70010,5.48,0.99,22.20,39.29,2.62,82.69
2,85,0.70826,5.80,1.01,22.87,39.25,2.57,82.62
2,86,0.71658,6.14,1.03,23.59,41.06,2.71,86.89
2,87,0.72511,6.48,1.06,24.32,40.11,2.65,84.87
2,88,0.73355,6.83,1.08,25.04,40.47,2.70,85.64
2,89,0.74200,7.17,1.10,25.76,40.47,2.68,85.64
2,90,0.75050,7.38,1.12,26.27,24.42,2.00,59.96
2,91,0.75900,7.58,1.13,26.78,24.42,2.01,59.96
2,92,0.76716,7.73,1.14,27.09,18.32,1.19,38.13
2,93,0.77535,7.88,1.15,27.40,18.25,1.19,37.99
2,94,0.78405,7.98,1.16,27.55,11.23,0.40,16.84
2,95,0.79202,8.08,1.16,27.70,12.25,0.46,18.37
2,96,0.80037,8.18,1.16,27.84,11.70,0.41,17.55
2,97,0.80840,8.27,1.17,27.99,12.17,0.43,17.87
2,98,0.81664,8.33,1.17,28.00,7.40,-0.16,1.48
3,0,0.00000,0.00,0.00,0.00,36.94,-1.33,1.12
3,1,0.00848,0.30,-0.00,0.01,35.61,-0.55,0.72
3,2,0.01677,0.97,-0.01,0.02,80.66,-1.19,2.21
3,3,0.02518,1.64,-0.02,0.04,79.49,-1.14,1.81
3,4,0.03345,2.57,-0.04,0.06,112.92,-1.62,2.95
3,5,0.04192,3.52,-0.05,0.09,112.07,-1.59,2.88
3,6,0.05083,4.78,-0.07,0.13,141.44,-1.97,4.45
3,7,0.05869,6.05,-0.09,0.16,161.94,-2.67,4.27
3,8,0.06693,6.87,-0.10,0.20,98.52,-1.87,4.81
3,9,0.07542,7.68,-0.12,0.23,95.87,-2.16,3.59
3,10,0.08368,8.01,-0.13,0.25,39.56,-0.85,2.22
3,11,0.09210,8.34,-0.14,0.27,39.13,-0.99,1.81
3,12,0.10045,8.60,-0.15,0.27,31.08,-0.79,1.10
3,13,0.10948,8.86,-0.15,0.29,28.72,-0.78,1.35
3,14,0.11713,9.09,-0.16,0.30,31.14,-0.77,2.00
3,15,0.12555,9.33,-0.16,0.31,28.26,-0.78,1.09
3,16,0.13361,9.60,-0.09,0.33,32.95,9.42,2.65
3,17,0.14203,9.86,-0.09,0.35,31.52,-0.57,1.81
3,18,0.15025,10.10,-0.14,0.36,28.94,-5.29,1.11
3,19,0.15866,10.34,-0.14,0.37,28.31,-0.93,1.81
3,20,0.16698,10.53,-0.19,0.47,22.39,-5.13,11.74
3,21,0.17532,10.72,-0.16,0.39,23.40,3.35,-9.51
3,22,0.18367,10.85,-0.22,0.32,15.36,-7.10,-8.41
3,23,0.19202,10.98,-0.23,0.25,15.36,-1.72,-8.41
3,24,0.20082,11.11,-0.25,0.18,14.56,-1.65,-7.97
3,25,0.20863,11.23,-0.26,0.11,16.41,-1.91,-8.98
3,26,0.21700,11.32,-0.29,-0.06,9.85,-3.22,-20.44
3,27,0.22536,11.40,-0.32,-0.23,9.85,-3.34,-20.44
3,28,0.23364,11.48,-0.35,-0.40,9.94,-3.45,-20.63
3,29,0.24220,11.56,-0.38,-0.57,9.63,-3.46,-19.96
3,30,0.25035,11.58,-0.41,-0.81,1.50,-4.59,-29.59
3,31,0.25880,11.59,-0.45,-1.06,1.44,-4.56,-28.52
3,32,0.26701,11.60,-0.49,-1.30,1.49,-4.87,-29.37
3,33,0.27533,11.61,-0.53,-1.54,1.47,-4.92,-28.99
3,34,0.28362,11.62,-0.57,-1.78,1.47,-5.05,-29.10
3,35,0.29202,11.64,-0.62,-2.02,1.45,-5.10,-28.68
3,36,0.30092,11.58,-0.66,-2.29,-6.17,-5.06,-30.19
3,37,0.30870,11.53,-0.71,-2.56,-7.06,-5.90,-34.51
3,38,0.31697,11.47,-0.76,-2.83,-6.64,-5.68,-32.47
3,39,0.32545,11.42,-0.80,-3.09,-6.47,-5.67,-31.65
3,40,0.33374,11.26,-0.86,-3.45,-18.42,-7.09,-42.73
3,41,0.34193,11.11,-0.92,-3.80,-18.62,-7.41,-43.20
3,42,0.35046,10.96,-0.99,-4.16,-17.89,-7.31,-41.50
3,43,0.35928,10.81,-1.05,-4.51,-17.30,-7.18,-40.14
3,44,0.36697,10.65,-1.11,-4.86,-19.84,-8.47,-46.03
3,45,0.37531,10.50,-1.18,-5.22,-18.32,-7.95,-42.49
3,46,0.38370,10.35,-1.25,-5.57,-18.18,-8.11,-42.18
3,47,0.39209,10.20,-1.32,-5.93,-18.18,-8.31,-42.18
3,48,0.40031,10.04,-1.39,-6.28,-18.55,-8.59,-43.04
3,49,0.40871,9.89,-1.46,-6.63,-18.18,-8.65,-42.18
3,50,0.41701,9.70,-1.53,-6.99,-22.43,-8.67,-43.38
3,51,0.42534,9.52,-1.61,-7.35,-22.34,-8.85,-43.22
3,52,0.43364,9.33,-1.68,-7.71,-22.43,-9.05,-43.38
3,53,0.44200,9.15,-1.76,-8.07,-22.26,-9.12,-43.07
3,54,0.45105,8.96,-1.84,-8.44,-20.57,-8.62,-39.80
3,55,0.45872,8.77,-1.92,-8.80,-24.25,-10.35,-46.92
3,56,0.46700,8.59,-2.00,-9.16,-22.51,-9.78,-43.54
3,57,0.47554,8.40,-2.08,-9.52,-21.79,-9.63,-42.14
3,58,0.48370,8.22,-2.16,-9.88,-22.80,-10.22,-44.11
3,59,0.49222,8.03,-2.25,-10.24,-21.86,-10.01,-42.29
3,60,0.50043,7.83,-2.31,-10.51,-24.54,-7.10,-33.09
3,61,0.50879,7.63,-2.36,-10.78,-24.09,-6.99,-32.48
3,62,0.51706,7.42,-2.42,-11.05,-24.35,-7.12,-32.84
3,63,0.52547,7.22,-2.48,-11.32,-23.96,-7.11,-32.30
3,64,0.53374,7.02,-2.54,-11.59,-24.35,-7.30,-32.84
3,65,0.54216,6.82,-2.60,-11.87,-23.91,-7.21,-32.25
3,66,0.55116,6.62,-2.67,-12.14,-22.37,-6.81,-30.17
3,67,0.55888,6.42,-2.73,-12.41,-26.09,-7.98,-35.18
3,68,0.56697,6.28,-2.76,-12.57,-17.36,-4.27,-20.38
3,69,0.57544,6.14,-2.79,-12.74,-16.58,-3.89,-19.46
3,70,0.58389,6.09,-2.80,-12.76,-5.05,-0.23,-2.53
3,71,0.59209,6.05,-2.80,-12.78,-5.21,-0.24,-2.61
3,72,0.60045,6.01,-2.80,-12.80,-5.11,-0.04,-2.55
3,73,0.60945,5.97,-2.80,-12.82,-4.75,-0.31,-2.37
3,74,0.61710,6.01,-2.77,-12.73,5.99,3.46,12.77
3,75,0.62550,6.06,-2.75,-12.63,5.44,2.85,11.62
3,76,0.63377,6.23,-2.71,-12.42,20.66,5.48,24.72
3,77,0.64232,6.40,-2.66,-12.22,20.00,4.93,23.93
3,78,0.65047,6.64,-2.58,-11.87,29.96,10.07,43.07
3,79,0.65898,6.89,-2.50,-11.51,28.67,9.52,41.58
3,80,0.66721,7.18,-2.38,-11.02,35.99,14.34,60.48
3,81,0.67560,7.48,-2.27,-10.52,35.27,13.78,59.27
3,82,0.68384,7.86,-2.12,-9.88,46.30,17.61,77.41
3,83,0.69235,8.24,-1.98,-9.24,44.80,16.45,74.91
3,84,0.70105,8.62,-1.85,-8.61,43.86,15.56,73.33
3,85,0.70889,9.01,-1.71,-7.97,48.64,16.85,81.32
3,86,0.71716,9.42,-1.58,-7.28,49.82,16.63,83.03
3,87,0.72563,9.83,-1.44,-6.59,48.65,15.66,81.08
3,88,0.73383,10.24,-1.32,-5.91,50.28,15.63,83.80
3,89,0.74220,10.65,-1.19,-5.22,49.18,14.74,81.97
3,90,0.75050,10.91,-1.11,-4.73,30.88,10.49,58.82
3,91,0.75955,11.17,-1.02,-4.24,28.33,9.39,53.96
3,92,0.76721,11.34,-0.97,-3.95,23.11,6.41,38.65
3,93,0.77567,11.52,-0.92,-3.65,20.94,5.70,35.02
3,94,0.78395,11.63,-0.90,-3.52,13.63,2.28,16.21
3,95,0.79239,11.75,-0.89,-3.38,13.38,2.22,15.91
3,96,0.80063,11.86,-0.87,-3.25,13.70,2.30,16.30
3,97,0.80904,11.97,-0.85,-3.12,13.43,2.24,15.97
3,98,0.81738,12.03,-0.85,-3.11,7.31,-0.39,0.73
4,0,0.00000,0.00,0.00,0.00,289.78,-9.45,-50.00
4,1,0.00803,2.14,-0.03,-0.87,266.92,-3.51,-108.75
4,2,0.01691,4.51,-0.03,-2.21,267.01,-0.11,-150.52
4,3,0.02496,6.83,-0.03,-3.52,287.50,-0.08,-162.50
4,4,0.03342,9.62,-0.02,-5.20,329.60,0.95,-199.28
4,5,0.04169,12.40,-0.01,-6.90,336.53,1.08,-204.80
4,6,0.05017,15.10,0.02,-8.87,318.71,4.31,-232.73
4,7,0.05881,17.78,0.06,-10.82,310.25,4.07,-226.15
4,8,0.06699,19.65,0.08,-12.11,228.73,2.24,-157.46
4,9,0.07541,21.50,0.10,-13.38,218.84,2.12,-150.36
4,10,0.08325,22.38,0.09,-13.77,113.23,-1.24,-49.42
4,11,0.09207,23.31,0.12,-14.25,105.19,3.86,-54.67
4,12,0.10004,24.38,0.02,-14.11,133.72,-12.33,17.62
4,13,0.10831,25.75,-0.11,-13.52,166.42,-15.92,70.85
4,14,0.11664,26.82,-0.20,-13.07,128.21,-10.21,54.21
4,15,0.12485,27.82,-0.27,-12.71,121.56,-8.89,44.24
4,16,0.13324,28.52,-0.31,-12.43,84.00,-5.09,33.45
4,17,0.14169,29.19,-0.36,-12.20,78.34,-5.86,27.08
4,18,0.14996,29.64,-0.40,-12.00,55.35,-4.55,24.35
4,19,0.15820,30.05,-0.43,-11.86,49.26,-3.67,16.30
4,20,0.16696,30.32,-0.45,-11.73,30.31,-2.67,14.98
4,21,0.17499,30.35,-0.47,-11.55,3.80,-2.00,22.43
4,22,0.18335,30.09,-0.51,-10.91,-31.02,-4.77,76.28
4,23,0.19153,29.83,-0.52,-10.56,-31.72,-2.07,42.91
4,24,0.20001,29.61,-0.54,-10.27,-25.90,-1.61,34.53
4,25,0.20819,29.55,-0.54,-10.26,-7.46,0.27,0.75
4,26,0.21664,29.50,-0.55,-10.09,-5.78,-1.40,20.58
4,27,0.22504,29.43,-0.56,-9.95,-8.36,-0.96,16.73
4,28,0.23312,29.36,-0.57,-9.80,-7.92,-1.16,18.87
4,29,0.24164,29.30,-0.57,-9.65,-7.89,-1.10,17.56
4,30,0.25006,29.18,-0.59,-9.41,-13.77,-1.65,27.54
4,31,0.25845,29.05,-0.60,-9.21,-16.00,-1.23,24.36
4,32,0.26682,28.91,-0.61,-9.01,-16.42,-1.24,24.09
4,33,0.27527,28.77,-0.62,-8.82,-16.97,-1.05,22.74
4,34,0.28342,28.63,-0.63,-8.62,-17.23,-1.19,23.97
4,35,0.29218,28.48,-0.64,-8.44,-17.07,-0.93,21.25
4,36,0.30011,28.32,-0.65,-8.19,-20.00,-1.65,31.15
4,37,0.30832,28.13,-0.66,-7.98,-22.30,-1.04,25.65
4,38,0.31674,27.94,-0.67,-7.78,-22.46,-0.94,23.91
4,39,0.32495,27.75,-0.67,-7.58,-24.16,-0.80,23.79
4,40,0.33334,27.49,-0.69,-7.27,-30.55,-1.62,36.73
4,41,0.34174,27.20,-0.69,-7.02,-34.91,-0.83,30.18
4,42,0.35004,26.90,-0.70,-6.77,-35.29,-0.84,30.51
4,43,0.35834,26.61,-0.71,-6.52,-35.66,-0.83,30.15
4,44,0.36691,26.31,-0.71,-6.27,-34.88,-0.69,28.47
4,45,0.37515,26.02,-0.72,-6.02,-35.56,-0.89,30.74
4,46,0.38339,25.72,-0.73,-5.77,-36.30,-0.71,29.63
4,47,0.39175,25.42,-0.73,-5.53,-35.77,-0.75,29.20
4,48,0.39996,25.12,-0.74,-5.29,-36.43,-0.72,29.74
4,49,0.40833,24.82,-0.74,-5.04,-35.77,-0.70,29.20
4,50,0.41656,24.52,-0.75,-4.76,-35.93,-1.11,33.70
4,51,0.42487,24.23,-0.76,-4.49,-35.66,-1.11,33.46
4,52,0.43332,23.93,-0.77,-4.21,-35.02,-1.04,32.85
4,53,0.44159,23.64,-0.78,-3.93,-35.79,-1.11,33.58
4,54,0.44992,23.34,-0.79,-3.65,-35.53,-1.06,33.33
4,55,0.45819,23.04,-0.80,-3.38,-35.79,-1.11,33.58
4,56,0.46680,22.75,-0.81,-3.10,-34.40,-0.98,32.27
4,57,0.47507,22.45,-0.82,-2.82,-35.79,-1.11,33.58
4,58,0.48325,22.16,-0.82,-2.54,-36.19,-1.08,33.96
4,59,0.49185,21.86,-0.83,-2.26,-34.04,-1.08,32.27
4,60,0.50000,21.66,-0.85,-2.00,-25.09,-1.56,32.96
4,61,0.50845,21.45,-0.86,-1.73,-24.19,-1.46,31.77
4,62,0.51663,21.25,-0.87,-1.46,-25.00,-1.51,32.84
4,63,0.52521,21.04,-0.88,-1.19,-23.84,-1.53,31.32
4,64,0.53329,20.84,-0.90,-0.92,-25.28,-1.48,33.21
4,65,0.54172,20.64,-0.91,-0.65,-24.28,-1.51,31.88
4,66,0.54996,20.43,-0.92,-0.38,-24.81,-1.50,32.59
4,67,0.55841,20.23,-0.93,-0.12,-23.83,-1.49,31.41
4,68,0.56677,20.11,-0.94,0.06,-14.23,-1.08,21.53
4,69,0.57516,20.00,-0.95,0.23,-13.82,-1.04,20.73
4,70,0.58334,19.99,-0.96,0.28,-1.12,-0.46,5.97
4,71,0.59174,19.98,-0.96,0.33,-1.09,-0.45,5.82
4,72,0.60004,19.97,-0.96,0.38,-1.10,-0.41,5.88
4,73,0.60834,19.96,-0.97,0.42,-0.74,-0.37,5.15
4,74,0.61691,20.04,-0.96,0.35,9.25,0.22,-8.19
4,75,0.62506,20.12,-0.96,0.28,10.11,0.32,-9.36
4,76,0.63345,20.27,-0.95,0.05,17.82,1.33,-26.55
4,77,0.64169,20.43,-0.94,-0.17,18.89,1.35,-27.41
4,78,0.65021,20.70,-0.92,-0.50,31.90,1.70,-39.07
4,79,0.65848,20.97,-0.91,-0.84,33.21,1.81,-40.59
4,80,0.66699,21.37,-0.89,-1.26,46.24,1.96,-49.82
4,81,0.67511,21.77,-0.88,-1.69,49.25,1.96,-52.63
4,82,0.68326,22.28,-0.86,-2.23,62.55,2.57,-66.67
4,83,0.69199,22.79,-0.84,-2.78,58.39,2.36,-62.24
4,84,0.70038,23.30,-0.81,-3.32,60.73,2.54,-64.73
4,85,0.70865,23.81,-0.79,-3.87,61.62,2.52,-66.05
4,86,0.71713,24.35,-0.77,-4.45,64.39,2.65,-68.71
4,87,0.72552,24.90,-0.75,-5.03,65.09,2.64,-69.45
4,88,0.73367,25.45,-0.73,-5.62,67.04,2.76,-71.54
4,89,0.74176,25.99,-0.70,-6.19,66.79,2.71,-71.32
4,90,0.75006,26.38,-0.69,-6.57,47.79,1.57,-45.96
4,91,0.75842,26.77,-0.68,-6.95,46.72,1.49,-44.89
4,92,0.76672,27.01,-0.67,-7.20,28.31,1.17,-30.51
4,93,0.77502,27.24,-0.66,-7.45,27.57,1.17,-30.15
4,94,0.78326,27.33,-0.65,-7.60,11.85,0.93,-17.78
4,95,0.79147,27.43,-0.64,-7.75,11.90,0.89,-17.84
4,96,0.79980,27.53,-0.64,-7.89,11.72,0.92,-17.58
4,97,0.80826,27.62,-0.63,-8.04,11.19,0.85,-16.97
4,98,0.81647,27.61,-0.62,-8.10,-1.49,0.71,-7.43
5,0,0.00000,0.00,0.00,0.00,231.62,123.68,-118.90
5,1,0.00772,2.06,1.10,-1.06,266.40,142.48,-136.76
5,2,0.01608,4.24,2.31,-2.55,260.58,144.27,-178.47
5,3,0.02499,6.41,3.51,-4.04,244.52,135.57,-167.47
5,4,0.03275,9.04,4.99,-5.96,338.98,189.72,-248.03
5,5,0.04141,11.67,6.46,-7.89,303.17,169.87,-221.83
5,6,0.04938,14.19,7.91,-10.09,316.48,182.26,-276.63
5,7,0.05771,16.71,9.36,-12.29,302.56,174.45,-264.47
5,8,0.06613,18.46,10.36,-13.74,207.97,118.71,-172.10
5,9,0.07449,20.21,11.36,-15.19,209.49,119.79,-173.36
5,10,0.08264,21.14,11.88,-15.84,113.48,63.18,-80.15
5,11,0.09122,22.06,12.39,-16.50,107.83,60.17,-76.16
5,12,0.09949,22.70,12.75,-16.98,77.12,43.31,-58.67
5,13,0.10764,23.34,13.11,-17.47,78.28,44.16,-59.55
5,14,0.11609,23.81,13.38,-17.87,55.96,32.04,-48.01
5,15,0.12463,24.29,13.66,-18.28,55.36,31.89,-47.50
5,16,0.13266,24.54,13.82,-18.64,31.18,20.28,-44.87
5,17,0.14102,24.79,13.98,-19.00,29.93,19.26,-43.07
5,18,0.14954,24.90,14.06,-19.28,12.90,9.88,-33.33
5,19,0.15759,25.01,14.15,-19.57,13.64,10.80,-35.23
5,20,0.16605,25.03,14.19,-19.78,2.53,4.10,-24.55
5,21,0.17429,25.05,14.22,-19.98,2.59,4.15,-25.19
5,22,0.18271,24.94,14.18,-20.08,-13.41,-5.11,-11.23
5,23,0.19098,24.82,14.13,-20.17,-13.65,-5.14,-11.44
5,24,0.19934,24.71,14.09,-20.27,-13.50,-4.88,-11.31
5,25,0.20810,24.60,14.05,-20.36,-12.89,-4.91,-10.80
5,26,0.21603,24.41,13.96,-20.38,-23.85,-10.96,-1.92
5,27,0.22467,24.22,13.88,-20.39,-21.55,-10.10,-1.77
5,28,0.23260,24.03,13.79,-20.41,-23.85,-11.11,-1.92
5,29,0.24130,23.85,13.70,-20.42,-21.40,-10.03,-1.75
5,30,0.24963,23.62,13.59,-20.35,-27.47,-13.80,9.16
5,31,0.25812,23.39,13.47,-20.27,-26.98,-13.75,8.99
5,32,0.26602,23.16,13.35,-20.19,-28.96,-14.98,9.65
5,33,0.27429,22.93,13.23,-20.12,-27.68,-14.31,9.23
5,34,0.28256,22.70,13.12,-20.04,-27.68,-14.11,9.23
5,35,0.29126,22.47,13.00,-19.96,-26.32,-13.36,8.77
5,36,0.29929,22.24,12.87,-19.82,-28.52,-15.79,18.25
5,37,0.30771,22.02,12.75,-19.67,-27.17,-14.85,17.39
5,38,0.31604,21.79,12.62,-19.53,-27.47,-15.21,17.58
5,39,0.32428,21.56,12.50,-19.38,-27.78,-14.97,17.78
5,40,0.33264,21.28,12.33,-19.11,-33.21,-19.67,32.12
5,41,0.34140,21.00,12.17,-18.84,-31.71,-18.77,30.66
5,42,0.34946,20.72,12.01,-18.57,-34.47,-20.20,33.33
5,43,0.35764,20.45,11.84,-18.30,-33.96,-19.90,32.84
5,44,0.36618,20.17,11.68,-18.04,-32.50,-19.24,31.43
5,45,0.37439,19.89,11.52,-17.77,-33.83,-19.62,32.71
5,46,0.38263,19.61,11.35,-17.50,-33.70,-19.96,32.59
5,47,0.39087,19.34,11.19,-17.23,-33.70,-19.75,32.59
5,48,0.39951,19.06,11.03,-16.96,-32.16,-18.65,31.10
5,49,0.40784,18.78,10.86,-16.69,-33.33,-19.94,32.23
5,50,0.41605,18.51,10.70,-16.39,-32.71,-19.78,36.80
5,51,0.42435,18.24,10.54,-16.09,-32.35,-19.56,36.40
5,52,0.43280,17.97,10.38,-15.79,-31.77,-19.21,35.74
5,53,0.44113,17.71,10.21,-15.48,-32.23,-19.70,36.26
5,54,0.44983,17.44,10.05,-15.18,-30.88,-18.48,34.74
5,55,0.45773,17.17,9.89,-14.88,-33.98,-20.76,38.22
5,56,0.46634,16.90,9.72,-14.58,-31.21,-19.07,35.11
5,57,0.47446,16.63,9.56,-14.28,-33.08,-20.00,37.22
5,58,0.48306,16.36,9.40,-13.97,-31.21,-19.07,35.11
5,59,0.49176,16.09,9.23,-13.67,-30.88,-18.67,34.74
5,60,0.49942,15.91,9.12,-13.39,-23.51,-15.21,37.05
5,61,0.50775,15.73,9.00,-13.10,-21.61,-14.59,34.07
5,62,0.51617,15.55,8.88,-12.82,-21.38,-14.03,33.70
5,63,0.52438,15.37,8.76,-12.54,-21.93,-14.19,34.57
5,64,0.53278,15.19,8.64,-12.25,-21.45,-14.28,33.82
5,65,0.54102,15.01,8.52,-11.97,-21.85,-14.34,34.44
5,66,0.54935,14.83,8.41,-11.69,-21.61,-14.19,34.07
5,67,0.55759,14.65,8.28,-11.40,-21.85,-14.75,34.44
5,68,0.56610,14.55,8.21,-11.21,-12.19,-8.11,22.22
5,69,0.57446,14.45,8.14,-11.02,-12.41,-8.86,22.63
5,70,0.58267,14.44,8.13,-10.97,-0.74,-0.93,5.95
5,71,0.59109,14.43,8.12,-10.93,-0.72,-1.05,5.80
5,72,0.59973,14.43,8.12,-10.88,-0.71,-0.88,5.65
5,73,0.60770,14.42,8.11,-10.83,-0.77,-1.17,6.13
5,74,0.61630,14.50,8.15,-10.90,8.51,5.08,-8.87
5,75,0.62454,14.57,8.20,-10.98,8.89,5.45,-9.26
5,76,0.63287,14.70,8.28,-11.22,15.75,10.61,-28.21
5,77,0.64096,14.83,8.37,-11.45,16.23,11.14,-29.06
5,78,0.64948,15.07,8.53,-11.80,28.32,18.52,-41.58
5,79,0.65771,15.31,8.69,-12.16,29.26,18.93,-42.96
5,80,0.66595,15.67,8.91,-12.61,43.33,27.02,-55.19
5,81,0.67429,16.03,9.13,-13.07,42.86,26.43,-54.58
5,82,0.68283,16.49,9.42,-13.65,53.57,33.71,-68.57
5,83,0.69104,16.94,9.70,-14.24,55.76,34.67,-71.38
5,84,0.69937,17.40,9.99,-14.83,54.95,34.16,-70.33
5,85,0.70764,17.86,10.28,-15.41,55.35,34.83,-70.85
5,86,0.71628,18.35,10.58,-16.04,56.89,35.39,-72.79
5,87,0.72473,18.84,10.89,-16.67,58.12,36.36,-74.37
5,88,0.73300,19.33,11.20,-17.30,59.41,37.16,-76.01
5,89,0.74136,19.82,11.50,-17.93,58.76,36.76,-75.18
5,90,0.74966,20.19,11.73,-18.34,43.75,26.66,-50.00
5,91,0.75790,20.55,11.95,-18.76,44.07,26.86,-50.37
5,92,0.76614,20.76,12.08,-19.03,25.56,15.98,-32.96
5,93,0.77444,20.97,12.21,-19.30,25.37,15.92,-32.72
5,94,0.78256,21.06,12.27,-19.45,10.53,7.22,-18.80
5,95,0.79144,21.14,12.33,-19.60,9.62,6.54,-17.18
5,96,0.79938,21.23,12.39,-19.76,10.77,7.32,-19.23
5,97,0.80792,21.31,12.45,-19.91,10.00,7.00,-17.86
5,98,0.81607,21.30,12.44,-19.97,-2.25,-0.25,-7.49
6,0,0.00000,0.00,0.00,0.00,150.92,-0.98,235.42
6,1,0.00806,1.25,-0.01,1.95,154.92,-1.01,241.67
6,2,0.01669,2.94,-0.01,3.97,196.11,-0.65,234.63
6,3,0.02478,4.64,-0.02,6.00,209.43,-0.70,250.57
6,4,0.03320,6.80,-0.03,8.43,257.25,-0.70,288.41
6,5,0.04160,8.97,-0.03,10.86,258.18,-0.69,289.45
6,6,0.04971,11.40,-0.03,13.16,300.00,-0.35,283.08
6,7,0.05807,13.84,-0.04,15.45,291.24,-0.33,274.82
6,8,0.06641,15.45,-0.04,17.06,193.04,-0.31,192.67
6,9,0.07489,17.06,-0.04,18.66,189.57,-0.31,189.21
6,10,0.08310,17.79,-0.04,19.52,89.96,-0.28,104.46
6,11,0.09137,18.53,-0.05,20.38,89.30,-0.27,103.69
6,12,0.09982,19.08,-0.05,20.97,64.26,-0.15,69.31
6,13,0.10840,19.62,-0.05,21.55,63.35,-0.15,68.33
6,14,0.11639,20.07,-0.05,21.98,56.11,-0.08,54.20
6,15,0.12469,20.52,-0.05,22.42,54.04,-0.07,52.21
6,16,0.13327,20.90,-0.05,22.63,44.84,0.10,24.91
6,17,0.14182,21.29,-0.05,22.85,45.00,0.10,25.00
6,18,0.14966,21.58,-0.05,22.93,37.35,0.17,10.51
6,19,0.15839,21.87,-0.05,23.01,33.57,0.16,9.44
6,20,0.16635,22.08,-0.04,23.01,26.05,0.18,0.38
6,21,0.17456,22.29,-0.04,23.02,25.28,0.18,0.37
6,22,0.18295,22.37,-0.04,22.89,9.82,0.19,-14.55
6,23,0.19144,22.45,-0.04,22.77,9.71,0.19,-14.39
6,24,0.19992,22.53,-0.04,22.65,9.71,0.20,-14.39
6,25,0.20810,22.62,-0.04,22.53,10.07,0.20,-14.93
6,26,0.21649,22.61,-0.03,22.34,-0.36,0.19,-22.55
6,27,0.22452,22.61,-0.03,22.15,-0.38,0.20,-23.57
6,28,0.23322,22.61,-0.03,21.96,-0.35,0.18,-21.75
6,29,0.24155,22.60,-0.03,21.77,-0.37,0.20,-22.71
6,30,0.24957,22.51,-0.03,21.55,-12.17,0.15,-27.38
6,31,0.25806,22.41,-0.03,21.33,-11.51,0.14,-25.90
6,32,0.26654,22.31,-0.03,21.11,-11.51,0.15,-25.90
6,33,0.27509,22.21,-0.02,20.89,-11.43,0.14,-25.71
6,34,0.28333,22.12,-0.02,20.67,-11.85,0.15,-26.67
6,35,0.29138,22.02,-0.02,20.45,-12.12,0.15,-27.27
6,36,0.29990,21.85,-0.02,20.24,-19.71,0.08,-25.09
6,37,0.30823,21.68,-0.02,20.03,-20.15,0.08,-25.64
6,38,0.31644,21.51,-0.02,19.81,-20.45,0.08,-26.02
6,39,0.32501,21.35,-0.02,19.60,-19.57,0.08,-24.91
6,40,0.33307,21.05,-0.02,19.35,-36.74,0.01,-31.06
6,41,0.34177,20.76,-0.02,19.10,-33.68,0.02,-28.77
6,42,0.34976,20.47,-0.02,18.85,-36.64,0.01,-31.30
6,43,0.35828,20.17,-0.02,18.60,-34.41,0.01,-29.39
6,44,0.36633,19.88,-0.02,18.35,-36.36,0.01,-31.06
6,45,0.37460,19.59,-0.02,18.10,-35.42,0.01,-30.26
6,46,0.38287,19.29,-0.02,17.85,-35.42,0.01,-30.26
6,47,0.39120,19.00,-0.02,17.60,-35.16,0.01,-30.04
6,48,0.39972,18.71,-0.02,17.35,-34.41,0.01,-29.39
6,49,0.40833,18.41,-0.02,17.10,-34.04,0.01,-29.08
6,50,0.41635,18.09,-0.02,16.85,-40.68,-0.02,-30.04
6,51,0.42453,17.76,-0.02,16.61,-39.93,-0.03,-29.48
6,52,0.43317,17.43,-0.02,16.37,-37.81,-0.02,-27.92
6,53,0.44122,17.11,-0.02,16.13,-40.53,-0.03,-29.92
6,54,0.44965,16.78,-0.02,15.89,-38.77,-0.03,-28.62
6,55,0.45804,16.46,-0.02,15.65,-38.91,-0.02,-28.73
6,56,0.46637,16.13,-0.02,15.41,-39.19,-0.03,-28.94
6,57,0.47449,15.80,-0.02,15.17,-40.23,-0.03,-29.70
6,58,0.48288,15.48,-0.02,14.93,-38.91,-0.03,-28.73
6,59,0.49118,15.15,-0.02,14.69,-39.34,-0.03,-28.68
6,60,0.49957,14.85,-0.02,14.54,-36.00,-0.09,-18.18
6,61,0.50815,14.54,-0.02,14.38,-35.23,-0.10,-17.79
6,62,0.51639,14.24,-0.02,14.23,-36.67,-0.10,-18.52
6,63,0.52463,13.94,-0.02,14.08,-36.67,-0.10,-18.52
6,64,0.53293,13.64,-0.02,13.93,-36.40,-0.10,-18.38
6,65,0.54150,13.34,-0.03,13.77,-35.23,-0.09,-17.79
6,66,0.55026,13.03,-0.03,13.62,-34.49,-0.09,-17.42
6,67,0.55835,12.73,-0.03,13.47,-37.36,-0.10,-18.87
6,68,0.56635,12.53,-0.03,13.38,-24.81,-0.09,-10.69
6,69,0.57455,12.34,-0.03,13.30,-24.16,-0.08,-10.41
6,70,0.58292,12.29,-0.03,13.30,-5.84,-0.04,0.00
6,71,0.59137,12.24,-0.03,13.30,-5.78,-0.04,0.00
6,72,0.59979,12.19,-0.03,13.30,-5.80,-0.04,0.00
6,73,0.60834,12.14,-0.03,13.30,-5.71,-0.04,0.00
6,74,0.61642,12.22,-0.03,13.36,10.19,-0.00,8.30
6,75,0.62466,12.30,-0.03,13.43,10.00,-0.00,8.15
6,76,0.63306,12.55,-0.03,13.54,29.45,0.10,12.73
6,77,0.64124,12.80,-0.03,13.64,30.22,0.10,13.06
6,78,0.64969,13.17,-0.03,13.85,44.40,0.10,24.55
6,79,0.65817,13.55,-0.03,14.06,44.24,0.10,24.46
6,80,0.66653,14.04,-0.03,14.37,58.39,0.09,37.23
6,81,0.67468,14.53,-0.03,14.68,59.93,0.10,38.20
6,82,0.68314,15.16,-0.02,15.08,74.37,0.11,47.29
6,83,0.69125,15.78,-0.02,15.48,77.44,0.12,49.25
6,84,0.69974,16.41,-0.02,15.88,74.10,0.12,47.12
6,85,0.70834,17.04,-0.02,16.28,73.05,0.11,46.45
6,86,0.71643,17.72,-0.02,16.71,83.40,0.13,53.21
6,87,0.72458,18.39,-0.02,17.14,82.77,0.12,52.81
6,88,0.73309,19.06,-0.02,17.57,79.21,0.12,50.54
6,89,0.74130,19.74,-0.02,18.00,82.16,0.12,52.42
6,90,0.74988,20.19,-0.02,18.33,52.31,0.05,37.72
6,91,0.75839,20.63,-0.02,18.65,52.33,0.04,37.63
6,92,0.76639,20.93,-0.02,18.83,36.64,0.06,23.28
6,93,0.77469,21.22,-0.02,19.02,34.93,0.05,22.06
6,94,0.78287,21.38,-0.02,19.09,19.78,0.07,8.58
6,95,0.79141,21.54,-0.01,19.16,18.93,0.06,8.21
6,96,0.79962,21.70,-0.01,19.23,19.70,0.06,8.55
6,97,0.80814,21.86,-0.01,19.30,19.00,0.06,8.24
6,98,0.81631,21.92,-0.01,19.27,7.09,0.08,-2.99
7,0,0.00000,0.00,0.00,0.00,-119.79,27.96,-239.58
7,1,0.00888,-1.11,0.26,-2.19,-125.43,28.91,-246.39
7,2,0.01703,-2.58,0.55,-4.38,-180.15,36.23,-269.29
7,3,0.02530,-4.07,0.85,-6.60,-180.44,36.24,-268.27
7,4,0.03360,-5.97,1.22,-9.25,-228.31,44.53,-319.12
7,5,0.04211,-7.88,1.59,-11.89,-224.37,43.60,-310.39
7,6,0.05011,-10.06,1.99,-14.44,-272.14,49.19,-318.32
7,7,0.05881,-12.19,2.37,-16.94,-245.61,44.42,-287.72
7,8,0.06702,-13.62,2.64,-18.71,-173.98,32.20,-215.24
7,9,0.07520,-15.01,2.89,-20.43,-169.40,31.40,-210.45
7,10,0.08344,-15.65,3.02,-21.36,-78.15,15.52,-113.33
7,11,0.09183,-16.28,3.15,-22.28,-75.64,14.89,-109.09
7,12,0.10028,-16.76,3.24,-22.92,-56.68,10.89,-75.81
7,13,0.10861,-17.24,3.33,-23.55,-56.78,10.85,-75.82
7,14,0.11697,-17.64,3.40,-24.03,-47.81,8.76,-57.30
7,15,0.12518,-18.03,3.47,-24.50,-48.33,8.79,-56.88
7,16,0.13345,-18.39,3.53,-24.75,-43.17,6.47,-30.63
7,17,0.14188,-18.74,3.58,-25.00,-42.03,6.41,-29.35
7,18,0.15045,-19.03,3.62,-25.11,-33.10,4.38,-13.17
7,19,0.15887,-19.31,3.66,-25.22,-33.33,4.39,-13.04
7,20,0.16693,-19.52,3.68,-25.24,-25.76,2.95,-3.03
7,21,0.17575,-19.72,3.70,-25.26,-22.84,2.59,-1.73
7,22,0.18338,-19.82,3.71,-25.15,-12.80,0.37,14.80
7,23,0.19183,-19.91,3.71,-25.03,-11.55,0.42,13.36
7,24,0.20020,-20.01,3.71,-24.92,-11.68,0.43,13.50
7,25,0.20914,-20.10,3.72,-24.80,-10.24,0.27,12.97
7,26,0.21701,-20.12,3.71,-24.62,-2.33,-1.26,23.64
7,27,0.22507,-20.14,3.70,-24.43,-2.27,-1.19,23.11
7,28,0.23346,-20.16,3.69,-24.25,-2.18,-1.14,22.18
7,29,0.24200,-20.17,3.68,-24.06,-1.43,-1.22,22.14
7,30,0.25027,-20.10,3.65,-23.83,8.86,-2.72,27.68
7,31,0.25864,-20.02,3.63,-23.60,8.76,-2.64,27.37
7,32,0.26678,-19.95,3.61,-23.37,8.99,-2.76,28.09
7,33,0.27518,-19.88,3.59,-23.14,8.73,-2.64,27.27
7,34,0.28357,-19.80,3.56,-22.91,8.73,-2.68,27.27
7,35,0.29202,-19.73,3.54,-22.68,9.03,-2.66,27.08
7,36,0.30026,-19.58,3.51,-22.45,17.41,-3.62,28.15
7,37,0.30853,-19.44,3.48,-22.22,17.34,-3.61,28.04
7,38,0.31702,-19.30,3.45,-21.99,16.91,-3.56,27.34
7,39,0.32513,-19.15,3.42,-21.75,18.42,-3.78,28.95
7,40,0.33365,-18.88,3.37,-21.47,31.18,-5.41,32.97
7,41,0.34186,-18.62,3.33,-21.19,32.34,-5.61,34.20
7,42,0.35019,-18.35,3.28,-20.91,31.87,-5.62,33.70
7,43,0.35876,-18.08,3.24,-20.63,30.96,-5.28,32.74
7,44,0.36688,-17.82,3.19,-20.35,32.71,-5.72,34.59
7,45,0.37540,-17.55,3.14,-20.07,31.18,-5.41,32.97
7,46,0.38351,-17.29,3.10,-19.79,32.71,-5.68,34.59
7,47,0.39191,-17.02,3.05,-19.51,31.64,-5.53,33.45
7,48,0.40021,-16.76,3.01,-19.23,31.99,-5.55,33.82
7,49,0.40866,-16.49,2.96,-18.94,32.13,-5.55,33.57
7,50,0.41708,-16.19,2.91,-18.67,35.51,-5.83,32.25
7,51,0.42526,-15.89,2.86,-18.40,36.57,-6.01,33.21
7,52,0.43356,-15.59,2.81,-18.12,36.03,-5.94,33.09
7,53,0.44217,-15.29,2.76,-17.85,34.75,-5.71,31.56
7,54,0.45041,-14.99,2.71,-17.58,36.30,-5.96,32.96
7,55,0.45880,-14.69,2.66,-17.31,35.64,-5.92,32.73
7,56,0.46747,-14.39,2.61,-17.03,34.51,-5.67,31.34
7,57,0.47614,-14.09,2.57,-16.76,34.51,-5.62,31.34
7,58,0.48373,-13.79,2.52,-16.49,39.36,-6.59,36.14
7,59,0.49216,-13.49,2.47,-16.22,35.51,-5.76,31.88
7,60,0.50012,-13.21,2.42,-16.04,35.63,-5.26,22.99
7,61,0.50879,-12.92,2.38,-15.85,33.10,-4.89,21.48
7,62,0.51730,-12.64,2.34,-15.67,33.33,-4.96,21.51
7,63,0.52542,-12.36,2.30,-15.48,34.96,-5.16,22.56
7,64,0.53394,-12.07,2.26,-15.30,33.33,-4.92,21.51
7,65,0.54205,-11.79,2.21,-15.12,34.96,-5.16,22.56
7,66,0.55048,-11.51,2.17,-14.94,33.70,-4.97,21.74
7,67,0.55865,-11.23,2.13,-14.76,33.96,-5.04,21.64
7,68,0.56741,-11.04,2.10,-14.65,21.60,-3.07,12.20
7,69,0.57547,-10.86,2.08,-14.55,21.97,-3.10,12.12
7,70,0.58398,-10.81,2.07,-14.55,5.73,-0.64,0.72
7,71,0.59216,-10.76,2.07,-14.54,5.97,-0.71,0.75
7,72,0.60062,-10.71,2.06,-14.54,5.78,-0.68,0.72
7,73,0.60904,-10.68,2.06,-14.54,4.71,-0.48,0.00
7,74,0.61707,-10.75,2.07,-14.61,-9.51,1.61,-9.51
7,75,0.62527,-10.84,2.09,-14.69,-10.78,1.75,-9.67
7,76,0.63412,-11.07,2.12,-14.82,-26.21,3.74,-14.83
7,77,0.64224,-11.31,2.15,-14.96,-29.70,4.27,-17.29
7,78,0.65045,-11.66,2.21,-15.21,-42.75,6.50,-29.74
7,79,0.65900,-12.02,2.26,-15.46,-42.14,6.39,-29.64
7,80,0.66711,-12.48,2.33,-15.82,-55.64,8.73,-44.36
7,81,0.67557,-12.94,2.41,-16.19,-54.51,8.61,-43.68
7,82,0.68411,-13.52,2.50,-16.65,-68.21,10.69,-54.29
7,83,0.69229,-14.10,2.59,-17.12,-71.27,11.21,-56.72
7,84,0.70035,-14.69,2.68,-17.58,-72.35,11.38,-57.58
7,85,0.70886,-15.27,2.77,-18.05,-68.82,10.83,-54.84
7,86,0.71692,-15.90,2.87,-18.55,-77.65,12.29,-62.12
7,87,0.72522,-16.52,2.97,-19.05,-75.37,11.78,-60.29
7,88,0.73361,-17.15,3.07,-19.55,-74.55,11.84,-59.64
7,89,0.74203,-17.76,3.16,-20.04,-72.10,11.29,-57.97
7,90,0.75046,-18.16,3.23,-20.40,-48.55,8.00,-43.48
7,91,0.75854,-18.56,3.30,-20.76,-49.43,8.09,-44.15
7,92,0.76712,-18.84,3.34,-20.97,-31.67,4.92,-24.91
7,93,0.77530,-19.10,3.38,-21.18,-32.09,5.01,-25.00
7,94,0.78369,-19.25,3.40,-21.27,-18.18,2.65,-10.55
7,95,0.79257,-19.40,3.42,-21.36,-17.18,2.46,-9.97
7,96,0.80048,-19.56,3.44,-21.44,-19.31,2.71,-11.20
7,97,0.80954,-19.70,3.47,-21.52,-16.16,2.32,-8.75
7,98,0.81714,-19.76,3.47,-21.51,-8.03,0.76,2.01
8,0,0.00000,0.00,0.00,0.00,-1.34,55.28,-254.36
8,1,0.00797,-0.01,0.53,-2.31,-1.53,66.99,-290.42
8,2,0.01620,-0.36,1.13,-4.93,-42.22,72.20,-317.78
8,3,0.02441,-0.71,1.71,-7.55,-42.38,71.36,-318.96
8,4,0.03314,-1.24,2.42,-10.76,-60.84,81.42,-367.83
8,5,0.04120,-1.77,3.12,-13.97,-65.91,86.25,-398.48
8,6,0.04980,-2.60,3.83,-17.21,-96.45,82.94,-376.95
8,7,0.05804,-3.43,4.55,-20.46,-100.74,86.43,-393.70
8,8,0.06638,-3.93,5.02,-22.67,-60.07,56.62,-265.93
8,9,0.07480,-4.43,5.49,-24.89,-59.42,55.77,-263.04
8,10,0.08286,-4.60,5.71,-26.01,-20.45,27.56,-139.02
8,11,0.09140,-4.76,5.93,-27.13,-19.29,25.82,-131.07
8,12,0.09946,-4.91,6.09,-27.92,-18.18,19.68,-97.73
8,13,0.10788,-5.05,6.25,-28.70,-17.39,18.79,-93.48
8,14,0.11639,-5.20,6.37,-29.31,-17.20,14.82,-70.97
8,15,0.12457,-5.35,6.50,-29.91,-17.91,15.43,-73.88
8,16,0.13278,-5.55,6.60,-30.30,-25.28,12.05,-46.84
8,17,0.14188,-5.76,6.70,-30.68,-22.82,10.70,-42.28
8,18,0.14951,-5.96,6.76,-30.91,-26.40,9.00,-29.60
8,19,0.15796,-6.16,6.83,-31.13,-23.83,8.18,-26.71
8,20,0.16629,-6.34,6.88,-31.25,-21.25,5.58,-13.55
8,21,0.17462,-6.52,6.93,-31.36,-21.25,5.53,-13.55
8,22,0.18280,-6.65,6.93,-31.30,-16.42,1.08,7.09
8,23,0.19116,-6.79,6.94,-31.24,-16.06,1.14,6.93
8,24,0.19989,-6.92,6.95,-31.19,-15.38,0.94,6.64
8,25,0.20786,-7.06,6.96,-31.13,-16.86,1.04,7.28
8,26,0.21649,-7.15,6.95,-30.97,-11.31,-1.82,18.73
8,27,0.22443,-7.25,6.93,-30.80,-12.31,-2.13,20.38
8,28,0.23288,-7.35,6.91,-30.64,-11.55,-2.00,19.13
8,29,0.24146,-7.45,6.89,-30.48,-11.39,-2.03,18.86
8,30,0.24954,-7.48,6.85,-30.24,-4.53,-4.94,29.43
8,31,0.25803,-7.52,6.81,-30.00,-4.32,-4.65,28.06
8,32,0.26651,-7.56,6.77,-29.77,-4.32,-4.72,28.06
8,33,0.27521,-7.59,6.73,-29.53,-4.21,-4.73,27.37
8,34,0.28284,-7.63,6.69,-29.29,-4.80,-5.35,31.20
8,35,0.29117,-7.67,6.65,-29.05,-4.40,-5.03,28.57
8,36,0.29947,-7.64,6.60,-28.78,2.94,-6.59,32.72
8,37,0.30780,-7.62,6.54,-28.51,2.93,-6.61,32.60
8,38,0.31613,-7.59,6.49,-28.24,2.93,-6.63,32.60
8,39,0.32483,-7.57,6.43,-27.97,2.81,-6.30,31.23
8,40,0.33304,-7.45,6.35,-27.60,14.13,-10.24,44.98
8,41,0.34119,-7.34,6.26,-27.23,14.23,-10.25,45.32
8,42,0.34998,-7.22,6.18,-26.86,13.19,-9.53,42.01
8,43,0.35779,-7.10,6.10,-26.49,14.84,-10.77,47.27
8,44,0.36618,-6.99,6.01,-26.12,13.82,-10.04,44.00
8,45,0.37454,-6.87,5.93,-25.75,13.87,-10.02,44.16
8,46,0.38272,-6.76,5.84,-25.38,14.18,-10.25,45.15
8,47,0.39120,-6.64,5.76,-25.01,13.67,-9.88,43.53
8,48,0.39954,-6.52,5.68,-24.64,13.92,-10.14,44.32
8,49,0.40793,-6.41,5.59,-24.27,13.82,-10.01,44.00
8,50,0.41608,-6.26,5.50,-23.90,17.98,-10.96,46.44
8,51,0.42444,-6.12,5.41,-23.52,17.52,-10.59,45.26
8,52,0.43314,-5.97,5.32,-23.14,16.84,-10.24,43.51
8,53,0.44171,-5.82,5.24,-22.76,17.08,-10.29,44.13
8,54,0.44980,-5.68,5.15,-22.38,18.11,-11.01,46.79
8,55,0.45795,-5.53,5.06,-22.00,17.98,-10.93,46.44
8,56,0.46655,-5.38,4.97,-21.62,17.02,-10.29,43.97
8,57,0.47458,-5.24,4.88,-21.25,18.25,-11.09,47.15
8,58,0.48328,-5.09,4.79,-20.87,16.84,-10.25,43.51
8,59,0.49124,-4.94,4.70,-20.49,18.39,-11.19,47.51
8,60,0.49960,-4.77,4.63,-20.20,20.44,-8.79,34.67
8,61,0.50793,-4.60,4.56,-19.91,20.51,-8.77,34.80
8,62,0.51614,-4.43,4.48,-19.62,20.82,-8.97,35.32
8,63,0.52466,-4.26,4.41,-19.33,20.07,-8.59,34.05
8,64,0.53262,-4.09,4.33,-19.04,21.46,-9.26,36.40
8,65,0.54123,-3.92,4.26,-18.75,19.86,-8.50,33.69
8,66,0.54962,-3.75,4.19,-18.46,20.36,-8.80,34.55
8,67,0.55786,-3.58,4.11,-18.17,20.74,-8.89,35.19
8,68,0.56616,-3.45,4.07,-17.99,14.71,-5.64,21.32
8,69,0.57446,-3.33,4.02,-17.82,14.71,-5.65,21.32
8,70,0.58270,-3.29,4.01,-17.79,5.19,-1.03,3.33
8,71,0.59109,-3.25,4.00,-17.76,5.09,-1.18,3.27
8,72,0.59933,-3.20,3.99,-17.73,5.19,-1.20,3.33
8,73,0.60773,-3.16,3.98,-17.71,5.09,-1.11,3.27
8,74,0.61609,-3.20,4.01,-17.81,-4.38,2.83,-12.04
8,75,0.62421,-3.23,4.03,-17.91,-4.51,2.89,-12.41
8,76,0.63272,-3.39,4.09,-18.13,-17.92,6.92,-26.16
8,77,0.64102,-3.54,4.15,-18.35,-18.38,7.02,-26.84
8,78,0.64954,-3.75,4.24,-18.73,-24.37,11.08,-44.09
8,79,0.65787,-3.96,4.34,-19.10,-24.91,11.25,-45.05
8,80,0.66678,-4.20,4.46,-19.63,-27.40,14.23,-58.90
8,81,0.67474,-4.44,4.59,-20.15,-30.65,15.94,-65.90
8,82,0.68283,-4.76,4.75,-20.83,-39.25,20.24,-83.40
8,83,0.69101,-5.08,4.92,-21.50,-38.81,20.05,-82.46
8,84,0.69949,-5.40,5.08,-22.18,-37.41,19.23,-79.50
8,85,0.70776,-5.71,5.24,-22.85,-38.38,19.80,-81.55
8,86,0.71606,-6.05,5.42,-23.57,-41.18,21.07,-87.13
8,87,0.72430,-6.40,5.59,-24.30,-41.48,21.31,-87.78
8,88,0.73273,-6.74,5.77,-25.02,-40.58,20.87,-85.87
8,89,0.74109,-7.08,5.95,-25.74,-40.88,20.98,-86.50
8,90,0.74951,-7.29,6.07,-26.25,-24.64,14.28,-60.51
8,91,0.75778,-7.50,6.19,-26.76,-25.09,14.67,-61.62
8,92,0.76617,-7.64,6.26,-27.08,-17.45,9.07,-37.09
8,93,0.77441,-7.79,6.34,-27.39,-17.78,9.09,-37.78
8,94,0.78275,-7.89,6.38,-27.53,-11.72,4.56,-17.58
8,95,0.79126,-7.98,6.41,-27.68,-11.47,4.52,-17.20
8,96,0.79935,-8.08,6.45,-27.83,-12.08,4.69,-18.11
8,97,0.80777,-8.18,6.49,-27.97,-11.59,4.50,-17.39
8,98,0.81610,-8.24,6.50,-27.98,-7.33,0.99,-1.47
9,0,0.00000,0.00,0.00,0.00,107.50,17.47,248.57
9,1,0.00812,0.92,0.09,2.12,113.16,10.95,261.65
9,2,0.01636,2.26,0.25,4.40,163.33,19.51,275.93
9,3,0.02484,3.61,0.41,6.67,158.63,19.04,267.99
9,4,0.03339,5.35,0.61,9.42,203.93,22.84,321.79
9,5,0.04156,7.10,0.80,12.17,213.06,23.86,336.19
9,6,0.04962,9.12,0.99,14.83,251.89,23.60,330.30
9,7,0.05823,11.15,1.18,17.49,235.82,22.05,309.22
9,8,0.06647,12.48,1.31,19.34,161.11,15.97,223.70
9,9,0.07568,13.81,1.44,21.18,144.04,14.27,200.00
9,10,0.08365,14.40,1.51,22.15,73.95,8.60,121.46
9,11,0.09137,14.99,1.58,23.11,76.28,8.92,125.30
9,12,0.10019,15.43,1.63,23.78,50.17,5.36,75.78
9,13,0.10797,15.87,1.68,24.45,56.86,6.13,85.88
9,14,0.11630,16.24,1.71,24.95,44.69,4.25,60.07
9,15,0.12463,16.62,1.75,25.45,44.69,4.30,60.07
9,16,0.13342,16.96,1.77,25.73,39.24,2.30,31.25
9,17,0.14188,17.31,1.79,26.00,40.79,2.35,32.49
9,18,0.14981,17.58,1.80,26.13,35.00,1.19,16.15
9,19,0.15811,17.86,1.81,26.26,33.46,1.19,15.44
9,20,0.16647,18.07,1.81,26.29,24.45,0.35,4.38
9,21,0.17474,18.27,1.81,26.33,24.72,0.40,4.43
9,22,0.18375,18.37,1.81,26.22,11.53,-0.82,-11.86
9,23,0.19226,18.48,1.80,26.12,12.19,-0.82,-12.54
9,24,0.20059,18.58,1.79,26.01,12.45,-0.88,-12.82
9,25,0.20807,18.69,1.78,25.90,13.88,-0.98,-14.29
9,26,0.21680,18.71,1.77,25.72,3.15,-1.45,-21.33
9,27,0.22513,18.74,1.76,25.53,3.30,-1.52,-22.34
9,28,0.23355,18.77,1.75,25.34,3.26,-1.55,-22.10
9,29,0.24225,18.80,1.73,25.16,3.16,-1.50,-21.40
9,30,0.24988,18.73,1.72,24.93,-8.00,-2.06,-30.40
9,31,0.25845,18.67,1.70,24.69,-7.12,-1.88,-27.05
9,32,0.26669,18.61,1.68,24.46,-7.41,-2.05,-28.15
9,33,0.27515,18.55,1.67,24.23,-7.22,-1.91,-27.44
9,34,0.28305,18.49,1.65,24.00,-7.72,-2.04,-29.34
9,35,0.29214,18.43,1.64,23.77,-6.71,-1.81,-25.50
9,36,0.30029,18.30,1.62,23.53,-16.10,-2.05,-29.21
9,37,0.30853,18.17,1.60,23.29,-15.93,-2.03,-28.89
9,38,0.31641,18.04,1.59,23.05,-16.67,-2.12,-30.23
9,39,0.32486,17.90,1.57,22.81,-15.52,-2.07,-28.16
9,40,0.33350,17.65,1.55,22.52,-28.98,-2.41,-33.92
9,41,0.34143,17.40,1.53,22.23,-31.54,-2.65,-37.31
9,42,0.34982,17.15,1.51,21.93,-29.82,-2.51,-35.27
9,43,0.35806,16.90,1.48,21.64,-30.37,-2.53,-35.56
9,44,0.36667,16.65,1.46,21.34,-29.08,-2.49,-34.40
9,45,0.37503,16.40,1.44,21.04,-29.93,-2.52,-35.40
9,46,0.38297,16.15,1.42,20.75,-31.54,-2.63,-36.92
9,47,0.39182,15.90,1.40,20.46,-28.28,-2.42,-33.45
9,48,0.40012,15.65,1.38,20.16,-30.15,-2.51,-35.29
9,49,0.40814,15.40,1.36,19.87,-31.18,-2.62,-36.88
9,50,0.41653,15.12,1.34,19.58,-33.82,-2.51,-34.55
9,51,0.42493,14.83,1.32,19.29,-33.82,-2.47,-34.55
9,52,0.43356,14.55,1.29,19.00,-32.86,-2.40,-33.57
9,53,0.44202,14.27,1.27,18.71,-33.57,-2.50,-34.30
9,54,0.45004,13.98,1.25,18.42,-35.36,-2.58,-36.12
9,55,0.45859,13.70,1.23,18.13,-33.21,-2.47,-33.93
9,56,0.46689,13.42,1.21,17.84,-34.19,-2.45,-34.93
9,57,0.47510,13.13,1.19,17.55,-34.57,-2.57,-35.32
9,58,0.48328,12.85,1.17,17.26,-34.70,-2.58,-35.45
9,59,0.49170,12.56,1.15,16.97,-33.70,-2.46,-34.42
9,60,0.50012,12.29,1.13,16.77,-32.25,-1.70,-23.55
9,61,0.50815,12.02,1.12,16.57,-33.84,-1.83,-24.71
9,62,0.51639,11.75,1.11,16.37,-32.96,-1.74,-24.07
9,63,0.52509,11.48,1.09,16.17,-31.23,-1.65,-22.81
9,64,0.53381,11.21,1.08,15.98,-31.12,-1.68,-22.73
9,65,0.54187,10.93,1.06,15.78,-33.71,-1.78,-24.62
9,66,0.55005,10.66,1.05,15.58,-33.21,-1.80,-24.25
9,67,0.55850,10.39,1.03,15.38,-32.13,-1.69,-23.47
9,68,0.56674,10.21,1.02,15.26,-22.22,-1.01,-14.07
9,69,0.57504,10.03,1.02,15.15,-22.06,-1.05,-13.97
9,70,0.58313,9.98,1.02,15.14,-6.04,-0.07,-1.13
9,71,0.59189,9.93,1.01,15.13,-5.57,-0.11,-1.05
9,72,0.60004,9.88,1.01,15.12,-5.99,-0.07,-1.12
9,73,0.60828,9.83,1.01,15.11,-5.93,-0.12,-1.11
9,74,0.61642,9.90,1.02,15.19,8.61,0.68,9.74
9,75,0.62506,9.97,1.02,15.27,8.13,0.68,9.19
9,76,0.63339,10.20,1.03,15.42,27.11,1.27,17.58
9,77,0.64160,10.42,1.05,15.56,27.51,1.34,17.84
9,78,0.65015,10.76,1.07,15.83,39.29,2.24,31.07
9,79,0.65854,11.10,1.08,16.09,40.36,2.33,31.64
9,80,0.66678,11.53,1.11,16.48,52.22,3.36,46.67
9,81,0.67508,11.96,1.14,16.86,51.84,3.34,46.32
9,82,0.68323,12.51,1.18,17.36,68.16,4.38,61.05
9,83,0.69147,13.07,1.21,17.86,67.41,4.42,60.37
9,84,0.69989,13.62,1.25,18.36,65.94,4.24,59.06
9,85,0.70831,14.18,1.28,18.85,65.94,4.28,59.06
9,86,0.71643,14.77,1.32,19.39,73.31,4.72,65.79
9,87,0.72485,15.37,1.36,19.92,70.65,4.60,63.41
9,88,0.73373,15.96,1.40,20.46,67.01,4.36,60.14
9,89,0.74152,16.56,1.44,20.99,76.47,4.93,68.63
9,90,0.74982,16.95,1.47,21.38,46.69,3.42,47.06
9,91,0.75824,17.33,1.49,21.77,46.01,3.30,46.01
9,92,0.76642,17.59,1.51,22.00,31.34,2.01,27.99
9,93,0.77493,17.85,1.53,22.23,30.11,1.97,26.88
9,94,0.78317,17.99,1.53,22.32,17.78,0.82,11.48
9,95,0.79147,18.14,1.54,22.42,17.65,0.86,11.40
9,96,0.80038,18.29,1.55,22.51,16.44,0.76,10.62
9,97,0.80829,18.43,1.56,22.60,18.53,0.91,11.97
9,98,0.81644,18.49,1.55,22.59,7.49,-0.11,-1.50
10,0,0.00000,0.00,0.00,0.00,31.71,-5.77,-110.16
10,1,0.00839,0.19,-0.04,-0.84,22.55,-4.43,-100.00
10,2,0.01682,0.34,-0.07,-1.49,18.12,-3.61,-77.17
10,3,0.02609,0.48,-0.09,-2.15,14.47,-2.87,-71.05
10,4,0.03424,0.67,-0.13,-2.85,23.97,-4.34,-85.77
10,5,0.04272,0.79,-0.16,-3.56,14.39,-3.29,-84.53
10,6,0.04993,0.93,-0.18,-4.01,19.49,-3.40,-61.86
10,7,0.05838,1.01,-0.20,-4.47,8.66,-1.97,-54.15
10,8,0.06659,1.09,-0.22,-4.83,9.67,-2.01,-44.61
10,9,0.07593,1.18,-0.23,-5.20,9.80,-1.86,-39.22
10,10,0.08417,1.24,-0.24,-5.46,7.41,-1.38,-31.85
10,11,0.09247,1.25,-0.25,-5.74,0.74,-0.63,-33.09
10,12,0.09995,1.32,-0.26,-5.89,9.80,-1.58,-20.41
10,13,0.10831,1.35,-0.27,-6.05,4.38,-0.82,-19.71
10,14,0.11658,1.36,-0.27,-6.15,0.74,-0.50,-11.44
10,15,0.12585,1.38,-0.28,-6.24,1.97,-0.36,-9.87
10,16,0.13400,1.35,-0.22,-6.20,-3.75,6.47,4.87
10,17,0.14255,1.34,-0.22,-6.15,-1.43,0.50,5.71
10,18,0.14993,1.32,-0.20,-6.05,-2.48,2.87,14.05
10,19,0.15826,1.29,-0.19,-5.95,-3.66,0.32,12.09
10,20,0.16660,1.26,-0.21,-5.83,-2.93,-2.31,14.29
10,21,0.17575,1.23,-0.21,-5.71,-3.33,0.32,12.67
10,22,0.18420,1.20,-0.24,-5.57,-3.61,-3.65,16.97
10,23,0.19244,1.17,-0.24,-5.43,-3.70,0.75,17.41
10,24,0.20001,1.14,-0.23,-5.28,-4.03,0.78,18.95
10,25,0.20862,1.11,-0.22,-5.14,-3.55,0.75,16.67
10,26,0.21661,1.19,-0.23,-4.97,9.92,-0.82,21.37
10,27,0.22589,1.27,-0.24,-4.80,8.55,-0.68,18.42
10,28,0.23413,1.35,-0.24,-4.63,9.63,-0.82,20.74
10,29,0.24258,1.43,-0.25,-4.46,9.39,-0.71,20.22
10,30,0.24997,1.61,-0.27,-4.29,23.97,-2.52,22.31
10,31,0.25827,1.78,-0.29,-4.13,21.32,-2.24,19.85
10,32,0.26657,1.96,-0.30,-3.96,21.32,-2.19,19.85
10,33,0.27585,2.14,-0.32,-3.80,19.08,-1.96,17.76
10,34,0.28464,2.31,-0.34,-3.63,20.14,-2.07,18.75
10,35,0.29251,2.49,-0.36,-3.47,22.48,-2.41,20.93
10,36,0.29999,2.73,-0.39,-3.34,31.84,-3.45,17.55
10,37,0.30835,2.97,-0.41,-3.20,28.47,-3.17,15.69
10,38,0.31656,3.20,-0.44,-3.07,29.00,-3.19,15.99
10,39,0.32501,3.44,-0.46,-2.94,28.16,-3.13,15.52
10,40,0.33328,3.81,-0.51,-2.83,44.28,-5.07,13.65
10,41,0.34262,4.17,-0.55,-2.72,39.22,-4.45,12.09
10,42,0.35004,4.54,-0.59,-2.60,49.38,-5.70,15.23
10,43,0.35843,4.91,-0.63,-2.49,43.64,-4.99,13.45
10,44,0.36673,5.27,-0.67,-2.38,44.12,-5.05,13.60
10,45,0.37573,5.64,-0.72,-2.26,40.68,-4.70,12.54
10,46,0.38382,6.01,-0.76,-2.15,45.28,-5.18,13.96
10,47,0.39154,6.37,-0.78,-2.04,47.43,-3.17,14.62
10,48,0.39978,6.74,-0.80,-1.93,44.44,-2.62,13.70
10,49,0.40793,7.10,-0.83,-1.81,44.94,-2.67,13.86
10,50,0.41635,7.50,-0.85,-1.72,47.10,-3.11,10.87
10,51,0.42493,7.90,-0.85,-1.63,46.26,-0.14,10.68
10,52,0.43384,8.29,-0.88,-1.54,44.52,-2.69,10.27
10,53,0.44180,8.69,-0.90,-1.45,49.81,-2.98,11.49
10,54,0.44992,9.09,-0.93,-1.35,48.87,-2.97,11.28
10,55,0.45831,9.48,-0.95,-1.26,47.27,-2.81,10.91
10,56,0.46667,9.88,-0.97,-1.17,47.45,-2.86,10.95
10,57,0.47577,10.28,-1.00,-1.08,43.62,-2.68,10.07
10,58,0.48419,10.68,-1.02,-0.99,47.10,-2.82,10.87
10,59,0.49286,11.07,-1.04,-0.90,45.77,-2.76,10.56
10,60,0.50027,11.41,-1.07,-0.88,45.27,-2.84,2.88
10,61,0.50873,11.74,-1.09,-0.85,39.71,-2.47,2.53
10,62,0.51715,12.08,-1.11,-0.83,39.86,-2.48,2.54
10,63,0.52618,12.41,-1.13,-0.81,37.16,-2.34,2.36
10,64,0.53372,12.75,-1.15,-0.79,44.53,-2.77,2.83
10,65,0.54285,13.09,-1.17,-0.77,36.79,-2.33,2.34
10,66,0.55038,13.42,-1.19,-0.75,44.53,-2.77,2.83
10,67,0.55875,13.76,-1.21,-0.73,40.15,-2.52,2.55
10,68,0.56708,13.97,-1.23,-0.73,25.64,-1.61,0.00
10,69,0.57553,14.18,-1.24,-0.73,25.27,-1.59,0.00
10,70,0.58459,14.23,-1.24,-0.74,4.71,-0.35,-2.02
10,71,0.59213,14.27,-1.25,-0.76,5.67,-0.40,-2.43
10,72,0.60040,14.31,-1.25,-0.78,5.17,-0.34,-2.21
10,73,0.60876,14.36,-1.25,-0.80,5.11,-0.38,-2.19
10,74,0.61713,14.25,-1.25,-0.83,-12.41,0.77,-3.28
10,75,0.62564,14.15,-1.24,-0.85,-12.19,0.71,-3.23
10,76,0.63391,13.88,-1.22,-0.85,-32.47,2.05,0.00
10,77,0.64276,13.61,-1.21,-0.85,-30.34,1.96,0.00
10,78,0.65063,13.18,-1.18,-0.90,-54.26,3.36,-5.43
10,79,0.65903,12.76,-1.15,-0.94,-50.91,3.18,-5.09
10,80,0.66718,12.18,-1.12,-1.03,-70.41,4.33,-11.61
10,81,0.67551,11.61,-1.08,-1.13,-68.86,4.16,-11.36
10,82,0.68427,10.88,-1.04,-1.25,-83.62,5.15,-13.94
10,83,0.69214,10.14,-0.99,-1.37,-93.02,5.71,-15.50
10,84,0.70044,9.41,-0.95,-1.50,-88.24,5.39,-14.71
10,85,0.70895,8.68,-0.90,-1.62,-86.02,5.28,-14.34
10,86,0.71707,7.89,-0.85,-1.75,-96.99,5.91,-15.79
10,87,0.72546,7.10,-0.81,-1.87,-93.82,5.74,-15.27
10,88,0.73376,6.32,-0.71,-2.00,-94.85,11.22,-15.44
10,89,0.74301,5.53,-0.67,-2.13,-85.15,5.11,-13.86
10,90,0.75049,4.99,-0.64,-2.25,-71.84,3.72,-15.92
10,91,0.75891,4.46,-0.58,-2.37,-63.77,7.41,-14.13
10,92,0.76712,4.11,-0.54,-2.42,-41.64,4.88,-6.69
10,93,0.77554,3.77,-0.50,-2.48,-40.58,4.75,-6.52
10,94,0.78384,3.59,-0.47,-2.48,-21.32,2.59,0.00
10,95,0.79221,3.42,-0.45,-2.48,-21.17,2.52,0.00
10,96,0.80048,3.24,-0.43,-2.48,-21.40,2.60,0.00
10,97,0.80942,3.06,-0.41,-2.48,-19.80,2.36,0.00
10,98,0.81708,3.02,-0.40,-2.44,-5.58,0.75,5.58
11,0,0.00000,0.00,0.00,0.00,212.73,0.51,175.27
11,1,0.00934,1.79,0.00,1.47,191.18,0.46,157.52
11,2,0.01758,4.02,0.01,2.88,271.11,0.51,170.74
11,3,0.02606,6.25,0.01,4.28,263.31,0.50,165.83
11,4,0.03366,9.06,0.02,5.93,369.48,0.66,216.87
11,5,0.04193,11.87,0.02,7.58,339.48,0.60,199.26
11,6,0.05020,14.89,0.01,9.02,365.68,-1.39,174.17
11,7,0.05859,17.92,0.03,10.46,360.36,2.51,171.64
11,8,0.06802,19.94,0.04,11.50,214.56,0.36,109.71
11,9,0.07651,21.96,0.04,12.53,238.49,0.40,121.94
11,10,0.08383,22.93,0.04,13.12,132.08,0.26,80.42
11,11,0.09210,23.90,0.04,13.71,116.97,0.23,71.22
11,12,0.10034,24.60,0.04,14.10,84.81,0.15,47.41
11,13,0.10953,25.30,0.05,14.49,76.08,0.14,42.52
11,14,0.11768,25.85,0.05,14.76,68.54,0.11,33.71
11,15,0.12613,26.41,0.05,15.04,66.06,0.11,32.49
11,16,0.13376,26.84,0.05,15.12,56.40,0.05,11.20
11,17,0.14197,27.27,0.05,15.21,52.42,0.04,10.41
11,18,0.15030,27.58,0.05,15.20,36.63,0.01,-1.47
11,19,0.15875,27.88,0.05,15.19,36.10,0.01,-1.44
11,20,0.16779,28.08,0.05,15.12,21.96,-0.01,-6.76
11,21,0.17545,28.28,0.05,15.06,25.90,-0.01,-7.97
11,22,0.18381,28.32,0.05,14.92,5.11,-0.04,-16.79
11,23,0.19223,28.37,0.05,14.78,5.07,-0.04,-16.67
11,24,0.20059,28.41,0.05,14.64,5.11,-0.04,-16.79
11,25,0.20944,28.45,0.05,14.50,4.83,-0.04,-15.86
11,26,0.21747,28.39,0.05,14.32,-7.60,-0.06,-22.05
11,27,0.22675,28.33,0.05,14.15,-6.58,-0.05,-19.08
11,28,0.23398,28.27,0.04,13.97,-8.44,-0.07,-24.47
11,29,0.24234,28.21,0.04,13.79,-7.30,-0.06,-21.17
11,30,0.25049,28.05,0.04,13.61,-19.85,-0.07,-22.10
11,31,0.25888,27.88,0.04,13.43,-19.27,-0.06,-21.45
11,32,0.26718,27.72,0.04,13.25,-19.49,-0.06,-21.69
11,33,0.27618,27.56,0.04,13.07,-17.97,-0.06,-20.00
11,34,0.28400,27.40,0.04,12.89,-20.70,-0.07,-23.05
11,35,0.29230,27.24,0.04,12.71,-19.49,-0.06,-21.69
11,36,0.30066,27.01,0.04,12.56,-27.01,-0.06,-18.25
11,37,0.30997,26.79,0.04,12.41,-24.26,-0.05,-16.39
11,38,0.31729,26.56,0.04,12.26,-30.83,-0.07,-20.83
11,39,0.32562,26.33,0.04,12.10,-27.11,-0.06,-18.32
11,40,0.33395,25.98,0.04,11.96,-42.86,-0.06,-17.58
11,41,0.34244,25.62,0.04,11.81,-42.09,-0.06,-17.27
11,42,0.35068,25.26,0.04,11.66,-43.33,-0.06,-17.78
11,43,0.35898,24.91,0.04,11.52,-43.01,-0.06,-17.65
11,44,0.36816,24.55,0.04,11.37,-38.87,-0.05,-15.95
11,45,0.37570,24.19,0.04,11.22,-47.37,-0.07,-19.43
11,46,0.38397,23.83,0.04,11.08,-43.17,-0.06,-17.71
11,47,0.39240,23.48,0.04,10.93,-42.39,-0.06,-17.39
11,48,0.40073,23.12,0.03,10.78,-42.86,-0.06,-17.58
11,49,0.40924,22.76,0.03,10.64,-41.94,-0.06,-17.20
11,50,0.41736,22.38,0.03,10.51,-47.37,-0.06,-15.79
11,51,0.42621,21.99,0.03,10.38,-43.45,-0.05,-14.48
11,52,0.43402,21.61,0.03,10.25,-49.22,-0.06,-16.41
11,53,0.44238,21.22,0.03,10.13,-45.99,-0.06,-15.33
11,54,0.45074,20.84,0.03,10.00,-45.99,-0.05,-15.33
11,55,0.45908,20.46,0.03,9.87,-46.15,-0.06,-15.38
11,56,0.46805,20.07,0.03,9.74,-42.86,-0.05,-14.29
11,57,0.47589,19.69,0.03,9.61,-49.03,-0.06,-16.34
11,58,0.48425,19.30,0.03,9.48,-45.99,-0.06,-15.33
11,59,0.49258,18.92,0.03,9.36,-46.15,-0.05,-15.38
11,60,0.50107,18.59,0.03,9.30,-39.21,-0.03,-6.12
11,61,0.50961,18.25,0.03,9.25,-38.93,-0.03,-6.07
11,62,0.51764,17.92,0.03,9.20,-41.44,-0.03,-6.46
11,63,0.52603,17.59,0.03,9.15,-39.64,-0.03,-6.18
11,64,0.53476,17.25,0.03,9.10,-38.11,-0.03,-5.94
11,65,0.54266,16.92,0.03,9.05,-42.08,-0.03,-6.56
11,66,0.55090,16.59,0.03,8.99,-40.37,-0.03,-6.30
11,67,0.55936,16.26,0.03,8.94,-39.35,-0.03,-6.14
11,68,0.56815,16.04,0.03,8.92,-24.65,-0.01,-2.43
11,69,0.57605,15.82,0.03,8.90,-27.41,-0.02,-2.70
11,70,0.58432,15.78,0.03,8.91,-5.54,0.00,1.85
11,71,0.59268,15.73,0.03,8.93,-5.47,0.00,1.82
11,72,0.60104,15.69,0.03,8.94,-5.47,0.00,1.82
11,73,0.60934,15.64,0.03,8.96,-5.51,0.00,1.84
11,74,0.61765,15.74,0.03,9.00,12.13,0.02,4.41
11,75,0.62610,15.84,0.03,9.03,11.91,0.02,4.33
11,76,0.63443,16.11,0.03,9.06,31.87,0.02,3.30
11,77,0.64273,16.38,0.03,9.09,32.35,0.02,3.31
11,78,0.65100,16.80,0.03,9.17,50.92,0.04,9.96
11,79,0.65939,17.22,0.03,9.25,50.18,0.04,9.82
11,80,0.66830,17.78,0.03,9.40,62.67,0.06,16.44
11,81,0.67578,18.34,0.03,9.55,75.10,0.08,19.59
11,82,0.68420,19.06,0.03,9.74,85.51,0.09,22.46
11,83,0.69260,19.78,0.03,9.92,85.82,0.09,22.55
11,84,0.70093,20.50,0.03,10.11,86.45,0.09,22.71
11,85,0.70920,21.22,0.03,10.30,87.08,0.09,22.88
11,86,0.71753,21.99,0.03,10.50,93.04,0.09,24.18
11,87,0.72595,22.77,0.03,10.71,92.03,0.09,23.91
11,88,0.73419,23.54,0.04,10.91,94.07,0.09,24.44
11,89,0.74252,24.32,0.04,11.11,92.67,0.10,24.18
11,90,0.75092,24.84,0.04,11.28,62.55,0.07,20.00
11,91,0.75922,25.37,0.04,11.44,63.24,0.07,20.22
11,92,0.76846,25.70,0.04,11.53,35.97,0.04,9.24
11,93,0.77597,26.03,0.04,11.61,44.31,0.04,11.38
11,94,0.78421,26.21,0.04,11.63,21.11,0.01,2.22
11,95,0.79282,26.38,0.04,11.65,20.21,0.01,2.13
11,96,0.80103,26.55,0.04,11.67,21.19,0.01,2.23
11,97,0.80933,26.73,0.04,11.69,20.96,0.01,2.21
11,98,0.81808,26.78,0.04,11.65,5.57,-0.01,-4.53
12,0,0.00000,0.00,0.00,0.00,-187.55,-41.25,-204.76
12,1,0.00748,-1.56,-0.34,-1.71,-208.98,-46.07,-228.16
12,2,0.01605,-3.58,-0.61,-3.41,-234.88,-30.80,-199.29
12,3,0.02451,-5.59,-0.87,-5.12,-238.27,-31.29,-202.17
12,4,0.03357,-8.14,-1.16,-7.15,-280.81,-31.35,-223.57
12,5,0.04193,-10.68,-1.44,-9.18,-304.38,-33.98,-242.34
12,6,0.05014,-13.47,-1.62,-11.03,-339.78,-21.36,-225.65
12,7,0.05771,-16.26,-1.79,-12.88,-368.55,-23.33,-244.76
12,8,0.06601,-18.12,-1.76,-14.19,-224.26,4.35,-157.72
12,9,0.07471,-19.98,-1.75,-15.50,-214.04,1.00,-150.53
12,10,0.08408,-20.86,-1.76,-16.22,-93.16,-1.64,-76.87
12,11,0.09189,-21.75,-1.78,-16.95,-114.06,-1.68,-93.75
12,12,0.10019,-22.38,-1.77,-17.44,-76.47,0.24,-58.46
12,13,0.10760,-23.02,-1.77,-17.92,-85.60,0.17,-65.02
12,14,0.11594,-23.53,-1.76,-18.27,-61.54,1.44,-42.12
12,15,0.12476,-24.04,-1.75,-18.62,-58.13,1.57,-39.10
12,16,0.13348,-24.46,-1.70,-18.76,-47.55,5.88,-16.78
12,17,0.14236,-24.87,-1.65,-18.91,-46.05,5.54,-16.15
12,18,0.14987,-25.17,-1.59,-18.94,-40.65,7.84,-4.07
12,19,0.15762,-25.47,-1.53,-18.97,-38.58,7.63,-3.94
12,20,0.16608,-25.68,-1.47,-18.93,-24.55,6.49,3.97
12,21,0.17453,-25.88,-1.42,-18.90,-23.83,6.52,4.33
12,22,0.18350,-25.94,-1.37,-18.76,-6.80,5.99,14.97
12,23,0.19177,-26.00,-1.31,-18.63,-7.38,6.31,16.24
12,24,0.20013,-26.06,-1.26,-18.49,-7.30,6.33,16.06
12,25,0.20767,-26.12,-1.21,-18.36,-8.10,6.92,17.81
12,26,0.21603,-26.09,-1.16,-18.17,4.38,5.53,22.26
12,27,0.22433,-26.05,-1.12,-17.99,4.41,5.47,22.43
12,28,0.23349,-26.01,-1.07,-17.80,4.00,4.96,20.33
12,29,0.24225,-25.98,-1.03,-17.61,4.18,5.18,21.25
12,30,0.24933,-25.84,-1.00,-17.41,18.97,4.18,28.45
12,31,0.25760,-25.71,-0.97,-17.21,16.24,3.48,24.35
12,32,0.26614,-25.57,-0.94,-17.01,15.71,3.27,23.57
12,33,0.27478,-25.44,-0.91,-16.81,15.55,3.14,23.32
12,34,0.28281,-25.31,-0.88,-16.61,16.73,3.59,25.10
12,35,0.29120,-25.17,-0.86,-16.41,16.00,3.23,23.64
12,36,0.30002,-24.97,-0.85,-16.23,22.84,1.14,20.76
12,37,0.30783,-24.77,-0.84,-16.04,25.78,0.77,23.44
12,38,0.31610,-24.57,-0.83,-15.86,24.35,1.12,22.14
12,39,0.32437,-24.36,-0.82,-15.68,25.09,0.95,22.14
12,40,0.33365,-24.02,-0.84,-15.48,36.18,-1.95,21.05
12,41,0.34198,-23.69,-0.86,-15.29,39.56,-2.30,23.44
12,42,0.35016,-23.36,-0.88,-15.09,41.04,-2.11,23.88
12,43,0.35791,-23.03,-0.89,-14.90,42.52,-2.16,25.20
12,44,0.36618,-22.69,-0.91,-14.70,40.59,-2.19,23.62
12,45,0.37448,-22.36,-0.93,-14.51,40.44,-2.18,23.53
12,46,0.38287,-22.03,-0.95,-14.31,39.27,-1.99,23.27
12,47,0.39105,-21.69,-0.97,-14.11,41.04,-2.21,23.88
12,48,0.39960,-21.36,-0.98,-13.92,39.29,-2.12,22.86
12,49,0.40793,-21.02,-1.00,-13.72,40.29,-2.37,23.44
12,50,0.41653,-20.66,-1.03,-13.54,41.84,-3.16,20.92
12,51,0.42484,-20.30,-1.06,-13.36,43.38,-3.47,21.69
12,52,0.43365,-19.94,-1.09,-13.18,40.83,-2.99,20.42
12,53,0.44223,-19.58,-1.11,-13.00,41.99,-3.36,21.00
12,54,0.44995,-19.22,-1.14,-12.82,46.64,-3.63,23.32
12,55,0.45819,-18.86,-1.17,-12.64,43.70,-3.50,21.85
12,56,0.46674,-18.50,-1.20,-12.46,42.14,-3.37,21.07
12,57,0.47495,-18.14,-1.23,-12.28,43.87,-3.31,21.93
12,58,0.48386,-17.78,-1.26,-12.10,40.41,-3.23,20.21
12,59,0.49155,-17.42,-1.26,-11.93,46.83,-0.31,23.02
12,60,0.49994,-17.10,-1.27,-11.83,38.55,-1.67,11.64
12,61,0.50873,-16.77,-1.30,-11.73,36.81,-2.72,11.11
12,62,0.51657,-16.45,-1.32,-11.63,41.25,-2.94,12.45
12,63,0.52493,-16.13,-1.32,-11.54,38.69,-0.14,11.68
12,64,0.53403,-15.80,-1.34,-11.44,35.57,-2.44,10.74
12,65,0.54160,-15.48,-1.37,-11.34,42.74,-2.99,12.90
12,66,0.55048,-15.16,-1.39,-11.24,36.43,-2.68,11.00
12,67,0.55820,-14.84,-1.41,-11.15,41.11,-2.83,12.65
12,68,0.56653,-14.63,-1.43,-11.09,24.91,-2.11,6.23
12,69,0.57507,-14.42,-1.45,-11.04,24.29,-2.23,5.71
12,70,0.58371,-14.37,-1.46,-11.05,5.65,-1.63,-1.06
12,71,0.59146,-14.32,-1.47,-11.06,6.30,-1.60,-1.18
12,72,0.59988,-14.28,-1.49,-11.07,5.80,-1.38,-1.09
12,73,0.60822,-14.23,-1.50,-11.08,5.13,-1.36,-1.10
12,74,0.61655,-14.32,-1.50,-11.13,-10.99,-0.22,-6.23
12,75,0.62485,-14.42,-1.50,-11.18,-11.76,-0.08,-6.25
12,76,0.63327,-14.69,-1.48,-11.25,-31.16,2.75,-7.61
12,77,0.64215,-14.95,-1.45,-11.31,-29.55,2.75,-7.22
12,78,0.65091,-15.35,-1.43,-11.45,-45.99,2.34,-16.03
12,79,0.65845,-15.78,-1.41,-11.60,-56.68,2.98,-19.84
12,80,0.66656,-16.31,-1.39,-11.83,-65.41,1.86,-27.44
12,81,0.67490,-16.85,-1.38,-12.05,-65.20,1.66,-27.47
12,82,0.68372,-17.54,-1.31,-12.34,-78.20,8.10,-32.53
12,83,0.69159,-18.23,-1.29,-12.63,-87.60,2.52,-36.43
12,84,0.69995,-18.92,-1.24,-12.92,-82.48,6.37,-34.31
12,85,0.70834,-19.61,-1.17,-13.20,-82.18,8.37,-34.55
12,86,0.71671,-20.35,-1.09,-13.51,-88.32,8.97,-36.86
12,87,0.72501,-21.09,-1.02,-13.82,-88.97,9.04,-37.13
12,88,0.73352,-21.83,-0.94,-14.13,-86.74,8.91,-36.20
12,89,0.74179,-22.55,-0.87,-14.43,-87.08,8.68,-36.90
12,90,0.75085,-23.04,-0.83,-14.68,-54.55,4.40,-26.60
12,91,0.75848,-23.52,-0.79,-14.91,-63.20,5.33,-30.40
12,92,0.76685,-23.84,-0.75,-15.04,-37.96,3.96,-15.69
12,93,0.77512,-24.15,-0.72,-15.16,-37.64,3.85,-15.13
12,94,0.78415,-24.32,-0.70,-15.21,-18.92,2.97,-4.73
12,95,0.79196,-24.49,-0.67,-15.25,-21.88,3.23,-5.47
12,96,0.80026,-24.66,-0.64,-15.29,-20.59,3.24,-5.15
12,97,0.80862,-24.83,-0.62,-15.33,-19.71,2.97,-4.38
12,98,0.81686,-24.88,-0.60,-15.30,-6.67,2.80,4.07
13,0,0.00000,0.00,0.00,0.00,170.70,-19.66,242.19
13,1,0.00943,1.33,-0.15,1.89,141.42,-16.27,200.65
13,2,0.01718,3.12,-0.19,3.84,229.92,-5.15,251.57
13,3,0.02588,4.90,-0.25,5.79,204.91,-6.96,224.21
13,4,0.03394,7.17,-0.30,8.13,281.82,-5.98,289.77
13,5,0.04288,9.44,-0.35,10.46,253.92,-5.41,261.09
13,6,0.05118,11.97,-0.40,12.65,305.15,-5.90,263.97
13,7,0.05939,14.51,-0.45,14.84,308.55,-5.97,266.91
13,8,0.06711,16.18,-0.48,16.38,217.39,-4.32,198.42
13,9,0.07532,17.86,-0.52,17.91,204.46,-4.07,186.62
13,10,0.08383,18.64,-0.53,18.73,91.04,-1.98,97.13
13,11,0.09274,19.41,-0.55,19.56,86.99,-1.90,92.81
13,12,0.10022,19.98,-0.56,20.12,75.92,-1.58,75.10
13,13,0.10861,20.55,-0.57,20.68,67.64,-1.40,66.91
13,14,0.11694,21.01,-0.58,21.10,56.04,-1.09,49.45
13,15,0.12512,21.48,-0.59,21.51,57.09,-1.13,50.37
13,16,0.13358,21.87,-0.60,21.71,46.21,-0.70,23.47
13,17,0.14188,22.26,-0.60,21.91,47.06,-0.71,23.90
13,18,0.15094,22.56,-0.61,21.98,32.66,-0.38,7.74
13,19,0.15915,22.85,-0.61,22.05,36.06,-0.43,8.55
13,20,0.16696,23.06,-0.61,22.04,26.56,-0.25,-0.78
13,21,0.17517,23.27,-0.61,22.03,25.28,-0.22,-0.74
13,22,0.18359,23.35,-0.61,21.91,9.42,0.10,-14.86
13,23,0.19235,23.43,-0.61,21.78,9.06,0.08,-14.29
13,24,0.20108,23.51,-0.61,21.66,9.09,0.09,-14.34
13,25,0.20947,23.59,-0.61,21.53,9.45,0.09,-14.91
13,26,0.21716,23.57,-0.61,21.34,-1.59,0.31,-24.60
13,27,0.22537,23.56,-0.61,21.15,-1.49,0.29,-23.05
13,28,0.23364,23.55,-0.60,20.97,-1.48,0.29,-22.88
13,29,0.24197,23.54,-0.60,20.78,-1.47,0.28,-22.71
13,30,0.25189,23.43,-0.60,20.56,-10.77,0.35,-21.85
13,31,0.25977,23.32,-0.59,20.34,-13.95,0.46,-28.29
13,32,0.26721,23.21,-0.59,20.12,-14.34,0.48,-29.10
13,33,0.27542,23.11,-0.59,19.90,-13.01,0.42,-26.39
13,34,0.28372,23.00,-0.58,19.69,-12.87,0.44,-26.10
13,35,0.29251,22.89,-0.58,19.47,-12.50,0.39,-24.31
13,36,0.30029,22.71,-0.58,19.27,-22.75,0.53,-26.67
13,37,0.30884,22.54,-0.57,19.06,-20.71,0.47,-24.29
13,38,0.31723,22.36,-0.57,18.85,-21.09,0.49,-24.73
13,39,0.32535,22.18,-0.56,18.64,-22.56,0.51,-25.56
13,40,0.33374,21.87,-0.56,18.41,-36.36,0.67,-28.36
13,41,0.34207,21.57,-0.55,18.17,-36.63,0.68,-28.57
13,42,0.35117,21.26,-0.55,17.93,-33.56,0.61,-26.17
13,43,0.35883,20.96,-0.54,17.69,-39.84,0.73,-31.08
13,44,0.36725,20.65,-0.54,17.45,-36.23,0.67,-28.26
13,45,0.37552,20.35,-0.53,17.21,-36.90,0.67,-28.78
13,46,0.38403,20.04,-0.52,16.98,-35.84,0.66,-27.96
13,47,0.39230,19.74,-0.52,16.74,-36.90,0.68,-28.78
13,48,0.40085,19.43,-0.51,16.50,-35.71,0.65,-27.86
13,49,0.40982,19.13,-0.51,16.26,-34.01,0.63,-26.53
13,50,0.41757,18.79,-0.50,16.04,-43.31,0.74,-29.13
13,51,0.42575,18.45,-0.50,15.81,-41.04,0.70,-27.61
13,52,0.43414,18.12,-0.49,15.59,-40.00,0.69,-26.91
13,53,0.44241,17.78,-0.48,15.36,-40.59,0.67,-27.31
13,54,0.45096,17.45,-0.48,15.13,-39.29,0.69,-26.43
13,55,0.45990,17.11,-0.47,14.91,-37.54,0.63,-25.26
13,56,0.46750,16.78,-0.47,14.68,-44.18,0.76,-29.72
13,57,0.47583,16.44,-0.46,14.46,-40.29,0.69,-27.11
13,58,0.48428,16.10,-0.46,14.23,-39.71,0.67,-26.71
13,59,0.49271,15.77,-0.45,14.01,-39.86,0.68,-26.45
13,60,0.50092,15.46,-0.45,13.87,-37.55,0.54,-16.73
13,61,0.50919,15.15,-0.44,13.73,-37.27,0.54,-16.61
13,62,0.51755,14.84,-0.44,13.60,-36.86,0.52,-16.42
13,63,0.52579,14.54,-0.43,13.46,-37.41,0.54,-16.67
13,64,0.53421,14.23,-0.43,13.32,-36.59,0.53,-16.30
13,65,0.54251,13.92,-0.42,13.18,-37.13,0.53,-16.54
13,66,0.55142,13.61,-0.42,13.05,-34.59,0.51,-15.41
13,67,0.55917,13.31,-0.41,12.91,-38.98,0.56,-17.72
13,68,0.56766,13.11,-0.41,12.83,-23.74,0.33,-8.99
13,69,0.57593,12.91,-0.41,12.76,-23.62,0.32,-8.86
13,70,0.58432,12.86,-0.41,12.76,-5.82,0.05,0.36
13,71,0.59305,12.81,-0.41,12.77,-5.59,0.04,0.35
13,72,0.60095,12.77,-0.41,12.77,-6.18,0.05,0.39
13,73,0.61008,12.72,-0.41,12.77,-4.68,0.04,0.33
13,74,0.61768,12.81,-0.41,12.84,11.24,-0.20,8.43
13,75,0.62589,12.90,-0.41,12.90,11.15,-0.19,7.81
13,76,0.63440,13.15,-0.41,12.99,29.39,-0.40,11.11
13,77,0.64307,13.41,-0.42,13.10,29.58,-0.42,11.62
13,78,0.65094,13.79,-0.42,13.28,48.84,-0.72,24.03
13,79,0.65930,14.18,-0.43,13.48,46.35,-0.70,23.36
13,80,0.66748,14.68,-0.44,13.77,61.19,-0.98,35.45
13,81,0.67584,15.19,-0.45,14.06,60.58,-0.97,35.04
13,82,0.68430,15.83,-0.46,14.43,76.17,-1.21,44.04
13,83,0.69287,16.47,-0.47,14.81,75.09,-1.20,43.42
13,84,0.70084,17.12,-0.48,15.18,80.84,-1.29,46.74
13,85,0.70975,17.76,-0.49,15.55,72.60,-1.16,42.12
13,86,0.71768,18.46,-0.50,15.95,87.31,-1.40,50.38
13,87,0.72586,19.15,-0.51,16.35,84.70,-1.35,48.88
13,88,0.73419,19.84,-0.52,16.75,83.15,-1.33,47.99
13,89,0.74261,20.53,-0.53,17.15,81.16,-1.30,47.10
13,90,0.75146,20.99,-0.54,17.45,52.07,-0.88,34.14
13,91,0.75916,21.44,-0.55,17.75,59.13,-1.00,38.49
13,92,0.76755,21.74,-0.55,17.92,35.64,-0.57,20.36
13,93,0.77585,22.03,-0.56,18.09,35.29,-0.56,20.22
13,94,0.78427,22.20,-0.56,18.15,19.57,-0.27,7.61
13,95,0.79251,22.36,-0.56,18.22,20.00,-0.27,7.78
13,96,0.80090,22.53,-0.56,18.28,19.64,-0.27,7.64
13,97,0.80933,22.69,-0.56,18.34,18.84,-0.26,7.25
13,98,0.81781,22.74,-0.56,18.32,6.83,-0.03,-2.88
14,0,0.00000,0.00,0.00,0.00,-133.46,22.55,-266.93
14,1,0.00827,-1.03,0.17,-2.07,-125.09,21.04,-250.18
14,2,0.01694,-2.51,0.38,-4.26,-169.72,23.88,-253.17
14,3,0.02524,-3.98,0.59,-6.46,-177.21,24.89,-264.34
14,4,0.03366,-5.87,0.84,-9.10,-225.00,30.47,-314.13
14,5,0.04242,-7.77,1.10,-11.75,-216.38,29.25,-302.09
14,6,0.05038,-9.94,1.37,-14.29,-273.18,33.57,-319.54
14,7,0.05859,-12.12,1.63,-16.84,-265.06,32.53,-310.04
14,8,0.06693,-13.55,1.82,-18.61,-171.43,21.66,-212.09
14,9,0.07532,-14.97,2.00,-20.37,-170.18,21.55,-210.55
14,10,0.08411,-15.62,2.09,-21.30,-73.26,10.13,-105.90
14,11,0.09186,-16.26,2.17,-22.24,-83.07,11.44,-120.08
14,12,0.10025,-16.74,2.24,-22.88,-57.09,7.55,-76.36
14,13,0.10858,-17.22,2.30,-23.52,-57.51,7.60,-76.92
14,14,0.11703,-17.62,2.35,-24.00,-47.29,5.91,-56.68
14,15,0.12527,-18.02,2.40,-24.48,-48.52,6.06,-58.15
14,16,0.13422,-18.38,2.44,-24.73,-39.93,3.92,-28.33
14,17,0.14197,-18.73,2.47,-24.98,-46.06,4.43,-32.68
14,18,0.15030,-19.02,2.49,-25.09,-34.07,2.72,-13.55
14,19,0.15912,-19.30,2.52,-25.21,-32.18,2.61,-12.80
14,20,0.16754,-19.51,2.53,-25.23,-24.64,1.53,-2.90
14,21,0.17575,-19.72,2.54,-25.26,-25.28,1.66,-2.97
14,22,0.18417,-19.82,2.54,-25.14,-11.59,-0.09,13.41
14,23,0.19302,-19.91,2.54,-25.03,-10.69,-0.06,12.76
14,24,0.20074,-20.01,2.54,-24.92,-12.65,-0.10,14.62
14,25,0.20911,-20.10,2.54,-24.80,-11.31,-0.06,13.50
14,26,0.21762,-20.12,2.53,-24.62,-2.15,-1.06,21.86
14,27,0.22644,-20.14,2.52,-24.43,-2.08,-1.07,21.11
14,28,0.23413,-20.16,2.51,-24.25,-2.38,-1.23,24.21
14,29,0.24286,-20.18,2.50,-24.06,-2.10,-1.04,21.33
14,30,0.25089,-20.10,2.49,-23.83,9.13,-2.09,28.52
14,31,0.25909,-20.03,2.47,-23.60,8.92,-2.09,27.88
14,32,0.26767,-19.96,2.45,-23.37,8.54,-1.95,26.69
14,33,0.27710,-19.88,2.44,-23.14,7.77,-1.78,24.27
14,34,0.28406,-19.81,2.42,-22.91,10.96,-2.51,33.33
14,35,0.29288,-19.73,2.40,-22.68,8.65,-1.92,25.95
14,36,0.30078,-19.59,2.38,-22.45,18.15,-2.71,29.34
14,37,0.30896,-19.44,2.36,-22.22,17.54,-2.57,28.36
14,38,0.31754,-19.30,2.34,-21.99,16.73,-2.45,27.05
14,39,0.32712,-19.15,2.32,-21.76,15.29,-2.21,24.20
14,40,0.33475,-18.88,2.28,-21.47,35.20,-4.09,37.20
14,41,0.34235,-18.62,2.25,-21.19,34.94,-4.11,36.95
14,42,0.35077,-18.35,2.22,-20.91,31.52,-3.66,33.33
14,43,0.35901,-18.09,2.19,-20.63,32.22,-3.79,34.07
14,44,0.36758,-17.82,2.16,-20.35,30.96,-3.60,32.74
14,45,0.37552,-17.56,2.13,-20.07,33.46,-3.89,35.38
14,46,0.38394,-17.29,2.10,-19.79,31.52,-3.71,33.33
14,47,0.39316,-17.03,2.07,-19.51,28.81,-3.35,30.46
14,48,0.40067,-16.76,2.04,-19.23,35.37,-4.11,37.40
14,49,0.40894,-16.49,2.01,-18.95,32.10,-3.73,33.95
14,50,0.41739,-16.20,1.97,-18.67,35.38,-3.87,32.13
14,51,0.42621,-15.90,1.94,-18.40,33.91,-3.66,30.80
14,52,0.43402,-15.60,1.91,-18.13,38.28,-4.14,34.77
14,53,0.44226,-15.30,1.88,-17.86,36.30,-3.92,32.96
14,54,0.45065,-15.00,1.84,-17.59,35.64,-3.85,32.36
14,55,0.45908,-14.70,1.81,-17.32,35.51,-3.88,32.25
14,56,0.46741,-14.40,1.78,-17.04,35.90,-3.88,32.60
14,57,0.47568,-14.10,1.75,-16.77,36.16,-3.91,32.84
14,58,0.48410,-13.80,1.71,-16.50,35.51,-3.88,32.25
14,59,0.49286,-13.50,1.68,-16.23,34.15,-3.69,31.01
14,60,0.50082,-13.22,1.66,-16.05,35.63,-3.33,22.99
14,61,0.50903,-12.94,1.63,-15.86,34.57,-3.23,22.30
14,62,0.51733,-12.65,1.60,-15.68,34.19,-3.24,22.06
14,63,0.52634,-12.37,1.58,-15.50,31.53,-2.95,20.34
14,64,0.53476,-12.08,1.55,-15.31,33.70,-3.15,21.74
14,65,0.54239,-11.80,1.52,-15.13,37.20,-3.48,24.00
14,66,0.55081,-11.52,1.50,-14.95,33.70,-3.15,21.74
14,67,0.55899,-11.24,1.47,-14.77,34.33,-3.25,22.01
14,68,0.56747,-11.05,1.45,-14.66,22.30,-1.97,12.59
14,69,0.57568,-10.86,1.44,-14.56,22.68,-2.05,12.64
14,70,0.58414,-10.81,1.43,-14.55,5.78,-0.35,0.72
14,71,0.59280,-10.76,1.43,-14.54,5.63,-0.39,0.70
14,72,0.60080,-10.71,1.43,-14.54,6.11,-0.37,0.76
14,73,0.60910,-10.67,1.42,-14.54,5.51,-0.36,0.37
14,74,0.61749,-10.75,1.43,-14.61,-9.09,1.06,-9.09
14,75,0.62601,-10.82,1.44,-14.69,-9.32,1.02,-8.96
14,76,0.63486,-11.06,1.46,-14.82,-26.21,2.38,-14.83
14,77,0.64252,-11.29,1.48,-14.95,-30.68,2.74,-17.53
14,78,0.65091,-11.64,1.52,-15.20,-41.82,4.08,-29.09
14,79,0.65930,-12.00,1.55,-15.44,-42.18,4.03,-29.45
14,80,0.66763,-12.45,1.60,-15.81,-54.21,5.58,-43.22
14,81,0.67633,-12.90,1.64,-16.17,-52.28,5.35,-41.75
14,82,0.68430,-13.49,1.70,-16.63,-73.18,7.43,-58.24
14,83,0.69315,-14.07,1.76,-17.10,-65.86,6.73,-52.41
14,84,0.70096,-14.65,1.82,-17.56,-74.61,7.58,-59.38
14,85,0.70929,-15.23,1.88,-18.03,-69.96,7.17,-56.04
14,86,0.71765,-15.86,1.95,-18.53,-74.82,7.67,-59.85
14,87,0.72659,-16.49,2.01,-19.03,-69.97,7.17,-55.97
14,88,0.73428,-17.11,2.07,-19.53,-81.35,8.34,-65.08
14,89,0.74274,-17.73,2.14,-20.03,-73.29,7.52,-58.84
14,90,0.75107,-18.14,2.18,-20.39,-49.08,5.32,-43.96
14,91,0.75970,-18.55,2.23,-20.76,-47.00,5.05,-42.05
14,92,0.76791,-18.82,2.25,-20.97,-33.09,3.35,-26.02
14,93,0.77609,-19.09,2.28,-21.18,-32.84,3.32,-25.75
14,94,0.78452,-19.24,2.29,-21.27,-18.12,1.62,-10.51
14,95,0.79282,-19.39,2.31,-21.36,-18.38,1.69,-10.66
14,96,0.80130,-19.54,2.32,-21.44,-17.99,1.61,-10.43
14,97,0.80954,-19.69,2.33,-21.53,-18.15,1.61,-10.37
14,98,0.81781,-19.75,2.34,-21.51,-7.38,0.31,1.85
15,0,0.00000,0.00,0.00,0.00,187.50,-0.85,184.72
15,1,0.00772,1.65,-0.01,1.62,213.44,-0.97,210.28
15,2,0.01620,3.75,-0.02,3.23,247.84,-0.98,188.85
15,3,0.02463,5.85,-0.02,4.83,249.64,-0.99,190.22
15,4,0.03363,8.50,-0.03,6.72,294.24,-1.12,210.17
15,5,0.04150,11.15,-0.04,8.61,336.43,-1.28,240.31
15,6,0.04959,14.04,-0.05,10.31,356.60,-1.24,210.57
15,7,0.05811,16.92,-0.06,12.02,338.71,-1.18,200.00
15,8,0.06674,18.84,-0.07,13.23,222.97,-0.80,139.93
15,9,0.07510,20.77,-0.08,14.43,230.29,-0.82,144.53
15,10,0.08325,21.68,-0.08,15.11,111.61,-0.43,82.77
15,11,0.09174,22.59,-0.09,15.78,107.19,-0.42,79.50
15,12,0.10001,23.25,-0.09,16.24,79.70,-0.30,54.61
15,13,0.10849,23.91,-0.09,16.69,77.70,-0.29,53.24
15,14,0.11679,24.44,-0.09,17.01,64.34,-0.23,38.97
15,15,0.12515,24.98,-0.09,17.33,63.87,-0.22,38.69
15,16,0.13394,25.40,-0.10,17.46,47.92,-0.13,14.24
15,17,0.14175,25.82,-0.10,17.58,53.91,-0.14,16.02
15,18,0.15002,26.12,-0.10,17.60,36.90,-0.07,1.85
15,19,0.15848,26.43,-0.10,17.61,36.10,-0.07,1.81
15,20,0.16687,26.63,-0.10,17.57,24.36,-0.03,-5.45
15,21,0.17526,26.84,-0.10,17.52,24.36,-0.03,-5.45
15,22,0.18347,26.89,-0.10,17.39,6.69,0.03,-16.73
15,23,0.19183,26.95,-0.10,17.25,6.57,0.03,-16.42
15,24,0.20007,27.00,-0.10,17.11,6.67,0.03,-16.67
15,25,0.20853,27.06,-0.10,16.97,6.50,0.03,-16.25
15,26,0.21686,27.01,-0.10,16.79,-5.49,0.07,-21.98
15,27,0.22528,26.97,-0.10,16.61,-5.43,0.07,-21.74
15,28,0.23410,26.92,-0.10,16.42,-5.19,0.07,-20.76
15,29,0.24191,26.87,-0.09,16.24,-5.86,0.07,-23.44
15,30,0.25024,26.73,-0.09,16.05,-17.22,0.10,-23.08
15,31,0.25861,26.59,-0.09,15.86,-17.15,0.09,-22.99
15,32,0.26675,26.44,-0.09,15.66,-17.60,0.10,-23.60
15,33,0.27579,26.30,-0.09,15.47,-15.88,0.09,-21.28
15,34,0.28342,26.16,-0.09,15.28,-18.80,0.11,-25.20
15,35,0.29181,26.01,-0.09,15.09,-17.09,0.09,-22.91
15,36,0.30005,25.80,-0.09,14.92,-25.56,0.11,-20.74
15,37,0.30853,25.59,-0.09,14.75,-24.82,0.10,-20.14
15,38,0.31671,25.38,-0.09,14.58,-25.75,0.10,-20.90
15,39,0.32526,25.17,-0.09,14.40,-24.64,0.10,-20.00
15,40,0.33420,24.83,-0.09,14.22,-38.23,0.12,-20.14
15,41,0.34207,24.48,-0.08,14.04,-43.80,0.14,-22.87
15,42,0.35025,24.14,-0.08,13.86,-41.79,0.14,-22.01
15,43,0.35867,23.80,-0.08,13.68,-40.58,0.13,-21.38
15,44,0.36691,23.46,-0.08,13.50,-41.48,0.14,-21.85
15,45,0.37589,23.12,-0.08,13.32,-38.10,0.13,-20.07
15,46,0.38358,22.78,-0.08,13.14,-44.44,0.15,-23.41
15,47,0.39267,22.43,-0.08,12.96,-37.58,0.13,-19.80
15,48,0.40063,22.08,-0.08,12.78,-44.06,0.14,-22.99
15,49,0.40894,21.74,-0.07,12.60,-41.18,0.14,-21.32
15,50,0.41721,21.37,-0.07,12.44,-45.02,0.14,-19.56
15,51,0.42657,21.00,-0.07,12.28,-39.74,0.12,-17.26
15,52,0.43448,20.60,-0.07,12.11,-50.19,0.15,-21.62
15,53,0.44229,20.23,-0.07,11.95,-47.66,0.15,-20.70
15,54,0.45059,19.85,-0.07,11.79,-44.85,0.14,-19.49
15,55,0.45892,19.48,-0.07,11.62,-44.69,0.14,-19.41
15,56,0.46729,19.11,-0.07,11.46,-44.53,0.13,-19.34
15,57,0.47525,18.74,-0.07,11.30,-46.74,0.14,-20.31
15,58,0.48361,18.37,-0.06,11.14,-44.53,0.13,-19.34
15,59,0.49261,18.00,-0.06,10.99,-40.68,0.12,-16.95
15,60,0.50046,17.67,-0.06,10.90,-41.63,0.11,-10.51
15,61,0.50864,17.35,-0.06,10.82,-39.93,0.10,-10.07
15,62,0.51694,17.02,-0.06,10.74,-39.34,0.10,-9.93
15,63,0.52588,16.69,-0.06,10.66,-36.52,0.09,-9.22
15,64,0.53366,16.37,-0.06,10.57,-41.96,0.11,-10.59
15,65,0.54205,16.04,-0.06,10.49,-38.91,0.10,-9.82
15,66,0.55042,15.71,-0.06,10.41,-39.05,0.10,-9.85
15,67,0.55878,15.40,-0.06,10.33,-37.96,0.10,-9.12
15,68,0.56711,15.18,-0.06,10.29,-25.64,0.06,-4.76
15,69,0.57547,14.98,-0.06,10.26,-23.72,0.06,-4.01
15,70,0.58426,14.94,-0.06,10.27,-5.56,0.01,1.04
15,71,0.59274,14.89,-0.06,10.28,-5.76,0.01,1.08
15,72,0.60059,14.84,-0.06,10.29,-6.23,0.01,1.17
15,73,0.60867,14.80,-0.06,10.30,-4.15,0.00,1.89
15,74,0.61700,14.90,-0.06,10.35,11.36,-0.04,5.49
15,75,0.62604,15.01,-0.06,10.39,12.50,-0.04,5.07
15,76,0.63370,15.27,-0.06,10.44,34.26,-0.08,6.37
15,77,0.64206,15.55,-0.06,10.50,33.21,-0.08,6.57
15,78,0.65039,15.96,-0.06,10.62,49.45,-0.13,14.29
15,79,0.65887,16.39,-0.06,10.74,50.00,-0.13,14.75
15,80,0.66702,16.93,-0.06,10.94,66.67,-0.19,23.97
15,81,0.67584,17.49,-0.06,11.14,63.32,-0.18,22.84
15,82,0.68356,18.19,-0.07,11.39,90.91,-0.26,32.41
15,83,0.69247,18.89,-0.07,11.64,78.77,-0.22,28.08
15,84,0.70041,19.60,-0.07,11.89,88.46,-0.25,31.54
15,85,0.70853,20.30,-0.07,12.14,86.84,-0.25,31.20
15,86,0.71695,21.05,-0.07,12.41,89.49,-0.25,31.88
15,87,0.72601,21.81,-0.08,12.68,83.16,-0.24,29.63
15,88,0.73358,22.56,-0.08,12.95,99.60,-0.28,35.48
15,89,0.74207,23.29,-0.08,13.21,85.97,-0.25,31.29
15,90,0.75031,23.80,-0.08,13.43,61.48,-0.18,25.93
15,91,0.75873,24.29,-0.08,13.63,57.97,-0.18,24.28
15,92,0.76697,24.61,-0.08,13.75,39.63,-0.11,14.07
15,93,0.77533,24.92,-0.08,13.85,37.23,-0.11,12.77
15,94,0.78418,25.10,-0.08,13.89,19.66,-0.05,3.79
15,95,0.79266,25.27,-0.09,13.92,20.50,-0.05,3.96
15,96,0.80032,25.45,-0.09,13.96,22.71,-0.06,4.38
15,97,0.80859,25.61,-0.09,13.98,19.56,-0.04,3.32
15,98,0.81702,25.66,-0.09,13.95,6.16,-0.00,-4.35
16,0,0.00000,0.00,0.00,0.00,-199.27,12.21,-193.04
16,1,0.00818,-1.66,0.10,-1.61,-202.99,12.40,-196.64
16,2,0.01654,-3.78,0.27,-3.19,-253.28,19.92,-189.42
16,3,0.02512,-5.90,0.43,-4.78,-246.98,19.25,-184.70
16,4,0.03336,-8.56,0.65,-6.64,-323.70,26.69,-226.67
16,5,0.04199,-11.23,0.87,-8.51,-308.83,25.38,-216.25
16,6,0.05011,-14.13,1.14,-10.19,-357.14,32.79,-206.77
16,7,0.05936,-17.03,1.40,-11.87,-313.53,28.70,-181.52
16,8,0.06750,-19.07,1.59,-13.12,-250.19,22.38,-153.93
16,9,0.07507,-20.95,1.75,-14.29,-248.39,22.02,-154.03
16,10,0.08337,-21.86,1.83,-14.95,-110.29,8.82,-80.15
16,11,0.09174,-22.77,1.90,-15.61,-108.03,8.77,-78.10
16,12,0.10001,-23.43,1.96,-16.05,-80.44,6.76,-53.87
16,13,0.10916,-24.09,2.01,-16.49,-72.00,6.16,-48.00
16,14,0.11679,-24.63,2.06,-16.81,-70.40,6.35,-41.60
16,15,0.12521,-25.16,2.11,-17.12,-63.04,5.83,-36.59
16,16,0.13345,-25.58,2.16,-17.24,-51.11,5.82,-14.81
16,17,0.14185,-25.99,2.21,-17.36,-49.45,5.76,-13.82
16,18,0.15021,-26.30,2.25,-17.37,-36.50,4.86,-1.46
16,19,0.15869,-26.60,2.29,-17.38,-35.25,4.72,-1.08
16,20,0.16766,-26.80,2.32,-17.33,-22.45,3.53,5.10
16,21,0.17529,-27.00,2.35,-17.28,-25.60,4.10,6.80
16,22,0.18365,-27.05,2.37,-17.14,-6.57,2.24,16.42
16,23,0.19199,-27.11,2.39,-17.00,-6.59,2.15,16.48
16,24,0.20193,-27.16,2.40,-16.87,-5.52,1.88,13.80
16,25,0.21005,-27.20,2.42,-16.71,-5.26,2.24,19.92
16,26,0.21777,-27.15,2.43,-16.52,6.32,1.04,23.72
16,27,0.22574,-27.11,2.44,-16.34,6.13,1.00,22.99
16,28,0.23294,-27.06,2.45,-16.16,6.78,1.11,25.42
16,29,0.24158,-27.00,2.45,-15.97,7.07,0.64,21.20
16,30,0.25006,-26.85,2.45,-15.78,17.27,-0.56,22.66
16,31,0.25897,-26.70,2.44,-15.59,16.44,-0.53,21.58
16,32,0.26727,-26.56,2.44,-15.40,17.65,-0.67,23.16
16,33,0.27478,-26.41,2.43,-15.20,19.51,-0.53,25.61
16,34,0.28311,-26.26,2.43,-15.01,17.58,-0.66,23.08
16,35,0.29138,-26.10,2.42,-14.82,19.19,-0.90,22.88
16,36,0.30014,-25.89,2.40,-14.65,24.39,-1.80,19.51
16,37,0.30942,-25.68,2.39,-14.48,23.03,-1.70,18.42
16,38,0.31714,-25.46,2.37,-14.31,27.67,-2.04,22.13
16,39,0.32477,-25.23,2.35,-14.14,31.20,-2.50,22.40
16,40,0.33310,-24.88,2.32,-13.96,41.03,-4.05,21.25
16,41,0.34149,-24.54,2.29,-13.78,40.73,-3.84,21.09
16,42,0.35007,-24.20,2.25,-13.61,39.86,-3.84,20.64
16,43,0.35910,-23.86,2.22,-13.43,37.84,-3.73,19.59
16,44,0.36749,-23.52,2.19,-13.25,40.73,-3.84,21.09
16,45,0.37497,-23.18,2.16,-13.08,45.71,-4.51,23.67
16,46,0.38324,-22.83,2.12,-12.90,41.33,-3.99,21.40
16,47,0.39160,-22.49,2.09,-12.72,40.88,-3.94,21.17
16,48,0.40067,-22.15,2.06,-12.55,37.71,-3.64,19.53
16,49,0.40909,-21.80,2.02,-12.37,41.30,-4.13,20.65
16,50,0.41742,-21.43,1.98,-12.21,44.69,-4.64,19.05
16,51,0.42505,-21.06,1.94,-12.05,48.80,-5.06,20.80
16,52,0.43329,-20.68,1.91,-11.90,45.19,-4.69,19.26
16,53,0.44171,-20.31,1.87,-11.74,44.20,-4.59,18.84
16,54,0.45023,-19.94,1.83,-11.58,43.73,-4.54,18.64
16,55,0.45920,-19.57,1.79,-11.42,41.50,-4.31,17.69
16,56,0.46808,-19.20,1.75,-11.26,41.92,-4.35,17.87
16,57,0.47507,-18.82,1.71,-11.10,53.28,-5.53,22.71
16,58,0.48331,-18.45,1.67,-10.94,45.19,-4.78,19.26
16,59,0.49173,-18.08,1.63,-10.80,43.48,-4.54,17.03
16,60,0.50009,-17.76,1.60,-10.72,39.42,-4.76,9.49
16,61,0.50931,-17.43,1.56,-10.64,35.76,-4.24,8.61
16,62,0.51764,-17.10,1.52,-10.56,39.56,-4.68,9.52
16,63,0.52518,-16.77,1.48,-10.48,43.72,-5.18,10.53
16,64,0.53342,-16.44,1.44,-10.40,40.00,-4.74,9.63
16,65,0.54202,-16.11,1.40,-10.32,38.30,-4.45,9.22
16,66,0.55057,-15.78,1.36,-10.24,38.57,-4.66,9.29
16,67,0.55936,-15.47,1.32,-10.17,34.72,-4.14,7.99
16,68,0.56830,-15.26,1.30,-10.14,23.89,-2.95,4.10
16,69,0.57523,-15.08,1.28,-10.11,26.43,-3.27,4.41
16,70,0.58350,-15.03,1.27,-10.12,5.90,-1.00,-1.48
16,71,0.59192,-14.98,1.26,-10.13,5.80,-0.89,-1.45
16,72,0.60059,-14.93,1.25,-10.14,5.63,-0.87,-1.41
16,73,0.60931,-14.93,1.25,-10.14,0.00,0.02,0.00
16,74,0.61768,-15.03,1.26,-10.19,-11.68,1.20,-5.47
16,75,0.62537,-15.16,1.28,-10.24,-16.67,1.76,-5.95
16,76,0.63333,-15.42,1.31,-10.28,-32.95,4.12,-5.75
16,77,0.64169,-15.70,1.34,-10.34,-34.31,4.21,-6.93
16,78,0.65021,-16.12,1.39,-10.46,-48.75,5.59,-13.62
16,79,0.65958,-16.55,1.44,-10.58,-46.25,5.33,-13.68
16,80,0.66827,-17.10,1.50,-10.77,-62.46,6.83,-21.75
16,81,0.67496,-17.67,1.56,-10.97,-85.84,9.50,-30.14
16,82,0.68323,-18.37,1.64,-11.22,-84.87,9.31,-29.52
16,83,0.69171,-19.07,1.72,-11.46,-82.73,9.17,-28.78
16,84,0.70044,-19.78,1.80,-11.71,-80.42,8.82,-27.97
16,85,0.70923,-20.49,1.87,-11.95,-81.25,8.93,-28.12
16,86,0.71680,-21.25,1.96,-12.22,-100.00,11.09,-34.68
16,87,0.72501,-22.00,2.04,-12.48,-92.19,10.13,-31.97
16,88,0.73352,-22.76,2.12,-12.74,-88.89,9.77,-30.82
16,89,0.74179,-23.47,2.20,-12.99,-86.35,9.52,-30.63
16,90,0.75006,-23.98,2.26,-13.20,-61.25,6.37,-25.46
16,91,0.75949,-24.46,2.31,-13.40,-50.49,5.29,-20.39
16,92,0.76764,-24.78,2.34,-13.51,-39.70,4.41,-13.86
16,93,0.77509,-25.08,2.38,-13.61,-40.16,4.53,-13.11
16,94,0.78339,-25.25,2.40,-13.64,-20.59,2.48,-3.68
16,95,0.79175,-25.42,2.42,-13.67,-20.44,2.56,-3.65
16,96,0.80011,-25.59,2.44,-13.70,-20.44,2.56,-3.65
16,97,0.80838,-25.74,2.46,-13.72,-18.45,2.37,-2.58
16,98,0.81760,-25.79,2.47,-13.68,-5.30,0.99,3.97
17,0,0.00000,0.00,0.00,0.00,133.70,-6.58,239.86
17,1,0.00845,1.13,-0.06,2.02,133.21,-6.56,238.99
17,2,0.01706,2.69,-0.12,4.15,181.91,-7.24,247.16
17,3,0.02600,4.26,-0.18,6.27,175.09,-6.97,237.88
17,4,0.03375,6.27,-0.26,8.83,259.45,-9.85,330.31
17,5,0.04208,8.28,-0.33,11.40,241.39,-9.16,307.33
17,6,0.05084,10.57,-0.41,13.84,261.32,-8.76,279.09
17,7,0.05905,12.86,-0.49,16.28,278.81,-9.34,297.77
17,8,0.06763,14.36,-0.54,17.98,175.80,-6.13,198.22
17,9,0.07538,15.87,-0.59,19.68,194.49,-6.77,219.29
17,10,0.08383,16.56,-0.62,20.59,80.87,-3.15,106.86
17,11,0.09213,17.24,-0.64,21.49,82.35,-3.21,108.82
17,12,0.10052,17.75,-0.66,22.11,60.36,-2.23,73.82
17,13,0.10883,18.25,-0.68,22.73,61.03,-2.25,74.63
17,14,0.11713,18.67,-0.70,23.19,50.74,-1.74,55.15
17,15,0.12592,19.09,-0.71,23.65,47.92,-1.62,52.08
17,16,0.13376,19.46,-0.72,23.88,47.08,-1.15,30.35
17,17,0.14209,19.83,-0.73,24.12,44.32,-1.08,28.57
17,18,0.15045,20.12,-0.73,24.22,34.67,-0.62,12.04
17,19,0.15881,20.41,-0.74,24.32,34.31,-0.62,12.04
17,20,0.16782,20.62,-0.74,24.34,23.05,-0.27,1.69
17,21,0.17542,20.83,-0.74,24.35,27.31,-0.34,2.01
17,22,0.18378,20.92,-0.74,24.24,10.95,0.20,-13.87
17,23,0.19223,21.01,-0.74,24.12,10.83,0.18,-13.72
17,24,0.20050,21.10,-0.74,24.01,11.07,0.19,-14.02
17,25,0.20874,21.19,-0.74,23.89,11.11,0.19,-14.07
17,26,0.21729,21.20,-0.73,23.70,1.07,0.47,-22.14
17,27,0.22620,21.21,-0.73,23.51,1.03,0.45,-21.23
17,28,0.23386,21.22,-0.73,23.32,1.20,0.52,-24.70
17,29,0.24225,21.23,-0.72,23.13,1.09,0.48,-22.55
17,30,0.25049,21.14,-0.72,22.91,-10.37,0.69,-27.41
17,31,0.25879,21.06,-0.71,22.68,-10.29,0.70,-27.21
17,32,0.26791,20.97,-0.70,22.45,-9.36,0.64,-24.75
17,33,0.27548,20.89,-0.70,22.23,-11.29,0.75,-29.84
17,34,0.28397,20.80,-0.69,22.00,-10.07,0.68,-26.62
17,35,0.29214,20.72,-0.69,21.78,-10.45,0.70,-27.61
17,36,0.30121,20.56,-0.68,21.55,-17.17,0.72,-24.92
17,37,0.30884,20.40,-0.67,21.33,-20.40,0.85,-29.60
17,38,0.31729,20.25,-0.67,21.10,-18.41,0.77,-26.71
17,39,0.32611,20.09,-0.66,20.87,-17.65,0.74,-25.61
17,40,0.33389,19.82,-0.65,20.61,-35.69,1.13,-34.51
17,41,0.34232,19.54,-0.64,20.34,-32.97,1.03,-31.88
17,42,0.35068,19.26,-0.63,20.07,-33.21,1.04,-32.12
17,43,0.35892,18.98,-0.63,19.80,-33.70,1.06,-32.59
17,44,0.36783,18.70,-0.62,19.53,-31.16,0.97,-30.14
17,45,0.37549,18.43,-0.61,19.26,-36.25,1.13,-35.06
17,46,0.38391,18.15,-0.60,18.99,-32.97,1.04,-31.88
17,47,0.39227,17.87,-0.59,18.73,-33.21,1.04,-32.12
17,48,0.40073,17.59,-0.58,18.46,-32.85,1.02,-31.77
17,49,0.40900,17.32,-0.57,18.19,-33.58,1.06,-32.47
17,50,0.41739,17.00,-0.56,17.93,-37.09,1.06,-30.91
17,51,0.42557,16.69,-0.56,17.67,-38.06,1.08,-31.72
17,52,0.43448,16.38,-0.55,17.41,-34.93,0.99,-29.11
17,53,0.44272,16.07,-0.54,17.15,-37.78,1.08,-31.48
17,54,0.45065,15.76,-0.53,16.89,-39.23,1.11,-32.69
17,55,0.45883,15.45,-0.52,16.63,-38.06,1.09,-31.72
17,56,0.46796,15.14,-0.51,16.37,-34.11,0.97,-28.43
17,57,0.47562,14.83,-0.50,16.11,-40.64,1.14,-33.86
17,58,0.48462,14.51,-0.49,15.85,-34.58,0.99,-28.81
17,59,0.49249,14.20,-0.49,15.59,-39.53,1.12,-32.95
17,60,0.50064,13.91,-0.48,15.42,-35.58,0.83,-20.97
17,61,0.50897,13.62,-0.47,15.25,-34.80,0.81,-20.51
17,62,0.51773,13.33,-0.47,15.08,-33.10,0.76,-19.51
17,63,0.52548,13.04,-0.46,14.91,-37.40,0.87,-22.05
17,64,0.53391,12.75,-0.45,14.74,-34.42,0.80,-20.29
17,65,0.54221,12.46,-0.44,14.57,-34.93,0.81,-20.59
17,66,0.55099,12.17,-0.44,14.40,-32.99,0.76,-19.44
17,67,0.55911,11.88,-0.43,14.23,-35.71,0.83,-21.05
17,68,0.56778,11.69,-0.43,14.13,-22.18,0.48,-11.27
17,69,0.57559,11.50,-0.42,14.03,-24.61,0.52,-12.50
17,70,0.58450,11.45,-0.42,14.03,-5.48,0.07,-0.34
17,71,0.59222,11.40,-0.42,14.03,-6.32,0.07,-0.40
17,72,0.60059,11.35,-0.42,14.02,-5.84,0.07,-0.36
17,73,0.60895,11.30,-0.42,14.02,-5.84,0.07,-0.36
17,74,0.61789,11.38,-0.42,14.09,8.87,-0.26,7.85
17,75,0.62558,11.46,-0.43,14.16,10.32,-0.30,9.13
17,76,0.63391,11.70,-0.43,14.28,28.57,-0.62,14.65
17,77,0.64233,11.94,-0.44,14.40,28.26,-0.62,14.49
17,78,0.65073,12.30,-0.44,14.63,43.27,-1.03,27.27
17,79,0.65903,12.66,-0.45,14.86,43.75,-1.05,27.57
17,80,0.66769,13.13,-0.47,15.20,53.87,-1.41,39.44
17,81,0.67548,13.60,-0.48,15.55,60.00,-1.58,43.92
17,82,0.68448,14.20,-0.49,15.99,66.78,-1.75,48.81
17,83,0.69235,14.80,-0.51,16.42,76.36,-2.00,55.81
17,84,0.70071,15.40,-0.53,16.86,71.90,-1.88,52.55
17,85,0.70895,16.00,-0.54,17.30,72.96,-1.92,53.33
17,86,0.71841,16.65,-0.56,17.77,68.39,-1.78,49.68
17,87,0.72574,17.32,-0.58,18.26,92.08,-2.42,67.08
17,88,0.73419,17.97,-0.59,18.73,76.53,-1.99,55.60
17,89,0.74231,18.61,-0.61,19.20,78.57,-2.05,57.14
17,90,0.75104,19.04,-0.62,19.55,48.95,-1.38,39.86
17,91,0.75894,19.46,-0.63,19.89,53.28,-1.49,43.24
17,92,0.76721,19.74,-0.64,20.09,33.95,-0.88,24.35
17,93,0.77551,20.01,-0.65,20.29,33.09,-0.86,23.53
17,94,0.78461,20.17,-0.65,20.36,17.11,-0.37,8.72
17,95,0.79233,20.32,-0.65,20.44,20.16,-0.43,10.28
17,96,0.80075,20.48,-0.66,20.52,18.48,-0.40,9.42
17,97,0.80887,20.63,-0.66,20.60,18.80,-0.40,9.40
17,98,0.81787,20.69,-0.66,20.58,6.78,-0.03,-2.03
18,0,0.00000,0.00,0.00,0.00,-151.41,23.34,-264.26
18,1,0.00842,-1.15,0.18,-2.01,-136.59,21.11,-238.41
18,2,0.01697,-2.74,0.39,-4.12,-186.43,24.50,-246.79
18,3,0.02600,-4.34,0.60,-6.23,-176.35,23.14,-233.45
18,4,0.03360,-6.38,0.86,-8.76,-269.08,34.10,-333.33
18,5,0.04199,-8.43,1.11,-11.29,-243.64,30.83,-301.82
18,6,0.05029,-10.75,1.38,-13.71,-279.41,32.37,-291.18
18,7,0.05869,-13.06,1.65,-16.13,-276.36,31.97,-288.00
18,8,0.06693,-14.59,1.83,-17.81,-185.19,22.02,-204.07
18,9,0.07574,-16.12,2.01,-19.49,-173.01,20.61,-190.66
18,10,0.08347,-16.81,2.10,-20.38,-90.12,11.63,-115.81
18,11,0.09180,-17.51,2.19,-21.28,-83.52,10.83,-107.33
18,12,0.10001,-18.02,2.26,-21.89,-62.45,7.79,-74.72
18,13,0.10846,-18.53,2.32,-22.50,-60.65,7.48,-72.56
18,14,0.11673,-18.96,2.37,-22.96,-51.66,6.09,-54.98
18,15,0.12564,-19.39,2.42,-23.41,-47.95,5.61,-51.03
18,16,0.13403,-19.76,2.46,-23.65,-44.36,4.10,-27.64
18,17,0.14172,-20.13,2.49,-23.88,-48.41,4.47,-30.16
18,18,0.14999,-20.42,2.51,-23.97,-34.69,2.66,-11.81
18,19,0.15848,-20.71,2.53,-24.07,-33.81,2.64,-11.51
18,20,0.16672,-20.91,2.55,-24.08,-25.19,1.58,-1.48
18,21,0.17526,-21.12,2.56,-24.10,-24.29,1.43,-1.43
18,22,0.18369,-21.21,2.56,-23.98,-10.87,-0.10,13.77
18,23,0.19205,-21.30,2.56,-23.86,-10.95,-0.15,13.87
18,24,0.20071,-21.40,2.56,-23.75,-10.56,-0.10,13.38
18,25,0.20883,-21.49,2.56,-23.63,-11.28,-0.11,14.29
18,26,0.21710,-21.49,2.55,-23.44,-0.74,-1.25,22.88
18,27,0.22614,-21.50,2.54,-23.25,-0.68,-1.14,20.95
18,28,0.23450,-21.51,2.53,-23.07,-0.73,-1.19,22.63
18,29,0.24213,-21.51,2.52,-22.88,-0.80,-1.35,24.80
18,30,0.25055,-21.43,2.50,-22.65,10.14,-2.05,26.81
18,31,0.25885,-21.34,2.48,-22.42,10.29,-2.13,27.21
18,32,0.26718,-21.26,2.46,-22.20,10.26,-2.08,27.11
18,33,0.27557,-21.17,2.45,-21.97,10.18,-2.06,26.91
18,34,0.28381,-21.08,2.43,-21.75,10.37,-2.15,27.41
18,35,0.29218,-21.00,2.41,-21.52,10.22,-2.07,27.01
18,36,0.30099,-20.84,2.39,-21.30,17.99,-2.47,25.26
18,37,0.30890,-20.68,2.37,-21.08,20.08,-2.71,28.19
18,38,0.31723,-20.52,2.35,-20.85,19.05,-2.57,26.74
18,39,0.32614,-20.36,2.32,-20.63,17.81,-2.45,25.00
18,40,0.33398,-20.08,2.29,-20.36,35.80,-3.94,33.85
18,41,0.34235,-19.80,2.26,-20.10,33.58,-3.70,31.75
18,42,0.35074,-19.52,2.23,-19.83,33.45,-3.68,31.64
18,43,0.35907,-19.24,2.20,-19.57,33.70,-3.76,31.87
18,44,0.36737,-18.96,2.17,-19.30,33.82,-3.72,31.99
18,45,0.37613,-18.68,2.14,-19.04,32.06,-3.53,30.31
18,46,0.38394,-18.40,2.11,-18.77,35.94,-3.96,33.98
18,47,0.39224,-18.12,2.08,-18.51,33.82,-3.77,31.99
18,48,0.40076,-17.84,2.05,-18.24,32.97,-3.63,31.18
18,49,0.40894,-17.56,2.01,-17.97,34.33,-3.78,32.46
18,50,0.41721,-17.24,1.98,-17.72,38.38,-3.98,31.00
18,51,0.42615,-16.92,1.95,-17.46,35.49,-3.64,28.67
18,52,0.43387,-16.60,1.92,-17.21,41.11,-4.21,33.20
18,53,0.44229,-16.29,1.88,-16.95,37.68,-3.86,30.43
18,54,0.45068,-15.97,1.85,-16.69,37.82,-3.92,30.55
18,55,0.45901,-15.65,1.82,-16.44,38.10,-3.91,30.77
18,56,0.46744,-15.34,1.79,-16.18,37.68,-3.86,30.43
18,57,0.47617,-15.02,1.75,-15.92,36.36,-3.73,29.37
18,58,0.48404,-14.70,1.72,-15.67,40.31,-4.18,32.56
18,59,0.49240,-14.38,1.69,-15.41,37.96,-3.87,30.29
18,60,0.50073,-14.09,1.66,-15.25,35.16,-3.12,19.78
18,61,0.50891,-13.80,1.64,-15.08,35.82,-3.18,20.15
18,62,0.51724,-13.50,1.61,-14.92,35.16,-3.12,19.78
18,63,0.52628,-13.21,1.58,-14.76,32.43,-2.92,18.24
18,64,0.53387,-12.91,1.56,-14.59,39.36,-3.49,22.09
18,65,0.54227,-12.62,1.53,-14.42,34.91,-3.10,19.64
18,66,0.55060,-12.33,1.50,-14.26,35.16,-3.12,19.78
18,67,0.55911,-12.03,1.48,-14.09,34.41,-3.10,19.35
18,68,0.56732,-11.84,1.46,-14.00,23.79,-2.00,11.52
18,69,0.57611,-11.65,1.45,-13.91,21.53,-1.85,10.42
18,70,0.58383,-11.60,1.44,-13.90,6.32,-0.36,0.40
18,71,0.59280,-11.55,1.44,-13.90,5.44,-0.31,0.34
18,72,0.60077,-11.50,1.44,-13.90,6.13,-0.40,0.38
18,73,0.60904,-11.45,1.43,-13.90,5.90,-0.37,0.00
18,74,0.61728,-11.53,1.44,-13.97,-9.63,1.06,-8.52
18,75,0.62634,-11.62,1.45,-14.04,-9.43,1.02,-8.08
18,76,0.63394,-11.86,1.47,-14.16,-31.33,2.67,-15.66
18,77,0.64243,-12.10,1.49,-14.28,-28.78,2.46,-14.39
18,78,0.65076,-12.47,1.53,-14.51,-43.96,4.05,-27.11
18,79,0.65927,-12.83,1.56,-14.73,-43.01,4.00,-26.52
18,80,0.66776,-13.30,1.61,-15.07,-55.40,5.45,-39.57
18,81,0.67654,-13.78,1.65,-15.41,-54.17,5.22,-38.19
18,82,0.68430,-14.40,1.71,-15.84,-79.53,7.74,-56.30
18,83,0.69336,-15.01,1.77,-16.27,-67.34,6.54,-47.47
18,84,0.70111,-15.63,1.83,-16.72,-81.10,7.90,-57.48
18,85,0.70938,-16.24,1.89,-17.15,-73.80,7.19,-52.40
18,86,0.71771,-16.90,1.96,-17.61,-78.39,7.62,-55.68
18,87,0.72665,-17.55,2.02,-18.08,-73.04,7.10,-51.88
18,88,0.73511,-18.20,2.08,-18.54,-77.26,7.55,-54.87
18,89,0.74277,-18.84,2.15,-19.00,-83.67,8.17,-59.76
18,90,0.75113,-19.28,2.19,-19.34,-51.82,5.27,-40.88
18,91,0.75946,-19.70,2.23,-19.67,-50.55,5.19,-39.93
18,92,0.76785,-19.98,2.26,-19.87,-33.45,3.20,-23.64
18,93,0.77618,-20.25,2.29,-20.06,-32.97,3.16,-22.71
18,94,0.78445,-20.41,2.30,-20.14,-19.19,1.68,-9.59
18,95,0.79343,-20.57,2.31,-20.22,-17.69,1.50,-8.84
18,96,0.80115,-20.73,2.33,-20.30,-20.55,1.75,-10.28
18,97,0.80954,-20.88,2.34,-20.37,-17.45,1.51,-8.36
18,98,0.81772,-20.94,2.34,-20.35,-7.46,0.27,2.61
19,0,0.00000,0.00,0.00,0.00,274.82,86.23,31.39
19,1,0.00836,2.30,0.72,0.26,274.82,86.22,31.39
19,2,0.01764,4.94,1.63,0.23,284.87,98.27,-3.95
19,3,0.02521,7.60,2.55,0.19,351.21,121.15,-4.84
19,4,0.03357,10.85,3.69,0.04,389.05,136.82,-17.52
19,5,0.04236,14.11,4.84,-0.10,370.14,130.18,-16.67
19,6,0.05054,17.43,6.07,-0.54,405.97,151.22,-53.36
19,7,0.05890,20.74,7.31,-0.98,396.35,147.66,-52.19
19,8,0.06708,23.00,8.14,-1.21,276.49,101.05,-28.73
19,9,0.07599,25.26,8.96,-1.45,253.08,92.51,-26.37
19,10,0.08447,26.42,9.37,-1.48,137.41,47.92,-3.60
19,11,0.09204,27.54,9.76,-1.51,147.98,51.42,-4.03
19,12,0.10040,28.34,10.04,-1.56,95.62,34.02,-6.20
19,13,0.10883,29.14,10.32,-1.61,94.20,33.53,-6.16
19,14,0.11755,29.75,10.55,-1.68,70.98,26.30,-8.39
19,15,0.12531,30.36,10.78,-1.76,78.74,29.30,-9.84
19,16,0.13373,30.77,10.96,-1.92,48.55,21.12,-19.20
19,17,0.14209,31.18,11.13,-2.08,48.18,21.01,-19.34
19,18,0.15039,31.43,11.26,-2.26,30.15,15.31,-21.32
19,19,0.15869,31.67,11.39,-2.44,29.41,15.17,-20.96
19,20,0.16760,31.81,11.47,-2.60,15.07,9.21,-18.15
19,21,0.17590,31.93,11.55,-2.76,15.44,9.95,-19.12
19,22,0.18353,31.89,11.57,-2.90,-5.60,2.15,-18.40
19,23,0.19189,31.85,11.59,-3.04,-5.11,2.36,-16.79
19,24,0.20026,31.81,11.61,-3.18,-5.11,2.36,-16.79
19,25,0.20880,31.76,11.62,-3.32,-5.36,1.99,-16.43
19,26,0.21698,31.61,11.60,-3.43,-17.91,-2.85,-14.18
19,27,0.22534,31.47,11.58,-3.55,-17.52,-2.78,-13.87
19,28,0.23364,31.32,11.56,-3.67,-17.65,-2.60,-13.97
19,29,0.24188,31.17,11.53,-3.78,-18.15,-2.96,-14.07
19,30,0.25049,30.94,11.47,-3.85,-26.95,-7.34,-7.45
19,31,0.25885,30.71,11.40,-3.91,-27.74,-7.76,-7.66
19,32,0.26715,30.47,11.34,-3.97,-27.94,-7.61,-7.72
19,33,0.27582,30.24,11.28,-4.04,-26.76,-7.48,-7.39
19,34,0.28363,30.01,11.21,-4.10,-29.69,-8.30,-8.20
19,35,0.29193,29.78,11.15,-4.16,-28.31,-7.82,-7.35
19,36,0.30042,29.50,11.05,-4.17,-32.01,-10.67,-0.72
19,37,0.30896,29.23,10.96,-4.17,-31.79,-10.60,-0.71
19,38,0.31702,28.96,10.87,-4.18,-33.71,-11.64,-0.76
19,39,0.32538,28.68,10.78,-4.18,-33.21,-11.16,-0.36
19,40,0.33374,28.31,10.63,-4.11,-45.26,-17.37,8.39
19,41,0.34210,27.93,10.49,-4.04,-45.26,-17.36,8.39
19,42,0.35040,27.55,10.34,-3.97,-45.59,-17.50,8.46
19,43,0.35876,27.17,10.20,-3.90,-45.26,-17.36,8.39
19,44,0.36749,26.79,10.05,-3.83,-43.36,-16.83,8.04
19,45,0.37598,26.41,9.90,-3.76,-44.60,-17.31,8.27
19,46,0.38373,26.03,9.76,-3.69,-48.82,-18.73,9.06
19,47,0.39221,25.66,9.61,-3.62,-44.60,-17.12,8.27
19,48,0.40051,25.28,9.47,-3.55,-45.59,-17.49,8.46
19,49,0.40894,24.90,9.32,-3.48,-45.29,-17.56,8.33
19,50,0.41718,24.51,9.16,-3.38,-47.41,-19.00,12.22
19,51,0.42542,24.11,9.00,-3.28,-47.78,-19.34,12.22
19,52,0.43384,23.72,8.85,-3.18,-46.38,-18.60,11.96
19,53,0.44214,23.33,8.69,-3.08,-47.06,-18.87,12.13
19,54,0.45038,22.94,8.53,-2.98,-47.78,-19.34,12.22
19,55,0.45886,22.55,8.37,-2.88,-46.04,-18.47,11.87
19,56,0.46716,22.16,8.22,-2.78,-47.06,-18.87,12.13
19,57,0.47546,21.76,8.06,-2.68,-47.43,-19.00,12.13
19,58,0.48456,21.37,7.90,-2.58,-42.95,-17.41,11.07
19,59,0.49207,20.98,7.75,-2.47,-52.03,-20.74,13.82
19,60,0.50055,20.67,7.61,-2.33,-36.33,-16.35,16.19
19,61,0.50873,20.36,7.47,-2.20,-37.69,-16.97,16.79
19,62,0.51807,20.06,7.33,-2.06,-33.01,-14.68,14.71
19,63,0.52600,19.74,7.19,-1.92,-39.62,-17.63,17.69
19,64,0.53369,19.43,7.05,-1.78,-40.08,-17.83,17.86
19,65,0.54193,19.13,6.92,-1.64,-37.41,-16.84,16.67
19,66,0.55035,18.82,6.78,-1.51,-36.59,-16.28,16.30
19,67,0.55865,18.52,6.64,-1.37,-36.40,-16.18,16.18
19,68,0.56696,18.32,6.55,-1.27,-23.16,-10.88,12.13
19,69,0.57617,18.14,6.47,-1.17,-19.87,-9.21,10.60
19,70,0.58374,18.11,6.45,-1.14,-4.03,-2.61,4.84
19,71,0.59222,18.08,6.43,-1.10,-3.60,-2.13,4.32
19,72,0.60071,18.05,6.41,-1.07,-3.60,-2.33,4.32
19,73,0.60883,18.02,6.39,-1.03,-3.01,-2.09,4.14
19,74,0.61713,18.13,6.44,-1.05,12.50,5.02,-2.57
19,75,0.62549,18.24,6.48,-1.08,13.50,5.53,-3.28
19,76,0.63385,18.48,6.59,-1.20,28.47,13.14,-14.60
19,77,0.64221,18.73,6.71,-1.33,29.56,13.61,-14.96
19,78,0.65063,19.12,6.88,-1.49,47.10,20.42,-19.20
19,79,0.65881,19.53,7.06,-1.65,49.63,21.82,-19.78
19,80,0.66809,20.08,7.29,-1.83,59.21,24.78,-19.74
19,81,0.67554,20.64,7.52,-2.02,75.00,31.40,-25.00
19,82,0.68390,21.34,7.82,-2.26,84.67,35.67,-28.10
19,83,0.69232,22.05,8.11,-2.49,84.06,35.22,-27.90
19,84,0.70062,22.76,8.41,-2.73,85.29,35.73,-28.31
19,85,0.70892,23.47,8.71,-2.96,85.66,35.86,-28.31
19,86,0.71735,24.23,9.03,-3.21,90.22,37.95,-29.71
19,87,0.72552,24.99,9.35,-3.46,92.91,38.88,-30.60
19,88,0.73413,25.75,9.67,-3.71,88.30,37.14,-29.08
19,89,0.74225,26.50,9.98,-3.96,92.11,38.48,-30.08
19,90,0.75067,27.03,10.19,-4.10,63.04,25.44,-17.03
19,91,0.75916,27.55,10.40,-4.24,61.15,24.87,-16.55
19,92,0.76801,27.87,10.54,-4.35,36.90,15.70,-12.41
19,93,0.77551,28.19,10.67,-4.46,42.28,17.55,-14.23
19,94,0.78394,28.35,10.75,-4.53,18.48,8.69,-9.42
19,95,0.79218,28.50,10.82,-4.61,18.89,8.68,-9.63
19,96,0.80103,28.66,10.89,-4.69,17.59,8.08,-8.97
19,97,0.80908,28.81,10.96,-4.77,18.56,8.62,-9.85
19,98,0.81732,28.83,10.98,-4.83,2.22,2.64,-7.41
20,0,0.00000,0.00,0.00,0.00,-62.50,-17.62,-289.06
20,1,0.00818,-0.49,-0.14,-2.26,-59.70,-16.78,-276.12
20,2,0.01672,-1.37,-0.29,-4.75,-102.86,-18.03,-291.43
20,3,0.02551,-2.25,-0.44,-7.24,-100.00,-17.49,-283.33
20,4,0.03400,-3.43,-0.63,-10.27,-139.21,-22.13,-357.55
20,5,0.04163,-4.61,-0.82,-13.31,-154.80,-24.66,-397.60
20,6,0.05011,-6.09,-1.01,-16.31,-174.10,-22.19,-353.96
20,7,0.05841,-7.56,-1.20,-19.31,-177.94,-22.68,-361.76
20,8,0.06683,-8.51,-1.33,-21.39,-113.04,-15.41,-247.10
20,9,0.07513,-9.46,-1.46,-23.45,-113.60,-15.50,-247.79
20,10,0.08344,-9.85,-1.52,-24.51,-47.06,-7.87,-127.94
20,11,0.09247,-10.24,-1.59,-25.57,-43.24,-7.28,-117.57
20,12,0.10004,-10.54,-1.63,-26.31,-40.32,-6.11,-97.58
20,13,0.10840,-10.85,-1.68,-27.05,-36.50,-5.48,-88.32
20,14,0.11682,-11.12,-1.71,-27.61,-31.88,-4.16,-66.67
20,15,0.12579,-11.39,-1.75,-28.17,-29.93,-3.91,-62.59
20,16,0.13361,-11.67,-1.77,-28.51,-36.33,-2.83,-42.97
20,17,0.14233,-11.95,-1.79,-28.85,-32.52,-2.49,-38.46
20,18,0.15015,-12.20,-1.81,-29.03,-31.64,-1.59,-23.44
20,19,0.15839,-12.45,-1.82,-29.21,-30.00,-1.51,-21.48
20,20,0.16650,-12.64,-1.82,-29.28,-24.06,-0.68,-9.02
20,21,0.17480,-12.84,-1.83,-29.35,-23.53,-0.71,-8.82
20,22,0.18420,-12.96,-1.82,-29.27,-12.99,0.47,9.09
20,23,0.19159,-13.08,-1.82,-29.18,-16.53,0.55,11.57
20,24,0.20001,-13.20,-1.82,-29.10,-14.49,0.48,10.14
20,25,0.20868,-13.32,-1.81,-29.01,-13.73,0.52,9.86
20,26,0.21698,-13.39,-1.80,-28.83,-7.72,1.24,21.32
20,27,0.22522,-13.45,-1.79,-28.66,-7.78,1.20,21.48
20,28,0.23413,-13.52,-1.78,-28.48,-7.19,1.11,19.86
20,29,0.24268,-13.58,-1.77,-28.30,-7.50,1.21,20.71
20,30,0.25049,-13.57,-1.76,-28.06,1.95,1.80,30.47
20,31,0.25861,-13.55,-1.74,-27.83,1.88,1.74,29.32
20,32,0.26697,-13.53,-1.73,-27.59,1.82,1.73,28.47
20,33,0.27527,-13.52,-1.71,-27.35,1.84,1.70,28.68
20,34,0.28369,-13.50,-1.70,-27.11,1.81,1.68,28.26
20,35,0.29248,-13.49,-1.69,-26.87,1.74,1.65,27.08
20,36,0.30042,-13.41,-1.67,-26.61,10.38,2.02,33.08
20,37,0.30872,-13.32,-1.65,-26.35,9.93,1.97,31.62
20,38,0.31714,-13.24,-1.64,-26.09,9.78,1.90,31.16
20,39,0.32587,-13.16,-1.62,-25.82,9.44,1.83,30.07
20,40,0.33374,-12.97,-1.60,-25.49,24.03,2.68,42.64
20,41,0.34265,-12.78,-1.58,-25.15,21.23,2.41,37.67
20,42,0.35071,-12.59,-1.56,-24.82,23.48,2.62,41.67
20,43,0.35864,-12.40,-1.54,-24.48,23.85,2.66,42.31
20,44,0.36694,-12.21,-1.52,-24.15,22.79,2.59,40.44
20,45,0.37531,-12.02,-1.49,-23.81,22.63,2.52,40.15
20,46,0.38446,-11.83,-1.47,-23.47,20.67,2.30,36.67
20,47,0.39191,-11.65,-1.45,-23.14,25.41,2.88,45.08
20,48,0.40033,-11.46,-1.43,-22.80,22.46,2.50,39.86
20,49,0.40863,-11.27,-1.41,-22.47,22.79,2.54,40.44
20,50,0.41711,-11.04,-1.39,-22.13,26.26,2.56,40.29
20,51,0.42584,-10.82,-1.37,-21.79,25.52,2.49,38.46
20,52,0.43372,-10.60,-1.35,-21.45,28.29,2.71,42.64
20,53,0.44250,-10.38,-1.32,-21.11,25.35,2.47,38.89
20,54,0.45056,-10.15,-1.30,-20.78,27.65,2.69,41.67
20,55,0.45874,-9.93,-1.28,-20.44,27.24,2.61,41.04
20,56,0.46704,-9.71,-1.26,-20.10,26.84,2.61,41.18
20,57,0.47577,-9.48,-1.24,-19.76,25.52,2.49,38.46
20,58,0.48376,-9.26,-1.22,-19.43,27.86,2.67,41.98
20,59,0.49261,-9.04,-1.19,-19.09,25.17,2.41,37.93
20,60,0.50037,-8.81,-1.18,-18.84,29.53,2.10,32.28
20,61,0.50879,-8.58,-1.16,-18.59,27.17,1.98,29.71
20,62,0.51715,-8.35,-1.15,-18.34,27.37,1.95,29.93
20,63,0.52588,-8.12,-1.13,-18.09,26.22,1.87,28.67
20,64,0.53387,-7.89,-1.11,-17.84,28.63,2.04,31.30
20,65,0.54254,-7.67,-1.10,-17.59,26.41,1.92,28.87
20,66,0.55054,-7.44,-1.08,-17.34,28.63,2.04,31.30
20,67,0.55865,-7.21,-1.06,-17.10,28.20,1.96,30.08
20,68,0.56708,-7.05,-1.05,-16.94,18.48,1.23,18.12
20,69,0.57556,-6.90,-1.04,-16.80,18.35,1.13,17.27
20,70,0.58472,-6.85,-1.04,-16.78,5.00,0.17,2.00
20,71,0.59204,-6.81,-1.04,-16.76,6.25,0.17,2.50
20,72,0.60040,-6.76,-1.04,-16.74,5.47,0.19,2.19
20,73,0.60883,-6.72,-1.04,-16.73,5.07,0.10,1.45
20,74,0.61713,-6.77,-1.04,-16.82,-6.62,-0.68,-11.03
20,75,0.62610,-6.83,-1.05,-16.91,-6.46,-0.67,-10.20
20,76,0.63446,-7.02,-1.06,-17.10,-22.99,-1.44,-21.90
20,77,0.64270,-7.22,-1.07,-17.29,-23.70,-1.55,-22.96
20,78,0.65051,-7.50,-1.10,-17.61,-35.94,-2.68,-41.41
20,79,0.65881,-7.78,-1.12,-17.94,-33.82,-2.57,-39.71
20,80,0.66705,-8.13,-1.15,-18.40,-42.22,-3.66,-56.30
20,81,0.67535,-8.48,-1.18,-18.87,-42.28,-3.59,-55.88
20,82,0.68439,-8.93,-1.22,-19.46,-49.66,-4.26,-65.54
20,83,0.69196,-9.38,-1.25,-20.05,-59.27,-4.98,-78.23
20,84,0.70038,-9.82,-1.29,-20.64,-53.26,-4.57,-70.29
20,85,0.70868,-10.27,-1.33,-21.24,-54.04,-4.63,-72.06
20,86,0.71716,-10.75,-1.37,-21.88,-56.83,-4.86,-75.54
20,87,0.72583,-11.24,-1.41,-22.52,-55.63,-4.76,-73.94
20,88,0.73376,-11.72,-1.45,-23.16,-60.77,-5.24,-80.77
20,89,0.74261,-12.19,-1.50,-23.80,-53.79,-4.61,-71.72
20,90,0.75061,-12.50,-1.52,-24.26,-38.17,-3.64,-57.25
20,91,0.75867,-12.81,-1.55,-24.71,-37.88,-3.57,-56.06
20,92,0.76709,-13.01,-1.57,-24.98,-24.64,-2.13,-32.61
20,93,0.77533,-13.22,-1.59,-25.25,-25.19,-2.09,-32.59
20,94,0.78418,-13.35,-1.60,-25.37,-14.14,-0.89,-13.79
20,95,0.79272,-13.47,-1.60,-25.49,-14.64,-0.97,-14.29
20,96,0.80048,-13.60,-1.61,-25.62,-16.14,-1.02,-15.75
20,97,0.80878,-13.72,-1.62,-25.73,-15.07,-0.91,-13.97
20,98,0.81732,-13.78,-1.62,-25.73,-7.50,-0.07,0.00
21,0,0.00000,0.00,0.00,0.00,38.46,-31.79,289.23
21,1,0.00818,0.31,-0.25,2.29,37.31,-30.89,280.22
21,2,0.01685,0.98,-0.52,4.85,77.82,-30.30,294.72
21,3,0.02533,1.65,-0.78,7.40,79.50,-30.96,301.08
21,4,0.03406,2.58,-1.09,10.52,106.64,-36.04,357.34
21,5,0.04248,3.53,-1.41,13.67,111.96,-37.71,374.28
21,6,0.05035,4.76,-1.71,16.79,156.20,-37.71,395.74
21,7,0.05853,5.98,-2.00,19.89,149.63,-36.26,379.48
21,8,0.06689,6.76,-2.21,22.03,93.07,-24.78,255.47
21,9,0.07520,7.53,-2.42,24.15,93.01,-24.90,255.88
21,10,0.08374,7.84,-2.53,25.24,35.71,-12.94,127.50
21,11,0.09253,8.14,-2.64,26.33,34.72,-12.61,123.61
21,12,0.10022,8.39,-2.71,27.09,31.75,-9.84,99.21
21,13,0.10852,8.63,-2.79,27.85,29.41,-9.10,91.54
21,14,0.11700,8.85,-2.85,28.43,26.26,-6.63,68.71
21,15,0.12512,9.08,-2.90,29.01,27.44,-6.81,71.43
21,16,0.13348,9.33,-2.93,29.37,30.66,-3.33,42.70
21,17,0.14185,9.59,-2.96,29.72,30.66,-3.28,42.34
21,18,0.15082,9.82,-2.97,29.92,25.85,-1.12,22.11
21,19,0.15851,10.05,-2.98,30.12,30.16,-1.33,25.79
21,20,0.16693,10.24,-2.98,30.21,22.46,0.06,10.51
21,21,0.17517,10.43,-2.98,30.30,22.59,0.01,10.74
21,22,0.18372,10.56,-2.96,30.22,15.00,1.86,-8.57
21,23,0.19238,10.68,-2.94,30.15,14.79,1.82,-8.45
21,24,0.20026,10.81,-2.93,30.08,16.28,2.00,-9.30
21,25,0.20850,10.94,-2.91,30.00,15.56,1.98,-9.26
21,26,0.21704,11.02,-2.89,29.83,8.93,2.87,-20.00
21,27,0.22540,11.09,-2.86,29.66,9.12,2.89,-20.44
21,28,0.23376,11.17,-2.84,29.49,9.12,2.98,-20.44
21,29,0.24188,11.25,-2.81,29.32,9.40,3.02,-21.43
21,30,0.25031,11.25,-2.79,29.07,0.72,3.42,-28.62
21,31,0.25922,11.26,-2.76,28.83,0.68,3.21,-27.05
21,32,0.26691,11.26,-2.73,28.59,0.79,3.75,-31.35
21,33,0.27527,11.27,-2.70,28.35,0.73,3.42,-28.83
21,34,0.28369,11.28,-2.67,28.11,0.72,3.42,-28.62
21,35,0.29193,11.28,-2.64,27.87,0.37,3.45,-29.26
21,36,0.30035,11.22,-2.61,27.60,-7.25,3.31,-31.52
21,37,0.30859,11.16,-2.59,27.34,-7.41,3.36,-32.22
21,38,0.31738,11.10,-2.56,27.07,-6.94,3.17,-30.21
21,39,0.32520,11.04,-2.53,26.81,-7.81,3.55,-33.98
21,40,0.33362,10.87,-2.50,26.46,-19.20,3.85,-41.67
21,41,0.34204,10.71,-2.47,26.10,-19.20,3.79,-41.67
21,42,0.35101,10.55,-2.43,25.75,-18.03,3.58,-39.12
21,43,0.35858,10.39,-2.40,25.40,-21.37,4.34,-46.77
21,44,0.36707,10.23,-2.37,25.05,-19.06,3.78,-41.37
21,45,0.37524,10.06,-2.34,24.70,-19.78,3.90,-42.91
21,46,0.38367,9.90,-2.31,24.35,-19.20,3.85,-41.67
21,47,0.39197,9.74,-2.27,24.00,-19.49,3.86,-42.28
21,48,0.40039,9.58,-2.24,23.65,-19.20,3.79,-41.67
21,49,0.40863,9.42,-2.21,23.29,-19.63,3.94,-42.59
21,50,0.41730,9.22,-2.18,22.94,-22.54,3.54,-41.20
21,51,0.42542,9.03,-2.15,22.58,-24.06,3.81,-43.98
21,52,0.43378,8.83,-2.12,22.22,-23.36,3.76,-42.70
21,53,0.44208,8.64,-2.09,21.87,-23.53,3.70,-43.01
21,54,0.45105,8.44,-2.05,21.51,-21.77,3.47,-39.80
21,55,0.45941,8.24,-2.02,21.15,-23.72,3.76,-43.43
21,56,0.46710,8.05,-1.99,20.79,-25.40,3.99,-46.43
21,57,0.47534,7.85,-1.96,20.43,-23.70,3.77,-43.33
21,58,0.48401,7.66,-1.93,20.07,-22.54,3.59,-41.20
21,59,0.49207,7.46,-1.90,19.72,-24.24,3.75,-43.56
21,60,0.50043,7.25,-1.88,19.46,-24.82,2.34,-31.75
21,61,0.50934,7.05,-1.86,19.19,-23.29,2.22,-29.79
21,62,0.51740,6.84,-1.84,18.93,-25.76,2.41,-32.95
21,63,0.52533,6.63,-1.82,18.66,-26.15,2.44,-33.46
21,64,0.53375,6.42,-1.80,18.40,-24.64,2.30,-31.52
21,65,0.54205,6.22,-1.78,18.13,-25.00,2.34,-31.99
21,66,0.55048,6.01,-1.76,17.86,-24.64,2.37,-31.52
21,67,0.55933,5.80,-1.74,17.61,-23.10,2.13,-29.31
21,68,0.56720,5.66,-1.73,17.44,-18.22,1.37,-20.54
21,69,0.57550,5.52,-1.72,17.29,-16.91,1.28,-18.75
21,70,0.58392,5.48,-1.72,17.27,-5.07,-0.03,-2.54
21,71,0.59271,5.44,-1.72,17.25,-4.86,0.03,-2.43
21,72,0.60046,5.39,-1.72,17.22,-5.51,-0.04,-2.76
21,73,0.60883,5.35,-1.72,17.21,-4.74,-0.01,-1.82
21,74,0.61725,5.40,-1.73,17.30,5.43,-1.02,11.23
21,75,0.62543,5.45,-1.74,17.40,6.34,-1.07,12.31
21,76,0.63379,5.63,-1.75,17.61,21.17,-1.67,24.09
21,77,0.64215,5.81,-1.77,17.81,21.53,-1.71,24.82
21,78,0.65118,6.06,-1.79,18.16,28.04,-2.90,38.18
21,79,0.65881,6.32,-1.82,18.52,33.60,-3.64,46.80
21,80,0.66699,6.63,-1.86,19.00,38.06,-4.85,59.70
21,81,0.67535,6.94,-1.90,19.50,37.59,-4.85,59.49
21,82,0.68372,7.34,-1.95,20.13,47.81,-6.19,75.18
21,83,0.69214,7.74,-2.01,20.76,47.46,-6.08,74.64
21,84,0.70050,8.14,-2.06,21.39,47.81,-6.14,75.18
21,85,0.70935,8.54,-2.11,22.02,45.17,-5.80,71.38
21,86,0.71716,8.97,-2.16,22.69,54.69,-7.12,86.33
21,87,0.72565,9.40,-2.22,23.37,50.36,-6.49,79.50
21,88,0.73413,9.82,-2.27,24.04,50.36,-6.51,79.50
21,89,0.74243,10.24,-2.33,24.71,50.74,-6.59,80.15
21,90,0.75128,10.51,-2.37,25.19,30.34,-4.65,54.14
21,91,0.75897,10.78,-2.41,25.66,34.52,-5.26,61.11
21,92,0.76733,10.96,-2.43,25.95,22.26,-2.81,34.67
21,93,0.77563,11.15,-2.46,26.23,22.06,-2.78,34.19
21,94,0.78400,11.26,-2.47,26.36,13.87,-1.06,15.69
21,95,0.79303,11.38,-2.47,26.49,12.84,-0.99,14.53
21,96,0.80072,11.50,-2.48,26.63,15.48,-1.18,17.46
21,97,0.80902,11.61,-2.49,26.75,13.60,-0.94,14.71
21,98,0.81744,11.68,-2.49,26.75,7.61,0.34,0.36
22,0,0.00000,0.00,0.00,0.00,244.81,8.15,-137.41
22,1,0.00848,2.02,0.07,-1.13,237.77,7.93,-133.45
22,2,0.01666,4.14,0.12,-2.71,259.33,6.15,-192.54
22,3,0.02515,6.26,0.17,-4.28,250.00,5.93,-185.61
22,4,0.03363,8.81,0.22,-6.30,300.72,6.38,-238.13
22,5,0.04187,11.36,0.28,-8.32,309.63,6.52,-245.19
22,6,0.05017,13.80,0.31,-10.62,293.38,3.90,-276.84
22,7,0.05920,16.23,0.34,-12.92,269.59,3.54,-254.39
22,8,0.06702,17.93,0.37,-14.43,217.19,3.48,-193.75
22,9,0.07532,19.63,0.39,-15.95,204.41,3.28,-182.35
22,10,0.08368,20.53,0.41,-16.63,107.66,2.43,-82.12
22,11,0.09192,21.43,0.43,-17.32,109.26,2.41,-83.33
22,12,0.10028,22.04,0.45,-17.83,73.72,1.45,-60.95
22,13,0.10858,22.66,0.46,-18.34,74.26,1.46,-61.40
22,14,0.11694,23.12,0.47,-18.76,54.74,0.82,-50.36
22,15,0.12585,23.57,0.47,-19.18,51.37,0.72,-47.26
22,16,0.13373,23.81,0.47,-19.55,29.84,-0.57,-46.90
22,17,0.14197,24.04,0.46,-19.92,28.52,-0.64,-44.81
22,18,0.15039,24.15,0.45,-20.21,11.96,-1.04,-34.42
22,19,0.15924,24.25,0.44,-20.50,11.38,-0.98,-32.76
22,20,0.16681,24.26,0.44,-20.71,2.02,-1.29,-27.42
22,21,0.17523,24.27,0.42,-20.91,1.45,-1.23,-24.64
22,22,0.18353,24.16,0.41,-21.01,-13.97,-1.44,-11.03
22,23,0.19189,24.04,0.40,-21.10,-13.87,-1.47,-10.95
22,24,0.20007,23.93,0.39,-21.19,-14.18,-1.46,-11.19
22,25,0.20850,23.81,0.38,-21.28,-13.77,-1.46,-10.87
22,26,0.21692,23.62,0.36,-21.29,-22.46,-1.45,-1.09
22,27,0.22522,23.43,0.35,-21.30,-22.79,-1.51,-1.10
22,28,0.23358,23.24,0.34,-21.31,-22.63,-1.46,-1.09
22,29,0.24188,23.05,0.33,-21.32,-22.79,-1.47,-1.10
22,30,0.25024,22.83,0.32,-21.23,-27.01,-1.14,10.22
22,31,0.25903,22.60,0.31,-21.15,-25.69,-1.13,9.72
22,32,0.26691,22.38,0.30,-21.06,-28.68,-1.21,10.85
22,33,0.27527,22.15,0.29,-20.97,-27.01,-1.14,10.22
22,34,0.28357,21.92,0.28,-20.89,-27.21,-1.24,10.29
22,35,0.29211,21.70,0.27,-20.80,-26.43,-1.12,10.00
22,36,0.30029,21.48,0.26,-20.65,-27.24,-0.69,19.03
22,37,0.30865,21.25,0.26,-20.49,-26.64,-0.72,18.61
22,38,0.31744,21.03,0.25,-20.34,-25.35,-0.64,17.71
22,39,0.32532,20.81,0.25,-20.18,-28.29,-0.71,19.77
22,40,0.33368,20.54,0.24,-19.90,-31.75,-0.25,33.58
22,41,0.34198,20.28,0.24,-19.62,-31.99,-0.21,33.82
22,42,0.35034,20.01,0.24,-19.34,-31.75,-0.25,33.58
22,43,0.35925,19.74,0.24,-19.06,-29.79,-0.19,31.51
22,44,0.36707,19.48,0.24,-18.78,-33.98,-0.27,35.94
22,45,0.37543,19.21,0.23,-18.50,-31.75,-0.21,33.58
22,46,0.38391,18.95,0.23,-18.22,-31.29,-0.25,33.09
22,47,0.39215,18.68,0.23,-17.94,-32.22,-0.21,34.07
22,48,0.40045,18.42,0.23,-17.65,-31.99,-0.25,33.82
22,49,0.40875,18.15,0.23,-17.37,-31.99,-0.21,33.82
22,50,0.41760,17.89,0.23,-17.06,-29.31,-0.01,35.17
22,51,0.42615,17.63,0.23,-16.75,-30.36,0.03,36.43
22,52,0.43384,17.37,0.23,-16.44,-33.73,-0.07,40.48
22,53,0.44226,17.11,0.23,-16.13,-30.80,0.03,36.96
22,54,0.45050,16.85,0.23,-15.82,-31.48,0.03,37.78
22,55,0.45929,16.60,0.23,-15.51,-29.51,0.03,35.42
22,56,0.46704,16.34,0.23,-15.19,-33.46,-0.02,40.16
22,57,0.47546,16.08,0.23,-14.88,-30.80,-0.06,36.96
22,58,0.48389,15.82,0.23,-14.57,-30.80,0.03,36.96
22,59,0.49237,15.56,0.23,-14.26,-30.58,0.03,36.69
22,60,0.50049,15.39,0.23,-13.97,-20.68,0.62,36.09
22,61,0.50885,15.22,0.24,-13.67,-20.07,0.56,35.04
22,62,0.51813,15.05,0.24,-13.38,-18.09,0.50,31.58
22,63,0.52631,14.88,0.25,-13.08,-21.64,0.63,37.31
22,64,0.53394,14.71,0.25,-12.78,-22.00,0.62,38.40
22,65,0.54224,14.54,0.26,-12.49,-20.22,0.61,35.29
22,66,0.55048,14.37,0.26,-12.20,-20.37,0.62,35.56
22,67,0.55872,14.21,0.27,-11.91,-20.00,0.50,34.81
22,68,0.56708,14.11,0.27,-11.72,-11.68,0.50,22.99
22,69,0.57605,14.02,0.27,-11.53,-10.20,0.47,20.75
22,70,0.58374,14.02,0.28,-11.48,-0.40,0.29,6.35
22,71,0.59222,14.01,0.28,-11.43,-0.36,0.30,5.76
22,72,0.60059,14.01,0.28,-11.39,-0.36,0.26,5.84
22,73,0.60895,14.01,0.28,-11.34,0.00,0.29,5.11
22,74,0.61792,14.08,0.28,-11.42,7.82,0.01,-8.84
22,75,0.62567,14.15,0.28,-11.51,9.45,0.02,-11.42
22,76,0.63409,14.28,0.28,-11.75,14.49,-0.60,-28.26
22,77,0.64240,14.40,0.27,-12.00,15.07,-0.64,-29.78
22,78,0.65076,14.63,0.27,-12.36,27.37,-0.54,-43.43
22,79,0.65918,14.86,0.26,-12.73,27.54,-0.55,-43.84
22,80,0.66730,15.20,0.26,-13.20,41.73,-0.43,-57.89
22,81,0.67572,15.55,0.26,-13.67,40.94,-0.36,-56.52
22,82,0.68396,15.98,0.25,-14.28,52.96,-0.58,-73.33
22,83,0.69257,16.42,0.25,-14.88,50.71,-0.47,-70.21
22,84,0.70074,16.85,0.24,-15.49,53.36,-0.58,-73.88
22,85,0.70911,17.29,0.24,-16.09,52.55,-0.47,-72.63
22,86,0.71802,17.76,0.24,-16.74,52.40,-0.51,-72.60
22,87,0.72571,18.23,0.23,-17.39,60.71,-0.69,-84.13
22,88,0.73407,18.70,0.23,-18.04,55.84,-0.54,-77.37
22,89,0.74249,19.16,0.22,-18.67,54.71,-0.57,-75.72
22,90,0.75079,19.50,0.22,-19.10,41.91,-0.05,-51.47
22,91,0.75922,19.84,0.22,-19.52,40.22,-0.08,-50.00
22,92,0.76733,20.04,0.22,-19.80,24.81,-0.24,-34.59
22,93,0.77649,20.24,0.22,-20.08,21.33,-0.26,-30.00
22,94,0.78406,20.32,0.21,-20.23,10.48,-0.40,-20.56
22,95,0.79236,20.40,0.21,-20.39,9.56,-0.41,-18.75
22,96,0.80066,20.48,0.21,-20.54,9.56,-0.36,-18.75
22,97,0.80939,20.55,0.20,-20.70,8.39,-0.37,-17.48
22,98,0.81824,20.53,0.20,-20.76,-2.07,-0.56,-6.90
23,0,0.00000,0.00,0.00,0.00,191.67,27.52,-196.38
23,1,0.00842,1.61,0.23,-1.65,191.67,27.52,-196.38
23,2,0.01691,3.21,0.48,-3.76,187.77,28.94,-248.20
23,3,0.02545,4.80,0.72,-5.87,186.43,28.68,-246.43
23,4,0.03418,6.68,1.02,-8.52,215.38,33.90,-304.20
23,5,0.04199,8.56,1.31,-11.18,240.62,37.82,-339.84
23,6,0.05023,10.25,1.60,-14.07,205.19,34.34,-351.11
23,7,0.05872,11.94,1.88,-16.96,199.28,33.49,-341.01
23,8,0.06714,13.14,2.08,-18.89,142.39,23.41,-228.99
23,9,0.07574,14.34,2.27,-20.82,139.36,22.87,-224.11
23,10,0.08453,15.01,2.38,-21.73,76.39,11.79,-104.17
23,11,0.09198,15.68,2.48,-22.65,89.75,14.03,-122.95
23,12,0.10089,16.13,2.55,-23.31,50.34,8.07,-73.97
23,13,0.10876,16.58,2.63,-23.97,56.98,9.08,-83.72
23,14,0.11694,16.90,2.68,-24.50,39.18,6.54,-64.93
23,15,0.12555,17.22,2.73,-25.03,37.23,6.13,-61.70
23,16,0.13373,17.34,2.76,-25.45,14.93,3.46,-51.49
23,17,0.14209,17.46,2.79,-25.87,14.60,3.29,-50.36
23,18,0.15045,17.48,2.80,-26.18,1.82,1.52,-36.50
23,19,0.15875,17.49,2.81,-26.48,1.84,1.48,-36.76
23,20,0.16699,17.45,2.82,-26.68,-5.56,0.29,-24.44
23,21,0.17548,17.40,2.82,-26.89,-5.40,0.19,-23.74
23,22,0.18378,17.26,2.80,-26.94,-16.54,-1.52,-6.62
23,23,0.19281,17.13,2.79,-27.00,-15.20,-1.40,-6.08
23,24,0.20032,16.99,2.78,-27.05,-18.29,-1.73,-7.32
23,25,0.20862,16.85,2.77,-27.11,-16.54,-1.52,-6.62
23,26,0.21680,16.67,2.75,-27.06,-22.39,-2.57,5.22
23,27,0.22552,16.49,2.72,-27.02,-20.98,-2.50,4.90
23,28,0.23407,16.30,2.70,-26.98,-21.43,-2.46,5.00
23,29,0.24188,16.12,2.68,-26.93,-23.44,-2.69,5.47
23,30,0.25012,15.93,2.66,-26.79,-23.33,-3.12,17.78
23,31,0.25879,15.73,2.63,-26.64,-22.18,-2.96,16.90
23,32,0.26678,15.54,2.60,-26.50,-24.05,-3.21,18.32
23,33,0.27521,15.35,2.58,-26.35,-22.83,-3.05,17.39
23,34,0.28442,15.16,2.55,-26.20,-20.86,-2.87,15.89
23,35,0.29254,14.97,2.53,-26.06,-23.68,-3.16,18.05
23,36,0.30011,14.79,2.50,-25.84,-22.58,-3.41,28.23
23,37,0.30859,14.62,2.47,-25.63,-20.14,-3.04,25.18
23,38,0.31689,14.45,2.45,-25.42,-20.59,-3.10,25.74
23,39,0.32532,14.28,2.42,-25.20,-20.29,-3.06,25.36
23,40,0.33423,14.11,2.39,-24.86,-19.86,-3.52,38.36
23,41,0.34192,13.93,2.36,-24.52,-23.02,-4.03,44.44
23,42,0.35034,13.75,2.33,-24.18,-21.01,-3.72,40.58
23,43,0.35870,13.57,2.30,-23.83,-21.17,-3.70,40.88
23,44,0.36694,13.40,2.27,-23.49,-21.48,-3.76,41.48
23,45,0.37543,13.22,2.24,-23.15,-20.86,-3.65,40.29
23,46,0.38446,13.04,2.21,-22.81,-19.59,-3.47,37.84
23,47,0.39288,12.87,2.17,-22.47,-21.01,-3.68,40.58
23,48,0.40039,12.69,2.14,-22.13,-23.58,-4.13,45.53
23,49,0.40863,12.51,2.11,-21.78,-21.48,-3.76,41.48
23,50,0.41687,12.35,2.08,-21.41,-19.26,-3.65,45.19
23,51,0.42542,12.19,2.05,-21.04,-18.57,-3.57,43.57
23,52,0.43433,12.04,2.02,-20.67,-17.81,-3.38,41.78
23,53,0.44202,11.88,1.99,-20.29,-20.63,-3.91,48.41
23,54,0.45032,11.72,1.96,-19.92,-19.12,-3.67,44.85
23,55,0.45868,11.56,1.93,-19.55,-18.98,-3.55,44.53
23,56,0.46704,11.40,1.90,-19.18,-18.98,-3.60,44.53
23,57,0.47552,11.24,1.87,-18.80,-18.71,-3.64,43.88
23,58,0.48431,11.08,1.84,-18.43,-18.06,-3.38,42.36
23,59,0.49268,10.93,1.81,-18.06,-18.98,-3.64,44.53
23,60,0.50024,10.85,1.79,-17.73,-10.48,-2.65,43.55
23,61,0.50879,10.77,1.77,-17.40,-9.29,-2.34,38.57
23,62,0.51697,10.69,1.75,-17.07,-9.70,-2.45,40.30
23,63,0.52533,10.61,1.73,-16.74,-9.49,-2.40,39.42
23,64,0.53424,10.53,1.71,-16.41,-8.90,-2.33,36.99
23,65,0.54205,10.45,1.69,-16.08,-10.16,-2.56,42.19
23,66,0.55029,10.37,1.67,-15.75,-9.63,-2.43,40.00
23,67,0.55884,10.29,1.65,-15.42,-9.29,-2.34,38.57
23,68,0.56708,10.25,1.64,-15.21,-4.81,-1.41,25.93
23,69,0.57544,10.21,1.63,-15.00,-4.74,-1.44,25.55
23,70,0.58435,10.22,1.63,-14.95,1.03,-0.06,5.48
23,71,0.59192,10.23,1.62,-14.90,1.21,-0.12,6.45
23,72,0.60022,10.24,1.62,-14.85,1.10,-0.07,5.88
23,73,0.60852,10.25,1.62,-14.80,1.10,-0.11,5.88
23,74,0.61682,10.29,1.63,-14.90,5.51,1.04,-11.76
23,75,0.62518,10.34,1.64,-15.00,5.47,1.03,-11.68
23,76,0.63342,10.39,1.65,-15.26,5.93,1.70,-31.85
23,77,0.64178,10.44,1.67,-15.52,5.84,1.77,-31.39
23,78,0.65063,10.55,1.70,-15.94,13.10,3.10,-46.90
23,79,0.65839,10.67,1.72,-16.35,14.96,3.44,-53.54
23,80,0.66638,10.86,1.76,-16.89,24.05,4.97,-67.94
23,81,0.67468,11.05,1.80,-17.44,23.16,4.79,-65.44
23,82,0.68317,11.30,1.85,-18.14,29.14,6.09,-82.73
23,83,0.69189,11.55,1.91,-18.84,28.32,5.88,-80.42
23,84,0.70013,11.80,1.96,-19.54,30.00,6.18,-85.19
23,85,0.70813,12.04,2.01,-20.25,30.92,6.47,-87.79
23,86,0.71643,12.31,2.06,-21.00,31.99,6.61,-91.18
23,87,0.72491,12.57,2.12,-21.76,31.29,6.56,-89.21
23,88,0.73395,12.84,2.17,-22.52,29.39,6.12,-83.78
23,89,0.74164,13.10,2.23,-23.27,34.52,7.10,-97.62
23,90,0.75000,13.32,2.27,-23.77,25.55,4.92,-60.58
23,91,0.75854,13.53,2.31,-24.28,24.64,4.78,-59.29
23,92,0.76666,13.64,2.33,-24.60,13.91,2.84,-39.85
23,93,0.77509,13.75,2.36,-24.93,13.41,2.78,-38.41
23,94,0.78400,13.79,2.37,-25.10,3.77,1.11,-19.18
23,95,0.79181,13.82,2.38,-25.27,4.30,1.17,-21.88
23,96,0.80011,13.85,2.39,-25.44,4.04,1.24,-20.59
23,97,0.80865,13.89,2.40,-25.61,3.93,1.11,-20.00
23,98,0.81714,13.85,2.39,-25.66,-4.32,-0.33,-5.76
24,0,0.00000,0.00,0.00,0.00,-179.63,-7.18,215.56
24,1,0.00848,-1.48,-0.06,1.78,-174.46,-7.01,209.35
24,2,0.01678,-2.90,-0.10,4.00,-171.32,-5.25,268.38
24,3,0.02545,-4.32,-0.15,6.23,-164.08,-4.94,257.04
24,4,0.03442,-5.99,-0.19,9.03,-185.71,-5.14,311.56
24,5,0.04218,-7.66,-0.25,11.83,-214.96,-6.91,361.02
24,6,0.05066,-9.12,-0.32,14.84,-171.94,-8.92,355.40
24,7,0.05896,-10.57,-0.62,17.85,-175.74,-36.02,362.87
24,8,0.06720,-11.62,-0.96,19.87,-127.04,-41.31,244.81
24,9,0.07562,-12.67,-1.29,21.89,-124.28,-39.22,239.49
24,10,0.08392,-13.26,-1.45,22.85,-71.69,-19.73,115.81
24,11,0.09277,-13.86,-1.62,23.81,-67.24,-18.51,108.62
24,12,0.10052,-14.26,-1.73,24.51,-51.97,-14.74,90.94
24,13,0.10895,-14.65,-1.84,25.21,-46.74,-13.09,82.25
24,14,0.11719,-14.93,-1.93,25.77,-33.70,-9.94,67.78
24,15,0.12555,-15.21,-2.01,26.32,-32.85,-9.61,66.42
24,16,0.13452,-15.30,-2.04,26.75,-9.86,-4.04,47.96
24,17,0.14221,-15.38,-2.08,27.18,-11.51,-4.66,55.95
24,18,0.15039,-15.37,-2.09,27.49,1.12,-1.38,37.31
24,19,0.15881,-15.36,-2.10,27.79,1.45,-1.12,35.87
24,20,0.16693,-15.30,-2.09,27.99,7.52,0.54,24.44
24,21,0.17535,-15.24,-2.09,28.18,7.61,0.56,23.19
24,22,0.18347,-15.10,-2.06,28.23,17.29,3.43,5.26
24,23,0.19189,-14.96,-2.03,28.27,16.67,3.26,5.07
24,24,0.20081,-14.82,-2.01,28.31,15.75,3.04,4.79
24,25,0.20862,-14.67,-1.98,28.35,18.36,3.72,5.08
24,26,0.21680,-14.49,-1.94,28.29,22.01,4.85,-7.09
24,27,0.22516,-14.31,-1.90,28.23,21.53,4.84,-6.93
24,28,0.23413,-14.13,-1.86,28.18,20.07,4.46,-6.46
24,29,0.24188,-13.95,-1.82,28.12,23.23,5.13,-7.87
24,30,0.25012,-13.77,-1.77,27.96,21.85,5.32,-19.26
24,31,0.25848,-13.59,-1.73,27.80,21.53,5.33,-18.98
24,32,0.26697,-13.41,-1.69,27.64,21.22,5.21,-18.71
24,33,0.27527,-13.23,-1.64,27.48,21.69,5.32,-19.12
24,34,0.28351,-13.05,-1.60,27.32,21.85,5.36,-19.26
24,35,0.29242,-12.87,-1.55,27.16,20.21,4.93,-18.15
24,36,0.30017,-12.72,-1.51,26.93,20.08,5.40,-29.13
24,37,0.30847,-12.56,-1.47,26.71,18.75,5.09,-27.21
24,38,0.31683,-12.41,-1.43,26.48,18.61,5.01,-27.01
24,39,0.32526,-12.25,-1.39,26.25,18.48,4.94,-27.17
24,40,0.33405,-12.10,-1.34,25.90,17.01,5.24,-40.62
24,41,0.34180,-11.95,-1.29,25.54,19.29,5.94,-46.06
24,42,0.35016,-11.80,-1.25,25.18,17.88,5.51,-42.70
24,43,0.35858,-11.65,-1.20,24.83,17.75,5.47,-42.39
24,44,0.36682,-11.50,-1.15,24.47,18.15,5.59,-43.33
24,45,0.37524,-11.35,-1.11,24.11,17.75,5.47,-42.39
24,46,0.38367,-11.20,-1.06,23.75,17.75,5.47,-42.39
24,47,0.39258,-11.05,-1.02,23.40,16.78,5.17,-40.07
24,48,0.40015,-10.90,-0.97,23.04,19.76,6.09,-47.18
24,49,0.40869,-10.75,-0.92,22.68,17.50,5.39,-41.79
24,50,0.41687,-10.62,-0.88,22.30,16.04,5.30,-47.01
24,51,0.42542,-10.49,-0.84,21.91,15.36,5.17,-45.00
24,52,0.43463,-10.36,-0.79,21.53,14.24,4.66,-41.72
24,53,0.44189,-10.23,-0.75,21.14,18.07,6.04,-53.36
24,54,0.45026,-10.10,-0.71,20.76,15.69,5.14,-45.99
24,55,0.45868,-9.97,-0.66,20.37,15.58,5.14,-45.65
24,56,0.46692,-9.84,-0.62,19.99,15.93,4.88,-46.67
24,57,0.47522,-9.70,-0.59,19.60,15.81,4.69,-46.32
24,58,0.48358,-9.57,-0.55,19.22,15.69,4.36,-45.99
24,59,0.49182,-9.45,-0.51,18.84,15.56,4.13,-46.30
24,60,0.50067,-9.39,-0.50,18.51,6.21,2.02,-37.59
24,61,0.50848,-9.34,-0.48,18.17,7.03,2.26,-42.58
24,62,0.51672,-9.28,-0.46,17.84,6.67,2.04,-40.37
24,63,0.52521,-9.23,-0.45,17.51,6.47,1.84,-39.21
24,64,0.53424,-9.17,-0.43,17.18,6.08,1.67,-36.82
24,65,0.54199,-9.12,-0.42,16.84,7.09,1.85,-42.91
24,66,0.55054,-9.06,-0.40,16.51,6.43,1.54,-38.93
24,67,0.55884,-9.01,-0.39,16.18,6.25,1.45,-39.71
24,68,0.56726,-8.99,-0.39,15.97,2.54,0.65,-25.36
24,69,0.57574,-8.97,-0.38,15.76,2.52,0.60,-24.82
24,70,0.58417,-8.98,-0.38,15.71,-1.81,-0.23,-5.43
24,71,0.59259,-9.00,-0.39,15.66,-1.81,-0.21,-5.43
24,72,0.60156,-9.01,-0.39,15.62,-1.70,-0.20,-5.10
24,73,0.60925,-9.03,-0.39,15.58,-1.98,-0.24,-5.16
24,74,0.61755,-9.07,-0.40,15.68,-4.78,-0.81,12.13
24,75,0.62585,-9.10,-0.40,15.79,-4.41,-0.76,13.24
24,76,0.63483,-9.13,-0.41,16.06,-3.06,-0.79,29.59
24,77,0.64258,-9.16,-0.42,16.33,-3.94,-1.07,35.43
24,78,0.65088,-9.24,-0.44,16.75,-9.93,-2.24,50.74
24,79,0.65924,-9.33,-0.46,17.18,-10.58,-2.59,51.09
24,80,0.66754,-9.48,-0.49,17.74,-18.01,-4.31,67.28
24,81,0.67590,-9.63,-0.53,18.30,-18.25,-4.80,67.88
24,82,0.68414,-9.83,-0.59,19.02,-23.33,-6.67,87.41
24,83,0.69257,-10.02,-0.65,19.74,-22.83,-7.25,85.51
24,84,0.70148,-10.21,-0.72,20.47,-21.58,-7.48,80.82
24,85,0.70923,-10.41,-0.79,21.19,-25.20,-9.39,93.31
24,86,0.71753,-10.61,-0.86,21.96,-25.00,-9.17,93.01
24,87,0.72638,-10.82,-0.94,22.73,-23.45,-8.51,87.24
24,88,0.73492,-11.03,-1.02,23.50,-24.29,-8.86,90.36
24,89,0.74255,-11.23,-1.09,24.26,-26.80,-9.77,99.60
24,90,0.75092,-11.40,-1.15,24.79,-20.44,-6.84,62.41
24,91,0.75916,-11.57,-1.20,25.30,-20.37,-6.90,61.85
24,92,0.76733,-11.66,-1.24,25.63,-10.82,-3.94,40.67
24,93,0.77570,-11.74,-1.27,25.95,-9.85,-3.51,38.69
24,94,0.78394,-11.76,-1.28,26.13,-2.22,-1.41,21.11
24,95,0.79285,-11.78,-1.29,26.30,-2.05,-1.22,19.52
24,96,0.80048,-11.80,-1.30,26.47,-2.40,-1.43,22.80
24,97,0.80890,-11.81,-1.31,26.64,-1.81,-1.19,19.93
24,98,0.81714,-11.77,-1.30,26.69,4.81,0.75,5.93
25,0,0.00000,0.00,0.00,0.00,-159.26,29.99,176.67
25,1,0.00830,-1.11,0.15,1.60,-133.82,18.54,192.65
25,2,0.01764,-2.47,0.34,3.56,-145.75,20.40,209.48
25,3,0.02527,-3.85,0.53,5.53,-180.80,24.91,259.20
25,4,0.03351,-5.56,0.77,7.98,-207.41,29.19,296.67
25,5,0.04187,-7.26,1.02,10.42,-203.65,28.76,292.34
25,6,0.05023,-9.08,1.27,13.02,-217.52,29.97,310.95
25,7,0.05872,-10.88,1.52,15.62,-212.23,29.70,306.12
25,8,0.06653,-12.10,1.69,17.37,-155.47,21.56,223.83
25,9,0.07513,-13.32,1.86,19.10,-141.84,19.92,201.77
25,10,0.08417,-13.90,1.94,19.95,-64.86,9.19,93.58
25,11,0.09186,-14.49,2.02,20.79,-76.19,10.47,109.92
25,12,0.10004,-14.91,2.20,21.41,-51.49,21.65,74.63
25,13,0.10846,-15.34,2.26,22.01,-50.72,6.72,71.74
25,14,0.11774,-15.68,2.19,22.49,-36.84,-7.13,51.64
25,15,0.12518,-16.02,2.24,22.98,-45.08,6.28,65.57
25,16,0.13336,-16.30,2.29,23.32,-34.33,6.06,41.42
25,17,0.14191,-16.57,2.33,23.65,-32.14,5.47,39.29
25,18,0.15021,-16.71,2.34,23.93,-16.18,0.77,33.09
25,19,0.15863,-16.83,2.34,24.20,-15.22,0.53,32.61
25,20,0.16675,-16.87,2.32,24.40,-4.51,-2.38,25.19
25,21,0.17584,-16.91,2.31,24.61,-4.03,-2.02,22.15
25,22,0.18341,-16.80,2.25,24.71,13.71,-7.13,13.71
25,23,0.19196,-16.70,2.20,24.81,12.14,-6.13,12.14
25,24,0.20020,-16.60,2.15,24.92,12.59,-6.35,12.59
25,25,0.20850,-16.49,2.09,25.02,13.24,-6.71,12.13
25,26,0.21735,-16.30,2.02,25.05,20.69,-7.88,3.45
25,27,0.22510,-16.12,1.95,25.08,23.62,-8.99,3.94
25,28,0.23340,-15.94,1.88,25.11,22.06,-8.59,3.68
25,29,0.24188,-15.75,1.81,25.14,22.30,-8.61,3.24
25,30,0.25018,-15.52,1.73,25.08,27.94,-8.82,-6.99
25,31,0.25848,-15.28,1.66,25.02,27.94,-9.07,-6.99
25,32,0.26678,-15.05,1.58,24.96,27.94,-8.88,-6.99
25,33,0.27515,-14.82,1.51,24.91,27.74,-9.01,-6.93
25,34,0.28436,-14.59,1.43,24.85,25.17,-8.17,-6.29
25,35,0.29187,-14.36,1.36,24.79,30.89,-9.81,-7.72
25,36,0.30011,-14.11,1.29,24.66,29.63,-8.11,-15.56
25,37,0.30847,-13.87,1.22,24.53,29.20,-8.24,-15.33
25,38,0.31769,-13.62,1.16,24.40,26.49,-7.48,-13.91
25,39,0.32526,-13.38,1.09,24.27,32.26,-8.77,-17.34
25,40,0.33344,-13.08,1.02,24.03,36.57,-8.67,-29.85
25,41,0.34192,-12.78,0.95,23.79,35.25,-8.11,-28.78
25,42,0.35028,-12.48,0.88,23.54,35.77,-8.48,-29.20
25,43,0.35864,-12.18,0.81,23.30,35.77,-8.29,-29.20
25,44,0.36694,-11.88,0.74,23.05,36.03,-8.49,-29.41
25,45,0.37518,-11.58,0.67,22.81,36.30,-8.55,-29.63
25,46,0.38409,-11.29,0.60,22.56,33.56,-7.86,-27.40
25,47,0.39197,-10.99,0.53,22.32,37.98,-9.01,-31.01
25,48,0.40027,-10.69,0.46,22.08,36.03,-8.43,-29.41
25,49,0.40875,-10.39,0.39,21.83,35.25,-8.06,-29.14
25,50,0.41760,-10.10,0.33,21.55,33.10,-7.18,-31.38
25,51,0.42535,-9.80,0.26,21.27,37.80,-8.08,-35.83
25,52,0.43365,-9.51,0.20,21.00,35.29,-7.41,-33.46
25,53,0.44232,-9.22,0.14,20.72,33.80,-7.33,-32.04
25,54,0.45050,-8.92,0.07,20.44,35.82,-7.77,-33.96
25,55,0.45880,-8.63,0.01,20.16,35.29,-7.40,-33.46
25,56,0.46722,-8.34,-0.05,19.89,34.78,-7.35,-32.97
25,57,0.47540,-8.04,-0.11,19.61,35.82,-7.92,-33.96
25,58,0.48370,-7.75,-0.18,19.33,35.29,-7.46,-33.46
25,59,0.49231,-7.46,-0.24,19.05,34.04,-7.20,-32.27
25,60,0.50067,-7.26,-0.27,18.78,24.09,-3.77,-32.12
25,61,0.50879,-7.06,-0.30,18.52,24.81,-3.94,-33.08
25,62,0.51770,-6.85,-0.33,18.25,22.60,-3.59,-30.14
25,63,0.52551,-6.65,-0.36,17.97,25.78,-3.91,-34.77
25,64,0.53381,-6.45,-0.39,17.71,24.26,-3.60,-32.35
25,65,0.54218,-6.25,-0.42,17.44,24.09,-3.63,-32.12
25,66,0.55054,-6.05,-0.46,17.17,24.09,-4.02,-32.12
25,67,0.55902,-5.85,-0.49,16.90,23.74,-3.71,-31.29
25,68,0.56720,-5.73,-0.50,16.72,14.93,-1.87,-22.01
25,69,0.57599,-5.61,-0.52,16.55,13.19,-1.78,-19.79
25,70,0.58362,-5.60,-0.52,16.50,1.60,0.54,-6.40
25,71,0.59216,-5.59,-0.51,16.45,0.71,0.55,-5.71
25,72,0.60034,-5.58,-0.51,16.40,1.49,0.42,-5.97
25,73,0.60870,-5.57,-0.50,16.36,0.73,0.45,-5.11
25,74,0.61768,-5.65,-0.49,16.43,-8.84,2.10,7.82
25,75,0.62537,-5.74,-0.47,16.51,-11.11,2.25,9.92
25,76,0.63373,-5.88,-0.45,16.73,-17.52,2.35,26.64
25,77,0.64209,-6.04,-0.43,16.96,-18.25,2.30,27.37
25,78,0.65033,-6.30,-0.38,17.29,-32.59,5.67,40.37
25,79,0.65875,-6.58,-0.33,17.63,-32.61,5.61,39.86
25,80,0.66687,-6.97,-0.26,18.05,-48.12,9.25,52.26
25,81,0.67572,-7.37,-0.19,18.48,-44.83,8.41,48.62
25,82,0.68353,-7.87,-0.08,19.03,-64.84,12.88,69.92
25,83,0.69183,-8.38,0.01,19.57,-61.03,11.87,65.81
25,84,0.70020,-8.89,0.11,20.12,-60.58,11.79,65.33
25,85,0.70868,-9.39,0.21,20.67,-59.71,11.42,64.75
25,86,0.71692,-9.94,0.31,21.26,-65.93,12.74,71.11
25,87,0.72528,-10.48,0.42,21.84,-64.96,12.69,70.07
25,88,0.73352,-11.02,0.52,22.43,-65.93,12.68,71.11
25,89,0.74200,-11.56,0.63,23.01,-63.31,12.41,68.35
25,90,0.75031,-11.96,0.71,23.39,-47.79,9.96,45.96
25,91,0.75861,-12.35,0.79,23.77,-47.06,9.89,45.59
25,92,0.76678,-12.58,0.84,24.02,-28.36,5.59,30.97
25,93,0.77588,-12.81,0.88,24.27,-24.83,4.66,27.52
25,94,0.78418,-12.90,0.90,24.42,-11.76,1.51,17.65
25,95,0.79187,-13.00,0.91,24.56,-12.70,1.69,19.05
25,96,0.80035,-13.10,0.92,24.71,-11.51,1.42,17.27
25,97,0.80872,-13.19,0.93,24.85,-10.95,1.49,17.15
25,98,0.81689,-13.18,0.92,24.91,1.49,-1.76,7.46
26,0,0.00000,0.00,0.00,0.00,-202.96,17.19,194.07
26,1,0.00842,-1.67,0.14,1.60,-198.55,16.79,189.86
26,2,0.01672,-3.34,0.31,3.65,-200.37,20.24,247.06
26,3,0.02576,-5.00,0.48,5.70,-184.12,18.59,227.03
26,4,0.03351,-6.97,0.69,8.29,-254.33,26.88,334.25
26,5,0.04205,-8.94,0.88,10.88,-230.71,22.23,303.21
26,6,0.05035,-10.73,1.00,13.71,-215.81,15.12,340.81
26,7,0.05884,-12.52,0.93,16.54,-211.15,-8.35,333.45
26,8,0.06750,-13.79,0.94,18.43,-146.13,1.06,217.61
26,9,0.07550,-15.06,0.95,20.31,-158.40,1.15,235.88
26,10,0.08447,-15.76,0.95,21.20,-78.23,0.55,98.98
26,11,0.09283,-16.47,0.96,22.10,-85.04,0.60,107.66
26,12,0.10059,-16.95,0.96,22.75,-61.42,0.44,84.25
26,13,0.10870,-17.41,0.97,23.39,-57.52,0.41,78.95
26,14,0.11707,-17.75,0.97,23.92,-40.51,0.30,62.41
26,15,0.12640,-18.08,0.97,24.44,-35.62,0.26,55.56
26,16,0.13361,-18.23,0.97,24.87,-19.49,0.17,59.75
26,17,0.14197,-18.36,0.97,25.27,-15.69,0.14,48.91
26,18,0.15033,-18.38,0.97,25.58,-2.92,0.06,36.50
26,19,0.15875,-18.40,0.97,25.88,-2.54,0.05,35.51
26,20,0.16736,-18.36,0.97,26.08,4.61,0.00,23.76
26,21,0.17529,-18.32,0.97,26.28,5.38,-0.01,24.62
26,22,0.18378,-18.19,0.97,26.34,15.83,-0.08,6.83
26,23,0.19189,-18.05,0.97,26.39,16.54,-0.09,7.14
26,24,0.20032,-17.92,0.97,26.45,15.94,-0.08,6.88
26,25,0.20850,-17.78,0.97,26.50,16.79,-0.09,6.34
26,26,0.21680,-17.60,0.97,26.46,22.06,-0.13,-4.78
26,27,0.22516,-17.41,0.97,26.43,21.90,-0.13,-4.74
26,28,0.23340,-17.23,0.97,26.39,22.22,-0.13,-4.81
26,29,0.24176,-17.04,0.97,26.34,22.26,-0.13,-5.47
26,30,0.25006,-16.85,0.96,26.20,23.90,-0.15,-16.54
26,31,0.25842,-16.65,0.96,26.07,23.72,-0.15,-16.42
26,32,0.26697,-16.45,0.96,25.93,23.21,-0.15,-16.07
26,33,0.27527,-16.25,0.96,25.79,23.90,-0.16,-16.54
26,34,0.28424,-16.05,0.96,25.65,22.11,-0.14,-15.31
26,35,0.29187,-15.86,0.96,25.51,25.60,-0.17,-18.80
26,36,0.30011,-15.68,0.96,25.31,21.85,-0.15,-24.81
26,37,0.30847,-15.50,0.96,25.10,21.53,-0.15,-24.45
26,38,0.31677,-15.32,0.95,24.89,21.69,-0.15,-25.00
26,39,0.32611,-15.14,0.95,24.68,19.28,-0.13,-22.88
26,40,0.33356,-14.95,0.95,24.34,25.41,-0.19,-45.08
26,41,0.34186,-14.76,0.95,24.01,22.79,-0.18,-40.44
26,42,0.35022,-14.57,0.95,23.67,22.63,-0.17,-40.15
26,43,0.35870,-14.38,0.95,23.34,22.30,-0.17,-39.57
26,44,0.36700,-14.19,0.95,23.00,22.79,-0.17,-40.44
26,45,0.37579,-14.00,0.94,22.67,21.53,-0.16,-38.19
26,46,0.38409,-13.81,0.94,22.33,22.79,-0.17,-40.44
26,47,0.39178,-13.62,0.94,21.99,24.60,-0.19,-43.65
26,48,0.40009,-13.43,0.94,21.66,22.79,-0.17,-40.44
26,49,0.40839,-13.24,0.94,21.32,22.79,-0.17,-40.81
26,50,0.41675,-13.07,0.94,20.95,20.80,-0.16,-43.80
26,51,0.42596,-12.90,0.94,20.59,18.87,-0.15,-39.74
26,52,0.43341,-12.72,0.94,20.22,23.36,-0.18,-49.18
26,53,0.44177,-12.55,0.93,19.85,20.80,-0.16,-43.80
26,54,0.45001,-12.37,0.93,19.49,21.11,-0.17,-44.44
26,55,0.45837,-12.20,0.93,19.12,20.80,-0.16,-43.80
26,56,0.46686,-12.03,0.93,18.76,20.50,-0.16,-43.17
26,57,0.47589,-11.85,0.93,18.39,19.26,-0.15,-40.54
26,58,0.48383,-11.68,0.93,18.02,21.92,-0.17,-46.15
26,59,0.49176,-11.51,0.93,17.66,21.15,-0.17,-45.77
26,60,0.50000,-11.42,0.92,17.34,11.11,-0.10,-39.26
26,61,0.50842,-11.33,0.92,17.01,10.87,-0.10,-38.41
26,62,0.51691,-11.24,0.92,16.69,10.79,-0.10,-38.13
26,63,0.52606,-11.15,0.92,16.37,10.00,-0.09,-35.33
26,64,0.53339,-11.05,0.92,16.04,12.50,-0.11,-44.17
26,65,0.54187,-10.96,0.92,15.72,10.79,-0.10,-38.13
26,66,0.55011,-10.87,0.92,15.40,11.11,-0.10,-39.26
26,67,0.55853,-10.78,0.92,15.08,10.51,-0.10,-37.68
26,68,0.56689,-10.74,0.93,14.87,5.47,1.50,-25.18
26,69,0.57581,-10.69,0.93,14.67,4.79,-0.22,-22.60
26,70,0.58362,-10.70,0.92,14.62,-1.17,-1.19,-6.25
26,71,0.59192,-10.71,0.92,14.57,-1.10,-0.00,-5.88
26,72,0.60022,-10.72,0.92,14.52,-1.10,-0.00,-5.88
26,73,0.60864,-10.73,0.92,14.48,-1.45,-0.06,-4.71
26,74,0.61713,-10.78,0.91,14.58,-5.76,-0.76,11.15
26,75,0.62531,-10.83,0.91,14.68,-5.97,-0.05,13.06
26,76,0.63367,-10.89,0.91,14.94,-6.93,-0.91,31.39
26,77,0.64203,-10.95,0.90,15.22,-7.30,-0.17,32.48
26,78,0.65033,-11.08,0.92,15.62,-15.81,2.10,49.26
26,79,0.65887,-11.22,0.92,16.04,-16.07,0.14,48.57
26,80,0.66718,-11.43,0.92,16.58,-25.37,0.21,64.71
26,81,0.67542,-11.65,0.93,17.13,-26.30,0.22,66.67
26,82,0.68451,-11.92,0.93,17.82,-29.87,0.25,76.17
26,83,0.69220,-12.19,0.93,18.51,-35.32,0.30,90.08
26,84,0.70038,-12.46,0.93,19.20,-33.21,0.27,84.70
26,85,0.70892,-12.73,0.93,19.90,-32.14,0.27,81.43
26,86,0.71735,-13.03,0.94,20.65,-34.78,0.29,88.41
26,87,0.72559,-13.32,0.94,21.39,-35.56,0.29,90.37
26,88,0.73395,-13.61,0.94,22.13,-35.04,0.29,89.05
26,89,0.74231,-13.90,0.94,22.86,-34.67,0.29,87.23
26,90,0.75055,-14.13,0.95,23.36,-27.78,0.22,60.74
26,91,0.75885,-14.36,0.95,23.85,-26.84,0.21,58.82
26,92,0.76709,-14.48,0.95,24.17,-15.19,0.13,38.89
26,93,0.77557,-14.60,0.95,24.48,-14.03,0.12,36.69
26,94,0.78448,-14.64,0.95,24.66,-4.45,0.05,19.18
26,95,0.79230,-14.68,0.95,24.83,-5.08,0.05,21.88
26,96,0.80035,-14.72,0.95,25.00,-4.92,0.05,21.21
26,97,0.80896,-14.75,0.95,25.16,-3.90,0.04,19.15
26,98,0.81714,-14.72,0.95,25.21,4.10,-0.02,6.34
27,0,0.00000,0.00,0.00,0.00,205.32,-5.54,-173.40
27,1,0.00818,1.77,-0.05,-1.49,216.04,-5.84,-182.46
27,2,0.01636,3.56,-0.09,-3.44,218.66,-5.07,-237.69
27,3,0.02515,5.34,-0.13,-5.38,203.47,-4.70,-221.18
27,4,0.03302,7.47,-0.18,-7.85,270.16,-5.93,-313.18
27,5,0.04132,9.60,-0.22,-10.31,256.25,-5.60,-297.06
27,6,0.04968,11.56,-0.26,-13.02,234.67,-4.29,-324.45
27,7,0.05811,13.52,-0.30,-15.74,232.61,-4.26,-322.10
27,8,0.06635,14.90,-0.32,-17.54,167.41,-3.23,-219.26
27,9,0.07507,16.28,-0.35,-19.35,158.04,-3.10,-206.64
27,10,0.08301,17.03,-0.37,-20.19,95.00,-2.15,-106.54
27,11,0.09180,17.79,-0.38,-21.04,85.76,-1.93,-96.18
27,12,0.09998,18.30,-0.39,-21.66,62.31,-1.31,-75.37
27,13,0.10809,18.80,-0.40,-22.27,62.78,-1.31,-75.94
27,14,0.11646,19.17,-0.41,-22.77,44.16,-0.81,-59.85
27,15,0.12463,19.54,-0.42,-23.27,45.15,-0.88,-61.19
27,16,0.13342,19.71,-0.42,-23.68,18.40,0.03,-46.53
27,17,0.14148,19.87,-0.42,-24.09,20.08,-0.01,-50.76
27,18,0.14972,19.91,-0.41,-24.40,5.19,0.42,-37.04
27,19,0.15826,19.95,-0.41,-24.70,5.00,0.37,-35.36
27,20,0.16650,19.93,-0.41,-24.91,-2.96,0.51,-25.19
27,21,0.17480,19.90,-0.40,-25.11,-3.31,0.54,-24.63
27,22,0.18298,19.77,-0.40,-25.18,-16.04,0.77,-8.21
27,23,0.19147,19.64,-0.39,-25.24,-15.47,0.79,-7.91
27,24,0.19983,19.51,-0.38,-25.31,-15.69,0.76,-8.03
27,25,0.20795,19.38,-0.38,-25.38,-16.17,0.80,-8.27
27,26,0.21674,19.19,-0.37,-25.35,-21.18,0.82,3.12
27,27,0.22473,19.00,-0.36,-25.32,-23.28,0.86,3.44
27,28,0.23309,18.82,-0.36,-25.30,-22.26,0.88,3.28
27,29,0.24158,18.63,-0.35,-25.27,-21.94,0.85,3.24
27,30,0.24969,18.43,-0.34,-25.14,-25.19,0.76,15.41
27,31,0.25842,18.22,-0.34,-25.02,-23.43,0.70,14.34
27,32,0.26648,18.02,-0.33,-24.89,-25.38,0.81,15.53
27,33,0.27484,17.81,-0.32,-24.77,-24.45,0.76,14.96
27,34,0.28314,17.61,-0.32,-24.64,-24.63,0.75,15.07
27,35,0.29150,17.40,-0.31,-24.52,-24.45,0.76,14.96
27,36,0.29974,17.21,-0.31,-24.32,-23.33,0.57,23.70
27,37,0.30798,17.02,-0.30,-24.13,-23.33,0.55,23.70
27,38,0.31641,16.83,-0.30,-23.93,-22.83,0.58,23.19
27,39,0.32526,16.64,-0.29,-23.74,-21.72,0.51,22.07
27,40,0.33350,16.42,-0.29,-23.41,-25.56,0.43,39.26
27,41,0.34161,16.21,-0.29,-23.09,-25.94,0.39,39.85
27,42,0.34979,16.00,-0.28,-22.77,-25.75,0.41,39.55
27,43,0.35846,15.79,-0.28,-22.44,-24.30,0.38,37.32
27,44,0.36670,15.58,-0.28,-22.12,-25.56,0.41,39.26
27,45,0.37463,15.37,-0.27,-21.80,-26.54,0.40,40.77
27,46,0.38336,15.16,-0.27,-21.47,-24.13,0.40,37.06
27,47,0.39160,14.95,-0.27,-21.15,-25.56,0.38,39.26
27,48,0.40002,14.74,-0.26,-20.83,-25.00,0.42,38.41
27,49,0.40802,14.53,-0.26,-20.50,-26.34,0.39,40.46
27,50,0.41638,14.33,-0.26,-20.15,-23.36,0.29,42.34
27,51,0.42487,14.14,-0.25,-19.79,-23.02,0.24,41.73
27,52,0.43311,13.94,-0.25,-19.44,-23.70,0.29,42.96
27,53,0.44159,13.75,-0.25,-19.09,-23.02,0.24,41.73
27,54,0.44971,13.55,-0.25,-18.73,-24.06,0.28,43.61
27,55,0.45807,13.36,-0.25,-18.38,-23.36,0.29,42.34
27,56,0.46643,13.16,-0.24,-18.02,-23.36,0.24,42.34
27,57,0.47491,12.97,-0.24,-17.67,-23.02,0.26,41.73
27,58,0.48309,12.77,-0.24,-17.32,-23.88,0.27,43.28
27,59,0.49164,12.58,-0.24,-16.96,-22.86,0.26,41.43
27,60,0.49976,12.47,-0.24,-16.64,-13.53,-0.06,39.10
27,61,0.50818,12.36,-0.24,-16.33,-13.04,-0.13,37.68
27,62,0.51660,12.25,-0.24,-16.01,-13.04,-0.06,37.68
27,63,0.52515,12.14,-0.24,-15.69,-12.86,-0.10,37.14
27,64,0.53308,12.03,-0.24,-15.37,-13.85,-0.09,40.00
27,65,0.54144,11.92,-0.24,-15.06,-13.14,-0.08,37.96
27,66,0.54993,11.81,-0.24,-14.74,-12.95,-0.08,37.41
27,67,0.55804,11.70,-0.24,-14.42,-13.53,-0.08,39.10
27,68,0.56628,11.64,-0.24,-14.22,-7.04,-0.12,25.19
27,69,0.57471,11.58,-0.24,-14.01,-6.88,-0.12,24.64
27,70,0.58301,11.59,-0.25,-13.96,0.74,-0.15,5.88
27,71,0.59155,11.59,-0.25,-13.91,0.71,-0.10,5.71
27,72,0.60010,11.60,-0.25,-13.86,0.71,-0.12,5.71
27,73,0.60815,11.61,-0.25,-13.82,1.14,-0.15,5.30
27,74,0.61682,11.66,-0.25,-13.91,6.34,-0.09,-10.56
27,75,0.62555,11.72,-0.25,-14.01,6.29,-0.05,-11.19
27,76,0.63361,11.79,-0.25,-14.26,9.09,0.13,-31.82
27,77,0.64191,11.87,-0.25,-14.53,9.19,0.14,-31.62
27,78,0.65015,12.02,-0.25,-14.93,18.89,0.04,-48.52
27,79,0.65857,12.18,-0.25,-15.33,18.84,0.02,-48.19
27,80,0.66687,12.43,-0.25,-15.86,29.41,-0.20,-63.24
27,81,0.67505,12.67,-0.25,-16.39,30.22,-0.16,-64.93
27,82,0.68335,12.99,-0.25,-17.06,37.87,-0.22,-81.25
27,83,0.69208,13.30,-0.25,-17.74,36.01,-0.22,-77.27
27,84,0.70007,13.62,-0.26,-18.41,39.31,-0.26,-84.35
27,85,0.70844,13.93,-0.26,-19.09,37.96,-0.21,-81.02
27,86,0.71698,14.27,-0.26,-19.81,39.64,-0.24,-84.64
27,87,0.72559,14.61,-0.26,-20.54,39.36,-0.22,-84.04
27,88,0.73370,14.95,-0.26,-21.26,41.73,-0.23,-89.10
27,89,0.74207,15.29,-0.27,-21.97,40.15,-0.28,-85.40
27,90,0.75018,15.55,-0.27,-22.46,31.95,-0.34,-59.77
27,91,0.75879,15.80,-0.27,-22.94,29.79,-0.29,-55.67
27,92,0.76697,15.95,-0.27,-23.25,17.91,-0.12,-38.43
27,93,0.77539,16.09,-0.27,-23.56,16.67,-0.06,-36.59
27,94,0.78339,16.14,-0.27,-23.73,6.11,0.07,-20.99
27,95,0.79193,16.19,-0.27,-23.90,5.71,0.12,-19.64
27,96,0.80011,16.24,-0.27,-24.06,5.97,0.07,-20.52
27,97,0.80835,16.28,-0.27,-24.23,5.56,0.12,-20.00
27,98,0.81689,16.25,-0.27,-24.28,-3.57,0.23,-6.43
28,0,0.00000,0.00,0.00,0.00,206.64,15.83,-166.08
28,1,0.00806,1.80,0.14,-1.45,223.86,17.15,-179.92
28,2,0.01709,3.64,0.30,-3.35,203.04,17.71,-210.47
28,3,0.02460,5.47,0.46,-5.25,244.31,21.29,-253.25
28,4,0.03314,7.66,0.66,-7.67,255.71,23.06,-282.50
28,5,0.04144,9.84,0.85,-10.08,263.24,23.72,-290.81
28,6,0.05017,11.87,1.05,-12.75,231.82,23.16,-305.59
28,7,0.05823,13.89,1.26,-15.41,251.14,25.06,-331.06
28,8,0.06659,15.31,1.39,-17.19,170.07,16.39,-212.04
28,9,0.07458,16.73,1.53,-18.96,177.86,17.19,-221.76
28,10,0.08282,17.51,1.60,-19.79,94.07,8.32,-100.37
28,11,0.09131,18.28,1.67,-20.61,91.37,8.06,-97.48
28,12,0.09955,18.81,1.72,-21.22,63.70,5.91,-73.33
28,13,0.10803,19.33,1.76,-21.82,61.87,5.70,-71.22
28,14,0.11639,19.71,1.80,-22.31,45.62,4.49,-58.76
28,15,0.12476,20.10,1.84,-22.81,45.62,4.49,-58.76
28,16,0.13306,20.27,1.86,-23.21,20.59,3.03,-48.53
28,17,0.14160,20.44,1.89,-23.61,20.00,2.92,-47.14
28,18,0.15015,20.49,1.91,-23.91,6.07,1.84,-35.36
28,19,0.15820,20.54,1.92,-24.22,6.44,1.93,-37.50
28,20,0.16656,20.52,1.93,-24.42,-2.55,1.02,-24.82
28,21,0.17474,20.50,1.94,-24.63,-2.61,1.04,-25.37
28,22,0.18298,20.37,1.94,-24.70,-15.93,-0.26,-8.52
28,23,0.19165,20.24,1.93,-24.77,-15.14,-0.25,-8.10
28,24,0.19971,20.10,1.93,-24.84,-16.29,-0.27,-8.71
28,25,0.20837,19.97,1.93,-24.91,-15.14,-0.25,-8.10
28,26,0.21680,19.79,1.92,-24.89,-22.10,-1.03,2.90
28,27,0.22467,19.60,1.91,-24.86,-23.64,-1.10,3.10
28,28,0.23303,19.42,1.90,-24.84,-22.26,-1.04,2.92
28,29,0.24146,19.23,1.89,-24.81,-22.10,-1.00,2.90
28,30,0.25012,19.02,1.88,-24.69,-23.94,-1.63,14.08
28,31,0.25836,18.81,1.87,-24.57,-25.19,-1.69,14.81
28,32,0.26685,18.61,1.85,-24.45,-24.46,-1.62,14.39
28,33,0.27490,18.40,1.84,-24.33,-25.76,-1.73,15.15
28,34,0.28333,18.19,1.83,-24.20,-24.64,-1.65,14.49
28,35,0.29156,17.98,1.81,-24.08,-25.19,-1.69,14.81
28,36,0.29980,17.79,1.79,-23.89,-23.70,-1.97,22.96
28,37,0.30804,17.59,1.78,-23.70,-23.70,-2.00,22.96
28,38,0.31659,17.40,1.76,-23.51,-22.86,-1.90,22.14
28,39,0.32489,17.20,1.75,-23.32,-23.53,-2.02,23.16
28,40,0.33313,16.99,1.72,-23.00,-26.30,-2.80,38.89
28,41,0.34155,16.77,1.70,-22.68,-25.72,-2.76,38.04
28,42,0.34985,16.55,1.68,-22.36,-26.10,-2.80,38.60
28,43,0.35883,16.34,1.65,-22.04,-24.15,-2.57,35.71
28,44,0.36652,16.12,1.63,-21.72,-28.17,-3.02,41.67
28,45,0.37494,15.90,1.61,-21.40,-25.72,-2.76,38.04
28,46,0.38312,15.69,1.58,-21.08,-26.49,-2.84,39.18
28,47,0.39172,15.47,1.56,-20.76,-25.18,-2.68,37.23
28,48,0.39996,15.25,1.54,-20.44,-26.30,-2.82,38.89
28,49,0.40814,15.04,1.51,-20.12,-26.49,-2.84,39.18
28,50,0.41644,14.83,1.49,-19.77,-24.63,-2.88,42.28
28,51,0.42493,14.63,1.47,-19.42,-24.10,-2.84,41.37
28,52,0.43304,14.42,1.44,-19.06,-25.19,-2.95,43.23
28,53,0.44153,14.22,1.42,-18.71,-24.10,-2.87,41.37
28,54,0.44971,14.01,1.39,-18.36,-25.00,-2.93,42.91
28,55,0.45831,13.81,1.37,-18.01,-23.76,-2.78,40.78
28,56,0.46655,13.60,1.35,-17.66,-24.81,-2.95,42.59
28,57,0.47473,13.40,1.32,-17.31,-25.00,-2.93,42.91
28,58,0.48322,13.20,1.30,-16.96,-24.10,-2.82,41.37
28,59,0.49188,12.99,1.27,-16.61,-23.24,-2.77,40.49
28,60,0.49994,12.88,1.25,-16.29,-14.77,-2.34,39.02
28,61,0.50812,12.76,1.24,-15.98,-14.55,-2.35,38.43
28,62,0.51685,12.64,1.22,-15.66,-13.64,-2.16,36.01
28,63,0.52490,12.52,1.20,-15.35,-14.77,-2.36,39.02
28,64,0.53302,12.40,1.18,-15.04,-14.66,-2.34,38.72
28,65,0.54144,12.28,1.16,-14.72,-14.13,-2.23,37.32
28,66,0.54974,12.16,1.14,-14.41,-14.34,-2.31,37.87
28,67,0.55811,12.04,1.12,-14.09,-14.23,-2.25,37.59
28,68,0.56653,11.98,1.11,-13.89,-7.61,-1.42,24.64
28,69,0.57471,11.91,1.10,-13.68,-7.84,-1.44,25.00
28,70,0.58313,11.92,1.10,-13.63,0.72,-0.21,5.80
28,71,0.59155,11.93,1.09,-13.58,0.72,-0.23,5.80
28,72,0.59973,11.93,1.09,-13.53,0.75,-0.26,5.97
28,73,0.60822,11.94,1.09,-13.49,0.72,-0.19,5.40
28,74,0.61658,12.00,1.10,-13.58,6.93,0.76,-10.95
28,75,0.62488,12.05,1.10,-13.67,6.99,0.78,-11.03
28,76,0.63312,12.13,1.12,-13.93,9.63,1.77,-31.11
28,77,0.64166,12.21,1.13,-14.19,9.29,1.75,-30.36
28,78,0.64978,12.38,1.16,-14.58,20.30,3.05,-48.87
28,79,0.65814,12.54,1.18,-14.98,19.71,2.92,-47.45
28,80,0.66650,12.80,1.22,-15.50,30.66,4.01,-62.04
28,81,0.67480,13.06,1.25,-16.02,30.88,4.08,-62.87
28,82,0.68311,13.39,1.29,-16.69,39.71,5.25,-80.51
28,83,0.69159,13.71,1.34,-17.36,38.85,5.12,-78.78
28,84,0.69977,14.04,1.38,-18.03,40.30,5.29,-81.72
28,85,0.70819,14.38,1.42,-18.70,39.49,5.17,-79.35
28,86,0.71649,14.73,1.47,-19.41,42.65,5.62,-86.40
28,87,0.72491,15.08,1.52,-20.13,42.03,5.53,-85.14
28,88,0.73315,15.44,1.56,-20.85,42.96,5.66,-87.04
28,89,0.74152,15.79,1.61,-21.56,42.34,5.56,-85.40
28,90,0.75012,16.06,1.64,-22.04,31.56,3.76,-55.67
28,91,0.75812,16.33,1.67,-22.52,33.59,4.03,-59.54
28,92,0.76654,16.49,1.69,-22.82,18.12,2.39,-36.59
28,93,0.77490,16.64,1.71,-23.13,17.88,2.42,-36.86
28,94,0.78320,16.69,1.72,-23.30,6.25,1.12,-20.22
28,95,0.79144,16.74,1.73,-23.47,6.30,1.20,-20.37
28,96,0.80011,16.79,1.74,-23.64,5.99,1.10,-19.37
28,97,0.80823,16.84,1.75,-23.80,6.39,1.18,-20.30
28,98,0.81683,16.81,1.75,-23.86,-3.55,0.15,-6.38
29,0,0.00000,0.00,0.00,0.00,159.46,-13.20,200.68
29,1,0.00842,1.44,-0.12,1.81,171.01,-14.13,215.22
29,2,0.01581,3.33,-0.23,3.66,256.20,-15.30,249.59
29,3,0.02417,5.22,-0.35,5.50,226.28,-13.53,220.44
29,4,0.03241,7.62,-0.48,7.70,291.11,-16.04,267.04
29,5,0.04114,10.02,-0.61,9.90,274.83,-15.14,252.10
29,6,0.04938,12.68,-0.72,11.94,322.22,-13.91,247.78
29,7,0.05811,15.33,-0.84,13.98,304.20,-13.12,233.92
29,8,0.06622,17.10,-0.92,15.42,217.29,-10.14,176.69
29,9,0.07471,18.86,-1.00,16.85,207.91,-9.72,169.06
29,10,0.08246,19.68,-1.05,17.63,105.91,-6.14,100.39
29,11,0.09094,20.50,-1.10,18.41,96.76,-5.52,91.73
29,12,0.09949,21.10,-1.13,18.94,70.36,-3.67,61.79
29,13,0.10791,21.70,-1.16,19.46,71.38,-3.72,62.68
29,14,0.11627,22.19,-1.18,19.85,58.39,-2.62,45.99
29,15,0.12408,22.68,-1.20,20.23,62.50,-2.75,49.22
29,16,0.13281,23.08,-1.21,20.41,46.15,-0.73,19.93
29,17,0.14111,23.49,-1.22,20.58,48.53,-0.79,20.96
29,18,0.14954,23.79,-1.22,20.63,35.87,0.19,6.16
29,19,0.15759,24.09,-1.21,20.68,37.50,0.20,6.44
29,20,0.16583,24.30,-1.21,20.67,25.19,0.64,-2.22
29,21,0.17450,24.51,-1.20,20.65,23.94,0.65,-2.11
29,22,0.18274,24.58,-1.19,20.52,8.52,1.43,-15.56
29,23,0.19116,24.65,-1.18,20.39,8.33,1.37,-15.22
29,24,0.19952,24.72,-1.17,20.26,8.39,1.41,-15.33
29,25,0.20764,24.79,-1.16,20.14,8.65,1.45,-15.79
29,26,0.21631,24.77,-1.14,19.95,-2.46,1.68,-21.48
29,27,0.22430,24.74,-1.13,19.76,-2.67,1.82,-23.28
29,28,0.23291,24.72,-1.11,19.58,-2.48,1.73,-21.63
29,29,0.24200,24.70,-1.10,19.39,-2.35,1.60,-20.47
29,30,0.25024,24.58,-1.08,19.18,-14.44,1.80,-25.19
29,31,0.25806,24.46,-1.07,18.98,-15.23,1.82,-26.56
29,32,0.26697,24.34,-1.05,18.77,-13.36,1.61,-23.29
29,33,0.27435,24.22,-1.04,18.56,-16.12,1.98,-28.10
29,34,0.28253,24.11,-1.02,18.35,-14.55,1.79,-25.37
29,35,0.29077,23.99,-1.01,18.15,-14.44,1.77,-25.19
29,36,0.29962,23.80,-1.00,17.95,-21.38,1.38,-22.07
29,37,0.30762,23.61,-0.99,17.76,-23.66,1.51,-24.43
29,38,0.31616,23.42,-0.97,17.56,-22.14,1.41,-22.86
29,39,0.32416,23.23,-0.96,17.36,-23.66,1.51,-24.43
29,40,0.33252,22.91,-0.95,17.14,-37.96,1.43,-26.28
29,41,0.34094,22.60,-0.94,16.93,-37.68,1.40,-26.09
29,42,0.34906,22.28,-0.93,16.71,-39.10,1.47,-27.07
29,43,0.35852,21.96,-0.91,16.49,-33.55,1.22,-23.23
29,44,0.36597,21.64,-0.90,16.27,-42.62,1.53,-29.51
29,45,0.37427,21.33,-0.89,16.05,-38.24,1.44,-26.47
29,46,0.38263,21.01,-0.88,15.83,-37.96,1.38,-26.28
29,47,0.39081,20.69,-0.87,15.61,-38.81,1.46,-26.87
29,48,0.39917,20.37,-0.86,15.39,-37.96,1.38,-26.28
29,49,0.40753,20.06,-0.84,15.17,-37.96,1.41,-26.28
29,50,0.41608,19.71,-0.83,14.96,-40.71,1.14,-23.93
29,51,0.42426,19.36,-0.82,14.76,-42.54,1.22,-25.00
29,52,0.43298,19.01,-0.81,14.55,-40.21,1.11,-23.43
29,53,0.44092,18.66,-0.80,14.35,-43.85,1.28,-25.77
29,54,0.44916,18.31,-0.79,14.14,-42.22,1.18,-24.81
29,55,0.45789,17.96,-0.78,13.94,-40.21,1.13,-23.43
29,56,0.46661,17.61,-0.78,13.74,-39.86,1.12,-23.43
29,57,0.47461,17.27,-0.76,13.53,-43.51,1.29,-25.57
29,58,0.48267,16.92,-0.76,13.33,-43.56,1.20,-25.38
29,59,0.49097,16.57,-0.75,13.12,-41.91,1.18,-24.63
29,60,0.49927,16.25,-0.74,13.00,-37.87,0.42,-14.34
29,61,0.50757,15.94,-0.74,12.88,-37.87,0.44,-14.34
29,62,0.51587,15.62,-0.73,12.77,-37.87,0.44,-14.34
29,63,0.52429,15.31,-0.73,12.65,-37.32,0.46,-14.13
29,64,0.53259,15.00,-0.73,12.53,-37.87,0.42,-14.34
29,65,0.54108,14.68,-0.72,12.41,-37.05,0.44,-14.03
29,66,0.54938,14.37,-0.72,12.29,-37.87,0.42,-14.34
29,67,0.55762,14.05,-0.72,12.17,-38.15,0.45,-14.44
29,68,0.56586,13.85,-0.72,12.11,-25.19,0.13,-7.78
29,69,0.57446,13.64,-0.71,12.04,-24.11,0.17,-7.45
29,70,0.58258,13.59,-0.72,12.05,-6.02,-0.17,0.38
29,71,0.59094,13.54,-0.72,12.05,-5.84,-0.11,0.36
29,72,0.59918,13.49,-0.72,12.05,-5.93,-0.14,0.37
29,73,0.60748,13.44,-0.72,12.05,-5.88,-0.12,0.37
29,74,0.61578,13.53,-0.72,12.11,10.66,-0.39,6.99
29,75,0.62415,13.62,-0.72,12.17,10.58,-0.34,6.93
29,76,0.63275,13.88,-0.73,12.25,29.79,-0.25,9.57
29,77,0.64081,14.13,-0.73,12.34,31.82,-0.20,10.23
29,78,0.64905,14.53,-0.73,12.50,47.78,-0.71,20.37
29,79,0.65759,14.92,-0.74,12.67,46.07,-0.73,19.64
29,80,0.66595,15.44,-0.75,12.93,61.68,-1.32,31.02
29,81,0.67426,15.95,-0.76,13.19,62.13,-1.35,31.25
29,82,0.68262,16.62,-0.78,13.53,79.56,-1.76,40.15
29,83,0.69092,17.28,-0.79,13.86,80.15,-1.73,40.44
29,84,0.69916,17.95,-0.81,14.20,80.74,-1.77,40.74
29,85,0.70764,18.61,-0.82,14.53,78.42,-1.69,39.57
29,86,0.71576,19.33,-0.84,14.89,87.97,-1.92,44.36
29,87,0.72400,20.04,-0.85,15.25,86.67,-1.87,43.70
29,88,0.73254,20.76,-0.87,15.61,83.57,-1.80,42.14
29,89,0.74084,21.47,-0.88,15.97,86.03,-1.88,43.38
29,90,0.74945,21.95,-0.90,16.25,55.32,-1.51,31.91
29,91,0.75763,22.42,-0.91,16.52,58.21,-1.62,33.58
29,92,0.76599,22.73,-0.92,16.68,36.86,-0.78,18.61
29,93,0.77460,23.04,-0.92,16.83,35.82,-0.78,18.09
29,94,0.78229,23.21,-0.92,16.89,21.83,-0.19,7.14
29,95,0.79102,23.37,-0.92,16.94,19.23,-0.14,6.29
29,96,0.79907,23.54,-0.93,17.00,20.83,-0.13,6.82
29,97,0.80780,23.71,-0.93,17.05,19.23,-0.16,6.29
29,98,0.81580,23.76,-0.92,17.03,6.87,0.44,-3.44
30,0,0.00000,0.00,0.00,0.00,18.53,-48.93,-264.34
30,1,0.00806,0.16,-0.43,-2.31,20.08,-53.10,-286.36
30,2,0.01617,0.01,-0.94,-4.94,-18.42,-62.84,-324.81
30,3,0.02502,-0.14,-1.45,-7.58,-16.90,-57.64,-297.93
30,4,0.03326,-0.42,-2.08,-10.82,-34.81,-76.96,-393.70
30,5,0.04120,-0.71,-2.72,-14.07,-36.15,-80.02,-408.85
30,6,0.04987,-1.29,-3.38,-17.37,-66.90,-76.55,-380.63
30,7,0.05811,-1.87,-4.04,-20.67,-70.37,-80.62,-400.37
30,8,0.06622,-2.20,-4.49,-22.92,-40.98,-55.31,-277.07
30,9,0.07465,-2.54,-4.94,-25.16,-39.49,-53.21,-267.03
30,10,0.08301,-2.62,-5.16,-26.30,-9.49,-26.55,-136.13
30,11,0.09161,-2.69,-5.38,-27.43,-9.22,-25.44,-130.85
30,12,0.09985,-2.78,-5.54,-28.23,-10.37,-19.00,-96.67
30,13,0.10840,-2.87,-5.70,-29.02,-10.00,-18.25,-92.86
30,14,0.11664,-2.97,-5.82,-29.63,-12.22,-14.98,-74.44
30,15,0.12494,-3.07,-5.94,-30.25,-12.13,-14.68,-73.90
30,16,0.13312,-3.25,-6.03,-30.65,-22.01,-10.82,-48.88
30,17,0.14166,-3.43,-6.12,-31.05,-21.07,-10.35,-46.79
30,18,0.15002,-3.61,-6.17,-31.29,-22.26,-6.82,-28.83
30,19,0.15802,-3.80,-6.23,-31.53,-23.28,-7.33,-30.15
30,20,0.16656,-3.96,-6.27,-31.65,-19.29,-3.93,-14.64
30,21,0.17487,-4.13,-6.30,-31.78,-19.85,-4.14,-15.07
30,22,0.18323,-4.27,-6.30,-31.73,-16.79,-0.05,5.84
30,23,0.19153,-4.41,-6.30,-31.68,-16.91,0.05,5.88
30,24,0.19995,-4.55,-6.30,-31.63,-16.67,0.04,5.80
30,25,0.20807,-4.69,-6.30,-31.58,-17.29,0.04,6.02
30,26,0.21625,-4.80,-6.28,-31.43,-13.43,2.61,18.66
30,27,0.22510,-4.91,-6.26,-31.28,-12.41,2.50,17.24
30,28,0.23315,-5.02,-6.23,-31.12,-13.64,2.74,18.94
30,29,0.24158,-5.13,-6.21,-30.97,-13.04,2.63,18.12
30,30,0.24982,-5.18,-6.17,-30.74,-6.30,4.95,28.52
30,31,0.25836,-5.23,-6.13,-30.50,-6.07,4.87,27.50
30,32,0.26636,-5.29,-6.09,-30.27,-6.49,5.10,29.39
30,33,0.27484,-5.34,-6.05,-30.03,-6.12,4.90,27.70
30,34,0.28302,-5.39,-6.01,-29.80,-6.34,4.99,28.73
30,35,0.29138,-5.44,-5.97,-29.56,-6.20,4.97,28.10
30,36,0.29974,-5.44,-5.91,-29.29,0.73,6.26,32.48
30,37,0.30823,-5.43,-5.86,-29.02,0.72,6.08,32.01
30,38,0.31659,-5.42,-5.81,-28.75,0.73,6.17,32.48
30,39,0.32495,-5.42,-5.76,-28.47,0.73,6.33,32.85
30,40,0.33313,-5.33,-5.68,-28.10,10.45,9.35,45.90
30,41,0.34143,-5.25,-5.60,-27.72,10.29,9.22,45.22
30,42,0.35004,-5.16,-5.53,-27.35,9.93,9.07,43.62
30,43,0.35797,-5.08,-5.45,-26.97,10.77,9.64,47.31
30,44,0.36621,-4.99,-5.37,-26.60,10.37,9.28,45.56
30,45,0.37451,-4.90,-5.30,-26.22,10.29,9.22,45.22
30,46,0.38287,-4.82,-5.22,-25.85,10.22,9.15,44.89
30,47,0.39117,-4.73,-5.14,-25.47,10.29,9.40,45.22
30,48,0.39978,-4.65,-5.07,-25.09,9.93,8.89,43.62
30,49,0.40808,-4.56,-4.99,-24.72,10.66,9.24,45.22
30,50,0.41650,-4.44,-4.91,-24.33,14.13,9.62,46.01
30,51,0.42474,-4.32,-4.83,-23.94,14.44,9.93,47.04
30,52,0.43311,-4.20,-4.75,-23.56,14.23,9.69,46.35
30,53,0.44128,-4.08,-4.66,-23.17,14.55,9.91,47.39
30,54,0.44983,-3.96,-4.58,-22.78,13.93,9.57,45.36
30,55,0.45801,-3.85,-4.50,-22.39,14.55,9.90,47.39
30,56,0.46619,-3.73,-4.42,-22.01,14.55,10.00,47.39
30,57,0.47455,-3.61,-4.34,-21.62,14.23,9.69,46.35
30,58,0.48315,-3.49,-4.26,-21.23,13.83,9.41,45.04
30,59,0.49139,-3.37,-4.18,-20.84,14.44,9.93,47.04
30,60,0.49976,-3.22,-4.11,-20.54,17.88,8.07,36.13
30,61,0.50818,-3.07,-4.04,-20.24,17.75,7.92,35.87
30,62,0.51617,-2.92,-3.97,-19.94,18.70,8.35,37.79
30,63,0.52460,-2.77,-3.91,-19.64,17.75,8.01,35.87
30,64,0.53326,-2.62,-3.84,-19.33,17.25,7.70,34.86
30,65,0.54114,-2.47,-3.77,-19.03,18.99,8.57,38.37
30,66,0.54974,-2.32,-3.71,-18.73,17.38,7.75,35.11
30,67,0.55847,-2.17,-3.64,-18.43,17.13,7.67,34.27
30,68,0.56628,-2.06,-3.60,-18.24,14.06,5.38,23.83
30,69,0.57526,-1.96,-3.56,-18.06,11.90,4.66,20.75
30,70,0.58313,-1.92,-3.55,-18.03,5.04,1.09,3.88
30,71,0.59161,-1.88,-3.54,-18.00,4.68,1.01,3.60
30,72,0.59991,-1.84,-3.53,-17.97,4.78,1.04,3.68
30,73,0.60822,-1.80,-3.52,-17.94,4.41,0.85,3.31
30,74,0.61627,-1.83,-3.54,-18.04,-3.41,-2.65,-12.88
30,75,0.62476,-1.86,-3.57,-18.15,-3.24,-2.61,-12.23
30,76,0.63348,-2.00,-3.62,-18.39,-16.08,-6.29,-27.62
30,77,0.64172,-2.13,-3.68,-18.63,-16.67,-6.63,-29.26
30,78,0.65027,-2.31,-3.76,-19.02,-20.71,-9.94,-45.71
30,79,0.65851,-2.49,-3.85,-19.42,-21.85,-10.66,-48.15
30,80,0.66693,-2.69,-3.96,-19.96,-24.28,-13.70,-64.13
30,81,0.67493,-2.90,-4.08,-20.50,-25.95,-14.58,-68.70
30,82,0.68359,-3.17,-4.23,-21.20,-30.63,-17.29,-80.28
30,83,0.69159,-3.43,-4.38,-21.90,-33.21,-18.64,-87.02
30,84,0.70020,-3.70,-4.53,-22.59,-30.85,-17.41,-80.85
30,85,0.70862,-3.96,-4.68,-23.29,-31.52,-17.86,-82.97
30,86,0.71698,-4.25,-4.84,-24.04,-33.94,-19.15,-89.42
30,87,0.72516,-4.53,-5.00,-24.79,-34.70,-19.67,-91.42
30,88,0.73334,-4.82,-5.16,-25.53,-34.70,-19.48,-91.42
30,89,0.74164,-5.09,-5.32,-26.27,-33.46,-18.96,-88.60
30,90,0.75018,-5.26,-5.43,-26.79,-19.64,-12.98,-61.43
30,91,0.75854,-5.43,-5.54,-27.31,-19.71,-12.96,-61.31
30,92,0.76685,-5.55,-5.61,-27.63,-14.71,-8.45,-38.97
30,93,0.77484,-5.67,-5.67,-27.94,-15.27,-8.36,-39.31
30,94,0.78369,-5.76,-5.71,-28.10,-9.66,-3.89,-17.24
30,95,0.79211,-5.84,-5.74,-28.25,-10.14,-4.09,-18.12
30,96,0.80005,-5.93,-5.78,-28.40,-10.77,-4.44,-19.23
30,97,0.80847,-6.01,-5.81,-28.55,-10.14,-3.86,-17.39
30,98,0.81702,-6.07,-5.82,-28.56,-7.14,-0.78,-1.79
31,0,0.00000,0.00,0.00,0.00,-191.07,-7.04,191.79
31,1,0.00836,-1.63,-0.06,1.64,-195.26,-7.23,195.99
31,2,0.01660,-3.25,-0.11,3.73,-195.93,-6.32,253.70
31,3,0.02496,-4.86,-0.16,5.82,-193.07,-6.19,250.00
31,4,0.03326,-6.77,-0.22,8.46,-229.78,-7.08,318.01
31,5,0.04169,-8.68,-0.28,11.10,-226.45,-6.98,313.41
31,6,0.04980,-10.40,-0.33,13.97,-212.03,-5.51,353.76
31,7,0.05829,-12.12,-0.37,16.84,-202.88,-5.32,338.49
31,8,0.06659,-13.34,-0.41,18.76,-147.06,-4.06,230.88
31,9,0.07477,-14.56,-0.44,20.68,-149.25,-4.12,234.33
31,10,0.08325,-15.24,-0.46,21.58,-80.22,-2.55,106.83
31,11,0.09161,-15.92,-0.48,22.49,-81.39,-2.54,108.39
31,12,0.10016,-16.38,-0.50,23.14,-53.21,-1.62,76.79
31,13,0.10852,-16.83,-0.51,23.80,-54.38,-1.61,78.47
31,14,0.11676,-17.16,-0.52,24.33,-39.63,-1.09,64.44
31,15,0.12482,-17.48,-0.53,24.86,-40.53,-1.07,65.91
31,16,0.13385,-17.61,-0.53,25.28,-14.19,0.03,46.62
31,17,0.14148,-17.74,-0.53,25.70,-16.80,-0.01,55.20
31,18,0.14996,-17.76,-0.52,26.01,-2.16,0.50,35.97
31,19,0.15820,-17.78,-0.52,26.32,-2.22,0.47,37.04
31,20,0.16669,-17.73,-0.51,26.52,5.04,0.69,24.10
31,21,0.17487,-17.69,-0.51,26.72,5.22,0.67,25.00
31,22,0.18341,-17.55,-0.50,26.78,16.07,0.95,6.43
31,23,0.19171,-17.42,-0.49,26.83,16.54,1.02,6.62
31,24,0.19983,-17.28,-0.48,26.89,16.92,0.99,6.77
31,25,0.20837,-17.14,-0.47,26.94,16.07,0.99,6.43
31,26,0.21655,-16.96,-0.47,26.90,22.39,1.09,-5.22
31,27,0.22498,-16.78,-0.46,26.86,21.74,1.06,-5.07
31,28,0.23328,-16.59,-0.45,26.82,22.06,1.07,-5.15
31,29,0.24158,-16.41,-0.44,26.77,22.06,1.12,-5.15
31,30,0.24982,-16.22,-0.43,26.63,23.33,0.94,-17.41
31,31,0.25848,-16.02,-0.42,26.49,22.18,0.94,-16.55
31,32,0.26648,-15.83,-0.41,26.34,24.05,0.97,-17.94
31,33,0.27509,-15.64,-0.41,26.20,22.34,0.90,-16.67
31,34,0.28326,-15.45,-0.40,26.06,23.51,1.00,-17.54
31,35,0.29169,-15.26,-0.39,25.91,22.83,0.93,-17.03
31,36,0.29974,-15.08,-0.38,25.70,21.59,0.75,-26.14
31,37,0.30853,-14.91,-0.38,25.49,19.79,0.65,-23.96
31,38,0.31683,-14.73,-0.37,25.28,20.96,0.69,-25.37
31,39,0.32489,-14.56,-0.37,25.07,21.59,0.75,-26.14
31,40,0.33344,-14.38,-0.36,24.73,21.07,0.50,-40.00
31,41,0.34161,-14.20,-0.36,24.39,22.01,0.43,-41.79
31,42,0.35010,-14.02,-0.36,24.04,21.22,0.50,-40.29
31,43,0.35840,-13.84,-0.35,23.70,21.69,0.51,-41.18
31,44,0.36676,-13.66,-0.35,23.36,21.53,0.46,-40.88
31,45,0.37500,-13.48,-0.34,23.02,21.85,0.47,-41.48
31,46,0.38391,-13.29,-0.34,22.67,20.89,0.46,-39.04
31,47,0.39203,-13.11,-0.34,22.33,22.18,0.52,-42.11
31,48,0.40015,-12.93,-0.33,21.99,22.18,0.48,-42.11
31,49,0.40845,-12.75,-0.33,21.65,21.69,0.51,-41.18
31,50,0.41699,-12.59,-0.32,21.27,19.29,0.30,-43.57
31,51,0.42493,-12.42,-0.32,20.90,20.77,0.37,-46.54
31,52,0.43341,-12.26,-0.32,20.54,19.42,0.31,-43.53
31,53,0.44165,-12.09,-0.32,20.16,20.00,0.31,-45.19
31,54,0.45001,-11.93,-0.31,19.79,19.71,0.36,-44.16
31,55,0.45880,-11.76,-0.31,19.42,18.75,0.30,-42.01
31,56,0.46667,-11.60,-0.31,19.05,20.93,0.37,-47.29
31,57,0.47510,-11.43,-0.31,18.68,19.57,0.31,-43.84
31,58,0.48334,-11.27,-0.30,18.31,20.00,0.36,-44.81
31,59,0.49182,-11.11,-0.30,17.94,19.06,0.29,-43.53
31,60,0.49988,-11.03,-0.30,17.62,10.23,-0.13,-40.53
31,61,0.50909,-10.94,-0.30,17.29,8.94,-0.08,-35.43
31,62,0.51685,-10.86,-0.30,16.96,10.63,-0.14,-42.13
31,63,0.52539,-10.78,-0.30,16.64,9.64,-0.09,-38.21
31,64,0.53339,-10.70,-0.30,16.31,10.31,-0.14,-40.84
31,65,0.54187,-10.61,-0.31,15.99,9.71,-0.09,-38.49
31,66,0.55017,-10.53,-0.31,15.66,9.93,-0.13,-39.34
31,67,0.55872,-10.45,-0.31,15.34,9.64,-0.08,-37.86
31,68,0.56689,-10.41,-0.31,15.12,4.85,-0.14,-26.12
31,69,0.57526,-10.37,-0.31,14.91,4.74,-0.17,-24.82
31,70,0.58374,-10.38,-0.31,14.87,-1.08,-0.13,-5.76
31,71,0.59180,-10.39,-0.31,14.82,-1.14,-0.18,-6.06
31,72,0.60010,-10.40,-0.31,14.77,-1.10,-0.13,-5.88
31,73,0.60864,-10.41,-0.31,14.72,-1.43,-0.19,-5.36
31,74,0.61713,-10.46,-0.32,14.82,-5.40,-0.13,11.15
31,75,0.62500,-10.50,-0.32,14.92,-5.81,-0.08,12.79
31,76,0.63361,-10.55,-0.32,15.18,-6.03,0.16,30.50
31,77,0.64172,-10.60,-0.31,15.44,-6.39,0.22,32.71
31,78,0.65033,-10.72,-0.31,15.86,-13.83,0.02,47.87
31,79,0.65839,-10.85,-0.31,16.27,-15.15,0.02,51.52
31,80,0.66705,-11.04,-0.31,16.82,-22.89,-0.18,62.68
31,81,0.67523,-11.24,-0.32,17.36,-24.25,-0.23,66.79
31,82,0.68335,-11.50,-0.32,18.06,-31.58,-0.26,86.09
31,83,0.69189,-11.76,-0.32,18.76,-30.00,-0.25,81.79
31,84,0.70013,-12.01,-0.32,19.46,-31.11,-0.26,84.81
31,85,0.70825,-12.27,-0.33,20.16,-31.58,-0.30,86.47
31,86,0.71722,-12.54,-0.33,20.91,-30.61,-0.25,83.67
31,87,0.72510,-12.82,-0.33,21.66,-34.88,-0.34,95.35
31,88,0.73346,-13.09,-0.33,22.41,-32.85,-0.27,89.78
31,89,0.74200,-13.37,-0.34,23.16,-32.14,-0.28,87.14
31,90,0.74994,-13.58,-0.34,23.66,-27.31,-0.45,63.85
31,91,0.75848,-13.80,-0.34,24.16,-25.36,-0.38,58.57
31,92,0.76666,-13.92,-0.34,24.49,-14.18,-0.09,39.55
31,93,0.77533,-14.03,-0.34,24.81,-13.38,-0.09,36.97
31,94,0.78345,-14.07,-0.34,24.98,-4.14,0.06,21.05
31,95,0.79199,-14.10,-0.34,25.15,-3.93,0.14,20.00
31,96,0.80011,-14.13,-0.34,25.32,-4.14,0.10,21.05
31,97,0.80853,-14.17,-0.34,25.49,-3.99,0.14,20.29
31,98,0.81683,-14.13,-0.34,25.54,4.04,0.30,6.25
32,0,0.00000,0.00,0.00,0.00,234.75,56.31,-131.21
32,1,0.00806,2.02,0.79,-1.13,250.76,97.73,-139.77
32,2,0.01648,4.15,1.58,-2.69,252.54,94.02,-186.23
32,3,0.02472,6.27,2.30,-4.26,258.15,87.71,-190.37
32,4,0.03326,8.83,3.29,-6.27,299.64,116.20,-235.36
32,5,0.04150,11.40,4.26,-8.29,310.74,117.13,-244.07
32,6,0.04993,13.84,5.26,-10.57,290.22,118.17,-271.74
32,7,0.05811,16.28,6.25,-12.86,298.88,121.51,-279.85
32,8,0.06641,17.98,6.93,-14.37,204.78,81.52,-181.62
32,9,0.07471,19.68,7.60,-15.88,204.78,81.14,-181.62
32,10,0.08313,20.59,7.94,-16.56,107.25,39.94,-81.16
32,11,0.09149,21.49,8.27,-17.25,108.03,40.04,-81.75
32,12,0.09998,22.11,8.51,-17.75,73.02,28.07,-59.71
32,13,0.10864,22.73,8.75,-18.26,71.48,27.38,-58.45
32,14,0.11639,23.19,8.93,-18.68,59.06,23.87,-54.33
32,15,0.12482,23.65,9.12,-19.10,54.35,22.06,-50.00
32,16,0.13324,23.88,9.24,-19.47,28.26,14.92,-43.84
32,17,0.14130,24.12,9.37,-19.84,29.55,15.69,-45.83
32,18,0.14990,24.22,9.45,-20.13,11.70,9.22,-33.69
32,19,0.15833,24.32,9.53,-20.42,11.96,9.35,-34.06
32,20,0.16638,24.34,9.57,-20.62,1.89,5.46,-25.76
32,21,0.17474,24.35,9.62,-20.83,1.82,5.26,-24.82
32,22,0.18311,24.24,9.61,-20.92,-13.87,-0.80,-10.95
32,23,0.19159,24.12,9.60,-21.01,-13.67,-0.97,-10.79
32,24,0.20001,24.01,9.59,-21.11,-13.77,-0.98,-10.87
32,25,0.20807,23.89,9.59,-21.20,-14.39,-0.82,-11.36
32,26,0.21649,23.70,9.54,-21.21,-22.46,-4.86,-1.09
32,27,0.22485,23.51,9.50,-21.22,-22.63,-4.80,-1.09
32,28,0.23309,23.32,9.46,-21.22,-22.96,-4.87,-1.11
32,29,0.24139,23.13,9.42,-21.23,-22.79,-4.83,-1.10
32,30,0.25000,22.90,9.36,-21.15,-26.60,-7.87,9.93
32,31,0.25812,22.68,9.29,-21.06,-27.82,-8.16,10.53
32,32,0.26660,22.45,9.22,-20.98,-26.62,-7.90,10.07
32,33,0.27496,22.23,9.16,-20.89,-27.01,-8.11,10.22
32,34,0.28345,22.00,9.09,-20.81,-26.62,-7.83,9.71
32,35,0.29205,21.77,9.02,-20.72,-26.24,-7.69,9.93
32,36,0.30011,21.55,8.94,-20.57,-28.03,-10.15,19.32
32,37,0.30817,21.32,8.86,-20.41,-28.03,-9.95,19.32
32,38,0.31647,21.10,8.78,-20.26,-27.21,-9.85,18.75
32,39,0.32471,20.87,8.70,-20.10,-27.41,-9.82,18.89
32,40,0.33307,20.60,8.58,-19.82,-32.12,-13.62,33.21
32,41,0.34131,20.33,8.47,-19.55,-32.59,-13.92,33.70
32,42,0.34985,20.07,8.35,-19.27,-31.43,-13.42,32.50
32,43,0.35834,19.80,8.24,-18.99,-31.65,-13.42,32.73
32,44,0.36652,19.53,8.13,-18.71,-32.84,-14.02,33.96
32,45,0.37518,19.26,8.01,-18.44,-30.99,-13.23,32.04
32,46,0.38324,18.99,7.90,-18.16,-33.33,-14.23,34.47
32,47,0.39172,18.72,7.78,-17.88,-31.65,-13.52,32.73
32,48,0.40015,18.45,7.67,-17.60,-31.88,-13.61,32.97
32,49,0.40820,18.19,7.55,-17.32,-33.33,-14.23,34.47
32,50,0.41656,17.93,7.43,-17.01,-31.02,-14.17,37.23
32,51,0.42493,17.67,7.32,-16.70,-31.02,-14.27,37.23
32,52,0.43341,17.40,7.19,-16.38,-30.94,-14.28,37.41
32,53,0.44202,17.14,7.08,-16.07,-30.14,-13.77,36.17
32,54,0.45007,16.89,6.96,-15.76,-32.20,-14.91,38.64
32,55,0.45831,16.63,6.84,-15.45,-31.48,-14.38,37.78
32,56,0.46710,16.37,6.72,-15.14,-29.51,-13.48,35.42
32,57,0.47522,16.11,6.60,-14.83,-31.95,-14.70,38.35
32,58,0.48340,15.85,6.48,-14.52,-31.72,-14.59,38.06
32,59,0.49176,15.59,6.36,-14.21,-30.66,-14.09,37.23
32,60,0.49994,15.42,6.27,-13.92,-20.90,-11.76,35.45
32,61,0.50824,15.25,6.17,-13.63,-20.59,-11.39,34.93
32,62,0.51642,15.08,6.08,-13.34,-20.90,-11.75,35.45
32,63,0.52490,14.91,5.98,-13.05,-20.14,-11.15,34.17
32,64,0.53320,14.74,5.89,-12.76,-20.59,-11.49,34.93
32,65,0.54144,14.57,5.79,-12.47,-20.74,-11.57,35.19
32,66,0.54999,14.40,5.70,-12.18,-20.00,-11.06,33.93
32,67,0.55829,14.23,5.60,-11.89,-20.22,-11.50,34.93
32,68,0.56659,14.13,5.54,-11.69,-11.76,-7.19,23.16
32,69,0.57544,14.04,5.48,-11.51,-10.69,-6.60,21.38
32,70,0.58325,14.03,5.47,-11.46,-0.39,-1.10,6.25
32,71,0.59167,14.03,5.46,-11.41,-0.36,-1.40,5.80
32,72,0.60004,14.03,5.45,-11.36,-0.36,-1.21,5.84
32,73,0.60822,14.02,5.44,-11.31,-0.37,-1.17,5.60
32,74,0.61664,14.09,5.47,-11.39,8.33,3.75,-9.42
32,75,0.62488,14.17,5.51,-11.47,8.89,3.89,-10.00
32,76,0.63330,14.29,5.58,-11.71,14.49,8.86,-28.26
32,77,0.64142,14.41,5.66,-11.95,15.41,9.25,-29.70
32,78,0.64990,14.64,5.78,-12.32,26.98,14.52,-42.81
32,79,0.65826,14.87,5.90,-12.68,27.74,14.79,-43.80
32,80,0.66663,15.22,6.07,-13.15,40.88,20.13,-55.84
32,81,0.67511,15.56,6.24,-13.62,40.29,19.82,-55.40
32,82,0.68323,16.00,6.46,-14.22,54.14,26.69,-74.06
32,83,0.69159,16.44,6.67,-14.82,52.55,25.92,-71.90
32,84,0.70013,16.88,6.89,-15.42,51.43,25.17,-70.36
32,85,0.70837,17.32,7.11,-16.03,53.33,26.47,-73.33
32,86,0.71649,17.79,7.34,-16.67,57.89,28.47,-79.70
32,87,0.72485,18.26,7.57,-17.32,56.20,27.83,-77.37
32,88,0.73328,18.73,7.80,-17.97,55.80,27.44,-76.81
32,89,0.74146,19.19,8.03,-18.61,57.09,28.22,-78.36
32,90,0.74988,19.54,8.19,-19.04,41.30,19.28,-50.72
32,91,0.75818,19.89,8.35,-19.46,41.54,19.24,-50.74
32,92,0.76642,20.09,8.45,-19.74,24.44,12.13,-34.07
32,93,0.77496,20.29,8.55,-20.02,23.21,11.64,-32.50
32,94,0.78314,20.36,8.60,-20.17,9.70,5.96,-19.03
32,95,0.79150,20.44,8.65,-20.33,9.49,5.74,-18.61
32,96,0.79999,20.52,8.70,-20.48,9.35,5.65,-18.35
32,97,0.80853,20.60,8.74,-20.64,8.93,5.56,-17.86
32,98,0.81653,20.58,8.75,-20.70,-2.29,0.83,-7.63
33,0,0.00000,0.00,0.00,0.00,-245.68,-17.87,118.71
33,1,0.00848,-2.08,-0.15,1.01,-245.68,-17.86,118.71
33,2,0.01642,-4.30,-0.32,2.45,-279.23,-21.48,181.54
33,3,0.02478,-6.52,-0.49,3.89,-264.96,-20.41,172.26
33,4,0.03302,-9.19,-0.70,5.75,-324.44,-25.36,225.56
33,5,0.04120,-11.86,-0.91,7.60,-326.87,-25.57,227.24
33,6,0.04956,-14.44,-1.12,9.75,-308.03,-25.16,256.20
33,7,0.05804,-17.01,-1.33,11.89,-303.60,-24.78,252.52
33,8,0.06622,-18.80,-1.48,13.30,-218.28,-17.60,172.01
33,9,0.07483,-20.58,-1.62,14.70,-207.45,-16.72,163.12
33,10,0.08295,-21.52,-1.69,15.33,-115.79,-8.94,77.44
33,11,0.09131,-22.46,-1.76,15.96,-112.41,-8.72,75.55
33,12,0.09955,-23.11,-1.82,16.43,-78.52,-6.21,57.04
33,13,0.10797,-23.76,-1.87,16.90,-76.81,-6.05,55.80
33,14,0.11633,-24.24,-1.91,17.29,-57.66,-4.70,47.08
33,15,0.12463,-24.72,-1.95,17.69,-58.09,-4.74,47.43
33,16,0.13287,-24.98,-1.97,18.04,-31.48,-2.99,42.96
33,17,0.14148,-25.24,-1.99,18.40,-30.14,-2.87,41.13
33,18,0.14972,-25.36,-2.01,18.68,-14.44,-1.78,34.07
33,19,0.15802,-25.48,-2.02,18.96,-13.97,-1.70,33.82
33,20,0.16650,-25.50,-2.03,19.17,-3.24,-0.85,24.46
33,21,0.17468,-25.53,-2.04,19.37,-3.36,-0.84,25.37
33,22,0.18298,-25.42,-2.03,19.47,13.24,0.49,11.76
33,23,0.19135,-25.31,-2.03,19.57,13.14,0.47,11.68
33,24,0.19958,-25.20,-2.03,19.67,13.33,0.52,11.85
33,25,0.20813,-25.09,-2.02,19.76,12.86,0.46,11.43
33,26,0.21643,-24.91,-2.01,19.78,22.43,1.28,2.21
33,27,0.22467,-24.72,-2.00,19.80,22.59,1.33,2.22
33,28,0.23309,-24.53,-1.99,19.82,22.10,1.26,2.17
33,29,0.24164,-24.35,-1.98,19.84,21.79,1.24,2.14
33,30,0.24969,-24.12,-1.96,19.77,28.41,1.97,-8.71
33,31,0.25806,-23.89,-1.95,19.70,27.37,1.85,-8.39
33,32,0.26666,-23.66,-1.93,19.63,26.60,1.82,-8.16
33,33,0.27478,-23.43,-1.92,19.56,28.20,1.91,-8.65
33,34,0.28308,-23.20,-1.90,19.49,27.57,1.88,-8.46
33,35,0.29138,-22.97,-1.88,19.42,27.57,1.87,-8.46
33,36,0.29980,-22.74,-1.87,19.27,27.54,2.10,-16.67
33,37,0.30823,-22.51,-1.85,19.13,27.54,2.08,-16.67
33,38,0.31653,-22.28,-1.83,18.99,27.94,2.15,-16.91
33,39,0.32501,-22.05,-1.81,18.85,27.34,2.06,-16.55
33,40,0.33295,-21.76,-1.79,18.59,35.77,3.00,-33.08
33,41,0.34137,-21.48,-1.77,18.33,33.70,2.83,-31.16
33,42,0.34979,-21.19,-1.74,18.07,33.70,2.82,-31.16
33,43,0.35834,-20.91,-1.72,17.80,33.21,2.81,-30.71
33,44,0.36639,-20.63,-1.70,17.54,35.23,2.95,-32.58
33,45,0.37506,-20.34,-1.67,17.28,32.75,2.75,-30.28
33,46,0.38312,-20.06,-1.65,17.02,35.23,2.98,-32.58
33,47,0.39142,-19.78,-1.62,16.75,34.19,2.87,-31.62
33,48,0.39978,-19.49,-1.60,16.49,33.94,2.87,-31.39
33,49,0.40796,-19.21,-1.58,16.23,34.70,2.91,-32.09
33,50,0.41656,-18.93,-1.55,15.93,32.27,2.85,-34.40
33,51,0.42487,-18.65,-1.53,15.64,33.46,2.92,-35.66
33,52,0.43317,-18.37,-1.50,15.34,33.46,2.92,-35.66
33,53,0.44128,-18.10,-1.48,15.05,34.21,3.04,-36.47
33,54,0.44958,-17.82,-1.45,14.75,33.46,2.92,-35.66
33,55,0.45831,-17.54,-1.43,14.45,31.82,2.78,-33.92
33,56,0.46643,-17.26,-1.41,14.16,34.21,3.02,-36.47
33,57,0.47479,-16.99,-1.38,13.86,33.21,2.90,-35.40
33,58,0.48358,-16.71,-1.36,13.57,31.60,2.78,-33.68
33,59,0.49152,-16.43,-1.33,13.27,35.00,3.06,-37.31
33,60,0.49994,-16.24,-1.31,12.99,22.10,2.22,-33.33
33,61,0.50824,-16.06,-1.29,12.71,22.43,2.21,-33.82
33,62,0.51697,-15.87,-1.28,12.43,21.33,2.10,-32.17
33,63,0.52484,-15.69,-1.26,12.15,23.64,2.33,-35.66
33,64,0.53357,-15.50,-1.24,11.87,21.33,2.15,-32.17
33,65,0.54175,-15.31,-1.22,11.58,22.76,2.24,-34.33
33,66,0.54993,-15.13,-1.20,11.30,22.76,2.24,-34.33
33,67,0.55817,-14.94,-1.18,11.02,22.59,2.27,-34.07
33,68,0.56641,-14.83,-1.17,10.84,13.33,1.37,-22.59
33,69,0.57477,-14.72,-1.16,10.65,13.14,1.37,-22.26
33,70,0.58331,-14.72,-1.16,10.60,0.71,0.17,-5.71
33,71,0.59180,-14.71,-1.16,10.55,0.72,0.20,-5.76
33,72,0.59973,-14.70,-1.16,10.50,0.77,0.19,-6.15
33,73,0.60840,-14.70,-1.15,10.46,0.70,0.21,-5.63
33,74,0.61639,-14.77,-1.16,10.53,-9.54,-0.85,9.54
33,75,0.62457,-14.85,-1.17,10.61,-9.33,-0.78,9.33
33,76,0.63300,-14.98,-1.18,10.84,-15.94,-1.68,27.54
33,77,0.64130,-15.12,-1.20,11.07,-16.18,-1.68,27.94
33,78,0.64978,-15.37,-1.22,11.42,-29.50,-2.85,41.01
33,79,0.65796,-15.62,-1.24,11.77,-30.60,-2.95,42.54
33,80,0.66638,-15.99,-1.28,12.21,-43.48,-4.00,52.90
33,81,0.67474,-16.35,-1.31,12.66,-43.80,-4.01,53.65
33,82,0.68323,-16.82,-1.35,13.24,-55.76,-5.11,67.99
33,83,0.69135,-17.30,-1.40,13.82,-58.27,-5.34,71.05
33,84,0.70001,-17.77,-1.44,14.39,-54.58,-5.00,66.55
33,85,0.70807,-18.24,-1.49,14.97,-58.71,-5.41,71.59
33,86,0.71637,-18.75,-1.53,15.59,-61.03,-5.56,74.26
33,87,0.72449,-19.26,-1.58,16.20,-62.41,-5.73,75.94
33,88,0.73334,-19.76,-1.62,16.82,-57.24,-5.27,69.66
33,89,0.74133,-20.27,-1.67,17.43,-63.36,-5.79,77.10
33,90,0.74976,-20.64,-1.70,17.84,-44.20,-3.94,48.19
33,91,0.75806,-21.01,-1.74,18.25,-44.85,-3.95,48.90
33,92,0.76630,-21.23,-1.76,18.52,-26.67,-2.43,32.59
33,93,0.77454,-21.45,-1.78,18.78,-26.67,-2.46,32.59
33,94,0.78302,-21.54,-1.79,18.94,-10.43,-1.07,17.99
33,95,0.79120,-21.63,-1.80,19.09,-10.82,-1.14,18.66
33,96,0.79968,-21.72,-1.81,19.24,-10.43,-1.12,17.99
33,97,0.80829,-21.81,-1.81,19.39,-10.28,-1.06,17.73
33,98,0.81659,-21.79,-1.81,19.45,1.84,-0.08,7.35
34,0,0.00000,0.00,0.00,0.00,151.04,4.26,-215.62
34,1,0.00812,1.33,0.04,-1.90,163.53,4.61,-233.46
34,2,0.01630,2.56,0.07,-4.23,150.75,4.39,-285.82
34,3,0.02509,3.79,0.11,-6.57,140.28,4.10,-265.97
34,4,0.03308,5.22,0.15,-9.50,178.63,5.27,-366.03
34,5,0.04138,6.65,0.19,-12.42,172.06,5.07,-352.57
34,6,0.04974,7.86,0.23,-15.55,144.16,4.44,-373.72
34,7,0.05798,9.06,0.27,-18.67,146.30,4.49,-379.26
34,8,0.06628,9.94,0.29,-20.77,105.51,3.20,-252.57
34,9,0.07495,10.81,0.32,-22.87,101.06,3.06,-241.90
34,10,0.08313,11.33,0.34,-23.88,63.06,1.83,-123.51
34,11,0.09149,11.84,0.35,-24.89,61.68,1.82,-120.80
34,12,0.09985,12.18,0.36,-25.61,40.51,1.22,-86.86
34,13,0.10828,12.52,0.37,-26.34,39.86,1.17,-86.23
34,14,0.11658,12.75,0.38,-26.92,27.57,0.85,-69.85
34,15,0.12512,12.98,0.39,-27.50,26.79,0.82,-67.86
34,16,0.13318,13.03,0.39,-27.94,6.44,0.28,-54.17
34,17,0.14148,13.08,0.39,-28.37,6.25,0.27,-52.57
34,18,0.14972,13.05,0.39,-28.67,-4.07,-0.02,-36.67
34,19,0.15808,13.01,0.39,-28.98,-4.01,-0.02,-36.13
34,20,0.16644,12.94,0.39,-29.17,-9.12,-0.18,-22.99
34,21,0.17480,12.86,0.39,-29.36,-9.12,-0.18,-22.99
34,22,0.18347,12.72,0.38,-29.39,-16.55,-0.41,-3.52
34,23,0.19135,12.57,0.38,-29.42,-18.22,-0.45,-3.88
34,24,0.19977,12.43,0.38,-29.45,-17.03,-0.42,-3.62
34,25,0.20801,12.29,0.37,-29.48,-17.41,-0.44,-3.70
34,26,0.21655,12.11,0.37,-29.41,-20.36,-0.51,8.57
34,27,0.22491,11.94,0.36,-29.34,-20.80,-0.55,8.76
34,28,0.23334,11.76,0.36,-29.26,-21.01,-0.53,9.06
34,29,0.24158,11.59,0.35,-29.18,-21.11,-0.56,9.26
34,30,0.25000,11.42,0.35,-29.01,-19.93,-0.53,20.65
34,31,0.25836,11.25,0.34,-28.84,-20.07,-0.55,20.80
34,32,0.26660,11.08,0.34,-28.66,-20.37,-0.56,21.11
34,33,0.27539,10.92,0.34,-28.49,-19.10,-0.52,19.79
34,34,0.28369,10.75,0.33,-28.31,-20.22,-0.55,20.96
34,35,0.29163,10.58,0.33,-28.14,-20.77,-0.57,21.92
34,36,0.29987,10.45,0.32,-27.90,-16.30,-0.47,28.89
34,37,0.30853,10.31,0.32,-27.66,-15.49,-0.45,27.46
34,38,0.31671,10.18,0.32,-27.43,-16.42,-0.46,29.10
34,39,0.32538,10.05,0.31,-27.19,-15.49,-0.45,27.82
34,40,0.33374,9.92,0.31,-26.81,-14.60,-0.46,44.53
34,41,0.34167,9.81,0.30,-26.45,-15.00,-0.48,46.15
34,42,0.34991,9.69,0.30,-26.08,-14.44,-0.46,44.44
34,43,0.35840,9.57,0.30,-25.71,-14.03,-0.46,43.17
34,44,0.36694,9.45,0.29,-25.35,-13.93,-0.43,42.86
34,45,0.37500,9.33,0.29,-24.98,-14.77,-0.47,45.83
34,46,0.38348,9.21,0.28,-24.61,-14.03,-0.44,43.17
34,47,0.39172,9.09,0.28,-24.25,-14.44,-0.46,44.44
34,48,0.40021,8.97,0.28,-23.88,-14.03,-0.46,43.17
34,49,0.40839,8.85,0.27,-23.51,-14.55,-0.46,45.15
34,50,0.41748,8.76,0.27,-23.12,-10.74,-0.36,43.29
34,51,0.42523,8.66,0.27,-22.72,-12.60,-0.43,50.79
34,52,0.43353,8.56,0.26,-22.33,-11.76,-0.40,47.43
34,53,0.44177,8.46,0.26,-21.94,-11.85,-0.40,47.78
34,54,0.45013,8.36,0.26,-21.54,-11.68,-0.40,47.08
34,55,0.45819,8.27,0.25,-21.15,-12.12,-0.41,48.86
34,56,0.46674,8.17,0.25,-20.76,-11.43,-0.40,46.07
34,57,0.47510,8.07,0.25,-20.36,-11.68,-0.38,47.08
34,58,0.48358,7.97,0.24,-19.97,-11.51,-0.39,46.40
34,59,0.49213,7.88,0.24,-19.58,-11.07,-0.37,45.71
34,60,0.50024,7.85,0.24,-19.24,-3.38,-0.19,41.35
34,61,0.50891,7.82,0.24,-18.89,-3.17,-0.17,40.14
34,62,0.51691,7.80,0.24,-18.56,-3.44,-0.18,41.98
34,63,0.52533,7.77,0.23,-18.22,-3.26,-0.17,39.86
34,64,0.53381,7.74,0.23,-17.89,-3.24,-0.16,39.57
34,65,0.54224,7.71,0.23,-17.55,-3.26,-0.17,39.86
34,66,0.55042,7.69,0.23,-17.21,-3.36,-0.18,41.04
34,67,0.55884,7.66,0.23,-16.89,-2.90,-0.17,39.13
34,68,0.56720,7.66,0.23,-16.67,-0.36,-0.05,25.91
34,69,0.57556,7.66,0.23,-16.47,-0.36,-0.07,24.09
34,70,0.58380,7.68,0.23,-16.42,2.22,0.04,5.56
34,71,0.59216,7.69,0.23,-16.38,2.19,0.04,5.47
34,72,0.60071,7.71,0.23,-16.33,2.14,0.04,5.36
34,73,0.60895,7.73,0.23,-16.30,2.22,0.05,4.07
34,74,0.61743,7.76,0.23,-16.40,3.60,0.12,-12.23
34,75,0.62555,7.79,0.23,-16.52,3.38,0.13,-14.29
34,76,0.63403,7.79,0.23,-16.78,0.72,0.08,-31.65
34,77,0.64209,7.80,0.23,-17.07,1.14,0.11,-34.85
34,78,0.65063,7.85,0.23,-17.49,5.71,0.25,-49.64
34,79,0.65875,7.90,0.24,-17.93,6.39,0.28,-53.76
34,80,0.66724,8.01,0.24,-18.50,12.23,0.44,-67.27
34,81,0.67554,8.11,0.24,-19.08,12.50,0.47,-70.22
34,82,0.68402,8.24,0.25,-19.81,15.47,0.58,-86.33
34,83,0.69202,8.37,0.25,-20.54,16.41,0.61,-91.60
34,84,0.70068,8.51,0.26,-21.28,15.14,0.56,-84.51
34,85,0.70941,8.64,0.26,-22.02,15.38,0.57,-84.62
34,86,0.71735,8.78,0.27,-22.80,18.08,0.67,-99.23
34,87,0.72583,8.93,0.28,-23.59,16.91,0.64,-92.81
34,88,0.73462,9.07,0.28,-24.38,16.32,0.60,-89.58
34,89,0.74219,9.21,0.29,-25.14,18.55,0.69,-101.21
34,90,0.75061,9.34,0.29,-25.68,15.22,0.52,-63.41
34,91,0.75903,9.46,0.29,-26.20,14.49,0.49,-61.59
34,92,0.76721,9.52,0.30,-26.54,7.46,0.28,-41.42
34,93,0.77545,9.58,0.30,-26.86,6.67,0.26,-39.63
34,94,0.78400,9.58,0.30,-27.04,0.36,0.04,-20.71
34,95,0.79248,9.58,0.30,-27.22,0.36,0.06,-20.86
34,96,0.80035,9.59,0.30,-27.39,0.39,0.07,-22.48
34,97,0.80878,9.59,0.30,-27.56,0.00,0.04,-19.57
34,98,0.81720,9.54,0.30,-27.60,-5.07,-0.11,-5.43
35,0,0.00000,0.00,0.00,0.00,157.29,-2.14,-211.11
35,1,0.00812,1.38,-0.02,-1.86,170.30,-2.36,-228.57
35,2,0.01666,2.68,-0.03,-4.16,151.79,-1.08,-269.29
35,3,0.02496,4.02,-0.04,-6.54,161.40,-1.14,-286.76
35,4,0.03333,5.53,-0.05,-9.42,180.66,-0.88,-344.89
35,5,0.04187,7.03,-0.05,-12.31,176.07,-0.86,-338.21
35,6,0.04999,8.33,-0.05,-15.40,159.02,0.38,-380.45
35,7,0.05823,9.61,-0.05,-18.46,155.56,0.35,-371.48
35,8,0.06683,10.54,-0.05,-20.53,108.51,-0.02,-240.78
35,9,0.07477,11.46,-0.09,-22.57,116.15,-5.45,-257.31
35,10,0.08356,12.01,-0.15,-23.57,61.81,-6.48,-113.19
35,11,0.09216,12.54,-0.19,-24.55,62.41,-4.72,-114.54
35,12,0.09998,12.90,-0.21,-25.27,45.70,-3.31,-91.80
35,13,0.10834,13.25,-0.24,-25.98,42.34,-3.25,-85.04
35,14,0.11676,13.50,-0.26,-26.56,29.71,-2.21,-68.84
35,15,0.12549,13.74,-0.28,-27.13,27.27,-2.31,-64.69
35,16,0.13367,13.81,-0.27,-27.56,7.84,1.72,-52.99
35,17,0.14215,13.87,-0.28,-27.99,7.19,-1.33,-50.36
35,18,0.15009,13.84,-0.28,-28.29,-3.46,-0.87,-38.46
35,19,0.15851,13.81,-0.29,-28.59,-3.26,-0.80,-35.51
35,20,0.16663,13.74,-0.29,-28.79,-9.02,-0.44,-24.06
35,21,0.17529,13.66,-0.30,-28.98,-8.80,-0.39,-21.83
35,22,0.18347,13.52,-0.30,-29.01,-17.54,0.15,-4.48
35,23,0.19214,13.38,-0.29,-29.05,-16.55,0.15,-4.23
35,24,0.20001,13.23,-0.29,-29.09,-18.22,0.16,-4.65
35,25,0.20844,13.09,-0.29,-29.12,-17.03,0.18,-3.62
35,26,0.21704,12.92,-0.29,-29.05,-20.21,0.50,8.16
35,27,0.22516,12.74,-0.28,-28.98,-21.43,0.53,8.65
35,28,0.23358,12.57,-0.28,-28.91,-20.65,0.50,8.33
35,29,0.24213,12.39,-0.27,-28.83,-20.36,0.52,8.57
35,30,0.25055,12.22,-0.27,-28.67,-20.29,0.80,19.93
35,31,0.25848,12.05,-0.26,-28.50,-21.54,0.83,21.15
35,32,0.26715,11.88,-0.25,-28.33,-19.72,0.77,19.37
35,33,0.27521,11.71,-0.25,-28.16,-21.21,0.82,20.83
35,34,0.28333,11.54,-0.24,-27.99,-21.05,0.81,20.68
35,35,0.29187,11.37,-0.23,-27.82,-20.00,0.79,20.00
35,36,0.30029,11.23,-0.23,-27.59,-16.67,0.92,27.54
35,37,0.30853,11.09,-0.22,-27.36,-17.04,0.95,28.15
35,38,0.31726,10.95,-0.21,-27.13,-16.08,0.87,26.57
35,39,0.32513,10.81,-0.20,-26.89,-17.83,1.00,30.23
35,40,0.33350,10.68,-0.19,-26.53,-15.69,1.28,43.43
35,41,0.34222,10.54,-0.18,-26.16,-15.03,1.23,41.61
35,42,0.35016,10.41,-0.17,-25.80,-16.54,1.36,45.77
35,43,0.35883,10.28,-0.16,-25.44,-15.14,1.24,41.90
35,44,0.36707,10.15,-0.15,-25.07,-15.93,1.31,44.44
35,45,0.37543,10.02,-0.14,-24.71,-15.69,1.28,43.43
35,46,0.38354,9.89,-0.11,-24.34,-16.17,3.34,44.74
35,47,0.39197,9.76,-0.10,-23.98,-15.58,1.10,43.12
35,48,0.40021,9.63,-0.09,-23.62,-15.93,1.12,44.07
35,49,0.40869,9.50,-0.08,-23.25,-15.11,1.10,43.17
35,50,0.41681,9.39,-0.07,-22.86,-13.53,1.32,48.12
35,51,0.42529,9.28,-0.06,-22.47,-12.95,1.08,46.04
35,52,0.43359,9.17,-0.06,-22.08,-13.24,1.11,47.06
35,53,0.44202,9.06,-0.05,-21.69,-13.04,1.08,46.38
35,54,0.45038,8.95,-0.04,-21.30,-13.14,1.10,46.72
35,55,0.45850,8.84,-0.03,-20.91,-13.53,1.13,48.12
35,56,0.46753,8.73,-0.02,-20.52,-12.16,1.01,43.24
35,57,0.47516,8.62,-0.01,-20.13,-14.40,1.10,51.20
35,58,0.48358,8.51,-0.00,-19.74,-13.04,0.76,46.38
35,59,0.49225,8.40,0.00,-19.35,-11.97,0.51,44.72
35,60,0.50018,8.37,0.00,-19.01,-4.62,0.08,42.31
35,61,0.50854,8.33,0.00,-18.68,-4.38,-0.11,40.15
35,62,0.51697,8.29,-0.00,-18.34,-4.35,-0.31,39.86
35,63,0.52557,8.26,-0.01,-18.01,-4.26,-0.51,39.01
35,64,0.53357,8.22,-0.01,-17.67,-4.58,-0.56,41.98
35,65,0.54187,8.18,-0.01,-17.33,-4.41,-0.45,40.44
35,66,0.55017,8.15,-0.02,-17.00,-4.41,-0.47,40.44
35,67,0.55859,8.11,-0.02,-16.67,-3.99,-0.47,39.13
35,68,0.56708,8.11,-0.03,-16.45,-1.08,-0.38,25.54
35,69,0.57532,8.10,-0.03,-16.24,-1.11,-0.33,25.19
35,70,0.58362,8.11,-0.03,-16.20,2.21,-0.18,5.51
35,71,0.59198,8.13,-0.03,-16.15,2.19,-0.14,5.47
35,72,0.60052,8.15,-0.03,-16.11,2.14,-0.16,5.36
35,73,0.60852,8.17,-0.03,-16.07,2.29,-0.15,4.58
35,74,0.61749,8.20,-0.03,-16.17,3.74,0.05,-11.56
35,75,0.62543,8.23,-0.03,-16.29,3.85,0.09,-14.62
35,76,0.63367,8.25,-0.03,-16.56,1.48,0.46,-32.59
35,77,0.64233,8.26,-0.02,-16.84,2.11,0.45,-32.39
35,78,0.65051,8.33,-0.02,-17.26,7.46,0.50,-51.87
35,79,0.65912,8.39,-0.02,-17.70,7.80,0.54,-50.71
35,80,0.66736,8.51,-0.01,-18.27,14.44,0.56,-68.89
35,81,0.67535,8.63,-0.01,-18.85,15.27,0.57,-72.52
35,82,0.68384,8.79,-0.01,-19.58,17.99,-0.01,-85.97
35,83,0.69202,8.94,-0.02,-20.31,18.66,-1.15,-89.18
35,84,0.70038,9.09,-0.03,-21.04,18.25,-2.00,-87.23
35,85,0.70868,9.25,-0.06,-21.77,18.75,-2.89,-88.24
35,86,0.71729,9.41,-0.09,-22.55,19.15,-3.38,-90.78
35,87,0.72546,9.58,-0.12,-23.33,20.15,-3.62,-95.52
35,88,0.73376,9.74,-0.15,-24.11,19.85,-3.55,-94.12
35,89,0.74188,9.90,-0.17,-24.87,19.92,-3.47,-93.61
35,90,0.75043,10.05,-0.16,-25.40,16.79,1.99,-62.14
35,91,0.75873,10.18,-0.17,-25.92,16.54,-1.74,-61.76
35,92,0.76703,10.25,-0.18,-26.25,8.46,-1.12,-40.81
35,93,0.77557,10.32,-0.19,-26.58,7.50,-1.02,-37.86
35,94,0.78381,10.33,-0.19,-26.75,1.11,-0.53,-21.11
35,95,0.79218,10.34,-0.20,-26.93,1.09,-0.52,-20.80
35,96,0.80029,10.35,-0.20,-27.10,1.13,-0.53,-21.43
35,97,0.80927,10.35,-0.21,-27.26,0.68,-0.45,-18.37
35,98,0.81726,10.31,-0.21,-27.31,-5.34,-0.06,-5.73
36,0,0.00000,0.00,0.00,0.00,-195.14,-16.31,176.74
36,1,0.00800,-1.72,-0.14,1.55,-214.50,-17.95,194.27
36,2,0.01636,-3.43,-0.30,3.56,-205.47,-18.58,240.15
36,3,0.02448,-5.15,-0.45,5.57,-211.65,-19.14,247.37
36,4,0.03308,-7.19,-0.64,8.11,-236.88,-21.89,295.04
36,5,0.04132,-9.23,-0.83,10.65,-247.41,-22.84,308.15
36,6,0.04974,-11.09,-1.02,13.43,-221.38,-21.89,330.07
36,7,0.05829,-12.96,-1.20,16.21,-218.21,-21.53,325.36
36,8,0.06647,-14.27,-1.33,18.06,-160.82,-15.55,226.49
36,9,0.07477,-15.59,-1.45,19.91,-158.46,-15.34,223.16
36,10,0.08313,-16.31,-1.52,20.78,-86.50,-7.89,104.01
36,11,0.09137,-17.03,-1.59,21.65,-87.78,-7.99,105.56
36,12,0.09955,-17.52,-1.63,22.28,-59.70,-5.62,77.24
36,13,0.10815,-18.01,-1.68,22.92,-56.74,-5.35,73.76
36,14,0.11652,-18.36,-1.71,23.43,-41.97,-4.07,61.31
36,15,0.12500,-18.71,-1.75,23.94,-41.37,-4.08,60.43
36,16,0.13324,-18.86,-1.77,24.36,-17.78,-2.35,50.00
36,17,0.14148,-19.01,-1.78,24.77,-17.78,-2.35,50.00
36,18,0.14972,-19.04,-1.80,25.07,-4.07,-1.23,37.04
36,19,0.15839,-19.07,-1.80,25.38,-3.87,-1.14,34.86
36,20,0.16699,-19.04,-1.81,25.58,3.90,-0.36,23.76
36,21,0.17523,-19.01,-1.81,25.78,4.07,-0.42,24.81
36,22,0.18323,-18.87,-1.80,25.85,16.79,0.83,8.02
36,23,0.19153,-18.74,-1.80,25.91,16.18,0.77,7.35
36,24,0.19983,-18.60,-1.79,25.97,16.18,0.76,7.35
36,25,0.20813,-18.47,-1.79,26.03,16.18,0.81,7.35
36,26,0.21686,-18.28,-1.77,26.00,21.33,1.39,-3.85
36,27,0.22498,-18.10,-1.76,25.96,22.93,1.47,-4.14
36,28,0.23315,-17.91,-1.75,25.93,22.76,1.50,-4.10
36,29,0.24139,-17.72,-1.74,25.90,22.59,1.43,-4.07
36,30,0.25000,-17.52,-1.72,25.77,23.40,1.83,-15.25
36,31,0.25836,-17.32,-1.71,25.63,24.09,1.82,-15.69
36,32,0.26666,-17.12,-1.69,25.50,24.26,1.90,-15.81
36,33,0.27478,-16.92,-1.68,25.37,24.81,1.90,-16.17
36,34,0.28345,-16.71,-1.66,25.24,23.59,1.81,-15.49
36,35,0.29156,-16.51,-1.64,25.10,24.81,1.95,-16.54
36,36,0.30011,-16.33,-1.63,24.90,21.43,1.88,-23.57
36,37,0.30817,-16.15,-1.61,24.70,22.73,2.02,-25.00
36,38,0.31659,-15.96,-1.60,24.50,21.74,1.91,-23.91
36,39,0.32489,-15.78,-1.58,24.30,22.06,1.98,-24.63
36,40,0.33356,-15.58,-1.56,23.96,22.89,2.36,-38.38
36,41,0.34186,-15.38,-1.54,23.63,23.90,2.47,-40.07
36,42,0.35022,-15.19,-1.52,23.30,23.72,2.49,-39.78
36,43,0.35815,-14.99,-1.50,22.96,25.00,2.58,-41.92
36,44,0.36670,-14.79,-1.48,22.63,23.21,2.39,-38.93
36,45,0.37500,-14.59,-1.46,22.30,23.90,2.48,-40.07
36,46,0.38342,-14.39,-1.43,21.97,23.55,2.43,-39.49
36,47,0.39191,-14.19,-1.41,21.63,23.38,2.43,-39.21
36,48,0.39990,-14.00,-1.39,21.30,24.81,2.56,-41.60
36,49,0.40814,-13.80,-1.37,20.97,24.07,2.49,-40.37
36,50,0.41669,-13.61,-1.35,20.61,21.43,2.42,-42.50
36,51,0.42523,-13.43,-1.33,20.24,21.43,2.38,-42.50
36,52,0.43335,-13.25,-1.31,19.88,22.56,2.51,-44.74
36,53,0.44165,-13.06,-1.29,19.52,22.06,2.47,-43.75
36,54,0.44995,-12.88,-1.27,19.15,22.06,2.45,-43.75
36,55,0.45856,-12.70,-1.25,18.79,21.28,2.36,-42.20
36,56,0.46680,-12.52,-1.23,18.43,22.22,2.52,-44.07
36,57,0.47516,-12.33,-1.21,18.06,21.90,2.41,-43.43
36,58,0.48364,-12.15,-1.19,17.70,21.58,2.42,-42.81
36,59,0.49170,-11.97,-1.17,17.34,22.35,2.49,-44.70
36,60,0.50018,-11.87,-1.15,17.02,11.87,1.73,-38.13
36,61,0.50812,-11.77,-1.14,16.69,12.69,1.80,-40.77
36,62,0.51672,-11.67,-1.13,16.37,11.70,1.68,-37.59
36,63,0.52496,-11.57,-1.11,16.05,12.22,1.74,-39.26
36,64,0.53333,-11.47,-1.10,15.72,12.04,1.72,-38.69
36,65,0.54169,-11.36,-1.08,15.40,12.04,1.76,-38.69
36,66,0.54987,-11.26,-1.07,15.08,12.31,1.75,-39.55
36,67,0.55829,-11.17,-1.05,14.76,11.59,1.67,-38.04
36,68,0.56683,-11.11,-1.05,14.54,6.07,1.03,-24.64
36,69,0.57593,-11.07,-1.04,14.34,5.37,0.89,-22.48
36,70,0.58362,-11.07,-1.04,14.29,-1.19,0.09,-6.35
36,71,0.59161,-11.08,-1.04,14.24,-0.76,0.14,-6.11
36,72,0.59991,-11.09,-1.03,14.19,-1.10,0.06,-5.88
36,73,0.60815,-11.10,-1.03,14.15,-1.11,0.08,-5.56
36,74,0.61646,-11.15,-1.04,14.24,-6.25,-0.67,11.40
36,75,0.62500,-11.20,-1.05,14.34,-6.07,-0.68,11.43
36,76,0.63330,-11.27,-1.06,14.60,-7.72,-1.25,31.25
36,77,0.64160,-11.33,-1.07,14.87,-8.09,-1.32,31.99
36,78,0.64984,-11.47,-1.09,15.27,-17.04,-2.28,49.26
36,79,0.65814,-11.62,-1.11,15.68,-17.28,-2.35,49.26
36,80,0.66663,-11.84,-1.13,16.21,-26.62,-3.21,62.95
36,81,0.67493,-12.07,-1.16,16.75,-27.57,-3.34,64.71
36,82,0.68329,-12.36,-1.20,17.44,-34.67,-4.24,82.12
36,83,0.69171,-12.65,-1.23,18.12,-34.42,-4.16,81.52
36,84,0.69989,-12.94,-1.27,18.81,-35.45,-4.31,83.96
36,85,0.70801,-13.24,-1.30,19.50,-36.09,-4.34,84.59
36,86,0.71674,-13.55,-1.34,20.23,-35.66,-4.33,84.27
36,87,0.72491,-13.86,-1.38,20.97,-38.06,-4.62,89.93
36,88,0.73328,-14.17,-1.41,21.70,-37.23,-4.52,87.96
36,89,0.74176,-14.48,-1.45,22.43,-36.69,-4.46,85.97
36,90,0.75006,-14.72,-1.48,22.93,-29.41,-3.29,59.56
36,91,0.75824,-14.97,-1.51,23.42,-29.48,-3.32,59.70
36,92,0.76709,-15.10,-1.52,23.73,-15.17,-1.87,35.86
36,93,0.77496,-15.23,-1.54,24.05,-16.67,-2.02,39.92
36,94,0.78320,-15.27,-1.55,24.22,-5.19,-0.83,20.74
36,95,0.79169,-15.32,-1.55,24.39,-5.04,-0.83,20.14
36,96,0.79987,-15.36,-1.56,24.56,-5.22,-0.88,20.90
36,97,0.80829,-15.40,-1.57,24.73,-4.71,-0.78,19.93
36,98,0.81665,-15.37,-1.57,24.78,4.01,0.07,6.57
37,0,0.00000,0.00,0.00,0.00,200.72,-0.69,187.68
37,1,0.00793,1.69,-0.01,1.58,213.08,-0.73,199.23
37,2,0.01630,3.83,-0.01,3.13,256.20,-0.73,185.04
37,3,0.02515,5.98,-0.02,4.68,242.07,-0.69,174.83
37,4,0.03308,8.67,-0.03,6.50,340.00,-0.92,229.62
37,5,0.04132,11.37,-0.03,8.32,327.41,-0.89,221.11
37,6,0.04962,14.30,-0.04,9.95,352.57,-0.84,195.96
37,7,0.05804,17.22,-0.05,11.57,347.46,-0.83,193.12
37,8,0.06671,19.18,-0.05,12.73,225.70,-0.56,133.80
37,9,0.07471,21.14,-0.06,13.89,244.66,-0.61,145.04
37,10,0.08307,22.06,-0.06,14.54,110.95,-0.31,77.74
37,11,0.09186,22.99,-0.06,15.19,105.56,-0.29,73.96
37,12,0.09979,23.66,-0.06,15.63,84.62,-0.22,55.00
37,13,0.10803,24.33,-0.06,16.06,81.48,-0.21,52.96
37,14,0.11646,24.87,-0.07,16.37,64.13,-0.15,36.59
37,15,0.12537,25.42,-0.07,16.68,60.62,-0.15,34.59
37,16,0.13318,25.84,-0.07,16.79,54.30,-0.09,14.45
37,17,0.14124,26.26,-0.07,16.91,52.65,-0.08,14.02
37,18,0.14978,26.57,-0.07,16.92,35.71,-0.03,1.07
37,19,0.15808,26.87,-0.07,16.93,36.76,-0.03,1.10
37,20,0.16638,27.08,-0.07,16.88,24.26,-0.00,-5.88
37,21,0.17487,27.28,-0.07,16.83,23.74,-0.00,-5.76
37,22,0.18402,27.33,-0.07,16.69,5.67,0.04,-15.00
37,23,0.19263,27.38,-0.07,16.55,6.03,0.04,-15.96
37,24,0.20007,27.43,-0.07,16.42,6.97,0.04,-18.44
37,25,0.20831,27.48,-0.07,16.28,6.30,0.04,-16.67
37,26,0.21710,27.44,-0.07,16.09,-5.56,0.06,-20.83
37,27,0.22504,27.39,-0.07,15.91,-6.15,0.07,-23.08
37,28,0.23322,27.34,-0.07,15.73,-5.97,0.07,-22.39
37,29,0.24182,27.29,-0.07,15.55,-5.67,0.06,-21.28
37,30,0.25006,27.14,-0.07,15.36,-18.15,0.08,-22.96
37,31,0.25842,26.99,-0.06,15.17,-17.88,0.08,-22.63
37,32,0.26660,26.84,-0.06,14.98,-18.28,0.08,-23.13
37,33,0.27563,26.69,-0.06,14.79,-16.55,0.07,-20.95
37,34,0.28394,26.54,-0.06,14.60,-18.01,0.08,-22.79
37,35,0.29236,26.39,-0.06,14.41,-17.75,0.08,-22.46
37,36,0.29993,26.17,-0.06,14.24,-28.63,0.09,-22.18
37,37,0.30835,25.96,-0.06,14.07,-25.72,0.08,-19.93
37,38,0.31714,25.74,-0.06,13.91,-24.65,0.07,-19.10
37,39,0.32501,25.52,-0.06,13.74,-27.52,0.08,-21.32
37,40,0.33325,25.18,-0.06,13.57,-42.22,0.09,-20.74
37,41,0.34161,24.83,-0.06,13.40,-41.61,0.09,-20.44
37,42,0.34991,24.48,-0.06,13.23,-41.91,0.09,-20.59
37,43,0.35840,24.13,-0.06,13.06,-41.01,0.09,-20.14
37,44,0.36676,23.79,-0.06,12.88,-41.61,0.09,-20.44
37,45,0.37494,23.44,-0.05,12.71,-42.54,0.09,-20.90
37,46,0.38373,23.09,-0.05,12.54,-39.58,0.09,-19.44
37,47,0.39233,22.74,-0.05,12.37,-40.43,0.09,-19.86
37,48,0.39984,22.39,-0.05,12.20,-46.34,0.10,-22.76
37,49,0.40826,22.05,-0.05,12.03,-41.30,0.09,-20.29
37,50,0.41663,21.67,-0.05,11.88,-44.89,0.09,-18.25
37,51,0.42554,21.30,-0.05,11.72,-42.12,0.08,-17.12
37,52,0.43311,20.92,-0.05,11.57,-49.60,0.10,-20.16
37,53,0.44208,20.54,-0.05,11.42,-41.84,0.08,-17.01
37,54,0.44983,20.17,-0.05,11.27,-48.43,0.09,-19.69
37,55,0.45825,19.79,-0.05,11.11,-44.57,0.09,-18.12
37,56,0.46649,19.42,-0.05,10.96,-45.56,0.09,-18.52
37,57,0.47498,19.04,-0.05,10.81,-44.24,0.09,-17.99
37,58,0.48383,18.67,-0.05,10.66,-42.41,0.08,-17.24
37,59,0.49207,18.29,-0.04,10.50,-45.56,0.09,-18.52
37,60,0.49982,17.96,-0.04,10.43,-42.52,0.06,-9.45
37,61,0.50824,17.63,-0.04,10.36,-39.13,0.06,-8.70
37,62,0.51666,17.30,-0.04,10.28,-39.13,0.06,-8.70
37,63,0.52539,16.97,-0.04,10.21,-37.76,0.06,-8.39
37,64,0.53320,16.64,-0.04,10.14,-42.19,0.06,-9.38
37,65,0.54163,16.31,-0.04,10.06,-39.13,0.06,-8.70
37,66,0.54999,15.99,-0.04,9.99,-39.42,0.06,-8.76
37,67,0.55823,15.66,-0.04,9.92,-40.00,0.06,-8.89
37,68,0.56653,15.44,-0.04,9.88,-25.74,0.03,-4.04
37,69,0.57489,15.23,-0.04,9.85,-25.55,0.03,-4.01
37,70,0.58325,15.18,-0.04,9.86,-5.84,0.00,1.46
37,71,0.59155,15.13,-0.04,9.88,-5.88,0.00,1.47
37,72,0.59998,15.08,-0.04,9.89,-5.80,0.00,1.45
37,73,0.60834,15.03,-0.04,9.90,-5.84,0.00,1.46
37,74,0.61682,15.13,-0.04,9.94,11.51,-0.02,5.04
37,75,0.62518,15.23,-0.04,9.99,11.68,-0.02,5.11
37,76,0.63318,15.49,-0.04,10.03,33.21,-0.04,5.34
37,77,0.64166,15.76,-0.04,10.07,31.29,-0.04,5.04
37,78,0.64990,16.17,-0.04,10.18,50.37,-0.08,12.96
37,79,0.65820,16.59,-0.04,10.28,50.00,-0.08,12.87
37,80,0.66644,17.14,-0.04,10.46,66.67,-0.12,21.85
37,81,0.67474,17.69,-0.04,10.64,66.18,-0.12,21.69
37,82,0.68311,18.40,-0.05,10.88,84.67,-0.15,27.74
37,83,0.69153,19.10,-0.05,11.11,84.06,-0.15,27.54
37,84,0.69995,19.81,-0.05,11.34,84.06,-0.15,27.54
37,85,0.70825,20.52,-0.05,11.57,85.29,-0.15,27.94
37,86,0.71661,21.28,-0.05,11.82,90.88,-0.16,29.93
37,87,0.72485,22.04,-0.05,12.07,92.22,-0.16,30.37
37,88,0.73315,22.80,-0.05,12.32,91.54,-0.16,30.15
37,89,0.74164,23.56,-0.05,12.57,89.57,-0.16,29.50
37,90,0.74988,24.07,-0.06,12.77,62.22,-0.12,24.44
37,91,0.75824,24.58,-0.06,12.98,61.31,-0.12,24.09
37,92,0.76654,24.91,-0.06,13.08,39.34,-0.07,12.87
37,93,0.77551,25.24,-0.06,13.19,36.39,-0.06,11.90
37,94,0.78320,25.41,-0.06,13.22,22.62,-0.03,3.57
37,95,0.79150,25.59,-0.06,13.24,20.96,-0.03,3.31
37,96,0.79980,25.76,-0.06,13.27,20.96,-0.03,3.31
37,97,0.80835,25.93,-0.06,13.30,20.36,-0.03,3.21
37,98,0.81671,25.99,-0.06,13.26,6.20,0.01,-4.38
38,0,0.00000,0.00,0.00,0.00,-195.29,-8.49,-193.48
38,1,0.00830,-1.64,-0.11,-1.63,-198.16,-13.60,-196.32
38,2,0.01709,-3.74,-0.37,-3.23,-238.54,-28.87,-182.64
38,3,0.02539,-5.84,-0.61,-4.84,-252.57,-29.39,-193.38
38,4,0.03369,-8.48,-0.95,-6.74,-318.75,-40.50,-228.68
38,5,0.04260,-11.13,-1.28,-8.64,-296.92,-37.23,-213.01
38,6,0.05029,-14.01,-1.73,-10.35,-374.21,-58.78,-222.22
38,7,0.05853,-16.89,-2.17,-12.05,-349.26,-53.52,-207.41
38,8,0.06708,-18.81,-2.44,-13.27,-225.00,-31.72,-142.14
38,9,0.07544,-20.73,-2.72,-14.48,-229.93,-33.31,-145.26
38,10,0.08380,-21.64,-2.82,-15.16,-108.76,-11.65,-81.02
38,11,0.09302,-22.55,-2.93,-15.84,-98.68,-11.77,-73.51
38,12,0.10089,-23.25,-3.02,-16.32,-89.53,-12.12,-61.24
38,13,0.10919,-23.90,-3.11,-16.77,-78.31,-10.32,-53.68
38,14,0.11707,-24.44,-3.19,-17.09,-67.44,-10.31,-41.09
38,15,0.12537,-24.96,-3.27,-17.40,-63.24,-9.82,-37.50
38,16,0.13373,-25.38,-3.36,-17.53,-50.36,-10.18,-15.33
38,17,0.14282,-25.79,-3.45,-17.65,-45.30,-10.08,-12.75
38,18,0.15039,-26.10,-3.53,-17.66,-40.32,-10.73,-2.42
38,19,0.15875,-26.40,-3.61,-17.68,-35.77,-9.66,-1.46
38,20,0.16711,-26.60,-3.68,-17.63,-24.45,-8.09,5.11
38,21,0.17548,-26.79,-3.74,-17.58,-22.99,-7.84,5.84
38,22,0.18390,-26.85,-3.79,-17.45,-6.52,-5.19,15.94
38,23,0.19257,-26.90,-3.83,-17.32,-6.34,-5.23,15.49
38,24,0.20044,-26.96,-3.88,-17.18,-6.98,-5.56,17.05
38,25,0.20941,-27.01,-3.92,-17.04,-5.44,-5.01,15.65
38,26,0.21729,-26.97,-3.95,-16.86,5.43,-3.40,23.26
38,27,0.22552,-26.92,-3.98,-16.67,5.19,-3.45,22.22
38,28,0.23364,-26.88,-4.00,-16.49,5.26,-3.28,22.56
38,29,0.24249,-26.83,-4.03,-16.31,5.86,-2.92,20.69
38,30,0.25037,-26.68,-4.03,-16.11,18.22,-0.33,24.81
38,31,0.25854,-26.54,-4.03,-15.92,17.54,-0.12,23.88
38,32,0.26697,-26.40,-4.03,-15.72,17.03,-0.26,23.19
38,33,0.27533,-26.25,-4.04,-15.53,17.15,-0.31,23.36
38,34,0.28363,-26.11,-4.04,-15.33,17.28,-0.16,23.53
38,35,0.29242,-25.96,-4.04,-15.14,16.67,0.05,21.53
38,36,0.30042,-25.75,-4.02,-14.97,26.34,2.71,21.37
38,37,0.30920,-25.54,-3.99,-14.80,23.96,2.52,19.44
38,38,0.31714,-25.33,-3.97,-14.63,26.54,2.73,21.54
38,39,0.32544,-25.11,-3.95,-14.46,26.47,3.07,20.59
38,40,0.33368,-24.77,-3.89,-14.28,41.48,6.97,21.48
38,41,0.34247,-24.43,-3.83,-14.11,38.89,6.63,20.14
38,42,0.35083,-24.09,-3.77,-13.93,40.88,6.92,21.17
38,43,0.35852,-23.75,-3.72,-13.75,44.44,7.42,23.02
38,44,0.36700,-23.40,-3.66,-13.57,40.29,6.87,20.86
38,45,0.37537,-23.06,-3.60,-13.40,40.88,6.92,21.17
38,46,0.38373,-22.72,-3.54,-13.22,40.88,6.92,21.17
38,47,0.39197,-22.38,-3.48,-13.04,41.48,6.99,21.48
38,48,0.40088,-22.04,-3.43,-12.87,38.36,6.36,19.86
38,49,0.40924,-21.69,-3.37,-12.69,41.24,7.21,21.17
38,50,0.41699,-21.32,-3.30,-12.52,48.03,8.86,21.26
38,51,0.42535,-20.95,-3.23,-12.36,44.53,8.21,19.71
38,52,0.43359,-20.57,-3.16,-12.19,45.19,8.39,20.00
38,53,0.44293,-20.20,-3.09,-12.03,39.87,7.40,17.65
38,54,0.45081,-19.83,-3.02,-11.87,47.29,8.93,20.93
38,55,0.45856,-19.46,-2.95,-11.70,48.03,8.71,21.26
38,56,0.46698,-19.09,-2.89,-11.54,44.20,8.18,19.57
38,57,0.47540,-18.71,-2.82,-11.37,44.20,8.26,19.57
38,58,0.48364,-18.34,-2.75,-11.21,45.19,8.25,20.00
38,59,0.49207,-17.97,-2.68,-11.05,43.84,8.32,18.84
38,60,0.50024,-17.65,-2.60,-10.97,39.93,9.09,9.70
38,61,0.50928,-17.32,-2.53,-10.89,36.15,8.29,8.78
38,62,0.51703,-16.99,-2.45,-10.81,42.13,9.80,10.24
38,63,0.52527,-16.67,-2.38,-10.73,39.63,8.89,9.63
38,64,0.53363,-16.34,-2.30,-10.65,39.05,8.91,9.49
38,65,0.54266,-16.01,-2.23,-10.57,36.15,8.41,8.78
38,66,0.55029,-15.69,-2.15,-10.49,42.80,9.77,10.40
38,67,0.55859,-15.37,-2.07,-10.41,38.60,9.90,9.56
38,68,0.56732,-15.15,-2.02,-10.37,24.48,5.43,4.90
38,69,0.57526,-14.95,-1.98,-10.33,25.38,6.08,4.62
38,70,0.58362,-14.90,-1.96,-10.35,5.84,1.49,-1.46
38,71,0.59192,-14.85,-1.95,-10.36,5.88,2.07,-1.47
38,72,0.60040,-14.80,-1.93,-10.37,5.76,1.97,-1.44
38,73,0.60913,-14.77,-1.92,-10.38,4.20,1.42,-1.40
38,74,0.61700,-14.86,-1.94,-10.43,-12.02,-2.47,-6.20
38,75,0.62537,-14.97,-1.96,-10.48,-12.77,-2.38,-5.84
38,76,0.63391,-15.23,-2.03,-10.53,-30.71,-8.18,-5.71
38,77,0.64264,-15.51,-2.09,-10.58,-31.47,-7.43,-6.29
38,78,0.65039,-15.92,-2.18,-10.71,-53.15,-11.90,-15.75
38,79,0.65875,-16.34,-2.28,-10.83,-50.36,-11.16,-14.60
38,80,0.66705,-16.88,-2.38,-11.02,-65.44,-12.05,-23.53
38,81,0.67523,-17.44,-2.49,-11.22,-67.91,-13.53,-24.63
38,82,0.68365,-18.14,-2.63,-11.48,-83.33,-16.88,-30.43
38,83,0.69189,-18.84,-2.77,-11.74,-85.19,-17.19,-31.11
38,84,0.70032,-19.54,-2.91,-11.99,-83.33,-16.92,-30.43
38,85,0.70862,-20.25,-3.06,-12.25,-84.93,-17.23,-30.88
38,86,0.71698,-21.00,-3.21,-12.52,-89.78,-18.11,-32.85
38,87,0.72534,-21.75,-3.36,-12.80,-89.78,-18.17,-32.85
38,88,0.73370,-22.50,-3.51,-13.07,-89.78,-18.12,-32.85
38,89,0.74249,-23.24,-3.66,-13.34,-83.68,-16.95,-30.56
38,90,0.75043,-23.74,-3.76,-13.56,-63.85,-12.13,-26.92
38,91,0.75867,-24.24,-3.85,-13.76,-60.00,-11.32,-25.19
38,92,0.76709,-24.56,-3.92,-13.88,-38.41,-7.92,-13.77
38,93,0.77551,-24.87,-3.98,-13.99,-37.32,-7.77,-13.04
38,94,0.78381,-25.05,-4.02,-14.03,-20.96,-4.92,-4.41
38,95,0.79199,-25.22,-4.06,-14.06,-21.27,-4.95,-4.48
38,96,0.80035,-25.40,-4.11,-14.10,-20.80,-4.94,-4.38
38,97,0.80872,-25.56,-4.14,-14.13,-19.71,-4.65,-3.65
38,98,0.81726,-25.61,-4.17,-14.09,-6.07,-2.72,4.29
39,0,0.00000,0.00,0.00,0.00,-200.00,-15.03,-179.43
39,1,0.00812,-1.72,-0.13,-1.54,-212.03,-16.05,-190.23
39,2,0.01630,-3.89,-0.31,-3.05,-265.67,-22.01,-183.58
39,3,0.02448,-6.07,-0.49,-4.55,-265.67,-22.01,-183.58
39,4,0.03259,-8.80,-0.72,-6.32,-336.47,-28.42,-218.05
39,5,0.04138,-11.53,-0.95,-8.09,-310.76,-26.20,-201.39
39,6,0.04950,-14.49,-1.20,-9.65,-364.29,-30.14,-192.48
39,7,0.05786,-17.44,-1.33,-11.22,-353.65,-15.50,-187.59
39,8,0.06635,-19.42,-1.40,-12.34,-233.09,-8.81,-132.37
39,9,0.07465,-21.40,-1.48,-13.46,-238.24,-9.14,-135.29
39,10,0.08301,-22.34,-1.47,-14.10,-112.41,0.92,-75.91
39,11,0.09137,-23.28,-1.52,-14.73,-112.41,-5.72,-75.91
39,12,0.09973,-23.96,-1.57,-15.16,-81.39,-6.15,-50.36
39,13,0.10797,-24.64,-1.63,-15.58,-82.59,-6.99,-51.11
39,14,0.11639,-25.19,-1.69,-15.88,-64.86,-7.33,-35.51
39,15,0.12439,-25.73,-1.75,-16.17,-68.32,-7.47,-37.40
39,16,0.13287,-26.16,-1.80,-16.28,-50.36,-6.78,-12.23
39,17,0.14117,-26.59,-1.86,-16.38,-51.47,-6.93,-12.50
39,18,0.14978,-26.89,-1.91,-16.38,-35.46,-5.62,0.00
39,19,0.15802,-27.20,-1.96,-16.38,-37.04,-5.87,0.00
39,20,0.16638,-27.40,-2.00,-16.33,-24.09,-4.46,6.57
39,21,0.17456,-27.60,-2.03,-16.27,-24.63,-4.65,6.72
39,22,0.18298,-27.65,-2.06,-16.13,-5.80,-2.54,16.67
39,23,0.19159,-27.70,-2.08,-15.99,-5.67,-2.49,16.31
39,24,0.19952,-27.75,-2.10,-15.85,-6.15,-2.70,17.69
39,25,0.20807,-27.80,-2.12,-15.71,-5.71,-2.51,16.43
39,26,0.21631,-27.74,-2.13,-15.53,6.30,-1.17,22.22
39,27,0.22473,-27.69,-2.14,-15.34,6.16,-1.14,21.74
39,28,0.23285,-27.64,-2.15,-15.16,6.39,-1.19,22.56
39,29,0.24158,-27.59,-2.16,-14.98,5.94,-1.19,20.98
39,30,0.24951,-27.44,-2.15,-14.79,19.23,0.80,23.08
39,31,0.25812,-27.28,-2.15,-14.61,17.73,0.74,21.28
39,32,0.26624,-27.13,-2.14,-14.43,18.80,0.78,22.56
39,33,0.27454,-26.98,-2.13,-14.25,18.38,0.67,22.06
39,34,0.28302,-26.82,-2.13,-14.06,17.99,0.75,21.58
39,35,0.29126,-26.67,-2.12,-13.88,18.52,0.77,22.22
39,36,0.29974,-26.45,-2.10,-13.71,25.90,2.18,19.42
39,37,0.30786,-26.23,-2.09,-13.55,27.07,2.17,20.30
39,38,0.31653,-26.01,-2.07,-13.39,25.35,1.79,19.01
39,39,0.32465,-25.79,-2.06,-13.22,27.07,1.64,20.30
39,40,0.33295,-25.44,-2.03,-13.06,42.28,3.76,19.85
39,41,0.34149,-25.09,-2.00,-12.89,41.07,3.23,19.29
39,42,0.34961,-24.74,-1.97,-12.73,43.23,3.10,20.30
39,43,0.35797,-24.39,-1.95,-12.56,41.97,2.61,19.71
39,44,0.36621,-24.04,-1.93,-12.40,42.59,2.34,20.00
39,45,0.37451,-23.69,-1.92,-12.23,42.28,1.92,19.85
39,46,0.38318,-23.34,-1.90,-12.07,40.49,1.79,19.01
39,47,0.39172,-22.99,-1.88,-11.90,41.07,1.75,19.29
39,48,0.39972,-22.63,-1.87,-11.74,43.89,1.86,20.61
39,49,0.40790,-22.28,-1.85,-11.57,42.91,1.94,20.15
39,50,0.41632,-21.91,-1.83,-11.43,44.93,2.44,17.39
39,51,0.42462,-21.53,-1.81,-11.28,45.59,2.59,17.65
39,52,0.43292,-21.15,-1.79,-11.13,45.59,2.56,17.65
39,53,0.44122,-20.77,-1.77,-10.99,45.59,2.43,17.65
39,54,0.44958,-20.39,-1.72,-10.84,45.62,5.81,17.52
39,55,0.45837,-20.01,-1.70,-10.69,43.06,2.71,16.67
39,56,0.46637,-19.63,-1.67,-10.55,47.33,3.03,18.32
39,57,0.47485,-19.25,-1.65,-10.40,44.60,2.72,17.27
39,58,0.48303,-18.88,-1.63,-10.25,46.27,3.01,17.91
39,59,0.49146,-18.50,-1.60,-10.11,44.93,2.98,16.67
39,60,0.49988,-18.17,-1.57,-10.05,39.13,3.37,7.97
39,61,0.50806,-17.84,-1.54,-9.98,40.30,3.61,8.21
39,62,0.51648,-17.51,-1.51,-9.91,39.13,3.42,7.97
39,63,0.52484,-17.18,-1.49,-9.84,39.42,3.54,8.03
39,64,0.53296,-16.85,-1.46,-9.78,40.60,3.64,8.27
39,65,0.54138,-16.52,-1.43,-9.71,39.13,3.46,7.97
39,66,0.54993,-16.19,-1.40,-9.64,38.57,3.46,7.86
39,67,0.55798,-15.86,-1.37,-9.58,40.91,3.67,8.33
39,68,0.56622,-15.65,-1.34,-9.55,25.93,2.97,3.70
39,69,0.57471,-15.44,-1.32,-9.52,24.82,2.53,3.60
39,70,0.58337,-15.39,-1.31,-9.53,5.63,0.97,-1.41
39,71,0.59155,-15.34,-1.31,-9.54,5.60,0.70,-1.49
39,72,0.59973,-15.29,-1.30,-9.55,5.97,0.65,-1.49
39,73,0.60809,-15.25,-1.30,-9.56,5.47,0.59,-1.46
39,74,0.61652,-15.34,-1.30,-9.61,-11.59,-0.77,-5.07
39,75,0.62476,-15.44,-1.31,-9.65,-12.22,-0.69,-5.19
39,76,0.63324,-15.71,-1.34,-9.69,-31.29,-3.10,-4.32
39,77,0.64154,-15.98,-1.36,-9.72,-32.35,-3.16,-4.41
39,78,0.64966,-16.40,-1.40,-9.82,-51.50,-4.39,-12.03
39,79,0.65796,-16.82,-1.43,-9.92,-50.37,-4.25,-11.76
39,80,0.66663,-17.37,-1.47,-10.09,-64.44,-4.80,-19.72
39,81,0.67493,-17.93,-1.51,-10.26,-66.91,-4.92,-20.59
39,82,0.68311,-18.64,-1.57,-10.48,-86.94,-6.40,-26.87
39,83,0.69159,-19.35,-1.62,-10.70,-84.17,-6.30,-25.90
39,84,0.70007,-20.07,-1.67,-10.92,-83.81,-6.17,-25.90
39,85,0.70819,-20.78,-1.73,-11.14,-87.97,-6.58,-27.07
39,86,0.71667,-21.54,-1.78,-11.38,-89.93,-6.67,-28.06
39,87,0.72491,-22.31,-1.80,-11.61,-92.59,-2.17,-28.89
39,88,0.73315,-23.07,-1.87,-11.85,-92.59,-8.07,-28.89
39,89,0.74188,-23.83,-1.93,-12.08,-86.71,-7.64,-26.57
39,90,0.74976,-24.34,-1.98,-12.27,-65.50,-5.96,-24.03
39,91,0.75812,-24.85,-2.02,-12.46,-61.31,-4.60,-22.63
39,92,0.76654,-25.18,-2.05,-12.56,-39.13,-3.79,-11.59
39,93,0.77484,-25.51,-2.08,-12.66,-38.97,-3.70,-11.76
39,94,0.78314,-25.68,-2.10,-12.68,-20.96,-2.58,-2.94
39,95,0.79163,-25.85,-2.12,-12.71,-20.50,-2.51,-2.88
39,96,0.79980,-26.03,-2.15,-12.73,-21.27,-2.57,-2.99
39,97,0.80859,-26.20,-2.17,-12.76,-19.10,-2.43,-2.78
39,98,0.81683,-26.25,-2.18,-12.72,-5.93,-1.36,4.44
40,0,0.00000,0.00,0.00,0.00,-223.13,-8.95,129.25
40,1,0.00769,-2.00,-0.08,1.16,-260.32,-10.43,150.79
40,2,0.01575,-4.10,-0.17,2.76,-260.61,-11.24,198.86
40,3,0.02435,-6.20,-0.26,4.36,-244.33,-10.52,186.17
40,4,0.03278,-8.73,-0.37,6.42,-300.00,-13.17,243.84
40,5,0.04114,-11.26,-0.48,8.47,-302.19,-13.27,245.62
40,6,0.04913,-13.67,-0.59,10.80,-301.15,-13.95,291.22
40,7,0.05756,-16.07,-0.68,13.13,-285.51,-10.03,276.45
40,8,0.06598,-17.75,-0.88,14.66,-198.91,-24.33,182.25
40,9,0.07416,-19.42,-1.01,16.20,-204.85,-15.50,187.69
40,10,0.08258,-20.31,-1.08,16.90,-105.80,-7.66,82.97
40,11,0.09125,-21.20,-1.14,17.60,-102.82,-7.40,80.63
40,12,0.09918,-21.81,-1.18,18.11,-76.92,-5.69,65.00
40,13,0.10767,-22.42,-1.23,18.63,-71.94,-5.32,60.79
40,14,0.11603,-22.88,-1.26,19.06,-54.01,-4.12,51.09
40,15,0.12476,-23.33,-1.30,19.48,-51.75,-3.97,48.95
40,16,0.13281,-23.56,-1.32,19.85,-28.79,-2.69,46.21
40,17,0.14111,-23.79,-1.34,20.23,-27.94,-2.63,44.85
40,18,0.14929,-23.89,-1.36,20.52,-11.57,-1.53,35.45
40,19,0.15778,-23.98,-1.37,20.81,-11.15,-1.48,34.17
40,20,0.16583,-23.99,-1.37,21.01,-1.52,-0.76,25.76
40,21,0.17432,-24.01,-1.38,21.22,-1.44,-0.72,24.46
40,22,0.18262,-23.89,-1.38,21.31,14.34,0.48,10.66
40,23,0.19141,-23.77,-1.37,21.40,13.54,0.43,10.07
40,24,0.19952,-23.65,-1.37,21.49,14.66,0.45,10.90
40,25,0.20758,-23.53,-1.36,21.58,14.77,0.47,10.98
40,26,0.21588,-23.34,-1.35,21.58,22.79,1.16,0.74
40,27,0.22449,-23.15,-1.35,21.59,21.99,1.12,0.71
40,28,0.23260,-22.96,-1.34,21.59,23.31,1.19,0.75
40,29,0.24103,-22.77,-1.33,21.60,22.46,1.14,0.72
40,30,0.24957,-22.55,-1.31,21.51,26.07,1.62,-10.36
40,31,0.25787,-22.33,-1.30,21.42,26.84,1.65,-10.66
40,32,0.26617,-22.10,-1.28,21.33,26.84,1.67,-10.66
40,33,0.27411,-21.88,-1.27,21.25,28.08,1.72,-11.15
40,34,0.28265,-21.66,-1.26,21.16,26.07,1.62,-10.36
40,35,0.29095,-21.44,-1.24,21.07,26.84,1.67,-10.66
40,36,0.29919,-21.21,-1.23,20.91,27.04,1.91,-19.26
40,37,0.30762,-20.99,-1.21,20.75,26.45,1.84,-18.84
40,38,0.31580,-20.77,-1.20,20.59,27.24,1.92,-19.40
40,39,0.32416,-20.54,-1.18,20.43,26.64,1.86,-18.98
40,40,0.33246,-20.28,-1.16,20.15,31.62,2.54,-34.19
40,41,0.34094,-20.02,-1.14,19.87,30.94,2.49,-33.45
40,42,0.34918,-19.76,-1.12,19.58,31.85,2.56,-34.44
40,43,0.35767,-19.49,-1.10,19.30,30.94,2.46,-33.45
40,44,0.36615,-19.23,-1.08,19.02,30.94,2.49,-33.45
40,45,0.37427,-18.97,-1.05,18.73,32.33,2.60,-34.96
40,46,0.38251,-18.71,-1.03,18.45,31.85,2.51,-34.44
40,47,0.39093,-18.44,-1.01,18.16,31.16,2.50,-33.70
40,48,0.39923,-18.18,-0.99,17.88,31.62,2.54,-34.19
40,49,0.40753,-17.92,-0.97,17.60,31.62,2.54,-34.19
40,50,0.41571,-17.67,-0.95,17.28,30.97,2.60,-38.43
40,51,0.42413,-17.41,-0.93,16.96,30.43,2.57,-37.68
40,52,0.43250,-17.16,-0.91,16.65,30.29,2.54,-37.59
40,53,0.44098,-16.90,-0.88,16.34,29.86,2.52,-37.05
40,54,0.44958,-16.65,-0.86,16.02,29.43,2.49,-36.52
40,55,0.45758,-16.40,-0.84,15.71,31.68,2.68,-39.31
40,56,0.46619,-16.14,-0.82,15.39,29.43,2.47,-36.52
40,57,0.47412,-15.89,-0.80,15.08,31.92,2.67,-39.62
40,58,0.48267,-15.64,-0.78,14.76,29.64,2.51,-36.79
40,59,0.49091,-15.38,-0.76,14.45,30.74,2.60,-38.15
40,60,0.49927,-15.22,-0.74,14.16,19.71,1.92,-35.04
40,61,0.50757,-15.05,-0.72,13.86,19.85,1.96,-35.29
40,62,0.51587,-14.89,-0.71,13.57,19.85,1.94,-35.29
40,63,0.52423,-14.72,-0.69,13.28,19.71,1.95,-35.04
40,64,0.53271,-14.56,-0.68,12.99,19.42,1.89,-34.53
40,65,0.54120,-14.40,-0.66,12.69,19.42,1.94,-34.53
40,66,0.54926,-14.23,-0.64,12.40,20.45,1.97,-36.74
40,67,0.55768,-14.07,-0.63,12.10,19.57,1.61,-34.78
40,68,0.56592,-13.97,-0.62,11.91,11.48,0.86,-23.70
40,69,0.57440,-13.88,-0.62,11.72,11.15,0.80,-22.66
40,70,0.58252,-13.87,-0.62,11.67,0.38,0.09,-6.02
40,71,0.59106,-13.87,-0.61,11.62,0.36,0.11,-5.71
40,72,0.59924,-13.87,-0.61,11.57,0.37,0.12,-5.97
40,73,0.60760,-13.86,-0.61,11.52,0.36,0.11,-5.84
40,74,0.61584,-13.93,-0.62,11.60,-8.52,-0.44,9.63
40,75,0.62421,-14.00,-0.62,11.68,-8.39,-0.47,9.85
40,76,0.63269,-14.12,-0.63,11.92,-14.03,-1.05,28.42
40,77,0.64105,-14.24,-0.64,12.16,-14.23,-1.20,28.83
40,78,0.64923,-14.47,-0.66,12.53,-27.24,-2.27,44.78
40,79,0.65839,-14.69,-0.68,12.90,-24.33,-2.41,40.00
40,80,0.66626,-15.02,-0.71,13.37,-42.25,-3.81,60.08
40,81,0.67438,-15.35,-0.74,13.84,-40.98,-3.63,58.27
40,82,0.68262,-15.78,-0.78,14.45,-51.85,-4.63,74.07
40,83,0.69104,-16.21,-0.82,15.06,-50.72,-4.55,72.46
40,84,0.69946,-16.64,-0.85,15.67,-50.72,-4.51,72.46
40,85,0.70776,-17.07,-0.89,16.28,-51.84,-4.61,73.53
40,86,0.71600,-17.53,-0.93,16.94,-55.93,-4.94,79.26
40,87,0.72430,-17.99,-0.97,17.59,-55.51,-4.94,78.68
40,88,0.73267,-18.45,-1.01,18.24,-55.11,-4.91,78.10
40,89,0.74084,-18.91,-1.06,18.90,-55.97,-5.02,79.85
40,90,0.74939,-19.25,-1.08,19.33,-40.00,-3.39,50.71
40,91,0.75757,-19.59,-1.11,19.76,-41.42,-3.53,52.61
40,92,0.76587,-19.78,-1.13,20.04,-23.90,-2.12,34.19
40,93,0.77429,-19.98,-1.15,20.32,-23.19,-2.08,33.33
40,94,0.78271,-20.06,-1.16,20.48,-9.06,-0.96,18.84
40,95,0.79132,-20.13,-1.16,20.64,-8.87,-0.95,18.44
40,96,0.79950,-20.21,-1.17,20.80,-9.33,-0.99,19.40
40,97,0.80750,-20.29,-1.18,20.96,-9.54,-1.01,19.47
40,98,0.81573,-20.26,-1.18,21.01,2.59,-0.05,7.04
41,0,0.00000,0.00,0.00,0.00,144.60,-39.86,-135.97
41,1,0.00824,1.22,-0.29,-1.16,148.52,-35.45,-140.74
41,2,0.01660,2.47,-0.74,-2.29,148.91,-53.39,-135.04
41,3,0.02484,3.70,-1.10,-3.44,149.26,-43.43,-139.63
41,4,0.03326,5.16,-1.52,-4.79,173.91,-50.71,-160.87
41,5,0.04150,6.61,-1.95,-6.16,175.93,-51.34,-166.30
41,6,0.04987,7.95,-2.34,-7.40,159.49,-46.70,-147.81
41,7,0.05835,9.27,-2.72,-8.64,156.47,-45.64,-146.40
41,8,0.06665,10.19,-2.93,-9.53,110.66,-24.22,-106.99
41,9,0.07489,11.13,-3.19,-10.40,113.70,-32.33,-105.93
41,10,0.08319,11.70,-3.11,-10.83,69.12,10.12,-51.84
41,11,0.09161,12.26,-3.60,-11.29,65.58,-59.05,-53.62
41,12,0.09998,12.58,-3.67,-11.63,39.05,-7.73,-41.61
41,13,0.10852,12.95,-3.74,-11.94,42.86,-8.58,-36.07
41,14,0.11664,13.18,-3.74,-12.19,28.20,0.00,-31.20
41,15,0.12494,13.41,-3.74,-12.44,28.31,-0.00,-29.78
41,16,0.13330,13.51,-3.74,-12.54,11.31,0.00,-12.04
41,17,0.14203,13.60,-3.74,-12.64,11.19,-0.00,-11.54
41,18,0.15051,13.60,-3.74,-12.64,0.00,-0.00,0.00
41,19,0.15833,13.60,-3.74,-12.64,0.00,0.00,0.00
41,20,0.16644,13.58,-3.74,-12.62,-3.01,-0.00,3.01
41,21,0.17487,13.58,-3.74,-12.62,0.00,0.00,0.36
41,22,0.18335,13.44,-3.74,-12.56,-16.19,-0.00,6.47
41,23,0.19177,13.31,-3.73,-12.51,-16.30,1.74,6.52
41,24,0.20007,13.17,-3.71,-12.45,-16.91,2.40,6.62
41,25,0.20819,13.15,-3.74,-12.27,-1.50,-4.27,22.18
41,26,0.21747,13.05,-3.69,-12.11,-11.18,6.23,17.11
41,27,0.22473,12.95,-3.72,-11.95,-13.87,-4.55,21.85
41,28,0.23322,12.85,-3.72,-11.80,-11.87,-0.13,18.71
41,29,0.24146,12.75,-3.72,-11.64,-12.22,0.03,19.26
41,30,0.24994,12.71,-3.74,-11.40,-4.32,-1.99,28.06
41,31,0.25812,12.67,-3.75,-11.16,-4.48,-1.76,29.10
41,32,0.26654,12.64,-3.75,-10.92,-4.35,0.00,28.26
41,33,0.27484,12.60,-3.75,-10.68,-4.78,0.14,28.68
41,34,0.28345,12.56,-3.75,-10.45,-4.26,-0.13,27.66
41,35,0.29175,12.52,-3.75,-10.21,-4.41,0.00,28.68
41,36,0.29980,12.55,-3.78,-9.94,3.03,-3.21,33.71
41,37,0.30847,12.57,-3.78,-9.66,2.82,-0.00,31.34
41,38,0.31720,12.60,-3.74,-9.39,2.80,3.93,31.12
41,39,0.32501,12.62,-3.74,-9.12,3.12,-0.17,34.77
41,40,0.33337,12.73,-3.74,-8.75,13.14,-0.16,44.53
41,41,0.34155,12.84,-3.75,-8.38,13.43,-0.11,45.15
41,42,0.34991,12.95,-3.75,-8.01,13.14,-0.11,44.16
41,43,0.35828,13.06,-3.75,-7.64,13.14,-0.11,44.16
41,44,0.36664,13.17,-3.75,-7.27,13.14,-0.11,44.16
41,45,0.37488,13.28,-3.75,-6.90,13.33,-0.11,44.81
41,46,0.38318,13.39,-3.75,-6.53,13.24,-0.11,44.49
41,47,0.39160,13.50,-3.75,-6.16,13.04,-0.11,43.84
41,48,0.39996,13.61,-3.75,-5.80,13.14,-0.11,44.16
41,49,0.40845,13.72,-3.75,-5.43,12.95,-0.11,43.53
41,50,0.41705,13.86,-3.75,-5.05,16.67,-0.11,43.97
41,51,0.42493,14.01,-3.75,-4.67,18.22,-0.12,48.06
41,52,0.43335,14.15,-3.76,-4.29,17.03,-0.11,44.93
41,53,0.44171,14.29,-3.76,-3.91,17.15,-0.11,45.26
41,54,0.44983,14.44,-3.76,-3.53,17.67,-0.11,46.62
41,55,0.45844,14.58,-3.76,-3.16,16.67,-0.10,43.97
41,56,0.46674,14.72,-3.76,-2.78,17.28,-0.11,45.59
41,57,0.47504,14.87,-3.76,-2.40,17.28,-0.11,45.59
41,58,0.48340,15.01,-3.76,-2.02,17.15,-0.11,45.26
41,59,0.49158,15.16,-3.76,-1.64,17.54,-0.11,46.27
41,60,0.50043,15.33,-3.76,-1.35,19.31,-0.07,32.76
41,61,0.50818,15.50,-3.76,-1.06,22.05,-0.08,37.40
41,62,0.51666,15.67,-3.76,-0.77,20.14,-0.08,34.17
41,63,0.52509,15.84,-3.76,-0.48,20.29,-0.08,34.42
41,64,0.53326,16.01,-3.77,-0.19,20.90,-0.08,35.45
41,65,0.54199,16.18,-3.77,0.10,19.58,-0.07,33.22
41,66,0.54993,16.35,-3.77,0.39,21.54,-0.08,36.54
41,67,0.55853,16.52,-3.77,0.68,19.86,-0.08,34.04
41,68,0.56683,16.64,-3.77,0.86,14.34,-0.04,21.69
41,69,0.57526,16.76,-3.77,1.04,14.13,-0.05,21.01
41,70,0.58337,16.80,-3.77,1.07,4.89,-0.01,3.38
41,71,0.59167,16.84,-3.77,1.09,4.78,-0.01,3.31
41,72,0.60010,16.88,-3.77,1.12,4.71,-0.00,3.26
41,73,0.60840,16.92,-3.77,1.14,4.78,-0.00,2.94
41,74,0.61694,16.89,-3.77,1.04,-3.93,0.03,-11.79
41,75,0.62518,16.85,-3.77,0.94,-4.44,0.03,-12.59
41,76,0.63348,16.70,-3.77,0.72,-17.65,0.06,-26.84
41,77,0.64178,16.55,-3.77,0.49,-18.01,0.06,-27.21
41,78,0.65045,16.35,-3.77,0.11,-23.24,0.10,-43.66
41,79,0.65839,16.15,-3.76,-0.27,-25.38,0.11,-48.08
41,80,0.66656,15.91,-3.76,-0.80,-29.10,0.15,-64.55
41,81,0.67517,15.67,-3.76,-1.33,-28.01,0.15,-61.70
41,82,0.68353,15.36,-3.76,-2.01,-36.86,0.19,-81.02
41,83,0.69177,15.05,-3.76,-2.68,-37.41,0.19,-82.22
41,84,0.70013,14.75,-3.76,-3.36,-36.86,0.19,-81.02
41,85,0.70831,14.44,-3.76,-4.04,-37.69,0.19,-83.21
41,86,0.71674,14.11,-3.75,-4.77,-39.13,0.20,-86.59
41,87,0.72510,13.78,-3.75,-5.50,-39.42,0.20,-87.23
41,88,0.73358,13.45,-3.75,-6.23,-38.85,0.20,-85.97
41,89,0.74176,13.12,-3.75,-6.95,-39.93,0.21,-88.43
41,90,0.74994,12.92,-3.75,-7.46,-24.25,0.15,-62.69
41,91,0.75842,12.73,-3.75,-7.97,-23.38,0.14,-60.07
41,92,0.76697,12.58,-3.75,-8.29,-16.79,0.09,-36.79
41,93,0.77539,12.44,-3.75,-8.60,-17.03,0.09,-36.96
41,94,0.78333,12.34,-3.74,-8.75,-12.31,0.04,-18.46
41,95,0.79169,12.24,-3.74,-8.89,-11.68,0.04,-17.52
41,96,0.80017,12.15,-3.69,-9.04,-11.51,5.84,-17.27
41,97,0.80865,12.05,-3.70,-9.18,-11.15,-0.13,-16.91
41,98,0.81696,11.99,-3.69,-9.19,-7.35,0.65,-1.47
42,0,0.00000,0.00,0.00,0.00,-15.33,2.04,276.28
42,1,0.00824,-0.13,0.02,2.31,-15.56,2.07,280.37
42,2,0.01648,0.06,0.03,4.94,22.96,2.18,319.63
42,3,0.02502,0.25,0.05,7.58,22.14,2.10,308.21
42,4,0.03333,0.58,0.07,10.82,40.07,2.60,390.07
42,5,0.04187,0.92,0.10,14.05,38.93,2.52,378.93
42,6,0.04999,1.54,0.12,17.34,77.44,2.54,405.26
42,7,0.05847,2.17,0.14,20.63,74.10,2.43,387.77
42,8,0.06683,2.54,0.15,22.88,43.80,1.72,268.25
42,9,0.07501,2.91,0.17,25.12,44.78,1.75,274.25
42,10,0.08362,3.00,0.17,26.25,11.35,0.89,131.21
42,11,0.09167,3.10,0.18,27.38,12.12,0.94,140.15
42,12,0.10010,3.20,0.19,28.17,11.59,0.62,94.20
42,13,0.10822,3.30,0.19,28.96,12.03,0.64,97.74
42,14,0.11676,3.41,0.20,29.58,12.86,0.45,71.79
42,15,0.12506,3.52,0.20,30.19,13.24,0.47,73.90
42,16,0.13330,3.70,0.20,30.59,22.59,0.25,48.15
42,17,0.14203,3.89,0.20,30.98,21.33,0.23,45.45
42,18,0.15009,4.08,0.20,31.22,23.48,0.10,29.55
42,19,0.15875,4.27,0.21,31.46,21.83,0.10,27.46
42,20,0.16663,4.43,0.21,31.58,21.32,0.01,15.50
42,21,0.17499,4.60,0.21,31.70,20.07,0.01,14.60
42,22,0.18329,4.74,0.20,31.66,16.91,-0.11,-5.88
42,23,0.19220,4.88,0.20,31.61,15.75,-0.11,-5.48
42,24,0.19989,5.02,0.20,31.56,18.25,-0.13,-6.35
42,25,0.20825,5.16,0.20,31.51,16.79,-0.12,-5.84
42,26,0.21661,5.27,0.20,31.35,12.77,-0.19,-18.61
42,27,0.22522,5.38,0.20,31.20,12.41,-0.19,-18.09
42,28,0.23358,5.48,0.20,31.04,12.77,-0.19,-18.61
42,29,0.24170,5.59,0.20,30.89,13.16,-0.20,-19.17
42,30,0.25012,5.64,0.19,30.65,5.80,-0.23,-27.90
42,31,0.25891,5.69,0.19,30.42,5.56,-0.21,-26.74
42,32,0.26691,5.74,0.19,30.18,6.11,-0.24,-29.39
42,33,0.27502,5.79,0.19,29.95,6.02,-0.23,-28.95
42,34,0.28345,5.83,0.19,29.71,5.80,-0.23,-27.90
42,35,0.29187,5.88,0.18,29.48,5.80,-0.22,-27.90
42,36,0.29999,5.87,0.18,29.21,-1.13,-0.23,-33.46
42,37,0.30841,5.87,0.18,28.93,-1.09,-0.22,-32.25
42,38,0.31659,5.86,0.18,28.66,-1.12,-0.24,-33.21
42,39,0.32513,5.85,0.18,28.39,-1.07,-0.22,-31.79
42,40,0.33350,5.76,0.17,28.02,-10.95,-0.27,-44.89
42,41,0.34180,5.66,0.17,27.64,-11.03,-0.27,-45.22
42,42,0.35010,5.57,0.17,27.26,-11.03,-0.28,-45.22
42,43,0.35846,5.48,0.17,26.89,-10.95,-0.27,-44.89
42,44,0.36670,5.39,0.16,26.51,-11.11,-0.27,-45.56
42,45,0.37585,5.30,0.16,26.14,-10.00,-0.25,-41.00
42,46,0.38354,5.21,0.16,25.76,-11.90,-0.29,-48.81
42,47,0.39178,5.11,0.16,25.39,-11.11,-0.28,-45.56
42,48,0.40027,5.02,0.16,25.01,-10.79,-0.27,-44.24
42,49,0.40826,4.93,0.15,24.64,-11.45,-0.28,-46.95
42,50,0.41693,4.81,0.15,24.25,-14.44,-0.25,-44.37
42,51,0.42523,4.68,0.15,23.87,-15.07,-0.26,-46.32
42,52,0.43378,4.55,0.15,23.47,-15.00,-0.26,-46.07
42,53,0.44226,4.43,0.14,23.09,-14.75,-0.26,-45.32
42,54,0.45020,4.30,0.14,22.71,-15.77,-0.27,-48.46
42,55,0.45898,4.18,0.14,22.32,-14.24,-0.25,-43.75
42,56,0.46698,4.05,0.14,21.94,-15.65,-0.27,-48.09
42,57,0.47522,3.93,0.14,21.55,-15.19,-0.27,-46.67
42,58,0.48395,3.80,0.13,21.17,-14.34,-0.25,-44.06
42,59,0.49176,3.68,0.13,20.78,-16.02,-0.28,-49.22
42,60,0.50085,3.52,0.13,20.48,-17.11,-0.16,-32.89
42,61,0.50873,3.37,0.13,20.18,-19.77,-0.18,-37.98
42,62,0.51709,3.21,0.13,19.89,-18.61,-0.17,-35.77
42,63,0.52509,3.05,0.13,19.59,-19.47,-0.18,-37.40
42,64,0.53345,2.90,0.12,19.29,-18.61,-0.17,-35.77
42,65,0.54199,2.74,0.12,18.99,-18.21,-0.17,-35.00
42,66,0.55017,2.59,0.12,18.69,-19.03,-0.17,-36.57
42,67,0.55853,2.43,0.12,18.39,-18.61,-0.17,-35.40
42,68,0.56696,2.32,0.12,18.21,-13.04,-0.10,-22.10
42,69,0.57593,2.21,0.12,18.02,-12.24,-0.09,-20.41
42,70,0.58362,2.17,0.12,17.99,-5.16,-0.01,-3.97
42,71,0.59235,2.13,0.12,17.97,-4.55,-0.00,-3.15
42,72,0.60016,2.09,0.12,17.94,-5.08,-0.00,-3.91
42,73,0.60901,2.06,0.12,17.91,-4.14,-0.00,-3.10
42,74,0.61707,2.08,0.12,18.01,3.41,0.08,12.88
42,75,0.62543,2.11,0.12,18.12,3.65,0.07,12.41
42,76,0.63373,2.25,0.12,18.35,16.54,0.12,27.94
42,77,0.64252,2.39,0.12,18.58,15.62,0.12,26.39
42,78,0.65027,2.57,0.12,18.97,23.62,0.25,50.00
42,79,0.65857,2.76,0.13,19.36,22.06,0.24,47.06
42,80,0.66742,2.97,0.13,19.89,24.14,0.32,60.69
42,81,0.67517,3.18,0.13,20.43,27.56,0.38,69.69
42,82,0.68353,3.46,0.14,21.13,32.85,0.44,82.85
42,83,0.69189,3.73,0.14,21.82,32.85,0.45,82.85
42,84,0.70013,4.01,0.14,22.51,33.33,0.45,84.07
42,85,0.70898,4.28,0.15,23.21,31.03,0.42,78.28
42,86,0.71680,4.58,0.15,23.95,37.89,0.51,95.31
42,87,0.72504,4.87,0.15,24.69,35.93,0.48,90.37
42,88,0.73364,5.17,0.16,25.44,34.40,0.46,86.52
42,89,0.74194,5.46,0.16,26.18,35.29,0.48,88.97
42,90,0.75037,5.64,0.16,26.70,20.65,0.34,61.96
42,91,0.75861,5.81,0.17,27.22,21.11,0.36,62.96
42,92,0.76727,5.94,0.17,27.54,14.79,0.20,36.97
42,93,0.77539,6.07,0.17,27.86,15.79,0.21,39.10
42,94,0.78351,6.16,0.17,28.01,10.90,0.08,18.80
42,95,0.79181,6.24,0.17,28.16,10.66,0.09,18.38
42,96,0.80005,6.33,0.17,28.31,10.74,0.08,18.52
42,97,0.80853,6.42,0.17,28.46,10.43,0.08,17.63
42,98,0.81708,6.48,0.17,28.48,7.14,-0.02,1.79
43,0,0.00000,0.00,0.00,0.00,79.23,-0.14,-254.93
43,1,0.00818,0.69,-0.00,-2.21,83.96,-0.15,-270.15
43,2,0.01636,1.15,-0.00,-4.81,56.34,-0.06,-317.91
43,3,0.02466,1.61,-0.00,-7.41,55.51,-0.06,-313.24
43,4,0.03308,2.08,-0.00,-10.63,55.43,-0.03,-382.61
43,5,0.04138,2.54,-0.01,-13.85,56.25,-0.75,-388.24
43,6,0.04968,2.73,-0.05,-17.20,23.16,-5.34,-402.57
43,7,0.05811,2.93,-0.35,-20.54,22.83,-34.83,-397.46
43,8,0.06628,3.12,-0.68,-22.81,23.51,-41.13,-276.87
43,9,0.07471,3.31,-1.05,-25.07,22.83,-43.58,-268.48
43,10,0.08325,3.49,-1.28,-26.19,21.43,-26.89,-130.71
43,11,0.09131,3.68,-1.49,-27.30,22.73,-26.05,-138.64
43,12,0.09961,3.78,-1.63,-28.10,12.13,-17.53,-95.59
43,13,0.10803,3.88,-1.78,-28.89,11.96,-17.46,-94.20
43,14,0.11633,3.92,-1.90,-29.51,5.15,-14.38,-75.00
43,15,0.12476,3.96,-2.02,-30.13,5.07,-13.91,-73.55
43,16,0.13318,3.88,-2.11,-30.56,-9.78,-11.31,-51.09
43,17,0.14136,3.80,-2.21,-30.99,-10.07,-11.65,-52.61
43,18,0.14990,3.67,-2.28,-31.27,-14.64,-7.96,-32.50
43,19,0.15808,3.55,-2.35,-31.55,-15.30,-8.31,-33.96
43,20,0.16650,3.41,-2.39,-31.71,-15.94,-5.63,-19.20
43,21,0.17468,3.28,-2.44,-31.87,-16.42,-5.73,-19.40
43,22,0.18298,3.13,-2.45,-31.85,-17.65,-1.44,1.84
43,23,0.19128,2.99,-2.46,-31.84,-17.65,-1.44,1.84
43,24,0.19983,2.84,-2.48,-31.82,-17.14,-1.58,1.79
43,25,0.20801,2.69,-2.49,-31.81,-17.91,-1.66,1.87
43,26,0.21619,2.55,-2.48,-31.69,-17.54,1.04,14.93
43,27,0.22461,2.41,-2.47,-31.56,-17.03,1.14,14.49
43,28,0.23364,2.26,-2.46,-31.44,-15.88,0.89,13.51
43,29,0.24182,2.12,-2.46,-31.32,-17.54,1.06,15.30
43,30,0.24976,2.01,-2.42,-31.10,-13.46,4.09,27.31
43,31,0.25806,1.91,-2.39,-30.88,-12.87,3.72,26.10
43,32,0.26624,1.80,-2.36,-30.67,-13.06,3.78,26.49
43,33,0.27478,1.69,-2.33,-30.45,-12.50,3.80,25.36
43,34,0.28308,1.59,-2.30,-30.23,-12.87,3.72,26.10
43,35,0.29138,1.48,-2.27,-30.02,-12.50,3.77,26.10
43,36,0.29968,1.43,-2.22,-29.75,-6.62,5.77,31.99
43,37,0.30798,1.37,-2.17,-29.49,-6.62,5.44,31.99
43,38,0.31641,1.32,-2.13,-29.22,-6.52,5.69,31.52
43,39,0.32458,1.26,-2.08,-28.95,-6.72,5.74,32.84
43,40,0.33337,1.26,-2.00,-28.56,-0.35,8.68,44.10
43,41,0.34131,1.26,-1.92,-28.18,-0.38,9.81,48.85
43,42,0.35022,1.25,-1.85,-27.79,-0.34,8.56,43.49
43,43,0.35803,1.25,-1.77,-27.40,-0.39,9.76,49.61
43,44,0.36633,1.25,-1.70,-27.01,-0.37,9.19,46.69
43,45,0.37488,1.25,-1.62,-26.63,-0.36,8.93,45.36
43,46,0.38318,1.24,-1.54,-26.24,-0.37,9.19,46.69
43,47,0.39148,1.24,-1.47,-25.85,-0.37,9.38,46.69
43,48,0.40002,1.24,-1.39,-25.46,-0.36,8.93,45.36
43,49,0.40808,1.23,-1.31,-25.08,-0.38,9.47,48.11
43,50,0.41638,1.26,-1.23,-24.67,3.31,9.96,48.53
43,51,0.42493,1.29,-1.15,-24.27,3.21,9.84,47.50
43,52,0.43323,1.32,-1.06,-23.86,3.31,9.73,48.53
43,53,0.44165,1.34,-0.99,-23.46,3.26,9.10,47.83
43,54,0.45020,1.37,-0.91,-23.05,3.21,8.91,48.57
43,55,0.45862,1.40,-0.84,-22.64,3.26,8.42,48.19
43,56,0.46667,1.43,-0.77,-22.24,3.41,8.41,50.00
43,57,0.47498,1.45,-0.71,-21.84,3.31,7.78,48.53
43,58,0.48364,1.48,-0.65,-21.43,3.17,7.20,46.83
43,59,0.49194,1.51,-0.59,-21.03,3.68,7.14,48.53
43,60,0.50037,1.59,-0.54,-20.69,9.42,6.05,39.86
43,61,0.50867,1.67,-0.49,-20.36,9.19,5.74,39.71
43,62,0.51697,1.74,-0.44,-20.03,9.19,5.43,39.71
43,63,0.52551,1.82,-0.40,-19.70,8.93,5.05,38.57
43,64,0.53369,1.90,-0.36,-19.37,9.33,5.01,40.30
43,65,0.54187,1.97,-0.32,-19.04,9.33,4.73,40.30
43,66,0.55054,2.05,-0.28,-18.71,8.80,4.20,38.03
43,67,0.55859,2.12,-0.25,-18.39,9.47,4.12,39.77
43,68,0.56689,2.19,-0.23,-18.19,7.35,2.46,25.00
43,69,0.57507,2.25,-0.21,-17.99,7.46,2.36,24.25
43,70,0.58362,2.28,-0.21,-17.95,3.57,0.45,4.29
43,71,0.59180,2.31,-0.20,-17.91,3.73,0.50,4.48
43,72,0.60022,2.34,-0.20,-17.88,3.62,0.52,4.35
43,73,0.60864,2.37,-0.20,-17.85,3.62,0.41,3.62
43,74,0.61658,2.37,-0.20,-17.95,-0.38,-1.07,-13.46
43,75,0.62512,2.36,-0.21,-18.07,-0.71,-1.13,-13.57
43,76,0.63367,2.28,-0.24,-18.33,-8.93,-2.88,-30.00
43,77,0.64172,2.21,-0.27,-18.59,-9.47,-3.38,-32.95
43,78,0.65051,2.12,-0.31,-19.02,-9.72,-5.01,-48.26
43,79,0.65857,2.04,-0.36,-19.45,-10.23,-6.09,-53.41
43,80,0.66711,1.96,-0.43,-20.02,-8.93,-7.89,-67.14
43,81,0.67517,1.89,-0.50,-20.61,-9.47,-9.51,-72.73
43,82,0.68359,1.79,-0.61,-21.34,-11.59,-12.36,-87.68
43,83,0.69226,1.69,-0.72,-22.08,-11.27,-13.40,-85.21
43,84,0.70007,1.59,-0.85,-22.82,-12.50,-16.24,-94.53
43,85,0.70862,1.50,-0.99,-23.56,-11.43,-16.13,-86.79
43,86,0.71680,1.39,-1.15,-24.36,-12.69,-19.38,-97.01
43,87,0.72546,1.29,-1.32,-25.15,-11.97,-19.77,-91.55
43,88,0.73376,1.18,-1.49,-25.94,-12.50,-20.78,-95.59
43,89,0.74219,1.08,-1.65,-26.72,-11.96,-19.52,-92.39
43,90,0.75061,1.04,-1.77,-27.27,-5.07,-13.54,-65.22
43,91,0.75903,1.00,-1.88,-27.80,-5.07,-13.18,-63.41
43,92,0.76733,0.95,-1.95,-28.15,-5.51,-8.88,-41.18
43,93,0.77515,0.91,-2.02,-28.48,-5.86,-8.92,-42.19
43,94,0.78406,0.86,-2.06,-28.64,-5.48,-4.42,-18.84
43,95,0.79211,0.81,-2.10,-28.81,-6.06,-4.69,-20.83
43,96,0.80054,0.76,-2.14,-28.98,-5.80,-4.74,-20.29
43,97,0.80908,0.71,-2.18,-29.14,-5.71,-4.21,-18.57
43,98,0.81714,0.66,-2.19,-29.17,-6.82,-1.57,-3.79
44,0,0.00000,0.00,0.00,0.00,271.01,78.13,43.84
44,1,0.00854,2.28,0.66,0.37,267.14,77.02,43.21
44,2,0.01672,4.92,1.51,0.46,322.76,103.75,10.82
44,3,0.02490,7.56,2.36,0.55,322.76,103.80,10.82
44,4,0.03333,10.82,3.43,0.55,386.59,127.37,0.72
44,5,0.04150,14.07,4.50,0.56,398.13,131.19,0.75
44,6,0.04980,17.41,5.68,0.28,401.84,141.54,-33.82
44,7,0.05823,20.75,6.85,-0.00,396.01,139.33,-33.33
44,8,0.06677,23.02,7.63,-0.13,265.71,91.73,-15.00
44,9,0.07483,25.29,8.42,-0.26,281.82,97.29,-15.91
44,10,0.08337,26.42,8.79,-0.24,132.50,43.07,2.50
44,11,0.09143,27.55,9.16,-0.22,140.53,45.88,2.65
44,12,0.09985,28.35,9.42,-0.23,94.93,31.60,-1.45
44,13,0.10828,29.15,9.69,-0.24,94.93,31.66,-1.45
44,14,0.11670,29.77,9.90,-0.29,73.91,25.72,-5.43
44,15,0.12500,30.39,10.12,-0.33,74.63,26.18,-5.51
44,16,0.13318,30.81,10.30,-0.48,50.75,21.30,-17.54
44,17,0.14148,31.22,10.47,-0.62,50.00,21.06,-17.28
44,18,0.14966,31.48,10.60,-0.78,31.34,15.59,-20.15
44,19,0.15845,31.74,10.73,-0.95,29.17,14.51,-18.75
44,20,0.16663,31.88,10.81,-1.10,17.54,10.73,-19.03
44,21,0.17505,32.02,10.90,-1.26,16.30,10.15,-18.48
44,22,0.18335,31.98,10.93,-1.40,-4.04,3.25,-17.28
44,23,0.19202,31.95,10.95,-1.55,-3.87,2.96,-16.55
44,24,0.19995,31.92,10.98,-1.69,-4.23,3.19,-18.08
44,25,0.20825,31.88,11.00,-1.83,-4.41,3.17,-17.28
44,26,0.21655,31.74,10.99,-1.96,-17.28,-2.01,-14.71
44,27,0.22498,31.59,10.97,-2.08,-17.03,-1.78,-14.49
44,28,0.23340,31.45,10.96,-2.20,-17.03,-1.88,-14.49
44,29,0.24182,31.30,10.94,-2.32,-17.03,-1.74,-14.49
44,30,0.25000,31.08,10.88,-2.40,-27.99,-7.01,-8.96
44,31,0.25830,30.85,10.83,-2.47,-27.57,-6.91,-8.82
44,32,0.26709,30.62,10.77,-2.54,-26.04,-6.34,-8.33
44,33,0.27515,30.39,10.71,-2.62,-28.41,-7.05,-9.09
44,34,0.28308,30.16,10.66,-2.69,-28.85,-7.23,-9.23
44,35,0.29150,29.93,10.60,-2.76,-27.17,-6.54,-8.70
44,36,0.30005,29.66,10.52,-2.78,-31.79,-10.05,-2.14
44,37,0.30835,29.39,10.43,-2.80,-32.72,-10.14,-2.21
44,38,0.31689,29.12,10.35,-2.82,-31.79,-9.85,-2.14
44,39,0.32483,28.84,10.26,-2.84,-34.62,-10.95,-2.31
44,40,0.33337,28.46,10.12,-2.78,-44.64,-16.30,6.07
44,41,0.34155,28.08,9.98,-2.73,-46.64,-16.98,6.34
44,42,0.34998,27.70,9.84,-2.68,-45.29,-16.73,6.16
44,43,0.35828,27.32,9.70,-2.63,-45.96,-16.73,6.25
44,44,0.36658,26.93,9.56,-2.58,-45.96,-16.74,6.25
44,45,0.37488,26.55,9.42,-2.52,-45.96,-16.93,6.25
44,46,0.38318,26.17,9.28,-2.47,-45.96,-16.73,6.25
44,47,0.39172,25.79,9.15,-2.42,-44.64,-16.30,6.07
44,48,0.39990,25.41,9.01,-2.37,-46.64,-16.98,6.34
44,49,0.40808,25.03,8.87,-2.32,-46.64,-17.03,6.34
44,50,0.41663,24.63,8.71,-2.23,-46.43,-17.78,9.64
44,51,0.42517,24.23,8.56,-2.15,-46.43,-18.02,9.64
44,52,0.43323,23.84,8.41,-2.07,-49.24,-18.90,10.23
44,53,0.44177,23.44,8.26,-1.99,-46.43,-17.82,9.64
44,54,0.44995,23.04,8.10,-1.90,-48.51,-18.62,10.07
44,55,0.45911,22.65,7.95,-1.82,-43.33,-16.64,9.00
44,56,0.46655,22.25,7.80,-1.74,-53.28,-20.40,11.07
44,57,0.47522,21.85,7.65,-1.66,-45.77,-17.58,9.51
44,58,0.48328,21.46,7.49,-1.57,-49.24,-19.11,10.23
44,59,0.49158,21.06,7.34,-1.49,-47.43,-18.32,10.29
44,60,0.50000,20.75,7.21,-1.37,-37.32,-15.92,14.49
44,61,0.50793,20.43,7.07,-1.25,-39.62,-17.22,15.38
44,62,0.51672,20.12,6.94,-1.12,-35.76,-15.36,13.89
44,63,0.52478,19.81,6.80,-1.00,-39.02,-16.75,15.15
44,64,0.53320,19.49,6.66,-0.88,-37.32,-16.23,14.49
44,65,0.54163,19.18,6.53,-0.76,-37.32,-16.07,14.49
44,66,0.55005,18.86,6.39,-0.63,-37.68,-16.13,14.86
44,67,0.55835,18.55,6.26,-0.51,-37.50,-16.43,14.71
44,68,0.56677,18.35,6.17,-0.42,-23.19,-10.40,10.87
44,69,0.57495,18.16,6.08,-0.33,-23.51,-10.63,10.82
44,70,0.58337,18.13,6.06,-0.29,-3.99,-2.33,4.35
44,71,0.59155,18.09,6.04,-0.26,-4.10,-2.60,4.48
44,72,0.59998,18.06,6.02,-0.22,-3.99,-2.53,4.35
44,73,0.60815,18.03,6.00,-0.19,-3.73,-2.12,4.10
44,74,0.61658,18.13,6.04,-0.20,12.32,4.60,-2.17
44,75,0.62500,18.24,6.08,-0.23,13.04,4.87,-2.54
44,76,0.63330,18.49,6.19,-0.34,29.41,13.28,-13.60
44,77,0.64148,18.73,6.30,-0.45,30.22,13.57,-13.81
44,78,0.64990,19.14,6.47,-0.60,47.83,20.24,-17.03
44,79,0.65820,19.55,6.65,-0.74,49.26,20.96,-17.28
44,80,0.66663,20.10,6.87,-0.89,66.30,26.56,-18.48
44,81,0.67505,20.67,7.10,-1.05,66.67,26.87,-18.84
44,82,0.68323,21.38,7.39,-1.25,87.69,35.34,-24.63
44,83,0.69177,22.10,7.68,-1.46,83.93,33.80,-23.57
44,84,0.69995,22.82,7.96,-1.66,87.69,35.34,-24.63
44,85,0.70837,23.54,8.25,-1.86,85.14,34.25,-23.91
44,86,0.71680,24.30,8.57,-2.08,91.30,37.08,-25.72
44,87,0.72522,25.07,8.88,-2.29,91.30,36.78,-25.72
44,88,0.73328,25.84,9.18,-2.51,95.45,38.41,-26.89
44,89,0.74158,26.61,9.49,-2.72,91.91,37.14,-25.74
44,90,0.74988,27.14,9.70,-2.84,64.71,24.99,-14.34
44,91,0.75818,27.67,9.91,-2.96,63.97,24.86,-14.34
44,92,0.76636,28.01,10.04,-3.05,40.67,16.45,-11.57
44,93,0.77490,28.33,10.17,-3.15,38.21,15.63,-11.07
44,94,0.78308,28.49,10.25,-3.22,19.40,8.69,-8.96
44,95,0.79163,28.65,10.32,-3.30,18.57,8.38,-8.57
44,96,0.79980,28.81,10.39,-3.37,19.40,8.69,-8.96
44,97,0.80823,28.96,10.46,-3.44,18.48,8.30,-8.70
44,98,0.81653,28.99,10.48,-3.50,2.57,2.66,-6.99
45,0,0.00000,0.00,0.00,0.00,-157.29,-45.30,-211.11
45,1,0.00818,-1.38,-0.40,-1.86,-169.03,-48.68,-226.87
45,2,0.01636,-3.22,-0.89,-3.76,-224.25,-60.16,-232.46
45,3,0.02466,-5.05,-1.38,-5.66,-220.96,-59.27,-229.04
45,4,0.03320,-7.38,-2.00,-7.93,-272.86,-71.83,-265.71
45,5,0.04150,-9.71,-2.61,-10.20,-280.88,-74.13,-273.53
45,6,0.04956,-12.30,-3.27,-12.32,-321.59,-81.48,-263.26
45,7,0.05798,-14.90,-3.93,-14.44,-307.61,-78.12,-251.81
45,8,0.06641,-16.61,-4.37,-15.93,-203.99,-52.43,-176.45
45,9,0.07471,-18.33,-4.81,-17.41,-206.99,-53.01,-179.04
45,10,0.08313,-19.13,-5.02,-18.22,-94.57,-25.24,-95.65
45,11,0.09143,-19.92,-5.23,-19.02,-95.96,-25.61,-97.06
45,12,0.09961,-20.51,-5.39,-19.57,-71.27,-18.67,-66.79
45,13,0.10803,-21.09,-5.54,-20.12,-69.20,-18.13,-64.86
45,14,0.11658,-21.57,-5.66,-20.52,-55.71,-14.07,-46.79
45,15,0.12488,-22.04,-5.78,-20.92,-57.35,-14.68,-48.16
45,16,0.13306,-22.44,-5.87,-21.10,-48.51,-11.32,-22.76
45,17,0.14111,-22.84,-5.96,-21.29,-49.24,-11.29,-23.11
45,18,0.14990,-23.14,-6.03,-21.35,-34.03,-7.37,-6.94
45,19,0.15796,-23.43,-6.09,-21.41,-37.12,-7.84,-7.58
45,20,0.16626,-23.64,-6.13,-21.40,-25.00,-5.00,1.47
45,21,0.17456,-23.85,-6.17,-21.39,-25.00,-4.82,1.47
45,22,0.18298,-23.93,-6.18,-21.26,-9.06,-0.71,15.22
45,23,0.19128,-24.00,-6.19,-21.13,-9.19,-0.91,15.44
45,24,0.19958,-24.08,-6.19,-21.00,-9.19,-0.91,15.44
45,25,0.20776,-24.15,-6.20,-20.87,-9.33,-0.73,15.67
45,26,0.21643,-24.14,-6.19,-20.69,1.76,1.69,21.48
45,27,0.22461,-24.12,-6.17,-20.50,1.87,1.79,22.76
45,28,0.23303,-24.11,-6.15,-20.32,1.81,1.92,22.10
45,29,0.24158,-24.09,-6.14,-20.13,1.79,1.71,21.79
45,30,0.24951,-23.98,-6.10,-19.92,14.23,4.55,26.92
45,31,0.25793,-23.87,-6.07,-19.70,13.41,4.47,25.36
45,32,0.26624,-23.75,-6.03,-19.49,13.60,4.35,25.74
45,33,0.27527,-23.64,-5.99,-19.27,12.50,3.99,23.65
45,34,0.28296,-23.53,-5.96,-19.06,14.68,4.69,27.78
45,35,0.29150,-23.42,-5.92,-18.85,13.21,4.40,25.00
45,36,0.29956,-23.23,-5.87,-18.65,22.73,6.13,25.00
45,37,0.30811,-23.05,-5.82,-18.44,21.43,5.78,23.57
45,38,0.31653,-22.87,-5.77,-18.24,21.74,5.87,23.91
45,39,0.32471,-22.68,-5.72,-18.04,22.39,6.23,24.63
45,40,0.33313,-22.37,-5.64,-17.81,36.96,9.14,27.17
45,41,0.34131,-22.06,-5.57,-17.58,38.06,9.41,27.99
45,42,0.34973,-21.75,-5.49,-17.36,36.96,9.32,27.17
45,43,0.35791,-21.44,-5.41,-17.13,38.06,9.41,27.99
45,44,0.36646,-21.13,-5.33,-16.90,36.43,9.01,26.79
45,45,0.37451,-20.82,-5.26,-16.67,38.64,9.56,28.41
45,46,0.38293,-20.50,-5.18,-16.44,36.96,9.14,27.17
45,47,0.39124,-20.19,-5.10,-16.21,37.50,9.27,27.57
45,48,0.39929,-19.88,-5.03,-15.98,38.64,9.75,28.41
45,49,0.40771,-19.57,-4.95,-15.75,36.96,9.14,27.17
45,50,0.41650,-19.23,-4.87,-15.54,38.89,9.37,24.65
45,51,0.42468,-18.89,-4.78,-15.32,41.79,10.07,26.49
45,52,0.43286,-18.55,-4.70,-15.10,41.79,10.26,26.49
45,53,0.44116,-18.20,-4.62,-14.89,41.54,9.99,26.10
45,54,0.44958,-17.86,-4.53,-14.67,40.58,9.77,25.72
45,55,0.45776,-17.52,-4.45,-14.45,41.79,10.07,26.49
45,56,0.46606,-17.18,-4.37,-14.24,41.18,9.92,26.10
45,57,0.47449,-16.83,-4.29,-14.02,40.58,9.77,25.72
45,58,0.48291,-16.49,-4.21,-13.80,40.58,9.77,25.72
45,59,0.49133,-16.15,-4.12,-13.59,40.58,9.96,25.72
45,60,0.49939,-15.84,-4.05,-13.46,38.64,8.77,16.29
45,61,0.50830,-15.53,-3.98,-13.32,34.93,7.93,14.73
45,62,0.51636,-15.22,-3.91,-13.19,38.64,8.77,16.29
45,63,0.52466,-14.90,-3.84,-13.06,37.50,8.70,15.81
45,64,0.53296,-14.59,-3.77,-12.93,37.50,8.51,15.81
45,65,0.54126,-14.28,-3.70,-12.80,37.50,8.51,15.81
45,66,0.54968,-13.97,-3.63,-12.67,36.96,8.38,15.58
45,67,0.55798,-13.66,-3.55,-12.54,37.50,8.51,15.81
45,68,0.56628,-13.46,-3.51,-12.47,24.63,5.63,8.46
45,69,0.57471,-13.25,-3.46,-12.40,24.28,5.36,8.33
45,70,0.58313,-13.20,-3.45,-12.40,5.80,1.07,-0.36
45,71,0.59143,-13.15,-3.44,-12.40,5.88,1.09,-0.37
45,72,0.59973,-13.10,-3.43,-12.41,5.88,1.28,-0.37
45,73,0.60791,-13.06,-3.43,-12.41,5.97,1.11,-0.37
45,74,0.61633,-13.14,-3.45,-12.47,-10.51,-2.65,-7.25
45,75,0.62476,-13.23,-3.47,-12.53,-10.51,-2.47,-7.25
45,76,0.63293,-13.49,-3.53,-12.62,-30.97,-7.01,-10.82
45,77,0.64136,-13.74,-3.58,-12.71,-30.07,-6.62,-10.51
45,78,0.64978,-14.13,-3.67,-12.89,-46.38,-10.79,-21.38
45,79,0.65784,-14.52,-3.76,-13.07,-48.48,-11.28,-22.35
45,80,0.66638,-15.03,-3.88,-13.34,-59.64,-13.91,-32.14
45,81,0.67480,-15.54,-4.00,-13.62,-60.51,-14.11,-32.61
45,82,0.68286,-16.20,-4.16,-13.97,-81.44,-19.25,-43.94
45,83,0.69141,-16.85,-4.31,-14.32,-76.79,-18.15,-41.43
45,84,0.69971,-17.51,-4.46,-14.68,-79.04,-18.49,-42.65
45,85,0.70789,-18.16,-4.62,-15.03,-80.22,-18.96,-43.28
45,86,0.71643,-18.87,-4.78,-15.41,-82.14,-19.25,-44.64
45,87,0.72498,-19.57,-4.95,-15.80,-82.14,-19.62,-44.64
45,88,0.73303,-20.27,-5.12,-16.18,-87.12,-20.42,-47.35
45,89,0.74158,-20.97,-5.28,-16.56,-82.14,-19.44,-44.64
45,90,0.74951,-21.44,-5.39,-16.85,-58.85,-14.02,-36.54
45,91,0.75818,-21.91,-5.51,-17.14,-53.87,-13.02,-33.45
45,92,0.76624,-22.21,-5.58,-17.30,-37.88,-9.03,-20.45
45,93,0.77478,-22.51,-5.65,-17.47,-35.36,-8.44,-19.29
45,94,0.78320,-22.68,-5.69,-17.53,-19.57,-4.27,-6.88
45,95,0.79126,-22.84,-5.72,-17.58,-20.45,-4.46,-7.20
45,96,0.79968,-23.01,-5.76,-17.64,-19.57,-4.45,-6.88
45,97,0.80798,-23.17,-5.80,-17.70,-19.85,-4.52,-6.99
45,98,0.81641,-23.23,-5.81,-17.67,-6.88,-1.06,3.26
46,0,0.00000,0.00,0.00,0.00,-79.71,9.52,262.68
46,1,0.00842,-0.67,0.02,2.21,-79.71,2.40,262.68
46,2,0.01672,-1.11,-0.08,4.82,-53.31,-11.58,313.60
46,3,0.02478,-1.56,-0.02,7.42,-54.92,7.34,323.11
46,4,0.03320,-2.00,0.08,10.64,-52.90,12.06,382.97
46,5,0.04163,-2.45,0.12,13.87,-52.90,4.26,382.97
46,6,0.05005,-2.62,0.25,17.21,-20.29,15.13,397.10
46,7,0.05835,-2.79,0.38,20.56,-20.59,15.31,402.94
46,8,0.06702,-2.97,0.46,22.83,-20.42,9.46,261.62
46,9,0.07520,-3.14,0.54,25.09,-21.64,10.01,276.87
46,10,0.08337,-3.32,0.57,26.21,-21.27,4.14,136.94
46,11,0.09180,-3.49,0.61,27.33,-20.65,4.06,132.97
46,12,0.10034,-3.59,0.63,28.12,-11.07,3.09,92.86
46,13,0.10840,-3.68,0.66,28.92,-11.74,3.27,98.48
46,14,0.11670,-3.72,0.68,29.54,-4.78,2.76,75.00
46,15,0.12500,-3.76,0.71,30.16,-4.78,2.76,75.00
46,16,0.13330,-3.67,0.73,30.59,10.29,2.92,51.84
46,17,0.14185,-3.59,0.75,31.02,10.00,2.88,50.36
46,18,0.14990,-3.46,0.78,31.30,15.91,2.65,34.47
46,19,0.15820,-3.33,0.80,31.58,15.44,2.48,33.46
46,20,0.16650,-3.20,0.81,31.74,16.18,2.02,19.12
46,21,0.17493,-3.06,0.83,31.90,15.94,1.90,18.84
46,22,0.18311,-2.92,0.84,31.88,17.91,1.27,-1.87
46,23,0.19153,-2.77,0.85,31.87,17.39,1.24,-1.81
46,24,0.20007,-2.62,0.86,31.85,17.14,1.22,-1.79
46,25,0.20886,-2.48,0.87,31.84,16.67,1.10,-1.74
46,26,0.21655,-2.34,0.88,31.71,18.25,0.69,-16.27
46,27,0.22485,-2.20,0.88,31.59,16.91,0.64,-15.07
46,28,0.23315,-2.06,0.89,31.46,16.91,0.55,-15.07
46,29,0.24146,-1.92,0.89,31.34,16.91,0.64,-15.07
46,30,0.25000,-1.81,0.89,31.12,12.14,-0.14,-25.36
46,31,0.25818,-1.71,0.89,30.90,12.69,-0.24,-26.49
46,32,0.26648,-1.61,0.89,30.69,12.50,-0.15,-26.10
46,33,0.27515,-1.50,0.88,30.47,11.97,-0.14,-25.00
46,34,0.28320,-1.40,0.88,30.25,12.88,-0.15,-26.89
46,35,0.29150,-1.29,0.88,30.04,12.50,-0.19,-26.10
46,36,0.30005,-1.24,0.87,29.77,6.43,-0.87,-31.43
46,37,0.30835,-1.18,0.87,29.50,6.62,-0.84,-32.35
46,38,0.31641,-1.13,0.86,29.23,6.82,-0.87,-33.33
46,39,0.32483,-1.07,0.85,28.96,6.52,-0.88,-31.88
46,40,0.33362,-1.07,0.84,28.57,0.00,-1.83,-44.10
46,41,0.34167,-1.07,0.82,28.19,0.00,-1.99,-48.11
46,42,0.35010,-1.07,0.80,27.80,0.00,-1.95,-46.01
46,43,0.35852,-1.07,0.79,27.41,0.00,-1.91,-46.01
46,44,0.36694,-1.07,0.77,27.02,0.00,-1.91,-46.01
46,45,0.37537,-1.07,0.76,26.64,0.00,-1.95,-46.01
46,46,0.38342,-1.07,0.74,26.25,0.00,-1.99,-48.11
46,47,0.39172,-1.07,0.72,25.86,0.00,-1.94,-46.69
46,48,0.40051,-1.07,0.71,25.47,0.00,-1.87,-44.10
46,49,0.40857,-1.07,0.69,25.09,0.00,-1.99,-48.11
46,50,0.41663,-1.10,0.67,24.68,-3.79,-2.35,-50.00
46,51,0.42480,-1.14,0.65,24.28,-3.73,-2.41,-49.25
46,52,0.43323,-1.17,0.63,23.88,-3.62,-2.25,-47.83
46,53,0.44177,-1.20,0.61,23.47,-3.57,-2.22,-47.14
46,54,0.44971,-1.23,0.60,23.07,-3.85,-2.44,-50.77
46,55,0.45850,-1.26,0.58,22.67,-3.47,-2.16,-45.83
46,56,0.46680,-1.29,0.56,22.27,-3.68,-2.33,-48.53
46,57,0.47510,-1.32,0.54,21.86,-3.68,-2.24,-48.53
46,58,0.48340,-1.35,0.52,21.46,-3.68,-2.33,-48.53
46,59,0.49158,-1.38,0.50,21.06,-3.73,-2.32,-49.25
46,60,0.50000,-1.46,0.48,20.73,-9.42,-2.30,-38.77
46,61,0.50830,-1.54,0.46,20.40,-9.56,-2.35,-39.71
46,62,0.51672,-1.62,0.44,20.07,-9.42,-2.39,-38.77
46,63,0.52527,-1.70,0.42,19.75,-9.29,-2.27,-38.21
46,64,0.53345,-1.78,0.40,19.42,-9.70,-2.37,-39.93
46,65,0.54150,-1.86,0.38,19.09,-9.85,-2.41,-40.53
46,66,0.54980,-1.93,0.36,18.77,-9.56,-2.34,-39.34
46,67,0.55835,-2.01,0.34,18.44,-9.29,-2.31,-38.21
46,68,0.56689,-2.08,0.33,18.23,-7.50,-1.55,-24.29
46,69,0.57495,-2.14,0.32,18.03,-7.95,-1.72,-25.38
46,70,0.58350,-2.17,0.31,17.99,-3.57,-0.33,-4.29
46,71,0.59192,-2.20,0.31,17.96,-3.62,-0.52,-4.35
46,72,0.60010,-2.23,0.31,17.92,-3.73,-0.44,-4.48
46,73,0.60864,-2.26,0.30,17.89,-3.57,-0.45,-3.93
46,74,0.61755,-2.26,0.31,17.99,0.34,0.55,11.99
46,75,0.62524,-2.26,0.31,18.11,0.79,0.65,14.68
46,76,0.63367,-2.18,0.33,18.36,9.42,2.00,30.43
46,77,0.64197,-2.10,0.35,18.62,9.56,1.97,31.62
46,78,0.65039,-2.01,0.37,19.05,10.14,2.96,50.00
46,79,0.65857,-1.93,0.39,19.47,10.45,2.88,51.87
46,80,0.66687,-1.85,0.42,20.04,9.56,3.62,69.12
46,81,0.67590,-1.77,0.45,20.62,8.78,3.27,64.19
46,82,0.68372,-1.66,0.49,21.36,13.28,4.96,94.53
46,83,0.69202,-1.56,0.53,22.10,12.50,4.67,88.97
46,84,0.70032,-1.46,0.57,22.84,12.50,4.62,88.97
46,85,0.70886,-1.35,0.61,23.58,12.14,4.53,86.43
46,86,0.71729,-1.24,0.65,24.37,13.04,4.84,94.20
46,87,0.72534,-1.13,0.69,25.16,13.64,5.15,98.48
46,88,0.73364,-1.02,0.73,25.96,13.24,5.05,95.59
46,89,0.74231,-0.92,0.77,26.74,12.32,4.62,90.14
46,90,0.75037,-0.87,0.80,27.29,5.68,3.29,68.18
46,91,0.75854,-0.82,0.82,27.83,5.60,3.15,66.04
46,92,0.76697,-0.78,0.84,28.17,5.80,2.16,40.58
46,93,0.77539,-0.73,0.86,28.51,5.80,2.13,39.86
46,94,0.78381,-0.67,0.87,28.67,6.16,1.27,19.93
46,95,0.79224,-0.62,0.88,28.84,6.16,1.32,19.93
46,96,0.80054,-0.57,0.89,29.01,6.25,1.29,20.22
46,97,0.80859,-0.52,0.90,29.17,6.44,1.30,20.08
46,98,0.81726,-0.46,0.91,29.20,6.34,0.64,3.52
47,0,0.00000,0.00,0.00,0.00,-238.89,51.03,-111.11
47,1,0.00806,-2.10,0.45,-0.98,-260.61,55.80,-121.21
47,2,0.01648,-4.61,0.96,-1.78,-298.55,60.78,-95.65
47,3,0.02478,-7.13,1.47,-2.59,-302.94,61.58,-97.06
47,4,0.03296,-10.26,2.10,-3.48,-382.84,76.68,-109.33
47,5,0.04114,-13.39,2.73,-4.38,-382.84,76.87,-109.33
47,6,0.05017,-16.67,3.37,-5.02,-363.51,70.68,-70.95
47,7,0.05908,-19.96,4.01,-5.66,-368.49,71.65,-71.92
47,8,0.06738,-22.29,4.46,-6.18,-280.88,55.10,-62.87
47,9,0.07568,-24.45,4.89,-6.67,-260.29,51.06,-58.46
47,10,0.08398,-25.53,5.10,-6.99,-130.15,26.30,-39.71
47,11,0.09180,-26.60,5.32,-7.32,-136.72,27.71,-41.41
47,12,0.10059,-27.37,5.48,-7.52,-88.19,17.57,-23.26
47,13,0.10889,-28.14,5.63,-7.72,-91.91,18.31,-24.26
47,14,0.11694,-28.76,5.75,-7.85,-77.27,15.05,-15.91
47,15,0.12524,-29.36,5.86,-7.97,-72.06,13.97,-13.97
47,16,0.13391,-29.80,5.94,-7.94,-50.70,9.06,2.82
47,17,0.14209,-30.22,6.02,-7.92,-52.24,9.12,3.36
47,18,0.15051,-30.52,6.06,-7.83,-34.78,5.44,10.51
47,19,0.15869,-30.80,6.11,-7.74,-35.07,5.66,10.82
47,20,0.16699,-30.98,6.13,-7.63,-21.32,2.72,13.24
47,21,0.17529,-31.15,6.15,-7.52,-19.85,2.52,13.60
47,22,0.18396,-31.15,6.14,-7.37,-0.70,-1.09,16.90
47,23,0.19202,-31.16,6.14,-7.22,-0.76,-1.07,18.18
47,24,0.20056,-31.16,6.13,-7.08,-0.71,-1.19,17.14
47,25,0.20911,-31.16,6.11,-6.93,0.00,-1.26,17.50
47,26,0.21741,-31.06,6.08,-6.77,12.50,-3.75,19.49
47,27,0.22571,-30.96,6.05,-6.61,12.50,-3.54,19.12
47,28,0.23389,-30.85,6.02,-6.45,12.69,-3.78,19.40
47,29,0.24231,-30.74,5.99,-6.29,13.04,-3.68,18.48
47,30,0.25073,-30.54,5.95,-6.16,23.91,-5.46,15.94
47,31,0.25903,-30.34,5.90,-6.02,24.26,-5.64,16.18
47,32,0.26721,-30.14,5.85,-5.89,24.63,-5.53,16.42
47,33,0.27576,-29.94,5.81,-5.76,23.57,-5.29,15.71
47,34,0.28406,-29.74,5.76,-5.62,24.26,-5.64,16.18
47,35,0.29248,-29.53,5.72,-5.49,24.64,-5.54,15.22
47,36,0.30078,-29.27,5.66,-5.40,30.88,-6.36,11.03
47,37,0.30933,-29.02,5.61,-5.31,30.00,-6.27,10.71
47,38,0.31726,-28.76,5.56,-5.22,32.31,-6.56,11.54
47,39,0.32617,-28.49,5.50,-5.13,30.14,-6.23,9.93
47,40,0.33398,-28.11,5.43,-5.08,49.22,-9.38,7.03
47,41,0.34229,-27.72,5.36,-5.02,46.32,-8.73,6.62
47,42,0.35046,-27.34,5.28,-4.97,47.01,-9.05,6.72
47,43,0.35889,-26.95,5.21,-4.91,45.65,-8.60,6.52
47,44,0.36755,-26.57,5.14,-4.86,44.37,-8.54,6.34
47,45,0.37573,-26.18,5.06,-4.80,47.01,-8.86,6.72
47,46,0.38416,-25.80,4.99,-4.75,45.65,-8.70,6.52
47,47,0.39246,-25.40,4.91,-4.69,47.79,-9.09,6.62
47,48,0.40088,-25.02,4.84,-4.64,45.65,-8.79,6.52
47,49,0.40967,-24.63,4.77,-4.58,43.75,-8.22,5.90
47,50,0.41748,-24.23,4.69,-4.56,51.56,-9.44,3.52
47,51,0.42590,-23.83,4.62,-4.53,47.83,-8.94,3.26
47,52,0.43420,-23.43,4.54,-4.50,48.53,-9.08,3.31
47,53,0.44263,-23.02,4.47,-4.47,47.83,-8.76,3.26
47,54,0.45081,-22.62,4.40,-4.45,49.25,-9.02,3.36
47,55,0.45911,-22.22,4.32,-4.42,48.53,-8.98,3.31
47,56,0.46753,-21.81,4.25,-4.39,47.83,-8.95,3.26
47,57,0.47620,-21.41,4.17,-4.36,46.48,-8.51,3.17
47,58,0.48413,-21.01,4.10,-4.34,50.77,-9.40,3.46
47,59,0.49304,-20.60,4.02,-4.32,45.89,-8.50,2.05
47,60,0.50110,-20.26,3.96,-4.35,41.67,-7.10,-4.17
47,61,0.50964,-19.93,3.91,-4.39,39.29,-6.78,-3.93
47,62,0.51819,-19.59,3.85,-4.42,39.29,-6.78,-3.93
47,63,0.52661,-19.26,3.79,-4.45,39.86,-6.88,-3.99
47,64,0.53467,-18.92,3.73,-4.49,41.67,-7.10,-4.17
47,65,0.54272,-18.59,3.67,-4.52,41.67,-7.29,-4.17
47,66,0.55090,-18.25,3.62,-4.55,41.04,-7.18,-4.10
47,67,0.55994,-17.93,3.56,-4.59,35.14,-5.96,-3.72
47,68,0.56787,-17.72,3.53,-4.62,26.92,-4.52,-4.23
47,69,0.57629,-17.54,3.50,-4.65,21.74,-3.61,-3.99
47,70,0.58447,-17.49,3.49,-4.68,5.22,-0.80,-2.99
47,71,0.59314,-17.45,3.48,-4.70,4.93,-0.75,-2.82
47,72,0.60107,-17.41,3.48,-4.73,5.38,-0.62,-3.08
47,73,0.60950,-17.41,3.48,-4.73,0.00,0.02,0.00
47,74,0.61829,-17.51,3.50,-4.74,-11.81,2.26,-1.39
47,75,0.62634,-17.65,3.52,-4.74,-16.67,2.97,-0.38
47,76,0.63525,-17.91,3.57,-4.70,-29.45,5.08,4.79
47,77,0.64307,-18.20,3.61,-4.66,-37.50,6.13,5.08
47,78,0.65161,-18.63,3.69,-4.63,-50.00,8.91,3.21
47,79,0.65942,-19.08,3.77,-4.61,-57.81,10.17,2.73
47,80,0.66809,-19.66,3.88,-4.61,-66.90,12.13,-0.35
47,81,0.67651,-20.26,3.98,-4.62,-71.74,12.91,-0.36
47,82,0.68481,-21.01,4.12,-4.62,-89.71,16.25,-0.37
47,83,0.69312,-21.77,4.26,-4.62,-91.91,16.46,-0.37
47,84,0.70154,-22.52,4.39,-4.63,-88.41,15.92,-0.36
47,85,0.70984,-23.27,4.53,-4.63,-91.18,16.61,-0.37
47,86,0.71802,-24.07,4.67,-4.63,-97.76,17.52,-0.37
47,87,0.72681,-24.87,4.82,-4.64,-90.97,16.39,-0.35
47,88,0.73474,-25.67,4.96,-4.64,-100.77,18.15,-0.38
47,89,0.74304,-26.42,5.09,-4.65,-90.44,16.34,-1.10
47,90,0.75146,-26.97,5.20,-4.68,-65.22,12.00,-3.99
47,91,0.75989,-27.48,5.29,-4.71,-60.87,11.25,-3.26
47,92,0.76843,-27.84,5.35,-4.71,-41.43,7.41,0.00
47,93,0.77649,-28.14,5.41,-4.70,-37.88,6.71,0.76
47,94,0.78503,-28.31,5.44,-4.68,-20.00,3.49,3.21
47,95,0.79321,-28.49,5.47,-4.65,-20.90,3.46,3.36
47,96,0.80164,-28.66,5.49,-4.62,-20.29,3.36,3.26
47,97,0.80981,-28.80,5.52,-4.59,-17.16,2.76,3.73
47,98,0.81836,-28.83,5.52,-4.54,-4.29,0.35,6.07
48,0,0.00000,0.00,0.00,0.00,-194.01,-92.48,183.45
48,1,0.00830,-1.68,-0.97,1.59,-202.57,-116.27,191.54
48,2,0.01660,-3.36,-2.24,3.63,-201.84,-153.12,245.96
48,3,0.02478,-5.03,-3.42,5.67,-204.85,-144.31,249.63
48,4,0.03308,-7.02,-4.91,8.25,-239.34,-179.34,310.66
48,5,0.04150,-9.01,-6.40,10.83,-235.87,-177.39,306.16
48,6,0.05042,-10.81,-8.09,13.65,-202.74,-189.83,316.44
48,7,0.05847,-12.62,-9.73,16.47,-224.24,-203.62,350.00
48,8,0.06653,-13.90,-10.84,18.35,-158.71,-137.81,233.33
48,9,0.07507,-15.18,-11.95,20.23,-149.64,-129.74,220.00
48,10,0.08337,-15.88,-12.49,21.12,-85.29,-65.33,106.62
48,11,0.09155,-16.59,-13.04,22.00,-86.57,-66.52,108.21
48,12,0.09998,-17.07,-13.42,22.64,-56.52,-45.91,76.45
48,13,0.10828,-17.54,-13.81,23.29,-57.35,-46.68,77.57
48,14,0.11646,-17.89,-14.12,23.81,-41.79,-37.35,63.81
48,15,0.12476,-18.23,-14.42,24.33,-41.18,-36.60,62.87
48,16,0.13318,-18.37,-14.64,24.75,-16.67,-25.86,49.28
48,17,0.14148,-18.51,-14.85,25.16,-16.91,-25.93,50.00
48,18,0.14990,-18.54,-15.00,25.47,-3.26,-17.08,36.23
48,19,0.15820,-18.56,-15.14,25.77,-3.31,-17.33,36.76
48,20,0.16650,-18.53,-15.22,25.98,4.41,-10.15,24.63
48,21,0.17480,-18.49,-15.31,26.18,4.41,-10.46,24.63
48,22,0.18311,-18.36,-15.31,26.24,16.18,0.08,7.35
48,23,0.19153,-18.22,-15.31,26.30,15.94,-0.02,7.25
48,24,0.19995,-18.09,-15.31,26.36,15.94,-0.02,7.25
48,25,0.20825,-17.95,-15.31,26.43,16.18,0.08,7.35
48,26,0.21667,-17.77,-15.26,26.39,21.74,6.21,-4.35
48,27,0.22485,-17.59,-15.21,26.35,22.39,6.50,-4.48
48,28,0.23328,-17.40,-15.15,26.32,21.74,6.52,-4.35
48,29,0.24158,-17.22,-15.10,26.28,22.06,6.41,-4.41
48,30,0.24976,-17.02,-15.00,26.14,24.25,12.47,-16.79
48,31,0.25818,-16.82,-14.89,26.00,23.55,12.21,-16.30
48,32,0.26660,-16.63,-14.79,25.87,23.55,12.01,-16.30
48,33,0.27454,-16.43,-14.69,25.73,25.00,13.07,-17.31
48,34,0.28320,-16.23,-14.59,25.59,22.89,11.67,-15.85
48,35,0.29211,-16.03,-14.48,25.45,22.26,11.54,-15.41
48,36,0.30005,-15.85,-14.36,25.25,22.69,16.22,-25.77
48,37,0.30847,-15.67,-14.23,25.05,21.38,15.18,-24.28
48,38,0.31653,-15.49,-14.10,24.84,22.35,16.19,-25.38
48,39,0.32471,-15.31,-13.97,24.64,22.01,15.74,-25.00
48,40,0.33337,-15.12,-13.78,24.30,22.18,22.01,-38.73
48,41,0.34155,-14.93,-13.59,23.97,23.51,23.32,-41.04
48,42,0.35010,-14.73,-13.40,23.63,22.50,22.12,-39.29
48,43,0.35815,-14.54,-13.21,23.29,23.86,23.89,-41.67
48,44,0.36658,-14.35,-13.01,22.96,22.83,22.65,-39.86
48,45,0.37500,-14.16,-12.82,22.62,22.83,22.54,-39.86
48,46,0.38318,-13.96,-12.63,22.29,23.51,23.32,-41.04
48,47,0.39172,-13.77,-12.44,21.95,22.50,22.32,-39.29
48,48,0.40002,-13.58,-12.25,21.62,23.16,22.88,-40.44
48,49,0.40820,-13.39,-12.06,21.28,23.51,23.32,-41.04
48,50,0.41711,-13.21,-11.86,20.91,19.52,22.54,-41.10
48,51,0.42542,-13.04,-11.66,20.55,20.96,24.30,-44.12
48,52,0.43298,-12.87,-11.46,20.18,22.98,26.43,-48.39
48,53,0.44153,-12.69,-11.26,19.82,20.36,23.51,-42.86
48,54,0.45056,-12.52,-11.06,19.45,19.26,22.14,-40.54
48,55,0.45825,-12.34,-10.86,19.08,22.62,26.34,-47.62
48,56,0.46680,-12.17,-10.66,18.72,20.36,23.51,-42.86
48,57,0.47498,-12.00,-10.46,18.35,21.27,24.46,-44.78
48,58,0.48340,-11.82,-10.25,17.98,20.65,23.85,-43.48
48,59,0.49170,-11.65,-10.05,17.62,20.96,24.10,-44.12
48,60,0.50012,-11.55,-9.89,17.29,11.23,19.73,-38.41
48,61,0.50867,-11.46,-9.72,16.97,11.07,19.45,-37.86
48,62,0.51685,-11.36,-9.56,16.65,11.57,19.91,-39.55
48,63,0.52515,-11.27,-9.39,16.32,11.40,20.02,-38.97
48,64,0.53333,-11.18,-9.23,16.00,11.57,20.22,-39.55
48,65,0.54175,-11.08,-9.06,15.68,11.23,19.73,-38.41
48,66,0.55054,-10.99,-8.90,15.35,10.76,18.72,-36.81
48,67,0.55798,-10.89,-8.73,15.03,12.30,22.24,-43.44
48,68,0.56641,-10.85,-8.63,14.82,5.43,12.37,-25.00
48,69,0.57507,-10.80,-8.52,14.61,5.28,12.02,-24.30
48,70,0.58350,-10.81,-8.50,14.56,-1.09,2.44,-5.80
48,71,0.59180,-10.82,-8.48,14.51,-1.10,2.47,-5.88
48,72,0.59985,-10.83,-8.46,14.46,-1.14,2.33,-6.06
48,73,0.60852,-10.84,-8.44,14.41,-1.06,2.37,-5.63
48,74,0.61670,-10.89,-8.50,14.51,-5.97,-6.54,11.57
48,75,0.62476,-10.94,-8.55,14.60,-6.06,-6.53,11.74
48,76,0.63367,-11.00,-8.68,14.87,-6.51,-14.66,29.45
48,77,0.64185,-11.05,-8.81,15.13,-7.09,-15.77,32.09
48,78,0.65002,-11.19,-9.02,15.53,-16.42,-25.83,49.63
48,79,0.65857,-11.32,-9.23,15.94,-15.71,-24.72,47.50
48,80,0.66675,-11.54,-9.52,16.48,-26.12,-34.91,65.67
48,81,0.67505,-11.75,-9.80,17.01,-25.74,-34.29,64.71
48,82,0.68323,-12.03,-10.17,17.71,-33.96,-45.34,84.70
48,83,0.69153,-12.30,-10.54,18.40,-33.46,-44.58,83.46
48,84,0.70020,-12.58,-10.91,19.09,-32.04,-42.59,79.93
48,85,0.70862,-12.86,-11.28,19.78,-32.97,-43.83,82.25
48,86,0.71655,-13.16,-11.68,20.53,-37.31,-49.89,93.46
48,87,0.72485,-13.45,-12.07,21.27,-35.66,-47.38,89.34
48,88,0.73315,-13.75,-12.46,22.01,-35.66,-47.59,89.34
48,89,0.74194,-14.04,-12.86,22.75,-33.68,-45.04,84.38
48,90,0.75037,-14.28,-13.13,23.25,-27.54,-32.20,59.06
48,91,0.75818,-14.51,-13.40,23.75,-29.69,-34.72,63.67
48,92,0.76672,-14.64,-13.57,24.07,-15.00,-20.14,37.50
48,93,0.77478,-14.76,-13.75,24.39,-15.91,-21.25,39.77
48,94,0.78320,-14.80,-13.83,24.56,-4.71,-9.93,20.29
48,95,0.79150,-14.84,-13.92,24.73,-4.78,-10.49,20.59
48,96,0.79980,-14.88,-14.00,24.90,-4.78,-10.18,20.59
48,97,0.80835,-14.92,-14.09,25.07,-4.64,-10.19,20.00
48,98,0.81689,-14.89,-14.10,25.12,3.93,-1.73,6.07
49,0,0.00000,0.00,0.00,0.00,92.28,3.71,-262.87
49,1,0.00879,0.77,0.03,-2.18,87.15,3.68,-248.26
49,2,0.01770,1.32,0.14,-4.76,62.33,12.08,-289.73
49,3,0.02600,1.88,0.25,-7.35,66.91,12.96,-311.03
49,4,0.03345,2.46,0.40,-10.55,78.28,21.01,-429.92
49,5,0.04236,3.04,0.56,-13.75,65.41,17.38,-359.25
49,6,0.05029,3.36,0.78,-17.08,39.62,27.74,-420.00
49,7,0.05872,3.67,1.00,-20.41,37.32,26.32,-395.65
49,8,0.06689,3.95,1.14,-22.67,33.58,16.64,-275.75
49,9,0.07568,4.22,1.27,-24.92,31.25,15.66,-256.60
49,10,0.08386,4.44,1.33,-26.03,27.24,6.19,-135.82
49,11,0.09192,4.67,1.37,-27.15,27.65,6.09,-137.88
49,12,0.10022,4.79,1.42,-27.94,15.44,4.92,-95.22
49,13,0.10852,4.92,1.46,-28.73,15.44,5.11,-95.22
49,14,0.11755,4.99,1.50,-29.35,7.09,4.34,-68.58
49,15,0.12524,5.05,1.54,-29.97,8.33,5.31,-80.56
49,16,0.13354,4.98,1.59,-30.40,-8.09,6.05,-52.21
49,17,0.14197,4.92,1.64,-30.83,-7.97,6.15,-51.45
49,18,0.15039,4.80,1.69,-31.12,-13.77,5.44,-33.70
49,19,0.15857,4.68,1.73,-31.40,-14.18,5.98,-34.70
49,20,0.16724,4.56,1.77,-31.56,-14.79,4.57,-19.01
49,21,0.17517,4.43,1.81,-31.73,-16.15,4.99,-20.77
49,22,0.18335,4.28,1.84,-31.72,-17.91,3.67,1.12
49,23,0.19165,4.14,1.87,-31.71,-17.65,3.42,1.10
49,24,0.19971,3.99,1.90,-31.70,-18.18,3.53,1.14
49,25,0.20813,3.84,1.93,-31.69,-17.39,3.37,1.09
49,26,0.21716,3.70,1.95,-31.57,-16.22,2.28,13.18
49,27,0.22485,3.55,1.97,-31.45,-19.05,2.47,15.48
49,28,0.23315,3.40,1.99,-31.34,-17.65,2.29,14.34
49,29,0.24158,3.26,2.01,-31.22,-17.39,2.44,14.13
49,30,0.25000,3.14,2.01,-31.00,-13.41,0.48,25.36
49,31,0.25830,3.03,2.02,-30.79,-13.60,0.68,25.74
49,32,0.26672,2.92,2.02,-30.58,-13.41,0.48,25.36
49,33,0.27502,2.80,2.03,-30.36,-13.60,0.49,25.74
49,34,0.28406,2.69,2.03,-30.15,-12.50,0.62,23.65
49,35,0.29163,2.58,2.04,-29.93,-14.92,0.54,28.23
49,36,0.30005,2.51,2.03,-29.67,-7.97,-1.15,31.52
49,37,0.30835,2.44,2.02,-29.40,-8.09,-0.98,31.99
49,38,0.31738,2.38,2.01,-29.14,-7.43,-1.07,29.39
49,39,0.32593,2.31,2.00,-28.87,-7.86,-0.95,31.07
49,40,0.33350,2.29,1.97,-28.49,-2.02,-4.02,50.81
49,41,0.34192,2.28,1.94,-28.10,-1.81,-3.61,45.65
49,42,0.35022,2.26,1.91,-27.72,-1.84,-3.48,46.32
49,43,0.35864,2.25,1.88,-27.33,-1.81,-3.61,45.65
49,44,0.36682,2.23,1.85,-26.95,-1.87,-3.53,47.01
49,45,0.37537,2.22,1.82,-26.57,-1.79,-3.56,45.00
49,46,0.38403,2.20,1.79,-26.18,-1.76,-3.33,44.37
49,47,0.39197,2.19,1.76,-25.80,-1.92,-3.84,48.46
49,48,0.40015,2.17,1.73,-25.41,-1.87,-3.53,47.01
49,49,0.40857,2.16,1.70,-25.03,-1.81,-3.61,45.65
49,50,0.41724,2.17,1.66,-24.62,1.41,-4.37,46.83
49,51,0.42505,2.18,1.63,-24.22,1.56,-4.64,51.95
49,52,0.43335,2.19,1.59,-23.81,1.47,-4.37,48.90
49,53,0.44189,2.21,1.55,-23.40,1.43,-4.61,47.50
49,54,0.45007,2.22,1.52,-23.00,1.49,-4.44,49.63
49,55,0.45850,2.23,1.48,-22.59,1.45,-4.31,48.19
49,56,0.46667,2.24,1.44,-22.19,1.49,-4.63,49.63
49,57,0.47498,2.26,1.41,-21.78,1.47,-4.37,48.90
49,58,0.48389,2.27,1.37,-21.37,1.37,-4.25,45.55
49,59,0.49170,2.28,1.33,-20.97,1.56,-4.84,51.95
49,60,0.50000,2.35,1.29,-20.64,8.09,-4.93,39.71
49,61,0.50818,2.41,1.25,-20.31,8.21,-5.00,40.30
49,62,0.51709,2.48,1.20,-19.98,7.53,-4.94,36.99
49,63,0.52490,2.55,1.16,-19.65,8.59,-5.24,42.19
49,64,0.53333,2.62,1.12,-19.32,7.97,-4.86,39.13
49,65,0.54163,2.68,1.08,-18.99,8.09,-5.12,39.71
49,66,0.55005,2.75,1.04,-18.66,7.97,-5.04,39.13
49,67,0.55823,2.82,1.00,-18.33,8.21,-5.00,40.30
49,68,0.56738,2.87,0.97,-18.12,6.00,-3.25,23.00
49,69,0.57532,2.93,0.94,-17.91,6.92,-3.53,26.15
49,70,0.58411,2.96,0.93,-17.87,3.47,-1.16,4.51
49,71,0.59192,2.99,0.92,-17.83,3.91,-1.10,5.08
49,72,0.60022,3.02,0.91,-17.79,3.68,-1.23,4.78
49,73,0.60840,3.05,0.90,-17.76,3.73,-1.24,4.85
49,74,0.61731,3.05,0.91,-17.86,0.00,1.14,-11.99
49,75,0.62524,3.05,0.92,-17.97,0.00,1.08,-13.46
49,76,0.63354,2.98,0.95,-18.23,-8.09,4.44,-31.25
49,77,0.64233,2.91,0.99,-18.49,-7.64,4.02,-29.51
49,78,0.65027,2.85,1.04,-18.91,-8.46,6.23,-53.46
49,79,0.65869,2.78,1.09,-19.34,-7.97,6.05,-50.36
49,80,0.66675,2.73,1.15,-19.91,-6.82,7.23,-71.59
49,81,0.67566,2.67,1.21,-20.49,-6.16,6.88,-64.73
49,82,0.68359,2.60,1.29,-21.23,-8.85,9.71,-93.46
49,83,0.69214,2.53,1.37,-21.97,-8.21,9.19,-86.79
49,84,0.70056,2.46,1.44,-22.71,-8.33,9.14,-88.04
49,85,0.70886,2.39,1.52,-23.46,-8.46,9.46,-89.34
49,86,0.71777,2.31,1.60,-24.25,-8.56,9.31,-89.38
49,87,0.72559,2.24,1.69,-25.05,-9.77,10.82,-101.95
49,88,0.73389,2.16,1.77,-25.85,-9.19,9.99,-95.96
49,89,0.74219,2.08,1.85,-26.64,-9.19,9.99,-95.96
49,90,0.75037,2.06,1.90,-27.19,-2.61,6.19,-67.16
49,91,0.75879,2.04,1.96,-27.74,-2.54,6.38,-65.22
49,92,0.76770,2.01,1.99,-28.09,-3.77,4.02,-38.70
49,93,0.77551,1.97,2.03,-28.43,-4.30,4.55,-43.75
49,94,0.78430,1.93,2.05,-28.60,-4.86,2.41,-19.44
49,95,0.79224,1.89,2.08,-28.77,-5.38,3.06,-21.54
49,96,0.80054,1.85,2.10,-28.94,-5.15,2.93,-20.59
49,97,0.80896,1.80,2.12,-29.11,-5.07,2.70,-20.29
49,98,0.81763,1.75,2.14,-29.14,-6.34,1.52,-3.52
50,0,0.00000,0.00,0.00,0.00,203.99,-14.06,184.06
50,1,0.00879,1.72,-0.06,1.55,195.49,-6.68,176.39
50,2,0.01685,3.88,-0.12,3.06,268.94,-7.35,187.50
50,3,0.02563,6.05,-0.18,4.57,246.53,-6.76,171.88
50,4,0.03357,8.78,-0.25,6.35,343.85,-8.87,223.85
50,5,0.04187,11.51,-0.32,8.12,328.68,-8.48,213.97
50,6,0.05017,14.46,-0.38,9.70,355.88,-7.79,190.07
50,7,0.05908,17.42,-0.45,11.28,331.51,-7.27,177.05
50,8,0.06653,19.39,-0.49,12.41,265.16,-6.13,151.23
50,9,0.07483,21.37,-0.54,13.53,237.87,-5.48,135.66
50,10,0.08325,22.30,-0.56,14.17,111.23,-2.96,75.36
50,11,0.09155,23.24,-0.59,14.80,112.87,-3.02,76.47
50,12,0.10010,23.92,-0.61,15.23,79.29,-1.98,49.64
50,13,0.10828,24.59,-0.62,15.65,82.84,-2.05,51.87
50,14,0.11658,25.14,-0.63,15.95,65.81,-1.50,36.03
50,15,0.12488,25.69,-0.65,16.25,65.81,-1.47,36.03
50,16,0.13342,26.11,-0.65,16.35,50.00,-0.60,12.50
50,17,0.14160,26.54,-0.66,16.46,52.24,-0.67,13.06
50,18,0.14990,26.85,-0.66,16.46,36.76,-0.16,0.37
50,19,0.15881,27.15,-0.66,16.47,34.25,-0.14,0.34
50,20,0.16675,27.35,-0.66,16.42,25.38,0.12,-6.54
50,21,0.17505,27.55,-0.66,16.36,24.26,0.09,-6.25
50,22,0.18347,27.60,-0.65,16.22,5.80,0.54,-16.67
50,23,0.19177,27.65,-0.65,16.08,5.88,0.55,-16.91
50,24,0.20007,27.70,-0.65,15.94,5.88,0.55,-16.91
50,25,0.20825,27.75,-0.64,15.80,5.97,0.55,-17.16
50,26,0.21667,27.70,-0.63,15.62,-6.16,0.74,-21.38
50,27,0.22559,27.65,-0.63,15.44,-5.82,0.68,-20.21
50,28,0.23352,27.59,-0.62,15.26,-6.54,0.79,-22.69
50,29,0.24158,27.54,-0.62,15.08,-6.44,0.78,-22.35
50,30,0.25000,27.39,-0.61,14.90,-18.12,0.82,-22.10
50,31,0.25867,27.24,-0.60,14.71,-17.61,0.77,-21.48
50,32,0.26685,27.08,-0.60,14.52,-18.66,0.85,-22.76
50,33,0.27502,26.93,-0.59,14.34,-18.66,0.82,-22.76
50,34,0.28345,26.78,-0.58,14.15,-18.12,0.82,-22.10
50,35,0.29187,26.63,-0.57,13.96,-18.12,0.82,-22.10
50,36,0.30029,26.41,-0.57,13.80,-26.09,0.73,-19.20
50,37,0.30859,26.19,-0.56,13.64,-26.47,0.79,-19.49
50,38,0.31763,25.97,-0.56,13.48,-24.32,0.68,-17.91
50,39,0.32593,25.74,-0.55,13.31,-26.84,0.78,-19.85
50,40,0.33374,25.39,-0.54,13.15,-44.92,0.89,-21.09
50,41,0.34192,25.04,-0.54,12.99,-42.91,0.85,-20.15
50,42,0.35034,24.69,-0.53,12.82,-41.67,0.83,-19.57
50,43,0.35913,24.34,-0.52,12.66,-39.93,0.77,-18.75
50,44,0.36719,23.99,-0.51,12.49,-43.56,0.86,-20.45
50,45,0.37537,23.64,-0.51,12.33,-42.91,0.85,-20.15
50,46,0.38440,23.29,-0.50,12.16,-38.85,0.77,-18.24
50,47,0.39185,22.94,-0.49,12.00,-47.13,0.93,-22.13
50,48,0.40039,22.59,-0.49,11.83,-41.07,0.81,-19.29
50,49,0.40918,22.24,-0.48,11.67,-39.93,0.79,-18.75
50,50,0.41772,21.86,-0.47,11.52,-44.29,0.73,-17.14
50,51,0.42529,21.48,-0.47,11.37,-50.00,0.85,-19.35
50,52,0.43372,21.10,-0.46,11.23,-44.93,0.77,-17.39
50,53,0.44202,20.72,-0.45,11.08,-45.59,0.76,-17.65
50,54,0.45020,20.34,-0.45,10.93,-46.27,0.80,-17.91
50,55,0.45886,19.96,-0.44,10.79,-43.66,0.75,-16.90
50,56,0.46680,19.59,-0.44,10.64,-47.69,0.80,-18.46
50,57,0.47498,19.21,-0.43,10.49,-46.27,0.79,-17.91
50,58,0.48352,18.83,-0.42,10.35,-44.29,0.74,-17.14
50,59,0.49182,18.45,-0.42,10.21,-45.59,0.77,-17.28
50,60,0.50012,18.12,-0.41,10.14,-39.71,0.44,-8.09
50,61,0.50830,17.79,-0.41,10.07,-40.30,0.44,-8.21
50,62,0.51721,17.46,-0.41,10.00,-36.99,0.41,-7.53
50,63,0.52502,17.13,-0.40,9.94,-42.19,0.44,-8.59
50,64,0.53333,16.80,-0.40,9.87,-39.71,0.44,-8.09
50,65,0.54175,16.47,-0.39,9.80,-39.13,0.43,-7.97
50,66,0.54993,16.14,-0.39,9.74,-40.30,0.44,-8.21
50,67,0.55896,15.82,-0.39,9.67,-36.15,0.38,-7.43
50,68,0.56653,15.60,-0.39,9.64,-28.23,0.26,-4.03
50,69,0.57483,15.39,-0.38,9.61,-25.37,0.25,-3.68
50,70,0.58325,15.35,-0.38,9.62,-5.43,-0.05,1.45
50,71,0.59155,15.30,-0.38,9.63,-5.88,-0.02,1.47
50,72,0.59985,15.25,-0.38,9.64,-5.51,-0.03,1.47
50,73,0.60864,15.21,-0.38,9.66,-4.86,-0.05,1.39
50,74,0.61768,15.31,-0.39,9.70,10.81,-0.20,4.73
50,75,0.62561,15.41,-0.39,9.74,12.69,-0.21,5.38
50,76,0.63330,15.67,-0.39,9.78,34.52,-0.34,5.16
50,77,0.64148,15.94,-0.39,9.82,32.84,-0.30,4.85
50,78,0.65002,16.36,-0.40,9.92,48.57,-0.57,11.79
50,79,0.65881,16.78,-0.40,10.02,47.57,-0.58,11.46
50,80,0.66650,17.33,-0.41,10.19,71.83,-1.06,22.22
50,81,0.67468,17.88,-0.42,10.37,67.91,-0.99,21.27
50,82,0.68372,18.59,-0.43,10.59,78.72,-1.12,24.66
50,83,0.69153,19.31,-0.44,10.81,91.02,-1.32,28.52
50,84,0.69983,20.02,-0.45,11.04,85.66,-1.25,26.84
50,85,0.70911,20.73,-0.46,11.26,76.64,-1.11,24.01
50,86,0.71692,21.49,-0.47,11.50,97.66,-1.42,30.47
50,87,0.72461,22.25,-0.48,11.73,99.21,-1.44,30.95
50,88,0.73315,23.02,-0.49,11.97,89.29,-1.30,27.86
50,89,0.74133,23.77,-0.50,12.21,92.54,-1.35,29.10
50,90,0.74988,24.29,-0.51,12.40,60.36,-1.00,22.50
50,91,0.75879,24.80,-0.52,12.59,57.53,-0.94,21.23
50,92,0.76648,25.13,-0.53,12.69,42.86,-0.61,13.10
50,93,0.77490,25.46,-0.53,12.79,38.77,-0.56,11.96
50,94,0.78333,25.63,-0.53,12.82,20.65,-0.18,2.90
50,95,0.79150,25.81,-0.53,12.84,21.27,-0.18,2.99
50,96,0.79993,25.98,-0.54,12.87,20.65,-0.18,2.90
50,97,0.80835,26.15,-0.54,12.89,20.29,-0.20,2.90
50,98,0.81738,26.20,-0.54,12.85,5.41,0.12,-4.05
51,0,0.00000,0.00,0.00,0.00,-161.79,-5.48,-217.14
51,1,0.00879,-1.38,-0.05,-1.86,-157.29,-5.34,-211.11
51,2,0.01672,-3.21,-0.11,-3.76,-230.77,-7.94,-240.00
51,3,0.02527,-5.04,-0.17,-5.66,-214.29,-7.35,-222.86
51,4,0.03357,-7.37,-0.25,-7.94,-280.51,-9.71,-273.90
51,5,0.04211,-9.70,-0.33,-10.21,-272.50,-9.41,-266.07
51,6,0.05029,-12.29,-0.42,-12.34,-316.42,-10.98,-259.70
51,7,0.05859,-14.88,-0.51,-14.46,-311.76,-10.87,-255.88
51,8,0.06750,-16.60,-0.57,-15.95,-192.81,-6.67,-167.12
51,9,0.07532,-18.31,-0.63,-17.44,-219.92,-7.66,-190.62
51,10,0.08362,-19.11,-0.66,-18.24,-95.96,-3.30,-97.06
51,11,0.09204,-19.91,-0.69,-19.05,-94.57,-3.25,-95.65
51,12,0.10034,-20.49,-0.71,-19.60,-70.22,-2.42,-66.18
51,13,0.10864,-21.07,-0.73,-20.15,-70.22,-2.44,-66.18
51,14,0.11694,-21.55,-0.74,-20.55,-57.35,-2.00,-48.16
51,15,0.12537,-22.02,-0.76,-20.95,-56.52,-1.96,-47.46
51,16,0.13403,-22.42,-0.78,-21.14,-46.13,-1.62,-21.83
51,17,0.14209,-22.82,-0.79,-21.32,-49.24,-1.75,-23.11
51,18,0.15039,-23.12,-0.80,-21.38,-36.03,-1.30,-7.35
51,19,0.15881,-23.42,-0.81,-21.44,-35.51,-1.30,-7.25
51,20,0.16748,-23.63,-0.82,-21.43,-23.94,-0.85,1.41
51,21,0.17627,-23.83,-0.83,-21.42,-23.61,-0.86,1.39
51,22,0.18359,-23.91,-0.83,-21.29,-10.42,-0.41,17.50
51,23,0.19214,-23.99,-0.83,-21.16,-8.93,-0.35,15.00
51,24,0.20044,-24.06,-0.84,-21.04,-9.19,-0.38,15.44
51,25,0.20923,-24.14,-0.84,-20.91,-8.33,-0.31,14.58
51,26,0.21692,-24.12,-0.84,-20.72,1.98,0.03,24.21
51,27,0.22534,-24.11,-0.84,-20.54,1.81,0.03,22.10
51,28,0.23364,-24.09,-0.84,-20.35,1.84,0.03,22.43
51,29,0.24219,-24.07,-0.84,-20.16,2.14,0.04,22.14
51,30,0.25037,-23.96,-0.83,-19.95,13.81,0.43,26.12
51,31,0.25879,-23.85,-0.83,-19.73,13.41,0.45,25.36
51,32,0.26770,-23.73,-0.83,-19.52,12.67,0.42,23.97
51,33,0.27539,-23.62,-0.82,-19.31,14.68,0.48,27.78
51,34,0.28369,-23.51,-0.82,-19.09,13.60,0.45,25.74
51,35,0.29199,-23.39,-0.81,-18.88,13.60,0.43,25.74
51,36,0.30054,-23.21,-0.81,-18.68,21.43,0.76,23.57
51,37,0.30872,-23.03,-0.80,-18.48,22.39,0.77,24.63
51,38,0.31702,-22.85,-0.80,-18.27,22.06,0.76,24.26
51,39,0.32544,-22.66,-0.79,-18.07,21.74,0.73,24.28
51,40,0.33411,-22.35,-0.78,-17.84,35.92,1.24,26.41
51,41,0.34216,-22.04,-0.77,-17.61,38.64,1.38,28.41
51,42,0.35046,-21.73,-0.76,-17.38,37.50,1.30,27.57
51,43,0.35938,-21.42,-0.75,-17.15,34.93,1.20,25.68
51,44,0.36707,-21.11,-0.74,-16.93,40.48,1.42,29.76
51,45,0.37549,-20.79,-0.72,-16.70,36.96,1.30,27.17
51,46,0.38379,-20.48,-0.71,-16.47,37.50,1.32,27.57
51,47,0.39209,-20.17,-0.70,-16.24,37.50,1.29,27.57
51,48,0.40039,-19.86,-0.69,-16.01,37.50,1.30,27.57
51,49,0.40930,-19.55,-0.68,-15.78,34.93,1.25,25.68
51,50,0.41699,-19.21,-0.67,-15.56,44.44,1.57,28.17
51,51,0.42590,-18.87,-0.66,-15.35,38.36,1.35,24.32
51,52,0.43359,-18.52,-0.64,-15.13,44.44,1.54,28.17
51,53,0.44177,-18.18,-0.63,-14.91,41.79,1.46,26.49
51,54,0.45020,-17.84,-0.62,-14.70,40.58,1.43,25.72
51,55,0.45898,-17.50,-0.61,-14.48,38.89,1.37,24.65
51,56,0.46667,-17.16,-0.60,-14.26,44.44,1.55,28.17
51,57,0.47510,-16.82,-0.58,-14.05,40.58,1.43,25.72
51,58,0.48340,-16.47,-0.57,-13.83,41.18,1.45,26.10
51,59,0.49231,-16.13,-0.56,-13.62,38.36,1.35,23.97
51,60,0.50012,-15.82,-0.55,-13.49,39.84,1.40,16.80
51,61,0.50891,-15.51,-0.54,-13.35,35.42,1.24,14.93
51,62,0.51672,-15.20,-0.53,-13.22,39.84,1.45,16.80
51,63,0.52563,-14.89,-0.52,-13.09,34.93,1.25,14.73
51,64,0.53345,-14.58,-0.51,-12.96,39.84,1.40,16.80
51,65,0.54187,-14.26,-0.49,-12.83,36.96,1.30,15.58
51,66,0.55005,-13.95,-0.48,-12.70,38.06,1.38,16.04
51,67,0.55920,-13.64,-0.47,-12.57,33.67,1.20,14.00
51,68,0.56677,-13.44,-0.47,-12.50,27.02,0.94,9.27
51,69,0.57520,-13.24,-0.46,-12.43,23.91,0.86,8.33
51,70,0.58362,-13.19,-0.46,-12.43,5.80,0.21,-0.36
51,71,0.59204,-13.14,-0.45,-12.44,5.80,0.21,-0.36
51,72,0.60022,-13.09,-0.45,-12.44,5.97,0.20,-0.37
51,73,0.60864,-13.05,-0.45,-12.44,5.43,0.22,-0.36
51,74,0.61694,-13.13,-0.45,-12.50,-10.66,-0.40,-7.35
51,75,0.62610,-13.23,-0.46,-12.56,-10.00,-0.33,-6.67
51,76,0.63379,-13.48,-0.47,-12.65,-32.94,-1.20,-11.51
51,77,0.64209,-13.74,-0.48,-12.74,-30.88,-1.08,-11.03
51,78,0.65027,-14.12,-0.49,-12.92,-47.39,-1.68,-22.01
51,79,0.65918,-14.51,-0.50,-13.10,-43.84,-1.56,-20.21
51,80,0.66699,-15.02,-0.52,-13.38,-65.23,-2.29,-35.55
51,81,0.67542,-15.53,-0.54,-13.66,-60.51,-2.16,-32.97
51,82,0.68372,-16.19,-0.56,-14.02,-78.68,-2.77,-43.01
51,83,0.69250,-16.84,-0.58,-14.37,-74.31,-2.60,-40.62
51,84,0.70044,-17.49,-0.61,-14.73,-82.31,-2.93,-45.00
51,85,0.70935,-18.15,-0.63,-15.09,-73.63,-2.57,-40.07
51,86,0.71704,-18.85,-0.66,-15.47,-91.27,-3.24,-49.60
51,87,0.72595,-19.55,-0.68,-15.85,-78.77,-2.77,-42.81
51,88,0.73389,-20.25,-0.71,-16.23,-88.46,-3.14,-48.08
51,89,0.74231,-20.95,-0.73,-16.61,-82.97,-2.92,-45.29
51,90,0.75049,-21.42,-0.75,-16.90,-57.09,-2.01,-35.45
51,91,0.75940,-21.89,-0.76,-17.19,-52.40,-1.83,-32.19
51,92,0.76733,-22.19,-0.77,-17.36,-38.46,-1.39,-20.77
51,93,0.77551,-22.49,-0.78,-17.52,-36.94,-1.28,-19.78
51,94,0.78381,-22.66,-0.79,-17.58,-19.85,-0.71,-6.99
51,95,0.79236,-22.82,-0.80,-17.63,-19.29,-0.69,-6.79
51,96,0.80054,-22.99,-0.80,-17.69,-20.15,-0.70,-7.09
51,97,0.80945,-23.15,-0.81,-17.75,-18.49,-0.70,-6.51
51,98,0.81714,-23.21,-0.81,-17.72,-7.54,-0.26,3.57
52,0,0.00000,0.00,0.00,0.00,276.84,0.00,-297.79
52,1,0.00842,0.15,0.00,-2.31,17.75,0.00,-274.28
52,2,0.01685,-0.02,0.00,-4.95,-19.57,-0.00,-313.04
52,3,0.02502,-0.18,0.00,-7.58,-20.15,0.00,-322.39
52,4,0.03357,-0.49,0.00,-10.82,-35.71,-0.00,-379.29
52,5,0.04211,-0.79,-0.04,-14.07,-35.71,-4.68,-379.29
52,6,0.05054,-1.39,-0.11,-17.36,-71.01,-8.70,-391.30
52,7,0.05872,-1.99,-0.21,-20.66,-73.13,-11.41,-402.99
52,8,0.06714,-2.33,-0.30,-22.90,-40.94,-10.71,-266.67
52,9,0.07544,-2.68,-0.39,-25.15,-41.54,-10.87,-270.59
52,10,0.08386,-2.76,-0.43,-26.28,-10.14,-5.68,-134.06
52,11,0.09277,-2.85,-0.49,-27.41,-9.59,-5.71,-126.71
52,12,0.10059,-2.94,-0.51,-28.20,-11.72,-3.18,-101.95
52,13,0.10889,-3.03,-0.54,-29.00,-11.03,-3.81,-95.59
52,14,0.11719,-3.13,-0.54,-29.61,-12.50,-0.03,-73.90
52,15,0.12561,-3.24,-0.56,-30.22,-12.32,-2.40,-72.83
52,16,0.13391,-3.42,-0.57,-30.62,-22.06,-0.46,-48.16
52,17,0.14221,-3.34,-0.59,-31.09,9.19,-3.32,-56.62
52,18,0.15125,-2.84,-0.66,-31.52,55.74,-6.85,-47.64
52,19,0.15918,-2.49,-0.70,-31.91,44.23,-5.95,-48.85
52,20,0.16736,-2.39,-0.72,-32.11,12.69,-2.11,-24.25
52,21,0.17578,-2.40,-0.73,-32.28,-1.81,-0.76,-19.93
52,22,0.18408,-2.40,-0.73,-32.28,0.00,-0.02,0.00
52,23,0.19238,-2.40,-0.73,-32.28,0.00,-0.02,0.00
52,24,0.20068,-2.40,-0.73,-32.28,0.00,0.03,0.00
52,25,0.20935,-2.35,-0.73,-32.28,6.34,-0.58,-0.70
52,26,0.21741,-2.27,-0.73,-32.18,9.47,-0.17,12.50
52,27,0.22571,-2.20,-0.73,-32.08,8.46,-0.13,12.50
52,28,0.23413,-2.13,-0.74,-31.98,8.33,-0.09,12.32
52,29,0.24280,-2.04,-0.74,-31.88,10.21,-0.33,11.27
52,30,0.25049,-1.90,-0.74,-31.70,18.65,-0.42,23.41
52,31,0.25867,-1.76,-0.74,-31.52,17.16,-0.39,22.39
52,32,0.26709,-1.61,-0.75,-31.34,17.39,-0.41,21.38
52,33,0.27551,-1.47,-0.75,-31.15,16.30,-0.30,21.74
52,34,0.28369,-1.34,-0.75,-30.97,16.79,-0.36,22.39
52,35,0.29199,-1.20,-0.76,-30.79,16.54,-0.35,22.06
52,36,0.30042,-1.00,-0.76,-30.57,23.55,-0.70,26.09
52,37,0.30884,-0.83,-0.77,-30.34,19.93,-0.39,27.17
52,38,0.31714,-0.67,-0.77,-30.11,19.49,-0.27,27.94
52,39,0.32532,-0.51,-0.77,-29.87,19.40,-0.25,28.36
52,40,0.33386,-0.27,-0.77,-29.54,27.86,-0.48,39.29
52,41,0.34277,-0.08,-0.77,-29.19,22.26,0.02,39.04
52,42,0.35059,0.11,-0.77,-28.84,24.22,0.09,44.92
52,43,0.35876,0.30,-0.77,-28.49,23.13,0.13,42.91
52,44,0.36719,0.49,-0.77,-28.14,22.46,0.08,41.67
52,45,0.37561,0.68,-0.77,-27.79,22.83,0.09,41.67
52,46,0.38379,0.88,-0.77,-27.44,23.51,0.05,42.91
52,47,0.39209,1.04,-0.77,-27.08,19.49,0.39,43.01
52,48,0.40051,1.19,-0.76,-26.72,18.12,0.53,42.75
52,49,0.40881,1.35,-0.76,-26.36,18.75,0.46,43.38
52,50,0.41724,1.54,-0.76,-25.99,22.83,0.21,44.20
52,51,0.42566,1.71,-0.75,-25.61,19.93,0.44,44.93
52,52,0.43384,1.86,-0.75,-25.23,19.03,0.64,46.64
52,53,0.44214,2.01,-0.74,-24.84,18.38,0.62,45.96
52,54,0.45117,2.17,-0.74,-24.46,16.89,0.57,42.23
52,55,0.45886,2.30,-0.73,-24.08,17.86,0.89,50.00
52,56,0.46729,2.43,-0.72,-23.69,15.22,0.88,46.01
52,57,0.47559,2.56,-0.72,-23.30,15.07,0.97,46.69
52,58,0.48389,2.68,-0.71,-22.92,14.71,0.95,46.69
52,59,0.49219,2.80,-0.70,-22.53,14.71,1.00,46.69
52,60,0.50049,2.95,-0.70,-22.23,18.38,0.17,36.40
52,61,0.50891,3.11,-0.70,-21.92,18.12,0.21,35.87
52,62,0.51733,3.26,-0.69,-21.62,18.12,0.12,35.87
52,63,0.52576,3.41,-0.69,-21.32,18.12,0.26,35.87
52,64,0.53455,3.56,-0.69,-21.02,17.36,0.16,34.38
52,65,0.54285,3.72,-0.69,-20.72,18.38,0.17,36.40
52,66,0.55066,3.87,-0.69,-20.41,19.53,0.23,38.67
52,67,0.55884,4.02,-0.69,-20.11,18.66,0.15,36.57
52,68,0.56726,4.13,-0.69,-19.93,13.04,-0.06,22.10
52,69,0.57654,4.24,-0.69,-19.74,11.84,-0.01,20.07
52,70,0.58484,4.28,-0.69,-19.71,4.78,-0.20,3.68
52,71,0.59326,4.32,-0.69,-19.68,4.71,-0.24,3.62
52,72,0.60071,4.36,-0.69,-19.65,5.33,-0.27,4.10
52,73,0.60901,4.40,-0.69,-19.63,4.41,-0.20,2.94
52,74,0.61731,4.37,-0.70,-19.73,-3.31,-0.29,-12.50
52,75,0.62573,4.34,-0.70,-19.84,-3.99,-0.26,-13.04
52,76,0.63501,4.20,-0.70,-20.07,-14.47,0.00,-25.00
52,77,0.64380,4.06,-0.70,-20.31,-15.62,-0.02,-27.43
52,78,0.65076,3.87,-0.70,-20.73,-27.63,-0.49,-59.65
52,79,0.65918,3.69,-0.71,-21.13,-21.74,-0.49,-48.19
52,80,0.66736,3.48,-0.71,-21.67,-25.37,-0.96,-66.04
52,81,0.67615,3.27,-0.72,-22.23,-24.65,-0.95,-63.54
52,82,0.68506,3.00,-0.73,-22.93,-30.14,-1.18,-78.08
52,83,0.69324,2.73,-0.74,-23.62,-32.84,-1.28,-85.07
52,84,0.70081,2.46,-0.75,-24.32,-35.48,-1.34,-91.94
52,85,0.70898,2.19,-0.76,-25.02,-33.21,-1.29,-85.82
52,86,0.71729,1.90,-0.78,-25.77,-34.93,-1.33,-89.71
52,87,0.72559,1.61,-0.79,-26.51,-34.93,-1.33,-89.71
52,88,0.73486,1.32,-0.80,-27.26,-31.25,-1.19,-80.26
52,89,0.74353,1.04,-0.81,-27.98,-31.69,-1.24,-83.10
52,90,0.75061,0.87,-0.82,-28.50,-24.14,-1.54,-74.14
52,91,0.75891,0.71,-0.83,-29.00,-19.85,-1.15,-60.29
52,92,0.76721,0.58,-0.83,-29.32,-15.07,-0.59,-38.60
52,93,0.77649,0.46,-0.84,-29.62,-13.16,-0.42,-32.57
52,94,0.78467,0.37,-0.84,-29.78,-10.82,-0.00,-18.66
52,95,0.79285,0.28,-0.84,-29.93,-10.82,-0.01,-18.66
52,96,0.80127,0.20,-0.84,-30.08,-10.51,0.04,-18.12
52,97,0.80859,0.11,-0.84,-30.22,-11.67,0.11,-18.75
52,98,0.81714,0.05,-0.83,-30.23,-7.14,0.44,-1.79
53,0,0.00000,0.00,0.00,0.00,242.14,131.47,-127.86
53,1,0.00793,2.05,1.11,-1.09,258.08,140.24,-136.92
53,2,0.01672,4.21,2.33,-2.60,246.18,138.33,-172.57
53,3,0.02490,6.38,3.55,-4.13,264.93,149.54,-186.19
53,4,0.03308,8.98,5.03,-6.08,318.28,181.08,-238.81
53,5,0.04126,11.58,6.52,-8.04,318.28,181.33,-239.18
53,6,0.04956,14.08,7.98,-10.27,300.74,175.89,-268.75
53,7,0.05811,16.57,9.44,-12.49,291.07,170.85,-260.36
53,8,0.06689,18.30,10.44,-13.96,197.57,114.56,-167.01
53,9,0.07458,20.03,11.44,-15.42,224.21,130.02,-189.68
53,10,0.08313,20.95,12.01,-16.08,107.50,65.95,-77.50
53,11,0.09131,21.86,12.50,-16.74,111.94,60.60,-80.97
53,12,0.09973,22.49,12.87,-17.23,75.00,43.18,-58.33
53,13,0.10791,23.12,13.24,-17.72,76.87,45.96,-60.07
53,14,0.11682,23.59,13.52,-18.13,52.74,31.85,-45.89
53,15,0.12463,24.06,13.81,-18.54,59.77,36.14,-52.34
53,16,0.13318,24.31,13.98,-18.91,28.93,20.29,-42.50
53,17,0.14148,24.55,14.15,-19.27,29.41,19.89,-43.75
53,18,0.15002,24.66,14.24,-19.56,12.50,10.83,-33.57
53,19,0.15808,24.77,14.33,-19.84,13.26,11.22,-35.23
53,20,0.16663,24.78,14.37,-20.05,2.14,4.28,-24.29
53,21,0.17517,24.80,14.40,-20.25,2.14,4.49,-24.29
53,22,0.18335,24.69,14.36,-20.35,-13.81,-5.26,-11.57
53,23,0.19153,24.58,14.32,-20.44,-13.81,-5.26,-11.57
53,24,0.20032,24.46,14.28,-20.54,-13.19,-4.68,-10.76
53,25,0.20813,24.34,14.23,-20.63,-14.84,-5.75,-11.72
53,26,0.21716,24.15,14.14,-20.64,-20.95,-10.34,-1.35
53,27,0.22498,23.97,14.05,-20.65,-24.22,-11.51,-1.56
53,28,0.23340,23.78,13.96,-20.67,-22.46,-10.68,-1.45
53,29,0.24158,23.59,13.87,-20.68,-23.13,-11.05,-1.12
53,30,0.25024,23.36,13.75,-20.60,-26.06,-13.89,9.15
53,31,0.25806,23.14,13.63,-20.52,-28.91,-15.63,10.16
53,32,0.26648,22.91,13.50,-20.44,-26.81,-14.50,9.42
53,33,0.27478,22.68,13.38,-20.36,-27.21,-14.50,9.56
53,34,0.28320,22.46,13.26,-20.28,-26.81,-14.29,9.42
53,35,0.29163,22.23,13.14,-20.20,-26.81,-14.55,9.78
53,36,0.30005,22.00,13.01,-20.05,-27.17,-15.61,17.75
53,37,0.30823,21.77,12.88,-19.90,-27.99,-16.07,18.28
53,38,0.31702,21.55,12.74,-19.75,-26.04,-15.15,17.01
53,39,0.32495,21.32,12.61,-19.60,-28.85,-16.62,19.23
53,40,0.33337,21.04,12.44,-19.32,-32.61,-20.24,32.25
53,41,0.34155,20.77,12.27,-19.05,-33.58,-21.06,33.21
53,42,0.35010,20.49,12.10,-18.78,-32.14,-19.96,31.79
53,43,0.35828,20.22,11.93,-18.51,-33.58,-21.06,33.21
53,44,0.36658,19.94,11.76,-18.24,-33.09,-20.54,32.72
53,45,0.37512,19.67,11.59,-17.97,-32.14,-19.96,31.79
53,46,0.38354,19.39,11.41,-17.69,-32.61,-20.24,32.25
53,47,0.39185,19.12,11.24,-17.42,-33.09,-20.54,32.72
53,48,0.40015,18.84,11.07,-17.14,-33.82,-21.05,33.82
53,49,0.40845,18.56,10.90,-16.87,-33.09,-20.38,33.09
53,50,0.41711,18.30,10.73,-16.56,-30.63,-19.09,35.21
53,51,0.42505,18.03,10.57,-16.26,-33.46,-21.09,38.46
53,52,0.43323,17.77,10.40,-15.95,-32.46,-20.28,37.31
53,53,0.44177,17.50,10.23,-15.65,-31.07,-19.64,35.71
53,54,0.45007,17.24,10.07,-15.34,-31.99,-20.03,36.76
53,55,0.45813,16.97,9.90,-15.04,-32.95,-20.89,37.88
53,56,0.46667,16.71,9.76,-14.73,-31.07,-16.09,35.71
53,57,0.47546,16.43,9.59,-14.41,-31.60,-19.38,36.11
53,58,0.48376,16.16,9.43,-14.11,-31.99,-19.64,36.76
53,59,0.49182,15.91,9.27,-13.81,-31.82,-19.64,37.50
53,60,0.50037,15.73,9.15,-13.52,-20.71,-13.83,33.57
53,61,0.50867,15.55,9.03,-13.23,-21.32,-14.44,34.56
53,62,0.51709,15.37,8.91,-12.95,-21.01,-14.23,34.06
53,63,0.52563,15.19,8.79,-12.65,-21.07,-14.08,34.29
53,64,0.53394,15.02,8.67,-12.37,-21.32,-14.23,34.56
53,65,0.54199,14.84,8.56,-12.08,-21.97,-14.67,35.61
53,66,0.55042,14.66,8.44,-11.79,-21.01,-14.23,34.06
53,67,0.55896,14.50,8.33,-11.52,-19.64,-12.94,32.14
53,68,0.56738,14.40,8.25,-11.33,-11.96,-8.69,22.46
53,69,0.57581,14.31,8.19,-11.15,-10.51,-7.38,20.65
53,70,0.58411,14.30,8.18,-11.11,-0.74,-0.92,5.88
53,71,0.59216,14.29,8.17,-11.06,-0.76,-1.15,6.06
53,72,0.60034,14.29,8.16,-11.01,-0.75,-1.14,5.97
53,73,0.60876,14.29,8.16,-11.01,0.00,-0.07,0.00
53,74,0.61743,14.36,8.21,-11.08,8.45,5.24,-8.80
53,75,0.62561,14.44,8.26,-11.18,10.07,6.23,-12.31
53,76,0.63379,14.57,8.35,-11.42,15.67,10.87,-28.73
53,77,0.64233,14.71,8.45,-11.67,16.43,11.54,-29.64
53,78,0.65063,14.95,8.60,-12.03,28.68,18.83,-43.01
53,79,0.65881,15.20,8.77,-12.40,30.97,20.19,-45.15
53,80,0.66724,15.55,8.99,-12.86,41.67,26.44,-54.71
53,81,0.67578,15.92,9.22,-13.34,43.21,27.19,-56.43
53,82,0.68408,16.38,9.51,-13.93,54.41,34.57,-71.32
53,83,0.69214,16.83,9.80,-14.53,56.06,35.41,-73.48
53,84,0.70105,17.28,10.08,-15.12,50.68,32.40,-66.44
53,85,0.70898,17.74,10.37,-15.72,57.69,36.41,-75.38
53,86,0.71716,18.22,10.73,-16.35,59.33,43.36,-77.61
53,87,0.72571,18.71,11.02,-16.99,56.79,34.01,-74.29
53,88,0.73401,19.19,11.31,-17.62,58.46,35.51,-76.47
53,89,0.74207,19.66,11.62,-18.23,57.95,37.88,-75.00
53,90,0.75073,20.02,11.85,-18.64,41.20,26.64,-48.24
53,91,0.75928,20.35,12.07,-19.04,39.29,25.50,-46.43
53,92,0.76721,20.56,12.20,-19.31,26.15,17.24,-34.62
53,93,0.77551,20.75,12.33,-19.57,23.16,15.74,-31.25
53,94,0.78418,20.83,12.40,-19.73,9.51,7.03,-17.96
53,95,0.79236,20.92,12.46,-19.89,10.07,7.45,-19.03
53,96,0.80078,21.00,12.52,-20.04,9.78,7.44,-18.48
53,97,0.80933,21.07,12.57,-20.18,7.86,6.02,-16.43
53,98,0.81738,21.05,12.57,-20.24,-2.27,-0.16,-7.58
54,0,0.00000,0.00,0.00,0.00,-110.61,-143.14,-264.77
54,1,0.00684,-0.89,-1.15,-2.13,-130.36,-168.70,-312.05
54,2,0.01550,-2.21,-2.51,-4.42,-152.11,-156.69,-264.08
54,3,0.02380,-3.53,-3.86,-6.71,-158.82,-162.78,-275.74
54,4,0.03247,-5.24,-5.54,-9.48,-197.54,-193.56,-319.37
54,5,0.04126,-6.95,-7.22,-12.25,-194.79,-190.74,-314.93
54,6,0.04968,-8.95,-8.95,-14.93,-237.32,-205.76,-318.84
54,7,0.05823,-10.95,-10.39,-17.62,-234.29,-168.88,-314.64
54,8,0.06555,-12.26,-10.40,-19.48,-178.33,-1.51,-253.75
54,9,0.07385,-13.57,-10.41,-21.34,-157.35,-1.33,-223.90
54,10,0.08313,-14.14,-10.42,-22.31,-62.50,-0.51,-104.93
54,11,0.09253,-14.72,-10.42,-23.28,-61.69,-0.51,-103.57
54,12,0.09985,-15.16,-10.43,-23.96,-59.17,-0.50,-91.67
54,13,0.10852,-15.59,-10.43,-24.63,-50.00,-0.41,-77.46
54,14,0.11597,-15.96,-10.43,-25.13,-49.18,-0.42,-67.62
54,15,0.12427,-16.32,-10.44,-25.63,-44.12,-0.37,-60.66
54,16,0.13318,-16.67,-10.44,-25.91,-38.36,-0.34,-31.16
54,17,0.14185,-17.00,-10.44,-26.19,-39.08,-0.34,-32.04
54,18,0.15015,-17.28,-10.45,-26.32,-33.09,-0.30,-15.81
54,19,0.15784,-17.55,-10.45,-26.45,-35.71,-0.33,-17.06
54,20,0.16565,-17.76,-10.45,-26.49,-26.17,-0.25,-4.69
54,21,0.17383,-17.96,-10.45,-26.53,-25.00,-0.23,-4.48
54,22,0.18225,-18.07,-10.45,-26.42,-12.32,-0.13,12.32
54,23,0.19141,-18.17,-10.45,-26.32,-11.33,-0.11,11.67
54,24,0.20044,-18.27,-10.46,-26.21,-11.49,-0.12,11.49
54,25,0.20789,-18.38,-10.46,-26.10,-13.93,-0.15,14.34
54,26,0.21558,-18.41,-10.46,-25.92,-3.97,-0.05,24.21
54,27,0.22388,-18.44,-10.46,-25.73,-3.68,-0.05,22.43
54,28,0.23254,-18.47,-10.46,-25.55,-3.52,-0.05,21.48
54,29,0.24133,-18.50,-10.46,-25.36,-3.47,-0.05,21.18
54,30,0.24976,-18.44,-10.46,-25.13,6.88,0.04,27.54
54,31,0.25720,-18.38,-10.46,-24.90,7.79,0.05,31.15
54,32,0.26562,-18.33,-10.46,-24.66,6.88,0.04,27.54
54,33,0.27380,-18.27,-10.46,-24.43,7.09,0.05,28.36
54,34,0.28210,-18.21,-10.46,-24.20,6.99,0.04,27.94
54,35,0.29138,-18.15,-10.46,-23.97,6.25,0.05,25.00
54,36,0.30017,-18.02,-10.46,-23.73,14.58,0.12,27.43
54,37,0.30786,-17.90,-10.45,-23.49,16.67,0.13,31.35
54,38,0.31555,-17.77,-10.45,-23.25,16.67,0.14,31.35
54,39,0.32373,-17.64,-10.45,-23.00,15.67,0.12,29.48
54,40,0.33228,-17.39,-10.45,-22.71,28.93,0.24,34.64
54,41,0.34106,-17.14,-10.45,-22.41,28.12,0.24,33.68
54,42,0.34961,-16.90,-10.45,-22.12,28.93,0.25,34.64
54,43,0.35706,-16.65,-10.44,-21.82,33.20,0.28,39.75
54,44,0.36560,-16.40,-10.44,-21.52,28.93,0.25,34.64
54,45,0.37378,-16.16,-10.44,-21.23,30.22,0.26,36.19
54,46,0.38232,-15.91,-10.44,-20.93,28.93,0.25,34.64
54,47,0.39148,-15.66,-10.44,-20.64,27.00,0.23,32.33
54,48,0.39978,-15.41,-10.43,-20.34,29.78,0.26,35.66
54,49,0.40723,-15.17,-10.43,-20.04,33.20,0.28,39.75
54,50,0.41577,-14.89,-10.43,-19.75,32.86,0.28,34.29
54,51,0.42395,-14.61,-10.43,-19.46,34.33,0.30,35.82
54,52,0.43250,-14.32,-10.42,-19.17,32.86,0.28,34.29
54,53,0.44067,-14.04,-10.42,-18.87,34.33,0.30,35.82
54,54,0.45007,-13.76,-10.42,-18.58,29.87,0.26,31.17
54,55,0.45813,-13.48,-10.42,-18.29,34.85,0.30,36.36
54,56,0.46594,-13.20,-10.41,-17.99,35.94,0.32,37.50
54,57,0.47424,-12.92,-10.41,-17.70,33.82,0.29,35.29
54,58,0.48254,-12.64,-10.41,-17.41,33.82,0.30,35.29
54,59,0.49133,-12.36,-10.41,-17.11,31.94,0.28,33.33
54,60,0.49915,-12.09,-10.40,-16.91,34.77,0.31,25.78
54,61,0.50745,-11.82,-10.40,-16.71,32.72,0.29,24.26
54,62,0.51587,-11.54,-10.40,-16.51,32.25,0.29,23.91
54,63,0.52405,-11.27,-10.23,-16.31,33.21,20.74,24.63
54,64,0.53259,-11.00,-10.09,-16.11,31.79,16.23,23.57
54,65,0.54077,-10.73,-9.92,-15.91,33.21,20.32,24.63
54,66,0.54919,-10.46,-9.75,-15.70,32.25,20.55,23.91
54,67,0.55798,-10.19,-9.58,-15.50,30.90,19.30,22.92
54,68,0.56567,-10.01,-9.48,-15.38,23.41,13.38,15.48
54,69,0.57397,-9.83,-9.37,-15.26,21.69,13.23,14.34
54,70,0.58289,-9.78,-9.35,-15.26,5.48,2.13,1.03
54,71,0.59155,-9.73,-9.33,-15.25,5.63,2.19,1.06
54,72,0.59998,-9.68,-9.31,-15.24,5.80,2.25,1.09
54,73,0.60815,-9.63,-9.29,-15.23,5.97,2.32,1.12
54,74,0.61584,-9.70,-9.35,-15.31,-9.13,-6.80,-10.32
54,75,0.62402,-9.77,-9.40,-15.39,-8.58,-7.24,-9.70
54,76,0.63245,-9.99,-9.53,-15.53,-26.45,-15.35,-17.39
54,77,0.64075,-10.22,-9.67,-15.68,-26.84,-15.99,-17.65
54,78,0.65002,-10.55,-9.88,-15.95,-35.86,-23.14,-28.95
54,79,0.65747,-10.89,-10.10,-16.22,-45.08,-29.88,-36.07
54,80,0.66565,-11.31,-10.40,-16.61,-52.24,-35.96,-47.76
54,81,0.67407,-11.74,-10.40,-17.00,-50.72,-0.24,-46.38
54,82,0.68237,-12.29,-10.41,-17.50,-66.18,-0.67,-60.66
54,83,0.69116,-12.84,-10.41,-18.01,-62.50,-0.55,-57.29
54,84,0.69897,-13.39,-10.42,-18.51,-70.31,-0.62,-64.45
54,85,0.70789,-13.94,-10.42,-19.01,-61.64,-0.55,-56.51
54,86,0.71582,-14.53,-10.43,-19.55,-74.23,-0.65,-68.08
54,87,0.72388,-15.12,-10.43,-20.09,-73.11,-0.64,-67.05
54,88,0.73242,-15.70,-10.44,-20.63,-68.93,-0.61,-63.21
54,89,0.74170,-16.29,-10.44,-21.17,-63.49,-0.56,-58.22
54,90,0.75000,-16.68,-10.44,-21.57,-46.32,-0.41,-47.43
54,91,0.75720,-17.06,-10.45,-21.96,-53.39,-0.46,-54.66
54,92,0.76587,-17.32,-10.45,-22.19,-29.58,-0.26,-26.76
54,93,0.77405,-17.58,-10.45,-22.42,-31.34,-0.28,-28.36
54,94,0.78296,-17.72,-10.45,-22.52,-16.44,-0.15,-10.96
54,95,0.79138,-17.87,-10.45,-22.62,-17.39,-0.16,-11.59
54,96,0.79980,-18.01,-10.46,-22.72,-17.39,-0.15,-11.59
54,97,0.80798,-18.16,-10.46,-22.81,-17.91,-0.16,-11.94
54,98,0.81592,-18.22,-10.46,-22.80,-7.69,-0.07,1.54
55,0,0.00000,0.00,0.00,0.00,-239.49,-16.07,134.42
55,1,0.00830,-2.02,-0.14,1.13,-243.01,-16.28,136.40
55,2,0.01672,-4.14,-0.29,2.70,-252.17,-18.87,186.59
55,3,0.02576,-6.27,-0.45,4.28,-235.14,-17.58,173.99
55,4,0.03345,-8.82,-0.65,6.29,-332.14,-25.61,262.30
55,5,0.04163,-11.37,-0.85,8.31,-312.31,-24.04,246.64
55,6,0.05017,-13.81,-1.05,10.60,-285.36,-23.89,268.57
55,7,0.05847,-16.25,-1.25,12.90,-293.75,-24.62,276.47
55,8,0.06738,-17.95,-1.39,14.41,-190.41,-15.48,169.52
55,9,0.07507,-19.64,-1.53,15.92,-220.63,-17.97,196.43
55,10,0.08350,-20.54,-1.60,16.61,-106.88,-8.12,81.52
55,11,0.09167,-21.44,-1.67,17.29,-110.07,-8.36,83.96
55,12,0.10022,-22.06,-1.72,17.80,-72.50,-5.66,59.29
55,13,0.10840,-22.68,-1.76,18.31,-75.75,-5.93,61.94
55,14,0.11755,-23.14,-1.80,18.73,-50.00,-4.15,46.00
55,15,0.12524,-23.60,-1.84,19.15,-59.52,-4.92,54.76
55,16,0.13354,-23.84,-1.87,19.52,-28.68,-3.18,44.49
55,17,0.14197,-24.08,-1.89,19.89,-28.26,-3.11,43.84
55,18,0.15027,-24.18,-1.91,20.18,-12.13,-2.04,34.93
55,19,0.15869,-24.28,-1.93,20.47,-11.96,-2.03,34.42
55,20,0.16760,-24.29,-1.94,20.68,-1.71,-1.10,23.29
55,21,0.17529,-24.31,-1.95,20.88,-1.98,-1.28,26.98
55,22,0.18372,-24.19,-1.95,20.97,13.77,0.10,10.87
55,23,0.19202,-24.08,-1.95,21.07,13.97,0.08,11.03
55,24,0.20044,-23.96,-1.94,21.16,13.77,0.13,10.87
55,25,0.20862,-23.84,-1.94,21.25,14.18,0.11,11.19
55,26,0.21692,-23.65,-1.94,21.26,22.79,0.90,1.10
55,27,0.22595,-23.46,-1.93,21.27,20.95,0.85,1.01
55,28,0.23438,-23.28,-1.92,21.28,22.46,0.88,1.09
55,29,0.24219,-23.09,-1.91,21.29,24.22,0.98,1.17
55,30,0.25073,-22.86,-1.90,21.20,26.43,1.56,-10.00
55,31,0.25891,-22.63,-1.89,21.12,27.61,1.64,-10.45
55,32,0.26794,-22.41,-1.87,21.03,25.00,1.46,-9.46
55,33,0.27563,-22.18,-1.86,20.94,29.37,1.72,-11.11
55,34,0.28406,-21.96,-1.85,20.86,26.81,1.59,-10.14
55,35,0.29224,-21.73,-1.83,20.77,27.61,1.63,-10.45
55,36,0.30066,-21.51,-1.82,20.62,26.81,1.93,-18.48
55,37,0.30896,-21.28,-1.80,20.46,27.21,1.98,-18.75
55,38,0.31726,-21.05,-1.78,20.31,27.21,1.98,-18.75
55,39,0.32556,-20.83,-1.77,20.15,27.21,1.98,-18.75
55,40,0.33472,-20.56,-1.74,19.87,29.33,2.57,-30.33
55,41,0.34229,-20.29,-1.72,19.60,35.48,3.11,-36.69
55,42,0.35071,-20.02,-1.70,19.32,31.88,2.79,-32.97
55,43,0.35901,-19.75,-1.67,19.04,32.35,2.86,-33.46
55,44,0.36816,-19.49,-1.65,18.76,29.33,2.57,-30.33
55,45,0.37561,-19.20,-1.62,18.47,37.70,3.34,-39.34
55,46,0.38403,-18.94,-1.60,18.19,31.88,2.81,-32.97
55,47,0.39233,-18.67,-1.58,17.91,32.35,2.83,-33.46
55,48,0.40076,-18.40,-1.55,17.64,31.88,2.79,-32.97
55,49,0.40857,-18.13,-1.53,17.36,33.98,3.04,-35.94
55,50,0.41772,-17.87,-1.51,17.04,28.33,2.69,-34.00
55,51,0.42517,-17.61,-1.48,16.73,34.84,3.33,-41.80
55,52,0.43347,-17.36,-1.46,16.42,31.25,2.94,-37.50
55,53,0.44177,-17.10,-1.43,16.11,31.25,2.97,-37.50
55,54,0.45020,-16.84,-1.41,15.80,30.80,2.96,-36.96
55,55,0.45850,-16.58,-1.38,15.49,31.25,2.97,-37.50
55,56,0.46753,-16.32,-1.36,15.18,28.72,2.70,-34.46
55,57,0.47522,-16.06,-1.33,14.87,33.73,3.23,-40.48
55,58,0.48364,-15.80,-1.31,14.55,30.80,2.94,-36.96
55,59,0.49194,-15.55,-1.28,14.24,30.51,2.93,-37.50
55,60,0.50037,-15.38,-1.26,13.95,19.93,2.38,-34.78
55,61,0.50854,-15.21,-1.24,13.66,20.52,2.43,-35.82
55,62,0.51697,-15.04,-1.22,13.36,19.93,2.40,-34.78
55,63,0.52576,-14.87,-1.20,13.07,19.10,2.26,-33.33
55,64,0.53357,-14.71,-1.18,12.78,21.48,2.57,-37.50
55,65,0.54187,-14.54,-1.16,12.48,20.22,2.39,-35.29
55,66,0.55029,-14.37,-1.14,12.19,19.93,2.38,-34.78
55,67,0.55859,-14.21,-1.12,11.90,19.85,2.37,-34.56
55,68,0.56763,-14.11,-1.11,11.71,10.81,1.38,-21.28
55,69,0.57593,-14.02,-1.10,11.53,11.03,1.44,-22.43
55,70,0.58411,-14.01,-1.10,11.48,0.37,0.28,-5.97
55,71,0.59155,-14.01,-1.10,11.43,0.41,0.31,-6.56
55,72,0.59998,-14.01,-1.09,11.38,0.36,0.30,-5.80
55,73,0.60815,-14.01,-1.09,11.34,0.00,0.21,-5.22
55,74,0.61731,-14.08,-1.10,11.42,-7.67,-0.71,8.67
55,75,0.62500,-14.15,-1.10,11.51,-9.52,-0.91,11.51
55,76,0.63330,-14.27,-1.12,11.74,-14.71,-1.87,28.68
55,77,0.64160,-14.40,-1.14,11.99,-15.44,-1.97,29.78
55,78,0.65051,-14.63,-1.16,12.35,-25.68,-2.89,40.75
55,79,0.65833,-14.87,-1.19,12.72,-30.08,-3.36,47.27
55,80,0.66748,-15.20,-1.22,13.19,-37.00,-3.82,51.33
55,81,0.67493,-15.55,-1.26,13.67,-46.31,-4.76,63.93
55,82,0.68335,-15.99,-1.30,14.27,-51.81,-5.35,71.74
55,83,0.69165,-16.42,-1.35,14.88,-52.57,-5.43,72.79
55,84,0.70007,-16.86,-1.39,15.48,-51.81,-5.35,71.74
55,85,0.70837,-17.30,-1.44,16.09,-52.94,-5.46,72.79
55,86,0.71753,-17.77,-1.49,16.73,-51.33,-5.25,70.67
55,87,0.72498,-18.24,-1.54,17.38,-63.11,-6.51,86.89
55,88,0.73340,-18.71,-1.58,18.03,-55.80,-5.75,76.81
55,89,0.74170,-19.17,-1.63,18.66,-55.88,-5.73,76.47
55,90,0.75024,-19.52,-1.67,19.09,-40.71,-3.91,50.00
55,91,0.75842,-19.86,-1.70,19.51,-41.42,-4.01,51.12
55,92,0.76697,-20.06,-1.72,19.79,-23.57,-2.43,32.86
55,93,0.77515,-20.25,-1.74,20.06,-23.88,-2.50,33.58
55,94,0.78430,-20.33,-1.75,20.22,-8.67,-1.12,17.00
55,95,0.79224,-20.41,-1.76,20.37,-10.00,-1.27,19.62
55,96,0.80054,-20.49,-1.77,20.53,-9.56,-1.23,18.75
55,97,0.80908,-20.57,-1.78,20.68,-8.57,-1.14,17.50
55,98,0.81824,-20.55,-1.78,20.74,2.00,-0.23,6.67
56,0,0.00000,0.00,0.00,0.00,420.29,-53.05,222.10
56,1,0.00769,2.18,0.03,-0.77,283.73,4.32,-99.60
56,2,0.01587,4.54,0.02,-1.95,288.81,-1.58,-144.40
56,3,0.02417,6.91,0.01,-3.13,284.56,-1.65,-142.28
56,4,0.03333,9.77,-0.00,-4.68,313.00,-0.72,-169.00
56,5,0.04163,12.64,-0.01,-6.22,345.22,-0.80,-186.40
56,6,0.05017,15.44,0.01,-8.06,327.86,2.34,-214.64
56,7,0.05798,18.62,-0.04,-9.26,407.81,-6.42,-153.91
56,8,0.06580,21.19,-0.14,-9.46,327.73,-13.22,-25.39
56,9,0.07422,24.11,-0.30,-9.12,347.83,-19.49,39.86
56,10,0.08398,26.56,-0.55,-7.54,250.00,-24.94,162.19
56,11,0.09167,29.44,-0.86,-5.42,375.00,-40.10,275.00
56,12,0.10022,32.27,-1.19,-2.90,330.71,-39.64,295.36
56,13,0.10779,34.49,-1.54,0.04,293.55,-45.57,387.90
56,14,0.11597,35.54,-1.84,3.11,129.10,-36.87,375.37
56,15,0.12439,35.98,-2.23,7.59,52.17,-46.10,532.25
56,16,0.13354,35.33,-2.59,12.33,-71.00,-39.16,517.67
56,17,0.14209,34.16,-2.79,15.42,-137.14,-23.28,361.79
56,18,0.15015,33.14,-2.91,17.47,-126.89,-15.04,254.55
56,19,0.15759,32.51,-2.98,18.71,-84.43,-9.68,165.98
56,20,0.16602,32.05,-3.02,19.48,-54.71,-4.93,92.03
56,21,0.17444,31.79,-3.04,19.87,-31.16,-2.31,46.01
56,22,0.18372,31.40,-3.06,20.30,-41.45,-1.86,46.38
56,23,0.19189,31.13,-3.06,20.51,-32.84,-0.68,26.12
56,24,0.20032,30.88,-3.07,20.69,-29.71,-0.27,21.01
56,25,0.20789,30.69,-3.06,20.75,-25.00,0.49,7.26
56,26,0.21606,30.43,-3.06,20.86,-32.84,0.29,14.18
56,27,0.22449,30.23,-3.05,20.85,-23.55,1.25,-1.09
56,28,0.23376,30.03,-3.04,20.83,-21.05,1.16,-1.97
56,29,0.24194,29.85,-3.03,20.79,-22.76,1.45,-4.85
56,30,0.25037,29.68,-3.03,20.94,-19.57,-0.60,17.03
56,31,0.25769,29.56,-3.04,21.14,-17.08,-1.60,27.08
56,32,0.26611,29.43,-3.06,21.34,-14.49,-1.41,24.28
56,33,0.27478,29.30,-3.07,21.53,-15.14,-1.18,21.83
56,34,0.28406,29.18,-3.08,21.73,-13.49,-1.28,21.71
56,35,0.29199,29.04,-3.09,21.92,-17.31,-1.24,23.85
56,36,0.30029,28.90,-3.11,22.18,-16.91,-2.16,31.62
56,37,0.30774,28.74,-3.12,22.43,-20.90,-1.94,32.79
56,38,0.31616,28.59,-3.14,22.68,-17.75,-1.83,30.07
56,39,0.32446,28.43,-3.15,22.92,-19.85,-1.55,28.68
56,40,0.33423,28.20,-3.17,23.27,-23.12,-2.65,35.62
56,41,0.34192,27.94,-3.19,23.58,-34.52,-1.93,40.87
56,42,0.35022,27.68,-3.18,23.88,-31.62,1.18,36.40
56,43,0.35791,27.42,-3.19,24.19,-33.73,-1.71,39.68
56,44,0.36609,27.15,-3.20,24.48,-32.46,-1.44,36.19
56,45,0.37463,26.89,-3.22,24.79,-30.36,-1.49,35.71
56,46,0.38403,26.63,-3.23,25.09,-27.92,-1.33,31.82
56,47,0.39172,26.35,-3.24,25.37,-35.71,-1.31,36.51
56,48,0.40015,26.08,-3.25,25.65,-32.97,-1.18,33.33
56,49,0.40796,25.81,-3.26,25.94,-34.77,-1.45,37.11
56,50,0.41663,25.54,-3.27,26.26,-30.63,-1.62,37.32
56,51,0.42444,25.26,-3.29,26.56,-36.33,-1.43,38.28
56,52,0.43347,24.97,-3.30,26.86,-31.76,-1.20,32.43
56,53,0.44189,24.68,-3.31,27.15,-34.42,-1.20,34.42
56,54,0.45044,24.39,-3.32,27.43,-34.29,-1.18,33.57
56,55,0.45776,24.09,-3.33,27.71,-40.42,-1.29,38.33
56,56,0.46606,23.79,-3.33,27.98,-36.40,-0.97,32.72
56,57,0.47437,23.48,-3.34,28.25,-36.76,-0.89,31.99
56,58,0.48315,23.18,-3.35,28.52,-34.72,-0.91,30.56
56,59,0.49097,22.88,-3.36,28.78,-38.67,-0.93,33.59
56,60,0.49939,22.66,-3.37,29.04,-25.72,-1.35,30.80
56,61,0.50781,22.44,-3.38,29.30,-25.72,-1.31,30.80
56,62,0.51648,22.23,-3.39,29.56,-25.00,-1.32,29.93
56,63,0.52441,22.01,-3.40,29.82,-27.31,-1.39,32.69
56,64,0.53345,21.79,-3.41,30.08,-23.99,-1.26,28.72
56,65,0.54163,21.58,-3.42,30.34,-26.49,-1.30,31.72
56,66,0.54932,21.36,-3.44,30.60,-28.17,-1.48,33.73
56,67,0.55786,21.15,-3.45,30.85,-25.00,-1.29,29.64
56,68,0.56604,21.02,-3.45,31.02,-15.67,-0.99,21.27
56,69,0.57446,20.90,-3.46,31.19,-14.49,-0.94,19.93
56,70,0.58325,20.88,-3.47,31.24,-1.39,-0.41,5.56
56,71,0.59119,20.87,-3.47,31.29,-1.54,-0.41,6.15
56,72,0.60095,20.86,-3.47,31.34,-1.25,-0.37,5.00
56,73,0.60840,20.85,-3.48,31.38,-0.82,-0.38,5.33
56,74,0.61670,20.94,-3.47,31.31,10.29,0.16,-8.09
56,75,0.62500,21.03,-3.47,31.24,10.66,0.25,-8.82
56,76,0.63416,21.19,-3.46,31.02,17.67,1.03,-23.33
56,77,0.64160,21.36,-3.45,30.80,22.54,1.40,-29.51
56,78,0.65063,21.64,-3.44,30.49,31.76,1.43,-35.14
56,79,0.65833,21.94,-3.43,30.16,38.49,1.64,-42.06
56,80,0.66687,22.35,-3.41,29.76,48.57,1.59,-47.14
56,81,0.67505,22.78,-3.40,29.35,51.49,1.73,-50.00
56,82,0.68433,23.31,-3.38,28.83,57.57,1.88,-55.92
56,83,0.69165,23.84,-3.36,28.31,72.92,2.43,-70.83
56,84,0.70007,24.38,-3.35,27.80,63.41,2.07,-61.59
56,85,0.70837,24.91,-3.33,27.27,64.71,2.11,-62.87
56,86,0.71680,25.49,-3.31,26.72,68.12,2.25,-65.94
56,87,0.72510,26.06,-3.29,26.16,69.12,2.29,-66.91
56,88,0.73413,26.64,-3.27,25.61,63.51,2.10,-61.49
56,89,0.74255,27.20,-3.25,25.06,67.03,2.21,-64.86
56,90,0.75110,27.62,-3.24,24.70,48.57,1.18,-42.14
56,91,0.75842,28.02,-3.23,24.34,55.83,1.37,-48.75
56,92,0.76685,28.27,-3.22,24.10,29.35,1.01,-28.62
56,93,0.77502,28.51,-3.22,23.87,29.10,0.98,-28.73
56,94,0.78345,28.62,-3.21,23.73,12.68,0.80,-16.67
56,95,0.79163,28.72,-3.20,23.59,13.06,0.78,-17.16
56,96,0.80103,28.83,-3.20,23.45,11.36,0.68,-14.94
56,97,0.80835,28.93,-3.19,23.31,13.33,0.91,-18.33
56,98,0.81677,28.92,-3.18,23.25,-1.09,1.06,-7.25
57,0,0.00000,0.00,0.00,0.00,184.86,0.57,192.61
57,1,0.00818,1.60,0.00,1.67,195.90,0.61,204.10
57,2,0.01672,3.66,0.01,3.33,240.36,0.59,194.29
57,3,0.02478,5.71,0.02,4.99,254.92,0.63,206.06
57,4,0.03320,8.30,0.02,6.95,307.97,0.72,233.33
57,5,0.04126,10.90,0.03,8.92,321.97,0.75,243.94
57,6,0.04956,13.73,0.03,10.71,341.54,0.68,215.07
57,7,0.05811,16.57,0.04,12.49,331.79,0.66,208.93
57,8,0.06641,18.46,0.04,13.75,227.57,0.48,152.21
57,9,0.07458,20.35,0.05,15.02,230.97,0.49,154.48
57,10,0.08301,21.24,0.05,15.72,105.80,0.25,82.97
57,11,0.09131,22.13,0.05,16.42,107.35,0.26,84.19
57,12,0.09973,22.78,0.05,16.89,76.81,0.17,55.80
57,13,0.10840,23.42,0.05,17.36,74.65,0.17,54.23
57,14,0.11658,23.94,0.05,17.69,63.81,0.13,41.42
57,15,0.12488,24.47,0.06,18.03,62.87,0.13,40.81
57,16,0.13293,24.88,0.06,18.17,51.89,0.06,17.05
57,17,0.14160,25.30,0.06,18.31,48.24,0.06,15.85
57,18,0.14966,25.61,0.06,18.33,37.88,0.02,3.03
57,19,0.15820,25.91,0.06,18.36,35.71,0.02,2.86
57,20,0.16650,26.12,0.06,18.32,24.63,-0.00,-4.78
57,21,0.17517,26.32,0.06,18.28,23.59,-0.01,-4.58
57,22,0.18298,26.38,0.06,18.14,7.42,-0.04,-17.19
57,23,0.19153,26.44,0.06,18.01,6.79,-0.04,-15.71
57,24,0.19995,26.50,0.06,17.87,6.88,-0.04,-15.94
57,25,0.20813,26.55,0.06,17.74,7.09,-0.04,-16.42
57,26,0.21655,26.51,0.06,17.56,-4.71,-0.06,-21.74
57,27,0.22473,26.47,0.05,17.37,-4.85,-0.06,-22.39
57,28,0.23340,26.43,0.05,17.19,-4.58,-0.06,-21.13
57,29,0.24121,26.39,0.05,17.01,-5.08,-0.06,-23.44
57,30,0.24976,26.26,0.05,16.81,-16.07,-0.07,-22.86
57,31,0.25793,26.12,0.05,16.62,-16.79,-0.07,-23.88
57,32,0.26672,25.98,0.05,16.42,-15.62,-0.07,-22.22
57,33,0.27466,25.85,0.05,16.23,-17.31,-0.07,-24.62
57,34,0.28308,25.71,0.05,16.03,-16.30,-0.07,-23.19
57,35,0.29150,25.57,0.05,15.84,-16.30,-0.07,-23.19
57,36,0.30005,25.36,0.05,15.66,-24.29,-0.06,-20.71
57,37,0.30811,25.16,0.05,15.48,-25.76,-0.07,-21.97
57,38,0.31653,24.95,0.05,15.30,-24.64,-0.06,-21.01
57,39,0.32446,24.74,0.05,15.13,-26.15,-0.07,-22.31
57,40,0.33313,24.40,0.05,14.94,-39.08,-0.07,-21.83
57,41,0.34143,24.07,0.05,14.75,-40.44,-0.07,-22.79
57,42,0.34985,23.73,0.05,14.56,-40.22,-0.07,-22.46
57,43,0.35840,23.39,0.05,14.37,-39.64,-0.07,-22.14
57,44,0.36646,23.05,0.05,14.18,-41.67,-0.08,-23.48
57,45,0.37524,22.71,0.04,13.99,-38.54,-0.07,-21.53
57,46,0.38330,22.38,0.04,13.80,-42.05,-0.08,-23.48
57,47,0.39172,22.04,0.04,13.61,-39.86,-0.07,-22.46
57,48,0.40063,21.70,0.04,13.42,-38.01,-0.07,-21.23
57,49,0.40857,21.36,0.04,13.24,-42.69,-0.08,-23.85
57,50,0.41663,21.00,0.04,13.06,-45.45,-0.07,-21.21
57,51,0.42517,20.63,0.04,12.89,-42.86,-0.07,-20.00
57,52,0.43311,20.26,0.04,12.72,-46.15,-0.07,-21.54
57,53,0.44189,19.90,0.04,12.55,-41.67,-0.07,-19.44
57,54,0.44995,19.53,0.04,12.38,-45.45,-0.07,-21.21
57,55,0.45850,19.17,0.04,12.21,-42.86,-0.07,-20.00
57,56,0.46753,18.80,0.04,12.04,-40.54,-0.06,-18.92
57,57,0.47485,18.43,0.04,11.87,-50.00,-0.08,-23.33
57,58,0.48291,18.07,0.04,11.70,-45.45,-0.07,-21.21
57,59,0.49158,17.70,0.04,11.53,-42.25,-0.07,-19.72
57,60,0.50012,17.38,0.04,11.43,-37.86,-0.04,-10.71
57,61,0.50793,17.05,0.04,11.34,-41.41,-0.05,-11.72
57,62,0.51672,16.73,0.04,11.25,-36.81,-0.04,-10.42
57,63,0.52466,16.41,0.03,11.16,-40.77,-0.04,-11.54
57,64,0.53320,16.08,0.03,11.07,-37.86,-0.04,-10.71
57,65,0.54150,15.76,0.03,10.98,-38.97,-0.04,-11.03
57,66,0.54980,15.44,0.03,10.89,-38.97,-0.04,-11.03
57,67,0.55786,15.11,0.03,10.79,-40.15,-0.04,-11.36
57,68,0.56665,14.90,0.03,10.75,-23.96,-0.02,-5.21
57,69,0.57471,14.69,0.03,10.70,-26.14,-0.02,-5.68
57,70,0.58301,14.64,0.03,10.71,-5.88,0.00,1.10
57,71,0.59143,14.59,0.03,10.72,-5.80,0.00,1.09
57,72,0.59973,14.54,0.03,10.73,-5.88,0.00,1.10
57,73,0.60864,14.50,0.03,10.74,-5.48,0.00,1.03
57,74,0.61707,14.59,0.03,10.79,11.23,0.02,5.80
57,75,0.62512,14.69,0.03,10.84,11.74,0.02,6.06
57,76,0.63354,14.95,0.03,10.89,31.16,0.03,6.88
57,77,0.64160,15.21,0.03,10.95,32.58,0.03,7.20
57,78,0.64966,15.62,0.03,11.08,50.76,0.06,16.29
57,79,0.65845,16.03,0.03,11.22,46.53,0.06,14.93
57,80,0.66699,16.57,0.04,11.43,63.21,0.09,24.64
57,81,0.67517,17.11,0.04,11.64,66.04,0.09,25.75
57,82,0.68311,17.80,0.04,11.91,87.31,0.12,34.23
57,83,0.69153,18.49,0.04,12.18,82.25,0.11,32.25
57,84,0.69983,19.19,0.04,12.45,83.46,0.11,32.72
57,85,0.70813,19.88,0.04,12.72,83.46,0.11,32.72
57,86,0.71643,20.62,0.04,13.01,89.71,0.12,34.93
57,87,0.72473,21.37,0.04,13.30,89.71,0.12,34.93
57,88,0.73315,22.11,0.04,13.59,88.41,0.12,34.42
57,89,0.74146,22.86,0.04,13.88,89.71,0.12,34.93
57,90,0.75000,23.36,0.05,14.11,58.57,0.09,26.79
57,91,0.75818,23.86,0.05,14.34,61.19,0.09,27.99
57,92,0.76660,24.18,0.05,14.47,38.04,0.05,14.86
57,93,0.77527,24.50,0.05,14.59,36.97,0.05,14.44
57,94,0.78345,24.67,0.05,14.63,20.90,0.02,4.48
57,95,0.79175,24.84,0.05,14.66,20.59,0.02,4.41
57,96,0.79968,25.01,0.05,14.70,21.54,0.02,4.62
57,97,0.80835,25.18,0.05,14.74,19.72,0.02,4.23
57,98,0.81653,25.23,0.05,14.70,6.34,-0.01,-4.10
58,0,0.00000,0.00,0.00,0.00,265.85,41.56,23.94
58,1,0.00793,2.30,0.36,0.21,290.38,45.38,26.15
58,2,0.01636,4.94,0.79,0.11,313.41,50.73,-11.23
58,3,0.02466,7.58,1.21,0.02,318.01,51.47,-11.40
58,4,0.03357,10.83,2.91,-0.20,364.38,189.98,-24.66
58,5,0.04150,14.08,4.50,-0.42,409.23,200.06,-27.69
58,6,0.04993,17.39,6.15,-0.93,392.75,196.41,-60.87
58,7,0.05811,20.69,7.80,-1.45,404.48,201.86,-62.69
58,8,0.06641,22.95,8.92,-1.73,271.69,134.67,-34.56
58,9,0.07483,25.20,10.04,-2.02,267.75,132.91,-34.06
58,10,0.08374,26.34,10.59,-2.08,127.05,61.89,-6.51
58,11,0.09143,27.47,11.14,-2.14,147.22,71.72,-7.54
58,12,0.10022,28.27,11.53,-2.21,90.62,44.47,-7.99
58,13,0.10803,29.06,11.92,-2.28,101.95,50.03,-8.98
58,14,0.11633,29.68,12.23,-2.37,74.26,37.07,-10.66
58,15,0.12476,30.29,12.54,-2.45,73.19,36.53,-10.51
58,16,0.13367,30.70,12.75,-2.62,45.21,24.02,-19.18
58,17,0.14136,31.10,12.97,-2.80,52.38,27.83,-22.22
58,18,0.14978,31.35,13.11,-2.98,29.35,16.81,-21.38
58,19,0.15820,31.59,13.25,-3.16,29.35,16.41,-21.38
58,20,0.16650,31.72,13.33,-3.32,15.44,9.72,-19.85
58,21,0.17480,31.85,13.41,-3.49,15.44,9.72,-19.85
58,22,0.18359,31.81,13.40,-3.63,-5.21,-0.52,-15.97
58,23,0.19141,31.76,13.40,-3.77,-5.86,-0.80,-17.97
58,24,0.20020,31.71,13.39,-3.91,-5.21,-0.51,-15.97
58,25,0.20813,31.67,13.39,-4.05,-5.77,-0.78,-17.69
58,26,0.21631,31.52,13.33,-4.16,-18.28,-7.28,-13.81
58,27,0.22473,31.37,13.27,-4.27,-17.75,-6.87,-13.41
58,28,0.23352,31.22,13.21,-4.39,-17.01,-6.78,-12.85
58,29,0.24146,31.07,13.15,-4.50,-18.85,-7.51,-14.23
58,30,0.24976,30.83,13.04,-4.56,-28.31,-12.72,-6.99
58,31,0.25806,30.60,12.94,-4.61,-28.31,-12.72,-6.99
58,32,0.26660,30.36,12.83,-4.67,-27.50,-12.56,-6.79
58,33,0.27478,30.13,12.72,-4.73,-28.73,-12.91,-7.09
58,34,0.28369,29.90,12.62,-4.79,-26.37,-12.04,-6.51
58,35,0.29187,29.66,12.51,-4.85,-28.73,-12.91,-7.09
58,36,0.30017,29.39,12.38,-4.85,-32.72,-15.88,0.00
58,37,0.30811,29.12,12.25,-4.85,-34.23,-16.18,0.00
58,38,0.31641,28.85,12.12,-4.85,-32.72,-15.88,0.00
58,39,0.32458,28.57,11.99,-4.85,-33.21,-15.91,0.00
58,40,0.33301,28.20,11.80,-4.77,-44.93,-22.88,9.42
58,41,0.34192,27.82,11.61,-4.69,-42.47,-21.24,8.90
58,42,0.34973,27.44,11.42,-4.61,-48.44,-24.67,10.16
58,43,0.35803,27.06,11.22,-4.53,-45.59,-23.22,9.56
58,44,0.36646,26.68,11.03,-4.45,-44.93,-22.48,9.42
58,45,0.37463,26.30,10.84,-4.37,-46.27,-23.35,9.70
58,46,0.38293,25.92,10.65,-4.29,-45.59,-23.22,9.56
58,47,0.39148,25.55,10.46,-4.21,-44.29,-22.35,9.29
58,48,0.40015,25.17,10.27,-4.13,-43.66,-22.24,9.15
58,49,0.40820,24.79,10.07,-4.05,-46.97,-23.71,9.85
58,50,0.41626,24.40,9.88,-3.94,-48.48,-24.67,13.64
58,51,0.42468,24.01,9.67,-3.83,-46.38,-24.01,13.04
58,52,0.43335,23.62,9.47,-3.72,-45.07,-23.33,12.68
58,53,0.44141,23.23,9.27,-3.61,-48.48,-24.67,13.64
58,54,0.44946,22.84,9.07,-3.50,-48.48,-24.89,13.64
58,55,0.45801,22.45,8.87,-3.39,-45.71,-23.66,12.86
58,56,0.46643,22.06,8.67,-3.28,-46.38,-23.80,13.04
58,57,0.47485,21.66,8.47,-3.17,-46.38,-24.01,13.04
58,58,0.48376,21.27,8.27,-3.06,-43.84,-22.31,12.33
58,59,0.49170,20.88,8.07,-2.95,-49.23,-25.48,13.85
58,60,0.50037,20.58,7.90,-2.81,-35.21,-18.83,16.55
58,61,0.50818,20.27,7.74,-2.67,-39.06,-20.89,18.36
58,62,0.51660,19.97,7.58,-2.52,-36.23,-19.37,17.03
58,63,0.52478,19.66,7.41,-2.38,-37.31,-19.95,17.54
58,64,0.53369,19.36,7.25,-2.24,-34.25,-18.50,16.10
58,65,0.54163,19.05,7.08,-2.09,-38.46,-20.78,18.08
58,66,0.54980,18.75,6.92,-1.95,-37.31,-19.74,17.54
58,67,0.55823,18.44,6.76,-1.81,-36.23,-19.37,17.03
58,68,0.56689,18.25,6.65,-1.70,-21.83,-12.02,11.97
58,69,0.57495,18.06,6.55,-1.60,-23.48,-12.72,12.88
58,70,0.58325,18.03,6.53,-1.56,-3.68,-2.41,4.78
58,71,0.59167,18.00,6.51,-1.52,-3.62,-2.18,4.71
58,72,0.60034,17.97,6.49,-1.48,-3.52,-2.31,4.58
58,73,0.60815,17.94,6.48,-1.44,-3.91,-2.13,5.08
58,74,0.61646,18.05,6.53,-1.46,12.50,6.10,-2.94
58,75,0.62476,18.15,6.58,-1.49,12.50,6.31,-2.94
58,76,0.63354,18.38,6.71,-1.62,26.74,14.75,-14.58
58,77,0.64136,18.62,6.84,-1.75,30.08,16.37,-16.41
58,78,0.64978,19.01,7.05,-1.92,46.74,24.88,-20.29
58,79,0.65808,19.41,7.26,-2.09,47.43,25.25,-20.59
58,80,0.66650,19.95,7.54,-2.28,64.86,33.60,-23.19
58,81,0.67493,20.50,7.83,-2.48,64.86,34.00,-23.19
58,82,0.68298,21.20,8.19,-2.73,87.12,45.68,-31.06
58,83,0.69214,21.90,8.56,-2.98,76.67,40.01,-27.33
58,84,0.69995,22.60,8.93,-3.23,89.84,46.89,-32.03
58,85,0.70813,23.31,9.30,-3.48,85.82,45.20,-30.60
58,86,0.71655,24.06,9.69,-3.75,89.49,46.52,-31.88
58,87,0.72485,24.81,10.08,-4.02,90.81,47.41,-32.35
58,88,0.73364,25.57,10.48,-4.28,85.76,44.97,-30.56
58,89,0.74158,26.32,10.87,-4.55,95.00,49.60,-33.85
58,90,0.75012,26.85,11.14,-4.71,61.79,31.93,-18.21
58,91,0.75818,27.38,11.41,-4.86,65.53,33.66,-19.32
58,92,0.76648,27.70,11.59,-4.98,38.97,20.59,-13.97
58,93,0.77490,28.02,11.76,-5.10,38.41,20.09,-13.77
58,94,0.78308,28.18,11.84,-5.18,19.03,10.30,-10.07
58,95,0.79199,28.34,11.92,-5.26,17.47,9.45,-9.25
58,96,0.79980,28.49,12.01,-5.34,19.92,10.78,-10.55
58,97,0.80847,28.65,12.09,-5.43,17.96,9.72,-9.51
58,98,0.81641,28.67,12.11,-5.49,2.31,2.15,-7.69
59,0,0.00000,0.00,0.00,0.00,-156.54,-14.37,245.77
59,1,0.00830,-1.24,-0.11,1.95,-149.63,-13.69,234.93
59,2,0.01807,-2.37,-0.23,4.34,-115.31,-11.74,244.69
59,3,0.02539,-3.52,-0.34,6.78,-156.67,-15.87,332.92
59,4,0.03381,-4.81,-0.48,9.76,-153.99,-15.80,354.35
59,5,0.04187,-6.11,-0.61,12.75,-160.61,-16.48,370.83
59,6,0.05090,-7.17,-0.73,15.92,-117.91,-13.51,351.35
59,7,0.05933,-8.23,-0.85,19.08,-125.72,-14.45,375.00
59,8,0.06689,-9.01,-0.94,21.22,-103.23,-11.35,281.85
59,9,0.07532,-9.79,-1.03,23.33,-92.03,-10.15,251.09
59,10,0.08362,-10.26,-1.07,24.36,-56.62,-5.70,124.26
59,11,0.09204,-10.72,-1.12,25.39,-55.43,-5.59,121.74
59,12,0.10034,-11.03,-1.15,26.13,-36.76,-3.83,88.97
59,13,0.10864,-11.33,-1.18,26.86,-36.40,-3.85,88.97
59,14,0.11731,-11.54,-1.21,27.45,-23.59,-2.64,67.96
59,15,0.12537,-11.74,-1.23,28.04,-25.00,-2.83,72.73
59,16,0.13367,-11.77,-1.24,28.48,-4.04,-1.17,52.57
59,17,0.14197,-11.80,-1.25,28.91,-4.04,-1.21,52.57
59,18,0.15088,-11.76,-1.25,29.21,5.48,-0.27,33.90
59,19,0.15930,-11.71,-1.25,29.51,5.80,-0.26,35.51
59,20,0.16699,-11.62,-1.25,29.70,11.11,0.22,24.60
59,21,0.17529,-11.53,-1.25,29.89,10.66,0.25,22.43
59,22,0.18372,-11.39,-1.24,29.91,17.39,1.00,2.90
59,23,0.19202,-11.24,-1.23,29.94,17.65,1.06,2.94
59,24,0.20032,-11.09,-1.22,29.96,17.65,1.03,2.94
59,25,0.20911,-10.95,-1.22,29.99,16.67,0.96,2.78
59,26,0.21704,-10.78,-1.20,29.90,21.54,1.54,-10.38
59,27,0.22534,-10.60,-1.19,29.82,20.59,1.41,-9.93
59,28,0.23364,-10.43,-1.18,29.74,20.59,1.43,-9.93
59,29,0.24194,-10.26,-1.17,29.66,20.59,1.47,-9.93
59,30,0.25073,-10.10,-1.15,29.48,18.06,1.46,-20.49
59,31,0.25940,-9.95,-1.14,29.30,18.31,1.50,-20.77
59,32,0.26709,-9.79,-1.13,29.12,20.63,1.69,-23.41
59,33,0.27527,-9.63,-1.12,28.94,19.40,1.57,-22.01
59,34,0.28369,-9.47,-1.10,28.76,18.84,1.57,-21.38
59,35,0.29236,-9.31,-1.09,28.57,18.31,1.49,-21.13
59,36,0.30042,-9.19,-1.08,28.33,15.53,1.48,-29.92
59,37,0.30872,-9.06,-1.07,28.09,15.07,1.45,-29.04
59,38,0.31702,-8.94,-1.05,27.85,15.07,1.43,-29.04
59,39,0.32532,-8.81,-1.04,27.61,15.07,1.48,-29.41
59,40,0.33374,-8.71,-1.03,27.23,12.32,1.53,-44.20
59,41,0.34204,-8.60,-1.02,26.86,12.50,1.58,-44.85
59,42,0.35095,-8.50,-1.00,26.49,11.64,1.47,-41.78
59,43,0.35913,-8.40,-0.99,26.12,12.69,1.58,-45.52
59,44,0.36707,-8.29,-0.98,25.74,13.08,1.67,-46.92
59,45,0.37524,-8.19,-0.96,25.37,12.69,1.58,-45.52
59,46,0.38367,-8.08,-0.95,25.00,12.32,1.53,-44.20
59,47,0.39197,-7.98,-0.94,24.63,12.50,1.58,-44.85
59,48,0.40039,-7.88,-0.92,24.26,12.32,1.55,-44.20
59,49,0.40942,-7.77,-0.91,23.88,11.49,1.43,-41.22
59,50,0.41711,-7.69,-0.90,23.49,10.32,1.59,-51.59
59,51,0.42554,-7.61,-0.89,23.09,9.42,1.40,-47.10
59,52,0.43384,-7.53,-0.88,22.69,9.56,1.45,-47.79
59,53,0.44214,-7.46,-0.86,22.30,9.56,1.42,-47.79
59,54,0.45129,-7.38,-0.85,21.90,8.67,1.32,-43.33
59,55,0.45984,-7.30,-0.84,21.50,9.29,1.39,-46.43
59,56,0.46802,-7.22,-0.83,21.11,9.70,1.45,-48.51
59,57,0.47595,-7.14,-0.82,20.71,10.00,1.54,-50.00
59,58,0.48425,-7.06,-0.80,20.31,9.56,1.42,-47.79
59,59,0.49268,-6.98,-0.79,19.92,9.42,1.43,-47.10
59,60,0.50098,-6.97,-0.79,19.58,1.47,0.80,-40.44
59,61,0.50989,-6.95,-0.78,19.24,1.37,0.78,-37.67
59,62,0.51831,-6.94,-0.77,18.90,1.45,0.81,-41.30
59,63,0.52600,-6.93,-0.76,18.56,1.59,0.86,-43.65
59,64,0.53430,-6.92,-0.76,18.23,1.47,0.84,-40.44
59,65,0.54260,-6.91,-0.75,17.89,1.47,0.80,-40.44
59,66,0.55188,-6.89,-0.74,17.55,1.32,0.72,-36.18
59,67,0.55908,-6.88,-0.74,17.22,1.27,0.93,-46.19
59,68,0.56787,-6.89,-0.73,17.00,-0.69,0.42,-24.65
59,69,0.57568,-6.90,-0.73,16.80,-0.78,0.40,-26.17
59,70,0.58386,-6.92,-0.73,16.75,-2.61,-0.08,-5.60
59,71,0.59216,-6.94,-0.73,16.71,-2.57,-0.05,-5.51
59,72,0.60059,-6.96,-0.73,16.66,-2.54,-0.06,-5.43
59,73,0.60950,-6.98,-0.73,16.63,-2.40,-0.09,-4.11
59,74,0.61731,-7.01,-0.74,16.73,-3.12,-0.41,13.28
59,75,0.62537,-7.03,-0.74,16.84,-3.03,-0.44,14.02
59,76,0.63379,-7.03,-0.74,17.11,0.72,-0.50,31.88
59,77,0.64233,-7.02,-0.75,17.39,0.36,-0.58,32.50
59,78,0.65051,-7.05,-0.76,17.82,-3.73,-1.14,52.24
59,79,0.65869,-7.09,-0.77,18.25,-4.10,-1.23,53.36
59,80,0.66699,-7.16,-0.78,18.83,-9.19,-1.78,69.12
59,81,0.67529,-7.24,-0.80,19.41,-9.56,-1.84,70.22
59,82,0.68372,-7.34,-0.82,20.15,-11.96,-2.32,87.68
59,83,0.69189,-7.44,-0.84,20.89,-12.31,-2.37,90.30
59,84,0.70044,-7.54,-0.86,21.62,-11.79,-2.27,86.43
59,85,0.70947,-7.64,-0.88,22.37,-11.15,-2.15,82.09
59,86,0.71777,-7.75,-0.90,23.16,-12.87,-2.48,95.59
59,87,0.72534,-7.86,-0.92,23.95,-14.11,-2.77,104.84
59,88,0.73389,-7.97,-0.94,24.75,-12.50,-2.43,92.86
59,89,0.74219,-8.07,-0.96,25.52,-12.87,-2.44,93.75
59,90,0.75049,-8.18,-0.98,26.07,-12.50,-1.93,65.07
59,91,0.75891,-8.28,-0.99,26.59,-11.96,-1.88,62.68
59,92,0.76721,-8.32,-1.00,26.93,-5.51,-1.08,41.18
59,93,0.77551,-8.36,-1.01,27.27,-5.15,-1.04,40.07
59,94,0.78369,-8.36,-1.01,27.44,0.37,-0.34,21.64
59,95,0.79199,-8.36,-1.01,27.62,0.37,-0.36,21.32
59,96,0.80054,-8.36,-1.02,27.80,0.36,-0.37,20.71
59,97,0.80872,-8.35,-1.02,27.97,0.75,-0.32,20.52
59,98,0.81714,-8.30,-1.02,28.01,5.43,0.23,5.07
