trial,frame,t_s,x_cm,y_cm,z_cm,vx,vy,vz
0,0,0.00000,0.00,0.00,0.00,0.00,0.00,0.00
0,1,0.00816,20.82,0.00,45.46,2550.65,0.00,5568.60
0,2,0.01643,41.64,0.00,90.92,2520.04,0.00,5501.75
0,3,0.02477,62.47,0.00,136.38,2496.98,0.00,5451.42
0,4,0.03298,83.29,0.00,181.84,2534.08,0.00,5532.40
0,5,0.04147,104.11,0.00,227.29,2452.11,0.00,5353.46
0,6,0.04954,124.93,0.00,272.75,2582.02,0.00,5637.09
0,7,0.05793,145.76,0.00,318.21,2481.09,0.00,5416.73
0,8,0.06623,166.58,0.00,363.67,2508.46,0.00,5476.47
0,9,0.07460,187.40,0.00,409.13,2487.88,0.00,5431.54
0,10,0.08302,208.22,0.00,454.59,2472.10,0.00,5397.10
0,11,0.09148,208.22,0.00,454.59,0.00,0.00,0.00
0,12,0.09996,208.22,0.00,454.59,0.00,0.00,0.00
0,13,0.10802,213.44,-1.50,465.98,646.74,-186.01,1411.92
0,14,0.11669,218.67,-3.00,477.41,604.23,-173.07,1319.01
0,15,0.12470,223.93,-4.50,488.89,656.38,-187.25,1432.76
0,16,0.13306,229.21,-6.00,500.41,631.96,-179.55,1379.36
0,17,0.14136,234.51,-7.50,511.98,638.60,-180.71,1393.75
0,18,0.14980,239.83,-9.00,523.59,629.81,-177.61,1375.25
0,19,0.15801,245.17,-10.50,535.25,650.56,-182.73,1420.45
0,20,0.16641,250.53,-12.00,546.96,638.33,-178.58,1393.64
0,21,0.17464,255.92,-13.50,558.71,653.94,-182.22,1427.62
0,22,0.18322,261.32,-15.00,570.51,630.25,-174.92,1375.44
0,23,0.19171,266.74,-16.50,582.35,638.63,-176.65,1394.43
0,24,0.19982,272.19,-18.00,594.24,671.31,-184.96,1465.66
0,25,0.20809,277.66,-19.50,606.17,660.89,-181.38,1442.80
0,26,0.21638,283.14,-21.00,618.15,662.25,-181.04,1445.67
0,27,0.22490,288.65,-22.50,630.17,646.37,-176.02,1410.92
0,28,0.23300,294.18,-24.00,642.24,682.49,-185.13,1489.64
0,29,0.24185,299.73,-25.50,654.35,626.90,-169.49,1368.97
1,0,0.00000,0.00,0.00,0.00,0.00,0.00,0.00
1,1,0.00780,21.17,0.00,45.30,2712.81,0.00,5803.71
1,2,0.01662,42.35,0.00,90.59,2402.77,0.00,5140.43
1,3,0.02449,63.52,0.00,135.89,2689.15,0.00,5753.10
1,4,0.03325,84.69,0.00,181.19,2417.42,0.00,5171.78
1,5,0.04151,105.87,0.00,226.49,2562.51,0.00,5482.18
1,6,0.04959,127.04,0.00,271.78,2620.59,0.00,5606.42
1,7,0.05799,148.21,0.00,317.08,2520.62,0.00,5392.55
1,8,0.06638,169.38,0.00,362.38,2522.91,0.00,5397.45
1,9,0.07456,190.56,0.00,407.68,2588.81,0.00,5538.43
1,10,0.08298,211.73,0.00,452.97,2516.05,0.00,5382.77
1,11,0.09190,211.73,0.00,452.97,0.00,0.00,0.00
1,12,0.09974,212.23,-0.14,454.04,63.49,-18.03,135.93
1,13,0.10809,217.54,-1.64,465.39,635.25,-179.55,1358.54
1,14,0.11620,222.86,-3.14,476.78,657.01,-184.96,1405.08
1,15,0.12472,228.21,-4.64,488.22,627.96,-176.18,1343.73
1,16,0.13293,233.58,-6.14,499.71,653.90,-182.73,1399.26
1,17,0.14140,238.97,-7.64,511.24,635.82,-176.97,1360.58
1,18,0.14980,244.38,-9.14,522.82,644.73,-178.74,1379.64
1,19,0.15794,249.81,-10.64,534.45,667.29,-184.27,1427.93
1,20,0.16637,255.26,-12.14,546.11,646.29,-177.77,1382.64
1,21,0.17458,260.74,-13.64,557.82,667.53,-182.90,1428.09
1,22,0.18295,266.24,-15.14,569.58,656.70,-179.23,1404.92
1,23,0.19140,271.75,-16.64,581.39,652.71,-177.45,1396.39
1,24,0.19957,277.29,-18.14,593.24,677.87,-183.58,1450.23
1,25,0.20786,282.85,-19.64,605.13,671.09,-181.04,1435.73
1,26,0.21635,288.43,-21.14,617.07,657.32,-176.65,1405.93
1,27,0.22469,294.04,-22.64,629.06,671.30,-179.72,1435.83
1,28,0.23322,299.66,-24.14,641.09,659.39,-175.86,1410.38
1,29,0.24140,305.31,-25.64,653.16,690.30,-183.41,1476.49
2,0,0.00000,0.00,0.00,0.00,0.00,0.00,0.00
2,1,0.00851,26.12,0.00,42.63,3070.85,0.00,5011.66
2,2,0.01644,52.25,0.00,85.27,3292.31,0.00,5373.08
2,3,0.02488,78.37,0.00,127.90,3095.84,0.00,5052.44
2,4,0.03291,104.49,0.00,170.53,3254.75,0.00,5311.79
2,5,0.04128,130.62,0.00,213.17,3118.40,0.00,5089.25
2,6,0.04964,156.74,0.00,255.80,3126.94,0.00,5103.20
2,7,0.05802,182.86,0.00,298.43,3115.56,0.00,5084.62
2,8,0.06635,209.03,0.00,341.14,3141.03,0.00,5126.37
2,9,0.07500,235.15,0.00,383.77,3022.07,0.00,4932.04
2,10,0.08321,261.28,0.00,426.41,3179.20,0.00,5188.49
2,11,0.09134,261.28,0.00,426.41,0.00,0.00,0.00
2,12,0.10007,261.34,-0.02,426.52,7.69,-1.76,12.58
2,13,0.10835,267.89,-1.52,437.20,790.41,-181.21,1290.32
2,14,0.11678,274.46,-3.02,447.92,779.37,-177.93,1272.04
2,15,0.12468,281.05,-4.52,458.69,835.17,-189.96,1363.48
2,16,0.13305,287.67,-6.02,469.50,791.25,-179.23,1291.52
2,17,0.14137,294.32,-7.52,480.35,799.63,-180.38,1304.95
2,18,0.14987,301.00,-9.02,491.24,784.57,-176.33,1280.72
2,19,0.15808,307.70,-10.52,502.18,816.36,-182.73,1332.34
2,20,0.16679,314.43,-12.02,513.16,772.66,-172.32,1261.00
2,21,0.17480,321.18,-13.52,524.18,842.25,-187.07,1374.31
2,22,0.18346,327.96,-15.02,535.24,783.42,-173.38,1278.66
2,23,0.19180,334.76,-16.52,546.35,816.10,-179.88,1331.75
2,24,0.19994,341.59,-18.02,557.50,838.20,-184.09,1368.16
2,25,0.20865,348.45,-19.52,568.69,787.73,-172.32,1285.54
2,26,0.21694,355.33,-21.02,579.92,830.17,-180.88,1354.55
2,27,0.22527,362.24,-22.52,591.20,830.06,-180.21,1354.72
2,28,0.23343,369.18,-24.02,602.51,849.72,-183.75,1386.54
2,29,0.24181,376.14,-25.52,613.88,830.97,-179.06,1356.28
3,0,0.00000,0.00,0.00,0.00,0.00,0.00,0.00
3,1,0.00835,30.10,0.00,39.93,3603.29,0.00,4779.54
3,2,0.01672,60.20,0.00,79.86,3596.35,0.00,4770.46
3,3,0.02502,90.30,0.00,119.78,3626.10,0.00,4809.93
3,4,0.03333,120.40,0.00,159.71,3622.77,0.00,4805.51
3,5,0.04222,150.50,0.00,199.63,3386.44,0.00,4492.02
3,6,0.04988,180.60,0.00,239.56,3929.48,0.00,5212.35
3,7,0.05829,210.70,0.00,279.49,3580.04,0.00,4748.82
3,8,0.06660,240.80,0.00,319.41,3622.77,0.00,4805.51
3,9,0.07559,270.90,0.00,359.34,3346.23,0.00,4438.68
3,10,0.08323,301.00,0.00,399.26,3941.26,0.00,5227.97
3,11,0.09172,301.00,0.00,399.26,0.00,0.00,0.00
3,12,0.09995,301.03,-0.01,399.31,4.45,-0.86,5.57
3,13,0.10829,308.58,-1.51,409.31,903.47,-179.72,1198.17
3,14,0.11667,316.15,-3.01,419.35,903.83,-179.06,1198.54
3,15,0.12512,323.75,-4.51,429.43,898.92,-177.45,1192.42
3,16,0.13396,331.38,-6.01,439.55,863.56,-169.79,1145.77
3,17,0.14182,339.04,-7.51,449.72,974.76,-190.89,1293.20
3,18,0.15005,346.73,-9.01,459.92,933.33,-182.05,1238.15
3,19,0.15849,354.45,-10.51,470.16,915.01,-177.77,1213.74
3,20,0.16685,362.20,-12.01,480.44,927.85,-179.55,1230.68
3,21,0.17516,369.98,-13.51,490.76,935.78,-180.38,1241.10
3,22,0.18342,377.79,-15.01,501.12,946.03,-181.71,1255.08
3,23,0.19252,385.63,-16.51,511.52,861.36,-164.81,1142.67
3,24,0.20013,393.50,-18.01,521.96,1034.70,-197.20,1372.52
3,25,0.20853,401.40,-19.51,532.44,939.75,-178.41,1246.46
3,26,0.21684,409.33,-21.01,542.96,954.64,-180.54,1266.12
3,27,0.22588,417.29,-22.51,553.52,880.68,-165.92,1167.93
3,28,0.23360,425.29,-24.01,564.12,1036.20,-194.47,1374.48
3,29,0.24186,433.31,-25.51,574.77,971.01,-181.54,1287.90
4,0,0.00000,0.00,0.00,0.00,0.00,0.00,0.00
4,1,0.00784,26.62,21.70,-42.96,3394.16,2766.94,-5477.43
4,2,0.01639,53.24,43.40,-85.92,3115.36,2539.66,-5027.50
4,3,0.02457,79.86,65.10,-128.88,3254.85,2653.38,-5252.61
4,4,0.03271,106.48,86.80,-171.84,3267.04,2663.31,-5272.28
4,5,0.04111,133.10,108.51,-214.80,3172.00,2585.83,-5118.91
4,6,0.04944,159.72,130.21,-257.76,3195.24,2604.78,-5156.41
4,7,0.05777,186.34,151.91,-300.72,3195.24,2604.78,-5156.41
4,8,0.06607,212.96,173.61,-343.68,3206.99,2614.36,-5175.37
4,9,0.07452,239.58,195.31,-386.64,3149.10,2567.16,-5081.95
4,10,0.08289,266.20,217.01,-429.60,3183.58,2595.27,-5137.59
4,11,0.09137,273.47,222.87,-441.32,856.47,690.25,-1382.37
4,12,0.09958,280.75,228.60,-453.07,886.99,698.12,-1430.86
4,13,0.10791,288.05,234.20,-464.84,875.46,672.89,-1412.45
4,14,0.11594,295.35,239.69,-476.63,910.27,682.90,-1468.82
4,15,0.12427,302.67,245.04,-488.44,878.75,642.88,-1417.58
4,16,0.13272,310.01,250.27,-500.27,867.51,618.81,-1399.64
4,17,0.14114,317.35,255.38,-512.12,872.10,606.21,-1407.25
4,18,0.14957,324.71,260.36,-524.00,873.91,591.37,-1409.78
4,19,0.15771,332.09,265.22,-535.89,904.87,595.96,-1459.93
4,20,0.16602,339.47,269.95,-547.81,889.71,569.94,-1435.66
4,21,0.17444,346.87,274.55,-559.75,878.62,546.85,-1417.39
4,22,0.18311,354.28,279.03,-571.71,855.28,517.02,-1379.93
4,23,0.19110,361.71,283.39,-583.69,928.63,544.80,-1498.47
4,24,0.19989,369.15,287.62,-595.69,846.53,481.39,-1365.62
4,25,0.20789,376.60,291.73,-607.71,932.06,513.53,-1503.82
4,26,0.21640,384.07,295.71,-619.76,876.70,467.56,-1414.70
4,27,0.22437,391.55,299.56,-631.83,939.08,484.11,-1514.94
4,28,0.23294,399.04,303.29,-643.91,873.67,435.08,-1409.61
4,29,0.24127,406.54,306.90,-656.02,900.73,432.82,-1453.48
5,0,0.00000,0.00,0.00,0.00,0.00,0.00,0.00
5,1,0.00800,-38.62,-20.52,-33.36,-4829.77,-2566.19,-4171.76
5,2,0.01627,-77.23,-41.04,-66.71,-4669.37,-2480.97,-4033.21
5,3,0.02484,-115.85,-61.55,-100.07,-4503.20,-2392.68,-3889.68
5,4,0.03311,-154.47,-82.07,-133.42,-4669.37,-2480.97,-4033.21
5,5,0.04138,-193.08,-102.59,-166.78,-4669.37,-2480.97,-4033.21
5,6,0.04956,-231.70,-123.11,-200.13,-4721.64,-2508.74,-4078.36
5,7,0.05804,-270.32,-143.63,-233.49,-4551.80,-2418.50,-3931.65
5,8,0.06635,-308.94,-164.15,-266.85,-4652.21,-2471.85,-4018.38
5,9,0.07462,-347.55,-184.66,-300.20,-4669.37,-2480.97,-4033.21
5,10,0.08322,-386.17,-205.18,-333.56,-4487.23,-2384.19,-3875.89
5,11,0.09125,-396.71,-210.84,-342.66,-1313.31,-704.99,-1134.60
5,12,0.09970,-407.27,-216.62,-351.79,-1249.10,-684.15,-1079.06
5,13,0.10803,-417.85,-222.53,-360.92,-1269.96,-709.17,-1096.70
5,14,0.11646,-428.45,-228.57,-370.08,-1258.33,-716.31,-1086.96
5,15,0.12469,-439.07,-234.72,-379.25,-1288.52,-747.40,-1112.96
5,16,0.13297,-449.70,-241.01,-388.43,-1285.98,-759.76,-1110.70
5,17,0.14148,-460.36,-247.42,-397.64,-1251.61,-752.65,-1081.00
5,18,0.14987,-471.03,-253.95,-406.86,-1272.00,-778.49,-1098.55
5,19,0.15811,-481.73,-260.61,-416.09,-1297.78,-808.08,-1120.74
5,20,0.16641,-492.44,-267.39,-425.34,-1290.44,-817.20,-1114.71
5,21,0.17465,-503.17,-274.30,-434.61,-1302.22,-838.42,-1124.81
5,22,0.18314,-513.92,-281.33,-443.90,-1267.27,-829.03,-1094.60
5,23,0.19153,-524.69,-288.49,-453.20,-1283.27,-852.97,-1108.36
5,24,0.19971,-535.48,-295.77,-462.52,-1319.03,-890.53,-1139.18
5,25,0.20822,-546.28,-303.18,-471.85,-1269.18,-870.10,-1096.42
5,26,0.21646,-557.11,-310.72,-481.20,-1313.70,-914.27,-1134.81
5,27,0.22513,-567.95,-318.37,-490.57,-1251.41,-883.63,-1080.63
6,0,0.00000,0.00,0.00,0.00,0.00,0.00,0.00
6,1,0.00790,-45.56,-15.31,-26.74,-5763.71,-1937.48,-3383.40
6,2,0.01633,-91.11,-30.63,-53.49,-5408.70,-1818.14,-3175.00
6,3,0.02457,-136.67,-45.94,-80.23,-5528.89,-1858.54,-3245.56
6,4,0.03281,-182.23,-61.26,-106.97,-5528.89,-1858.54,-3245.56
6,5,0.04108,-227.78,-76.57,-133.71,-5508.49,-1851.68,-3233.58
6,6,0.04971,-273.34,-91.88,-160.46,-5274.91,-1773.17,-3096.47
6,7,0.05817,-318.90,-107.20,-187.20,-5389.17,-1811.57,-3163.54
6,8,0.06653,-364.45,-122.51,-213.94,-5448.18,-1831.41,-3198.18
6,9,0.07474,-410.01,-137.83,-240.68,-5549.44,-1865.45,-3257.62
6,10,0.08301,-455.57,-153.14,-267.43,-5508.49,-1851.68,-3233.58
6,11,0.09143,-468.00,-157.38,-274.73,-1476.45,-503.28,-866.67
6,12,0.09985,-480.46,-161.74,-282.04,-1478.99,-518.12,-868.12
6,13,0.10831,-492.94,-166.23,-289.36,-1476.17,-531.04,-866.43
6,14,0.11636,-505.44,-170.85,-296.70,-1551.52,-572.70,-910.61
6,15,0.12473,-517.96,-175.58,-304.05,-1497.45,-566.75,-878.83
6,16,0.13287,-530.50,-180.45,-311.41,-1539.33,-596.95,-903.75
6,17,0.14130,-543.07,-185.44,-318.79,-1491.67,-592.32,-875.72
6,18,0.14969,-555.65,-190.55,-326.17,-1499.64,-609.37,-880.36
6,19,0.15793,-568.26,-195.79,-333.58,-1530.00,-635.83,-898.15
6,20,0.16632,-580.89,-201.15,-340.99,-1504.73,-639.16,-883.27
6,21,0.17477,-593.54,-206.64,-348.41,-1496.75,-649.33,-878.34
6,22,0.18314,-606.21,-212.26,-355.85,-1515.69,-671.39,-889.42
6,23,0.19168,-618.91,-218.00,-363.30,-1485.71,-671.64,-872.14
6,24,0.19998,-631.63,-223.86,-370.77,-1531.99,-706.45,-899.26
6,25,0.20813,-644.49,-229.91,-378.31,-1578.28,-742.20,-926.22
6,26,0.21643,-657.24,-236.02,-385.80,-1537.13,-736.71,-902.21
6,27,0.22470,-670.03,-242.26,-393.30,-1545.39,-754.54,-907.01
6,28,0.23294,-682.83,-248.63,-400.82,-1553.70,-772.51,-911.85
6,29,0.24118,-695.65,-255.12,-408.34,-1556.30,-787.68,-913.33
7,0,0.00000,0.00,0.00,0.00,0.00,0.00,0.00
7,1,0.00804,12.84,-24.12,-47.73,1597.34,-2999.09,-5935.86
7,2,0.01653,25.69,-48.23,-95.47,1514.03,-2842.66,-5626.26
7,3,0.02467,38.53,-72.35,-143.20,1576.40,-2959.77,-5858.05
7,4,0.03304,51.38,-96.47,-190.93,1536.13,-2884.16,-5708.39
7,5,0.04131,64.22,-120.58,-238.66,1553.14,-2916.09,-5771.59
7,6,0.04953,77.07,-144.70,-286.40,1561.78,-2932.32,-5803.71
7,7,0.05794,89.91,-168.82,-334.13,1527.77,-2868.46,-5677.31
7,8,0.06644,102.76,-192.93,-381.86,1511.31,-2837.56,-5616.16
7,9,0.07457,115.60,-217.05,-429.59,1579.36,-2965.33,-5869.04
7,10,0.08295,128.45,-241.17,-477.33,1533.33,-2878.90,-5698.00
7,11,0.09134,131.95,-247.81,-490.36,417.82,-791.18,-1552.73
7,12,0.09961,135.47,-254.57,-503.41,424.72,-817.97,-1578.60
7,13,0.10800,138.99,-261.46,-516.49,419.27,-820.97,-1558.55
7,14,0.11629,142.51,-268.48,-529.59,425.41,-846.63,-1581.22
7,15,0.12466,146.04,-275.62,-542.72,421.49,-852.31,-1566.85
7,16,0.13326,149.58,-282.88,-555.87,412.08,-845.66,-1530.73
7,17,0.14146,153.13,-290.27,-569.04,431.97,-900.19,-1604.83
7,18,0.14958,156.68,-297.79,-582.24,437.59,-925.73,-1625.94
7,19,0.15794,160.24,-305.43,-595.47,425.55,-913.65,-1581.39
7,20,0.16632,163.80,-313.19,-608.71,425.50,-926.91,-1581.42
7,21,0.17473,167.37,-321.08,-621.98,424.68,-938.42,-1578.58
7,22,0.18314,170.95,-329.10,-635.28,425.41,-953.28,-1581.49
7,23,0.19156,174.53,-337.24,-648.60,425.36,-966.40,-1581.52
7,24,0.19958,178.12,-345.50,-661.95,447.53,-1029.74,-1662.74
7,25,0.20796,181.72,-353.89,-675.31,429.51,-1001.52,-1595.63
7,26,0.21637,185.33,-362.41,-688.71,428.68,-1012.76,-1592.74
7,27,0.22476,188.94,-371.04,-702.12,430.18,-1029.49,-1598.55
7,28,0.23306,192.55,-379.81,-715.56,435.66,-1055.91,-1619.12
7,29,0.24162,195.17,-388.70,-728.25,305.88,-1038.51,-1482.35
8,0,0.00000,0.00,0.00,0.00,0.00,0.00,0.00
8,1,0.00839,27.53,-33.15,-34.18,3280.00,-3950.47,-4072.36
8,2,0.01674,55.05,-66.31,-68.35,3297.99,-3972.14,-4094.70
8,3,0.02505,82.58,-99.46,-102.53,3310.09,-3986.71,-4109.72
8,4,0.03331,110.11,-132.61,-136.71,3334.57,-4016.20,-4140.11
8,5,0.04161,137.63,-165.77,-170.88,3316.18,-3994.04,-4117.28
8,6,0.04993,165.16,-198.92,-205.06,3310.09,-3986.72,-4109.72
8,7,0.05827,192.69,-232.08,-239.24,3297.99,-3972.14,-4094.70
8,8,0.06657,220.21,-265.23,-273.41,3316.18,-3994.05,-4117.28
8,9,0.07492,247.74,-298.38,-307.59,3297.99,-3972.14,-4094.70
8,10,0.08319,275.27,-331.54,-341.77,3328.41,-4008.79,-4132.47
8,11,0.09155,282.79,-340.64,-351.10,898.91,-1088.80,-1116.06
8,12,0.09973,290.32,-349.87,-360.45,920.90,-1128.46,-1143.28
8,13,0.10823,297.86,-359.23,-369.82,887.97,-1100.62,-1102.33
8,14,0.11653,305.43,-368.70,-379.21,911.03,-1141.99,-1131.25
8,15,0.12509,313.00,-378.31,-388.62,885.20,-1121.98,-1099.11
8,16,0.13325,320.63,-388.08,-398.09,934.21,-1197.06,-1160.00
8,17,0.14174,328.24,-397.94,-407.53,896.76,-1161.61,-1113.67
8,18,0.14999,335.86,-407.92,-417.00,923.48,-1208.96,-1146.77
8,19,0.15834,343.50,-418.02,-426.49,915.54,-1210.67,-1136.75
8,20,0.16669,351.23,-428.35,-436.09,926.14,-1237.52,-1149.91
8,21,0.17505,358.91,-438.71,-445.61,917.52,-1238.50,-1139.42
8,22,0.18335,366.76,-449.41,-455.36,945.96,-1290.02,-1174.63
8,23,0.19171,374.46,-460.02,-464.93,921.17,-1268.72,-1144.16
8,24,0.20015,379.95,-470.76,-471.14,650.99,-1272.07,-735.99
9,0,0.00000,0.00,0.00,0.00,0.00,0.00,0.00
9,1,0.00797,29.36,-45.42,-9.99,3686.21,-5702.71,-1254.02
9,2,0.01636,58.72,-90.85,-19.98,3498.55,-5412.39,-1190.18
9,3,0.02490,88.08,-136.27,-29.97,3436.07,-5315.74,-1168.93
9,4,0.03311,117.44,-181.69,-39.95,3576.58,-5533.11,-1216.73
9,5,0.04166,146.80,-227.11,-49.94,3436.07,-5315.74,-1168.93
9,6,0.05014,176.17,-272.54,-59.93,3460.79,-5353.98,-1177.34
9,7,0.05890,205.53,-317.96,-69.92,3352.26,-5186.09,-1140.42
9,8,0.06729,234.89,-363.38,-79.91,3498.55,-5412.39,-1190.18
9,9,0.07513,264.25,-408.80,-89.90,3743.58,-5791.47,-1273.54
9,10,0.08383,293.61,-454.23,-99.88,3375.79,-5222.48,-1148.42
9,11,0.09204,301.63,-466.68,-102.61,976.95,-1516.64,-332.34
9,12,0.10022,309.67,-479.25,-105.35,983.58,-1537.59,-334.70
9,13,0.10837,317.74,-491.95,-108.09,989.89,-1558.69,-336.70
9,14,0.11633,325.83,-504.78,-110.85,1015.71,-1610.21,-345.59
9,15,0.12515,333.94,-517.73,-113.61,920.07,-1468.38,-313.15
9,16,0.13342,342.08,-530.80,-116.38,984.13,-1581.03,-334.69
9,17,0.14127,350.24,-544.00,-119.15,1040.47,-1683.09,-354.09
9,18,0.14981,358.43,-557.33,-121.94,957.86,-1559.46,-325.71
9,19,0.15823,366.64,-570.78,-124.73,974.64,-1596.91,-331.52
9,20,0.16687,374.87,-584.36,-127.53,953.36,-1571.88,-324.38
9,21,0.17505,383.13,-598.06,-130.34,1009.33,-1675.14,-343.28
9,22,0.18338,391.41,-611.88,-133.15,993.77,-1659.47,-338.10
9,23,0.19141,399.71,-625.83,-135.98,1034.60,-1738.14,-352.09
9,24,0.19965,408.04,-639.91,-138.81,1010.74,-1708.25,-343.70
9,25,0.20816,416.39,-654.11,-141.65,980.65,-1667.82,-333.69
9,26,0.21637,424.76,-668.43,-144.50,1020.07,-1745.05,-347.21
9,27,0.22498,432.98,-680.66,-147.26,954.61,-1420.33,-319.86
10,0,0.00000,0.00,0.00,0.00,0.00,0.00,0.00
10,1,0.00800,-1.24,-32.14,-44.61,-154.96,-4019.82,-5579.77
10,2,0.01627,-2.48,-64.28,-89.23,-149.82,-3886.31,-5394.46
10,3,0.02490,-3.72,-96.42,-133.84,-143.46,-3721.53,-5165.72
10,4,0.03317,-4.96,-128.56,-178.45,-149.82,-3886.31,-5394.46
10,5,0.04132,-6.20,-160.70,-223.07,-152.06,-3944.54,-5475.28
10,6,0.04968,-7.43,-192.85,-267.68,-148.18,-3843.76,-5335.40
10,7,0.05792,-8.67,-224.99,-312.30,-150.37,-3900.71,-5414.44
10,8,0.06671,-9.91,-257.13,-356.91,-140.97,-3656.91,-5076.04
10,9,0.07523,-11.15,-289.27,-401.52,-145.52,-3774.88,-5239.78
10,10,0.08298,-12.39,-321.41,-446.14,-159.84,-4146.42,-5755.51
10,11,0.09134,-12.73,-330.24,-458.32,-40.51,-1055.77,-1456.57
10,12,0.09964,-13.07,-339.19,-470.52,-40.81,-1078.59,-1470.22
10,13,0.10812,-9.07,-348.27,-472.01,471.22,-1070.05,-175.90
10,14,0.11664,-2.84,-357.47,-468.91,732.26,-1080.89,363.80
10,15,0.12473,4.79,-366.80,-463.84,943.40,-1153.45,627.17
10,16,0.13297,13.10,-376.25,-458.54,1008.15,-1147.26,642.96
10,17,0.14133,21.72,-385.83,-453.78,1031.02,-1145.46,570.44
10,18,0.14960,30.43,-395.53,-449.88,1053.14,-1173.26,470.48
10,19,0.15799,39.14,-405.36,-446.92,1037.82,-1171.09,352.73
10,20,0.16635,47.74,-415.32,-444.98,1027.74,-1190.31,232.85
10,21,0.17487,56.09,-425.39,-444.13,981.00,-1183.66,98.92
10,22,0.18317,64.25,-435.60,-444.22,983.82,-1229.18,-10.66
10,23,0.19113,72.35,-445.92,-445.03,1016.48,-1296.68,-100.77
10,24,0.19955,80.39,-456.38,-446.49,953.99,-1241.05,-174.28
10,25,0.20798,88.35,-466.96,-448.62,945.29,-1255.89,-252.54
10,26,0.21649,96.21,-477.66,-451.40,923.66,-1257.07,-326.52
10,27,0.22482,103.96,-488.49,-454.84,929.30,-1299.70,-412.45
10,28,0.23349,111.55,-499.44,-458.92,876.41,-1263.78,-471.13
11,0,0.00000,0.00,0.00,0.00,0.00,0.00,0.00
11,1,0.00763,-27.57,-25.34,-40.28,-3614.00,-3321.67,-5279.60
11,2,0.01605,-55.15,-50.68,-80.56,-3273.55,-3008.76,-4782.25
11,3,0.02429,-82.72,-76.03,-120.84,-3346.30,-3075.62,-4888.52
11,4,0.03265,-110.29,-101.37,-161.12,-3297.45,-3030.72,-4817.15
11,5,0.04111,-137.86,-126.71,-201.40,-3261.73,-2997.90,-4764.98
11,6,0.04935,-165.44,-152.05,-241.68,-3346.30,-3075.62,-4888.52
11,7,0.05771,-193.01,-177.40,-281.96,-3297.45,-3030.72,-4817.15
11,8,0.06619,-220.58,-202.74,-322.24,-3250.00,-2987.11,-4747.84
11,9,0.07434,-248.15,-228.08,-362.52,-3383.90,-3110.18,-4943.45
11,10,0.08298,-275.73,-253.42,-402.80,-3192.58,-2934.34,-4663.96
11,11,0.09091,-283.25,-260.40,-413.80,-948.46,-878.94,-1385.77
11,12,0.09937,-290.79,-267.50,-424.81,-892.06,-839.78,-1303.25
11,13,0.10760,-298.35,-274.72,-435.85,-917.04,-876.73,-1339.63
11,14,0.11600,-305.92,-282.07,-446.91,-901.82,-875.68,-1317.45
11,15,0.12439,-313.50,-289.54,-457.99,-903.64,-890.58,-1320.00
11,16,0.13275,-321.10,-297.14,-469.09,-908.76,-908.78,-1327.37
11,17,0.14108,-328.71,-304.87,-480.21,-913.55,-927.11,-1334.80
11,18,0.14957,-336.34,-312.72,-491.35,-898.92,-925.17,-1312.95
11,19,0.15762,-343.98,-320.69,-502.51,-948.11,-989.75,-1385.23
11,20,0.16617,-351.63,-328.79,-513.69,-895.71,-947.82,-1308.57
11,21,0.17432,-359.30,-337.01,-524.89,-941.20,-1009.31,-1374.91
11,22,0.18295,-366.98,-345.36,-536.11,-889.40,-966.72,-1299.65
11,23,0.19110,-374.68,-353.84,-547.36,-944.57,-1039.99,-1379.78
11,24,0.19949,-382.39,-362.43,-558.62,-918.91,-1024.63,-1342.18
11,25,0.20782,-390.11,-371.16,-569.91,-927.11,-1047.14,-1354.58
11,26,0.21634,-397.85,-380.01,-581.21,-908.96,-1039.30,-1327.96
11,27,0.22455,-405.61,-388.98,-592.54,-944.61,-1093.17,-1379.55
11,28,0.23300,-413.37,-398.08,-603.88,-918.77,-1076.38,-1342.24
11,29,0.24100,-421.15,-407.31,-615.25,-973.28,-1153.64,-1421.76
12,0,0.00000,0.00,0.00,0.00,0.00,0.00,0.00
12,1,0.00833,-26.28,-26.03,-40.70,-3154.21,-3124.58,-4885.71
12,2,0.01657,-52.56,-52.06,-81.41,-3189.26,-3159.29,-4940.00
12,3,0.02496,-78.84,-78.10,-122.11,-3131.27,-3101.85,-4850.18
12,4,0.03323,-105.26,-104.27,-163.03,-3194.46,-3164.41,-4947.97
12,5,0.04144,-131.53,-130.30,-203.74,-3201.12,-3171.04,-4958.36
12,6,0.04984,-157.81,-156.33,-244.44,-3131.27,-3101.85,-4850.18
12,7,0.05814,-184.09,-182.36,-285.15,-3165.81,-3136.06,-4903.68
12,8,0.06653,-210.37,-208.39,-325.85,-3131.27,-3101.85,-4850.18
12,9,0.07471,-236.65,-234.42,-366.56,-3213.06,-3182.87,-4976.87
12,10,0.08316,-262.93,-260.46,-407.26,-3108.66,-3079.46,-4815.16
12,11,0.09137,-270.10,-267.62,-418.37,-873.98,-872.44,-1353.53
12,12,0.09982,-277.29,-274.91,-429.50,-850.18,-862.03,-1316.97
12,13,0.10806,-284.49,-282.32,-440.66,-874.07,-899.55,-1353.70
12,14,0.11652,-291.71,-289.85,-451.83,-853.43,-891.61,-1322.02
12,15,0.12479,-298.93,-297.52,-463.03,-873.80,-926.46,-1353.87
12,16,0.13327,-306.17,-305.30,-474.25,-853.60,-917.87,-1322.30
12,17,0.14145,-313.43,-313.22,-485.49,-886.94,-967.40,-1373.88
12,18,0.14990,-320.70,-321.25,-496.74,-859.93,-950.76,-1331.77
12,19,0.15820,-327.98,-329.42,-508.02,-877.21,-983.29,-1358.82
12,20,0.16666,-335.28,-337.70,-519.32,-863.18,-980.33,-1336.82
12,21,0.17502,-342.58,-346.11,-530.65,-874.09,-1006.01,-1354.01
12,22,0.18332,-349.91,-354.65,-541.99,-881.99,-1028.47,-1366.54
12,23,0.19153,-357.24,-363.31,-553.35,-893.68,-1055.17,-1384.39
12,24,0.19998,-364.59,-372.10,-564.74,-869.31,-1039.48,-1346.93
12,25,0.20819,-371.95,-381.01,-576.14,-897.03,-1085.62,-1389.22
12,26,0.21658,-379.33,-390.05,-587.57,-878.91,-1076.83,-1361.45
12,27,0.22491,-386.72,-399.21,-599.02,-887.18,-1099.72,-1373.99
12,28,0.23328,-393.52,-408.50,-608.38,-812.77,-1110.66,-1119.71
13,0,0.00000,0.00,0.00,0.00,0.00,0.00,0.00
13,1,0.00839,-24.13,-37.48,-32.21,-2875.64,-4466.41,-3838.18
13,2,0.01663,-48.27,-74.97,-64.42,-2928.89,-4549.13,-3909.26
13,3,0.02505,-72.40,-112.45,-96.63,-2865.22,-4450.23,-3824.28
13,4,0.03314,-96.53,-149.93,-128.85,-2984.15,-4634.96,-3983.02
13,5,0.04150,-120.67,-187.42,-161.06,-2886.13,-4482.72,-3852.19
13,6,0.04971,-144.80,-224.90,-193.27,-2939.78,-4566.04,-3923.79
13,7,0.05811,-168.93,-262.39,-225.48,-2875.64,-4466.41,-3838.18
13,8,0.06631,-193.07,-299.87,-257.69,-2939.78,-4566.04,-3923.79
13,9,0.07477,-217.20,-337.35,-289.90,-2854.87,-4434.17,-3810.47
13,10,0.08295,-241.33,-374.84,-322.11,-2950.75,-4583.07,-3938.43
13,11,0.09143,-247.92,-385.12,-330.91,-776.62,-1212.33,-1036.69
13,12,0.09967,-254.53,-395.53,-339.72,-801.48,-1263.43,-1069.63
13,13,0.10818,-256.61,-406.07,-341.08,-244.44,-1237.35,-159.86
13,14,0.11649,-254.60,-416.73,-335.63,241.91,-1284.25,657.35
13,15,0.12494,-251.96,-427.51,-329.03,312.27,-1275.86,780.87
13,16,0.13333,-249.66,-438.42,-322.89,274.18,-1300.03,731.64
13,17,0.14175,-247.80,-449.46,-317.38,220.29,-1310.16,653.26
13,18,0.15002,-246.44,-460.62,-312.60,164.58,-1349.45,577.86
13,19,0.15848,-245.58,-471.90,-308.56,101.81,-1335.01,478.70
13,20,0.16672,-244.83,-483.31,-304.57,91.48,-1384.79,484.44
13,21,0.17511,-244.81,-494.85,-301.73,1.82,-1374.51,337.82
13,22,0.18338,-245.38,-506.51,-299.77,-68.27,-1409.91,236.90
13,23,0.19183,-246.39,-518.30,-298.47,-119.86,-1394.16,153.43
13,24,0.20010,-247.73,-530.21,-297.61,-161.62,-1440.14,104.06
13,25,0.20856,-249.61,-542.24,-297.61,-222.74,-1423.73,0.36
13,26,0.21677,-251.44,-554.40,-297.38,-223.05,-1481.30,28.62
13,27,0.22519,-253.56,-566.69,-297.55,-251.09,-1458.57,-20.29
13,28,0.23337,-256.12,-579.10,-298.45,-313.43,-1517.39,-110.45
13,29,0.24179,-259.01,-591.63,-299.86,-342.75,-1488.25,-167.03
14,0,0.00000,0.00,0.00,0.00,0.00,0.00,0.00
14,1,0.00836,-28.41,-30.42,-35.95,-3397.45,-3638.21,-4299.64
14,2,0.01672,-56.82,-60.84,-71.91,-3397.45,-3638.21,-4299.64
14,3,0.02502,-85.23,-91.27,-107.86,-3422.43,-3664.96,-4331.25
14,4,0.03320,-113.64,-121.69,-143.81,-3473.51,-3719.66,-4395.90
14,5,0.04144,-142.04,-152.11,-179.76,-3447.78,-3692.11,-4363.33
14,6,0.04987,-170.45,-182.53,-215.72,-3372.83,-3611.84,-4268.48
14,7,0.05811,-198.86,-212.95,-251.67,-3447.78,-3692.11,-4363.33
14,8,0.06647,-227.27,-243.38,-287.62,-3397.45,-3638.21,-4299.64
14,9,0.07465,-255.68,-273.80,-323.57,-3473.51,-3719.66,-4395.90
14,10,0.08307,-284.09,-304.22,-359.53,-3372.83,-3611.84,-4268.48
14,11,0.09155,-291.84,-312.58,-369.34,-914.03,-985.43,-1156.83
14,12,0.09991,-299.61,-321.06,-379.18,-929.20,-1014.67,-1176.28
14,13,0.10828,-307.40,-329.67,-389.03,-931.02,-1029.62,-1178.47
14,14,0.11664,-315.20,-338.41,-398.90,-932.85,-1044.57,-1180.66
14,15,0.12494,-315.15,-347.27,-399.30,5.51,-1067.31,-48.16
14,16,0.13330,-311.10,-356.25,-394.98,484.31,-1074.46,516.79
14,17,0.14172,-305.90,-365.36,-389.40,617.75,-1081.52,662.68
14,18,0.15015,-300.65,-374.60,-383.87,623.55,-1096.36,656.88
14,19,0.15845,-295.79,-383.96,-378.90,584.56,-1127.54,598.90
14,20,0.16693,-291.51,-393.44,-374.67,505.40,-1117.94,498.56
14,21,0.17511,-287.87,-403.05,-371.26,444.40,-1174.94,416.79
14,22,0.18359,-284.69,-412.78,-368.44,375.18,-1147.41,332.73
14,23,0.19183,-281.75,-422.64,-365.95,356.67,-1196.58,301.48
14,24,0.20020,-279.00,-432.63,-363.75,329.20,-1194.06,263.87
14,25,0.20844,-276.43,-442.74,-361.81,311.48,-1226.92,234.44
14,26,0.21686,-274.04,-452.97,-360.14,284.06,-1215.09,198.19
14,27,0.22510,-271.84,-463.33,-358.75,267.41,-1257.26,169.26
14,28,0.23352,-269.81,-473.82,-357.62,240.58,-1244.77,134.06
14,29,0.24164,-268.00,-484.43,-356.78,223.31,-1306.96,103.01
15,0,0.00000,0.00,0.00,0.00,0.00,0.00,0.00
15,1,0.00793,49.27,1.59,24.39,6209.62,200.78,3074.23
15,2,0.01654,98.54,3.19,48.79,5725.18,185.12,2834.40
15,3,0.02502,147.81,4.78,73.18,5807.55,187.78,2875.18
15,4,0.03339,197.08,6.37,97.57,5892.34,190.52,2917.15
15,5,0.04199,246.35,7.97,121.96,5725.18,185.12,2834.40
15,6,0.04968,295.66,9.56,146.37,6411.51,207.32,3174.21
15,7,0.05817,344.93,11.15,170.77,5807.55,187.78,2875.18
15,8,0.06644,394.20,12.75,195.16,5957.56,192.63,2949.45
15,9,0.07507,443.47,14.34,219.55,5704.95,184.46,2824.38
15,10,0.08334,492.74,15.93,243.95,5957.56,192.63,2949.45
15,11,0.09161,506.19,16.30,250.60,1626.20,44.98,805.17
15,12,0.10001,519.66,16.55,257.27,1605.09,29.43,794.55
15,13,0.10818,533.15,16.67,263.95,1649.63,14.91,816.79
15,14,0.11624,546.67,16.67,270.65,1677.65,-0.37,830.68
15,15,0.12463,560.21,16.54,277.35,1613.09,-15.26,798.55
15,16,0.13297,573.77,16.29,284.06,1627.47,-30.37,805.86
15,17,0.14133,587.35,15.91,290.79,1624.45,-45.21,804.38
15,18,0.14975,600.96,15.41,297.52,1615.22,-59.72,799.64
15,19,0.15811,614.58,14.78,304.27,1629.56,-75.11,806.93
15,20,0.16638,628.23,14.03,311.03,1650.55,-91.05,817.34
15,21,0.17459,641.90,13.15,317.80,1665.43,-106.96,824.54
15,22,0.18335,655.60,12.15,324.58,1563.41,-114.52,774.22
15,23,0.19138,669.31,11.02,331.37,1709.13,-140.55,846.01
15,24,0.19983,683.05,9.77,338.17,1625.27,-148.23,804.69
15,25,0.20795,696.81,8.39,344.99,1695.11,-169.76,839.47
15,26,0.21631,710.60,6.88,351.81,1648.54,-179.75,816.06
15,27,0.22479,724.40,5.26,358.65,1627.34,-191.90,805.76
15,28,0.23300,738.23,3.50,365.49,1684.39,-213.55,834.20
15,29,0.24130,752.08,1.62,372.35,1668.75,-226.25,826.10
16,0,0.00000,0.00,0.00,0.00,0.00,0.00,0.00
16,1,0.00818,-42.15,0.00,-26.90,-5153.36,0.00,-3288.81
16,2,0.01642,-84.30,0.00,-53.80,-5115.19,0.00,-3264.44
16,3,0.02454,-126.44,0.00,-80.69,-5192.11,0.00,-3313.53
16,4,0.03293,-168.59,0.00,-107.59,-5022.18,0.00,-3205.09
16,5,0.04147,-210.74,0.00,-134.49,-4932.50,0.00,-3147.86
16,6,0.04962,-252.89,0.00,-161.39,-5172.66,0.00,-3301.12
16,7,0.05817,-295.03,0.00,-188.29,-4932.50,0.00,-3147.86
16,8,0.06631,-337.18,0.00,-215.19,-5172.66,0.00,-3301.12
16,9,0.07574,-380.35,0.00,-242.74,-4577.67,0.00,-2921.68
16,10,0.08411,-422.50,0.00,-269.64,-5040.51,0.00,-3216.79
16,11,0.09204,-422.50,0.00,-269.64,0.00,0.00,0.00
16,12,0.10065,-423.09,-0.08,-270.01,-68.79,-9.81,-43.97
16,13,0.10907,-433.65,-1.58,-276.75,-1253.62,-178.09,-800.00
16,14,0.11722,-444.25,-3.08,-283.52,-1301.12,-184.09,-830.34
16,15,0.12558,-454.90,-4.58,-290.31,-1272.99,-179.39,-812.41
16,16,0.13406,-465.58,-6.08,-297.13,-1259.71,-176.81,-803.96
16,17,0.14212,-476.31,-7.58,-303.98,-1331.82,-186.19,-850.00
16,18,0.14987,-487.08,-9.08,-310.86,-1389.76,-193.52,-887.01
16,19,0.15805,-497.90,-10.58,-317.76,-1322.01,-183.41,-843.66
16,20,0.16653,-508.75,-12.08,-324.68,-1279.50,-176.81,-816.55
16,21,0.17465,-519.65,-13.58,-331.64,-1342.48,-184.79,-856.77
16,22,0.18332,-530.59,-15.08,-338.62,-1262.32,-173.07,-805.63
16,23,0.19122,-541.57,-16.58,-345.63,-1389.58,-189.78,-886.87
16,24,0.19977,-552.60,-18.08,-352.66,-1290.00,-175.55,-823.21
16,25,0.20813,-563.66,-19.58,-359.73,-1323.36,-179.39,-844.53
16,26,0.21634,-574.77,-21.08,-366.82,-1353.16,-182.73,-863.57
16,27,0.22464,-585.92,-22.58,-373.93,-1343.38,-180.71,-857.35
16,28,0.23291,-597.12,-24.08,-381.08,-1353.51,-181.38,-863.84
16,29,0.24170,-608.35,-25.58,-388.25,-1278.12,-170.67,-815.97
17,0,0.00000,0.00,0.00,0.00,0.00,0.00,0.00
17,1,0.00848,-25.94,0.00,-42.74,-3057.91,0.00,-5038.13
17,2,0.01642,-51.89,0.00,-85.49,-3269.62,0.00,-5386.92
17,3,0.02466,-77.83,0.00,-128.23,-3148.52,0.00,-5187.41
17,4,0.03293,-103.77,0.00,-170.97,-3136.90,0.00,-5168.27
17,5,0.04141,-129.71,0.00,-213.71,-3057.91,0.00,-5038.13
17,6,0.04968,-155.66,0.00,-256.46,-3136.90,0.00,-5168.27
17,7,0.05804,-181.60,0.00,-299.20,-3102.55,0.00,-5111.68
17,8,0.06641,-207.54,0.00,-341.94,-3102.55,0.00,-5111.68
17,9,0.07480,-233.49,0.00,-384.69,-3091.27,0.00,-5093.09
17,10,0.08325,-259.43,0.00,-427.43,-3068.95,0.00,-5056.32
17,11,0.09116,-259.43,0.00,-427.43,0.00,0.00,0.00
17,12,0.09964,-259.43,0.00,-427.43,0.00,0.00,0.00
17,13,0.10809,-265.93,-1.50,-438.14,-768.59,-177.45,-1266.79
17,14,0.11639,-272.45,-3.00,-448.89,-786.03,-180.71,-1295.22
17,15,0.12494,-279.00,-4.50,-459.68,-766.43,-175.55,-1263.21
17,16,0.13290,-285.58,-6.00,-470.52,-825.67,-188.33,-1360.54
17,17,0.14127,-292.18,-7.50,-481.40,-789.42,-179.39,-1301.09
17,18,0.14966,-298.81,-9.00,-492.32,-789.82,-178.74,-1301.45
17,19,0.15823,-305.46,-10.50,-503.29,-775.80,-174.92,-1278.65
17,20,0.16647,-312.14,-12.00,-514.29,-810.74,-182.05,-1335.93
17,21,0.17468,-318.84,-13.50,-525.34,-816.73,-182.73,-1346.10
17,22,0.18295,-325.58,-15.00,-536.44,-814.02,-181.38,-1341.33
17,23,0.19165,-332.33,-16.50,-547.57,-776.84,-172.47,-1280.35
17,24,0.19998,-339.12,-18.00,-558.75,-814.29,-180.05,-1341.76
17,25,0.20807,-345.93,-19.50,-569.97,-841.89,-185.48,-1387.55
17,26,0.21658,-352.76,-21.00,-581.24,-802.87,-176.18,-1322.94
17,27,0.22458,-359.62,-22.50,-592.54,-858.02,-187.61,-1414.12
17,28,0.23291,-366.51,-24.00,-603.89,-826.74,-180.05,-1362.27
17,29,0.24136,-373.42,-25.50,-615.29,-817.69,-177.45,-1347.65
18,0,0.00000,0.00,0.00,0.00,0.00,0.00,0.00
18,1,0.00757,44.70,0.26,32.05,5905.65,33.86,4235.08
18,2,0.01624,89.39,0.51,64.11,5157.04,29.57,3698.24
18,3,0.02435,134.09,0.77,96.16,5506.02,31.57,3948.50
18,4,0.03305,178.78,1.03,128.21,5138.95,29.47,3685.26
18,5,0.04120,223.48,1.28,160.26,5485.39,31.45,3933.71
18,6,0.04941,268.18,1.54,192.32,5444.61,31.22,3904.46
18,7,0.05768,312.87,1.79,224.37,5404.43,30.99,3875.65
18,8,0.06619,357.57,2.05,256.42,5249.46,30.10,3764.52
18,9,0.07431,402.26,2.31,288.47,5506.02,31.57,3948.50
18,10,0.08310,446.96,2.56,320.53,5085.42,29.16,3646.88
18,11,0.09131,459.16,2.57,329.28,1486.25,0.90,1065.80
18,12,0.09961,471.38,2.45,338.04,1472.06,-14.17,1055.88
18,13,0.10782,483.62,2.21,346.82,1491.08,-29.55,1069.14
18,14,0.11615,495.88,1.84,355.61,1471.79,-44.12,1055.31
18,15,0.12503,508.16,1.35,364.42,1382.82,-55.47,991.75
18,16,0.13263,520.47,0.73,373.24,1618.88,-81.28,1161.04
18,17,0.14130,532.79,-0.01,382.07,1421.83,-85.68,1019.37
18,18,0.14932,545.13,-0.88,390.92,1537.64,-108.10,1102.66
18,19,0.15823,557.49,-1.87,399.79,1387.33,-111.39,994.86
18,20,0.16608,569.87,-2.99,408.67,1578.60,-142.50,1132.30
18,21,0.17450,582.28,-4.23,417.57,1472.46,-147.53,1056.16
18,22,0.18283,594.70,-5.60,426.47,1491.21,-164.15,1069.23
18,23,0.19101,607.14,-7.09,435.40,1521.27,-182.50,1091.04
18,24,0.19934,619.60,-8.71,444.34,1495.97,-194.16,1072.89
18,25,0.20773,632.09,-10.45,453.29,1487.64,-207.65,1066.91
18,26,0.21625,644.59,-12.32,462.26,1468.46,-219.35,1053.41
18,27,0.22455,657.12,-14.31,471.24,1508.82,-240.06,1081.99
18,28,0.23285,669.66,-16.43,480.24,1511.40,-255.11,1083.82
18,29,0.24121,682.23,-18.67,489.25,1502.55,-268.20,1077.74
19,0,0.00000,0.00,0.00,0.00,0.00,0.00,0.00
19,1,0.00824,-54.86,2.58,-2.96,-6658.15,312.99,-358.89
19,2,0.01663,-109.72,5.16,-5.91,-6537.09,307.30,-352.36
19,3,0.02481,-164.58,7.74,-8.87,-6707.84,315.33,-361.57
19,4,0.03308,-219.45,10.32,-11.83,-6633.58,311.84,-357.56
19,5,0.04138,-274.31,12.89,-14.79,-6609.19,310.69,-356.25
19,6,0.05045,-329.17,15.47,-17.74,-6052.86,284.54,-326.26
19,7,0.05817,-384.03,18.05,-20.70,-7105.53,334.02,-383.00
19,8,0.06665,-438.89,20.63,-23.66,-6466.55,303.98,-348.56
19,9,0.07480,-493.75,23.21,-26.61,-6732.96,316.51,-362.92
19,10,0.08362,-548.61,25.79,-29.57,-6220.42,292.41,-335.29
19,11,0.09149,-563.59,26.43,-30.38,-1901.94,81.40,-102.71
19,12,0.10040,-578.59,26.95,-31.19,-1683.22,57.89,-90.75
19,13,0.10846,-593.62,27.34,-32.00,-1866.29,48.54,-100.76
19,14,0.11673,-608.67,27.60,-32.81,-1819.56,32.14,-98.15
19,15,0.12500,-623.75,27.74,-33.62,-1822.88,17.02,-98.15
19,16,0.13391,-638.85,27.76,-34.44,-1694.52,1.77,-91.44
19,17,0.14203,-653.97,27.65,-35.25,-1863.16,-13.46,-100.38
19,18,0.15060,-669.12,27.42,-36.07,-1766.55,-27.31,-95.37
19,19,0.15829,-684.30,27.06,-36.89,-1973.02,-46.71,-106.35
19,20,0.16672,-699.49,26.57,-37.71,-1804.35,-57.49,-97.46
19,21,0.17517,-714.72,25.96,-38.53,-1801.08,-72.07,-97.11
19,22,0.18390,-729.97,25.23,-39.36,-1747.20,-84.12,-94.41
19,23,0.19165,-745.24,24.37,-40.18,-1970.47,-110.85,-106.30
19,24,0.20007,-760.54,23.39,-41.01,-1816.30,-116.85,-98.19
19,25,0.20850,-775.86,22.28,-41.83,-1819.20,-131.70,-98.19
19,26,0.21689,-791.21,21.04,-42.66,-1828.73,-147.07,-98.91
19,27,0.22513,-806.59,19.68,-43.49,-1865.93,-164.97,-100.74
19,28,0.23358,-821.98,18.20,-44.32,-1821.66,-175.58,-98.19
19,29,0.24271,-837.41,16.59,-45.16,-1690.30,-176.36,-91.30
20,0,0.00000,0.00,0.00,0.00,0.00,0.00,0.00
20,1,0.00845,49.44,0.00,7.43,5849.10,0.00,878.70
20,2,0.01669,98.89,0.00,14.86,6000.74,0.00,901.48
20,3,0.02493,148.33,0.00,22.28,6000.74,0.00,901.48
20,4,0.03320,197.78,0.00,29.71,5978.60,0.00,898.15
20,5,0.04199,247.22,0.00,37.14,5625.69,0.00,845.14
20,6,0.04990,296.67,0.00,44.57,6255.60,0.00,939.77
20,7,0.05814,346.11,0.00,52.00,6000.74,0.00,901.48
20,8,0.06638,395.56,0.00,59.42,6000.74,0.00,901.48
20,9,0.07474,445.00,0.00,66.85,5913.14,0.00,888.32
20,10,0.08368,494.45,0.00,74.28,5529.69,0.00,830.72
20,11,0.09152,494.45,0.00,74.28,0.00,0.00,0.00
20,12,0.10049,495.06,-0.07,74.37,68.71,-8.34,10.20
20,13,0.10840,507.45,-1.57,76.23,1567.18,-189.78,235.52
20,14,0.11676,519.89,-3.07,78.10,1487.59,-179.39,223.36
20,15,0.12509,532.38,-4.57,79.98,1498.90,-180.05,225.27
20,16,0.13409,544.91,-6.08,81.86,1392.54,-166.62,209.15
20,17,0.14185,557.64,-7.59,83.77,1642.52,-195.76,246.85
20,18,0.15027,570.28,-9.09,85.67,1500.36,-178.09,225.36
20,19,0.15857,582.97,-10.59,87.58,1528.31,-180.71,229.78
20,20,0.16696,595.70,-12.09,89.49,1517.45,-178.74,228.00
20,21,0.17529,608.49,-13.59,91.41,1534.43,-180.05,230.40
20,22,0.18414,621.32,-15.09,93.34,1450.00,-169.49,217.93
20,23,0.19196,634.25,-16.60,95.28,1654.69,-192.63,248.44
20,24,0.20081,647.18,-18.10,97.23,1461.38,-169.49,219.66
20,25,0.20874,660.44,-19.63,99.22,1671.54,-193.12,251.15
20,26,0.21698,673.48,-21.13,101.18,1581.85,-182.05,237.78
20,27,0.22534,686.56,-22.63,103.14,1564.60,-179.39,235.04
20,28,0.23523,699.69,-24.13,105.11,1328.09,-151.71,199.38
20,29,0.24280,714.32,-25.79,107.31,1932.66,-219.90,290.32
21,0,0.00000,0.00,0.00,0.00,0.00,0.00,0.00
21,1,0.00830,-47.91,0.00,-14.32,-5771.32,0.00,-1724.63
21,2,0.01672,-95.81,0.00,-28.63,-5687.68,0.00,-1699.64
21,3,0.02493,-143.72,0.00,-42.95,-5835.69,0.00,-1743.87
21,4,0.03329,-191.63,0.00,-57.26,-5729.20,0.00,-1712.04
21,5,0.04233,-239.53,0.00,-71.58,-5303.38,0.00,-1584.80
21,6,0.04996,-287.44,0.00,-85.89,-6279.20,0.00,-1876.40
21,7,0.05820,-335.35,0.00,-100.21,-5814.07,0.00,-1737.41
21,8,0.06656,-383.25,0.00,-114.53,-5729.20,0.00,-1712.04
21,9,0.07526,-431.16,0.00,-128.84,-5508.07,0.00,-1645.96
21,10,0.08374,-479.06,0.00,-143.16,-5646.76,0.00,-1687.41
21,11,0.09143,-479.06,0.00,-143.16,0.00,0.00,0.00
21,12,0.09998,-480.22,-0.14,-143.50,-135.36,-16.94,-40.36
21,13,0.10815,-492.23,-1.64,-147.09,-1467.91,-183.41,-438.81
21,14,0.11661,-504.28,-3.14,-150.69,-1425.99,-177.45,-425.99
21,15,0.12491,-516.38,-4.64,-154.31,-1457.72,-180.71,-435.66
21,16,0.13409,-528.53,-6.14,-157.94,-1322.59,-163.30,-395.35
21,17,0.14236,-540.73,-7.64,-161.58,-1474.91,-181.38,-440.59
21,18,0.15002,-552.97,-9.14,-165.24,-1598.41,-195.83,-477.69
21,19,0.15839,-565.26,-10.65,-168.92,-1470.07,-179.39,-439.42
21,20,0.16678,-577.61,-12.15,-172.60,-1470.55,-178.74,-439.27
21,21,0.17523,-590.00,-13.65,-176.31,-1465.70,-177.45,-437.91
21,22,0.18347,-602.43,-15.15,-180.02,-1509.26,-182.05,-451.11
21,23,0.19171,-614.92,-16.65,-183.75,-1515.19,-182.05,-452.59
21,24,0.20026,-627.45,-18.15,-187.50,-1466.79,-175.55,-438.21
21,25,0.20862,-640.03,-19.65,-191.26,-1504.38,-179.39,-449.64
21,26,0.21689,-652.66,-21.15,-195.03,-1526.94,-181.38,-456.46
21,27,0.22513,-665.34,-22.65,-198.82,-1538.52,-182.05,-459.63
21,28,0.23410,-678.06,-24.15,-202.62,-1418.03,-167.19,-423.81
21,29,0.24179,-690.83,-25.65,-206.44,-1660.71,-195.05,-496.43
22,0,0.00000,0.00,0.00,0.00,0.00,0.00,0.00
22,1,0.00836,45.70,0.00,20.28,5465.69,0.00,2425.55
22,2,0.01718,91.41,0.00,40.56,5182.01,0.00,2299.65
22,3,0.02524,137.11,0.00,60.85,5672.73,0.00,2517.42
22,4,0.03326,182.81,0.00,81.13,5694.30,0.00,2527.00
22,5,0.04156,228.52,0.00,101.41,5505.88,0.00,2443.38
22,6,0.05048,274.22,0.00,121.69,5128.77,0.00,2276.03
22,7,0.05820,319.92,0.00,141.97,5919.37,0.00,2626.88
22,8,0.06650,365.62,0.00,162.26,5505.88,0.00,2443.38
22,9,0.07489,411.33,0.00,182.54,5445.82,0.00,2416.73
22,10,0.08322,457.07,0.00,202.84,5490.84,0.00,2436.63
22,11,0.09155,457.07,0.00,202.84,0.00,0.00,0.00
22,12,0.09982,457.87,-0.10,203.19,95.94,-12.59,42.44
22,13,0.10825,469.32,-1.60,208.27,1359.42,-178.09,603.26
22,14,0.11713,480.81,-3.10,213.37,1294.50,-168.91,574.57
22,15,0.12509,492.36,-4.60,218.50,1449.04,-188.33,643.30
22,16,0.13327,503.94,-6.10,223.64,1416.79,-183.41,628.73
22,17,0.14169,515.58,-7.60,228.80,1381.16,-178.09,613.04
22,18,0.15088,527.26,-9.10,233.98,1271.43,-163.30,564.12
22,19,0.15863,539.27,-10.64,239.32,1549.61,-198.24,687.80
22,20,0.16693,551.04,-12.14,244.54,1418.38,-180.71,629.41
22,21,0.17538,562.86,-13.64,249.79,1398.19,-177.45,620.58
22,22,0.18381,574.73,-15.14,255.05,1408.70,-178.09,625.00
22,23,0.19220,586.64,-16.64,260.34,1419.27,-178.74,629.82
22,24,0.20087,598.59,-18.14,265.64,1379.58,-173.07,611.97
22,25,0.20932,610.86,-19.67,271.08,1450.90,-181.33,643.68
22,26,0.21759,622.91,-21.17,276.43,1456.83,-181.38,646.49
22,27,0.22543,635.00,-22.67,281.80,1542.02,-191.26,684.44
22,28,0.23370,647.14,-24.17,287.18,1467.90,-181.38,651.29
22,29,0.24210,659.33,-25.67,292.59,1452.00,-178.74,644.36
23,0,0.00000,0.00,0.00,0.00,0.00,0.00,0.00
23,1,0.00851,-42.16,0.00,-26.89,-4951.25,0.00,-3157.71
23,2,0.01669,-84.31,0.00,-53.77,-5154.48,0.00,-3287.31
23,3,0.02557,-126.47,0.00,-80.66,-4747.08,0.00,-3027.49
23,4,0.03323,-168.63,0.00,-107.54,-5503.59,0.00,-3509.96
23,5,0.04163,-210.78,0.00,-134.43,-5023.27,0.00,-3203.64
23,6,0.04996,-252.94,0.00,-161.32,-5060.07,0.00,-3227.11
23,7,0.05838,-295.10,0.00,-188.20,-5005.07,0.00,-3192.03
23,8,0.06659,-337.26,0.00,-215.09,-5135.32,0.00,-3275.09
23,9,0.07492,-379.41,0.00,-241.97,-5060.07,0.00,-3227.11
23,10,0.08429,-421.57,0.00,-268.86,-4499.67,0.00,-2869.71
23,11,0.09158,-421.57,0.00,-268.86,0.00,0.00,0.00
23,12,0.09988,-422.53,-0.14,-269.47,-115.07,-16.35,-73.16
23,13,0.10843,-433.09,-1.64,-276.21,-1236.43,-175.55,-788.57
23,14,0.11746,-443.70,-3.14,-282.97,-1173.99,-166.06,-748.99
23,15,0.12573,-454.34,-4.64,-289.76,-1287.45,-181.38,-821.03
23,16,0.13345,-465.03,-6.14,-296.58,-1384.58,-194.28,-883.00
23,17,0.14194,-475.77,-7.64,-303.42,-1265.11,-176.81,-806.83
23,18,0.15012,-486.54,-9.14,-310.30,-1317.54,-183.41,-840.30
23,19,0.15866,-497.36,-10.64,-317.20,-1266.07,-175.55,-807.50
23,20,0.16684,-508.22,-12.14,-324.12,-1327.61,-183.41,-846.64
23,21,0.17520,-519.12,-13.64,-331.07,-1303.65,-179.39,-831.39
23,22,0.18365,-530.06,-15.14,-338.05,-1294.58,-177.45,-825.63
23,23,0.19193,-541.05,-16.64,-345.06,-1328.41,-181.38,-847.23
23,24,0.20016,-552.08,-18.14,-352.09,-1338.52,-182.05,-853.70
23,25,0.20874,-563.15,-19.64,-359.15,-1290.75,-174.92,-823.13
23,26,0.21753,-574.26,-21.14,-366.24,-1264.24,-170.67,-806.25
23,27,0.22522,-585.41,-22.64,-373.35,-1450.40,-195.05,-925.00
23,28,0.23349,-596.61,-24.14,-380.49,-1353.87,-181.38,-863.47
23,29,0.24207,-607.85,-25.64,-387.66,-1310.68,-174.92,-835.94
24,0,0.00000,0.00,0.00,0.00,0.00,0.00,0.00
24,1,0.00824,48.59,0.00,11.79,5897.04,0.00,1430.74
24,2,0.01663,97.18,0.00,23.58,5789.82,0.00,1404.73
24,3,0.02487,145.77,0.00,35.37,5897.04,0.00,1430.74
24,4,0.03366,194.36,0.00,47.16,5528.47,0.00,1341.32
24,5,0.04132,242.95,0.00,58.94,6343.43,0.00,1539.04
24,6,0.04993,291.54,0.00,70.73,5646.10,0.00,1369.86
24,7,0.05823,340.13,0.00,82.52,5853.68,0.00,1420.22
24,8,0.06653,388.72,0.00,94.31,5853.68,0.00,1420.22
24,9,0.07523,437.31,0.00,106.10,5586.67,0.00,1355.44
24,10,0.08319,485.90,0.00,117.89,6100.38,0.00,1480.08
24,11,0.09201,485.90,0.00,117.89,0.00,0.00,0.00
24,12,0.09979,486.55,-0.08,118.05,83.53,-10.33,20.39
24,13,0.10815,498.72,-1.58,121.00,1455.84,-179.39,353.28
24,14,0.11652,510.95,-3.08,123.97,1461.68,-179.39,354.74
24,15,0.12485,523.22,-4.58,126.95,1472.89,-180.05,357.51
24,16,0.13339,535.54,-6.08,129.93,1441.79,-175.55,349.64
24,17,0.14233,547.91,-7.58,132.93,1383.28,-167.76,335.49
24,18,0.15002,560.48,-9.10,135.99,1635.32,-197.53,396.83
24,19,0.15826,572.95,-10.60,139.01,1512.96,-182.05,367.04
24,20,0.16681,585.46,-12.10,142.05,1464.64,-175.55,355.36
24,21,0.17517,598.03,-13.60,145.10,1502.55,-179.39,364.60
24,22,0.18341,610.64,-15.10,148.16,1530.74,-182.05,371.48
24,23,0.19171,623.30,-16.60,151.23,1525.37,-180.71,370.22
24,24,0.20013,636.01,-18.10,154.31,1509.06,-178.09,365.94
24,25,0.20834,648.77,-19.60,157.41,1554.28,-182.73,376.95
24,26,0.21677,661.58,-21.10,160.51,1520.65,-178.09,368.84
24,27,0.22501,674.44,-22.60,163.63,1560.37,-182.05,378.52
24,28,0.23398,687.34,-24.10,166.76,1438.10,-167.19,348.98
24,29,0.24164,700.29,-25.60,169.91,1690.84,-195.83,410.36
25,0,0.00000,0.00,0.00,0.00,0.00,0.00,0.00
25,1,0.00818,-48.69,0.00,-11.37,-5953.36,0.00,-1389.93
25,2,0.01663,-97.38,0.00,-22.74,-5759.93,0.00,-1344.77
25,3,0.02481,-146.07,0.00,-34.10,-5953.36,0.00,-1389.93
25,4,0.03403,-194.76,0.00,-45.47,-5283.11,0.00,-1233.44
25,5,0.04205,-243.68,0.00,-56.89,-6095.06,0.00,-1422.81
25,6,0.04996,-292.37,0.00,-68.26,-6160.23,0.00,-1438.22
25,7,0.05811,-341.06,0.00,-79.63,-5975.66,0.00,-1395.13
25,8,0.06641,-389.76,0.00,-90.99,-5865.81,0.00,-1369.49
25,9,0.07483,-438.45,0.00,-102.36,-5780.80,0.00,-1349.64
25,10,0.08414,-487.14,0.00,-113.73,-5231.15,0.00,-1221.31
25,11,0.09140,-487.14,0.00,-113.73,0.00,0.00,0.00
25,12,0.09988,-488.32,-0.15,-114.01,-139.57,-17.20,-32.73
25,13,0.10815,-500.52,-1.65,-116.85,-1475.28,-181.38,-344.28
25,14,0.11682,-512.77,-3.15,-119.71,-1413.38,-173.07,-329.93
25,15,0.12555,-525.07,-4.65,-122.59,-1409.09,-171.86,-329.02
25,16,0.13333,-537.43,-6.15,-125.47,-1588.24,-192.94,-370.59
25,17,0.14166,-549.83,-7.65,-128.36,-1487.91,-180.05,-347.25
25,18,0.15002,-562.27,-9.15,-131.27,-1488.32,-179.39,-347.45
25,19,0.15826,-574.77,-10.65,-134.19,-1516.30,-182.05,-354.07
25,20,0.16666,-587.31,-12.15,-137.11,-1494.55,-178.74,-348.73
25,21,0.17496,-599.90,-13.65,-140.05,-1516.91,-180.71,-354.04
25,22,0.18442,-612.54,-15.15,-143.00,-1336.13,-158.56,-311.94
25,23,0.19165,-625.62,-16.69,-146.05,-1808.02,-213.75,-421.94
25,24,0.20001,-638.35,-18.19,-149.03,-1523.36,-179.39,-355.47
25,25,0.20834,-651.14,-19.69,-152.01,-1534.80,-180.05,-358.24
25,26,0.21686,-663.98,-21.19,-155.01,-1507.53,-176.18,-351.97
25,27,0.22556,-676.86,-22.69,-158.02,-1481.40,-172.47,-345.96
25,28,0.23334,-689.79,-24.19,-161.04,-1661.96,-192.76,-387.84
25,29,0.24161,-702.78,-25.69,-164.07,-1569.74,-181.38,-366.42
26,0,0.00000,0.00,0.00,0.00,0.00,0.00,0.00
26,1,0.00833,43.32,0.00,24.97,5199.63,0.00,2996.70
26,2,0.01675,86.64,0.00,49.93,5143.12,0.00,2964.13
26,3,0.02509,129.96,0.00,74.90,5199.63,0.00,2996.70
26,4,0.03339,173.28,0.00,99.87,5218.75,0.00,3007.72
26,5,0.04181,216.60,0.00,124.83,5143.12,0.00,2964.13
26,6,0.05051,259.92,0.00,149.80,4980.70,0.00,2870.53
26,7,0.05902,303.24,0.00,174.77,5087.81,0.00,2932.26
26,8,0.06644,346.56,0.00,199.73,5841.56,0.00,3366.67
26,9,0.07474,389.88,0.00,224.70,5218.75,0.00,3007.72
26,10,0.08310,433.20,0.00,249.66,5180.66,0.00,2985.77
26,11,0.09186,433.20,0.00,249.66,0.00,0.00,0.00
26,12,0.09985,434.60,-0.19,250.47,175.19,-24.27,101.15
26,13,0.10837,445.46,-1.69,256.73,1275.27,-176.18,734.77
26,14,0.11700,456.36,-3.19,263.01,1262.19,-173.69,727.56
26,15,0.12512,467.30,-4.69,269.32,1348.12,-184.79,777.07
26,16,0.13348,478.29,-6.19,275.65,1313.87,-179.39,757.30
26,17,0.14206,489.32,-7.69,282.01,1286.48,-174.92,741.28
26,18,0.15027,500.39,-9.19,288.39,1349.07,-182.73,777.32
26,19,0.15854,511.51,-10.69,294.80,1344.28,-181.38,774.54
26,20,0.16696,522.67,-12.19,301.23,1325.00,-178.09,763.77
26,21,0.17523,533.87,-13.69,307.69,1354.61,-181.38,780.81
26,22,0.18362,545.12,-15.19,314.17,1340.36,-178.74,772.36
26,23,0.19202,556.41,-16.69,320.68,1345.45,-178.74,775.27
26,24,0.20041,567.75,-18.19,327.21,1350.55,-178.74,778.18
26,25,0.20868,579.13,-19.69,333.76,1375.65,-181.38,792.99
26,26,0.21698,590.55,-21.19,340.35,1375.74,-180.71,793.01
26,27,0.22540,602.01,-22.69,346.95,1361.23,-178.09,784.42
26,28,0.23376,613.52,-24.19,353.59,1376.28,-179.39,793.07
26,29,0.24298,625.07,-25.69,360.24,1253.31,-162.76,722.19
27,0,0.00000,0.00,0.00,0.00,0.00,0.00,0.00
27,1,0.00894,-43.63,0.00,-24.43,-4879.18,0.00,-2731.74
27,2,0.01672,-87.29,0.00,-48.87,-5610.20,0.00,-3141.18
27,3,0.02518,-130.91,0.00,-73.30,-5161.01,0.00,-2889.53
27,4,0.03320,-174.54,0.00,-97.72,-5435.74,0.00,-3043.35
27,5,0.04187,-218.17,0.00,-122.15,-5033.80,0.00,-2818.31
27,6,0.04984,-261.80,0.00,-146.58,-5477.39,0.00,-3066.67
27,7,0.05814,-305.43,0.00,-171.00,-5255.88,0.00,-2942.65
27,8,0.06653,-349.05,0.00,-195.43,-5198.55,0.00,-2910.55
27,9,0.07480,-392.68,0.00,-219.85,-5275.28,0.00,-2953.51
27,10,0.08313,-436.31,0.00,-244.28,-5236.63,0.00,-2931.87
27,11,0.09164,-436.31,0.00,-244.28,0.00,0.00,0.00
27,12,0.10040,-436.75,-0.06,-244.53,-50.52,-6.95,-28.22
27,13,0.10822,-447.68,-1.56,-250.65,-1399.22,-192.00,-783.20
27,14,0.11661,-458.66,-3.06,-256.79,-1307.64,-178.74,-732.00
27,15,0.12494,-469.67,-4.56,-262.96,-1322.34,-180.05,-740.29
27,16,0.13373,-480.74,-6.06,-269.15,-1258.68,-170.67,-704.51
27,17,0.14218,-491.84,-7.56,-275.37,-1313.72,-177.45,-735.38
27,18,0.14999,-502.99,-9.06,-281.61,-1426.95,-192.00,-798.83
27,19,0.15848,-514.18,-10.56,-287.87,-1319.42,-176.81,-738.49
27,20,0.16693,-525.42,-12.06,-294.16,-1329.24,-177.45,-744.04
27,21,0.17514,-536.70,-13.56,-300.48,-1373.98,-182.73,-769.14
27,22,0.18359,-548.02,-15.06,-306.81,-1339.35,-177.45,-749.82
27,23,0.19180,-559.39,-16.56,-313.18,-1384.76,-182.73,-775.09
27,24,0.20020,-570.80,-18.06,-319.56,-1359.64,-178.74,-761.09
27,25,0.20917,-582.25,-19.56,-325.98,-1276.53,-167.19,-714.63
27,26,0.21683,-594.09,-21.11,-332.60,-1545.02,-201.56,-864.94
27,27,0.22519,-605.63,-22.61,-339.07,-1380.29,-179.39,-772.99
27,28,0.23352,-617.24,-24.11,-345.57,-1393.41,-180.40,-780.22
27,29,0.24200,-628.87,-25.61,-352.08,-1370.86,-176.81,-767.63
28,0,0.00000,0.00,0.00,0.00,0.00,0.00,0.00
28,1,0.00818,29.60,44.30,-13.67,3618.66,5415.93,-1672.01
28,2,0.01666,59.19,88.59,-27.35,3488.49,5221.12,-1611.87
28,3,0.02484,88.79,132.89,-41.02,3618.66,5415.94,-1672.01
28,4,0.03400,118.38,177.18,-54.70,3232.67,4838.24,-1493.67
28,5,0.04218,147.98,221.48,-68.37,3618.66,5415.94,-1672.01
28,6,0.04993,177.58,265.77,-82.05,3818.11,5714.46,-1764.17
28,7,0.05817,207.17,310.07,-95.72,3591.85,5375.82,-1659.63
28,8,0.06653,236.77,354.36,-109.40,3539.42,5297.34,-1635.40
28,9,0.07538,266.36,398.66,-123.07,3344.14,5005.08,-1545.17
28,10,0.08319,295.96,442.95,-136.75,3788.28,5669.81,-1750.39
28,11,0.09161,304.04,454.97,-140.48,959.78,1426.83,-443.48
28,12,0.10004,312.15,466.87,-144.23,962.32,1411.99,-444.57
28,13,0.10822,320.28,478.63,-147.98,994.03,1438.86,-458.96
28,14,0.11676,328.43,490.28,-151.75,953.93,1362.57,-440.71
28,15,0.12555,336.61,501.79,-155.52,930.21,1310.49,-429.51
28,16,0.13342,344.80,513.19,-159.31,1041.09,1447.00,-481.01
28,17,0.14221,353.02,524.46,-163.11,935.42,1282.05,-431.94
28,18,0.15027,361.27,535.60,-166.91,1023.11,1383.08,-472.35
28,19,0.15826,369.53,546.62,-170.73,1033.59,1378.01,-477.48
28,20,0.16669,377.82,557.51,-174.56,984.06,1293.27,-454.35
28,21,0.17566,386.13,568.28,-178.39,926.19,1200.16,-427.55
28,22,0.18335,394.46,578.92,-182.24,1083.73,1383.93,-500.40
28,23,0.19165,402.82,589.44,-186.10,1006.62,1267.11,-464.71
28,24,0.20007,411.20,599.83,-189.97,994.93,1233.91,-459.42
28,25,0.20831,419.60,610.10,-193.85,1019.63,1246.16,-470.74
28,26,0.21674,428.03,620.24,-197.74,1000.36,1204.22,-461.59
28,27,0.22498,436.47,630.26,-201.64,1025.19,1215.81,-473.33
28,28,0.23346,444.95,640.15,-205.55,998.56,1166.10,-460.79
28,29,0.24231,453.44,649.92,-209.47,959.66,1103.72,-443.10
29,0,0.00000,0.00,0.00,0.00,0.00,0.00,0.00
29,1,0.00830,-22.28,44.35,-23.70,-2684.19,5342.93,-2855.15
29,2,0.01666,-44.56,88.70,-47.40,-2664.60,5303.92,-2834.31
29,3,0.02502,-66.84,133.05,-71.10,-2664.60,5303.92,-2834.31
29,4,0.03400,-89.12,177.40,-94.80,-2483.33,4943.11,-2641.50
29,5,0.04163,-111.40,221.75,-118.50,-2920.40,5813.10,-3106.40
29,6,0.05005,-133.69,266.10,-142.20,-2645.29,5265.49,-2813.77
29,7,0.05841,-155.97,310.45,-165.90,-2664.60,5303.92,-2834.31
29,8,0.06677,-178.25,354.80,-189.60,-2664.60,5303.92,-2834.31
29,9,0.07562,-200.53,399.15,-213.30,-2517.59,5011.29,-2677.93
29,10,0.08350,-222.81,443.50,-237.00,-2829.84,5632.85,-3010.08
29,11,0.09180,-228.89,455.54,-243.47,-733.09,1449.63,-779.78
29,12,0.10010,-235.00,467.45,-249.96,-735.29,1434.58,-781.99
29,13,0.10840,-241.12,479.23,-256.47,-737.13,1419.52,-784.19
29,14,0.11688,-247.25,490.89,-263.00,-723.38,1374.15,-769.42
29,15,0.12524,-253.41,502.42,-269.55,-735.77,1379.25,-782.85
29,16,0.13434,-259.58,513.83,-276.11,-678.52,1254.44,-721.81
29,17,0.14185,-265.81,525.20,-282.75,-830.89,1515.23,-884.15
29,18,0.15009,-272.02,536.36,-289.35,-752.96,1354.05,-801.11
29,19,0.15845,-278.24,547.39,-295.97,-744.16,1319.34,-791.61
29,20,0.16681,-284.48,558.30,-302.61,-745.99,1304.39,-793.80
29,21,0.17529,-290.73,569.08,-309.26,-737.41,1270.89,-784.53
29,22,0.18341,-297.01,579.74,-315.94,-772.93,1312.82,-822.18
29,23,0.19183,-303.30,590.27,-322.63,-746.74,1250.42,-794.57
29,24,0.20105,-309.61,600.68,-329.34,-684.44,1129.20,-728.15
29,25,0.20844,-316.15,611.31,-336.30,-885.95,1440.03,-942.56
29,26,0.21674,-322.49,621.47,-343.05,-763.97,1223.10,-812.87
29,27,0.22510,-328.85,631.49,-349.81,-760.58,1199.22,-809.12
29,28,0.23431,-335.23,641.40,-356.60,-691.72,1074.48,-736.09
29,29,0.24176,-341.62,651.17,-363.40,-858.61,1313.10,-913.52
30,0,0.00000,0.00,0.00,0.00,0.00,0.00,0.00
30,1,0.00916,26.88,8.68,-47.20,2935.67,948.55,-5155.00
30,2,0.01666,53.75,17.37,-94.39,3580.08,1156.76,-6286.59
30,3,0.02502,80.63,26.05,-141.59,3214.23,1038.55,-5644.16
30,4,0.03339,107.51,34.74,-188.78,3214.23,1038.55,-5644.16
30,5,0.04224,134.38,43.42,-235.98,3036.90,981.26,-5332.76
30,6,0.04999,161.26,52.11,-283.17,3467.32,1120.33,-6088.58
30,7,0.05829,188.14,60.79,-330.37,3237.87,1046.19,-5685.66
30,8,0.06665,215.01,69.47,-377.56,3214.23,1038.55,-5644.16
30,9,0.07489,241.89,78.16,-424.76,3261.85,1053.94,-5727.78
30,10,0.08319,268.77,86.84,-471.95,3237.87,1046.19,-5685.66
30,11,0.09161,276.10,89.15,-484.84,871.01,273.77,-1529.35
30,12,0.10046,283.45,91.33,-497.74,830.34,246.43,-1457.93
30,13,0.10822,290.81,93.38,-510.66,949.61,265.23,-1667.32
30,14,0.11664,298.19,95.32,-523.61,875.36,229.25,-1537.32
30,15,0.12500,305.57,97.12,-536.58,883.21,215.97,-1551.09
30,16,0.13336,312.97,98.80,-549.57,884.67,201.03,-1553.65
30,17,0.14221,320.38,100.36,-562.59,837.24,175.81,-1470.34
30,18,0.15002,327.80,101.79,-575.62,950.00,183.16,-1668.36
30,19,0.15906,335.24,103.10,-588.67,822.97,144.57,-1445.27
30,20,0.16669,342.68,104.28,-601.75,976.00,154.79,-1714.00
30,21,0.17499,350.14,105.33,-614.85,898.90,127.21,-1577.94
30,22,0.18323,357.62,106.26,-627.97,907.04,112.98,-1592.22
30,23,0.19165,365.10,107.07,-641.11,888.77,95.68,-1560.51
30,24,0.20056,372.60,107.75,-654.28,841.44,76.41,-1477.40
30,25,0.20837,380.11,108.31,-667.47,961.33,71.15,-1687.89
30,26,0.21674,387.63,108.74,-680.67,899.64,51.53,-1579.56
30,27,0.22504,395.17,109.04,-693.90,907.72,36.85,-1593.75
30,28,0.23364,402.72,109.22,-707.15,876.95,21.02,-1539.72
30,29,0.24219,410.28,109.28,-720.43,884.64,6.54,-1553.21
31,0,0.00000,0.00,0.00,0.00,0.00,0.00,0.00
31,1,0.00922,12.79,-6.91,-53.05,1387.75,-749.69,-5755.63
31,2,0.01746,25.58,-13.82,-106.09,1552.22,-838.54,-6437.78
31,3,0.02582,38.37,-20.73,-159.14,1529.56,-826.30,-6343.80
31,4,0.03326,51.16,-27.64,-212.18,1717.62,-927.89,-7123.77
31,5,0.04144,63.95,-34.55,-265.23,1563.81,-844.80,-6485.82
31,6,0.04980,76.74,-41.46,-318.27,1529.56,-826.30,-6343.80
31,7,0.05859,89.53,-48.37,-371.32,1455.21,-786.13,-6035.42
31,8,0.06775,102.32,-55.27,-424.37,1397.00,-754.69,-5794.00
31,9,0.07556,115.11,-62.18,-477.41,1637.11,-884.40,-6789.84
31,10,0.08313,127.90,-69.09,-530.46,1689.92,-912.93,-7008.87
31,11,0.09137,131.39,-71.04,-544.93,423.70,-236.28,-1757.04
31,12,0.09973,134.89,-73.11,-559.44,418.25,-247.78,-1734.31
31,13,0.10913,138.39,-75.31,-573.96,372.73,-233.73,-1545.45
31,14,0.11786,141.90,-77.63,-588.51,402.10,-266.03,-1667.13
31,15,0.12585,145.42,-80.08,-603.09,439.69,-306.03,-1822.90
31,16,0.13330,148.93,-82.65,-617.69,472.54,-345.40,-1960.66
31,17,0.14172,152.46,-85.35,-632.31,418.48,-320.19,-1736.23
31,18,0.14990,155.99,-88.17,-646.96,431.72,-345.03,-1791.04
31,19,0.15930,159.53,-91.12,-661.63,376.30,-313.52,-1561.04
31,20,0.16742,163.07,-94.19,-676.33,436.47,-378.42,-1810.53
31,21,0.17590,166.62,-97.38,-691.05,418.35,-376.82,-1735.25
31,22,0.18329,170.18,-100.71,-705.80,481.40,-449.80,-1996.69
31,23,0.19171,173.74,-104.15,-720.57,422.83,-409.23,-1753.62
31,24,0.19989,177.30,-107.73,-735.36,436.19,-436.73,-1808.96
31,25,0.20972,180.88,-111.42,-750.18,363.66,-376.21,-1508.07
31,26,0.21741,184.45,-115.24,-765.03,465.08,-496.97,-1930.16
31,27,0.22571,188.04,-119.19,-779.90,431.62,-475.49,-1791.18
31,28,0.23322,191.63,-123.26,-794.79,478.05,-542.39,-1983.74
31,29,0.24146,195.22,-127.46,-809.70,436.30,-509.35,-1810.37
32,0,0.00000,0.00,0.00,0.00,0.00,0.00,0.00
32,1,0.00848,-8.32,3.66,54.24,-980.94,431.37,6393.88
32,2,0.01685,-16.64,7.32,108.49,-995.26,437.67,6487.23
32,3,0.02594,-24.97,10.98,162.73,-915.10,402.42,5964.77
32,4,0.03333,-33.29,14.64,216.98,-1126.86,495.54,7345.04
32,5,0.04163,-41.62,18.30,271.26,-1003.31,441.15,6538.60
32,6,0.05005,-49.94,21.96,325.50,-988.04,434.50,6440.22
32,7,0.05841,-58.26,25.62,379.75,-995.26,437.67,6487.23
32,8,0.06714,-66.58,29.28,433.99,-953.50,419.31,6215.03
32,9,0.07483,-74.91,32.94,488.24,-1082.14,475.88,7053.57
32,10,0.08319,-83.23,36.60,542.48,-995.26,437.67,6487.23
32,11,0.09143,-85.50,37.54,557.29,-275.56,113.55,1797.04
32,12,0.09985,-87.77,38.35,572.12,-270.29,96.24,1760.87
32,13,0.10815,-90.05,39.03,586.98,-274.63,82.59,1789.71
32,14,0.11731,-92.34,39.59,601.86,-249.33,61.23,1625.33
32,15,0.12555,-94.63,40.03,616.76,-277.78,52.86,1808.89
32,16,0.13324,-96.92,40.34,631.69,-298.02,40.39,1941.27
32,17,0.14160,-99.21,40.52,646.64,-274.45,22.19,1788.32
32,18,0.14990,-101.51,40.58,661.62,-276.84,7.30,1804.41
32,19,0.15881,-103.81,40.52,676.62,-258.56,-7.23,1683.56
32,20,0.16663,-106.12,40.33,691.65,-295.31,-24.24,1923.83
32,21,0.17499,-108.43,40.02,706.71,-276.28,-37.60,1800.36
32,22,0.18335,-110.75,39.58,721.79,-276.64,-52.55,1803.28
32,23,0.19177,-113.06,39.01,736.89,-275.36,-67.01,1793.12
32,24,0.19995,-115.39,38.32,752.02,-283.96,-84.29,1849.63
32,25,0.20868,-117.71,37.51,767.17,-266.43,-93.31,1736.01
32,26,0.21667,-120.04,36.57,782.35,-291.22,-117.49,1898.09
32,27,0.22601,-122.38,35.50,797.55,-250.00,-113.98,1627.78
32,28,0.23334,-124.78,34.28,813.19,-327.92,-167.06,2135.42
32,29,0.24164,-127.12,32.96,828.44,-281.99,-158.76,1837.50
33,0,0.00000,0.00,0.00,0.00,0.00,0.00,0.00
33,1,0.00885,-32.79,-2.07,44.11,-3704.83,-234.35,4984.14
33,2,0.01733,-65.58,-4.15,88.22,-3864.75,-244.46,5199.28
33,3,0.02502,-98.36,-6.22,132.33,-4263.49,-269.69,5735.71
33,4,0.03326,-131.15,-8.30,176.44,-3979.26,-251.71,5353.33
33,5,0.04150,-163.94,-10.37,220.55,-3979.26,-251.71,5353.33
33,6,0.04974,-196.73,-12.44,264.66,-3979.26,-251.71,5353.33
33,7,0.05804,-229.52,-14.52,308.77,-3950.00,-249.86,5313.97
33,8,0.06641,-262.30,-16.59,352.88,-3921.17,-248.03,5275.18
33,9,0.07538,-295.09,-18.67,396.99,-3654.42,-231.16,4916.33
33,10,0.08289,-327.88,-20.74,441.10,-4367.48,-276.26,5875.61
33,11,0.09137,-336.83,-21.37,453.14,-1055.04,-74.04,1419.06
33,12,0.09961,-345.79,-22.12,465.20,-1087.78,-91.41,1463.70
33,13,0.10852,-354.77,-23.00,477.28,-1007.53,-98.54,1355.82
33,14,0.11639,-363.77,-24.00,489.38,-1142.25,-127.40,1536.82
33,15,0.12488,-372.78,-25.13,501.50,-1061.87,-132.98,1428.78
33,16,0.13336,-381.80,-26.38,513.64,-1063.67,-147.71,1430.94
33,17,0.14160,-390.84,-27.76,525.81,-1097.04,-167.26,1475.93
33,18,0.14990,-399.89,-29.27,537.99,-1090.81,-181.08,1467.28
33,19,0.15820,-408.96,-30.89,550.19,-1092.65,-196.15,1469.85
33,20,0.16656,-418.05,-32.65,562.41,-1086.50,-209.66,1461.31
33,21,0.17529,-427.15,-34.52,574.65,-1042.31,-215.19,1402.45
33,22,0.18323,-436.26,-36.53,586.91,-1148.46,-252.46,1545.38
33,23,0.19165,-445.39,-38.66,599.19,-1083.70,-252.67,1457.97
33,24,0.19989,-454.53,-40.91,611.49,-1109.63,-273.45,1492.96
33,25,0.20868,-463.69,-43.29,623.81,-1042.01,-270.58,1401.74
33,26,0.21741,-472.86,-45.79,636.15,-1051.05,-286.80,1413.99
33,27,0.22491,-482.05,-48.42,648.51,-1223.98,-350.08,1646.34
33,28,0.23328,-491.25,-51.17,660.89,-1100.73,-329.25,1480.66
33,29,0.24170,-500.47,-54.05,673.29,-1094.57,-341.71,1472.46
34,0,0.00000,0.00,0.00,0.00,0.00,0.00,0.00
34,1,0.00763,-14.58,1.45,53.02,-1910.40,189.73,6948.80
34,2,0.01605,-29.15,2.89,106.03,-1730.43,171.85,6294.20
34,3,0.02429,-43.73,4.34,159.05,-1768.89,175.67,6434.07
34,4,0.03259,-58.30,5.79,212.06,-1755.88,174.38,6386.76
34,5,0.04071,-72.88,7.24,265.08,-1795.49,178.31,6530.83
34,6,0.04907,-87.45,8.68,318.09,-1743.07,173.11,6340.15
34,7,0.05725,-102.03,10.13,371.11,-1782.09,176.98,6482.09
34,8,0.06580,-116.60,11.58,424.12,-1705.71,169.40,6204.29
34,9,0.07385,-131.18,13.03,477.14,-1809.09,179.66,6580.30
34,10,0.08215,-145.75,14.47,530.15,-1755.88,174.38,6386.76
34,11,0.09064,-149.73,14.81,544.62,-469.06,39.16,1705.76
34,12,0.09955,-153.72,15.01,559.12,-447.26,23.26,1626.71
34,13,0.10712,-157.71,15.10,573.64,-527.42,10.87,1918.15
34,14,0.11560,-161.71,15.05,588.18,-471.22,-5.04,1714.03
34,15,0.12390,-165.71,14.89,602.74,-482.35,-20.21,1754.78
34,16,0.13245,-169.72,14.59,617.33,-469.64,-34.26,1707.50
34,17,0.14062,-173.74,14.18,631.95,-491.42,-51.08,1786.94
34,18,0.14911,-177.77,13.63,646.59,-474.46,-63.97,1725.54
34,19,0.15741,-181.80,12.97,661.25,-485.66,-80.45,1766.54
34,20,0.16595,-185.84,12.17,675.94,-472.50,-92.77,1718.93
34,21,0.17419,-189.88,11.25,690.65,-490.74,-111.38,1785.56
34,22,0.18256,-193.93,10.21,705.39,-484.67,-124.70,1762.41
34,23,0.19147,-197.99,9.04,720.15,-455.48,-131.05,1656.16
34,24,0.20020,-202.06,7.75,734.93,-465.73,-148.12,1693.71
34,25,0.20740,-206.13,6.33,749.74,-565.25,-196.86,2055.93
34,26,0.21582,-210.21,4.79,764.57,-484.06,-183.16,1760.87
34,27,0.22406,-214.29,3.12,779.43,-495.56,-202.41,1802.96
34,28,0.23254,-218.38,1.33,794.31,-482.37,-211.31,1753.96
34,29,0.24127,-222.48,-0.59,809.21,-469.58,-219.73,1707.69
35,0,0.00000,0.00,0.00,0.00,0.00,0.00,0.00
35,1,0.00812,17.77,-3.62,-51.93,2189.10,-446.07,-6396.62
35,2,0.01654,35.54,-7.24,-103.85,2109.78,-429.91,-6164.86
35,3,0.02478,53.31,-10.86,-155.78,2156.67,-439.46,-6301.85
35,4,0.03326,71.08,-14.48,-207.70,2094.60,-426.82,-6120.50
35,5,0.04138,88.85,-18.11,-259.63,2189.10,-446.07,-6396.62
35,6,0.04968,106.62,-21.73,-311.55,2140.81,-436.23,-6255.51
35,7,0.05804,124.39,-25.35,-363.48,2125.18,-433.05,-6209.85
35,8,0.06659,142.16,-28.97,-415.41,2079.64,-423.77,-6076.79
35,9,0.07495,159.93,-32.59,-467.33,2125.18,-433.05,-6209.85
35,10,0.08356,177.77,-36.22,-519.45,2072.34,-422.32,-6056.03
35,11,0.09167,182.62,-37.27,-533.62,597.37,-129.35,-1745.86
35,12,0.09979,187.48,-38.45,-547.82,598.50,-144.75,-1748.87
35,13,0.10791,192.34,-39.75,-562.04,599.62,-160.15,-1751.88
35,14,0.11713,197.22,-41.17,-576.28,528.81,-154.63,-1545.70
35,15,0.12488,202.10,-42.72,-590.55,629.92,-199.97,-1840.55
35,16,0.13336,206.99,-44.40,-604.84,576.62,-197.44,-1684.53
35,17,0.14166,211.89,-46.20,-619.16,590.07,-216.85,-1724.63
35,18,0.14978,216.80,-48.12,-633.50,604.51,-237.15,-1766.54
35,19,0.15820,221.71,-50.17,-647.86,583.70,-243.39,-1705.07
35,20,0.16650,226.64,-52.35,-662.25,593.01,-262.03,-1733.09
35,21,0.17511,231.57,-54.65,-676.66,573.05,-267.27,-1674.47
35,22,0.18329,236.51,-57.07,-691.09,604.10,-296.51,-1764.93
35,23,0.19171,241.46,-59.62,-705.55,587.32,-302.76,-1716.30
35,24,0.19989,246.41,-62.30,-720.03,605.97,-327.08,-1770.52
35,25,0.20831,251.37,-65.10,-734.53,589.13,-332.44,-1722.10
35,26,0.21643,256.34,-68.03,-749.06,612.41,-360.34,-1789.85
35,27,0.22485,261.33,-71.08,-763.61,591.30,-362.12,-1727.54
35,28,0.23328,266.31,-74.25,-778.19,592.03,-376.96,-1730.43
35,29,0.24152,271.31,-77.55,-792.79,606.30,-400.51,-1771.85
36,0,0.00000,0.00,0.00,0.00,0.00,0.00,0.00
36,1,0.00824,11.06,44.27,-30.71,1342.22,5372.49,-3727.04
36,2,0.01642,22.12,88.54,-61.42,1352.24,5412.58,-3754.85
36,3,0.02478,33.18,132.80,-92.13,1322.63,5294.06,-3672.63
36,4,0.03339,44.24,177.07,-122.84,1285.11,5143.87,-3568.44
36,5,0.04138,55.30,221.34,-153.55,1383.21,5536.53,-3840.84
36,6,0.04987,66.36,265.61,-184.26,1303.60,5217.88,-3619.78
36,7,0.05804,77.42,309.88,-214.97,1352.24,5412.58,-3754.85
36,8,0.06641,88.48,354.14,-245.68,1322.63,5294.06,-3672.63
36,9,0.07556,99.99,400.24,-277.66,1258.00,5035.35,-3493.33
36,10,0.08356,111.05,444.51,-308.37,1383.21,5536.53,-3840.84
36,11,0.09204,114.07,456.52,-316.76,356.12,1415.69,-988.49
36,12,0.10022,117.10,468.41,-325.17,370.15,1453.23,-1028.36
36,13,0.10858,120.14,480.17,-333.60,363.14,1406.47,-1008.76
36,14,0.11694,123.18,491.80,-342.06,364.23,1391.51,-1011.31
36,15,0.12500,126.24,503.31,-350.54,379.17,1428.71,-1052.65
36,16,0.13361,129.30,514.70,-359.05,356.03,1322.98,-988.30
36,17,0.14185,132.38,525.96,-367.57,372.96,1366.62,-1034.81
36,18,0.15009,135.46,537.10,-376.12,373.70,1351.45,-1037.78
36,19,0.15857,138.54,548.11,-384.70,364.03,1297.82,-1010.79
36,20,0.16681,141.64,558.99,-393.30,375.93,1321.10,-1043.33
36,21,0.17511,144.75,569.75,-401.92,374.26,1296.34,-1038.60
36,22,0.18372,147.86,580.39,-410.56,362.06,1235.84,-1004.61
36,23,0.19189,150.99,590.90,-419.23,382.09,1285.11,-1060.07
36,24,0.20038,154.12,601.28,-427.92,369.42,1224.15,-1024.46
36,25,0.20837,157.26,611.54,-436.64,392.75,1283.28,-1090.08
36,26,0.21674,160.41,621.68,-445.38,376.64,1212.12,-1045.26
36,27,0.22504,163.57,631.69,-454.14,380.51,1205.97,-1055.51
36,28,0.23358,166.74,641.58,-462.93,370.71,1156.89,-1028.21
36,29,0.24164,169.92,651.34,-471.74,394.32,1211.49,-1093.56
37,0,0.00000,0.00,0.00,0.00,0.00,0.00,0.00
37,1,0.00818,30.73,44.22,11.21,3756.72,5406.84,1370.15
37,2,0.01648,61.45,88.44,22.41,3701.47,5327.33,1350.00
37,3,0.02448,92.18,132.66,33.62,3842.75,5530.66,1401.53
37,4,0.03296,122.90,176.88,44.82,3621.58,5212.35,1320.86
37,5,0.04120,153.63,221.10,56.03,3728.89,5366.78,1360.00
37,6,0.04974,184.35,265.33,67.24,3595.71,5175.11,1311.43
37,7,0.05792,215.08,309.55,78.44,3756.72,5406.83,1370.15
37,8,0.06622,245.80,353.77,89.65,3701.47,5327.32,1350.00
37,9,0.07452,276.53,397.99,100.85,3701.47,5327.32,1350.00
37,10,0.08301,307.25,442.21,112.06,3621.58,5212.34,1320.86
37,11,0.09113,315.64,454.21,115.12,1033.83,1477.98,377.07
37,12,0.09961,324.06,466.08,118.19,991.73,1399.45,361.87
37,13,0.10797,332.50,477.83,121.27,1009.12,1404.93,368.25
37,14,0.11658,340.96,489.45,124.36,983.33,1350.55,358.51
37,15,0.12445,349.44,500.95,127.45,1077.52,1460.31,393.02
37,16,0.13306,357.95,512.32,130.55,988.65,1321.50,360.64
37,17,0.14111,366.48,523.57,133.67,1059.09,1396.08,386.36
37,18,0.14948,375.04,534.69,136.79,1022.99,1330.19,373.36
37,19,0.15808,383.62,545.69,139.92,996.81,1277.93,363.83
37,20,0.16620,392.22,556.56,143.06,1059.77,1339.39,386.84
37,21,0.17444,400.84,567.31,146.21,1046.67,1304.38,382.22
37,22,0.18274,409.49,577.93,149.37,1041.91,1279.73,380.51
37,23,0.19128,418.16,588.43,152.53,1015.00,1228.54,370.36
37,24,0.19952,426.86,598.80,155.71,1055.19,1258.87,385.19
37,25,0.20789,435.58,609.05,158.89,1042.70,1225.55,380.66
37,26,0.21606,444.32,619.17,162.08,1069.03,1237.70,390.30
37,27,0.22430,453.09,629.17,165.28,1063.70,1213.36,388.52
37,28,0.23273,461.87,639.04,168.49,1043.48,1172.14,381.16
37,29,0.24139,470.69,648.79,171.71,1016.90,1124.70,371.48
38,0,0.00000,0.00,0.00,0.00,0.00,0.00,0.00
38,1,0.00806,-15.09,44.14,-29.14,-1873.11,5478.58,-3616.67
38,2,0.01660,-30.18,88.28,-58.28,-1766.07,5165.52,-3410.00
38,3,0.02509,-45.27,132.42,-87.41,-1778.78,5202.68,-3434.53
38,4,0.03308,-60.36,176.56,-116.55,-1887.40,5520.40,-3644.27
38,5,0.04199,-75.45,220.69,-145.69,-1693.49,4953.24,-3269.86
38,6,0.05023,-90.55,264.83,-174.83,-1831.48,5356.84,-3536.30
38,7,0.05823,-105.64,308.97,-203.97,-1887.40,5520.41,-3644.27
38,8,0.06702,-120.73,353.11,-233.11,-1717.01,5022.04,-3315.28
38,9,0.07483,-135.82,397.25,-262.24,-1931.64,5649.79,-3729.69
38,10,0.08344,-150.91,441.39,-291.38,-1753.55,5128.89,-3385.82
38,11,0.09161,-155.03,453.37,-299.34,-503.73,1464.21,-973.13
38,12,0.10004,-159.16,465.22,-307.32,-490.58,1406.93,-947.46
38,13,0.10858,-163.31,476.94,-315.32,-485.00,1372.21,-936.43
38,14,0.11676,-167.46,488.54,-323.35,-508.21,1418.37,-981.34
38,15,0.12494,-171.63,500.02,-331.40,-509.33,1403.08,-983.96
38,16,0.13348,-175.81,511.37,-339.47,-488.93,1328.31,-944.29
38,17,0.14178,-180.00,522.59,-347.56,-504.78,1352.59,-975.00
38,18,0.14978,-184.19,533.69,-355.67,-525.19,1388.31,-1014.89
38,19,0.15802,-188.41,544.67,-363.81,-511.11,1332.00,-987.41
38,20,0.16644,-192.63,555.52,-371.97,-501.45,1288.20,-968.48
38,21,0.17480,-196.87,566.25,-380.15,-506.57,1282.65,-978.47
38,22,0.18304,-201.11,576.85,-388.35,-515.19,1286.49,-995.56
38,23,0.19208,-205.37,587.32,-396.58,-471.28,1159.65,-910.47
38,24,0.19958,-209.64,597.67,-404.82,-568.70,1378.70,-1098.78
38,25,0.20819,-213.92,607.90,-413.10,-497.16,1188.16,-960.99
38,26,0.21643,-218.21,618.00,-421.39,-520.74,1225.81,-1006.30
38,27,0.22491,-222.51,627.97,-429.70,-507.19,1175.80,-980.22
38,28,0.23340,-226.82,637.82,-438.04,-508.27,1161.06,-982.73
38,29,0.24182,-231.15,647.55,-446.40,-513.41,1154.63,-992.39
39,0,0.00000,0.00,0.00,0.00,0.00,0.00,0.00
39,1,0.00763,-12.94,11.57,52.19,-1695.60,1516.38,6840.80
39,2,0.01605,-25.87,23.14,104.38,-1535.87,1373.53,6196.38
39,3,0.02435,-38.81,34.71,156.58,-1558.82,1393.82,6287.87
39,4,0.03290,-51.75,46.28,208.77,-1513.93,1353.91,6107.86
39,5,0.04144,-64.69,57.85,260.96,-1513.93,1353.91,6107.86
39,6,0.04999,-77.62,69.41,313.15,-1513.93,1353.91,6107.86
39,7,0.05804,-90.56,80.98,365.34,-1605.68,1435.96,6478.03
39,8,0.06665,-103.49,92.55,417.53,-1503.19,1344.30,6064.54
39,9,0.07446,-116.43,104.12,469.72,-1655.86,1480.83,6680.47
39,10,0.08307,-129.37,115.69,521.91,-1503.19,1344.30,6064.54
39,11,0.09119,-132.90,118.78,536.16,-434.96,380.98,1754.89
39,12,0.09955,-136.43,121.75,550.43,-422.99,354.91,1706.57
39,13,0.10779,-139.98,124.59,564.72,-430.00,344.99,1734.81
39,14,0.11603,-143.53,127.31,579.04,-430.74,329.83,1737.78
39,15,0.12433,-147.08,129.90,593.39,-428.31,312.34,1727.94
39,16,0.13263,-150.64,132.37,607.75,-429.04,297.28,1730.88
39,17,0.14130,-154.21,134.71,622.15,-411.62,270.30,1660.56
39,18,0.14966,-157.79,136.93,636.56,-427.37,265.21,1724.09
39,19,0.15765,-161.36,139.03,651.00,-447.71,261.73,1806.11
39,20,0.16608,-164.95,140.99,665.47,-425.72,233.61,1717.39
39,21,0.17505,-168.62,142.88,680.29,-409.52,209.99,1652.38
39,22,0.18292,-172.22,144.59,694.81,-456.98,217.79,1843.41
39,23,0.19141,-175.83,146.18,709.35,-424.82,187.39,1713.67
39,24,0.20001,-179.44,147.65,723.91,-419.50,170.20,1692.20
39,25,0.20837,-183.05,148.99,738.50,-432.48,160.22,1744.53
39,26,0.21655,-186.68,150.20,753.11,-442.91,148.52,1786.57
39,27,0.22504,-190.37,151.31,767.99,-434.89,130.48,1753.96
39,28,0.23297,-194.00,152.27,782.65,-458.08,121.32,1847.69
39,29,0.24133,-197.64,153.11,797.33,-435.40,100.18,1755.84
40,0,0.00000,0.00,0.00,0.00,0.00,0.00,0.00
40,1,0.00812,23.50,27.83,-41.21,2894.74,3428.87,-5076.32
40,2,0.01654,47.00,55.67,-82.42,2789.86,3304.63,-4892.39
40,3,0.02509,70.50,83.50,-123.62,2750.00,3257.42,-4822.50
40,4,0.03326,93.99,111.34,-164.83,2873.13,3403.28,-5038.43
40,5,0.04169,117.49,139.17,-206.04,2789.86,3304.63,-4892.39
40,6,0.04980,140.99,167.01,-247.25,2894.74,3428.87,-5076.32
40,7,0.05829,164.49,194.84,-288.46,2769.78,3280.86,-4857.19
40,8,0.06665,187.99,222.68,-329.66,2810.22,3328.75,-4928.10
40,9,0.07483,211.49,250.51,-370.87,2873.13,3403.28,-5038.43
40,10,0.08325,234.99,278.34,-412.08,2789.86,3304.63,-4892.39
40,11,0.09149,241.40,285.87,-423.33,778.52,913.70,-1365.19
40,12,0.10016,247.83,293.28,-434.60,741.55,854.24,-1300.35
40,13,0.10840,254.32,300.62,-445.99,788.15,890.96,-1382.59
40,14,0.11664,260.77,307.77,-457.31,782.96,868.06,-1373.33
40,15,0.12488,267.24,314.80,-468.64,784.44,852.89,-1375.93
40,16,0.13342,273.71,321.70,-480.00,757.86,807.80,-1329.29
40,17,0.14160,280.20,328.48,-491.38,793.66,828.68,-1391.42
40,18,0.14990,286.71,335.13,-502.78,783.46,801.44,-1373.53
40,19,0.15839,293.22,341.66,-514.21,767.99,769.41,-1346.40
40,20,0.16650,299.75,348.06,-525.65,804.14,788.72,-1409.77
40,21,0.17529,306.29,354.34,-537.12,744.10,714.25,-1304.51
40,22,0.18335,312.84,360.49,-548.60,813.26,763.67,-1425.76
40,23,0.19214,319.41,366.52,-560.11,746.88,685.81,-1309.72
40,24,0.19995,325.98,372.42,-571.65,841.80,755.53,-1476.17
40,25,0.20844,332.57,378.20,-583.20,776.62,681.00,-1361.87
40,26,0.21661,339.17,383.85,-594.78,807.09,691.14,-1415.30
40,27,0.22571,345.79,389.38,-606.37,727.18,607.81,-1275.17
40,28,0.23352,352.41,394.78,-617.99,848.44,691.53,-1487.11
40,29,0.24164,359.05,400.06,-629.63,818.05,650.13,-1433.83
41,0,0.00000,0.00,0.00,0.00,0.00,0.00,0.00
41,1,0.00824,-29.19,-13.67,44.56,-3542.59,-1659.35,5408.52
41,2,0.01642,-58.38,-27.35,89.13,-3569.03,-1671.74,5448.88
41,3,0.02521,-87.57,-41.02,133.69,-3321.18,-1555.64,5070.49
41,4,0.03314,-116.76,-54.69,178.26,-3678.85,-1723.17,5616.54
41,5,0.04156,-145.95,-68.36,222.82,-3465.58,-1623.28,5290.94
41,6,0.04987,-175.14,-82.04,267.39,-3516.54,-1647.15,5368.75
41,7,0.05811,-204.33,-95.71,311.95,-3542.59,-1659.35,5408.52
41,8,0.06647,-233.52,-109.38,356.52,-3490.88,-1635.13,5329.56
41,9,0.07489,-262.71,-123.05,401.08,-3465.58,-1623.28,5290.94
41,10,0.08325,-291.90,-136.73,445.65,-3490.88,-1635.13,5329.56
41,11,0.09186,-299.87,-140.52,457.81,-925.89,-440.56,1413.48
41,12,0.09991,-307.87,-144.44,470.03,-993.18,-487.29,1515.91
41,13,0.10809,-315.87,-148.49,482.23,-977.61,-494.18,1492.54
41,14,0.11676,-323.87,-152.65,494.46,-923.94,-480.75,1410.92
41,15,0.12488,-331.90,-156.94,506.71,-988.35,-528.69,1508.65
41,16,0.13318,-339.93,-161.36,518.98,-968.01,-532.08,1477.94
41,17,0.14178,-347.98,-165.90,531.27,-935.46,-527.74,1428.01
41,18,0.14972,-356.05,-170.57,543.58,-1016.15,-588.15,1551.54
41,19,0.15802,-364.12,-175.36,555.91,-973.16,-577.26,1485.66
41,20,0.16656,-372.21,-180.28,568.26,-946.79,-575.40,1445.71
41,21,0.17487,-380.32,-185.32,580.64,-976.47,-607.38,1490.81
41,22,0.18304,-388.44,-190.49,593.03,-992.54,-631.73,1515.30
41,23,0.19141,-396.57,-195.78,605.44,-972.63,-632.85,1484.67
41,24,0.19971,-404.71,-201.19,617.88,-981.25,-652.56,1498.16
41,25,0.20801,-412.88,-206.74,630.34,-983.09,-667.62,1500.74
41,26,0.21649,-421.05,-212.40,642.82,-963.31,-667.94,1470.86
41,27,0.22473,-429.24,-218.19,655.32,-993.70,-702.91,1517.04
41,28,0.23309,-437.44,-224.11,667.83,-980.66,-707.59,1497.08
41,29,0.24158,-445.65,-230.15,680.37,-968.35,-712.15,1478.06
42,0,0.00000,0.00,0.00,0.00,0.00,0.00,0.00
42,1,0.00793,2.09,44.28,-32.55,263.08,5581.16,-4102.69
42,2,0.01630,4.17,88.57,-65.11,249.64,5295.99,-3893.07
42,3,0.02472,6.26,132.85,-97.66,247.83,5257.61,-3864.86
42,4,0.03302,8.35,177.14,-130.21,251.47,5334.93,-3921.69
42,5,0.04144,10.44,221.42,-162.77,247.83,5257.61,-3864.86
42,6,0.04956,12.52,265.70,-195.32,257.14,5455.26,-4010.15
42,7,0.05780,14.61,309.99,-227.87,253.33,5374.44,-3950.74
42,8,0.06647,16.70,354.27,-260.42,240.85,5109.51,-3755.99
42,9,0.07471,18.79,398.56,-292.98,253.33,5374.44,-3950.74
42,10,0.08301,20.87,442.84,-325.53,251.47,5334.93,-3921.69
42,11,0.09119,21.44,454.86,-334.42,69.78,1469.06,-1086.94
42,12,0.09949,22.02,466.75,-343.33,68.75,1432.40,-1073.90
42,13,0.10785,22.59,478.51,-352.27,68.61,1406.99,-1068.98
42,14,0.11658,23.16,490.15,-361.24,65.73,1333.64,-1027.27
42,15,0.12463,23.74,501.67,-370.23,71.59,1429.26,-1115.91
42,16,0.13293,24.32,513.06,-379.24,69.85,1372.16,-1086.03
42,17,0.14154,24.90,524.32,-388.28,67.38,1308.98,-1050.35
42,18,0.14948,25.48,535.46,-397.35,73.46,1403.99,-1142.31
42,19,0.15833,26.07,546.48,-406.44,65.86,1244.62,-1026.90
42,20,0.16626,26.65,557.37,-415.55,73.85,1372.48,-1148.85
42,21,0.17432,27.24,568.13,-424.69,73.11,1336.16,-1134.47
42,22,0.18280,27.83,578.77,-433.86,69.42,1254.15,-1080.22
42,23,0.19110,28.42,589.29,-443.05,71.32,1266.75,-1106.99
42,24,0.19928,29.01,599.68,-452.26,72.39,1270.37,-1126.49
42,25,0.20770,29.61,609.94,-461.50,70.65,1218.70,-1097.10
42,26,0.21631,30.21,620.08,-470.76,69.50,1178.26,-1076.60
42,27,0.22455,30.80,630.10,-480.05,72.59,1215.45,-1127.41
42,28,0.23285,31.41,639.99,-489.37,72.43,1191.45,-1122.06
42,29,0.24133,32.01,649.75,-498.71,70.86,1151.00,-1100.72
43,0,0.00000,0.00,0.00,0.00,0.00,0.00,0.00
43,1,0.00848,3.48,40.27,-37.30,410.43,4747.08,-4396.04
43,2,0.01630,6.96,80.55,-74.59,445.70,5155.03,-4773.83
43,3,0.02466,10.45,120.82,-111.89,416.42,4816.38,-4460.22
43,4,0.03290,13.93,161.09,-149.18,422.59,4887.73,-4526.30
43,5,0.04126,17.41,201.37,-186.48,416.42,4816.38,-4460.22
43,6,0.04956,20.89,241.64,-223.77,419.49,4851.79,-4493.01
43,7,0.05811,24.37,281.92,-261.07,407.50,4713.17,-4364.64
43,8,0.06622,27.86,322.19,-298.36,428.95,4961.23,-4594.36
43,9,0.07495,31.34,362.46,-335.66,398.95,4614.29,-4273.08
43,10,0.08301,34.82,402.74,-372.96,432.20,4998.82,-4629.17
43,11,0.09125,35.77,413.66,-383.14,115.56,1325.43,-1235.93
43,12,0.09967,36.72,424.45,-393.35,113.04,1281.78,-1211.96
43,13,0.10791,37.68,435.13,-403.58,115.93,1295.09,-1241.85
43,14,0.11658,38.64,445.67,-413.84,110.56,1216.82,-1183.80
43,15,0.12476,39.60,456.09,-424.12,117.54,1274.18,-1257.46
43,16,0.13354,40.56,466.39,-434.43,109.72,1171.48,-1172.92
43,17,0.14154,41.53,476.56,-444.77,120.99,1272.10,-1292.37
43,18,0.14984,42.50,486.61,-455.12,116.54,1210.27,-1247.79
43,19,0.15857,43.47,496.53,-465.51,111.19,1136.70,-1189.51
43,20,0.16650,44.44,506.32,-475.91,122.69,1234.63,-1311.54
43,21,0.17474,45.42,516.00,-486.35,118.52,1173.73,-1266.30
43,22,0.18298,46.40,525.54,-496.80,118.89,1158.55,-1269.26
43,23,0.19171,47.38,534.96,-507.29,112.24,1079.41,-1201.05
43,24,0.20001,48.36,544.26,-517.79,118.38,1119.92,-1265.81
43,25,0.20801,49.35,553.43,-528.33,123.28,1147.03,-1317.18
43,26,0.21613,50.34,562.48,-538.88,121.80,1114.38,-1300.38
43,27,0.22461,51.33,571.40,-549.46,116.91,1051.54,-1247.12
43,28,0.23285,52.32,580.19,-560.07,120.74,1067.53,-1287.41
43,29,0.24158,53.32,588.86,-570.70,113.99,993.49,-1218.18
44,0,0.00000,0.00,0.00,0.00,0.00,0.00,0.00
44,1,0.00806,-9.36,44.34,31.16,-1161.36,5503.81,3868.18
44,2,0.01660,-18.71,88.68,62.33,-1095.00,5189.31,3647.14
44,3,0.02484,-28.07,133.03,93.49,-1135.56,5381.50,3782.22
44,4,0.03351,-37.43,177.37,124.66,-1079.58,5116.21,3595.77
44,5,0.04224,-46.78,221.71,155.82,-1072.03,5080.44,3570.63
44,6,0.04993,-56.14,266.05,186.99,-1216.67,5765.90,4052.38
44,7,0.05847,-65.50,310.40,218.15,-1095.00,5189.31,3647.14
44,8,0.06659,-74.85,354.74,249.32,-1152.63,5462.43,3839.10
44,9,0.07477,-84.21,399.08,280.48,-1144.03,5421.67,3810.45
44,10,0.08337,-93.57,443.42,311.65,-1087.23,5152.50,3621.28
44,11,0.09161,-96.12,455.45,320.16,-310.00,1460.09,1032.96
44,12,0.10004,-98.68,467.36,328.69,-304.35,1413.51,1013.41
44,13,0.10876,-101.25,479.14,337.25,-294.41,1349.77,980.77
44,14,0.11676,-103.83,490.80,345.84,-322.52,1457.78,1073.66
44,15,0.12476,-106.42,502.33,354.44,-323.28,1442.14,1076.34
44,16,0.13318,-109.01,513.73,363.07,-307.61,1354.14,1024.64
44,17,0.14148,-111.61,525.01,371.73,-313.24,1359.01,1042.65
44,18,0.14960,-114.22,536.17,380.41,-321.05,1374.26,1069.17
44,19,0.15820,-116.83,547.20,389.11,-303.55,1281.76,1011.35
44,20,0.16644,-119.45,558.11,397.84,-318.15,1323.55,1059.26
44,21,0.17493,-122.08,568.89,406.59,-309.71,1270.74,1031.29
44,22,0.18335,-124.71,579.54,415.36,-313.04,1265.10,1041.67
44,23,0.19135,-127.36,590.07,424.16,-330.53,1317.07,1100.38
44,24,0.20001,-130.00,600.48,432.98,-305.63,1200.63,1017.96
44,25,0.20923,-132.66,610.76,441.83,-288.41,1115.50,959.93
44,26,0.21661,-135.33,620.91,450.70,-360.74,1375.14,1201.24
44,27,0.22510,-138.00,630.95,459.59,-315.11,1182.33,1048.20
44,28,0.23346,-140.68,640.85,468.51,-320.44,1184.65,1066.42
44,29,0.24158,-143.37,650.63,477.45,-330.83,1204.88,1101.50
45,0,0.00000,0.00,0.00,0.00,0.00,0.00,0.00
45,1,0.00769,31.87,44.31,6.79,4144.05,5761.68,882.54
45,2,0.01593,63.74,88.62,13.57,3867.78,5377.57,823.70
45,3,0.02454,95.61,132.93,20.36,3703.19,5148.74,788.65
45,4,0.03296,127.48,177.24,27.15,3783.70,5260.67,805.80
45,5,0.04144,159.35,221.55,33.94,3756.47,5222.82,800.00
45,6,0.04956,191.22,265.86,40.72,3925.94,5458.44,836.09
45,7,0.05786,223.09,310.17,47.51,3839.34,5338.03,817.65
45,8,0.06628,254.96,354.48,54.30,3783.70,5260.67,805.80
45,9,0.07452,286.83,398.79,61.08,3867.78,5377.57,823.70
45,10,0.08264,318.70,443.10,67.87,3925.94,5458.44,836.09
45,11,0.09125,327.40,455.12,69.72,1011.35,1396.94,215.25
45,12,0.09967,336.13,467.02,71.58,1036.23,1412.47,220.65
45,13,0.10791,344.88,478.79,73.45,1062.22,1428.69,226.30
45,14,0.11633,353.66,490.44,75.32,1042.03,1382.78,222.10
45,15,0.12439,362.46,501.96,77.19,1092.42,1430.13,232.58
45,16,0.13275,371.28,513.36,79.07,1055.47,1362.98,224.82
45,17,0.14124,380.13,524.63,80.96,1043.17,1328.64,222.30
45,18,0.14954,389.01,535.77,82.85,1069.12,1342.89,227.57
45,19,0.15765,397.91,546.80,84.74,1096.24,1357.78,233.46
45,20,0.16620,406.83,557.69,86.64,1044.29,1275.26,222.50
45,21,0.17468,415.78,568.47,88.55,1054.68,1269.71,224.82
45,22,0.18304,424.75,579.11,90.46,1072.99,1273.29,228.47
45,23,0.19147,433.75,589.63,92.38,1068.12,1249.22,227.54
45,24,0.19965,442.77,600.03,94.30,1102.99,1271.22,235.07
45,25,0.20789,451.81,610.30,96.23,1097.78,1246.64,234.07
45,26,0.21625,460.88,620.45,98.16,1084.67,1213.49,231.02
45,27,0.22437,469.98,630.47,100.10,1120.30,1234.59,238.72
45,28,0.23279,479.10,640.37,102.04,1082.61,1175.01,230.80
45,29,0.24127,488.24,650.14,103.99,1077.70,1151.83,229.50
46,0,0.00000,0.00,0.00,0.00,0.00,0.00,0.00
46,1,0.00842,-50.34,-18.42,-12.33,-5976.45,-2186.36,-1463.41
46,2,0.01733,-100.68,-36.83,-24.65,-5648.97,-2066.56,-1383.22
46,3,0.02557,-151.02,-55.25,-36.98,-6109.26,-2234.94,-1495.93
46,4,0.03314,-201.35,-73.66,-49.30,-6651.21,-2433.20,-1628.63
46,5,0.04144,-251.69,-92.08,-61.63,-6064.34,-2218.51,-1484.93
46,6,0.04980,-302.03,-110.49,-73.96,-6020.07,-2202.32,-1474.09
46,7,0.05823,-352.37,-128.91,-86.28,-5976.45,-2186.36,-1463.41
46,8,0.06708,-402.71,-147.32,-98.61,-5687.93,-2080.81,-1392.76
46,9,0.07483,-453.05,-165.74,-110.93,-6494.09,-2375.73,-1590.16
46,10,0.08313,-503.39,-184.15,-123.26,-6064.34,-2218.51,-1484.93
46,11,0.09149,-517.13,-189.24,-126.62,-1643.43,-608.11,-402.19
46,12,0.09998,-530.90,-194.45,-129.99,-1622.66,-614.09,-397.12
46,13,0.10852,-544.69,-199.78,-133.37,-1613.93,-624.34,-395.36
46,14,0.11737,-558.50,-205.24,-136.75,-1561.03,-616.93,-382.07
46,15,0.12592,-572.34,-210.83,-140.14,-1619.29,-653.59,-396.43
46,16,0.13348,-586.20,-216.54,-143.53,-1831.45,-754.44,-448.39
46,17,0.14240,-600.09,-222.37,-146.93,-1558.22,-654.78,-381.51
46,18,0.15033,-614.00,-228.33,-150.34,-1753.08,-751.13,-429.23
46,19,0.15863,-627.93,-234.42,-153.75,-1678.68,-733.05,-411.03
46,20,0.16772,-641.89,-240.63,-157.17,-1534.90,-682.84,-375.84
46,21,0.17529,-655.87,-246.96,-160.59,-1847.58,-837.02,-452.42
46,22,0.18414,-669.88,-253.42,-164.02,-1582.76,-729.92,-387.59
46,23,0.19208,-683.91,-260.01,-167.46,-1768.46,-829.90,-433.08
46,24,0.20038,-697.97,-266.72,-170.90,-1693.38,-808.35,-414.71
46,25,0.20874,-712.05,-273.55,-174.35,-1683.94,-817.39,-412.41
46,26,0.21704,-726.15,-280.51,-177.80,-1699.26,-838.47,-416.18
46,27,0.22589,-740.28,-287.60,-181.27,-1596.55,-800.54,-391.03
46,28,0.23358,-754.44,-294.81,-184.73,-1840.48,-937.52,-450.79
46,29,0.24213,-768.62,-302.14,-188.20,-1659.29,-858.39,-406.43
47,0,0.00000,0.00,0.00,0.00,0.00,0.00,0.00
47,1,0.00793,-52.77,-11.63,-10.27,-6650.38,-1466.11,-1293.85
47,2,0.01666,-105.54,-23.27,-20.53,-6045.80,-1332.82,-1176.22
47,3,0.02490,-158.92,-35.03,-30.91,-6478.52,-1428.26,-1260.00
47,4,0.03314,-211.69,-46.67,-41.18,-6404.07,-1411.81,-1245.93
47,5,0.04144,-264.45,-58.30,-51.45,-6356.99,-1401.42,-1236.76
47,6,0.05023,-318.55,-70.23,-61.97,-6154.51,-1356.84,-1197.22
47,7,0.05853,-371.31,-81.86,-72.24,-6356.99,-1401.42,-1236.76
47,8,0.06665,-424.08,-93.49,-82.50,-6500.38,-1433.04,-1264.66
47,9,0.07520,-476.85,-105.12,-92.77,-6175.36,-1361.38,-1201.43
47,10,0.08368,-529.62,-116.76,-103.03,-6219.78,-1371.18,-1210.07
47,11,0.09192,-544.02,-119.99,-105.83,-1748.15,-392.63,-340.00
47,12,0.10016,-558.45,-123.35,-108.64,-1751.11,-407.80,-340.74
47,13,0.10840,-572.90,-126.84,-111.46,-1754.07,-422.96,-341.48
47,14,0.11676,-587.38,-130.45,-114.27,-1731.39,-431.74,-336.50
47,15,0.12543,-601.88,-134.18,-117.09,-1673.24,-430.96,-325.35
47,16,0.13348,-616.41,-138.04,-119.92,-1803.03,-479.13,-350.76
47,17,0.14215,-630.96,-142.03,-122.75,-1678.87,-459.80,-326.76
47,18,0.15002,-645.54,-146.14,-125.59,-1851.16,-522.02,-360.47
47,19,0.15839,-660.13,-150.37,-128.42,-1745.99,-506.49,-339.42
47,20,0.16669,-674.76,-154.73,-131.27,-1761.76,-525.28,-342.65
47,21,0.17511,-689.41,-159.22,-134.12,-1739.13,-532.50,-338.41
47,22,0.18365,-704.08,-163.83,-136.98,-1717.14,-539.52,-334.29
47,23,0.19183,-718.78,-168.56,-139.83,-1797.01,-578.96,-349.25
47,24,0.20026,-733.50,-173.42,-142.69,-1747.83,-577.03,-339.86
47,25,0.20868,-748.25,-178.41,-145.56,-1750.72,-591.86,-340.58
47,26,0.21667,-763.02,-183.52,-148.44,-1847.33,-639.12,-359.54
47,27,0.22559,-777.81,-188.75,-151.32,-1660.27,-587.49,-323.29
47,28,0.23364,-792.63,-194.12,-154.20,-1839.39,-665.32,-357.58
47,29,0.24176,-807.47,-199.60,-157.09,-1828.57,-675.70,-355.64
48,0,0.00000,0.00,0.00,0.00,0.00,0.00,0.00
48,1,0.00800,-23.89,24.87,42.84,-2988.17,3111.08,5358.40
48,2,0.01666,-47.78,49.75,85.69,-2756.69,2870.08,4943.31
48,3,0.02509,-71.68,74.62,128.53,-2836.59,2953.27,5086.59
48,4,0.03296,-95.57,99.50,171.37,-3034.50,3159.31,5441.47
48,5,0.04126,-119.46,124.37,214.22,-2878.31,2996.70,5161.40
48,6,0.04993,-143.35,149.25,257.06,-2756.69,2870.08,4943.31
48,7,0.05804,-167.25,174.12,299.91,-2943.23,3064.30,5277.82
48,8,0.06628,-191.14,199.00,342.75,-2899.63,3018.90,5199.63
48,9,0.07452,-215.03,223.87,385.59,-2899.63,3018.90,5199.63
48,10,0.08282,-238.92,248.75,428.44,-2878.31,2996.71,5161.40
48,11,0.09143,-245.44,255.47,440.13,-757.80,781.04,1358.87
48,12,0.09979,-251.98,262.07,451.85,-781.39,788.90,1401.09
48,13,0.10797,-258.52,268.54,463.59,-800.37,791.28,1435.45
48,14,0.11676,-265.08,274.89,475.35,-746.18,722.10,1338.19
48,15,0.12463,-271.65,281.11,487.13,-834.50,790.19,1496.51
48,16,0.13342,-278.23,287.20,498.93,-748.96,693.66,1343.06
48,17,0.14166,-284.83,293.18,510.76,-800.37,724.73,1435.19
48,18,0.14972,-291.44,299.02,522.61,-820.08,725.69,1470.45
48,19,0.15796,-298.06,304.74,534.48,-803.33,694.39,1440.74
48,20,0.16638,-304.69,310.34,546.37,-787.32,664.46,1411.96
48,21,0.17480,-311.33,315.81,558.29,-788.77,649.62,1414.49
48,22,0.18317,-317.99,321.16,570.22,-795.99,639.40,1427.37
48,23,0.19177,-324.66,326.38,582.18,-774.82,606.74,1389.36
48,24,0.19977,-331.34,331.48,594.16,-835.50,637.43,1498.09
48,25,0.20801,-338.03,336.45,606.16,-812.22,603.37,1456.67
48,26,0.21637,-344.73,341.30,618.18,-801.82,579.61,1437.96
48,27,0.22455,-351.45,346.02,630.23,-821.27,577.31,1472.76
48,28,0.23297,-358.18,350.61,642.29,-798.91,545.73,1432.61
48,29,0.24152,-364.92,355.09,654.38,-788.93,523.30,1414.64
49,0,0.00000,0.00,0.00,0.00,0.00,0.00,0.00
49,1,0.00793,-21.01,36.71,-35.16,-2647.31,4626.84,-4430.77
49,2,0.01630,-42.01,73.42,-70.31,-2512.04,4390.44,-4204.38
49,3,0.02460,-63.02,110.14,-105.47,-2530.51,4422.72,-4235.29
49,4,0.03302,-84.02,146.85,-140.62,-2493.84,4358.62,-4173.91
49,5,0.04150,-105.03,183.56,-175.78,-2475.90,4327.27,-4143.88
49,6,0.04980,-126.03,220.27,-210.94,-2530.51,4422.72,-4235.29
49,7,0.05817,-147.04,256.98,-246.09,-2512.04,4390.44,-4204.38
49,8,0.06641,-168.04,293.70,-281.25,-2549.26,4455.49,-4266.67
49,9,0.07477,-189.05,330.41,-316.41,-2512.04,4390.44,-4204.38
49,10,0.08289,-210.05,367.12,-351.56,-2587.59,4522.49,-4330.83
49,11,0.09155,-215.81,377.11,-361.20,-664.44,1152.63,-1111.97
49,12,0.09973,-221.56,386.93,-370.82,-702.61,1201.20,-1176.49
49,13,0.10791,-227.32,396.63,-380.47,-704.48,1185.93,-1179.10
49,14,0.11639,-233.09,406.21,-390.13,-680.58,1128.53,-1139.21
49,15,0.12463,-238.88,415.66,-399.82,-702.22,1146.79,-1175.56
49,16,0.13287,-244.68,424.98,-409.52,-703.70,1131.62,-1178.15
49,17,0.14142,-250.49,434.18,-419.25,-680.00,1076.58,-1138.57
49,18,0.14984,-256.31,443.26,-429.00,-691.30,1077.34,-1157.61
49,19,0.15796,-262.15,452.20,-438.78,-719.17,1102.44,-1203.76
49,20,0.16638,-268.00,461.03,-448.57,-694.57,1047.67,-1162.68
49,21,0.17462,-273.86,469.73,-458.38,-711.48,1055.78,-1191.11
49,22,0.18317,-279.74,478.30,-468.22,-687.50,1003.44,-1151.07
49,23,0.19135,-285.62,486.75,-478.08,-719.78,1033.08,-1205.22
49,24,0.19971,-291.52,495.08,-487.95,-705.47,995.52,-1181.39
49,25,0.20807,-297.44,503.28,-497.85,-707.30,980.57,-1183.94
49,26,0.21643,-303.36,511.35,-507.78,-708.76,965.61,-1186.50
49,27,0.22461,-309.30,519.30,-517.72,-726.12,971.94,-1215.67
49,28,0.23322,-315.25,527.12,-527.68,-691.49,909.18,-1157.80
49,29,0.24158,-321.22,534.82,-537.67,-713.14,920.77,-1194.53
50,0,0.00000,0.00,0.00,0.00,0.00,0.00,0.00
50,1,0.00769,20.15,34.45,37.84,2620.63,4479.89,4920.63
50,2,0.01605,40.31,68.90,75.68,2410.22,4120.19,4525.55
50,3,0.02429,60.46,103.36,113.53,2445.93,4181.23,4592.59
50,4,0.03271,80.62,137.81,151.37,2392.75,4090.33,4492.75
50,5,0.04095,100.77,172.26,189.21,2445.93,4181.23,4592.59
50,6,0.04944,120.92,206.71,227.05,2375.54,4060.90,4460.43
50,7,0.05768,141.08,241.17,264.89,2445.93,4181.23,4592.59
50,8,0.06610,161.23,275.62,302.73,2392.75,4090.33,4492.75
50,9,0.07458,181.38,310.07,340.58,2375.54,4060.90,4460.43
50,10,0.08264,201.54,344.52,378.42,2501.52,4276.25,4696.97
50,11,0.09100,207.04,353.86,388.75,658.03,1116.22,1235.40
50,12,0.09961,212.55,363.06,399.10,640.78,1070.02,1203.19
50,13,0.10815,218.08,372.15,409.48,646.79,1063.04,1214.29
50,14,0.11609,223.62,381.11,419.88,697.69,1129.06,1310.38
50,15,0.12427,229.17,389.94,430.29,678.36,1080.07,1273.88
50,16,0.13287,234.73,398.65,440.74,646.10,1011.92,1213.48
50,17,0.14099,240.30,407.23,451.20,686.47,1057.39,1289.10
50,18,0.14966,245.88,415.69,461.69,644.37,975.96,1209.86
50,19,0.15778,251.48,424.02,472.20,689.47,1026.60,1294.36
50,20,0.16644,257.09,432.23,482.73,646.83,947.11,1215.14
50,21,0.17450,262.70,440.32,493.28,697.35,1003.34,1309.85
50,22,0.18268,268.33,448.28,503.85,688.43,973.09,1292.91
50,23,0.19135,273.98,456.11,514.45,651.06,903.84,1222.54
50,24,0.19977,279.63,463.82,525.07,671.38,915.19,1260.87
50,25,0.20776,285.30,471.40,535.71,708.40,948.47,1330.92
50,26,0.21619,290.97,478.86,546.37,673.91,885.52,1265.94
50,27,0.22449,296.66,486.19,557.06,685.29,883.48,1287.13
50,28,0.23285,302.36,493.40,567.77,681.75,862.08,1280.66
50,29,0.24115,308.07,500.49,578.50,688.24,853.37,1292.65
51,0,0.00000,0.00,0.00,0.00,0.00,0.00,0.00
51,1,0.00806,-9.07,39.92,-36.73,-1125.38,4955.33,-4558.71
51,2,0.01624,-18.13,79.85,-73.46,-1108.58,4881.37,-4490.67
51,3,0.02478,-27.20,119.77,-110.18,-1061.07,4672.17,-4298.21
51,4,0.03308,-36.27,159.69,-146.91,-1092.28,4809.59,-4424.63
51,5,0.04163,-45.33,199.62,-183.64,-1061.07,4672.17,-4298.21
51,6,0.04944,-54.40,239.54,-220.37,-1160.55,5110.19,-4701.17
51,7,0.05811,-63.47,279.46,-257.10,-1046.13,4606.36,-4237.68
51,8,0.06641,-72.53,319.39,-293.82,-1092.28,4809.58,-4424.63
51,9,0.07483,-81.60,359.31,-330.55,-1076.45,4739.88,-4360.51
51,10,0.08289,-90.67,399.23,-367.28,-1125.38,4955.33,-4558.71
51,11,0.09131,-93.14,410.06,-377.31,-293.84,1285.27,-1190.58
51,12,0.09949,-95.62,420.76,-387.36,-303.36,1308.36,-1229.10
51,13,0.10791,-98.11,431.34,-397.44,-295.29,1255.59,-1196.38
51,14,0.11621,-100.65,441.97,-407.71,-305.51,1280.61,-1237.87
51,15,0.12463,-103.15,452.29,-417.84,-296.74,1225.66,-1202.17
51,16,0.13306,-105.65,462.49,-427.99,-297.46,1210.81,-1205.07
51,17,0.14136,-108.16,472.56,-438.16,-302.57,1213.56,-1225.74
51,18,0.14966,-110.68,482.51,-448.36,-303.31,1198.49,-1228.68
51,19,0.15796,-113.20,492.33,-458.58,-304.04,1183.44,-1231.62
51,20,0.16650,-115.73,502.03,-468.83,-296.07,1135.00,-1199.29
51,21,0.17468,-118.27,511.60,-479.10,-310.07,1170.53,-1255.97
51,22,0.18286,-120.81,521.05,-489.40,-310.82,1155.25,-1258.96
51,23,0.19128,-123.36,530.38,-499.72,-302.17,1106.93,-1225.36
51,24,0.19983,-125.91,539.58,-510.07,-298.57,1076.48,-1210.71
51,25,0.20813,-128.47,548.65,-520.44,-308.09,1093.08,-1249.26
51,26,0.21643,-131.03,557.60,-530.83,-308.82,1078.03,-1252.21
51,27,0.22473,-133.60,566.42,-541.25,-309.56,1062.97,-1255.15
51,28,0.23303,-136.18,575.12,-551.69,-310.29,1047.91,-1258.09
51,29,0.24158,-138.76,583.69,-562.16,-302.14,1003.34,-1225.00
52,0,0.00000,0.00,0.00,0.00,0.00,0.00,0.00
52,1,0.00806,36.29,38.60,-14.76,4504.55,4791.05,-1832.58
52,2,0.01697,72.58,77.20,-29.53,4072.60,4331.64,-1656.85
52,3,0.02466,108.87,115.80,-44.29,4719.05,5019.20,-1919.84
52,4,0.03320,145.17,154.40,-59.06,4247.14,4517.28,-1727.86
52,5,0.04114,181.46,193.00,-73.82,4573.85,4864.76,-1860.77
52,6,0.04968,217.75,231.60,-88.59,4247.14,4517.28,-1727.86
52,7,0.05811,254.04,270.20,-103.35,4308.70,4582.74,-1752.90
52,8,0.06628,290.33,308.80,-118.12,4437.31,4719.54,-1805.22
52,9,0.07434,326.62,347.40,-132.88,4504.55,4791.05,-1832.58
52,10,0.08276,362.92,386.00,-147.64,4308.70,4582.74,-1752.90
52,11,0.09094,372.82,396.46,-151.68,1211.57,1279.50,-492.91
52,12,0.09949,382.76,406.80,-155.72,1162.50,1210.03,-472.86
52,13,0.10803,392.71,417.02,-159.77,1165.00,1195.41,-473.93
52,14,0.11646,402.69,427.11,-163.82,1184.78,1197.89,-481.88
52,15,0.12463,412.70,437.07,-167.89,1223.13,1218.37,-497.39
52,16,0.13293,422.72,446.91,-171.97,1207.72,1185.39,-491.18
52,17,0.14111,432.77,456.63,-176.06,1228.73,1187.80,-499.63
52,18,0.14941,442.84,466.22,-180.15,1213.24,1155.27,-493.38
52,19,0.15784,452.94,475.68,-184.26,1198.55,1123.69,-487.32
52,20,0.16589,463.06,485.02,-188.37,1256.06,1159.26,-510.61
52,21,0.17419,473.20,494.23,-192.49,1221.69,1110.10,-496.69
52,22,0.18274,483.36,503.32,-196.62,1189.64,1063.75,-483.57
52,23,0.19128,493.55,512.29,-200.77,1192.14,1049.12,-484.64
52,24,0.19922,503.76,521.13,-204.92,1286.92,1114.07,-523.08
52,25,0.20764,514.00,529.84,-209.08,1215.22,1034.65,-493.84
52,26,0.21594,524.25,538.43,-213.24,1235.66,1034.80,-502.21
52,27,0.22412,534.53,546.90,-217.42,1257.09,1034.96,-510.82
52,28,0.23267,544.84,555.24,-221.61,1206.07,975.98,-490.36
52,29,0.24084,555.17,563.45,-225.81,1262.69,1004.40,-513.43
53,0,0.00000,0.00,0.00,0.00,0.00,0.00,0.00
53,1,0.00818,-30.19,44.32,-12.22,-3691.42,5419.06,-1493.66
53,2,0.01648,-60.38,88.64,-24.43,-3637.13,5339.37,-1471.69
53,3,0.02466,-90.57,132.96,-36.65,-3691.42,5419.06,-1493.66
53,4,0.03308,-120.76,177.28,-48.86,-3584.42,5261.99,-1450.36
53,5,0.04150,-150.96,221.60,-61.08,-3584.42,5261.99,-1450.36
53,6,0.04968,-181.15,265.93,-73.30,-3691.42,5419.06,-1493.66
53,7,0.05774,-211.34,310.25,-85.51,-3747.35,5501.17,-1516.29
53,8,0.06653,-241.53,354.57,-97.73,-3435.07,5042.74,-1389.93
53,9,0.07458,-271.72,398.89,-109.95,-3747.35,5501.17,-1516.29
53,10,0.08289,-301.91,443.21,-122.16,-3637.13,5339.37,-1471.69
53,11,0.09143,-310.16,455.23,-125.50,-965.00,1407.28,-390.36
53,12,0.09961,-318.42,467.13,-128.84,-1010.82,1455.00,-408.96
53,13,0.10840,-326.72,478.91,-132.20,-943.40,1339.74,-381.60
53,14,0.11621,-335.03,490.56,-135.56,-1064.45,1491.21,-430.86
53,15,0.12476,-343.37,502.08,-138.94,-975.71,1348.76,-395.00
53,16,0.13293,-351.73,513.48,-142.32,-1022.39,1393.87,-413.81
53,17,0.14136,-360.11,524.76,-145.72,-995.29,1338.62,-402.90
53,18,0.14966,-368.52,535.91,-149.12,-1012.87,1343.26,-409.93
53,19,0.15820,-376.95,546.94,-152.53,-986.43,1290.25,-399.29
53,20,0.16650,-385.40,557.84,-155.95,-1018.38,1313.13,-412.13
53,21,0.17480,-393.88,568.61,-159.38,-1021.32,1298.07,-413.24
53,22,0.18298,-402.38,579.26,-162.82,-1039.18,1302.17,-420.52
53,23,0.19153,-410.90,589.79,-166.27,-997.50,1231.72,-403.93
53,24,0.19983,-419.45,600.19,-169.73,-1029.41,1252.90,-416.91
53,25,0.20789,-428.02,610.46,-173.20,-1063.64,1275.36,-430.68
53,26,0.21643,-436.61,620.61,-176.68,-1005.71,1187.83,-407.14
53,27,0.22485,-445.23,630.64,-180.17,-1022.83,1190.22,-414.13
53,28,0.23315,-453.87,640.54,-183.67,-1040.81,1192.67,-421.32
53,29,0.24133,-462.53,650.31,-187.17,-1058.96,1195.17,-428.73
54,0,0.00000,0.00,0.00,0.00,0.00,0.00,0.00
54,1,0.00793,12.45,19.83,49.77,1569.23,2498.83,6272.31
54,2,0.01648,24.90,39.65,99.54,1457.14,2320.35,5824.29
54,3,0.02478,37.35,59.48,149.30,1500.00,2388.59,5995.59
54,4,0.03271,49.80,79.31,199.07,1569.23,2498.83,6272.31
54,5,0.04150,62.26,99.14,248.84,1416.67,2255.89,5662.50
54,6,0.04956,74.71,118.96,298.61,1545.45,2460.97,6177.27
54,7,0.05811,87.16,138.79,348.38,1457.14,2320.35,5824.29
54,8,0.06677,99.61,158.62,398.14,1436.62,2287.67,5742.25
54,9,0.07471,112.06,178.44,447.91,1569.23,2498.83,6272.31
54,10,0.08289,124.51,198.27,497.68,1522.39,2424.24,6085.07
54,11,0.09155,127.91,203.62,511.27,392.25,616.69,1567.61
54,12,0.09985,131.32,208.84,524.88,410.29,628.85,1639.71
54,13,0.10791,134.73,213.93,538.51,423.48,632.39,1692.42
54,14,0.11621,138.15,218.90,552.17,411.76,598.72,1645.22
54,15,0.12451,141.57,223.75,565.85,412.50,583.66,1648.16
54,16,0.13293,145.00,228.47,579.56,407.25,560.37,1627.17
54,17,0.14136,148.44,233.06,593.29,407.97,545.53,1630.07
54,18,0.14978,151.88,237.53,607.04,408.70,530.68,1632.97
54,19,0.15771,155.33,241.88,620.82,434.62,547.58,1736.54
54,20,0.16614,158.78,246.10,634.62,410.14,501.01,1638.77
54,21,0.17493,162.24,250.19,648.45,393.75,465.91,1573.26
54,22,0.18335,165.71,254.16,662.30,411.59,471.32,1644.57
54,23,0.19189,169.18,258.01,676.18,406.43,449.96,1623.93
54,24,0.19934,172.66,261.73,690.08,467.21,499.56,1866.80
54,25,0.20789,176.15,265.32,704.00,407.86,420.70,1629.64
54,26,0.21594,179.64,268.79,717.95,433.33,430.68,1731.44
54,27,0.22473,183.14,272.13,731.93,397.92,380.57,1589.93
54,28,0.23267,186.64,275.35,745.93,441.54,405.81,1764.23
54,29,0.24109,190.15,278.45,759.95,416.30,367.44,1664.86
55,0,0.00000,0.00,0.00,0.00,0.00,0.00,0.00
55,1,0.00757,-54.46,4.91,5.92,-7195.56,649.05,781.85
55,2,0.01599,-108.92,9.82,11.83,-6465.58,583.21,702.54
55,3,0.02441,-163.38,14.74,17.75,-6465.58,583.21,702.54
55,4,0.03247,-217.83,19.65,23.67,-6759.47,609.72,734.47
55,5,0.04126,-272.29,24.56,29.59,-6196.18,558.91,673.26
55,6,0.04944,-326.75,29.47,35.50,-6658.58,600.62,723.51
55,7,0.05786,-381.21,34.39,41.42,-6465.58,583.21,702.54
55,8,0.06592,-435.67,39.30,47.34,-6759.47,609.72,734.47
55,9,0.07446,-490.13,44.21,53.26,-6373.21,574.88,692.50
55,10,0.08264,-544.59,49.12,59.17,-6658.58,600.62,723.51
55,11,0.09082,-559.45,50.40,60.79,-1817.54,156.16,197.39
55,12,0.09949,-574.34,51.55,62.41,-1717.96,132.94,186.62
55,13,0.10779,-589.25,52.58,64.03,-1796.69,123.75,195.22
55,14,0.11584,-604.19,53.48,65.65,-1854.17,111.98,201.52
55,15,0.12415,-619.16,54.26,67.28,-1802.94,93.63,195.96
55,16,0.13257,-634.15,54.91,68.91,-1779.71,77.43,193.48
55,17,0.14087,-649.16,55.44,70.54,-1808.82,63.51,196.32
55,18,0.14941,-664.20,55.84,72.17,-1760.00,47.06,191.07
55,19,0.15784,-679.27,56.12,73.80,-1788.41,32.91,194.20
55,20,0.16614,-694.35,56.27,75.44,-1817.65,18.34,197.43
55,21,0.17444,-709.51,56.30,77.09,-1825.37,3.26,198.16
55,22,0.18286,-724.65,56.20,78.73,-1797.46,-11.65,195.29
55,23,0.19116,-739.81,55.98,80.38,-1826.84,-26.88,198.53
55,24,0.19946,-755.00,55.63,82.03,-1829.78,-41.95,198.53
55,25,0.20776,-770.21,55.15,83.68,-1832.72,-57.00,198.90
55,26,0.21606,-785.45,54.56,85.33,-1835.66,-72.06,199.26
55,27,0.22412,-800.71,53.83,86.99,-1894.32,-89.76,205.68
55,28,0.23267,-816.00,52.98,88.65,-1789.29,-99.26,194.29
55,29,0.24121,-831.31,52.01,90.31,-1792.14,-113.89,194.64
56,0,0.00000,0.00,0.00,0.00,0.00,0.00,0.00
56,1,0.00830,-14.96,0.05,52.93,-1802.21,6.14,6376.10
56,2,0.01672,-29.92,0.10,105.85,-1776.09,6.05,6283.70
56,3,0.02527,-44.88,0.15,158.78,-1750.71,5.97,6193.93
56,4,0.03345,-59.84,0.20,211.71,-1829.10,6.23,6471.27
56,5,0.04187,-75.18,0.26,266.00,-1821.74,6.20,6446.38
56,6,0.05017,-90.14,0.31,318.93,-1802.21,6.14,6376.10
56,7,0.05872,-105.10,0.36,371.86,-1750.71,5.97,6193.93
56,8,0.06677,-120.06,0.41,424.78,-1856.82,6.33,6569.32
56,9,0.07532,-135.02,0.46,477.71,-1750.71,5.97,6193.93
56,10,0.08374,-149.98,0.51,530.64,-1776.09,6.05,6283.70
56,11,0.09167,-154.06,0.46,545.08,-514.62,-6.12,1820.77
56,12,0.10034,-158.15,0.29,559.56,-471.83,-20.03,1669.72
56,13,0.10840,-162.25,-0.01,574.05,-508.33,-37.06,1799.24
56,14,0.11682,-166.35,-0.43,588.57,-487.32,-50.29,1723.91
56,15,0.12512,-170.47,-0.98,603.11,-495.22,-66.09,1751.84
56,16,0.13367,-174.58,-1.66,617.68,-481.79,-78.83,1704.64
56,17,0.14233,-178.71,-2.46,632.29,-476.41,-92.29,1685.92
56,18,0.15002,-182.84,-3.38,646.91,-536.90,-120.12,1900.40
56,19,0.15857,-186.98,-4.43,661.54,-484.29,-122.74,1713.21
56,20,0.16675,-191.12,-5.60,676.21,-506.72,-143.52,1792.91
56,21,0.17517,-195.27,-6.90,690.90,-492.75,-154.20,1743.84
56,22,0.18359,-199.43,-8.32,705.61,-493.48,-169.04,1746.74
56,23,0.19189,-203.59,-9.87,720.35,-501.84,-186.59,1775.37
56,24,0.20020,-207.77,-11.55,735.10,-502.57,-201.64,1777.94
56,25,0.20825,-211.94,-13.35,749.89,-518.56,-223.27,1834.85
56,26,0.21692,-216.13,-15.27,764.69,-482.75,-221.97,1708.45
56,27,0.22498,-220.32,-17.32,779.53,-520.08,-254.30,1840.91
56,28,0.23364,-224.52,-19.49,794.38,-484.51,-250.81,1714.08
56,29,0.24170,-228.72,-21.79,809.26,-521.97,-285.33,1846.97
57,0,0.00000,0.00,0.00,0.00,0.00,0.00,0.00
57,1,0.00781,20.58,-12.04,-49.56,2633.98,-1541.61,-6344.14
57,2,0.01624,41.16,-24.09,-99.13,2443.12,-1429.91,-5884.42
57,3,0.02478,61.73,-36.13,-148.69,2408.21,-1409.48,-5800.36
57,4,0.03296,82.31,-48.18,-198.25,2516.04,-1472.59,-6060.07
57,5,0.04102,102.89,-60.22,-247.82,2554.17,-1494.90,-6151.89
57,6,0.04980,123.47,-72.26,-297.38,2341.32,-1370.33,-5639.24
57,7,0.05786,144.05,-84.31,-346.95,2554.17,-1494.90,-6151.89
57,8,0.06604,164.62,-96.35,-396.51,2516.04,-1472.59,-6060.07
57,9,0.07434,185.20,-108.39,-446.07,2479.04,-1450.93,-5970.96
57,10,0.08252,205.78,-120.44,-495.64,2516.04,-1472.59,-6060.07
57,11,0.09094,211.40,-123.79,-509.16,667.03,-397.40,-1606.16
57,12,0.09985,217.03,-127.26,-522.72,631.51,-389.65,-1520.89
57,13,0.10767,222.66,-130.86,-536.29,721.48,-460.44,-1737.50
57,14,0.11621,228.31,-134.58,-549.89,660.71,-435.60,-1591.43
57,15,0.12451,233.96,-138.42,-563.51,681.25,-463.48,-1640.81
57,16,0.13281,239.63,-142.40,-577.15,682.35,-478.53,-1643.75
57,17,0.14099,245.30,-146.49,-590.82,693.66,-500.96,-1671.27
57,18,0.14990,250.99,-150.72,-604.51,638.01,-473.81,-1536.30
57,19,0.15796,256.68,-155.06,-618.23,706.82,-539.58,-1702.27
57,20,0.16614,262.38,-159.54,-631.96,697.39,-546.81,-1679.48
57,21,0.17432,268.10,-164.13,-645.72,698.51,-562.10,-1682.46
57,22,0.18274,273.82,-168.86,-659.51,679.35,-560.64,-1636.23
57,23,0.19116,279.55,-173.70,-673.31,680.43,-575.49,-1639.13
57,24,0.20007,285.29,-178.67,-687.14,644.18,-557.98,-1552.05
57,25,0.20837,291.04,-183.77,-700.99,692.65,-614.07,-1668.75
57,26,0.21631,296.80,-188.99,-714.87,726.15,-658.16,-1748.85
57,27,0.22485,302.57,-194.34,-728.77,675.36,-625.78,-1626.43
57,28,0.23291,308.35,-199.81,-742.69,717.42,-679.22,-1728.03
57,29,0.24109,314.14,-205.41,-756.63,707.84,-684.36,-1704.85
58,0,0.00000,0.00,0.00,0.00,0.00,0.00,0.00
58,1,0.00830,-11.08,-1.04,-53.86,-1334.93,-125.35,-6488.97
58,2,0.01562,-22.16,-2.08,-107.73,-1512.92,-142.06,-7354.17
58,3,0.02417,-33.24,-3.12,-161.59,-1296.79,-121.77,-6303.57
58,4,0.03210,-44.32,-4.16,-215.45,-1396.54,-131.14,-6788.46
58,5,0.04065,-55.40,-5.20,-269.32,-1296.79,-121.77,-6303.57
58,6,0.04968,-66.49,-6.24,-323.18,-1226.69,-115.19,-5962.84
58,7,0.05798,-77.57,-7.28,-377.04,-1334.93,-125.35,-6488.97
58,8,0.06543,-88.65,-8.32,-430.91,-1488.11,-139.73,-7233.61
58,9,0.07385,-99.73,-9.36,-484.77,-1315.58,-123.53,-6394.93
58,10,0.08203,-110.81,-10.41,-538.64,-1354.85,-127.22,-6585.82
58,11,0.09131,-113.83,-10.75,-553.34,-325.99,-37.33,-1584.87
58,12,0.09949,-116.86,-11.22,-568.07,-370.52,-57.63,-1800.75
58,13,0.10803,-119.90,-11.82,-582.82,-355.00,-69.78,-1726.43
58,14,0.11560,-122.94,-12.54,-597.60,-401.61,-95.31,-1952.42
58,15,0.12415,-125.98,-13.39,-612.40,-356.43,-99.04,-1732.14
58,16,0.13220,-129.03,-14.36,-627.22,-378.41,-120.56,-1840.15
58,17,0.14172,-132.09,-15.45,-642.07,-320.83,-115.14,-1559.62
58,18,0.15015,-135.15,-16.68,-656.95,-363.41,-145.00,-1765.94
58,19,0.15894,-138.21,-18.02,-671.84,-348.61,-153.18,-1695.14
58,20,0.16553,-141.28,-19.49,-686.77,-465.74,-223.20,-2263.89
58,21,0.17383,-144.35,-21.09,-701.72,-370.22,-192.31,-1800.74
58,22,0.18225,-147.43,-22.81,-716.69,-365.58,-204.36,-1777.54
58,23,0.19128,-150.52,-24.66,-731.68,-341.55,-204.39,-1660.14
58,24,0.19971,-153.61,-26.63,-746.70,-366.67,-234.04,-1783.33
58,25,0.20813,-156.70,-28.72,-761.75,-367.39,-248.88,-1786.23
58,26,0.21570,-159.80,-30.95,-776.82,-409.68,-293.50,-1991.13
58,27,0.22400,-162.91,-33.29,-791.91,-373.90,-282.66,-1818.38
58,28,0.23218,-166.02,-35.76,-807.03,-380.22,-302.16,-1848.51
58,29,0.24072,-169.13,-38.36,-822.17,-364.64,-303.84,-1772.14
59,0,0.00000,0.00,0.00,0.00,0.00,0.00,0.00
59,1,0.00830,53.51,7.23,10.47,6446.32,870.59,1261.03
59,2,0.01660,107.02,14.45,20.94,6446.32,870.59,1261.03
59,3,0.02551,160.53,21.68,31.40,6004.79,810.96,1174.66
59,4,0.03381,214.04,28.91,41.87,6446.32,870.59,1261.03
59,5,0.04150,267.55,36.13,52.34,6957.94,939.68,1361.11
59,6,0.04968,321.06,43.36,62.81,6542.54,883.58,1279.85
59,7,0.05798,374.57,50.59,73.27,6446.32,870.59,1261.03
59,8,0.06641,428.08,57.81,83.74,6352.90,857.97,1242.75
59,9,0.07471,481.59,65.04,94.21,6446.32,870.59,1261.03
59,10,0.08301,535.10,72.27,104.68,6446.32,870.59,1261.03
59,11,0.09131,549.70,74.17,107.53,1759.56,229.91,344.12
59,12,0.10010,564.33,75.96,110.39,1664.58,202.91,325.69
59,13,0.10791,578.99,77.62,113.26,1875.78,212.27,366.80
59,14,0.11646,593.66,79.15,116.13,1717.86,179.45,336.07
59,15,0.12488,608.37,80.56,119.01,1745.65,167.21,341.67
59,16,0.13379,623.10,81.84,121.89,1652.74,144.02,323.29
59,17,0.14160,637.85,83.00,124.78,1888.28,148.27,369.53
59,18,0.14978,652.62,84.03,127.67,1806.72,126.35,353.36
59,19,0.15833,667.43,84.94,130.56,1732.14,106.31,338.93
59,20,0.16663,682.25,85.72,133.46,1786.03,94.37,349.26
59,21,0.17480,697.10,86.38,136.37,1815.67,80.49,355.22
59,22,0.18311,711.98,86.92,139.28,1791.91,64.26,350.74
59,23,0.19141,726.87,87.32,142.19,1794.85,49.20,351.10
59,24,0.19995,741.80,87.61,145.11,1746.79,33.16,341.79
59,25,0.20825,756.75,87.77,148.04,1801.10,19.07,352.21
59,26,0.21667,771.73,87.80,150.97,1777.90,3.96,347.83
59,27,0.22559,786.72,87.71,153.90,1683.22,-10.28,329.45
59,28,0.23401,801.75,87.49,156.84,1783.70,-25.72,348.91
59,29,0.24182,816.80,87.15,159.79,1926.17,-43.74,376.95
60,0,0.00000,0.00,0.00,0.00,0.00,0.00,0.00
60,1,0.00806,-34.18,-36.47,-22.96,-4242.05,-4526.38,-2849.62
60,2,0.01648,-68.35,-72.93,-45.92,-4057.61,-4329.58,-2725.72
60,3,0.02466,-102.53,-109.40,-68.88,-4178.73,-4458.82,-2807.09
60,4,0.03308,-136.71,-145.87,-91.83,-4057.61,-4329.58,-2725.72
60,5,0.04126,-170.88,-182.34,-114.79,-4178.73,-4458.82,-2807.09
60,6,0.04993,-205.06,-218.80,-137.75,-3943.31,-4207.62,-2648.94
60,7,0.05798,-239.24,-255.27,-160.71,-4242.05,-4526.38,-2849.62
60,8,0.06641,-273.41,-291.74,-183.67,-4057.61,-4329.58,-2725.72
60,9,0.07471,-307.59,-328.21,-206.63,-4117.28,-4393.25,-2765.81
60,10,0.08313,-341.77,-364.67,-229.58,-4057.61,-4329.58,-2725.72
60,11,0.09131,-351.10,-374.68,-235.85,-1141.04,-1223.68,-766.42
60,12,0.09961,-360.45,-384.82,-242.14,-1126.47,-1220.74,-756.99
60,13,0.10791,-369.82,-395.07,-248.43,-1129.04,-1235.81,-758.46
60,14,0.11633,-379.21,-405.46,-254.74,-1115.22,-1232.74,-749.28
60,15,0.12476,-388.63,-415.96,-261.07,-1117.75,-1247.58,-750.72
60,16,0.13306,-398.07,-426.60,-267.40,-1136.76,-1280.98,-763.60
60,17,0.14160,-407.52,-437.36,-273.76,-1106.43,-1259.01,-743.57
60,18,0.14978,-417.00,-448.24,-280.12,-1158.58,-1330.67,-778.36
60,19,0.15808,-426.49,-459.25,-286.51,-1144.12,-1326.16,-768.75
60,20,0.16626,-436.01,-470.38,-292.90,-1163.81,-1361.24,-781.72
60,21,0.17456,-445.55,-481.64,-299.31,-1149.26,-1356.28,-772.06
60,22,0.18298,-455.11,-493.02,-305.73,-1134.78,-1351.46,-762.32
60,23,0.19141,-464.69,-504.53,-312.16,-1137.32,-1366.30,-764.13
60,24,0.19971,-474.29,-516.16,-318.62,-1156.62,-1401.46,-777.21
60,25,0.20801,-483.91,-527.92,-325.08,-1159.19,-1416.51,-778.68
60,26,0.21655,-493.55,-539.80,-331.56,-1128.57,-1390.67,-758.21
60,27,0.22473,-503.22,-551.81,-338.05,-1181.34,-1468.22,-793.66
60,28,0.23315,-512.90,-563.95,-344.56,-1149.64,-1440.51,-772.46
60,29,0.24146,-522.60,-576.20,-351.08,-1169.12,-1476.75,-785.66
61,0,0.00000,0.00,0.00,0.00,0.00,0.00,0.00
61,1,0.00818,37.92,-31.11,-24.87,4636.94,-3804.19,-3041.42
61,2,0.01648,75.85,-62.23,-49.75,4568.75,-3748.25,-2996.69
61,3,0.02502,113.77,-93.34,-74.62,4438.21,-3641.16,-2911.07
61,4,0.03308,151.70,-124.45,-99.50,4707.20,-3861.83,-3087.50
61,5,0.04187,189.62,-155.57,-124.37,4314.93,-3540.01,-2830.21
61,6,0.04993,227.55,-186.68,-149.25,4707.20,-3861.83,-3087.50
61,7,0.05835,265.47,-217.79,-174.12,4502.54,-3693.93,-2953.26
61,8,0.06665,303.39,-248.91,-199.00,4568.75,-3748.25,-2996.69
61,9,0.07532,341.32,-280.02,-223.87,4375.70,-3589.87,-2870.07
61,10,0.08374,379.24,-311.13,-248.75,4502.54,-3693.93,-2953.26
61,11,0.09155,389.60,-319.68,-255.54,1325.39,-1094.14,-869.14
61,12,0.09998,399.97,-328.35,-262.34,1231.88,-1029.70,-807.97
61,13,0.10852,410.37,-337.15,-269.16,1216.43,-1029.61,-797.86
61,14,0.11670,420.78,-346.08,-275.99,1273.51,-1091.00,-835.45
61,15,0.12488,431.22,-355.12,-282.84,1276.12,-1106.28,-836.94
61,16,0.13330,441.68,-364.30,-289.70,1241.67,-1089.06,-814.49
61,17,0.14197,440.93,-373.83,-294.73,-85.92,-1100.23,-579.93
61,18,0.15015,434.32,-383.26,-298.96,-808.96,-1152.52,-517.16
61,19,0.15869,427.23,-392.81,-303.48,-828.93,-1117.76,-529.64
61,20,0.16687,420.82,-402.49,-308.46,-784.70,-1183.09,-608.21
61,21,0.17517,415.41,-412.29,-313.88,-651.84,-1180.75,-652.94
61,22,0.18323,410.80,-422.21,-319.70,-571.21,-1232.05,-722.35
61,23,0.19153,406.73,-432.26,-325.87,-490.44,-1210.87,-743.75
61,24,0.20020,403.13,-442.44,-332.38,-415.14,-1174.13,-751.41
61,25,0.20825,400.02,-452.74,-339.22,-386.36,-1278.60,-849.24
61,26,0.21667,397.41,-463.17,-346.38,-310.14,-1237.84,-850.00
61,27,0.22498,395.32,-473.72,-353.85,-251.10,-1271.11,-898.90
61,28,0.23389,393.78,-484.40,-361.59,-173.29,-1198.07,-869.52
62,0,0.00000,0.00,0.00,0.00,0.00,0.00,0.00
62,1,0.00830,32.50,0.00,-38.00,3914.71,0.00,-4578.31
62,2,0.01672,64.99,0.00,-76.01,3857.97,0.00,-4511.96
62,3,0.02502,97.49,0.00,-114.01,3914.71,0.00,-4578.31
62,4,0.03320,129.98,0.00,-152.01,3973.13,0.00,-4646.64
62,5,0.04150,162.48,0.00,-190.02,3914.71,0.00,-4578.31
62,6,0.04980,194.97,0.00,-228.02,3914.71,0.00,-4578.31
62,7,0.05847,227.47,0.00,-266.02,3749.30,0.00,-4384.86
62,8,0.06653,259.96,0.00,-304.03,4033.33,0.00,-4717.05
62,9,0.07483,292.46,0.00,-342.03,3914.71,0.00,-4578.31
62,10,0.08313,324.95,0.00,-380.04,3914.71,0.00,-4578.31
62,11,0.09143,324.95,0.00,-380.04,0.00,0.00,0.00
62,12,0.09973,325.15,-0.04,-380.27,23.90,-4.45,-28.31
62,13,0.10852,333.29,-1.54,-389.79,926.04,-170.67,-1083.33
62,14,0.11670,341.46,-3.04,-399.35,999.25,-183.41,-1168.66
62,15,0.12500,349.67,-4.54,-408.95,988.60,-180.71,-1156.25
62,16,0.13330,357.90,-6.04,-418.58,992.28,-180.71,-1160.66
62,17,0.14172,366.17,-7.54,-428.26,981.88,-178.09,-1148.55
62,18,0.15015,374.48,-9.04,-437.97,985.87,-178.09,-1152.90
62,19,0.15808,382.81,-10.54,-447.71,1050.38,-189.05,-1228.46
62,20,0.16663,391.18,-12.04,-457.50,979.29,-175.55,-1145.36
62,21,0.17493,399.58,-13.54,-467.32,1012.13,-180.71,-1183.46
62,22,0.18335,408.18,-15.07,-477.38,1021.01,-181.63,-1194.20
62,23,0.19189,416.65,-16.57,-487.28,990.71,-175.55,-1158.57
62,24,0.19995,425.15,-18.07,-497.22,1054.92,-186.19,-1233.71
62,25,0.20837,433.68,-19.57,-507.20,1012.68,-178.09,-1184.42
62,26,0.21704,442.25,-21.07,-517.23,989.79,-173.37,-1157.39
62,27,0.22522,450.85,-22.57,-527.28,1051.12,-183.41,-1229.10
62,28,0.23340,459.48,-24.07,-537.37,1054.85,-183.41,-1233.96
62,29,0.24158,468.14,-25.57,-547.50,1058.96,-183.41,-1238.43
63,0,0.00000,0.00,0.00,0.00,0.00,0.00,0.00
63,1,0.00793,6.60,-7.18,-54.13,831.54,-904.30,-6821.92
63,2,0.01624,13.20,-14.35,-108.26,794.85,-864.40,-6520.96
63,3,0.02454,19.79,-21.53,-162.39,794.85,-864.40,-6520.96
63,4,0.03345,26.39,-28.70,-216.52,740.41,-805.20,-6074.32
63,5,0.04187,32.99,-35.88,-270.65,783.33,-851.87,-6426.45
63,6,0.04944,39.59,-43.05,-324.77,871.77,-948.05,-7152.02
63,7,0.05774,46.19,-50.23,-378.90,794.85,-864.40,-6520.96
63,8,0.06604,52.78,-57.40,-433.03,794.85,-864.40,-6520.96
63,9,0.07495,59.38,-64.58,-487.16,740.41,-805.20,-6074.32
63,10,0.08264,65.98,-71.75,-541.29,857.94,-933.00,-7038.49
63,11,0.09155,67.78,-73.77,-556.07,202.05,-226.61,-1658.22
63,12,0.09924,69.58,-75.92,-570.87,234.52,-278.84,-1924.60
63,13,0.10767,71.39,-78.19,-585.69,214.49,-269.43,-1760.14
63,14,0.11597,73.20,-80.58,-600.54,218.01,-288.45,-1788.97
63,15,0.12451,75.01,-83.10,-615.42,212.14,-294.84,-1740.71
63,16,0.13342,77.16,-85.74,-630.08,241.44,-296.75,-1644.86
63,17,0.14124,80.07,-88.51,-644.19,371.48,-354.48,-1807.03
63,18,0.14954,83.70,-91.41,-657.79,437.50,-348.69,-1637.87
63,19,0.15808,88.24,-94.43,-671.46,532.14,-353.35,-1600.36
63,20,0.16626,93.89,-97.57,-686.47,689.93,-384.46,-1834.33
63,21,0.17480,100.43,-100.84,-703.31,765.71,-382.61,-1971.79
63,22,0.18311,107.21,-104.23,-721.84,816.18,-408.93,-2231.62
63,23,0.19202,113.01,-107.75,-740.75,651.71,-394.94,-2122.60
63,24,0.19958,117.13,-111.40,-757.42,543.55,-481.53,-2202.82
63,25,0.20801,120.07,-115.17,-765.82,349.64,-447.52,-997.10
63,26,0.21643,123.78,-119.06,-768.41,440.58,-462.36,-306.88
63,27,0.22485,128.62,-123.08,-767.84,574.28,-477.20,67.03
63,28,0.23364,134.90,-127.23,-765.53,714.58,-471.54,262.85
64,0,0.00000,0.00,0.00,0.00,0.00,0.00,0.00
64,1,0.00867,21.08,-31.59,-39.79,2431.69,-3644.83,-4590.49
64,2,0.01721,42.15,-63.18,-79.57,2466.43,-3696.90,-4656.07
64,3,0.02490,63.23,-94.77,-119.36,2740.48,-4107.66,-5173.41
64,4,0.03333,84.30,-126.36,-159.14,2502.17,-3750.48,-4723.55
64,5,0.04150,105.38,-157.95,-198.93,2576.87,-3862.43,-4864.55
64,6,0.05005,126.45,-189.54,-238.71,2466.43,-3696.90,-4656.07
64,7,0.05884,147.53,-221.13,-278.50,2397.92,-3594.21,-4526.74
64,8,0.06665,168.60,-252.72,-318.29,2697.66,-4043.49,-5092.58
64,9,0.07556,189.68,-284.31,-358.07,2365.07,-3544.98,-4464.73
64,10,0.08362,210.75,-315.90,-397.86,2615.91,-3920.96,-4938.26
64,11,0.09192,216.51,-324.58,-408.72,693.01,-1045.43,-1308.46
64,12,0.10034,222.27,-333.38,-419.60,684.42,-1045.11,-1292.39
64,13,0.10864,228.05,-342.31,-430.51,695.96,-1075.55,-1313.97
64,14,0.11780,233.84,-351.36,-441.44,632.33,-988.81,-1193.67
64,15,0.12549,239.64,-360.54,-452.39,754.37,-1193.42,-1423.81
64,16,0.13440,245.45,-369.84,-463.36,652.05,-1043.96,-1231.51
64,17,0.14221,251.27,-379.27,-474.36,745.31,-1206.77,-1407.42
64,18,0.15063,257.11,-388.82,-485.38,692.75,-1134.16,-1307.97
64,19,0.15894,262.95,-398.50,-496.41,704.41,-1165.90,-1329.78
64,20,0.16748,268.81,-408.30,-507.48,685.71,-1147.22,-1294.64
64,21,0.17639,274.68,-418.23,-518.56,658.56,-1114.10,-1243.84
64,22,0.18408,280.56,-428.28,-529.67,764.68,-1307.19,-1444.05
64,23,0.19238,286.46,-438.46,-540.79,709.93,-1226.14,-1340.44
64,24,0.20081,292.36,-448.76,-551.94,701.09,-1223.21,-1323.91
64,25,0.20947,298.28,-459.19,-563.12,682.75,-1203.17,-1289.08
64,26,0.21814,304.21,-469.74,-574.31,683.80,-1217.59,-1291.55
64,27,0.22571,310.18,-480.48,-585.59,789.11,-1418.44,-1489.92
64,28,0.23413,316.13,-491.28,-596.83,706.52,-1282.65,-1334.42
64,29,0.24243,322.09,-502.21,-608.09,718.38,-1316.57,-1356.62
65,0,0.00000,0.00,0.00,0.00,0.00,0.00,0.00
65,1,0.00793,17.03,44.07,-28.16,2146.92,5553.91,-3548.85
65,2,0.01624,34.07,88.14,-56.32,2052.21,5308.88,-3392.28
65,3,0.02454,51.10,132.20,-84.48,2052.21,5308.88,-3392.28
65,4,0.03308,68.14,176.27,-112.63,1993.57,5157.20,-3295.36
65,5,0.04126,85.17,220.34,-140.79,2082.84,5388.12,-3442.91
65,6,0.04956,102.21,264.41,-168.95,2052.21,5308.88,-3392.28
65,7,0.05811,119.24,308.47,-197.11,1993.57,5157.20,-3295.36
65,8,0.06628,136.28,352.54,-225.27,2082.84,5388.12,-3442.91
65,9,0.07458,153.31,396.61,-253.43,2052.21,5308.88,-3392.28
65,10,0.08301,170.35,440.68,-281.59,2022.46,5231.94,-3343.12
65,11,0.09155,175.00,452.63,-289.28,544.29,1399.20,-900.00
65,12,0.09961,179.67,464.47,-296.99,579.17,1468.48,-957.20
65,13,0.10803,184.34,476.17,-304.72,555.43,1389.79,-918.12
65,14,0.11633,189.04,487.75,-312.48,565.07,1395.17,-934.19
65,15,0.12463,193.74,499.21,-320.25,566.54,1380.11,-936.76
65,16,0.13330,198.46,510.54,-328.05,544.37,1307.37,-899.65
65,17,0.14148,203.19,521.75,-335.87,578.36,1370.14,-955.97
65,18,0.14966,207.93,532.83,-343.71,579.85,1354.86,-958.58
65,19,0.15796,212.68,543.78,-351.57,572.79,1319.88,-947.06
65,20,0.16638,217.45,554.61,-359.45,566.30,1285.90,-935.87
65,21,0.17456,222.24,565.32,-367.36,584.70,1309.00,-966.42
65,22,0.18298,227.03,575.90,-375.28,569.20,1256.23,-940.94
65,23,0.19128,231.84,586.36,-383.23,579.04,1259.64,-957.35
65,24,0.19971,236.66,596.69,-391.20,572.46,1226.54,-946.01
65,25,0.20764,241.49,606.89,-399.19,609.23,1286.26,-1006.92
65,26,0.21606,246.34,616.97,-407.20,575.36,1196.86,-951.09
65,27,0.22437,251.20,626.93,-415.23,585.29,1199.40,-967.65
65,28,0.23328,256.07,636.76,-423.28,546.92,1103.22,-903.77
65,29,0.24109,260.96,646.47,-431.36,625.39,1242.36,-1033.59
66,0,0.00000,0.00,0.00,0.00,0.00,0.00,0.00
66,1,0.00842,-44.08,-5.54,-32.43,-5232.97,-657.46,-3850.00
66,2,0.01660,-88.15,-11.08,-64.86,-5389.18,-677.08,-3964.93
66,3,0.02563,-132.23,-16.61,-97.28,-4879.39,-613.03,-3589.86
66,4,0.03345,-176.31,-22.15,-129.71,-5641.80,-708.82,-4150.78
66,5,0.04175,-220.38,-27.69,-162.14,-5309.93,-667.12,-3906.62
66,6,0.05017,-264.46,-33.23,-194.57,-5232.97,-657.46,-3850.00
66,7,0.05847,-308.54,-38.76,-227.00,-5309.93,-667.12,-3906.62
66,8,0.06665,-352.61,-44.30,-259.42,-5389.18,-677.08,-3964.93
66,9,0.07532,-396.69,-49.84,-291.85,-5085.56,-638.94,-3741.55
66,10,0.08362,-440.77,-55.38,-324.28,-5309.93,-667.12,-3906.62
66,11,0.09241,-452.80,-56.95,-333.13,-1368.75,-178.94,-1006.94
66,12,0.10022,-464.85,-58.65,-342.00,-1542.58,-217.32,-1134.77
66,13,0.10876,-476.92,-60.47,-350.88,-1412.86,-213.31,-1039.29
66,14,0.11694,-489.01,-62.42,-359.77,-1478.36,-238.15,-1087.69
66,15,0.12598,-501.13,-64.49,-368.69,-1341.22,-229.54,-986.82
66,16,0.13379,-513.26,-66.69,-377.61,-1552.73,-281.32,-1142.58
66,17,0.14209,-525.41,-69.01,-386.55,-1463.97,-279.83,-1077.21
66,18,0.15051,-537.58,-71.46,-395.51,-1445.29,-290.61,-1063.04
66,19,0.15894,-549.77,-74.03,-404.48,-1447.46,-305.46,-1064.86
66,20,0.16785,-561.99,-76.73,-413.46,-1370.55,-302.75,-1008.22
66,21,0.17542,-574.22,-79.55,-422.46,-1616.13,-372.98,-1189.11
66,22,0.18384,-586.47,-82.50,-431.48,-1454.71,-349.98,-1070.29
66,23,0.19226,-598.75,-85.57,-440.51,-1457.25,-364.82,-1072.10
66,24,0.20056,-611.04,-88.77,-449.55,-1480.88,-385.24,-1089.71
66,25,0.20886,-623.35,-92.09,-458.61,-1483.46,-400.30,-1091.18
66,26,0.21716,-635.68,-95.54,-467.68,-1485.66,-415.36,-1093.01
66,27,0.22620,-648.04,-99.11,-476.77,-1367.57,-395.52,-1006.08
66,28,0.23401,-660.41,-102.81,-485.87,-1583.98,-473.32,-1165.23
66,29,0.24255,-672.81,-106.64,-494.99,-1450.36,-447.38,-1067.14
67,0,0.00000,0.00,0.00,0.00,0.00,0.00,0.00
67,1,0.00842,-26.45,-15.99,45.50,-3139.86,-1898.89,5401.45
67,2,0.01685,-52.89,-31.99,90.99,-3139.86,-1898.89,5401.45
67,3,0.02576,-79.34,-47.98,136.49,-2967.81,-1794.84,5105.48
67,4,0.03345,-105.79,-63.98,181.98,-3438.89,-2079.74,5915.87
67,5,0.04163,-132.23,-79.97,227.48,-3233.58,-1955.57,5562.69
67,6,0.05005,-158.68,-95.96,272.97,-3139.86,-1898.89,5401.45
67,7,0.05847,-185.13,-111.96,318.47,-3139.86,-1898.89,5401.45
67,8,0.06714,-211.57,-127.95,363.96,-3051.41,-1845.40,5249.30
67,9,0.07495,-238.02,-143.95,409.46,-3385.16,-2047.24,5823.44
67,10,0.08374,-264.47,-159.94,454.96,-3009.03,-1819.77,5176.39
67,11,0.09167,-271.68,-164.37,467.37,-909.62,-557.63,1565.00
67,12,0.09985,-278.91,-168.91,479.81,-883.96,-556.26,1520.90
67,13,0.10828,-286.16,-173.59,492.28,-860.14,-554.98,1479.71
67,14,0.11658,-293.41,-178.39,504.76,-874.26,-578.21,1504.04
67,15,0.12561,-300.68,-183.31,517.27,-804.73,-545.16,1384.46
67,16,0.13391,-307.97,-188.36,529.79,-877.21,-608.32,1509.19
67,17,0.14185,-315.26,-193.54,542.34,-919.23,-652.15,1581.54
67,18,0.15015,-322.56,-198.84,554.91,-880.15,-638.44,1514.34
67,19,0.15869,-329.89,-204.26,567.51,-856.79,-634.96,1473.93
67,20,0.16736,-337.22,-209.81,580.12,-845.77,-640.32,1455.28
67,21,0.17517,-344.56,-215.49,592.76,-939.84,-726.34,1617.19
67,22,0.18359,-351.91,-221.29,605.41,-873.19,-688.55,1502.90
67,23,0.19189,-359.28,-227.21,618.09,-887.50,-713.74,1527.57
67,24,0.20007,-366.66,-233.26,630.80,-902.24,-739.68,1552.99
67,25,0.20850,-374.05,-239.44,643.52,-877.54,-733.07,1510.51
67,26,0.21680,-381.46,-245.73,656.26,-892.28,-758.92,1535.29
67,27,0.22583,-388.88,-252.16,669.03,-821.28,-711.22,1413.18
67,28,0.23340,-396.31,-258.71,681.81,-981.85,-865.39,1689.52
67,29,0.24182,-403.75,-265.38,694.62,-883.70,-792.44,1520.65
68,0,0.00000,0.00,0.00,0.00,0.00,0.00,0.00
68,1,0.00879,30.44,-27.96,-36.29,3463.19,-3181.41,-4128.47
68,2,0.01685,60.88,-55.92,-72.57,3778.03,-3470.63,-4503.79
68,3,0.02490,91.31,-83.88,-108.86,3778.03,-3470.63,-4503.79
68,4,0.03345,121.75,-111.85,-145.14,3562.14,-3272.31,-4246.43
68,5,0.04163,152.19,-139.81,-181.43,3721.64,-3418.83,-4436.57
68,6,0.04993,182.63,-167.77,-217.71,3666.91,-3368.55,-4371.32
68,7,0.05823,213.07,-195.73,-254.00,3666.91,-3368.55,-4371.32
68,8,0.06726,243.51,-223.69,-290.28,3369.59,-3095.43,-4016.89
68,9,0.07495,273.94,-251.65,-326.57,3957.94,-3635.90,-4718.25
68,10,0.08337,304.38,-279.62,-362.85,3613.77,-3319.73,-4307.97
68,11,0.09155,312.69,-287.30,-372.76,1016.04,-940.05,-1211.19
68,12,0.10059,321.02,-295.12,-382.68,921.62,-864.96,-1098.65
68,13,0.10828,329.36,-303.06,-392.63,1084.52,-1032.24,-1293.25
68,14,0.11670,337.71,-311.12,-402.59,992.03,-957.32,-1182.97
68,15,0.12537,346.09,-319.31,-412.58,966.20,-944.78,-1151.76
68,16,0.13342,354.48,-327.62,-422.58,1041.29,-1031.87,-1241.67
68,17,0.14209,362.88,-336.06,-432.60,969.72,-973.62,-1156.34
68,18,0.15112,371.30,-344.62,-442.64,932.09,-947.99,-1111.49
68,19,0.15857,379.79,-353.36,-452.76,1139.75,-1173.74,-1359.02
68,20,0.16760,388.24,-362.18,-462.84,935.81,-975.74,-1115.88
68,21,0.17542,396.78,-371.19,-473.03,1093.36,-1154.17,-1303.91
68,22,0.18359,405.27,-380.26,-483.15,1037.31,-1108.39,-1236.94
68,23,0.19214,413.77,-389.45,-493.28,995.00,-1075.52,-1186.43
68,24,0.20081,422.29,-398.77,-503.44,982.75,-1074.79,-1171.83
68,25,0.20923,430.82,-408.21,-513.61,1013.04,-1120.79,-1207.97
68,26,0.21692,439.37,-417.77,-523.81,1111.51,-1243.78,-1325.79
68,27,0.22510,447.93,-427.46,-534.02,1047.39,-1184.81,-1248.88
68,28,0.23340,456.52,-437.28,-544.26,1033.82,-1182.44,-1232.72
68,29,0.24170,465.11,-447.22,-554.51,1035.66,-1197.51,-1234.93
69,0,0.00000,0.00,0.00,0.00,0.00,0.00,0.00
69,1,0.00818,33.95,-30.49,-30.71,4150.75,-3728.07,-3754.85
69,2,0.01660,67.90,-60.98,-61.42,4030.43,-3620.01,-3646.01
69,3,0.02551,101.84,-91.47,-92.13,3809.59,-3421.65,-3446.23
69,4,0.03320,135.79,-121.96,-122.84,4414.29,-3964.77,-3993.25
69,5,0.04138,169.74,-152.45,-153.55,4150.75,-3728.07,-3754.85
69,6,0.04980,203.69,-182.94,-184.26,4030.43,-3620.01,-3646.01
69,7,0.05847,237.63,-213.44,-214.97,3916.90,-3518.03,-3543.31
69,8,0.06689,271.58,-243.93,-245.68,4030.43,-3620.01,-3646.01
69,9,0.07471,305.53,-274.42,-276.39,4345.31,-3902.82,-3930.86
69,10,0.08301,339.48,-304.91,-307.10,4089.71,-3673.24,-3699.63
69,11,0.09155,348.75,-313.29,-315.48,1084.64,-980.49,-981.07
69,12,0.09985,358.03,-321.79,-323.88,1118.75,-1024.39,-1012.13
69,13,0.10803,367.34,-330.42,-332.30,1137.69,-1054.96,-1029.10
69,14,0.11646,376.66,-339.17,-340.73,1106.88,-1039.23,-1001.45
69,15,0.12537,386.00,-348.05,-349.19,1048.29,-996.31,-948.29
69,16,0.13391,395.36,-357.05,-357.65,1095.36,-1053.64,-991.07
69,17,0.14148,404.74,-366.18,-366.14,1239.11,-1206.11,-1120.97
69,18,0.14990,414.14,-375.43,-374.64,1115.58,-1098.59,-1009.42
69,19,0.15820,423.55,-384.81,-383.16,1134.19,-1129.80,-1026.10
69,20,0.16675,432.98,-394.32,-391.69,1103.93,-1112.15,-998.93
69,21,0.17493,442.43,-403.94,-400.24,1155.60,-1177.23,-1045.52
69,22,0.18335,451.90,-413.70,-408.81,1124.28,-1157.95,-1017.39
69,23,0.19214,461.39,-423.58,-417.40,1079.51,-1123.93,-976.74
69,24,0.20020,471.00,-433.68,-426.09,1192.42,-1254.78,-1078.79
69,25,0.20850,480.53,-443.81,-434.71,1147.79,-1220.32,-1038.24
69,26,0.21729,490.07,-454.07,-443.34,1086.11,-1166.74,-982.64
69,27,0.22510,499.64,-464.45,-452.00,1224.22,-1328.59,-1107.42
69,28,0.23401,509.22,-474.95,-460.67,1075.34,-1178.82,-972.95
69,29,0.24182,518.82,-485.58,-469.35,1228.91,-1360.59,-1111.72
70,0,0.00000,0.00,0.00,0.00,0.00,0.00,0.00
70,1,0.00793,52.40,-9.11,14.00,6604.23,-1148.65,1764.62
70,2,0.01611,104.80,-18.23,28.00,6407.09,-1114.37,1711.94
70,3,0.02454,157.21,-27.34,42.00,6221.38,-1082.07,1662.32
70,4,0.03271,209.61,-36.46,56.01,6407.09,-1114.37,1711.94
70,5,0.04114,262.01,-45.57,70.01,6221.38,-1082.07,1662.32
70,6,0.04944,314.41,-54.68,84.01,6312.87,-1097.98,1686.76
70,7,0.05798,366.81,-63.80,98.01,6132.50,-1066.61,1638.57
70,8,0.06628,419.21,-72.91,112.01,6312.87,-1097.98,1686.76
70,9,0.07471,471.62,-82.03,126.01,6221.38,-1082.07,1662.32
70,10,0.08301,524.02,-91.14,140.01,6312.87,-1097.98,1686.76
70,11,0.09143,538.32,-93.69,143.84,1698.19,-302.53,453.62
70,12,0.09973,552.65,-96.36,147.66,1726.10,-322.04,461.03
70,13,0.10803,567.00,-99.16,151.50,1729.04,-337.10,462.13
70,14,0.11658,581.38,-102.08,155.34,1682.50,-342.09,449.64
70,15,0.12463,595.78,-105.13,159.19,1787.50,-378.34,477.65
70,16,0.13330,610.20,-108.30,163.04,1664.08,-366.12,444.72
70,17,0.14148,624.65,-111.60,166.90,1766.42,-403.26,472.01
70,18,0.15002,639.12,-115.03,170.77,1693.57,-400.61,452.50
70,19,0.15820,653.62,-118.57,174.65,1772.39,-433.83,473.88
70,20,0.16675,668.14,-122.25,178.53,1699.29,-429.87,454.29
70,21,0.17456,682.68,-126.05,182.42,1861.72,-486.17,497.66
70,22,0.18298,697.25,-129.97,186.31,1729.71,-465.78,462.32
70,23,0.19128,711.84,-134.02,190.21,1758.09,-487.69,469.85
70,24,0.20007,726.46,-138.19,194.12,1663.19,-474.82,444.44
70,25,0.20911,741.10,-142.49,198.03,1620.95,-475.82,433.45
70,26,0.21631,755.77,-146.91,201.95,2036.44,-614.15,544.49
70,27,0.22498,770.46,-151.46,205.88,1694.72,-524.77,453.17
70,28,0.23340,785.17,-156.13,209.81,1746.74,-554.82,467.03
70,29,0.24158,799.91,-160.93,213.75,1801.87,-586.67,481.72
71,0,0.00000,0.00,0.00,0.00,0.00,0.00,0.00
71,1,0.00793,49.35,-4.61,-23.83,6220.00,-581.05,-3003.46
71,2,0.01636,98.71,-9.22,-47.66,5859.42,-547.36,-2829.35
71,3,0.02478,148.06,-13.83,-71.49,5859.42,-547.36,-2829.35
71,4,0.03308,197.41,-18.44,-95.32,5945.59,-555.41,-2870.96
71,5,0.04150,246.77,-23.05,-119.16,5859.42,-547.36,-2829.35
71,6,0.05005,296.12,-27.66,-142.99,5775.71,-539.54,-2788.93
71,7,0.05798,345.47,-32.27,-166.82,6220.00,-581.05,-3003.46
71,8,0.06628,394.82,-36.88,-190.65,5945.59,-555.41,-2870.96
71,9,0.07507,444.18,-41.49,-214.48,5615.28,-524.56,-2711.46
71,10,0.08289,493.53,-46.10,-238.31,6317.19,-590.12,-3050.39
71,11,0.09180,507.00,-47.42,-244.82,1511.64,-148.11,-730.14
71,12,0.10010,520.50,-48.87,-251.33,1625.74,-174.06,-784.93
71,13,0.10828,534.01,-50.44,-257.86,1652.61,-191.94,-798.13
71,14,0.11621,547.55,-52.13,-264.40,1706.15,-213.61,-823.85
71,15,0.12476,561.11,-53.95,-270.95,1587.14,-212.97,-766.43
71,16,0.13330,574.69,-55.90,-277.51,1589.64,-227.61,-767.50
71,17,0.14148,588.30,-57.97,-284.08,1663.81,-253.08,-803.36
71,18,0.14954,601.93,-60.16,-290.66,1691.67,-272.43,-817.05
71,19,0.15808,615.58,-62.48,-297.25,1597.50,-271.49,-771.43
71,20,0.16638,629.26,-64.93,-303.85,1647.43,-294.54,-795.59
71,21,0.17456,642.95,-67.50,-310.47,1674.63,-314.21,-808.58
71,22,0.18311,656.67,-70.19,-317.09,1605.36,-315.38,-775.36
71,23,0.19116,670.67,-73.01,-322.95,1737.12,-350.01,-726.89
71,24,0.19958,685.40,-75.96,-327.35,1748.91,-349.63,-522.46
71,25,0.20801,700.56,-79.03,-331.48,1800.00,-364.47,-490.58
71,26,0.21631,715.77,-82.22,-336.05,1832.35,-384.89,-550.74
71,27,0.22473,730.64,-85.54,-341.43,1765.94,-394.15,-638.77
71,28,0.23315,744.85,-88.99,-347.75,1686.96,-409.00,-749.64
71,29,0.24170,758.73,-92.56,-354.45,1623.93,-417.78,-784.29
72,0,0.00000,0.00,0.00,0.00,0.00,0.00,0.00
72,1,0.00830,-4.47,-11.24,-53.65,-538.97,-1354.05,-6463.60
72,2,0.01685,-8.95,-22.48,-107.31,-523.57,-1315.36,-6278.93
72,3,0.02527,-13.42,-33.72,-160.96,-531.16,-1334.43,-6369.93
72,4,0.03345,-17.90,-44.96,-214.61,-547.01,-1374.26,-6560.07
72,5,0.04175,-22.37,-56.20,-268.26,-538.97,-1354.05,-6463.60
72,6,0.05127,-26.84,-67.44,-321.92,-469.87,-1180.45,-5634.94
72,7,0.05933,-31.32,-78.68,-375.57,-555.30,-1395.08,-6659.47
72,8,0.06689,-35.79,-89.92,-429.22,-591.13,-1485.09,-7089.11
72,9,0.07507,-40.26,-101.16,-482.88,-547.01,-1374.26,-6560.07
72,10,0.08350,-44.74,-112.40,-536.53,-531.16,-1334.43,-6369.93
72,11,0.09155,-45.96,-115.52,-551.17,-151.52,-388.23,-1817.80
72,12,0.09998,-47.18,-118.78,-565.84,-145.29,-386.19,-1741.67
72,13,0.10889,-48.41,-122.16,-580.54,-137.33,-379.06,-1648.97
72,14,0.11670,-49.63,-125.66,-595.26,-157.03,-448.36,-1883.98
72,15,0.12488,-50.86,-129.29,-610.00,-150.37,-443.58,-1802.99
72,16,0.13330,-53.10,-133.04,-621.29,-265.94,-445.56,-1339.86
72,17,0.14172,-57.14,-136.92,-627.59,-478.62,-460.40,-747.83
72,18,0.15002,-62.84,-140.92,-630.91,-687.50,-482.23,-400.37
72,19,0.15845,-70.47,-145.05,-632.50,-905.80,-490.08,-188.04
72,20,0.16687,-80.21,-149.30,-633.31,-1156.16,-504.92,-96.38
72,21,0.17517,-92.08,-153.68,-634.24,-1430.51,-527.41,-112.50
72,22,0.18359,-105.76,-158.18,-636.00,-1623.55,-534.60,-208.70
72,23,0.19202,-120.42,-162.81,-638.85,-1740.58,-549.45,-338.41
72,24,0.20081,-134.91,-167.56,-642.43,-1648.26,-540.77,-407.64
72,25,0.20935,-148.31,-172.44,-646.43,-1568.57,-570.85,-468.21
72,26,0.21692,-161.40,-177.44,-652.11,-1729.44,-661.03,-749.60
72,27,0.22534,-173.97,-182.57,-659.41,-1492.39,-608.81,-866.67
72,28,0.23376,-185.86,-187.82,-668.21,-1412.32,-623.65,-1045.65
72,29,0.24207,-196.96,-193.20,-678.39,-1337.13,-647.87,-1226.10
73,0,0.00000,0.00,0.00,0.00,0.00,0.00,0.00
73,1,0.00818,-1.67,-15.84,52.65,-204.48,-1936.39,6436.94
73,2,0.01746,-3.34,-31.67,105.29,-180.26,-1707.08,5674.67
73,3,0.02588,-5.02,-47.51,157.94,-198.55,-1880.26,6250.36
73,4,0.03320,-6.69,-63.35,210.58,-228.33,-2162.30,7187.92
73,5,0.04138,-8.36,-79.19,263.23,-204.48,-1936.39,6436.94
73,6,0.04980,-10.03,-95.02,315.88,-198.55,-1880.26,6250.36
73,7,0.05835,-11.71,-110.86,368.52,-195.71,-1853.40,6161.07
73,8,0.06653,-13.38,-126.70,421.17,-204.48,-1936.39,6436.94
73,9,0.07471,-15.05,-142.53,473.81,-204.48,-1936.39,6436.94
73,10,0.08301,-16.72,-158.37,526.46,-201.47,-1907.92,6342.28
73,11,0.09155,-17.18,-162.75,540.83,-53.57,-512.79,1681.79
73,12,0.09973,-17.64,-167.26,555.22,-55.97,-551.04,1760.07
73,13,0.10876,-18.10,-171.89,569.64,-50.68,-512.75,1596.28
73,14,0.11792,-18.55,-176.65,584.09,-50.00,-519.57,1577.67
73,15,0.12549,-19.02,-181.53,598.56,-60.89,-645.27,1912.50
73,16,0.13318,-19.48,-186.54,613.06,-59.92,-651.05,1884.92
73,17,0.14148,-19.94,-191.67,627.58,-55.51,-618.23,1749.26
73,18,0.14978,-20.40,-196.93,642.12,-55.51,-633.30,1752.21
73,19,0.15869,-20.86,-202.31,656.69,-51.71,-603.94,1634.93
73,20,0.16650,-21.32,-207.82,671.29,-59.38,-704.88,1867.97
73,21,0.17480,-21.79,-213.45,685.91,-55.88,-678.47,1761.40
73,22,0.18298,-22.25,-219.21,700.55,-56.72,-703.88,1790.67
73,23,0.19128,-22.71,-225.09,715.22,-55.88,-708.59,1767.28
73,24,0.19971,-23.18,-231.10,729.93,-55.43,-714.02,1746.74
73,25,0.20837,-23.65,-237.23,744.65,-53.87,-707.51,1698.24
73,26,0.21643,-24.11,-243.49,759.40,-57.95,-776.62,1830.30
73,27,0.22522,-24.58,-249.87,774.17,-53.12,-726.13,1680.56
73,28,0.23328,-25.05,-256.38,788.96,-58.33,-807.66,1836.36
73,29,0.24133,-25.52,-263.01,803.78,-58.33,-823.17,1839.39
