trial,frame,t_s,x_cm,y_cm,z_cm,vx,vy,vz
0,0,0.00000,0.00,0.00,0.00,680.37,-197.53,1485.23
0,1,0.00806,5.55,-1.84,12.10,688.26,-228.08,1502.27
0,2,0.01641,11.08,-3.90,24.19,662.28,-246.88,1446.21
0,3,0.02459,16.60,-6.19,36.24,675.37,-279.69,1474.25
0,4,0.03297,22.11,-8.70,48.28,657.32,-299.66,1435.49
0,5,0.04171,27.62,-11.44,60.29,629.87,-313.37,1375.02
0,6,0.04996,33.11,-14.40,72.28,665.43,-358.88,1452.50
0,7,0.05824,38.59,-17.59,84.25,662.73,-385.42,1446.86
0,8,0.06667,44.06,-21.00,96.19,649.05,-404.79,1416.83
0,9,0.07480,49.52,-24.64,108.11,671.29,-447.26,1465.67
0,10,0.08324,54.97,-28.50,120.01,645.93,-457.75,1410.13
0,11,0.09150,60.41,-32.59,131.89,658.54,-494.70,1437.49
0,12,0.10008,65.84,-36.90,143.74,632.53,-502.45,1380.98
0,13,0.10815,71.29,-41.46,155.63,674.86,-565.05,1472.97
0,14,0.11661,76.70,-46.23,167.44,639.71,-563.53,1396.75
0,15,0.12473,82.10,-51.21,179.22,664.41,-613.97,1450.52
0,16,0.13309,87.48,-56.43,190.99,644.75,-624.08,1407.85
0,17,0.14176,92.86,-61.87,202.73,619.88,-626.97,1353.39
0,18,0.15012,98.23,-67.53,214.44,641.97,-677.33,1401.09
0,19,0.15814,103.58,-73.42,226.14,667.94,-734.39,1458.42
0,20,0.16641,108.93,-79.53,237.81,646.49,-739.24,1411.07
0,21,0.17522,114.26,-85.87,249.45,605.89,-719.96,1323.05
0,22,0.18333,119.59,-92.43,261.08,656.02,-808.57,1432.33
0,23,0.19164,124.91,-99.22,272.68,640.44,-817.84,1397.79
0,24,0.19974,130.21,-106.24,284.27,654.61,-865.64,1429.38
0,25,0.20834,135.50,-113.48,295.82,615.25,-841.13,1342.91
0,26,0.21645,140.79,-120.94,307.36,651.36,-920.31,1422.39
0,27,0.22480,146.06,-128.63,318.87,631.81,-921.19,1379.16
0,28,0.23314,151.32,-136.54,330.36,631.29,-949.02,1377.86
0,29,0.24159,156.58,-144.68,341.82,621.30,-962.78,1356.32
0,30,0.24990,161.82,-153.04,353.27,631.04,-1006.66,1377.41
0,31,0.25817,167.05,-161.63,364.69,632.47,-1038.51,1381.18
0,32,0.26659,172.27,-170.45,376.09,619.93,-1046.41,1353.26
0,33,0.27471,177.48,-179.49,387.47,642.11,-1113.47,1401.50
0,34,0.28300,182.68,-188.75,398.82,627.05,-1117.04,1368.91
0,35,0.29148,187.88,-198.24,410.15,612.42,-1119.45,1336.81
0,36,0.30000,193.05,-207.95,421.46,608.24,-1140.86,1327.96
0,37,0.30830,198.26,-217.96,432.82,626.26,-1204.52,1367.49
0,38,0.31666,203.41,-228.13,444.08,617.35,-1216.80,1347.95
0,39,0.32484,208.56,-238.52,455.32,629.48,-1270.41,1374.25
0,40,0.33337,213.70,-249.13,466.53,601.97,-1243.41,1313.67
0,41,0.34175,218.83,-259.97,477.73,612.02,-1294.05,1336.25
0,42,0.35024,223.95,-271.04,488.90,602.70,-1303.11,1315.72
0,43,0.35849,229.05,-282.33,500.05,619.06,-1368.96,1351.71
0,44,0.36655,234.15,-293.84,511.18,631.98,-1427.95,1379.75
0,45,0.37500,239.24,-305.58,522.28,602.35,-1390.09,1314.54
0,46,0.38323,244.31,-317.55,533.36,616.50,-1453.50,1346.06
0,47,0.39175,249.38,-329.74,544.42,594.98,-1431.73,1298.57
0,48,0.39986,254.43,-342.15,555.45,623.14,-1530.86,1360.68
0,49,0.40830,259.48,-354.79,566.46,597.29,-1496.66,1303.70
0,50,0.41656,264.51,-367.66,577.45,609.42,-1557.05,1330.01
0,51,0.42504,269.53,-380.75,588.42,592.62,-1544.36,1293.97
0,52,0.43318,274.55,-394.07,599.36,615.93,-1635.68,1344.33
0,53,0.44156,279.55,-407.61,610.28,597.09,-1616.36,1303.83
0,54,0.45004,284.54,-421.37,621.18,588.49,-1622.53,1284.53
0,55,0.45822,289.52,-435.36,632.06,608.96,-1710.59,1329.85
0,56,0.46658,294.49,-449.58,642.91,594.53,-1700.04,1297.81
0,57,0.47499,299.46,-464.02,653.74,590.20,-1717.54,1288.20
0,58,0.48341,304.41,-478.68,664.55,587.68,-1741.14,1282.97
0,59,0.49178,306.08,-495.45,670.32,199.45,-2003.46,689.15
0,60,0.50002,306.15,-496.31,670.59,9.27,-104.34,33.36
1,0,0.00000,0.00,0.00,0.00,668.23,-190.75,1429.96
1,1,0.00806,5.64,-1.84,12.06,699.34,-227.86,1495.93
1,2,0.01655,11.27,-3.90,24.11,663.31,-243.11,1419.42
1,3,0.02476,16.89,-6.19,36.12,684.39,-278.65,1463.94
1,4,0.03316,22.50,-8.71,48.14,668.85,-299.74,1431.06
1,5,0.04140,28.10,-11.44,60.12,678.63,-331.98,1451.99
1,6,0.04987,33.69,-14.41,72.07,660.41,-350.19,1412.44
1,7,0.05816,39.26,-17.59,84.00,672.31,-384.41,1438.45
1,8,0.06654,44.83,-21.01,95.90,663.88,-407.05,1419.84
1,9,0.07482,50.38,-24.65,107.79,670.97,-439.48,1435.58
1,10,0.08327,55.93,-28.51,119.65,656.55,-457.39,1404.16
1,11,0.09157,61.46,-32.60,131.48,666.54,-492.49,1426.10
1,12,0.09980,66.99,-36.91,143.30,670.99,-523.92,1435.40
1,13,0.10834,72.50,-41.45,155.09,645.58,-531.55,1381.23
1,14,0.11634,78.00,-46.21,166.86,687.51,-595.14,1470.73
1,15,0.12473,83.49,-51.20,178.61,654.18,-594.35,1399.64
1,16,0.13306,88.97,-56.41,190.34,658.48,-626.29,1408.62
1,17,0.14156,94.44,-61.85,202.04,643.45,-639.83,1377.02
1,18,0.14994,99.90,-67.51,213.72,651.14,-675.40,1392.90
1,19,0.15813,105.35,-73.40,225.38,665.42,-719.25,1424.04
1,20,0.16638,110.78,-79.51,237.01,658.78,-740.53,1409.24
1,21,0.17472,116.21,-85.85,248.62,650.69,-760.05,1392.50
1,22,0.18317,121.63,-92.41,260.21,640.79,-776.38,1370.76
1,23,0.19144,127.04,-99.20,271.77,653.87,-820.78,1398.52
1,24,0.19976,132.43,-106.22,283.32,648.81,-843.31,1388.26
1,25,0.20820,137.82,-113.45,294.84,638.34,-857.78,1365.28
1,26,0.21643,143.19,-120.92,306.34,652.83,-906.58,1396.85
1,27,0.22488,148.56,-128.60,317.81,635.23,-910.29,1358.63
1,28,0.23338,153.91,-136.52,329.27,629.80,-931.04,1347.58
1,29,0.24192,159.25,-144.66,340.70,625.36,-952.39,1337.50
1,30,0.25008,164.58,-153.02,352.10,653.08,-1024.45,1397.38
1,31,0.25816,169.91,-161.61,363.49,659.36,-1063.95,1410.59
1,32,0.26660,175.22,-170.42,374.85,628.73,-1043.49,1345.26
1,33,0.27483,180.52,-179.46,386.19,644.53,-1098.92,1378.85
1,34,0.28313,185.81,-188.72,397.51,637.13,-1115.93,1363.24
1,35,0.29162,191.09,-198.21,408.80,621.74,-1117.36,1330.10
1,36,0.29990,196.35,-207.92,420.07,635.73,-1172.30,1360.22
1,37,0.30824,201.61,-217.86,431.32,630.56,-1191.77,1348.95
1,38,0.31654,206.86,-228.02,442.55,632.93,-1225.48,1353.82
1,39,0.32504,208.75,-239.76,445.75,221.90,-1381.22,376.30
1,40,0.33324,209.95,-252.00,447.31,146.60,-1492.01,190.14
1,41,0.34213,211.16,-264.45,448.90,136.54,-1399.75,179.07
1,42,0.35004,212.39,-277.12,450.52,155.06,-1601.21,205.21
1,43,0.35822,213.63,-290.00,452.19,151.26,-1576.64,203.55
1,44,0.36664,214.87,-303.10,453.87,148.19,-1555.32,200.00
1,45,0.37523,216.14,-316.42,455.60,147.07,-1549.93,201.07
1,46,0.38309,217.41,-329.95,457.35,161.94,-1721.96,222.52
1,47,0.39168,216.80,-342.14,458.69,-70.69,-1418.76,155.95
1,48,0.40007,215.77,-354.55,459.30,-123.27,-1479.11,73.45
1,49,0.40825,214.73,-367.19,459.92,-126.49,-1545.25,75.37
1,50,0.41665,213.70,-380.05,460.53,-122.80,-1531.33,72.66
1,51,0.42474,212.68,-393.14,461.14,-126.79,-1618.39,75.85
1,52,0.43323,211.65,-406.45,461.75,-121.11,-1567.82,71.88
1,53,0.44172,210.68,-421.12,462.73,-114.65,-1727.41,115.00
1,54,0.45009,211.57,-437.28,467.18,107.20,-1930.97,532.00
1,55,0.45813,212.93,-453.40,472.32,168.50,-2004.52,639.47
1,56,0.46688,214.32,-469.72,477.52,158.67,-1864.56,593.55
1,57,0.47494,218.06,-483.67,479.03,464.39,-1731.59,187.12
1,58,0.48347,221.68,-489.81,478.19,424.66,-719.12,-97.94
2,0,0.00000,0.00,0.00,0.00,836.26,-193.55,1365.20
2,1,0.00854,6.95,-1.84,11.35,814.66,-215.24,1329.76
2,2,0.01678,13.90,-3.90,22.68,842.59,-250.31,1375.19
2,3,0.02515,20.83,-6.19,33.99,827.32,-273.07,1350.09
2,4,0.03291,27.74,-8.70,45.28,892.13,-324.14,1456.30
2,5,0.04131,34.65,-11.44,56.55,821.05,-325.60,1340.11
2,6,0.05030,41.54,-14.40,67.79,766.72,-329.63,1251.27
2,7,0.05795,48.41,-17.59,79.02,898.50,-416.55,1466.80
2,8,0.06629,55.28,-21.00,90.22,823.06,-409.23,1343.46
2,9,0.07495,62.13,-24.64,101.40,791.19,-420.07,1291.28
2,10,0.08331,68.97,-28.50,112.56,818.63,-462.35,1335.89
2,11,0.09129,75.79,-32.59,123.70,855.07,-512.20,1395.79
2,12,0.09955,82.60,-36.90,134.82,824.38,-521.94,1345.52
2,13,0.10798,89.40,-41.44,145.92,806.52,-538.24,1316.20
2,14,0.11668,96.19,-46.20,156.99,780.35,-547.58,1273.33
2,15,0.12472,102.96,-51.19,168.05,842.13,-620.24,1374.57
2,16,0.13305,109.72,-56.40,179.08,811.36,-625.66,1324.18
2,17,0.14113,116.47,-61.84,190.09,835.13,-673.01,1362.80
2,18,0.15018,123.20,-67.50,201.08,744.01,-625.81,1214.50
2,19,0.15794,129.92,-73.39,212.05,865.23,-758.06,1412.18
2,20,0.16628,136.63,-79.50,222.99,804.39,-733.02,1312.72
2,21,0.17470,143.32,-85.84,233.92,795.65,-753.11,1298.28
2,22,0.18293,150.00,-92.40,244.82,811.49,-797.20,1324.56
2,23,0.19116,156.67,-99.19,255.70,810.01,-824.53,1321.96
2,24,0.19956,163.33,-106.20,266.56,792.37,-834.84,1293.01
2,25,0.20791,169.97,-113.44,277.40,795.61,-867.14,1298.72
2,26,0.21648,176.60,-120.90,288.22,773.64,-871.00,1262.69
2,27,0.22491,183.21,-128.59,299.02,784.80,-911.88,1280.72
2,28,0.23281,189.82,-136.50,309.80,835.52,-1001.09,1363.32
2,29,0.24165,196.41,-144.64,320.55,745.13,-920.29,1216.22
2,30,0.24977,202.98,-153.00,331.28,810.15,-1030.18,1322.18
2,31,0.25826,209.55,-161.59,342.00,773.05,-1011.32,1261.46
2,32,0.26665,216.09,-170.40,352.69,781.07,-1051.04,1274.98
2,33,0.27466,222.63,-179.44,363.35,816.00,-1128.17,1331.81
2,34,0.28308,229.16,-188.70,374.00,774.64,-1099.71,1264.13
2,35,0.29146,235.67,-198.19,384.63,777.41,-1132.57,1268.49
2,36,0.29962,242.17,-207.90,395.23,795.89,-1189.77,1299.07
2,37,0.30785,248.65,-217.84,405.82,787.77,-1207.18,1285.63
2,38,0.31626,255.12,-228.00,416.38,769.87,-1208.75,1256.26
2,39,0.32471,261.58,-238.39,426.92,764.95,-1229.93,1248.06
2,40,0.33331,268.03,-249.00,437.44,749.60,-1234.27,1223.43
2,41,0.34127,274.46,-259.84,447.94,807.66,-1360.64,1318.01
2,42,0.34985,280.88,-270.90,458.41,748.75,-1290.04,1221.71
2,43,0.35804,287.29,-282.19,468.87,781.75,-1377.56,1275.98
2,44,0.36647,293.68,-293.70,479.30,758.37,-1365.60,1237.65
2,45,0.37469,300.06,-305.44,489.72,776.60,-1428.49,1267.22
2,46,0.38300,306.43,-317.40,500.11,765.87,-1438.51,1249.54
2,47,0.39133,312.79,-329.59,510.48,763.34,-1464.22,1245.83
2,48,0.39991,319.13,-342.01,520.83,738.84,-1446.18,1205.69
2,49,0.40839,325.46,-354.64,531.15,746.71,-1490.95,1218.36
2,50,0.41647,331.77,-367.51,541.46,780.75,-1590.51,1274.34
2,51,0.42509,338.07,-380.59,551.74,730.97,-1518.08,1192.92
2,52,0.43283,344.36,-393.91,562.01,813.02,-1720.83,1326.63
2,53,0.44139,350.64,-407.44,572.25,733.33,-1581.47,1196.43
2,54,0.44948,356.90,-421.21,582.47,774.34,-1701.80,1263.77
2,55,0.45831,363.15,-435.19,592.67,707.43,-1583.24,1154.75
2,56,0.46655,369.39,-449.41,602.85,757.74,-1726.49,1236.70
2,57,0.47483,375.61,-463.84,613.01,751.01,-1742.52,1226.15
2,58,0.48317,381.82,-478.51,623.15,744.74,-1758.35,1215.74
2,59,0.49161,388.02,-493.39,633.26,734.54,-1764.34,1198.92
2,60,0.49974,394.21,-508.51,643.36,760.60,-1858.21,1241.28
2,61,0.50844,400.38,-523.85,653.43,709.47,-1763.46,1158.25
2,62,0.51685,406.54,-539.41,663.49,731.82,-1849.35,1194.56
2,63,0.52493,412.68,-555.20,673.52,761.44,-1955.89,1242.72
2,64,0.53391,418.82,-571.21,683.53,683.09,-1783.20,1114.70
2,65,0.54152,424.94,-587.45,693.52,803.61,-2132.58,1311.82
2,66,0.55032,431.04,-603.91,703.48,694.19,-1871.47,1133.04
2,67,0.55796,437.14,-620.60,713.43,797.21,-2182.93,1301.00
2,68,0.56652,443.31,-633.94,723.15,720.86,-1558.87,1136.19
3,0,0.00000,0.00,0.00,0.00,948.96,-190.58,1258.79
3,1,0.00820,8.01,-1.84,10.63,977.12,-224.05,1296.00
3,2,0.01660,16.01,-3.90,21.24,952.23,-245.54,1263.22
3,3,0.02490,24.00,-6.19,31.83,961.76,-275.58,1275.74
3,4,0.03327,31.96,-8.70,42.40,952.05,-300.21,1263.08
3,5,0.04222,39.92,-11.44,52.95,888.66,-305.89,1178.86
3,6,0.04983,47.85,-14.40,63.48,1043.53,-389.47,1384.55
3,7,0.05826,55.78,-17.59,74.00,940.45,-378.33,1247.42
3,8,0.06663,63.69,-21.00,84.49,945.12,-407.75,1253.60
3,9,0.07546,71.59,-24.64,94.96,893.61,-411.74,1185.15
3,10,0.08321,79.47,-28.50,105.41,1016.54,-498.31,1348.03
3,11,0.09171,87.33,-32.59,115.84,925.31,-480.95,1227.29
3,12,0.09996,95.18,-36.90,126.25,951.71,-522.92,1262.16
3,13,0.10830,103.02,-41.44,136.64,939.43,-544.16,1246.11
3,14,0.11660,110.83,-46.20,147.01,941.91,-573.76,1249.26
3,15,0.12511,118.64,-51.19,157.36,917.31,-586.32,1216.86
3,16,0.13386,126.43,-56.40,167.69,889.97,-595.67,1180.47
3,17,0.14166,134.20,-61.84,178.01,995.89,-696.71,1321.21
3,18,0.14996,141.96,-67.50,188.30,935.42,-682.82,1240.85
3,19,0.15832,149.70,-73.39,198.57,925.91,-704.12,1228.47
3,20,0.16676,157.42,-79.50,208.82,914.91,-723.76,1213.73
3,21,0.17514,165.14,-85.84,219.05,920.58,-756.56,1221.49
3,22,0.18339,172.83,-92.41,229.26,933.21,-795.73,1238.11
3,23,0.19243,180.52,-99.19,239.45,849.96,-750.79,1127.09
3,24,0.19998,188.19,-106.21,249.62,1015.35,-928.46,1346.67
3,25,0.20853,195.84,-113.44,259.77,895.71,-847.02,1187.86
3,26,0.21669,203.48,-120.91,269.91,935.70,-914.16,1241.12
3,27,0.22541,211.10,-128.59,280.02,874.19,-881.58,1159.41
3,28,0.23333,218.71,-136.51,290.11,960.69,-999.17,1274.37
3,29,0.24181,226.30,-144.64,300.18,894.96,-959.20,1187.05
3,30,0.25013,233.88,-153.01,310.23,911.19,-1005.62,1208.81
3,31,0.25838,241.44,-161.59,320.26,916.08,-1040.31,1215.16
3,32,0.26675,248.99,-170.41,330.28,901.73,-1052.97,1196.35
3,33,0.27505,256.52,-179.45,340.27,908.19,-1089.79,1204.78
3,34,0.28396,264.04,-188.71,350.24,843.49,-1039.46,1119.18
3,35,0.29175,271.54,-198.20,360.19,962.98,-1218.00,1277.57
3,36,0.30004,279.03,-207.91,370.12,902.67,-1171.18,1197.42
3,37,0.30836,286.50,-217.85,380.04,897.89,-1193.92,1190.83
3,38,0.31670,293.96,-228.01,389.93,894.42,-1218.72,1186.09
3,39,0.32546,301.40,-238.40,399.80,849.83,-1186.02,1127.18
3,40,0.33342,308.83,-249.01,409.65,933.46,-1333.69,1237.97
3,41,0.34182,316.24,-259.85,419.48,882.47,-1290.22,1170.57
3,42,0.35007,323.75,-271.08,429.45,910.64,-1362.19,1208.14
3,43,0.35847,331.13,-282.37,439.24,878.84,-1344.20,1165.85
3,44,0.36667,338.50,-293.89,449.01,898.23,-1404.15,1191.44
3,45,0.37511,345.85,-305.63,458.76,871.25,-1391.46,1155.52
3,46,0.38388,353.19,-317.60,468.49,836.17,-1363.86,1109.22
3,47,0.39168,360.51,-329.79,478.20,938.94,-1563.54,1245.40
3,48,0.39995,367.82,-342.20,487.90,883.39,-1501.31,1171.96
3,49,0.40837,375.11,-354.85,497.57,865.58,-1500.83,1148.19
3,50,0.41667,382.38,-367.71,507.22,876.47,-1550.01,1162.87
3,51,0.42503,389.64,-380.80,516.85,868.25,-1565.60,1151.82
3,52,0.43326,396.89,-394.12,526.46,880.89,-1619.10,1168.83
3,53,0.44232,404.12,-407.66,536.06,797.98,-1494.01,1058.25
3,54,0.44989,411.34,-421.43,545.63,953.63,-1818.93,1264.92
3,55,0.45833,418.54,-435.42,555.18,853.53,-1658.11,1132.01
3,56,0.46666,425.73,-449.64,564.71,862.64,-1706.37,1143.96
3,57,0.47519,432.90,-464.08,574.22,840.79,-1693.07,1115.21
3,58,0.48320,440.05,-478.74,583.72,893.33,-1830.80,1184.76
3,59,0.49150,447.20,-493.63,593.19,860.29,-1793.97,1141.18
3,60,0.49982,454.32,-508.75,602.64,856.88,-1817.73,1136.51
3,61,0.50812,458.35,-517.98,597.45,485.66,-1112.35,-624.63
3,62,0.51657,465.73,-529.79,593.33,873.29,-1396.11,-487.73
3,63,0.52490,473.57,-542.52,590.68,939.93,-1528.84,-318.68
3,64,0.53384,481.39,-555.46,587.89,874.74,-1446.51,-311.95
3,65,0.54167,489.20,-568.61,585.04,997.66,-1679.80,-364.13
3,66,0.54988,496.98,-583.52,582.28,947.96,-1816.43,-335.32
3,67,0.55820,504.62,-599.35,581.44,918.90,-1903.91,-102.02
3,68,0.56656,512.42,-615.04,580.61,932.48,-1876.01,-99.27
3,69,0.57513,519.63,-626.40,580.34,841.28,-1324.48,-30.96
4,0,0.00000,0.00,0.00,0.00,904.78,413.94,-1459.93
4,1,0.00821,7.51,3.22,-12.12,914.87,392.36,-1476.21
4,2,0.01654,15.02,6.23,-24.24,901.47,360.81,-1454.58
4,3,0.02493,22.53,9.02,-36.36,894.91,332.56,-1444.00
4,4,0.03339,30.04,11.59,-48.47,888.45,304.73,-1433.57
4,5,0.04153,37.55,13.95,-60.59,921.72,289.75,-1487.27
4,6,0.05023,45.06,16.10,-72.71,863.51,246.73,-1393.33
4,7,0.05814,52.57,18.03,-84.83,950.19,244.30,-1533.20
4,8,0.06650,60.08,19.75,-96.95,898.18,205.21,-1449.27
4,9,0.07516,67.59,21.25,-109.07,866.55,173.18,-1398.24
4,10,0.08313,75.10,22.53,-121.19,942.91,161.45,-1521.46
4,11,0.09143,82.61,23.61,-133.30,904.78,129.02,-1459.93
4,12,0.09979,90.12,24.46,-145.42,898.18,102.36,-1449.27
4,13,0.10806,97.63,25.10,-157.54,908.12,77.50,-1465.31
4,14,0.11636,105.15,25.53,-169.66,904.78,51.32,-1459.93
4,15,0.12482,112.66,25.74,-181.78,888.45,24.95,-1433.57
4,16,0.13315,120.17,25.74,-193.90,901.47,-0.49,-1454.58
4,17,0.14142,127.68,25.52,-206.02,908.12,-26.49,-1465.31
4,18,0.15027,135.19,25.08,-218.13,848.62,-49.05,-1369.31
4,19,0.15848,142.70,24.43,-230.25,914.87,-79.07,-1476.21
4,20,0.16650,150.21,23.57,-242.37,935.74,-107.66,-1509.89
4,21,0.17490,157.72,22.49,-254.49,894.91,-128.58,-1444.00
4,22,0.18356,165.23,21.20,-266.61,866.55,-149.31,-1398.24
4,23,0.19147,172.74,19.69,-278.73,950.19,-190.93,-1533.20
4,24,0.20001,180.25,17.96,-290.84,878.93,-201.77,-1418.21
4,25,0.20825,187.76,16.02,-302.96,911.48,-235.34,-1470.74
4,26,0.21686,195.27,13.87,-315.08,872.70,-250.30,-1408.16
4,27,0.22504,202.78,11.50,-327.20,918.28,-289.67,-1481.72
4,28,0.23322,210.29,8.92,-339.32,918.28,-315.96,-1481.72
4,29,0.24152,217.80,6.12,-351.44,904.78,-337.21,-1459.93
4,30,0.25027,225.31,3.10,-363.56,857.49,-344.14,-1383.62
4,31,0.25821,232.82,-0.13,-375.67,946.54,-406.97,-1527.31
4,32,0.26654,240.33,-3.57,-387.79,901.47,-413.40,-1454.58
4,33,0.27481,247.84,-7.23,-399.91,908.12,-442.45,-1465.31
4,34,0.28345,255.35,-11.10,-412.03,869.61,-448.58,-1403.18
4,35,0.29160,262.86,-15.19,-424.15,921.72,-501.84,-1487.27
4,36,0.29996,270.37,-19.50,-436.27,898.18,-514.74,-1449.27
4,37,0.30820,277.88,-24.02,-448.39,911.48,-548.45,-1470.74
4,38,0.31641,285.39,-28.75,-460.50,914.87,-576.68,-1476.21
4,39,0.32489,292.90,-33.70,-472.62,885.25,-583.36,-1428.42
4,40,0.33319,300.42,-38.86,-484.74,904.78,-622.13,-1459.93
4,41,0.34149,307.93,-44.24,-496.86,904.78,-648.03,-1459.93
4,42,0.35022,315.44,-49.84,-508.98,860.49,-640.94,-1388.46
4,43,0.35828,322.95,-55.65,-521.10,932.20,-721.04,-1504.17
4,44,0.36682,330.46,-61.67,-533.22,878.93,-705.00,-1418.21
4,45,0.37512,337.97,-67.91,-545.33,904.78,-751.64,-1459.93
4,46,0.38333,345.50,-74.39,-557.50,918.22,-788.95,-1481.41
4,47,0.39172,353.02,-81.06,-569.61,894.91,-794.76,-1444.00
4,48,0.39987,360.53,-87.94,-581.73,921.72,-844.96,-1487.27
4,49,0.40851,368.04,-95.04,-593.85,869.61,-822.08,-1403.18
4,50,0.41690,375.55,-102.36,-605.97,894.91,-871.62,-1444.00
4,51,0.42502,383.06,-109.89,-618.09,925.19,-927.60,-1492.86
4,52,0.43353,390.57,-117.63,-630.21,882.08,-909.63,-1423.30
4,53,0.44159,398.08,-125.59,-642.32,932.20,-988.00,-1504.17
4,54,0.45026,405.59,-133.77,-654.44,866.55,-943.23,-1398.24
4,55,0.45834,413.10,-142.16,-666.56,928.68,-1037.44,-1498.49
4,56,0.46680,420.61,-150.76,-678.68,888.45,-1017.93,-1433.57
4,57,0.47516,428.12,-159.58,-690.80,898.18,-1054.79,-1449.27
4,58,0.48322,435.63,-168.62,-702.92,932.20,-1121.43,-1504.17
4,59,0.49152,443.14,-177.87,-715.04,904.78,-1114.35,-1459.93
4,60,0.50000,450.65,-187.33,-727.15,885.25,-1115.64,-1428.42
4,61,0.50858,458.16,-197.01,-739.27,875.80,-1128.80,-1413.17
4,62,0.51657,465.67,-206.91,-751.39,939.31,-1237.55,-1515.65
4,63,0.52496,473.18,-217.02,-763.51,894.91,-1204.67,-1444.00
4,64,0.53345,480.69,-227.34,-775.63,885.25,-1217.01,-1428.42
4,65,0.54205,488.20,-237.88,-787.75,872.70,-1224.73,-1408.16
4,66,0.55011,495.71,-248.64,-799.87,932.20,-1334.92,-1504.17
4,67,0.55826,503.22,-259.61,-811.98,921.72,-1346.31,-1487.27
4,68,0.56641,510.73,-270.79,-824.10,921.72,-1372.69,-1487.27
4,69,0.57492,518.24,-282.19,-836.22,882.08,-1338.91,-1423.30
4,70,0.58353,525.75,-293.80,-848.34,872.70,-1349.65,-1408.16
4,71,0.59171,533.26,-305.63,-860.46,918.28,-1446.44,-1481.72
4,72,0.60004,540.77,-317.68,-872.58,901.47,-1445.75,-1454.58
4,73,0.60834,548.28,-329.94,-884.70,904.78,-1476.97,-1459.93
4,74,0.61664,555.80,-342.41,-896.81,904.78,-1502.87,-1459.93
4,75,0.62500,563.31,-355.10,-908.93,898.18,-1517.61,-1449.27
4,76,0.63330,570.82,-368.01,-921.05,904.78,-1554.67,-1459.93
4,77,0.64163,578.33,-381.13,-933.17,901.47,-1574.79,-1454.58
4,78,0.65009,585.84,-394.46,-945.29,888.45,-1577.48,-1433.57
4,79,0.65875,593.35,-408.02,-957.41,866.55,-1563.41,-1398.24
4,80,0.66678,600.86,-421.78,-969.53,935.74,-1715.03,-1509.89
4,81,0.67484,608.37,-435.76,-981.64,932.20,-1735.22,-1504.17
4,82,0.68344,615.88,-449.96,-993.76,872.70,-1649.44,-1408.16
4,83,0.69162,623.39,-464.37,-1005.88,918.28,-1761.90,-1481.72
4,84,0.70004,630.90,-478.99,-1018.00,891.67,-1736.35,-1438.77
4,85,0.70837,638.41,-493.83,-1030.12,901.47,-1781.24,-1454.58
4,86,0.71652,645.92,-508.89,-1042.24,921.72,-1847.65,-1487.27
4,87,0.72501,651.14,-519.31,-1053.78,615.11,-1228.62,-1360.79
5,0,0.00000,0.00,0.00,0.00,-1486.22,-771.18,-872.08
5,1,0.00821,-12.84,-6.88,-7.53,-1563.57,-837.51,-917.47
5,2,0.01660,-25.67,-13.97,-15.06,-1529.45,-844.85,-897.45
5,3,0.02533,-38.51,-21.27,-22.60,-1470.63,-836.99,-862.94
5,4,0.03314,-51.34,-28.79,-30.13,-1642.97,-962.60,-964.06
5,5,0.04147,-64.18,-36.53,-37.66,-1540.66,-928.46,-904.03
5,6,0.05014,-77.01,-44.48,-45.19,-1480.99,-917.31,-869.01
5,7,0.05829,-89.85,-52.64,-52.72,-1575.28,-1002.10,-924.34
5,8,0.06671,-102.69,-61.02,-60.25,-1523.91,-994.95,-894.20
5,9,0.07486,-115.52,-69.62,-67.79,-1575.28,-1054.87,-924.34
5,10,0.08328,-128.36,-78.43,-75.32,-1523.91,-1046.00,-894.20
5,11,0.09146,-141.19,-87.45,-82.85,-1569.40,-1103.51,-920.90
5,12,0.10010,-154.03,-96.69,-90.38,-1486.22,-1069.92,-872.08
5,13,0.10831,-166.86,-106.15,-97.91,-1563.57,-1151.79,-917.47
5,14,0.11661,-179.70,-115.82,-105.44,-1546.32,-1164.99,-907.35
6,0,0.00000,0.00,0.00,0.00,1653.28,-244.93,818.61
6,1,0.00833,13.75,-2.26,6.81,1650.55,-271.63,817.22
6,2,0.01657,27.43,-4.74,13.58,1660.00,-300.75,821.85
6,3,0.02505,41.03,-7.43,20.32,1603.60,-317.43,793.88
6,4,0.03354,54.56,-10.34,27.01,1594.60,-342.78,789.57
6,5,0.04156,68.02,-13.47,33.68,1676.43,-389.11,830.04
6,6,0.04984,81.40,-16.80,40.30,1618.08,-403.62,801.11
6,7,0.05847,94.71,-20.36,46.89,1540.99,-411.40,762.90
6,8,0.06671,107.94,-24.12,53.44,1606.30,-457.30,795.19
6,9,0.07510,121.10,-28.11,59.96,1568.00,-474.61,776.36
6,10,0.08331,134.19,-32.31,66.44,1594.05,-511.38,789.22
6,11,0.09186,147.20,-36.72,72.88,1522.86,-516.46,753.93
6,12,0.10004,160.14,-41.35,79.28,1582.09,-565.87,783.21
6,13,0.10834,173.00,-46.19,85.65,1549.63,-583.45,767.28
6,14,0.11661,185.79,-51.25,91.99,1546.49,-611.60,765.68
6,15,0.12512,198.51,-56.52,98.28,1493.55,-619.32,739.43
6,16,0.13354,211.15,-62.01,104.54,1501.09,-651.57,743.12
6,17,0.14212,223.72,-67.71,110.76,1465.84,-665.05,725.62
6,18,0.14996,236.22,-73.63,116.95,1593.00,-754.57,788.72
6,19,0.15829,248.64,-79.76,123.10,1490.84,-736.15,738.10
6,20,0.16672,260.99,-86.11,129.21,1465.94,-753.68,725.72
6,21,0.17502,273.26,-92.67,135.29,1478.68,-790.67,731.99
6,22,0.18359,285.46,-99.45,141.33,1422.42,-790.41,704.27
6,23,0.19171,297.58,-106.45,147.33,1493.61,-861.47,739.47
6,24,0.20007,309.63,-113.65,153.30,1441.24,-862.03,713.50
6,25,0.20840,321.61,-121.08,159.23,1437.73,-890.99,711.72
6,26,0.21674,333.51,-128.72,165.12,1428.57,-916.80,707.33
6,27,0.22501,345.34,-136.57,170.97,1430.26,-949.56,708.12
6,28,0.23352,357.10,-144.64,176.79,1380.65,-947.59,683.51
6,29,0.24158,368.78,-152.92,182.58,1450.00,-1028.11,717.80
6,30,0.25003,380.39,-161.42,188.32,1373.29,-1005.30,679.78
6,31,0.25830,391.92,-170.13,194.03,1394.46,-1053.55,690.41
6,32,0.26654,403.38,-179.06,199.71,1390.74,-1083.55,688.52
6,33,0.27527,414.77,-188.20,205.34,1304.55,-1047.56,645.80
6,34,0.28329,426.08,-197.56,210.94,1409.51,-1165.96,697.72
6,35,0.29190,437.32,-207.13,216.51,1305.67,-1112.39,646.45
6,36,0.29999,448.48,-216.92,222.03,1380.38,-1210.34,683.40
6,37,0.30832,459.57,-226.93,227.52,1331.14,-1200.68,658.97
6,38,0.31674,470.59,-237.14,232.98,1307.97,-1213.15,647.46
6,39,0.32532,481.53,-247.58,238.39,1275.80,-1216.64,631.67
6,40,0.33417,492.40,-258.22,243.77,1227.93,-1203.17,607.93
6,41,0.34238,503.19,-269.09,249.12,1314.87,-1323.29,650.93
6,42,0.35004,513.91,-280.17,254.43,1399.60,-1446.25,692.83
6,43,0.35837,524.56,-291.46,259.70,1278.02,-1355.51,632.60
6,44,0.36685,535.13,-302.97,264.93,1246.04,-1356.47,616.91
6,45,0.37506,545.63,-314.69,270.13,1278.81,-1428.05,633.09
6,46,0.38339,556.05,-326.63,275.29,1251.28,-1432.93,619.41
6,47,0.39175,566.40,-338.78,280.41,1237.96,-1453.42,612.77
6,48,0.40039,576.68,-351.15,285.50,1189.75,-1432.09,589.05
6,49,0.40851,586.88,-363.73,290.55,1256.77,-1550.10,622.18
6,50,0.41702,597.01,-376.53,295.56,1189.61,-1503.12,588.89
6,51,0.42511,607.06,-389.54,300.54,1243.40,-1609.12,615.85
6,52,0.43369,617.05,-402.77,305.49,1164.06,-1542.57,576.51
6,53,0.44196,626.95,-416.22,310.39,1197.79,-1625.49,593.36
6,54,0.45010,636.79,-429.87,315.26,1206.74,-1676.23,597.75
6,55,0.45828,646.55,-443.75,320.10,1193.28,-1696.26,591.04
6,56,0.46677,656.23,-457.84,324.90,1141.73,-1660.59,565.47
6,57,0.47559,665.84,-472.14,329.66,1089.62,-1621.76,539.79
6,58,0.48334,675.38,-486.66,334.38,1230.31,-1872.97,609.45
6,59,0.49194,684.84,-501.39,339.07,1099.65,-1711.98,544.68
6,60,0.49994,694.23,-516.34,343.72,1174.43,-1869.56,581.68
6,61,0.50833,703.55,-531.50,348.33,1109.82,-1806.80,549.82
6,62,0.51730,712.79,-546.88,352.91,1029.93,-1713.99,510.20
6,63,0.52527,721.95,-562.47,357.45,1150.96,-1957.70,570.11
6,64,0.53348,731.05,-578.28,361.96,1107.81,-1925.67,548.70
6,65,0.54208,740.07,-594.31,366.42,1048.23,-1861.88,519.15
6,66,0.55023,749.01,-610.54,370.86,1097.75,-1992.87,543.82
6,67,0.55835,757.89,-627.00,375.25,1092.86,-2026.84,541.35
6,68,0.56665,766.68,-643.67,379.61,1059.93,-2008.04,525.00
6,69,0.57523,775.41,-660.55,383.93,1017.44,-1968.79,503.91
6,70,0.58331,784.06,-677.65,388.21,1069.43,-2114.25,529.81
6,71,0.59174,792.63,-694.96,392.46,1018.12,-2055.51,504.35
6,72,0.60034,801.14,-712.49,396.67,987.94,-2036.76,489.36
6,73,0.60883,809.51,-721.27,400.93,986.69,-1034.59,501.80
7,0,0.00000,0.00,0.00,0.00,-1381.27,-197.90,-881.65
7,1,0.00873,-11.25,-1.84,-7.18,-1289.51,-210.53,-823.08
7,2,0.01660,-22.51,-3.90,-14.37,-1429.46,-261.95,-912.40
7,3,0.02499,-33.76,-6.19,-21.55,-1341.09,-272.57,-856.00
7,4,0.03314,-45.02,-8.70,-28.74,-1381.27,-308.36,-881.65
7,5,0.04166,-56.27,-11.44,-35.92,-1321.86,-321.52,-843.73
7,6,0.05005,-67.53,-14.40,-43.10,-1341.09,-353.01,-856.00
7,7,0.05844,-78.78,-17.59,-50.29,-1341.09,-379.82,-856.00
7,8,0.06668,-90.04,-21.00,-57.47,-1365.93,-414.16,-871.85
7,9,0.07498,-101.29,-24.64,-64.65,-1355.88,-438.22,-865.44
7,10,0.08334,-112.55,-28.50,-71.84,-1345.99,-461.93,-859.12
7,11,0.09180,-123.80,-32.59,-79.02,-1331.41,-483.54,-849.82
7,12,0.10004,-135.06,-36.90,-86.21,-1365.93,-523.39,-871.85
7,13,0.10828,-146.31,-41.44,-93.39,-1365.93,-550.69,-871.85
7,14,0.11673,-157.57,-46.20,-100.57,-1331.41,-563.39,-849.82
7,15,0.12518,-168.82,-51.19,-107.76,-1331.41,-590.01,-849.82
7,16,0.13336,-180.08,-56.40,-114.94,-1376.12,-637.34,-878.36
7,17,0.14178,-191.33,-61.84,-122.13,-1336.23,-645.57,-852.90
7,18,0.15036,-202.77,-67.59,-129.42,-1333.45,-671.04,-850.89
7,19,0.15842,-214.02,-73.48,-136.61,-1396.97,-731.22,-891.67
7,20,0.16681,-225.28,-79.60,-143.79,-1341.09,-728.78,-856.00
7,21,0.17520,-236.53,-85.94,-150.97,-1341.09,-755.59,-856.00
7,22,0.18350,-247.79,-92.51,-158.16,-1355.88,-791.03,-865.44
7,23,0.19174,-259.04,-99.30,-165.34,-1365.93,-824.20,-871.85
7,24,0.20013,-270.30,-106.31,-172.53,-1341.09,-836.02,-856.00
7,25,0.20850,-281.55,-113.56,-179.71,-1345.99,-865.98,-859.12
7,26,0.21671,-292.81,-121.02,-186.89,-1371.00,-909.49,-875.09
7,27,0.22501,-304.06,-128.71,-194.08,-1355.88,-926.56,-865.44
7,28,0.23349,-315.32,-136.63,-201.26,-1326.62,-933.09,-846.76
7,29,0.24182,-326.57,-144.77,-208.44,-1350.92,-977.18,-862.27
7,30,0.24997,-337.83,-153.14,-215.63,-1381.27,-1026.76,-881.65
7,31,0.25858,-349.08,-161.73,-222.81,-1307.80,-998.29,-834.75
7,32,0.26669,-360.34,-170.54,-230.00,-1386.47,-1086.05,-884.96
7,33,0.27518,-371.59,-179.59,-237.18,-1326.62,-1065.69,-846.76
7,34,0.28363,-382.85,-188.85,-244.36,-1331.41,-1096.16,-849.82
7,35,0.29172,-394.10,-198.34,-251.55,-1391.70,-1173.61,-888.30
7,36,0.30008,-405.36,-208.06,-258.73,-1345.99,-1161.98,-859.12
7,37,0.30869,-416.61,-218.00,-265.91,-1307.80,-1155.16,-834.75
7,38,0.31677,-427.87,-228.17,-273.10,-1391.70,-1257.08,-888.30
7,39,0.32495,-439.12,-238.56,-280.28,-1376.12,-1270.52,-878.36
7,40,0.33334,-450.38,-249.17,-287.47,-1341.09,-1264.99,-856.00
7,41,0.34174,-461.63,-260.02,-294.65,-1341.09,-1291.80,-856.00
7,42,0.35031,-472.89,-271.08,-301.83,-1312.46,-1290.46,-837.72
7,43,0.35837,-484.14,-282.37,-309.02,-1396.97,-1401.48,-891.67
7,44,0.36688,-495.39,-293.89,-316.20,-1321.86,-1352.56,-843.73
7,45,0.37527,-506.65,-305.63,-323.39,-1341.09,-1399.05,-856.00
7,46,0.38351,-517.90,-317.60,-330.57,-1365.93,-1452.26,-871.85
7,47,0.39209,-529.16,-329.79,-337.75,-1312.46,-1421.65,-837.72
7,48,0.40015,-540.41,-342.20,-344.94,-1396.97,-1541.12,-891.67
7,49,0.40866,-551.67,-354.85,-352.12,-1321.86,-1484.69,-843.73
7,50,0.41678,-562.92,-367.71,-359.30,-1386.47,-1584.97,-884.96
7,51,0.42532,-574.36,-381.01,-366.60,-1338.21,-1556.59,-853.93
7,52,0.43350,-585.61,-394.33,-373.79,-1376.12,-1628.60,-878.36
7,53,0.44220,-596.87,-407.88,-380.97,-1294.04,-1557.33,-825.96
7,54,0.45029,-608.12,-421.65,-388.15,-1391.70,-1702.68,-888.30
7,55,0.45871,-619.38,-435.64,-395.34,-1336.23,-1661.53,-852.90
7,56,0.46674,-630.63,-449.86,-402.52,-1402.28,-1771.70,-895.06
7,57,0.47546,-641.89,-464.31,-409.70,-1289.51,-1655.00,-823.08
7,58,0.48383,-653.61,-479.59,-417.18,-1401.82,-1827.51,-894.53
7,59,0.49216,-663.38,-480.64,-423.50,-1172.89,-126.48,-757.51
8,0,0.00000,0.00,0.00,0.00,-777.40,-180.96,-1280.82
8,1,0.00793,-6.93,-1.84,-11.41,-873.08,-231.59,-1438.46
8,2,0.01614,-13.85,-3.90,-22.83,-843.87,-251.24,-1390.33
8,3,0.02454,-20.78,-6.19,-34.24,-825.45,-272.57,-1360.00
8,4,0.03275,-27.71,-8.70,-45.65,-843.87,-306.06,-1390.33
8,5,0.04132,-34.64,-11.44,-57.07,-807.83,-319.23,-1330.96
8,6,0.04968,-41.56,-14.40,-68.48,-828.47,-354.29,-1364.96
8,7,0.05777,-48.49,-17.59,-79.90,-856.60,-394.15,-1411.32
8,8,0.06616,-55.42,-21.00,-91.31,-825.45,-406.62,-1360.00
8,9,0.07440,-62.35,-24.64,-102.72,-840.74,-441.46,-1385.19
8,10,0.08270,-69.27,-28.50,-114.14,-834.56,-465.33,-1375.00
8,11,0.09131,-76.20,-32.59,-125.55,-804.96,-474.97,-1326.24
8,12,0.09943,-83.13,-36.90,-136.96,-853.38,-531.26,-1406.02
8,13,0.10825,-90.06,-41.44,-148.38,-785.47,-514.49,-1294.12
8,14,0.11627,-96.98,-46.20,-159.79,-863.12,-593.38,-1422.05
8,15,0.12457,-103.91,-51.19,-171.20,-834.56,-600.86,-1375.00
8,16,0.13278,-110.84,-56.40,-182.62,-843.87,-634.97,-1390.33
8,17,0.14102,-117.77,-61.84,-194.03,-840.74,-659.92,-1385.19
8,18,0.14957,-124.69,-67.50,-205.44,-810.71,-662.68,-1335.71
8,19,0.15790,-131.62,-73.39,-216.86,-831.50,-706.68,-1369.96
8,20,0.16608,-138.55,-79.50,-228.27,-847.01,-747.38,-1395.52
8,21,0.17444,-145.48,-85.84,-239.69,-828.47,-757.92,-1364.96
8,22,0.18271,-152.40,-92.40,-251.10,-837.64,-793.52,-1380.07
8,23,0.19110,-159.33,-99.19,-262.51,-825.45,-808.78,-1360.00
8,24,0.19940,-166.26,-106.20,-273.93,-834.56,-844.81,-1375.00
8,25,0.20789,-173.19,-113.44,-285.34,-816.55,-853.10,-1345.32
8,26,0.21674,-180.11,-120.90,-296.75,-782.76,-843.22,-1289.66
8,27,0.22458,-187.04,-128.59,-308.17,-883.27,-980.19,-1455.25
8,28,0.23306,-193.97,-136.50,-319.58,-816.55,-932.67,-1345.32
8,29,0.24100,-200.90,-144.64,-330.99,-873.08,-1025.59,-1438.46
8,30,0.24960,-207.82,-153.00,-342.41,-804.96,-971.73,-1326.24
8,31,0.25790,-214.75,-161.59,-353.82,-834.56,-1034.56,-1375.00
8,32,0.26620,-221.68,-170.40,-365.23,-834.56,-1061.66,-1375.00
8,33,0.27441,-228.61,-179.44,-376.65,-843.87,-1100.91,-1390.33
8,34,0.28259,-235.53,-188.70,-388.06,-847.01,-1132.53,-1395.52
8,35,0.29102,-242.46,-198.19,-399.48,-822.46,-1126.42,-1355.07
8,36,0.29959,-249.39,-207.90,-410.89,-807.83,-1132.61,-1330.96
8,37,0.30807,-256.32,-217.84,-422.30,-816.55,-1171.36,-1345.32
8,38,0.31610,-263.24,-228.00,-433.72,-863.12,-1266.20,-1422.05
8,39,0.32465,-270.17,-238.39,-445.13,-810.71,-1215.65,-1335.71
8,40,0.33292,-277.10,-249.00,-456.54,-837.64,-1283.23,-1380.07
8,41,0.34109,-284.03,-259.84,-467.96,-847.01,-1325.10,-1395.52
8,42,0.34946,-290.95,-270.90,-479.37,-828.47,-1323.00,-1364.96
8,43,0.35818,-297.88,-282.19,-490.78,-793.71,-1293.27,-1307.69
8,44,0.36612,-304.81,-293.70,-502.20,-873.08,-1450.95,-1438.46
8,45,0.37451,-311.74,-305.44,-513.61,-825.45,-1398.62,-1360.00
8,46,0.38278,-318.66,-317.40,-525.02,-837.64,-1446.47,-1380.07
8,47,0.39120,-325.59,-329.59,-536.44,-822.46,-1446.98,-1355.07
8,48,0.39944,-332.52,-342.01,-547.85,-840.74,-1506.44,-1385.19
8,49,0.40823,-339.45,-354.64,-559.27,-788.19,-1437.89,-1298.61
8,50,0.41608,-346.37,-367.51,-570.68,-883.27,-1640.02,-1455.25
8,51,0.42477,-353.30,-380.59,-582.09,-796.49,-1504.76,-1312.28
8,52,0.43274,-360.23,-393.91,-593.51,-869.73,-1671.38,-1432.95
8,53,0.44116,-367.16,-407.44,-604.92,-822.46,-1607.26,-1355.07
8,54,0.44968,-374.08,-421.21,-616.33,-813.62,-1616.40,-1340.50
8,55,0.45789,-381.01,-435.19,-627.75,-843.87,-1703.90,-1390.33
8,56,0.46643,-387.94,-449.41,-639.16,-810.71,-1663.29,-1335.71
8,57,0.47440,-394.87,-463.84,-650.57,-869.73,-1812.63,-1432.95
8,58,0.48282,-401.79,-478.51,-661.99,-822.46,-1740.83,-1355.07
8,59,0.49109,-408.72,-493.39,-673.40,-837.64,-1800.15,-1380.07
8,60,0.49960,-415.65,-508.51,-684.81,-813.62,-1774.96,-1340.50
8,61,0.50772,-422.58,-523.85,-696.23,-853.38,-1889.42,-1406.02
8,62,0.51608,-429.50,-539.41,-707.64,-828.47,-1861.17,-1364.96
8,63,0.52469,-436.43,-555.20,-719.06,-804.96,-1834.51,-1326.24
8,64,0.53284,-443.36,-571.21,-730.47,-850.19,-1965.19,-1400.75
8,65,0.54114,-450.29,-587.45,-741.88,-834.56,-1956.17,-1375.00
8,66,0.54944,-457.21,-603.91,-753.30,-834.56,-1983.28,-1375.00
8,67,0.55786,-464.14,-620.60,-764.71,-822.46,-1981.25,-1355.07
8,68,0.56644,-471.07,-637.51,-776.12,-807.83,-1972.23,-1330.96
8,69,0.57462,-478.00,-654.65,-787.54,-847.01,-2095.41,-1395.52
8,70,0.58261,-484.74,-654.49,-794.82,-842.75,20.12,-910.69
9,0,0.00000,0.00,0.00,0.00,1505.49,-289.59,1079.49
9,1,0.00815,12.48,-2.63,8.95,1531.09,-322.48,1098.13
9,2,0.01654,24.88,-5.47,17.85,1478.55,-338.72,1060.36
9,3,0.02493,37.23,-8.53,26.70,1470.55,-364.34,1054.55
9,4,0.03336,49.50,-11.80,35.50,1457.25,-388.55,1044.93
9,5,0.04178,61.71,-15.29,44.25,1449.28,-414.07,1039.49
9,6,0.05002,73.85,-18.99,52.96,1473.33,-449.37,1056.67
9,7,0.05817,85.92,-22.91,61.62,1481.65,-480.80,1062.55
9,8,0.06665,97.92,-27.04,70.23,1415.11,-487.12,1014.75
9,9,0.07516,109.86,-31.39,78.79,1402.15,-510.62,1005.73
9,10,0.08322,121.73,-35.95,87.30,1473.48,-566.32,1056.82
9,11,0.09222,133.54,-40.73,95.77,1311.19,-530.69,940.34
9,12,0.09985,145.28,-45.72,104.19,1538.40,-654.40,1103.20
9,13,0.10849,156.95,-50.93,112.56,1351.24,-602.99,969.26
9,14,0.11642,168.55,-56.35,120.88,1462.31,-683.43,1048.85
9,15,0.12482,180.08,-61.99,129.15,1374.55,-671.77,985.82
9,16,0.13330,191.55,-67.84,137.38,1351.80,-689.86,969.42
9,17,0.14160,202.95,-73.91,145.56,1373.53,-730.98,985.29
9,18,0.14975,214.29,-80.19,153.69,1391.01,-771.06,997.75
9,19,0.15808,225.56,-86.69,161.77,1352.38,-779.92,969.96
9,20,0.16687,236.76,-93.40,169.80,1274.31,-763.76,913.89
9,21,0.17493,247.89,-100.33,177.79,1381.82,-859.88,991.29
9,22,0.18375,258.95,-107.47,185.72,1254.67,-809.87,900.00
9,23,0.19168,269.95,-114.83,193.61,1386.15,-927.30,994.23
9,24,0.20007,280.88,-122.40,201.45,1302.55,-902.34,934.18
9,25,0.20819,291.75,-130.19,209.24,1338.35,-959.36,959.77
9,26,0.21683,302.55,-138.20,216.99,1250.53,-926.62,896.82
9,27,0.22491,313.28,-146.41,224.69,1327.17,-1016.14,951.70
9,28,0.23325,323.95,-154.85,232.33,1280.22,-1012.17,917.95
9,29,0.24149,334.55,-163.49,239.93,1286.30,-1049.51,922.22
9,30,0.24982,345.08,-172.36,247.49,1264.10,-1063.79,906.59
9,31,0.25809,355.54,-181.43,254.99,1265.31,-1097.64,907.38
9,32,0.26666,365.94,-190.73,262.45,1212.46,-1083.65,869.40
9,33,0.27493,376.27,-200.23,269.85,1249.08,-1149.63,895.57
9,34,0.28323,386.53,-209.96,277.21,1236.40,-1171.31,886.76
9,35,0.29169,396.73,-219.89,284.52,1206.14,-1175.60,864.98
9,36,0.29984,406.86,-230.05,291.79,1243.07,-1246.01,891.39
9,37,0.30817,416.92,-240.42,299.00,1207.69,-1244.44,865.93
9,38,0.31647,426.91,-251.00,306.17,1204.04,-1274.98,863.60
9,39,0.32507,436.84,-261.80,313.29,1153.55,-1254.69,827.30
9,40,0.33304,446.70,-272.81,320.36,1237.93,-1382.63,887.74
9,41,0.34131,456.49,-284.04,327.38,1184.13,-1357.61,849.08
9,42,0.34982,466.22,-295.48,334.36,1142.29,-1343.93,819.35
9,43,0.35825,475.88,-307.14,341.29,1146.74,-1384.07,822.46
9,44,0.36639,485.47,-319.01,348.17,1177.15,-1457.11,844.19
9,45,0.37497,495.00,-331.10,355.00,1110.68,-1409.58,796.44
9,46,0.38327,504.45,-343.40,361.78,1139.34,-1482.13,817.28
9,47,0.39182,513.84,-355.92,368.52,1098.93,-1464.94,788.21
9,48,0.40002,523.17,-368.65,375.20,1135.69,-1551.04,814.50
9,49,0.40842,532.42,-381.60,381.84,1102.91,-1542.82,790.91
9,50,0.41678,541.61,-394.76,388.43,1098.91,-1574.16,788.32
9,51,0.42505,550.73,-408.14,394.97,1102.95,-1617.58,791.14
9,52,0.43332,559.79,-421.73,401.47,1094.83,-1643.58,785.24
9,53,0.44168,568.77,-435.54,407.91,1074.82,-1651.29,770.80
9,54,0.44980,577.69,-449.56,414.31,1098.87,-1727.44,788.35
9,55,0.45801,586.55,-463.80,420.66,1078.44,-1734.37,773.61
9,56,0.46658,595.33,-478.25,426.97,1024.56,-1685.38,734.88
9,57,0.47473,604.06,-492.92,433.22,1070.41,-1800.13,767.42
9,58,0.48303,612.71,-507.80,439.43,1042.65,-1792.95,747.79
9,59,0.49176,621.30,-522.90,445.58,983.92,-1729.81,705.59
9,60,0.49982,629.82,-538.22,451.69,1057.58,-1900.65,758.33
9,61,0.50815,638.27,-553.74,457.75,1014.65,-1863.80,727.47
9,62,0.51633,646.66,-569.49,463.77,1025.37,-1924.86,735.07
9,63,0.52478,654.98,-585.44,469.73,984.12,-1887.75,705.78
9,64,0.53299,663.23,-601.62,475.65,1005.20,-1970.08,720.82
9,65,0.54141,671.41,-618.00,481.52,971.74,-1945.64,696.74
9,66,0.54968,679.53,-634.61,487.34,981.55,-2007.54,703.69
9,67,0.55832,687.58,-651.43,493.11,932.16,-1947.31,668.55
9,68,0.56747,695.57,-668.46,498.84,872.00,-1860.44,625.33
9,69,0.57513,703.48,-685.71,504.51,1033.47,-2251.71,741.04
9,70,0.58319,711.28,-699.60,510.19,968.18,-1724.83,704.92
10,0,0.00000,0.00,0.00,0.00,-2031.33,-234.15,-109.64
10,1,0.00824,-15.44,-1.99,-0.83,-1873.33,-242.03,-101.11
10,2,0.01660,-30.87,-4.20,-1.67,-1845.99,-264.21,-99.64
10,3,0.02484,-46.31,-6.63,-2.50,-1873.33,-294.22,-101.11
10,4,0.03381,-61.74,-9.27,-3.33,-1720.41,-294.16,-92.86
10,5,0.04156,-77.18,-12.12,-4.17,-1991.34,-368.23,-107.48
10,6,0.04999,-92.61,-15.19,-5.00,-1832.61,-364.40,-98.91
10,7,0.05826,-108.05,-18.48,-5.83,-1866.42,-397.12,-100.74
10,8,0.06671,-123.49,-21.97,-6.67,-1825.99,-413.96,-98.56
10,9,0.07498,-138.92,-25.69,-7.50,-1866.42,-449.12,-100.74
10,10,0.08325,-154.36,-29.62,-8.33,-1866.42,-475.11,-100.74
10,11,0.09253,-169.79,-33.76,-9.16,-1663.82,-446.71,-89.80
10,12,0.10068,-185.23,-38.12,-10.00,-1894.38,-535.00,-102.25
10,13,0.10822,-200.67,-42.70,-10.83,-2047.77,-606.84,-110.53
10,14,0.11679,-216.10,-47.49,-11.66,-1800.00,-558.49,-97.15
10,15,0.12500,-231.54,-52.49,-12.50,-1880.30,-609.60,-101.49
10,16,0.13388,-246.97,-57.71,-13.33,-1738.14,-587.72,-93.81
10,17,0.14169,-262.41,-63.14,-14.16,-1975.78,-695.59,-106.64
10,18,0.15009,-277.84,-68.79,-15.00,-1839.27,-673.15,-99.27
10,19,0.15829,-293.28,-74.66,-15.83,-1880.30,-714.36,-101.49
10,20,0.16684,-308.72,-80.74,-16.66,-1806.43,-711.46,-97.50
10,21,0.17508,-324.15,-87.03,-17.50,-1873.33,-763.90,-101.11
10,22,0.18335,-339.59,-93.54,-18.33,-1866.42,-787.08,-100.74
10,23,0.19254,-355.02,-100.26,-19.16,-1680.40,-732.04,-90.70
10,24,0.20004,-370.46,-107.20,-20.00,-2056.50,-924.35,-110.98
10,25,0.20825,-385.90,-114.36,-20.83,-1880.30,-871.50,-101.49
10,26,0.21671,-401.33,-121.73,-21.66,-1825.99,-871.77,-98.56
10,27,0.22495,-416.77,-129.31,-22.49,-1873.33,-920.46,-101.11
10,28,0.23383,-432.21,-137.11,-23.33,-1738.14,-878.24,-93.81
10,29,0.24167,-447.64,-145.13,-24.16,-1968.09,-1021.84,-106.23
10,30,0.25003,-463.08,-153.35,-24.99,-1845.99,-984.16,-99.64
10,31,0.25845,-478.51,-161.80,-25.83,-1832.61,-1002.55,-98.91
10,32,0.26688,-493.95,-170.46,-26.66,-1832.61,-1028.08,-98.91
10,33,0.27518,-509.38,-179.33,-27.49,-1859.56,-1069.10,-100.37
10,34,0.28345,-524.82,-188.42,-28.33,-1866.42,-1099.04,-100.74
10,35,0.29257,-540.26,-197.73,-29.16,-1691.64,-1019.69,-91.30
10,36,0.30014,-555.69,-207.25,-29.99,-2039.52,-1257.79,-110.08
10,37,0.30844,-571.13,-216.98,-30.83,-1859.56,-1172.71,-100.37
10,38,0.31702,-586.56,-226.93,-31.66,-1800.00,-1160.22,-97.15
10,39,0.32529,-602.00,-237.09,-32.49,-1866.42,-1229.03,-100.74
10,40,0.33350,-617.43,-247.47,-33.33,-1880.30,-1264.36,-101.49
10,41,0.34183,-632.87,-258.07,-34.16,-1852.75,-1271.64,-100.00
10,42,0.35022,-648.31,-268.88,-34.99,-1839.27,-1288.01,-99.27
10,43,0.35867,-663.74,-279.90,-35.82,-1825.99,-1304.15,-98.56
10,44,0.36691,-679.18,-291.14,-36.66,-1873.33,-1364.05,-101.11
10,45,0.37521,-694.61,-302.60,-37.49,-1859.56,-1379.92,-100.37
10,46,0.38351,-710.05,-314.27,-38.32,-1859.56,-1405.82,-100.37
10,47,0.39175,-725.49,-326.15,-39.16,-1873.33,-1442.33,-101.11
10,48,0.40106,-740.92,-338.25,-39.99,-1658.36,-1299.92,-89.51
10,49,0.40848,-756.36,-350.56,-40.82,-2081.48,-1660.57,-112.35
10,50,0.41684,-771.79,-363.09,-41.66,-1845.99,-1498.41,-99.64
10,51,0.42526,-787.23,-375.84,-42.49,-1832.61,-1513.08,-98.91
10,52,0.43448,-802.66,-388.80,-43.32,-1674.83,-1406.14,-90.40
10,53,0.44275,-818.10,-401.97,-44.16,-1866.42,-1592.99,-100.74
10,54,0.45114,-833.54,-415.36,-44.99,-1839.27,-1595.44,-99.27
10,55,0.45847,-848.97,-428.96,-45.82,-2107.50,-1857.46,-113.75
10,56,0.46674,-864.41,-442.78,-46.66,-1866.42,-1670.98,-100.74
10,57,0.47501,-879.84,-456.82,-47.49,-1866.42,-1696.98,-100.74
10,58,0.48380,-895.28,-471.07,-48.32,-1756.25,-1621.27,-94.79
10,59,0.49258,-910.71,-485.53,-49.15,-1756.25,-1645.74,-94.79
10,60,0.50098,-926.15,-500.21,-49.99,-1839.27,-1749.15,-99.27
10,61,0.50830,-941.59,-515.11,-50.82,-2107.50,-2033.59,-113.75
10,62,0.51666,-957.02,-530.22,-51.65,-1845.99,-1806.96,-99.64
10,63,0.52493,-972.46,-545.54,-52.49,-1866.42,-1852.96,-100.74
10,64,0.53424,-987.90,-561.09,-53.32,-1659.02,-1670.13,-89.51
10,65,0.54248,-1003.34,-576.84,-54.15,-1873.33,-1912.02,-101.11
10,66,0.55109,-1018.77,-592.81,-54.99,-1793.62,-1855.64,-96.81
10,67,0.55884,-1034.21,-608.99,-55.82,-1991.34,-2087.94,-107.48
10,68,0.56680,-1049.64,-625.39,-56.65,-1937.93,-2058.93,-104.60
10,69,0.57523,-1048.56,-638.46,-53.91,128.26,-1551.10,325.72
10,70,0.58481,-1046.41,-651.51,-50.93,224.84,-1361.59,310.51
10,71,0.59308,-1044.20,-664.76,-47.95,266.42,-1602.37,361.25
10,72,0.60123,-1044.07,-667.41,-45.91,16.48,-325.99,250.19
11,0,0.00000,0.00,0.00,0.00,1555.76,-190.07,233.81
11,1,0.00751,13.17,-1.84,1.98,1754.88,-244.77,263.82
11,2,0.01587,26.32,-3.90,3.96,1572.63,-246.66,236.13
11,3,0.02408,39.45,-6.19,5.93,1598.88,-278.65,240.15
11,4,0.03326,52.55,-8.70,7.89,1426.25,-273.53,214.29
11,5,0.04156,65.63,-11.44,9.86,1575.37,-329.79,236.76
11,6,0.04971,78.68,-14.40,11.82,1601.87,-363.58,240.45
11,7,0.05716,91.71,-17.59,13.78,1749.18,-428.07,262.70
11,8,0.06552,104.71,-21.00,15.73,1554.74,-408.11,233.58
11,9,0.07373,117.68,-24.64,17.68,1580.67,-443.11,237.55
11,10,0.08301,130.63,-28.50,19.63,1396.05,-416.34,209.87
11,11,0.09137,143.56,-32.59,21.57,1545.99,-488.83,232.12
11,12,0.09961,156.46,-36.90,23.50,1565.93,-523.39,235.19
11,13,0.10727,169.34,-41.44,25.44,1681.27,-592.38,252.59
11,14,0.11545,182.20,-46.20,27.37,1571.64,-582.31,236.19
11,15,0.12393,195.03,-51.19,29.30,1512.23,-587.89,227.34
11,16,0.13303,207.83,-56.40,31.22,1408.05,-573.18,211.41
11,17,0.14130,220.61,-61.84,33.14,1545.02,-657.48,232.10
11,18,0.14966,233.36,-67.50,35.06,1525.18,-677.20,229.20
11,19,0.15726,246.35,-73.51,37.01,1708.84,-790.74,256.63
11,20,0.16556,259.05,-79.63,38.92,1530.51,-736.94,229.78
11,21,0.17395,271.73,-85.97,40.82,1510.91,-755.70,226.91
11,22,0.18317,284.39,-92.54,42.72,1373.18,-712.56,206.29
11,23,0.19128,297.02,-99.33,44.62,1556.02,-836.71,233.83
11,24,0.19974,309.63,-106.35,46.51,1491.34,-830.10,224.19
11,25,0.20718,322.20,-113.59,48.40,1689.34,-972.59,253.69
11,26,0.21558,334.76,-121.05,50.29,1496.00,-889.76,224.73
11,27,0.22382,347.29,-128.75,52.17,1520.74,-933.54,228.52
11,28,0.23312,359.80,-136.66,54.05,1343.61,-850.59,201.97
11,29,0.24133,372.28,-144.81,55.93,1520.45,-991.83,228.25
11,30,0.24976,384.74,-153.17,57.80,1478.99,-993.39,222.10
11,31,0.25720,397.17,-161.77,59.66,1669.67,-1153.89,250.82
11,32,0.26556,409.58,-170.58,61.53,1483.94,-1054.45,222.99
11,33,0.27399,421.96,-179.62,63.39,1470.29,-1073.53,221.01
11,34,0.28317,434.32,-188.89,65.25,1345.51,-1008.86,201.99
11,35,0.29129,446.65,-198.38,67.10,1519.17,-1169.32,228.20
11,36,0.29974,458.96,-208.10,68.95,1455.96,-1149.50,218.77
11,37,0.30713,471.24,-218.04,70.79,1663.22,-1346.22,250.00
11,38,0.31592,483.50,-228.21,72.64,1394.79,-1156.80,209.72
11,39,0.32385,495.74,-238.60,74.48,1541.92,-1309.74,231.54
11,40,0.33298,507.95,-249.22,76.31,1338.13,-1163.56,201.00
11,41,0.34152,520.13,-260.06,78.14,1426.07,-1268.85,214.29
11,42,0.34998,532.29,-271.13,79.97,1438.63,-1309.21,216.25
11,43,0.35721,544.43,-282.42,81.79,1678.06,-1561.28,251.90
11,44,0.36560,556.54,-293.94,83.61,1443.27,-1372.35,216.73
11,45,0.37390,568.63,-305.68,85.42,1455.88,-1414.59,218.75
11,46,0.38324,580.69,-317.65,87.24,1291.50,-1281.51,194.12
11,47,0.39139,592.72,-329.84,89.05,1477.15,-1496.31,222.10
11,48,0.39969,604.74,-342.26,90.85,1447.06,-1495.91,217.28
11,49,0.40704,616.72,-354.90,92.65,1629.88,-1718.92,244.81
11,50,0.41534,628.69,-367.77,94.45,1441.18,-1550.12,216.54
11,51,0.42377,640.62,-380.86,96.24,1417.39,-1554.37,213.04
11,52,0.43283,652.54,-394.18,98.03,1314.81,-1469.82,197.64
11,53,0.44156,664.43,-407.72,99.82,1362.24,-1551.59,204.55
11,54,0.44931,676.30,-421.49,101.60,1530.71,-1776.09,229.92
11,55,0.45700,688.13,-435.48,103.38,1539.29,-1819.45,231.35
11,56,0.46533,699.95,-449.70,105.16,1417.95,-1706.50,213.19
11,57,0.47366,711.74,-464.14,106.93,1415.02,-1733.50,212.45
11,58,0.48288,723.50,-478.81,108.69,1276.49,-1591.46,191.72
11,59,0.49023,735.24,-493.70,110.46,1596.27,-2024.86,239.83
11,60,0.49866,746.96,-508.82,112.22,1390.94,-1794.80,209.06
11,61,0.50693,758.65,-524.16,113.98,1413.65,-1855.12,212.55
11,62,0.51541,770.32,-539.73,115.73,1375.18,-1834.93,206.47
11,63,0.52365,781.96,-555.52,117.48,1412.96,-1916.61,212.22
11,64,0.53287,793.58,-571.54,119.22,1260.60,-1737.94,189.40
11,65,0.54031,805.17,-587.78,120.97,1556.56,-2181.27,234.02
11,66,0.54932,816.73,-604.25,122.70,1284.75,-1829.16,192.88
11,67,0.55704,828.27,-620.94,124.44,1494.86,-2161.96,224.51
11,68,0.56522,839.79,-623.29,126.13,1407.46,-286.78,207.09
12,0,0.00000,0.00,0.00,0.00,-1524.73,-192.14,-455.64
12,1,0.00824,-12.80,-1.84,-3.82,-1552.96,-223.01,-464.07
12,2,0.01678,-25.59,-3.90,-7.65,-1497.50,-241.37,-447.50
12,3,0.02509,-38.39,-6.19,-11.47,-1541.54,-275.58,-460.66
12,4,0.03339,-51.18,-8.70,-15.30,-1541.54,-302.69,-460.66
12,5,0.04172,-63.98,-11.44,-19.12,-1535.90,-328.58,-458.97
12,6,0.05005,-76.78,-14.40,-22.94,-1535.90,-355.59,-458.97
12,7,0.05838,-89.57,-17.59,-26.77,-1535.90,-382.60,-458.97
12,8,0.06677,-102.37,-21.00,-30.59,-1524.73,-406.62,-455.64
12,9,0.07495,-115.16,-24.64,-34.41,-1564.55,-444.76,-467.54
12,10,0.08392,-127.96,-28.50,-38.24,-1426.19,-430.51,-426.19
12,11,0.09232,-140.76,-32.59,-42.06,-1524.73,-487.06,-455.64
12,12,0.10007,-153.55,-36.90,-45.89,-1650.79,-556.35,-493.31
12,13,0.10834,-166.35,-41.44,-49.71,-1547.23,-548.66,-462.36
12,14,0.11679,-179.14,-46.20,-53.53,-1513.72,-563.39,-452.35
12,15,0.12515,-191.94,-51.19,-57.36,-1530.29,-596.47,-457.30
12,16,0.13342,-204.74,-56.40,-61.18,-1547.23,-630.28,-462.36
12,17,0.14163,-217.53,-61.84,-65.01,-1558.74,-662.37,-465.80
12,18,0.15097,-230.33,-67.50,-68.83,-1370.26,-606.38,-409.48
12,19,0.15829,-243.42,-73.53,-72.74,-1787.92,-822.92,-534.17
12,20,0.16681,-256.22,-79.65,-76.57,-1502.87,-718.53,-449.10
12,21,0.17511,-269.02,-85.99,-80.39,-1541.54,-764.13,-460.66
12,22,0.18420,-281.81,-92.56,-84.21,-1407.05,-722.19,-420.47
12,23,0.19171,-294.61,-99.35,-88.04,-1704.47,-904.83,-509.35
12,24,0.20013,-307.40,-106.37,-91.86,-1519.20,-833.19,-453.99
12,25,0.20844,-320.20,-113.61,-95.68,-1541.54,-872.55,-460.66
12,26,0.21686,-333.00,-121.08,-99.51,-1519.20,-886.62,-453.99
12,27,0.22516,-345.79,-128.77,-103.33,-1541.54,-926.76,-460.66
12,28,0.23346,-358.59,-136.69,-107.16,-1541.54,-953.87,-460.66
12,29,0.24176,-371.38,-144.83,-110.98,-1541.54,-980.97,-460.66
12,30,0.25079,-384.18,-153.20,-114.80,-1416.55,-926.35,-423.31
12,31,0.25842,-396.98,-161.79,-118.63,-1677.20,-1126.28,-501.20
12,32,0.26685,-409.77,-170.61,-122.45,-1519.20,-1046.90,-453.99
12,33,0.27505,-422.60,-179.68,-126.28,-1562.83,-1104.56,-466.91
12,34,0.28424,-435.40,-188.95,-130.11,-1393.02,-1009.00,-416.28
12,35,0.29245,-448.26,-198.49,-133.95,-1567.29,-1163.00,-468.40
12,36,0.30020,-461.06,-208.21,-137.78,-1650.79,-1253.92,-493.31
12,37,0.30844,-473.86,-218.16,-141.60,-1552.96,-1206.93,-464.07
12,38,0.31683,-486.65,-228.33,-145.43,-1524.73,-1211.79,-455.64
12,39,0.32516,-499.45,-238.72,-149.25,-1535.90,-1247.68,-458.97
12,40,0.33353,-512.24,-249.34,-153.07,-1530.29,-1270.03,-457.30
12,41,0.34189,-525.04,-260.19,-156.90,-1530.29,-1296.94,-457.30
12,42,0.35016,-537.84,-271.26,-160.72,-1547.23,-1338.50,-462.36
12,43,0.35901,-550.63,-282.55,-164.54,-1445.86,-1276.23,-432.07
12,44,0.36700,-563.42,-294.07,-168.37,-1600.00,-1440.76,-478.24
12,45,0.37518,-576.22,-305.82,-172.19,-1564.18,-1436.02,-467.54
12,46,0.38495,-589.01,-317.79,-176.02,-1310.00,-1225.71,-391.56
12,47,0.39261,-602.66,-330.80,-180.09,-1781.67,-1699.00,-532.27
12,48,0.40085,-615.45,-343.23,-183.92,-1552.59,-1509.12,-464.07
12,49,0.40829,-628.24,-355.89,-187.74,-1718.03,-1700.14,-513.52
12,50,0.41705,-641.04,-368.78,-191.56,-1460.63,-1471.11,-436.59
12,51,0.42542,-653.83,-381.89,-195.39,-1529.93,-1567.81,-457.30
12,52,0.43405,-666.62,-395.22,-199.21,-1481.27,-1544.01,-442.76
12,53,0.44244,-679.42,-408.78,-203.04,-1524.36,-1615.73,-455.64
12,54,0.45007,-692.21,-422.57,-206.86,-1676.80,-1806.80,-501.20
12,55,0.45825,-705.00,-436.58,-210.68,-1564.18,-1712.96,-467.54
12,56,0.46655,-717.79,-450.81,-214.51,-1541.18,-1714.87,-460.66
12,57,0.47501,-730.59,-465.27,-218.33,-1513.36,-1710.54,-452.35
12,58,0.48419,-743.38,-479.96,-222.16,-1392.69,-1598.64,-416.28
12,59,0.49243,-756.17,-494.87,-225.98,-1552.59,-1809.50,-464.07
12,60,0.50089,-768.97,-510.00,-229.80,-1513.36,-1790.39,-452.35
12,61,0.50848,-781.76,-525.36,-233.63,-1683.53,-2021.33,-503.21
12,62,0.51669,-794.55,-540.95,-237.45,-1558.36,-1898.45,-465.80
12,63,0.52557,-807.35,-556.76,-241.28,-1440.55,-1780.26,-430.58
12,64,0.53427,-820.14,-572.79,-245.10,-1470.88,-1843.61,-439.65
12,65,0.54303,-832.93,-589.05,-248.92,-1460.63,-1856.45,-436.59
12,66,0.55093,-845.72,-605.54,-252.75,-1618.53,-2085.62,-483.78
12,67,0.55835,-858.52,-622.25,-256.57,-1725.10,-2253.28,-515.64
12,68,0.56674,-871.31,-639.18,-260.39,-1524.36,-2017.89,-455.64
12,69,0.57516,-884.10,-656.34,-264.22,-1518.84,-2037.30,-453.99
12,70,0.58420,-896.90,-673.73,-268.04,-1416.22,-1924.55,-423.31
12,71,0.59259,-909.54,-690.49,-272.18,-1506.18,-1997.52,-492.73
13,0,0.00000,0.00,0.00,0.00,1383.04,-182.83,613.84
13,1,0.00787,12.17,-1.84,5.40,1546.12,-233.38,686.05
13,2,0.01617,24.33,-3.90,10.79,1463.97,-248.47,649.63
13,3,0.02457,36.45,-6.19,16.18,1445.09,-272.57,641.45
13,4,0.03293,48.56,-8.70,21.55,1447.81,-300.48,642.34
13,5,0.04126,60.64,-11.44,26.91,1450.18,-328.58,643.59
13,6,0.05045,72.70,-14.40,32.26,1312.96,-322.51,582.72
13,7,0.05923,85.49,-17.79,37.94,1455.21,-386.20,645.83
13,8,0.06696,97.77,-21.30,43.39,1590.12,-453.96,705.53
13,9,0.07455,109.76,-24.96,48.71,1577.51,-481.20,700.00
13,10,0.08289,121.72,-28.84,54.02,1436.26,-465.91,637.36
13,11,0.09128,133.67,-32.94,59.32,1423.27,-489.33,631.64
13,12,0.10071,145.59,-37.28,64.61,1264.08,-459.34,560.84
13,13,0.10858,157.49,-41.83,69.89,1511.24,-578.72,670.54
13,14,0.11694,169.36,-46.61,75.16,1420.07,-571.84,630.29
13,15,0.12442,181.21,-51.62,80.41,1585.31,-669.62,703.27
13,16,0.13272,193.04,-56.85,85.66,1425.00,-630.26,632.35
13,17,0.14102,204.85,-62.31,90.90,1422.43,-657.46,631.25
13,18,0.15033,216.63,-67.99,96.13,1265.90,-610.41,561.64
13,19,0.15863,228.39,-73.90,101.35,1416.91,-711.58,628.68
13,20,0.16693,240.13,-80.03,106.56,1413.97,-738.69,627.57
13,21,0.17444,251.85,-86.39,111.76,1560.57,-846.73,692.28
13,22,0.18280,263.54,-92.97,116.94,1398.18,-787.11,620.44
13,23,0.19119,275.21,-99.77,122.12,1390.55,-811.06,617.09
13,24,0.20068,286.85,-106.81,127.29,1227.01,-740.88,544.69
13,25,0.20862,298.48,-114.06,132.45,1465.00,-914.57,650.00
13,26,0.21671,310.08,-121.55,137.60,1434.34,-925.14,636.60
13,27,0.22452,321.66,-129.25,142.74,1482.03,-986.46,657.81
13,28,0.23276,333.21,-137.18,147.86,1402.22,-962.62,622.22
13,29,0.24115,344.74,-145.34,152.98,1374.18,-971.92,609.82
13,30,0.25021,356.25,-153.72,158.09,1269.70,-924.75,563.64
13,31,0.25858,367.74,-162.33,163.19,1373.72,-1029.29,609.49
13,32,0.26703,379.20,-171.16,168.27,1355.96,-1044.76,601.81
13,33,0.27454,390.64,-180.22,173.35,1523.98,-1206.38,676.42
13,34,0.28275,402.06,-189.50,178.42,1390.71,-1130.65,617.10
13,35,0.29123,413.45,-199.01,183.47,1343.17,-1120.56,596.04
13,36,0.30032,424.82,-208.74,188.52,1250.34,-1070.10,555.03
13,37,0.30862,436.17,-218.69,193.56,1367.28,-1199.49,606.62
13,38,0.31708,447.50,-228.88,198.58,1339.71,-1204.46,594.58
13,39,0.32507,458.80,-239.28,203.60,1413.74,-1301.56,627.48
13,40,0.33264,470.08,-249.91,208.61,1490.32,-1404.76,661.29
13,41,0.34109,481.34,-260.77,213.60,1331.77,-1284.31,590.97
13,42,0.35037,492.57,-271.85,218.59,1210.86,-1194.50,537.50
13,43,0.35876,503.78,-283.16,223.56,1336.00,-1347.27,592.73
13,44,0.36703,514.97,-294.69,228.53,1352.77,-1394.36,600.37
13,45,0.37460,526.14,-306.45,233.48,1475.40,-1553.41,654.84
13,46,0.38275,537.28,-318.43,238.43,1367.42,-1470.48,606.74
13,47,0.39120,548.40,-330.64,243.36,1315.52,-1444.01,583.75
13,48,0.40030,559.50,-343.07,248.29,1220.13,-1366.99,541.61
13,49,0.40942,570.57,-355.72,253.20,1213.71,-1387.08,538.46
13,50,0.41708,581.80,-368.81,258.18,1465.34,-1708.36,650.20
13,51,0.42456,592.83,-381.92,263.08,1475.10,-1753.47,654.69
13,52,0.43283,603.83,-395.26,267.96,1330.63,-1612.44,590.41
13,53,0.44125,614.81,-408.82,272.83,1303.99,-1609.94,578.62
13,54,0.45035,625.77,-422.60,277.70,1205.03,-1515.83,534.90
13,55,0.45883,636.71,-436.61,282.55,1289.21,-1651.41,571.94
13,56,0.46707,647.62,-450.85,287.39,1324.44,-1727.64,587.78
13,57,0.47464,658.51,-465.31,292.23,1439.11,-1910.63,638.71
13,58,0.48291,669.38,-479.99,297.05,1314.02,-1775.68,583.03
13,59,0.49121,680.23,-494.90,301.86,1306.62,-1796.26,579.78
13,60,0.50043,691.05,-510.04,306.67,1174.17,-1642.23,521.19
13,61,0.50873,701.85,-525.40,311.46,1301.10,-1850.47,577.21
13,62,0.51709,712.63,-540.98,316.24,1289.05,-1863.87,571.90
13,63,0.52457,723.38,-556.80,321.01,1438.37,-2114.59,638.37
13,64,0.53284,734.12,-572.83,325.78,1297.79,-1938.92,576.01
13,65,0.54129,744.82,-589.09,330.53,1266.79,-1923.54,562.09
13,66,0.55023,755.51,-605.58,335.27,1195.22,-1843.66,530.38
13,67,0.55826,766.17,-622.29,340.00,1328.52,-2082.00,589.73
13,68,0.56680,776.82,-639.22,344.72,1245.36,-1981.92,552.50
13,69,0.57437,787.43,-656.38,349.44,1402.82,-2267.38,622.58
13,70,0.58273,798.03,-673.77,354.14,1267.15,-2079.14,562.41
13,71,0.59100,808.60,-691.38,358.83,1278.23,-2129.36,567.16
13,72,0.59985,819.77,-695.70,364.17,1262.07,-488.56,603.79
14,0,0.00000,0.00,0.00,0.00,-1382.02,-197.90,-881.27
14,1,0.00836,-11.26,-1.84,-7.18,-1346.72,-219.75,-858.76
14,2,0.01669,-22.52,-3.90,-14.36,-1351.65,-247.56,-861.90
14,3,0.02509,-33.78,-6.19,-21.54,-1341.82,-272.57,-855.64
14,4,0.03342,-45.04,-8.70,-28.72,-1351.65,-301.58,-861.90
14,5,0.04187,-56.30,-11.44,-35.90,-1332.13,-323.84,-849.46
14,6,0.05008,-67.57,-14.40,-43.08,-1371.75,-360.88,-874.72
14,7,0.05838,-78.83,-17.59,-50.27,-1356.62,-384.01,-865.07
14,8,0.06732,-90.09,-21.00,-57.45,-1259.39,-381.64,-803.07
14,9,0.07590,-101.35,-24.64,-64.63,-1313.17,-424.18,-837.37
14,10,0.08340,-112.65,-28.51,-71.83,-1505.28,-516.39,-959.76
14,11,0.09201,-123.91,-32.60,-79.01,-1308.51,-475.06,-834.40
14,12,0.10022,-135.17,-36.92,-86.19,-1371.75,-525.43,-874.72
14,13,0.10941,-146.43,-41.45,-93.37,-1225.91,-494.06,-781.73
14,14,0.11761,-157.93,-46.32,-100.70,-1400.00,-592.48,-892.94
14,15,0.12668,-169.19,-51.31,-107.89,-1242.42,-550.88,-792.26
14,16,0.13358,-181.28,-56.92,-115.60,-1753.54,-813.85,-1118.14
14,17,0.14169,-192.54,-62.38,-122.78,-1387.22,-672.56,-884.59
14,18,0.14987,-203.80,-68.07,-129.96,-1376.87,-695.06,-877.99
14,19,0.15887,-215.06,-73.98,-137.14,-1250.85,-656.44,-797.63
14,20,0.16736,-226.32,-80.11,-144.32,-1327.34,-723.09,-846.40
14,21,0.17575,-237.59,-86.47,-151.50,-1341.82,-757.80,-855.64
14,22,0.18326,-248.85,-93.06,-158.68,-1500.00,-877.10,-956.50
14,23,0.19162,-260.11,-99.87,-165.86,-1346.72,-814.38,-858.76
14,24,0.19989,-271.37,-106.90,-173.04,-1361.62,-850.60,-868.27
14,25,0.20828,-282.63,-114.16,-180.22,-1341.82,-865.04,-855.64
14,26,0.21747,-293.89,-121.65,-187.41,-1225.91,-814.81,-781.73
14,27,0.22638,-305.15,-129.36,-194.59,-1263.70,-865.18,-805.82
14,28,0.23328,-316.41,-137.29,-201.77,-1632.74,-1150.46,-1041.15
14,29,0.24167,-327.67,-145.45,-208.95,-1341.82,-972.28,-855.64
14,30,0.25000,-338.93,-153.84,-216.13,-1351.65,-1006.41,-861.90
14,31,0.25891,-350.20,-162.44,-223.31,-1263.70,-966.18,-805.82
14,32,0.26752,-361.46,-171.28,-230.49,-1308.51,-1026.58,-834.40
14,33,0.27640,-372.72,-180.34,-237.67,-1268.04,-1020.17,-808.59
14,34,0.28333,-383.98,-189.62,-244.85,-1625.55,-1340.27,-1036.56
14,35,0.29166,-395.24,-199.13,-252.03,-1351.65,-1141.44,-861.90
14,36,0.29999,-406.50,-208.87,-259.21,-1351.65,-1168.45,-861.90
14,37,0.30869,-417.76,-218.83,-266.39,-1294.74,-1145.13,-825.61
14,38,0.31750,-429.02,-229.01,-273.57,-1276.82,-1154.78,-814.19
14,39,0.32648,-440.28,-239.42,-280.76,-1255.10,-1160.23,-800.34
14,40,0.33420,-451.54,-250.06,-287.94,-1458.50,-1377.39,-930.04
14,41,0.34174,-462.81,-260.92,-295.12,-1493.93,-1440.69,-952.63
14,42,0.35004,-474.07,-272.00,-302.30,-1356.62,-1335.39,-865.07
14,43,0.35870,-485.33,-283.31,-309.48,-1299.30,-1304.92,-828.52
14,44,0.36755,-496.59,-294.85,-316.66,-1272.41,-1303.35,-811.38
14,45,0.37589,-507.85,-306.61,-323.84,-1351.65,-1411.52,-861.90
14,46,0.38339,-519.11,-318.59,-331.02,-1500.00,-1596.41,-956.50
14,47,0.39178,-530.37,-330.80,-338.20,-1341.82,-1454.87,-855.64
14,48,0.40009,-541.63,-343.24,-345.38,-1356.62,-1498.02,-865.07
14,49,0.40845,-552.89,-355.90,-352.56,-1346.72,-1514.00,-858.76
14,50,0.41751,-564.15,-368.78,-359.74,-1242.42,-1421.58,-792.26
14,51,0.42664,-575.42,-381.89,-366.93,-1234.11,-1436.73,-786.96
14,52,0.43411,-586.68,-395.22,-374.11,-1506.12,-1783.49,-960.41
14,53,0.44165,-597.94,-408.78,-381.29,-1493.93,-1798.89,-952.63
14,54,0.45001,-609.20,-422.57,-388.47,-1346.72,-1648.54,-858.76
14,55,0.45874,-620.46,-436.58,-395.65,-1290.21,-1605.15,-822.73
14,56,0.46762,-631.72,-450.81,-402.83,-1268.04,-1602.91,-808.59
14,57,0.47592,-642.98,-465.27,-410.01,-1356.62,-1741.98,-865.07
14,58,0.48419,-654.24,-479.96,-417.19,-1361.62,-1775.61,-868.27
14,59,0.49170,-665.50,-494.87,-424.37,-1500.00,-1986.03,-956.50
14,60,0.50006,-676.76,-510.00,-431.55,-1346.72,-1809.99,-858.76
14,61,0.50839,-688.02,-525.36,-438.73,-1351.65,-1843.63,-861.90
14,62,0.51749,-699.29,-540.95,-445.91,-1238.26,-1713.70,-789.60
14,63,0.52615,-710.55,-556.76,-453.09,-1299.30,-1824.14,-828.52
14,64,0.53314,-721.81,-572.79,-460.28,-1611.35,-2294.45,-1027.51
14,65,0.54150,-733.07,-589.05,-467.46,-1346.72,-1944.53,-858.76
14,66,0.55023,-744.33,-605.54,-474.64,-1290.21,-1888.72,-822.73
14,67,0.55875,-755.59,-622.25,-481.82,-1322.58,-1962.54,-843.37
14,68,0.56726,-766.85,-639.18,-489.00,-1322.58,-1988.96,-843.37
14,69,0.57556,-778.11,-656.34,-496.18,-1356.62,-2067.26,-865.07
14,70,0.58368,-788.66,-661.40,-502.68,-1298.87,-622.94,-800.75
15,0,0.00000,0.00,0.00,0.00,1544.73,-192.14,374.91
15,1,0.00830,12.94,-1.84,3.14,1558.82,-221.37,378.31
15,2,0.01688,25.85,-3.90,6.27,1506.05,-240.51,365.48
15,3,0.02527,38.75,-6.19,9.40,1536.00,-272.57,372.73
15,4,0.03336,51.61,-8.70,12.52,1590.94,-310.68,386.04
15,5,0.04178,64.46,-11.44,15.64,1525.00,-325.01,369.93
15,6,0.05020,77.28,-14.40,18.75,1522.10,-351.73,369.20
15,7,0.05838,90.07,-17.59,21.85,1564.55,-389.74,379.48
15,8,0.06674,102.84,-21.00,24.95,1527.37,-408.11,370.44
15,9,0.07498,115.59,-24.64,28.04,1547.04,-441.46,375.19
15,10,0.08408,128.31,-28.50,31.13,1398.99,-424.73,339.26
15,11,0.09171,141.13,-32.63,34.24,1679.60,-540.83,407.60
15,12,0.10010,153.80,-36.94,37.31,1510.18,-514.11,366.18
15,13,0.10834,166.45,-41.48,40.38,1535.19,-550.94,372.59
15,14,0.11676,179.08,-46.25,43.44,1498.91,-565.68,363.77
15,15,0.12503,191.68,-51.24,46.50,1523.62,-603.32,369.74
15,16,0.13342,204.25,-56.45,49.55,1498.55,-621.36,363.64
15,17,0.14246,216.81,-61.89,52.60,1389.53,-602.19,337.16
15,18,0.15002,229.48,-67.62,55.67,1674.60,-757.40,406.05
15,19,0.15836,241.98,-73.51,58.71,1500.73,-707.25,364.10
15,20,0.16675,254.46,-79.63,61.73,1486.91,-728.91,360.73
15,21,0.17529,266.92,-85.97,64.76,1457.50,-742.23,353.57
15,22,0.18378,279.35,-92.54,67.77,1465.11,-774.09,355.40
15,23,0.19189,291.75,-99.33,70.78,1528.20,-836.73,370.68
15,24,0.20035,304.13,-106.35,73.78,1464.62,-830.12,355.23
15,25,0.20871,316.49,-113.59,76.78,1477.74,-866.12,358.39
15,26,0.21710,328.82,-121.06,79.77,1469.45,-889.78,356.36
15,27,0.22546,341.13,-128.75,82.75,1471.90,-919.93,356.93
15,28,0.23373,353.41,-136.67,85.74,1485.24,-957.32,360.52
15,29,0.24261,365.67,-144.81,88.71,1380.41,-916.87,335.05
15,30,0.25040,378.25,-153.42,91.76,1616.47,-1105.91,392.16
15,31,0.25876,390.46,-162.02,94.73,1460.22,-1028.32,354.38
15,32,0.26703,402.65,-170.84,97.68,1473.43,-1066.91,357.56
15,33,0.27545,414.81,-179.89,100.63,1443.84,-1074.30,350.36
15,34,0.28445,426.94,-189.16,103.58,1348.14,-1030.10,327.12
15,35,0.29199,439.06,-198.66,106.52,1606.88,-1260.13,389.88
15,36,0.30048,451.14,-208.39,109.45,1424.82,-1146.14,345.68
15,37,0.30887,463.31,-218.42,112.40,1450.18,-1195.98,351.64
15,38,0.31708,475.35,-228.60,115.32,1466.54,-1239.54,355.76
15,39,0.32538,487.37,-239.00,118.24,1447.43,-1252.98,351.10
15,40,0.33386,499.36,-249.62,121.15,1413.31,-1252.45,342.81
15,41,0.34274,511.33,-260.47,124.05,1347.42,-1221.84,326.80
15,42,0.35059,523.51,-271.78,127.01,1554.09,-1441.72,377.04
15,43,0.35870,535.43,-283.09,129.90,1468.05,-1392.68,356.02
15,44,0.36707,547.32,-294.62,132.78,1422.26,-1378.93,344.89
15,45,0.37552,559.19,-306.37,135.66,1403.97,-1390.61,340.79
15,46,0.38434,571.04,-318.35,138.53,1342.91,-1358.38,325.95
15,47,0.39200,582.86,-330.56,141.40,1543.43,-1593.41,374.50
15,48,0.40039,594.66,-342.99,144.27,1405.82,-1481.16,341.09
15,49,0.40866,606.43,-355.64,147.12,1423.62,-1530.23,345.39
15,50,0.41711,618.18,-368.53,149.97,1389.89,-1523.70,337.18
15,51,0.42545,629.90,-381.63,152.82,1407.33,-1573.03,341.39
15,52,0.43436,641.60,-394.96,155.65,1313.01,-1495.92,318.49
15,53,0.44272,653.28,-408.52,158.49,1396.35,-1621.10,338.69
15,54,0.45032,664.93,-422.30,161.31,1533.33,-1813.48,371.89
15,55,0.45862,676.56,-436.30,164.13,1400.74,-1687.24,339.71
15,56,0.46710,688.16,-450.53,166.95,1367.63,-1677.34,331.65
15,57,0.47540,699.74,-464.99,169.75,1394.85,-1741.45,338.24
15,58,0.48361,711.29,-479.67,172.56,1407.43,-1788.28,341.26
15,59,0.49176,722.82,-494.57,175.35,1414.98,-1829.29,343.45
15,60,0.50006,734.33,-507.45,178.16,1386.40,-1551.36,337.50
16,0,0.00000,0.00,0.00,0.00,-1516.73,-188.04,-354.09
16,1,0.00821,-13.01,-1.84,-3.04,-1584.39,-223.84,-369.89
16,2,0.01657,-26.01,-3.90,-6.07,-1555.47,-246.66,-363.14
16,3,0.02484,-39.02,-6.19,-9.11,-1572.69,-276.60,-367.16
16,4,0.03415,-52.03,-8.70,-12.15,-1397.38,-269.94,-326.23
16,5,0.04221,-65.03,-11.44,-15.18,-1614.39,-339.78,-376.89
16,6,0.04980,-78.04,-14.40,-18.22,-1711.65,-389.87,-399.60
16,7,0.05820,-91.05,-17.59,-21.26,-1549.82,-379.82,-361.82
16,8,0.06659,-104.05,-21.00,-24.29,-1549.82,-406.62,-361.82
16,9,0.07553,-117.06,-24.64,-27.33,-1454.61,-406.81,-339.59
16,10,0.08319,-130.07,-28.50,-30.36,-1698.01,-504.26,-396.41
16,11,0.09149,-143.07,-32.59,-33.40,-1566.91,-492.43,-365.81
16,12,0.09991,-156.08,-36.90,-36.44,-1544.20,-512.01,-360.51
16,13,0.10828,-169.09,-41.44,-39.47,-1555.47,-542.66,-363.14
16,14,0.11661,-182.09,-46.20,-42.51,-1561.17,-571.65,-364.47
16,15,0.12482,-195.10,-51.19,-45.55,-1584.39,-607.56,-369.89
16,16,0.13409,-208.11,-56.40,-48.58,-1401.97,-561.86,-327.30
16,17,0.14148,-221.11,-61.84,-51.62,-1761.16,-736.27,-411.16
16,18,0.14999,-234.12,-67.50,-54.66,-1527.60,-665.06,-356.63
16,19,0.15820,-247.13,-73.39,-57.69,-1584.39,-717.19,-369.89
16,20,0.16714,-260.13,-79.50,-60.73,-1454.61,-683.61,-339.59
16,21,0.17578,-273.14,-85.84,-63.77,-1506.01,-733.82,-351.59
16,22,0.18332,-286.15,-92.40,-66.80,-1725.51,-870.62,-402.83
16,23,0.19159,-299.15,-99.19,-69.84,-1572.69,-820.72,-367.16
16,24,0.20010,-312.16,-106.20,-72.88,-1527.60,-823.62,-356.63
16,25,0.20831,-325.16,-113.44,-75.91,-1584.39,-881.64,-369.89
16,26,0.21661,-338.17,-120.90,-78.95,-1566.91,-899.02,-365.81
16,27,0.22495,-351.18,-128.59,-81.99,-1561.17,-922.74,-364.47
16,28,0.23398,-364.18,-136.50,-85.02,-1439.86,-875.95,-336.15
16,29,0.24225,-377.19,-144.64,-88.06,-1572.69,-983.96,-367.16
16,30,0.25000,-390.20,-153.00,-91.09,-1677.95,-1078.84,-391.73
16,31,0.25836,-403.20,-161.59,-94.13,-1555.47,-1027.01,-363.14
16,32,0.26669,-416.21,-170.40,-97.17,-1561.17,-1057.77,-364.47
16,33,0.27545,-429.22,-179.44,-100.20,-1485.02,-1031.87,-346.69
16,34,0.28333,-442.22,-188.70,-103.24,-1651.94,-1176.43,-385.66
16,35,0.29166,-455.23,-198.19,-106.28,-1561.17,-1138.79,-364.47
16,36,0.30026,-468.24,-207.90,-109.31,-1511.35,-1128.60,-352.84
16,37,0.30829,-481.24,-217.84,-112.35,-1620.53,-1238.17,-378.33
16,38,0.31674,-494.25,-228.00,-115.39,-1538.63,-1202.20,-359.21
16,39,0.32498,-507.26,-238.39,-118.42,-1578.52,-1260.68,-368.52
16,40,0.33405,-520.26,-249.00,-121.46,-1435.02,-1170.90,-335.02
16,41,0.34171,-533.27,-259.84,-124.50,-1698.01,-1414.85,-396.41
16,42,0.35019,-546.28,-270.90,-127.53,-1533.09,-1303.96,-357.91
16,43,0.35843,-559.28,-282.19,-130.57,-1578.52,-1369.91,-368.52
16,44,0.36685,-572.29,-293.70,-133.61,-1544.20,-1366.84,-360.51
16,45,0.37582,-585.30,-305.44,-136.64,-1449.66,-1308.23,-338.44
16,46,0.38345,-598.34,-317.44,-139.69,-1709.60,-1572.57,-399.20
16,47,0.39182,-611.35,-329.63,-142.72,-1555.47,-1457.62,-363.14
16,48,0.40018,-624.35,-342.04,-145.76,-1555.47,-1484.52,-363.14
16,49,0.40845,-637.36,-354.68,-148.80,-1572.69,-1528.17,-367.16
16,50,0.41687,-650.37,-367.54,-151.83,-1544.20,-1527.20,-360.51
16,51,0.42511,-663.37,-380.63,-154.87,-1578.52,-1588.44,-368.52
16,52,0.43417,-676.38,-393.94,-157.91,-1435.02,-1468.86,-335.02
16,53,0.44189,-689.39,-407.48,-160.94,-1684.58,-1753.46,-393.28
16,54,0.45023,-702.39,-421.25,-163.98,-1561.17,-1652.01,-364.47
16,55,0.45850,-715.40,-435.23,-167.02,-1572.69,-1691.40,-367.16
16,56,0.46698,-728.41,-449.45,-170.05,-1533.09,-1675.34,-357.91
16,57,0.47562,-741.41,-463.89,-173.09,-1506.01,-1671.79,-351.59
16,58,0.48358,-754.42,-478.55,-176.13,-1632.95,-1840.95,-381.23
16,59,0.49191,-767.43,-493.44,-179.16,-1561.17,-1787.04,-364.47
16,60,0.50021,-780.43,-508.55,-182.20,-1566.91,-1820.72,-365.81
16,61,0.50854,-793.44,-523.89,-185.24,-1561.54,-1841.05,-364.47
16,62,0.51697,-806.45,-539.45,-188.27,-1544.20,-1847.76,-360.51
16,63,0.52533,-819.45,-555.24,-191.31,-1555.47,-1888.15,-363.14
16,64,0.53415,-832.46,-571.26,-194.35,-1474.74,-1815.66,-344.29
16,65,0.54184,-845.47,-587.49,-197.38,-1691.27,-2111.51,-394.84
16,66,0.55023,-858.47,-603.96,-200.42,-1549.82,-1961.72,-361.82
16,67,0.55856,-871.48,-620.65,-203.45,-1561.17,-2003.10,-364.47
16,68,0.56702,-884.49,-637.56,-206.49,-1538.63,-2000.79,-359.21
16,69,0.57523,-897.49,-654.70,-209.53,-1584.39,-2087.70,-369.89
16,70,0.58365,-910.50,-672.06,-212.56,-1544.20,-2061.47,-360.51
16,71,0.59198,-923.51,-689.65,-215.60,-1561.17,-2111.12,-364.47
16,72,0.60031,-936.51,-707.46,-218.64,-1561.17,-2138.13,-364.47
16,73,0.60849,-949.52,-725.50,-221.67,-1590.30,-2205.53,-371.27
16,74,0.61700,-961.48,-736.15,-225.31,-1405.02,-1250.48,-427.24
17,0,0.00000,0.00,0.00,0.00,1546.12,-215.67,891.02
17,1,0.00812,11.54,-1.84,6.65,1421.43,-226.36,819.17
17,2,0.01657,23.06,-3.90,13.29,1362.45,-243.99,785.20
17,3,0.02484,34.55,-6.19,19.91,1390.04,-276.60,801.11
17,4,0.03329,46.03,-8.70,26.53,1357.40,-297.22,782.31
17,5,0.04153,57.48,-11.44,33.13,1390.00,-332.23,801.11
17,6,0.04993,68.91,-14.40,39.72,1362.18,-353.01,785.09
17,7,0.05826,80.32,-17.59,46.29,1369.60,-382.60,789.38
17,8,0.06668,91.71,-21.00,52.86,1352.17,-405.15,779.35
17,9,0.07495,103.08,-24.64,59.41,1374.54,-439.84,792.25
17,10,0.08331,114.43,-28.50,65.95,1356.93,-461.93,781.75
17,11,0.09167,125.75,-32.59,72.47,1354.01,-488.83,780.29
17,12,0.09995,137.05,-36.90,78.98,1366.42,-521.45,787.45
17,13,0.10828,148.33,-41.44,85.48,1353.85,-544.64,780.22
17,14,0.11667,159.59,-46.20,91.97,1341.45,-567.49,773.09
17,15,0.12497,170.82,-51.19,98.45,1353.68,-600.86,780.15
17,16,0.13336,182.04,-56.40,104.91,1336.36,-621.11,770.18
17,17,0.14249,193.23,-61.84,111.36,1226.76,-595.91,707.02
17,18,0.14999,204.40,-67.50,117.80,1488.21,-754.27,857.72
17,19,0.15829,215.55,-73.39,124.23,1343.38,-709.28,774.26
17,20,0.16678,226.68,-79.50,130.64,1311.87,-720.49,756.12
17,21,0.17490,237.79,-85.84,137.04,1368.05,-780.72,788.35
17,22,0.18335,248.87,-92.40,143.43,1311.19,-776.33,755.60
17,23,0.19180,259.94,-99.19,149.80,1308.66,-802.94,754.15
17,24,0.20062,270.98,-106.20,156.17,1251.90,-795.12,721.45
17,25,0.20828,282.00,-113.44,162.52,1438.65,-944.87,829.08
17,26,0.21667,293.00,-120.90,168.86,1310.55,-889.22,755.27
17,27,0.22504,303.97,-128.59,175.18,1312.77,-919.37,756.57
17,28,0.23343,314.93,-136.50,181.50,1305.45,-942.84,752.36
17,29,0.24170,325.86,-144.64,187.80,1322.14,-983.96,761.99
17,30,0.25079,336.78,-153.00,194.09,1200.00,-919.55,691.61
17,31,0.25974,347.67,-161.59,200.37,1217.75,-960.41,702.05
17,32,0.26660,358.98,-170.77,206.89,1648.00,-1337.13,949.78
17,33,0.27487,369.83,-179.82,213.14,1311.44,-1093.91,755.72
17,34,0.28323,380.65,-189.09,219.38,1294.53,-1108.84,745.99
17,35,0.29172,391.46,-198.59,225.60,1273.38,-1119.41,733.81
17,36,0.30063,402.24,-208.31,231.81,1209.93,-1090.99,697.26
17,37,0.30820,413.00,-218.26,238.02,1421.77,-1314.28,819.35
17,38,0.31662,423.73,-228.43,244.20,1274.64,-1207.66,734.78
17,39,0.32489,434.45,-238.82,250.38,1295.57,-1257.15,746.86
17,40,0.33344,445.14,-249.45,256.55,1251.43,-1243.07,721.43
17,41,0.34152,455.81,-260.29,262.70,1319.62,-1341.26,760.38
17,42,0.34995,466.46,-271.37,268.83,1264.49,-1314.51,728.62
17,43,0.35901,477.09,-282.66,274.96,1172.73,-1246.39,675.76
17,44,0.36670,487.70,-294.18,281.07,1379.37,-1498.22,794.84
17,45,0.37488,498.29,-305.93,287.17,1294.40,-1436.28,745.90
17,46,0.38336,508.85,-317.90,293.26,1245.32,-1411.14,717.63
17,47,0.39169,519.40,-330.10,299.33,1265.57,-1463.99,729.30
17,48,0.40002,529.92,-342.52,305.40,1262.64,-1491.00,727.84
17,49,0.40820,540.41,-355.17,311.45,1283.58,-1546.33,739.93
17,50,0.41660,550.89,-368.04,317.49,1248.36,-1533.78,719.64
17,51,0.42493,561.35,-381.14,323.52,1254.95,-1572.02,723.44
17,52,0.43356,571.78,-394.46,329.53,1208.13,-1542.53,696.11
17,53,0.44189,582.19,-408.01,335.53,1249.82,-1626.04,720.15
17,54,0.44998,592.58,-421.78,341.52,1284.91,-1702.95,740.38
17,55,0.45831,602.95,-435.78,347.49,1244.69,-1680.05,717.22
17,56,0.46677,613.30,-450.00,353.45,1224.19,-1682.41,705.42
17,57,0.47498,623.63,-464.45,359.41,1257.99,-1759.85,724.91
17,58,0.48343,633.94,-479.12,365.34,1219.13,-1735.64,702.53
17,59,0.49167,644.22,-494.01,371.27,1247.78,-1807.95,719.26
17,60,0.50064,654.48,-509.14,377.19,1143.54,-1685.44,659.18
17,61,0.50824,664.72,-524.48,383.09,1347.39,-2019.64,776.71
17,62,0.51660,674.93,-540.06,388.98,1221.90,-1862.28,704.38
17,63,0.52484,685.29,-540.58,395.18,1256.67,-64.02,753.33
18,0,0.00000,0.00,0.00,0.00,-1419.33,-196.43,-794.80
18,1,0.00827,-11.65,-1.84,-6.52,-1408.86,-222.19,-788.93
18,2,0.01672,-23.30,-3.90,-13.05,-1378.34,-243.99,-771.84
18,3,0.02496,-34.95,-6.19,-19.57,-1414.07,-277.62,-791.85
18,4,0.03336,-46.61,-8.70,-26.10,-1388.36,-299.39,-777.45
18,5,0.04166,-58.26,-11.44,-32.62,-1403.68,-329.79,-786.03
18,6,0.05060,-69.91,-14.40,-39.15,-1303.07,-331.32,-729.69
18,7,0.05832,-81.67,-17.62,-45.73,-1522.53,-416.68,-852.57
18,8,0.06665,-93.32,-21.03,-52.26,-1398.53,-409.85,-783.15
18,9,0.07501,-104.97,-24.67,-58.78,-1393.43,-435.26,-780.29
18,10,0.08347,-116.62,-28.54,-65.30,-1378.34,-457.16,-771.84
18,11,0.09189,-128.27,-32.63,-71.83,-1383.33,-485.54,-774.64
18,12,0.10007,-139.92,-36.94,-78.35,-1424.63,-527.54,-797.76
18,13,0.10837,-151.57,-41.48,-84.88,-1403.68,-546.89,-786.03
18,14,0.11673,-163.23,-46.24,-91.40,-1393.43,-569.80,-780.29
18,15,0.12509,-174.88,-51.23,-97.93,-1393.43,-596.71,-780.29
18,16,0.13339,-186.53,-56.45,-104.45,-1403.68,-628.21,-786.03
18,17,0.14169,-198.18,-61.89,-110.98,-1403.68,-655.31,-786.03
18,18,0.15054,-209.83,-67.55,-117.50,-1316.55,-640.06,-737.24
18,19,0.15839,-221.48,-73.44,-124.03,-1485.60,-750.94,-831.91
18,20,0.16669,-233.14,-79.56,-130.55,-1403.68,-736.63,-786.03
18,21,0.17505,-244.79,-85.90,-137.08,-1393.43,-758.16,-780.29
18,22,0.18347,-256.44,-92.46,-143.60,-1383.33,-779.38,-774.64
18,23,0.19183,-268.09,-99.25,-150.13,-1393.43,-811.98,-780.29
18,24,0.20004,-279.74,-106.27,-156.65,-1419.33,-854.48,-794.80
18,25,0.20847,-291.39,-113.51,-163.17,-1383.33,-859.52,-774.64
18,26,0.21680,-303.05,-120.97,-169.70,-1398.53,-895.98,-783.15
18,27,0.22504,-314.70,-128.66,-176.22,-1414.07,-933.23,-791.85
18,28,0.23349,-326.35,-136.57,-182.75,-1378.34,-936.27,-771.84
18,29,0.24191,-338.00,-144.71,-189.27,-1383.33,-966.38,-774.64
18,30,0.25021,-349.65,-153.08,-195.80,-1403.68,-1007.69,-786.03
18,31,0.25845,-361.30,-161.67,-202.32,-1414.07,-1042.47,-791.85
18,32,0.26688,-372.96,-170.48,-208.85,-1383.33,-1046.52,-774.64
18,33,0.27515,-384.61,-179.52,-215.37,-1408.86,-1093.03,-788.93
18,34,0.28345,-396.26,-188.79,-221.90,-1403.68,-1116.12,-786.03
18,35,0.29181,-407.91,-198.28,-228.42,-1393.43,-1134.88,-780.29
18,36,0.30057,-419.56,-207.99,-234.95,-1330.31,-1109.16,-744.95
18,37,0.30908,-431.21,-217.93,-241.47,-1368.46,-1167.39,-766.31
18,38,0.31686,-442.94,-228.17,-248.04,-1507.45,-1315.25,-843.92
18,39,0.32516,-454.60,-238.56,-254.56,-1403.68,-1251.84,-786.03
18,40,0.33362,-466.25,-249.17,-261.09,-1378.34,-1255.86,-771.84
18,41,0.34198,-477.90,-260.01,-267.61,-1393.43,-1296.52,-780.29
18,42,0.35077,-489.55,-271.08,-274.14,-1325.69,-1259.09,-742.36
18,43,0.35849,-501.36,-282.53,-280.75,-1530.04,-1482.94,-856.52
18,44,0.36685,-513.02,-294.05,-287.27,-1393.43,-1377.61,-780.29
18,45,0.37518,-524.67,-305.79,-293.80,-1398.53,-1409.67,-783.15
18,46,0.38348,-536.32,-317.76,-300.32,-1403.68,-1441.96,-786.03
18,47,0.39188,-547.97,-329.96,-306.85,-1388.36,-1453.04,-777.45
18,48,0.40076,-559.62,-342.38,-313.37,-1312.03,-1398.48,-734.71
18,49,0.40921,-571.27,-355.02,-319.90,-1378.34,-1495.78,-771.84
18,50,0.41687,-582.93,-367.89,-326.42,-1521.12,-1680.10,-851.79
18,51,0.42517,-594.58,-380.99,-332.95,-1403.68,-1577.49,-786.03
18,52,0.43353,-606.23,-394.31,-339.47,-1393.43,-1592.88,-780.29
18,53,0.44183,-617.88,-407.85,-346.00,-1403.68,-1631.70,-786.03
18,54,0.45090,-629.53,-421.62,-352.52,-1285.52,-1519.18,-719.87
18,55,0.45850,-641.18,-435.61,-359.05,-1533.33,-1841.64,-858.63
18,56,0.46698,-652.84,-449.83,-365.57,-1373.38,-1676.05,-769.06
18,57,0.47516,-664.49,-464.28,-372.09,-1424.63,-1766.10,-797.76
18,58,0.48349,-676.14,-478.95,-378.62,-1398.53,-1760.76,-783.15
18,59,0.49188,-687.79,-493.84,-385.14,-1388.36,-1774.76,-777.45
18,60,0.50092,-699.44,-508.96,-391.67,-1289.86,-1673.76,-722.30
18,61,0.50925,-711.26,-524.53,-398.29,-1419.05,-1868.79,-794.51
18,62,0.51697,-723.01,-540.23,-404.86,-1521.34,-2033.57,-851.78
18,63,0.52527,-734.66,-556.03,-411.39,-1403.68,-1903.38,-786.03
18,64,0.53360,-746.31,-572.05,-417.91,-1398.53,-1923.41,-783.15
18,65,0.54239,-757.97,-588.30,-424.44,-1325.69,-1848.84,-742.36
18,66,0.55066,-769.62,-604.78,-430.96,-1408.86,-1992.02,-788.93
18,67,0.55835,-781.27,-621.48,-437.49,-1515.08,-2171.47,-848.41
18,68,0.56735,-792.43,-629.88,-443.54,-1239.32,-933.02,-672.20
19,0,0.00000,0.00,0.00,0.00,1088.67,1228.54,-502.34
19,1,0.00824,8.51,9.38,-3.92,1032.22,1138.75,-476.30
19,2,0.01672,17.01,18.55,-7.85,1002.52,1080.63,-462.59
19,3,0.02539,25.52,27.50,-11.77,981.34,1033.00,-452.82
19,4,0.03333,34.02,36.24,-15.70,1071.92,1101.25,-494.62
19,5,0.04163,42.53,44.76,-19.62,1024.63,1026.77,-472.79
19,6,0.04999,51.03,53.07,-23.55,1017.15,993.56,-469.34
19,7,0.05829,59.54,61.17,-27.47,1024.63,974.97,-472.79
19,8,0.06665,68.04,69.04,-31.40,1017.15,942.13,-469.34
19,9,0.07495,76.55,76.71,-35.32,1024.63,923.16,-472.79
19,10,0.08337,85.05,84.15,-39.25,1009.78,884.25,-465.94
19,11,0.09161,93.56,91.39,-43.17,1032.22,877.81,-476.30
19,12,0.10016,102.06,98.41,-47.09,995.36,821.31,-459.29
19,13,0.10840,110.57,105.21,-51.02,1032.22,825.62,-476.30
19,14,0.11676,119.07,111.80,-54.94,1017.15,787.86,-469.34
19,15,0.12567,127.58,118.17,-58.87,954.45,715.16,-440.41
19,16,0.13342,136.08,124.33,-62.79,1097.24,794.43,-506.30
19,17,0.14166,144.59,130.27,-66.72,1032.22,721.25,-476.30
19,18,0.15021,153.09,136.00,-70.64,995.36,670.33,-459.29
19,19,0.15845,161.60,141.51,-74.57,1032.22,669.06,-476.30
19,20,0.16681,170.10,146.81,-78.49,1017.15,633.59,-469.34
19,21,0.17499,178.61,151.89,-82.42,1039.93,621.48,-479.85
19,22,0.18347,187.12,156.76,-86.34,1002.52,573.79,-462.59
19,23,0.19177,195.62,161.41,-90.26,1024.63,560.54,-472.79
19,24,0.20026,204.13,165.85,-94.19,1002.52,523.10,-462.59
19,25,0.20856,212.63,170.07,-98.11,1024.63,508.73,-472.79
19,26,0.21680,221.14,174.08,-102.04,1032.22,486.41,-476.30
19,27,0.22565,229.64,177.87,-105.96,961.03,428.57,-443.45
19,28,0.23346,238.15,181.45,-109.89,1088.67,457.97,-502.34
19,29,0.24188,246.65,184.82,-113.81,1009.78,399.25,-465.94
19,30,0.25031,255.16,187.96,-117.74,1009.78,373.73,-465.94
19,31,0.25854,263.66,190.90,-121.66,1032.22,355.95,-476.30
19,32,0.26691,272.17,193.61,-125.59,1017.15,325.03,-469.34
19,33,0.27521,280.67,196.12,-129.51,1024.63,301.53,-472.79
19,34,0.28400,289.18,198.40,-133.44,967.71,260.31,-446.53
19,35,0.29254,297.68,200.48,-137.36,995.36,242.59,-459.29
19,36,0.30042,306.37,202.37,-141.37,1103.49,240.75,-509.30
19,37,0.30859,314.88,204.01,-145.29,1039.93,200.30,-479.85
19,38,0.31696,323.38,205.43,-149.22,1017.15,170.21,-469.34
19,39,0.32574,331.89,206.64,-153.14,967.71,137.47,-446.53
19,40,0.33362,340.39,207.64,-157.07,1080.23,126.15,-498.45
19,41,0.34180,348.90,208.41,-160.99,1039.93,95.15,-479.85
19,42,0.35034,357.40,208.98,-164.92,995.36,65.92,-459.29
19,43,0.35852,365.91,209.33,-168.84,1039.93,42.57,-479.85
19,44,0.36688,374.41,209.46,-172.77,1017.15,15.93,-469.34
19,45,0.37573,382.92,209.38,-176.69,961.03,-9.25,-443.45
19,46,0.38428,391.42,209.08,-180.62,995.36,-34.73,-459.29
19,47,0.39185,399.93,208.57,-184.54,1123.79,-67.63,-518.55
19,48,0.40027,408.44,207.84,-188.46,1009.78,-86.29,-465.94
19,49,0.40857,416.94,206.90,-192.39,1024.63,-113.47,-472.79
19,50,0.41699,425.45,205.74,-196.31,1009.78,-137.34,-465.94
19,51,0.42572,433.95,204.37,-200.24,974.48,-157.18,-449.65
19,52,0.43365,442.46,202.78,-204.16,1071.92,-199.99,-494.62
19,53,0.44183,450.96,200.98,-208.09,1039.93,-220.30,-479.85
19,54,0.45038,459.47,198.97,-212.01,995.36,-236.03,-459.29
19,55,0.45862,467.97,196.73,-215.94,1032.22,-270.86,-476.30
19,56,0.46680,476.48,194.29,-219.86,1039.93,-299.17,-479.85
19,57,0.47498,484.98,191.63,-223.79,1039.93,-325.45,-479.85
19,58,0.48389,493.49,188.75,-227.71,954.45,-322.84,-440.41
19,59,0.49176,501.99,185.66,-231.63,1080.23,-392.68,-498.45
19,60,0.50006,510.50,182.35,-235.56,1024.63,-398.38,-472.79
19,61,0.50867,519.00,178.83,-239.48,988.30,-409.23,-456.03
19,62,0.51678,527.51,175.09,-243.41,1047.74,-460.34,-483.46
19,63,0.52545,536.01,171.14,-247.33,981.34,-455.96,-452.82
19,64,0.53333,544.52,166.97,-251.26,1080.23,-529.23,-498.45
19,65,0.54218,553.02,162.59,-255.18,961.03,-495.12,-443.45
19,66,0.54999,561.53,157.99,-259.11,1088.67,-588.40,-502.34
19,67,0.55829,570.03,153.18,-263.03,1024.63,-579.69,-472.79
19,68,0.56659,578.54,148.15,-266.96,1024.63,-605.60,-472.79
19,69,0.57538,587.05,142.91,-270.88,967.71,-596.41,-446.53
19,70,0.58392,595.55,137.46,-274.80,995.36,-638.62,-459.29
19,71,0.59222,604.06,131.78,-278.73,1024.63,-683.30,-472.79
19,72,0.60028,612.56,125.90,-282.65,1055.68,-730.68,-487.12
19,73,0.60846,621.07,119.80,-286.58,1039.93,-746.07,-479.85
19,74,0.61688,629.57,113.48,-290.50,1009.78,-749.97,-465.94
19,75,0.62549,638.08,106.95,-294.43,988.30,-759.00,-456.03
19,76,0.63348,646.58,100.20,-298.35,1063.74,-843.82,-490.84
19,77,0.64221,655.09,93.24,-302.28,974.48,-797.65,-449.65
19,78,0.65021,663.59,86.06,-306.20,1063.74,-897.60,-490.84
19,79,0.65826,672.10,78.67,-310.13,1055.68,-917.50,-487.12
19,80,0.66675,680.60,71.06,-314.05,1002.52,-896.63,-462.59
19,81,0.67499,689.11,63.24,-317.97,1032.22,-949.29,-476.30
19,82,0.68378,697.61,55.20,-321.90,967.71,-914.42,-446.53
19,83,0.69220,706.12,46.95,-325.82,1009.78,-979.71,-465.94
19,84,0.70020,714.62,38.48,-329.75,1063.74,-1058.95,-490.84
19,85,0.70850,723.13,29.80,-333.67,1024.63,-1045.92,-472.79
19,86,0.71692,731.63,20.91,-337.60,1009.78,-1056.28,-465.94
19,87,0.72546,740.14,11.79,-341.52,995.36,-1066.36,-459.29
19,88,0.73334,748.65,2.47,-345.45,1080.23,-1184.59,-498.45
19,89,0.74170,757.15,-7.08,-349.37,1017.15,-1141.14,-469.34
19,90,0.75012,765.66,-16.83,-353.30,1009.78,-1158.39,-465.94
19,91,0.75830,774.16,-26.80,-357.22,1039.93,-1219.25,-479.85
19,92,0.76666,782.67,-36.99,-361.15,1017.15,-1218.27,-469.34
19,93,0.77502,791.17,-47.39,-365.07,1017.15,-1243.98,-469.34
19,94,0.78442,799.68,-58.01,-368.99,904.87,-1129.54,-417.53
19,95,0.79163,808.26,-68.95,-372.96,1192.37,-1518.68,-550.42
19,96,0.80005,816.77,-80.00,-376.88,1009.78,-1311.80,-465.94
19,97,0.80835,825.27,-91.26,-380.81,1024.63,-1356.99,-472.79
19,98,0.81671,833.78,-102.74,-384.73,1017.15,-1372.80,-469.34
19,99,0.82550,842.29,-114.43,-388.66,967.71,-1330.52,-446.53
19,100,0.83344,850.79,-126.34,-392.58,1071.92,-1500.91,-494.62
19,101,0.84204,859.30,-138.47,-396.51,988.30,-1408.80,-456.03
19,102,0.85052,867.80,-150.81,-400.43,1002.52,-1454.41,-462.59
19,103,0.85864,876.31,-163.36,-404.35,1047.74,-1546.51,-483.46
19,104,0.86700,884.81,-176.13,-408.28,1017.15,-1527.06,-469.34
19,105,0.87537,893.32,-189.11,-412.20,1017.15,-1552.78,-469.34
19,106,0.88440,901.82,-202.31,-416.13,941.55,-1461.17,-434.46
19,107,0.89209,910.38,-215.81,-420.08,1112.70,-1754.87,-513.49
19,108,0.90057,918.88,-229.44,-424.00,1002.52,-1606.62,-462.59
19,109,0.90894,927.39,-243.28,-427.93,1017.15,-1655.78,-469.34
19,110,0.91724,935.89,-257.34,-431.85,1024.63,-1693.86,-472.79
19,111,0.92554,944.40,-271.62,-435.78,1024.63,-1719.76,-472.79
19,112,0.93390,952.91,-286.11,-439.70,1017.15,-1732.93,-469.34
19,113,0.94214,961.41,-300.82,-443.62,1032.22,-1784.69,-476.30
19,114,0.95062,969.92,-315.74,-447.55,1002.52,-1758.68,-462.59
19,115,0.95886,978.42,-330.87,-451.47,1032.22,-1836.87,-476.30
19,116,0.96735,986.93,-346.22,-455.40,1002.52,-1809.36,-462.59
19,117,0.97559,995.43,-361.79,-459.32,1032.22,-1889.06,-476.30
19,118,0.98462,1003.94,-377.57,-463.25,941.55,-1746.94,-434.46
19,119,0.99225,1012.81,-394.27,-467.34,1163.20,-2188.56,-536.80
19,120,1.00073,1021.32,-410.48,-471.27,1002.52,-1911.84,-462.59
19,121,1.00903,1029.82,-426.92,-475.19,1024.63,-1979.92,-472.79
19,122,1.01752,1038.33,-443.57,-479.12,1002.52,-1962.52,-462.59
19,123,1.02576,1046.83,-460.43,-483.04,1032.22,-2046.76,-476.30
19,124,1.03418,1055.34,-477.51,-486.97,1009.78,-2027.79,-465.94
19,125,1.04242,1063.84,-494.81,-490.89,1032.22,-2098.95,-476.30
19,126,1.05109,1072.35,-512.32,-494.82,981.34,-2020.28,-452.82
19,127,1.05933,1080.85,-530.04,-498.74,1032.22,-2151.13,-476.30
19,128,1.06775,1089.36,-547.98,-502.66,1009.78,-2129.90,-465.94
19,129,1.07648,1097.86,-566.14,-506.59,974.48,-2080.06,-449.65
19,130,1.08435,1106.37,-584.51,-510.51,1080.23,-2333.11,-498.45
19,131,1.09314,1114.87,-603.09,-514.44,967.71,-2114.54,-446.53
19,132,1.10132,1123.55,-622.27,-518.44,1060.82,-2344.96,-489.55
19,133,1.10950,1132.06,-641.29,-522.37,1039.93,-2325.44,-479.85
19,134,1.11786,1140.56,-660.52,-526.29,1017.15,-2300.23,-469.34
19,135,1.12604,1149.07,-679.97,-530.22,1039.93,-2378.02,-479.85
19,136,1.13446,1157.57,-699.64,-534.14,1009.78,-2334.62,-465.94
19,137,1.14331,1166.08,-719.52,-538.06,961.03,-2246.21,-443.45
19,138,1.15125,1174.65,-739.77,-542.02,1080.00,-2552.19,-498.46
19,139,1.15961,1183.15,-760.08,-545.94,1017.15,-2429.00,-469.34
19,140,1.16797,1191.66,-780.60,-549.87,1017.15,-2454.71,-469.34
19,141,1.17688,1200.16,-801.35,-553.79,954.45,-2327.52,-440.41
19,142,1.18536,1208.92,-822.92,-557.83,1032.01,-2543.02,-476.26
19,143,1.19293,1217.54,-844.40,-561.82,1139.92,-2838.38,-526.21
19,144,1.20135,1226.05,-865.80,-565.74,1009.78,-2540.14,-465.94
19,145,1.20972,1234.56,-887.41,-569.67,1017.15,-2584.39,-469.34
19,146,1.21796,1243.06,-909.23,-573.59,1032.22,-2648.78,-476.30
19,147,1.22626,1251.57,-931.27,-577.51,1024.63,-2655.20,-472.79
19,148,1.23511,1260.07,-953.53,-581.44,961.03,-2514.69,-443.45
19,149,1.24335,1268.58,-976.00,-585.36,1032.22,-2727.05,-476.30
19,150,1.25104,1277.08,-998.68,-589.29,1105.95,-2949.80,-510.32
19,151,1.25934,1282.40,-1012.25,-591.01,640.81,-1634.14,-206.99
20,0,0.00000,0.00,0.00,0.00,-771.32,1157.44,-820.59
20,1,0.00836,-6.40,9.39,-6.81,-765.69,1123.29,-814.60
20,2,0.01678,-12.81,18.57,-13.62,-760.14,1089.62,-808.70
20,3,0.02515,-19.21,27.53,-20.43,-765.69,1071.86,-814.60
20,4,0.03345,-25.61,36.28,-27.25,-771.32,1053.84,-820.59
20,5,0.04224,-32.01,44.81,-34.06,-728.47,970.83,-775.00
20,6,0.04999,-38.42,53.13,-40.87,-825.98,1073.04,-878.74
20,7,0.05841,-44.82,61.23,-47.68,-760.14,961.99,-808.70
20,8,0.06665,-51.22,69.12,-54.49,-777.04,957.27,-826.67
20,9,0.07520,-57.62,76.79,-61.30,-749.29,897.92,-797.14
20,10,0.08405,-64.03,84.25,-68.12,-723.45,842.66,-769.66
20,11,0.09167,-70.43,91.49,-74.93,-839.20,949.31,-892.80
20,12,0.10010,-76.83,98.52,-81.74,-760.14,834.36,-808.70
20,13,0.10840,-83.23,105.33,-88.55,-771.32,820.73,-820.59
20,14,0.11670,-89.64,111.93,-95.36,-771.32,794.83,-820.59
20,15,0.12524,-96.04,118.32,-102.17,-749.29,746.95,-797.14
20,16,0.13434,-102.44,124.48,-108.98,-704.03,678.20,-748.99
20,17,0.14246,-108.84,130.44,-115.80,-788.72,733.29,-839.10
20,18,0.15002,-115.25,136.17,-122.61,-845.97,758.11,-900.00
20,19,0.15839,-121.65,141.70,-129.42,-765.69,660.46,-814.60
20,20,0.16669,-128.05,147.00,-136.23,-771.32,639.42,-820.59
20,21,0.17511,-134.45,152.10,-143.04,-760.14,604.62,-808.70
20,22,0.18433,-140.86,156.97,-149.85,-694.70,529.24,-739.07
20,23,0.19177,-147.26,161.64,-156.67,-859.84,626.18,-914.75
20,24,0.20007,-153.66,166.08,-163.48,-771.32,535.80,-820.59
20,25,0.20844,-160.06,170.32,-170.29,-765.69,506.18,-814.60
20,26,0.21680,-166.47,174.33,-177.10,-765.69,480.47,-814.60
20,27,0.22528,-172.87,178.14,-183.91,-754.68,448.22,-802.88
20,28,0.23346,-179.27,181.72,-190.72,-782.84,438.64,-832.84
20,29,0.24231,-185.68,185.10,-197.53,-723.45,381.08,-769.66
20,30,0.25006,-192.08,188.25,-204.35,-825.98,407.36,-878.74
20,31,0.25854,-198.48,191.20,-211.16,-754.68,346.85,-802.88
20,32,0.26685,-204.88,193.93,-217.97,-771.32,328.61,-820.59
20,33,0.27533,-211.29,196.44,-224.78,-754.68,296.16,-802.88
20,34,0.28339,-217.69,198.74,-231.59,-794.70,285.18,-845.45
20,35,0.29187,-224.09,200.82,-238.40,-754.68,245.48,-802.88
20,36,0.30011,-230.49,202.69,-245.21,-777.04,226.67,-826.67
20,37,0.30859,-236.90,204.34,-252.03,-754.68,194.78,-802.88
20,38,0.31683,-243.30,205.78,-258.84,-777.04,174.47,-826.67
20,39,0.32538,-249.70,207.00,-265.65,-749.29,143.08,-797.14
20,40,0.33362,-256.10,208.01,-272.46,-777.04,122.29,-826.67
20,41,0.34247,-262.51,208.80,-279.27,-723.45,89.55,-769.66
20,42,0.35022,-268.91,209.38,-286.08,-825.98,74.51,-878.74
20,43,0.35870,-275.31,209.74,-292.90,-754.68,42.74,-802.88
20,44,0.36688,-281.71,209.89,-299.71,-782.84,18.05,-832.84
20,45,0.37537,-288.12,209.82,-306.52,-754.68,-7.96,-802.88
20,46,0.38409,-294.52,209.54,-313.33,-733.57,-32.36,-780.42
20,47,0.39197,-300.92,209.04,-320.14,-813.18,-63.18,-865.12
20,48,0.40027,-307.32,208.33,-326.95,-771.32,-85.82,-820.59
20,49,0.40875,-313.73,207.40,-333.76,-754.68,-109.33,-802.88
20,50,0.41687,-320.13,206.26,-340.58,-788.72,-140.74,-839.10
20,51,0.42523,-326.53,204.90,-347.39,-765.69,-162.34,-814.60
20,52,0.43347,-332.93,203.33,-354.20,-777.04,-190.83,-826.67
20,53,0.44189,-339.34,201.54,-361.01,-760.14,-212.21,-808.70
20,54,0.45007,-345.74,199.54,-367.82,-782.84,-244.85,-832.84
20,55,0.45831,-352.14,197.32,-374.63,-777.04,-269.12,-826.67
20,56,0.46655,-358.54,194.89,-381.45,-777.04,-295.21,-826.67
20,57,0.47498,-364.95,192.24,-388.26,-760.14,-314.31,-808.70
20,58,0.48315,-371.35,189.38,-395.07,-782.84,-350.00,-832.84
20,59,0.49164,-377.75,186.30,-401.88,-754.68,-362.75,-802.88
20,60,0.49988,-384.16,183.01,-408.69,-777.04,-399.58,-826.67
20,61,0.50824,-390.56,179.50,-415.50,-765.69,-419.46,-814.60
20,62,0.51654,-396.96,175.78,-422.31,-771.32,-448.46,-820.59
20,63,0.52502,-403.36,171.84,-429.13,-754.68,-464.12,-802.88
20,64,0.53320,-409.77,167.69,-435.94,-782.84,-507.72,-832.84
20,65,0.54218,-416.17,163.32,-442.75,-713.61,-486.78,-759.18
20,66,0.55054,-422.57,158.74,-449.56,-765.69,-548.04,-814.60
20,67,0.55841,-428.97,153.94,-456.37,-813.18,-609.33,-865.12
20,68,0.56659,-435.38,148.93,-463.18,-782.84,-612.87,-832.84
20,69,0.57538,-441.78,143.70,-470.00,-728.47,-594.78,-775.00
20,70,0.58362,-448.18,138.26,-476.81,-777.04,-660.52,-826.67
20,71,0.59198,-454.58,132.60,-483.62,-765.69,-676.59,-814.60
20,72,0.60028,-460.99,126.73,-490.43,-771.32,-707.47,-820.59
20,73,0.60876,-467.39,120.64,-497.24,-754.68,-717.54,-802.88
20,74,0.61694,-473.79,114.34,-504.05,-782.84,-770.60,-832.84
20,75,0.62524,-480.19,107.82,-510.86,-771.32,-785.17,-820.59
20,76,0.63354,-486.60,101.09,-517.68,-771.32,-811.08,-820.59
20,77,0.64252,-493.00,94.14,-524.49,-713.61,-774.34,-759.18
20,78,0.65015,-499.40,86.98,-531.30,-839.20,-938.81,-892.80
20,79,0.65851,-505.80,79.60,-538.11,-765.69,-882.29,-814.60
20,80,0.66687,-512.21,72.01,-544.92,-765.69,-908.01,-814.60
20,81,0.67535,-518.61,64.20,-551.73,-754.68,-920.28,-802.88
20,82,0.68347,-525.01,56.18,-558.54,-788.72,-988.29,-839.10
20,83,0.69183,-531.41,47.94,-565.36,-765.69,-985.14,-814.60
20,84,0.70081,-537.82,39.49,-572.17,-713.61,-942.09,-759.18
20,85,0.70862,-544.22,30.82,-578.98,-819.53,-1109.45,-871.88
20,86,0.71680,-550.62,21.94,-585.79,-782.84,-1086.07,-832.84
20,87,0.72516,-557.03,12.84,-592.60,-765.69,-1087.99,-814.60
20,88,0.73407,-563.43,3.53,-599.41,-718.49,-1045.04,-764.38
20,89,0.74249,-569.83,-6.00,-606.23,-760.14,-1131.16,-808.70
20,90,0.75006,-576.23,-15.74,-613.04,-845.97,-1287.27,-900.00
20,91,0.75848,-582.64,-25.70,-619.85,-760.14,-1182.21,-808.70
20,92,0.76678,-589.04,-35.88,-626.66,-771.32,-1225.74,-820.59
20,93,0.77533,-595.44,-46.26,-633.47,-749.29,-1215.65,-797.14
20,94,0.78448,-601.84,-56.87,-640.28,-699.33,-1158.09,-744.00
20,95,0.79187,-608.25,-67.68,-647.09,-866.94,-1464.76,-922.31
20,96,0.80011,-614.65,-78.72,-653.91,-777.04,-1338.96,-826.67
20,97,0.80902,-621.05,-89.96,-660.72,-718.49,-1262.20,-764.38
20,98,0.81689,-627.45,-101.43,-667.53,-813.18,-1455.85,-865.12
20,99,0.82532,-633.86,-113.11,-674.34,-760.14,-1386.42,-808.70
20,100,0.83435,-640.26,-125.00,-681.15,-708.78,-1316.55,-754.05
20,101,0.84271,-646.66,-137.11,-687.96,-765.69,-1447.97,-814.60
20,102,0.85028,-653.06,-149.43,-694.78,-845.97,-1628.19,-900.00
20,103,0.85870,-659.47,-161.97,-701.59,-760.14,-1488.53,-808.70
20,104,0.86694,-665.87,-174.72,-708.40,-777.04,-1547.70,-826.67
20,105,0.87543,-672.27,-187.69,-715.21,-754.68,-1528.51,-802.88
20,106,0.88367,-678.67,-200.87,-722.02,-777.04,-1599.88,-826.67
20,107,0.89203,-685.08,-214.27,-728.83,-765.69,-1602.25,-814.60
20,108,0.90082,-691.48,-227.88,-735.64,-728.47,-1548.82,-775.00
20,109,0.90894,-697.88,-241.71,-742.46,-788.72,-1703.41,-839.10
20,110,0.91699,-704.28,-255.75,-749.27,-794.70,-1742.99,-845.45
20,111,0.92535,-710.69,-270.01,-756.08,-765.69,-1705.10,-814.60
20,112,0.93439,-717.09,-284.48,-762.89,-708.78,-1602.16,-754.05
20,113,0.94275,-723.49,-299.17,-769.70,-765.69,-1756.52,-814.60
20,114,0.95038,-729.90,-314.07,-776.51,-839.20,-1953.32,-892.80
20,115,0.95880,-736.30,-329.19,-783.33,-760.14,-1794.85,-808.70
20,116,0.96704,-742.70,-344.52,-790.14,-777.04,-1860.82,-826.67
20,117,0.97552,-749.10,-360.07,-796.95,-754.68,-1832.62,-802.88
20,118,0.98389,-755.51,-375.83,-803.76,-765.69,-1885.08,-814.60
20,119,0.99213,-761.91,-391.81,-810.57,-777.04,-1939.11,-826.67
20,120,1.00104,-768.31,-408.00,-817.38,-718.49,-1817.13,-764.38
20,121,1.00903,-774.71,-424.41,-824.19,-800.76,-2052.09,-851.91
20,122,1.01703,-781.12,-441.03,-831.01,-800.76,-2078.98,-851.91
20,123,1.02551,-787.52,-457.87,-837.82,-754.68,-1984.67,-802.88
20,124,1.03485,-793.92,-474.92,-844.63,-685.62,-1826.09,-729.41
20,125,1.04279,-800.63,-493.01,-851.76,-845.00,-2280.07,-899.23
20,126,1.05042,-807.03,-510.51,-858.58,-839.20,-2292.84,-892.80
20,127,1.05878,-813.43,-528.21,-865.39,-765.69,-2117.71,-814.60
20,128,1.06708,-819.83,-546.14,-872.20,-771.32,-2159.19,-820.59
20,129,1.07544,-826.24,-564.28,-879.01,-765.69,-2169.14,-814.60
20,130,1.08374,-832.64,-582.63,-885.82,-771.32,-2210.99,-820.59
20,131,1.09210,-839.04,-601.20,-892.63,-765.69,-2220.56,-814.60
20,132,1.10034,-845.44,-619.98,-899.44,-777.04,-2279.56,-826.67
20,133,1.10901,-851.85,-638.98,-906.26,-738.73,-2191.99,-785.92
20,134,1.11719,-858.25,-658.19,-913.07,-782.84,-2349.14,-832.84
20,135,1.12555,-864.65,-677.62,-919.88,-765.69,-2323.41,-814.60
20,136,1.13391,-871.05,-697.26,-926.69,-765.69,-2349.13,-814.60
20,137,1.14246,-877.46,-717.12,-933.50,-749.29,-2323.95,-797.14
20,138,1.15149,-883.86,-737.19,-940.31,-708.78,-2222.13,-754.05
20,139,1.15985,-890.28,-757.53,-947.14,-767.52,-2431.97,-816.42
20,140,1.16760,-896.68,-778.03,-953.95,-825.98,-2645.21,-878.74
20,141,1.17603,-903.08,-798.75,-960.76,-760.14,-2459.79,-808.70
20,142,1.18420,-909.48,-819.68,-967.58,-782.84,-2559.51,-832.84
20,143,1.19275,-915.89,-840.83,-974.39,-749.29,-2474.98,-797.14
20,144,1.20160,-922.29,-862.20,-981.20,-723.45,-2413.93,-769.66
20,145,1.20947,-928.81,-884.17,-988.13,-827.91,-2790.42,-880.62
20,146,1.21777,-935.21,-905.96,-994.94,-771.32,-2625.95,-820.59
20,147,1.22656,-941.61,-927.98,-1001.75,-728.47,-2504.52,-775.00
20,148,1.23492,-948.02,-950.20,-1008.57,-765.69,-2658.20,-814.60
20,149,1.24335,-954.42,-972.65,-1015.38,-760.14,-2664.46,-808.70
20,150,1.25110,-960.82,-995.30,-1022.19,-825.98,-2922.98,-878.74
20,151,1.25958,-967.22,-1018.18,-1029.00,-754.68,-2695.98,-802.52
20,152,1.26782,-973.63,-1041.26,-1035.81,-777.04,-2801.96,-826.67
20,153,1.27625,-980.03,-1064.57,-1042.62,-760.14,-2766.57,-808.70
20,154,1.28455,-986.43,-1088.08,-1049.43,-771.32,-2833.16,-820.59
20,155,1.29358,-992.83,-1111.82,-1056.24,-708.78,-2627.24,-754.05
20,156,1.30115,-999.51,-1136.81,-1063.35,-882.66,-3302.59,-938.71
20,157,1.30951,-1005.92,-1160.98,-1070.16,-765.69,-2890.73,-814.60
20,158,1.31787,-1012.32,-1185.37,-1076.97,-765.69,-2916.45,-814.60
20,159,1.32617,-1018.72,-1209.97,-1083.78,-771.32,-2963.79,-820.59
20,160,1.33502,-1025.13,-1234.79,-1090.59,-723.45,-2804.13,-769.66
20,161,1.34283,-1031.53,-1259.82,-1097.41,-819.53,-3204.07,-871.88
20,162,1.35114,-1037.93,-1285.07,-1104.22,-771.32,-3041.50,-820.59
20,163,1.35956,-1044.33,-1310.53,-1111.03,-760.14,-3022.94,-808.70
20,164,1.36780,-1050.74,-1336.21,-1117.84,-777.04,-3116.22,-826.67
20,165,1.37592,-1057.14,-1362.10,-1124.65,-788.72,-3189.56,-839.10
20,166,1.38416,-1063.54,-1388.20,-1131.46,-777.04,-3168.40,-826.67
20,167,1.39252,-1069.94,-1414.53,-1138.28,-765.69,-3147.86,-814.60
20,168,1.40143,-1076.45,-1426.10,-1145.97,-730.14,-1298.69,-863.70
21,0,0.00000,0.00,0.00,0.00,968.36,-14.61,-1700.39
21,1,0.00836,7.57,-0.33,-13.28,904.74,-39.36,-1588.69
21,2,0.01672,15.13,-0.87,-26.57,904.74,-65.07,-1588.69
21,3,0.02502,22.70,-1.63,-39.86,912.13,-91.54,-1601.47
21,4,0.03339,30.27,-2.61,-53.15,904.74,-116.52,-1588.69
21,5,0.04175,37.83,-3.80,-66.43,904.74,-142.23,-1588.69
21,6,0.05066,45.40,-5.20,-79.71,848.97,-157.59,-1490.75
21,7,0.05835,52.96,-6.82,-93.00,983.73,-210.56,-1727.38
21,8,0.06677,60.53,-8.65,-106.28,898.19,-217.78,-1577.17
21,9,0.07501,68.09,-10.70,-119.57,918.15,-248.71,-1612.22
21,10,0.08344,75.66,-12.97,-132.85,898.19,-268.83,-1577.17
21,11,0.09229,83.22,-15.45,-146.14,854.83,-280.15,-1501.03
21,12,0.10083,90.79,-18.14,-159.42,885.36,-315.31,-1554.64
21,13,0.10889,98.36,-21.05,-172.71,939.02,-361.11,-1648.86
21,14,0.11676,105.92,-24.18,-185.99,960.85,-396.81,-1687.21
21,15,0.12506,113.49,-27.51,-199.27,911.40,-402.29,-1600.37
21,16,0.13336,121.05,-31.07,-212.56,911.40,-428.19,-1600.37
21,17,0.14227,128.62,-34.84,-225.84,848.97,-422.99,-1490.75
21,18,0.15070,136.18,-38.82,-239.13,898.19,-473.04,-1577.17
21,19,0.15833,143.75,-43.02,-252.41,991.60,-550.42,-1741.20
21,20,0.16693,151.31,-47.44,-265.70,879.08,-512.94,-1543.62
21,21,0.17499,158.88,-52.07,-278.98,939.02,-574.60,-1648.86
21,22,0.18347,166.44,-56.91,-292.26,891.73,-571.01,-1565.83
21,23,0.19171,174.01,-61.97,-305.55,918.15,-614.02,-1612.22
21,24,0.20007,181.57,-67.24,-318.83,904.74,-630.77,-1588.69
21,25,0.20905,189.14,-72.73,-332.12,843.20,-611.83,-1480.61
21,26,0.21674,196.70,-78.44,-345.40,983.73,-741.75,-1727.38
21,27,0.22504,204.27,-84.36,-358.69,911.40,-713.11,-1600.37
21,28,0.23340,211.83,-90.49,-371.97,904.74,-733.62,-1588.69
21,29,0.24225,219.40,-96.84,-385.25,854.83,-717.44,-1501.03
21,30,0.25006,226.97,-103.41,-398.54,968.36,-840.24,-1700.39
21,31,0.25848,234.53,-110.18,-411.82,898.19,-804.88,-1577.17
21,32,0.26685,242.10,-117.18,-425.11,904.74,-836.47,-1588.69
21,33,0.27521,249.66,-124.39,-438.39,904.74,-862.18,-1588.69
21,34,0.28345,257.23,-131.81,-451.68,918.15,-901.05,-1612.22
21,35,0.29181,264.79,-139.45,-464.96,904.74,-913.61,-1588.69
21,36,0.30096,272.36,-147.31,-478.24,826.33,-857.91,-1451.00
21,37,0.30908,279.92,-155.38,-491.53,931.95,-994.06,-1636.47
21,38,0.31683,287.49,-163.66,-504.81,975.98,-1068.76,-1713.78
21,39,0.32513,295.05,-172.16,-518.10,911.40,-1023.93,-1600.37
21,40,0.33337,302.62,-180.87,-531.38,918.15,-1057.61,-1612.22
21,41,0.34235,310.18,-189.80,-544.67,843.20,-995.24,-1480.61
21,42,0.35010,317.75,-198.95,-557.95,975.98,-1179.71,-1713.78
21,43,0.35846,325.31,-208.31,-571.23,904.74,-1119.31,-1588.69
21,44,0.36670,332.88,-217.88,-584.52,918.15,-1161.98,-1612.22
21,45,0.37561,340.44,-227.67,-597.80,848.97,-1098.56,-1490.75
21,46,0.38342,348.01,-237.68,-611.09,968.36,-1280.57,-1700.39
21,47,0.39166,355.58,-247.90,-624.37,918.15,-1240.26,-1612.22
21,48,0.40009,363.14,-258.33,-637.66,898.19,-1238.82,-1577.17
21,49,0.40906,370.71,-268.98,-650.94,843.20,-1186.94,-1480.61
21,50,0.41681,378.27,-279.84,-664.22,975.98,-1401.60,-1713.78
21,51,0.42511,385.84,-290.92,-677.51,911.40,-1334.75,-1600.37
21,52,0.43341,393.40,-302.22,-690.79,911.40,-1360.65,-1600.37
21,53,0.44220,400.97,-313.73,-704.08,860.76,-1309.52,-1511.46
21,54,0.45074,408.53,-325.45,-717.36,885.36,-1372.10,-1554.64
21,55,0.45837,416.10,-337.39,-730.65,991.60,-1564.93,-1741.20
21,56,0.46655,423.66,-349.55,-743.93,925.00,-1486.11,-1624.25
21,57,0.47491,431.23,-361.92,-757.21,904.74,-1479.28,-1588.69
21,58,0.48315,438.79,-374.50,-770.50,918.15,-1527.29,-1612.22
21,59,0.49139,446.36,-387.30,-783.78,918.15,-1553.38,-1612.22
21,60,0.49994,453.92,-400.31,-797.07,885.36,-1523.07,-1554.64
21,61,0.50885,461.49,-413.54,-810.35,848.97,-1484.60,-1490.75
21,62,0.51660,469.06,-426.99,-823.64,975.98,-1734.45,-1713.78
21,63,0.52478,476.62,-440.65,-836.92,925.00,-1670.13,-1624.25
21,64,0.53314,484.19,-454.52,-850.20,904.74,-1659.27,-1588.69
21,65,0.54193,491.75,-468.61,-863.49,860.76,-1603.07,-1511.46
21,66,0.54993,499.32,-482.92,-876.77,946.18,-1789.04,-1661.45
21,67,0.55859,506.88,-497.44,-890.06,872.89,-1675.27,-1532.75
21,68,0.56677,514.45,-512.17,-903.34,925.00,-1801.57,-1624.25
21,69,0.57532,521.46,-518.37,-917.09,821.07,-725.34,-1608.57
22,0,0.00000,0.00,0.00,0.00,433.46,-526.09,-1798.53
22,1,0.00830,3.60,-4.58,-14.93,433.46,-551.99,-1798.53
22,2,0.01709,7.20,-9.38,-29.86,409.38,-545.78,-1698.61
22,3,0.02496,10.79,-14.39,-44.79,456.98,-636.56,-1896.12
22,4,0.03326,14.39,-19.62,-59.72,433.46,-629.69,-1798.53
22,5,0.04169,17.99,-25.06,-74.65,427.17,-646.09,-1772.46
22,6,0.05005,21.59,-30.72,-89.58,430.29,-676.52,-1785.40
22,7,0.05884,25.19,-36.59,-104.50,409.38,-668.10,-1698.61
22,8,0.06738,28.78,-42.68,-119.43,421.07,-712.35,-1747.14
22,9,0.07581,32.38,-48.98,-134.36,427.17,-748.20,-1772.46
22,10,0.08344,35.98,-55.49,-149.29,471.60,-854.19,-1956.80
22,11,0.09161,39.58,-62.23,-164.22,439.93,-823.11,-1825.37
22,12,0.09979,43.18,-69.17,-179.15,439.93,-849.40,-1825.37
22,13,0.10809,46.77,-76.34,-194.08,433.46,-862.81,-1798.53
22,14,0.11719,50.37,-83.71,-209.01,395.64,-811.17,-1641.61
22,15,0.12531,53.97,-91.30,-223.94,443.23,-935.24,-1839.10
22,16,0.13306,57.57,-99.11,-238.87,464.17,-1007.16,-1925.98
22,17,0.14142,61.17,-107.13,-253.80,430.29,-959.36,-1785.40
22,18,0.14966,64.76,-115.37,-268.73,436.67,-999.66,-1811.85
22,19,0.15820,68.36,-123.82,-283.65,421.07,-989.12,-1747.14
22,20,0.16638,71.96,-132.49,-298.58,439.93,-1059.70,-1825.37
22,21,0.17468,75.56,-141.37,-313.51,433.46,-1070.02,-1798.53
22,22,0.18311,79.16,-150.47,-328.44,427.17,-1080.04,-1772.46
22,23,0.19214,82.75,-159.78,-343.37,398.31,-1030.86,-1652.70
22,24,0.20038,86.41,-169.47,-358.56,444.07,-1176.31,-1842.96
22,25,0.20862,90.01,-179.22,-373.49,436.67,-1182.77,-1811.85
22,26,0.21741,93.61,-189.18,-388.42,409.38,-1133.31,-1698.61
22,27,0.22614,97.21,-199.35,-403.34,412.24,-1165.87,-1710.49
22,28,0.23364,100.81,-209.75,-418.27,479.27,-1384.08,-1988.62
22,29,0.24200,104.40,-220.35,-433.20,430.29,-1268.35,-1785.40
22,30,0.25037,108.00,-231.17,-448.13,430.29,-1294.06,-1785.40
22,31,0.25958,111.60,-242.21,-463.06,390.40,-1197.41,-1619.87
22,32,0.26697,115.20,-253.46,-477.99,487.19,-1523.41,-2021.49
22,33,0.27527,118.80,-264.92,-492.92,433.46,-1381.28,-1798.53
22,34,0.28357,122.39,-276.60,-507.85,433.46,-1407.18,-1798.53
22,35,0.29199,125.99,-288.50,-522.78,427.17,-1412.32,-1772.46
22,36,0.30023,129.59,-300.61,-537.71,436.67,-1469.79,-1811.85
22,37,0.30853,133.19,-312.94,-552.64,433.46,-1484.89,-1798.53
22,38,0.31689,136.79,-325.48,-567.57,430.29,-1499.76,-1785.40
22,39,0.32605,140.38,-338.23,-582.50,393.00,-1393.27,-1630.67
22,40,0.33356,143.98,-351.20,-597.42,479.27,-1727.75,-1988.62
22,41,0.34192,147.58,-364.39,-612.35,430.29,-1576.90,-1785.40
22,42,0.35028,151.18,-377.79,-627.28,430.29,-1602.61,-1785.40
22,43,0.35876,154.78,-391.41,-642.21,424.10,-1604.90,-1759.71
22,44,0.36688,158.37,-405.24,-657.14,443.23,-1703.78,-1839.10
22,45,0.37524,161.09,-411.10,-671.78,325.18,-700.78,-1751.09
23,0,0.00000,0.00,0.00,0.00,-277.54,-176.64,1807.25
23,1,0.00873,-2.33,-1.70,15.14,-266.43,-195.10,1734.97
23,2,0.01654,-4.64,-3.62,30.20,-296.09,-245.48,1927.73
23,3,0.02502,-6.94,-5.75,45.18,-271.22,-251.40,1765.47
23,4,0.03320,-9.23,-8.10,60.08,-279.48,-287.07,1821.27
23,5,0.04169,-11.50,-10.66,74.89,-267.99,-302.09,1746.40
23,6,0.04993,-13.76,-13.44,89.63,-274.44,-337.13,1788.15
23,7,0.05829,-16.01,-16.43,104.28,-268.98,-357.92,1752.19
23,8,0.06653,-18.25,-19.64,118.85,-271.48,-389.32,1768.15
23,9,0.07556,-20.47,-23.07,133.34,-246.28,-378.92,1604.05
23,10,0.08319,-22.68,-26.70,147.74,-290.00,-476.82,1888.40
23,11,0.09161,-24.88,-30.56,162.07,-261.23,-457.43,1700.72
23,12,0.09985,-27.07,-34.62,176.32,-265.56,-493.69,1728.89
23,13,0.10889,-29.25,-38.91,190.48,-240.88,-474.12,1567.91
23,14,0.11646,-31.41,-43.41,204.56,-285.48,-594.30,1860.48
23,15,0.12506,-33.56,-48.12,218.56,-249.65,-547.63,1626.60
23,16,0.13318,-35.69,-53.05,232.48,-263.16,-607.05,1714.66
23,17,0.14154,-37.82,-58.19,246.31,-254.01,-615.04,1654.74
23,18,0.14990,-39.93,-63.55,260.07,-252.55,-640.76,1644.89
23,19,0.15820,-42.03,-69.12,273.74,-252.94,-671.37,1647.43
23,20,0.16748,-44.12,-74.91,287.34,-225.00,-623.87,1465.13
23,21,0.17560,-46.19,-80.91,300.85,-255.64,-739.49,1664.29
23,22,0.18329,-48.25,-87.13,314.27,-268.25,-808.53,1746.03
23,23,0.19165,-50.31,-93.56,327.62,-245.26,-769.32,1596.35
23,24,0.19989,-52.34,-100.21,340.89,-247.04,-806.81,1610.00
23,25,0.20844,-54.36,-107.07,354.07,-236.79,-803.16,1542.86
23,26,0.21655,-56.38,-114.15,367.17,-247.74,-871.92,1613.91
23,27,0.22559,-58.37,-121.44,380.19,-221.28,-807.35,1441.55
23,28,0.23322,-60.36,-128.95,393.13,-260.40,-984.08,1696.00
23,29,0.24158,-62.34,-136.67,405.99,-236.13,-923.60,1537.59
23,30,0.25000,-64.30,-144.61,418.77,-232.97,-942.43,1517.03
23,31,0.25824,-66.25,-152.76,431.46,-236.67,-989.46,1540.74
23,32,0.26746,-68.19,-161.13,444.08,-210.26,-907.95,1368.54
23,33,0.27576,-70.11,-169.72,456.61,-231.99,-1033.99,1509.56
23,34,0.28320,-72.02,-178.51,469.06,-256.56,-1181.52,1672.13
23,35,0.29175,-73.92,-187.53,481.43,-222.14,-1054.77,1447.50
23,36,0.29993,-75.81,-196.75,493.71,-230.60,-1128.29,1502.24
23,37,0.30835,-77.68,-206.20,505.92,-222.46,-1121.11,1449.28
23,38,0.31659,-79.54,-215.86,518.05,-225.93,-1172.12,1471.48
23,39,0.32501,-81.39,-225.73,530.09,-219.57,-1172.16,1429.71
23,40,0.33423,-83.23,-235.82,542.05,-199.34,-1094.58,1297.68
23,41,0.34167,-85.05,-246.12,553.93,-245.08,-1383.64,1595.49
23,42,0.34991,-86.87,-256.64,565.73,-220.00,-1276.49,1431.85
23,43,0.35846,-88.67,-267.37,577.44,-210.71,-1256.07,1371.07
23,44,0.36731,-90.45,-278.32,589.08,-201.72,-1237.04,1314.83
23,45,0.37573,-92.22,-289.48,600.63,-210.51,-1325.32,1371.74
23,46,0.38324,-93.98,-300.86,612.10,-234.55,-1515.58,1528.05
23,47,0.39172,-95.73,-312.45,623.49,-206.12,-1366.47,1342.45
23,48,0.39996,-97.47,-324.26,634.80,-210.74,-1433.05,1372.59
23,49,0.40851,-99.19,-336.28,646.03,-201.79,-1407.03,1313.93
23,50,0.41663,-100.91,-348.52,657.17,-210.90,-1507.57,1372.93
23,51,0.42572,-102.61,-360.97,668.24,-186.91,-1369.33,1216.44
23,52,0.43329,-104.29,-373.64,679.22,-222.98,-1673.81,1451.21
23,53,0.44165,-105.97,-386.52,690.12,-200.36,-1540.69,1303.65
23,54,0.45001,-107.63,-399.62,700.94,-198.54,-1566.41,1293.80
23,55,0.45831,-109.28,-412.94,711.68,-198.53,-1603.83,1293.75
23,56,0.46747,-110.91,-426.46,722.34,-178.67,-1477.62,1164.00
23,57,0.47565,-112.54,-440.21,732.91,-198.51,-1680.34,1292.91
23,58,0.48334,-114.15,-454.16,743.40,-209.52,-1814.99,1364.29
23,59,0.49176,-115.75,-468.34,753.81,-189.86,-1682.69,1236.23
23,60,0.50000,-117.33,-482.73,764.14,-192.59,-1746.17,1253.70
23,61,0.50848,-118.91,-497.33,774.39,-185.61,-1721.27,1207.91
23,62,0.51666,-120.47,-512.15,784.56,-191.04,-1811.78,1243.28
23,63,0.52502,-122.02,-527.18,794.65,-185.40,-1797.82,1206.20
23,64,0.53418,-123.56,-542.43,804.65,-167.67,-1665.49,1092.67
23,65,0.54163,-125.08,-557.89,814.57,-204.51,-2076.61,1332.38
23,66,0.54999,-126.59,-573.57,824.41,-180.66,-1874.96,1177.01
23,67,0.55841,-128.09,-589.46,834.17,-177.90,-1886.90,1158.70
23,68,0.56732,-129.57,-605.57,843.85,-166.78,-1807.63,1085.96
23,69,0.57568,-131.05,-621.89,853.45,-176.28,-1952.09,1147.45
23,70,0.58319,-132.51,-638.43,862.96,-194.72,-2202.92,1267.48
23,71,0.59161,-133.96,-655.18,872.39,-172.10,-1989.00,1119.93
23,72,0.59985,-135.40,-672.15,881.74,-174.44,-2059.29,1134.81
23,73,0.60858,-136.82,-689.34,891.02,-163.29,-1968.72,1062.24
23,74,0.61682,-138.23,-706.73,900.20,-171.11,-2111.48,1115.19
23,75,0.62518,-140.50,-712.27,908.99,-271.17,-661.74,1050.36
24,0,0.00000,0.00,0.00,0.00,-1108.46,-367.22,1491.18
24,1,0.00818,-9.15,-3.26,12.31,-1119.03,-398.99,1505.22
24,2,0.01654,-18.26,-6.74,24.56,-1088.69,-415.96,1464.60
24,3,0.02563,-27.31,-10.43,36.74,-995.64,-406.10,1339.26
24,4,0.03308,-36.31,-14.34,48.85,-1209.02,-524.85,1626.64
24,5,0.04150,-45.27,-18.47,60.90,-1063.04,-489.53,1430.43
24,6,0.04987,-54.17,-22.80,72.88,-1064.96,-518.81,1432.85
24,7,0.05829,-63.03,-27.36,84.79,-1051.45,-540.58,1414.49
24,8,0.06653,-71.84,-32.13,96.64,-1068.89,-578.69,1437.78
24,9,0.07513,-80.59,-37.11,108.42,-1017.73,-579.04,1369.15
24,10,0.08344,-89.30,-42.31,120.14,-1049.26,-626.24,1411.40
24,11,0.09210,-97.96,-47.72,131.79,-999.30,-624.58,1344.01
24,12,0.09991,-106.57,-53.35,143.37,-1101.95,-720.41,1482.81
24,13,0.10834,-115.13,-59.19,154.89,-1016.30,-693.74,1367.39
24,14,0.11664,-123.65,-65.25,166.34,-1025.37,-729.84,1379.41
24,15,0.12585,-132.11,-71.52,177.73,-918.21,-680.67,1235.43
24,16,0.13336,-140.55,-78.03,189.08,-1123.98,-866.90,1512.20
24,17,0.14178,-148.91,-84.74,200.33,-993.12,-795.92,1335.87
24,18,0.15009,-157.23,-91.65,211.51,-1001.84,-833.52,1347.43
24,19,0.15863,-165.49,-98.79,222.63,-967.14,-834.87,1301.43
24,20,0.16669,-173.71,-106.14,233.69,-1019.70,-912.15,1371.97
24,21,0.17505,-181.87,-113.70,244.67,-976.64,-904.58,1313.87
24,22,0.18335,-189.99,-121.48,255.60,-977.94,-937.13,1315.81
24,23,0.19177,-198.06,-129.47,266.45,-957.97,-949.07,1288.77
24,24,0.20020,-206.08,-137.68,277.24,-952.17,-974.60,1280.80
24,25,0.20856,-214.05,-146.11,287.96,-953.28,-1007.42,1282.48
24,26,0.21674,-221.97,-154.75,298.62,-968.66,-1056.27,1302.99
24,27,0.22577,-229.84,-163.60,309.21,-871.28,-980.15,1172.30
24,28,0.23352,-237.66,-172.67,319.74,-1009.06,-1169.96,1357.87
24,29,0.24182,-245.44,-181.95,330.19,-936.40,-1118.44,1259.93
24,30,0.25006,-253.16,-191.45,340.59,-937.41,-1152.82,1261.11
24,31,0.25867,-260.84,-201.16,350.91,-891.84,-1128.75,1199.65
24,32,0.26672,-268.46,-211.09,361.17,-946.59,-1232.39,1273.48
24,33,0.27509,-276.04,-221.24,371.36,-906.20,-1213.12,1218.98
24,34,0.28339,-283.57,-231.60,381.49,-906.99,-1247.95,1219.85
24,35,0.29199,-291.05,-242.17,391.55,-868.79,-1228.68,1169.15
24,36,0.30005,-298.47,-252.96,401.54,-921.97,-1339.14,1240.53
24,37,0.30841,-305.85,-263.96,411.47,-882.48,-1315.98,1187.23
24,38,0.31744,-313.18,-275.18,421.33,-811.49,-1241.97,1091.89
24,39,0.32513,-320.47,-286.62,431.13,-946.83,-1486.78,1273.81
24,40,0.33344,-327.70,-298.27,440.86,-871.32,-1403.36,1172.06
24,41,0.34186,-334.88,-310.13,450.52,-852.90,-1408.54,1147.10
24,42,0.35010,-342.02,-322.21,460.12,-865.93,-1465.94,1164.81
24,43,0.35870,-349.10,-334.50,469.65,-823.05,-1428.54,1107.45
24,44,0.36682,-356.13,-347.01,479.11,-866.54,-1540.96,1165.79
24,45,0.37524,-363.12,-359.74,488.51,-829.71,-1510.65,1115.94
24,46,0.38354,-367.90,-372.67,498.32,-575.74,-1558.77,1180.88
24,47,0.39215,-371.65,-385.83,509.06,-435.46,-1528.47,1248.23
24,48,0.40021,-377.75,-399.20,518.77,-756.82,-1659.38,1206.06
24,49,0.40857,-384.25,-412.78,528.11,-778.10,-1624.53,1116.42
24,50,0.41748,-390.70,-426.58,537.37,-723.97,-1548.51,1039.38
24,51,0.42529,-397.12,-440.59,546.56,-821.09,-1793.79,1176.17
24,52,0.43353,-403.49,-454.82,555.69,-772.59,-1726.87,1107.41
24,53,0.44208,-409.80,-469.27,564.75,-738.57,-1690.36,1060.36
24,54,0.45032,-416.07,-483.93,573.74,-761.48,-1779.06,1091.48
24,55,0.45874,-422.28,-498.80,582.67,-737.68,-1765.91,1060.14
24,56,0.46686,-428.47,-513.89,591.52,-761.65,-1858.78,1090.60
24,57,0.47522,-434.59,-529.19,600.31,-732.85,-1830.23,1051.46
24,58,0.48358,-440.67,-544.71,609.04,-727.01,-1855.94,1043.43
24,59,0.49194,-446.44,-558.98,617.73,-689.78,-1705.78,1039.78
25,0,0.00000,0.00,0.00,0.00,-519.38,-265.16,1889.53
25,1,0.00885,-4.07,-2.30,14.80,-459.66,-260.20,1672.07
25,2,0.01672,-8.11,-4.82,29.52,-513.95,-319.78,1869.38
25,3,0.02490,-12.14,-7.55,44.16,-492.16,-334.14,1789.93
25,4,0.03333,-16.14,-10.50,58.71,-475.36,-349.98,1728.26
25,5,0.04193,-20.13,-13.66,73.19,-462.77,-367.51,1682.27
25,6,0.05090,-24.08,-17.04,87.59,-441.16,-376.47,1604.76
25,7,0.05823,-28.02,-20.63,101.91,-537.50,-490.53,1955.00
25,8,0.06671,-31.94,-24.44,116.15,-461.51,-448.83,1678.42
25,9,0.07495,-35.83,-28.47,130.31,-472.59,-488.22,1718.52
25,10,0.08337,-39.70,-32.70,144.39,-459.78,-503.13,1671.74
25,11,0.09155,-43.55,-37.16,158.39,-470.52,-544.44,1711.94
25,12,0.09998,-47.38,-41.82,172.31,-454.35,-554.18,1652.90
25,13,0.10895,-51.18,-46.71,186.15,-424.15,-544.22,1542.86
25,14,0.11670,-54.97,-51.80,199.92,-488.19,-657.66,1775.59
25,15,0.12506,-58.73,-57.12,213.60,-450.00,-635.37,1636.50
25,16,0.13336,-62.47,-62.64,227.21,-450.74,-665.94,1638.97
25,17,0.14166,-66.19,-68.39,240.73,-447.79,-691.84,1629.41
25,18,0.15100,-69.89,-74.35,254.18,-395.75,-638.00,1439.87
25,19,0.15900,-73.56,-80.52,267.54,-459.54,-772.03,1671.37
25,20,0.16687,-77.21,-86.91,280.83,-463.95,-811.31,1687.21
25,21,0.17493,-80.84,-93.51,294.03,-450.76,-819.55,1639.02
25,22,0.18335,-84.45,-100.33,307.16,-428.62,-809.45,1558.33
25,23,0.19165,-88.04,-107.36,320.20,-431.99,-847.25,1571.69
25,24,0.20007,-91.60,-114.61,333.17,-423.19,-860.50,1539.49
25,25,0.20892,-95.15,-122.07,346.06,-400.34,-843.25,1456.21
25,26,0.21674,-98.67,-129.75,358.87,-450.78,-982.76,1639.45
25,27,0.22504,-102.17,-137.64,371.59,-421.69,-950.86,1533.46
25,28,0.23352,-105.65,-145.75,384.24,-410.07,-955.68,1491.01
25,29,0.24213,-109.10,-154.07,396.81,-401.42,-967.11,1460.64
25,30,0.25012,-112.54,-162.61,409.30,-429.39,-1067.82,1562.21
25,31,0.25842,-115.95,-171.36,421.72,-411.03,-1054.46,1495.22
25,32,0.26678,-119.34,-180.33,434.05,-405.47,-1072.48,1474.82
25,33,0.27509,-122.71,-189.51,446.30,-405.88,-1106.27,1476.10
25,34,0.28339,-125.88,-198.91,451.13,-382.35,-1132.17,581.99
25,35,0.29169,-128.92,-208.52,451.06,-365.44,-1158.07,-8.82
25,36,0.30084,-131.93,-218.35,450.99,-329.33,-1073.47,-7.67
25,37,0.30847,-134.93,-228.40,450.92,-392.80,-1316.34,-9.60
25,38,0.31696,-137.91,-238.65,450.85,-351.08,-1209.11,-8.27
25,39,0.32532,-140.86,-249.13,450.78,-353.65,-1252.47,-8.39
25,40,0.33362,-143.80,-259.81,450.70,-353.68,-1287.58,-8.46
25,41,0.34222,-146.20,-270.72,450.67,-279.43,-1266.90,-3.90
25,42,0.35022,-149.01,-281.83,450.58,-351.53,-1390.50,-11.83
25,43,0.35907,-152.64,-293.17,450.56,-409.31,-1280.54,-2.07
25,44,0.36700,-157.23,-304.72,451.12,-578.85,-1455.40,71.15
25,45,0.37543,-162.93,-316.48,452.35,-677.17,-1396.55,145.29
25,46,0.38379,-169.71,-328.46,454.81,-810.58,-1432.46,294.53
25,47,0.39215,-177.26,-340.65,459.08,-902.92,-1458.17,510.22
25,48,0.40057,-184.87,-353.06,465.61,-902.90,-1473.13,775.72
25,49,0.40948,-191.45,-365.68,474.43,-739.04,-1416.54,989.38
25,50,0.41711,-195.96,-378.52,484.86,-590.80,-1682.69,1368.00
25,51,0.42548,-198.93,-391.57,495.68,-355.84,-1561.02,1293.80
25,52,0.43378,-201.89,-404.84,506.42,-355.88,-1598.40,1293.75
25,53,0.44232,-204.82,-418.32,517.08,-342.86,-1577.89,1247.50
25,54,0.45050,-207.73,-432.02,527.66,-355.60,-1674.83,1293.66
25,55,0.45941,-210.61,-445.93,538.16,-323.97,-1561.30,1178.42
25,56,0.46729,-213.48,-460.06,548.58,-363.95,-1794.36,1323.64
25,57,0.47546,-216.32,-474.40,558.93,-347.76,-1753.69,1264.55
25,58,0.48383,-219.15,-488.96,569.19,-337.59,-1741.00,1227.37
25,59,0.49213,-221.95,-503.73,579.37,-337.13,-1779.71,1226.84
25,60,0.50055,-224.72,-518.72,589.48,-329.71,-1779.44,1199.64
25,61,0.50958,-227.48,-533.93,599.50,-305.07,-1683.01,1109.80
25,62,0.51733,-230.21,-549.34,609.45,-352.76,-1989.04,1283.07
25,63,0.52551,-232.93,-564.98,619.31,-331.72,-1911.42,1206.34
25,64,0.53387,-235.62,-580.82,629.10,-321.90,-1895.28,1170.07
25,65,0.54211,-238.28,-596.89,638.80,-323.70,-1949.45,1177.78
25,66,0.55145,-240.93,-613.17,648.43,-283.33,-1743.13,1030.72
25,67,0.55945,-243.55,-629.66,657.97,-328.24,-2062.76,1193.89
25,68,0.56726,-246.14,-645.68,667.40,-330.47,-2050.44,1206.64
26,0,0.00000,0.00,0.00,0.00,580.85,-403.22,-1697.87
26,1,0.00800,5.00,-3.69,-14.61,625.19,-460.89,-1827.48
26,2,0.01660,10.00,-7.59,-29.22,580.85,-453.19,-1697.87
26,3,0.02490,15.00,-11.70,-43.84,602.21,-495.75,-1760.29
26,4,0.03345,20.00,-16.03,-58.45,585.00,-506.75,-1710.00
26,5,0.04144,24.99,-20.58,-73.06,625.19,-568.45,-1827.48
26,6,0.04987,29.99,-25.34,-87.67,593.48,-565.14,-1734.78
26,7,0.05798,34.99,-30.31,-102.28,615.79,-612.88,-1800.00
26,8,0.06653,39.99,-35.50,-116.89,585.00,-607.39,-1710.00
26,9,0.07471,44.99,-40.91,-131.51,611.19,-660.88,-1786.57
26,10,0.08350,49.99,-46.53,-146.12,568.75,-639.45,-1662.50
26,11,0.09143,54.99,-52.36,-160.73,630.00,-735.41,-1841.54
26,12,0.09991,59.99,-58.41,-175.34,589.21,-713.13,-1722.30
26,13,0.10822,64.98,-64.68,-189.95,602.21,-754.77,-1760.29
26,14,0.11670,69.98,-71.16,-204.57,589.21,-763.82,-1722.30
26,15,0.12494,74.98,-77.85,-219.18,606.67,-812.54,-1773.33
26,16,0.13348,79.98,-84.76,-233.79,585.00,-808.69,-1710.00
26,17,0.14178,84.98,-91.89,-248.40,602.21,-858.37,-1760.29
26,18,0.14966,89.98,-99.23,-263.01,634.88,-932.26,-1855.81
26,19,0.15833,94.98,-106.78,-277.62,576.76,-871.72,-1685.92
26,20,0.16650,99.98,-114.55,-292.24,611.19,-950.05,-1786.57
26,21,0.17462,104.97,-122.54,-306.85,615.79,-983.68,-1800.00
26,22,0.18298,109.97,-130.74,-321.46,597.81,-980.67,-1747.45
26,23,0.19147,114.97,-139.15,-336.07,589.21,-991.90,-1722.30
26,24,0.19971,119.97,-147.78,-350.68,606.67,-1047.38,-1773.33
26,25,0.20795,124.97,-156.63,-365.30,606.67,-1073.48,-1773.33
26,26,0.23212,139.14,-182.87,-406.72,586.49,-1085.85,-1713.76
26,27,0.23999,144.14,-192.54,-421.33,634.88,-1228.13,-1855.81
26,28,0.24823,149.14,-202.43,-435.94,606.67,-1199.64,-1773.33
26,29,0.25665,154.14,-212.53,-450.55,593.48,-1199.09,-1734.78
26,30,0.26501,159.14,-222.84,-465.16,597.81,-1233.55,-1747.45
26,31,0.27319,164.14,-233.37,-479.78,611.19,-1287.46,-1786.57
26,32,0.28168,169.14,-244.12,-494.39,589.21,-1266.49,-1722.30
26,33,0.28992,174.14,-255.08,-509.00,606.67,-1330.11,-1773.33
26,34,0.29828,179.14,-266.25,-523.61,597.81,-1336.40,-1747.45
26,35,0.30664,184.13,-277.64,-538.22,597.81,-1362.11,-1747.45
26,36,0.31500,189.13,-289.25,-552.84,597.81,-1387.83,-1747.45
26,37,0.32324,194.13,-301.07,-567.45,606.67,-1434.48,-1773.33
26,38,0.33160,199.13,-313.10,-582.06,597.81,-1439.25,-1747.45
26,39,0.34009,204.13,-325.35,-596.67,589.21,-1443.88,-1722.30
26,40,0.34808,209.13,-337.81,-611.28,625.19,-1558.95,-1827.48
26,41,0.35669,214.13,-350.49,-625.89,580.85,-1473.37,-1697.87
26,42,0.36505,219.13,-363.39,-640.51,597.81,-1542.10,-1747.45
26,43,0.37317,224.12,-376.50,-655.12,615.79,-1614.97,-1800.00
26,44,0.38177,229.12,-389.82,-669.73,580.85,-1548.32,-1697.87
26,45,0.38995,234.12,-403.36,-684.34,611.19,-1655.49,-1786.57
26,46,0.39825,239.12,-417.12,-698.95,602.21,-1657.05,-1760.29
26,47,0.40662,244.45,-422.98,-713.43,637.23,-700.75,-1731.39
27,0,0.00000,0.00,0.00,0.00,374.82,1130.44,-1039.93
27,1,0.00830,3.18,9.38,-8.82,383.09,1129.48,-1062.87
27,2,0.01666,6.36,18.54,-17.65,380.29,1095.52,-1055.11
27,3,0.02515,9.54,27.48,-26.47,374.82,1054.42,-1039.93
27,4,0.03345,12.72,36.21,-35.29,383.09,1051.77,-1062.87
27,5,0.04175,15.90,44.73,-44.11,383.09,1025.87,-1062.87
27,6,0.05005,19.08,53.03,-52.94,383.09,999.97,-1062.87
27,7,0.05847,22.26,61.11,-61.76,377.54,959.95,-1047.46
27,8,0.06665,25.44,68.98,-70.58,388.81,962.31,-1078.73
27,9,0.07526,28.62,76.64,-79.40,369.50,889.56,-1025.18
27,10,0.08362,31.80,84.08,-88.23,380.29,889.82,-1055.11
27,11,0.09186,34.98,91.31,-97.05,385.93,876.91,-1070.74
27,12,0.10010,38.16,98.32,-105.87,385.93,850.81,-1070.74
27,13,0.10828,41.34,105.11,-114.69,388.81,830.88,-1078.73
27,14,0.11664,44.52,111.69,-123.52,380.29,786.96,-1055.11
27,15,0.12506,47.70,118.06,-132.34,377.54,755.74,-1047.46
27,16,0.13361,50.88,124.21,-141.16,372.14,719.78,-1032.50
27,17,0.14172,54.06,130.14,-149.98,391.73,731.18,-1086.84
27,18,0.15039,57.24,135.86,-158.81,366.90,660.04,-1017.96
27,19,0.15845,60.42,141.37,-167.63,394.70,683.35,-1095.08
27,20,0.16663,63.60,146.66,-176.45,388.81,646.86,-1078.73
27,21,0.17499,66.78,151.74,-185.28,380.29,606.98,-1055.11
27,22,0.18341,69.96,156.60,-194.10,377.54,577.06,-1047.46
27,23,0.19159,73.14,161.24,-202.92,388.81,567.99,-1078.73
27,24,0.19995,76.32,165.67,-211.74,380.29,529.85,-1055.11
27,25,0.20837,79.50,169.89,-220.57,377.54,500.48,-1047.46
27,26,0.21661,82.68,173.89,-229.39,385.93,485.51,-1070.74
27,27,0.22528,85.86,177.67,-238.21,366.90,436.76,-1017.96
27,28,0.23346,89.04,181.24,-247.03,388.81,436.56,-1078.73
27,29,0.24170,92.22,184.60,-255.86,385.93,407.22,-1070.74
27,30,0.24994,95.40,187.74,-264.68,385.93,381.13,-1070.74
27,31,0.25861,98.58,190.66,-273.50,366.90,337.53,-1017.96
27,32,0.26660,101.76,193.38,-282.32,397.71,338.99,-1103.44
27,33,0.27490,104.94,195.87,-291.15,383.09,300.62,-1062.87
27,34,0.28345,108.12,198.15,-299.97,372.14,266.88,-1032.50
27,35,0.29181,111.30,200.22,-308.79,380.29,247.00,-1055.11
27,36,0.29993,114.48,202.07,-317.61,391.73,227.95,-1086.84
27,37,0.30847,117.66,203.70,-326.44,372.14,191.40,-1032.50
27,38,0.31653,120.84,205.12,-335.26,394.70,176.30,-1095.08
27,39,0.32495,124.02,206.33,-344.08,377.54,143.12,-1047.46
27,40,0.33356,127.20,207.32,-352.91,369.50,115.08,-1025.18
27,41,0.34167,130.38,208.09,-361.73,391.73,95.52,-1086.84
27,42,0.35004,133.56,208.65,-370.55,380.29,67.02,-1055.11
27,43,0.35846,136.74,209.00,-379.37,377.54,41.01,-1047.46
27,44,0.36664,139.92,209.13,-388.20,388.81,15.94,-1078.73
27,45,0.37488,143.10,209.05,-397.02,385.93,-10.27,-1070.74
27,46,0.38342,146.28,208.75,-405.84,372.14,-35.07,-1032.50
27,47,0.39154,149.46,208.23,-414.66,391.73,-63.39,-1086.84
27,48,0.40033,152.64,207.50,-423.49,361.81,-83.02,-1003.82
27,49,0.40833,155.82,206.56,-432.31,397.71,-118.14,-1103.44
27,50,0.41669,159.00,205.40,-441.13,380.29,-138.69,-1055.11
27,51,0.42505,162.18,204.02,-449.95,380.29,-164.39,-1055.11
27,52,0.43359,165.36,202.43,-458.78,372.14,-186.04,-1032.50
27,53,0.44159,168.54,200.63,-467.60,397.71,-225.70,-1103.44
27,54,0.45007,171.72,198.61,-476.43,375.18,-238.19,-1040.29
27,55,0.45856,174.90,196.37,-485.25,374.82,-263.41,-1039.93
27,56,0.46674,178.08,193.92,-494.07,388.81,-299.53,-1078.73
27,57,0.47510,181.26,191.26,-502.89,380.29,-318.68,-1055.11
27,58,0.48352,184.44,188.38,-511.72,377.54,-341.90,-1047.46
27,59,0.49182,187.62,185.28,-520.54,383.09,-372.83,-1062.87
27,60,0.50012,190.80,181.97,-529.36,383.09,-398.74,-1062.87
27,61,0.50836,193.98,178.45,-538.18,385.93,-427.78,-1070.74
27,62,0.51654,197.16,174.71,-547.01,388.81,-457.26,-1078.73
27,63,0.52509,200.34,170.75,-555.83,372.14,-462.82,-1032.50
27,64,0.53339,203.52,166.58,-564.65,383.09,-502.34,-1062.87
27,65,0.54175,206.70,162.20,-573.47,380.29,-524.38,-1055.11
27,66,0.54999,209.88,157.60,-582.30,385.93,-558.24,-1070.74
27,67,0.55847,213.06,152.79,-591.12,374.82,-567.52,-1039.93
27,68,0.56671,216.24,147.76,-599.94,385.93,-610.43,-1070.74
27,69,0.57513,219.42,142.51,-608.76,377.54,-622.69,-1047.46
27,70,0.58344,222.60,137.05,-617.59,383.09,-657.74,-1062.87
27,71,0.59174,225.78,131.38,-626.41,383.09,-683.65,-1062.87
27,72,0.60028,228.96,125.49,-635.23,372.14,-689.27,-1032.50
27,73,0.60858,232.14,119.38,-644.06,383.09,-735.45,-1062.87
27,74,0.61682,235.32,113.06,-652.88,385.93,-766.99,-1070.74
27,75,0.62494,238.50,106.53,-661.70,391.73,-805.02,-1086.84
27,76,0.63379,241.68,99.78,-670.52,359.31,-762.68,-996.90
27,77,0.64178,244.86,92.81,-679.35,397.71,-871.09,-1103.44
27,78,0.65009,248.04,85.63,-688.17,383.09,-864.96,-1062.87
27,79,0.65869,251.22,78.24,-696.99,369.50,-859.28,-1025.18
27,80,0.66675,254.40,70.63,-705.81,394.70,-944.54,-1095.08
27,81,0.67511,257.58,62.80,-714.64,380.29,-935.79,-1055.11
27,82,0.68390,260.76,54.76,-723.46,361.81,-914.76,-1003.82
27,83,0.69159,263.94,46.51,-732.28,413.49,-1073.40,-1147.22
27,84,0.70001,267.12,38.04,-741.10,377.54,-1005.58,-1047.46
27,85,0.70868,270.30,29.35,-749.93,366.90,-1002.06,-1017.96
27,86,0.71692,273.48,20.45,-758.75,385.93,-1080.12,-1070.74
27,87,0.72528,276.66,11.34,-767.57,380.29,-1090.05,-1055.11
27,88,0.73340,279.84,2.01,-776.39,391.73,-1149.33,-1086.84
27,89,0.74158,283.02,-7.54,-785.22,388.81,-1167.04,-1078.73
27,90,0.74994,286.20,-17.30,-794.04,380.29,-1167.20,-1055.11
27,91,0.75848,289.38,-27.27,-802.86,372.14,-1167.34,-1032.50
27,92,0.76697,292.56,-37.46,-811.69,374.82,-1201.09,-1039.93
27,93,0.77515,295.74,-47.87,-820.51,388.81,-1272.19,-1078.73
27,94,0.78357,298.92,-58.49,-829.33,377.54,-1260.85,-1047.46
27,95,0.79211,302.10,-69.32,-838.15,372.14,-1267.99,-1032.50
27,96,0.79999,305.28,-80.37,-846.98,403.88,-1403.43,-1120.54
27,97,0.80847,308.46,-91.64,-855.80,374.82,-1327.80,-1039.93
27,98,0.81677,311.64,-103.12,-864.62,383.09,-1383.00,-1062.87
27,99,0.82507,314.82,-114.81,-873.44,383.09,-1408.89,-1062.87
27,100,0.83362,318.00,-126.72,-882.27,372.14,-1393.81,-1032.50
27,101,0.84161,321.18,-138.85,-891.09,397.71,-1516.45,-1103.44
27,102,0.85034,324.36,-151.18,-899.91,364.34,-1413.82,-1010.84
27,103,0.85828,327.54,-163.74,-908.73,400.77,-1582.31,-1111.92
27,104,0.86670,330.72,-176.51,-917.56,377.54,-1516.10,-1047.46
27,105,0.87512,333.90,-189.49,-926.38,377.54,-1541.63,-1047.46
27,106,0.88373,337.08,-202.69,-935.20,369.50,-1533.81,-1025.18
27,107,0.89203,340.26,-216.12,-944.03,383.46,-1616.95,-1063.24
27,108,0.90021,343.44,-229.75,-952.85,388.81,-1666.52,-1078.73
27,109,0.90839,346.62,-243.59,-961.67,388.81,-1692.82,-1078.73
27,110,0.91681,349.80,-257.65,-970.50,377.54,-1669.27,-1047.46
27,111,0.92529,352.98,-271.93,-979.32,374.82,-1682.61,-1039.93
27,112,0.93359,356.16,-286.42,-988.14,383.09,-1745.62,-1062.87
27,113,0.94171,359.34,-301.12,-996.96,391.73,-1811.49,-1086.84
27,114,0.95001,362.52,-316.04,-1005.79,383.09,-1797.43,-1062.87
27,115,0.95831,365.70,-331.18,-1014.61,383.09,-1823.33,-1062.87
27,116,0.96667,368.88,-346.53,-1023.43,380.29,-1835.73,-1055.11
27,117,0.97528,372.06,-362.09,-1032.25,369.50,-1808.64,-1025.18
27,118,0.98358,375.24,-377.87,-1041.08,383.09,-1901.03,-1062.87
27,119,0.99200,378.42,-393.87,-1049.90,377.54,-1899.01,-1047.46
27,120,1.00000,381.60,-410.08,-1058.72,397.71,-2027.37,-1103.44
27,121,1.00861,384.78,-426.50,-1067.54,369.50,-1908.58,-1025.18
27,122,1.01654,387.96,-443.14,-1076.37,400.77,-2097.16,-1111.92
27,123,1.02502,391.14,-460.00,-1085.19,374.82,-1986.71,-1039.93
27,124,1.03357,394.32,-477.07,-1094.01,372.14,-1997.69,-1032.50
27,125,1.04169,397.50,-494.35,-1102.84,391.73,-2129.32,-1086.84
27,126,1.05011,400.68,-511.85,-1111.66,377.54,-2077.69,-1047.46
27,127,1.05853,403.86,-529.57,-1120.48,377.54,-2103.22,-1047.46
27,128,1.06665,407.04,-547.50,-1129.30,391.73,-2208.78,-1086.84
27,129,1.07513,410.22,-565.64,-1138.13,374.82,-2138.78,-1039.93
27,130,1.08368,413.40,-584.00,-1146.95,372.14,-2148.66,-1032.50
27,131,1.09222,416.58,-602.58,-1155.77,372.14,-2173.82,-1032.50
27,132,1.10016,419.76,-621.37,-1164.59,400.77,-2368.14,-1111.92
27,133,1.10883,422.95,-640.42,-1173.43,367.96,-2198.03,-1020.07
27,134,1.11719,426.13,-659.64,-1182.26,380.29,-2298.62,-1055.11
27,135,1.12549,429.31,-679.08,-1191.08,383.09,-2341.42,-1062.87
27,136,1.13354,432.49,-698.73,-1199.90,394.70,-2439.06,-1095.08
27,137,1.14178,435.67,-718.59,-1208.72,385.93,-2410.95,-1070.74
27,138,1.15009,438.85,-738.67,-1217.55,383.09,-2419.13,-1062.87
27,139,1.15826,442.03,-758.97,-1226.37,388.81,-2481.52,-1078.73
27,140,1.16681,445.21,-779.48,-1235.19,372.14,-2400.33,-1032.50
27,141,1.17523,448.39,-800.20,-1244.02,377.54,-2460.65,-1047.46
27,142,1.18353,451.57,-821.15,-1252.84,383.09,-2522.74,-1062.87
27,143,1.19159,454.75,-842.30,-1261.66,394.70,-2625.87,-1095.08
27,144,1.19995,457.93,-863.67,-1270.48,380.29,-2555.74,-1055.11
27,145,1.20856,461.11,-885.26,-1279.31,369.50,-2508.23,-1025.18
27,146,1.21667,464.29,-907.06,-1288.13,391.73,-2685.58,-1086.84
27,147,1.22510,467.47,-929.07,-1296.95,377.54,-2613.80,-1047.46
27,148,1.23352,470.65,-951.30,-1305.77,377.54,-2639.33,-1047.46
27,149,1.24194,473.83,-973.75,-1314.60,377.54,-2664.86,-1047.46
27,150,1.24994,477.01,-996.41,-1323.42,397.71,-2834.14,-1103.44
27,151,1.25830,480.18,-1019.29,-1332.24,380.29,-2735.73,-1055.11
27,152,1.26678,483.36,-1042.38,-1341.06,374.82,-2721.71,-1039.93
27,153,1.27502,486.54,-1065.68,-1349.89,385.93,-2828.45,-1070.74
27,154,1.28326,489.72,-1089.20,-1358.71,385.93,-2854.54,-1070.74
27,155,1.29163,492.90,-1112.94,-1367.53,380.29,-2838.58,-1055.11
27,156,1.29999,496.08,-1136.89,-1376.35,380.29,-2864.30,-1055.11
27,157,1.30829,498.47,-1141.40,-1384.30,287.13,-543.55,-956.62
28,0,0.00000,0.00,0.00,0.00,1043.12,1137.12,381.16
28,1,0.00800,8.71,9.36,3.18,1088.93,1170.98,397.71
28,2,0.01636,17.34,18.51,6.33,1032.12,1093.99,377.01
28,3,0.02472,25.89,27.44,9.46,1022.99,1068.28,373.72
28,4,0.03314,34.37,36.16,12.55,1006.16,1035.01,367.39
28,5,0.04132,42.76,44.66,15.62,1026.87,1039.62,375.00
28,6,0.04968,51.08,52.95,18.66,994.89,991.14,363.50
28,7,0.05829,59.33,61.02,21.67,957.80,938.04,350.00
28,8,0.06665,67.49,68.88,24.65,976.64,939.71,356.57
28,9,0.07495,75.58,76.52,27.61,974.26,920.73,355.88
28,10,0.08350,83.59,83.95,30.53,937.50,869.25,342.50
28,11,0.09137,91.52,91.17,33.43,1007.36,916.07,368.22
28,12,0.10010,99.38,98.16,36.30,900.00,801.75,328.67
28,13,0.10852,107.16,104.95,39.14,923.55,805.28,337.32
28,14,0.11621,114.86,111.51,41.96,1001.19,854.01,365.87
28,15,0.12463,122.48,117.87,44.74,905.07,754.22,330.43
28,16,0.13318,130.02,124.00,47.49,882.86,718.28,322.50
28,17,0.14172,137.49,129.93,50.22,873.93,693.12,319.29
28,18,0.14972,144.88,135.63,52.92,924.43,713.85,337.79
28,19,0.15833,152.19,141.13,55.59,849.65,638.24,310.28
28,20,0.16632,159.43,146.40,58.24,904.96,660.07,330.53
28,21,0.17480,166.59,151.47,60.85,843.53,596.74,308.27
28,22,0.18304,173.67,156.31,63.44,859.26,588.33,313.70
28,23,0.19153,180.67,160.95,65.99,825.54,546.05,301.44
28,24,0.19977,187.59,165.36,68.52,840.37,536.15,307.04
28,25,0.20837,194.44,169.57,71.03,795.74,488.34,290.78
28,26,0.21637,201.21,173.56,73.50,846.95,498.74,309.16
28,27,0.22455,207.91,177.33,75.94,818.28,461.28,298.88
28,28,0.23328,214.52,180.89,78.36,758.04,407.62,276.92
28,29,0.24121,221.06,184.23,80.75,823.85,421.27,301.15
28,30,0.24957,227.52,187.36,83.11,772.63,374.04,282.12
28,31,0.25824,233.91,190.27,85.44,736.62,336.06,269.01
28,32,0.26660,240.21,192.97,87.74,754.01,322.62,275.55
28,33,0.27454,246.44,195.45,90.02,785.00,312.88,286.54
28,34,0.28308,252.59,197.72,92.26,719.64,265.38,262.86
28,35,0.29144,258.71,199.78,94.50,731.75,247.24,267.15
28,36,0.30005,264.70,201.62,96.69,696.45,213.34,254.61
28,37,0.30847,270.65,203.25,98.86,706.16,193.37,257.97
28,38,0.31641,276.49,204.65,100.99,735.77,177.06,268.85
28,39,0.32489,282.25,205.84,103.10,679.14,140.25,248.20
28,40,0.33313,287.93,206.82,105.18,690.00,118.31,251.85
28,41,0.34119,293.54,207.58,107.22,695.83,94.32,254.17
28,42,0.34973,299.07,208.12,109.24,647.14,63.76,236.43
28,43,0.35822,304.52,208.45,111.24,642.81,38.88,234.89
28,44,0.36639,309.90,208.57,113.20,657.09,14.05,239.93
28,45,0.37469,315.19,208.47,115.13,638.24,-12.06,233.09
28,46,0.38312,320.41,208.15,117.04,619.57,-37.41,226.45
28,47,0.39185,325.56,207.62,118.92,589.16,-60.74,215.03
28,48,0.39960,330.62,206.88,120.77,653.54,-96.12,238.58
28,49,0.40851,335.61,205.92,122.59,559.59,-107.75,204.45
28,50,0.41632,340.52,204.74,124.38,628.52,-150.42,229.69
28,51,0.42487,345.35,203.35,126.15,565.36,-162.69,206.43
28,52,0.43304,350.10,201.75,127.88,581.34,-196.26,212.31
28,53,0.44147,354.78,199.93,129.59,555.43,-216.10,202.90
28,54,0.45001,359.40,197.88,131.28,540.71,-239.37,197.50
28,55,0.45825,363.93,195.63,132.93,548.89,-273.22,200.37
28,56,0.46637,368.37,193.16,134.56,547.37,-303.81,200.00
28,57,0.47467,372.74,190.48,136.15,527.21,-323.72,192.65
28,58,0.48309,377.03,187.58,137.72,509.06,-343.91,185.87
28,59,0.49139,381.24,184.47,139.26,507.35,-374.86,185.29
28,60,0.49976,385.38,181.14,140.77,494.53,-397.84,180.66
28,61,0.50812,389.43,177.60,142.25,485.04,-423.55,177.37
28,62,0.51648,393.41,173.84,143.70,475.91,-449.27,173.72
28,63,0.52490,397.31,169.87,145.13,463.04,-471.54,169.20
28,64,0.53302,401.14,165.68,146.53,471.05,-515.75,172.18
28,65,0.54132,404.89,161.28,147.89,451.47,-530.27,164.71
28,66,0.54993,408.55,156.67,149.23,426.24,-536.46,155.67
28,67,0.55865,412.15,151.83,150.55,411.54,-553.58,150.35
28,68,0.56696,415.66,146.79,151.83,423.53,-607.97,154.78
28,69,0.57477,419.10,141.53,153.09,439.84,-673.50,160.55
28,70,0.58319,422.46,136.05,154.31,398.91,-650.22,145.65
28,71,0.59155,425.74,130.36,155.51,392.34,-680.68,143.43
28,72,0.60004,428.94,124.45,156.68,377.70,-696.22,138.13
28,73,0.60846,432.07,118.33,157.82,371.38,-726.80,135.51
28,74,0.61676,435.12,111.99,158.94,367.28,-763.38,134.19
28,75,0.62476,438.09,105.44,160.03,371.76,-819.42,135.88
28,76,0.63318,440.99,98.67,161.08,343.48,-803.37,125.36
28,77,0.64172,443.80,91.69,162.11,329.64,-817.06,120.36
28,78,0.65015,446.54,84.50,163.11,325.36,-854.43,118.84
28,79,0.65826,449.21,77.07,164.08,328.57,-915.07,119.92
28,80,0.66632,451.79,69.44,165.03,320.83,-946.70,117.05
28,81,0.67474,454.30,61.60,165.94,297.46,-931.07,108.70
28,82,0.68311,456.73,53.54,166.83,290.51,-963.57,106.20
28,83,0.69177,459.08,45.27,167.69,271.48,-954.46,98.94
28,84,0.69965,461.36,36.78,168.52,288.76,-1077.94,105.43
28,85,0.70819,463.55,28.08,169.32,257.14,-1018.40,93.93
28,86,0.71643,465.67,19.16,170.10,257.04,-1082.22,94.07
28,87,0.72467,467.71,10.03,170.84,247.78,-1108.31,90.37
28,88,0.73309,469.68,0.68,171.56,233.33,-1109.75,85.14
28,89,0.74170,471.56,-8.88,172.25,219.15,-1111.11,80.14
28,90,0.75006,473.37,-18.66,172.91,216.42,-1169.27,79.20
28,91,0.75818,475.10,-28.65,173.54,213.16,-1230.92,77.82
28,92,0.76642,476.76,-38.86,174.15,200.74,-1238.78,73.33
28,93,0.77472,478.34,-49.28,174.72,190.07,-1255.57,69.49
28,94,0.78339,479.83,-59.92,175.27,172.89,-1227.33,63.03
28,95,0.79175,481.26,-70.77,175.79,170.07,-1297.83,62.04
28,96,0.79993,482.60,-81.84,176.28,164.18,-1353.18,60.07
28,97,0.80835,483.87,-93.12,176.74,150.36,-1339.48,55.07
28,98,0.81641,485.06,-104.62,177.18,147.73,-1427.06,53.79
28,99,0.82483,486.17,-116.33,177.58,131.88,-1390.53,48.19
28,100,0.83319,487.20,-128.25,177.96,123.72,-1426.40,45.26
28,101,0.84149,488.16,-140.40,178.31,115.44,-1462.79,41.91
28,102,0.84985,489.04,-152.75,178.63,105.11,-1477.83,38.32
28,103,0.85883,489.84,-165.33,178.92,89.46,-1401.25,32.65
28,104,0.86682,490.56,-178.11,179.19,90.46,-1599.28,33.21
28,105,0.87476,491.21,-191.12,179.42,81.54,-1638.69,29.62
28,106,0.88318,491.78,-204.33,179.63,67.75,-1569.21,24.64
28,107,0.89154,492.27,-217.77,179.81,58.76,-1606.39,21.53
28,108,0.89972,492.69,-231.41,179.96,50.75,-1668.63,18.66
28,109,0.90869,493.02,-245.28,180.08,37.41,-1545.04,13.61
28,110,0.91687,493.28,-259.35,180.18,31.72,-1721.21,11.57
28,111,0.92499,493.47,-273.65,180.25,22.56,-1760.64,8.27
28,112,0.93323,493.57,-288.15,180.28,12.59,-1760.65,4.44
28,113,0.94141,493.60,-302.87,180.29,3.36,-1800.08,1.12
28,114,0.94983,493.59,-317.81,180.29,-1.45,-1773.43,-0.36
28,115,0.95850,493.57,-332.96,180.29,-1.41,-1748.28,-0.35
28,116,0.96692,493.56,-348.33,180.28,-1.45,-1824.48,-0.36
28,117,0.97473,493.55,-363.91,180.28,-1.56,-1994.54,-0.39
28,118,0.98358,493.54,-379.71,180.28,-1.38,-1784.99,-0.34
28,119,0.99146,493.52,-395.72,180.27,-1.55,-2033.68,-0.39
28,120,1.00006,493.51,-411.95,180.27,-1.42,-1885.59,-0.35
28,121,1.00812,493.50,-428.39,180.27,-1.52,-2040.84,-0.38
28,122,1.01678,493.49,-445.05,180.26,-1.41,-1921.93,-0.35
28,123,1.02490,493.48,-461.92,180.26,-1.50,-2078.48,-0.38
28,124,1.03308,493.46,-479.01,180.26,-1.49,-2089.25,-0.37
28,125,1.04138,493.45,-496.31,180.26,-1.47,-2084.43,-0.37
28,126,1.04980,493.44,-513.83,180.25,-1.45,-2079.74,-0.36
28,127,1.05865,493.43,-531.56,180.25,-1.38,-2003.64,-0.34
28,128,1.06671,493.41,-549.51,180.25,-1.52,-2227.65,-0.38
28,129,1.07483,493.40,-567.67,180.24,-1.50,-2237.38,-0.38
28,130,1.08337,493.39,-586.05,180.24,-1.43,-2150.68,-0.36
28,131,1.09161,493.38,-604.64,180.24,-1.48,-2256.42,-0.37
28,132,1.10059,493.37,-623.45,180.23,-1.36,-2096.19,-0.34
28,133,1.10852,493.35,-642.47,180.23,-1.54,-2397.40,-0.38
28,134,1.11700,493.34,-661.71,180.23,-1.44,-2267.52,-0.36
28,135,1.12506,493.33,-681.16,180.22,-1.52,-2414.45,-0.38
28,136,1.13318,493.32,-700.83,180.22,-1.50,-2422.79,-0.38
28,137,1.14154,493.30,-720.71,180.22,-1.46,-2377.76,-0.36
28,138,1.14972,493.29,-740.81,180.22,-1.49,-2457.28,-0.37
28,139,1.15820,493.28,-761.12,180.21,-1.44,-2394.23,-0.36
28,140,1.16638,493.27,-781.65,180.21,-1.49,-2509.86,-0.37
28,141,1.17462,493.26,-802.39,180.21,-1.48,-2517.36,-0.37
28,142,1.18323,493.24,-823.35,180.20,-1.42,-2435.22,-0.35
28,143,1.19135,493.23,-844.52,180.20,-1.50,-2608.19,-0.38
28,144,1.19983,493.22,-865.91,180.20,-1.44,-2520.94,-0.36
28,145,1.20831,493.21,-887.51,180.19,-1.44,-2546.29,-0.36
28,146,1.21698,493.19,-909.33,180.19,-1.41,-2517.30,-0.35
28,147,1.22491,493.18,-931.36,180.19,-1.54,-2776.76,-0.38
28,148,1.23358,493.17,-953.61,180.18,-1.41,-2566.92,-0.35
28,149,1.24176,493.16,-976.07,180.18,-1.49,-2746.45,-0.37
28,150,1.24994,493.15,-998.75,180.18,-1.49,-2772.74,-0.37
28,151,1.25830,493.13,-1021.64,180.18,-1.46,-2737.73,-0.36
28,152,1.26642,493.12,-1044.75,180.17,-1.50,-2846.56,-0.38
28,153,1.27484,493.11,-1068.07,180.17,-1.45,-2768.95,-0.36
28,154,1.28314,493.10,-1091.61,180.17,-1.47,-2835.57,-0.37
28,155,1.29138,493.08,-1115.36,180.16,-1.48,-2882.67,-0.37
28,156,1.29968,493.07,-1139.33,180.16,-1.47,-2887.37,-0.37
28,157,1.30829,493.06,-1163.51,180.16,-1.42,-2809.97,-0.35
28,158,1.31665,493.05,-1187.91,180.15,-1.46,-2917.72,-0.36
28,159,1.32526,493.04,-1212.52,180.15,-1.42,-2859.93,-0.35
28,160,1.33337,493.02,-1237.35,180.15,-1.50,-3058.89,-0.38
28,161,1.34161,492.55,-1238.37,182.09,-57.04,-123.92,235.19
29,0,0.00000,0.00,0.00,0.00,-545.77,1204.27,-1055.00
29,1,0.00830,-4.33,9.34,-8.37,-521.69,1125.23,-1008.46
29,2,0.01660,-8.66,18.47,-16.74,-521.69,1099.33,-1008.46
29,3,0.02509,-12.99,27.38,-25.11,-510.43,1050.26,-986.69
29,4,0.03351,-17.32,36.07,-33.48,-514.13,1032.35,-993.84
29,5,0.04175,-21.65,44.55,-41.85,-525.56,1029.19,-1015.93
29,6,0.05011,-25.98,52.82,-50.23,-517.88,988.46,-1001.09
29,7,0.05829,-30.31,60.87,-58.60,-529.48,984.29,-1023.51
29,8,0.06653,-34.64,68.70,-66.97,-525.56,950.91,-1015.93
29,9,0.07495,-38.97,76.32,-75.34,-514.13,904.71,-993.84
29,10,0.08374,-43.30,83.73,-83.71,-492.71,842.56,-952.43
29,11,0.09155,-47.63,90.92,-92.08,-554.30,920.36,-1071.48
29,12,0.09985,-51.97,97.89,-100.45,-521.69,840.31,-1008.46
29,13,0.10815,-56.30,104.65,-108.82,-521.69,814.42,-1008.46
29,14,0.11670,-60.63,111.20,-117.19,-506.79,765.98,-979.64
29,15,0.12543,-64.96,117.53,-125.56,-496.15,725.28,-959.09
29,16,0.13312,-69.29,123.64,-133.94,-563.10,795.18,-1088.49
29,17,0.14166,-73.62,129.54,-142.31,-506.79,690.50,-979.64
29,18,0.15009,-77.95,135.23,-150.68,-514.13,674.98,-993.84
29,19,0.15845,-82.28,140.70,-159.05,-517.88,654.20,-1001.09
29,20,0.16650,-86.61,145.96,-167.42,-537.50,652.28,-1039.02
29,21,0.17517,-90.94,151.00,-175.79,-499.65,581.55,-965.85
29,22,0.18384,-95.27,155.82,-184.16,-499.65,556.73,-965.85
29,23,0.19177,-99.60,160.43,-192.53,-545.77,581.03,-1055.00
29,24,0.19983,-103.93,164.83,-200.90,-537.50,545.54,-1039.02
29,25,0.20831,-108.26,169.01,-209.27,-510.43,492.73,-986.69
29,26,0.21661,-112.59,172.97,-217.65,-521.69,477.69,-1008.46
29,27,0.22485,-116.92,176.72,-226.02,-525.56,455.14,-1015.93
29,28,0.23315,-121.25,180.26,-234.39,-521.69,425.88,-1008.46
29,29,0.24207,-125.58,183.58,-242.76,-485.96,372.59,-939.38
29,30,0.24994,-129.91,186.68,-251.13,-550.00,394.39,-1063.18
29,31,0.25830,-134.24,189.57,-259.50,-517.88,345.64,-1001.09
29,32,0.26672,-138.57,192.25,-267.87,-514.13,317.62,-993.84
29,33,0.27515,-142.90,194.71,-276.24,-514.13,292.09,-993.84
29,34,0.28357,-147.24,196.95,-284.61,-514.13,266.56,-993.84
29,35,0.29218,-151.57,198.98,-292.98,-503.19,235.90,-972.70
29,36,0.30017,-155.90,200.80,-301.35,-541.60,227.03,-1046.95
29,37,0.30835,-160.23,202.40,-309.73,-529.48,195.65,-1023.51
29,38,0.31677,-164.56,203.78,-318.10,-514.13,164.46,-993.84
29,39,0.32513,-168.89,204.95,-326.47,-517.88,139.94,-1001.09
29,40,0.33331,-173.22,205.91,-334.84,-529.48,116.79,-1023.51
29,41,0.34180,-177.55,206.65,-343.21,-510.43,87.24,-986.69
29,42,0.34998,-181.88,207.18,-351.58,-529.48,64.21,-1023.51
29,43,0.35852,-186.21,207.49,-359.95,-506.79,36.29,-979.64
29,44,0.36670,-190.54,207.58,-368.32,-529.48,11.64,-1023.51
29,45,0.37531,-194.87,207.46,-376.69,-503.19,-13.93,-972.70
29,46,0.38385,-199.20,207.13,-385.06,-506.79,-39.19,-979.64
29,47,0.39178,-203.53,206.58,-393.44,-545.77,-69.30,-1055.00
29,48,0.40027,-207.86,205.81,-401.81,-510.43,-90.15,-986.69
29,49,0.40839,-212.19,204.83,-410.18,-533.46,-120.70,-1031.20
29,50,0.41693,-216.52,203.64,-418.55,-506.79,-139.83,-979.64
29,51,0.42517,-220.86,202.23,-426.93,-525.93,-171.22,-1016.67
29,52,0.43347,-225.19,200.60,-435.30,-521.69,-195.76,-1008.46
29,53,0.44183,-229.52,198.76,-443.67,-517.88,-220.05,-1001.09
29,54,0.45050,-233.85,196.71,-452.04,-499.65,-237.10,-965.85
29,55,0.45856,-238.18,194.44,-460.41,-537.50,-281.76,-1039.02
29,56,0.46674,-242.51,191.95,-468.78,-529.48,-303.84,-1023.51
29,57,0.47498,-246.84,189.25,-477.15,-525.56,-327.69,-1015.93
29,58,0.48352,-251.17,186.34,-485.52,-506.79,-341.14,-979.64
29,59,0.49200,-255.50,183.21,-493.89,-510.43,-368.94,-986.69
29,60,0.50000,-259.83,179.86,-502.26,-541.60,-418.36,-1046.95
29,61,0.50830,-264.16,176.30,-510.64,-521.69,-428.88,-1008.46
29,62,0.51672,-268.49,172.53,-519.01,-514.13,-448.19,-993.84
29,63,0.52496,-272.82,168.54,-527.38,-525.56,-484.24,-1015.93
29,64,0.53351,-277.15,164.33,-535.75,-506.79,-492.11,-979.64
29,65,0.54175,-281.48,159.91,-544.12,-525.56,-536.42,-1015.93
29,66,0.55011,-285.81,155.28,-552.49,-517.88,-554.31,-1001.09
29,67,0.55829,-290.14,150.43,-560.86,-529.48,-593.00,-1023.51
29,68,0.56671,-294.47,145.36,-569.23,-514.13,-601.35,-993.84
29,69,0.57507,-298.80,140.08,-577.60,-517.88,-631.44,-1001.09
29,70,0.58331,-303.13,134.59,-585.97,-525.56,-666.90,-1015.93
29,71,0.59192,-307.46,128.88,-594.35,-503.19,-663.50,-972.70
29,72,0.59998,-311.80,122.95,-602.72,-537.50,-735.43,-1039.02
29,73,0.60840,-316.13,116.81,-611.09,-514.13,-728.97,-993.84
29,74,0.61676,-320.46,110.45,-619.46,-517.88,-760.01,-1001.09
29,75,0.62518,-324.79,103.88,-627.83,-514.13,-780.03,-993.84
29,76,0.63330,-329.12,97.10,-636.20,-533.46,-835.84,-1031.20
29,77,0.64172,-333.45,90.10,-644.57,-514.13,-831.08,-993.84
29,78,0.65002,-337.78,82.88,-652.94,-521.69,-869.21,-1008.46
29,79,0.65851,-342.11,75.45,-661.31,-510.43,-875.79,-986.69
29,80,0.66650,-346.44,67.81,-669.68,-541.60,-956.17,-1046.95
29,81,0.67523,-350.77,59.95,-678.05,-496.15,-900.56,-959.09
29,82,0.68341,-355.10,51.87,-686.43,-529.48,-987.33,-1023.51
29,83,0.69177,-359.43,43.58,-694.80,-517.88,-991.42,-1001.09
29,84,0.69995,-363.76,35.08,-703.17,-529.48,-1039.90,-1023.51
29,85,0.70856,-368.09,26.36,-711.54,-503.19,-1013.26,-972.70
29,86,0.71686,-372.42,17.42,-719.91,-521.69,-1076.41,-1008.46
29,87,0.72504,-376.79,8.20,-728.34,-533.58,-1127.46,-1031.34
29,88,0.73395,-381.12,-1.16,-736.72,-485.96,-1051.13,-939.38
29,89,0.74194,-385.45,-10.75,-745.09,-541.60,-1198.38,-1046.95
29,90,0.75031,-389.78,-20.54,-753.46,-517.88,-1171.61,-1001.09
29,91,0.75830,-394.11,-30.55,-761.83,-541.60,-1252.16,-1046.95
29,92,0.76697,-398.44,-40.78,-770.20,-499.65,-1179.97,-965.85
29,93,0.77533,-402.77,-51.22,-778.57,-517.88,-1248.75,-1001.09
29,94,0.78333,-407.10,-61.88,-786.94,-541.60,-1332.82,-1046.95
29,95,0.79211,-411.43,-72.75,-795.31,-492.71,-1236.97,-952.43
29,96,0.79999,-415.76,-83.84,-803.68,-550.00,-1408.10,-1063.18
29,97,0.80841,-420.09,-95.14,-812.05,-514.13,-1341.80,-993.84
29,98,0.81677,-424.42,-106.66,-820.43,-517.88,-1377.30,-1001.09
29,99,0.82520,-428.75,-118.39,-828.80,-514.13,-1392.86,-993.84
29,100,0.83325,-433.08,-130.34,-837.17,-537.50,-1482.85,-1039.02
29,101,0.84174,-437.41,-142.50,-845.54,-510.43,-1433.52,-986.69
29,102,0.85004,-441.74,-154.87,-853.91,-521.69,-1491.04,-1008.46
29,103,0.85822,-446.07,-167.47,-862.28,-529.48,-1539.59,-1023.51
29,104,0.86658,-450.40,-180.27,-870.65,-517.88,-1531.58,-1001.09
29,105,0.87506,-454.73,-193.29,-879.02,-510.43,-1534.89,-986.69
29,106,0.88324,-459.06,-206.53,-887.39,-529.48,-1618.45,-1023.51
29,107,0.89191,-463.39,-219.98,-895.76,-499.65,-1552.08,-965.85
29,108,0.90015,-467.72,-233.65,-904.14,-525.56,-1658.65,-1015.93
29,109,0.90833,-472.06,-247.53,-912.51,-529.48,-1697.32,-1023.51
29,110,0.91705,-476.39,-261.63,-920.88,-496.15,-1615.12,-959.09
29,111,0.92535,-480.89,-276.51,-929.58,-542.28,-1792.64,-1048.16
29,112,0.93414,-485.22,-291.04,-937.95,-492.71,-1653.80,-952.43
29,113,0.94196,-489.55,-305.79,-946.32,-554.30,-1888.04,-1071.48
29,114,0.95038,-493.88,-320.76,-954.69,-514.13,-1776.75,-993.84
29,115,0.95850,-498.21,-335.94,-963.06,-533.46,-1870.03,-1031.20
29,116,0.96686,-502.54,-351.34,-971.43,-517.88,-1841.15,-1001.09
29,117,0.97534,-506.87,-366.95,-979.80,-510.43,-1840.00,-986.69
29,118,0.98401,-511.20,-382.77,-988.17,-499.65,-1825.94,-965.85
29,119,0.99225,-515.53,-398.81,-996.55,-525.56,-1946.70,-1015.93
29,120,1.00067,-519.86,-415.07,-1004.92,-514.13,-1929.91,-993.84
29,121,1.00861,-524.19,-431.54,-1013.29,-545.77,-2075.77,-1055.00
29,122,1.01697,-528.52,-448.22,-1021.66,-517.88,-1995.43,-1001.09
29,123,1.02527,-532.85,-465.12,-1030.03,-521.69,-2035.99,-1008.46
29,124,1.03369,-537.18,-482.24,-1038.40,-514.13,-2032.01,-993.84
29,125,1.04224,-541.51,-499.57,-1046.77,-506.79,-2028.15,-979.64
29,126,1.05048,-545.84,-517.11,-1055.14,-525.56,-2129.36,-1015.93
29,127,1.05902,-550.17,-534.87,-1063.51,-506.79,-2078.47,-979.64
29,128,1.06744,-554.50,-552.85,-1071.88,-514.13,-2134.12,-993.84
29,129,1.07593,-558.83,-571.04,-1080.26,-510.43,-2144.11,-986.69
29,130,1.08356,-563.17,-589.45,-1088.63,-567.60,-2412.43,-1097.20
29,131,1.09222,-567.50,-608.07,-1097.00,-499.65,-2148.42,-965.85
29,132,1.10083,-571.83,-626.90,-1105.37,-503.19,-2188.64,-972.70
29,133,1.10870,-576.16,-645.95,-1113.74,-550.00,-2419.54,-1063.18
29,134,1.11694,-580.49,-665.22,-1122.11,-525.56,-2338.10,-1015.93
29,135,1.12549,-584.82,-684.70,-1130.48,-506.79,-2279.76,-979.64
29,136,1.13361,-589.15,-704.39,-1138.85,-533.46,-2426.23,-1031.20
29,137,1.14215,-593.48,-724.30,-1147.22,-506.79,-2330.08,-979.64
29,138,1.15082,-597.81,-744.43,-1155.59,-499.65,-2322.07,-965.85
29,139,1.15863,-602.14,-764.77,-1163.96,-554.30,-2603.57,-1071.48
29,140,1.16711,-606.47,-785.32,-1172.34,-510.43,-2422.88,-986.69
29,141,1.17542,-610.80,-806.09,-1180.71,-521.69,-2502.22,-1008.46
29,142,1.18402,-615.13,-827.08,-1189.08,-503.19,-2438.48,-972.70
29,143,1.19220,-619.46,-848.28,-1197.45,-529.48,-2592.15,-1023.51
29,144,1.20056,-623.79,-869.70,-1205.82,-517.88,-2561.10,-1001.09
29,145,1.20880,-628.12,-891.33,-1214.19,-525.56,-2625.13,-1015.93
29,146,1.21704,-632.45,-913.17,-1222.56,-525.56,-2651.22,-1015.93
29,147,1.22534,-636.78,-935.23,-1230.93,-521.69,-2657.63,-1008.46
29,148,1.23364,-641.11,-957.51,-1239.30,-521.69,-2683.53,-1008.46
29,149,1.24207,-645.44,-980.00,-1247.67,-514.13,-2670.17,-993.84
29,150,1.25055,-649.77,-1002.70,-1256.05,-510.43,-2676.30,-986.69
29,151,1.25879,-654.10,-1025.62,-1264.42,-525.56,-2781.69,-1015.93
29,152,1.26709,-658.44,-1048.76,-1272.79,-521.69,-2787.14,-1008.46
29,153,1.27551,-662.77,-1072.11,-1281.16,-514.13,-2772.27,-993.84
29,154,1.28381,-667.10,-1095.68,-1289.53,-521.69,-2838.94,-1008.46
29,155,1.29272,-671.43,-1119.46,-1297.90,-485.96,-2668.62,-939.38
29,156,1.30066,-675.76,-1143.45,-1306.27,-545.77,-3024.17,-1055.00
29,157,1.30865,-680.09,-1167.66,-1314.64,-541.60,-3027.97,-1046.95
29,158,1.31714,-684.42,-1192.09,-1323.01,-510.43,-2879.04,-986.69
29,159,1.32593,-688.75,-1216.73,-1331.38,-492.71,-2803.54,-952.43
29,160,1.33374,-693.74,-1231.43,-1341.68,-638.67,-1881.53,-1318.36
30,0,0.00000,0.00,0.00,0.00,-413.54,75.96,1667.36
30,1,0.00818,-3.61,0.45,14.58,-441.79,55.34,1782.09
30,2,0.01630,-7.21,0.69,29.07,-442.86,29.28,1785.71
30,3,0.02521,-10.82,0.71,43.65,-405.48,2.43,1635.62
30,4,0.03326,-14.37,0.52,57.98,-440.91,-24.18,1779.17
30,5,0.04132,-17.91,0.11,72.24,-438.64,-50.86,1769.32
30,6,0.04974,-21.42,-0.52,86.41,-417.03,-74.18,1682.97
30,7,0.05823,-24.91,-1.36,100.50,-411.87,-98.99,1661.15
30,8,0.06641,-28.39,-2.41,114.52,-424.63,-128.97,1713.43
30,9,0.07446,-31.84,-3.68,128.45,-428.79,-157.61,1729.55
30,10,0.08331,-35.28,-5.17,142.31,-387.93,-167.77,1565.52
30,11,0.09131,-38.69,-6.87,156.08,-427.10,-212.60,1722.52
30,12,0.10028,-42.08,-8.78,169.77,-378.23,-213.41,1526.19
30,13,0.10809,-45.46,-10.91,183.39,-432.03,-272.61,1742.58
30,14,0.11633,-48.81,-13.26,196.92,-407.04,-284.57,1642.59
30,15,0.12482,-52.15,-15.82,210.37,-393.17,-301.73,1585.61
30,16,0.13287,-55.46,-18.59,223.75,-411.36,-344.41,1659.85
30,17,0.14130,-58.76,-21.58,237.04,-391.30,-354.96,1578.26
30,18,0.14972,-62.03,-24.79,250.25,-388.77,-380.49,1568.84
30,19,0.15796,-65.29,-28.21,263.39,-395.19,-415.04,1594.07
30,20,0.16620,-68.52,-31.84,276.44,-392.59,-441.13,1584.07
30,21,0.17462,-71.74,-35.69,289.41,-381.88,-457.07,1540.22
30,22,0.18286,-74.94,-39.75,302.31,-387.78,-493.32,1564.81
30,23,0.19122,-78.11,-44.03,315.12,-379.93,-511.83,1532.48
30,24,0.19971,-81.27,-48.53,327.85,-371.94,-529.81,1500.72
30,25,0.20807,-84.41,-53.24,340.51,-375.18,-563.26,1513.14
30,26,0.21625,-87.52,-58.16,353.08,-380.97,-602.16,1537.31
30,27,0.22467,-90.62,-63.30,365.57,-367.75,-610.23,1483.33
30,28,0.23309,-93.70,-68.66,377.98,-365.22,-635.76,1473.55
30,29,0.24146,-96.75,-74.23,390.32,-365.69,-666.11,1474.82
30,30,0.24994,-99.79,-80.01,402.57,-357.91,-681.87,1444.24
30,31,0.25812,-102.81,-86.01,414.74,-369.03,-733.60,1488.43
30,32,0.26624,-105.80,-92.23,426.83,-369.17,-765.60,1489.47
30,33,0.27454,-108.80,-98.70,438.93,-361.03,-780.03,1456.99
30,34,0.28320,-111.76,-105.35,450.86,-341.20,-766.86,1376.76
30,35,0.29120,-114.70,-112.21,462.71,-367.56,-858.14,1482.06
30,36,0.29999,-117.61,-119.29,474.48,-331.94,-805.13,1339.24
30,37,0.30829,-120.51,-126.58,486.17,-349.26,-878.39,1408.46
30,38,0.31635,-123.39,-134.08,497.78,-357.20,-931.70,1441.29
30,39,0.32471,-126.25,-141.81,509.32,-341.97,-923.41,1379.20
30,40,0.33289,-129.09,-149.74,520.77,-347.01,-970.37,1400.00
30,41,0.34131,-131.91,-157.89,532.14,-334.78,-967.77,1350.00
30,42,0.34967,-134.71,-166.26,543.43,-334.67,-1000.55,1350.36
30,43,0.35791,-137.49,-174.84,554.64,-337.41,-1041.46,1360.74
30,44,0.36652,-140.25,-183.64,565.77,-320.57,-1022.13,1293.26
30,45,0.37445,-142.99,-192.65,576.82,-345.38,-1135.72,1392.69
30,46,0.38287,-145.71,-201.88,587.79,-322.83,-1095.40,1302.54
30,47,0.39130,-148.41,-211.32,598.68,-320.65,-1120.93,1293.12
30,48,0.39990,-151.09,-220.97,609.49,-311.35,-1122.06,1256.03
30,49,0.40826,-153.75,-230.86,620.24,-318.61,-1182.44,1285.40
30,50,0.41632,-156.39,-240.95,630.89,-327.65,-1251.98,1321.97
30,51,0.42554,-159.01,-251.25,641.46,-284.44,-1117.78,1147.02
30,52,0.43298,-161.61,-261.77,651.95,-349.18,-1412.35,1408.61
30,53,0.44135,-164.19,-272.50,662.36,-308.76,-1283.42,1244.89
30,54,0.44995,-166.75,-283.45,672.69,-297.52,-1272.00,1200.35
30,55,0.45801,-169.30,-294.61,682.94,-315.53,-1385.41,1272.35
30,56,0.46631,-171.82,-305.98,693.11,-303.68,-1370.57,1225.00
30,57,0.47473,-174.32,-317.58,703.20,-297.10,-1376.23,1197.83
30,58,0.48297,-176.80,-329.38,713.21,-301.11,-1432.91,1214.81
30,59,0.49133,-179.26,-341.40,723.14,-294.53,-1437.70,1187.59
30,60,0.49982,-181.70,-353.64,732.99,-287.77,-1442.36,1160.79
30,61,0.50824,-184.13,-366.09,742.76,-287.68,-1478.33,1159.78
30,62,0.51636,-186.53,-378.76,752.45,-295.86,-1560.40,1193.61
30,63,0.52466,-188.91,-391.64,762.06,-287.13,-1551.88,1157.72
30,64,0.53296,-191.28,-404.74,771.59,-284.56,-1577.78,1148.16
30,65,0.54138,-193.62,-418.05,781.04,-278.26,-1580.44,1121.74
30,66,0.54993,-195.94,-431.58,790.41,-271.79,-1583.02,1096.43
30,67,0.55792,-198.25,-445.32,799.69,-288.17,-1718.67,1161.83
30,68,0.56659,-200.53,-459.28,808.91,-263.38,-1610.34,1062.68
30,69,0.57520,-202.89,-474.05,818.42,-274.11,-1717.27,1105.67
30,70,0.58344,-205.13,-488.45,827.47,-272.22,-1747.14,1097.78
30,71,0.59174,-207.35,-503.06,836.43,-267.65,-1760.19,1080.15
30,72,0.60010,-209.56,-517.89,845.32,-263.50,-1773.06,1062.41
30,73,0.60895,-211.74,-532.93,854.12,-246.55,-1699.53,994.83
30,74,0.61682,-213.91,-548.23,862.87,-275.58,-1943.62,1111.63
30,75,0.62494,-216.05,-563.70,871.52,-263.91,-1905.92,1065.04
30,76,0.63318,-218.17,-579.39,880.08,-257.78,-1903.78,1039.26
30,77,0.64178,-220.28,-595.29,888.57,-244.33,-1847.75,985.82
30,78,0.64990,-222.36,-611.41,896.97,-256.77,-1985.38,1035.34
30,79,0.65851,-224.42,-627.74,905.29,-239.72,-1897.71,967.38
30,80,0.66656,-226.47,-644.29,913.54,-253.79,-2053.79,1023.11
30,81,0.67493,-228.49,-661.05,921.70,-241.97,-2004.55,976.28
30,82,0.68329,-230.50,-678.02,929.79,-239.78,-2030.26,966.79
30,83,0.69153,-232.48,-695.22,937.79,-240.74,-2086.43,971.48
30,84,0.69995,-234.45,-712.62,945.72,-233.33,-2066.60,940.94
30,85,0.70831,-236.39,-730.24,953.56,-232.48,-2107.40,937.96
30,86,0.71667,-238.31,-748.08,961.32,-230.29,-2133.11,928.47
30,87,0.72504,-240.22,-766.13,969.01,-227.74,-2158.82,918.98
30,88,0.73328,-242.25,-781.71,976.57,-246.30,-1891.14,917.41
31,0,0.00000,0.00,0.00,0.00,794.89,610.82,-1393.43
31,1,0.00818,6.65,4.89,-11.65,812.69,598.20,-1424.63
31,2,0.01678,13.29,9.57,-23.30,772.34,543.53,-1353.90
31,3,0.02502,19.94,14.03,-34.95,806.67,541.59,-1414.07
31,4,0.03333,26.59,18.28,-46.61,800.74,511.71,-1403.68
31,5,0.04150,33.23,22.31,-58.26,812.69,493.05,-1424.63
31,6,0.05029,39.88,26.13,-69.91,756.25,434.35,-1325.69
31,7,0.05853,46.53,29.73,-81.56,806.67,437.21,-1414.07
31,8,0.06659,53.17,33.12,-93.21,825.00,420.47,-1446.21
31,9,0.07520,59.82,36.29,-104.86,772.34,368.64,-1353.90
31,10,0.08374,66.47,39.25,-116.52,777.86,346.12,-1363.57
31,11,0.09149,73.11,41.99,-128.17,857.48,353.81,-1503.15
31,12,0.10004,79.76,44.52,-139.82,777.86,295.79,-1363.57
31,13,0.10864,86.41,46.83,-151.47,772.34,268.72,-1353.90
31,14,0.11676,93.05,48.93,-163.12,818.80,258.39,-1435.34
31,15,0.12531,99.70,50.81,-174.77,777.86,220.31,-1363.57
31,16,0.13367,106.35,52.48,-186.43,794.89,199.42,-1393.43
31,17,0.14160,112.99,53.93,-198.08,837.69,183.06,-1468.46
31,18,0.15027,119.64,55.17,-209.73,766.90,142.78,-1344.37
31,19,0.15875,126.29,56.19,-221.38,783.45,120.53,-1373.38
31,20,0.16687,132.93,57.00,-233.03,818.80,99.47,-1435.34
31,21,0.17505,139.58,57.59,-244.68,812.69,72.45,-1424.63
31,22,0.18323,146.23,57.97,-256.34,812.69,46.15,-1424.63
31,23,0.19165,152.87,58.13,-267.99,789.13,19.29,-1383.33
31,24,0.19989,159.52,58.08,-279.64,806.67,-6.38,-1414.07
31,25,0.20837,166.17,57.81,-291.29,783.45,-31.53,-1373.38
31,26,0.21649,172.81,57.33,-302.94,818.80,-59.45,-1435.34
31,27,0.22491,179.46,56.63,-314.59,789.13,-82.81,-1383.33
31,28,0.23340,186.11,55.72,-326.25,783.45,-107.57,-1373.38
31,29,0.24158,192.76,54.59,-337.90,812.69,-137.86,-1424.63
31,30,0.24994,199.40,53.25,-349.55,794.89,-160.56,-1393.43
31,31,0.25824,206.05,51.69,-361.20,800.74,-187.64,-1403.68
31,32,0.26666,212.70,49.92,-372.85,789.13,-210.44,-1383.33
31,33,0.27478,219.34,47.93,-384.50,818.80,-244.84,-1435.34
31,34,0.28357,225.99,45.73,-396.15,756.25,-250.60,-1325.69
31,35,0.29150,232.64,43.31,-407.81,837.69,-304.69,-1468.46
31,36,0.30005,239.28,40.68,-419.46,777.86,-308.08,-1363.57
31,37,0.30811,245.93,37.83,-431.11,825.00,-353.44,-1446.21
31,38,0.31683,252.58,34.77,-442.76,761.54,-350.89,-1334.97
31,39,0.32520,259.22,31.49,-454.41,794.89,-391.97,-1393.43
31,40,0.33344,265.87,28.00,-466.06,806.67,-423.87,-1414.07
31,41,0.34180,272.52,24.29,-477.72,794.89,-443.40,-1393.43
31,42,0.35016,279.16,20.37,-489.37,794.89,-469.10,-1393.43
31,43,0.35834,285.81,16.23,-501.02,812.69,-505.90,-1424.63
31,44,0.36682,292.46,11.88,-512.67,783.45,-513.04,-1373.38
31,45,0.37482,299.10,7.31,-524.32,831.30,-571.27,-1457.25
31,46,0.38330,305.75,2.53,-535.97,783.45,-563.73,-1373.38
31,47,0.39185,312.40,-2.47,-547.63,777.86,-584.87,-1363.57
31,48,0.39990,319.04,-7.68,-559.28,825.00,-646.99,-1446.21
31,49,0.40857,325.69,-13.11,-570.93,766.90,-626.24,-1344.37
31,50,0.41650,332.34,-18.75,-582.58,837.69,-711.14,-1468.46
31,51,0.42499,338.98,-24.61,-594.23,783.45,-690.45,-1373.38
31,52,0.43329,345.63,-30.68,-605.88,800.74,-731.57,-1403.68
31,53,0.44171,352.28,-36.97,-617.54,789.13,-746.49,-1383.33
31,54,0.44977,358.92,-43.47,-629.19,825.00,-807.11,-1446.21
31,55,0.45825,365.57,-50.19,-640.84,783.45,-791.81,-1373.38
31,56,0.46680,372.22,-57.12,-652.49,777.86,-811.32,-1363.57
31,57,0.47491,378.86,-64.27,-664.14,818.80,-880.50,-1435.34
31,58,0.48346,385.51,-71.63,-675.79,777.86,-861.64,-1363.57
31,59,0.49170,392.16,-79.21,-687.45,806.67,-919.64,-1414.07
31,60,0.49963,398.80,-87.00,-699.10,837.69,-982.12,-1468.46
31,61,0.50836,405.45,-95.01,-710.75,761.54,-917.46,-1334.97
31,62,0.51672,412.10,-103.23,-722.40,794.89,-983.36,-1393.43
31,63,0.52515,418.74,-111.67,-734.05,789.13,-1001.75,-1383.33
31,64,0.53339,425.39,-120.32,-745.70,806.67,-1050.12,-1414.07
31,65,0.54144,432.04,-129.19,-757.35,825.00,-1100.66,-1446.21
31,66,0.54999,438.68,-138.27,-769.01,777.86,-1062.94,-1363.57
31,67,0.55811,445.33,-147.57,-780.66,818.80,-1145.36,-1435.34
31,68,0.56647,451.98,-157.08,-792.31,794.89,-1137.64,-1393.43
31,69,0.57489,458.62,-166.81,-803.96,789.13,-1154.91,-1383.33
31,70,0.58331,465.27,-176.75,-815.61,789.13,-1180.43,-1383.33
31,71,0.59149,471.92,-186.91,-827.26,812.69,-1241.97,-1424.63
31,72,0.59979,478.56,-197.28,-838.92,800.74,-1249.60,-1403.68
31,73,0.60822,485.21,-207.87,-850.57,789.13,-1257.02,-1383.33
31,74,0.61646,491.86,-218.67,-862.22,806.67,-1311.05,-1414.07
31,75,0.62476,498.50,-229.69,-873.87,800.74,-1327.31,-1403.68
31,76,0.63348,505.15,-240.93,-885.52,761.54,-1286.97,-1334.97
31,77,0.64172,511.80,-252.37,-897.17,806.67,-1389.33,-1414.07
31,78,0.64978,518.44,-264.04,-908.83,825.00,-1447.59,-1446.21
31,79,0.65833,525.09,-275.91,-920.48,777.86,-1390.03,-1363.57
31,80,0.66663,531.74,-288.01,-932.13,800.74,-1456.81,-1403.68
31,81,0.67511,538.39,-300.31,-943.78,783.45,-1450.71,-1373.38
31,82,0.68347,545.03,-312.84,-955.43,794.89,-1497.60,-1393.43
31,83,0.69171,551.68,-325.57,-967.08,806.67,-1545.89,-1414.07
31,84,0.70001,558.33,-338.53,-978.74,800.74,-1560.42,-1403.68
31,85,0.70868,565.10,-351.95,-990.61,781.34,-1548.58,-1370.07
31,86,0.71716,571.74,-365.34,-1002.26,783.45,-1577.91,-1373.38
31,87,0.72510,578.39,-378.94,-1013.91,837.69,-1714.25,-1468.46
31,88,0.73364,585.04,-392.75,-1025.56,777.86,-1616.96,-1363.57
31,89,0.74188,591.68,-406.79,-1037.22,806.67,-1702.95,-1414.07
31,90,0.75018,598.33,-421.03,-1048.87,800.74,-1716.33,-1403.68
31,91,0.75854,604.98,-435.49,-1060.52,794.89,-1729.51,-1393.43
31,92,0.76697,611.62,-450.17,-1072.17,789.13,-1742.50,-1383.33
31,93,0.77509,618.27,-465.06,-1083.82,818.80,-1834.50,-1435.34
31,94,0.78351,624.92,-480.17,-1095.47,789.13,-1793.56,-1383.33
31,95,0.79181,631.56,-495.49,-1107.13,800.74,-1845.84,-1403.68
31,96,0.80011,638.21,-511.03,-1118.78,800.74,-1871.74,-1403.68
31,97,0.80853,644.86,-526.78,-1130.43,789.13,-1870.14,-1383.33
31,98,0.81671,651.50,-542.75,-1142.08,812.69,-1952.25,-1424.63
31,99,0.82501,658.15,-558.93,-1153.73,800.74,-1949.44,-1403.68
31,100,0.83362,664.80,-575.33,-1165.38,772.34,-1905.29,-1353.90
31,101,0.84174,671.44,-591.94,-1177.04,818.80,-2046.38,-1435.34
31,102,0.85010,678.09,-608.76,-1188.69,794.89,-2012.35,-1393.43
31,103,0.85828,684.74,-625.81,-1200.34,812.69,-2083.69,-1424.63
31,104,0.86664,691.38,-643.06,-1211.99,794.89,-2063.77,-1393.43
31,105,0.87488,698.03,-660.54,-1223.64,806.67,-2120.44,-1414.07
31,106,0.88354,704.68,-678.22,-1235.29,766.90,-2040.72,-1344.37
31,107,0.89185,711.33,-696.12,-1246.95,800.74,-2156.65,-1403.68
31,108,0.90002,717.97,-714.24,-1258.60,812.69,-2215.13,-1424.63
31,109,0.90875,724.62,-732.57,-1270.25,761.54,-2100.35,-1334.97
31,110,0.91669,731.27,-751.12,-1281.90,837.69,-2337.48,-1468.46
31,111,0.92511,737.91,-769.88,-1293.55,789.13,-2227.50,-1383.33
31,112,0.93353,744.56,-788.86,-1305.20,789.13,-2253.03,-1383.33
31,113,0.94196,751.21,-808.05,-1316.85,789.13,-2278.55,-1383.33
31,114,0.95007,757.85,-827.46,-1328.51,818.80,-2390.70,-1435.34
31,115,0.95850,764.50,-847.08,-1340.16,789.13,-2329.61,-1383.33
31,116,0.96686,771.15,-866.92,-1351.81,794.89,-2372.32,-1393.43
31,117,0.97516,777.77,-886.77,-1363.45,797.79,-2391.60,-1402.57
32,0,0.00000,0.00,0.00,0.00,-987.87,-748.33,1507.72
32,1,0.00818,-8.15,-6.43,12.45,-997.01,-785.79,1522.01
32,2,0.01660,-16.26,-13.07,24.83,-962.68,-788.54,1469.57
32,3,0.02478,-24.33,-19.93,37.14,-985.82,-838.37,1505.22
32,4,0.03320,-32.35,-27.00,49.38,-952.17,-839.59,1453.26
32,5,0.04193,-40.32,-34.28,61.55,-913.64,-834.87,1394.41
32,6,0.04999,-48.25,-41.79,73.65,-984.09,-931.13,1502.27
32,7,0.05817,-56.13,-49.50,85.68,-963.81,-943.52,1471.27
32,8,0.06659,-63.97,-57.43,97.65,-930.43,-941.70,1420.65
32,9,0.07489,-71.76,-65.58,109.55,-938.60,-981.45,1433.09
32,10,0.08331,-79.51,-73.94,121.37,-919.93,-992.75,1403.99
32,11,0.09174,-87.21,-82.52,133.13,-914.49,-1018.27,1396.01
32,12,0.09985,-94.87,-91.31,144.82,-943.23,-1083.04,1439.85
32,13,0.10834,-102.48,-100.32,156.44,-897.12,-1061.63,1369.42
32,14,0.11688,-110.04,-109.54,167.99,-885.36,-1079.21,1351.79
32,15,0.12500,-117.57,-118.98,179.47,-926.69,-1162.50,1414.29
32,16,0.13324,-125.04,-128.63,190.88,-907.41,-1171.37,1385.19
32,17,0.14172,-132.47,-138.50,202.22,-875.90,-1163.01,1337.05
32,18,0.15002,-139.86,-148.58,213.50,-889.71,-1214.56,1358.09
32,19,0.15820,-147.20,-158.87,224.70,-897.39,-1258.98,1370.15
32,20,0.16675,-154.49,-169.39,235.84,-853.57,-1230.18,1303.21
32,21,0.17474,-161.74,-180.11,246.91,-906.87,-1341.59,1384.35
32,22,0.18323,-168.95,-191.05,257.91,-849.28,-1289.72,1296.40
32,23,0.19159,-176.11,-202.21,268.84,-856.20,-1334.26,1306.93
32,24,0.19977,-183.22,-213.58,279.70,-869.78,-1390.42,1327.99
32,25,0.20825,-190.29,-225.17,290.49,-833.09,-1365.74,1271.94
32,26,0.21649,-197.31,-236.97,301.21,-852.59,-1432.30,1301.11
32,27,0.22498,-204.29,-248.99,311.86,-822.66,-1416.43,1255.76
32,28,0.23309,-211.23,-261.22,322.45,-854.14,-1506.81,1303.76
32,29,0.24182,-218.12,-273.67,332.96,-789.16,-1426.08,1204.90
32,30,0.24988,-224.96,-286.33,343.41,-849.24,-1571.60,1296.59
32,31,0.25830,-231.76,-299.21,353.78,-807.25,-1528.80,1231.88
32,32,0.26672,-238.51,-312.30,364.09,-801.81,-1554.33,1223.91
32,33,0.27478,-245.22,-325.60,374.33,-832.58,-1651.66,1270.83
32,34,0.28308,-251.88,-339.13,384.50,-802.57,-1628.99,1225.37
32,35,0.29199,-258.50,-352.86,394.60,-742.47,-1541.54,1133.56
32,36,0.30023,-265.07,-366.82,404.64,-797.41,-1693.28,1217.41
32,37,0.30829,-271.59,-380.98,414.60,-810.23,-1758.41,1236.74
32,38,0.31677,-278.08,-395.36,424.49,-764.03,-1695.20,1166.19
32,39,0.32507,-285.34,-396.26,434.68,-874.63,-108.10,1226.84
33,0,0.00000,0.00,0.00,0.00,72.26,1147.48,-1118.25
33,1,0.00830,0.60,9.38,-9.35,72.79,1130.01,-1126.47
33,2,0.01685,1.21,18.54,-18.70,70.71,1072.57,-1094.29
33,3,0.02496,1.81,27.49,-28.05,74.44,1102.53,-1151.88
33,4,0.03333,2.42,36.23,-37.40,72.26,1044.63,-1118.25
33,5,0.04169,3.02,44.75,-46.75,72.26,1018.91,-1118.25
33,6,0.05017,3.63,53.05,-56.10,71.22,978.91,-1102.16
33,7,0.05823,4.23,61.14,-65.45,75.00,1004.13,-1160.61
33,8,0.06665,4.83,69.02,-74.80,71.74,934.95,-1110.14
33,9,0.07495,5.44,76.68,-84.16,72.79,922.79,-1126.47
33,10,0.08344,6.04,84.12,-93.51,71.22,877.54,-1102.16
33,11,0.09161,6.65,91.35,-102.86,73.88,884.00,-1143.28
33,12,0.10004,7.25,98.37,-112.21,71.74,832.85,-1110.14
33,13,0.10803,7.86,105.17,-121.56,75.57,850.47,-1169.47
33,14,0.11664,8.46,111.75,-130.91,70.21,765.16,-1086.52
33,15,0.12482,9.06,118.12,-140.26,73.88,778.85,-1143.28
33,16,0.13330,9.67,124.28,-149.61,71.22,725.48,-1102.16
33,17,0.14172,10.27,130.22,-158.96,71.74,705.22,-1110.14
33,18,0.15015,10.88,135.94,-168.31,71.74,679.69,-1110.14
33,19,0.15820,11.48,141.45,-177.66,75.00,683.90,-1160.61
33,20,0.16687,12.09,146.82,-187.13,70.42,618.54,-1092.61
33,21,0.17535,12.70,151.89,-196.48,71.22,598.45,-1102.16
33,22,0.18347,13.30,156.76,-205.85,74.44,599.94,-1153.76
33,23,0.19202,13.90,161.41,-215.20,70.71,543.81,-1094.29
33,24,0.20007,14.51,165.84,-224.55,75.00,550.08,-1160.61
33,25,0.20868,15.11,170.06,-233.90,70.21,489.98,-1086.52
33,26,0.21716,15.72,174.06,-243.25,71.22,471.70,-1102.16
33,27,0.22510,16.32,177.85,-252.60,76.15,477.25,-1178.46
33,28,0.23340,16.93,181.42,-261.95,72.79,430.30,-1126.47
33,29,0.24213,17.53,184.77,-271.30,69.23,384.60,-1071.33
33,30,0.25031,18.13,187.92,-280.65,73.88,384.14,-1143.28
33,31,0.25824,18.74,190.84,-290.00,76.15,368.87,-1178.46
33,32,0.26678,19.34,193.56,-299.38,70.71,318.17,-1097.14
33,33,0.27533,19.95,196.06,-308.73,70.71,292.13,-1094.29
33,34,0.28363,20.55,198.34,-318.08,72.79,274.82,-1126.47
33,35,0.29199,21.15,200.41,-327.43,72.26,247.10,-1118.25
33,36,0.30005,21.76,202.26,-336.78,75.00,229.77,-1160.61
33,37,0.30835,22.36,203.89,-346.13,72.79,197.12,-1126.47
33,38,0.31696,22.97,205.31,-355.48,70.21,165.14,-1086.52
33,39,0.32501,23.57,206.52,-364.83,75.00,149.72,-1160.61
33,40,0.33362,24.18,207.51,-374.18,70.21,115.17,-1086.52
33,41,0.34216,24.78,208.29,-383.53,70.71,90.84,-1094.29
33,42,0.34998,25.38,208.85,-392.88,77.34,71.83,-1196.88
33,43,0.35870,25.99,209.20,-402.23,69.23,39.66,-1071.33
33,44,0.36694,26.59,209.33,-411.58,73.33,15.91,-1134.81
33,45,0.37549,27.20,209.24,-420.94,70.71,-9.81,-1094.29
33,46,0.38354,27.80,208.94,-430.29,75.00,-37.10,-1160.61
33,47,0.39203,28.41,208.43,-439.64,71.22,-60.57,-1102.16
33,48,0.40009,29.01,207.70,-448.99,75.00,-90.47,-1160.61
33,49,0.40863,29.61,206.76,-458.34,70.71,-110.46,-1094.29
33,50,0.41675,30.22,205.60,-467.69,74.44,-142.75,-1151.88
33,51,0.42529,30.83,204.21,-477.14,71.43,-162.67,-1106.43
33,52,0.43372,31.43,202.62,-486.49,71.74,-188.92,-1110.14
33,53,0.44208,32.04,200.81,-495.86,72.26,-216.55,-1120.80
33,54,0.45020,32.64,198.78,-505.22,74.44,-249.05,-1151.88
33,55,0.45850,33.25,196.54,-514.58,72.79,-269.92,-1128.31
33,56,0.46667,33.85,194.09,-523.93,73.88,-299.81,-1143.28
33,57,0.47552,34.45,191.43,-533.28,68.28,-301.36,-1056.55
33,58,0.48352,35.06,188.54,-542.63,75.57,-360.46,-1169.47
33,59,0.49194,35.66,185.45,-551.98,71.74,-367.70,-1110.14
33,60,0.50018,36.27,182.13,-561.33,73.33,-401.97,-1134.81
33,61,0.50867,36.87,178.61,-570.68,71.22,-415.74,-1102.16
33,62,0.51678,37.48,174.86,-580.04,74.44,-460.98,-1151.88
33,63,0.52527,38.08,170.91,-589.39,71.22,-466.42,-1102.16
33,64,0.53333,38.68,166.72,-598.77,75.00,-519.64,-1164.77
33,65,0.54199,39.29,162.33,-608.12,69.72,-506.27,-1078.87
33,66,0.55017,39.89,157.73,-617.47,73.88,-562.78,-1143.28
33,67,0.55841,40.50,152.91,-626.82,73.33,-584.71,-1134.81
33,68,0.56689,41.10,147.88,-636.17,71.22,-593.22,-1102.16
33,69,0.57520,41.71,142.63,-645.52,72.79,-632.22,-1126.47
33,70,0.58368,42.31,137.17,-654.87,71.22,-643.91,-1102.16
33,71,0.59192,42.91,131.49,-664.22,73.33,-689.09,-1134.81
33,72,0.60016,43.52,125.60,-673.57,73.33,-715.17,-1134.81
33,73,0.60828,44.12,119.49,-682.93,74.44,-752.42,-1151.88
33,74,0.61688,44.73,113.17,-692.28,70.21,-734.71,-1086.52
33,75,0.62524,45.33,106.62,-701.64,72.26,-783.27,-1120.44
33,76,0.63385,45.94,99.86,-711.00,70.21,-784.72,-1086.52
33,77,0.64233,46.54,92.90,-720.35,71.22,-821.35,-1102.16
33,78,0.65015,47.14,85.71,-729.70,77.34,-919.46,-1196.88
33,79,0.65863,47.75,78.31,-739.05,71.22,-872.03,-1102.16
33,80,0.66681,48.35,70.70,-748.40,73.88,-930.87,-1143.28
33,81,0.67529,48.96,62.87,-757.75,71.22,-922.72,-1102.16
33,82,0.68341,49.56,54.83,-767.10,74.44,-990.84,-1151.88
33,83,0.69196,50.16,46.57,-776.45,70.71,-966.45,-1094.29
33,84,0.70013,50.77,38.10,-785.80,73.88,-1036.02,-1143.28
33,85,0.70862,51.37,29.41,-795.15,71.22,-1024.09,-1102.16
33,86,0.71680,51.98,20.51,-804.50,73.88,-1088.60,-1143.28
33,87,0.72534,52.58,11.39,-813.85,70.71,-1067.10,-1094.29
33,88,0.73340,53.19,2.06,-823.20,75.00,-1158.46,-1160.61
33,89,0.74231,53.79,-7.49,-832.55,67.81,-1071.50,-1049.32
33,90,0.75012,54.39,-17.26,-841.90,77.34,-1249.71,-1196.88
33,91,0.75836,55.00,-27.23,-851.25,73.33,-1211.00,-1134.81
33,92,0.76678,55.60,-37.43,-860.60,71.74,-1210.19,-1110.14
33,93,0.77533,56.21,-47.84,-869.96,70.71,-1218.07,-1094.29
33,94,0.78345,56.81,-58.46,-879.31,74.44,-1308.66,-1151.88
33,95,0.79193,57.42,-69.30,-888.66,71.22,-1277.52,-1102.16
33,96,0.80054,58.02,-80.35,-898.01,70.21,-1284.38,-1086.52
33,97,0.80847,58.62,-91.62,-907.36,76.15,-1420.16,-1178.46
33,98,0.81708,59.23,-103.10,-916.71,70.21,-1334.34,-1086.52
33,99,0.82526,59.83,-114.80,-926.06,73.88,-1430.34,-1143.28
33,100,0.83362,60.44,-126.71,-935.41,72.26,-1424.73,-1118.25
33,101,0.84235,61.04,-138.84,-944.76,69.23,-1389.59,-1071.33
33,102,0.85065,61.66,-151.44,-954.30,74.26,-1517.56,-1149.63
33,103,0.85852,62.26,-164.00,-963.65,76.74,-1595.57,-1187.60
33,104,0.86694,62.87,-176.78,-973.00,71.74,-1517.03,-1110.14
33,105,0.87549,63.47,-189.77,-982.35,70.71,-1520.52,-1094.29
33,106,0.88373,64.07,-202.98,-991.71,73.33,-1602.93,-1134.81
33,107,0.89233,64.68,-216.40,-1001.06,70.21,-1559.70,-1086.52
33,108,0.90033,65.28,-230.04,-1010.41,75.57,-1705.65,-1169.47
33,109,0.90918,65.90,-244.10,-1019.90,69.31,-1588.77,-1072.41
33,110,0.91718,66.50,-258.17,-1029.25,75.57,-1759.83,-1169.47
33,111,0.92560,67.11,-272.46,-1038.60,71.74,-1696.09,-1110.14
33,112,0.93359,67.71,-286.96,-1047.95,75.57,-1813.61,-1169.47
33,113,0.94226,68.31,-301.68,-1057.30,69.72,-1697.93,-1078.87
33,114,0.95044,68.92,-316.61,-1066.65,73.88,-1825.58,-1143.28
33,115,0.95892,69.52,-331.75,-1076.00,71.22,-1785.26,-1102.16
33,116,0.96710,70.13,-347.11,-1085.35,73.88,-1878.16,-1143.28
33,117,0.97540,70.73,-362.69,-1094.70,72.79,-1876.45,-1126.47
33,118,0.98364,71.33,-378.48,-1104.05,73.33,-1916.44,-1134.81
33,119,0.99225,71.94,-394.49,-1113.40,70.21,-1859.87,-1086.52
33,120,1.00079,72.54,-410.71,-1122.75,70.71,-1898.31,-1094.29
33,121,1.00879,73.15,-427.14,-1132.10,75.57,-2055.63,-1169.47
33,122,1.01721,73.75,-443.79,-1141.46,71.74,-1976.88,-1110.14
33,123,1.02551,74.36,-460.66,-1150.81,72.79,-2031.85,-1126.47
33,124,1.03430,74.96,-477.74,-1160.16,68.75,-1943.44,-1063.89
33,125,1.04242,75.56,-495.09,-1169.53,74.44,-2136.78,-1155.26
33,126,1.05066,76.17,-512.60,-1178.88,73.33,-2125.26,-1134.81
33,127,1.05859,76.77,-530.32,-1188.24,76.15,-2234.10,-1178.46
33,128,1.06720,77.38,-548.28,-1197.60,70.21,-2086.35,-1087.59
33,129,1.07538,77.98,-566.44,-1206.95,73.88,-2220.00,-1143.28
33,130,1.08368,78.59,-584.81,-1216.30,72.79,-2213.26,-1126.47
33,131,1.09229,79.19,-603.40,-1225.65,70.21,-2159.76,-1086.52
33,132,1.10046,79.79,-622.20,-1235.00,73.88,-2298.87,-1143.28
33,133,1.10870,80.40,-641.21,-1244.35,73.33,-2307.93,-1134.81
33,134,1.11725,81.00,-660.47,-1253.71,70.71,-2253.77,-1095.71
33,135,1.12549,81.61,-679.92,-1263.06,73.33,-2360.16,-1134.81
33,136,1.13379,82.21,-699.58,-1272.41,72.79,-2368.70,-1126.47
33,137,1.14221,82.82,-719.46,-1281.76,71.74,-2359.90,-1110.14
33,138,1.15027,83.42,-739.55,-1291.11,75.00,-2493.86,-1160.61
33,139,1.15887,84.03,-760.05,-1300.56,70.92,-2382.54,-1097.16
33,140,1.16718,84.63,-780.58,-1309.91,72.79,-2472.56,-1126.47
33,141,1.17566,85.24,-801.32,-1319.26,71.22,-2444.54,-1102.16
33,142,1.18390,85.84,-822.27,-1328.61,73.33,-2543.06,-1134.81
33,143,1.19214,86.45,-843.44,-1337.96,73.33,-2569.16,-1134.81
33,144,1.20068,87.05,-864.83,-1347.31,70.71,-2502.56,-1094.29
33,145,1.20898,87.66,-886.42,-1356.66,72.79,-2602.07,-1126.47
33,146,1.21765,88.26,-908.24,-1366.01,69.72,-2516.93,-1078.87
33,147,1.22607,88.87,-930.57,-1375.49,72.46,-2650.89,-1125.36
33,148,1.23419,89.47,-952.81,-1384.84,74.44,-2740.58,-1151.88
33,149,1.24280,90.08,-975.28,-1394.19,70.21,-2610.06,-1086.52
33,150,1.25067,90.68,-997.95,-1403.54,76.74,-2880.17,-1187.60
33,151,1.25891,91.29,-1020.85,-1412.89,73.33,-2778.26,-1134.81
33,152,1.26733,91.89,-1043.95,-1422.24,71.74,-2743.38,-1110.14
33,153,1.27582,92.50,-1067.27,-1431.59,71.22,-2748.99,-1102.16
33,154,1.28387,93.10,-1090.81,-1440.94,75.00,-2921.46,-1160.61
33,155,1.29218,93.70,-1114.56,-1450.29,72.79,-2861.43,-1126.47
33,156,1.30103,94.31,-1138.53,-1459.64,68.28,-2708.12,-1056.55
33,157,1.30884,94.71,-1154.70,-1468.98,51.95,-2069.41,-1194.92
34,0,0.00000,0.00,0.00,0.00,124.81,1063.23,-1331.30
34,1,0.00854,1.00,8.29,-10.64,116.79,969.72,-1245.71
34,2,0.01672,2.00,16.36,-21.29,122.01,986.85,-1301.49
34,3,0.02496,2.99,24.21,-31.93,121.11,953.45,-1291.85
34,4,0.03326,3.99,31.85,-42.58,120.22,920.53,-1282.35
34,5,0.04175,4.99,39.28,-53.22,117.63,875.33,-1254.68
34,6,0.05011,5.99,46.49,-63.87,119.34,862.39,-1272.99
34,7,0.05829,6.99,53.49,-74.51,122.01,855.41,-1301.49
34,8,0.06689,7.98,60.27,-85.16,115.96,787.97,-1236.88
34,9,0.07532,8.98,66.84,-95.80,118.48,779.56,-1263.77
34,10,0.08368,9.98,73.19,-106.45,119.34,759.55,-1272.99
34,11,0.09198,10.98,79.32,-117.09,120.22,739.22,-1282.35
34,12,0.10004,11.98,85.24,-127.73,123.86,734.94,-1321.21
34,13,0.10889,12.97,90.95,-138.38,112.76,644.75,-1202.76
34,14,0.11688,13.97,96.44,-149.02,124.81,686.77,-1331.30
34,15,0.12500,14.97,101.72,-159.67,122.93,649.95,-1311.28
34,16,0.13354,15.97,106.78,-170.31,116.79,592.30,-1245.71
34,17,0.14209,16.96,111.62,-180.96,116.79,567.13,-1245.71
34,18,0.15021,17.96,116.26,-191.60,122.93,570.50,-1311.28
34,19,0.15863,18.96,120.67,-202.25,118.48,524.30,-1263.77
34,20,0.16687,19.96,124.87,-212.89,121.11,509.86,-1291.85
34,21,0.17511,20.96,128.86,-223.54,121.11,483.76,-1291.85
34,22,0.18372,21.95,132.63,-234.18,115.96,438.20,-1236.88
34,23,0.19232,22.95,136.19,-244.82,115.96,413.21,-1236.88
34,24,0.20038,23.95,139.53,-255.47,123.86,414.70,-1321.21
34,25,0.20819,24.95,142.65,-266.11,127.73,400.13,-1362.50
34,26,0.21667,25.95,145.56,-276.76,117.63,343.13,-1254.68
34,27,0.22491,26.94,148.26,-287.40,121.11,327.21,-1291.85
34,28,0.23352,27.94,150.74,-298.05,115.96,288.30,-1236.88
34,29,0.24207,28.94,153.01,-308.69,116.79,265.20,-1245.71
34,30,0.25006,29.94,155.06,-319.34,124.81,256.52,-1331.30
34,31,0.25848,30.94,156.89,-329.98,118.48,217.99,-1263.77
34,32,0.26672,31.93,158.52,-340.62,121.11,196.74,-1291.85
34,33,0.27490,32.93,159.92,-351.27,122.01,171.92,-1301.49
34,34,0.28339,33.93,161.11,-361.91,117.63,140.39,-1254.68
34,35,0.29181,34.93,162.09,-372.56,118.48,115.89,-1263.77
34,36,0.29993,35.93,162.85,-383.20,122.93,93.75,-1311.28
34,37,0.30835,36.92,163.40,-393.85,118.48,64.83,-1263.77
34,38,0.31665,37.92,163.73,-404.49,120.22,39.88,-1282.35
34,39,0.32483,38.92,163.84,-415.14,122.01,14.19,-1301.49
34,40,0.33331,39.92,163.74,-425.78,117.63,-11.67,-1254.68
34,41,0.34167,40.91,163.43,-436.43,119.34,-37.55,-1272.99
34,42,0.35010,41.91,162.90,-447.07,118.48,-62.81,-1263.77
34,43,0.35822,42.91,162.16,-457.72,122.93,-91.73,-1312.41
34,44,0.36688,43.91,161.20,-468.37,115.14,-110.66,-1228.17
34,45,0.37512,44.91,160.02,-479.01,121.11,-142.50,-1291.85
34,46,0.38336,45.90,158.63,-489.66,121.11,-168.59,-1291.85
34,47,0.39185,46.90,157.03,-500.30,117.63,-189.08,-1254.68
34,48,0.39990,47.90,155.21,-510.95,123.86,-225.79,-1321.21
34,49,0.40826,48.90,153.18,-521.59,119.34,-243.27,-1272.99
34,50,0.41669,49.90,150.93,-532.24,118.48,-267.03,-1263.77
34,51,0.42505,50.89,148.46,-542.88,119.34,-294.70,-1272.99
34,52,0.43323,51.89,145.78,-553.52,122.01,-327.58,-1301.49
34,53,0.44171,52.89,142.89,-564.17,117.63,-341.14,-1254.68
34,54,0.45007,53.89,139.78,-574.81,119.34,-371.83,-1272.99
34,55,0.45837,54.89,136.46,-585.46,120.22,-400.46,-1282.35
34,56,0.46698,55.88,132.92,-596.10,115.96,-411.25,-1236.88
34,57,0.47498,56.88,129.16,-606.75,124.81,-469.53,-1331.30
34,58,0.48315,57.88,125.19,-617.39,122.01,-485.31,-1301.49
34,59,0.49176,58.88,121.01,-628.04,115.96,-486.19,-1236.88
34,60,0.50012,59.88,116.61,-638.68,119.34,-526.11,-1272.99
34,61,0.50867,60.87,112.00,-649.33,116.79,-539.99,-1245.71
34,62,0.51672,61.87,107.17,-659.97,123.86,-599.41,-1321.21
34,63,0.52527,62.87,102.12,-670.61,116.79,-590.31,-1245.71
34,64,0.53351,63.87,96.86,-681.26,121.11,-638.28,-1291.85
34,65,0.54181,64.87,91.39,-691.90,120.22,-659.48,-1282.35
34,66,0.55060,65.86,85.70,-702.55,113.54,-647.31,-1211.11
34,67,0.55884,66.86,79.80,-713.19,121.11,-716.55,-1291.85
34,68,0.56677,67.86,73.68,-723.84,125.77,-771.21,-1341.54
34,69,0.57465,68.86,67.34,-734.48,126.74,-804.49,-1351.94
34,70,0.58356,69.85,60.79,-745.13,111.99,-734.95,-1194.52
34,71,0.59174,70.85,54.03,-755.77,122.01,-827.05,-1301.49
34,72,0.59985,71.85,47.05,-766.42,122.93,-859.76,-1311.28
34,73,0.60809,72.85,39.86,-777.06,121.11,-873.11,-1291.85
34,74,0.61682,73.85,32.45,-787.70,114.34,-848.91,-1219.58
34,75,0.62494,74.84,24.82,-798.35,122.93,-939.22,-1311.28
34,76,0.63336,75.84,16.98,-808.99,118.48,-930.71,-1263.77
34,77,0.64172,76.84,8.93,-819.64,119.34,-963.22,-1272.99
34,78,0.65009,77.84,0.66,-830.28,119.34,-988.93,-1272.99
34,79,0.65839,78.84,-7.82,-840.93,120.22,-1022.10,-1282.35
34,80,0.66675,79.83,-16.52,-851.57,119.34,-1040.35,-1272.99
34,81,0.67487,80.83,-25.44,-862.22,122.93,-1098.13,-1311.28
34,82,0.68323,81.83,-34.57,-872.86,119.34,-1091.78,-1272.99
34,83,0.69177,82.83,-43.91,-883.51,116.79,-1093.55,-1245.71
34,84,0.69989,83.83,-53.47,-894.15,122.93,-1177.58,-1311.28
34,85,0.70837,84.82,-63.24,-904.79,117.63,-1152.10,-1254.68
34,86,0.71686,85.82,-73.23,-915.44,117.63,-1177.44,-1254.68
34,87,0.72479,86.82,-83.44,-926.08,125.77,-1286.06,-1341.54
34,88,0.73309,87.82,-93.86,-936.73,120.22,-1255.22,-1282.35
34,89,0.74158,88.82,-104.49,-947.37,117.63,-1253.47,-1254.68
34,90,0.74976,89.81,-115.34,-958.02,122.01,-1326.53,-1301.49
34,91,0.75836,90.81,-126.41,-968.66,115.96,-1285.66,-1236.88
34,92,0.76654,91.82,-137.81,-979.42,123.13,-1393.94,-1315.30
34,93,0.77509,92.82,-149.30,-990.06,116.79,-1345.42,-1245.71
34,94,0.78333,93.81,-161.01,-1000.71,121.11,-1421.35,-1291.85
34,95,0.79181,94.81,-172.94,-1011.35,117.63,-1405.79,-1254.68
34,96,0.80005,95.81,-185.08,-1022.00,121.11,-1473.54,-1291.85
34,97,0.80829,96.81,-197.44,-1032.64,121.11,-1499.63,-1291.85
34,98,0.81702,97.81,-210.01,-1043.29,114.34,-1440.37,-1219.58
34,99,0.82501,98.80,-222.80,-1053.93,124.81,-1599.20,-1331.30
34,100,0.83356,99.80,-235.80,-1064.58,116.79,-1521.56,-1245.71
34,101,0.84192,100.80,-249.02,-1075.22,119.34,-1580.59,-1272.99
34,102,0.85046,101.80,-262.45,-1085.86,116.79,-1571.89,-1245.71
34,103,0.85864,102.80,-276.09,-1096.51,122.01,-1668.55,-1301.49
34,104,0.86688,103.80,-290.01,-1107.19,121.48,-1688.88,-1296.67
34,105,0.87506,104.79,-304.09,-1117.84,122.01,-1721.23,-1301.49
34,106,0.88348,105.79,-318.38,-1128.48,118.48,-1696.86,-1263.77
34,107,0.89191,106.79,-332.89,-1139.13,118.48,-1722.40,-1263.77
34,108,0.90027,107.79,-347.61,-1149.77,119.34,-1760.68,-1272.99
34,109,0.90833,108.79,-362.55,-1160.42,123.86,-1854.06,-1321.21
34,110,0.91693,109.78,-377.70,-1171.06,115.96,-1760.70,-1236.88
34,111,0.92505,110.78,-393.07,-1181.70,122.93,-1893.09,-1311.28
34,112,0.93329,111.78,-408.65,-1192.35,121.11,-1891.13,-1291.85
34,113,0.94202,112.78,-424.45,-1202.99,114.34,-1809.97,-1219.58
34,114,0.95001,113.78,-440.46,-1213.64,124.81,-2002.66,-1331.30
34,115,0.95868,114.77,-456.69,-1224.28,115.14,-1872.33,-1228.17
34,116,0.96692,115.79,-473.40,-1235.10,122.96,-2028.77,-1313.33
34,117,0.97516,116.78,-490.06,-1245.75,121.11,-2022.04,-1291.85
34,118,0.98383,117.78,-506.94,-1256.39,115.14,-1947.17,-1228.17
34,119,0.99188,118.78,-524.03,-1267.04,123.86,-2121.37,-1321.21
34,120,1.00006,119.78,-541.34,-1277.68,122.01,-2115.99,-1301.49
34,121,1.00836,120.78,-558.86,-1288.33,120.22,-2110.78,-1282.35
34,122,1.01697,121.77,-576.60,-1298.97,115.96,-2060.91,-1236.88
34,123,1.02509,122.77,-594.55,-1309.62,122.93,-2211.36,-1311.28
34,124,1.03357,123.77,-612.71,-1320.26,117.63,-2141.24,-1254.68
34,125,1.04224,124.77,-631.09,-1330.91,115.14,-2120.81,-1228.17
34,126,1.05023,125.77,-649.69,-1341.55,124.81,-2325.79,-1331.30
34,127,1.05853,126.76,-668.50,-1352.19,120.22,-2266.18,-1282.35
34,128,1.06683,127.76,-687.53,-1362.84,120.22,-2292.08,-1282.35
34,129,1.07513,128.76,-706.77,-1373.48,120.22,-2317.99,-1282.35
34,130,1.08356,129.76,-726.22,-1384.13,118.48,-2309.92,-1263.77
34,131,1.09186,130.76,-745.89,-1394.77,120.22,-2369.79,-1282.35
34,132,1.10059,131.75,-765.78,-1405.42,114.34,-2278.42,-1219.58
34,133,1.10870,132.75,-785.88,-1416.06,122.93,-2476.22,-1311.28
34,134,1.11694,133.75,-806.20,-1426.71,121.11,-2465.62,-1291.85
34,135,1.12518,134.75,-826.73,-1437.35,121.11,-2491.72,-1291.85
34,136,1.13354,135.75,-847.48,-1447.99,119.34,-2481.05,-1272.99
34,137,1.14221,136.74,-868.44,-1458.64,115.14,-2418.50,-1228.17
34,138,1.15015,137.74,-889.61,-1469.28,125.77,-2668.84,-1341.54
34,139,1.15881,138.74,-911.00,-1479.93,115.14,-2468.11,-1228.17
34,140,1.16730,139.74,-932.61,-1490.57,117.63,-2546.73,-1254.68
34,141,1.17548,140.73,-954.43,-1501.22,122.01,-2668.04,-1301.49
34,142,1.18365,141.73,-976.47,-1511.86,122.01,-2694.33,-1301.49
34,143,1.19214,142.73,-998.72,-1522.51,117.63,-2622.75,-1254.68
34,144,1.20007,143.73,-1021.18,-1533.15,125.77,-2831.43,-1341.54
34,145,1.20862,144.73,-1043.87,-1543.80,116.79,-2654.34,-1245.71
34,146,1.21680,145.72,-1066.76,-1554.44,122.01,-2799.48,-1301.49
34,147,1.22528,146.72,-1089.87,-1565.08,117.63,-2724.12,-1254.68
34,148,1.23352,147.72,-1113.20,-1575.73,121.11,-2830.93,-1291.85
34,149,1.24176,149.50,-1114.08,-1586.03,215.93,-107.08,-1249.63
35,0,0.00000,0.00,0.00,0.00,-315.83,1132.82,1050.72
35,1,0.00836,-2.66,9.40,8.83,-317.52,1123.65,1056.57
35,2,0.01648,-5.29,18.58,17.59,-324.06,1130.96,1078.57
35,3,0.02490,-7.89,27.54,26.27,-309.42,1064.46,1030.07
35,4,0.03314,-10.48,36.29,34.87,-313.70,1062.01,1043.70
35,5,0.04144,-13.04,44.83,43.39,-308.46,1028.31,1026.47
35,6,0.05005,-15.57,53.15,51.83,-294.68,966.86,980.85
35,7,0.05829,-18.08,61.26,60.19,-304.81,983.74,1014.81
35,8,0.06671,-20.57,69.15,68.47,-295.29,936.82,983.33
35,9,0.07513,-23.04,76.82,76.68,-292.75,911.30,973.91
35,10,0.08319,-25.48,84.28,84.80,-303.03,926.03,1008.33
35,11,0.09180,-27.90,91.53,92.84,-280.85,841.94,934.75
35,12,0.09979,-30.29,98.56,100.81,-299.24,879.33,996.18
35,13,0.10822,-32.66,105.37,108.70,-281.52,809.19,936.59
35,14,0.11646,-35.01,111.98,116.51,-284.81,801.09,947.78
35,15,0.12494,-37.33,118.36,124.24,-273.74,752.69,911.15
35,16,0.13306,-39.63,124.53,131.89,-283.08,760.16,942.48
35,17,0.14160,-41.90,130.49,139.46,-266.07,696.99,886.07
35,18,0.14978,-44.15,136.23,146.95,-275.37,701.91,916.04
35,19,0.15808,-46.38,141.75,154.36,-268.38,665.68,893.01
35,20,0.16687,-48.58,147.06,161.70,-250.69,604.24,834.38
35,21,0.17493,-50.76,152.16,168.95,-270.45,632.48,900.38
35,22,0.18359,-52.92,157.04,176.13,-248.94,563.14,828.17
35,23,0.19135,-55.05,161.71,183.23,-275.20,601.91,915.75
35,24,0.19983,-57.16,166.16,190.25,-248.56,524.61,827.34
35,25,0.20825,-59.25,170.39,197.19,-247.46,502.88,823.91
35,26,0.21704,-61.31,174.41,204.05,-234.38,457.47,780.56
35,27,0.22479,-63.35,178.22,210.83,-262.99,490.96,874.80
35,28,0.23352,-65.36,181.81,217.53,-230.77,411.40,767.83
35,29,0.24146,-67.35,185.19,224.15,-250.77,425.43,834.62
35,30,0.24969,-69.31,188.35,230.69,-238.52,383.59,794.07
35,31,0.25812,-71.26,191.29,237.16,-230.80,349.72,767.39
35,32,0.26660,-73.18,194.02,243.55,-226.26,321.86,752.88
35,33,0.27509,-75.07,196.54,249.85,-223.38,296.53,743.53
35,34,0.28339,-76.94,198.84,256.08,-225.37,277.16,750.37
35,35,0.29169,-78.79,200.92,262.23,-222.43,251.26,740.81
35,36,0.29993,-80.62,202.80,268.30,-221.48,227.03,736.67
35,37,0.30823,-82.42,204.45,274.29,-216.91,199.46,721.69
35,38,0.31647,-84.19,205.89,280.20,-215.56,174.84,717.41
35,39,0.32495,-85.94,207.12,286.04,-206.47,144.47,687.41
35,40,0.33325,-87.67,208.13,291.79,-208.46,121.75,693.01
35,41,0.34149,-89.38,208.92,297.46,-207.04,96.56,688.89
35,42,0.34985,-91.06,209.50,303.06,-201.09,69.43,669.34
35,43,0.35840,-92.72,209.87,308.58,-193.93,42.79,645.71
35,44,0.36670,-94.35,210.02,314.02,-196.69,18.14,655.15
35,45,0.37494,-95.96,209.96,319.38,-195.56,-7.81,650.37
35,46,0.38324,-97.55,209.68,324.66,-191.18,-33.66,636.03
35,47,0.39142,-99.11,209.18,329.86,-191.04,-60.45,635.82
35,48,0.39972,-100.65,208.47,334.98,-185.29,-85.47,616.91
35,49,0.40784,-102.17,207.55,340.02,-186.84,-113.87,621.05
35,50,0.41644,-103.66,206.41,344.98,-173.40,-132.40,576.95
35,51,0.42450,-105.13,205.05,349.87,-182.20,-168.11,606.44
35,52,0.43311,-106.57,203.49,354.68,-167.73,-182.37,558.51
35,53,0.44135,-107.99,201.70,359.40,-172.22,-216.56,573.70
35,54,0.44977,-109.39,199.70,364.05,-165.94,-237.38,551.81
35,55,0.45813,-110.76,197.49,368.62,-164.23,-264.83,546.35
35,56,0.46680,-112.11,195.06,373.11,-155.63,-280.30,517.96
35,57,0.47467,-113.43,192.41,377.52,-168.22,-335.86,560.08
35,58,0.48334,-114.74,189.55,381.85,-150.35,-329.92,499.65
35,59,0.49139,-116.02,186.48,386.10,-158.71,-381.61,528.03
35,60,0.49969,-117.27,183.19,390.28,-151.10,-396.28,502.94
35,61,0.50812,-118.50,179.69,394.37,-146.01,-416.07,486.23
35,62,0.51666,-119.71,175.97,398.39,-141.07,-435.28,470.00
35,63,0.52472,-120.89,172.03,402.33,-146.97,-488.35,488.64
35,64,0.53339,-122.05,167.88,406.18,-133.80,-478.76,445.07
35,65,0.54169,-123.18,163.52,409.96,-136.76,-525.79,455.15
35,66,0.54956,-124.30,158.94,413.66,-141.09,-581.63,469.77
35,67,0.55811,-125.38,154.14,417.28,-127.50,-561.09,423.57
35,68,0.56635,-126.45,149.13,420.82,-129.26,-607.96,429.63
35,69,0.57477,-127.49,143.91,424.28,-123.55,-620.28,411.23
35,70,0.58307,-128.51,138.47,427.67,-122.43,-655.30,407.72
35,71,0.59125,-129.50,132.81,430.98,-121.64,-692.14,404.48
35,72,0.59961,-130.47,126.94,434.20,-116.06,-701.96,385.77
35,73,0.60779,-131.42,120.85,437.35,-115.67,-743.97,384.70
35,74,0.61627,-132.34,114.56,440.41,-108.63,-742.55,361.51
35,75,0.62518,-133.24,108.04,443.40,-100.68,-731.08,335.27
35,76,0.63318,-134.11,101.31,446.31,-109.54,-841.67,363.74
35,77,0.64136,-134.96,94.37,449.14,-104.10,-849.13,345.90
35,78,0.64954,-135.79,87.21,451.89,-101.12,-875.41,336.57
35,79,0.65802,-136.59,79.83,454.57,-94.60,-869.27,315.11
35,80,0.66632,-137.37,72.24,457.16,-94.12,-914.34,312.50
35,81,0.67480,-138.13,64.44,459.67,-89.21,-919.95,296.40
35,82,0.68347,-138.86,56.42,462.11,-84.51,-925.32,280.99
35,83,0.69141,-139.57,48.18,464.47,-89.23,-1037.84,296.92
35,84,0.69965,-140.26,39.73,466.74,-82.96,-1025.49,276.30
35,85,0.70819,-140.93,30.93,468.97,-78.57,-1029.74,261.07
35,86,0.71674,-141.56,22.05,471.09,-74.64,-1039.58,247.86
35,87,0.72479,-142.18,12.95,473.13,-76.14,-1129.26,253.03
35,88,0.73315,-142.77,3.64,475.09,-70.44,-1113.77,234.31
35,89,0.74164,-143.33,-5.89,476.97,-66.55,-1123.08,221.58
35,90,0.74982,-143.88,-15.63,478.77,-66.42,-1191.28,220.15
35,91,0.75800,-144.39,-25.59,480.49,-63.43,-1217.56,210.82
35,92,0.76654,-144.89,-35.76,482.14,-57.86,-1190.54,192.50
35,93,0.77515,-145.36,-46.15,483.70,-54.61,-1207.08,181.91
35,94,0.78357,-145.81,-56.75,485.19,-53.26,-1258.84,176.45
35,95,0.79169,-146.23,-67.57,486.60,-52.26,-1332.66,173.31
35,96,0.79968,-146.63,-78.61,487.92,-50.00,-1379.89,166.03
35,97,0.80835,-147.01,-89.85,489.17,-43.31,-1297.81,144.01
35,98,0.81653,-147.36,-101.32,490.34,-42.91,-1401.57,142.91
35,99,0.82465,-147.69,-112.99,491.43,-40.60,-1438.60,134.21
35,100,0.83307,-147.99,-124.89,492.44,-36.23,-1412.00,120.29
35,101,0.84155,-148.27,-137.00,493.38,-33.09,-1427.19,110.07
35,102,0.84973,-148.53,-149.32,494.23,-31.34,-1506.73,104.48
35,103,0.85809,-148.76,-161.86,495.01,-28.10,-1499.45,92.70
35,104,0.86633,-148.97,-174.61,495.70,-25.56,-1547.75,84.44
35,105,0.87482,-149.16,-187.58,496.32,-21.94,-1528.56,72.66
35,106,0.88318,-149.32,-200.76,496.86,-19.34,-1576.59,64.23
35,107,0.89148,-149.46,-214.16,497.31,-16.54,-1614.09,55.15
35,108,0.89972,-149.58,-227.77,497.69,-14.07,-1652.13,45.93
35,109,0.90814,-149.67,-241.60,497.99,-10.87,-1641.73,35.87
35,110,0.91669,-149.73,-255.64,498.22,-7.86,-1643.45,26.07
35,111,0.92480,-149.78,-269.90,498.36,-5.26,-1756.43,17.67
35,112,0.93317,-149.80,-284.38,498.43,-2.55,-1730.86,7.66
35,113,0.94153,-149.80,-299.06,498.41,0.36,-1756.57,-1.82
35,114,0.94977,-149.78,-313.97,498.36,1.85,-1808.69,-6.67
35,115,0.95801,-149.77,-329.08,498.30,1.85,-1834.78,-6.67
35,116,0.96649,-149.75,-344.42,498.25,1.80,-1807.33,-6.47
35,117,0.97467,-149.73,-359.97,498.19,1.87,-1901.05,-6.72
35,118,0.98328,-149.72,-375.73,498.14,1.77,-1831.66,-6.38
35,119,0.99207,-149.70,-391.71,498.08,1.74,-1817.96,-6.25
35,120,0.99982,-149.69,-407.90,498.03,1.97,-2089.05,-7.09
35,121,1.00824,-149.67,-424.31,497.97,1.81,-1948.05,-6.52
35,122,1.01648,-149.66,-440.93,497.92,1.85,-2017.44,-6.67
35,123,1.02484,-149.64,-457.77,497.86,1.82,-2013.70,-6.57
35,124,1.03314,-149.63,-474.82,497.81,1.84,-2054.41,-6.62
35,125,1.04144,-149.61,-492.09,497.75,1.84,-2080.31,-6.62
35,126,1.04987,-149.60,-509.57,497.70,1.81,-2075.69,-6.52
35,127,1.05823,-149.58,-527.27,497.64,1.82,-2116.55,-6.57
35,128,1.06647,-149.57,-545.19,497.59,1.85,-2174.00,-6.67
35,129,1.07471,-149.55,-563.31,497.53,1.85,-2200.09,-6.67
35,130,1.08344,-149.54,-581.66,497.48,1.75,-2101.64,-6.29
35,131,1.09143,-149.52,-600.22,497.42,1.91,-2321.05,-6.87
35,132,1.09985,-149.51,-618.99,497.37,1.81,-2228.84,-6.52
35,133,1.10822,-149.49,-637.98,497.31,1.82,-2270.83,-6.57
35,134,1.11639,-149.48,-657.18,497.26,1.87,-2347.95,-6.72
35,135,1.12488,-149.46,-676.60,497.20,1.80,-2288.83,-6.47
35,136,1.13330,-149.44,-696.23,497.15,1.81,-2330.94,-6.52
35,137,1.14160,-149.43,-716.08,497.09,1.84,-2391.12,-6.62
35,138,1.14972,-149.41,-736.14,497.04,1.88,-2471.55,-6.77
35,139,1.15796,-149.40,-756.42,496.98,1.85,-2461.02,-6.67
35,140,1.16656,-149.38,-776.91,496.93,1.77,-2381.28,-6.38
35,141,1.17462,-149.37,-797.62,496.87,1.89,-2570.33,-6.82
35,142,1.18341,-149.35,-818.55,496.82,1.74,-2380.60,-6.25
35,143,1.19183,-149.34,-840.15,496.76,1.81,-2565.24,-6.52
35,144,1.20001,-149.32,-861.51,496.71,1.87,-2611.41,-6.72
35,145,1.20837,-149.31,-883.15,496.65,1.82,-2587.69,-6.57
35,146,1.21686,-149.29,-904.94,496.60,1.80,-2568.23,-6.47
35,147,1.22516,-149.28,-926.94,496.54,1.84,-2650.79,-6.62
35,148,1.23334,-149.26,-949.16,496.49,1.87,-2716.64,-6.72
35,149,1.24182,-149.25,-971.59,496.43,1.80,-2644.26,-6.47
35,150,1.25006,-149.23,-994.24,496.38,1.85,-2748.71,-6.67
35,151,1.25848,-149.22,-1017.11,496.32,1.81,-2714.48,-6.52
35,152,1.26691,-149.20,-1040.18,496.27,1.81,-2740.01,-6.52
35,153,1.27539,-149.19,-1063.48,496.21,1.80,-2745.64,-6.47
35,154,1.28375,-149.17,-1087.30,496.16,1.82,-2848.51,-6.57
35,155,1.29211,-149.15,-1111.50,496.10,1.82,-2894.81,-6.57
35,156,1.30023,-149.14,-1135.45,496.05,1.88,-2949.84,-6.77
35,157,1.30865,-149.12,-1159.61,495.99,1.81,-2868.48,-6.52
35,158,1.31738,-149.11,-1183.98,495.94,1.75,-2792.82,-6.29
35,159,1.32538,-149.09,-1208.58,495.88,1.91,-3075.54,-6.87
35,160,1.33362,-149.08,-1233.38,495.83,1.85,-3010.51,-6.67
35,161,1.34192,-149.22,-1255.91,495.84,-16.54,-2714.59,1.10
36,0,0.00000,0.00,0.00,0.00,1106.30,1165.32,235.56
36,1,0.00836,9.04,9.39,1.93,1080.66,1122.59,230.29
36,2,0.01672,17.99,18.56,3.83,1070.80,1096.89,228.10
36,3,0.02509,26.86,27.52,5.73,1061.31,1071.18,226.28
36,4,0.03326,35.66,36.26,7.60,1075.00,1068.87,229.10
36,5,0.04218,44.37,44.78,9.45,977.74,956.89,208.22
36,6,0.05017,53.00,53.10,11.29,1079.39,1039.56,230.15
36,7,0.05835,61.55,61.19,13.12,1045.52,990.01,222.76
36,8,0.06671,70.02,69.08,14.92,1012.77,942.61,215.69
36,9,0.07489,78.41,76.74,16.71,1025.75,937.43,218.66
36,10,0.08325,86.72,84.19,18.48,993.80,891.18,211.68
36,11,0.09174,94.95,91.43,20.23,969.78,853.02,206.83
36,12,0.10034,103.09,98.45,21.97,946.81,815.94,201.77
36,13,0.10815,111.16,105.26,23.69,1032.42,871.29,219.92
36,14,0.11664,119.15,111.85,25.39,941.37,776.99,200.72
36,15,0.12494,127.05,118.23,27.08,952.21,768.23,202.94
36,16,0.13348,134.88,124.39,28.74,915.71,721.12,195.00
36,17,0.14203,142.62,130.34,30.39,906.07,695.96,193.21
36,18,0.15015,150.28,136.07,32.03,943.98,706.10,201.13
36,19,0.15833,157.86,141.59,33.64,927.24,674.55,197.39
36,20,0.16687,165.37,146.89,35.24,877.86,620.47,187.14
36,21,0.17542,172.79,151.98,36.82,868.57,595.31,185.00
36,22,0.18329,180.13,156.85,38.39,932.17,618.77,198.84
36,23,0.19196,187.39,161.50,39.93,837.68,537.31,178.52
36,24,0.20007,194.56,165.95,41.46,884.21,547.19,188.35
36,25,0.20856,201.66,170.17,42.97,836.69,498.22,178.42
36,26,0.21692,208.68,174.19,44.47,839.42,479.79,178.83
36,27,0.22510,215.62,177.98,45.95,848.13,464.24,180.60
36,28,0.23328,222.48,181.56,47.41,838.43,437.95,178.73
36,29,0.24176,229.25,184.93,48.85,798.56,396.85,170.14
36,30,0.25018,235.95,188.08,50.28,794.93,374.21,169.57
36,31,0.25842,242.56,191.02,51.69,802.59,356.42,171.11
36,32,0.26678,249.09,193.74,53.08,781.39,325.51,166.42
36,33,0.27496,255.55,196.25,54.46,788.81,306.51,168.28
36,34,0.28339,261.92,198.54,55.82,756.52,272.10,161.23
36,35,0.29169,268.21,200.62,57.16,758.09,250.20,161.40
36,36,0.30023,274.42,202.48,58.48,726.79,217.89,155.00
36,37,0.30835,280.55,204.13,59.79,755.26,202.87,160.90
36,38,0.31683,286.61,205.56,61.08,714.03,168.95,152.16
36,39,0.32501,292.58,206.78,62.35,729.85,148.75,155.60
36,40,0.33344,298.46,207.78,63.60,698.91,118.91,148.91
36,41,0.34155,304.27,208.56,64.84,715.41,96.90,152.63
36,42,0.35010,310.00,209.14,66.06,670.00,66.89,142.86
36,43,0.35846,315.64,209.49,67.27,675.18,42.64,143.80
36,44,0.36688,321.21,209.63,68.45,660.87,16.80,140.94
36,45,0.37494,326.69,209.56,69.62,680.68,-9.11,145.08
36,46,0.38330,332.10,209.27,70.77,646.35,-34.49,137.59
36,47,0.39191,337.42,208.77,71.91,618.44,-58.50,131.91
36,48,0.39996,342.66,208.05,73.03,650.76,-89.17,138.64
36,49,0.40845,347.82,207.12,74.13,608.27,-110.03,129.86
36,50,0.41669,352.91,205.97,75.21,616.67,-139.38,131.48
36,51,0.42505,357.90,204.60,76.28,597.81,-163.06,127.37
36,52,0.43329,362.82,203.03,77.33,597.04,-191.56,127.41
36,53,0.44165,367.66,201.23,78.36,578.83,-214.48,123.36
36,54,0.45020,372.42,199.22,79.37,556.79,-235.04,118.57
36,55,0.45831,377.10,197.00,80.37,576.32,-273.91,122.93
36,56,0.46674,381.70,194.56,81.35,545.65,-289.50,116.30
36,57,0.47504,386.21,191.91,82.31,544.12,-319.67,116.18
36,58,0.48328,390.65,189.04,83.26,538.15,-348.12,114.81
36,59,0.49182,395.00,185.96,84.19,509.64,-360.86,108.57
36,60,0.49994,399.27,182.66,85.10,526.32,-406.33,112.41
36,61,0.50824,403.47,179.14,85.99,505.15,-423.28,107.72
36,62,0.51691,407.58,175.42,86.87,474.65,-430.19,101.06
36,63,0.52490,411.61,171.47,87.73,504.20,-493.21,107.63
36,64,0.53326,415.56,167.31,88.57,472.63,-497.32,100.73
36,65,0.54169,419.43,162.94,89.40,459.42,-519.25,97.83
36,66,0.55023,423.22,158.35,90.20,443.57,-536.99,94.64
36,67,0.55835,426.93,153.55,90.99,456.77,-591.73,97.37
36,68,0.56677,430.56,148.53,91.77,430.80,-595.82,92.03
36,69,0.57501,434.11,143.30,92.53,430.74,-635.15,91.85
36,70,0.58319,437.58,137.85,93.26,423.88,-666.18,90.30
36,71,0.59186,440.96,132.18,93.99,390.85,-653.46,83.45
36,72,0.60010,444.27,126.31,94.69,401.11,-713.44,85.56
36,73,0.60815,447.49,120.21,95.38,400.38,-756.33,85.23
36,74,0.61658,450.64,113.90,96.05,373.19,-748.98,79.71
36,75,0.62512,453.70,107.38,96.70,358.57,-763.44,76.43
36,76,0.63342,456.68,100.64,97.34,359.19,-811.80,76.84
36,77,0.64191,459.59,93.69,97.96,342.09,-819.62,73.02
36,78,0.65009,462.41,86.52,98.56,345.15,-876.49,73.51
36,79,0.65826,465.15,79.14,99.15,335.07,-902.78,71.64
36,80,0.66663,467.81,71.54,99.72,318.25,-908.72,67.88
36,81,0.67499,470.39,63.72,100.27,308.39,-934.43,65.69
36,82,0.68341,472.89,55.70,100.80,296.74,-953.19,63.41
36,83,0.69177,475.31,47.45,101.32,289.05,-985.86,61.68
36,84,0.70001,477.64,38.99,101.81,283.70,-1026.56,60.37
36,85,0.70831,479.90,30.32,102.29,271.69,-1044.91,58.09
36,86,0.71667,482.07,21.43,102.76,260.22,-1062.99,55.47
36,87,0.72510,484.17,12.33,103.21,248.91,-1080.82,53.26
36,88,0.73352,486.18,3.01,103.64,239.13,-1106.34,51.09
36,89,0.74182,488.12,-6.52,104.05,233.09,-1148.52,49.63
36,90,0.75031,489.97,-16.27,104.45,218.35,-1149.07,46.76
36,91,0.75867,491.74,-26.24,104.82,212.04,-1191.56,45.26
36,92,0.76709,493.44,-36.42,105.18,200.72,-1208.45,42.75
36,93,0.77515,495.05,-46.81,105.53,200.00,-1290.07,42.80
36,94,0.78394,496.58,-57.42,105.86,173.96,-1207.02,37.15
36,95,0.79156,498.03,-68.24,106.17,190.00,-1418.67,40.80
36,96,0.79993,499.40,-79.28,106.46,163.87,-1320.12,35.04
36,97,0.80829,500.68,-90.53,106.74,154.01,-1345.84,32.85
36,98,0.81683,501.89,-102.00,106.99,141.43,-1342.15,30.36
36,99,0.82532,503.02,-113.69,107.24,132.73,-1377.16,28.42
36,100,0.83337,504.06,-125.58,107.46,129.92,-1476.87,27.65
36,101,0.84186,505.03,-137.70,107.67,113.67,-1427.84,24.46
36,102,0.85040,505.91,-150.03,107.86,103.57,-1442.80,22.14
36,103,0.85858,506.72,-162.57,108.03,98.51,-1533.69,20.90
36,104,0.86688,507.45,-175.43,108.18,87.87,-1549.12,18.75
36,105,0.87549,508.09,-188.40,108.32,74.47,-1507.71,15.96
36,106,0.88361,508.65,-201.59,108.44,69.17,-1624.89,15.04
36,107,0.89178,509.13,-215.00,108.54,58.96,-1639.05,12.69
36,108,0.90002,509.53,-228.62,108.63,48.52,-1653.00,10.37
36,109,0.90857,509.85,-242.46,108.70,37.50,-1619.13,8.21
36,110,0.91663,510.09,-256.51,108.75,29.55,-1743.95,6.44
36,111,0.92511,510.25,-270.77,108.79,18.71,-1681.46,3.96
36,112,0.93341,510.33,-285.25,108.80,9.19,-1744.46,2.21
36,113,0.94202,510.32,-299.95,108.80,-0.35,-1707.57,0.00
36,114,0.95044,510.28,-314.86,108.80,-5.07,-1770.22,-1.09
36,115,0.95831,510.24,-329.98,108.79,-5.43,-1921.03,-1.16
36,116,0.96716,510.20,-345.32,108.78,-4.83,-1733.35,-1.03
36,117,0.97528,510.15,-360.88,108.77,-5.26,-1916.23,-1.13
36,118,0.98364,510.11,-376.65,108.76,-5.11,-1885.99,-1.09
36,119,0.99188,510.07,-392.63,108.75,-5.19,-1940.03,-1.11
36,120,1.00018,510.03,-408.83,108.74,-5.15,-1951.67,-1.10
36,121,1.00830,509.98,-425.25,108.73,-5.26,-2022.17,-1.13
36,122,1.01666,509.94,-441.88,108.72,-5.11,-1988.85,-1.09
36,123,1.02521,509.90,-458.73,108.71,-5.00,-1971.39,-1.07
36,124,1.03333,509.85,-475.79,108.70,-5.26,-2101.63,-1.13
36,125,1.04199,509.81,-493.06,108.69,-4.93,-1993.24,-1.06
36,126,1.05042,509.77,-510.55,108.69,-5.07,-2076.54,-1.09
36,127,1.05847,509.73,-528.26,108.68,-5.30,-2197.61,-1.14
36,128,1.06671,509.68,-546.18,108.67,-5.19,-2174.87,-1.11
36,129,1.07550,509.64,-564.31,108.66,-4.86,-2063.41,-1.04
36,130,1.08386,509.60,-582.66,108.65,-5.11,-2194.54,-1.09
36,131,1.09204,509.56,-601.23,108.64,-5.22,-2269.97,-1.12
36,132,1.10010,509.51,-620.01,108.63,-5.30,-2331.05,-1.14
36,133,1.10870,509.47,-639.00,108.62,-4.96,-2207.24,-1.06
36,134,1.11682,509.43,-658.21,108.61,-5.26,-2366.49,-1.13
36,135,1.12555,509.38,-677.64,108.60,-4.90,-2225.63,-1.05
36,136,1.13336,509.34,-697.28,108.59,-5.47,-2513.97,-1.17
36,137,1.14191,509.30,-717.14,108.58,-5.00,-2323.65,-1.07
36,138,1.15033,509.26,-737.21,108.58,-5.07,-2382.85,-1.09
36,139,1.15857,509.21,-757.49,108.57,-5.19,-2461.90,-1.11
36,140,1.16681,509.17,-777.99,108.56,-5.19,-2487.99,-1.11
36,141,1.17542,509.13,-798.71,108.55,-4.96,-2407.10,-1.06
36,142,1.18408,509.09,-819.64,108.54,-4.93,-2414.96,-1.06
36,143,1.19208,509.04,-840.78,108.53,-5.34,-2644.63,-1.15
36,144,1.20050,509.00,-862.14,108.52,-5.07,-2536.01,-1.09
36,145,1.20862,508.96,-883.72,108.51,-5.26,-2657.83,-1.13
36,146,1.21698,508.91,-905.51,108.50,-5.11,-2605.95,-1.09
36,147,1.22516,508.87,-927.52,108.49,-5.22,-2690.58,-1.12
36,148,1.23370,508.83,-949.74,108.48,-5.00,-2600.43,-1.07
36,149,1.24194,508.79,-972.17,108.47,-5.19,-2722.83,-1.11
36,150,1.25067,508.76,-973.99,108.52,-3.15,-208.20,5.24
37,0,0.00000,0.00,0.00,0.00,-1761.36,-931.52,-431.06
37,1,0.00848,-14.19,-7.72,-3.47,-1672.66,-909.95,-409.35
37,2,0.01758,-28.38,-15.65,-6.95,-1560.40,-872.52,-381.88
37,3,0.02509,-42.57,-23.80,-10.42,-1890.24,-1085.59,-462.60
37,4,0.03363,-56.76,-32.17,-13.89,-1660.71,-978.93,-406.43
37,5,0.04205,-70.95,-40.75,-17.36,-1684.78,-1018.65,-412.32
37,6,0.05017,-85.14,-49.54,-20.84,-1748.12,-1083.43,-427.82
37,7,0.05853,-99.33,-58.55,-24.31,-1697.08,-1077.51,-415.33
37,8,0.06689,-113.53,-67.78,-27.78,-1697.08,-1103.22,-415.33
37,9,0.07574,-127.72,-77.22,-31.26,-1603.45,-1066.65,-392.41
37,10,0.08350,-141.91,-86.87,-34.73,-1830.71,-1245.56,-448.03
37,11,0.09192,-156.10,-96.74,-38.20,-1684.78,-1171.81,-412.32
37,12,0.10010,-170.29,-106.83,-41.67,-1735.07,-1233.07,-424.63
37,13,0.10858,-184.48,-117.13,-45.15,-1672.66,-1214.06,-409.35
37,14,0.11749,-198.67,-127.64,-48.62,-1592.47,-1179.98,-389.73
37,15,0.12524,-212.86,-138.37,-52.09,-1830.71,-1384.25,-448.03
37,16,0.13354,-227.05,-149.32,-55.57,-1709.56,-1318.55,-418.38
37,17,0.14203,-241.24,-160.48,-59.04,-1672.66,-1315.43,-409.35
37,18,0.15027,-255.43,-171.85,-62.51,-1722.22,-1380.50,-421.48
37,19,0.15875,-269.62,-183.44,-65.99,-1672.66,-1366.11,-409.35
37,20,0.16687,-283.81,-195.25,-69.46,-1748.12,-1454.23,-427.82
37,21,0.17578,-298.00,-207.27,-72.93,-1592.47,-1348.87,-389.73
37,22,0.18353,-312.27,-219.57,-76.42,-1840.55,-1587.20,-450.39
37,23,0.19196,-326.46,-232.02,-79.90,-1684.78,-1478.26,-412.32
37,24,0.20013,-340.65,-244.69,-83.37,-1735.07,-1548.68,-424.63
37,25,0.20862,-354.84,-257.57,-86.84,-1672.66,-1518.31,-409.35
37,26,0.21741,-369.03,-270.67,-90.31,-1614.58,-1490.06,-395.14
37,27,0.22528,-383.22,-283.98,-93.79,-1802.33,-1690.62,-441.09
37,28,0.23352,-397.42,-297.50,-97.26,-1722.22,-1641.58,-421.48
37,29,0.24194,-411.61,-311.25,-100.73,-1684.78,-1631.42,-412.32
37,30,0.25031,-425.80,-325.20,-104.21,-1697.08,-1669.04,-415.33
37,31,0.25867,-439.99,-339.37,-107.68,-1697.08,-1694.75,-415.33
37,32,0.26691,-454.18,-353.76,-111.15,-1722.22,-1745.95,-421.48
37,33,0.27582,-468.37,-368.36,-114.62,-1592.47,-1638.54,-389.73
37,34,0.28351,-482.56,-383.18,-118.10,-1845.24,-1926.58,-451.59
37,35,0.29193,-496.75,-398.21,-121.57,-1684.78,-1784.58,-412.32
37,36,0.30017,-510.94,-413.45,-125.04,-1722.22,-1850.33,-421.48
37,37,0.30859,-525.13,-428.92,-128.52,-1684.78,-1835.63,-412.32
37,38,0.31769,-539.32,-444.59,-131.99,-1560.40,-1723.75,-381.88
37,39,0.32520,-553.64,-460.62,-135.49,-1906.91,-2135.61,-466.67
37,40,0.33356,-567.83,-476.73,-138.96,-1697.08,-1926.39,-415.33
37,41,0.34186,-582.02,-493.06,-142.44,-1709.56,-1966.46,-418.38
37,42,0.35028,-596.21,-509.59,-145.91,-1684.78,-1963.49,-412.32
37,43,0.35858,-610.40,-526.35,-149.38,-1709.56,-2018.26,-418.38
37,44,0.36688,-624.59,-543.31,-152.86,-1709.56,-2044.16,-418.38
37,45,0.37573,-638.78,-560.50,-156.33,-1603.45,-1941.58,-392.41
37,46,0.38342,-652.97,-577.90,-159.80,-1845.24,-2262.31,-451.59
37,47,0.39191,-667.16,-595.51,-163.28,-1672.66,-2076.07,-409.35
37,48,0.40015,-681.35,-613.34,-166.75,-1722.22,-2163.68,-421.48
37,49,0.40857,-695.54,-631.38,-170.22,-1684.78,-2142.17,-412.32
37,50,0.41675,-711.47,-643.97,-172.30,-1946.64,-1539.21,-253.73
38,0,0.00000,0.00,0.00,0.00,-1763.77,-671.41,-343.48
38,1,0.00824,-14.86,-5.87,-2.89,-1802.96,-712.42,-351.11
38,2,0.01660,-29.71,-11.96,-5.79,-1776.64,-727.74,-345.99
38,3,0.02490,-44.57,-18.26,-8.68,-1789.71,-758.98,-348.53
38,4,0.03320,-59.42,-24.77,-11.57,-1789.71,-784.89,-348.53
38,5,0.04187,-74.28,-31.50,-14.47,-1714.08,-776.53,-333.80
38,6,0.05005,-89.14,-38.45,-17.36,-1816.42,-849.18,-353.73
38,7,0.05847,-103.99,-45.61,-20.25,-1763.77,-850.09,-343.48
38,8,0.06671,-118.85,-52.98,-23.14,-1802.96,-895.08,-351.11
38,9,0.07520,-133.70,-60.57,-26.04,-1751.08,-894.66,-341.01
38,10,0.08350,-148.56,-68.38,-28.93,-1789.71,-940.30,-348.53
38,11,0.09161,-163.42,-76.40,-31.82,-1830.08,-987.99,-356.39
38,12,0.10046,-178.52,-84.77,-34.76,-1706.21,-945.88,-331.72
38,13,0.10883,-193.37,-93.22,-37.65,-1776.64,-1010.99,-345.99
38,14,0.11658,-208.23,-101.89,-40.55,-1916.54,-1118.33,-373.23
38,15,0.12531,-223.08,-110.77,-43.44,-1702.10,-1017.84,-331.47
38,16,0.13361,-237.94,-119.87,-46.33,-1789.71,-1096.13,-348.53
38,17,0.14178,-252.80,-129.19,-49.22,-1816.42,-1138.78,-353.73
38,18,0.15033,-267.77,-138.79,-52.14,-1752.86,-1124.27,-340.71
38,19,0.15826,-282.63,-148.54,-55.03,-1872.31,-1228.23,-364.62
38,20,0.16687,-297.49,-158.50,-57.92,-1726.24,-1157.39,-336.17
38,21,0.17499,-312.34,-168.68,-60.82,-1830.08,-1253.50,-356.39
38,22,0.18359,-327.20,-179.07,-63.71,-1726.24,-1207.36,-336.17
38,23,0.19208,-342.05,-189.67,-66.60,-1751.08,-1250.08,-341.01
38,24,0.20038,-357.04,-200.59,-69.52,-1805.51,-1315.17,-351.47
38,25,0.20862,-371.90,-211.63,-72.41,-1802.96,-1339.54,-351.11
38,26,0.21704,-386.75,-222.88,-75.31,-1763.77,-1335.94,-343.48
38,27,0.22552,-401.61,-234.35,-78.20,-1751.08,-1351.67,-341.01
38,28,0.23358,-416.46,-246.03,-81.09,-1843.94,-1450.04,-359.09
38,29,0.24188,-431.32,-257.93,-83.98,-1789.71,-1433.28,-348.53
38,30,0.25049,-446.18,-270.04,-86.88,-1726.24,-1407.45,-336.17
38,31,0.25861,-461.03,-282.37,-89.77,-1830.08,-1518.59,-356.39
38,32,0.26697,-475.89,-294.91,-92.66,-1776.64,-1499.97,-345.99
38,33,0.27521,-490.74,-307.67,-95.56,-1802.96,-1548.28,-351.11
38,34,0.28339,-505.60,-320.64,-98.45,-1816.42,-1586.12,-353.73
38,35,0.29181,-520.46,-333.83,-101.34,-1763.77,-1565.68,-343.48
38,36,0.30023,-535.31,-347.23,-104.24,-1763.77,-1591.20,-343.48
38,37,0.30884,-550.17,-360.84,-107.13,-1726.24,-1582.33,-336.17
38,38,0.31689,-565.02,-374.68,-110.02,-1843.94,-1716.90,-359.09
38,39,0.32532,-579.88,-388.72,-112.92,-1763.77,-1667.78,-343.48
38,40,0.33380,-594.74,-402.99,-115.81,-1751.08,-1681.12,-341.01
38,41,0.34192,-609.59,-417.46,-118.70,-1830.08,-1783.45,-356.39
38,42,0.35071,-624.45,-432.16,-121.59,-1690.28,-1671.67,-329.17
38,43,0.35870,-639.30,-447.06,-124.49,-1858.02,-1864.46,-361.83
38,44,0.36688,-654.16,-462.19,-127.38,-1816.42,-1849.00,-353.73
38,45,0.37518,-669.02,-477.52,-130.27,-1789.71,-1847.71,-348.53
38,46,0.38367,-683.87,-493.08,-133.17,-1751.08,-1833.18,-341.01
38,47,0.39191,-698.73,-508.84,-136.06,-1802.96,-1913.59,-351.11
38,48,0.40039,-713.58,-524.83,-138.95,-1751.08,-1883.86,-341.01
38,49,0.40845,-728.44,-541.02,-141.85,-1843.94,-2010.45,-359.09
38,50,0.41699,-743.30,-557.44,-144.74,-1738.57,-1920.73,-338.57
38,51,0.42529,-758.15,-574.06,-147.63,-1789.71,-2003.12,-348.53
38,52,0.43378,-773.01,-590.91,-150.52,-1751.08,-1985.23,-341.01
38,53,0.44189,-787.86,-607.96,-153.42,-1830.08,-2101.28,-356.39
38,54,0.45062,-802.82,-625.35,-156.33,-1713.29,-1992.06,-333.57
38,55,0.45911,-817.67,-642.84,-159.22,-1751.08,-2061.43,-341.01
38,56,0.46692,-832.53,-660.54,-162.12,-1901.56,-2266.10,-370.31
38,57,0.47571,-847.38,-678.46,-165.01,-1690.28,-2038.77,-329.17
38,58,0.48370,-862.24,-696.60,-167.90,-1858.02,-2267.99,-361.83
38,59,0.49207,-877.10,-714.95,-170.79,-1776.64,-2194.37,-345.99
38,60,0.50055,-891.98,-733.54,-173.69,-1753.96,-2191.52,-341.01
38,61,0.50861,-906.83,-752.32,-176.58,-1843.94,-2330.90,-359.09
38,62,0.51678,-921.69,-771.31,-179.47,-1816.42,-2322.40,-353.73
38,63,0.52539,-936.54,-790.52,-182.37,-1726.24,-2232.09,-336.17
38,64,0.53400,-951.40,-809.95,-185.26,-1726.24,-2257.07,-336.17
38,65,0.54211,-966.26,-829.58,-188.15,-1830.08,-2419.32,-356.39
38,66,0.55084,-981.45,-849.89,-191.11,-1740.91,-2326.65,-338.46
38,67,0.55890,-996.31,-869.97,-194.00,-1843.94,-2491.63,-359.09
38,68,0.56720,-1011.16,-890.26,-196.89,-1789.71,-2444.25,-348.53
38,69,0.57544,-1026.02,-910.76,-199.79,-1802.96,-2488.45,-351.11
38,70,0.58392,-1040.88,-931.48,-202.68,-1751.08,-2442.18,-341.01
38,71,0.59235,-1055.73,-952.41,-205.57,-1763.77,-2485.40,-343.48
38,72,0.60077,-1070.59,-973.56,-208.47,-1763.77,-2510.93,-343.48
38,73,0.60870,-1085.44,-994.93,-211.36,-1872.31,-2692.54,-364.62
38,74,0.61725,-1100.30,-1016.51,-214.25,-1738.57,-2525.38,-338.57
38,75,0.62555,-1115.16,-1038.30,-217.14,-1789.71,-2625.56,-348.53
38,76,0.63397,-1131.35,-1047.77,-219.60,-1923.19,-1124.80,-291.30
39,0,0.00000,0.00,0.00,0.00,-781.56,499.83,1401.77
39,1,0.00812,-6.69,4.09,11.99,-823.68,503.42,1477.07
39,2,0.01617,-13.33,7.96,23.91,-825.00,480.55,1479.55
39,3,0.02460,-19.94,11.61,35.76,-784.42,434.13,1406.52
39,4,0.03278,-26.50,15.06,47.53,-802.61,420.80,1439.93
39,5,0.04156,-33.03,18.28,59.24,-742.36,367.11,1331.60
39,6,0.04968,-39.51,21.29,70.87,-798.87,370.99,1432.71
39,7,0.05804,-45.96,24.09,82.43,-770.80,334.44,1382.48
39,8,0.06628,-52.37,26.67,93.91,-777.41,313.31,1394.07
39,9,0.07452,-58.73,29.04,105.33,-772.59,287.21,1385.19
39,10,0.08282,-65.05,31.19,116.67,-761.76,259.20,1366.54
39,11,0.09137,-71.34,33.13,127.94,-735.36,226.63,1318.93
39,12,0.09979,-77.58,34.85,139.14,-741.30,204.39,1329.71
39,13,0.10785,-83.79,36.36,150.27,-770.45,187.10,1381.82
39,14,0.11639,-89.95,37.65,161.33,-721.43,151.13,1293.57
39,15,0.12457,-96.08,38.72,172.31,-748.88,131.61,1342.91
39,16,0.13312,-102.16,39.59,183.22,-711.79,100.81,1276.79
39,17,0.14130,-108.20,40.23,194.06,-738.81,79.03,1325.37
39,18,0.14966,-114.21,40.66,204.83,-717.88,51.60,1287.59
39,19,0.15796,-120.24,40.88,215.64,-726.47,26.22,1302.94
39,20,0.16626,-126.16,40.88,226.26,-713.60,-0.13,1279.41
39,21,0.17456,-132.04,40.66,236.81,-708.46,-26.02,1270.96
39,22,0.18292,-137.88,40.23,247.29,-698.54,-51.55,1252.92
39,23,0.19116,-143.68,39.59,257.70,-704.07,-78.40,1262.96
39,24,0.19983,-149.44,38.73,268.03,-664.79,-99.35,1192.25
39,25,0.20776,-155.17,37.65,278.29,-721.15,-135.61,1293.08
39,26,0.21680,-160.85,36.36,288.48,-629.05,-142.93,1128.04
39,27,0.22461,-166.49,34.85,298.60,-721.88,-192.77,1294.92
39,28,0.23297,-172.09,33.13,308.64,-669.71,-205.83,1201.46
39,29,0.24170,-177.65,31.20,318.62,-637.06,-221.82,1142.66
39,30,0.24963,-183.17,29.04,328.52,-695.77,-271.11,1247.69
39,31,0.25824,-188.65,26.68,338.35,-636.88,-274.93,1142.20
39,32,0.26642,-194.09,24.10,348.10,-665.30,-315.59,1192.91
39,33,0.27460,-199.49,21.30,357.79,-660.07,-341.87,1184.33
39,34,0.28290,-204.85,18.29,367.40,-645.59,-362.75,1158.09
39,35,0.29138,-210.17,15.06,376.94,-626.98,-380.26,1124.46
39,36,0.29974,-215.45,11.62,386.41,-631.39,-411.53,1132.48
39,37,0.30798,-220.69,7.97,395.81,-635.93,-443.72,1140.37
39,38,0.31635,-225.91,4.08,405.17,-624.09,-464.82,1119.34
39,39,0.32477,-231.06,-0.01,414.42,-612.32,-485.22,1098.55
39,40,0.33301,-236.18,-4.31,423.60,-621.11,-522.09,1114.07
39,41,0.34125,-241.26,-8.83,432.71,-616.30,-548.19,1105.56
39,42,0.34979,-246.30,-13.56,441.74,-589.64,-553.77,1057.50
39,43,0.35815,-251.30,-18.50,450.71,-597.81,-591.62,1071.90
39,44,0.36658,-256.26,-23.67,459.60,-588.77,-612.85,1055.80
39,45,0.37463,-261.17,-29.04,468.42,-610.23,-667.40,1094.70
39,46,0.38293,-266.05,-34.64,477.17,-587.50,-673.67,1054.04
39,47,0.39130,-270.89,-40.44,485.85,-578.47,-694.47,1037.59
39,48,0.39978,-275.68,-46.46,494.45,-565.47,-709.81,1014.03
39,49,0.40808,-280.44,-52.70,502.98,-573.16,-751.38,1027.94
39,50,0.41632,-285.16,-59.15,511.44,-572.59,-783.03,1026.67
39,51,0.42474,-289.83,-65.82,519.83,-555.07,-791.53,995.65
39,52,0.43286,-294.47,-72.70,528.14,-571.05,-847.78,1024.44
39,53,0.44189,-299.07,-79.80,536.39,-508.78,-785.65,912.50
39,54,0.44958,-303.62,-87.11,544.56,-592.46,-950.79,1062.70
39,55,0.45813,-308.14,-94.64,552.66,-528.57,-880.87,947.86
39,56,0.46637,-312.62,-102.38,560.68,-543.33,-939.59,974.07
39,57,0.47479,-317.05,-110.34,568.64,-526.45,-944.69,944.57
39,58,0.48303,-321.44,-118.51,576.52,-533.33,-991.77,956.67
39,59,0.49121,-325.80,-126.90,584.34,-532.46,-1025.47,955.22
39,60,0.49976,-330.11,-135.50,592.07,-505.00,-1006.68,905.71
39,61,0.50806,-334.39,-144.32,599.74,-515.07,-1062.19,923.53
39,62,0.51642,-338.63,-153.35,607.34,-506.57,-1080.15,908.39
39,63,0.52460,-342.82,-162.59,614.86,-512.69,-1130.62,919.78
39,64,0.53302,-346.97,-172.06,622.31,-493.12,-1123.38,884.78
39,65,0.54132,-351.09,-181.73,629.69,-495.59,-1165.80,888.97
39,66,0.54974,-355.16,-191.63,637.00,-483.70,-1174.43,867.39
39,67,0.55786,-359.19,-201.73,644.23,-496.99,-1245.07,891.35
39,68,0.56641,-363.19,-212.05,651.39,-467.50,-1207.97,838.21
39,69,0.57483,-367.14,-222.59,658.48,-469.20,-1251.01,841.67
39,70,0.58289,-371.05,-233.34,665.50,-485.61,-1334.56,871.21
39,71,0.59125,-374.93,-244.31,672.45,-463.14,-1311.56,830.66
39,72,0.59998,-378.76,-255.49,679.32,-439.16,-1281.17,787.76
39,73,0.60797,-382.55,-266.89,686.13,-474.43,-1425.42,850.76
39,74,0.61627,-386.31,-278.50,692.86,-452.21,-1398.91,810.66
39,75,0.62463,-390.02,-290.33,699.51,-443.80,-1414.42,796.35
39,76,0.63300,-393.69,-302.37,706.10,-439.05,-1440.12,787.59
39,77,0.64117,-397.32,-314.63,712.62,-444.03,-1498.65,796.64
39,78,0.64966,-400.91,-327.10,719.06,-423.38,-1470.09,759.35
39,79,0.65796,-404.46,-339.79,725.43,-427.94,-1528.42,767.28
39,80,0.66626,-407.98,-352.69,731.73,-423.16,-1554.32,758.82
39,81,0.67468,-411.45,-365.81,737.95,-411.96,-1557.32,739.13
39,82,0.68286,-414.88,-379.14,744.11,-419.40,-1630.10,752.61
39,83,0.69122,-418.27,-392.69,750.19,-405.47,-1620.11,727.37
39,84,0.69983,-421.62,-406.45,756.20,-389.36,-1599.14,698.23
39,85,0.70813,-424.93,-420.42,762.14,-398.90,-1683.83,715.44
39,86,0.71637,-428.20,-434.62,768.00,-396.67,-1722.40,711.85
39,87,0.72498,-431.43,-449.02,773.79,-375.18,-1674.09,673.05
39,88,0.73285,-434.62,-463.65,779.52,-405.04,-1857.12,726.74
39,89,0.74127,-437.77,-478.48,785.17,-373.91,-1761.53,670.65
39,90,0.74976,-440.88,-493.54,790.74,-366.55,-1774.20,657.55
39,91,0.75848,-443.95,-508.80,796.25,-351.75,-1749.21,630.77
39,92,0.76654,-446.97,-524.28,801.68,-375.76,-1921.66,674.24
39,93,0.77490,-449.96,-539.98,807.04,-357.30,-1877.24,641.24
39,94,0.78302,-452.91,-555.89,812.33,-363.16,-1960.18,651.50
39,95,0.79144,-455.82,-572.02,817.55,-345.29,-1914.69,619.57
39,96,0.80029,-458.69,-588.36,822.70,-324.14,-1846.55,581.38
39,97,0.80811,-461.51,-604.92,827.77,-362.11,-2119.31,649.22
39,98,0.81665,-464.30,-621.69,832.77,-326.07,-1962.82,585.36
39,99,0.82471,-467.05,-638.68,837.70,-340.91,-2108.54,611.74
39,100,0.83325,-469.75,-655.88,842.56,-316.79,-2013.14,568.57
39,101,0.84149,-472.42,-673.30,847.34,-323.70,-2113.80,580.74
39,102,0.84998,-475.05,-690.93,852.05,-309.71,-2078.31,555.40
39,103,0.85822,-477.64,-708.78,856.70,-314.07,-2165.98,563.33
39,104,0.86652,-480.18,-726.84,861.26,-306.62,-2175.96,550.37
39,105,0.87482,-482.69,-745.12,865.76,-301.84,-2201.86,541.91
39,106,0.88300,-485.15,-763.61,870.19,-301.49,-2261.01,541.04
39,107,0.89166,-487.58,-782.32,874.54,-279.93,-2158.44,502.11
39,108,0.89978,-489.97,-801.24,878.82,-293.98,-2330.98,527.44
39,109,0.90808,-492.31,-820.38,883.03,-282.72,-2305.47,506.99
39,110,0.91681,-494.62,-839.73,887.16,-263.99,-2217.25,473.78
39,111,0.92474,-496.88,-859.30,891.23,-285.38,-2466.07,512.31
39,112,0.93298,-499.11,-879.08,895.22,-270.00,-2400.82,484.44
39,113,0.94135,-501.29,-899.08,899.14,-261.31,-2391.49,468.98
39,114,0.94989,-504.05,-899.48,903.31,-322.50,-47.36,487.50
40,0,0.00000,0.00,0.00,0.00,-693.62,874.89,-1161.70
40,1,0.00806,-5.97,7.31,-10.00,-740.91,907.86,-1240.91
40,2,0.01636,-11.94,14.41,-20.00,-719.12,855.25,-1204.41
40,3,0.02472,-17.91,21.30,-29.99,-713.87,823.30,-1195.62
40,4,0.03290,-23.88,27.97,-39.99,-729.85,815.44,-1222.39
40,5,0.04169,-29.85,34.42,-49.99,-679.17,734.35,-1137.50
40,6,0.04974,-35.82,40.66,-59.99,-740.91,774.42,-1240.91
40,7,0.05786,-41.78,46.68,-69.98,-735.34,742.12,-1231.58
40,8,0.06610,-47.75,52.49,-79.98,-724.44,705.02,-1213.33
40,9,0.07458,-53.72,58.09,-89.98,-703.60,659.40,-1178.42
40,10,0.08282,-59.69,63.47,-99.98,-724.44,652.84,-1213.33
40,11,0.09100,-65.66,68.63,-109.97,-729.85,631.42,-1222.39
40,12,0.09979,-71.63,73.58,-119.97,-679.17,563.12,-1137.50
40,13,0.10785,-77.60,78.32,-129.97,-740.91,587.62,-1240.91
40,14,0.11621,-83.57,82.83,-139.97,-713.87,540.47,-1195.62
40,15,0.12445,-89.54,87.14,-149.96,-724.44,522.37,-1213.33
40,16,0.13300,-95.51,91.23,-159.96,-698.57,478.56,-1170.00
40,17,0.14111,-101.48,95.10,-169.96,-735.34,477.26,-1231.58
40,18,0.14966,-107.45,98.76,-179.96,-698.57,428.24,-1170.00
40,19,0.15784,-113.42,102.21,-189.95,-729.85,421.12,-1222.39
40,20,0.16638,-119.38,105.43,-199.95,-698.57,377.91,-1170.00
40,21,0.17456,-125.35,108.45,-209.95,-729.85,368.54,-1222.39
40,22,0.18280,-131.32,111.25,-219.95,-724.44,339.72,-1213.33
40,23,0.19104,-137.29,113.83,-229.94,-724.44,313.62,-1213.33
40,24,0.19965,-143.27,116.20,-239.95,-694.33,275.59,-1163.12
40,25,0.20819,-149.24,118.36,-249.95,-698.57,252.08,-1170.00
40,26,0.21631,-155.21,120.30,-259.95,-735.34,238.85,-1231.58
40,27,0.22449,-161.18,122.02,-269.95,-729.85,210.79,-1222.39
40,28,0.23315,-167.14,123.53,-279.94,-688.73,174.10,-1153.52
40,29,0.24127,-173.11,124.82,-289.94,-735.34,159.40,-1231.58
40,30,0.24994,-179.08,125.90,-299.94,-688.73,124.49,-1153.52
40,31,0.25818,-185.05,126.77,-309.94,-724.44,104.85,-1213.33
40,32,0.26630,-191.02,127.42,-319.93,-735.34,79.95,-1231.58
40,33,0.27472,-196.99,127.85,-329.93,-708.70,51.52,-1186.96
40,34,0.28271,-202.96,128.07,-339.93,-746.56,27.39,-1250.38
40,35,0.29132,-208.93,128.07,-349.93,-693.62,0.45,-1161.70
40,36,0.29974,-214.90,127.86,-359.92,-708.70,-25.06,-1186.96
40,37,0.30780,-220.87,127.44,-369.92,-740.91,-52.89,-1240.91
40,38,0.31622,-226.84,126.79,-379.92,-708.70,-76.11,-1186.96
40,39,0.32452,-232.81,125.94,-389.92,-719.12,-103.14,-1204.41
40,40,0.33276,-238.78,124.87,-399.91,-724.44,-129.99,-1213.33
40,41,0.34106,-244.74,123.58,-409.91,-719.12,-154.94,-1204.41
40,42,0.35010,-250.71,122.08,-419.91,-660.81,-166.17,-1106.76
40,43,0.35773,-256.68,120.36,-429.91,-782.40,-224.94,-1310.40
40,44,0.36603,-262.65,118.43,-439.90,-719.12,-232.64,-1204.41
40,45,0.37445,-268.62,116.29,-449.90,-708.70,-254.80,-1186.96
40,46,0.38281,-274.59,113.93,-459.90,-713.87,-282.37,-1195.62
40,47,0.39117,-280.56,111.35,-469.90,-713.87,-308.09,-1195.62
40,48,0.39978,-286.53,108.56,-479.90,-693.62,-324.32,-1161.70
40,49,0.40778,-292.50,105.55,-489.89,-746.56,-375.98,-1250.38
40,50,0.41620,-298.47,102.33,-499.89,-708.70,-382.43,-1186.96
40,51,0.42432,-304.44,98.89,-509.89,-735.34,-423.28,-1231.58
40,52,0.43304,-310.41,95.24,-519.89,-683.92,-418.32,-1145.45
40,53,0.44110,-316.38,91.38,-529.88,-740.91,-479.87,-1240.91
40,54,0.44952,-322.34,87.30,-539.88,-708.70,-484.53,-1186.96
40,55,0.45776,-328.31,83.00,-549.88,-724.44,-521.39,-1213.33
40,56,0.46631,-334.28,78.49,-559.88,-698.57,-527.94,-1170.00
40,57,0.47437,-340.25,73.76,-569.87,-740.91,-586.61,-1240.91
40,58,0.48279,-346.22,68.82,-579.87,-708.70,-586.64,-1186.96
40,59,0.49115,-352.19,63.67,-589.87,-713.87,-616.63,-1195.62
40,60,0.49969,-358.16,58.29,-599.87,-698.57,-628.58,-1170.00
40,61,0.50830,-364.13,52.71,-609.86,-693.62,-649.10,-1161.70
40,62,0.51617,-370.10,46.91,-619.86,-758.14,-736.80,-1269.77
40,63,0.52466,-376.07,40.89,-629.86,-703.60,-709.13,-1178.42
40,64,0.53284,-382.04,34.66,-639.86,-729.85,-761.88,-1222.39
40,65,0.54114,-388.01,28.21,-649.85,-719.12,-776.57,-1204.41
40,66,0.54987,-393.98,21.55,-659.85,-683.92,-763.20,-1145.45
40,67,0.55780,-399.95,14.68,-669.85,-752.31,-866.61,-1260.00
40,68,0.56635,-405.91,7.58,-679.85,-698.57,-829.88,-1170.00
40,69,0.57440,-411.88,0.28,-689.84,-740.91,-906.85,-1240.91
40,70,0.58264,-417.85,-7.24,-699.84,-724.44,-912.79,-1213.33
40,71,0.59100,-423.82,-14.98,-709.84,-713.87,-925.18,-1195.62
40,72,0.59967,-429.79,-22.93,-719.84,-688.73,-917.41,-1153.52
40,73,0.60773,-435.76,-31.10,-729.83,-740.91,-1013.60,-1240.91
40,74,0.61633,-441.73,-39.48,-739.83,-693.62,-973.88,-1161.70
40,75,0.62469,-447.70,-48.07,-749.83,-713.87,-1028.03,-1195.62
40,76,0.63324,-453.67,-56.88,-759.83,-698.57,-1031.16,-1170.00
40,77,0.64130,-459.64,-65.91,-769.82,-740.91,-1120.35,-1240.91
40,78,0.64966,-465.61,-75.15,-779.82,-713.87,-1105.17,-1195.62
40,79,0.65790,-471.58,-84.61,-789.82,-724.44,-1147.64,-1213.33
40,80,0.66620,-477.55,-94.28,-799.82,-719.12,-1165.10,-1204.41
40,81,0.69659,-498.75,-130.37,-835.33,-697.59,-1187.35,-1168.37
40,82,0.70422,-504.72,-141.02,-845.33,-782.40,-1395.90,-1310.40
40,83,0.71259,-510.69,-151.88,-855.33,-713.87,-1299.35,-1195.62
40,84,0.72089,-516.66,-162.96,-865.32,-719.12,-1334.80,-1204.41
40,85,0.72943,-522.63,-174.26,-875.32,-698.57,-1321.83,-1170.00
40,86,0.73743,-528.59,-185.77,-885.32,-746.56,-1439.53,-1250.38
40,87,0.74567,-534.56,-197.49,-895.32,-724.44,-1422.97,-1213.33
40,88,0.75415,-540.53,-209.43,-905.31,-703.60,-1407.36,-1178.42
40,89,0.76245,-546.50,-221.59,-915.31,-719.12,-1464.32,-1204.41
40,90,0.77094,-552.47,-233.96,-925.31,-703.60,-1458.05,-1178.42
40,91,0.77917,-558.44,-246.54,-935.31,-724.44,-1527.35,-1213.33
40,92,0.78735,-564.41,-259.34,-945.30,-729.85,-1565.03,-1222.39
40,93,0.79590,-570.38,-272.36,-955.30,-698.57,-1523.12,-1170.00
40,94,0.80432,-576.35,-285.59,-965.30,-708.70,-1570.72,-1186.96
40,95,0.81232,-582.32,-299.03,-975.30,-746.56,-1681.55,-1250.38
40,96,0.82080,-588.29,-312.69,-985.29,-703.60,-1610.11,-1178.42
40,97,0.82941,-594.26,-326.57,-995.29,-693.62,-1612.25,-1161.70
40,98,0.83771,-600.23,-340.66,-1005.29,-719.12,-1697.43,-1204.41
40,99,0.84595,-606.20,-354.96,-1015.29,-724.44,-1736.09,-1213.33
40,100,0.85431,-612.16,-369.48,-1025.28,-713.87,-1736.46,-1195.62
40,101,0.86243,-618.13,-384.22,-1035.28,-735.34,-1815.17,-1231.58
40,102,0.87097,-624.10,-399.17,-1045.28,-698.57,-1749.58,-1170.00
40,103,0.87915,-630.07,-414.33,-1055.28,-729.85,-1854.20,-1222.39
40,104,0.88751,-636.04,-429.71,-1065.27,-713.87,-1839.31,-1195.62
40,105,0.89569,-642.01,-445.31,-1075.27,-729.85,-1906.78,-1222.39
40,106,0.90430,-647.98,-461.12,-1085.27,-693.97,-1837.54,-1162.06
40,107,0.91272,-653.95,-477.15,-1095.27,-708.70,-1902.57,-1186.96
40,108,0.92078,-659.92,-493.39,-1105.27,-740.91,-2015.74,-1240.91
40,109,0.92920,-665.89,-509.84,-1115.26,-708.70,-1953.62,-1186.96
40,110,0.93738,-671.86,-526.51,-1125.26,-729.85,-2038.22,-1222.39
40,111,0.94598,-677.83,-543.40,-1135.26,-693.62,-1962.02,-1161.70
40,112,0.95410,-683.80,-560.50,-1145.26,-735.34,-2106.52,-1231.58
40,113,0.96246,-689.77,-577.81,-1155.26,-713.87,-2070.73,-1195.62
40,114,0.97089,-695.74,-595.34,-1165.25,-708.70,-2081.25,-1186.96
40,115,0.97913,-701.71,-613.09,-1175.25,-724.44,-2153.59,-1213.33
40,116,0.98737,-707.68,-631.05,-1185.25,-724.44,-2179.69,-1213.33
40,117,0.99585,-713.64,-649.22,-1195.25,-703.60,-2142.31,-1178.42
40,118,1.00433,-719.61,-667.61,-1205.24,-703.60,-2167.65,-1178.42
40,119,1.01257,-725.58,-686.22,-1215.24,-724.44,-2257.97,-1213.33
40,120,1.02075,-731.55,-705.04,-1225.24,-729.85,-2301.11,-1222.39
40,121,1.02930,-737.52,-724.07,-1235.24,-698.57,-2227.65,-1170.00
40,122,1.03760,-743.49,-743.32,-1245.23,-719.12,-2319.07,-1204.41
40,123,1.04578,-749.49,-762.87,-1255.27,-733.21,-2390.11,-1227.61
40,124,1.05432,-755.46,-782.55,-1265.27,-698.57,-2303.24,-1170.00
40,125,1.06262,-761.43,-802.45,-1275.27,-719.12,-2396.89,-1204.41
40,126,1.07111,-767.40,-822.56,-1285.27,-703.60,-2370.50,-1178.42
40,127,1.07941,-773.36,-842.89,-1295.26,-719.12,-2448.69,-1204.41
40,128,1.08777,-778.92,-863.32,-1304.97,-663.87,-2443.29,-1160.95
40,129,1.09607,-773.04,-880.93,-1306.70,708.09,-2121.95,-208.82
40,130,1.10443,-767.12,-898.75,-1308.40,708.03,-2130.74,-203.28
40,131,1.11261,-761.17,-916.77,-1310.09,727.61,-2203.92,-205.60
40,132,1.12079,-755.18,-935.00,-1311.74,732.09,-2228.88,-202.61
40,133,1.12921,-750.42,-952.59,-1311.50,565.58,-2088.32,29.35
40,134,1.13763,-744.83,-970.09,-1310.47,663.04,-2077.44,122.10
40,135,1.14600,-739.21,-987.79,-1309.41,671.90,-2116.78,126.64
40,136,1.15411,-733.55,-1005.69,-1308.30,697.37,-2204.76,136.09
40,137,1.16260,-727.84,-1023.78,-1307.17,672.66,-2133.21,134.17
40,138,1.17090,-722.10,-1042.08,-1305.99,691.91,-2204.40,141.54
40,139,1.17914,-716.33,-1060.58,-1304.78,700.74,-2245.33,146.67
40,140,1.18756,-710.50,-1079.28,-1303.53,691.30,-2219.96,148.91
40,141,1.19598,-704.64,-1098.18,-1302.24,695.65,-2243.88,153.26
40,142,1.20422,-699.12,-1104.67,-1305.49,670.74,-787.70,-394.44
41,0,0.00000,0.00,0.00,0.00,643.79,781.19,1209.66
41,1,0.00781,5.66,6.70,10.63,724.61,857.41,1360.94
41,2,0.01654,11.28,13.18,21.19,644.06,742.84,1209.79
41,3,0.02466,16.86,19.45,31.68,687.59,772.20,1291.73
41,4,0.03271,22.41,25.50,42.09,687.88,751.37,1292.42
41,5,0.04132,27.91,31.34,52.43,639.72,678.44,1201.42
41,6,0.04974,33.38,36.97,62.70,648.91,667.65,1218.84
41,7,0.05804,38.80,42.37,72.89,653.68,651.57,1227.94
41,8,0.06635,44.19,47.57,83.01,649.26,625.67,1219.49
41,9,0.07483,49.54,52.55,93.06,630.58,586.83,1184.53
41,10,0.08264,54.85,57.31,103.04,679.69,609.73,1276.95
41,11,0.09106,60.12,61.86,112.94,625.72,540.02,1175.72
41,12,0.09949,65.36,66.19,122.77,621.38,514.49,1167.03
41,13,0.10809,70.55,70.31,132.53,603.55,478.57,1133.69
41,14,0.11633,75.70,74.21,142.21,625.56,473.74,1175.19
41,15,0.12451,80.82,77.90,151.82,625.75,450.99,1175.37
41,16,0.13263,85.90,81.38,161.36,625.56,427.89,1175.19
41,17,0.14136,90.94,84.63,170.83,577.27,373.34,1084.62
41,18,0.14960,95.94,87.68,180.22,607.04,369.36,1140.00
41,19,0.15778,100.90,90.51,189.54,606.72,345.84,1139.55
41,20,0.16620,105.90,93.16,198.93,593.48,314.96,1115.22
41,21,0.17474,110.78,95.55,208.11,571.43,280.30,1073.57
41,22,0.18298,115.63,97.74,217.21,588.15,264.58,1104.44
41,23,0.19116,120.44,99.70,226.24,587.69,240.28,1103.73
41,24,0.19995,125.21,101.45,235.19,542.71,199.18,1019.10
41,25,0.20795,129.93,102.99,244.08,591.22,191.98,1111.07
41,26,0.21637,134.63,104.31,252.89,556.88,156.73,1046.01
41,27,0.22473,139.28,105.41,261.62,556.20,132.15,1044.89
41,28,0.23303,143.89,106.30,270.29,555.51,107.23,1043.75
41,29,0.24152,148.46,106.98,278.88,539.21,79.56,1012.59
41,30,0.24976,153.00,107.44,287.40,550.37,55.83,1033.70
41,31,0.25787,157.49,107.68,295.84,553.76,30.18,1040.23
41,32,0.26642,161.95,107.71,304.21,521.43,3.52,980.00
41,33,0.27454,166.37,107.53,312.52,544.36,-22.79,1022.56
41,34,0.28320,170.75,107.13,320.74,505.28,-46.15,949.30
41,35,0.29120,175.09,106.51,328.90,542.75,-76.92,1019.85
41,36,0.29956,179.39,105.68,336.98,514.60,-99.26,966.42
41,37,0.30804,183.65,104.64,344.99,502.52,-123.18,943.88
41,38,0.31628,187.88,103.38,352.92,512.59,-152.92,962.96
41,39,0.32465,192.06,101.90,360.78,500.73,-176.40,940.15
41,40,0.33282,196.21,100.21,368.57,507.09,-206.63,952.61
41,41,0.34131,200.32,98.31,376.29,484.17,-224.55,909.71
41,42,0.34967,204.39,96.19,383.94,486.50,-253.54,914.23
41,43,0.35791,208.42,93.85,391.51,489.26,-283.39,918.89
41,44,0.36627,212.41,91.30,399.01,477.37,-304.96,896.72
41,45,0.37469,216.36,88.54,406.43,469.20,-328.28,881.52
41,46,0.38281,220.28,85.56,413.78,482.33,-367.11,905.64
41,47,0.39148,224.15,82.36,421.06,447.18,-368.64,840.14
41,48,0.39941,227.99,78.95,428.27,483.46,-429.77,908.46
41,49,0.40814,231.78,75.33,435.41,434.97,-415.33,817.48
41,50,0.41644,235.54,71.49,442.47,452.94,-462.61,850.74
41,51,0.42462,239.26,67.43,449.46,454.85,-495.80,854.48
41,52,0.43286,242.94,63.16,456.37,446.67,-518.23,839.26
41,53,0.44122,246.59,58.68,463.21,435.77,-536.37,818.25
41,54,0.44965,250.19,53.98,469.99,427.90,-558.02,803.99
41,55,0.45776,253.76,49.06,476.68,439.10,-605.47,825.19
41,56,0.46619,257.28,43.93,483.31,418.84,-609.07,786.59
41,57,0.47443,260.77,38.59,489.86,423.33,-648.69,795.19
41,58,0.48309,264.22,33.02,496.34,397.89,-641.53,747.54
41,59,0.49115,267.63,27.25,502.75,423.11,-716.81,795.08
41,60,0.49982,271.00,21.26,509.08,389.08,-691.14,730.63
41,61,0.50781,274.33,15.05,515.34,416.79,-776.06,783.21
41,62,0.51624,277.63,8.63,521.53,390.94,-762.23,734.78
41,63,0.52435,280.88,2.00,527.65,401.13,-817.36,753.38
41,64,0.53284,284.10,-4.85,533.69,379.14,-807.43,712.23
41,65,0.54126,287.28,-11.92,539.66,377.17,-838.80,708.70
41,66,0.54956,290.41,-19.20,545.55,377.94,-877.03,710.29
41,67,0.55798,293.52,-26.69,551.38,368.12,-889.86,691.30
41,68,0.56641,296.58,-34.40,557.13,363.41,-915.38,682.61
41,69,0.57483,299.60,-42.33,562.81,358.70,-940.91,674.28
41,70,0.58307,302.58,-50.47,568.41,362.22,-987.91,680.37
41,71,0.59161,305.53,-58.82,573.94,344.64,-977.79,647.50
41,72,0.59967,308.43,-67.39,579.40,360.61,-1063.73,677.65
41,73,0.60822,311.30,-76.18,584.79,335.71,-1028.11,630.36
41,74,0.61646,314.13,-85.18,590.10,343.33,-1092.28,644.81
41,75,0.62463,316.92,-94.39,595.34,341.04,-1126.73,640.67
41,76,0.63287,319.67,-103.82,600.51,333.70,-1144.47,627.41
41,77,0.64148,322.38,-113.47,605.61,315.25,-1120.76,592.20
41,78,0.64978,325.05,-123.33,610.63,322.06,-1187.86,605.15
41,79,0.65808,327.69,-133.40,615.58,317.28,-1213.76,596.32
41,80,0.66650,330.29,-143.69,620.46,308.33,-1221.69,578.99
41,81,0.67487,332.84,-154.20,625.26,305.84,-1256.33,574.45
41,82,0.68323,335.36,-164.92,629.99,301.09,-1282.04,565.69
41,83,0.69135,337.84,-175.85,634.65,305.64,-1347.07,574.06
41,84,0.69977,340.28,-187.00,639.24,289.86,-1323.80,544.57
41,85,0.70776,342.68,-198.37,643.75,300.38,-1421.42,564.50
41,86,0.71661,345.05,-209.95,648.19,266.90,-1308.48,501.72
41,87,0.72449,347.37,-221.74,652.56,295.35,-1498.07,554.65
41,88,0.73285,349.66,-233.75,656.85,273.36,-1436.31,513.50
41,89,0.74121,351.90,-245.98,661.07,268.61,-1462.02,504.74
41,90,0.74939,354.11,-258.42,665.23,270.15,-1521.05,507.46
41,91,0.75781,356.28,-271.07,669.30,257.61,-1502.48,484.06
41,92,0.76624,358.41,-283.94,673.31,252.90,-1528.01,475.36
41,93,0.77448,360.50,-297.03,677.24,253.70,-1588.06,477.04
41,94,0.78265,362.56,-310.33,681.09,251.12,-1626.20,471.64
41,95,0.79108,364.57,-323.85,684.88,239.13,-1604.59,449.28
41,96,0.79980,366.55,-337.58,688.59,226.22,-1573.12,425.17
41,97,0.80780,368.48,-351.52,692.23,242.37,-1744.11,454.96
41,98,0.81641,370.38,-365.68,695.79,220.57,-1645.40,414.54
41,99,0.82458,372.24,-380.06,699.29,227.24,-1757.64,427.24
41,100,0.83301,374.06,-394.65,702.71,216.30,-1732.22,406.16
41,101,0.84131,375.85,-409.45,706.06,214.71,-1783.59,403.31
41,102,0.84967,377.59,-424.47,709.33,208.39,-1796.28,391.61
41,103,0.85840,379.29,-439.71,712.53,195.10,-1745.55,366.78
41,104,0.86652,380.96,-455.16,715.66,205.26,-1903.29,385.34
41,105,0.87463,382.58,-470.82,718.72,200.38,-1929.77,376.69
41,106,0.88300,384.17,-486.70,721.70,189.78,-1899.14,356.93
41,107,0.89130,385.72,-502.80,724.62,186.76,-1939.01,350.74
41,108,0.89960,387.23,-519.11,727.45,181.99,-1964.91,341.91
41,109,0.90839,388.70,-535.63,730.22,167.36,-1880.20,314.58
41,110,0.91693,390.13,-552.37,732.91,167.50,-1959.09,315.00
41,111,0.92456,391.53,-569.33,735.53,182.80,-2222.36,343.20
41,112,0.93323,392.88,-586.50,738.08,156.34,-1981.11,294.01
41,113,0.94110,394.20,-603.88,740.55,167.05,-2208.06,314.34
41,114,0.94977,395.48,-621.48,742.95,147.54,-2030.72,277.11
41,115,0.95807,396.72,-639.30,745.28,149.26,-2146.21,280.51
41,116,0.96661,397.92,-657.33,747.54,140.36,-2110.06,263.93
41,117,0.97467,399.08,-675.58,749.72,144.32,-2264.62,270.83
41,118,0.98279,400.20,-694.04,751.83,138.35,-2274.08,259.77
41,119,0.99115,401.28,-712.71,753.86,129.56,-2233.40,243.43
41,120,0.99994,402.33,-731.60,755.83,118.75,-2149.29,223.61
41,121,1.00775,403.34,-750.71,757.72,128.91,-2445.48,242.19
41,122,1.01624,404.30,-770.03,759.54,114.03,-2277.29,214.39
41,123,1.02502,405.23,-789.56,761.29,105.56,-2222.68,198.61
41,124,1.03278,406.12,-809.31,762.96,114.96,-2547.95,215.75
41,125,1.04156,406.97,-829.28,764.56,96.88,-2271.61,181.94
41,126,1.04974,407.79,-849.46,766.08,99.25,-2467.42,186.57
41,127,1.05798,408.56,-869.85,767.54,93.70,-2475.23,176.67
41,128,1.06616,409.29,-890.46,768.92,89.93,-2519.99,169.03
41,129,1.07477,409.99,-911.29,770.23,80.85,-2419.87,152.13
41,130,1.08276,410.64,-932.33,771.47,82.06,-2631.49,154.58
41,131,1.09143,411.26,-953.58,772.63,71.48,-2452.44,134.15
41,132,1.09943,411.84,-975.06,773.72,72.52,-2685.26,136.26
41,133,1.10773,412.38,-996.74,774.73,65.07,-2612.44,122.43
41,134,1.11609,412.89,-1018.64,775.68,60.22,-2619.09,113.14
41,135,1.12445,413.35,-1040.76,776.55,55.47,-2644.80,104.38
41,136,1.13306,413.78,-1063.09,777.35,49.29,-2594.75,92.91
41,137,1.14130,414.16,-1085.63,778.08,46.67,-2736.17,88.15
41,138,1.14966,414.51,-1108.39,778.73,41.61,-2721.94,78.10
41,139,1.15802,414.82,-1131.37,779.31,36.86,-2747.65,69.34
41,140,1.16650,415.08,-1154.56,779.82,31.65,-2733.46,59.71
41,141,1.17456,415.32,-1177.96,780.26,28.79,-2905.10,54.17
41,142,1.18280,415.51,-1201.58,780.62,23.33,-2866.64,44.07
41,143,1.19122,415.66,-1225.42,780.91,18.12,-2829.84,34.42
41,144,1.19958,415.87,-1229.83,780.98,24.45,-527.75,9.12
42,0,0.00000,0.00,0.00,0.00,-316.04,1027.48,-1281.34
42,1,0.00830,-2.58,8.19,-10.48,-311.40,986.47,-1262.50
42,2,0.01660,-5.17,16.16,-20.96,-311.40,960.57,-1262.50
42,3,0.02502,-7.75,23.92,-31.44,-306.88,921.12,-1244.20
42,4,0.03320,-10.34,31.46,-41.92,-316.04,922.33,-1281.34
42,5,0.04175,-12.92,38.79,-52.40,-302.50,857.63,-1226.43
42,6,0.04993,-15.51,45.91,-62.88,-316.04,869.75,-1281.34
42,7,0.05872,-18.09,52.80,-73.36,-294.10,784.88,-1192.36
42,8,0.06653,-20.68,59.49,-83.84,-330.86,855.48,-1341.41
42,9,0.07495,-23.26,65.96,-94.32,-306.88,767.96,-1244.20
42,10,0.08350,-25.85,72.21,-104.80,-302.50,731.83,-1226.43
42,11,0.09167,-28.43,78.25,-115.28,-316.04,738.30,-1281.34
42,12,0.09985,-31.02,84.07,-125.76,-316.04,712.02,-1281.34
42,13,0.10815,-33.60,89.68,-136.24,-311.40,675.64,-1262.50
42,14,0.11658,-36.19,95.07,-146.72,-306.88,640.33,-1244.20
42,15,0.12512,-38.77,100.25,-157.20,-302.50,606.03,-1226.43
42,16,0.13354,-41.36,105.21,-167.68,-306.88,589.28,-1244.20
42,17,0.14185,-43.94,109.96,-178.16,-311.40,572.05,-1262.50
42,18,0.15027,-46.53,114.50,-188.64,-306.88,538.22,-1244.20
42,19,0.15820,-49.11,118.82,-199.11,-325.77,544.25,-1320.77
42,20,0.16663,-51.70,122.92,-209.59,-306.88,487.17,-1244.20
42,21,0.17493,-54.28,126.81,-220.07,-311.40,468.44,-1262.50
42,22,0.18335,-56.87,130.48,-230.55,-306.88,436.12,-1244.20
42,23,0.19189,-59.45,133.94,-241.03,-302.50,404.73,-1226.43
42,24,0.20007,-62.04,137.18,-251.51,-316.04,396.56,-1281.34
42,25,0.20862,-64.62,140.21,-261.99,-302.50,354.41,-1226.43
42,26,0.21655,-67.21,143.02,-272.47,-325.77,354.57,-1320.77
42,27,0.22510,-69.79,145.62,-282.95,-302.50,304.08,-1226.43
42,28,0.23364,-72.38,148.01,-293.43,-302.50,278.92,-1226.43
42,29,0.24170,-74.96,150.17,-303.91,-320.83,269.14,-1300.76
42,30,0.25024,-77.55,152.13,-314.39,-302.50,228.59,-1226.43
42,31,0.25830,-80.13,153.87,-324.87,-320.83,215.77,-1300.76
42,32,0.26685,-82.71,155.39,-335.35,-302.50,178.27,-1226.43
42,33,0.27539,-85.30,156.70,-345.83,-302.50,153.11,-1226.43
42,34,0.28357,-87.88,157.79,-356.31,-316.04,133.69,-1281.34
42,35,0.29175,-90.47,158.67,-366.79,-316.04,107.39,-1281.34
42,36,0.29980,-93.05,159.33,-377.27,-320.83,82.34,-1300.76
42,37,0.30823,-95.64,159.78,-387.75,-306.88,53.23,-1244.20
42,38,0.31702,-98.22,160.01,-398.23,-294.10,26.55,-1192.36
42,39,0.32544,-100.81,160.03,-408.71,-306.88,2.17,-1244.20
42,40,0.33386,-103.39,159.84,-419.19,-306.88,-23.35,-1244.20
42,41,0.34180,-105.98,159.42,-429.67,-325.77,-51.89,-1320.77
42,42,0.35022,-108.56,158.80,-440.15,-306.88,-74.40,-1244.20
42,43,0.35828,-111.15,157.96,-450.63,-320.83,-104.47,-1300.76
42,44,0.36694,-113.73,156.90,-461.11,-298.24,-121.92,-1209.15
42,45,0.37524,-116.32,155.63,-471.59,-311.40,-153.21,-1262.50
42,46,0.38330,-118.90,154.14,-482.07,-320.83,-184.53,-1300.76
42,47,0.39185,-121.49,152.44,-492.55,-302.50,-199.15,-1226.43
42,48,0.40002,-124.07,150.52,-503.03,-316.04,-234.35,-1281.34
42,49,0.40857,-126.66,148.39,-513.51,-302.50,-249.48,-1226.43
42,50,0.41650,-129.24,146.04,-523.99,-325.77,-295.76,-1320.77
42,51,0.42517,-131.83,143.48,-534.47,-298.24,-295.58,-1209.15
42,52,0.43335,-134.41,140.71,-544.95,-316.04,-339.51,-1281.34
42,53,0.44189,-137.00,137.71,-555.43,-302.50,-350.12,-1226.43
42,54,0.45007,-139.58,134.51,-565.91,-316.04,-392.08,-1281.34
42,55,0.45837,-142.17,131.08,-576.39,-311.40,-412.21,-1262.50
42,56,0.46680,-144.75,127.45,-586.87,-306.88,-431.77,-1244.20
42,57,0.47522,-147.34,123.60,-597.34,-306.88,-457.29,-1244.20
42,58,0.48328,-149.92,119.53,-607.82,-320.83,-504.77,-1300.76
42,59,0.49194,-152.51,115.25,-618.30,-298.24,-494.03,-1209.15
42,60,0.49976,-155.09,110.75,-628.78,-330.86,-575.59,-1341.41
42,61,0.50818,-157.68,106.04,-639.26,-306.88,-559.40,-1244.20
42,62,0.51648,-160.26,101.11,-649.74,-311.40,-593.53,-1262.50
42,63,0.52563,-162.84,95.97,-660.22,-282.33,-561.61,-1144.67
42,64,0.53333,-165.43,90.61,-670.70,-336.11,-696.55,-1362.70
42,65,0.54150,-168.01,85.04,-681.18,-316.04,-681.25,-1281.34
42,66,0.55005,-170.60,79.26,-691.66,-302.50,-677.22,-1226.43
42,67,0.55859,-173.18,73.25,-702.14,-302.50,-702.38,-1226.43
42,68,0.56677,-175.77,67.04,-712.62,-316.04,-760.12,-1281.34
42,69,0.57532,-178.35,60.61,-723.10,-302.50,-752.70,-1226.43
42,70,0.58337,-180.94,53.96,-733.58,-320.83,-825.01,-1300.76
42,71,0.59167,-183.52,47.10,-744.06,-311.40,-826.64,-1262.50
42,72,0.59985,-186.11,40.02,-754.54,-316.04,-865.28,-1281.34
42,73,0.60828,-188.69,32.73,-765.02,-306.88,-865.72,-1244.20
42,74,0.61646,-191.28,25.22,-775.50,-316.04,-917.84,-1281.34
42,75,0.62500,-193.86,17.50,-785.98,-302.50,-903.67,-1226.43
42,76,0.63306,-196.45,9.56,-796.46,-320.83,-985.12,-1300.76
42,77,0.64148,-199.03,1.41,-806.94,-306.88,-967.82,-1244.20
42,78,0.64990,-201.62,-6.96,-817.42,-306.88,-993.34,-1244.20
42,79,0.65845,-204.20,-15.54,-827.90,-302.50,-1004.32,-1226.43
42,80,0.66638,-206.79,-24.33,-838.38,-325.77,-1108.67,-1320.77
42,81,0.67529,-209.37,-33.35,-848.86,-290.07,-1011.30,-1176.03
42,82,0.68323,-211.96,-42.57,-859.34,-325.77,-1162.86,-1320.77
42,83,0.69177,-214.54,-52.02,-869.82,-302.50,-1104.97,-1226.43
42,84,0.69983,-217.13,-61.67,-880.30,-320.83,-1198.62,-1300.76
42,85,0.70850,-219.71,-71.54,-890.78,-298.24,-1139.02,-1209.15
42,86,0.71643,-222.30,-81.63,-901.26,-325.77,-1271.25,-1320.77
42,87,0.72485,-224.88,-91.93,-911.74,-306.88,-1223.09,-1244.20
42,88,0.73315,-227.47,-102.45,-922.22,-311.40,-1266.97,-1262.50
42,89,0.74170,-230.05,-113.18,-932.70,-302.50,-1255.94,-1226.43
42,90,0.74988,-232.64,-124.13,-943.18,-316.04,-1338.46,-1281.34
42,91,0.75854,-235.22,-135.29,-953.66,-298.24,-1287.85,-1209.15
42,92,0.76672,-237.81,-146.67,-964.14,-316.04,-1391.03,-1281.34
42,93,0.77551,-240.39,-158.26,-974.62,-294.10,-1318.89,-1192.36
42,94,0.78357,-242.97,-170.07,-985.10,-320.83,-1465.48,-1300.76
42,95,0.79163,-245.56,-182.09,-995.57,-320.83,-1492.16,-1300.76
42,96,0.80005,-248.14,-194.32,-1006.05,-306.88,-1452.82,-1244.20
42,97,0.80835,-250.73,-206.78,-1016.53,-311.40,-1500.08,-1262.50
42,98,0.81665,-253.31,-219.44,-1027.01,-311.40,-1525.99,-1262.50
42,99,0.82495,-255.90,-232.32,-1037.49,-311.40,-1551.88,-1262.50
42,100,0.83337,-258.48,-245.42,-1047.97,-306.88,-1554.93,-1244.20
42,101,0.84167,-261.07,-258.73,-1058.45,-311.40,-1603.69,-1262.50
42,102,0.84985,-263.65,-272.26,-1068.93,-316.04,-1653.92,-1281.34
42,103,0.85840,-266.27,-286.15,-1079.53,-305.71,-1625.95,-1239.64
42,104,0.86670,-268.85,-300.11,-1090.01,-311.40,-1681.68,-1262.50
42,105,0.87512,-271.44,-314.29,-1100.49,-306.88,-1682.84,-1244.20
42,106,0.88342,-274.02,-328.68,-1110.96,-311.40,-1733.48,-1262.50
42,107,0.89172,-276.61,-343.28,-1121.44,-311.40,-1759.39,-1262.50
42,108,0.90039,-279.19,-358.10,-1131.92,-298.24,-1709.85,-1209.15
42,109,0.90833,-281.77,-373.13,-1142.40,-325.77,-1894.78,-1320.77
42,110,0.91687,-284.36,-388.38,-1152.88,-302.50,-1784.60,-1226.43
42,111,0.92493,-286.94,-403.85,-1163.36,-320.83,-1919.44,-1300.76
42,112,0.93323,-289.53,-419.53,-1173.84,-311.40,-1888.89,-1262.50
42,113,0.94177,-292.11,-435.42,-1184.32,-302.50,-1860.08,-1226.43
42,114,0.94983,-294.70,-451.53,-1194.80,-320.83,-1999.50,-1300.76
42,115,0.95837,-297.28,-467.86,-1205.28,-302.50,-1910.41,-1226.43
42,116,0.96655,-299.87,-484.39,-1215.76,-316.04,-2022.24,-1281.34
42,117,0.97546,-302.45,-501.15,-1226.24,-290.07,-1880.15,-1176.03
42,118,0.98328,-305.04,-518.12,-1236.72,-330.86,-2172.07,-1341.41
42,119,0.99182,-307.62,-535.30,-1247.20,-302.50,-2011.05,-1226.43
42,120,0.99988,-310.21,-552.70,-1257.68,-320.83,-2159.62,-1300.76
42,121,1.00867,-312.79,-570.32,-1268.16,-294.10,-2004.12,-1192.36
42,122,1.01672,-315.38,-588.15,-1278.64,-320.83,-2213.00,-1300.76
42,123,1.02502,-317.96,-606.19,-1289.12,-311.40,-2173.81,-1262.50
42,124,1.03357,-320.55,-624.45,-1299.60,-302.50,-2136.86,-1226.43
42,125,1.04163,-323.13,-642.92,-1310.08,-320.83,-2293.05,-1300.76
42,126,1.04980,-325.72,-661.61,-1320.56,-316.04,-2285.12,-1281.34
42,127,1.05811,-328.30,-680.52,-1331.04,-311.40,-2277.41,-1262.50
42,128,1.06653,-330.89,-699.64,-1341.52,-306.88,-2269.93,-1244.20
42,129,1.07495,-333.47,-718.97,-1352.00,-306.88,-2295.46,-1244.20
42,130,1.08313,-336.06,-738.52,-1362.48,-316.04,-2390.27,-1281.34
42,131,1.09167,-338.64,-758.28,-1372.96,-302.50,-2312.99,-1226.43
42,132,1.09985,-341.23,-778.26,-1383.44,-316.04,-2442.85,-1281.34
42,133,1.10828,-343.81,-798.46,-1393.92,-306.88,-2397.57,-1244.20
42,134,1.11658,-346.40,-818.87,-1404.40,-311.40,-2458.73,-1262.50
42,135,1.12512,-348.98,-839.49,-1414.88,-302.50,-2413.64,-1226.43
42,136,1.13318,-351.57,-860.33,-1425.36,-320.83,-2586.61,-1300.76
42,137,1.14209,-354.15,-881.39,-1435.84,-290.07,-2362.70,-1176.03
42,138,1.14990,-356.74,-902.65,-1446.32,-330.86,-2722.48,-1341.41
42,139,1.15833,-359.32,-924.14,-1456.80,-306.88,-2550.72,-1244.20
42,140,1.16663,-361.90,-945.84,-1467.28,-311.40,-2614.13,-1262.50
42,141,1.17542,-364.49,-967.75,-1477.76,-294.10,-2493.37,-1192.36
42,142,1.18335,-367.07,-989.88,-1488.24,-325.77,-2788.98,-1320.77
42,143,1.19202,-369.66,-1012.24,-1498.72,-298.24,-2579.31,-1209.51
42,144,1.20020,-372.24,-1034.80,-1509.20,-316.04,-2758.32,-1281.34
42,145,1.20898,-374.83,-1057.57,-1519.68,-294.10,-2591.23,-1192.36
42,146,1.21692,-377.41,-1080.56,-1530.16,-325.77,-2897.38,-1320.77
42,147,1.22498,-380.00,-1103.76,-1540.64,-320.83,-2880.17,-1300.76
42,148,1.23340,-382.57,-1121.23,-1551.12,-304.71,-2073.12,-1244.20
43,0,0.00000,0.00,0.00,0.00,1245.59,969.14,-506.25
43,1,0.00818,10.34,7.83,-4.20,1264.18,957.32,-513.81
43,2,0.01685,20.68,15.44,-8.40,1192.96,878.58,-484.86
43,3,0.02515,31.02,22.84,-12.61,1245.59,891.44,-506.25
43,4,0.03357,41.36,30.03,-16.81,1227.54,852.99,-498.91
43,5,0.04175,51.70,37.00,-21.01,1264.18,852.17,-513.81
43,6,0.05017,62.04,43.75,-25.21,1227.54,801.94,-498.91
43,7,0.05835,72.38,50.29,-29.42,1264.18,799.59,-513.81
43,8,0.06702,82.71,56.62,-33.62,1192.96,729.73,-484.86
43,9,0.07556,93.05,62.73,-37.82,1210.00,715.00,-491.79
43,10,0.08337,103.39,68.62,-42.02,1323.44,754.50,-537.89
43,11,0.09167,113.73,74.30,-46.22,1245.59,684.23,-506.25
43,12,0.10010,124.07,79.77,-50.43,1227.54,648.79,-498.91
43,13,0.10840,134.41,85.02,-54.63,1245.59,632.42,-506.25
43,14,0.11694,144.75,90.05,-58.83,1210.00,589.20,-491.79
43,15,0.12524,155.09,94.87,-63.03,1245.59,580.62,-506.25
43,16,0.13342,165.43,99.47,-67.24,1264.18,563.00,-513.81
43,17,0.14172,175.77,103.86,-71.44,1245.59,528.81,-506.25
43,18,0.15002,186.11,108.04,-75.64,1245.59,502.92,-506.25
43,19,0.15833,196.45,112.00,-79.84,1245.59,477.01,-506.25
43,20,0.16687,206.79,115.74,-84.05,1210.00,438.23,-491.79
43,21,0.17505,217.13,119.27,-88.25,1264.18,431.55,-513.81
43,22,0.18347,227.47,122.59,-92.45,1227.54,393.52,-498.91
43,23,0.19165,237.81,125.69,-96.65,1264.18,378.98,-513.81
43,24,0.19995,248.14,128.57,-100.85,1245.59,347.51,-506.25
43,25,0.20825,258.48,131.24,-105.06,1245.59,321.60,-506.25
43,26,0.21692,268.82,133.69,-109.26,1192.96,283.21,-484.86
43,27,0.22534,279.16,135.93,-113.46,1227.54,265.89,-498.91
43,28,0.23352,289.50,137.96,-117.66,1264.18,247.54,-513.81
43,29,0.24182,299.84,139.77,-121.87,1245.59,217.99,-506.25
43,30,0.25012,310.18,141.36,-126.07,1245.59,192.10,-506.25
43,31,0.25842,320.52,142.74,-130.27,1245.59,166.19,-506.25
43,32,0.26721,330.86,143.91,-134.47,1176.39,132.50,-478.12
43,33,0.27527,341.20,144.86,-138.67,1283.33,117.86,-521.59
43,34,0.28369,351.54,145.59,-142.88,1227.54,87.21,-498.91
43,35,0.29199,361.88,146.11,-147.08,1245.59,62.59,-506.25
43,36,0.30005,372.22,146.41,-151.28,1283.33,37.80,-521.59
43,37,0.30835,382.56,146.50,-155.48,1245.59,10.79,-506.25
43,38,0.31689,392.90,146.38,-159.69,1210.00,-14.69,-491.79
43,39,0.32520,403.23,146.04,-163.89,1245.59,-41.02,-506.25
43,40,0.33350,413.57,145.48,-168.09,1245.59,-66.92,-506.25
43,41,0.34204,423.91,144.71,-172.29,1210.00,-90.17,-491.79
43,42,0.34998,434.25,143.73,-176.50,1303.08,-124.21,-529.62
43,43,0.35840,444.59,142.53,-180.70,1227.54,-142.53,-498.91
43,44,0.36670,454.93,141.11,-184.90,1245.59,-170.53,-506.25
43,45,0.37512,465.27,139.48,-189.10,1227.54,-193.58,-498.91
43,46,0.38342,475.61,137.63,-193.30,1245.59,-222.33,-506.25
43,47,0.39197,485.95,135.57,-197.51,1210.00,-241.14,-491.79
43,48,0.40015,496.29,133.30,-201.71,1264.18,-278.23,-513.81
43,49,0.40845,506.63,130.81,-205.91,1245.59,-300.03,-506.25
43,50,0.41699,516.97,128.10,-210.11,1210.00,-316.63,-491.79
43,51,0.42505,527.31,125.18,-214.32,1283.33,-362.50,-521.59
43,52,0.43347,537.65,122.05,-218.52,1227.54,-372.26,-498.91
43,53,0.44177,547.99,118.70,-222.72,1245.59,-403.64,-506.25
43,54,0.45020,558.33,115.13,-226.92,1227.54,-423.31,-498.91
43,55,0.45837,568.66,111.35,-231.12,1264.18,-462.24,-513.81
43,56,0.46704,579.00,107.35,-235.33,1192.96,-461.00,-484.86
43,57,0.47522,589.34,103.14,-239.53,1264.18,-514.82,-513.81
43,58,0.48364,599.68,98.72,-243.73,1227.54,-525.42,-498.91
43,59,0.49170,610.02,94.08,-247.93,1283.33,-575.99,-521.59
43,60,0.50012,620.36,89.22,-252.14,1227.54,-576.47,-498.91
43,61,0.50830,630.70,84.15,-256.34,1264.18,-619.97,-513.81
43,62,0.51685,641.04,78.87,-260.54,1210.00,-618.56,-491.79
43,63,0.52502,651.38,73.37,-264.74,1264.18,-672.55,-513.81
43,64,0.53345,661.72,67.65,-268.95,1227.54,-678.58,-498.91
43,65,0.54187,672.06,61.72,-273.15,1227.54,-704.11,-498.91
43,66,0.55017,682.40,55.57,-277.35,1245.59,-740.36,-506.25
43,67,0.55835,692.74,49.21,-281.55,1264.18,-777.71,-513.81
43,68,0.56677,703.08,42.64,-285.75,1227.54,-780.68,-498.91
43,69,0.57593,713.42,35.85,-289.96,1129.33,-741.72,-459.00
43,70,0.58337,723.75,28.84,-294.16,1388.52,-940.82,-564.34
43,71,0.59192,734.09,21.62,-298.36,1210.00,-845.02,-491.79
43,72,0.60010,744.43,14.19,-302.56,1264.18,-909.14,-513.81
43,73,0.60864,754.77,6.53,-306.77,1210.00,-895.33,-491.79
43,74,0.61694,765.11,-1.33,-310.97,1245.59,-947.58,-506.25
43,75,0.62512,775.45,-9.41,-315.17,1264.18,-988.00,-513.81
43,76,0.63342,785.79,-17.71,-319.37,1245.59,-999.38,-506.25
43,77,0.64172,796.13,-26.22,-323.57,1245.59,-1025.28,-506.25
43,78,0.65002,806.47,-34.94,-327.78,1245.59,-1051.18,-506.25
43,79,0.65833,816.81,-43.88,-331.98,1245.59,-1077.08,-506.25
43,80,0.66687,827.15,-53.04,-336.18,1210.00,-1071.47,-491.79
43,81,0.67566,837.49,-62.41,-340.38,1176.39,-1066.17,-478.12
43,82,0.68359,847.83,-72.00,-344.59,1303.08,-1208.09,-529.62
43,83,0.69177,858.17,-81.80,-348.79,1264.18,-1198.31,-513.81
43,84,0.70044,868.51,-91.81,-352.99,1192.96,-1155.61,-484.86
43,85,0.70862,878.85,-102.04,-357.19,1264.18,-1250.89,-513.81
43,86,0.71692,889.18,-112.49,-361.40,1245.59,-1258.40,-506.25
43,87,0.72534,899.52,-123.15,-365.60,1227.54,-1265.68,-498.91
43,88,0.73352,909.86,-134.03,-369.80,1264.18,-1329.76,-513.81
43,89,0.74182,920.20,-145.12,-374.00,1245.59,-1336.10,-506.25
43,90,0.75012,930.54,-156.42,-378.20,1245.59,-1361.99,-506.25
43,91,0.75842,940.88,-167.94,-382.41,1245.59,-1387.90,-506.25
43,92,0.76672,951.22,-179.68,-386.61,1245.59,-1413.80,-506.25
43,93,0.77551,961.56,-191.63,-390.81,1176.39,-1359.72,-478.12
43,94,0.78345,971.90,-203.79,-395.01,1303.08,-1533.25,-529.62
43,95,0.79187,982.24,-216.17,-399.22,1227.54,-1469.89,-498.91
43,96,0.80005,992.58,-228.77,-403.42,1264.18,-1540.05,-513.81
43,97,0.80859,1002.92,-241.58,-407.62,1210.00,-1499.22,-491.79
43,98,0.81677,1013.26,-254.61,-411.82,1264.18,-1592.63,-513.81
43,99,0.82520,1023.60,-267.85,-416.02,1227.54,-1572.00,-498.91
43,100,0.83325,1033.94,-281.30,-420.23,1283.33,-1670.13,-521.59
43,101,0.84192,1044.27,-294.97,-424.43,1192.96,-1577.33,-484.86
43,102,0.85010,1054.61,-308.86,-428.63,1264.18,-1697.78,-513.81
43,103,0.85852,1064.95,-322.96,-432.83,1227.54,-1674.11,-498.91
43,104,0.86694,1075.29,-337.28,-437.04,1227.54,-1699.63,-498.91
43,105,0.87549,1085.63,-351.81,-441.24,1210.00,-1700.51,-491.79
43,106,0.88354,1095.97,-366.55,-445.44,1283.33,-1830.26,-521.59
43,107,0.89197,1106.31,-381.51,-449.64,1227.54,-1776.20,-498.91
43,108,0.90039,1116.65,-396.69,-453.85,1227.54,-1801.73,-498.91
43,109,0.90857,1126.99,-412.08,-458.05,1264.18,-1881.80,-513.81
43,110,0.91687,1137.33,-427.69,-462.25,1245.59,-1880.03,-506.25
43,111,0.92517,1147.67,-443.51,-466.45,1245.59,-1905.93,-506.25
43,112,0.93347,1158.01,-459.54,-470.65,1245.59,-1931.84,-506.25
43,113,0.94177,1168.35,-475.79,-474.86,1245.59,-1957.73,-506.25
43,114,0.95020,1178.69,-492.26,-479.06,1227.54,-1954.89,-498.91
43,115,0.95862,1189.03,-508.94,-483.26,1227.54,-1980.41,-498.91
43,116,0.96692,1199.37,-525.83,-487.46,1245.59,-2035.44,-506.25
43,117,0.97534,1209.70,-542.95,-491.67,1227.54,-2031.47,-498.91
43,118,0.98352,1220.04,-560.27,-495.87,1264.18,-2118.39,-513.81
43,119,0.99207,1230.38,-577.81,-500.07,1210.00,-2052.77,-491.79
43,120,1.00024,1240.72,-595.57,-504.27,1264.18,-2170.97,-513.81
43,121,1.00867,1251.06,-613.54,-508.47,1227.54,-2133.57,-498.91
43,122,1.01685,1261.40,-631.72,-512.68,1264.18,-2223.55,-513.81
43,123,1.02539,1271.74,-650.12,-516.88,1210.00,-2153.42,-491.79
43,124,1.03357,1282.08,-668.74,-521.08,1264.18,-2276.13,-513.81
43,125,1.04199,1292.42,-687.57,-525.28,1227.54,-2235.68,-498.91
43,126,1.05042,1302.76,-706.62,-529.49,1227.54,-2261.20,-498.91
43,127,1.05859,1313.10,-725.88,-533.69,1264.18,-2354.99,-513.81
43,128,1.06689,1323.44,-745.35,-537.89,1245.59,-2346.26,-506.25
43,129,1.07532,1333.78,-765.04,-542.09,1227.54,-2337.78,-498.91
43,130,1.08374,1344.12,-784.95,-546.30,1227.54,-2363.31,-498.91
43,131,1.09192,1354.46,-805.07,-550.50,1264.18,-2460.14,-513.81
43,132,1.10010,1364.79,-825.41,-554.70,1264.18,-2486.43,-513.81
43,133,1.10876,1375.13,-845.96,-558.90,1192.96,-2371.15,-484.86
43,134,1.11682,1385.47,-866.72,-563.10,1283.33,-2577.47,-521.59
43,135,1.12524,1395.81,-887.70,-567.31,1227.54,-2490.94,-498.91
43,136,1.13367,1406.15,-908.90,-571.51,1227.54,-2516.46,-498.91
43,137,1.14185,1416.49,-930.31,-575.71,1264.18,-2617.87,-513.81
43,138,1.15015,1426.83,-951.94,-579.91,1245.59,-2605.27,-506.25
43,139,1.15845,1437.17,-973.78,-584.12,1245.59,-2631.18,-506.25
43,140,1.16699,1447.51,-995.83,-588.32,1210.00,-2581.16,-491.79
43,141,1.17529,1457.85,-1018.10,-592.52,1245.59,-2682.98,-506.25
43,142,1.18335,1468.19,-1040.59,-596.72,1283.33,-2790.97,-521.59
43,143,1.19189,1478.53,-1063.29,-600.92,1210.00,-2656.65,-491.79
43,144,1.20032,1486.75,-1079.80,-603.46,976.45,-1959.84,-301.09
44,0,0.00000,0.00,0.00,0.00,-1015.00,1124.06,-411.07
44,1,0.00806,-8.67,9.39,-3.51,-1076.52,1165.51,-435.98
44,2,0.01648,-17.35,18.56,-7.03,-1029.71,1089.29,-417.03
44,3,0.02478,-26.02,27.52,-10.54,-1044.85,1079.41,-423.16
44,4,0.03308,-34.69,36.27,-14.05,-1044.85,1053.52,-423.16
44,5,0.04150,-43.37,44.80,-17.56,-1029.71,1012.73,-417.03
44,6,0.04956,-52.04,53.11,-21.08,-1076.52,1032.05,-435.98
44,7,0.05811,-60.71,61.21,-24.59,-1015.00,947.92,-411.07
44,8,0.06653,-69.38,69.10,-28.10,-1029.71,936.14,-417.03
44,9,0.07495,-78.06,76.77,-31.61,-1029.71,910.62,-417.03
44,10,0.08325,-86.73,84.22,-35.13,-1044.85,898.12,-423.16
44,11,0.09155,-95.40,91.46,-38.64,-1044.85,872.20,-423.16
44,12,0.09998,-104.08,98.49,-42.15,-1029.71,834.04,-417.03
44,13,0.10791,-112.75,105.30,-45.66,-1093.08,858.27,-442.69
44,14,0.11658,-121.42,111.89,-49.18,-1000.70,760.94,-405.28
44,15,0.12488,-130.10,118.27,-52.69,-1044.85,768.59,-423.16
44,16,0.13293,-138.77,124.44,-56.20,-1076.52,765.20,-435.98
44,17,0.14136,-147.44,130.39,-59.71,-1029.71,706.41,-417.03
44,18,0.14978,-156.12,136.12,-63.23,-1029.71,680.89,-417.03
44,19,0.15808,-164.79,141.64,-66.74,-1044.85,664.98,-423.16
44,20,0.16626,-173.46,146.95,-70.25,-1060.45,648.62,-429.48
44,21,0.17468,-182.14,152.04,-73.76,-1029.71,604.30,-417.03
44,22,0.18286,-190.81,156.91,-77.28,-1060.45,596.06,-429.48
44,23,0.19128,-199.48,161.57,-80.79,-1029.71,553.24,-417.03
44,24,0.20007,-208.15,166.02,-84.30,-986.81,505.73,-399.65
44,25,0.20789,-216.83,170.25,-87.81,-1110.16,541.43,-449.61
44,26,0.21606,-225.50,174.26,-91.33,-1060.45,490.90,-429.48
44,27,0.22473,-234.17,178.06,-94.84,-1000.70,438.42,-405.28
44,28,0.23279,-242.85,181.65,-98.35,-1076.52,444.96,-435.98
44,29,0.24121,-251.52,185.02,-101.86,-1029.71,400.09,-417.03
44,30,0.24951,-260.19,188.17,-105.38,-1044.85,380.08,-423.16
44,31,0.25781,-268.87,191.11,-108.89,-1044.85,354.18,-423.16
44,32,0.26672,-277.54,193.84,-112.40,-973.29,305.78,-394.18
44,33,0.27466,-286.21,196.35,-115.91,-1093.08,316.32,-442.69
44,34,0.28308,-294.89,198.64,-119.43,-1029.71,272.46,-417.03
44,35,0.29114,-303.56,200.72,-122.94,-1076.52,258.17,-435.98
44,36,0.29980,-312.23,202.59,-126.45,-1000.70,215.16,-405.28
44,37,0.30786,-320.90,204.24,-129.97,-1076.52,204.78,-435.98
44,38,0.31653,-329.58,205.67,-133.48,-1000.70,165.56,-405.28
44,39,0.32471,-338.25,206.89,-136.99,-1060.45,149.16,-429.48
44,40,0.33301,-346.92,207.90,-140.50,-1044.85,121.05,-423.16
44,41,0.34155,-355.60,208.69,-144.02,-1015.00,92.43,-411.07
44,42,0.34973,-364.27,209.26,-147.53,-1060.45,70.29,-429.48
44,43,0.35791,-372.94,209.62,-151.04,-1060.45,44.01,-429.48
44,44,0.36658,-381.62,209.77,-154.55,-1000.70,16.70,-405.28
44,45,0.37488,-390.29,209.70,-158.07,-1044.85,-8.46,-423.16
44,46,0.38318,-398.96,209.41,-161.58,-1044.85,-34.35,-423.16
44,47,0.39148,-407.64,208.91,-165.09,-1044.85,-60.25,-423.16
44,48,0.39978,-416.31,208.20,-168.60,-1044.85,-86.14,-423.16
44,49,0.40796,-424.98,207.27,-172.12,-1060.45,-113.74,-429.48
44,50,0.41626,-433.65,206.12,-175.63,-1044.85,-137.96,-423.16
44,51,0.42493,-442.33,204.76,-179.14,-1000.70,-156.93,-405.28
44,52,0.43298,-451.00,203.19,-182.65,-1076.52,-195.50,-435.98
44,53,0.44128,-459.67,201.40,-186.17,-1044.85,-215.67,-423.16
44,54,0.44946,-468.35,199.39,-189.68,-1060.45,-245.17,-429.48
44,55,0.45789,-477.02,197.17,-193.19,-1029.71,-263.59,-417.03
44,56,0.46619,-485.69,194.73,-196.70,-1044.85,-293.36,-423.16
44,57,0.47449,-494.37,192.08,-200.22,-1044.85,-319.28,-423.16
44,58,0.48291,-503.04,189.22,-203.73,-1029.71,-340.17,-417.03
44,59,0.49133,-511.71,186.14,-207.24,-1029.71,-365.69,-417.03
44,60,0.49963,-520.39,182.84,-210.75,-1044.85,-396.97,-423.16
44,61,0.50793,-529.06,179.33,-214.27,-1044.85,-422.89,-423.16
44,62,0.51636,-537.73,175.61,-217.78,-1029.71,-442.28,-417.03
44,63,0.52454,-546.41,171.67,-221.29,-1060.45,-481.76,-429.48
44,64,0.53308,-555.08,167.51,-224.80,-1015.00,-486.27,-411.07
44,65,0.54126,-563.75,163.14,-228.32,-1060.45,-534.35,-429.48
44,66,0.54968,-572.42,158.56,-231.83,-1029.71,-544.38,-417.03
44,67,0.55811,-581.10,153.76,-235.34,-1029.71,-569.90,-417.03
44,68,0.56641,-589.77,148.74,-238.85,-1044.85,-604.18,-423.16
44,69,0.57471,-598.44,143.51,-242.37,-1044.85,-630.08,-423.16
44,70,0.58313,-607.12,138.07,-245.88,-1029.71,-646.49,-417.03
44,71,0.59131,-615.79,132.41,-249.39,-1060.45,-692.07,-429.48
44,72,0.59973,-624.46,126.53,-252.91,-1029.71,-697.53,-417.03
44,73,0.60840,-633.14,120.44,-256.42,-1000.70,-702.68,-405.28
44,74,0.61609,-641.81,114.14,-259.93,-1127.78,-819.89,-456.75
44,75,0.62463,-650.48,107.62,-263.44,-1015.00,-763.06,-411.07
44,76,0.63306,-659.16,100.88,-266.96,-1029.71,-799.64,-417.03
44,77,0.64136,-667.83,93.93,-270.47,-1044.85,-837.29,-423.16
44,78,0.64966,-676.50,86.76,-273.98,-1044.85,-863.21,-423.16
44,79,0.65808,-685.17,79.38,-277.49,-1029.71,-876.22,-417.03
44,80,0.66614,-693.85,71.79,-281.01,-1076.52,-942.73,-435.98
44,81,0.67456,-702.52,63.98,-284.52,-1029.71,-927.26,-417.03
44,82,0.68286,-711.19,55.95,-288.03,-1044.85,-966.82,-423.16
44,83,0.69141,-719.87,47.71,-291.54,-1015.00,-964.35,-411.07
44,84,0.69971,-728.54,39.26,-295.06,-1044.85,-1018.61,-423.16
44,85,0.70776,-737.21,30.59,-298.57,-1076.52,-1076.16,-435.98
44,86,0.71606,-745.89,21.70,-302.08,-1044.85,-1070.43,-423.16
44,87,0.72449,-754.56,12.60,-305.59,-1029.71,-1080.43,-417.03
44,88,0.73291,-763.23,3.29,-309.11,-1029.71,-1105.96,-417.03
44,89,0.74133,-771.91,-6.24,-312.62,-1029.71,-1131.48,-417.03
44,90,0.74939,-780.58,-15.99,-316.13,-1076.52,-1209.59,-435.98
44,91,0.75781,-789.25,-25.95,-319.64,-1029.71,-1182.54,-417.03
44,92,0.76636,-797.92,-36.12,-323.16,-1015.00,-1190.80,-411.07
44,93,0.77454,-806.60,-46.51,-326.67,-1060.45,-1270.41,-429.48
44,94,0.78284,-815.27,-57.12,-330.18,-1044.85,-1277.62,-423.16
44,95,0.79126,-823.94,-67.94,-333.69,-1029.71,-1284.65,-417.03
44,96,0.79980,-832.62,-78.98,-337.21,-1015.00,-1291.45,-411.07
44,97,0.80811,-841.29,-90.23,-340.72,-1044.85,-1355.33,-423.16
44,98,0.81665,-849.96,-101.69,-344.23,-1015.00,-1341.77,-411.07
44,99,0.82495,-858.64,-113.37,-347.74,-1044.85,-1407.13,-423.16
44,100,0.83301,-867.31,-125.27,-351.26,-1076.52,-1476.47,-435.98
44,101,0.84143,-875.98,-137.38,-354.77,-1029.71,-1437.79,-417.03
44,102,0.84961,-884.66,-149.70,-358.28,-1060.45,-1507.01,-429.48
44,103,0.85791,-893.33,-162.24,-361.80,-1044.85,-1510.74,-423.16
44,104,0.86621,-902.00,-175.00,-365.31,-1044.85,-1536.65,-423.16
44,105,0.87451,-910.68,-187.97,-368.82,-1044.85,-1562.55,-423.16
44,106,0.88281,-919.35,-201.15,-372.33,-1044.85,-1588.44,-423.16
44,107,0.89185,-928.02,-214.55,-375.85,-960.14,-1483.46,-388.85
44,108,0.89954,-936.69,-228.17,-379.36,-1127.78,-1770.42,-456.75
44,109,0.90808,-945.37,-242.00,-382.87,-1015.00,-1618.55,-411.07
44,110,0.91614,-954.04,-256.05,-386.38,-1076.52,-1743.32,-435.98
44,111,0.92468,-962.71,-270.31,-389.90,-1015.00,-1668.87,-411.07
44,112,0.93286,-971.39,-284.78,-393.41,-1060.45,-1769.88,-429.48
44,113,0.94165,-980.06,-299.47,-396.92,-986.81,-1671.44,-399.65
44,114,0.94958,-988.73,-314.38,-400.43,-1093.08,-1878.53,-442.69
44,115,0.95789,-997.41,-329.50,-403.95,-1044.85,-1821.56,-423.16
44,116,0.96631,-1006.08,-344.83,-407.46,-1029.71,-1820.69,-417.03
44,117,0.97449,-1014.75,-360.38,-410.97,-1060.45,-1901.33,-429.48
44,118,0.98291,-1023.43,-376.15,-414.48,-1029.71,-1871.74,-417.03
44,119,0.99158,-1032.11,-392.15,-418.00,-1002.11,-1846.20,-405.63
44,120,0.99976,-1040.78,-408.35,-421.51,-1060.45,-1980.22,-429.48
44,121,1.00793,-1049.46,-424.76,-425.02,-1060.45,-2006.51,-429.48
44,122,1.01660,-1058.13,-441.38,-428.54,-1000.70,-1918.28,-405.28
44,123,1.02454,-1066.80,-458.22,-432.05,-1093.08,-2122.44,-442.69
44,124,1.03345,-1075.48,-475.28,-435.56,-973.29,-1913.98,-394.18
44,125,1.04138,-1084.15,-492.55,-439.07,-1093.08,-2176.63,-442.69
44,126,1.04956,-1092.82,-510.03,-442.59,-1060.45,-2137.95,-429.48
44,127,1.05823,-1101.50,-527.73,-446.10,-1000.70,-2042.31,-405.28
44,128,1.06616,-1110.17,-545.65,-449.61,-1093.08,-2257.93,-442.69
44,129,1.07483,-1118.84,-563.78,-453.12,-1000.70,-2091.92,-405.28
44,130,1.08276,-1127.51,-582.13,-456.64,-1093.08,-2312.13,-442.69
44,131,1.09131,-1136.19,-600.69,-460.15,-1015.00,-2172.13,-411.07
44,132,1.09949,-1144.86,-619.46,-463.66,-1060.45,-2295.69,-429.48
44,133,1.10791,-1153.53,-638.45,-467.18,-1029.71,-2254.66,-417.03
44,134,1.11621,-1162.21,-657.66,-470.69,-1044.85,-2313.73,-423.16
44,135,1.12476,-1170.88,-677.08,-474.20,-1015.00,-2272.78,-411.07
44,136,1.13281,-1179.55,-696.72,-477.71,-1076.52,-2437.20,-435.98
44,137,1.14160,-1188.23,-716.57,-481.23,-986.81,-2258.57,-399.65
44,138,1.14954,-1196.90,-736.63,-484.74,-1093.08,-2528.89,-442.69
44,139,1.15808,-1205.57,-756.91,-488.25,-1015.00,-2373.43,-411.07
44,140,1.16626,-1214.25,-777.41,-491.76,-1060.45,-2505.98,-429.48
44,141,1.17468,-1222.92,-798.12,-495.28,-1029.71,-2458.88,-417.03
44,142,1.18298,-1231.59,-819.05,-498.79,-1044.85,-2520.93,-423.16
44,143,1.19177,-1240.26,-840.19,-502.30,-986.81,-2405.35,-399.65
44,144,1.19946,-1248.94,-861.54,-505.81,-1127.78,-2776.92,-456.75
44,145,1.20813,-1257.61,-883.11,-509.33,-1000.70,-2488.84,-405.28
44,146,1.21619,-1266.28,-904.90,-512.84,-1076.52,-2704.07,-435.98
44,147,1.22485,-1274.96,-926.90,-516.35,-1000.70,-2538.45,-405.28
44,148,1.23315,-1283.63,-949.12,-519.86,-1044.85,-2676.34,-423.16
44,149,1.24133,-1292.30,-971.55,-523.38,-1060.45,-2742.58,-429.48
44,150,1.24988,-1300.98,-994.19,-526.89,-1015.00,-2650.20,-411.07
44,151,1.25818,-1309.65,-1017.05,-530.40,-1044.85,-2754.05,-423.16
44,152,1.26660,-1318.32,-1040.13,-533.91,-1029.71,-2739.66,-417.03
44,153,1.27478,-1327.00,-1063.42,-537.43,-1060.45,-2847.73,-429.48
44,154,1.28308,-1335.67,-1086.92,-540.94,-1044.85,-2831.76,-423.16
44,155,1.29150,-1344.34,-1110.65,-544.45,-1029.71,-2816.24,-417.03
44,156,1.29980,-1353.02,-1134.58,-547.96,-1044.85,-2883.56,-423.16
44,157,1.30835,-1361.69,-1158.73,-551.48,-1015.00,-2826.33,-411.07
44,158,1.31628,-1370.36,-1183.10,-554.99,-1093.08,-3070.84,-442.69
44,159,1.32458,-1379.03,-1207.68,-558.50,-1044.85,-2961.26,-423.16
44,160,1.33301,-1387.71,-1232.47,-562.01,-1029.71,-2943.87,-417.03
44,161,1.34143,-1396.38,-1257.49,-565.53,-1029.71,-2969.40,-417.03
44,162,1.35010,-1405.05,-1282.71,-569.04,-1000.70,-2910.56,-405.28
44,163,1.35828,-1413.73,-1308.15,-572.55,-1060.45,-3110.62,-429.48
44,164,1.36658,-1422.40,-1333.81,-576.07,-1044.85,-3090.77,-423.16
44,165,1.37476,-1431.07,-1359.68,-579.58,-1060.45,-3163.19,-429.48
44,166,1.38330,-1439.75,-1385.76,-583.09,-1015.00,-3052.79,-411.07
44,167,1.39209,-1448.42,-1412.07,-586.60,-986.81,-2992.45,-399.65
44,168,1.39990,-1457.09,-1438.58,-590.12,-1110.16,-3394.03,-449.61
44,169,1.40808,-1465.77,-1465.31,-593.63,-1060.45,-3268.34,-429.48
44,170,1.41663,-1474.45,-1492.30,-597.15,-1016.79,-3158.52,-411.79
44,171,1.42493,-1483.13,-1519.46,-600.66,-1044.85,-3272.12,-423.16
44,172,1.43335,-1491.80,-1546.84,-604.17,-1029.71,-3250.23,-417.03
44,173,1.44165,-1500.47,-1574.43,-607.68,-1044.85,-3323.93,-423.16
44,174,1.44958,-1509.15,-1602.24,-611.20,-1093.08,-3504.44,-442.69
44,175,1.45837,-1517.82,-1630.26,-614.71,-986.81,-3188.19,-399.65
44,176,1.46631,-1526.93,-1656.33,-618.36,-1147.69,-3286.24,-460.38
45,0,0.00000,0.00,0.00,0.00,421.69,352.36,1686.03
45,1,0.00830,3.48,2.71,13.91,419.49,326.46,1676.10
45,2,0.01660,6.94,5.20,27.75,416.91,300.55,1666.54
45,3,0.02490,10.39,7.48,41.50,414.71,274.66,1656.99
45,4,0.03333,13.81,9.55,55.18,406.16,245.14,1623.55
45,5,0.04163,17.21,11.40,68.77,409.56,222.85,1637.50
45,6,0.05005,20.59,13.03,82.28,401.45,194.10,1604.35
45,7,0.05835,23.95,14.45,95.72,404.78,171.05,1618.38
45,8,0.06702,27.29,15.66,109.07,385.56,139.02,1540.85
45,9,0.07520,30.61,16.65,122.34,405.97,121.02,1623.13
45,10,0.08350,33.91,17.42,135.54,397.79,93.35,1589.34
45,11,0.09167,37.19,17.98,148.65,401.12,68.45,1603.36
45,12,0.10010,40.45,18.33,161.69,387.32,40.94,1547.46
45,13,0.10840,43.70,18.46,174.64,390.44,15.64,1560.66
45,14,0.11694,46.91,18.37,187.51,376.79,-9.97,1506.43
45,15,0.12500,50.12,18.07,200.31,397.35,-37.26,1587.88
45,16,0.13330,53.30,17.56,213.02,383.09,-62.06,1531.62
45,17,0.14197,56.46,16.83,225.65,364.79,-84.25,1457.75
45,18,0.15051,59.60,15.88,238.20,367.50,-110.61,1468.93
45,19,0.15833,62.72,14.72,250.68,399.61,-148.51,1596.48
45,20,0.16687,65.82,13.35,263.07,362.86,-160.94,1450.36
45,21,0.17517,68.90,11.76,275.38,370.96,-191.58,1483.46
45,22,0.18384,71.96,9.95,287.62,353.17,-208.29,1411.62
45,23,0.19238,75.00,7.93,299.77,355.71,-236.43,1422.14
45,24,0.20068,78.02,5.70,311.84,363.97,-269.28,1454.41
45,25,0.20837,81.02,3.25,323.84,390.08,-318.61,1559.52
45,26,0.21680,84.00,0.58,335.75,353.99,-316.43,1414.49
45,27,0.22510,86.96,-2.30,347.58,356.62,-346.98,1425.37
45,28,0.23315,89.90,-5.40,359.34,365.15,-384.19,1458.71
45,29,0.24158,92.83,-8.71,371.01,346.74,-393.00,1385.87
45,30,0.25000,95.72,-12.23,382.60,344.20,-418.53,1376.45
45,31,0.25842,98.61,-15.97,394.12,342.03,-444.06,1367.03
45,32,0.26672,101.46,-19.93,405.55,344.49,-476.49,1377.21
45,33,0.27515,104.31,-24.10,416.90,337.32,-495.11,1347.83
45,34,0.28333,107.13,-28.48,428.17,344.78,-536.18,1378.36
45,35,0.29187,109.93,-33.08,439.37,327.86,-538.36,1310.00
45,36,0.30005,112.71,-37.90,450.48,339.93,-588.76,1358.58
45,37,0.30811,115.47,-42.93,461.51,342.80,-624.36,1369.32
45,38,0.31677,118.21,-48.17,472.46,316.20,-605.20,1263.73
45,39,0.32520,120.93,-53.63,483.34,322.83,-648.27,1290.94
45,40,0.33325,123.63,-59.31,494.13,335.23,-704.43,1339.39
45,41,0.34155,126.31,-65.20,504.84,322.79,-709.60,1290.44
45,42,0.35010,128.97,-71.30,515.47,311.43,-714.50,1244.29
45,43,0.35828,131.61,-77.62,526.03,322.76,-772.77,1290.30
45,44,0.36670,134.23,-84.16,536.50,311.23,-775.91,1243.48
45,45,0.37500,136.83,-90.91,546.89,313.24,-813.21,1251.84
45,46,0.38330,139.41,-97.88,557.20,311.03,-839.12,1242.28
45,47,0.39185,141.97,-105.06,567.43,299.64,-840.30,1197.50
45,48,0.39978,144.51,-112.45,577.59,320.00,-932.03,1279.62
45,49,0.40845,147.03,-120.06,587.66,290.85,-878.08,1161.97
45,50,0.41675,149.53,-127.89,597.65,301.10,-942.72,1203.68
45,51,0.42529,152.01,-135.93,607.56,290.36,-940.95,1160.00
45,52,0.43347,154.47,-144.18,617.40,300.75,-1009.36,1202.24
45,53,0.44189,156.92,-152.65,627.15,289.86,-1005.64,1157.97
45,54,0.45020,159.34,-161.34,636.82,291.54,-1046.32,1165.07
45,55,0.45850,161.74,-170.24,646.41,289.34,-1072.23,1155.51
45,56,0.46704,164.12,-179.35,655.92,278.57,-1066.75,1113.21
45,57,0.47534,166.48,-188.68,665.36,284.19,-1124.03,1136.40
45,58,0.48364,168.82,-198.23,674.71,281.99,-1149.93,1126.47
45,59,0.49182,171.14,-207.99,683.98,283.58,-1193.39,1133.58
45,60,0.50000,173.44,-217.96,693.17,281.34,-1219.67,1123.88
45,61,0.50842,175.72,-228.16,702.28,270.65,-1209.84,1081.88
45,62,0.51660,177.98,-238.56,711.32,276.49,-1272.25,1104.48
45,63,0.52502,180.22,-249.18,720.27,265.94,-1260.90,1062.68
45,64,0.53333,182.44,-260.02,729.14,267.28,-1305.34,1068.75
45,65,0.54150,184.64,-271.07,737.93,269.03,-1351.11,1075.00
45,66,0.55005,186.82,-282.33,746.64,255.00,-1318.37,1019.64
45,67,0.55823,188.98,-293.81,755.27,264.18,-1403.69,1055.22
45,68,0.56665,191.12,-305.51,763.82,253.99,-1388.53,1015.22
45,69,0.57483,193.24,-317.42,772.30,259.33,-1456.27,1035.82
45,70,0.58337,195.34,-329.54,780.69,245.71,-1419.02,982.14
45,71,0.59180,197.42,-341.88,789.00,247.10,-1465.11,986.59
45,72,0.59985,199.48,-354.44,797.23,255.68,-1558.39,1021.59
45,73,0.60840,201.52,-367.21,805.38,238.57,-1494.50,953.93
45,74,0.61658,203.54,-380.20,813.45,247.01,-1587.70,986.94
45,75,0.62488,205.54,-393.40,821.44,240.81,-1590.26,962.87
45,76,0.63330,207.52,-406.81,829.35,235.14,-1592.74,939.13
45,77,0.64160,209.48,-420.44,837.19,236.03,-1642.06,943.38
45,78,0.64990,211.42,-434.29,844.94,233.82,-1667.96,933.82
45,79,0.65820,213.34,-448.35,852.61,231.25,-1693.86,924.26
45,80,0.66650,215.24,-462.62,860.20,229.04,-1719.77,914.34
45,81,0.67493,217.12,-477.11,867.71,223.19,-1720.37,891.67
45,82,0.68311,218.98,-491.82,875.14,227.24,-1798.01,908.58
45,83,0.69214,220.82,-506.74,882.49,203.72,-1651.73,813.85
45,84,0.69983,222.63,-521.87,889.76,236.51,-1968.09,945.63
45,85,0.70825,224.44,-537.22,896.95,213.77,-1822.48,853.62
45,86,0.71655,226.21,-552.79,904.06,214.34,-1875.18,856.62
45,87,0.72485,227.98,-568.57,911.10,212.13,-1901.08,847.06
45,88,0.73315,229.71,-584.57,918.05,209.56,-1926.98,837.50
45,89,0.74170,231.44,-600.78,924.92,201.43,-1897.08,803.93
45,90,0.75024,233.14,-617.20,931.71,198.93,-1922.24,794.64
45,91,0.75818,234.81,-633.84,938.42,211.54,-2097.21,845.77
45,92,0.76660,236.47,-650.70,945.05,197.10,-2001.16,787.32
45,93,0.77478,238.11,-667.77,951.60,200.37,-2087.18,800.75
45,94,0.78345,239.73,-685.05,958.07,186.97,-1994.40,746.48
45,95,0.79187,241.33,-702.55,964.46,189.86,-2077.73,758.70
45,96,0.79993,242.91,-720.27,970.77,196.21,-2198.86,783.33
45,97,0.80823,244.47,-738.20,977.00,187.87,-2160.09,750.74
45,98,0.81677,246.01,-756.35,983.15,180.36,-2123.54,719.64
45,99,0.82483,247.53,-774.71,989.22,188.64,-2278.92,753.41
45,100,0.83313,249.03,-793.28,995.21,180.51,-2237.80,721.69
45,101,0.84167,250.51,-812.07,1001.12,173.21,-2199.02,691.79
45,102,0.84998,251.97,-831.08,1006.95,175.74,-2289.60,702.21
45,103,0.85828,253.41,-850.30,1012.70,173.53,-2315.50,692.65
45,104,0.86670,254.83,-869.73,1018.37,168.48,-2307.47,673.19
45,105,0.87476,256.23,-889.38,1023.96,173.86,-2439.04,693.94
45,106,0.88318,257.61,-909.25,1029.47,163.77,-2358.52,654.35
45,107,0.89172,258.97,-929.33,1034.90,158.93,-2349.99,635.36
45,108,0.90002,260.31,-949.63,1040.25,161.40,-2445.01,644.49
45,109,0.90845,261.63,-970.14,1045.52,156.52,-2435.10,625.72
45,110,0.91663,262.93,-990.86,1050.71,158.96,-2534.08,634.70
45,111,0.92505,264.18,-1007.25,1055.65,148.55,-1945.15,585.87
46,0,0.00000,0.00,0.00,0.00,-1841.18,-137.72,200.00
46,1,0.00806,-15.20,-1.36,1.65,-1886.74,-168.58,204.92
46,2,0.01660,-30.32,-2.93,3.29,-1769.64,-184.11,192.14
46,3,0.02490,-45.36,-4.72,4.93,-1811.76,-215.42,196.69
46,4,0.03333,-60.32,-6.72,6.55,-1775.72,-237.83,192.75
46,5,0.04150,-75.19,-8.94,8.16,-1818.66,-271.22,197.39
46,6,0.05005,-89.98,-11.37,9.77,-1731.07,-284.75,187.86
46,7,0.05835,-104.69,-14.02,11.36,-1772.06,-319.03,192.28
46,8,0.06665,-119.32,-16.89,12.95,-1762.13,-344.93,191.18
46,9,0.07495,-133.87,-19.96,14.53,-1752.21,-370.83,190.07
46,10,0.08325,-148.33,-23.26,16.10,-1742.65,-396.73,188.97
46,11,0.09155,-162.71,-26.77,17.66,-1732.72,-422.63,187.87
46,12,0.09998,-177.01,-30.49,19.21,-1697.83,-442.03,184.42
46,13,0.10815,-191.23,-34.43,20.76,-1738.43,-481.52,188.81
46,14,0.11670,-205.37,-38.58,22.29,-1654.29,-486.04,179.64
46,15,0.12500,-219.42,-42.95,23.82,-1693.01,-526.24,183.82
46,16,0.13330,-233.39,-47.53,25.33,-1683.09,-552.14,182.72
46,17,0.14148,-247.28,-52.33,26.84,-1698.13,-586.67,184.33
46,18,0.14978,-261.09,-57.34,28.34,-1663.60,-603.95,180.51
46,19,0.15808,-274.82,-62.57,29.83,-1653.68,-629.85,179.41
46,20,0.16638,-288.46,-68.01,31.31,-1643.75,-655.75,178.31
46,21,0.17468,-302.02,-73.67,32.78,-1633.82,-681.65,177.21
46,22,0.18323,-315.50,-79.55,34.24,-1577.50,-687.34,171.07
46,23,0.19141,-328.90,-85.63,35.69,-1638.06,-744.40,177.61
46,24,0.19983,-342.21,-91.94,37.14,-1580.80,-748.35,171.38
46,25,0.20813,-355.45,-98.46,38.57,-1594.12,-785.26,173.16
46,26,0.21680,-368.60,-105.19,40.00,-1517.61,-776.89,164.79
46,27,0.22473,-381.67,-112.14,41.42,-1647.31,-875.70,178.85
46,28,0.23340,-394.66,-119.30,42.83,-1498.59,-826.50,162.68
46,29,0.24182,-407.57,-126.68,44.23,-1532.25,-875.98,166.30
46,30,0.25012,-420.39,-134.27,45.62,-1544.85,-914.76,167.65
46,31,0.25818,-433.13,-142.08,47.01,-1581.44,-969.17,171.59
46,32,0.26685,-445.79,-150.10,48.38,-1460.56,-925.73,158.45
46,33,0.27490,-458.36,-158.34,49.74,-1560.98,-1022.54,169.32
46,34,0.28345,-470.86,-166.79,51.10,-1462.50,-989.27,158.57
46,35,0.29150,-483.28,-175.46,52.44,-1540.91,-1075.92,167.05
46,36,0.30005,-495.61,-184.35,53.78,-1443.21,-1039.60,156.43
46,37,0.30847,-507.86,-193.44,55.11,-1454.35,-1080.19,157.97
46,38,0.31653,-520.03,-202.76,56.43,-1510.23,-1155.98,164.02
46,39,0.32520,-532.11,-212.29,57.75,-1394.37,-1099.38,151.41
46,40,0.33350,-544.11,-222.03,59.05,-1445.96,-1173.78,156.99
46,41,0.34143,-556.03,-231.99,60.34,-1502.31,-1255.05,163.08
46,42,0.34973,-567.87,-242.16,61.63,-1426.47,-1225.59,154.78
46,43,0.35803,-579.63,-252.55,62.90,-1416.54,-1251.49,153.68
46,44,0.36646,-591.31,-263.15,64.17,-1386.23,-1258.87,150.36
46,45,0.37512,-602.90,-273.97,65.43,-1337.68,-1248.22,145.07
46,46,0.38318,-614.41,-285.00,66.67,-1428.79,-1369.47,154.92
46,47,0.39209,-625.84,-296.25,67.91,-1282.53,-1262.28,139.04
46,48,0.40002,-637.19,-307.72,69.14,-1430.00,-1444.73,155.00
46,49,0.40833,-648.45,-319.39,70.37,-1356.99,-1406.89,147.43
46,50,0.41663,-659.64,-331.29,71.58,-1347.43,-1432.80,146.32
46,51,0.42468,-670.74,-343.40,72.79,-1378.03,-1502.90,149.62
46,52,0.43335,-681.76,-355.72,73.98,-1271.48,-1421.87,138.03
46,53,0.44165,-692.70,-368.26,75.17,-1317.65,-1510.50,143.01
46,54,0.45044,-703.55,-381.01,76.35,-1235.07,-1451.05,134.03
46,55,0.45825,-714.32,-393.98,77.52,-1378.91,-1659.95,149.61
46,56,0.46643,-725.02,-407.16,78.68,-1307.09,-1611.91,141.79
46,57,0.47498,-735.63,-420.56,79.83,-1241.79,-1567.99,134.64
46,58,0.48328,-746.15,-434.17,80.97,-1268.38,-1640.01,137.50
46,59,0.49158,-756.60,-448.00,82.10,-1258.09,-1665.91,136.40
46,60,0.49988,-766.96,-462.05,83.22,-1248.53,-1691.81,135.29
46,61,0.50818,-777.24,-476.30,84.34,-1238.24,-1717.71,134.19
46,62,0.51648,-787.44,-490.78,85.45,-1228.68,-1743.62,133.46
46,63,0.52515,-797.56,-505.47,86.54,-1167.61,-1694.75,126.76
46,64,0.53345,-807.59,-520.37,87.63,-1208.82,-1795.42,131.25
46,65,0.54187,-817.55,-535.49,88.71,-1181.88,-1794.92,128.26
46,66,0.54980,-827.42,-550.82,89.79,-1243.85,-1932.48,135.00
46,67,0.55847,-837.21,-566.37,90.85,-1129.58,-1793.98,122.54
46,68,0.56653,-846.91,-582.13,91.90,-1204.55,-1956.57,130.68
46,69,0.57495,-856.54,-598.11,92.94,-1142.75,-1897.03,123.91
46,70,0.58313,-866.08,-614.30,93.98,-1167.16,-1979.94,126.49
46,71,0.59155,-875.54,-630.71,95.00,-1123.19,-1948.08,121.74
46,72,0.59985,-884.92,-647.34,96.02,-1130.15,-2002.63,122.43
46,73,0.60815,-894.22,-664.17,97.03,-1119.85,-2028.53,121.32
46,74,0.61633,-903.44,-681.23,98.03,-1126.87,-2085.10,122.39
46,75,0.62488,-912.57,-698.50,99.02,-1068.57,-2020.90,116.07
46,76,0.63342,-921.62,-715.98,100.00,-1059.29,-2046.06,115.00
46,77,0.64160,-930.58,-733.68,100.98,-1096.27,-2163.96,119.03
46,78,0.65002,-939.47,-751.59,101.94,-1055.07,-2126.76,114.49
46,79,0.65820,-948.28,-769.72,102.90,-1076.87,-2216.54,116.79
46,80,0.66675,-957.00,-788.06,103.84,-1020.71,-2146.70,110.71
46,81,0.67468,-962.72,-790.39,105.97,-720.77,-292.68,267.69
47,0,0.00000,0.00,0.00,0.00,-498.19,-293.11,1763.41
47,1,0.00818,-4.17,-2.68,14.77,-510.45,-328.15,1806.34
47,2,0.01672,-8.33,-5.58,29.47,-486.07,-339.25,1719.64
47,3,0.02515,-12.46,-8.70,44.08,-490.22,-369.69,1735.14
47,4,0.03333,-16.61,-12.06,58.77,-507.46,-411.52,1796.27
47,5,0.04224,-20.69,-15.61,73.23,-458.22,-397.95,1621.92
47,6,0.05017,-24.75,-19.37,87.60,-511.92,-474.02,1811.54
47,7,0.05835,-28.79,-23.35,101.90,-494.03,-486.16,1747.76
47,8,0.06689,-32.81,-27.54,116.11,-470.00,-490.49,1663.57
47,9,0.07495,-36.80,-31.94,130.25,-495.83,-546.90,1754.55
47,10,0.08362,-40.78,-36.56,144.30,-458.45,-533.19,1621.83
47,11,0.09204,-44.73,-41.40,158.28,-468.84,-574.17,1659.42
47,12,0.10010,-48.65,-46.45,172.18,-487.50,-626.96,1725.00
47,13,0.10889,-52.56,-51.72,186.00,-444.44,-599.18,1572.22
47,14,0.11670,-56.44,-57.20,199.73,-496.88,-701.59,1758.59
47,15,0.12549,-60.30,-62.90,213.39,-439.24,-648.10,1554.17
47,16,0.13354,-64.14,-68.81,226.97,-476.52,-733.71,1685.61
47,17,0.14185,-67.96,-74.93,240.48,-459.56,-738.02,1626.47
47,18,0.14990,-71.75,-81.27,253.90,-470.83,-787.07,1665.91
47,19,0.15845,-75.52,-87.83,267.24,-441.43,-767.26,1561.43
47,20,0.16675,-79.27,-94.60,280.50,-451.47,-815.73,1597.79
47,21,0.17505,-83.00,-101.59,293.69,-448.90,-841.63,1588.24
47,22,0.18359,-86.70,-108.79,306.79,-433.21,-842.75,1533.57
47,23,0.19177,-90.38,-116.20,319.82,-450.00,-906.77,1592.54
47,24,0.19995,-94.04,-123.84,332.76,-447.39,-933.06,1582.84
47,25,0.20837,-97.67,-131.68,345.63,-431.52,-931.54,1527.54
47,26,0.21692,-101.28,-139.74,358.41,-422.86,-943.39,1496.43
47,27,0.22498,-104.88,-148.02,371.12,-445.83,-1027.27,1577.27
47,28,0.23340,-108.44,-156.51,383.75,-423.55,-1008.12,1499.28
47,29,0.24170,-111.99,-165.22,396.30,-427.21,-1048.85,1511.76
47,30,0.25024,-115.52,-174.14,408.77,-412.50,-1044.04,1459.29
47,31,0.25830,-119.02,-183.27,421.16,-434.47,-1134.00,1537.88
47,32,0.26685,-122.49,-192.63,433.47,-407.14,-1094.36,1440.71
47,33,0.27563,-125.95,-202.19,445.70,-393.40,-1088.43,1391.67
47,34,0.28320,-129.39,-211.97,457.85,-453.63,-1292.39,1605.65
47,35,0.29175,-132.80,-221.97,469.92,-399.29,-1169.84,1412.86
47,36,0.30042,-136.19,-232.18,481.92,-391.20,-1178.18,1383.80
47,37,0.30859,-139.55,-242.61,493.83,-411.57,-1274.80,1456.72
47,38,0.31689,-142.90,-253.25,505.67,-402.94,-1281.96,1425.74
47,39,0.32495,-146.22,-264.10,517.42,-412.12,-1347.49,1459.09
47,40,0.33374,-149.52,-275.18,529.10,-375.35,-1259.66,1328.47
47,41,0.34192,-152.80,-286.46,540.70,-400.75,-1379.96,1417.91
47,42,0.35034,-156.05,-297.96,552.21,-386.23,-1365.48,1367.39
47,43,0.35840,-159.28,-309.68,563.65,-401.14,-1454.24,1419.70
47,44,0.36682,-162.49,-321.61,575.01,-381.16,-1416.54,1348.55
47,45,0.37549,-165.68,-333.76,586.29,-367.61,-1401.44,1301.41
47,46,0.38367,-168.84,-346.12,597.49,-386.94,-1511.40,1369.40
47,47,0.39172,-171.98,-358.69,608.61,-390.15,-1560.98,1380.30
47,48,0.40015,-175.10,-371.49,619.65,-370.29,-1518.64,1310.87
47,49,0.40845,-178.20,-384.49,630.61,-373.16,-1566.87,1320.59
47,50,0.41675,-181.28,-397.71,641.49,-370.59,-1592.78,1311.03
47,51,0.42505,-184.33,-411.15,652.30,-367.65,-1618.68,1301.47
47,52,0.43335,-187.36,-424.80,663.02,-365.07,-1644.58,1291.91
47,53,0.44165,-190.37,-438.67,673.67,-362.50,-1670.48,1282.35
47,54,0.45020,-193.35,-452.75,684.23,-349.29,-1647.92,1236.43
47,55,0.45837,-196.32,-467.05,694.72,-362.31,-1747.99,1282.09
47,56,0.46680,-199.26,-481.56,705.12,-348.91,-1722.85,1235.51
47,57,0.47498,-202.17,-496.28,715.45,-356.72,-1800.57,1262.69
47,58,0.48340,-205.07,-511.22,725.70,-343.84,-1773.90,1216.67
47,59,0.49158,-207.94,-526.38,735.87,-351.12,-1853.14,1243.28
47,60,0.50000,-210.79,-541.75,745.96,-338.41,-1824.95,1197.83
47,61,0.50842,-213.62,-557.34,755.97,-335.87,-1850.48,1188.41
47,62,0.51672,-216.42,-573.14,765.90,-337.87,-1903.60,1196.32
47,63,0.52490,-219.21,-589.16,775.75,-340.30,-1958.30,1204.48
47,64,0.53345,-221.97,-605.39,785.52,-323.21,-1899.53,1143.57
47,65,0.54175,-224.71,-621.83,795.21,-329.78,-1981.30,1167.65
47,66,0.54993,-227.42,-638.49,804.82,-332.09,-2037.16,1175.37
47,67,0.55835,-230.12,-655.37,814.36,-319.93,-2003.64,1131.88
47,68,0.56665,-232.79,-672.46,823.81,-321.69,-2059.01,1138.60
47,69,0.57507,-235.44,-689.77,833.18,-314.49,-2054.69,1112.68
47,70,0.58350,-238.06,-707.29,842.47,-311.96,-2080.22,1103.26
47,71,0.59192,-240.67,-725.03,851.69,-309.06,-2105.74,1093.84
47,72,0.59985,-243.25,-742.98,860.82,-325.38,-2262.42,1151.15
47,73,0.60815,-245.81,-761.14,869.88,-308.46,-2188.51,1090.81
47,74,0.61658,-248.94,-776.09,879.93,-371.74,-1774.11,1193.48
48,0,0.00000,0.00,0.00,0.00,-344.93,-306.24,-1677.70
48,1,0.00842,-3.12,-2.98,-15.16,-369.93,-353.96,-1799.28
48,2,0.01587,-6.23,-6.18,-30.31,-418.44,-429.25,-2035.25
48,3,0.02417,-9.35,-9.59,-45.47,-375.37,-410.97,-1825.74
48,4,0.03284,-12.46,-13.22,-60.62,-359.51,-418.41,-1748.59
48,5,0.04187,-15.58,-17.06,-75.78,-344.93,-425.25,-1677.70
48,6,0.04980,-18.70,-21.11,-90.93,-392.69,-511.23,-1910.00
48,7,0.05823,-21.81,-25.38,-106.09,-369.93,-507.12,-1799.28
48,8,0.06592,-24.93,-29.87,-121.24,-405.16,-583.37,-1970.63
48,9,0.07422,-28.04,-34.57,-136.40,-375.37,-566.38,-1825.74
48,10,0.08252,-31.16,-39.49,-151.55,-375.37,-592.27,-1825.74
48,11,0.09131,-34.27,-44.62,-166.71,-354.51,-583.83,-1724.31
48,12,0.10010,-37.39,-49.97,-181.86,-354.51,-608.30,-1724.31
48,13,0.10840,-40.51,-55.53,-197.02,-375.37,-669.98,-1825.74
48,14,0.11584,-43.62,-61.30,-212.17,-418.44,-775.74,-2035.25
48,15,0.12427,-46.74,-67.30,-227.33,-369.93,-711.32,-1799.28
48,16,0.13245,-49.85,-73.50,-242.48,-380.97,-758.84,-1852.99
48,17,0.14099,-52.97,-79.92,-257.64,-364.64,-751.48,-1773.57
48,18,0.15002,-56.09,-86.56,-272.79,-344.93,-734.67,-1677.70
48,19,0.15833,-59.20,-93.41,-287.95,-375.37,-825.39,-1825.74
48,20,0.16589,-62.32,-100.48,-303.10,-411.69,-933.68,-2002.42
48,21,0.17468,-65.43,-107.76,-318.26,-354.51,-828.46,-1724.31
48,22,0.18262,-68.55,-115.25,-333.41,-392.69,-944.78,-1910.00
48,23,0.19080,-71.66,-122.97,-348.57,-380.97,-942.86,-1852.99
48,24,0.19983,-74.78,-130.89,-363.72,-344.93,-877.48,-1677.70
48,25,0.20825,-77.90,-139.03,-378.88,-369.93,-966.59,-1799.28
48,26,0.21582,-81.02,-147.40,-394.04,-412.10,-1104.88,-2003.63
48,27,0.22412,-84.13,-155.97,-409.19,-375.37,-1032.62,-1825.74
48,28,0.23254,-87.25,-164.75,-424.35,-369.93,-1043.18,-1799.28
48,29,0.24097,-90.36,-173.76,-439.51,-369.93,-1068.70,-1799.28
48,30,0.24988,-93.48,-182.97,-454.66,-349.66,-1034.27,-1700.68
48,31,0.25757,-96.59,-192.40,-469.82,-405.16,-1226.40,-1970.63
48,32,0.26587,-99.71,-202.05,-484.97,-375.37,-1162.13,-1825.74
48,33,0.27417,-102.83,-211.91,-500.13,-375.37,-1188.03,-1825.74
48,34,0.28259,-105.94,-221.99,-515.28,-369.93,-1196.34,-1799.28
48,35,0.29089,-109.06,-232.28,-530.44,-375.37,-1239.83,-1825.74
48,36,0.29980,-112.17,-242.79,-545.59,-349.66,-1179.04,-1700.68
48,37,0.30835,-115.29,-253.51,-560.75,-364.64,-1254.73,-1773.57
48,38,0.31592,-118.41,-264.45,-575.90,-411.69,-1445.04,-2002.42
48,39,0.32434,-121.52,-275.60,-591.06,-369.93,-1323.97,-1799.28
48,40,0.33264,-124.64,-286.96,-606.21,-375.37,-1369.34,-1825.74
48,41,0.34106,-127.75,-298.54,-621.37,-369.93,-1375.02,-1799.28
48,42,0.34937,-130.87,-310.34,-636.52,-375.37,-1421.14,-1825.74
48,43,0.35754,-133.98,-322.35,-651.68,-380.97,-1468.64,-1852.99
48,44,0.36609,-137.10,-334.58,-666.83,-364.64,-1430.86,-1773.57
48,45,0.37451,-140.22,-347.02,-681.99,-369.93,-1477.13,-1799.28
48,46,0.38269,-143.33,-359.68,-697.14,-380.97,-1547.51,-1852.99
48,47,0.39111,-146.45,-372.55,-712.30,-369.93,-1528.18,-1799.28
48,48,0.40002,-149.56,-385.64,-727.45,-349.66,-1468.57,-1700.68
48,49,0.40759,-152.68,-398.94,-742.61,-411.69,-1757.53,-2002.42
48,50,0.41602,-155.80,-412.45,-757.76,-369.93,-1604.76,-1799.28
48,51,0.42432,-158.91,-426.19,-772.92,-375.37,-1654.26,-1825.74
48,52,0.43262,-162.03,-440.13,-788.07,-375.37,-1680.16,-1825.74
48,53,0.44104,-165.14,-454.29,-803.23,-369.93,-1681.33,-1799.28
48,54,0.44934,-168.26,-468.67,-818.38,-375.37,-1731.96,-1825.74
48,55,0.45776,-171.37,-483.26,-833.54,-369.93,-1732.39,-1799.28
48,56,0.46606,-174.49,-498.07,-848.69,-375.37,-1783.77,-1825.74
48,57,0.47437,-177.61,-513.09,-863.85,-375.37,-1809.67,-1825.74
48,58,0.48267,-180.72,-528.33,-879.00,-375.37,-1835.57,-1825.74
48,59,0.49097,-183.84,-543.78,-894.16,-375.37,-1861.47,-1825.74
48,60,0.49951,-186.95,-559.45,-909.31,-364.64,-1833.45,-1773.57
48,61,0.50830,-190.07,-575.33,-924.47,-354.51,-1806.98,-1724.31
48,62,0.51587,-193.19,-591.42,-939.62,-411.69,-2126.84,-2002.42
48,63,0.52417,-196.30,-607.74,-954.78,-375.37,-1965.08,-1825.74
48,64,0.53308,-199.42,-624.26,-969.93,-349.66,-1854.61,-1700.68
48,65,0.54187,-202.53,-641.00,-985.09,-354.51,-1904.83,-1724.31
48,66,0.54993,-205.65,-657.96,-1000.24,-386.74,-2104.68,-1881.06
48,67,0.55774,-208.76,-675.13,-1015.40,-398.83,-2197.98,-1939.84
48,68,0.56580,-211.88,-692.53,-1030.56,-387.12,-2159.28,-1882.20
48,69,0.57471,-211.96,-695.13,-1044.43,-8.56,-291.98,-1556.85
49,0,0.00000,0.00,0.00,0.00,1782.97,-60.75,348.91
49,1,0.00830,14.94,-0.73,2.92,1799.63,-87.55,352.21
49,2,0.01672,29.79,-1.67,5.83,1763.77,-111.80,345.29
49,3,0.02478,44.57,-2.83,8.72,1834.09,-143.57,358.71
49,4,0.03333,59.27,-4.20,11.60,1719.64,-160.52,336.43
49,5,0.04150,73.88,-5.78,14.46,1786.94,-194.01,349.63
49,6,0.05005,88.41,-7.59,17.30,1700.71,-210.85,332.86
49,7,0.05823,102.87,-9.60,20.13,1767.16,-246.58,345.90
49,8,0.06665,117.24,-11.83,22.94,1706.16,-264.96,333.70
49,9,0.07483,131.53,-14.28,25.74,1747.39,-299.15,341.79
49,10,0.08325,145.74,-16.94,28.52,1686.96,-316.01,330.07
49,11,0.09216,159.87,-19.82,31.28,1585.62,-322.82,310.27
49,12,0.09998,173.91,-22.91,34.03,1798.05,-395.74,351.95
49,13,0.10828,187.88,-26.22,36.76,1682.72,-398.36,329.04
49,14,0.11682,201.77,-29.74,39.48,1625.00,-412.14,317.86
49,15,0.12488,215.57,-33.48,42.18,1713.26,-463.81,335.23
49,16,0.13330,229.29,-37.43,44.86,1629.35,-469.17,318.84
49,17,0.14160,242.94,-41.59,47.53,1643.38,-501.97,321.69
49,18,0.15002,256.50,-45.98,50.19,1610.14,-520.22,314.86
49,19,0.15820,269.98,-50.57,52.82,1648.13,-562.03,322.39
49,20,0.16663,283.38,-55.38,55.44,1590.94,-571.27,311.23
49,21,0.17505,296.69,-60.41,58.05,1581.16,-596.80,309.42
49,22,0.18408,309.93,-65.65,60.64,1465.54,-580.27,286.82
49,23,0.19153,323.09,-71.11,63.22,1766.80,-732.81,345.90
49,24,0.20007,336.17,-76.78,65.77,1530.36,-663.76,299.29
49,25,0.20837,349.16,-82.67,68.32,1565.44,-709.18,306.25
49,26,0.21667,362.08,-88.77,70.84,1555.88,-735.08,304.41
49,27,0.22498,374.91,-95.09,73.36,1545.96,-760.98,302.57
49,28,0.23328,387.66,-101.62,75.85,1536.40,-786.89,300.74
49,29,0.24231,400.33,-108.36,78.33,1402.70,-746.89,274.32
49,30,0.25000,412.92,-115.33,80.79,1637.30,-905.25,320.24
49,31,0.25842,425.43,-122.50,83.24,1485.14,-852.06,290.58
49,32,0.26672,437.86,-129.90,85.67,1497.06,-890.49,293.01
49,33,0.27563,450.21,-137.50,88.09,1385.62,-853.63,271.23
49,34,0.28406,462.47,-145.32,90.49,1456.16,-928.64,284.78
49,35,0.29236,474.66,-153.36,92.87,1468.01,-968.20,287.13
49,36,0.30017,486.76,-161.61,95.24,1549.22,-1056.23,303.12
49,37,0.30835,498.79,-170.08,97.59,1470.15,-1035.22,287.69
49,38,0.31677,510.73,-178.76,99.93,1417.75,-1030.74,277.54
49,39,0.32495,522.59,-187.66,102.25,1450.37,-1087.80,283.58
49,40,0.33337,534.37,-196.77,104.55,1398.55,-1081.79,273.55
49,41,0.34241,546.07,-206.10,106.84,1295.27,-1032.50,253.38
49,42,0.35022,557.69,-215.64,109.12,1487.11,-1221.35,291.02
49,43,0.35828,569.23,-225.39,111.37,1432.20,-1211.03,280.30
49,44,0.36670,580.68,-235.37,113.62,1360.14,-1183.90,266.30
49,45,0.37537,592.06,-245.55,115.84,1312.68,-1175.36,256.69
49,46,0.38306,603.35,-255.96,118.05,1468.65,-1352.57,287.30
49,47,0.39197,614.57,-266.57,120.25,1258.22,-1191.41,246.23
49,48,0.39966,625.70,-277.40,122.42,1447.62,-1408.48,283.33
49,49,0.40808,636.75,-288.45,124.59,1311.96,-1311.53,256.88
49,50,0.41638,647.72,-299.71,126.73,1321.69,-1356.72,258.46
49,51,0.42480,658.61,-311.19,128.86,1292.75,-1362.58,252.90
49,52,0.43298,669.42,-322.88,130.98,1321.64,-1429.55,258.58
49,53,0.44238,680.15,-334.79,133.08,1141.23,-1266.77,223.38
49,54,0.44971,690.79,-346.91,135.16,1453.75,-1655.04,284.58
49,55,0.45813,701.36,-359.25,137.23,1254.35,-1464.69,245.29
49,56,0.46643,711.84,-371.80,139.28,1263.24,-1512.13,247.06
49,57,0.47546,722.25,-384.57,141.31,1151.69,-1413.32,225.34
49,58,0.48389,732.57,-397.55,143.33,1225.72,-1541.26,239.86
49,59,0.49207,742.81,-410.74,145.34,1252.24,-1613.56,245.15
49,60,0.50000,752.98,-424.16,147.33,1280.77,-1690.31,250.38
49,61,0.50806,763.06,-437.78,149.30,1251.14,-1691.38,244.70
49,62,0.51648,773.06,-451.62,151.25,1187.32,-1643.37,232.25
49,63,0.52466,782.97,-465.68,153.20,1212.69,-1718.72,237.31
49,64,0.53320,792.81,-479.95,155.12,1151.07,-1670.22,225.36
49,65,0.54224,802.57,-494.44,157.03,1080.07,-1603.74,211.15
49,66,0.54993,812.24,-509.14,158.92,1257.94,-1911.71,246.03
49,67,0.55823,821.84,-524.06,160.80,1155.88,-1797.04,226.10
49,68,0.56677,831.35,-539.19,162.66,1113.21,-1770.86,217.86
49,69,0.57581,840.78,-554.54,164.51,1044.26,-1698.94,204.39
49,70,0.58362,850.13,-570.10,166.34,1196.88,-1991.92,234.38
49,71,0.59192,859.40,-585.88,168.15,1116.91,-1900.65,218.38
49,72,0.60034,868.59,-601.87,169.95,1090.94,-1898.63,213.41
49,73,0.60876,877.70,-618.08,171.73,1081.52,-1924.16,211.59
49,74,0.61707,886.73,-634.50,173.50,1087.50,-1978.36,212.87
49,75,0.62537,895.68,-651.13,175.25,1077.94,-2004.26,211.03
49,76,0.63367,904.54,-667.99,176.98,1068.01,-2030.16,208.82
49,77,0.64197,913.33,-685.05,178.70,1058.46,-2056.06,206.99
49,78,0.65039,922.03,-702.34,180.40,1033.33,-2051.79,202.17
49,79,0.65857,930.65,-719.83,182.09,1054.48,-2139.32,206.34
49,80,0.66724,939.20,-737.54,183.76,985.56,-2043.61,192.96
49,81,0.67590,947.66,-755.47,185.42,976.06,-2068.41,190.85
49,82,0.68372,956.04,-773.61,187.05,1072.66,-2322.17,209.77
49,83,0.69214,964.33,-791.97,188.68,985.14,-2179.42,192.75
49,84,0.70044,972.55,-810.54,190.29,990.07,-2237.37,193.75
49,85,0.70886,980.76,-812.12,192.45,974.28,-187.29,257.25
50,0,0.00000,0.00,0.00,0.00,-1153.26,-1475.53,-775.00
50,1,0.00842,-9.71,-12.64,-6.53,-1153.26,-1501.06,-775.00
50,2,0.01648,-19.43,-25.50,-13.06,-1205.68,-1595.97,-810.23
50,3,0.02490,-29.14,-38.57,-19.58,-1153.26,-1552.11,-775.00
50,4,0.03333,-38.85,-51.86,-26.11,-1153.26,-1577.64,-775.00
50,5,0.04150,-48.57,-65.37,-32.64,-1187.69,-1651.02,-798.13
50,6,0.05017,-58.28,-79.08,-39.17,-1120.77,-1582.81,-753.17
50,7,0.05823,-68.00,-93.02,-45.69,-1205.68,-1729.41,-810.23
50,8,0.06665,-77.75,-107.23,-52.25,-1158.33,-1687.03,-778.26
50,9,0.07495,-87.47,-121.59,-58.78,-1170.22,-1730.46,-786.40
50,10,0.08325,-97.18,-136.17,-65.30,-1170.22,-1756.36,-786.40
50,11,0.09155,-106.82,-150.96,-71.25,-1161.03,-1782.26,-716.54
50,12,0.10034,-116.04,-151.09,-71.81,-1049.65,-14.84,-63.54
51,0,0.00000,0.00,0.00,0.00,1001.06,-186.05,-1170.77
51,1,0.00842,8.68,-1.84,-10.15,1030.07,-218.16,-1204.71
51,2,0.01660,17.35,-3.90,-20.29,1060.82,-252.18,-1240.67
51,3,0.02539,26.03,-6.19,-30.44,987.15,-260.27,-1154.51
51,4,0.03308,34.70,-8.70,-40.59,1128.17,-326.71,-1319.44
51,5,0.04138,43.38,-11.44,-50.74,1045.22,-329.79,-1222.43
51,6,0.05005,52.06,-14.40,-60.88,1001.06,-341.82,-1170.77
51,7,0.05872,60.73,-17.59,-71.03,1001.06,-367.78,-1170.77
51,8,0.06689,69.44,-21.01,-81.21,1064.55,-418.68,-1244.78
51,9,0.07507,78.12,-24.65,-91.36,1060.82,-444.85,-1240.67
51,10,0.08313,86.79,-28.51,-101.50,1076.89,-479.52,-1259.47
51,11,0.09155,95.47,-32.60,-111.65,1030.07,-485.38,-1204.71
51,12,0.09973,104.14,-36.92,-121.80,1060.82,-527.38,-1240.67
51,13,0.10828,112.82,-41.45,-131.95,1015.36,-531.11,-1187.50
51,14,0.11719,121.50,-46.22,-142.09,973.63,-534.54,-1138.70
51,15,0.12488,130.17,-51.21,-152.24,1128.17,-648.64,-1319.44
51,16,0.13318,138.85,-56.42,-162.39,1045.22,-628.05,-1222.43
51,17,0.14185,147.53,-61.86,-172.53,1001.06,-627.48,-1170.77
51,18,0.15002,156.20,-67.52,-182.68,1060.82,-692.45,-1240.67
51,19,0.15845,165.78,-73.41,-188.40,1137.68,-699.09,-678.99
51,20,0.16687,176.36,-79.52,-190.24,1255.80,-725.80,-218.48
51,21,0.17529,188.44,-85.86,-189.72,1433.70,-752.52,61.23
51,22,0.18396,202.01,-92.42,-188.24,1565.49,-757.28,171.48
51,23,0.19153,216.79,-99.21,-186.50,1953.23,-896.94,229.44
51,24,0.20032,231.91,-106.23,-185.32,1720.83,-797.97,134.38
51,25,0.20837,246.15,-113.46,-184.71,1767.05,-898.43,75.38
51,26,0.21667,259.57,-120.93,-185.06,1616.91,-899.12,-41.91
51,27,0.22485,273.03,-128.62,-186.73,1645.15,-940.05,-204.48
51,28,0.23328,286.42,-136.53,-189.65,1589.86,-939.51,-345.65
51,29,0.24158,299.62,-144.67,-193.74,1591.18,-980.43,-493.01
51,30,0.25049,313.80,-153.03,-197.46,1590.41,-938.53,-417.81
51,31,0.25830,329.08,-161.62,-200.88,1956.64,-1099.31,-437.89
51,32,0.26660,344.79,-170.43,-204.90,1892.28,-1061.75,-484.19
51,33,0.27502,360.41,-179.47,-210.12,1854.35,-1073.08,-619.93
52,0,0.00000,0.00,0.00,0.00,611.23,-1008.71,-1033.33
52,1,0.00879,4.77,-8.71,-9.25,542.71,-991.14,-1052.08
52,2,0.01660,9.01,-17.64,-19.04,543.36,-1142.55,-1253.91
52,3,0.02490,12.75,-26.78,-29.35,450.37,-1101.25,-1241.91
52,4,0.03320,15.92,-36.13,-40.15,381.99,-1127.15,-1300.74
52,5,0.04163,18.46,-45.71,-51.41,300.72,-1136.34,-1336.59
52,6,0.04993,20.27,-55.49,-63.09,218.75,-1178.95,-1407.35
52,7,0.05811,21.33,-65.49,-75.15,129.48,-1222.84,-1474.63
52,8,0.06702,21.58,-75.71,-87.53,27.74,-1146.46,-1389.73
52,9,0.07471,20.94,-86.14,-100.18,-82.54,-1356.39,-1644.05
52,10,0.08313,19.62,-96.79,-113.00,-156.88,-1263.97,-1522.10
52,11,0.09119,17.79,-107.65,-125.96,-228.03,-1348.11,-1609.09
52,12,0.09973,15.38,-118.72,-139.04,-281.07,-1296.24,-1530.00
52,13,0.10803,12.18,-130.02,-152.16,-386.40,-1360.26,-1580.88
52,14,0.11633,8.14,-141.52,-165.26,-486.40,-1386.16,-1579.04
52,15,0.12463,3.48,-153.24,-178.33,-561.76,-1412.07,-1574.26
52,16,0.13306,-1.74,-165.18,-191.33,-618.84,-1417.13,-1543.48
52,17,0.14124,-7.49,-177.33,-204.23,-702.99,-1485.72,-1576.49
52,18,0.14966,-13.71,-189.70,-216.99,-739.49,-1468.18,-1515.58
52,19,0.15796,-20.23,-202.28,-229.66,-785.29,-1515.67,-1526.47
52,20,0.16687,-26.75,-215.07,-242.33,-731.51,-1435.99,-1421.92
52,21,0.17456,-33.27,-217.93,-255.00,-847.62,-370.81,-1647.62
53,0,0.00000,0.00,0.00,0.00,580.80,1132.16,-960.14
53,1,0.00818,4.89,9.32,-8.09,598.13,1139.66,-988.81
53,2,0.01672,9.78,18.43,-16.17,572.50,1065.66,-946.43
53,3,0.02515,14.68,27.32,-24.26,580.80,1055.57,-960.14
53,4,0.03369,19.57,35.99,-32.35,572.50,1015.33,-946.43
53,5,0.04199,24.46,44.45,-40.44,589.34,1019.30,-974.26
53,6,0.05017,29.35,52.70,-48.52,598.13,1008.22,-988.81
53,7,0.05859,34.24,60.73,-56.61,580.80,953.48,-960.14
53,8,0.06665,39.14,68.55,-64.70,607.20,970.12,-1003.79
53,9,0.07520,44.03,76.15,-72.78,572.50,889.53,-946.43
53,10,0.08350,48.92,83.53,-80.87,589.34,889.79,-974.26
53,11,0.09180,53.81,90.71,-88.96,589.34,863.89,-974.26
53,12,0.09985,58.70,97.66,-97.05,607.20,863.38,-1003.79
53,13,0.10840,63.60,104.40,-105.13,572.50,788.88,-946.43
53,14,0.11682,68.49,110.93,-113.22,580.80,774.78,-960.14
53,15,0.12524,73.38,117.24,-121.31,580.80,749.26,-960.14
53,16,0.13367,78.27,123.34,-129.39,580.80,723.73,-960.14
53,17,0.14172,83.16,129.22,-137.48,607.20,729.95,-1003.79
53,18,0.15015,88.06,134.88,-145.57,580.80,672.68,-960.14
53,19,0.15833,92.95,140.33,-153.66,598.13,666.48,-988.81
53,20,0.16663,97.84,145.57,-161.74,589.34,630.77,-974.26
53,21,0.17505,102.73,150.59,-169.83,580.80,596.11,-960.14
53,22,0.18359,107.62,155.40,-177.92,572.50,562.43,-946.43
53,23,0.19165,112.52,159.99,-186.00,607.20,569.83,-1003.79
53,24,0.20007,117.41,164.36,-194.09,580.80,519.53,-960.14
53,25,0.20837,122.30,168.52,-202.18,589.34,501.26,-974.26
53,26,0.21692,127.19,172.47,-210.27,572.50,461.79,-946.43
53,27,0.22510,132.08,176.20,-218.35,598.13,456.17,-988.81
53,28,0.23340,136.98,179.72,-226.44,589.34,423.56,-974.26
53,29,0.24219,141.87,183.02,-234.53,556.60,375.56,-920.14
53,30,0.24988,146.76,186.10,-242.61,636.11,401.26,-1051.59
53,31,0.25842,151.65,188.97,-250.70,572.50,335.97,-946.43
53,32,0.26672,156.54,191.63,-258.79,589.34,319.96,-974.26
53,33,0.27502,161.43,194.07,-266.88,589.34,294.05,-974.26
53,34,0.28369,166.33,196.30,-274.96,564.44,256.82,-933.10
53,35,0.29175,171.22,198.31,-283.05,607.20,249.59,-1003.79
53,36,0.30005,176.11,200.10,-291.14,589.34,216.35,-974.26
53,37,0.30872,181.00,201.68,-299.22,564.44,182.39,-933.10
53,38,0.31702,185.94,203.06,-307.38,594.49,165.89,-982.72
53,39,0.32507,190.83,204.21,-315.47,607.20,142.60,-1003.79
53,40,0.33350,195.72,205.14,-323.56,580.80,110.88,-960.14
53,41,0.34192,200.61,205.86,-331.64,580.80,85.35,-960.14
53,42,0.35034,205.51,206.37,-339.73,580.80,59.83,-960.14
53,43,0.35828,210.40,206.66,-347.82,616.54,36.41,-1019.23
53,44,0.36694,215.29,206.73,-355.91,564.44,8.53,-933.10
53,45,0.37524,220.18,206.59,-363.99,589.34,-16.99,-974.26
53,46,0.38379,225.07,206.23,-372.08,572.50,-41.67,-946.43
53,47,0.39172,229.97,205.66,-380.17,616.54,-71.97,-1019.23
53,48,0.40039,234.86,204.87,-388.25,564.44,-90.70,-933.10
53,49,0.40857,239.75,203.87,-396.34,598.13,-122.40,-988.81
53,50,0.41711,244.64,202.66,-404.43,572.50,-142.32,-946.43
53,51,0.42493,249.53,201.23,-412.52,626.17,-183.18,-1035.16
53,52,0.43347,254.43,199.58,-420.60,572.50,-192.65,-946.43
53,53,0.44189,259.32,197.72,-428.69,580.80,-220.96,-960.14
53,54,0.45032,264.21,195.64,-436.78,580.80,-246.49,-960.14
53,55,0.45850,269.10,193.35,-444.86,598.13,-280.13,-988.81
53,56,0.46680,273.99,190.85,-452.95,589.34,-301.92,-974.26
53,57,0.47546,278.88,188.12,-461.04,564.44,-313.96,-933.10
53,58,0.48376,283.78,185.19,-469.13,589.34,-353.72,-974.26
53,59,0.49170,288.67,182.04,-477.21,616.54,-397.14,-1019.23
53,60,0.50000,293.56,178.67,-485.30,589.34,-405.53,-974.26
53,61,0.50867,298.45,175.09,-493.39,564.44,-413.19,-933.10
53,62,0.51709,303.34,171.29,-501.47,580.80,-450.70,-960.14
53,63,0.52515,308.24,167.28,-509.56,607.20,-497.87,-1003.79
53,64,0.53345,313.13,163.06,-517.65,589.34,-509.12,-974.26
53,65,0.54199,318.02,158.62,-525.74,572.50,-519.74,-946.43
53,66,0.55029,322.91,153.96,-533.82,589.34,-560.93,-974.26
53,67,0.55823,327.80,149.09,-541.91,616.54,-613.92,-1019.23
53,68,0.56677,332.70,144.00,-550.00,572.50,-595.22,-946.43
53,69,0.57495,337.59,138.70,-558.08,598.13,-648.17,-988.81
53,70,0.58386,342.48,133.18,-566.17,548.97,-619.02,-907.53
53,71,0.59180,347.37,127.45,-574.26,616.54,-722.31,-1019.23
53,72,0.59998,352.26,121.51,-582.35,598.13,-727.03,-988.81
53,73,0.60852,357.16,115.35,-590.43,572.50,-721.04,-946.43
53,74,0.61719,362.05,108.96,-598.53,565.14,-736.45,-933.80
53,75,0.62512,366.95,102.37,-606.61,616.54,-830.72,-1019.23
53,76,0.63379,371.84,95.57,-614.70,564.44,-785.33,-933.10
53,77,0.64172,376.73,88.54,-622.79,616.54,-884.92,-1019.23
53,78,0.65015,381.62,81.31,-630.87,580.80,-859.14,-960.14
53,79,0.65845,386.51,73.86,-638.96,589.34,-897.68,-974.26
53,80,0.66663,391.41,66.19,-647.05,598.13,-937.36,-988.81
53,81,0.67505,396.30,58.31,-655.14,580.80,-935.72,-960.14
53,82,0.68335,401.19,50.21,-663.22,589.34,-975.38,-974.26
53,83,0.69189,406.08,41.90,-671.31,572.50,-972.68,-946.43
53,84,0.70032,410.97,33.37,-679.40,580.80,-1012.30,-960.14
53,85,0.70850,415.87,24.63,-687.48,598.13,-1068.81,-988.81
53,86,0.71680,420.81,15.58,-695.66,595.96,-1090.96,-984.93
53,87,0.72546,425.70,6.40,-703.75,564.44,-1058.47,-933.10
53,88,0.73389,430.66,-3.11,-711.94,588.41,-1129.42,-972.46
53,89,0.74207,435.55,-12.72,-720.03,598.13,-1174.59,-988.81
53,90,0.75024,440.44,-22.54,-728.11,598.13,-1200.87,-988.81
53,91,0.75891,445.34,-32.57,-736.20,564.44,-1158.03,-933.10
53,92,0.76721,450.23,-42.83,-744.29,589.34,-1235.02,-974.26
53,93,0.77551,455.12,-53.29,-752.37,589.34,-1260.93,-974.26
53,94,0.78357,460.01,-63.97,-760.46,607.20,-1325.82,-1003.79
53,95,0.79199,464.90,-74.87,-768.55,580.80,-1293.70,-960.14
53,96,0.80029,469.80,-85.98,-776.64,589.34,-1338.63,-974.26
53,97,0.80872,474.69,-97.31,-784.72,580.80,-1344.76,-960.14
53,98,0.81689,479.58,-108.85,-792.81,598.13,-1411.18,-988.81
53,99,0.82520,484.47,-120.61,-800.90,589.34,-1416.34,-974.26
53,100,0.83374,489.36,-132.58,-808.98,572.50,-1401.03,-946.43
53,101,0.84204,494.26,-144.77,-817.07,589.34,-1468.13,-974.26
53,102,0.85046,499.15,-157.17,-825.16,580.80,-1472.38,-960.14
53,103,0.85864,504.04,-169.78,-833.25,598.13,-1542.62,-988.81
53,104,0.86719,508.93,-182.62,-841.33,572.50,-1501.67,-946.43
53,105,0.87561,513.82,-195.66,-849.42,580.80,-1548.96,-960.14
53,106,0.88367,518.72,-208.92,-857.51,607.20,-1646.06,-1003.79
53,107,0.89197,523.61,-222.40,-865.59,589.34,-1623.54,-974.26
53,108,0.90039,528.50,-236.09,-873.68,580.80,-1625.54,-960.14
53,109,0.90869,533.39,-250.00,-881.77,589.34,-1675.34,-974.26
53,110,0.91687,538.28,-264.12,-889.86,598.13,-1726.64,-988.81
53,111,0.92517,543.18,-278.46,-897.94,589.34,-1727.15,-974.26
53,112,0.93384,548.07,-293.01,-906.03,564.44,-1678.98,-933.10
53,113,0.94202,552.96,-307.78,-914.12,598.13,-1805.50,-988.81
53,114,0.95056,557.85,-322.76,-922.20,572.50,-1753.29,-946.43
53,115,0.95874,562.74,-337.96,-930.29,598.13,-1858.08,-988.81
53,116,0.96777,567.64,-353.37,-938.38,541.55,-1706.12,-895.27
53,117,0.97559,572.53,-368.99,-946.47,626.17,-2000.22,-1035.16
53,118,0.98389,577.42,-384.84,-954.55,589.34,-1908.46,-974.26
53,119,0.99194,582.31,-400.89,-962.64,607.20,-1992.98,-1003.79
53,120,1.00037,587.20,-417.16,-970.73,580.80,-1931.85,-960.14
53,121,1.00854,592.10,-433.65,-978.81,598.13,-2015.81,-988.81
53,122,1.01746,596.99,-450.35,-986.90,548.97,-1874.25,-907.53
53,123,1.02527,601.88,-467.27,-994.99,626.17,-2165.34,-1035.16
53,124,1.03369,606.77,-484.40,-1003.08,580.80,-2033.96,-960.14
53,125,1.04224,611.66,-501.75,-1011.16,572.50,-2030.07,-946.43
53,126,1.05042,616.56,-519.31,-1019.25,598.13,-2147.25,-988.81
53,127,1.05872,621.45,-537.09,-1027.34,589.34,-2141.58,-974.26
53,128,1.06714,626.34,-555.08,-1035.42,580.80,-2136.06,-960.14
53,129,1.07605,631.23,-573.28,-1043.51,548.97,-2043.15,-907.53
53,130,1.08374,636.12,-591.71,-1051.60,636.11,-2395.41,-1051.59
53,131,1.09216,641.02,-610.34,-1059.69,580.80,-2212.64,-960.14
53,132,1.10059,645.91,-629.19,-1067.77,580.80,-2238.17,-960.14
53,133,1.10864,650.80,-648.26,-1075.86,607.20,-2366.59,-1003.79
53,134,1.11743,655.69,-667.54,-1083.95,556.60,-2193.84,-920.14
53,135,1.12585,660.58,-687.04,-1092.03,580.80,-2314.75,-960.14
53,136,1.13391,665.48,-706.75,-1100.12,607.20,-2446.65,-1003.79
53,137,1.14294,670.39,-726.77,-1108.25,543.92,-2216.09,-899.32
53,138,1.15125,675.28,-746.91,-1116.33,589.34,-2426.61,-974.26
53,139,1.15881,680.17,-767.27,-1124.42,646.37,-2689.85,-1068.55
53,140,1.16760,685.06,-787.84,-1132.51,556.60,-2340.72,-920.14
53,141,1.17603,689.96,-808.63,-1140.59,580.80,-2468.20,-960.14
53,142,1.18396,694.85,-829.64,-1148.68,616.54,-2647.00,-1019.23
53,143,1.19263,699.74,-850.85,-1156.77,564.44,-2448.12,-933.10
53,144,1.20056,704.63,-872.29,-1164.86,616.54,-2701.19,-1019.23
53,145,1.20886,709.52,-893.93,-1172.94,589.34,-2607.92,-974.26
53,146,1.21741,714.42,-915.80,-1181.03,572.50,-2558.57,-946.43
53,147,1.22546,719.31,-937.87,-1189.12,607.20,-2740.32,-1003.79
53,148,1.23389,724.20,-960.17,-1197.20,580.80,-2646.71,-960.14
53,149,1.24219,729.09,-982.68,-1205.29,589.34,-2711.53,-974.26
53,150,1.25073,733.98,-1005.40,-1213.38,572.50,-2659.22,-946.43
53,151,1.25891,738.88,-1028.34,-1221.47,598.13,-2804.58,-988.81
53,152,1.26721,743.77,-1051.49,-1229.55,589.34,-2789.23,-974.26
53,153,1.27637,748.70,-1075.05,-1237.70,538.67,-2573.25,-890.33
53,154,1.28430,753.59,-1098.63,-1245.79,616.54,-2972.38,-1019.23
53,155,1.29248,758.48,-1122.43,-1253.88,598.13,-2909.94,-988.81
53,156,1.30103,763.41,-1146.60,-1262.01,576.07,-2828.18,-952.14
53,157,1.30920,757.79,-1148.99,-1267.54,-686.94,-292.04,-675.75
54,0,0.00000,0.00,0.00,0.00,-1539.39,-495.60,-1132.58
54,1,0.00854,-12.40,-4.21,-9.12,-1451.43,-492.44,-1067.86
54,2,0.01733,-24.80,-8.63,-18.25,-1411.11,-503.22,-1038.19
54,3,0.02515,-37.30,-13.30,-27.44,-1598.83,-597.85,-1176.17
54,4,0.03333,-49.70,-18.16,-36.56,-1516.42,-593.53,-1115.67
54,5,0.04175,-62.10,-23.23,-45.69,-1472.46,-601.86,-1083.33
54,6,0.05005,-74.50,-28.51,-54.81,-1494.12,-636.61,-1099.26
54,7,0.05835,-86.90,-34.01,-63.94,-1494.12,-662.51,-1099.26
54,8,0.06665,-99.31,-39.72,-73.06,-1494.12,-688.41,-1099.26
54,9,0.07544,-111.71,-45.65,-82.19,-1411.11,-674.63,-1038.19
54,10,0.08325,-124.11,-51.80,-91.31,-1587.50,-786.48,-1167.97
54,11,0.09167,-136.51,-58.16,-100.44,-1472.46,-755.02,-1083.33
54,12,0.09985,-148.92,-64.73,-109.56,-1516.42,-803.84,-1115.67
54,13,0.10828,-161.32,-71.52,-118.69,-1472.46,-806.06,-1083.33
54,14,0.11719,-173.72,-78.52,-127.81,-1391.78,-786.02,-1023.97
54,15,0.12500,-186.12,-85.74,-136.94,-1587.50,-924.08,-1167.97
54,16,0.13318,-198.53,-93.18,-146.06,-1516.42,-908.99,-1115.67
54,17,0.14172,-210.93,-100.83,-155.18,-1451.43,-895.20,-1067.86
54,18,0.14978,-223.33,-108.69,-164.31,-1539.39,-976.14,-1132.58
54,19,0.15820,-235.73,-116.77,-173.43,-1472.46,-959.22,-1083.33
54,20,0.16650,-248.14,-125.07,-182.56,-1494.12,-999.23,-1099.26
54,21,0.17554,-260.54,-133.58,-191.68,-1372.97,-942.01,-1010.14
54,22,0.18311,-272.94,-142.30,-200.81,-1638.71,-1152.75,-1205.65
54,23,0.19153,-285.34,-151.24,-209.93,-1472.46,-1061.33,-1083.33
54,24,0.19983,-297.74,-160.39,-219.06,-1494.12,-1102.84,-1099.26
54,25,0.20825,-310.15,-169.76,-228.18,-1472.46,-1112.38,-1083.33
54,26,0.21655,-322.55,-179.35,-237.31,-1494.12,-1154.64,-1099.26
54,27,0.22498,-334.95,-189.15,-246.43,-1472.46,-1163.43,-1083.33
54,28,0.23315,-347.35,-199.16,-255.56,-1516.42,-1224.45,-1115.67
54,29,0.24158,-359.77,-209.40,-264.69,-1474.64,-1216.21,-1084.78
54,30,0.24988,-372.18,-219.85,-273.82,-1494.12,-1258.28,-1099.26
54,31,0.25818,-384.58,-230.51,-282.94,-1494.12,-1284.18,-1099.26
54,32,0.26721,-396.98,-241.38,-292.07,-1372.97,-1203.86,-1010.14
54,33,0.27563,-409.38,-252.47,-301.19,-1472.46,-1316.62,-1083.33
54,34,0.28320,-421.79,-263.78,-310.32,-1638.71,-1493.68,-1205.65
54,35,0.29163,-434.19,-275.30,-319.44,-1472.46,-1367.68,-1083.33
54,36,0.29993,-446.59,-287.03,-328.57,-1494.12,-1413.69,-1099.26
54,37,0.30847,-458.99,-298.98,-337.69,-1451.43,-1398.46,-1067.86
54,38,0.31653,-471.40,-311.15,-346.82,-1539.39,-1509.90,-1132.58
54,39,0.32507,-483.80,-323.53,-355.94,-1451.43,-1448.79,-1067.86
54,40,0.33325,-496.20,-336.12,-365.07,-1516.42,-1539.95,-1115.67
54,41,0.34180,-508.60,-348.93,-374.19,-1451.43,-1499.11,-1067.86
54,42,0.34985,-521.01,-361.96,-383.32,-1539.39,-1616.65,-1132.58
54,43,0.35828,-533.41,-375.20,-392.44,-1472.46,-1571.89,-1083.33
54,44,0.36768,-545.81,-388.65,-401.57,-1319.48,-1431.45,-970.78
54,45,0.37671,-558.21,-402.32,-410.69,-1372.97,-1513.28,-1010.14
54,46,0.38330,-570.61,-416.21,-419.82,-1881.48,-2106.37,-1384.26
54,47,0.39172,-583.02,-430.31,-428.94,-1472.46,-1673.99,-1083.33
54,48,0.40027,-595.42,-444.62,-438.06,-1451.43,-1675.24,-1067.86
54,49,0.40881,-607.82,-459.15,-447.19,-1451.43,-1700.40,-1067.86
54,50,0.41748,-620.22,-473.89,-456.31,-1430.99,-1701.26,-1052.82
54,51,0.42603,-632.63,-488.85,-465.44,-1451.43,-1750.72,-1067.86
54,52,0.43335,-645.03,-504.03,-474.56,-1693.33,-2071.87,-1245.83
54,53,0.44177,-657.43,-519.42,-483.69,-1472.46,-1827.15,-1083.33
54,54,0.44995,-669.83,-535.02,-492.81,-1516.42,-1907.98,-1115.67
54,55,0.45850,-682.24,-550.84,-501.94,-1451.43,-1851.37,-1067.86
54,56,0.46838,-696.71,-560.49,-513.65,-1463.89,-975.43,-1184.57
55,0,0.00000,0.00,0.00,0.00,-894.85,-824.57,1540.07
55,1,0.00867,-7.39,-7.06,12.71,-852.11,-814.54,1466.90
55,2,0.01685,-14.73,-14.33,25.35,-898.13,-889.46,1545.52
55,3,0.02502,-22.03,-21.82,37.92,-892.91,-915.74,1536.94
55,4,0.03345,-29.30,-29.53,50.42,-862.32,-914.72,1484.06
55,5,0.04175,-36.52,-37.45,62.85,-869.85,-954.08,1497.06
55,6,0.04993,-43.70,-45.58,75.21,-877.99,-994.61,1510.82
55,7,0.05847,-50.84,-53.93,87.49,-835.36,-977.14,1437.86
55,8,0.06665,-57.93,-62.50,99.71,-867.54,-1047.18,1493.28
55,9,0.07507,-64.99,-71.28,111.85,-837.68,-1042.36,1441.67
55,10,0.08411,-72.00,-80.27,123.92,-776.35,-995.73,1336.15
55,11,0.09180,-78.97,-89.48,135.92,-906.75,-1197.54,1560.32
55,12,0.09998,-85.90,-98.91,147.85,-847.39,-1152.34,1458.58
55,13,0.10852,-92.79,-108.54,159.70,-806.07,-1128.11,1387.50
55,14,0.11694,-99.64,-118.40,171.49,-813.04,-1169.99,1399.28
55,15,0.12512,-106.45,-128.47,183.21,-832.09,-1231.20,1432.46
55,16,0.13342,-113.21,-138.75,194.85,-815.07,-1239.00,1402.57
55,17,0.14185,-119.93,-149.25,206.42,-798.19,-1246.57,1373.91
55,18,0.15002,-126.62,-159.97,217.92,-817.16,-1310.07,1405.97
55,19,0.15857,-133.26,-170.90,229.35,-777.14,-1279.08,1337.50
55,20,0.16675,-139.86,-182.04,240.71,-806.72,-1362.65,1388.81
55,21,0.17590,-146.41,-193.40,251.99,-716.33,-1240.78,1232.67
55,22,0.18347,-152.93,-204.98,263.21,-860.89,-1529.35,1481.85
55,23,0.19189,-159.41,-216.77,274.35,-768.84,-1399.72,1323.19
55,24,0.20007,-165.84,-228.77,285.42,-786.57,-1467.79,1353.73
55,25,0.20862,-172.23,-240.99,296.43,-747.86,-1430.05,1287.50
55,26,0.21692,-178.58,-253.43,307.35,-765.07,-1498.01,1316.54
55,27,0.22522,-184.89,-266.08,318.21,-759.93,-1523.91,1308.09
55,28,0.23352,-191.16,-278.94,329.00,-755.15,-1549.82,1299.63
55,29,0.24182,-197.38,-292.02,339.72,-750.00,-1575.72,1290.81
55,30,0.25012,-203.57,-305.31,350.36,-745.22,-1601.62,1282.35
55,31,0.25842,-209.71,-318.82,360.93,-740.07,-1627.52,1273.90
55,32,0.26672,-215.81,-332.55,371.44,-734.93,-1653.42,1265.07
55,33,0.27551,-221.87,-346.49,381.87,-689.58,-1586.03,1186.81
55,34,0.28308,-227.89,-360.64,392.22,-795.16,-1870.25,1368.55
55,35,0.29150,-233.87,-375.01,402.51,-709.78,-1706.04,1221.38
55,36,0.29980,-239.80,-389.60,412.73,-715.07,-1757.03,1230.88
55,37,0.30823,-245.70,-404.40,422.87,-699.64,-1757.09,1204.35
55,38,0.31677,-251.55,-419.41,432.95,-685.00,-1757.15,1178.93
55,39,0.32520,-257.36,-434.64,442.95,-689.86,-1808.14,1187.68
55,40,0.33350,-263.13,-450.09,452.88,-695.22,-1860.64,1196.32
55,41,0.34192,-268.86,-465.75,462.74,-680.07,-1859.19,1170.65
55,42,0.34998,-274.55,-481.62,472.53,-706.06,-1970.39,1214.77
55,43,0.35840,-280.19,-497.71,482.24,-670.29,-1910.25,1153.62
55,44,0.36670,-285.80,-514.02,491.89,-675.00,-1964.24,1162.13
55,45,0.37500,-291.36,-530.54,501.46,-670.22,-1990.14,1153.31
55,46,0.38416,-296.88,-547.27,510.97,-603.00,-1827.88,1038.00
55,47,0.39185,-302.36,-564.22,520.40,-712.70,-2204.01,1226.59
55,48,0.40015,-307.80,-581.38,529.76,-655.15,-2067.85,1127.57
55,49,0.40845,-313.20,-598.76,539.05,-650.00,-2093.75,1119.12
55,50,0.41699,-318.55,-616.36,548.27,-626.79,-2059.09,1078.57
55,51,0.42517,-323.86,-634.17,557.41,-649.63,-2177.58,1118.28
55,52,0.43347,-329.14,-652.19,566.49,-635.29,-2171.45,1093.38
55,53,0.44202,-334.37,-670.43,575.49,-612.14,-2134.57,1053.57
55,54,0.45007,-339.56,-688.89,584.42,-644.32,-2290.63,1108.71
55,55,0.45862,-344.71,-707.56,593.29,-602.50,-2184.90,1037.14
55,56,0.46704,-349.81,-726.44,602.08,-606.16,-2242.09,1043.48
55,57,0.47595,-354.88,-745.54,610.79,-568.49,-2143.36,978.42
55,58,0.48352,-359.90,-764.86,619.44,-663.71,-2552.04,1142.34
55,59,0.49207,-364.89,-784.39,628.02,-583.21,-2285.54,1003.57
55,60,0.50024,-370.08,-798.02,636.79,-635.45,-1667.23,1073.13
56,0,0.00000,0.00,0.00,0.00,1036.76,-1217.99,-1236.40
56,1,0.00842,8.61,-10.33,-10.26,1021.74,-1225.86,-1218.48
56,2,0.01746,17.21,-20.87,-20.53,952.70,-1166.83,-1136.15
56,3,0.02527,17.21,-20.87,-20.53,0.00,0.00,0.00
56,4,0.03333,17.21,-20.87,-20.53,0.00,0.00,0.00
56,5,0.04187,17.21,-20.87,-20.53,0.00,0.00,0.00
56,6,0.05078,17.21,-20.87,-20.53,0.00,0.00,0.00
56,7,0.05835,17.21,-20.87,-20.53,0.00,0.00,0.00
56,8,0.06677,17.21,-20.87,-20.53,0.00,0.00,0.00
56,9,0.07507,25.82,-31.62,-30.79,1036.76,-1295.69,-1236.40
56,10,0.08350,34.42,-42.59,-41.05,1021.74,-1302.44,-1218.48
56,11,0.09192,40.75,-53.78,-45.42,751.45,-1327.96,-518.84
56,12,0.10071,44.38,-65.18,-40.99,412.15,-1297.09,503.82
56,13,0.10852,47.86,-76.79,-33.00,446.09,-1486.75,1023.05
56,14,0.11731,52.33,-88.62,-23.81,508.68,-1346.02,1045.49
56,15,0.12537,58.26,-100.67,-14.65,735.98,-1495.07,1137.12
56,16,0.13354,65.67,-112.93,-6.30,906.34,-1499.04,1020.52
56,17,0.14185,74.23,-125.40,0.48,1030.51,-1502.90,817.28
56,18,0.15088,83.66,-138.09,4.66,1044.59,-1404.85,462.84
56,19,0.15918,93.69,-151.00,6.41,1208.09,-1554.70,210.66
56,20,0.16687,104.09,-164.12,6.11,1351.98,-1706.05,-38.49
56,21,0.17529,114.67,-177.45,3.98,1255.80,-1583.23,-253.62
56,22,0.18359,125.36,-191.00,0.52,1288.24,-1632.41,-415.81
56,23,0.19189,135.93,-204.77,-4.46,1273.90,-1658.31,-600.00
56,24,0.20020,146.38,-218.75,-10.54,1258.82,-1684.21,-732.72
56,25,0.20850,156.57,-232.94,-17.73,1227.21,-1710.11,-866.18
56,26,0.21765,166.27,-247.36,-26.16,1059.00,-1573.99,-921.33
56,27,0.22534,175.15,-261.98,-36.02,1155.56,-1901.75,-1281.75
56,28,0.23352,183.76,-276.82,-46.28,1052.24,-1814.50,-1254.85
56,29,0.24182,192.36,-291.88,-56.55,1036.76,-1813.72,-1236.40
56,30,0.25085,200.97,-307.15,-66.81,952.70,-1690.46,-1136.15
56,31,0.25854,209.76,-322.63,-74.62,1142.46,-2013.58,-1016.27
56,32,0.26685,219.71,-338.33,-71.99,1198.53,-1891.43,317.65
56,33,0.27515,230.03,-354.25,-69.59,1243.75,-1917.33,289.34
56,34,0.28357,240.56,-370.38,-68.38,1250.72,-1915.07,142.75
56,35,0.29187,251.23,-386.72,-68.44,1284.56,-1969.13,-6.99
56,36,0.30017,261.94,-403.28,-69.76,1291.18,-1995.03,-159.19
56,37,0.30835,272.63,-420.06,-72.36,1307.09,-2051.10,-317.91
56,38,0.31750,283.21,-437.05,-76.26,1155.00,-1855.80,-425.67
56,39,0.32544,293.57,-454.25,-81.48,1306.15,-2168.40,-657.31
56,40,0.33325,303.63,-471.67,-88.02,1286.72,-2229.80,-837.89
56,41,0.34167,313.30,-489.31,-95.74,1148.55,-2093.75,-915.94
56,42,0.35144,322.65,-507.16,-104.33,957.19,-1827.87,-880.00
56,43,0.35913,332.81,-508.55,-112.78,1321.03,-181.00,-1098.81
57,0,0.00000,0.00,0.00,0.00,1746.38,-589.85,467.03
57,1,0.00854,14.63,-5.18,3.91,1712.14,-606.58,457.86
57,2,0.01660,29.18,-10.58,7.80,1806.06,-670.03,482.95
57,3,0.02478,43.65,-16.19,11.67,1769.40,-686.32,473.13
57,4,0.03296,58.04,-22.02,15.52,1759.70,-712.61,470.52
57,5,0.04138,72.36,-28.07,19.35,1699.28,-717.48,454.35
57,6,0.04993,86.59,-34.32,23.15,1665.36,-732.39,445.36
57,7,0.05786,100.74,-40.80,26.94,1783.46,-815.82,476.92
57,8,0.06628,114.81,-47.49,30.70,1670.65,-794.06,446.74
57,9,0.07458,128.80,-54.39,34.44,1685.66,-831.63,450.74
57,10,0.08289,142.72,-61.51,38.16,1676.10,-857.54,448.16
57,11,0.09155,156.55,-68.84,41.86,1596.13,-846.11,426.76
57,12,0.09998,170.30,-76.39,45.54,1632.97,-896.16,436.59
57,13,0.10815,183.98,-84.15,49.19,1672.01,-949.20,447.01
57,14,0.11646,197.57,-92.13,52.83,1637.50,-961.14,437.87
57,15,0.12476,211.08,-100.32,56.44,1627.94,-987.04,435.29
57,16,0.13318,224.52,-108.73,60.03,1594.93,-998.26,426.45
57,17,0.14172,237.87,-117.35,63.60,1562.86,-1009.17,417.86
57,18,0.14978,251.15,-126.19,67.15,1647.73,-1097.01,440.53
57,19,0.15796,264.34,-135.25,70.68,1613.43,-1106.93,431.34
57,20,0.16614,277.46,-144.51,74.19,1603.73,-1133.22,428.73
57,21,0.17468,290.50,-154.00,77.67,1525.71,-1109.81,407.86
57,22,0.18298,303.45,-163.70,81.14,1561.03,-1168.35,417.28
57,23,0.19153,316.33,-173.61,84.58,1506.79,-1160.14,402.86
57,24,0.19946,329.13,-183.74,88.00,1612.69,-1276.47,431.15
57,25,0.20813,341.84,-194.08,91.40,1467.25,-1193.41,392.25
57,26,0.21631,354.48,-204.64,94.78,1545.15,-1290.95,413.06
57,27,0.22461,367.04,-215.41,98.14,1512.87,-1297.86,404.41
57,28,0.23303,379.52,-226.40,101.47,1481.52,-1304.58,396.01
57,29,0.24121,391.92,-237.60,104.79,1516.04,-1369.81,405.22
57,30,0.24976,404.24,-249.02,108.08,1441.79,-1336.27,385.36
57,31,0.25806,416.47,-260.66,111.35,1474.26,-1401.47,394.12
57,32,0.26624,428.63,-272.50,114.60,1486.57,-1448.68,397.39
57,33,0.27466,440.71,-284.57,117.83,1434.06,-1432.21,383.33
57,34,0.28296,452.71,-296.85,121.04,1445.59,-1479.17,386.40
57,35,0.29114,464.63,-309.34,124.22,1457.46,-1527.54,389.55
57,36,0.29968,476.47,-322.05,127.39,1385.71,-1487.23,370.36
57,37,0.30823,488.23,-334.97,130.53,1376.43,-1512.40,367.86
57,38,0.31689,499.91,-348.11,133.65,1347.89,-1515.90,360.21
57,39,0.32471,511.51,-353.50,136.73,1484.77,-689.94,394.14
58,0,0.00000,0.00,0.00,0.00,1673.16,-450.55,-807.72
58,1,0.00793,13.89,-3.95,-6.70,1750.38,-498.44,-845.00
58,2,0.01672,27.78,-8.12,-13.41,1580.21,-474.44,-762.85
58,3,0.02478,41.67,-12.51,-20.11,1723.86,-544.26,-832.20
58,4,0.03381,55.55,-17.11,-26.82,1537.50,-509.22,-742.23
58,5,0.04211,69.44,-21.92,-33.52,1673.16,-580.06,-807.72
58,6,0.05005,83.34,-26.96,-40.23,1751.92,-634.50,-845.77
58,7,0.05798,97.23,-32.20,-46.94,1750.38,-661.05,-845.00
58,8,0.06628,111.12,-37.66,-53.64,1673.16,-657.78,-807.72
58,9,0.07458,125.01,-43.34,-60.35,1673.16,-683.69,-807.72
58,10,0.08350,138.90,-49.23,-67.05,1558.56,-660.99,-752.40
58,11,0.09167,152.79,-55.33,-73.76,1698.13,-746.47,-819.78
58,12,0.09973,166.67,-61.65,-80.46,1723.86,-784.46,-832.20
58,13,0.10803,180.56,-68.19,-87.17,1673.16,-787.29,-807.72
58,14,0.11633,194.45,-74.94,-93.87,1673.16,-813.20,-807.72
58,15,0.12500,208.34,-81.91,-100.58,1602.46,-803.64,-773.59
58,16,0.13306,222.23,-89.09,-107.28,1723.86,-891.21,-832.20
58,17,0.14172,236.12,-96.48,-113.99,1602.46,-853.25,-773.59
58,18,0.14990,250.01,-104.09,-120.69,1698.13,-930.48,-819.78
58,19,0.15808,263.89,-111.92,-127.40,1698.13,-956.77,-819.78
58,20,0.16626,277.78,-119.96,-134.10,1698.13,-983.06,-819.78
58,21,0.17480,291.67,-128.21,-140.81,1625.36,-966.09,-784.64
58,22,0.18323,305.56,-136.68,-147.51,1648.91,-1005.62,-796.01
58,23,0.19141,319.45,-145.37,-154.21,1698.13,-1061.92,-819.78
58,24,0.19995,333.34,-154.27,-160.92,1625.36,-1041.57,-784.64
58,25,0.20789,347.23,-163.38,-167.62,1750.38,-1148.79,-845.00
58,26,0.21619,361.11,-172.71,-174.33,1673.16,-1124.01,-807.72
58,27,0.22485,375.00,-182.26,-181.03,1602.46,-1101.33,-773.59
58,28,0.23303,388.89,-192.02,-187.74,1698.13,-1193.37,-819.78
58,29,0.24133,402.78,-201.99,-194.44,1673.16,-1201.71,-807.72
58,30,0.25024,416.67,-212.18,-201.15,1558.56,-1143.53,-752.40
58,31,0.25793,430.56,-222.59,-207.85,1805.95,-1353.00,-871.83
58,32,0.26648,444.45,-233.21,-214.56,1625.36,-1242.87,-784.64
58,33,0.27466,458.33,-244.04,-221.26,1698.13,-1324.80,-819.78
58,34,0.28345,472.22,-255.09,-227.97,1580.21,-1257.27,-762.85
58,35,0.29187,486.11,-266.36,-234.67,1648.91,-1337.46,-796.01
58,36,0.29968,500.00,-277.84,-241.38,1777.73,-1469.47,-858.20
58,37,0.30798,513.89,-289.53,-248.08,1673.16,-1408.93,-807.72
58,38,0.31628,527.78,-301.44,-254.79,1673.16,-1434.83,-807.72
58,39,0.32458,541.67,-313.57,-261.49,1673.16,-1460.73,-807.72
58,40,0.33337,555.55,-325.91,-268.19,1580.21,-1404.04,-762.85
58,41,0.34131,569.44,-338.46,-274.90,1750.38,-1582.34,-845.00
58,42,0.35022,583.33,-351.24,-281.60,1558.56,-1433.06,-752.40
58,43,0.35815,597.22,-364.22,-288.31,1750.38,-1636.54,-845.00
58,44,0.36646,611.11,-377.42,-295.01,1673.16,-1590.24,-807.72
58,45,0.37463,625.00,-390.84,-301.72,1698.13,-1640.26,-819.78
58,46,0.38342,638.89,-404.47,-308.42,1580.21,-1550.82,-762.85
58,47,0.39136,652.77,-418.31,-315.13,1750.38,-1744.93,-845.00
58,48,0.39966,666.66,-432.37,-321.83,1673.16,-1693.85,-807.72
58,49,0.40808,680.55,-446.65,-328.54,1648.91,-1694.82,-796.01
58,50,0.41638,694.44,-461.14,-335.24,1673.16,-1745.65,-807.72
58,51,0.42468,708.33,-475.84,-341.95,1673.16,-1771.55,-807.72
58,52,0.43335,722.22,-490.76,-348.65,1602.46,-1721.50,-773.59
58,53,0.44141,735.33,-501.05,-355.14,1627.27,-1277.44,-805.68
59,0,0.00000,0.00,0.00,0.00,-1128.38,-614.17,-1261.15
59,1,0.00769,-9.20,-5.76,-12.43,-1196.43,-749.36,-1615.87
59,2,0.01611,-17.35,-11.74,-25.72,-967.75,-709.73,-1578.62
59,3,0.02441,-24.38,-17.93,-39.72,-847.06,-746.07,-1686.76
59,4,0.03271,-30.25,-24.35,-54.28,-706.62,-772.60,-1753.31
59,5,0.04102,-34.92,-30.97,-69.20,-563.24,-797.89,-1797.06
59,6,0.04944,-38.39,-37.81,-84.32,-411.59,-811.85,-1796.01
59,7,0.05847,-40.67,-44.86,-99.50,-252.03,-780.80,-1680.41
59,8,0.06616,-41.93,-52.13,-114.61,-163.89,-945.08,-1964.29
59,9,0.07434,-43.19,-59.61,-129.71,-154.10,-914.95,-1847.01
59,10,0.08264,-44.45,-67.31,-144.82,-151.84,-927.40,-1819.85
59,11,0.09106,-45.71,-75.22,-159.93,-149.64,-939.48,-1793.48
59,12,0.09924,-46.97,-83.35,-175.03,-154.10,-993.81,-1847.01
59,13,0.10754,-48.23,-91.69,-190.14,-151.84,-1005.10,-1819.85
59,14,0.11597,-49.49,-100.25,-205.25,-149.64,-1016.06,-1793.48
59,15,0.12427,-50.75,-109.03,-220.35,-151.84,-1056.90,-1819.85
59,16,0.13269,-52.01,-118.01,-235.46,-149.64,-1067.11,-1793.48
59,17,0.14087,-53.29,-127.38,-250.83,-156.72,-1145.34,-1879.48
59,18,0.14929,-54.55,-136.80,-265.94,-149.64,-1118.61,-1793.48
60,0,0.00000,0.00,0.00,0.00,-56.25,-819.44,1781.99
60,1,0.00879,-0.47,-7.02,14.71,-53.12,-798.38,1673.61
60,2,0.01672,-0.93,-14.25,29.34,-58.46,-911.45,1843.46
60,3,0.02576,-1.39,-21.70,43.88,-51.01,-824.40,1610.14
60,4,0.03357,-1.85,-29.36,58.34,-58.59,-980.74,1851.17
60,5,0.04163,-2.30,-37.24,72.72,-56.44,-977.70,1784.85
60,6,0.05005,-2.76,-45.33,87.02,-53.62,-960.72,1697.46
60,7,0.05835,-3.20,-53.63,101.24,-54.04,-1000.75,1712.50
60,8,0.06726,-3.65,-62.16,115.37,-50.34,-956.34,1585.96
60,9,0.07581,-4.10,-70.89,129.42,-52.14,-1022.48,1644.29
60,10,0.08362,-4.54,-79.85,143.39,-56.64,-1145.86,1787.89
60,11,0.09192,-4.98,-89.01,157.27,-52.94,-1104.36,1672.79
60,12,0.10034,-5.42,-98.39,171.08,-51.81,-1113.88,1638.77
60,13,0.10913,-5.85,-107.99,184.80,-49.31,-1091.93,1561.11
60,14,0.11694,-6.28,-117.80,198.43,-55.08,-1255.94,1745.31
60,15,0.12524,-6.71,-127.83,211.98,-51.84,-1207.96,1632.72
60,16,0.13379,-7.14,-138.07,225.45,-50.00,-1198.61,1576.43
60,17,0.14185,-7.56,-148.53,238.84,-52.65,-1297.94,1661.74
60,18,0.15027,-7.98,-159.20,252.15,-50.00,-1267.03,1579.71
60,19,0.15857,-8.40,-170.09,265.37,-50.37,-1311.57,1593.01
60,20,0.16760,-8.82,-181.19,278.51,-45.95,-1229.03,1454.73
60,21,0.17590,-9.23,-192.51,291.57,-49.63,-1363.37,1573.16
60,22,0.18359,-9.64,-204.04,304.55,-53.57,-1499.53,1687.30
60,23,0.19189,-10.05,-215.79,317.44,-49.26,-1415.18,1553.31
60,24,0.20020,-10.46,-227.75,330.25,-48.90,-1441.08,1543.38
60,25,0.20886,-10.86,-239.93,342.98,-46.48,-1404.99,1468.66
60,26,0.21692,-11.26,-252.32,355.63,-49.62,-1538.12,1569.70
60,27,0.22522,-11.65,-264.93,368.19,-47.79,-1518.78,1513.60
60,28,0.23376,-12.05,-277.75,380.67,-46.07,-1500.55,1460.71
60,29,0.24194,-12.44,-290.78,393.07,-48.13,-1594.03,1516.04
60,30,0.25037,-12.83,-304.04,405.39,-46.38,-1573.35,1462.32
60,31,0.25867,-13.22,-317.50,417.62,-46.69,-1622.39,1473.90
60,32,0.26758,-13.60,-331.19,429.78,-43.15,-1535.39,1363.70
60,33,0.27588,-13.99,-345.08,441.85,-45.96,-1674.19,1454.04
60,34,0.28369,-14.36,-359.19,453.83,-48.44,-1806.35,1534.38
60,35,0.29199,-14.74,-373.52,465.74,-45.22,-1726.00,1434.19
60,36,0.30042,-15.12,-388.06,477.56,-44.57,-1726.51,1403.62
60,37,0.30908,-16.31,-389.52,489.56,-138.03,-168.19,1384.15
