trial,frame,t_s,x_cm,y_cm,z_cm,vx,vy,vz
0,0,0.00000,0.00,0.00,0.00,-13.52,0.13,-10.32
0,1,0.00815,-0.12,0.00,-0.09,-14.23,0.15,-10.86
0,2,0.01657,-0.34,0.01,-0.38,-26.45,0.83,-35.14
0,3,0.02478,-0.56,0.02,-0.68,-27.14,0.86,-36.06
0,4,0.03345,-0.80,0.03,-1.21,-27.11,1.89,-61.62
0,5,0.04153,-1.03,0.05,-1.75,-29.06,2.02,-66.04
0,6,0.04977,-1.31,0.07,-2.48,-33.33,2.86,-88.89
0,7,0.05804,-1.58,0.09,-3.21,-33.21,2.83,-88.56
0,8,0.06635,-1.90,0.12,-4.13,-38.97,3.61,-110.66
0,9,0.07477,-2.23,0.21,-5.05,-38.41,10.13,-109.06
0,10,0.08319,-2.56,0.23,-6.14,-39.86,2.81,-129.71
0,11,0.09143,-2.90,0.25,-7.24,-40.74,2.53,-132.59
0,12,0.09979,-3.23,0.31,-8.33,-40.15,7.09,-130.66
0,13,0.10812,-3.57,0.38,-9.42,-40.29,7.60,-131.14
0,14,0.11633,-3.88,0.45,-10.60,-37.55,8.40,-143.49
0,15,0.12488,-4.19,0.52,-11.78,-36.07,8.05,-137.86
0,16,0.13321,-4.68,0.65,-14.03,-58.61,15.93,-270.70
0,17,0.14175,-5.16,0.78,-16.29,-57.14,15.54,-263.93
0,18,0.14972,-5.34,0.94,-18.96,-22.22,20.15,-335.63
0,19,0.15805,-5.52,1.11,-21.63,-21.25,20.38,-320.88
0,20,0.16644,-5.22,1.18,-23.28,36.00,8.63,-195.64
0,21,0.17484,-4.91,1.28,-24.92,36.00,11.02,-195.64
0,22,0.18314,-4.54,1.35,-26.30,44.49,9.47,-166.54
0,23,0.19147,-4.17,1.43,-27.68,44.32,9.41,-165.93
0,24,0.19968,-3.77,1.50,-28.82,49.44,7.94,-138.66
0,25,0.20816,-3.36,1.56,-29.96,47.84,7.66,-134.17
0,26,0.21643,-3.07,1.61,-30.69,35.79,5.09,-88.19
0,27,0.22498,-2.77,1.65,-31.42,34.64,4.90,-85.36
0,28,0.23331,-2.50,1.68,-31.99,32.23,3.97,-68.86
0,29,0.24139,-2.23,1.71,-32.57,33.21,4.09,-70.94
0,30,0.24973,-1.97,1.75,-33.14,32.23,3.97,-68.86
0,31,0.25800,-1.70,1.78,-33.71,32.47,4.01,-69.37
0,32,0.26630,-1.46,1.80,-34.15,27.94,3.04,-52.21
0,33,0.27475,-1.23,1.83,-34.58,27.44,2.97,-51.26
0,34,0.28333,-1.00,1.86,-35.01,27.05,2.95,-50.53
0,35,0.29144,-0.77,1.88,-35.45,28.57,3.09,-53.38
0,36,0.29974,-0.57,1.90,-35.78,23.90,2.37,-40.44
0,37,0.30820,-0.37,1.92,-36.12,23.47,2.31,-39.71
0,38,0.31650,-0.17,1.94,-36.45,23.90,2.37,-40.44
0,39,0.32504,0.02,1.96,-36.79,23.21,2.28,-39.29
0,40,0.33325,0.20,1.97,-37.06,21.19,1.93,-32.71
0,41,0.34152,0.38,1.99,-37.32,22.51,1.82,-31.37
0,42,0.34964,0.52,2.00,-37.48,16.92,1.24,-20.30
0,43,0.35825,0.67,2.01,-37.64,16.67,1.09,-18.09
0,44,0.36636,0.75,2.01,-37.70,10.53,0.49,-8.27
0,45,0.37479,0.84,2.02,-37.77,10.14,0.48,-7.97
0,46,0.38303,0.82,2.01,-37.68,-1.48,-0.60,11.11
0,47,0.39124,0.81,2.01,-37.59,-1.49,-0.67,11.52
0,48,0.39975,0.69,1.97,-37.02,-13.98,-3.75,66.67
0,49,0.40808,0.57,1.94,-36.45,-14.29,-3.84,68.13
0,50,0.41632,0.45,1.91,-35.88,-14.44,-3.90,68.89
0,51,0.42480,0.34,1.88,-35.31,-14.03,-3.79,66.91
0,52,0.43326,0.16,1.82,-34.33,-20.94,-6.55,116.25
0,53,0.44144,-0.02,1.77,-33.35,-21.64,-6.77,120.15
0,54,0.44965,-0.28,1.70,-32.15,-31.97,-8.26,146.47
0,55,0.45813,-0.54,1.63,-30.94,-30.94,-8.04,141.73
0,56,0.46634,-0.78,1.58,-30.07,-28.25,-6.05,106.69
0,57,0.47479,-1.01,1.53,-29.19,-27.44,-5.86,103.61
0,58,0.48331,-1.50,1.44,-27.61,-58.42,-10.61,186.02
0,59,0.49146,-2.00,1.35,-26.03,-61.05,-11.05,194.01
0,60,0.49973,-2.23,1.31,-25.33,-28.04,-4.84,84.50
0,61,0.50806,-2.47,1.27,-24.63,-27.84,-4.80,84.25
0,62,0.51633,-2.85,1.22,-23.71,-46.13,-6.40,111.44
0,63,0.52490,-3.23,1.17,-22.79,-44.48,-6.16,107.12
0,64,0.53329,-3.72,1.12,-21.99,-58.55,-5.58,95.27
0,65,0.54156,-4.21,1.07,-21.19,-59.41,-5.65,96.68
0,66,0.54971,-4.76,1.04,-20.66,-67.79,-3.93,65.17
0,67,0.55817,-5.32,1.01,-20.13,-65.34,-3.81,62.82
0,68,0.56635,-5.88,0.98,-19.74,-69.03,-2.95,47.01
0,69,0.57480,-6.45,0.96,-19.36,-66.79,-3.10,45.49
0,70,0.58319,-6.98,0.93,-19.13,-63.27,-2.93,26.91
0,71,0.59152,-7.51,0.91,-18.91,-63.74,-2.72,27.11
0,72,0.59988,-7.76,0.94,-19.21,-30.66,3.54,-36.50
0,73,0.60822,-8.02,0.96,-19.52,-30.77,1.93,-36.63
0,74,0.61639,-7.91,1.00,-20.03,13.81,5.08,-63.43
0,75,0.62524,-7.79,1.03,-20.56,13.79,3.17,-59.66
0,76,0.63330,-6.44,1.14,-22.29,167.05,14.52,-214.39
0,77,0.64163,-5.09,1.22,-24.01,161.90,9.84,-206.23
0,78,0.64975,-3.43,1.23,-24.04,204.89,1.20,-3.76
0,79,0.65839,-1.77,1.24,-24.06,191.87,1.05,-2.12
0,80,0.66663,-1.13,1.13,-22.00,77.78,-13.48,249.63
0,81,0.67505,-0.49,1.02,-19.93,76.09,-13.29,246.01
0,82,0.68317,0.12,0.78,-15.56,75.19,-29.69,538.35
0,83,0.69193,0.73,0.51,-11.18,69.69,-30.59,500.00
0,84,0.69995,1.53,0.26,-5.56,99.62,-31.97,700.00
0,85,0.70813,2.33,0.05,0.06,97.76,-25.44,687.31
0,86,0.71667,3.39,-0.17,6.10,123.57,-25.64,706.43
0,87,0.72491,4.44,-0.39,12.14,127.78,-26.65,733.70
0,88,0.73343,5.11,-0.75,19.37,79.21,-42.18,849.10
0,89,0.74158,5.78,-1.11,26.59,82.02,-43.59,886.14
0,90,0.75009,5.75,-1.26,32.51,-3.94,-18.46,694.62
0,91,0.75824,5.71,-1.51,38.43,-4.49,-30.61,726.97
0,92,0.76642,5.31,-1.81,45.44,-49.25,-36.37,857.09
0,93,0.77505,4.91,-2.11,52.45,-46.64,-34.44,811.31
0,94,0.78323,4.18,-2.40,59.26,-88.43,-35.59,832.84
0,95,0.79156,3.46,-2.69,66.07,-86.81,-34.93,817.22
0,96,0.80005,2.56,-2.95,72.02,-106.12,-30.14,701.08
0,97,0.80829,1.66,-3.20,77.94,-108.89,-30.96,719.63
0,98,0.81650,1.12,-3.33,80.83,-65.80,-15.20,351.67
0,99,0.82489,0.58,-3.45,83.72,-64.36,-14.83,343.64
0,100,0.83316,0.08,-3.56,86.26,-60.89,-13.34,307.75
0,101,0.84152,-0.42,-3.67,88.80,-59.85,-13.15,304.01
0,102,0.84976,-0.84,-3.76,90.94,-50.74,-11.21,258.89
0,103,0.85806,-1.26,-3.85,93.07,-50.37,-11.13,256.99
0,104,0.86655,-1.68,-3.95,95.20,-49.28,-10.89,251.44
0,105,0.87506,-2.09,-4.04,97.34,-49.10,-10.85,250.54
0,106,0.88339,-2.51,-4.13,99.47,-50.18,-11.08,256.04
0,107,0.89163,-2.93,-4.22,101.60,-51.11,-11.21,258.89
0,108,0.89975,-3.37,-4.32,103.85,-54.14,-11.94,276.32
0,109,0.90814,-3.81,-4.42,106.09,-52.36,-11.59,267.64
0,110,0.91632,-4.29,-4.52,108.48,-58.21,-12.66,292.16
0,111,0.92505,-4.76,-4.52,110.87,-54.55,-0.17,273.78
0,112,0.93344,-5.28,-4.74,113.39,-61.45,-25.94,299.64
0,113,0.94153,-5.80,-4.52,115.90,-64.15,27.15,310.94
0,114,0.95023,-6.37,-4.33,118.57,-65.26,21.72,306.67
0,115,0.95819,-6.93,-4.14,121.23,-71.26,23.71,334.87
0,116,0.96646,-7.50,-3.95,123.90,-68.63,22.98,322.51
0,117,0.97513,-8.07,-3.76,126.57,-65.49,21.84,307.75
0,118,0.98343,-8.64,-3.57,129.24,-68.38,22.85,321.32
0,119,0.99170,-9.20,-3.39,131.90,-68.63,22.93,322.51
0,120,1.00006,-9.78,-3.19,134.59,-68.61,22.81,321.17
0,121,1.00833,-10.35,-3.00,137.27,-69.37,23.15,324.72
0,122,1.01645,-10.93,-2.81,139.96,-70.68,23.50,330.83
0,123,1.02493,-11.50,-2.62,142.65,-67.63,22.55,316.91
0,124,1.03329,-12.19,-2.39,145.90,-82.48,27.61,389.42
0,125,1.04153,-12.88,-2.16,149.16,-83.70,28.07,395.19
0,126,1.04974,-13.58,-1.92,152.54,-85.50,29.14,411.90
0,127,1.05850,-14.28,-1.68,155.92,-80.14,27.31,386.06
0,128,1.06631,-14.98,-1.44,159.30,-89.84,30.62,432.81
0,129,1.07513,-15.69,-1.20,162.69,-79.93,27.14,384.08
0,130,1.08319,-16.49,-0.93,166.57,-99.62,34.05,481.44
0,131,1.09149,-17.29,-0.88,170.45,-96.69,5.11,467.65
0,132,1.09979,-18.17,-1.20,174.75,-105.15,-38.50,517.28
0,133,1.10806,-19.04,-1.92,179.04,-105.54,-86.89,519.19
0,134,1.11642,-19.83,-3.02,183.21,-94.89,-130.64,498.54
0,135,1.12491,-20.62,-4.28,187.36,-93.17,-148.90,489.21
0,136,1.13376,-21.07,-4.83,189.15,-50.34,-62.45,202.76
0,137,1.14160,-21.52,-5.39,190.95,-57.20,-70.68,229.57
0,138,1.14981,-22.42,-6.27,193.77,-109.67,-107.10,342.75
0,139,1.15817,-23.32,-7.14,196.58,-107.66,-105.11,336.50
0,140,1.16656,-24.37,-7.97,199.19,-124.73,-98.84,310.91
0,141,1.17484,-25.41,-8.80,201.80,-126.57,-100.15,315.50
0,142,1.18320,-26.60,-9.61,204.30,-142.34,-96.49,299.27
0,143,1.19147,-27.79,-10.42,206.81,-143.91,-97.56,302.58
0,144,1.19995,-28.98,-11.22,209.31,-140.29,-95.15,294.96
0,145,1.20816,-30.17,-12.03,211.81,-144.98,-98.24,304.83
0,146,1.21646,-31.43,-12.87,214.40,-151.47,-100.95,312.50
0,147,1.22488,-32.70,-13.71,217.00,-150.36,-99.77,308.70
0,148,1.23303,-35.19,-14.84,220.35,-305.62,-139.29,410.86
0,149,1.24139,-37.69,-15.98,223.71,-298.91,-136.11,401.09
0,150,1.24973,-41.20,-17.33,227.57,-421.98,-162.38,463.74
0,151,1.25806,-44.71,-18.69,231.43,-421.61,-162.26,463.74
0,152,1.26651,-47.69,-19.97,235.17,-351.99,-151.62,442.60
0,153,1.27496,-50.66,-21.25,238.93,-351.26,-151.84,443.68
0,154,1.28351,-53.01,-22.86,243.91,-274.64,-187.93,583.21
0,155,1.29166,-55.36,-24.47,248.93,-289.51,-198.34,616.10
0,156,1.29996,-57.52,-26.17,254.27,-259.56,-204.34,643.01
0,157,1.30841,-59.66,-27.86,259.58,-253.43,-199.61,628.16
0,158,1.31659,-60.91,-28.94,263.00,-152.99,-132.00,418.28
0,159,1.32483,-62.17,-30.02,266.42,-152.22,-131.07,415.93
0,160,1.33325,-63.57,-31.18,270.10,-166.30,-138.32,436.96
0,161,1.34158,-64.97,-32.29,273.79,-168.50,-132.98,442.12
0,162,1.34982,-66.59,-33.50,277.58,-196.67,-146.59,460.74
0,163,1.35837,-68.22,-34.67,281.38,-190.00,-136.81,444.29
0,164,1.36649,-70.03,-36.00,285.33,-223.31,-164.70,486.47
0,165,1.37491,-71.84,-37.64,289.28,-215.58,-193.97,468.48
0,166,1.38324,-73.79,-39.58,293.12,-233.33,-233.33,461.54
0,167,1.39206,-75.73,-41.70,296.97,-220.42,-240.31,435.99
0,168,1.39999,-77.81,-43.97,300.90,-261.54,-286.15,496.15
0,169,1.40851,-79.88,-46.20,304.84,-243.37,-262.10,462.01
0,170,1.41663,-81.66,-48.19,308.48,-219.55,-245.55,449.25
0,171,1.42514,-83.43,-50.04,312.12,-207.89,-217.04,427.24
0,172,1.43356,-84.49,-51.52,315.09,-125.72,-175.34,352.90
0,173,1.44186,-85.54,-52.99,318.05,-126.10,-176.90,356.62
0,174,1.44980,-85.78,-53.91,320.23,-30.77,-116.50,274.23
0,175,1.45822,-86.02,-54.83,322.40,-28.26,-108.90,257.25
0,176,1.46658,-85.75,-55.40,324.07,32.48,-68.69,200.00
0,177,1.47485,-85.47,-55.97,325.74,33.95,-68.97,201.85
0,178,1.48331,-84.62,-56.30,327.20,100.72,-37.93,172.92
0,179,1.49158,-83.76,-56.61,328.66,103.69,-38.61,176.75
0,180,1.49988,-82.36,-56.80,330.18,168.01,-22.08,183.09
0,181,1.50824,-80.96,-56.98,331.71,167.52,-21.99,182.48
0,182,1.51633,-79.32,-57.20,333.50,203.40,-26.74,221.51
0,183,1.52509,-77.66,-57.41,335.30,188.85,-24.46,205.23
0,184,1.53333,-75.46,-57.57,337.35,267.41,-18.73,249.26
0,185,1.54169,-73.25,-57.72,339.40,264.60,-17.98,245.62
0,186,1.54990,-70.43,-57.67,341.42,342.75,5.15,245.72
0,187,1.55850,-67.62,-57.63,343.44,326.95,5.05,234.04
0,188,1.56662,-64.87,-57.51,345.20,338.72,14.77,217.67
0,189,1.57507,-62.13,-57.39,346.96,323.83,13.89,208.30
0,190,1.58331,-60.13,-57.31,348.26,243.33,10.49,157.41
0,191,1.59158,-58.14,-57.22,349.55,240.59,9.98,155.72
0,192,1.59995,-57.29,-57.23,350.20,101.82,-0.20,77.37
0,193,1.60837,-56.45,-57.23,350.83,99.64,-0.20,75.72
0,194,1.61649,-56.36,-57.25,350.95,10.90,-2.61,14.66
1,0,0.00000,0.00,0.00,0.00,-9.89,0.36,-14.65
1,1,0.00854,-0.08,0.00,-0.12,-9.64,0.34,-14.29
1,2,0.01688,-0.20,0.01,-0.47,-14.29,0.87,-42.12
1,3,0.02509,-0.32,0.02,-0.82,-14.50,0.88,-42.75
1,4,0.03378,-0.38,0.03,-1.40,-6.32,1.18,-66.67
1,5,0.04175,-0.43,0.04,-1.98,-6.90,1.28,-72.80
1,6,0.04987,-0.46,0.05,-2.76,-3.76,1.64,-96.24
1,7,0.05811,-0.49,0.06,-3.55,-3.70,1.61,-94.81
1,8,0.06683,-0.51,0.08,-4.52,-2.10,1.87,-111.54
1,9,0.07492,-0.53,0.10,-5.49,-2.26,2.01,-120.38
1,10,0.08386,-0.50,0.12,-6.64,2.73,2.09,-127.99
1,11,0.09171,-0.48,0.13,-7.78,3.11,2.38,-145.91
1,12,0.09998,-0.45,0.15,-8.93,2.95,2.24,-138.38
1,13,0.10831,-0.43,0.17,-10.07,2.93,2.24,-137.36
1,14,0.11630,-0.35,0.19,-11.29,9.92,2.39,-151.91
1,15,0.12518,-0.27,0.21,-12.50,8.93,2.16,-137.11
1,16,0.13339,-0.02,0.24,-14.79,30.11,4.25,-279.18
1,17,0.14160,0.22,0.28,-17.09,30.11,4.28,-279.55
1,18,0.15024,0.90,0.31,-19.68,78.09,4.02,-300.00
1,19,0.15814,1.57,0.35,-22.27,85.33,4.40,-327.80
1,20,0.16678,2.37,0.36,-23.73,92.93,1.69,-169.26
1,21,0.17535,3.18,0.38,-25.20,93.59,1.70,-170.46
1,22,0.18362,3.96,0.39,-26.39,94.83,1.27,-144.65
1,23,0.19162,4.75,0.40,-27.59,98.09,1.29,-149.62
1,24,0.19977,5.49,0.41,-28.54,91.01,0.88,-117.23
1,25,0.20837,6.23,0.41,-29.50,86.17,0.79,-110.64
1,26,0.21643,6.74,0.42,-30.09,63.26,0.48,-74.24
1,27,0.22525,7.25,0.42,-30.69,57.79,0.43,-67.82
1,28,0.23343,7.68,0.42,-31.15,52.99,0.31,-56.34
1,29,0.24176,8.11,0.43,-31.61,52.01,0.29,-55.31
1,30,0.24994,8.55,0.43,-32.07,52.99,0.31,-56.34
1,31,0.25824,8.98,0.43,-32.53,52.21,0.29,-55.51
1,32,0.26657,9.34,0.43,-32.87,42.49,0.17,-40.66
1,33,0.27539,9.69,0.43,-33.21,40.14,0.15,-38.41
1,34,0.28333,10.04,0.43,-33.55,44.62,0.19,-42.69
1,35,0.29242,10.41,0.44,-33.90,40.60,0.15,-38.59
1,36,0.30045,10.71,0.44,-34.16,36.50,0.10,-31.94
1,37,0.30862,11.00,0.44,-34.41,35.82,0.10,-31.34
1,38,0.31714,11.29,0.44,-34.67,34.41,0.08,-30.11
1,39,0.32520,11.58,0.44,-34.92,35.98,0.09,-31.44
1,40,0.33386,11.83,0.44,-35.12,28.87,0.04,-22.89
1,41,0.34225,12.08,0.44,-35.31,30.18,0.00,-21.82
1,42,0.35043,12.27,0.44,-35.42,22.01,-0.04,-13.81
1,43,0.35867,12.45,0.44,-35.52,22.22,-0.05,-12.22
1,44,0.36713,12.55,0.44,-35.55,12.27,-0.09,-3.97
1,45,0.37576,12.65,0.44,-35.58,11.31,-0.09,-2.83
1,46,0.38397,12.60,0.44,-35.50,-6.32,-0.08,9.67
1,47,0.39178,12.52,0.44,-35.40,-9.38,-0.08,12.11
1,48,0.40015,12.12,0.43,-34.98,-47.81,-0.28,50.36
1,49,0.40866,11.72,0.43,-34.56,-46.95,-0.26,49.46
1,50,0.41681,11.33,0.43,-34.14,-49.06,-0.27,51.69
1,51,0.42542,10.91,0.43,-33.70,-47.87,-0.27,50.71
1,52,0.43375,10.25,0.42,-32.96,-79.85,-0.53,89.38
1,53,0.44208,9.57,0.42,-32.21,-80.95,-0.53,90.48
1,54,0.45026,8.72,0.41,-31.32,-104.10,-0.56,108.58
1,55,0.45831,7.88,0.41,-30.44,-104.55,-0.56,108.71
1,56,0.46686,7.22,0.41,-29.82,-76.79,-0.30,73.21
1,57,0.47513,6.54,0.40,-29.17,-83.03,-0.30,78.23
1,58,0.48352,5.28,0.40,-28.08,-149.45,-0.37,129.82
1,59,0.49170,4.06,0.40,-27.02,-148.88,-0.35,129.10
1,60,0.50037,3.50,0.40,-26.55,-65.14,-0.13,54.93
1,61,0.50842,2.92,0.40,-26.07,-71.59,-0.14,59.47
1,62,0.51685,2.12,0.40,-25.48,-95.65,-0.01,69.57
1,63,0.52518,1.31,0.40,-24.91,-97.07,0.01,69.23
1,64,0.53372,0.47,0.40,-24.48,-98.21,0.33,49.64
1,65,0.54181,-0.36,0.40,-24.07,-103.02,0.39,50.57
1,66,0.55048,-1.11,0.41,-23.91,-86.62,0.73,18.66
1,67,0.55896,-1.86,0.41,-23.75,-87.77,0.74,18.35
1,68,0.56720,-2.54,0.42,-23.72,-82.96,0.92,3.70
1,69,0.57553,-3.22,0.43,-23.70,-81.32,0.92,2.93
1,70,0.58374,-3.79,0.44,-23.79,-69.52,1.00,-10.41
1,71,0.59201,-4.33,0.45,-23.89,-65.68,0.98,-12.18
1,72,0.60043,-4.39,0.45,-24.28,-6.88,0.85,-46.74
1,73,0.60864,-4.43,0.46,-24.67,-4.46,0.86,-47.96
1,74,0.61673,-4.06,0.46,-25.05,45.66,0.23,-47.17
1,75,0.62515,-3.60,0.46,-25.46,53.99,0.15,-47.83
1,76,0.63364,-1.55,0.45,-26.22,241.73,-1.38,-90.29
1,77,0.64169,0.47,0.44,-26.91,250.76,-1.59,-85.23
1,78,0.65002,1.90,0.41,-26.07,172.16,-3.71,101.47
1,79,0.65829,3.23,0.38,-25.16,161.25,-3.73,109.59
1,80,0.66669,2.70,0.35,-23.07,-63.27,-3.36,248.73
1,81,0.67511,2.11,0.32,-20.88,-70.65,-3.46,259.78
1,82,0.68332,0.34,0.27,-16.84,-215.24,-5.58,492.57
1,83,0.69189,-1.45,0.23,-12.74,-208.90,-5.42,478.29
1,84,0.69995,-3.71,0.17,-7.53,-280.68,-7.32,646.21
1,85,0.70831,-5.97,0.11,-2.30,-270.44,-7.13,625.55
1,86,0.71667,-8.23,0.04,3.40,-270.44,-8.04,681.39
1,87,0.72534,-10.54,-0.03,9.13,-266.55,-7.77,661.97
1,88,0.73352,-13.75,-0.10,15.65,-392.16,-8.50,796.27
1,89,0.74179,-16.96,-0.37,22.08,-387.45,-33.84,778.23
1,90,0.75003,-20.08,-0.98,27.11,-379.26,-73.07,609.63
1,91,0.75854,-23.25,-1.78,32.17,-372.40,-94.26,594.27
1,92,0.76685,-27.26,-2.60,37.93,-483.09,-98.93,694.12
1,93,0.77539,-31.28,-3.42,43.67,-470.36,-95.93,672.50
1,94,0.78372,-35.46,-4.21,49.10,-501.83,-94.54,651.28
1,95,0.79184,-39.63,-4.99,54.48,-513.16,-96.29,663.16
1,96,0.80008,-43.51,-5.67,59.08,-471.11,-82.43,558.15
1,97,0.80838,-47.29,-6.33,63.56,-455.88,-79.67,538.97
1,98,0.81696,-49.26,-6.66,65.73,-229.89,-38.07,253.74
1,99,0.82501,-51.23,-6.98,67.90,-243.56,-40.25,268.56
1,100,0.83377,-52.99,-7.27,69.80,-201.05,-32.71,217.42
1,101,0.84174,-54.73,-7.55,71.69,-219.16,-35.67,237.16
1,102,0.85022,-56.21,-7.79,73.29,-173.74,-28.36,188.49
1,103,0.85855,-57.68,-8.03,74.89,-176.92,-28.87,191.94
1,104,0.86688,-59.16,-8.27,76.49,-176.92,-28.88,191.94
1,105,0.87534,-60.63,-8.51,78.09,-174.37,-28.50,189.17
1,106,0.88388,-62.10,-8.75,79.68,-172.50,-28.11,187.14
1,107,0.89175,-63.58,-9.00,81.29,-187.60,-30.62,203.49
1,108,0.90018,-65.13,-9.25,82.97,-184.06,-30.00,199.64
1,109,0.90842,-66.69,-9.50,84.66,-188.89,-30.83,204.81
1,110,0.91690,-68.34,-9.77,86.44,-195.32,-31.72,210.43
1,111,0.92526,-70.01,-10.04,88.23,-198.91,-32.30,214.23
1,112,0.93375,-71.77,-10.04,90.10,-207.19,-0.22,220.50
1,113,0.94171,-73.53,-10.06,91.98,-221.46,-1.89,235.63
1,114,0.95010,-75.41,-10.06,93.95,-224.00,0.06,235.27
1,115,0.95844,-77.29,-10.06,95.93,-225.64,0.01,237.00
1,116,0.96683,-79.17,-10.06,97.90,-224.00,0.01,235.27
1,117,0.97565,-81.05,-10.06,99.88,-213.15,0.05,223.88
1,118,0.98370,-82.93,-10.06,101.85,-233.33,0.06,245.08
1,119,0.99173,-84.81,-10.06,103.83,-234.60,0.03,246.01
1,120,0.99994,-86.71,-10.06,105.81,-230.86,0.08,242.01
1,121,1.00818,-88.60,-10.10,107.80,-230.00,-5.64,241.11
1,122,1.01666,-90.50,-10.36,109.79,-223.38,-29.81,234.17
1,123,1.02509,-92.41,-10.76,111.80,-227.17,-47.72,238.77
1,124,1.03351,-94.70,-11.39,114.21,-271.74,-75.45,286.59
1,125,1.04163,-96.99,-11.80,116.63,-282.71,-50.12,298.12
1,126,1.04990,-99.36,-12.31,119.15,-286.35,-61.83,304.06
1,127,1.05820,-101.73,-12.82,121.66,-285.29,-61.61,302.94
1,128,1.06683,-104.10,-13.33,124.18,-274.20,-59.25,291.17
1,129,1.07520,-106.48,-13.85,126.71,-285.40,-61.74,302.92
1,130,1.08368,-109.20,-14.44,129.59,-319.78,-69.07,339.93
1,131,1.09171,-111.93,-15.03,132.50,-339.92,-73.67,361.60
1,132,1.09998,-114.92,-15.68,135.70,-361.62,-78.68,387.08
1,133,1.10822,-117.90,-16.33,138.89,-362.22,-78.95,388.15
1,134,1.11658,-120.76,-16.97,142.03,-341.61,-76.29,375.18
1,135,1.12500,-123.54,-17.59,145.07,-329.71,-73.44,361.23
1,136,1.13345,-124.85,-17.85,146.37,-155.96,-31.24,153.07
1,137,1.14169,-126.22,-18.12,147.70,-165.56,-32.83,161.11
1,138,1.15027,-128.46,-18.51,149.62,-261.21,-46.09,224.91
1,139,1.15836,-130.70,-18.91,151.54,-276.98,-48.60,236.60
1,140,1.16669,-132.95,-19.25,153.21,-270.70,-41.43,201.10
1,141,1.17566,-135.21,-19.60,154.88,-251.70,-38.28,185.71
1,142,1.18344,-137.53,-19.91,156.39,-298.43,-40.38,194.12
1,143,1.19223,-139.86,-20.22,157.90,-264.24,-35.63,171.88
1,144,1.19995,-142.18,-20.54,159.41,-300.79,-40.60,195.65
1,145,1.20837,-144.51,-20.85,160.92,-276.45,-37.22,179.35
1,146,1.21667,-146.94,-21.17,162.48,-292.65,-38.91,187.13
1,147,1.22501,-149.44,-21.50,164.03,-300.37,-38.75,186.45
1,148,1.23337,-153.31,-21.83,165.58,-463.50,-39.74,185.40
1,149,1.24164,-157.25,-22.16,167.12,-476.01,-40.05,186.72
1,150,1.25000,-162.27,-22.48,168.58,-600.00,-38.32,173.72
1,151,1.25827,-167.26,-22.80,170.04,-603.69,-38.95,176.75
1,152,1.26651,-171.75,-23.16,171.67,-545.19,-42.82,198.15
1,153,1.27518,-176.25,-23.78,173.37,-519.01,-72.10,196.48
1,154,1.28363,-180.86,-25.17,176.39,-545.13,-163.89,357.04
1,155,1.29172,-185.47,-26.58,179.43,-569.81,-175.35,375.85
1,156,1.30026,-190.09,-28.11,182.85,-541.43,-179.04,400.36
1,157,1.30835,-194.63,-29.74,186.21,-560.75,-201.26,415.47
1,158,1.31683,-197.49,-30.93,188.47,-336.69,-140.04,266.55
1,159,1.32504,-200.35,-32.12,190.74,-349.44,-145.29,276.21
1,160,1.33344,-203.47,-33.40,193.14,-371.64,-152.01,286.18
1,161,1.34164,-206.60,-34.67,195.54,-381.41,-155.52,292.57
1,162,1.34995,-209.97,-35.98,197.93,-405.88,-157.48,287.50
1,163,1.35822,-213.35,-37.29,200.32,-408.86,-158.38,288.56
1,164,1.36652,-216.97,-38.65,202.73,-435.29,-163.10,290.81
1,165,1.37506,-220.58,-40.00,205.14,-422.86,-158.20,281.79
1,166,1.38336,-224.25,-41.31,207.40,-441.91,-157.55,272.06
1,167,1.39169,-227.92,-42.62,209.66,-441.03,-157.37,271.06
1,168,1.39999,-231.75,-43.95,211.93,-461.03,-160.90,273.53
1,169,1.40851,-235.56,-45.29,214.19,-447.31,-156.59,265.95
1,170,1.41666,-238.98,-46.53,216.37,-420.22,-152.69,267.04
1,171,1.42520,-242.36,-47.76,218.53,-395.00,-144.38,253.57
1,172,1.43317,-244.82,-48.80,220.51,-308.81,-129.98,248.28
1,173,1.44156,-247.22,-49.82,222.48,-285.82,-121.59,234.18
1,174,1.44986,-248.57,-50.60,224.20,-162.50,-94.26,207.72
1,175,1.45819,-249.88,-51.38,225.92,-157.51,-93.11,206.23
1,176,1.46652,-250.52,-52.00,227.49,-76.92,-74.98,188.28
1,177,1.47516,-251.13,-52.62,229.06,-70.67,-72.04,182.33
1,178,1.48349,-251.17,-53.20,230.75,-5.13,-69.29,202.93
1,179,1.49164,-251.19,-53.78,232.46,-2.25,-70.86,209.74
1,180,1.50000,-250.80,-54.41,234.49,46.72,-74.96,242.34
1,181,1.50833,-250.40,-55.03,236.53,47.62,-75.58,245.42
1,182,1.51654,-249.94,-55.56,238.92,56.51,-64.47,291.08
1,183,1.52515,-249.46,-56.17,241.34,56.03,-70.68,280.50
1,184,1.53372,-248.66,-56.77,244.24,93.24,-70.01,338.43
1,185,1.54166,-247.83,-57.37,247.16,104.62,-75.57,367.69
1,186,1.55011,-246.48,-57.95,250.35,158.84,-68.49,377.62
1,187,1.55835,-245.14,-58.53,253.53,163.70,-69.66,385.93
1,188,1.56674,-243.72,-59.03,256.47,168.73,-59.87,350.91
1,189,1.57550,-242.32,-59.52,259.38,159.58,-56.48,331.36
1,190,1.58365,-241.29,-59.89,261.53,126.59,-45.26,264.42
1,191,1.59167,-240.30,-60.25,263.62,123.95,-44.71,260.84
1,192,1.60016,-239.90,-60.43,264.62,46.04,-21.70,117.27
1,193,1.60849,-239.54,-60.61,265.57,43.96,-21.49,114.29
1,194,1.61673,-239.53,-60.65,265.72,1.48,-4.37,18.15
2,0,0.00000,0.00,0.00,0.00,16.79,0.41,7.09
2,1,0.00839,0.14,0.00,0.06,16.36,0.39,6.91
2,2,0.01642,0.43,0.01,0.29,36.12,0.66,28.52
2,3,0.02469,0.72,0.01,0.52,35.06,0.62,27.68
2,4,0.03320,1.08,0.02,0.97,42.65,0.45,53.76
2,5,0.04153,1.44,0.02,1.43,43.59,0.46,54.95
2,6,0.04968,1.90,0.03,2.07,55.43,0.45,78.28
2,7,0.05807,2.35,0.03,2.71,53.82,0.42,76.00
2,8,0.06656,2.89,0.03,3.51,64.39,0.45,94.96
2,9,0.07471,3.44,0.04,4.32,67.04,0.47,98.88
2,10,0.08307,4.04,0.04,5.29,71.90,0.36,116.42
2,11,0.09146,4.64,0.04,6.27,71.64,0.33,116.00
2,12,0.09961,5.24,0.04,7.24,73.78,0.34,119.48
2,13,0.10837,5.84,0.05,8.21,68.64,0.32,111.15
2,14,0.11633,6.44,0.05,9.27,74.71,0.17,133.33
2,15,0.12448,7.03,0.05,10.34,73.03,0.13,130.71
2,16,0.13315,8.07,0.05,12.40,120.07,-0.12,237.32
2,17,0.14120,9.12,0.05,14.45,129.17,-0.14,255.30
2,18,0.14966,9.96,0.03,17.00,100.00,-1.78,300.72
2,19,0.15820,10.81,0.02,19.54,98.93,-1.75,297.50
2,20,0.16656,10.93,-0.01,21.20,14.60,-2.75,198.91
2,21,0.17480,11.05,-0.03,22.87,14.81,-2.80,202.22
2,22,0.18292,11.04,-0.05,24.30,-0.75,-2.86,176.32
2,23,0.19171,11.04,-0.07,25.73,-0.69,-2.65,162.50
2,24,0.19968,10.93,-0.10,26.93,-13.03,-2.83,151.34
2,25,0.20804,10.83,-0.12,28.13,-12.41,-2.71,143.80
2,26,0.21631,10.73,-0.14,28.92,-12.18,-1.89,94.46
2,27,0.22482,10.63,-0.15,29.70,-11.83,-1.84,91.76
2,28,0.23312,10.52,-0.16,30.32,-13.60,-1.62,75.00
2,29,0.24149,10.40,-0.18,30.94,-13.50,-1.63,74.45
2,30,0.24979,10.29,-0.19,31.56,-13.60,-1.63,75.00
2,31,0.25809,10.18,-0.21,32.19,-13.60,-1.61,75.00
2,32,0.26645,10.06,-0.22,32.66,-13.50,-1.35,56.93
2,33,0.27475,9.95,-0.23,33.14,-13.60,-1.34,57.35
2,34,0.28320,9.84,-0.24,33.62,-13.36,-1.32,56.32
2,35,0.29141,9.73,-0.25,34.09,-13.75,-1.36,57.99
2,36,0.29993,9.62,-0.26,34.47,-12.54,-1.10,44.09
2,37,0.30826,9.51,-0.27,34.84,-12.82,-1.12,45.05
2,38,0.31647,9.41,-0.28,35.22,-13.01,-1.15,45.72
2,39,0.32474,9.30,-0.29,35.59,-12.92,-1.11,45.39
2,40,0.33350,9.20,-0.30,35.89,-11.50,-0.92,34.49
2,41,0.34180,9.11,-0.30,36.21,-10.29,-0.92,37.50
2,42,0.35019,9.06,-0.31,36.41,-5.82,-0.58,24.73
2,43,0.35822,9.02,-0.31,36.62,-4.94,-0.55,25.86
2,44,0.36664,8.99,-0.31,36.73,-3.62,-0.33,12.68
2,45,0.37500,8.97,-0.32,36.83,-2.92,-0.30,12.41
2,46,0.38333,8.92,-0.32,36.75,-6.23,-0.04,-9.52
2,47,0.39145,8.86,-0.32,36.67,-7.52,-0.07,-10.15
2,48,0.39990,8.52,-0.32,36.19,-39.35,-0.30,-56.32
2,49,0.40814,8.17,-0.32,35.74,-42.96,-0.43,-55.56
2,50,0.41669,7.79,-0.33,35.30,-44.29,-0.53,-51.43
2,51,0.42496,7.39,-0.33,34.87,-49.08,-0.69,-51.29
2,52,0.43353,6.64,-0.35,34.21,-86.83,-1.42,-77.58
2,53,0.44174,5.86,-0.36,33.58,-94.80,-1.68,-76.95
2,54,0.44992,4.90,-0.38,32.82,-118.28,-2.15,-92.91
2,55,0.45822,3.90,-0.40,32.10,-120.22,-2.32,-85.66
2,56,0.46652,3.18,-0.41,31.55,-86.03,-1.57,-66.91
2,57,0.47488,2.46,-0.42,30.98,-86.50,-1.57,-67.52
2,58,0.48325,1.20,-0.45,29.90,-150.73,-2.57,-129.20
2,59,0.49155,-0.05,-0.47,28.84,-150.37,-2.54,-128.68
2,60,0.49997,-0.60,-0.48,28.35,-65.58,-1.08,-57.97
2,61,0.50836,-1.16,-0.48,27.85,-66.18,-1.09,-58.91
2,62,0.51648,-1.85,-0.49,27.14,-85.71,-1.25,-87.59
2,63,0.52484,-2.55,-0.50,26.43,-82.85,-1.15,-85.40
2,64,0.53354,-3.09,-0.51,25.66,-62.11,-0.51,-88.07
2,65,0.54193,-3.62,-0.51,24.90,-64.00,-0.50,-91.27
2,66,0.55017,-3.89,-0.51,24.18,-32.96,0.38,-87.04
2,67,0.55829,-4.16,-0.51,23.46,-33.08,0.41,-88.35
2,68,0.56677,-4.29,-0.50,22.79,-15.47,0.80,-79.14
2,69,0.57492,-4.42,-0.49,22.12,-15.73,0.84,-82.40
2,70,0.58337,-4.42,-0.48,21.54,0.36,1.12,-68.23
2,71,0.59164,-4.41,-0.47,20.97,1.11,1.14,-68.63
2,72,0.59995,-4.03,-0.46,20.86,45.96,1.63,-13.97
2,73,0.60825,-3.64,-0.45,20.75,46.32,1.64,-13.24
2,74,0.61667,-3.21,-0.44,21.06,51.45,0.99,36.59
2,75,0.62506,-2.77,-0.43,21.39,52.73,0.98,40.00
2,76,0.63348,-1.71,-0.43,23.31,125.72,0.21,227.54
2,77,0.64182,-0.68,-0.43,25.22,123.81,0.12,229.30
2,78,0.64993,-1.30,-0.47,26.76,-77.07,-5.45,189.85
2,79,0.65848,-1.95,-0.52,28.27,-76.07,-5.19,176.79
2,80,0.66681,-4.10,-0.58,28.05,-257.14,-7.50,-26.37
2,81,0.67532,-6.27,-0.64,27.82,-255.91,-7.43,-27.60
2,82,0.68356,-10.53,-0.75,26.66,-516.67,-13.64,-140.00
2,83,0.69232,-14.81,-0.87,25.50,-488.50,-12.92,-132.40
2,84,0.69992,-20.29,-1.01,24.03,-721.29,-19.10,-193.57
2,85,0.70822,-25.78,-1.16,22.56,-661.40,-17.51,-177.21
2,86,0.71649,-31.75,-1.32,21.16,-721.40,-19.47,-169.37
2,87,0.72491,-37.73,-1.48,19.74,-710.51,-19.19,-168.12
2,88,0.73343,-44.64,-1.67,17.53,-811.83,-22.10,-260.57
2,89,0.74173,-51.53,-2.06,15.30,-829.78,-47.67,-267.65
2,90,0.74982,-56.96,-2.28,12.95,-670.94,-26.93,-290.94
2,91,0.75809,-62.40,-2.50,10.58,-657.93,-26.40,-286.35
2,92,0.76675,-68.71,-2.74,7.45,-728.17,-28.07,-361.27
2,93,0.77493,-74.99,-2.99,4.33,-768.28,-29.94,-382.09
2,94,0.78351,-80.98,-3.21,0.99,-697.51,-26.02,-389.32
2,95,0.79172,-86.94,-3.43,-2.35,-726.39,-27.08,-406.32
2,96,0.80026,-92.06,-3.62,-5.51,-598.93,-21.38,-370.36
2,97,0.80826,-97.12,-3.80,-8.65,-633.21,-22.61,-391.98
2,98,0.81662,-99.56,-3.88,-10.28,-291.97,-10.04,-194.89
2,99,0.82489,-102.00,-3.78,-11.90,-294.46,12.83,-196.68
2,100,0.83353,-104.14,-3.69,-13.36,-248.06,10.38,-169.26
2,101,0.84171,-106.27,-3.59,-14.82,-261.19,11.89,-177.99
2,102,0.84976,-108.07,-3.51,-16.04,-223.11,10.18,-151.89
2,103,0.85870,-109.88,-3.42,-17.27,-201.71,9.11,-137.20
2,104,0.86661,-111.67,-3.34,-18.49,-227.41,10.34,-154.83
2,105,0.87494,-113.47,-3.26,-19.72,-215.75,9.84,-146.89
2,106,0.88351,-115.27,-3.18,-20.94,-209.61,9.52,-142.70
2,107,0.89182,-117.07,-3.10,-22.16,-216.91,9.82,-147.43
2,108,0.89990,-118.96,-3.01,-23.45,-234.34,10.61,-159.25
2,109,0.90851,-120.86,-2.93,-24.74,-220.21,9.97,-149.65
2,110,0.91653,-122.87,-2.83,-26.12,-250.57,11.49,-171.48
2,111,0.92511,-124.88,-2.74,-27.50,-234.88,10.78,-160.85
2,112,0.93335,-126.99,-2.64,-28.96,-255.93,12.00,-177.41
2,113,0.94220,-129.10,-2.54,-30.42,-238.62,11.21,-165.52
2,114,0.95038,-131.34,-2.44,-31.99,-272.76,13.16,-192.16
2,115,0.95834,-133.57,-2.33,-33.57,-280.08,13.47,-197.32
2,116,0.96664,-135.80,-2.22,-35.14,-268.75,12.97,-189.34
2,117,0.97491,-138.03,-2.11,-36.71,-269.74,13.02,-190.04
2,118,0.98361,-140.26,-2.01,-38.28,-256.49,12.38,-180.70
2,119,0.99179,-142.49,-1.90,-39.85,-272.76,13.16,-192.16
2,120,1.00021,-144.73,-1.79,-41.43,-266.30,12.86,-187.68
2,121,1.00839,-146.98,-1.68,-43.01,-274.25,13.24,-193.28
2,122,1.01660,-149.22,-1.57,-44.60,-273.23,13.19,-192.57
2,123,1.02515,-151.48,-1.46,-46.19,-264.29,12.69,-186.07
2,124,1.03372,-154.20,-1.33,-48.10,-317.44,15.24,-222.78
2,125,1.04169,-156.92,-1.20,-50.01,-342.15,16.39,-240.23
2,126,1.05008,-159.76,-1.07,-51.98,-337.82,15.95,-235.27
2,127,1.05847,-162.59,-0.94,-53.96,-337.82,16.00,-235.27
2,128,1.06693,-165.43,-0.80,-55.93,-335.38,15.84,-233.57
2,129,1.07516,-168.28,-0.67,-57.92,-345.56,16.34,-240.74
2,130,1.08362,-171.53,-0.51,-60.18,-384.84,18.18,-267.51
2,131,1.09210,-174.79,-0.36,-62.45,-384.53,18.08,-267.27
2,132,1.10031,-178.40,-0.19,-64.94,-439.41,20.47,-303.35
2,133,1.10825,-182.00,-0.02,-67.42,-454.23,21.15,-313.46
2,134,1.11679,-185.53,0.13,-69.79,-412.14,18.28,-277.14
2,135,1.12503,-188.99,0.29,-72.13,-420.74,18.75,-283.33
2,136,1.13385,-190.47,0.37,-73.24,-167.13,9.07,-126.30
2,137,1.14218,-191.96,0.45,-74.37,-179.49,9.81,-136.26
2,138,1.15012,-194.20,0.60,-76.31,-281.92,18.87,-243.46
2,139,1.15881,-196.43,0.75,-78.24,-256.14,17.34,-222.46
2,140,1.16690,-198.42,0.91,-80.23,-246.04,20.44,-245.66
2,141,1.17520,-200.40,1.08,-82.22,-238.97,19.94,-239.71
2,142,1.18338,-202.23,1.25,-84.29,-224.25,20.39,-253.73
2,143,1.19150,-204.07,1.38,-86.37,-225.94,15.98,-255.64
2,144,1.20010,-205.90,1.48,-88.44,-213.12,12.02,-241.13
2,145,1.20813,-207.74,1.56,-90.52,-228.52,9.68,-258.94
2,146,1.21649,-209.63,1.61,-92.70,-226.28,6.49,-260.22
2,147,1.22479,-211.53,1.64,-94.91,-228.68,3.73,-266.91
2,148,1.23352,-213.63,1.75,-98.52,-240.91,12.06,-413.29
2,149,1.24167,-215.73,1.83,-102.16,-258.05,10.44,-446.44
2,150,1.25003,-217.90,1.94,-106.91,-259.85,12.48,-568.25
2,151,1.25842,-220.08,2.04,-111.65,-259.27,12.41,-564.36
2,152,1.26660,-222.35,2.14,-115.85,-277.99,11.80,-514.18
2,153,1.27496,-224.66,2.24,-120.05,-276.28,11.57,-502.55
2,154,1.28372,-228.33,2.35,-124.17,-418.12,12.74,-469.69
2,155,1.29163,-232.00,2.46,-128.28,-464.48,14.11,-520.46
2,156,1.30017,-236.06,2.57,-132.36,-475.36,13.54,-477.14
2,157,1.30832,-240.08,2.69,-136.39,-494.01,14.06,-495.13
2,158,1.31693,-242.74,2.76,-138.89,-308.51,8.46,-290.07
2,159,1.32541,-245.40,2.83,-141.39,-313.67,8.59,-294.96
2,160,1.33395,-248.24,2.91,-144.13,-331.79,9.24,-320.00
2,161,1.34177,-251.07,2.99,-146.87,-362.89,10.10,-350.78
2,162,1.35001,-253.92,3.08,-149.85,-346.30,10.10,-361.85
2,163,1.35846,-256.78,3.16,-152.84,-337.91,9.86,-353.43
2,164,1.36670,-259.70,3.25,-156.05,-354.07,10.66,-390.37
2,165,1.37515,-262.61,3.33,-159.27,-344.77,10.39,-380.87
2,166,1.38342,-265.39,3.42,-162.57,-335.42,10.56,-398.52
2,167,1.39209,-268.16,3.51,-165.87,-320.07,10.10,-380.99
2,168,1.40024,-270.99,3.57,-169.36,-347.57,7.05,-428.09
2,169,1.40869,-273.79,3.59,-172.80,-331.41,3.26,-406.86
2,170,1.41663,-276.45,3.62,-175.87,-334.62,3.31,-386.92
2,171,1.42526,-279.09,3.65,-178.90,-306.01,3.01,-351.59
2,172,1.43381,-281.41,3.67,-181.05,-271.07,2.70,-250.71
2,173,1.44208,-283.71,3.69,-183.15,-278.23,2.77,-254.24
2,174,1.45026,-285.61,3.71,-184.23,-232.84,2.38,-132.09
2,175,1.45831,-287.51,3.73,-185.28,-235.23,2.39,-130.68
2,176,1.46680,-289.15,3.75,-185.69,-193.88,2.00,-47.84
2,177,1.47549,-290.80,3.76,-186.07,-189.12,1.95,-43.86
2,178,1.48383,-292.48,3.78,-185.86,-201.83,2.12,24.91
2,179,1.49194,-294.17,3.80,-185.64,-207.89,2.18,27.82
2,180,1.50027,-296.12,3.82,-184.95,-233.70,2.49,82.42
2,181,1.50870,-298.07,3.84,-184.26,-232.61,2.46,82.25
2,182,1.51691,-300.37,3.87,-183.45,-279.55,2.97,98.51
2,183,1.52502,-302.68,3.89,-182.62,-284.96,3.02,101.50
2,184,1.53351,-305.44,3.92,-181.40,-324.46,3.46,143.88
2,185,1.54214,-308.20,3.95,-180.16,-319.79,3.41,143.82
2,186,1.55026,-311.16,3.98,-178.36,-364.66,3.92,221.43
2,187,1.55844,-314.11,4.01,-176.57,-360.82,3.86,219.78
2,188,1.56711,-316.81,4.04,-174.73,-311.97,3.36,211.62
2,189,1.57523,-319.49,4.07,-172.92,-329.70,3.56,223.68
2,190,1.58359,-321.47,4.09,-171.58,-236.86,2.55,159.49
2,191,1.59189,-323.41,4.11,-170.28,-233.46,2.52,156.99
2,192,1.60043,-324.33,4.12,-169.75,-108.57,1.16,62.14
2,193,1.60846,-325.23,4.13,-169.24,-111.79,1.20,63.50
2,194,1.61700,-325.38,4.13,-169.20,-16.79,0.17,4.29
3,0,0.00000,0.00,0.00,0.00,-18.05,0.75,-0.38
3,1,0.00839,-0.15,0.01,-0.00,-17.45,0.70,-0.36
3,2,0.01672,-0.50,0.02,-0.11,-42.86,1.96,-12.45
3,3,0.02505,-0.86,0.04,-0.21,-42.86,1.94,-12.45
3,4,0.03372,-1.37,0.06,-0.50,-58.45,2.94,-33.10
3,5,0.04181,-1.87,0.09,-0.78,-62.64,3.13,-35.47
3,6,0.05008,-2.53,0.12,-1.21,-79.70,4.06,-50.92
3,7,0.05841,-3.19,0.16,-1.63,-79.12,4.05,-50.55
3,8,0.06674,-4.00,0.20,-2.17,-97.07,5.04,-65.20
3,9,0.07513,-4.81,0.24,-2.71,-96.36,5.01,-64.73
3,10,0.08365,-5.73,0.29,-3.39,-108.24,5.67,-79.21
3,11,0.09186,-6.65,0.34,-4.06,-112.27,5.94,-82.16
3,12,0.10013,-7.57,0.39,-4.74,-111.44,5.86,-81.55
3,13,0.10840,-8.50,0.43,-5.41,-111.44,5.89,-81.55
3,14,0.11682,-9.45,0.49,-6.17,-112.68,6.07,-90.58
3,15,0.12515,-10.39,0.54,-6.94,-113.92,6.14,-91.58
3,16,0.13364,-12.13,0.63,-8.45,-204.68,11.27,-178.78
3,17,0.14188,-13.87,0.73,-9.97,-210.74,11.58,-184.07
3,18,0.15018,-15.60,0.83,-12.01,-209.19,12.56,-245.59
3,19,0.15860,-17.34,0.94,-14.05,-206.16,12.35,-242.03
3,20,0.16690,-18.08,0.99,-15.54,-88.97,6.56,-180.15
3,21,0.17523,-18.82,1.05,-17.04,-88.64,6.54,-179.49
3,22,0.18353,-19.35,1.09,-18.37,-63.97,5.21,-159.93
3,23,0.19183,-19.88,1.13,-19.69,-63.60,5.17,-159.93
3,24,0.20029,-20.23,1.16,-20.85,-42.24,3.97,-136.82
3,25,0.20868,-20.59,1.20,-22.01,-42.55,4.01,-137.82
3,26,0.21686,-20.79,1.22,-22.77,-24.25,2.48,-92.91
3,27,0.22519,-20.99,1.24,-23.53,-23.81,2.46,-91.21
3,28,0.23370,-21.12,1.25,-24.15,-15.05,1.81,-72.76
3,29,0.24207,-21.24,1.27,-24.77,-15.33,1.83,-74.09
3,30,0.25009,-21.37,1.29,-25.38,-15.97,1.89,-77.19
3,31,0.25858,-21.50,1.30,-26.00,-15.11,1.83,-73.02
3,32,0.26697,-21.57,1.31,-26.49,-8.73,1.27,-57.82
3,33,0.27527,-21.65,1.32,-26.97,-8.82,1.33,-58.46
3,34,0.28369,-21.72,1.33,-27.46,-8.70,1.27,-57.61
3,35,0.29205,-21.79,1.34,-27.94,-8.76,1.32,-58.03
3,36,0.30026,-21.84,1.35,-28.33,-5.20,0.99,-47.21
3,37,0.30862,-21.88,1.36,-28.72,-5.11,0.95,-46.35
3,38,0.31714,-21.92,1.37,-29.11,-5.02,0.95,-45.52
3,39,0.32532,-21.96,1.38,-29.50,-5.22,0.97,-47.39
3,40,0.33365,-21.98,1.38,-29.81,-2.56,0.73,-38.10
3,41,0.34201,-22.02,1.39,-30.13,-4.38,0.82,-37.96
3,42,0.35040,-22.05,1.39,-30.34,-3.64,0.54,-25.09
3,43,0.35880,-22.09,1.40,-30.55,-5.09,0.59,-24.73
3,44,0.36697,-22.11,1.40,-30.66,-1.49,0.29,-13.43
3,45,0.37534,-22.13,1.40,-30.76,-2.19,0.32,-12.77
3,46,0.38382,-22.05,1.40,-30.71,8.99,-0.47,6.12
3,47,0.39212,-21.97,1.40,-30.66,9.56,-0.49,5.88
3,48,0.40039,-21.48,1.37,-30.35,58.67,-3.02,38.01
3,49,0.40869,-20.90,1.34,-30.02,70.22,-3.53,40.07
3,50,0.41702,-20.39,1.32,-29.75,61.90,-3.01,31.50
3,51,0.42545,-19.80,1.29,-29.47,69.20,-3.39,33.33
3,52,0.43384,-18.89,1.24,-29.06,108.36,-5.21,49.45
3,53,0.44217,-17.95,1.20,-28.62,112.82,-5.48,52.38
3,54,0.45035,-16.85,1.14,-28.07,134.70,-6.59,67.16
3,55,0.45874,-15.80,1.09,-27.54,125.09,-6.14,63.64
3,56,0.46704,-15.01,1.05,-27.10,95.22,-4.72,52.94
3,57,0.47540,-14.12,1.01,-26.59,106.57,-5.35,60.95
3,58,0.48398,-12.71,0.94,-25.72,164.41,-8.38,101.78
3,59,0.49219,-11.43,0.87,-24.92,156.51,-7.95,97.03
3,60,0.50046,-10.80,0.84,-24.52,75.28,-3.88,48.34
3,61,0.50876,-10.15,0.81,-24.09,78.31,-4.04,51.84
3,62,0.51715,-9.36,0.76,-23.49,94.91,-5.02,71.27
3,63,0.52563,-8.58,0.72,-22.88,91.37,-4.89,71.94
3,64,0.53394,-7.93,0.69,-22.21,78.68,-4.53,81.25
3,65,0.54233,-7.32,0.65,-21.53,72.36,-4.28,80.36
3,66,0.55057,-6.94,0.62,-20.86,45.93,-3.20,81.11
3,67,0.55887,-6.59,0.60,-20.20,42.65,-3.02,79.78
3,68,0.56726,-6.36,0.58,-19.56,27.64,-2.40,76.73
3,69,0.57559,-6.15,0.56,-18.93,25.27,-2.26,75.82
3,70,0.58401,-6.06,0.55,-18.36,10.14,-1.53,67.75
3,71,0.59229,-6.05,0.54,-17.85,1.85,-1.05,61.25
3,72,0.60056,-6.41,0.55,-17.68,-43.54,1.42,21.03
3,73,0.60892,-6.78,0.56,-17.57,-45.26,1.67,12.77
3,74,0.61731,-7.26,0.59,-17.81,-56.73,2.75,-28.36
3,75,0.62552,-7.87,0.62,-18.29,-74.72,3.99,-58.36
3,76,0.63397,-9.21,0.70,-20.02,-158.48,9.81,-204.69
3,77,0.64243,-10.28,0.77,-21.73,-125.99,8.43,-202.53
3,78,0.65067,-9.90,0.78,-23.35,46.30,1.31,-196.67
3,79,0.65884,-9.23,0.78,-24.73,81.34,-0.55,-168.28
3,80,0.66718,-7.08,0.69,-24.84,258.24,-10.34,-13.55
3,81,0.67538,-4.57,0.59,-24.85,305.58,-12.43,-1.86
3,82,0.68399,-0.19,0.40,-24.37,509.57,-21.71,56.74
3,83,0.69229,4.40,0.21,-23.86,552.57,-23.56,61.40
3,84,0.70053,10.04,-0.03,-23.24,684.81,-29.13,74.44
3,85,0.70886,15.76,-0.27,-22.65,686.08,-29.15,71.06
3,86,0.71729,21.87,-0.53,-22.18,725.36,-30.52,55.80
3,87,0.72552,28.15,-0.80,-21.60,762.22,-32.23,70.00
3,88,0.73401,35.32,-1.11,-20.47,845.32,-36.66,133.45
3,89,0.74243,42.26,-1.41,-19.28,823.91,-35.91,141.30
3,90,0.75067,47.98,-1.67,-17.79,694.44,-31.31,181.48
3,91,0.75900,53.86,-1.93,-16.19,705.86,-31.90,191.58
3,92,0.76740,60.56,-2.24,-14.07,797.45,-36.66,252.73
3,93,0.77576,67.21,-2.55,-11.90,795.26,-36.67,258.76
3,94,0.78433,73.63,-2.85,-9.52,749.11,-35.09,277.94
3,95,0.79251,79.91,-3.14,-7.14,767.91,-36.06,290.67
3,96,0.80069,85.45,-3.41,-4.80,677.61,-32.33,286.57
3,97,0.80911,90.53,-3.65,-2.63,602.90,-28.76,257.25
3,98,0.81741,93.19,-3.78,-1.39,320.96,-15.53,149.26
3,99,0.82574,95.81,-3.91,-0.18,313.55,-15.20,146.15
3,100,0.83432,98.15,-4.02,0.94,272.95,-13.27,130.25
3,101,0.84256,100.43,-4.13,2.03,276.67,-13.42,131.85
3,102,0.85074,102.39,-4.23,2.96,239.93,-11.64,114.18
3,103,0.85907,104.35,-4.32,3.89,235.53,-11.43,112.09
3,104,0.86743,106.31,-4.42,4.83,234.67,-11.42,111.68
3,105,0.87576,108.28,-4.40,5.76,235.53,1.43,112.09
3,106,0.88422,110.24,-4.45,6.70,232.13,-5.14,110.47
3,107,0.89249,112.22,-4.44,7.64,239.48,1.47,113.65
3,108,0.90079,114.29,-4.42,8.62,248.90,1.52,118.38
3,109,0.90906,116.37,-4.41,9.61,252.40,1.56,119.93
3,110,0.91742,118.57,-4.40,10.66,262.77,1.64,125.91
3,111,0.92575,120.79,-4.38,11.73,265.93,1.68,127.84
3,112,0.93423,123.09,-4.36,12.85,271.94,2.50,132.37
3,113,0.94254,125.42,-4.35,13.99,280.51,1.61,137.13
3,114,0.95074,127.87,-4.25,15.20,297.77,12.37,147.58
3,115,0.95908,130.31,-4.19,16.41,293.41,7.10,145.42
3,116,0.96747,132.75,-4.13,17.62,291.27,7.03,144.36
3,117,0.97592,135.20,-4.07,18.84,289.17,7.00,143.32
3,118,0.98438,137.64,-4.01,20.05,289.17,7.02,143.32
3,119,0.99271,140.09,-3.95,21.26,293.77,7.08,145.42
3,120,1.00092,142.55,-3.70,22.48,299.63,30.92,148.70
3,121,1.00922,145.01,-3.47,23.70,296.32,27.31,147.06
3,122,1.01752,147.47,-3.22,24.92,296.32,30.64,147.06
3,123,1.02591,150.02,-2.95,26.18,303.27,31.39,150.18
3,124,1.03433,153.00,-2.64,27.65,354.35,36.54,174.64
3,125,1.04266,156.00,-2.33,29.13,360.44,37.31,177.66
3,126,1.05142,159.11,-2.01,30.65,354.36,36.53,173.17
3,127,1.05951,162.21,-1.69,32.17,383.77,39.55,187.55
3,128,1.06775,165.31,-1.37,33.68,376.67,38.79,184.07
3,129,1.07596,168.49,-1.05,35.24,386.99,39.95,189.22
3,130,1.08447,172.05,-0.68,36.97,417.92,43.09,203.94
3,131,1.09271,175.67,-0.31,38.74,439.63,45.27,214.07
3,132,1.10098,179.62,0.10,40.64,477.12,49.11,230.63
3,133,1.10931,183.54,0.50,42.53,471.43,48.43,226.74
3,134,1.11768,187.39,0.90,44.33,459.49,46.93,215.33
3,135,1.12601,190.87,1.25,45.98,418.32,42.85,198.17
3,136,1.13428,192.50,1.42,46.86,196.68,20.72,105.90
3,137,1.14267,194.27,1.61,47.85,210.55,22.42,117.45
3,138,1.15106,196.77,1.89,49.41,298.55,32.68,186.91
3,139,1.15945,199.24,2.16,50.99,293.82,32.42,188.36
3,140,1.16763,201.51,2.42,52.65,277.61,31.78,202.61
3,141,1.17599,203.75,2.68,54.33,268.61,30.99,200.36
3,142,1.18433,205.88,2.93,56.10,255.68,30.48,212.45
3,143,1.19260,208.01,3.19,57.87,257.56,30.71,214.02
3,144,1.20084,210.14,3.44,59.64,258.52,30.82,214.81
3,145,1.20911,212.29,3.69,61.42,259.04,30.34,215.87
3,146,1.21747,214.49,3.91,63.28,263.50,26.48,222.63
3,147,1.22586,216.76,4.13,65.37,270.91,25.74,248.36
3,148,1.23444,219.39,4.42,68.61,306.41,34.04,377.94
3,149,1.24258,222.06,4.72,72.03,327.34,37.09,420.22
3,150,1.25085,224.93,5.07,76.39,347.60,42.41,527.31
3,151,1.25916,227.81,5.42,80.67,346.69,41.86,514.71
3,152,1.26749,230.70,5.75,84.47,346.89,39.71,456.78
3,153,1.27600,233.81,6.09,88.23,365.23,40.26,441.58
3,154,1.28448,238.06,6.50,91.74,500.72,47.87,413.31
3,155,1.29285,242.37,6.91,95.23,515.69,48.97,417.15
3,156,1.30103,247.01,7.34,98.63,567.16,52.20,416.42
3,157,1.30936,251.39,7.74,101.82,525.27,48.24,382.78
3,158,1.31763,254.39,8.01,103.88,363.47,32.78,249.08
3,159,1.32602,257.43,8.28,105.98,362.18,32.71,249.45
3,160,1.33441,260.65,8.58,108.24,383.64,34.90,270.18
3,161,1.34277,263.88,8.87,110.55,386.13,35.27,275.91
3,162,1.35101,267.16,9.18,113.06,397.78,37.11,304.44
3,163,1.35944,270.45,9.49,115.60,390.94,36.55,302.17
3,164,1.36761,273.83,9.81,118.34,412.69,39.21,334.33
3,165,1.37601,277.18,10.13,121.09,400.00,38.11,327.64
3,166,1.38452,280.43,10.44,123.92,381.00,37.12,332.62
3,167,1.39279,283.68,10.76,126.78,393.36,38.40,345.39
3,168,1.40106,286.98,11.09,129.76,399.26,39.38,360.89
3,169,1.40939,290.25,11.41,132.69,392.31,38.51,351.28
3,170,1.41769,293.34,11.70,135.31,372.79,36.00,316.54
3,171,1.42609,296.36,11.99,137.80,359.64,34.33,296.36
3,172,1.43445,298.98,12.23,139.56,313.14,28.07,210.58
3,173,1.44275,301.51,12.45,141.17,304.41,26.88,193.01
3,174,1.45096,303.56,12.61,141.94,249.44,19.60,94.42
3,175,1.45932,305.55,12.76,142.61,237.96,18.29,80.66
3,176,1.46765,307.23,12.88,142.76,202.56,13.63,17.95
3,177,1.47595,308.91,12.99,142.81,202.21,13.18,5.88
3,178,1.48447,310.54,13.07,142.35,191.04,10.16,-54.48
3,179,1.49280,312.19,13.16,141.80,198.90,10.15,-65.57
3,180,1.50098,314.01,13.24,140.83,222.39,9.68,-119.40
3,181,1.50931,315.88,13.32,139.82,224.54,9.77,-120.51
3,182,1.51776,318.03,13.41,138.67,253.43,10.94,-136.10
3,183,1.52609,320.23,13.51,137.45,264.84,11.34,-147.25
3,184,1.53458,322.77,13.61,135.82,298.56,11.78,-191.73
3,185,1.54285,325.32,13.70,134.09,308.86,11.76,-208.49
3,186,1.55109,327.97,13.79,131.87,321.85,10.25,-270.37
3,187,1.55942,330.58,13.87,129.64,313.19,9.77,-267.40
3,188,1.56790,332.97,13.94,127.41,282.01,8.00,-262.59
3,189,1.57623,335.26,14.00,125.28,274.73,7.75,-255.68
3,190,1.58466,337.01,14.05,123.66,207.97,5.95,-192.75
3,191,1.59283,338.62,14.10,122.19,196.27,5.67,-179.48
3,192,1.60114,339.46,14.13,121.52,100.74,3.40,-80.15
3,193,1.60956,340.18,14.15,120.96,85.87,2.94,-67.39
3,194,1.61768,340.32,14.16,120.90,16.92,0.79,-7.14
4,0,0.00000,0.00,0.00,0.00,16.79,0.59,-4.64
4,1,0.00809,0.14,0.01,-0.04,17.74,0.66,-4.91
4,2,0.01730,0.52,0.02,-0.04,40.40,1.44,-0.33
4,3,0.02548,0.89,0.03,-0.05,45.52,1.66,-0.37
4,4,0.03387,1.46,0.05,0.09,67.64,2.36,15.64
4,5,0.04156,2.02,0.07,0.22,73.81,2.63,17.06
4,6,0.04993,2.77,0.10,0.43,89.78,3.15,25.91
4,7,0.05807,3.52,0.12,0.65,92.13,3.22,26.59
4,8,0.06659,4.46,0.16,0.94,109.32,3.87,33.69
4,9,0.07486,5.39,0.19,1.22,112.55,3.93,34.69
4,10,0.08325,6.46,0.23,1.61,128.36,4.50,45.45
4,11,0.09174,7.54,0.27,1.99,126.98,4.43,44.96
4,12,0.10016,8.62,0.30,2.37,127.90,4.50,45.29
4,13,0.10840,9.70,0.34,2.75,130.74,4.56,46.30
4,14,0.11694,10.82,0.38,3.21,132.14,4.61,53.57
4,15,0.12521,11.95,0.42,3.67,136.53,4.76,55.35
4,16,0.13361,14.05,0.49,4.62,250.18,8.68,113.82
4,17,0.14185,16.15,0.57,5.58,254.81,8.88,115.93
4,18,0.15018,18.40,0.64,7.03,269.96,9.24,174.73
4,19,0.15851,20.65,0.72,8.49,269.96,9.26,174.73
4,20,0.16699,21.79,0.76,9.71,133.81,4.43,143.88
4,21,0.17526,22.92,0.80,10.93,137.27,4.59,147.60
4,22,0.18359,23.81,0.82,12.05,106.59,3.47,134.43
4,23,0.19180,24.70,0.85,13.17,108.18,3.55,136.43
4,24,0.20032,25.37,0.88,14.17,78.85,2.54,117.92
4,25,0.20853,26.04,0.90,15.18,81.78,2.63,122.30
4,26,0.21704,26.45,0.91,15.85,48.03,1.52,78.85
4,27,0.22537,26.86,0.92,16.52,49.08,1.57,80.95
4,28,0.23370,27.16,0.93,17.08,35.90,1.13,67.03
4,29,0.24188,27.46,0.94,17.64,36.57,1.13,68.28
4,30,0.25034,27.76,0.95,18.20,35.38,1.11,66.06
4,31,0.25851,28.05,0.96,18.75,36.57,1.16,67.91
4,32,0.26746,28.26,0.97,19.20,23.21,0.72,49.49
4,33,0.27588,28.47,0.97,19.64,24.64,0.74,52.54
4,34,0.28366,28.68,0.98,20.08,26.67,0.82,56.86
4,35,0.29190,28.88,0.99,20.52,25.19,0.78,53.70
4,36,0.30029,29.03,0.99,20.88,17.82,0.52,42.91
4,37,0.30859,29.18,0.99,21.24,18.01,0.54,43.38
4,38,0.31708,29.33,1.00,21.60,17.63,0.53,42.45
4,39,0.32535,29.48,1.00,21.96,18.08,0.53,43.54
4,40,0.33368,29.59,1.01,22.26,13.19,0.41,35.90
4,41,0.34213,29.72,1.01,22.56,14.80,0.45,34.66
4,42,0.35037,29.81,1.01,22.75,11.11,0.32,23.33
4,43,0.35864,29.91,1.02,22.94,12.18,0.38,22.88
4,44,0.36713,29.95,1.02,23.04,5.04,0.14,11.87
4,45,0.37543,30.00,1.02,23.14,5.51,0.18,11.76
4,46,0.38367,29.91,1.02,23.11,-10.74,-0.35,-3.33
4,47,0.39197,29.82,1.01,23.08,-11.03,-0.41,-2.94
4,48,0.40033,29.26,0.99,22.92,-66.79,-2.34,-19.71
4,49,0.40863,28.70,0.97,22.78,-68.01,-2.39,-16.18
4,50,0.41711,28.12,0.95,22.68,-67.27,-2.38,-12.59
4,51,0.42542,27.55,0.93,22.60,-69.49,-2.50,-9.56
4,52,0.43381,26.55,0.90,22.54,-118.91,-4.23,-6.55
4,53,0.44199,25.55,0.86,22.54,-122.39,-4.41,-0.75
4,54,0.45041,24.32,0.82,22.55,-146.01,-5.24,1.09
4,55,0.45880,23.09,0.77,22.56,-146.18,-5.24,1.09
4,56,0.46716,22.19,0.74,22.52,-108.03,-3.86,-4.01
4,57,0.47546,21.28,0.71,22.49,-109.56,-3.91,-4.04
4,58,0.48376,19.63,0.65,22.35,-199.26,-7.09,-16.91
4,59,0.49200,17.98,0.59,22.21,-200.00,-7.13,-16.67
4,60,0.50043,17.24,0.56,22.14,-87.32,-3.13,-8.70
4,61,0.50864,16.51,0.54,22.06,-89.59,-3.19,-8.92
4,62,0.51724,15.52,0.50,21.89,-114.18,-4.05,-19.86
4,63,0.52545,14.54,0.47,21.72,-119.33,-4.21,-20.82
4,64,0.53387,13.66,0.44,21.42,-105.43,-3.69,-36.23
4,65,0.54221,12.77,0.41,21.11,-106.23,-3.74,-36.63
4,66,0.55069,12.13,0.38,20.69,-75.54,-2.56,-50.00
4,67,0.55899,11.49,0.36,20.26,-77.57,-2.69,-51.84
4,68,0.56726,10.99,0.35,19.79,-60.52,-2.03,-56.46
4,69,0.57553,10.49,0.33,19.32,-60.15,-2.01,-56.46
4,70,0.58383,10.15,0.32,18.85,-40.44,-1.34,-56.62
4,71,0.59207,9.83,0.31,18.39,-39.63,-1.26,-56.67
4,72,0.60065,10.07,0.32,18.07,28.11,1.10,-37.01
4,73,0.60892,10.31,0.33,17.76,29.89,1.15,-37.64
4,74,0.61713,10.85,0.35,17.76,64.68,2.34,-0.37
4,75,0.62549,11.40,0.37,17.77,66.79,2.36,1.82
4,76,0.63409,13.39,0.43,18.70,230.14,8.00,108.51
4,77,0.64224,15.34,0.50,19.65,239.33,8.30,116.10
4,78,0.65057,15.73,0.51,21.27,47.25,1.23,194.14
4,79,0.65887,16.08,0.52,22.87,42.28,1.03,193.38
4,80,0.66733,14.22,0.45,23.95,-220.58,-8.20,127.08
4,81,0.67557,12.31,0.38,25.03,-231.48,-8.65,131.48
4,82,0.68393,8.18,0.23,26.58,-493.80,-18.15,185.77
4,83,0.69223,4.03,0.08,28.15,-500.00,-18.40,188.24
4,84,0.70065,-1.28,-0.12,30.16,-630.07,-23.18,238.77
4,85,0.70840,-6.59,-0.31,32.17,-685.43,-25.19,260.24
4,86,0.71729,-12.25,-0.52,34.53,-637.46,-23.52,264.95
4,87,0.72568,-17.94,-0.54,36.88,-677.09,-2.42,280.00
4,88,0.73401,-24.84,-0.64,39.12,-828.94,-12.03,269.23
4,89,0.74197,-31.73,-0.74,41.35,-864.37,-12.59,279.31
4,90,0.75024,-37.51,-0.83,42.61,-698.89,-10.89,152.77
4,91,0.75851,-43.31,-0.92,43.87,-701.48,-10.94,152.40
4,92,0.76706,-50.23,-1.04,45.01,-810.71,-13.05,133.93
4,93,0.77554,-57.16,-1.15,46.15,-816.19,-13.15,134.17
4,94,0.78397,-63.96,-1.30,46.94,-807.97,-18.10,93.48
4,95,0.79202,-70.76,-1.73,47.72,-842.80,-53.82,96.97
4,96,0.80042,-76.76,-2.16,48.14,-715.27,-50.96,50.55
4,97,0.80869,-82.70,-2.58,48.56,-718.45,-51.15,50.55
4,98,0.81732,-85.64,-2.80,48.67,-339.93,-24.91,12.01
4,99,0.82559,-88.57,-3.02,48.77,-354.24,-26.05,12.55
4,100,0.83377,-91.16,-3.21,48.84,-317.16,-23.36,8.21
4,101,0.84192,-93.74,-3.40,48.90,-317.23,-23.45,8.24
4,102,0.85046,-95.92,-3.56,48.96,-254.29,-18.76,6.79
4,103,0.85870,-98.09,-3.72,49.02,-263.70,-19.46,7.04
4,104,0.86725,-100.26,-3.88,49.08,-254.29,-18.81,6.79
4,105,0.87561,-102.44,-4.04,49.14,-259.85,-19.18,6.93
4,106,0.88425,-104.61,-4.20,49.19,-251.59,-18.60,6.71
4,107,0.89252,-106.78,-4.36,49.25,-263.10,-19.42,7.01
4,108,0.90085,-109.07,-4.53,49.31,-274.36,-20.26,7.33
4,109,0.90906,-111.36,-4.70,49.37,-278.81,-20.59,7.43
4,110,0.91757,-113.79,-4.81,49.43,-286.02,-13.49,6.81
4,111,0.92596,-116.23,-5.01,49.49,-290.55,-23.23,6.91
4,112,0.93430,-118.80,-5.18,49.54,-308.06,-21.13,5.49
4,113,0.94235,-121.37,-5.32,49.58,-318.94,-16.93,5.68
4,114,0.95084,-124.10,-5.47,49.61,-321.58,-17.07,3.60
4,115,0.95911,-126.82,-5.61,49.64,-329.89,-17.56,3.69
4,116,0.96759,-129.55,-5.76,49.67,-321.58,-17.07,3.60
4,117,0.97589,-132.28,-5.90,49.70,-328.68,-17.45,3.68
4,118,0.98422,-135.01,-6.05,49.73,-327.47,-17.43,3.66
4,119,0.99243,-137.74,-6.19,49.77,-332.34,-17.68,3.72
4,120,1.00089,-140.48,-6.34,49.80,-324.91,-17.29,3.61
4,121,1.00912,-143.23,-6.48,49.83,-333.33,-17.69,3.70
4,122,1.01767,-145.98,-6.63,49.86,-321.43,-17.06,3.57
4,123,1.02591,-148.76,-6.78,49.89,-337.41,-17.96,3.70
4,124,1.03424,-152.08,-6.95,49.93,-399.27,-21.23,5.13
4,125,1.04245,-155.41,-7.13,49.97,-405.58,-21.56,5.20
4,126,1.05112,-158.87,-7.31,50.03,-398.59,-21.13,6.34
4,127,1.05920,-162.40,-7.50,50.09,-436.60,-23.19,7.17
4,128,1.06769,-165.85,-7.68,50.14,-407.19,-21.58,6.47
4,129,1.07608,-169.33,-7.94,50.20,-414.55,-30.84,6.55
4,130,1.08420,-173.29,-8.31,50.26,-487.97,-45.07,8.27
4,131,1.09250,-177.27,-8.68,50.33,-479.41,-44.32,8.09
4,132,1.10101,-181.66,-9.08,50.42,-514.70,-47.55,10.39
4,133,1.10922,-186.03,-9.48,50.51,-532.71,-49.17,11.15
4,134,1.11771,-190.27,-9.88,50.65,-500.00,-46.20,16.55
4,135,1.12595,-194.40,-10.26,50.78,-500.74,-46.22,15.93
4,136,1.13428,-196.24,-10.43,50.74,-221.61,-20.49,-5.13
4,137,1.14255,-198.14,-10.60,50.69,-229.52,-21.27,-6.27
4,138,1.15097,-201.09,-10.88,50.43,-349.64,-32.51,-30.80
4,139,1.15921,-204.02,-11.15,50.16,-356.30,-33.09,-32.59
4,140,1.16769,-206.80,-11.41,49.71,-326.98,-30.48,-52.88
4,141,1.17603,-209.57,-11.67,49.26,-332.60,-31.05,-54.58
4,142,1.18433,-212.27,-11.92,48.64,-325.37,-30.44,-73.90
4,143,1.19254,-214.97,-12.17,48.03,-329.00,-30.78,-74.72
4,144,1.20093,-217.67,-12.40,47.42,-321.82,-26.90,-73.09
4,145,1.20926,-220.38,-12.66,46.80,-324.91,-31.00,-73.63
4,146,1.21771,-223.18,-12.93,46.14,-332.13,-31.66,-77.98
4,147,1.22601,-226.04,-13.20,45.43,-344.12,-32.98,-85.29
4,148,1.23441,-229.86,-13.57,43.74,-454.55,-44.60,-202.18
4,149,1.24258,-233.70,-13.94,42.00,-470.52,-44.67,-212.69
4,150,1.25101,-238.24,-14.38,39.41,-539.13,-52.70,-306.88
4,151,1.25925,-242.77,-14.82,36.85,-549.63,-53.32,-310.74
4,152,1.26773,-247.08,-15.22,34.77,-507.19,-47.15,-245.32
4,153,1.27600,-251.43,-15.63,32.73,-526.57,-49.67,-246.49
4,154,1.28439,-256.81,-16.07,31.54,-640.36,-52.39,-142.55
4,155,1.29260,-262.19,-16.60,30.35,-656.51,-63.88,-144.24
4,156,1.30103,-267.87,-17.14,29.42,-674.28,-64.87,-110.51
4,157,1.30933,-273.45,-17.71,28.51,-672.06,-67.78,-109.56
4,158,1.31787,-277.07,-18.10,28.04,-422.86,-46.41,-55.00
4,159,1.32605,-280.69,-18.49,27.57,-443.28,-47.56,-58.21
4,160,1.33438,-284.59,-18.90,27.01,-467.77,-49.37,-67.40
4,161,1.34262,-288.49,-19.31,26.43,-474.07,-50.04,-69.26
4,162,1.35101,-292.55,-19.74,25.68,-483.64,-50.27,-89.45
4,163,1.35925,-296.62,-20.16,24.93,-493.70,-51.29,-91.85
4,164,1.36780,-300.87,-20.60,24.02,-497.14,-51.14,-105.71
4,165,1.37610,-305.11,-21.03,23.11,-511.40,-52.52,-109.93
4,166,1.38437,-309.29,-21.56,22.06,-505.17,-63.83,-127.31
4,167,1.39261,-313.48,-22.40,21.00,-507.78,-101.99,-128.52
4,168,1.40112,-317.77,-22.88,19.84,-504.66,-56.87,-136.56
4,169,1.40936,-322.05,-23.45,18.69,-519.26,-68.38,-139.63
4,170,1.41788,-326.00,-23.95,17.75,-463.80,-58.85,-110.04
4,171,1.42612,-329.92,-24.45,16.84,-475.56,-60.51,-110.74
4,172,1.43448,-333.05,-24.88,16.46,-374.45,-51.19,-45.62
4,173,1.44269,-336.13,-25.30,16.10,-375.46,-51.68,-42.75
4,174,1.45114,-338.32,-25.64,16.34,-258.48,-40.44,28.16
4,175,1.45941,-340.46,-25.98,16.60,-259.04,-40.70,31.37
4,176,1.46793,-342.03,-26.26,17.23,-184.59,-33.53,74.19
4,177,1.47617,-343.59,-26.55,17.90,-188.52,-34.55,80.37
4,178,1.48456,-344.82,-26.83,19.05,-147.64,-33.52,137.09
4,179,1.49271,-346.06,-27.11,20.23,-151.69,-34.64,144.94
4,180,1.50125,-347.24,-27.43,21.92,-137.86,-37.19,198.21
4,181,1.50943,-348.43,-27.75,23.63,-145.52,-39.27,209.33
4,182,1.51797,-349.82,-28.13,25.63,-162.50,-43.91,233.93
4,183,1.52625,-351.21,-28.51,27.66,-168.63,-45.87,245.76
4,184,1.53455,-352.73,-29.07,30.26,-183.09,-67.99,313.24
4,185,1.54285,-354.24,-29.54,32.90,-181.99,-56.50,317.28
4,186,1.55130,-355.59,-30.08,36.09,-159.93,-63.96,377.26
4,187,1.55951,-356.93,-30.62,39.27,-163.20,-65.75,388.10
4,188,1.56796,-358.05,-31.12,42.34,-132.49,-58.66,363.18
4,189,1.57623,-359.16,-31.60,45.36,-133.58,-58.86,365.31
4,190,1.58453,-359.99,-31.96,47.60,-99.63,-43.67,269.85
4,191,1.59290,-360.79,-32.32,49.78,-96.72,-42.20,260.22
4,192,1.60129,-361.24,-32.49,50.75,-52.73,-20.20,116.00
4,193,1.60953,-361.66,-32.65,51.67,-51.11,-19.47,111.48
4,194,1.61798,-361.76,-32.67,51.79,-11.55,-3.10,13.36
5,0,0.00000,0.00,0.00,0.00,-17.27,1.23,-0.72
5,1,0.00821,-0.15,-0.00,-0.01,-17.84,-0.01,-0.74
5,2,0.01678,-0.50,0.01,-0.12,-41.28,1.04,-13.17
5,3,0.02496,-0.86,0.01,-0.24,-44.40,-0.06,-14.55
5,4,0.03329,-1.36,0.01,-0.54,-60.07,0.25,-35.90
5,5,0.04153,-1.87,0.01,-0.84,-61.11,-0.13,-36.67
5,6,0.05008,-2.51,0.01,-1.28,-75.71,0.21,-51.43
5,7,0.05826,-3.16,0.01,-1.72,-79.48,-0.22,-53.73
5,8,0.06683,-3.96,0.01,-2.28,-92.53,-0.05,-65.48
5,9,0.07504,-4.75,0.01,-2.84,-97.03,-0.38,-68.77
5,10,0.08344,-5.66,0.00,-3.54,-108.00,-0.62,-83.27
5,11,0.09164,-6.57,-0.01,-4.24,-110.41,-1.51,-85.13
5,12,0.10004,-7.47,-0.03,-4.94,-108.00,-2.27,-83.27
5,13,0.10834,-8.38,-0.06,-5.64,-109.19,-3.09,-84.19
5,14,0.11670,-9.31,-0.09,-6.42,-111.31,-3.78,-93.80
5,15,0.12500,-10.26,-0.13,-7.23,-113.97,-4.63,-96.69
5,16,0.13348,-11.96,-0.20,-8.79,-200.36,-8.78,-183.81
5,17,0.14178,-13.66,-0.28,-10.35,-204.78,-9.98,-188.97
5,18,0.15005,-15.34,-0.34,-12.44,-204.06,-7.06,-251.66
5,19,0.15836,-17.01,-0.40,-14.51,-200.74,-6.84,-249.26
5,20,0.16690,-17.71,-0.40,-16.02,-82.14,-0.18,-177.14
5,21,0.17514,-18.41,-0.40,-17.54,-84.81,-0.13,-184.44
5,22,0.18341,-18.91,-0.39,-18.88,-60.15,1.06,-161.99
5,23,0.19174,-19.40,-0.38,-20.21,-58.97,1.05,-160.44
5,24,0.20013,-19.73,-0.37,-21.38,-38.91,1.82,-138.55
5,25,0.20840,-20.05,-0.35,-22.53,-39.11,1.84,-139.48
5,26,0.21695,-20.23,-0.34,-23.30,-21.07,1.53,-89.64
5,27,0.22519,-20.41,-0.33,-24.06,-21.48,1.56,-92.59
5,28,0.23349,-20.52,-0.31,-24.68,-13.60,1.60,-75.00
5,29,0.24170,-20.63,-0.30,-25.31,-13.75,1.62,-75.84
5,30,0.25015,-20.75,-0.29,-25.93,-13.36,1.52,-73.65
5,31,0.25842,-20.86,-0.27,-26.55,-13.28,1.62,-74.91
5,32,0.26694,-20.92,-0.26,-27.03,-7.17,1.47,-56.99
5,33,0.27518,-20.98,-0.25,-27.52,-7.41,1.52,-58.89
5,34,0.28351,-21.04,-0.24,-28.00,-7.33,1.45,-58.24
5,35,0.29172,-21.10,-0.23,-28.49,-7.43,1.51,-58.74
5,36,0.30017,-21.13,-0.21,-28.87,-3.61,1.32,-45.85
5,37,0.30844,-21.16,-0.20,-29.26,-3.69,1.39,-46.86
5,38,0.31714,-21.19,-0.19,-29.65,-3.51,1.28,-44.56
5,39,0.32523,-21.22,-0.18,-30.04,-3.77,1.45,-48.68
5,40,0.33353,-21.23,-0.15,-30.36,-1.47,3.79,-38.24
5,41,0.34180,-21.26,-0.14,-30.67,-3.32,0.88,-37.64
5,42,0.35022,-21.29,-0.14,-30.88,-2.90,-0.25,-25.00
5,43,0.35846,-21.32,-0.14,-31.09,-4.07,0.86,-24.81
5,44,0.36700,-21.33,-0.13,-31.20,-1.07,0.25,-12.86
5,45,0.37531,-21.33,-0.13,-31.30,-0.74,0.55,-12.13
5,46,0.38361,-21.26,-0.13,-31.23,8.46,-0.53,7.35
5,47,0.39188,-21.18,-0.13,-31.16,10.70,-0.13,9.59
5,48,0.40024,-20.77,-0.15,-30.74,48.54,-1.30,49.64
5,49,0.40854,-20.36,-0.13,-30.33,48.90,1.55,50.00
5,50,0.41702,-19.96,-0.12,-29.91,47.84,1.72,48.92
5,51,0.42529,-19.54,-0.07,-29.48,50.92,5.96,51.66
5,52,0.43365,-18.82,-0.04,-28.79,86.13,3.39,82.85
5,53,0.44183,-18.09,-0.02,-28.09,88.81,2.95,85.82
5,54,0.45029,-17.24,0.01,-27.20,101.08,2.71,104.69
5,55,0.45856,-16.39,0.02,-26.33,101.85,2.21,105.54
5,56,0.46707,-15.79,0.03,-25.65,70.61,1.00,79.57
5,57,0.47534,-15.17,0.04,-24.95,75.28,0.98,85.61
5,58,0.48367,-14.13,0.05,-23.65,124.91,1.13,154.95
5,59,0.49188,-13.12,0.05,-22.40,123.05,0.42,153.16
5,60,0.50027,-12.66,0.05,-21.81,54.18,-0.18,69.45
5,61,0.50870,-12.21,0.05,-21.22,54.35,-0.07,70.65
5,62,0.51715,-11.65,0.05,-20.39,65.70,-0.25,97.83
5,63,0.52545,-11.11,0.05,-19.56,65.81,-0.33,100.00
5,64,0.53375,-10.71,0.04,-18.71,47.06,-0.30,102.94
5,65,0.54196,-10.34,0.04,-17.86,46.10,-0.27,103.35
5,66,0.55032,-10.20,0.04,-17.11,16.06,-0.10,90.15
5,67,0.55865,-10.07,0.04,-16.35,15.38,-0.26,90.11
5,68,0.56702,-10.07,0.04,-15.67,0.73,-0.28,81.75
5,69,0.57541,-10.07,0.03,-14.99,0.00,-0.48,80.73
5,70,0.58374,-10.17,0.03,-14.43,-12.82,-0.71,68.13
5,71,0.59201,-10.30,0.02,-13.89,-14.76,-1.00,65.31
5,72,0.60034,-10.69,0.01,-13.84,-47.62,-1.29,5.13
5,73,0.60861,-11.09,-0.01,-13.82,-47.97,-1.68,2.58
5,74,0.61707,-11.46,-0.01,-14.20,-43.68,-0.99,-45.13
5,75,0.62549,-11.85,-0.02,-14.69,-46.38,-0.82,-57.97
5,76,0.63388,-12.54,-0.01,-16.77,-82.18,1.58,-247.64
5,77,0.64200,-13.13,0.01,-18.81,-73.31,1.95,-251.13
5,78,0.65036,-12.24,0.07,-20.21,107.30,6.86,-167.52
5,79,0.65869,-11.27,0.07,-21.49,116.12,-0.05,-153.48
5,80,0.66718,-9.20,0.02,-20.88,243.53,-5.30,71.58
5,81,0.67557,-7.02,-0.05,-20.19,260.00,-7.95,81.82
5,82,0.68384,-3.05,0.03,-18.28,480.44,9.46,231.73
5,83,0.69208,0.99,0.02,-16.33,490.74,-1.25,236.30
5,84,0.70041,6.11,0.01,-13.88,614.29,-1.56,294.14
5,85,0.70831,11.26,-0.00,-11.43,651.35,-1.65,310.04
5,86,0.71689,16.87,-0.02,-8.96,654.09,-1.61,287.90
5,87,0.72549,22.53,-0.03,-6.43,657.45,-1.63,293.97
5,88,0.73389,28.92,-0.05,-2.98,761.45,-2.02,410.91
5,89,0.74182,35.22,-0.07,0.46,793.85,-2.12,433.46
5,90,0.75003,40.12,-0.08,3.77,597.40,-1.74,402.97
5,91,0.75836,45.07,-0.10,7.13,593.77,-1.74,403.66
5,92,0.76678,50.68,-0.11,11.35,666.30,-2.04,501.09
5,93,0.77548,56.27,-0.13,15.58,642.81,-1.97,486.32
5,94,0.78381,61.54,-0.15,19.96,632.60,-2.03,525.64
5,95,0.79218,66.76,-0.16,24.32,624.09,-2.01,521.17
5,96,0.80032,71.34,-0.18,28.48,561.80,-1.89,510.86
5,97,0.80869,75.58,-0.19,32.35,507.30,-1.71,462.77
5,98,0.81696,77.68,-0.20,34.40,254.24,-0.89,247.97
5,99,0.82532,79.76,-0.21,36.43,248.54,-0.87,243.07
5,100,0.83362,81.60,-0.21,38.26,221.69,-0.78,220.22
5,101,0.84192,83.41,-0.16,40.06,218.38,6.35,217.28
5,102,0.85019,84.95,0.02,41.60,186.35,21.51,185.24
5,103,0.85855,86.50,0.19,43.13,184.31,21.27,183.21
5,104,0.86707,88.04,0.37,44.66,181.00,20.84,179.93
5,105,0.87558,89.58,0.55,46.19,181.00,20.84,179.93
5,106,0.88394,91.12,0.73,47.72,184.31,21.27,183.21
5,107,0.89212,92.67,0.91,49.26,189.55,21.86,188.06
5,108,0.90048,94.29,1.09,50.87,194.16,22.40,192.70
5,109,0.90881,95.93,1.28,52.49,195.97,22.61,194.51
5,110,0.91724,97.65,1.48,54.21,204.71,23.67,204.35
5,111,0.92563,99.38,1.68,55.94,206.18,23.85,206.18
5,112,0.93405,101.18,1.89,57.77,214.13,24.79,216.67
5,113,0.94226,103.00,2.10,59.61,220.82,25.72,223.79
5,114,0.95065,104.90,2.32,61.56,226.91,26.41,232.73
5,115,0.95892,106.81,2.55,63.51,230.26,26.89,236.16
5,116,0.96744,108.71,2.77,65.47,223.66,26.12,229.39
5,117,0.97574,110.61,2.99,67.42,229.41,26.75,235.29
5,118,0.98413,112.52,3.21,69.37,226.91,26.50,232.73
5,119,0.99231,114.42,3.43,71.33,232.84,27.10,238.81
5,120,1.00067,116.34,3.66,73.29,229.20,26.72,235.04
5,121,1.00897,118.26,3.88,75.26,230.88,27.01,236.76
5,122,1.01740,120.17,4.10,77.22,227.54,26.53,233.33
5,123,1.02582,122.13,4.33,79.22,231.88,26.99,237.68
5,124,1.03415,124.45,4.60,81.60,279.49,32.56,285.35
5,125,1.04242,126.79,4.88,83.99,282.29,32.90,288.56
5,126,1.05072,129.21,5.16,86.45,292.28,33.97,296.32
5,127,1.05902,131.64,5.44,88.91,292.28,33.97,296.32
5,128,1.06747,134.07,5.72,91.37,287.00,33.35,290.97
5,129,1.07578,136.52,6.01,93.86,295.96,34.41,300.37
5,130,1.08420,139.31,6.33,96.68,330.43,38.41,334.78
5,131,1.09238,142.12,6.66,99.53,344.40,39.98,348.88
5,132,1.10080,145.21,7.02,102.64,366.67,42.52,368.84
5,133,1.10913,148.29,7.37,105.73,369.96,42.78,371.43
5,134,1.11749,151.32,7.72,108.71,362.04,41.61,355.47
5,135,1.12589,154.19,8.05,111.53,341.45,39.21,336.73
5,136,1.13425,155.43,8.11,112.90,148.91,7.84,163.14
5,137,1.14252,156.74,8.32,114.35,157.56,24.33,176.01
5,138,1.15079,158.58,8.53,116.66,222.88,25.88,279.34
5,139,1.15918,160.40,8.74,118.97,216.73,25.34,275.27
5,140,1.16745,161.99,8.94,121.29,192.62,23.71,280.07
5,141,1.17587,163.57,9.13,123.61,186.96,23.11,275.72
5,142,1.18423,164.99,9.32,125.99,170.07,22.19,284.31
5,143,1.19250,166.41,9.50,128.37,171.96,22.44,287.45
5,144,1.20078,167.83,9.69,130.74,171.96,22.44,287.45
5,145,1.20914,169.26,9.88,133.13,170.44,22.25,285.40
5,146,1.21750,170.72,10.07,135.62,174.82,22.95,297.45
5,147,1.22589,172.18,10.26,138.24,173.82,23.49,313.09
5,148,1.23425,173.58,10.50,142.18,167.88,28.29,470.07
5,149,1.24246,174.97,10.74,146.22,169.52,29.16,492.19
5,150,1.25085,176.24,11.01,151.28,150.91,31.64,604.00
5,151,1.25916,177.52,11.27,156.30,154.78,31.88,604.78
5,152,1.26755,178.99,11.39,160.86,174.55,14.42,542.18
5,153,1.27594,180.58,11.49,165.42,190.18,11.50,544.00
5,154,1.28427,183.43,11.69,170.14,341.39,24.70,565.93
5,155,1.29248,186.31,11.90,174.85,351.30,25.49,574.72
5,156,1.30090,189.57,12.14,179.62,386.59,28.59,565.94
5,157,1.30917,192.72,12.38,184.20,380.44,28.28,553.87
5,158,1.31769,194.87,12.54,187.14,253.05,19.05,345.16
5,159,1.32596,197.04,12.70,190.11,261.99,19.61,358.67
5,160,1.33429,199.32,12.87,193.31,274.36,20.55,384.98
5,161,1.34253,201.61,13.04,196.55,277.04,20.68,392.22
5,162,1.35089,203.86,13.21,200.00,270.07,19.81,413.14
5,163,1.35916,206.12,13.38,203.48,273.43,20.12,420.66
5,164,1.36758,208.40,13.54,207.18,270.65,19.65,439.13
5,165,1.37595,210.67,13.71,210.88,270.80,19.63,442.70
5,166,1.38446,212.79,13.86,214.63,249.10,17.69,440.14
5,167,1.39249,214.92,14.01,218.41,265.78,18.95,471.48
5,168,1.40085,217.05,14.16,222.32,254.38,17.93,467.52
5,169,1.40918,219.17,14.31,226.19,254.21,17.99,464.10
5,170,1.41760,221.22,14.31,229.69,243.12,0.17,415.94
5,171,1.42603,223.25,14.05,233.09,240.94,-30.37,403.62
5,172,1.43436,225.13,13.76,235.62,226.37,-35.49,303.66
5,173,1.44263,227.00,13.67,238.03,225.46,-10.37,291.51
5,174,1.45096,228.67,13.61,239.44,201.10,-8.04,169.23
5,175,1.45923,230.33,13.55,240.77,200.74,-7.07,161.25
5,176,1.46768,231.88,13.56,241.47,182.67,1.99,82.67
5,177,1.47601,233.44,13.59,242.11,187.18,2.96,76.56
5,178,1.48441,235.12,13.69,242.21,201.09,12.33,12.36
5,179,1.49258,236.86,13.81,242.27,212.31,13.84,6.72
5,180,1.50098,238.90,13.99,241.95,242.91,21.76,-37.82
5,181,1.50928,240.98,14.17,241.63,250.74,22.36,-38.97
5,182,1.51779,243.38,14.39,241.25,282.44,25.25,-44.09
5,183,1.52606,245.85,14.61,240.84,297.79,27.10,-49.82
5,184,1.53439,248.78,14.91,240.15,351.65,35.13,-83.52
5,185,1.54269,251.74,15.21,239.39,357.35,36.48,-90.81
5,186,1.55109,254.98,15.59,238.17,386.18,45.66,-145.82
5,187,1.55942,258.20,15.97,236.94,385.71,45.86,-147.99
5,188,1.56778,261.19,16.35,235.63,358.03,45.13,-156.57
5,189,1.57617,264.10,16.72,234.36,346.18,43.48,-150.91
5,190,1.58453,266.30,16.99,233.41,263.50,32.99,-113.87
5,191,1.59271,268.35,17.25,232.53,251.12,31.34,-107.46
5,192,1.60110,269.36,17.36,232.18,120.36,13.75,-41.82
5,193,1.60941,270.27,17.47,231.87,109.56,12.44,-37.50
5,194,1.61783,270.42,17.48,231.86,17.75,1.40,-1.09
6,0,0.00000,0.00,0.00,0.00,-15.69,-0.79,8.39
6,1,0.00830,-0.13,-0.01,0.07,-15.81,-0.79,8.46
6,2,0.01666,-0.49,-0.03,0.15,-43.43,-2.87,9.85
6,3,0.02505,-0.86,-0.05,0.23,-43.27,-2.77,9.82
6,4,0.03345,-1.44,-0.10,0.23,-69.45,-5.11,-0.36
6,5,0.04163,-2.02,-0.14,0.23,-71.27,-5.28,-0.37
6,6,0.05002,-2.80,-0.20,0.18,-93.09,-7.08,-5.82
6,7,0.05835,-3.59,-0.26,0.13,-93.77,-7.23,-5.86
6,8,0.06671,-4.56,-0.33,0.05,-116.06,-8.94,-9.49
6,9,0.07523,-5.53,-0.41,-0.03,-113.98,-8.78,-9.32
6,10,0.08337,-6.67,-0.50,-0.17,-140.82,-11.09,-17.23
6,11,0.09171,-7.81,-0.59,-0.31,-136.26,-10.79,-16.85
6,12,0.10001,-8.94,-0.68,-0.45,-136.76,-10.78,-16.91
6,13,0.10837,-10.08,-0.77,-0.59,-135.77,-10.70,-16.79
6,14,0.11667,-11.28,-0.87,-0.79,-144.85,-11.73,-24.26
6,15,0.12518,-12.49,-0.96,-0.99,-142.29,-11.49,-24.01
6,16,0.13345,-14.75,-1.15,-1.47,-272.69,-22.55,-57.56
6,17,0.14175,-17.01,-1.34,-1.95,-272.06,-22.46,-57.72
6,18,0.15015,-19.52,-1.56,-2.88,-299.27,-26.70,-111.27
6,19,0.15845,-22.02,-1.78,-3.82,-301.10,-26.89,-112.50
6,20,0.16687,-23.39,-1.93,-4.76,-163.04,-16.78,-112.32
6,21,0.17542,-24.76,-2.07,-5.71,-160.36,-16.45,-110.71
6,22,0.18353,-25.90,-2.19,-6.63,-140.23,-15.09,-113.91
6,23,0.19171,-27.00,-2.31,-7.53,-134.70,-14.60,-109.70
6,24,0.20007,-27.87,-2.41,-8.37,-104.38,-11.86,-100.00
6,25,0.20850,-28.74,-2.50,-9.19,-102.17,-11.60,-97.83
6,26,0.21677,-29.28,-2.57,-9.76,-66.05,-7.75,-68.63
6,27,0.22519,-29.82,-2.63,-10.32,-64.13,-7.49,-67.03
6,28,0.23358,-30.24,-2.68,-10.80,-49.45,-6.11,-57.09
6,29,0.24176,-30.65,-2.73,-11.28,-50.75,-6.17,-58.58
6,30,0.25018,-31.07,-2.78,-11.76,-49.28,-6.00,-56.88
6,31,0.25848,-31.48,-2.83,-12.24,-49.26,-6.01,-57.35
6,32,0.26688,-31.77,-2.87,-12.63,-35.64,-4.55,-46.18
6,33,0.27545,-32.07,-2.91,-13.01,-34.88,-4.54,-45.20
6,34,0.28363,-32.39,-2.95,-13.42,-38.43,-4.92,-50.00
6,35,0.29187,-32.68,-2.99,-13.80,-35.56,-4.55,-46.30
6,36,0.30023,-32.91,-3.02,-14.12,-27.01,-3.57,-37.96
6,37,0.30856,-33.13,-3.05,-14.44,-27.11,-3.58,-38.10
6,38,0.31683,-33.36,-3.08,-14.76,-27.31,-3.61,-38.38
6,39,0.32529,-33.58,-3.11,-15.07,-25.99,-3.51,-37.18
6,40,0.33368,-33.75,-3.13,-15.34,-20.73,-2.85,-32.00
6,41,0.34192,-33.91,-3.15,-15.61,-18.89,-2.74,-32.59
6,42,0.35025,-34.00,-3.17,-15.80,-11.36,-1.83,-23.08
6,43,0.35852,-34.08,-3.18,-15.99,-9.59,-1.63,-22.51
6,44,0.36694,-34.11,-3.19,-16.09,-2.90,-0.72,-12.68
6,45,0.37534,-34.12,-3.19,-16.19,-1.09,-0.58,-11.27
6,46,0.38370,-34.04,-3.19,-16.13,8.76,0.98,7.30
6,47,0.39197,-33.94,-3.18,-16.03,11.81,1.29,11.44
6,48,0.40042,-33.57,-3.13,-15.59,44.40,5.51,52.35
6,49,0.40860,-33.22,-3.08,-15.13,43.28,5.58,56.34
6,50,0.41687,-32.88,-3.04,-14.66,40.96,5.43,56.83
6,51,0.42535,-32.51,-2.99,-14.16,42.81,5.59,58.63
6,52,0.43372,-31.91,-2.91,-13.37,72.63,9.29,94.89
6,53,0.44199,-31.29,-2.83,-12.55,74.54,9.62,98.15
6,54,0.45035,-30.58,-2.74,-11.55,85.40,11.34,120.07
6,55,0.45859,-29.88,-2.65,-10.57,84.44,11.13,118.89
6,56,0.46695,-29.39,-2.58,-9.81,58.76,8.24,90.88
6,57,0.47543,-28.87,-2.51,-8.99,61.51,8.49,96.40
6,58,0.48370,-28.03,-2.38,-7.56,101.11,14.73,173.43
6,59,0.49197,-27.24,-2.27,-6.20,95.94,14.01,164.94
6,60,0.50034,-26.88,-2.21,-5.55,43.07,6.43,77.01
6,61,0.50870,-26.51,-2.16,-4.89,43.80,6.50,79.56
6,62,0.51703,-26.08,-2.09,-3.97,51.65,8.44,109.89
6,63,0.52539,-25.67,-2.02,-3.07,48.54,8.12,107.66
6,64,0.53372,-25.42,-1.97,-2.17,31.14,6.77,108.42
6,65,0.54205,-25.18,-1.91,-1.28,28.21,6.57,106.59
6,66,0.55042,-25.16,-1.88,-0.51,2.55,4.00,91.61
6,67,0.55869,-25.15,-1.84,0.24,1.11,3.93,91.51
6,68,0.56699,-25.24,-1.82,0.92,-11.40,2.54,81.62
6,69,0.57562,-25.35,-1.80,1.59,-12.37,2.33,77.03
6,70,0.58374,-25.54,-1.80,2.13,-23.68,1.02,66.92
6,71,0.59204,-25.76,-1.79,2.62,-25.74,0.56,58.46
6,72,0.60034,-26.16,-1.82,2.60,-48.16,-3.62,-1.84
6,73,0.60864,-26.55,-1.85,2.54,-47.06,-3.75,-6.99
6,74,0.61700,-26.86,-1.89,2.11,-36.86,-4.88,-51.82
6,75,0.62549,-27.17,-1.94,1.50,-37.05,-5.77,-71.94
6,76,0.63379,-27.54,-2.06,-0.66,-44.85,-14.18,-259.93
6,77,0.64209,-27.76,-2.16,-2.72,-26.47,-12.34,-248.53
6,78,0.65039,-26.67,-2.13,-3.97,131.99,3.41,-150.74
6,79,0.65872,-25.48,-2.09,-5.00,142.12,5.35,-123.44
6,80,0.66721,-23.53,-1.91,-4.09,230.22,21.45,107.19
6,81,0.67551,-21.40,-1.70,-3.02,256.25,24.35,129.41
6,82,0.68384,-17.76,-1.33,-0.53,437.36,44.68,298.53
6,83,0.69205,-14.01,-0.95,2.03,456.88,46.77,311.90
6,84,0.70053,-9.31,-0.47,5.22,553.24,56.57,375.90
6,85,0.70859,-4.57,0.02,8.42,589.02,60.04,396.97
6,86,0.71698,0.61,0.53,11.70,616.73,61.85,390.91
6,87,0.72549,5.85,1.06,15.09,615.41,62.04,398.57
6,88,0.73386,11.65,1.67,19.45,693.80,73.04,521.90
6,89,0.74207,17.30,2.27,23.78,688.48,72.77,527.14
6,90,0.75034,21.66,2.76,27.79,526.57,59.12,484.13
6,91,0.75864,26.07,3.26,31.89,531.62,59.94,494.85
6,92,0.76700,30.98,3.83,36.91,587.96,68.50,599.64
6,93,0.77560,35.86,4.40,41.93,567.02,66.24,583.69
6,94,0.78381,40.42,4.95,47.05,554.65,66.92,623.42
6,95,0.79199,44.89,5.49,52.12,547.39,66.35,620.15
6,96,0.80029,48.69,5.97,56.79,457.35,57.30,562.50
6,97,0.80859,52.28,6.42,61.22,431.99,54.20,533.46
6,98,0.81699,54.05,6.65,63.56,211.27,27.19,279.27
6,99,0.82571,55.80,6.87,65.88,200.35,25.89,265.38
6,100,0.83395,57.34,7.07,67.96,187.41,24.43,252.96
6,101,0.84213,58.86,7.27,70.01,185.82,24.20,250.37
6,102,0.85049,60.16,7.44,71.76,155.11,20.16,208.76
6,103,0.85883,61.46,7.61,73.50,155.68,20.28,209.52
6,104,0.86716,62.75,7.78,75.25,155.68,20.19,209.52
6,105,0.87573,64.05,7.95,76.99,151.25,19.71,203.56
6,106,0.88400,65.35,8.11,78.74,156.83,20.43,211.07
6,107,0.89224,66.65,8.28,80.49,158.15,20.56,212.96
6,108,0.90051,68.01,8.46,82.33,164.94,21.50,222.14
6,109,0.90900,69.39,8.64,84.18,161.87,21.01,217.99
6,110,0.91730,70.83,8.83,86.14,174.26,22.76,236.40
6,111,0.92630,72.29,9.02,88.11,161.36,21.04,218.98
6,112,0.93481,73.84,9.22,90.25,182.80,24.00,250.90
6,113,0.94296,75.43,9.43,92.44,195.13,25.65,268.54
6,114,0.95081,77.02,9.64,94.65,202.72,26.75,282.49
6,115,0.95908,78.61,9.85,96.87,192.25,25.41,267.90
6,116,0.96750,80.20,10.06,99.08,188.77,24.91,263.04
6,117,0.97632,81.79,10.27,101.30,180.28,23.83,251.21
6,118,0.98474,83.38,10.48,103.52,188.77,24.95,263.04
6,119,0.99316,84.98,10.69,105.73,189.13,24.90,263.41
6,120,1.00092,86.58,10.90,107.97,206.69,27.31,287.80
6,121,1.00919,88.18,11.11,110.20,193.73,25.60,269.74
6,122,1.01746,89.78,11.33,112.43,193.73,25.51,269.74
6,123,1.02640,91.44,11.55,114.74,185.67,24.53,258.70
6,124,1.03476,93.39,11.80,117.44,232.48,30.67,322.63
6,125,1.04309,95.35,11.95,120.15,235.16,17.55,326.01
6,126,1.05090,97.38,12.27,122.95,259.77,41.27,357.81
6,127,1.05917,99.40,12.51,125.74,245.39,29.55,338.01
6,128,1.06772,101.43,12.76,128.54,237.50,28.64,327.14
6,129,1.07642,103.52,13.01,131.41,239.30,28.82,329.82
6,130,1.08487,105.84,13.29,134.61,275.45,33.19,379.06
6,131,1.09293,108.22,13.58,137.88,294.70,35.42,404.92
6,132,1.10080,110.81,13.89,141.41,328.68,39.48,448.84
6,133,1.10910,113.39,14.20,144.92,311.03,37.29,422.79
6,134,1.11734,115.94,14.50,148.31,309.26,36.78,411.48
6,135,1.12628,118.22,14.77,151.37,254.95,30.38,342.66
6,136,1.13467,119.24,14.90,152.91,122.18,15.24,182.91
6,137,1.14301,120.35,15.04,154.62,132.60,16.71,205.86
6,138,1.15085,121.82,15.23,157.18,188.33,25.02,326.46
6,139,1.15912,123.26,15.43,159.74,173.43,23.23,308.86
6,140,1.16742,124.48,15.60,162.27,147.79,21.27,304.78
6,141,1.17636,125.68,15.78,164.80,133.79,19.51,283.62
6,142,1.18472,126.73,15.94,167.37,125.55,19.63,306.57
6,143,1.19299,127.78,16.11,169.93,126.94,19.85,309.96
6,144,1.20087,128.83,16.27,172.49,133.33,20.90,325.58
6,145,1.20911,129.89,16.44,175.08,128.15,20.07,313.70
6,146,1.21747,130.96,16.61,177.76,128.47,20.36,320.07
6,147,1.22632,131.99,16.78,180.68,115.86,19.75,330.69
6,148,1.23474,132.79,16.98,184.78,95.29,23.50,486.23
6,149,1.24319,133.54,17.16,189.07,88.45,21.92,507.58
6,150,1.25095,134.03,17.22,194.27,63.39,6.66,670.87
6,151,1.25916,134.57,17.16,199.38,65.80,-6.45,623.05
6,152,1.26758,135.34,17.01,204.10,91.30,-17.72,560.14
6,153,1.27637,136.34,17.01,208.89,114.24,-0.47,544.44
6,154,1.28479,138.45,16.90,213.97,250.36,-12.65,603.99
6,155,1.29309,140.62,16.79,219.08,262.13,-13.15,615.07
6,156,1.30093,143.12,16.32,224.26,318.68,-61.01,661.09
6,157,1.30920,145.48,15.67,229.10,284.87,-78.25,585.24
6,158,1.31747,147.17,15.32,232.33,204.43,-41.77,390.41
6,159,1.32648,148.88,14.92,235.61,189.49,-44.92,364.07
6,160,1.33481,150.66,14.49,239.12,213.55,-51.93,421.61
6,161,1.34311,152.43,14.05,242.68,213.24,-52.69,428.31
6,162,1.35095,154.14,13.59,246.43,219.07,-58.57,478.60
6,163,1.35922,155.86,13.12,250.23,207.38,-56.09,459.04
6,164,1.36758,157.56,12.64,254.23,203.28,-58.22,478.10
6,165,1.37643,159.23,12.15,258.23,188.97,-55.04,452.07
6,166,1.38483,160.77,11.66,262.25,183.27,-58.02,479.64
6,167,1.39316,162.30,11.17,266.31,184.25,-58.86,486.45
6,168,1.40106,163.82,10.67,270.49,191.89,-63.92,529.34
6,169,1.40924,165.34,10.17,274.60,185.07,-60.74,502.61
6,170,1.41757,166.84,9.71,278.37,180.22,-54.96,452.75
6,171,1.42642,168.33,9.28,281.97,169.31,-49.39,406.21
6,172,1.43481,169.82,8.93,284.75,177.09,-41.01,331.64
6,173,1.44308,171.30,8.61,287.33,178.97,-38.75,312.18
6,174,1.45099,172.74,8.40,288.98,182.63,-26.95,208.11
6,175,1.45908,174.19,8.20,290.49,178.11,-24.42,187.55
6,176,1.46765,175.61,8.07,291.42,165.84,-15.09,107.47
6,177,1.47586,177.07,7.95,292.24,178.07,-14.43,100.00
6,178,1.48434,178.72,7.97,292.59,194.96,1.34,41.73
6,179,1.49255,180.45,7.87,292.88,210.41,-12.11,35.32
6,180,1.50082,182.51,7.80,292.87,249.45,-8.52,-1.11
6,181,1.50922,184.64,7.71,292.86,253.82,-10.29,-1.09
6,182,1.51758,187.08,7.57,292.85,290.88,-17.15,-1.46
6,183,1.52652,189.61,7.41,292.80,283.28,-17.26,-5.80
6,184,1.53485,192.61,7.28,292.55,360.07,-16.27,-29.67
6,185,1.54315,195.68,7.15,292.22,369.85,-15.03,-40.07
6,186,1.55106,199.07,7.07,291.49,428.57,-10.12,-91.51
6,187,1.55927,202.41,7.00,290.75,407.43,-8.92,-90.71
6,188,1.56750,205.57,6.95,289.90,382.96,-5.54,-102.59
6,189,1.57642,208.57,6.91,289.10,337.33,-4.93,-90.07
6,190,1.58493,210.88,6.87,288.49,271.33,-4.08,-71.68
6,191,1.59317,212.97,6.84,287.95,253.70,-4.23,-65.19
6,192,1.60104,214.02,6.81,287.76,133.33,-3.59,-24.81
6,193,1.60931,214.91,6.78,287.60,107.01,-3.17,-19.19
6,194,1.61765,215.06,6.77,287.62,17.95,-1.33,1.83
7,0,0.00000,0.00,0.00,0.00,-2.82,-2.23,-16.90
7,1,0.00845,-0.02,0.00,-0.15,-2.89,0.27,-17.33
7,2,0.01620,0.01,-0.00,-0.52,4.33,-0.51,-47.64
7,3,0.02463,0.04,0.00,-0.89,3.99,0.36,-43.84
7,4,0.03284,0.23,-0.01,-1.44,22.68,-1.04,-67.29
7,5,0.04108,0.42,0.03,-1.99,22.59,4.78,-67.04
7,6,0.04984,0.70,0.04,-2.72,33.10,0.98,-82.93
7,7,0.05823,0.99,0.05,-3.44,34.55,1.02,-86.55
7,8,0.06601,1.37,0.06,-4.34,48.63,1.33,-115.29
7,9,0.07434,1.75,0.07,-5.24,45.42,1.24,-107.69
7,10,0.08264,2.24,0.08,-6.27,58.82,1.36,-124.63
7,11,0.09106,2.73,0.09,-7.31,57.97,1.34,-122.83
7,12,0.09988,3.22,0.10,-8.34,55.36,1.28,-117.30
7,13,0.10831,3.70,0.12,-9.38,57.97,1.33,-122.83
7,14,0.11621,4.27,0.13,-10.45,71.81,1.40,-136.29
7,15,0.12442,4.84,0.14,-11.53,69.14,1.35,-131.23
7,16,0.13272,6.01,0.16,-13.53,140.44,2.31,-241.54
7,17,0.14124,7.17,0.18,-15.53,136.56,2.24,-234.41
7,18,0.14990,8.84,0.19,-17.62,192.96,1.71,-241.55
7,19,0.15829,10.51,0.21,-19.71,198.91,1.75,-248.73
7,20,0.16611,11.84,0.21,-20.72,169.92,0.10,-128.91
7,21,0.17441,13.17,0.21,-21.73,159.93,0.11,-121.32
7,22,0.18274,14.37,0.21,-22.50,144.32,-0.20,-92.67
7,23,0.19113,15.57,0.20,-23.27,143.27,-0.17,-92.00
7,24,0.19998,16.64,0.20,-23.84,120.69,-0.38,-64.14
7,25,0.20865,17.70,0.20,-24.40,122.89,-0.38,-65.49
7,26,0.21613,18.42,0.19,-24.75,95.92,-0.37,-46.12
7,27,0.22443,19.13,0.19,-25.09,85.29,-0.35,-40.81
7,28,0.23279,19.71,0.19,-25.33,70.07,-0.33,-29.20
7,29,0.24118,20.30,0.19,-25.58,69.82,-0.36,-29.09
7,30,0.25000,20.89,0.18,-25.82,66.44,-0.34,-27.68
7,31,0.25842,21.47,0.18,-26.06,69.20,-0.36,-28.62
7,32,0.26617,21.93,0.18,-26.23,59.45,-0.35,-21.26
7,33,0.27454,22.39,0.17,-26.39,55.11,-0.33,-19.71
7,34,0.28281,22.85,0.17,-26.56,55.72,-0.34,-19.93
7,35,0.29126,23.31,0.17,-26.72,54.51,-0.33,-19.13
7,36,0.30002,23.68,0.17,-26.83,42.51,-0.29,-12.89
7,37,0.30844,24.06,0.16,-26.94,44.20,-0.31,-13.41
7,38,0.31665,24.43,0.16,-27.06,45.35,-0.30,-13.75
7,39,0.32462,24.80,0.16,-27.17,46.74,-0.33,-14.18
7,40,0.33276,25.11,0.16,-27.25,37.83,-0.28,-9.74
7,41,0.34116,25.41,0.15,-27.34,36.00,-0.24,-11.27
7,42,0.35010,25.62,0.15,-27.40,22.87,-0.16,-6.83
7,43,0.35843,25.82,0.15,-27.46,24.18,-0.17,-6.96
7,44,0.36670,25.93,0.15,-27.48,13.28,-0.13,-1.85
7,45,0.37460,26.03,0.15,-27.49,13.51,-0.14,-1.93
7,46,0.38287,25.98,0.15,-27.42,-7.01,-0.06,8.86
7,47,0.39124,25.91,0.15,-27.34,-7.66,-0.06,9.49
7,48,0.39944,25.52,0.15,-26.91,-47.58,-0.29,52.42
7,49,0.40826,25.13,0.14,-26.48,-44.29,-0.29,48.79
7,50,0.41620,24.74,0.14,-26.05,-49.23,-0.30,54.23
7,51,0.42450,24.35,0.14,-25.62,-47.43,-0.31,52.21
7,52,0.43289,23.70,0.13,-24.86,-77.09,-0.58,90.55
7,53,0.44128,23.05,0.13,-24.09,-77.45,-0.58,90.91
7,54,0.44949,22.22,0.12,-23.19,-101.49,-0.62,110.41
7,55,0.45847,21.39,0.12,-22.28,-92.52,-0.56,100.68
7,56,0.46677,20.75,0.12,-21.64,-77.21,-0.36,77.21
7,57,0.47461,20.10,0.11,-21.00,-82.88,-0.38,82.49
7,58,0.48282,18.87,0.11,-19.88,-149.44,-0.47,136.06
7,59,0.49118,17.65,0.10,-18.77,-145.62,-0.46,132.12
7,60,0.50021,17.10,0.10,-18.29,-61.49,-0.15,54.05
7,61,0.50851,16.54,0.10,-17.80,-67.28,-0.18,58.82
7,62,0.51611,15.74,0.10,-17.20,-104.42,-0.06,79.12
7,63,0.52448,14.95,0.10,-16.60,-94.89,-0.06,71.90
7,64,0.53290,14.12,0.10,-16.15,-98.19,0.30,52.54
7,65,0.54135,13.30,0.11,-15.72,-97.83,0.31,51.62
7,66,0.55014,12.55,0.11,-15.54,-84.72,0.67,20.49
7,67,0.55795,11.81,0.12,-15.36,-95.31,0.76,22.66
7,68,0.56616,11.12,0.13,-15.31,-83.27,0.90,5.58
7,69,0.57468,10.44,0.13,-15.27,-79.93,0.87,5.38
7,70,0.58307,9.87,0.14,-15.34,-68.00,0.95,-8.73
7,71,0.59143,9.31,0.15,-15.42,-67.52,0.95,-9.49
7,72,0.59970,9.24,0.16,-15.81,-8.12,0.89,-47.60
7,73,0.60797,9.18,0.16,-16.21,-7.38,0.88,-47.60
7,74,0.61618,9.54,0.17,-16.60,43.87,0.26,-47.58
7,75,0.62497,9.93,0.17,-17.00,44.10,0.23,-45.49
7,76,0.63312,12.03,0.16,-17.84,258.43,-1.36,-103.37
7,77,0.64148,14.04,0.14,-18.57,239.42,-1.41,-86.86
7,78,0.65021,15.49,0.11,-17.76,166.43,-3.51,93.01
7,79,0.65796,16.84,0.08,-16.88,174.02,-3.94,113.39
7,80,0.66632,16.35,0.05,-14.78,-57.66,-3.47,251.09
7,81,0.67487,15.81,0.02,-12.57,-63.93,-3.49,257.86
7,82,0.68304,14.13,-0.02,-8.49,-204.85,-5.81,498.88
7,83,0.69147,12.43,-0.07,-4.35,-201.81,-5.74,492.03
7,84,0.70020,10.29,-0.13,0.91,-245.45,-7.03,602.10
7,85,0.70859,8.15,-0.19,6.19,-255.27,-7.36,629.45
7,86,0.71683,6.02,-0.69,11.94,-258.52,-59.70,697.41
7,87,0.72482,3.84,-1.45,17.73,-272.90,-95.15,724.43
7,88,0.73297,0.78,-2.33,24.31,-375.66,-108.60,807.87
7,89,0.74149,-2.28,-3.21,30.81,-359.14,-102.81,763.80
7,90,0.74973,-5.29,-3.91,35.91,-365.19,-85.83,618.15
7,91,0.75800,-8.35,-4.63,41.04,-369.74,-86.25,620.66
7,92,0.76620,-12.23,-5.46,46.89,-472.49,-100.79,713.01
7,93,0.77472,-16.12,-6.28,52.73,-456.63,-96.96,685.30
7,94,0.78290,-20.18,-7.08,58.25,-496.27,-97.15,675.00
7,95,0.79132,-24.22,-7.25,63.72,-480.43,-20.27,650.00
7,96,0.80035,-28.00,-7.29,68.41,-417.91,-4.33,518.58
7,97,0.80875,-31.67,-7.32,72.96,-438.18,-4.50,542.55
7,98,0.81699,-33.60,-7.33,75.18,-233.33,-1.30,269.63
7,99,0.82477,-35.51,-7.35,77.39,-245.49,-1.41,283.53
7,100,0.83301,-37.22,-7.35,79.33,-208.15,-0.90,235.93
7,101,0.84149,-38.93,-7.36,81.26,-200.72,-0.91,227.34
7,102,0.85037,-40.36,-7.37,82.89,-161.86,-0.70,183.51
7,103,0.85815,-41.80,-7.37,84.52,-184.71,-0.80,209.41
7,104,0.86646,-43.24,-7.38,86.15,-173.16,-0.75,196.32
7,105,0.87488,-44.67,-7.39,87.78,-170.65,-0.79,193.48
7,106,0.88303,-46.11,-7.39,89.41,-176.40,-0.81,200.00
7,107,0.89163,-47.55,-7.40,91.05,-167.38,-0.74,190.07
7,108,0.89981,-49.06,-7.41,92.76,-184.70,-0.84,210.07
7,109,0.90826,-50.58,-7.41,94.49,-179.42,-0.79,203.61
7,110,0.91696,-52.20,-7.42,96.31,-185.96,-0.80,209.82
7,111,0.92499,-53.82,-7.43,98.14,-201.90,-0.82,227.76
7,112,0.93323,-55.53,-7.47,100.05,-208.15,-5.50,231.85
7,113,0.94153,-57.25,-7.70,101.97,-207.35,-27.70,230.88
7,114,0.94986,-59.09,-8.08,103.98,-220.51,-45.06,242.12
7,115,0.95819,-60.93,-8.60,106.00,-220.51,-62.91,242.12
7,116,0.96646,-62.77,-8.96,108.02,-222.14,-43.73,243.91
7,117,0.97507,-64.60,-9.37,110.03,-213.48,-47.63,234.40
7,118,0.98318,-66.44,-9.78,112.05,-226.32,-50.50,248.50
7,119,0.99167,-68.28,-10.19,114.07,-216.55,-48.32,237.77
7,120,0.99994,-70.13,-10.61,116.10,-223.62,-49.97,245.39
7,121,1.00833,-71.97,-11.02,118.13,-220.00,-49.06,241.82
7,122,1.01648,-73.82,-11.43,120.16,-226.97,-50.71,249.06
7,123,1.02502,-75.69,-11.85,122.21,-218.57,-48.80,240.36
7,124,1.03317,-77.92,-12.35,124.68,-274.16,-61.50,302.62
7,125,1.04172,-80.16,-12.85,127.15,-262.14,-58.73,288.93
7,126,1.04996,-82.48,-13.37,129.71,-280.74,-63.26,311.48
7,127,1.05826,-84.79,-13.89,132.28,-278.68,-62.88,309.19
7,128,1.06653,-87.10,-14.41,134.84,-279.70,-63.03,310.33
7,129,1.07498,-89.43,-14.94,137.43,-275.81,-62.18,306.14
7,130,1.08322,-92.08,-15.54,140.38,-321.48,-72.72,357.41
7,131,1.09167,-94.74,-16.14,143.34,-314.80,-71.13,350.54
7,132,1.09995,-97.66,-16.80,146.61,-352.77,-80.32,395.20
7,133,1.10831,-100.57,-17.47,149.87,-348.18,-79.32,390.51
7,134,1.11655,-103.36,-18.12,153.08,-338.52,-78.95,388.52
7,135,1.12509,-106.07,-18.75,156.18,-316.43,-73.67,362.86
7,136,1.13324,-107.35,-19.02,157.50,-158.05,-33.02,162.55
7,137,1.14178,-108.69,-19.29,158.86,-156.43,-32.37,158.93
7,138,1.15002,-110.89,-19.70,160.84,-266.67,-49.19,240.00
7,139,1.15836,-113.09,-20.06,162.80,-263.74,-42.71,235.90
7,140,1.16660,-115.30,-20.64,164.53,-268.89,-71.50,209.63
7,141,1.17508,-117.52,-21.40,166.25,-261.87,-88.65,202.52
7,142,1.18329,-119.81,-22.18,167.81,-278.81,-95.83,190.33
7,143,1.19186,-122.10,-22.90,169.37,-266.90,-83.92,182.21
7,144,1.20007,-124.39,-23.62,170.94,-278.81,-87.76,190.33
7,145,1.20837,-126.68,-24.34,172.50,-276.47,-86.88,188.24
7,146,1.21671,-129.08,-25.09,174.11,-287.18,-89.45,193.04
7,147,1.22510,-131.55,-25.84,175.71,-294.55,-89.94,191.64
7,148,1.23334,-135.39,-26.77,177.35,-465.93,-112.43,198.52
7,149,1.24194,-139.29,-27.70,178.98,-453.19,-108.49,189.72
7,150,1.25012,-144.27,-28.75,180.55,-609.70,-127.88,191.42
7,151,1.25845,-149.23,-29.95,182.12,-594.87,-143.50,189.01
7,152,1.26669,-153.69,-31.19,183.86,-540.74,-151.57,210.37
7,153,1.27515,-158.15,-32.47,185.67,-527.80,-150.80,214.08
7,154,1.28339,-162.68,-34.20,188.79,-550.37,-210.11,378.89
7,155,1.29199,-167.22,-35.94,191.93,-527.66,-201.83,365.25
7,156,1.30017,-171.78,-37.81,195.46,-556.72,-228.49,430.97
7,157,1.30847,-176.23,-39.64,198.92,-536.76,-220.65,416.91
7,158,1.31671,-179.04,-40.84,201.24,-340.74,-146.03,282.22
7,159,1.32516,-181.86,-42.05,203.57,-333.57,-142.80,275.81
7,160,1.33334,-184.92,-43.34,206.05,-374.63,-157.88,302.24
7,161,1.34189,-188.01,-44.63,208.52,-360.71,-151.24,289.29
7,162,1.35022,-191.32,-45.96,210.98,-397.80,-158.99,295.24
7,163,1.35861,-194.65,-47.28,213.44,-396.36,-158.07,293.45
7,164,1.36673,-198.21,-48.66,215.94,-438.35,-169.30,307.52
7,165,1.37518,-201.76,-50.03,218.42,-420.94,-162.02,294.22
7,166,1.38345,-205.38,-51.35,220.76,-436.90,-160.41,283.03
7,167,1.39200,-209.00,-52.69,223.10,-424.29,-155.85,273.93
7,168,1.40015,-212.78,-54.04,225.46,-463.67,-166.57,289.14
7,169,1.40854,-216.53,-55.40,227.81,-447.27,-161.24,280.00
7,170,1.41681,-219.91,-56.66,230.06,-408.12,-152.67,272.32
7,171,1.42523,-223.23,-57.41,232.30,-394.20,-89.41,265.94
7,172,1.43347,-225.64,-58.11,234.34,-292.59,-84.82,246.67
7,173,1.44193,-227.99,-58.80,236.35,-277.98,-81.94,238.63
7,174,1.45023,-229.30,-59.36,238.11,-157.35,-67.41,211.40
7,175,1.45877,-230.57,-59.54,239.85,-148.57,-20.91,204.29
7,176,1.46689,-231.17,-59.74,241.43,-74.44,-25.09,194.74
7,177,1.47528,-231.74,-59.92,243.02,-68.36,-20.77,189.09
7,178,1.48346,-231.74,-60.12,244.71,0.00,-24.32,206.72
7,179,1.49207,-231.72,-60.32,246.42,2.84,-23.43,198.58
7,180,1.50040,-231.28,-60.57,248.44,52.75,-29.80,242.12
7,181,1.50858,-230.83,-60.82,250.47,54.48,-30.54,248.88
7,182,1.51688,-230.32,-61.11,252.85,62.50,-35.12,286.40
7,183,1.52533,-229.78,-61.41,255.26,63.54,-35.01,284.48
7,184,1.53351,-228.91,-61.76,258.14,105.97,-43.93,352.61
7,185,1.54218,-228.02,-62.13,261.04,103.52,-41.74,334.51
7,186,1.55035,-226.57,-62.40,264.26,176.12,-33.72,394.40
7,187,1.55878,-225.15,-62.51,267.41,168.84,-13.30,373.19
7,188,1.56708,-223.63,-62.62,270.39,183.82,-12.72,359.93
7,189,1.57538,-222.19,-62.72,273.23,173.53,-12.07,341.18
7,190,1.58368,-221.11,-62.80,275.36,130.15,-9.07,256.62
7,191,1.59213,-220.10,-62.87,277.37,119.13,-8.44,238.27
7,192,1.60037,-219.69,-62.90,278.36,49.63,-4.29,120.00
7,193,1.60864,-219.32,-62.93,279.26,45.02,-3.90,109.23
7,194,1.61685,-219.30,-62.94,279.41,2.23,-0.69,18.22
8,0,0.00000,0.00,0.00,0.00,17.22,0.49,4.40
8,1,0.00839,0.14,0.00,0.04,17.09,0.53,4.36
8,2,0.01657,0.47,0.00,0.22,39.55,-0.30,22.39
8,3,0.02509,0.79,-0.00,0.40,37.99,-0.26,21.51
8,4,0.03333,1.22,-0.02,0.80,51.85,-2.73,48.15
8,5,0.04172,1.64,-0.05,1.20,50.91,-2.68,47.27
8,6,0.04993,2.19,-0.08,1.76,66.17,-4.40,68.77
8,7,0.05838,2.73,-0.12,2.33,64.26,-4.22,66.79
8,8,0.06662,3.39,-0.16,3.04,80.00,-5.75,86.67
8,9,0.07520,4.05,-0.21,3.75,76.87,-5.53,83.27
8,10,0.08359,4.79,-0.27,4.63,88.36,-7.34,104.00
8,11,0.09180,5.53,-0.34,5.50,90.33,-7.52,106.32
8,12,0.10001,6.27,-0.40,6.37,90.33,-7.52,106.32
8,13,0.10840,7.02,-0.46,7.24,88.36,-7.36,104.00
8,14,0.11667,7.76,-0.53,8.21,90.41,-8.78,116.24
8,15,0.12515,8.51,-0.60,9.17,88.13,-8.51,113.31
8,16,0.13339,9.85,-0.75,11.04,162.59,-18.04,227.78
8,17,0.14175,11.19,-0.90,12.92,160.22,-17.80,224.45
8,18,0.15005,12.41,-1.12,15.31,146.69,-26.45,287.50
8,19,0.15845,13.63,-1.34,17.69,145.09,-26.11,284.36
8,20,0.16666,14.00,-1.52,19.32,45.35,-21.72,198.14
8,21,0.17526,14.37,-1.70,20.95,43.26,-20.74,189.01
8,22,0.18347,14.58,-1.86,22.36,25.28,-19.77,172.49
8,23,0.19183,14.79,-2.02,23.78,24.82,-19.43,169.34
8,24,0.19998,14.87,-2.17,24.98,9.74,-17.81,147.94
8,25,0.20856,14.94,-2.31,26.19,9.25,-16.83,140.57
8,26,0.21671,14.96,-2.41,26.98,2.25,-11.78,96.63
8,27,0.22522,14.98,-2.50,27.76,2.15,-11.34,92.47
8,28,0.23367,14.96,-2.58,28.40,-2.17,-9.38,74.73
8,29,0.24179,14.94,-2.66,29.03,-2.26,-9.77,77.82
8,30,0.25009,14.93,-2.74,29.66,-2.21,-9.60,76.10
8,31,0.25854,14.91,-2.82,30.29,-2.17,-9.38,74.73
8,32,0.26672,14.87,-2.88,30.78,-5.22,-7.70,59.70
8,33,0.27530,14.82,-2.95,31.27,-4.98,-7.37,56.94
8,34,0.28360,14.78,-3.01,31.76,-5.15,-7.66,58.82
8,35,0.29187,14.74,-3.07,32.25,-5.17,-7.71,59.78
8,36,0.30011,14.69,-3.13,32.64,-5.93,-6.24,47.04
8,37,0.30859,14.64,-3.18,33.03,-5.76,-6.00,45.68
8,38,0.31674,14.59,-3.23,33.41,-5.99,-6.29,47.57
8,39,0.32532,14.54,-3.28,33.80,-5.69,-5.91,44.84
8,40,0.33362,14.49,-3.32,34.11,-6.62,-5.12,37.87
8,41,0.34189,14.45,-3.36,34.43,-4.43,-4.98,38.01
8,42,0.35016,14.43,-3.39,34.64,-2.21,-3.28,25.46
8,43,0.35855,14.42,-3.42,34.85,-1.09,-3.19,25.09
8,44,0.36679,14.41,-3.43,34.96,-1.85,-1.73,13.33
8,45,0.37537,14.39,-3.44,35.06,-1.78,-1.64,12.10
8,46,0.38354,14.34,-3.44,34.99,-6.72,0.76,-9.33
8,47,0.39185,14.28,-3.43,34.90,-7.35,0.73,-9.93
8,48,0.40015,13.97,-3.39,34.41,-37.13,4.96,-58.82
8,49,0.40866,13.66,-3.35,33.93,-36.20,4.84,-57.35
8,50,0.41678,13.35,-3.31,33.44,-37.97,5.07,-60.15
8,51,0.42538,13.04,-3.27,32.94,-36.52,4.87,-57.80
8,52,0.43359,12.48,-3.20,32.11,-68.03,8.28,-100.74
8,53,0.44189,11.92,-3.13,31.28,-67.65,8.14,-100.00
8,54,0.45013,11.26,-3.04,30.24,-79.26,10.80,-126.67
8,55,0.45868,10.62,-2.95,29.20,-75.71,10.26,-121.43
8,56,0.46683,10.17,-2.88,28.41,-54.68,8.54,-96.63
8,57,0.47540,9.72,-2.81,27.61,-52.67,8.31,-93.59
8,58,0.48361,8.97,-2.68,26.13,-91.08,16.63,-180.30
8,59,0.49200,8.23,-2.54,24.67,-88.00,16.11,-174.55
8,60,0.50015,7.91,-2.48,24.00,-39.70,7.66,-81.65
8,61,0.50861,7.59,-2.42,23.33,-38.27,7.41,-79.06
8,62,0.51688,7.22,-2.33,22.41,-44.65,11.08,-111.81
8,63,0.52539,6.85,-2.23,21.48,-43.01,10.74,-108.60
8,64,0.53378,6.65,-2.13,20.57,-24.36,12.01,-109.09
8,65,0.54196,6.45,-2.03,19.66,-24.63,12.26,-111.57
8,66,0.55020,6.47,-1.94,18.89,2.96,11.72,-92.96
8,67,0.55865,6.50,-1.84,18.12,3.25,11.47,-90.61
8,68,0.56702,6.63,-1.75,17.45,16.42,10.95,-80.29
8,69,0.57544,6.77,-1.66,16.78,16.30,10.82,-79.35
8,70,0.58371,6.99,-1.58,16.25,26.94,9.65,-64.21
8,71,0.59210,7.22,-1.50,15.73,26.91,9.38,-62.18
8,72,0.60028,7.62,-1.48,15.77,48.51,2.49,4.85
8,73,0.60870,8.01,-1.46,15.82,46.74,2.19,5.80
8,74,0.61694,8.29,-1.50,16.27,34.07,-4.65,54.81
8,75,0.62543,8.57,-1.54,16.76,33.09,-5.01,57.19
8,76,0.63370,8.81,-1.79,18.93,29.15,-30.82,263.10
8,77,0.64212,9.03,-2.05,21.09,25.36,-30.15,256.16
8,78,0.65039,7.86,-2.27,22.27,-141.33,-26.59,143.17
8,79,0.65866,6.67,-2.48,23.42,-143.17,-26.06,138.01
8,80,0.66696,4.78,-2.48,22.39,-227.94,1.02,-123.53
8,81,0.67554,2.86,-2.46,21.33,-224.56,1.25,-123.49
8,82,0.68378,-0.63,-2.35,18.63,-422.96,14.20,-328.15
8,83,0.69211,-4.14,-2.23,15.91,-420.88,14.11,-326.37
8,84,0.70029,-8.63,-2.08,12.44,-549.25,18.15,-423.88
8,85,0.70871,-13.13,-1.93,8.97,-534.42,17.60,-411.96
8,86,0.71686,-18.10,-1.80,5.38,-609.74,16.41,-440.45
8,87,0.72565,-23.08,-1.66,1.77,-566.67,15.45,-410.76
8,88,0.73395,-28.78,-1.42,-3.08,-687.13,29.49,-584.93
8,89,0.74210,-34.24,-1.18,-7.77,-669.66,29.32,-574.91
8,90,0.75021,-38.34,-0.91,-12.03,-505.64,33.41,-524.81
8,91,0.75867,-42.47,-0.63,-16.34,-488.45,32.64,-510.11
8,92,0.76700,-47.08,-0.27,-21.64,-552.75,44.22,-636.26
8,93,0.77563,-51.66,0.11,-26.94,-531.10,42.88,-614.13
8,94,0.78375,-55.90,0.51,-32.33,-522.18,49.53,-663.16
8,95,0.79208,-60.10,0.91,-37.69,-504.03,48.15,-643.22
8,96,0.80026,-63.61,1.22,-42.58,-428.73,38.14,-597.76
8,97,0.80872,-67.02,1.54,-47.34,-403.61,37.28,-563.54
8,98,0.81705,-68.65,1.71,-49.78,-195.24,20.42,-293.41
8,99,0.82547,-70.26,1.88,-52.22,-192.03,20.10,-288.77
8,100,0.83380,-71.68,2.03,-54.39,-169.96,18.48,-260.81
8,101,0.84213,-73.08,2.18,-56.54,-168.50,18.28,-258.61
8,102,0.85031,-74.27,2.31,-58.36,-145.15,15.71,-222.76
8,103,0.85883,-75.46,2.44,-60.19,-139.43,15.13,-213.98
8,104,0.86703,-76.64,2.57,-62.01,-144.61,15.65,-221.93
8,105,0.87567,-77.83,2.70,-63.83,-137.46,14.97,-210.95
8,106,0.88382,-79.02,2.82,-65.65,-145.69,15.72,-223.60
8,107,0.89215,-80.21,2.95,-67.48,-142.86,15.48,-219.05
8,108,0.90027,-81.46,3.09,-69.39,-154.14,16.64,-235.71
8,109,0.90906,-82.71,3.22,-71.31,-142.71,15.42,-218.75
8,110,0.91696,-84.04,3.37,-73.36,-167.95,18.34,-258.69
8,111,0.92560,-85.37,3.51,-75.41,-154.06,16.80,-237.46
8,112,0.93378,-86.76,3.67,-77.57,-169.03,18.94,-264.18
8,113,0.94214,-88.14,3.82,-79.74,-165.69,18.58,-259.49
8,114,0.95044,-89.60,3.99,-82.05,-175.37,20.01,-277.94
8,115,0.95880,-91.05,4.16,-84.35,-174.09,19.86,-275.91
8,116,0.96707,-92.51,4.32,-86.66,-176.01,20.13,-278.97
8,117,0.97559,-93.96,4.49,-88.97,-170.97,19.50,-270.97
8,118,0.98386,-95.42,4.66,-91.28,-176.01,20.13,-278.97
8,119,0.99210,-96.88,4.82,-93.58,-176.67,20.15,-280.00
8,120,1.00043,-98.34,4.99,-95.90,-175.82,20.12,-278.75
8,121,1.00888,-99.80,5.16,-98.23,-173.29,19.87,-274.73
8,122,1.01697,-101.27,5.32,-100.55,-181.13,20.63,-287.17
8,123,1.02554,-102.75,5.49,-102.90,-172.60,19.79,-273.67
8,124,1.03394,-104.53,5.70,-105.71,-212.00,24.12,-334.91
8,125,1.04221,-106.31,5.90,-108.52,-215.50,24.49,-340.59
8,126,1.05032,-108.17,6.11,-111.44,-228.95,25.70,-359.02
8,127,1.05881,-110.03,6.32,-114.35,-219.06,24.61,-343.53
8,128,1.06705,-111.89,6.54,-117.27,-225.56,27.27,-353.70
8,129,1.07562,-113.76,6.61,-120.20,-218.15,7.82,-342.35
8,130,1.08383,-115.89,6.70,-123.54,-259.85,11.50,-406.69
8,131,1.09225,-118.04,6.82,-126.90,-254.71,13.47,-398.55
8,132,1.10037,-120.41,6.94,-130.58,-292.11,15.09,-453.76
8,133,1.10895,-122.79,7.06,-134.28,-277.94,14.36,-431.32
8,134,1.11713,-125.13,7.17,-137.82,-286.19,13.50,-432.84
8,135,1.12582,-127.39,7.28,-141.25,-260.00,12.31,-394.04
8,136,1.13388,-128.34,7.34,-142.87,-117.42,8.13,-201.14
8,137,1.14218,-129.30,7.41,-144.54,-115.81,8.36,-201.47
8,138,1.15042,-130.62,7.55,-147.18,-160.37,16.13,-320.74
8,139,1.15887,-131.92,7.68,-149.82,-154.15,15.89,-312.27
8,140,1.16718,-133.00,7.84,-152.42,-129.04,19.03,-312.87
8,141,1.17572,-134.05,8.00,-155.02,-123.93,18.65,-304.29
8,142,1.18393,-134.95,8.18,-157.64,-108.92,22.03,-319.33
8,143,1.19232,-135.84,8.36,-160.26,-106.55,21.55,-312.36
8,144,1.20050,-136.74,8.54,-162.88,-109.33,22.21,-320.52
8,145,1.20892,-137.63,8.72,-165.52,-106.16,21.59,-312.32
8,146,1.21719,-138.55,8.92,-168.28,-111.44,23.42,-334.69
8,147,1.22565,-139.43,9.13,-171.14,-103.97,24.67,-337.91
8,148,1.23392,-139.98,9.51,-175.28,-66.79,46.89,-500.37
8,149,1.24228,-140.51,9.91,-179.51,-62.41,47.97,-505.84
8,150,1.25055,-140.69,10.46,-184.73,-21.77,66.54,-631.37
8,151,1.25894,-140.89,11.01,-189.92,-24.36,64.82,-618.55
8,152,1.26715,-141.37,11.47,-194.67,-58.74,56.46,-579.18
8,153,1.27567,-141.97,11.93,-199.47,-70.25,53.33,-563.08
8,154,1.28418,-143.77,12.28,-204.68,-211.11,41.91,-611.47
8,155,1.29233,-145.60,12.64,-209.89,-224.72,43.52,-640.07
8,156,1.30054,-147.78,12.96,-215.22,-265.80,39.50,-648.70
8,157,1.30893,-149.90,13.27,-220.36,-252.73,37.23,-613.45
8,158,1.31717,-151.39,13.46,-223.69,-181.11,22.74,-403.33
8,159,1.32574,-152.89,13.65,-227.04,-174.73,22.07,-390.75
8,160,1.33395,-154.46,13.86,-230.65,-190.71,25.56,-440.15
8,161,1.34219,-156.02,14.07,-234.29,-189.26,25.92,-441.11
8,162,1.35034,-157.51,14.32,-238.13,-182.77,30.11,-472.28
8,163,1.35880,-158.99,14.57,-242.00,-175.81,29.30,-457.76
8,164,1.36703,-160.45,14.84,-246.10,-176.67,33.43,-496.67
8,165,1.37561,-161.89,15.10,-250.19,-167.97,30.39,-477.58
8,166,1.38388,-163.18,15.17,-254.30,-156.09,8.00,-496.68
8,167,1.39243,-164.47,15.19,-258.42,-150.71,2.36,-482.50
8,168,1.40067,-165.73,15.22,-262.69,-153.33,3.46,-518.15
8,169,1.40909,-167.00,15.25,-266.93,-150.00,3.17,-502.54
8,170,1.41739,-168.26,15.26,-270.78,-152.94,1.42,-464.34
8,171,1.42572,-169.54,15.26,-274.55,-153.11,0.94,-452.38
8,172,1.43402,-170.86,15.23,-277.42,-158.46,-3.80,-345.59
8,173,1.44250,-172.17,15.20,-280.18,-155.40,-4.22,-326.26
8,174,1.45087,-173.52,15.12,-281.91,-160.58,-9.44,-206.57
8,175,1.45917,-174.86,15.04,-283.58,-161.76,-9.85,-200.37
8,176,1.46738,-176.22,14.93,-284.58,-165.80,-13.27,-122.68
8,177,1.47589,-177.61,14.81,-285.54,-162.72,-13.29,-112.54
8,178,1.48422,-179.24,14.65,-285.99,-195.60,-19.18,-54.21
8,179,1.49258,-180.90,14.49,-286.42,-199.27,-19.67,-50.73
8,180,1.50085,-182.96,14.27,-286.53,-249.08,-26.59,-14.02
8,181,1.50925,-185.06,14.05,-286.65,-249.45,-26.59,-13.82
8,182,1.51749,-187.48,13.79,-286.78,-294.81,-31.41,-16.30
8,183,1.52606,-189.97,13.52,-286.90,-289.32,-30.99,-13.88
8,184,1.53430,-192.98,13.19,-286.83,-365.56,-40.13,8.15
8,185,1.54266,-196.03,12.86,-286.73,-364.60,-40.16,12.77
8,186,1.55093,-199.45,12.46,-286.21,-414.02,-47.45,62.73
8,187,1.55927,-202.86,12.07,-285.68,-408.79,-46.97,63.74
8,188,1.56760,-206.06,11.70,-285.03,-384.25,-44.85,78.39
8,189,1.57608,-209.18,11.33,-284.39,-368.35,-43.04,75.18
8,190,1.58432,-211.52,11.06,-283.92,-284.07,-33.08,57.04
8,191,1.59256,-213.76,10.80,-283.48,-271.11,-31.62,53.33
8,192,1.60080,-214.82,10.68,-283.35,-128.89,-14.63,15.93
8,193,1.60925,-215.80,10.57,-283.23,-115.52,-13.14,14.08
8,194,1.61752,-215.94,10.55,-283.25,-17.71,-1.75,-2.95
9,0,0.00000,0.00,0.00,0.00,-4.12,0.05,17.60
9,1,0.00830,-0.03,0.00,0.14,-4.04,0.04,17.28
9,2,0.01666,-0.21,0.00,0.47,-21.17,0.10,39.05
9,3,0.02512,-0.39,0.00,0.80,-20.94,0.10,38.63
9,4,0.03326,-0.78,0.00,1.23,-47.57,0.13,53.56
9,5,0.04175,-1.16,0.00,1.67,-45.68,0.12,51.44
9,6,0.05002,-1.71,0.01,2.22,-66.42,0.16,67.16
9,7,0.05835,-2.26,0.01,2.78,-65.93,0.16,66.67
9,8,0.06659,-2.96,0.01,3.46,-84.81,0.20,82.22
9,9,0.07504,-3.66,0.01,4.14,-82.67,0.19,80.14
9,10,0.08334,-4.51,0.01,4.90,-102.57,0.22,91.91
9,11,0.09171,-5.36,0.01,5.66,-101.82,0.22,91.24
9,12,0.09991,-6.21,0.02,6.42,-103.72,0.22,92.94
9,13,0.10849,-7.06,0.02,7.19,-99.29,0.21,88.97
9,14,0.11667,-8.01,0.02,7.96,-115.30,0.22,94.40
9,15,0.12500,-8.95,0.02,8.73,-113.19,0.22,92.67
9,16,0.13327,-10.79,0.02,10.12,-222.88,0.39,167.53
9,17,0.14182,-12.64,0.03,11.50,-215.71,0.38,162.14
9,18,0.15005,-14.99,0.03,12.78,-285.56,0.34,155.19
9,19,0.15842,-17.34,0.03,14.06,-281.39,0.34,152.92
9,20,0.16672,-18.96,0.03,14.47,-194.85,0.08,49.63
9,21,0.17517,-20.58,0.03,14.88,-191.34,0.08,48.74
9,22,0.18332,-21.99,0.03,15.13,-173.03,0.04,29.96
9,23,0.19186,-23.40,0.03,15.37,-165.00,0.04,28.57
9,24,0.20007,-24.60,0.03,15.48,-146.47,0.00,13.38
9,25,0.20844,-25.80,0.03,15.59,-143.80,0.00,13.14
9,26,0.21671,-26.59,0.03,15.63,-95.20,-0.01,4.43
9,27,0.22519,-27.38,0.03,15.66,-92.81,-0.01,4.32
9,28,0.23334,-28.01,0.03,15.66,-77.53,-0.02,-0.37
9,29,0.24188,-28.64,0.03,15.66,-73.93,-0.02,-0.36
9,30,0.25012,-29.27,0.03,15.66,-76.67,-0.02,-0.37
9,31,0.25845,-29.90,0.03,15.65,-75.82,-0.02,-0.37
9,32,0.26669,-30.40,0.03,15.62,-59.63,-0.03,-3.70
9,33,0.27518,-30.88,0.03,15.59,-57.55,-0.02,-3.60
9,34,0.28342,-31.37,0.03,15.56,-59.26,-0.02,-3.70
9,35,0.29196,-31.86,0.03,15.53,-57.14,-0.02,-3.57
9,36,0.30026,-32.25,0.03,15.49,-46.69,-0.02,-4.78
9,37,0.30856,-32.64,0.03,15.45,-46.69,-0.02,-4.78
9,38,0.31677,-33.02,0.03,15.41,-47.21,-0.02,-4.83
9,39,0.32523,-33.41,0.03,15.37,-45.85,-0.02,-4.69
9,40,0.33347,-33.72,0.03,15.33,-38.15,-0.02,-5.56
9,41,0.34195,-34.04,0.03,15.26,-36.69,-0.03,-7.19
9,42,0.35022,-34.24,0.03,15.21,-24.72,-0.02,-6.64
9,43,0.35861,-34.44,0.03,15.15,-24.00,-0.03,-7.64
9,44,0.36688,-34.54,0.03,15.09,-11.44,-0.02,-6.27
9,45,0.37527,-34.63,0.03,15.04,-11.27,-0.02,-6.55
9,46,0.38367,-34.54,0.03,15.02,10.91,-0.00,-2.55
9,47,0.39206,-34.45,0.03,14.99,11.27,-0.00,-2.91
9,48,0.40030,-33.87,0.03,14.90,69.26,-0.02,-11.85
9,49,0.40854,-33.30,0.03,14.80,69.26,-0.01,-11.85
9,50,0.41678,-32.73,0.03,14.70,69.26,-0.02,-11.85
9,51,0.42538,-32.16,0.03,14.60,66.67,-0.01,-11.35
9,52,0.43359,-31.18,0.03,14.41,119.33,-0.04,-23.79
9,53,0.44205,-30.20,0.03,14.21,115.88,-0.03,-23.10
9,54,0.45026,-28.99,0.03,14.01,147.96,-0.03,-24.16
9,55,0.45871,-27.77,0.03,13.82,143.32,-0.03,-23.47
9,56,0.46698,-26.86,0.03,13.71,110.33,-0.01,-12.92
9,57,0.47549,-25.95,0.03,13.60,107.53,-0.01,-12.54
9,58,0.48361,-24.29,0.03,13.48,203.76,0.01,-14.66
9,59,0.49197,-22.66,0.03,13.37,195.62,0.01,-13.87
9,60,0.50034,-21.92,0.03,13.33,87.96,0.01,-4.74
9,61,0.50867,-21.18,0.03,13.29,89.01,0.01,-4.76
9,62,0.51691,-20.18,0.03,13.30,120.74,0.03,1.85
9,63,0.52542,-19.19,0.03,13.32,116.85,0.03,2.51
9,64,0.53354,-18.26,0.03,13.49,113.91,0.08,20.30
9,65,0.54221,-17.35,0.03,13.66,105.99,0.07,19.37
9,66,0.55042,-16.65,0.03,13.98,84.76,0.12,39.03
9,67,0.55875,-15.96,0.03,14.30,83.15,0.12,38.46
9,68,0.56705,-15.39,0.03,14.68,68.01,0.14,46.32
9,69,0.57535,-14.82,0.04,15.08,69.12,0.14,47.79
9,70,0.58365,-14.42,0.04,15.49,48.53,0.14,49.63
9,71,0.59204,-14.04,0.04,15.90,44.73,0.14,48.73
9,72,0.60034,-14.23,0.04,16.25,-22.79,0.11,42.28
9,73,0.60886,-14.44,0.04,16.59,-24.37,0.10,39.78
9,74,0.61707,-14.96,0.04,16.67,-63.94,0.01,10.41
9,75,0.62540,-15.57,0.04,16.72,-72.53,-0.00,5.86
9,76,0.63361,-17.67,0.04,16.11,-255.76,-0.26,-75.09
9,77,0.64197,-19.69,0.04,15.44,-242.34,-0.26,-79.56
9,78,0.65051,-20.33,0.03,13.91,-75.00,-0.49,-179.64
9,79,0.65878,-20.84,0.03,12.37,-60.89,-0.50,-186.35
9,80,0.66705,-19.16,0.02,11.02,202.95,-0.38,-163.10
9,81,0.67542,-17.35,0.02,9.62,216.42,-0.39,-167.52
9,82,0.68384,-13.51,0.02,7.44,455.80,-0.57,-257.97
9,83,0.69205,-9.60,0.01,5.23,476.21,-0.59,-269.14
9,84,0.70047,-4.67,0.01,2.43,585.51,-0.74,-332.97
9,85,0.70859,0.28,-0.00,-0.40,609.77,-0.77,-348.50
9,86,0.71716,5.51,-0.01,-3.60,609.61,-0.84,-372.95
9,87,0.72552,10.94,-0.02,-6.86,649.27,-0.87,-390.51
9,88,0.73376,17.41,-0.02,-10.14,785.93,-0.86,-398.15
9,89,0.74197,23.81,-0.03,-13.33,779.55,-0.84,-388.48
9,90,0.75046,29.33,-0.03,-15.47,650.00,-0.51,-252.16
9,91,0.75882,34.94,-0.04,-17.62,670.80,-0.52,-256.57
9,92,0.76700,41.60,-0.04,-19.82,815.30,-0.52,-269.03
9,93,0.77551,48.27,-0.05,-21.99,782.44,-0.48,-254.84
9,94,0.78375,54.87,-0.05,-23.82,801.11,-0.40,-221.85
9,95,0.79224,61.41,-0.05,-25.61,771.22,-0.37,-211.15
9,96,0.80048,67.28,-0.06,-26.95,711.85,-0.26,-163.33
9,97,0.80881,72.90,-0.06,-28.23,674.73,-0.25,-153.85
9,98,0.81711,75.78,-0.06,-28.79,347.43,-0.10,-67.28
9,99,0.82553,78.64,-0.06,-29.34,339.49,-0.09,-65.22
9,100,0.83386,81.19,-0.06,-29.81,306.23,-0.08,-56.04
9,101,0.84213,83.71,-0.06,-30.27,304.43,-0.07,-55.72
9,102,0.85052,85.85,-0.06,-30.66,254.91,-0.06,-46.91
9,103,0.85898,87.99,-0.06,-31.06,253.07,-0.06,-46.57
9,104,0.86719,90.13,-0.06,-31.45,260.59,-0.06,-47.96
9,105,0.87570,92.27,-0.06,-31.85,251.25,-0.06,-46.24
9,106,0.88385,94.41,-0.06,-32.24,262.55,-0.06,-48.31
9,107,0.89221,96.55,-0.06,-32.63,256.93,-0.06,-47.08
9,108,0.90070,98.80,-0.10,-33.05,265.11,-4.20,-48.92
9,109,0.90897,101.07,0.05,-33.46,273.43,18.21,-50.18
9,110,0.91718,103.46,0.11,-33.90,292.19,7.18,-52.79
9,111,0.92572,105.87,0.23,-34.33,281.79,14.33,-50.71
9,112,0.93390,108.40,0.36,-34.77,308.96,15.66,-54.10
9,113,0.94223,110.94,0.49,-35.21,305.13,15.46,-53.11
9,114,0.95065,113.63,0.63,-35.67,319.57,16.11,-53.62
9,115,0.95898,116.32,0.76,-36.12,323.08,16.24,-54.21
9,116,0.96725,119.02,0.90,-36.57,325.46,16.40,-54.61
9,117,0.97568,121.71,1.03,-37.02,319.57,16.08,-53.62
9,118,0.98395,124.40,1.17,-37.47,325.46,16.40,-54.61
9,119,0.99225,127.09,1.30,-37.92,324.26,16.34,-54.41
9,120,1.00070,129.80,1.44,-38.38,320.22,16.12,-53.43
9,121,1.00906,132.50,1.58,-38.83,323.72,16.27,-54.01
9,122,1.01727,135.21,1.71,-39.28,329.74,16.60,-55.02
9,123,1.02563,137.97,1.85,-39.74,329.56,16.56,-55.11
9,124,1.03391,141.25,2.02,-40.30,396.68,20.04,-67.16
9,125,1.04230,144.54,2.18,-40.85,392.00,19.75,-66.55
9,126,1.05075,147.94,2.35,-41.44,402.89,20.39,-69.68
9,127,1.05911,151.35,2.53,-42.03,407.30,20.60,-70.44
9,128,1.06732,154.75,2.70,-42.62,414.87,21.00,-71.75
9,129,1.07574,158.20,2.87,-43.22,409.06,20.66,-70.65
9,130,1.08401,162.10,3.07,-43.89,471.96,23.90,-81.92
9,131,1.09241,166.04,3.27,-44.58,469.09,23.77,-81.45
9,132,1.10077,170.36,3.49,-45.34,516.06,26.17,-91.24
9,133,1.10913,174.66,3.71,-46.11,514.60,26.17,-91.61
9,134,1.11740,178.83,3.92,-46.90,504.06,25.89,-95.94
9,135,1.12570,182.80,4.13,-47.65,479.04,24.58,-90.07
9,136,1.13400,184.63,4.22,-47.89,220.59,10.73,-29.41
9,137,1.14246,186.56,4.31,-48.13,227.44,11.04,-28.52
9,138,1.15082,189.51,4.44,-48.33,352.55,16.18,-23.72
9,139,1.15918,192.44,4.58,-48.51,351.09,16.00,-21.53
9,140,1.16742,195.25,4.70,-48.50,341.11,14.54,1.85
9,141,1.17575,198.06,4.82,-48.47,337.00,14.32,3.30
9,142,1.18405,200.82,4.93,-48.28,333.09,13.25,22.43
9,143,1.19238,203.59,5.04,-48.10,331.87,13.25,22.34
9,144,1.20084,206.35,5.15,-47.91,327.08,13.01,22.02
9,145,1.20917,209.13,5.26,-47.72,332.97,13.28,22.71
9,146,1.21744,212.00,5.37,-47.50,347.60,13.76,26.20
9,147,1.22574,214.97,5.49,-47.21,358.09,13.75,34.93
9,148,1.23407,219.00,5.61,-46.12,483.52,14.90,130.77
9,149,1.24249,223.10,5.73,-44.97,486.96,14.81,136.59
9,150,1.25085,227.99,5.86,-43.12,584.31,15.15,221.53
9,151,1.25925,232.85,5.99,-41.31,578.91,15.18,216.00
9,152,1.26746,237.42,6.12,-39.92,557.25,16.33,169.52
9,153,1.27582,242.07,6.26,-38.61,556.20,16.85,156.20
9,154,1.28412,247.57,6.48,-38.26,662.13,26.50,42.65
9,155,1.29251,253.09,6.71,-37.93,657.45,26.44,38.91
9,156,1.30093,258.84,6.95,-37.89,683.33,29.08,5.07
9,157,1.30930,264.43,7.19,-37.85,667.52,28.44,4.01
9,158,1.31757,268.07,7.35,-37.95,440.59,19.36,-11.07
9,159,1.32590,271.74,7.51,-38.03,440.29,19.38,-10.62
9,160,1.33414,275.67,7.68,-38.08,477.78,20.71,-5.56
9,161,1.34253,279.63,7.85,-38.11,471.27,20.39,-4.00
9,162,1.35098,283.76,8.02,-38.00,488.09,20.32,13.36
9,163,1.35931,287.90,8.20,-37.88,497.07,20.65,15.02
9,164,1.36755,292.23,8.37,-37.64,526.30,21.24,28.89
9,165,1.37592,296.57,8.54,-37.39,518.25,20.90,29.93
9,166,1.38425,300.86,8.71,-36.99,515.02,19.94,47.62
9,167,1.39261,305.16,8.88,-36.59,514.23,19.91,48.18
9,168,1.40097,309.59,9.05,-36.10,529.93,20.14,58.03
9,169,1.40933,313.98,9.21,-35.63,525.18,20.01,56.20
9,170,1.41766,318.03,9.37,-35.31,485.71,19.10,38.10
9,171,1.42593,322.06,9.53,-35.03,487.08,19.36,33.95
9,172,1.43420,325.23,9.67,-35.14,383.39,17.03,-12.92
9,173,1.44257,328.27,9.81,-35.30,363.87,16.44,-18.61
9,174,1.45102,330.38,9.93,-35.87,249.82,13.72,-67.51
9,175,1.45944,332.42,10.04,-36.47,242.39,13.55,-71.38
9,176,1.46765,333.88,10.14,-37.34,177.32,12.06,-105.58
9,177,1.47601,335.29,10.16,-38.25,168.61,2.21,-109.85
9,178,1.48425,336.33,10.16,-39.58,127.04,-0.34,-161.11
9,179,1.49268,337.37,10.16,-40.97,122.46,0.68,-164.49
9,180,1.50110,338.27,10.28,-42.82,107.25,14.36,-220.29
9,181,1.50946,339.19,10.34,-44.71,109.85,7.12,-226.28
9,182,1.51770,340.25,10.41,-46.90,128.89,8.35,-265.56
9,183,1.52600,341.32,10.48,-49.16,128.68,8.56,-271.69
9,184,1.53433,342.42,10.57,-51.96,132.23,10.68,-336.26
9,185,1.54269,343.49,10.66,-54.82,128.47,10.94,-342.34
9,186,1.55109,344.34,10.77,-58.18,100.73,12.94,-400.36
9,187,1.57010,346.26,11.06,-67.11,101.28,15.28,-469.82
9,188,1.57822,346.76,11.14,-69.58,60.90,9.91,-304.14
9,189,1.58667,347.23,11.22,-71.92,55.60,9.02,-276.90
9,190,1.59497,347.54,11.26,-73.15,37.87,4.80,-147.43
9,191,1.60318,347.83,11.29,-74.18,34.94,4.03,-125.65
9,192,1.61194,347.94,11.30,-74.44,12.54,0.96,-29.97
9,193,1.61993,348.02,11.30,-74.57,9.92,0.50,-16.03
10,0,0.00000,0.00,0.00,0.00,-10.75,-1.26,-13.62
10,1,0.00836,-0.09,-0.01,-0.12,-10.95,-1.24,-13.87
10,2,0.01630,-0.23,-0.04,-0.46,-18.08,-4.08,-43.08
10,3,0.02478,-0.38,-0.08,-0.80,-16.91,-3.86,-40.29
10,4,0.03287,-0.48,-0.13,-1.38,-12.08,-6.93,-71.32
10,5,0.04163,-0.57,-0.19,-1.95,-11.15,-6.45,-65.85
10,6,0.04974,-0.66,-0.26,-2.73,-10.90,-9.45,-95.86
10,7,0.05841,-0.75,-0.34,-3.51,-10.21,-8.81,-89.79
10,8,0.06644,-0.84,-0.44,-4.48,-11.03,-11.92,-120.53
10,9,0.07483,-0.93,-0.53,-5.44,-10.55,-11.35,-115.27
10,10,0.08319,-0.99,-0.65,-6.59,-6.93,-13.56,-136.50
10,11,0.09152,-1.04,-0.76,-7.73,-6.96,-13.61,-137.00
10,12,0.09985,-1.10,-0.87,-8.87,-6.96,-13.52,-137.00
10,13,0.10837,-1.16,-0.98,-10.01,-6.81,-13.32,-134.05
10,14,0.11642,-1.17,-1.11,-11.23,-0.76,-15.05,-151.14
10,15,0.12500,-1.17,-1.23,-12.45,-0.71,-14.18,-141.99
10,16,0.13297,-1.09,-1.46,-14.75,10.34,-28.91,-289.27
10,17,0.14166,-1.01,-1.69,-17.05,9.47,-26.48,-264.91
10,18,0.14975,-0.52,-1.96,-19.69,60.38,-33.20,-326.04
10,19,0.15836,-0.03,-2.22,-22.32,56.74,-31.17,-306.03
10,20,0.16623,0.67,-2.38,-23.84,88.37,-20.21,-192.64
10,21,0.17477,1.36,-2.54,-25.36,81.43,-18.63,-177.50
10,22,0.18289,2.06,-2.68,-26.61,86.09,-16.34,-153.76
10,23,0.19159,2.76,-2.81,-27.85,80.35,-15.20,-143.51
10,24,0.19968,3.43,-2.92,-28.86,83.02,-13.29,-124.15
10,25,0.20831,4.10,-3.02,-29.86,77.74,-12.49,-116.25
10,26,0.21622,4.57,-3.09,-30.50,59.07,-8.64,-80.31
10,27,0.22473,5.04,-3.16,-31.13,54.84,-8.06,-74.55
10,28,0.23288,5.44,-3.21,-31.62,49.06,-6.57,-60.30
10,29,0.24149,5.83,-3.27,-32.11,46.45,-6.22,-57.09
10,30,0.24979,6.23,-3.32,-32.60,48.16,-6.41,-59.19
10,31,0.25830,6.63,-3.37,-33.09,46.95,-6.25,-57.35
10,32,0.26654,6.96,-3.41,-33.46,40.00,-4.89,-44.07
10,33,0.27481,7.29,-3.45,-33.82,39.85,-4.87,-43.91
10,34,0.28293,7.62,-3.49,-34.18,40.60,-4.87,-44.74
10,35,0.29193,7.95,-3.53,-34.55,36.61,-4.47,-40.34
10,36,0.30026,8.23,-3.56,-34.82,32.97,-3.65,-32.97
10,37,0.30844,8.50,-3.59,-35.10,33.58,-3.72,-33.58
10,38,0.31628,8.78,-3.63,-35.37,35.02,-3.87,-35.02
10,39,0.32477,9.05,-3.66,-35.64,32.37,-3.58,-32.37
10,40,0.33304,9.29,-3.68,-35.86,28.41,-2.97,-26.20
10,41,0.34149,9.51,-3.71,-36.09,26.35,-2.98,-27.08
10,42,0.34961,9.65,-3.72,-36.25,17.67,-2.09,-19.17
10,43,0.35828,9.79,-3.74,-36.41,15.85,-2.10,-19.01
10,44,0.36639,9.87,-3.75,-36.49,9.40,-1.02,-9.40
10,45,0.37497,9.94,-3.76,-36.57,8.54,-1.08,-9.61
10,46,0.38297,9.95,-3.75,-36.47,1.15,1.20,11.83
10,47,0.39145,9.96,-3.74,-36.38,1.44,1.12,11.15
10,48,0.39966,10.02,-3.68,-35.80,7.43,6.88,70.26
10,49,0.40823,10.10,-3.63,-35.23,8.54,6.58,66.90
10,50,0.41626,10.17,-3.57,-34.66,9.13,6.99,71.48
10,51,0.42484,10.24,-3.51,-34.08,8.54,6.63,66.90
10,52,0.43304,10.40,-3.42,-33.10,19.33,11.73,120.07
10,53,0.44150,10.56,-3.32,-32.11,18.77,11.39,116.61
10,54,0.44983,10.71,-3.20,-30.89,17.95,14.44,146.52
10,55,0.45844,10.86,-3.08,-29.67,17.38,13.93,141.84
10,56,0.46683,10.93,-2.99,-28.77,8.36,10.61,107.64
10,57,0.47491,11.00,-2.90,-27.86,8.68,11.06,111.70
10,58,0.48312,11.05,-2.74,-26.21,6.32,20.02,201.86
10,59,0.49164,11.10,-2.57,-24.55,6.09,19.35,194.62
10,60,0.50006,11.11,-2.50,-23.81,1.45,8.74,87.68
10,61,0.50848,11.13,-2.43,-23.07,1.45,8.74,87.68
10,62,0.51642,11.07,-2.33,-22.08,-6.92,12.56,125.38
10,63,0.52490,11.01,-2.23,-21.08,-6.83,11.75,117.27
10,64,0.53320,10.81,-2.13,-20.16,-24.26,11.33,110.66
10,65,0.54156,10.61,-2.04,-19.25,-24.09,11.17,109.49
10,66,0.54999,10.26,-1.97,-18.56,-41.30,8.57,81.16
10,67,0.55844,9.92,-1.89,-17.88,-41.16,8.50,80.87
10,68,0.56644,9.51,-1.84,-17.33,-51.15,7.39,68.70
10,69,0.57501,9.10,-1.78,-16.78,-47.69,6.94,64.06
10,70,0.58325,8.67,-1.73,-16.39,-51.85,5.32,47.04
10,71,0.59158,8.24,-1.69,-16.01,-51.28,5.21,46.52
10,72,0.59976,7.90,-1.71,-16.21,-41.79,-2.00,-25.00
10,73,0.60840,7.56,-1.72,-16.42,-39.58,-1.90,-23.67
10,74,0.61633,7.50,-1.77,-16.94,-8.08,-6.60,-66.54
10,75,0.62482,7.43,-1.83,-17.47,-7.55,-6.11,-62.59
10,76,0.63312,8.13,-2.04,-19.55,84.56,-25.91,-250.00
10,77,0.64151,8.83,-2.26,-21.62,83.64,-25.59,-246.91
10,78,0.64990,10.39,-2.33,-22.20,185.82,-8.87,-68.73
10,79,0.65845,11.95,-2.41,-22.77,182.50,-8.77,-67.14
10,80,0.66638,13.24,-2.25,-21.04,161.54,19.83,218.08
10,81,0.67502,14.52,-2.09,-19.31,148.76,18.34,200.71
10,82,0.68329,16.54,-1.72,-15.38,243.91,44.58,474.54
10,83,0.69174,18.55,-1.35,-11.46,238.63,43.61,464.26
10,84,0.69986,21.16,-0.88,-6.42,321.05,58.23,621.05
10,85,0.70822,23.77,-0.41,-1.38,312.04,56.61,602.92
10,86,0.71628,26.76,0.09,3.98,370.83,62.00,664.39
10,87,0.72479,29.75,0.59,9.33,350.90,58.71,628.67
10,88,0.73309,32.77,0.63,15.93,363.97,3.97,795.22
10,89,0.74146,35.78,0.06,22.53,360.95,-68.15,789.42
10,90,0.74963,37.70,-0.44,28.13,234.70,-61.20,684.33
10,91,0.75839,39.62,-0.94,33.72,219.16,-57.19,639.02
10,92,0.76627,41.56,-1.55,40.48,245.35,-76.54,857.36
10,93,0.77490,43.49,-2.15,47.23,223.67,-69.78,781.63
10,94,0.78305,45.05,-2.74,53.90,192.13,-72.97,818.73
10,95,0.79166,46.62,-3.34,60.57,181.91,-69.06,774.82
10,96,0.79974,47.73,-3.87,66.48,137.36,-65.10,731.32
10,97,0.80841,48.84,-4.39,72.39,128.17,-60.64,681.69
10,98,0.81622,49.28,-4.65,75.29,56.64,-33.09,371.88
10,99,0.82477,49.73,-4.81,78.20,51.79,-18.66,339.64
10,100,0.83310,50.09,-4.96,80.76,43.96,-18.66,308.06
10,101,0.84171,50.46,-5.11,83.33,42.55,-16.33,298.23
10,102,0.84988,50.77,-5.22,85.48,37.69,-14.42,263.06
10,103,0.85840,51.07,-5.34,87.63,36.20,-13.85,252.69
10,104,0.86652,51.38,-5.46,89.78,37.97,-14.53,265.04
10,105,0.87506,51.69,-5.58,91.93,36.07,-13.80,251.79
10,106,0.88339,52.00,-5.69,94.09,37.00,-14.13,258.24
10,107,0.89160,52.31,-5.81,96.24,37.55,-14.36,262.08
10,108,0.89993,52.63,-5.94,98.50,38.83,-14.90,271.79
10,109,0.90869,52.95,-6.06,100.77,36.93,-14.17,258.54
10,110,0.91669,53.29,-6.19,103.18,42.37,-16.53,301.91
10,111,0.92496,53.63,-6.32,105.59,40.96,-15.98,291.88
10,112,0.93320,53.97,-6.46,108.14,41.11,-16.93,308.52
10,113,0.94180,54.31,-6.60,110.68,39.36,-16.21,295.74
10,114,0.95023,54.65,-6.75,113.39,40.58,-17.63,321.38
10,115,0.95871,54.99,-6.90,116.09,40.29,-17.52,319.06
10,116,0.96677,55.33,-7.05,118.80,42.42,-18.43,335.98
10,117,0.97507,55.68,-7.20,121.51,41.18,-17.89,326.10
10,118,0.98343,56.02,-7.35,124.22,40.88,-17.75,323.72
10,119,0.99182,56.36,-7.50,126.92,40.73,-17.72,322.55
10,120,0.99988,56.70,-7.64,129.65,42.80,-18.56,338.26
10,121,1.00864,57.05,-7.79,132.37,39.37,-17.06,311.15
10,122,1.01675,57.39,-7.94,135.10,42.48,-18.42,335.71
10,123,1.02490,57.74,-8.09,137.82,42.32,-18.35,334.46
10,124,1.03323,58.16,-8.27,141.12,50.92,-21.73,395.97
10,125,1.04150,58.59,-8.46,144.42,51.29,-21.87,398.89
10,126,1.04965,59.04,-8.64,147.85,55.43,-23.04,420.22
10,127,1.05850,59.49,-8.83,151.27,51.03,-21.23,386.90
10,128,1.06631,59.94,-8.74,154.69,57.81,11.12,438.28
10,129,1.07480,60.39,-8.70,158.12,53.24,5.23,403.96
10,130,1.08304,60.92,-8.65,162.05,63.33,6.23,476.67
10,131,1.09164,61.44,-8.60,165.98,60.64,5.97,456.38
10,132,1.10013,62.03,-8.54,170.32,69.78,6.79,511.87
10,133,1.10822,62.62,-8.48,174.66,73.21,7.10,536.98
10,134,1.11664,63.25,-8.42,178.86,74.28,6.90,498.19
10,135,1.12488,63.87,-8.37,183.05,75.93,7.02,508.89
10,136,1.13300,64.04,-8.35,184.89,21.05,2.54,226.69
10,137,1.14163,64.22,-8.33,186.73,19.79,1.41,213.07
10,138,1.14993,64.29,-8.47,189.69,9.56,-16.40,355.88
10,139,1.15836,64.37,-8.84,192.64,9.42,-44.50,350.72
10,140,1.16647,64.25,-9.18,195.45,-15.41,-41.25,345.86
10,141,1.17499,64.12,-9.49,198.25,-15.05,-36.19,329.75
10,142,1.18338,63.82,-9.80,201.01,-35.64,-37.08,328.36
10,143,1.19168,63.52,-10.11,203.77,-36.03,-37.44,331.99
10,144,1.19983,63.22,-10.42,206.52,-36.70,-38.14,338.20
10,145,1.20859,62.92,-10.73,209.28,-34.15,-35.51,314.63
10,146,1.21664,62.59,-11.06,212.14,-41.29,-40.28,355.68
10,147,1.22510,62.26,-11.38,215.01,-39.35,-38.40,339.35
10,148,1.23306,61.01,-11.87,218.99,-156.70,-61.48,500.00
10,149,1.24142,59.76,-12.24,222.98,-149.64,-43.90,476.64
10,150,1.24991,57.71,-12.45,227.79,-241.01,-25.32,566.55
10,151,1.25848,55.67,-12.67,232.59,-238.43,-25.04,560.50
10,152,1.26648,54.10,-12.87,237.11,-196.95,-24.95,564.50
10,153,1.27490,52.52,-13.07,241.62,-186.59,-23.70,536.23
10,154,1.28323,51.95,-13.30,247.10,-68.50,-28.09,657.51
10,155,1.29160,51.38,-13.53,252.58,-68.25,-27.98,655.11
10,156,1.29996,51.11,-13.78,258.33,-32.85,-29.15,687.59
10,157,1.30853,50.84,-14.02,264.07,-31.67,-28.39,669.75
10,158,1.31662,50.78,-14.17,267.72,-6.42,-19.00,450.57
10,159,1.32492,50.73,-14.33,271.36,-6.25,-18.51,438.97
10,160,1.33340,50.62,-14.49,275.30,-12.95,-19.61,464.03
10,161,1.34149,50.51,-14.66,279.23,-13.58,-20.58,486.79
10,162,1.34985,50.23,-14.84,283.35,-33.21,-20.93,492.34
10,163,1.35840,49.96,-15.01,287.47,-32.50,-20.48,481.79
10,164,1.36661,49.55,-15.17,291.79,-49.81,-19.23,526.77
10,165,1.37500,49.14,-15.29,296.12,-49.09,-14.70,515.27
10,166,1.38306,48.57,-15.42,300.38,-70.08,-15.33,529.92
10,167,1.39151,48.00,-15.54,304.65,-67.15,-14.62,505.05
10,168,1.40005,47.34,-15.67,309.05,-77.14,-15.01,515.00
10,169,1.40845,46.69,-15.80,313.46,-78.55,-15.28,524.36
10,170,1.41678,46.21,-15.91,317.49,-57.51,-13.94,483.88
10,171,1.42493,45.73,-16.03,321.51,-58.43,-14.24,494.38
10,172,1.43323,45.71,-16.11,324.67,-2.57,-10.48,380.15
10,173,1.44159,45.69,-16.20,327.82,-2.19,-10.39,377.01
10,174,1.44986,46.18,-16.25,329.96,58.67,-6.46,257.93
10,175,1.45847,46.66,-16.31,332.09,56.74,-6.18,247.87
10,176,1.46634,47.47,-16.34,333.58,102.71,-4.06,189.15
10,177,1.47495,48.28,-16.37,335.06,94.33,-3.70,172.70
10,178,1.48306,49.57,-16.39,336.16,158.27,-1.98,135.34
10,179,1.49152,50.85,-16.40,337.26,151.99,-1.90,129.96
10,180,1.49982,52.67,-16.41,338.24,219.12,-0.83,117.65
10,181,1.50818,54.49,-16.42,339.22,217.52,-0.81,116.79
10,182,1.51636,56.63,-16.43,340.37,261.94,-0.98,140.67
10,183,1.52472,58.78,-16.43,341.52,256.57,-0.96,137.59
10,184,1.53293,61.54,-16.44,342.73,335.69,-0.36,147.58
10,185,1.54160,64.29,-16.44,343.94,318.31,-0.33,139.79
10,186,1.54974,67.62,-16.43,344.92,407.87,1.19,119.85
10,187,1.55826,70.94,-16.42,345.89,390.32,1.15,114.70
10,188,1.56628,74.12,-16.41,346.65,395.82,1.76,94.68
10,189,1.57480,77.29,-16.39,347.41,372.76,1.65,89.25
10,190,1.58325,79.61,-16.38,347.98,274.73,1.19,66.79
10,191,1.59143,81.93,-16.37,348.54,283.21,1.21,69.03
10,192,1.59995,82.95,-16.37,348.87,119.71,0.25,38.71
10,193,1.60880,83.97,-16.37,349.20,114.83,0.25,36.90
10,194,1.61636,84.09,-16.37,349.28,16.13,-0.12,10.89
11,0,0.00000,0.00,0.00,0.00,-18.05,0.83,-0.75
11,1,0.00836,-0.15,0.01,-0.01,-17.52,0.78,-0.73
11,2,0.01672,-0.50,0.02,-0.12,-42.34,2.14,-13.14
11,3,0.02515,-0.85,0.04,-0.23,-42.03,2.10,-13.04
11,4,0.03339,-1.36,0.07,-0.52,-61.11,3.34,-35.93
11,5,0.04181,-1.86,0.10,-0.82,-59.78,3.31,-35.14
11,6,0.04999,-2.51,0.13,-1.25,-79.48,4.47,-52.99
11,7,0.05841,-3.16,0.17,-1.68,-77.17,4.39,-51.45
11,8,0.06708,-3.96,0.22,-2.24,-92.25,5.26,-64.08
11,9,0.07544,-4.76,0.26,-2.80,-95.62,5.42,-66.42
11,10,0.08356,-5.67,0.32,-3.49,-112.41,6.55,-84.96
11,11,0.09186,-6.59,0.37,-4.17,-109.93,6.36,-83.09
11,12,0.10022,-7.50,0.42,-4.86,-109.12,6.35,-82.48
11,13,0.10870,-8.41,0.47,-5.55,-107.55,6.27,-81.29
11,14,0.11682,-9.35,0.53,-6.33,-115.41,6.83,-95.86
11,15,0.12524,-10.28,0.59,-7.11,-111.23,6.63,-92.39
11,16,0.13348,-12.00,0.69,-8.65,-207.78,12.61,-187.41
11,17,0.14197,-13.71,0.79,-10.20,-201.80,12.25,-182.37
11,18,0.15009,-15.41,0.91,-12.27,-209.77,13.89,-254.89
11,19,0.15851,-17.11,1.02,-14.34,-202.17,13.40,-245.65
11,20,0.16693,-17.83,1.08,-15.85,-84.42,6.96,-178.99
11,21,0.17566,-18.56,1.14,-17.41,-83.92,6.93,-179.02
11,22,0.18359,-19.06,1.18,-18.75,-63.85,5.87,-168.46
11,23,0.19238,-19.56,1.23,-20.08,-56.94,5.21,-151.39
11,24,0.20032,-19.90,1.36,-21.24,-42.31,16.93,-146.15
11,25,0.20892,-20.23,1.47,-22.38,-38.30,12.78,-132.98
11,26,0.21686,-20.42,1.56,-23.14,-23.46,11.30,-96.15
11,27,0.22552,-20.60,1.65,-23.90,-21.13,10.31,-87.68
11,28,0.23364,-20.72,1.73,-24.53,-14.29,9.22,-76.69
11,29,0.24194,-20.83,1.80,-25.15,-13.97,9.02,-75.00
11,30,0.25031,-20.95,1.88,-25.77,-13.87,8.95,-74.45
11,31,0.25885,-21.06,1.95,-26.39,-13.57,8.67,-72.14
11,32,0.26709,-21.13,2.01,-26.87,-7.78,7.15,-58.89
11,33,0.27588,-21.19,2.07,-27.37,-7.64,7.00,-56.94
11,34,0.28394,-21.26,2.13,-27.86,-7.95,7.37,-60.23
11,35,0.29224,-21.32,2.19,-28.34,-7.35,7.07,-57.72
11,36,0.30066,-21.35,2.24,-28.73,-3.99,5.75,-46.01
11,37,0.30896,-21.39,2.29,-29.11,-4.04,5.75,-46.69
11,38,0.31720,-21.42,2.34,-29.50,-4.07,5.88,-47.04
11,39,0.32568,-21.45,2.38,-29.88,-3.96,5.57,-44.96
11,40,0.33380,-21.47,2.42,-30.20,-1.88,4.86,-39.10
11,41,0.34229,-21.50,2.46,-30.51,-3.60,4.53,-36.33
11,42,0.35046,-21.53,2.49,-30.72,-3.36,3.14,-25.75
11,43,0.35907,-21.56,2.51,-30.92,-4.26,2.85,-23.40
11,44,0.36713,-21.57,2.52,-31.03,-1.14,1.63,-13.64
11,45,0.37585,-21.58,2.54,-31.13,-1.05,1.41,-11.19
11,46,0.38391,-21.51,2.53,-31.07,9.47,-0.52,6.82
11,47,0.39246,-21.40,2.53,-31.00,12.50,-0.57,8.57
11,48,0.40070,-20.93,2.50,-30.66,57.41,-2.96,40.74
11,49,0.40924,-20.45,2.48,-30.33,55.36,-2.81,39.29
11,50,0.41718,-19.98,2.46,-29.99,59.62,-3.02,42.31
11,51,0.42578,-19.48,2.43,-29.64,58.16,-2.88,40.78
11,52,0.43378,-18.65,2.39,-29.09,104.20,-4.57,69.08
11,53,0.44232,-17.80,2.35,-28.52,98.93,-4.54,66.07
11,54,0.45056,-16.80,2.30,-27.81,121.48,-6.27,87.04
11,55,0.45898,-15.82,2.25,-27.10,116.30,-6.01,83.70
11,56,0.46710,-15.11,2.21,-26.54,87.59,-5.24,68.80
11,57,0.47577,-14.35,2.16,-25.94,87.68,-5.45,69.72
11,58,0.48383,-13.09,2.07,-24.86,156.06,-10.96,134.47
11,59,0.49231,-11.89,1.99,-23.82,141.37,-9.94,122.30
11,60,0.50055,-11.34,1.95,-23.33,67.04,-4.89,59.63
11,61,0.50897,-10.78,1.91,-22.82,66.67,-5.07,60.51
11,62,0.51715,-10.09,1.84,-22.10,84.70,-7.78,87.31
11,63,0.52588,-9.41,1.78,-21.39,77.97,-7.43,82.17
11,64,0.53394,-8.87,1.70,-20.62,67.05,-9.43,95.45
11,65,0.54230,-8.35,1.63,-19.85,62.04,-9.23,91.61
11,66,0.55054,-8.08,1.55,-19.13,32.59,-9.76,87.04
11,67,0.55902,-7.82,1.46,-18.42,30.22,-9.59,84.17
11,68,0.56738,-7.69,1.38,-17.75,15.33,-9.64,80.29
11,69,0.57611,-7.57,1.30,-17.07,13.64,-9.32,77.62
11,70,0.58398,-7.58,1.23,-16.49,-0.39,-9.36,73.26
11,71,0.59247,-7.62,1.16,-15.96,-5.04,-8.19,62.59
11,72,0.60059,-8.00,1.13,-15.85,-46.99,-3.68,13.91
11,73,0.60919,-8.39,1.10,-15.78,-45.04,-2.87,8.51
11,74,0.61719,-8.82,1.13,-16.09,-53.82,2.81,-38.55
11,75,0.62592,-9.31,1.17,-16.56,-56.64,4.57,-53.85
11,76,0.63409,-10.37,1.37,-18.48,-128.73,24.79,-234.70
11,77,0.64252,-11.25,1.57,-20.36,-105.07,24.35,-223.55
11,78,0.65070,-10.62,1.80,-21.90,77.24,27.07,-188.06
11,79,0.65930,-9.84,2.00,-23.26,90.78,23.83,-158.51
11,80,0.66742,-7.70,2.06,-23.03,263.91,6.99,27.82
11,81,0.67627,-5.25,2.11,-22.69,276.21,6.04,38.97
11,82,0.68433,-1.00,2.13,-21.52,528.03,2.45,145.08
11,83,0.69281,3.40,2.15,-20.31,518.71,2.55,142.45
11,84,0.70093,8.88,1.98,-18.82,674.44,-21.80,183.83
11,85,0.70941,14.41,1.40,-17.34,652.52,-67.94,174.82
11,86,0.71741,20.38,0.67,-15.91,745.80,-91.15,177.86
11,87,0.72595,26.45,0.16,-14.39,710.71,-59.30,178.21
11,88,0.73401,33.36,0.20,-12.15,857.20,4.59,278.41
11,89,0.74261,40.08,0.23,-9.89,781.21,3.79,262.41
11,90,0.75073,45.50,0.04,-7.52,667.67,-24.34,292.48
11,91,0.75940,51.02,-0.20,-5.05,637.32,-26.92,284.51
11,92,0.76746,57.30,-0.46,-1.91,779.17,-32.40,390.15
11,93,0.77612,63.54,-0.72,1.26,720.07,-30.38,365.85
11,94,0.78424,69.51,-1.00,4.62,735.34,-33.95,413.91
11,95,0.79254,75.38,-1.27,7.96,706.62,-32.95,402.21
11,96,0.80078,80.48,-1.53,11.15,619.63,-31.50,386.30
11,97,0.80927,85.26,-1.77,14.14,563.67,-28.66,353.24
11,98,0.81750,87.70,-1.91,15.78,295.93,-16.09,198.89
11,99,0.82611,90.10,-2.04,17.40,279.08,-15.18,188.30
11,100,0.83441,92.24,-2.16,18.87,257.35,-14.28,176.84
11,101,0.84277,94.34,-2.27,20.31,250.73,-13.91,172.26
11,102,0.85101,96.13,-2.37,21.54,217.41,-12.03,149.26
11,103,0.85944,97.92,-2.47,22.77,212.68,-11.81,146.01
11,104,0.86761,99.71,-2.57,24.00,219.03,-12.12,150.37
11,105,0.87628,101.50,-2.67,25.23,206.69,-11.48,141.90
11,106,0.88428,103.29,-2.77,26.46,224.05,-12.35,153.82
11,107,0.89319,105.10,-2.87,27.70,202.40,-11.25,139.04
11,108,0.90076,106.98,-2.97,28.99,249.19,-13.78,170.97
11,109,0.90930,108.88,-3.08,30.29,222.50,-12.34,152.50
11,110,0.91766,110.89,-3.19,31.68,239.78,-13.33,165.69
11,111,0.92596,112.91,-3.30,33.07,243.01,-13.56,168.01
11,112,0.93420,115.01,-3.42,34.55,255.19,-14.39,178.52
11,113,0.94250,117.13,-3.54,36.03,255.15,-14.36,178.68
11,114,0.95087,119.35,-3.67,37.61,266.06,-15.20,188.69
11,115,0.95917,121.58,-3.79,39.18,268.01,-15.31,190.07
11,116,0.96753,123.80,-3.92,40.76,266.06,-15.15,188.69
11,117,0.97620,126.03,-4.05,42.34,256.69,-14.66,182.04
11,118,0.98425,128.25,-4.17,43.92,276.14,-15.77,195.83
11,119,0.99249,130.47,-4.30,45.50,270.00,-15.41,191.85
11,120,1.00092,132.71,-4.43,47.09,265.94,-15.25,188.77
11,121,1.00922,134.95,-4.56,48.68,269.85,-15.38,191.54
11,122,1.01752,137.19,-4.69,50.27,269.85,-15.38,191.54
11,123,1.02594,139.49,-4.82,51.90,272.83,-15.58,193.48
11,124,1.03412,142.21,-4.97,53.82,332.09,-18.92,234.70
11,125,1.04266,144.94,-5.13,55.75,319.64,-18.15,225.71
11,126,1.05096,147.77,-5.29,57.73,340.81,-19.27,238.97
11,127,1.05933,150.60,-5.45,59.71,338.32,-19.09,237.23
11,128,1.06744,153.43,-5.61,61.70,348.50,-19.66,244.36
11,129,1.07623,156.30,-5.77,63.72,327.43,-18.54,229.86
11,130,1.08423,159.55,-5.95,65.99,405.73,-22.89,284.35
11,131,1.09259,162.84,-6.14,68.29,393.07,-22.18,275.18
11,132,1.10083,166.43,-6.34,70.79,436.67,-24.44,303.70
11,133,1.10938,170.02,-6.54,73.28,419.64,-23.52,291.07
11,134,1.11743,173.53,-6.73,75.66,435.98,-23.83,295.45
11,135,1.12622,176.80,-6.91,77.89,371.53,-20.47,253.12
11,136,1.13434,178.27,-7.00,79.01,180.83,-11.02,137.97
11,137,1.14276,179.83,-7.10,80.22,185.51,-11.54,144.57
11,138,1.15088,182.06,-7.25,82.17,274.44,-18.94,239.10
11,139,1.15942,184.25,-7.41,84.11,257.14,-18.08,227.86
11,140,1.16754,186.23,-7.56,86.11,243.98,-19.28,245.49
11,141,1.17627,188.20,-7.72,88.11,224.83,-18.07,229.72
11,142,1.18451,190.02,-7.88,90.19,221.48,-19.78,252.96
11,143,1.19287,191.85,-8.05,92.28,218.25,-19.45,249.27
11,144,1.20074,193.67,-8.21,94.36,231.78,-20.65,264.73
11,145,1.20947,195.50,-8.37,96.46,210.14,-18.74,240.21
11,146,1.21759,197.39,-8.54,98.64,232.33,-21.01,268.80
11,147,1.22626,199.30,-8.73,101.00,220.42,-21.14,272.18
11,148,1.23474,201.39,-9.00,104.61,246.04,-32.71,425.90
11,149,1.24286,203.49,-9.29,108.37,258.27,-35.43,462.41
11,150,1.25098,205.64,-9.40,113.13,265.41,-13.67,586.09
11,151,1.25946,207.81,-9.55,117.82,255.40,-16.92,552.88
11,152,1.26770,210.06,-9.12,122.03,274.07,51.68,511.48
11,153,1.27637,212.49,-8.73,126.23,280.28,45.32,484.86
11,154,1.28461,216.14,-8.24,130.36,442.59,59.06,501.11
11,155,1.29266,219.84,-7.75,134.48,458.71,60.90,511.74
11,156,1.30115,223.89,-7.23,138.58,477.34,60.93,482.37
11,157,1.30945,227.76,-6.74,142.47,466.91,59.52,469.49
11,158,1.31787,230.41,-6.41,144.98,314.13,39.24,297.46
11,159,1.32635,233.07,-6.08,147.51,314.39,39.18,298.56
11,160,1.33478,235.90,-5.72,150.26,335.14,42.22,325.72
11,161,1.34283,238.72,-5.36,153.03,350.76,44.31,344.32
11,162,1.35095,241.57,-4.99,156.02,350.38,45.46,368.42
11,163,1.35944,244.42,-4.62,159.04,335.97,43.65,356.12
11,164,1.36761,247.32,-4.24,162.27,355.22,47.08,394.78
11,165,1.37628,250.21,-3.85,165.51,333.45,44.34,373.59
11,166,1.38452,252.98,-3.48,168.81,335.19,45.77,401.11
11,167,1.39301,255.74,-3.10,172.14,325.90,44.56,392.09
11,168,1.40088,258.54,-2.71,175.60,355.04,49.16,439.92
11,169,1.40961,261.31,-2.33,179.02,318.18,43.97,391.61
11,170,1.41766,263.96,-1.97,182.10,328.03,44.32,382.20
11,171,1.42627,266.56,-1.62,185.07,302.48,40.46,344.68
11,172,1.43463,268.87,-1.34,187.22,276.28,34.23,257.30
11,173,1.44281,271.13,-1.06,189.24,276.12,33.76,247.01
11,174,1.45087,273.03,-0.86,190.33,235.98,25.28,134.85
11,175,1.45935,274.90,-0.73,191.33,220.14,15.31,118.35
11,176,1.46765,276.54,-0.68,191.74,198.16,6.20,49.63
11,177,1.47632,278.19,-0.47,192.08,190.14,23.29,38.73
11,178,1.48438,279.87,-0.37,191.88,208.33,12.39,-25.00
11,179,1.49268,281.58,-0.27,191.62,206.25,12.01,-31.25
11,180,1.50098,283.53,-0.18,190.94,234.93,11.88,-81.99
11,181,1.50940,285.52,-0.07,190.24,236.59,11.96,-82.61
11,182,1.51764,287.82,0.04,189.44,278.89,14.14,-97.04
11,183,1.52625,290.17,0.16,188.59,273.40,13.72,-98.94
11,184,1.53473,292.93,0.29,187.38,325.18,15.32,-142.45
11,185,1.54291,295.72,0.42,186.10,340.30,15.76,-156.34
11,186,1.55121,298.68,0.54,184.32,357.72,14.68,-215.07
11,187,1.55939,301.62,0.66,182.53,358.96,14.61,-219.03
11,188,1.56769,304.33,0.76,180.70,326.47,12.44,-219.85
11,189,1.57642,306.96,0.86,178.93,301.75,11.56,-202.80
11,190,1.58453,308.95,0.94,177.60,244.74,9.38,-163.53
11,191,1.59296,310.80,1.01,176.38,219.57,8.46,-145.29
11,192,1.60095,311.73,1.05,175.85,116.41,4.91,-66.03
11,193,1.60962,312.56,1.09,175.39,95.77,4.11,-53.52
11,194,1.61774,312.71,1.09,175.35,18.05,0.98,-4.14
12,0,0.00000,0.00,0.00,0.00,16.79,0.86,-3.21
12,1,0.00806,0.14,0.01,-0.03,17.80,0.91,-3.41
12,2,0.01624,0.51,0.02,0.00,45.15,2.15,3.36
12,3,0.02472,0.88,0.04,0.03,43.53,2.10,3.24
12,4,0.03326,1.44,0.07,0.20,65.00,2.92,20.71
12,5,0.04156,1.99,0.09,0.38,66.91,3.05,21.32
12,6,0.04987,2.73,0.13,0.66,88.24,3.97,33.46
12,7,0.05829,3.46,0.16,0.94,86.96,3.91,32.97
12,8,0.06653,4.36,0.20,1.30,109.63,4.83,44.07
12,9,0.07477,5.26,0.24,1.66,109.63,4.90,44.07
12,10,0.08301,6.31,0.28,2.13,126.67,5.55,57.04
12,11,0.09155,7.35,0.33,2.60,122.14,5.40,55.00
12,12,0.10004,8.40,0.38,3.07,123.02,5.39,55.40
12,13,0.10803,9.44,0.42,3.54,130.53,5.75,58.78
12,14,0.11652,10.53,0.47,4.09,128.06,5.56,64.75
12,15,0.12476,11.61,0.52,4.64,131.85,5.71,66.67
12,16,0.13324,13.63,0.60,5.77,237.41,10.17,132.73
12,17,0.14172,15.64,0.69,6.89,237.41,10.15,132.73
12,18,0.15015,17.76,0.78,8.53,251.81,10.26,194.20
12,19,0.15802,19.88,0.83,10.17,269.38,7.40,207.75
12,20,0.16681,20.91,0.95,11.48,117.36,12.70,149.31
12,21,0.17462,21.95,0.99,12.79,132.03,5.78,167.97
12,22,0.18329,22.74,1.02,13.98,91.55,3.74,137.32
12,23,0.19147,23.53,1.06,15.17,97.01,3.93,145.52
12,24,0.19971,24.12,1.08,16.23,71.11,2.64,128.15
12,25,0.20795,24.70,1.10,17.28,71.11,2.64,128.15
12,26,0.21625,25.05,1.11,17.99,42.28,1.41,84.93
12,27,0.22479,25.41,1.12,18.69,41.07,1.44,82.50
12,28,0.23315,25.66,1.13,19.27,30.29,0.91,69.34
12,29,0.24139,25.91,1.14,19.85,30.74,0.95,70.37
12,30,0.24963,26.17,1.15,20.43,30.74,0.95,70.37
12,31,0.25818,26.42,1.15,21.01,29.64,0.89,67.86
12,32,0.26642,26.59,1.16,21.47,20.74,0.54,55.56
12,33,0.27484,26.76,1.16,21.93,20.29,0.50,54.35
12,34,0.28302,26.93,1.17,22.38,20.90,0.54,55.97
12,35,0.29138,27.10,1.17,22.84,20.44,0.52,54.74
12,36,0.29974,27.22,1.17,23.21,14.23,0.27,44.16
12,37,0.30829,27.34,1.18,23.58,13.93,0.28,43.21
12,38,0.31647,27.46,1.18,23.95,14.55,0.32,45.15
12,39,0.32465,27.58,1.18,24.32,14.55,0.27,45.15
12,40,0.33331,27.66,1.18,24.63,9.86,0.16,35.56
12,41,0.34143,27.75,1.18,24.94,10.53,0.12,37.97
12,42,0.35004,27.80,1.18,25.14,6.03,0.08,23.76
12,43,0.35828,27.85,1.18,25.34,6.30,0.04,24.81
12,44,0.36621,27.87,1.18,25.45,1.54,-0.09,13.85
12,45,0.37494,27.88,1.18,25.56,1.40,-0.10,12.59
12,46,0.38324,27.80,1.18,25.50,-8.82,-0.41,-7.35
12,47,0.39160,27.73,1.18,25.44,-8.76,-0.43,-7.30
12,48,0.40015,27.32,1.16,25.04,-48.57,-2.32,-47.14
12,49,0.40784,26.90,1.14,24.64,-53.97,-2.56,-52.38
12,50,0.41632,26.49,1.12,24.23,-48.92,-2.34,-47.48
12,51,0.42474,26.07,1.10,23.83,-49.28,-2.38,-47.83
12,52,0.43317,25.33,1.06,23.16,-87.68,-4.22,-79.71
12,53,0.44135,24.59,1.02,22.49,-90.30,-4.40,-82.09
12,54,0.44983,23.72,0.98,21.63,-103.60,-4.92,-101.44
12,55,0.45801,22.84,0.94,20.77,-107.46,-5.11,-105.22
12,56,0.46631,22.22,0.91,20.10,-74.63,-3.46,-79.78
12,57,0.47467,21.60,0.88,19.44,-74.09,-3.45,-79.20
12,58,0.48297,20.52,0.83,18.18,-129.78,-5.84,-152.21
12,59,0.49164,19.44,0.83,16.92,-124.30,-0.87,-145.77
12,60,0.49969,18.97,0.78,16.35,-58.33,-6.19,-70.83
12,61,0.50818,18.50,0.75,15.77,-55.40,-2.74,-67.27
12,62,0.51630,17.93,0.73,14.96,-71.05,-3.14,-100.00
12,63,0.52490,17.35,0.70,14.15,-67.02,-3.19,-94.33
12,64,0.53296,16.93,0.69,13.31,-51.52,-1.99,-104.55
12,65,0.54144,16.52,0.67,12.47,-48.92,-1.37,-99.28
12,66,0.54999,16.36,0.67,11.72,-18.21,0.06,-87.86
12,67,0.55792,16.21,0.67,10.96,-19.62,0.06,-94.62
12,68,0.56641,16.18,0.68,10.28,-2.88,0.68,-80.58
12,69,0.57507,16.16,0.69,9.60,-2.82,0.71,-78.87
12,70,0.58313,16.25,0.70,9.03,11.36,1.28,-70.83
12,71,0.59161,16.34,0.71,8.46,10.79,1.25,-66.91
12,72,0.60046,16.74,0.73,8.40,44.83,2.46,-6.21
12,73,0.60803,17.14,0.75,8.35,52.42,2.92,-7.26
12,74,0.61646,17.51,0.77,8.72,44.93,2.09,44.20
12,75,0.62469,17.90,0.78,9.10,46.30,1.95,45.93
12,76,0.63330,18.64,0.80,11.16,86.88,1.94,239.01
12,77,0.64130,19.38,0.82,13.21,92.75,2.02,257.25
12,78,0.65009,18.53,0.82,14.64,-97.57,0.06,162.15
12,79,0.65796,17.67,0.72,16.06,-109.30,-12.35,180.23
12,80,0.66620,15.59,0.60,15.51,-252.59,-15.13,-66.67
12,81,0.67456,13.50,0.50,14.95,-249.64,-11.47,-66.42
12,82,0.68286,9.47,0.32,13.15,-484.93,-21.32,-217.65
12,83,0.69177,5.44,0.15,11.34,-452.05,-19.90,-202.74
12,84,0.69965,0.26,-0.08,9.03,-658.53,-28.99,-293.41
12,85,0.70782,-4.93,-0.31,6.72,-633.96,-27.91,-282.46
12,86,0.71637,-10.60,-0.56,4.40,-664.29,-29.52,-271.07
12,87,0.72449,-16.28,-0.66,2.08,-699.25,-11.80,-285.71
12,88,0.73315,-22.76,-0.81,-1.19,-747.89,-16.95,-377.46
12,89,0.74158,-29.24,-0.95,-4.46,-768.84,-17.40,-388.41
12,90,0.74957,-34.23,-1.05,-7.63,-624.43,-12.83,-396.95
12,91,0.75800,-39.22,-1.16,-10.81,-593.12,-12.19,-377.17
12,92,0.76624,-44.95,-1.27,-14.87,-694.81,-13.45,-493.33
12,93,0.77460,-50.67,-1.38,-18.94,-684.31,-13.23,-486.13
12,94,0.78278,-56.06,-1.48,-23.17,-658.58,-11.96,-517.54
12,95,0.79150,-61.44,-1.57,-27.40,-616.78,-11.16,-484.97
12,96,0.79962,-66.00,-1.65,-31.33,-561.65,-9.52,-483.46
12,97,0.80798,-70.55,-1.73,-35.25,-544.53,-9.22,-468.61
12,98,0.81671,-72.71,-1.76,-37.24,-247.20,-3.91,-228.32
12,99,0.82465,-74.87,-1.80,-39.23,-271.92,-4.34,-251.15
12,100,0.83301,-76.76,-1.83,-41.01,-225.91,-3.53,-212.77
12,101,0.84155,-78.64,-1.86,-42.79,-220.71,-3.45,-207.86
12,102,0.84985,-80.23,-1.88,-44.28,-190.81,-2.98,-179.41
12,103,0.85852,-81.85,-1.91,-45.81,-187.68,-2.94,-176.41
12,104,0.86670,-83.44,-1.93,-47.30,-193.66,-3.02,-182.09
12,105,0.87518,-85.02,-1.96,-48.79,-186.69,-2.92,-175.54
12,106,0.88342,-86.61,-1.91,-50.27,-192.22,5.43,-180.74
12,107,0.89178,-88.19,-1.97,-51.77,-189.78,-7.20,-178.47
12,108,0.90076,-89.88,-1.99,-53.35,-187.76,-2.42,-176.19
12,109,0.90820,-91.55,-1.99,-54.92,-224.59,0.23,-211.07
12,110,0.91663,-93.32,-1.99,-56.59,-210.14,0.26,-198.91
12,111,0.92493,-95.09,-1.99,-58.27,-213.60,0.27,-202.21
12,112,0.93323,-96.95,-1.98,-60.05,-223.16,0.34,-213.60
12,113,0.94183,-98.80,-1.98,-61.83,-215.96,0.36,-206.74
12,114,0.95020,-100.76,-1.98,-63.73,-233.94,0.53,-227.37
12,115,0.95844,-102.72,-1.97,-65.63,-237.41,0.52,-230.74
12,116,0.96674,-104.67,-1.97,-67.53,-235.66,0.51,-229.04
12,117,0.97546,-106.63,-1.96,-69.43,-224.13,0.49,-217.83
12,118,0.98328,-108.58,-1.96,-71.33,-250.39,0.55,-243.36
12,119,0.99200,-110.54,-1.95,-73.23,-224.13,0.51,-217.83
12,120,1.00006,-112.51,-1.95,-75.15,-244.32,0.49,-237.50
12,121,1.00836,-114.48,-1.95,-77.06,-237.13,0.54,-230.51
12,122,1.01648,-116.45,-1.94,-78.97,-242.48,0.51,-235.71
12,123,1.02509,-118.43,-1.94,-80.90,-230.85,0.52,-224.11
12,124,1.03333,-120.83,-1.93,-83.22,-290.37,0.58,-280.74
12,125,1.04199,-123.22,-1.93,-85.53,-276.41,0.55,-267.25
12,126,1.05023,-125.71,-1.84,-87.92,-302.22,10.54,-290.37
12,127,1.05823,-128.20,-1.85,-90.32,-311.45,-1.70,-299.24
12,128,1.06677,-130.69,-1.81,-92.71,-291.43,5.17,-280.00
12,129,1.07495,-133.20,-1.74,-95.12,-306.34,8.50,-294.40
12,130,1.08337,-136.06,-1.66,-97.86,-339.49,9.41,-325.36
12,131,1.09235,-138.93,-1.58,-100.61,-320.07,8.87,-306.80
12,132,1.10022,-142.10,-1.49,-103.63,-403.10,11.13,-383.72
12,133,1.10834,-145.27,-1.41,-106.65,-390.60,10.79,-371.80
12,134,1.11676,-148.38,-1.32,-109.54,-369.20,10.04,-342.75
12,135,1.12585,-151.42,-1.24,-112.36,-333.89,9.10,-310.74
12,136,1.13348,-152.70,-1.20,-113.69,-168.00,4.88,-174.40
12,137,1.14197,-154.01,-1.16,-115.06,-153.96,4.49,-161.15
12,138,1.15009,-155.91,-1.10,-117.32,-234.96,7.38,-278.20
12,139,1.15826,-157.81,-1.04,-119.58,-231.72,7.32,-276.12
12,140,1.16669,-159.46,-0.99,-121.85,-196.38,6.80,-269.93
12,141,1.17529,-161.11,-0.93,-124.12,-191.49,6.64,-264.18
12,142,1.18329,-162.60,-0.87,-126.46,-185.88,7.02,-292.37
12,143,1.19171,-164.08,-0.82,-128.80,-176.45,6.69,-277.54
12,144,1.19995,-165.57,-0.76,-131.14,-180.37,6.83,-283.70
12,145,1.20856,-167.06,-0.71,-133.48,-173.05,6.56,-271.99
12,146,1.21661,-168.59,-0.65,-135.92,-189.77,7.25,-303.41
12,147,1.22522,-170.12,-0.59,-138.42,-177.66,6.91,-290.78
12,148,1.23334,-171.63,-0.50,-142.32,-186.47,10.15,-479.32
12,149,1.24182,-173.14,-0.42,-146.25,-177.70,9.78,-464.03
12,150,1.25006,-174.54,-0.32,-151.28,-170.37,12.12,-610.74
12,151,1.25824,-175.95,-0.22,-156.30,-172.39,12.17,-612.69
12,152,1.26678,-177.54,-0.13,-160.80,-186.07,10.91,-527.50
12,153,1.27490,-179.19,-0.03,-165.32,-202.63,11.61,-556.02
12,154,1.28308,-182.16,0.08,-169.95,-363.43,13.69,-566.79
12,155,1.29236,-185.15,0.19,-174.59,-322.04,12.07,-499.67
12,156,1.29999,-188.52,0.31,-179.25,-442.40,15.36,-611.20
12,157,1.30847,-191.85,0.42,-183.84,-392.45,13.60,-541.01
12,158,1.31683,-194.09,0.50,-186.72,-267.15,8.86,-344.16
12,159,1.32495,-196.33,0.57,-189.61,-275.94,9.15,-356.02
12,160,1.33331,-198.70,0.65,-192.75,-283.58,9.58,-375.91
12,161,1.34174,-201.07,0.73,-195.90,-281.52,9.53,-374.28
12,162,1.35004,-203.42,0.81,-199.30,-283.46,10.11,-408.46
12,163,1.35815,-205.77,0.90,-202.69,-289.85,10.37,-418.80
12,164,1.36664,-208.15,0.99,-206.33,-280.58,10.40,-428.42
12,165,1.37500,-210.53,1.08,-209.97,-283.94,10.57,-435.04
12,166,1.38318,-212.75,1.16,-213.66,-272.01,10.69,-451.12
12,167,1.39191,-215.01,1.13,-217.42,-259.09,-3.32,-430.77
12,168,1.40039,-217.25,1.15,-221.27,-263.31,2.52,-453.96
12,169,1.40845,-219.48,1.18,-225.09,-276.52,2.65,-475.00
12,170,1.41687,-221.62,1.20,-228.54,-254.35,2.45,-409.06
12,171,1.42523,-223.75,1.22,-231.93,-255.11,2.46,-405.84
12,172,1.43335,-225.70,1.24,-234.41,-240.60,2.36,-305.26
12,173,1.44208,-227.65,1.26,-236.83,-222.38,2.19,-276.57
12,174,1.45032,-229.36,1.27,-238.19,-207.78,2.09,-165.56
12,175,1.45898,-231.06,1.29,-239.51,-196.48,1.97,-152.82
12,176,1.46686,-232.62,1.31,-240.17,-198.45,2.04,-83.33
12,177,1.47510,-234.19,1.32,-240.79,-190.37,1.95,-75.56
12,178,1.48346,-235.88,1.34,-240.85,-202.19,2.10,-6.57
12,179,1.49188,-237.59,1.36,-240.88,-202.90,2.12,-3.62
12,180,1.50012,-239.62,1.38,-240.50,-246.30,2.59,45.56
12,181,1.50842,-241.67,1.40,-240.12,-247.06,2.60,45.59
12,182,1.51697,-244.06,1.43,-239.69,-280.00,2.95,51.43
12,183,1.52509,-246.49,1.45,-239.22,-298.50,3.15,56.77
12,184,1.53326,-249.40,1.48,-238.45,-355.97,3.76,94.78
12,185,1.54187,-252.33,1.51,-237.64,-340.07,3.60,93.62
12,186,1.55017,-255.53,1.55,-236.33,-386.40,4.11,158.09
12,187,1.55847,-258.72,1.58,-235.02,-384.56,4.10,158.46
12,188,1.56696,-261.68,1.61,-233.63,-348.56,3.72,163.67
12,189,1.57507,-264.59,1.64,-232.26,-358.65,3.83,168.42
12,190,1.58331,-266.76,1.67,-231.25,-262.59,2.80,122.59
12,191,1.59186,-268.86,1.69,-230.28,-245.71,2.62,113.93
12,192,1.60034,-269.86,1.70,-229.90,-117.99,1.25,44.60
12,193,1.60840,-270.81,1.71,-229.54,-118.18,1.25,44.32
12,194,1.61682,-270.96,1.71,-229.53,-17.75,0.19,1.45
13,0,0.00000,0.00,0.00,0.00,3.60,-0.40,-16.91
13,1,0.00861,0.03,-0.00,-0.14,3.55,-0.39,-16.67
13,2,0.01685,0.20,-0.01,-0.47,20.74,-0.22,-40.00
13,3,0.02490,0.37,-0.01,-0.80,21.21,-0.23,-40.91
13,4,0.03333,0.75,0.00,-1.25,45.29,0.87,-52.54
13,5,0.04181,1.14,0.01,-1.69,44.96,0.91,-52.16
13,6,0.05005,1.68,0.02,-2.25,65.56,1.55,-68.52
13,7,0.05847,2.22,0.03,-2.82,64.13,1.56,-67.03
13,8,0.06677,2.90,0.05,-3.51,82.72,2.09,-83.09
13,9,0.07532,3.59,0.07,-4.20,80.36,2.07,-80.71
13,10,0.08362,4.43,0.09,-4.97,101.10,2.88,-93.38
13,11,0.09155,5.27,0.12,-5.75,105.77,3.05,-97.69
13,12,0.10040,6.11,0.14,-6.52,94.83,2.70,-87.59
13,13,0.10852,6.95,0.17,-7.30,103.38,2.98,-95.49
13,14,0.11707,7.88,0.19,-8.08,108.93,3.43,-92.14
13,15,0.12506,8.81,0.22,-8.87,116.41,3.66,-98.47
13,16,0.13367,10.63,0.29,-10.28,211.70,7.25,-164.18
13,17,0.14148,12.45,0.35,-11.70,233.20,8.03,-180.86
13,18,0.15015,14.79,0.45,-13.01,269.37,11.44,-151.41
13,19,0.15857,17.12,0.55,-14.32,277.17,11.73,-155.80
13,20,0.16681,18.73,0.63,-14.76,195.19,10.47,-52.96
13,21,0.17499,20.34,0.72,-15.19,196.64,10.51,-53.36
13,22,0.18335,21.74,0.80,-15.46,167.88,9.53,-31.75
13,23,0.19159,23.14,0.88,-15.73,170.37,9.67,-32.22
13,24,0.20020,24.35,0.95,-15.85,139.72,8.40,-14.89
13,25,0.20837,25.55,1.02,-15.98,147.01,8.79,-15.67
13,26,0.21674,26.33,1.07,-16.03,93.80,5.80,-5.84
13,27,0.22510,27.12,1.12,-16.08,93.80,5.76,-5.84
13,28,0.23334,27.75,1.16,-16.09,76.67,4.85,-0.74
13,29,0.24182,28.38,1.20,-16.09,74.46,4.80,-0.72
13,30,0.25012,29.01,1.24,-16.10,76.10,4.82,-0.74
13,31,0.25842,29.64,1.28,-16.10,76.10,4.82,-0.74
13,32,0.26678,30.13,1.31,-16.08,58.39,3.85,2.55
13,33,0.27496,30.62,1.34,-16.06,59.70,3.93,2.61
13,34,0.28345,31.11,1.38,-16.04,57.55,3.75,2.52
13,35,0.29144,31.60,1.41,-16.02,61.07,4.02,2.67
13,36,0.29999,31.99,1.43,-15.99,45.36,3.05,3.93
13,37,0.30865,32.37,1.46,-15.95,44.72,3.04,3.87
13,38,0.31677,32.76,1.49,-15.92,47.74,3.21,4.14
13,39,0.32495,33.15,1.51,-15.88,47.39,3.18,4.10
13,40,0.33350,33.47,1.53,-15.84,37.14,2.54,4.64
13,41,0.34149,33.78,1.56,-15.81,39.69,2.72,4.96
13,42,0.35028,33.99,1.57,-15.77,23.96,1.69,3.47
13,43,0.35858,34.20,1.59,-15.74,25.37,1.75,3.68
13,44,0.36731,34.31,1.59,-15.71,11.89,0.88,3.50
13,45,0.37500,34.41,1.60,-15.68,13.49,1.04,3.97
13,46,0.38330,34.33,1.60,-15.64,-9.93,-0.46,5.15
13,47,0.39154,34.25,1.59,-15.60,-10.00,-0.46,5.19
13,48,0.40015,33.71,1.57,-15.37,-62.06,-2.93,26.24
13,49,0.40833,33.18,1.54,-15.15,-65.30,-3.12,27.61
13,50,0.41675,32.64,1.52,-14.92,-63.41,-3.03,26.81
13,51,0.42505,32.11,1.49,-14.69,-64.34,-3.08,27.21
13,52,0.43353,31.20,1.45,-14.28,-106.83,-4.96,49.28
13,53,0.44165,30.30,1.41,-13.86,-111.65,-5.14,51.50
13,54,0.44995,29.16,1.35,-13.38,-136.76,-6.58,57.35
13,55,0.45862,28.03,1.30,-12.91,-130.99,-6.27,54.93
13,56,0.46680,27.18,1.26,-12.59,-103.73,-5.19,38.06
13,57,0.47510,26.33,1.21,-12.28,-102.57,-5.09,37.50
13,58,0.48352,24.74,1.13,-11.79,-188.04,-9.83,59.06
13,59,0.49164,23.16,1.05,-11.29,-194.74,-10.09,61.28
13,60,0.50012,22.45,1.01,-11.08,-83.45,-4.36,24.82
13,61,0.50848,21.75,0.98,-10.87,-84.67,-4.46,25.18
13,62,0.51685,20.77,0.92,-10.65,-116.42,-6.48,25.55
13,63,0.52515,19.80,0.87,-10.44,-117.28,-6.53,25.74
13,64,0.53333,18.86,0.81,-10.39,-114.55,-7.05,6.72
13,65,0.54169,17.93,0.75,-10.33,-112.04,-6.93,6.57
13,66,0.54999,17.17,0.70,-10.48,-90.81,-6.47,-18.01
13,67,0.55847,16.42,0.64,-10.63,-88.49,-6.31,-17.63
13,68,0.56696,15.78,0.59,-10.87,-75.54,-5.95,-28.78
13,69,0.57513,15.14,0.54,-11.12,-78.36,-6.21,-29.85
13,70,0.58344,14.65,0.50,-11.42,-58.82,-5.14,-36.76
13,71,0.59167,14.16,0.46,-11.73,-59.26,-5.22,-37.04
13,72,0.60004,14.27,0.45,-12.11,12.41,-0.95,-45.99
13,73,0.60846,14.37,0.44,-12.50,12.32,-0.98,-45.65
13,74,0.61682,14.86,0.46,-12.70,58.76,2.83,-24.45
13,75,0.62506,15.35,0.49,-12.91,59.63,2.83,-24.81
13,76,0.63348,17.54,0.63,-12.79,259.78,17.17,13.41
13,77,0.64197,19.73,0.78,-12.68,257.55,16.98,13.31
13,78,0.65015,20.71,0.89,-11.33,119.78,13.95,164.55
13,79,0.65881,21.68,1.00,-9.99,112.68,13.14,155.28
13,80,0.66699,20.36,0.99,-8.29,-161.19,-2.37,208.21
13,81,0.67529,19.05,0.97,-6.58,-158.82,-2.29,205.15
13,82,0.68347,15.81,0.87,-3.58,-395.15,-11.18,367.16
13,83,0.69189,12.58,0.78,-0.58,-383.70,-10.90,356.52
13,84,0.70013,8.44,0.67,3.30,-503.33,-14.21,470.00
13,85,0.70850,4.29,0.55,7.17,-495.99,-13.95,463.50
13,86,0.71704,-0.05,0.44,11.50,-508.21,-13.19,506.07
13,87,0.72534,-4.40,0.32,15.82,-523.53,-13.52,520.96
13,88,0.73352,-9.94,0.15,20.51,-677.24,-21.41,573.88
13,89,0.74188,-15.48,-0.03,25.21,-662.41,-20.85,561.31
13,90,0.75018,-20.35,-0.21,28.57,-586.40,-21.99,405.15
13,91,0.75885,-25.30,-0.39,31.99,-571.13,-21.48,394.01
13,92,0.76709,-31.27,-0.63,35.67,-725.19,-29.22,447.41
13,93,0.77545,-37.25,-0.88,39.35,-714.60,-28.87,440.15
13,94,0.78369,-43.24,-1.09,42.66,-727.78,-26.52,401.85
13,95,0.79205,-49.23,-1.51,45.97,-716.06,-49.24,394.89
13,96,0.80042,-54.62,-1.81,48.64,-644.89,-36.53,319.34
13,97,0.80872,-59.98,-2.12,51.28,-644.85,-36.58,319.12
13,98,0.81726,-62.65,-2.27,52.50,-313.21,-18.35,141.79
13,99,0.82562,-65.32,-2.43,53.70,-319.34,-18.80,144.53
13,100,0.83374,-67.70,-2.51,54.75,-292.48,-9.96,128.95
13,101,0.84204,-70.07,-2.48,55.80,-285.29,3.23,125.74
13,102,0.85040,-72.06,-2.46,56.67,-237.96,2.68,105.11
13,103,0.85883,-74.04,-2.44,57.55,-236.23,2.64,104.35
13,104,0.86725,-76.03,-2.42,58.43,-236.23,2.69,104.35
13,105,0.87549,-78.02,-2.39,59.31,-241.48,2.72,106.67
13,106,0.88367,-80.01,-2.37,60.19,-243.28,2.74,107.46
13,107,0.89203,-82.00,-2.35,61.07,-237.96,2.68,105.11
13,108,0.90039,-84.09,-2.33,61.99,-250.00,2.80,110.58
13,109,0.90894,-86.19,-2.30,62.92,-245.00,2.78,108.21
13,110,0.91718,-88.42,-2.28,63.90,-270.74,3.03,118.89
13,111,0.92566,-90.65,-2.25,64.88,-263.31,2.92,115.47
13,112,0.93378,-93.01,-2.23,65.89,-290.23,3.16,125.19
13,113,0.94214,-95.37,-2.20,66.91,-282.12,3.09,121.53
13,114,0.95050,-97.88,-2.17,67.97,-300.36,3.15,127.01
13,115,0.95886,-100.39,-2.15,69.03,-300.36,3.18,127.01
13,116,0.96722,-102.90,-2.12,70.10,-300.36,3.18,127.01
13,117,0.97565,-105.41,-2.09,71.16,-298.19,3.15,126.09
13,118,0.98376,-107.93,-2.07,72.22,-309.40,3.25,130.83
13,119,0.99207,-110.44,-2.04,73.28,-302.57,3.22,127.94
13,120,1.00037,-112.97,-2.01,74.35,-304.78,3.22,128.68
13,121,1.00879,-115.50,-1.99,75.42,-301.09,3.16,127.17
13,122,1.01715,-118.03,-1.96,76.49,-302.55,3.19,127.74
13,123,1.02551,-120.57,-1.93,77.56,-303.65,3.21,128.47
13,124,1.03369,-123.63,-1.90,78.86,-374.25,3.99,158.96
13,125,1.04205,-126.70,-1.87,80.17,-366.42,3.91,155.84
13,126,1.05035,-129.87,-1.84,81.53,-382.35,4.11,163.97
13,127,1.05884,-133.04,-1.80,82.89,-374.10,4.04,160.43
13,128,1.06720,-136.22,-1.77,84.25,-379.56,4.10,162.77
13,129,1.07550,-139.40,-1.73,85.62,-383.46,4.15,164.71
13,130,1.08380,-143.04,-1.69,87.18,-438.24,4.73,188.60
13,131,1.09210,-146.69,-1.65,88.75,-439.34,4.76,188.97
13,132,1.10046,-150.70,-1.61,90.50,-480.66,5.28,208.76
13,133,1.10870,-154.72,-1.56,92.24,-487.41,5.36,211.85
13,134,1.11713,-158.59,-1.52,93.98,-459.42,5.30,206.16
13,135,1.12555,-162.45,-1.48,95.71,-457.97,5.27,205.07
13,136,1.13373,-164.17,-1.46,96.37,-210.82,1.94,80.97
13,137,1.14209,-165.93,-1.44,97.04,-210.58,1.88,79.93
13,138,1.15039,-168.76,-1.43,97.91,-340.07,2.12,105.51
13,139,1.15881,-171.58,-1.41,98.78,-334.78,2.10,102.90
13,140,1.16724,-174.31,-1.40,99.42,-325.00,1.10,75.72
13,141,1.17554,-177.05,-1.39,100.05,-329.78,1.08,76.10
13,142,1.18390,-179.78,-1.39,100.51,-326.64,0.33,54.74
13,143,1.19220,-182.51,-1.39,100.96,-329.04,0.28,55.15
13,144,1.20050,-185.24,-1.38,101.42,-329.04,0.28,55.15
13,145,1.20886,-187.98,-1.38,101.88,-327.01,0.30,54.74
13,146,1.21722,-190.83,-1.38,102.33,-340.51,0.21,54.38
13,147,1.22565,-193.72,-1.38,102.77,-343.48,0.10,51.81
13,148,1.23376,-197.89,-1.41,102.65,-513.91,-3.39,-15.04
13,149,1.24213,-202.10,-1.43,102.51,-502.92,-3.37,-16.79
13,150,1.25049,-207.28,-1.49,101.84,-619.71,-6.39,-79.93
13,151,1.25885,-212.45,-1.54,101.18,-617.88,-6.32,-78.47
13,152,1.26740,-217.22,-1.51,100.89,-558.57,3.75,-34.29
13,153,1.27557,-222.01,-1.48,100.64,-586.19,3.64,-30.97
13,154,1.28387,-227.44,-1.41,101.57,-654.04,8.33,112.13
13,155,1.29218,-232.88,-1.34,102.51,-654.78,8.38,113.60
13,156,1.30060,-238.49,-1.26,103.81,-665.94,9.64,153.62
13,157,1.30884,-244.02,-1.18,105.09,-672.22,9.73,155.56
13,158,1.31732,-247.55,-1.12,106.02,-415.11,6.42,110.07
13,159,1.32568,-251.08,-1.07,106.96,-422.26,6.53,112.04
13,160,1.33386,-254.90,-1.01,107.92,-467.16,7.05,117.16
13,161,1.34222,-258.72,-0.95,108.87,-457.66,6.88,114.23
13,162,1.35052,-262.76,-0.90,109.72,-486.40,6.72,101.84
13,163,1.35895,-266.81,-0.84,110.56,-480.43,6.65,100.00
13,164,1.36737,-271.08,-0.79,111.33,-507.61,6.61,92.03
13,165,1.37561,-275.36,-0.73,112.10,-518.89,6.73,93.33
13,166,1.38385,-279.62,-0.78,112.71,-517.41,-5.45,74.07
13,167,1.39221,-283.89,-1.02,113.32,-510.58,-29.10,72.63
13,168,1.40051,-288.31,-1.24,113.88,-531.99,-26.80,66.91
13,169,1.40887,-292.71,-1.44,114.43,-526.64,-23.83,66.79
13,170,1.41730,-296.72,-1.63,115.07,-476.09,-22.29,75.00
13,171,1.42572,-300.70,-1.82,115.70,-472.10,-22.17,75.72
13,172,1.43390,-303.74,-1.98,116.54,-372.01,-19.64,101.87
13,173,1.44220,-306.75,-2.14,117.38,-362.13,-19.29,101.47
13,174,1.45056,-308.67,-2.26,118.43,-229.93,-15.39,125.18
13,175,1.45892,-310.57,-2.39,119.48,-227.01,-15.30,125.55
13,176,1.46729,-311.78,-2.50,120.66,-145.26,-12.99,141.24
13,177,1.47565,-312.98,-2.61,121.85,-143.07,-12.91,142.70
13,178,1.48389,-313.69,-2.72,123.39,-86.30,-13.01,186.30
13,179,1.49219,-314.39,-2.82,124.94,-84.56,-12.99,186.76
13,180,1.50061,-314.84,-2.95,126.95,-52.90,-14.49,239.13
13,181,1.50885,-315.29,-3.07,128.98,-54.44,-14.90,245.93
13,182,1.51727,-315.81,-3.21,131.35,-62.68,-17.04,281.88
13,183,1.52563,-316.34,-3.36,133.75,-62.41,-17.32,286.50
13,184,1.53387,-316.76,-3.53,136.73,-51.11,-20.80,361.85
13,185,1.54218,-317.17,-3.70,139.72,-49.26,-20.69,361.03
13,186,1.55060,-317.21,-3.88,143.19,-5.07,-21.55,411.23
13,187,1.55890,-317.25,-4.06,146.65,-4.41,-21.85,416.54
13,188,1.56738,-317.12,-4.23,149.91,15.11,-19.42,384.89
13,189,1.57574,-316.99,-4.39,153.15,14.96,-19.53,386.86
13,190,1.58398,-316.91,-4.51,155.53,10.37,-14.67,289.63
13,191,1.59222,-316.82,-4.63,157.88,10.00,-14.39,284.44
13,192,1.60059,-316.86,-4.69,158.94,-4.74,-6.85,127.74
13,193,1.60907,-316.90,-4.74,159.98,-4.68,-6.54,122.30
13,194,1.61737,-316.95,-4.75,160.12,-5.51,-1.10,16.91
14,0,0.00000,0.00,0.00,0.00,-8.39,0.37,15.69
14,1,0.00842,-0.07,0.00,0.13,-8.33,0.36,15.58
14,2,0.01685,-0.33,0.01,0.40,-30.43,1.15,31.88
14,3,0.02509,-0.58,0.02,0.67,-31.11,1.17,32.59
14,4,0.03333,-1.07,0.04,0.99,-59.26,2.08,38.89
14,5,0.04175,-1.56,0.06,1.31,-57.97,2.03,38.04
14,6,0.04999,-2.24,0.08,1.70,-82.22,2.85,47.41
14,7,0.05841,-2.91,0.10,2.09,-80.43,2.77,46.38
14,8,0.06683,-3.77,0.13,2.56,-101.09,3.49,55.80
14,9,0.07526,-4.62,0.16,3.03,-101.09,3.47,55.80
14,10,0.08368,-5.64,0.20,3.54,-121.38,4.13,60.51
14,11,0.09167,-6.66,0.23,4.05,-127.86,4.35,63.74
14,12,0.10010,-7.68,0.27,4.56,-121.38,4.14,60.51
14,13,0.10852,-8.71,0.30,5.07,-121.38,4.13,60.51
14,14,0.11694,-9.82,0.34,5.56,-132.25,4.44,58.70
14,15,0.12512,-10.93,0.38,6.06,-136.19,4.58,60.45
14,16,0.13336,-13.08,0.45,6.91,-260.37,8.68,102.96
14,17,0.14178,-15.23,0.52,7.75,-254.71,8.49,100.72
14,18,0.15021,-17.83,0.60,8.36,-309.78,9.97,72.46
14,19,0.15857,-20.44,0.69,8.98,-312.04,10.05,72.99
14,20,0.16699,-22.11,0.74,8.94,-197.83,6.03,-3.62
14,21,0.17523,-23.78,0.79,8.91,-202.22,6.17,-3.70
14,22,0.18347,-25.20,0.83,8.78,-172.59,5.18,-16.67
14,23,0.19177,-26.62,0.87,8.64,-171.32,5.13,-16.54
14,24,0.20026,-27.81,0.91,8.43,-140.29,4.13,-25.18
14,25,0.20862,-29.00,0.94,8.21,-142.34,4.19,-25.55
14,26,0.21698,-29.77,0.97,8.04,-91.97,2.69,-20.44
14,27,0.22534,-30.54,0.99,7.87,-91.97,2.66,-20.44
14,28,0.23364,-31.15,1.01,7.70,-73.53,2.11,-20.59
14,29,0.24200,-31.76,1.02,7.53,-72.99,2.09,-20.44
14,30,0.25018,-32.37,1.04,7.36,-74.63,2.15,-20.90
14,31,0.25873,-32.98,1.06,7.19,-71.43,2.06,-20.00
14,32,0.26715,-33.44,1.07,7.03,-55.07,1.55,-18.84
14,33,0.27533,-33.91,1.09,6.87,-56.72,1.60,-19.40
14,34,0.28363,-34.37,1.10,6.71,-55.88,1.58,-19.12
14,35,0.29193,-34.84,1.11,6.55,-55.88,1.58,-19.12
14,36,0.30042,-35.20,1.12,6.41,-42.81,1.21,-16.55
14,37,0.30878,-35.56,1.13,6.27,-43.43,1.22,-16.79
14,38,0.31720,-35.93,1.14,6.13,-43.12,1.20,-16.67
14,39,0.32532,-36.29,1.15,5.99,-44.74,1.26,-17.29
14,40,0.33374,-36.58,1.16,5.86,-34.78,0.95,-15.22
14,41,0.34216,-36.87,1.17,5.73,-34.78,0.96,-15.22
14,42,0.35046,-37.07,1.17,5.65,-23.16,0.64,-10.66
14,43,0.35876,-37.26,1.18,5.56,-23.16,0.63,-10.66
14,44,0.36725,-37.35,1.18,5.50,-10.79,0.30,-6.83
14,45,0.37555,-37.44,1.18,5.44,-11.03,0.28,-6.99
14,46,0.38379,-37.35,1.18,5.42,11.11,-0.34,-2.22
14,47,0.39215,-37.26,1.18,5.40,10.95,-0.35,-2.19
14,48,0.40045,-36.69,1.16,5.34,69.12,-2.18,-8.09
14,49,0.40869,-36.11,1.14,5.27,69.63,-2.18,-8.15
14,50,0.41724,-35.54,1.12,5.20,67.14,-2.11,-7.86
14,51,0.42566,-34.96,1.11,5.14,68.48,-2.16,-7.97
14,52,0.43396,-33.97,1.07,4.99,119.12,-3.78,-18.01
14,53,0.44220,-32.98,1.04,4.84,120.00,-3.80,-18.15
14,54,0.45056,-31.76,1.00,4.70,146.35,-4.60,-16.79
14,55,0.45898,-30.54,0.97,4.56,145.29,-4.57,-16.67
14,56,0.46735,-29.63,0.94,4.50,108.03,-3.33,-7.30
14,57,0.47559,-28.73,0.91,4.43,109.63,-3.42,-7.41
14,58,0.48401,-27.07,0.86,4.40,197.10,-6.06,-4.35
14,59,0.49225,-25.41,0.81,4.36,201.11,-6.19,-4.44
14,60,0.50037,-24.67,0.79,4.35,90.98,-2.79,-0.75
14,61,0.50861,-23.93,0.76,4.35,89.63,-2.75,-0.74
14,62,0.51709,-22.94,0.73,4.41,117.27,-3.54,7.55
14,63,0.52527,-21.95,0.70,4.48,121.64,-3.68,7.84
14,64,0.53357,-21.03,0.68,4.69,110.29,-3.20,25.37
14,65,0.54199,-20.11,0.65,4.90,108.70,-3.16,25.00
14,66,0.55017,-19.43,0.63,5.25,83.21,-2.24,43.28
14,67,0.55890,-18.75,0.61,5.61,77.97,-2.13,40.56
14,68,0.56744,-18.21,0.60,6.02,63.93,-1.62,48.21
14,69,0.57538,-17.66,0.58,6.43,69.23,-1.76,52.31
14,70,0.58356,-17.27,0.58,6.86,47.01,-1.09,52.61
14,71,0.59186,-16.89,0.57,7.29,45.96,-1.06,51.84
14,72,0.60034,-17.10,0.58,7.64,-24.46,1.03,40.29
14,73,0.60864,-17.31,0.58,7.97,-25.37,1.07,40.81
14,74,0.61700,-17.84,0.60,8.03,-63.14,1.97,6.93
14,75,0.62531,-18.37,0.62,8.09,-64.71,2.02,6.62
14,76,0.63354,-20.44,0.68,7.37,-251.11,7.10,-87.41
14,77,0.64178,-22.50,0.73,6.64,-250.00,7.06,-87.78
14,78,0.65021,-23.07,0.74,5.08,-67.03,0.79,-185.87
14,79,0.65857,-23.62,0.75,3.52,-65.69,0.73,-186.86
14,80,0.66711,-21.88,0.69,2.25,203.93,-7.27,-148.21
14,81,0.67535,-20.12,0.62,0.98,212.96,-7.57,-154.44
14,82,0.68353,-16.18,0.49,-1.00,482.09,-16.42,-242.16
14,83,0.69202,-12.23,0.35,-2.99,465.47,-15.85,-234.17
14,84,0.70056,-7.17,0.18,-5.55,592.50,-20.17,-300.00
14,85,0.70886,-2.10,0.01,-8.12,610.29,-20.79,-308.82
14,86,0.71729,3.28,0.62,-11.06,638.41,72.73,-348.91
14,87,0.72559,8.66,1.22,-14.00,648.90,72.24,-354.04
14,88,0.73376,15.29,1.93,-16.96,810.45,86.42,-361.94
14,89,0.74200,21.91,2.63,-19.91,803.70,85.73,-358.52
14,90,0.75061,27.53,3.20,-21.78,652.13,66.04,-217.38
14,91,0.75885,33.15,3.77,-23.65,681.85,69.12,-227.04
14,92,0.76721,39.91,4.44,-25.52,809.12,79.85,-224.09
14,93,0.77551,46.68,5.11,-27.40,815.07,80.42,-225.37
14,94,0.78387,53.36,5.75,-28.90,799.27,76.97,-179.93
14,95,0.79218,60.04,6.39,-30.40,804.78,77.44,-180.88
14,96,0.80060,65.96,6.95,-31.46,703.26,66.20,-125.72
14,97,0.80884,71.87,7.51,-32.52,716.67,67.44,-128.15
14,98,0.81738,74.78,7.78,-32.93,340.36,31.41,-48.57
14,99,0.82574,77.68,8.04,-33.35,347.45,32.16,-49.64
14,100,0.83392,80.25,8.28,-33.69,314.18,28.92,-41.79
14,101,0.84210,82.82,8.52,-34.03,314.18,28.87,-41.79
14,102,0.85059,84.98,8.68,-34.32,253.96,19.04,-33.81
14,103,0.85876,87.13,8.71,-34.60,263.43,3.44,-35.07
14,104,0.86737,89.29,8.64,-34.89,250.35,-7.46,-33.33
14,105,0.87567,91.44,8.51,-35.18,259.56,-15.90,-34.56
14,106,0.88403,93.59,8.53,-35.46,257.66,2.90,-34.31
14,107,0.89221,95.75,8.49,-35.75,263.43,-5.20,-35.45
14,108,0.90063,98.02,8.45,-36.06,269.20,-5.36,-36.23
14,109,0.90894,100.28,8.40,-36.36,273.16,-5.39,-36.76
14,110,0.91748,102.70,8.35,-36.68,282.86,-5.68,-37.14
14,111,0.92572,105.12,8.31,-37.00,293.33,-5.84,-38.52
14,112,0.93396,107.66,8.25,-37.32,308.89,-6.33,-38.52
14,113,0.94226,110.21,8.20,-37.63,306.99,-6.29,-38.24
14,114,0.95068,112.92,8.14,-37.95,321.74,-6.74,-37.68
14,115,0.95892,115.63,8.09,-38.27,328.89,-6.84,-38.52
14,116,0.96753,118.34,8.03,-38.59,314.89,-6.59,-36.88
14,117,0.97577,121.05,7.97,-38.90,328.89,-6.89,-38.52
14,118,0.98401,123.76,7.92,-39.22,328.89,-6.89,-38.52
14,119,0.99225,126.47,7.86,-39.54,328.89,-6.84,-38.52
14,120,1.00067,129.20,7.80,-39.86,323.91,-6.78,-38.04
14,121,1.00891,131.93,7.75,-40.18,331.11,-6.93,-38.89
14,122,1.01746,134.66,7.69,-40.50,319.29,-6.64,-37.50
14,123,1.02563,137.39,7.63,-40.82,333.96,-6.99,-39.18
14,124,1.03394,140.69,7.57,-41.21,397.79,-8.27,-47.43
14,125,1.04218,143.99,7.50,-41.61,401.11,-8.34,-47.78
14,126,1.05072,147.42,7.43,-42.03,401.43,-8.22,-49.29
14,127,1.05890,150.85,7.36,-42.45,419.40,-8.63,-51.49
14,128,1.06738,154.28,7.29,-42.87,404.32,-8.32,-49.64
14,129,1.07568,157.72,7.21,-43.29,413.60,-8.51,-50.74
14,130,1.08398,161.65,7.13,-43.78,473.53,-9.75,-58.46
14,131,1.09222,165.58,7.05,-44.26,477.41,-9.79,-58.89
14,132,1.10065,169.93,6.96,-44.82,515.94,-10.45,-65.58
14,133,1.10889,174.27,6.88,-45.37,527.41,-10.68,-67.04
14,134,1.11743,178.48,6.79,-45.96,491.79,-9.61,-68.93
14,135,1.12567,182.66,6.71,-46.54,508.15,-9.89,-71.11
14,136,1.13403,184.50,6.67,-46.69,220.07,-5.08,-18.25
14,137,1.14227,186.35,6.63,-46.85,224.44,-5.14,-18.52
14,138,1.15070,189.31,6.55,-46.90,350.72,-9.48,-6.16
14,139,1.15887,192.26,6.47,-46.95,361.19,-9.76,-6.34
14,140,1.16748,195.07,6.43,-46.80,326.24,-4.72,17.73
14,141,1.17578,197.88,6.20,-46.65,338.24,-27.68,18.38
14,142,1.18402,200.63,5.93,-46.32,334.07,-32.21,39.26
14,143,1.19226,203.38,5.71,-46.00,334.07,-27.27,39.26
14,144,1.20068,206.13,5.48,-45.68,326.81,-26.77,38.41
14,145,1.20898,208.89,5.26,-45.35,331.62,-26.98,38.97
14,146,1.21753,211.75,5.02,-45.00,335.00,-27.57,41.79
14,147,1.22577,214.62,4.79,-44.63,348.15,-28.81,44.07
14,148,1.23413,218.59,5.09,-43.35,475.18,35.82,153.65
14,149,1.24231,222.57,5.54,-42.06,486.19,55.65,157.46
14,150,1.25079,227.36,6.06,-39.97,564.39,60.94,246.04
14,151,1.25903,232.14,6.57,-37.89,580.74,62.63,252.96
14,152,1.26758,236.64,6.86,-36.27,526.43,33.65,188.93
14,153,1.27582,241.15,6.98,-34.66,547.04,14.67,195.19
14,154,1.28418,246.62,7.13,-34.05,654.38,17.96,74.09
14,155,1.29242,252.09,7.30,-33.43,664.44,20.58,75.19
14,156,1.30078,257.84,7.49,-33.10,687.23,22.66,38.69
14,157,1.30896,263.57,7.68,-32.78,700.75,23.05,39.55
14,158,1.31757,267.21,7.80,-32.69,423.40,14.43,9.93
14,159,1.32574,270.86,7.93,-32.61,445.52,15.19,10.45
14,160,1.33411,274.80,8.06,-32.46,470.80,15.83,17.15
14,161,1.34241,278.73,8.19,-32.32,474.26,15.94,17.65
14,162,1.35083,282.85,8.33,-32.00,488.41,15.75,37.32
14,163,1.35901,286.96,8.46,-31.69,503.36,16.22,38.81
14,164,1.36755,291.28,8.59,-31.24,505.71,15.81,52.50
14,165,1.37579,295.61,8.73,-30.79,524.44,16.40,54.44
14,166,1.38446,299.87,8.86,-30.18,492.25,14.75,69.72
14,167,1.39240,304.29,8.99,-29.56,556.92,16.67,79.23
14,168,1.40082,308.69,9.28,-28.86,521.74,34.40,82.97
14,169,1.40906,313.06,9.50,-28.16,531.48,26.64,84.07
14,170,1.41760,317.09,9.71,-27.65,471.07,24.63,60.00
14,171,1.42578,321.08,9.92,-27.16,487.69,25.55,60.45
14,172,1.43408,324.23,10.10,-27.11,380.15,22.64,5.88
14,173,1.44232,327.35,10.29,-27.08,377.78,22.71,3.33
14,174,1.45087,329.49,10.45,-27.55,250.36,18.79,-54.64
14,175,1.45905,331.60,10.61,-28.03,258.21,19.53,-58.96
14,176,1.46759,333.09,10.76,-28.83,175.00,16.77,-93.21
14,177,1.47589,334.57,10.90,-29.64,178.31,17.32,-98.16
14,178,1.48419,335.68,11.05,-30.92,133.82,18.27,-153.68
14,179,1.49255,336.79,11.20,-32.21,132.12,18.27,-155.11
14,180,1.50085,337.78,11.38,-34.02,119.49,21.67,-218.01
14,181,1.50922,338.78,11.57,-35.85,119.34,21.69,-218.25
14,182,1.51764,339.95,11.78,-37.98,138.77,25.17,-253.26
14,183,1.52600,341.12,11.99,-40.14,140.15,25.60,-258.39
14,184,1.53424,342.36,12.25,-42.89,150.00,31.16,-333.33
14,185,1.54254,343.58,12.51,-45.66,147.79,31.02,-333.82
14,186,1.55096,344.59,12.79,-48.97,119.57,33.28,-393.48
14,187,1.55914,345.59,13.07,-52.28,122.01,34.18,-404.48
14,188,1.56787,346.38,13.32,-55.45,90.56,29.52,-363.29
14,189,1.57605,347.16,13.58,-58.59,95.52,31.17,-383.21
14,190,1.58435,347.74,13.77,-60.90,70.59,22.73,-279.04
14,191,1.59253,348.32,13.95,-63.17,70.52,22.66,-277.24
14,192,1.60107,348.66,14.04,-64.19,39.64,10.26,-118.93
14,193,1.60931,348.98,14.12,-65.16,39.26,10.19,-117.78
14,194,1.61792,349.07,14.14,-65.28,9.93,1.55,-14.18
15,0,0.00000,0.00,0.00,0.00,-10.82,0.66,-14.55
15,1,0.00854,-0.09,0.01,-0.12,-10.36,0.65,-13.93
15,2,0.01666,-0.22,0.02,-0.47,-16.17,1.36,-42.86
15,3,0.02527,-0.35,0.03,-0.81,-15.25,1.29,-40.43
15,4,0.03357,-0.43,0.04,-1.39,-9.19,1.51,-69.85
15,5,0.04242,-0.50,0.05,-1.97,-8.62,1.40,-65.52
15,6,0.05072,-0.56,0.07,-2.75,-6.99,1.84,-93.75
15,7,0.05859,-0.62,0.08,-3.53,-7.36,1.90,-99.22
15,8,0.06671,-0.67,0.10,-4.50,-6.39,2.21,-119.55
15,9,0.07532,-0.72,0.12,-5.47,-6.03,2.06,-112.77
15,10,0.08362,-0.74,0.14,-6.62,-1.84,2.35,-137.87
15,11,0.09186,-0.75,0.16,-7.76,-1.85,2.34,-138.89
15,12,0.10016,-0.77,0.18,-8.91,-1.84,2.30,-137.87
15,13,0.10858,-0.78,0.20,-10.05,-1.81,2.29,-135.87
15,14,0.11676,-0.75,0.21,-11.27,4.48,2.27,-148.88
15,15,0.12531,-0.71,0.23,-12.49,4.29,2.15,-142.86
15,16,0.13354,-0.55,0.26,-14.79,20.00,3.73,-279.26
15,17,0.14191,-0.38,0.29,-17.09,20.07,3.66,-275.18
15,18,0.15009,0.20,0.31,-19.71,71.27,2.29,-319.78
15,19,0.15851,0.79,0.33,-22.32,69.20,2.23,-309.78
15,20,0.16687,1.54,0.33,-23.81,89.78,-0.75,-178.10
15,21,0.17529,2.29,0.32,-25.30,89.13,-0.78,-176.81
15,22,0.18359,3.03,0.31,-26.52,89.34,-1.24,-147.06
15,23,0.19183,3.77,0.30,-27.74,90.00,-1.25,-148.15
15,24,0.20013,4.48,0.28,-28.72,85.29,-1.57,-118.01
15,25,0.20856,5.19,0.27,-29.69,84.06,-1.51,-115.94
15,26,0.21692,5.68,0.26,-30.31,58.39,-1.20,-73.72
15,27,0.22546,6.16,0.25,-30.93,57.14,-1.15,-72.14
15,28,0.23364,6.58,0.24,-31.40,51.12,-1.15,-58.21
15,29,0.24200,7.00,0.23,-31.88,50.00,-1.12,-56.93
15,30,0.25018,7.42,0.22,-32.35,51.12,-1.15,-58.21
15,31,0.25867,7.84,0.22,-32.83,49.28,-1.08,-56.12
15,32,0.26691,8.18,0.21,-33.18,41.48,-1.02,-42.59
15,33,0.27545,8.52,0.20,-33.53,40.00,-0.94,-41.07
15,34,0.28369,8.86,0.19,-33.88,41.48,-0.98,-42.59
15,35,0.29199,9.20,0.18,-34.23,41.18,-1.02,-42.28
15,36,0.30023,9.49,0.18,-34.50,34.44,-0.86,-32.22
15,37,0.30872,9.77,0.17,-34.77,33.45,-0.86,-31.29
15,38,0.31689,10.06,0.16,-35.03,34.70,-0.89,-32.46
15,39,0.32550,10.34,0.15,-35.30,32.98,-0.87,-30.85
15,40,0.33362,10.58,0.15,-35.50,29.70,-0.77,-25.56
15,41,0.34204,10.83,0.14,-35.70,29.71,-0.84,-23.19
15,42,0.35022,11.00,0.14,-35.82,20.90,-0.58,-15.30
15,43,0.35864,11.17,0.13,-35.95,20.29,-0.61,-14.86
15,44,0.36700,11.27,0.13,-36.00,11.68,-0.35,-6.20
15,45,0.37549,11.37,0.12,-36.05,11.51,-0.39,-6.12
15,46,0.38379,11.34,0.12,-35.96,-3.68,-0.00,10.66
15,47,0.39209,11.31,0.12,-35.87,-3.68,-0.05,11.03
15,48,0.40039,11.08,0.12,-35.34,-26.84,0.05,64.34
15,49,0.40869,10.86,0.12,-34.81,-26.84,0.08,64.34
15,50,0.41718,10.64,0.12,-34.27,-26.26,0.01,62.95
15,51,0.42560,10.42,0.12,-33.73,-26.45,0.04,63.77
15,52,0.43378,10.06,0.12,-32.80,-43.28,-0.09,114.18
15,53,0.44202,9.70,0.12,-31.87,-43.33,-0.07,113.33
15,54,0.45032,9.23,0.12,-30.73,-57.72,0.10,136.40
15,55,0.45886,8.75,0.13,-29.60,-56.07,0.17,132.50
15,56,0.46698,8.36,0.13,-28.78,-48.12,0.31,100.75
15,57,0.47565,7.97,0.13,-27.96,-45.07,0.30,94.72
15,58,0.48376,7.18,0.14,-26.49,-96.99,1.01,181.20
15,59,0.49207,6.40,0.15,-25.04,-93.75,0.95,175.37
15,60,0.50031,6.04,0.15,-24.39,-43.33,0.51,78.15
15,61,0.50873,5.68,0.15,-23.75,-42.75,0.48,76.81
15,62,0.51703,5.14,0.16,-22.91,-65.44,1.03,100.37
15,63,0.52563,4.59,0.17,-22.08,-63.48,1.01,96.81
15,64,0.53381,3.96,0.19,-21.38,-77.61,1.78,85.07
15,65,0.54218,3.33,0.20,-20.69,-75.55,1.76,82.48
15,66,0.55035,2.69,0.22,-20.27,-78.36,2.33,51.49
15,67,0.55878,2.04,0.24,-19.85,-76.09,2.31,49.64
15,68,0.56714,1.42,0.26,-19.58,-75.18,2.53,32.85
15,69,0.57556,0.79,0.28,-19.31,-74.28,2.50,32.25
15,70,0.58392,0.23,0.30,-19.19,-67.52,2.53,14.60
15,71,0.59216,-0.33,0.32,-19.07,-67.78,2.51,14.07
15,72,0.60034,-0.53,0.34,-19.42,-23.88,1.70,-42.54
15,73,0.60876,-0.72,0.35,-19.77,-22.46,1.58,-41.67
15,74,0.61707,-0.51,0.35,-20.26,25.00,-0.07,-58.82
15,75,0.62573,-0.28,0.35,-20.76,26.41,-0.13,-58.10
15,76,0.63385,1.42,0.30,-22.26,209.02,-5.52,-184.21
15,77,0.64215,3.06,0.26,-23.62,197.79,-5.40,-164.71
15,78,0.65039,4.70,0.19,-23.35,198.89,-8.66,33.70
15,79,0.65881,6.27,0.12,-22.98,186.96,-8.33,43.12
15,80,0.66718,6.52,0.07,-20.84,29.93,-5.39,255.84
15,81,0.67578,6.75,0.03,-18.60,26.60,-5.34,260.99
15,82,0.68396,6.54,-0.04,-14.19,-25.37,-7.71,538.81
15,83,0.69220,6.33,-0.10,-9.73,-25.56,-7.80,541.85
15,84,0.70044,6.08,-0.18,-4.06,-30.74,-9.95,688.15
15,85,0.70886,5.83,-0.26,1.64,-28.99,-9.82,675.72
15,86,0.71704,5.76,-0.36,7.76,-9.70,-11.83,749.25
15,87,0.72577,5.65,-0.46,13.94,-12.24,-11.03,708.04
15,88,0.73395,4.97,-0.55,21.17,-82.46,-11.04,883.96
15,89,0.74231,4.28,-0.64,28.35,-83.58,-10.58,858.76
15,90,0.75043,3.15,-0.68,34.16,-138.72,-5.99,715.41
15,91,0.75879,2.00,-0.73,40.02,-137.96,-5.78,700.36
15,92,0.76709,0.31,-0.78,46.83,-203.68,-5.09,820.96
15,93,0.77557,-1.40,-0.82,53.63,-200.72,-4.85,801.80
15,94,0.78369,-3.37,-0.61,60.20,-242.48,25.38,808.27
15,95,0.79224,-5.33,-0.48,66.71,-230.36,15.56,762.86
15,96,0.80042,-7.32,-0.30,72.39,-242.54,22.14,694.40
15,97,0.80872,-9.26,-0.12,77.93,-233.46,21.27,666.54
15,98,0.81720,-10.32,-0.03,80.66,-125.54,10.39,322.66
15,99,0.82568,-11.38,0.06,83.39,-124.82,10.33,320.86
15,100,0.83398,-12.34,0.13,85.79,-116.18,9.36,290.07
15,101,0.84229,-13.30,0.21,88.18,-115.07,9.29,287.87
15,102,0.85052,-14.11,0.28,90.20,-97.78,7.92,245.19
15,103,0.85895,-14.91,0.34,92.22,-95.65,7.74,239.86
15,104,0.86713,-15.72,0.41,94.24,-98.51,7.98,247.01
15,105,0.87573,-16.52,0.47,96.26,-93.62,7.57,234.75
15,106,0.88391,-17.33,0.54,98.28,-98.51,7.98,247.01
15,107,0.89221,-18.14,0.60,100.31,-97.43,7.86,243.75
15,108,0.90051,-18.98,0.67,102.43,-102.21,8.28,255.88
15,109,0.90930,-19.84,0.74,104.56,-96.88,7.82,242.36
15,110,0.91736,-20.77,0.81,106.88,-115.91,9.28,287.12
15,111,0.92584,-21.69,0.89,109.14,-107.91,8.64,267.27
15,112,0.93402,-22.66,0.96,111.52,-119.03,9.39,290.30
15,113,0.94232,-23.64,1.04,113.90,-118.01,9.29,287.13
15,114,0.95062,-24.69,1.12,116.42,-126.84,9.83,303.31
15,115,0.95898,-25.74,1.20,118.94,-125.91,9.77,301.09
15,116,0.96729,-26.80,1.29,121.45,-126.84,9.83,303.31
15,117,0.97577,-27.85,1.37,123.97,-124.10,9.61,296.76
15,118,0.98401,-28.90,1.45,126.49,-127.78,9.92,305.56
15,119,0.99255,-29.96,1.53,129.01,-123.21,9.55,294.64
15,120,1.00085,-31.02,1.61,131.54,-127.57,9.89,305.15
15,121,1.00903,-32.07,1.70,134.07,-129.48,10.04,309.70
15,122,1.01746,-33.13,1.78,136.61,-125.72,9.75,300.72
15,123,1.02600,-34.21,1.86,139.18,-126.07,9.76,301.07
15,124,1.03424,-35.49,1.96,142.25,-155.19,12.09,372.96
15,125,1.04248,-36.77,2.06,145.33,-155.56,12.13,374.07
15,126,1.05078,-38.09,2.16,148.53,-158.46,12.47,384.93
15,127,1.05927,-39.40,2.01,151.72,-155.04,-17.60,376.62
15,128,1.06757,-40.72,1.70,154.92,-158.46,-37.94,384.93
15,129,1.07605,-42.05,1.48,158.15,-156.83,-25.86,380.58
15,130,1.08429,-43.55,1.23,161.81,-182.59,-30.16,444.44
15,131,1.09259,-45.07,0.98,165.50,-182.72,-30.18,444.85
15,132,1.10089,-46.72,0.71,169.56,-198.90,-33.13,488.97
15,133,1.10931,-48.36,0.43,173.61,-195.29,-32.55,480.80
15,134,1.11755,-49.91,0.17,177.56,-188.15,-32.14,479.26
15,135,1.12622,-51.41,-0.09,181.34,-172.18,-29.35,436.27
15,136,1.13440,-52.18,-0.20,183.02,-94.03,-14.30,205.22
15,137,1.14270,-52.99,-0.33,184.77,-98.16,-14.74,210.66
15,138,1.15094,-54.39,-0.52,187.37,-170.37,-23.00,315.56
15,139,1.15930,-55.81,-0.70,189.95,-168.98,-22.55,308.76
15,140,1.16754,-57.32,-0.89,192.32,-183.33,-22.05,287.78
15,141,1.17603,-58.84,-1.07,194.68,-179.14,-21.38,278.42
15,142,1.18433,-60.47,-1.25,196.92,-196.69,-21.66,269.85
15,143,1.19269,-62.10,-1.43,199.16,-195.26,-21.47,267.88
15,144,1.20087,-63.74,-1.61,201.40,-199.63,-21.96,273.88
15,145,1.20935,-65.37,-1.79,203.65,-193.17,-21.23,264.75
15,146,1.21759,-67.09,-1.97,205.97,-208.15,-22.64,281.48
15,147,1.22626,-68.91,-2.17,208.33,-209.51,-22.24,271.83
15,148,1.23431,-71.97,-2.43,211.16,-380.68,-33.01,351.52
15,149,1.24268,-75.12,-2.70,214.01,-376.64,-32.28,341.24
15,150,1.25098,-79.29,-3.03,217.16,-502.21,-39.11,379.04
15,151,1.25934,-83.42,-3.07,220.30,-493.80,-4.93,376.28
15,152,1.26764,-87.03,-3.16,223.43,-435.29,-11.15,376.84
15,153,1.27612,-90.62,-3.26,226.66,-422.66,-11.49,380.58
15,154,1.28436,-93.84,-3.42,231.12,-391.48,-19.35,541.48
15,155,1.29272,-97.06,-3.58,235.61,-384.67,-19.25,537.23
15,156,1.30090,-100.16,-3.76,240.46,-379.48,-21.87,592.54
15,157,1.30939,-103.18,-3.93,245.18,-355.04,-20.57,556.47
15,158,1.31769,-105.04,-4.05,248.31,-224.26,-14.17,377.21
15,159,1.32623,-106.92,-4.17,251.46,-219.64,-13.82,368.57
15,160,1.33447,-108.97,-4.29,254.82,-249.63,-15.19,407.41
15,161,1.34283,-111.05,-4.42,258.19,-248.91,-15.01,403.28
15,162,1.35101,-113.35,-4.54,261.62,-280.60,-15.32,419.40
15,163,1.35962,-115.66,-4.67,265.06,-268.44,-14.56,399.65
15,164,1.36774,-118.17,-4.80,268.60,-309.40,-15.68,436.47
15,165,1.37628,-120.69,-4.92,272.14,-295.00,-14.85,413.57
15,166,1.38452,-123.31,-5.04,275.56,-317.78,-14.56,414.81
15,167,1.39288,-125.94,-5.16,278.98,-314.60,-14.36,409.49
15,168,1.40106,-128.71,-5.28,282.46,-338.43,-14.81,426.12
15,169,1.40955,-131.45,-5.40,285.93,-323.02,-14.20,408.99
15,170,1.41797,-133.87,-5.52,289.19,-287.68,-13.71,386.59
15,171,1.42621,-136.23,-5.63,292.40,-286.30,-13.87,390.00
15,172,1.43457,-137.82,-5.74,295.13,-190.15,-12.31,325.91
15,173,1.44293,-139.34,-5.84,297.81,-181.39,-12.14,320.07
15,174,1.45117,-139.98,-5.93,299.90,-78.15,-10.58,254.07
15,175,1.45959,-140.58,-6.01,301.96,-70.65,-10.25,244.57
15,176,1.46790,-140.62,-6.09,303.65,-4.78,-9.31,204.04
15,177,1.47644,-140.61,-6.17,305.34,0.71,-9.07,197.14
15,178,1.48468,-140.04,-6.25,306.93,68.89,-9.90,193.70
15,179,1.49298,-139.43,-6.33,308.55,74.26,-10.03,195.22
15,180,1.50122,-138.34,-6.43,310.31,132.22,-11.68,212.59
15,181,1.50970,-137.23,-6.53,312.08,130.58,-11.51,209.71
15,182,1.51801,-135.94,-6.64,314.15,154.78,-13.64,248.90
15,183,1.52649,-134.62,-6.75,316.25,156.47,-13.60,247.12
15,184,1.53467,-132.82,-6.89,318.68,219.40,-16.83,297.76
15,185,1.54297,-130.98,-7.03,321.12,222.06,-16.63,293.38
15,186,1.55133,-128.59,-7.18,323.62,286.13,-17.85,299.27
15,187,1.55988,-126.19,-7.33,326.10,280.00,-17.34,290.36
15,188,1.56799,-123.77,-7.47,328.39,298.87,-17.25,282.33
15,189,1.57642,-121.47,-7.60,330.57,273.19,-15.78,258.33
15,190,1.58472,-119.74,-7.70,332.21,208.46,-12.08,198.16
15,191,1.59308,-118.12,-7.79,333.76,193.07,-11.28,185.04
15,192,1.60132,-117.40,-7.84,334.56,87.04,-5.66,96.30
15,193,1.60968,-116.76,-7.88,335.27,77.01,-5.05,85.77
15,194,1.61798,-116.70,-7.89,335.41,7.72,-0.86,16.18
16,0,0.00000,0.00,0.00,0.00,-3.28,0.57,-17.52
16,1,0.00836,-0.03,0.00,-0.15,-3.28,0.57,-17.52
16,2,0.01672,0.00,0.02,-0.52,3.65,1.62,-44.16
16,3,0.02509,0.03,0.03,-0.89,3.65,1.60,-44.16
16,4,0.03333,0.21,0.05,-1.44,21.85,2.71,-67.41
16,5,0.04163,0.39,0.08,-2.00,21.69,2.66,-66.91
16,6,0.05005,0.67,0.11,-2.73,33.33,3.55,-86.59
16,7,0.05847,0.96,0.14,-3.45,33.33,3.54,-86.59
16,8,0.06659,1.32,0.17,-4.35,45.49,4.58,-110.90
16,9,0.07507,1.69,0.21,-5.26,43.53,4.37,-106.12
16,10,0.08337,2.17,0.25,-6.30,57.35,5.27,-125.37
16,11,0.09180,2.65,0.30,-7.34,56.52,5.17,-123.55
16,12,0.10010,3.12,0.34,-8.38,57.72,5.28,-125.37
16,13,0.10846,3.60,0.38,-9.42,56.93,5.21,-124.45
16,14,0.11676,4.16,0.43,-10.50,66.91,5.59,-130.51
16,15,0.12524,4.71,0.48,-11.59,65.83,5.47,-128.06
16,16,0.13336,5.86,0.57,-13.60,140.98,10.83,-248.50
16,17,0.14172,7.00,0.65,-15.61,136.50,10.47,-240.15
16,18,0.14996,8.65,0.75,-17.72,200.00,11.96,-256.30
16,19,0.15839,10.30,0.85,-19.83,195.65,11.64,-249.64
16,20,0.16693,11.61,0.90,-20.85,154.29,6.47,-119.64
16,21,0.17517,12.95,0.96,-21.88,161.85,6.79,-125.56
16,22,0.18341,14.14,1.01,-22.67,145.19,5.47,-95.19
16,23,0.19171,15.34,1.05,-23.45,143.75,5.41,-94.12
16,24,0.20020,16.40,1.09,-24.03,124.82,4.21,-68.35
16,25,0.20844,17.47,1.12,-24.62,130.00,4.42,-71.11
16,26,0.21686,18.17,1.15,-24.96,83.70,2.68,-41.30
16,27,0.22528,18.87,1.17,-25.31,82.97,2.63,-40.58
16,28,0.23352,19.45,1.19,-25.56,70.74,2.10,-30.37
16,29,0.24170,20.04,1.20,-25.81,71.27,2.12,-30.60
16,30,0.25018,20.62,1.22,-26.06,68.71,2.03,-29.50
16,31,0.25842,21.20,1.24,-26.30,70.00,2.05,-29.63
16,32,0.26691,21.66,1.25,-26.47,54.32,1.51,-19.78
16,33,0.27515,22.12,1.26,-26.64,55.93,1.53,-20.37
16,34,0.28357,22.58,1.27,-26.80,54.71,1.49,-19.93
16,35,0.29193,23.03,1.29,-26.97,54.38,1.49,-19.71
16,36,0.30017,23.41,1.30,-27.09,45.19,1.16,-14.44
16,37,0.30841,23.78,1.31,-27.21,45.19,1.16,-14.44
16,38,0.31696,24.15,1.32,-27.33,43.57,1.13,-13.93
16,39,0.32526,24.52,1.33,-27.44,44.12,1.13,-13.97
16,40,0.33356,24.83,1.33,-27.53,37.13,0.92,-10.29
16,41,0.34180,25.13,1.34,-27.62,36.30,0.95,-11.85
16,42,0.35016,25.33,1.35,-27.70,24.09,0.66,-8.76
16,43,0.35852,25.52,1.35,-27.78,22.99,0.65,-9.49
16,44,0.36707,25.62,1.35,-27.81,12.14,0.33,-3.93
16,45,0.37537,25.72,1.36,-27.84,11.40,0.29,-3.68
16,46,0.38354,25.68,1.35,-27.76,-4.85,-0.43,10.45
16,47,0.39191,25.63,1.35,-27.65,-6.20,-0.54,12.77
16,48,0.40021,25.34,1.33,-27.15,-34.19,-2.64,60.66
16,49,0.40851,25.06,1.30,-26.64,-34.19,-2.63,60.66
16,50,0.41693,24.77,1.28,-26.14,-33.70,-2.59,59.78
16,51,0.42529,24.48,1.26,-25.61,-35.04,-2.72,62.77
16,52,0.43359,24.02,1.22,-24.73,-55.88,-4.57,106.62
16,53,0.44189,23.54,1.18,-23.83,-56.99,-4.65,107.72
16,54,0.45026,22.93,1.14,-22.77,-72.99,-5.56,127.74
16,55,0.45856,22.33,1.09,-21.71,-72.79,-5.55,126.84
16,56,0.46686,21.85,1.06,-20.95,-58.09,-4.11,92.28
16,57,0.47522,21.34,1.02,-20.15,-60.58,-4.23,95.26
16,58,0.48370,20.39,0.96,-18.79,-112.23,-7.32,160.43
16,59,0.49213,19.46,0.90,-17.47,-109.78,-7.14,156.88
16,60,0.50098,19.03,0.87,-16.87,-48.97,-3.07,67.59
16,61,0.50861,18.56,0.84,-16.23,-62.00,-3.88,84.40
16,62,0.51715,17.92,0.81,-15.46,-75.00,-4.24,89.29
16,63,0.52533,17.27,0.77,-14.72,-79.10,-4.38,91.42
16,64,0.53363,16.56,0.74,-14.10,-85.66,-3.85,73.90
16,65,0.54199,15.85,0.71,-13.52,-84.67,-3.71,70.07
16,66,0.55029,15.16,0.69,-13.18,-82.72,-2.65,40.81
16,67,0.55859,14.48,0.66,-12.85,-82.35,-2.60,39.34
16,68,0.56708,13.82,0.65,-12.65,-77.34,-1.94,23.38
16,69,0.57544,13.18,0.63,-12.47,-77.37,-1.90,21.90
16,70,0.58368,12.60,0.62,-12.41,-69.63,-1.25,6.67
16,71,0.59204,12.07,0.61,-12.40,-63.50,-0.97,1.46
16,72,0.60034,11.92,0.62,-12.77,-18.38,1.31,-44.49
16,73,0.60870,11.81,0.64,-13.15,-13.14,1.40,-45.26
16,74,0.61707,12.08,0.66,-13.61,31.75,2.40,-55.11
16,75,0.62549,12.49,0.68,-14.15,49.64,2.99,-63.77
16,76,0.63373,14.30,0.75,-15.39,218.89,8.50,-150.74
16,77,0.64203,16.08,0.82,-16.46,214.71,7.69,-129.41
16,78,0.65033,17.68,0.82,-15.99,192.28,0.78,56.62
16,79,0.65869,19.11,0.82,-15.36,171.90,-0.19,76.28
16,80,0.66711,19.10,0.74,-13.20,-1.09,-9.06,255.80
16,81,0.67548,19.02,0.66,-10.83,-9.49,-10.12,283.58
16,82,0.68372,18.29,0.49,-6.48,-88.89,-19.96,528.15
16,83,0.69208,17.54,0.33,-2.01,-89.78,-20.19,535.04
16,84,0.70038,16.61,0.11,3.59,-111.76,-25.44,674.63
16,85,0.70886,15.70,-0.10,9.24,-107.91,-25.06,665.47
16,86,0.71729,14.89,-0.32,15.32,-96.01,-26.85,721.38
16,87,0.72571,14.01,-0.56,21.49,-104.35,-27.41,733.33
16,88,0.73395,12.48,-0.83,28.59,-185.56,-33.12,861.48
16,89,0.74225,10.93,-1.10,35.54,-187.50,-32.30,837.50
16,90,0.75055,9.12,-1.32,41.17,-218.01,-27.13,678.31
16,91,0.75885,7.24,-1.55,46.90,-226.10,-27.63,689.71
16,92,0.76727,4.75,-1.82,53.46,-295.65,-31.80,779.35
16,93,0.77557,2.23,-2.09,60.00,-302.94,-32.21,787.50
16,94,0.78381,-0.50,-2.35,66.28,-332.22,-31.74,762.22
16,95,0.79211,-3.23,-2.61,72.47,-328.68,-31.12,745.96
16,96,0.80060,-5.88,-2.83,77.87,-311.87,-27.00,636.69
16,97,0.80884,-8.40,-3.05,83.00,-305.93,-26.39,621.85
16,98,0.81781,-9.78,-3.16,85.59,-154.08,-12.44,288.78
16,99,0.82629,-11.18,-3.28,88.19,-164.39,-13.23,306.83
16,100,0.83459,-12.43,-3.38,90.48,-150.74,-11.94,275.74
16,101,0.84241,-13.64,-3.47,92.71,-155.86,-12.34,285.55
16,102,0.85071,-14.69,-3.55,94.62,-125.37,-9.94,229.78
16,103,0.85901,-15.73,-3.64,96.53,-125.37,-9.94,229.78
16,104,0.86743,-16.77,-3.72,98.43,-123.55,-9.78,226.45
16,105,0.87634,-17.81,-3.80,100.34,-116.78,-9.25,214.04
16,106,0.88458,-18.86,-3.89,102.28,-128.15,-10.15,234.81
16,107,0.89240,-19.91,-3.89,104.20,-134.38,-0.64,246.09
16,108,0.90082,-21.01,-4.01,106.21,-130.07,-14.20,238.41
16,109,0.90906,-22.11,-4.13,108.23,-134.07,-15.19,245.93
16,110,0.91754,-23.29,-4.28,110.37,-138.49,-17.11,251.80
16,111,0.92651,-24.47,-4.44,112.52,-131.97,-18.04,239.80
16,112,0.93488,-25.75,-4.60,114.82,-153.28,-18.79,274.82
16,113,0.94257,-27.02,-4.75,117.08,-164.29,-20.15,294.44
16,114,0.95087,-28.36,-4.92,119.46,-162.13,-19.67,286.03
16,115,0.95911,-29.71,-5.08,121.83,-163.33,-19.84,288.15
16,116,0.96753,-31.05,-5.24,124.21,-159.78,-19.43,281.88
16,117,0.97607,-32.40,-5.41,126.58,-157.50,-19.11,277.86
16,118,0.98438,-33.75,-5.57,128.96,-162.13,-19.69,286.03
16,119,0.99219,-35.09,-5.73,131.33,-172.27,-20.92,303.91
16,120,1.00049,-36.45,-5.90,133.72,-163.24,-19.85,287.87
16,121,1.00885,-37.80,-6.06,136.11,-162.04,-19.68,285.77
16,122,1.01740,-39.16,-6.23,138.50,-158.57,-19.26,279.64
16,123,1.02606,-40.56,-6.40,140.97,-161.62,-19.62,285.21
16,124,1.03442,-42.19,-6.60,143.87,-195.62,-23.82,346.72
16,125,1.04230,-43.84,-6.80,146.79,-208.53,-25.43,370.54
16,126,1.05060,-45.52,-7.00,149.80,-203.31,-24.85,363.24
16,127,1.05896,-47.21,-7.21,152.82,-201.82,-24.70,360.58
16,128,1.06750,-48.90,-7.42,155.83,-197.50,-24.17,352.86
16,129,1.07617,-50.63,-7.63,158.92,-199.30,-24.42,356.34
16,130,1.08453,-52.56,-7.87,162.38,-231.02,-28.29,413.50
16,131,1.09253,-54.52,-8.11,165.90,-245.42,-30.09,440.08
16,132,1.10077,-56.64,-8.37,169.73,-257.78,-31.73,465.19
16,133,1.10919,-58.75,-8.63,173.55,-250.00,-30.84,453.26
16,134,1.11749,-60.76,-8.88,177.29,-242.28,-30.35,450.37
16,135,1.12646,-62.60,-9.11,180.67,-204.76,-25.49,376.87
16,136,1.13470,-63.56,-9.22,182.24,-117.04,-13.60,191.11
16,137,1.14258,-64.65,-9.34,183.96,-137.98,-15.73,217.83
16,138,1.15094,-66.35,-9.53,186.37,-203.65,-21.90,288.69
16,139,1.15918,-68.07,-9.71,188.75,-208.15,-22.13,288.15
16,140,1.16791,-69.85,-9.79,190.92,-204.20,-8.93,249.30
16,141,1.17645,-71.65,-9.87,193.07,-210.36,-10.25,251.79
16,142,1.18481,-73.55,-9.96,195.12,-227.37,-10.42,244.53
16,143,1.19324,-75.45,-10.05,197.16,-225.72,-10.36,243.12
16,144,1.20068,-77.33,-10.14,199.19,-253.28,-11.61,272.54
16,145,1.20917,-79.24,-10.22,201.24,-224.46,-10.27,240.65
16,146,1.21735,-81.22,-10.31,203.33,-242.16,-11.01,256.34
16,147,1.22632,-83.45,-10.41,205.49,-248.98,-10.76,240.82
16,148,1.23468,-86.83,-10.54,207.94,-404.38,-15.10,292.34
16,149,1.24304,-90.44,-10.67,210.42,-431.39,-15.76,297.45
16,150,1.25104,-94.96,-10.82,213.05,-564.50,-19.20,328.63
16,151,1.25909,-99.37,-10.97,215.69,-547.73,-18.81,327.27
16,152,1.26746,-103.33,-11.12,218.37,-473.72,-17.16,320.07
16,153,1.27637,-107.25,-11.26,221.30,-439.73,-16.69,328.77
16,154,1.28473,-110.98,-11.44,225.34,-446.72,-20.57,483.94
16,155,1.29315,-114.70,-11.61,229.46,-441.67,-20.58,489.13
16,156,1.30090,-118.36,-11.79,233.91,-472.05,-23.22,573.23
16,157,1.30920,-121.75,-11.96,238.06,-408.46,-20.18,500.37
16,158,1.31738,-123.97,-12.07,240.95,-271.64,-13.93,352.99
16,159,1.32642,-126.24,-12.19,243.87,-250.68,-12.78,323.65
16,160,1.33417,-128.68,-12.31,246.96,-315.35,-15.89,398.43
16,161,1.34247,-131.17,-12.43,250.05,-299.63,-14.95,373.16
16,162,1.35089,-133.86,-12.56,253.19,-318.84,-15.32,371.74
16,163,1.35925,-136.58,-12.69,256.34,-326.28,-15.58,376.64
16,164,1.36774,-139.50,-12.83,259.56,-343.88,-15.99,379.50
16,165,1.37622,-142.43,-12.96,262.75,-345.68,-15.96,376.62
16,166,1.38434,-145.44,-13.10,265.83,-370.68,-16.54,379.70
16,167,1.39270,-148.52,-13.24,268.96,-367.88,-16.34,374.09
16,168,1.40118,-151.68,-13.37,272.09,-372.66,-16.34,369.06
16,169,1.40961,-154.77,-13.51,275.19,-367.03,-16.16,367.39
16,170,1.41791,-157.57,-13.64,278.13,-336.76,-15.25,354.41
16,171,1.42621,-160.19,-13.76,280.99,-315.44,-14.57,344.49
16,172,1.43445,-162.09,-13.86,283.51,-231.11,-11.97,305.56
16,173,1.44275,-163.79,-13.95,285.92,-205.15,-11.09,290.81
16,174,1.45117,-164.68,-13.74,287.92,-105.43,24.79,237.68
16,175,1.45941,-165.44,-13.58,289.86,-92.22,19.45,235.19
16,176,1.46783,-165.68,-13.41,291.53,-28.62,20.08,198.91
16,177,1.47632,-165.81,-13.24,293.21,-14.39,19.83,197.12
16,178,1.48511,-165.43,-13.08,294.85,42.36,18.23,187.50
16,179,1.49341,-164.96,-12.92,296.55,56.62,19.67,204.04
16,180,1.50116,-164.09,-12.74,298.42,112.60,22.81,241.34
16,181,1.50946,-163.18,-12.56,300.35,109.19,21.98,233.09
16,182,1.51788,-162.16,-12.35,302.56,122.10,24.69,261.59
16,183,1.52625,-161.04,-12.14,304.84,133.94,25.77,273.36
16,184,1.53522,-159.55,-11.89,307.46,165.31,27.27,292.18
16,185,1.54346,-157.94,-11.64,310.13,195.56,29.95,323.33
16,186,1.55115,-155.85,-11.39,312.92,271.83,33.11,362.70
16,187,1.55963,-153.77,-11.14,315.63,245.32,29.11,320.14
16,188,1.56787,-151.68,-10.92,318.15,253.70,27.57,304.81
16,189,1.57678,-149.71,-10.70,320.52,221.23,23.99,266.10
16,190,1.58514,-148.18,-10.56,322.36,182.12,16.68,220.07
16,191,1.59351,-146.85,-10.53,323.99,159.49,4.34,195.62
16,192,1.60126,-146.23,-10.54,324.87,79.92,-2.02,112.60
16,193,1.60944,-145.73,-10.55,325.58,61.19,-1.38,87.69
16,194,1.61792,-145.68,-10.56,325.72,5.76,-0.88,16.55
17,0,0.00000,0.00,0.00,0.00,12.77,-0.25,12.41
17,1,0.00830,0.11,-0.00,0.10,12.87,-0.25,12.50
17,2,0.01678,0.30,-0.01,0.42,22.30,-1.00,37.77
17,3,0.02509,0.49,-0.02,0.74,22.79,-1.06,38.60
17,4,0.03333,0.66,-0.04,1.30,21.11,-2.07,67.78
17,5,0.04169,0.83,-0.05,1.86,20.80,-2.05,66.79
17,6,0.05017,1.03,-0.08,2.62,22.66,-2.83,89.21
17,7,0.05841,1.22,-0.10,3.38,23.33,-2.91,91.85
17,8,0.06683,1.44,-0.13,4.32,26.09,-3.60,112.68
17,9,0.07507,1.66,-0.16,5.27,26.67,-3.67,115.19
17,10,0.08344,1.87,-0.20,6.40,25.18,-4.39,134.31
17,11,0.09180,2.08,-0.24,7.52,25.18,-4.36,134.31
17,12,0.10010,2.29,-0.27,8.64,25.37,-4.41,135.29
17,13,0.10852,2.50,-0.31,9.77,25.00,-4.36,133.33
17,14,0.11676,2.67,-0.35,10.97,20.74,-4.87,146.30
17,15,0.12500,2.84,-0.39,12.18,20.74,-4.87,146.30
17,16,0.13336,3.07,-0.47,14.47,27.37,-9.28,274.45
17,17,0.14178,3.30,-0.54,16.77,27.17,-9.22,272.46
17,18,0.15015,3.17,-0.64,19.44,-15.33,-11.52,320.07
17,19,0.15851,3.04,-0.74,22.12,-15.33,-11.54,320.07
17,20,0.16675,2.56,-0.80,23.72,-58.89,-7.69,193.70
17,21,0.17511,2.07,-0.86,25.31,-58.03,-7.57,190.88
17,22,0.18347,1.55,-0.92,26.64,-62.41,-6.53,159.12
17,23,0.19183,1.03,-0.97,27.98,-62.77,-6.56,159.85
17,24,0.20032,0.49,-1.02,29.06,-62.59,-5.41,128.06
17,25,0.20856,-0.04,-1.06,30.15,-64.44,-5.59,131.48
17,26,0.21686,-0.41,-1.09,30.84,-45.22,-3.61,83.46
17,27,0.22516,-0.79,-1.12,31.53,-45.22,-3.59,83.09
17,28,0.23346,-1.12,-1.15,32.07,-39.71,-2.86,65.07
17,29,0.24194,-1.45,-1.17,32.61,-39.21,-2.82,63.67
17,30,0.25031,-1.78,-1.20,33.15,-39.78,-2.85,64.60
17,31,0.25861,-2.11,-1.22,33.69,-39.71,-2.86,64.71
17,32,0.26678,-2.39,-1.24,34.09,-34.33,-2.28,49.63
17,33,0.27515,-2.67,-1.26,34.50,-33.21,-2.19,48.18
17,34,0.28345,-2.95,-1.28,34.90,-33.46,-2.20,48.90
17,35,0.29187,-3.23,-1.29,35.31,-32.97,-2.17,47.83
17,36,0.30023,-3.46,-1.31,35.62,-28.10,-1.73,37.23
17,37,0.30859,-3.70,-1.32,35.93,-28.47,-1.72,37.59
17,38,0.31702,-3.93,-1.34,36.24,-27.90,-1.71,36.96
17,39,0.32538,-4.17,-1.35,36.55,-28.10,-1.71,36.86
17,40,0.33356,-4.37,-1.36,36.80,-24.63,-1.42,30.22
17,41,0.34198,-4.56,-1.37,37.05,-22.46,-1.40,30.07
17,42,0.35040,-4.68,-1.38,37.23,-14.49,-0.94,20.65
17,43,0.35876,-4.79,-1.39,37.40,-13.50,-0.93,21.17
17,44,0.36688,-4.86,-1.39,37.49,-8.27,-0.49,10.90
17,45,0.37537,-4.92,-1.40,37.58,-7.19,-0.47,10.07
17,46,0.38361,-4.94,-1.40,37.48,-2.59,0.36,-11.11
17,47,0.39197,-4.97,-1.39,37.38,-3.28,0.39,-12.41
17,48,0.40045,-5.11,-1.37,36.82,-16.19,2.09,-66.19
17,49,0.40881,-5.28,-1.36,36.26,-20.07,2.06,-66.42
17,50,0.41699,-5.47,-1.34,35.71,-24.25,2.05,-67.91
17,51,0.42523,-5.71,-1.32,35.16,-28.15,1.96,-67.04
17,52,0.43365,-6.16,-1.30,34.27,-53.99,2.93,-105.43
17,53,0.44196,-6.67,-1.28,33.39,-60.66,2.85,-105.51
17,54,0.45032,-7.29,-1.25,32.33,-75.18,3.38,-126.64
17,55,0.45868,-7.97,-1.22,31.32,-80.29,3.11,-121.17
17,56,0.46710,-8.47,-1.20,30.57,-60.14,2.29,-89.13
17,57,0.47540,-9.03,-1.18,29.81,-67.65,2.20,-91.18
17,58,0.48370,-10.03,-1.15,28.49,-120.22,3.89,-159.56
17,59,0.49194,-11.07,-1.12,27.25,-125.56,3.49,-150.37
17,60,0.50037,-11.56,-1.11,26.70,-58.33,1.46,-65.22
17,61,0.50867,-12.08,-1.10,26.16,-63.24,1.35,-64.71
17,62,0.51709,-12.77,-1.08,25.44,-81.16,1.85,-85.87
17,63,0.52545,-13.48,-1.07,24.75,-85.40,1.67,-82.48
17,64,0.53363,-14.08,-1.05,24.03,-73.88,2.05,-88.06
17,65,0.54205,-14.71,-1.04,23.34,-74.28,1.80,-81.52
17,66,0.55035,-15.11,-1.02,22.69,-47.79,2.09,-79.04
17,67,0.55865,-15.53,-1.00,22.05,-51.10,1.95,-76.47
17,68,0.56708,-15.84,-0.99,21.44,-37.32,2.01,-72.10
17,69,0.57544,-16.18,-0.97,20.86,-40.15,1.90,-70.44
17,70,0.58362,-16.39,-0.96,20.32,-26.12,1.93,-65.30
17,71,0.59204,-16.61,-0.94,19.81,-25.36,1.79,-60.87
17,72,0.61285,-15.57,-0.91,19.23,49.71,1.71,-27.86
17,73,0.62128,-15.03,-0.90,19.23,64.13,0.93,-0.36
17,74,0.62946,-13.00,-0.90,20.05,248.13,0.08,100.37
17,75,0.63776,-10.94,-0.89,20.77,248.16,0.52,87.13
17,76,0.64612,-10.30,-0.94,22.31,77.01,-5.36,183.58
17,77,0.65454,-9.59,-0.98,23.81,83.70,-5.07,178.26
17,78,0.66266,-11.13,-1.06,25.32,-188.72,-9.34,186.47
17,79,0.67133,-12.59,-1.13,26.92,-169.01,-8.95,184.15
17,80,0.67950,-15.92,-1.28,29.82,-406.72,-18.42,354.48
17,81,0.68823,-19.10,-1.44,32.88,-364.69,-17.71,351.40
17,82,0.69647,-22.98,-1.64,37.03,-470.37,-24.59,503.33
17,83,0.70441,-26.64,-1.85,41.37,-461.92,-26.03,546.54
17,84,0.71307,-30.20,-2.08,46.36,-410.92,-26.30,575.70
17,85,0.72125,-33.52,-2.31,51.52,-405.22,-28.17,631.34
17,86,0.72961,-37.62,-2.58,57.51,-490.15,-32.43,716.79
17,87,0.73785,-41.41,-2.85,63.70,-460.37,-33.18,750.37
17,88,0.74622,-44.74,-3.07,68.58,-398.54,-26.42,584.31
17,89,0.75446,-47.83,-3.29,73.63,-374.81,-27.09,612.96
17,90,0.76288,-51.50,-3.56,79.62,-435.87,-31.41,710.51
17,91,0.77136,-54.87,-3.83,85.78,-397.12,-31.40,725.90
17,92,0.77948,-58.15,-4.09,91.79,-403.38,-32.03,741.35
17,93,0.78790,-61.11,-4.35,97.96,-352.54,-30.97,732.25
17,94,0.79620,-63.69,-4.58,103.40,-310.66,-27.64,654.78
17,95,0.80457,-66.16,-4.80,108.87,-294.89,-27.37,654.01
17,96,0.81287,-67.46,-4.92,111.50,-156.62,-13.49,317.28
17,97,0.82166,-68.76,-5.03,114.13,-147.92,-12.73,299.65
17,98,0.82953,-69.93,-5.13,116.45,-148.84,-12.53,294.19
17,99,0.83795,-71.10,-5.23,118.76,-138.77,-11.73,274.64
17,100,0.84619,-72.08,-5.31,120.70,-118.89,-10.02,235.56
17,101,0.85455,-73.06,-5.39,122.64,-117.15,-9.91,232.12
17,102,0.86298,-74.04,-5.47,124.58,-116.30,-9.82,230.43
17,103,0.87109,-75.02,-5.49,126.53,-120.68,-2.09,239.10
17,104,0.87964,-76.00,-5.61,128.47,-114.64,-13.34,227.14
17,105,0.88788,-76.98,-5.72,130.41,-118.89,-13.81,235.56
17,106,0.89618,-78.01,-5.85,132.45,-123.90,-15.91,245.96
17,107,0.90442,-79.04,-6.00,134.49,-125.19,-17.93,248.15
17,108,0.91272,-80.14,-6.14,136.67,-133.09,-17.25,261.76
17,109,0.92133,-81.25,-6.29,138.84,-128.37,-16.64,252.48
17,110,0.92975,-82.42,-6.44,141.12,-139.86,-17.93,270.65
17,111,0.93823,-83.60,-6.59,143.40,-138.85,-17.80,268.71
17,112,0.94684,-84.87,-6.75,145.81,-147.16,-18.71,280.50
17,113,0.95538,-86.14,-6.91,148.23,-148.21,-18.84,282.50
17,114,0.96356,-87.40,-7.07,150.64,-154.85,-19.69,295.15
17,115,0.97131,-88.67,-7.23,153.05,-163.39,-20.75,311.42
17,116,0.97949,-89.94,-7.39,155.47,-154.85,-19.71,295.15
17,117,0.98798,-91.20,-7.55,157.88,-149.28,-18.96,284.53
17,118,0.99615,-92.48,-7.72,160.31,-155.97,-19.84,297.01
17,119,1.00452,-93.75,-7.88,162.74,-152.55,-19.41,290.51
17,120,1.01288,-95.03,-8.04,165.17,-152.55,-19.36,290.51
17,121,1.02161,-96.35,-8.21,167.69,-151.75,-19.27,289.16
17,122,1.02985,-97.89,-8.40,170.64,-187.04,-23.83,357.78
17,123,1.03809,-99.44,-8.50,173.60,-187.41,-11.30,358.52
17,124,1.04657,-101.03,-8.60,176.66,-187.41,-12.44,361.51
17,125,1.05481,-102.62,-8.71,179.73,-192.96,-12.81,372.22
17,126,1.06305,-104.21,-8.81,182.80,-192.96,-12.80,372.22
17,127,1.07172,-105.81,-8.92,185.88,-184.51,-12.24,355.63
17,128,1.07990,-107.63,-9.04,189.40,-222.39,-14.78,430.22
17,129,1.08844,-109.45,-9.16,192.93,-213.93,-14.21,413.21
17,130,1.09637,-111.45,-9.30,196.83,-251.92,-16.85,491.54
17,131,1.10468,-113.45,-9.43,200.72,-240.44,-16.08,469.12
17,132,1.11310,-115.35,-9.56,204.56,-226.09,-15.46,455.07
17,133,1.12158,-117.20,-9.69,208.26,-217.63,-14.84,436.33
17,134,1.12982,-118.11,-9.74,209.86,-110.74,-6.89,194.81
17,135,1.13818,-119.06,-9.80,211.51,-113.14,-6.98,196.72
17,136,1.14679,-120.68,-9.89,213.98,-189.01,-10.67,286.88
17,137,1.15472,-122.31,-9.98,216.43,-205.38,-11.55,309.62
17,138,1.16309,-124.02,-10.02,218.66,-204.38,-4.58,266.79
17,139,1.17151,-125.74,-9.78,220.89,-203.62,28.62,264.13
17,140,1.17999,-127.56,-9.55,222.98,-214.75,26.99,246.04
17,141,1.18823,-129.38,-9.32,225.06,-221.11,27.75,253.33
17,142,1.19672,-131.20,-9.10,227.15,-214.75,26.95,246.04
17,143,1.20483,-133.03,-8.87,229.24,-224.81,28.20,257.52
17,144,1.21295,-134.94,-8.71,231.40,-235.71,19.37,266.17
17,145,1.22180,-136.92,-8.69,233.58,-223.10,2.06,245.86
17,146,1.22992,-140.22,-8.78,236.13,-406.77,-11.05,314.29
17,147,1.23816,-143.57,-9.05,238.69,-407.04,-32.17,311.11
17,148,1.24695,-148.00,-9.30,241.46,-503.82,-29.29,315.28
17,149,1.25500,-152.40,-9.54,244.24,-546.59,-28.91,344.32
17,150,1.26343,-156.28,-9.77,247.04,-459.78,-28.08,332.61
17,151,1.27173,-160.14,-10.01,249.90,-465.07,-29.20,344.85
17,152,1.28009,-163.74,-10.37,254.07,-431.02,-42.79,498.18
17,153,1.28839,-167.34,-10.73,258.25,-433.82,-43.32,503.68
17,154,1.29657,-170.86,-11.13,262.81,-429.85,-48.06,557.46
17,155,1.30493,-174.31,-11.47,267.29,-412.77,-40.68,536.50
17,156,1.31323,-176.44,-11.64,270.25,-256.62,-21.01,356.25
17,157,1.32190,-178.63,-11.82,273.29,-252.82,-20.66,350.70
17,158,1.33032,-180.98,-12.01,276.46,-278.26,-22.20,375.72
17,159,1.33838,-183.33,-12.19,279.62,-292.80,-23.24,393.18
17,160,1.34711,-185.92,-12.38,282.84,-296.15,-21.88,368.53
17,161,1.35504,-188.52,-12.58,286.06,-327.69,-24.10,406.15
17,162,1.36328,-191.33,-12.77,289.37,-341.11,-23.95,401.85
17,163,1.37189,-194.15,-12.97,292.68,-327.30,-22.86,383.69
17,164,1.38037,-197.06,-13.16,295.85,-342.81,-22.44,374.46
17,165,1.38855,-199.97,-13.35,299.03,-356.72,-23.28,388.81
17,166,1.39703,-203.03,-13.54,302.26,-360.79,-22.87,380.94
17,167,1.40515,-206.07,-13.74,305.48,-374.06,-23.81,396.24
17,168,1.41364,-208.77,-13.92,308.51,-317.99,-21.36,357.19
17,169,1.42200,-211.41,-14.10,311.51,-315.69,-21.44,358.76
17,170,1.43030,-213.23,-14.25,314.09,-219.49,-18.27,310.29
17,171,1.43829,-214.98,-14.40,316.63,-219.47,-18.69,317.56
17,172,1.44672,-215.81,-14.52,318.66,-97.83,-13.82,240.94
17,173,1.45514,-216.59,-14.63,320.66,-92.39,-13.67,238.04
17,174,1.46350,-216.78,-14.73,322.34,-22.63,-11.28,201.46
17,175,1.47241,-216.92,-14.82,324.05,-15.75,-10.67,191.10
17,176,1.48053,-216.49,-14.91,325.68,52.26,-10.94,201.50
17,177,1.48865,-216.02,-15.00,327.34,57.52,-11.02,203.76
17,178,1.49689,-215.09,-15.10,329.18,113.33,-11.84,223.33
17,179,1.50513,-214.14,-15.20,331.05,114.81,-12.02,226.67
17,180,1.51343,-213.05,-15.31,333.22,132.35,-13.87,261.40
17,181,1.52228,-211.91,-15.24,335.42,128.62,8.12,248.97
17,182,1.53015,-210.34,-15.15,337.99,198.84,11.22,326.74
17,183,1.53870,-208.73,-15.06,340.57,188.93,10.60,302.14
17,184,1.54681,-206.56,-14.94,343.28,266.92,14.35,333.08
17,185,1.55518,-204.39,-14.83,345.96,259.12,13.86,320.80
17,186,1.56360,-202.22,-14.71,348.40,257.61,13.62,289.86
17,187,1.57196,-200.10,-14.60,350.79,253.65,13.37,285.77
17,188,1.58051,-198.52,-14.52,352.58,185.00,9.74,209.64
17,189,1.58856,-197.02,-14.44,354.30,186.74,9.87,212.88
17,190,1.59717,-196.37,-14.40,355.15,75.18,4.06,98.94
17,191,1.60522,-195.77,-14.37,355.94,74.24,4.04,98.48
17,192,1.61346,-195.72,-14.37,356.08,6.67,0.42,17.04
18,0,0.00000,0.00,0.00,0.00,16.91,0.63,5.88
18,1,0.00830,0.14,0.01,0.05,16.91,0.63,5.88
18,2,0.01654,0.45,0.01,0.26,37.04,0.84,25.56
18,3,0.02484,0.75,0.02,0.47,36.76,0.85,25.37
18,4,0.03314,1.14,0.02,0.90,47.06,0.30,52.21
18,5,0.04205,1.53,0.02,1.34,43.84,0.26,48.63
18,6,0.04987,2.02,0.02,1.94,62.89,0.08,77.73
18,7,0.05841,2.51,0.03,2.55,57.50,0.09,71.07
18,8,0.06647,3.11,0.02,3.32,74.24,-0.06,95.45
18,9,0.07501,3.71,0.02,4.09,70.00,-0.06,90.00
18,10,0.08325,4.38,0.02,5.02,80.74,-0.43,112.96
18,11,0.09161,5.04,0.02,5.95,79.56,-0.40,111.31
18,12,0.09991,5.71,0.01,6.88,80.15,-0.45,112.13
18,13,0.10828,6.37,0.01,7.81,79.56,-0.40,111.31
18,14,0.11652,7.03,0.00,8.83,80.37,-0.87,124.07
18,15,0.12500,7.70,-0.00,9.86,78.42,-0.88,120.50
18,16,0.13330,8.87,-0.02,11.84,141.54,-2.39,238.97
18,17,0.14160,10.05,-0.04,13.82,141.54,-2.39,238.97
18,18,0.14996,11.06,-0.09,16.31,120.80,-5.75,296.72
18,19,0.15845,12.07,-0.14,18.79,119.06,-5.67,292.45
18,20,0.16669,12.30,-0.19,20.44,28.15,-6.59,200.37
18,21,0.17499,12.53,-0.25,22.09,27.94,-6.54,198.90
18,22,0.18329,12.62,-0.30,23.52,10.66,-6.37,172.06
18,23,0.19196,12.71,-0.35,24.95,10.21,-6.10,164.79
18,24,0.20026,12.69,-0.40,26.15,-2.94,-5.99,145.59
18,25,0.20844,12.66,-0.45,27.36,-2.99,-6.05,147.76
18,26,0.21667,12.61,-0.49,28.15,-5.93,-4.14,95.19
18,27,0.22498,12.56,-0.52,28.93,-5.88,-4.08,94.49
18,28,0.23346,12.49,-0.55,29.56,-8.63,-3.43,74.10
18,29,0.24194,12.42,-0.58,30.19,-8.63,-3.36,74.10
18,30,0.25012,12.34,-0.61,30.82,-8.96,-3.56,76.87
18,31,0.25830,12.27,-0.64,31.45,-8.96,-3.53,76.87
18,32,0.26648,12.19,-0.66,31.93,-10.07,-2.87,58.96
18,33,0.27496,12.11,-0.68,32.41,-9.71,-2.76,56.83
18,34,0.28314,12.02,-0.71,32.89,-10.07,-2.89,58.96
18,35,0.29156,11.94,-0.73,33.37,-9.78,-2.78,57.25
18,36,0.29987,11.86,-0.75,33.76,-9.93,-2.35,45.96
18,37,0.30835,11.78,-0.77,34.14,-9.71,-2.30,44.96
18,38,0.31659,11.69,-0.79,34.52,-10.00,-2.37,46.30
18,39,0.32477,11.61,-0.81,34.90,-10.07,-2.39,46.64
18,40,0.33313,11.53,-0.83,35.21,-9.49,-1.96,36.86
18,41,0.34161,11.47,-0.84,35.52,-7.55,-1.86,36.69
18,42,0.35004,11.43,-0.85,35.73,-4.35,-1.20,25.00
18,43,0.35815,11.40,-0.86,35.94,-3.38,-1.19,25.94
18,44,0.36664,11.38,-0.87,36.05,-2.88,-0.65,12.59
18,45,0.37488,11.36,-0.87,36.15,-2.22,-0.63,12.96
18,46,0.38342,11.30,-0.87,36.08,-6.79,-0.00,-8.57
18,47,0.39160,11.24,-0.87,36.01,-7.46,-0.02,-8.96
18,48,0.40009,10.88,-0.87,35.56,-42.81,-0.04,-53.24
18,49,0.40814,10.49,-0.87,35.12,-47.73,-0.27,-53.79
18,50,0.41663,10.09,-0.88,34.71,-47.84,-0.48,-48.56
18,51,0.42474,9.66,-0.88,34.32,-52.63,-0.73,-48.50
18,52,0.43323,8.87,-0.90,33.70,-92.81,-1.80,-72.66
18,53,0.44165,8.06,-0.92,33.12,-97.10,-2.19,-68.48
18,54,0.45013,7.04,-0.94,32.43,-119.78,-2.82,-82.01
18,55,0.45844,5.99,-0.97,31.78,-126.47,-3.30,-77.57
18,56,0.46649,5.22,-0.99,31.31,-96.21,-2.55,-58.33
18,57,0.47510,4.42,-1.01,30.88,-92.55,-2.68,-50.00
18,58,0.48315,2.95,-1.06,30.10,-181.82,-5.34,-96.97
18,59,0.49188,1.46,-1.10,29.39,-171.68,-5.46,-81.12
18,60,0.49994,0.78,-1.13,29.10,-84.09,-2.80,-36.36
18,61,0.50836,0.09,-1.15,28.84,-82.25,-2.93,-30.80
18,62,0.51648,-0.84,-1.18,28.47,-113.91,-3.98,-45.49
18,63,0.52502,-1.78,-1.22,28.15,-110.36,-4.12,-37.50
18,64,0.53333,-2.63,-1.25,27.75,-102.57,-3.25,-48.16
18,65,0.54156,-3.50,-1.28,27.40,-105.56,-3.64,-43.33
18,66,0.55029,-4.14,-1.29,26.97,-73.08,-1.74,-48.95
18,67,0.55817,-4.80,-1.31,26.57,-83.33,-2.22,-50.39
18,68,0.56647,-5.34,-1.32,26.15,-65.07,-1.27,-50.37
18,69,0.57495,-5.90,-1.33,25.76,-66.19,-1.52,-46.04
18,70,0.58344,-6.32,-1.34,25.37,-49.28,-0.65,-46.76
18,71,0.59174,-6.76,-1.34,24.99,-52.94,-0.88,-45.22
18,72,0.60022,-6.62,-1.32,24.62,16.55,2.62,-44.24
18,73,0.60834,-6.49,-1.30,24.23,15.04,2.66,-46.99
18,74,0.61688,-6.01,-1.27,24.03,57.14,3.85,-24.29
18,75,0.62506,-5.53,-1.23,23.80,58.58,4.11,-27.99
18,76,0.63324,-3.34,-1.12,23.68,267.54,14.15,-13.81
18,77,0.64185,-1.16,-1.00,23.46,252.84,13.85,-25.53
18,78,0.65015,0.07,-0.98,24.58,148.53,2.12,134.93
18,79,0.65826,1.35,-0.96,25.64,157.89,2.82,130.45
18,80,0.66650,0.60,-1.08,27.66,-90.74,-14.43,245.19
18,81,0.67505,-0.05,-1.19,29.72,-76.07,-13.50,240.71
18,82,0.68329,-1.84,-1.45,33.75,-217.41,-30.65,489.26
18,83,0.69202,-3.43,-1.69,37.87,-182.17,-28.15,472.03
18,84,0.69995,-5.33,-2.00,43.22,-240.00,-39.21,673.85
18,85,0.70844,-7.24,-2.31,48.57,-224.46,-36.65,630.22
18,86,0.71680,-9.11,-2.64,54.40,-223.72,-39.36,698.18
18,87,0.72510,-10.98,-2.97,60.24,-225.74,-39.65,703.31
18,88,0.73322,-13.74,-3.38,66.96,-340.23,-50.39,827.07
18,89,0.74176,-16.50,-3.69,73.67,-323.21,-36.06,785.36
18,90,0.74994,-19.28,-3.87,78.89,-339.55,-22.14,638.43
18,91,0.75812,-22.06,-4.05,84.11,-339.93,-22.15,638.81
18,92,0.76648,-25.67,-4.27,90.13,-432.12,-25.95,720.07
18,93,0.77484,-29.29,-4.48,96.15,-432.12,-25.95,720.07
18,94,0.78314,-33.09,-4.70,101.85,-458.46,-25.66,686.40
18,95,0.79181,-36.90,-4.91,107.55,-439.08,-24.57,657.04
18,96,0.79993,-40.46,-5.10,112.40,-438.72,-23.13,597.37
18,97,0.80829,-44.02,-5.29,117.24,-425.55,-22.43,579.20
18,98,0.81665,-45.84,-5.38,119.54,-217.52,-10.95,275.55
18,99,0.82489,-47.66,-5.47,121.85,-220.74,-11.14,279.63
18,100,0.83344,-49.28,-5.55,123.87,-190.36,-9.49,236.43
18,101,0.84180,-50.91,-5.63,125.89,-194.53,-9.71,241.61
18,102,0.85028,-52.27,-5.70,127.58,-160.79,-8.01,199.64
18,103,0.85834,-53.64,-5.77,129.28,-169.32,-8.43,210.23
18,104,0.86664,-55.00,-5.84,130.97,-164.34,-8.20,204.04
18,105,0.87500,-56.37,-5.90,132.66,-163.14,-8.13,202.55
18,106,0.88336,-57.73,-5.97,134.36,-163.14,-8.12,202.55
18,107,0.89215,-59.09,-6.04,136.05,-155.21,-7.75,192.71
18,108,0.90045,-60.53,-6.11,137.83,-172.43,-8.60,214.71
18,109,0.90875,-61.96,-6.18,139.61,-172.79,-8.61,214.71
18,110,0.91681,-63.49,-6.26,141.51,-190.15,-9.45,235.23
18,111,0.92511,-65.02,-6.33,143.41,-184.56,-9.18,228.31
18,112,0.93323,-66.65,-6.42,145.39,-200.38,-9.88,244.36
18,113,0.94208,-68.28,-6.50,147.37,-183.79,-9.07,224.14
18,114,0.94995,-70.02,-6.58,149.47,-221.32,-10.81,266.28
18,115,0.95856,-71.76,-6.67,151.57,-202.48,-9.90,243.62
18,116,0.96655,-73.50,-6.75,153.66,-217.94,-10.66,262.21
18,117,0.97504,-75.25,-6.84,155.76,-205.40,-10.06,247.12
18,118,0.98334,-76.99,-6.92,157.86,-209.93,-10.26,252.57
18,119,0.99188,-78.73,-7.01,159.95,-203.93,-9.97,245.36
18,120,0.99994,-80.49,-7.09,162.06,-217.80,-10.65,262.12
18,121,1.00824,-82.24,-7.18,164.18,-211.40,-10.34,254.41
18,122,1.01697,-84.00,-7.26,166.29,-201.05,-9.84,241.96
18,123,1.02496,-85.75,-7.35,168.40,-219.47,-10.74,264.12
18,124,1.03326,-87.87,-7.45,170.96,-255.51,-12.52,308.82
18,125,1.04181,-89.99,-7.56,173.53,-248.21,-12.17,300.00
18,126,1.05023,-92.19,-7.67,176.19,-260.51,-12.82,316.67
18,127,1.05823,-94.38,-7.77,178.86,-274.43,-13.51,333.59
18,128,1.06665,-96.58,-7.88,181.53,-260.51,-12.81,316.67
18,129,1.07495,-98.77,-7.99,184.20,-264.34,-13.02,321.69
18,130,1.08331,-101.28,-8.11,187.26,-300.73,-14.80,366.06
18,131,1.09186,-103.81,-8.24,190.34,-295.71,-14.57,360.36
18,132,1.10004,-106.58,-8.38,193.73,-338.43,-16.75,415.30
18,133,1.10822,-109.35,-8.51,197.13,-338.43,-16.74,415.30
18,134,1.11676,-111.99,-8.64,200.45,-308.93,-15.53,388.93
18,135,1.12488,-114.62,-8.78,203.76,-324.06,-16.27,407.52
18,136,1.13330,-115.84,-8.83,205.14,-145.65,-6.85,163.77
18,137,1.14191,-117.08,-8.89,206.53,-143.26,-6.73,160.99
18,138,1.14990,-119.18,-8.98,208.60,-263.36,-11.52,259.54
18,139,1.15857,-121.29,-9.08,210.68,-242.96,-10.60,239.08
18,140,1.16669,-123.43,-9.16,212.50,-263.53,-10.67,224.81
18,141,1.17560,-125.57,-9.25,214.32,-240.07,-9.71,204.79
18,142,1.18335,-127.78,-9.33,215.99,-285.83,-10.87,214.57
18,143,1.19214,-130.00,-9.42,217.65,-252.78,-9.61,189.58
18,144,1.20007,-132.22,-9.50,219.32,-279.23,-10.62,209.62
18,145,1.20844,-134.44,-9.59,220.98,-264.96,-10.08,198.91
18,146,1.21667,-136.76,-9.67,222.70,-281.48,-10.62,208.15
18,147,1.22528,-139.09,-9.76,224.41,-271.28,-10.22,199.29
18,148,1.23328,-142.85,-9.88,226.22,-470.61,-14.84,225.95
18,149,1.24170,-146.62,-10.00,228.02,-447.83,-14.11,214.49
18,150,1.25006,-151.53,-10.14,229.81,-586.86,-16.87,213.87
18,151,1.25836,-156.44,-10.28,231.60,-590.81,-16.99,215.44
18,152,1.26666,-160.81,-10.39,233.53,-526.84,-12.55,232.72
18,153,1.27515,-165.18,-10.14,235.48,-515.47,28.69,229.50
18,154,1.28339,-169.57,-9.76,238.80,-532.96,46.17,402.96
18,155,1.29193,-173.97,-9.38,242.13,-513.93,44.68,389.29
18,156,1.30035,-178.35,-8.96,245.85,-521.01,49.98,442.39
18,157,1.30865,-182.72,-8.54,249.57,-526.47,50.54,447.43
18,158,1.31702,-185.42,-8.27,252.01,-322.63,32.84,292.70
18,159,1.32513,-188.12,-7.99,254.46,-332.71,33.87,301.88
18,160,1.33331,-191.07,-7.70,257.07,-360.82,35.87,318.66
18,161,1.34186,-194.03,-7.40,259.68,-345.71,34.29,305.00
18,162,1.35010,-197.23,-7.11,262.28,-388.15,35.95,316.30
18,163,1.35852,-200.43,-6.81,264.89,-380.07,35.17,309.42
18,164,1.36658,-203.87,-6.51,267.54,-426.89,37.62,329.17
18,165,1.37500,-207.31,-6.20,270.19,-408.33,36.03,314.86
18,166,1.38336,-210.81,-5.92,272.70,-419.34,34.55,299.27
18,167,1.39197,-214.32,-5.63,275.20,-407.80,33.62,290.78
18,168,1.40045,-217.99,-5.33,277.72,-432.37,34.56,297.48
18,169,1.40875,-221.65,-5.04,280.24,-441.18,35.24,303.68
18,170,1.41693,-224.92,-4.76,282.64,-400.00,33.81,293.66
18,171,1.42542,-228.19,-4.49,285.04,-384.53,32.55,282.73
18,172,1.43359,-230.51,-4.36,287.18,-283.58,16.30,261.57
18,173,1.44196,-232.82,-4.35,289.33,-277.37,0.58,257.30
18,174,1.45020,-234.05,-4.45,291.15,-148.89,-11.87,220.00
18,175,1.45856,-235.27,-4.60,292.95,-145.26,-18.39,216.06
18,176,1.46667,-235.80,-4.80,294.56,-65.79,-24.52,198.12
18,177,1.47540,-236.33,-5.00,296.17,-60.14,-22.56,184.27
18,178,1.48376,-236.25,-5.06,297.86,8.76,-7.59,201.82
18,179,1.49219,-236.17,-5.21,299.55,9.78,-17.79,201.09
18,180,1.50031,-235.64,-5.39,301.55,65.04,-21.97,245.86
18,181,1.50879,-235.11,-5.57,303.55,62.59,-21.04,235.97
18,182,1.51715,-234.49,-5.78,305.90,74.45,-25.08,281.02
18,183,1.52533,-233.86,-5.99,308.26,77.24,-25.75,288.43
18,184,1.53363,-232.86,-6.24,311.10,119.85,-30.65,342.28
18,185,1.54211,-231.85,-6.50,313.95,118.71,-30.01,335.61
18,186,1.55054,-230.30,-6.78,317.04,184.42,-33.07,367.39
18,187,1.55890,-228.74,-7.05,320.13,186.13,-33.19,369.71
18,188,1.56708,-227.13,-7.31,322.97,197.39,-31.33,347.39
18,189,1.57532,-225.52,-7.56,325.80,194.81,-30.91,343.33
18,190,1.58350,-224.35,-7.75,327.88,143.28,-22.91,254.48
18,191,1.59198,-223.19,-7.94,329.94,136.69,-21.90,242.81
18,192,1.60034,-222.74,-8.02,330.91,54.38,-10.37,115.69
18,193,1.60864,-222.29,-8.11,331.86,54.04,-10.33,114.71
18,194,1.61700,-222.27,-8.12,332.01,2.92,-1.58,17.52
19,0,0.00000,0.00,0.00,0.00,17.41,-0.35,4.44
19,1,0.00824,0.14,-0.00,0.04,17.41,-0.35,4.44
19,2,0.01666,0.47,-0.01,0.22,38.41,-0.94,21.74
19,3,0.02515,0.79,-0.02,0.40,38.13,-0.92,21.58
19,4,0.03381,1.22,-0.03,0.80,49.65,-1.44,45.42
19,5,0.04224,1.65,-0.04,1.19,51.09,-1.46,46.74
19,6,0.04987,2.20,-0.06,1.75,71.60,-2.15,73.20
19,7,0.05865,2.74,-0.08,2.31,62.15,-1.87,63.54
19,8,0.06653,3.41,-0.10,3.02,84.50,-2.61,90.31
19,9,0.07532,4.07,-0.12,3.73,75.69,-2.32,80.90
19,10,0.08350,4.82,-0.14,4.60,91.42,-2.91,105.97
19,11,0.09210,5.57,-0.16,5.46,86.88,-2.77,100.71
19,12,0.10034,6.32,-0.19,6.33,90.74,-2.89,105.19
19,13,0.10870,7.06,-0.21,7.20,89.42,-2.86,103.65
19,14,0.11694,7.82,-0.24,8.15,91.48,-3.04,115.93
19,15,0.12506,8.57,-0.26,9.11,92.86,-3.09,118.05
19,16,0.13361,9.92,-0.31,10.98,158.21,-5.50,218.57
19,17,0.14178,11.28,-0.36,12.84,165.30,-5.76,228.36
19,18,0.15015,12.51,-0.41,15.22,147.81,-6.17,284.31
19,19,0.15826,13.75,-0.46,17.60,151.88,-6.35,292.86
19,20,0.16699,14.13,-0.49,19.22,44.06,-3.15,186.01
19,21,0.17487,14.51,-0.52,20.85,48.84,-3.49,206.20
19,22,0.18372,14.73,-0.54,22.26,24.48,-2.47,159.66
19,23,0.19171,14.95,-0.56,23.67,27.10,-2.74,176.72
19,24,0.20013,15.04,-0.58,24.88,10.51,-2.02,143.12
19,25,0.20831,15.12,-0.59,26.08,10.82,-2.07,147.39
19,26,0.21674,15.15,-0.60,26.87,2.54,-1.26,93.48
19,27,0.22498,15.17,-0.61,27.66,2.59,-1.27,95.56
19,28,0.23358,15.15,-0.62,28.29,-1.77,-0.91,73.40
19,29,0.24176,15.14,-0.63,28.92,-1.87,-0.96,77.24
19,30,0.25006,15.12,-0.64,29.55,-1.84,-0.95,76.10
19,31,0.25824,15.11,-0.65,30.18,-1.87,-0.97,77.24
19,32,0.26685,15.07,-0.65,30.67,-4.26,-0.66,56.74
19,33,0.27539,15.03,-0.66,31.16,-4.29,-0.66,57.14
19,34,0.28363,15.00,-0.66,31.65,-4.44,-0.69,59.26
19,35,0.29181,14.96,-0.67,32.14,-4.48,-0.69,59.70
19,36,0.30005,14.91,-0.67,32.53,-5.56,-0.54,47.04
19,37,0.30859,14.87,-0.68,32.91,-5.36,-0.48,45.36
19,38,0.31653,14.82,-0.68,33.30,-5.77,-0.53,48.85
19,39,0.32507,14.78,-0.69,33.69,-5.36,-0.49,45.36
19,40,0.33362,14.72,-0.69,34.00,-6.07,-0.37,36.79
19,41,0.34161,14.69,-0.69,34.32,-4.58,-0.43,39.69
19,42,0.34985,14.67,-0.69,34.53,-2.22,-0.29,25.56
19,43,0.35822,14.66,-0.70,34.74,-0.73,-0.32,25.55
19,44,0.36694,14.65,-0.70,34.85,-1.40,-0.14,12.59
19,45,0.37506,14.64,-0.70,34.96,-1.13,-0.17,13.53
19,46,0.38330,14.58,-0.70,34.89,-7.78,0.27,-8.52
19,47,0.39160,14.51,-0.70,34.83,-8.09,0.23,-8.09
19,48,0.40015,14.11,-0.68,34.41,-47.14,1.43,-48.93
19,49,0.40820,13.68,-0.67,34.01,-52.65,1.54,-49.24
19,50,0.41663,13.24,-0.66,33.64,-52.54,1.46,-44.57
19,51,0.42499,12.78,-0.65,33.29,-55.11,1.48,-41.97
19,52,0.43359,11.94,-0.62,32.75,-97.52,2.46,-62.77
19,53,0.44177,11.07,-0.60,32.25,-105.97,2.58,-60.82
19,54,0.44989,10.00,-0.58,31.65,-132.33,3.19,-73.68
19,55,0.45825,8.90,-0.55,31.11,-132.12,3.08,-64.96
19,56,0.46692,8.08,-0.53,30.71,-94.01,2.19,-45.77
19,57,0.47485,7.25,-0.51,30.36,-105.00,2.36,-44.62
19,58,0.48334,5.72,-0.48,29.71,-180.22,4.03,-75.90
19,59,0.49158,4.16,-0.45,29.14,-189.26,4.10,-68.89
19,60,0.49994,3.46,-0.43,28.92,-83.94,1.77,-27.37
19,61,0.50818,2.75,-0.42,28.72,-86.30,1.76,-23.33
19,62,0.51660,1.79,-0.40,28.44,-113.41,2.36,-33.33
19,63,0.52509,0.82,-0.38,28.21,-114.03,2.29,-27.70
19,64,0.53345,-0.06,-0.36,27.89,-105.47,2.28,-38.32
19,65,0.54175,-0.96,-0.34,27.61,-108.09,2.26,-33.09
19,66,0.55017,-1.63,-0.32,27.24,-80.07,1.92,-43.84
19,67,0.55841,-2.32,-0.31,26.91,-83.70,1.94,-40.37
19,68,0.56689,-2.90,-0.29,26.54,-67.99,1.70,-43.53
19,69,0.57538,-3.49,-0.28,26.20,-70.14,1.72,-39.93
19,70,0.58368,-3.95,-0.27,25.85,-54.78,1.46,-42.65
19,71,0.59204,-4.42,-0.25,25.52,-56.20,1.47,-39.78
19,72,0.60016,-4.31,-0.25,25.13,13.16,0.39,-47.37
19,73,0.60834,-4.22,-0.25,24.74,10.45,0.44,-47.76
19,74,0.61652,-3.75,-0.25,24.49,57.46,-0.57,-30.60
19,75,0.62518,-3.30,-0.26,24.22,52.82,-0.49,-31.69
19,76,0.63373,-1.13,-0.29,23.90,253.57,-3.83,-36.79
19,77,0.64203,1.02,-0.32,23.48,258.82,-3.73,-50.74
19,78,0.65015,2.35,-0.36,24.48,163.53,-4.36,123.31
19,79,0.65863,3.72,-0.39,25.42,161.87,-4.17,110.43
19,80,0.66736,3.16,-0.41,27.50,-64.34,-1.98,238.11
19,81,0.67542,2.70,-0.43,29.60,-56.82,-2.40,261.36
19,82,0.68378,1.29,-0.46,33.78,-168.98,-3.58,499.64
19,83,0.69189,0.08,-0.49,38.02,-148.50,-4.22,522.93
19,84,0.69995,-1.18,-0.54,43.56,-156.44,-6.22,686.74
19,85,0.70837,-2.16,-0.60,49.15,-116.67,-6.58,663.77
19,86,0.71674,-2.73,-0.67,55.25,-67.52,-8.25,729.93
19,87,0.72522,-2.98,-0.74,61.38,-30.58,-8.79,721.94
19,88,0.73364,-3.51,-0.83,68.62,-61.96,-10.05,859.78
19,89,0.74164,-3.86,-0.91,75.87,-43.89,-10.95,906.87
19,90,0.75000,-4.72,-0.97,81.72,-103.28,-7.26,700.00
19,91,0.75861,-5.59,-1.03,87.58,-100.71,-7.08,680.14
19,92,0.76703,-6.97,-1.10,94.46,-164.13,-7.76,817.39
19,93,0.77521,-8.35,-1.17,101.34,-169.03,-7.98,841.42
19,94,0.78381,-10.03,-1.08,107.99,-194.33,10.44,771.99
19,95,0.79199,-11.70,-1.05,114.63,-204.48,2.64,812.31
19,96,0.80042,-13.42,-0.99,120.39,-205.07,7.43,684.06
19,97,0.80872,-15.15,-0.93,126.15,-208.09,7.53,693.75
19,98,0.81726,-16.09,-0.90,128.93,-110.00,2.87,325.71
19,99,0.82574,-17.03,-0.88,131.72,-110.79,2.87,328.06
19,100,0.83356,-17.89,-1.00,134.16,-109.38,-15.59,313.28
19,101,0.84174,-18.74,-1.20,136.61,-104.48,-24.28,299.25
19,102,0.85016,-19.45,-1.43,138.67,-84.78,-27.41,243.84
19,103,0.85828,-20.17,-1.65,140.72,-87.97,-27.34,253.01
19,104,0.86682,-20.88,-1.71,142.77,-83.57,-7.21,240.36
19,105,0.87531,-21.60,-1.88,144.83,-84.17,-19.12,242.09
19,106,0.88367,-22.31,-2.04,146.88,-85.40,-19.36,245.62
19,107,0.89166,-23.03,-2.20,148.93,-89.31,-20.29,256.87
19,108,0.90009,-23.79,-2.37,151.12,-90.22,-20.40,259.06
19,109,0.90839,-24.54,-2.54,153.28,-90.44,-20.54,260.29
19,110,0.91699,-25.34,-2.72,155.58,-93.97,-21.09,267.02
19,111,0.92517,-26.15,-2.88,157.88,-98.88,-18.77,281.34
19,112,0.93378,-27.02,-3.07,160.29,-100.71,-22.50,280.50
19,113,0.94226,-27.89,-3.27,162.71,-102.16,-23.19,284.89
19,114,0.95032,-28.83,-3.47,165.27,-116.67,-25.47,317.80
19,115,0.95837,-29.77,-3.68,167.83,-116.67,-25.19,317.80
19,116,0.96692,-30.71,-3.86,170.39,-110.00,-21.81,299.64
19,117,0.97534,-31.65,-4.05,172.95,-111.59,-22.03,303.99
19,118,0.98370,-32.59,-4.23,175.51,-112.41,-22.15,306.20
19,119,0.99207,-33.53,-4.42,178.07,-112.41,-22.20,306.20
19,120,1.00012,-34.47,-4.61,180.65,-117.42,-23.16,320.08
19,121,1.00854,-35.42,-4.79,183.23,-112.32,-22.20,306.16
19,122,1.01697,-36.36,-4.98,185.81,-112.32,-22.20,306.16
19,123,1.02606,-37.31,-5.17,188.39,-104.36,-20.61,284.23
19,124,1.03357,-38.45,-5.39,191.52,-151.63,-30.16,416.26
19,125,1.04181,-39.59,-5.62,194.64,-138.15,-27.50,379.63
19,126,1.05017,-40.76,-5.86,197.89,-140.15,-28.20,388.69
19,127,1.05865,-41.93,-6.09,201.14,-138.13,-27.79,383.09
19,128,1.06702,-43.11,-6.33,204.39,-140.15,-28.19,388.69
19,129,1.07562,-44.32,-6.57,207.77,-141.13,-28.42,391.84
19,130,1.08417,-45.66,-6.84,211.49,-156.79,-31.60,436.07
19,131,1.09210,-47.01,-7.11,215.24,-169.62,-34.25,471.92
19,132,1.10095,-48.47,-7.41,219.37,-165.86,-33.86,466.55
19,133,1.10852,-49.94,-7.71,223.49,-193.55,-39.50,544.76
19,134,1.11737,-51.31,-8.01,227.51,-155.17,-33.03,453.79
19,135,1.12549,-52.66,-8.29,231.42,-165.41,-35.07,482.71
19,136,1.13403,-53.35,-8.41,233.14,-81.07,-14.45,200.36
19,137,1.14240,-54.06,-8.54,234.89,-85.77,-15.06,209.49
19,138,1.15027,-55.35,-8.73,237.55,-163.18,-24.09,337.98
19,139,1.15875,-56.64,-8.92,240.20,-152.16,-22.22,312.59
19,140,1.16724,-58.04,-9.09,242.64,-165.11,-20.17,287.05
19,141,1.17554,-59.45,-9.26,245.07,-169.49,-20.58,293.01
19,142,1.18451,-60.98,-9.42,247.38,-170.41,-17.81,257.48
19,143,1.19232,-62.51,-9.71,249.69,-195.70,-37.17,295.70
19,144,1.20044,-64.04,-10.16,252.00,-188.35,-55.63,284.59
19,145,1.20898,-65.57,-10.42,254.31,-179.29,-29.97,270.71
19,146,1.21735,-67.18,-10.76,256.70,-192.70,-40.79,286.13
19,147,1.22565,-68.84,-11.10,259.12,-200.74,-41.57,291.18
19,148,1.23419,-71.78,-11.22,262.09,-343.93,-13.21,347.14
19,149,1.24219,-74.77,-11.41,265.07,-373.28,-24.77,372.90
19,150,1.25037,-78.79,-11.55,268.40,-492.16,-16.11,407.09
19,151,1.25879,-82.79,-11.68,271.73,-475.00,-15.62,395.29
19,152,1.26709,-86.26,-11.80,275.02,-418.01,-15.08,395.96
19,153,1.27545,-89.72,-11.93,278.36,-412.77,-15.13,399.64
19,154,1.28400,-92.74,-12.09,282.96,-353.93,-18.40,538.57
19,155,1.29205,-95.76,-12.24,287.58,-374.62,-19.57,573.48
19,156,1.30035,-98.64,-12.41,292.56,-347.43,-20.04,600.00
19,157,1.30890,-101.48,-12.60,297.47,-331.79,-22.26,574.29
19,158,1.31720,-103.20,-12.78,300.68,-207.35,-21.23,386.76
19,159,1.32550,-104.93,-13.09,303.90,-208.09,-38.06,388.24
19,160,1.33392,-106.83,-13.50,307.35,-226.09,-47.79,409.06
19,161,1.34332,-108.93,-13.89,311.10,-223.38,-41.47,399.03
19,162,1.35144,-111.07,-14.25,314.62,-263.53,-44.32,434.59
19,163,1.35956,-113.24,-14.61,318.17,-266.92,-44.52,436.84
19,164,1.36761,-115.59,-14.97,321.82,-291.67,-45.65,453.41
19,165,1.37622,-117.95,-15.34,325.46,-274.82,-42.40,422.70
19,166,1.38458,-120.41,-15.69,328.99,-294.53,-41.65,422.63
19,167,1.39301,-122.90,-16.04,332.54,-294.93,-41.39,420.65
19,168,1.40118,-125.51,-16.39,336.15,-319.03,-42.96,441.04
19,169,1.40961,-128.07,-16.74,339.72,-304.71,-41.47,424.64
19,170,1.41779,-130.35,-17.07,343.08,-278.36,-40.80,410.82
19,171,1.42651,-132.52,-17.40,346.37,-248.95,-37.62,376.57
19,172,1.43481,-133.99,-17.69,349.16,-176.84,-35.42,336.40
19,173,1.44299,-135.34,-17.98,351.87,-164.93,-35.15,330.97
19,174,1.45142,-135.89,-18.23,353.99,-65.22,-29.12,251.45
19,175,1.45953,-136.36,-18.47,356.05,-58.27,-29.69,254.14
19,176,1.46814,-136.33,-18.68,357.74,3.90,-24.89,196.81
19,177,1.47656,-136.22,-18.90,359.42,13.41,-25.61,199.28
19,178,1.48492,-135.58,-19.12,360.99,76.28,-26.55,187.23
19,179,1.49274,-134.87,-19.35,362.57,90.23,-29.05,202.73
19,180,1.50128,-133.70,-19.61,364.27,136.79,-30.45,199.29
19,181,1.50946,-132.51,-19.87,366.01,146.27,-32.51,212.69
19,182,1.51776,-131.13,-20.18,368.02,165.81,-36.87,241.54
19,183,1.52612,-129.69,-20.49,370.07,172.63,-37.56,244.89
19,184,1.53467,-127.80,-20.86,372.41,221.43,-43.23,274.29
19,185,1.54279,-125.82,-21.23,374.76,242.86,-45.89,289.47
19,186,1.55109,-123.32,-21.63,377.15,301.47,-48.13,288.60
19,187,1.55933,-120.82,-22.03,379.52,303.33,-47.96,286.67
19,188,1.56757,-118.35,-22.39,381.65,300.00,-44.41,259.26
19,189,1.57617,-115.96,-22.75,383.72,277.30,-41.02,239.72
19,190,1.58435,-114.16,-23.02,385.28,220.52,-32.73,191.42
19,191,1.59271,-112.49,-23.26,386.74,199.27,-29.80,174.82
19,192,1.60089,-111.74,-23.39,387.50,92.16,-15.31,92.91
19,193,1.60956,-111.07,-23.50,388.18,76.76,-12.85,78.17
19,194,1.61768,-111.00,-23.52,388.31,8.65,-2.36,16.17
20,0,0.00000,0.00,0.00,0.00,7.66,-0.36,16.06
20,1,0.00818,0.06,-0.00,0.13,7.84,-0.38,16.42
20,2,0.01648,0.13,-0.01,0.50,7.72,-1.15,44.12
20,3,0.02515,0.19,-0.02,0.87,7.39,-1.09,42.25
20,4,0.03320,0.16,-0.04,1.45,-3.79,-2.03,72.35
20,5,0.04163,0.13,-0.06,2.03,-3.62,-1.97,69.20
20,6,0.04974,0.05,-0.08,2.81,-10.53,-2.75,95.86
20,7,0.05841,-0.04,-0.10,3.59,-9.86,-2.59,89.79
20,8,0.06665,-0.16,-0.13,4.55,-15.19,-3.38,117.04
20,9,0.07477,-0.29,-0.16,5.52,-15.41,-3.44,118.80
20,10,0.08313,-0.48,-0.19,6.64,-22.99,-3.96,134.67
20,11,0.09149,-0.67,-0.22,7.77,-22.99,-3.96,134.67
20,12,0.09967,-0.87,-0.25,8.90,-23.51,-4.04,137.69
20,13,0.10822,-1.06,-0.29,10.02,-22.50,-3.86,131.79
20,14,0.11658,-1.32,-0.32,11.21,-31.02,-4.25,142.34
20,15,0.12494,-1.58,-0.36,12.40,-31.02,-4.25,142.34
20,16,0.13300,-2.16,-0.43,14.63,-72.35,-8.37,276.89
20,17,0.14148,-2.74,-0.49,16.86,-68.71,-7.96,262.95
20,18,0.14978,-3.79,-0.57,19.33,-126.47,-9.46,296.69
20,19,0.15808,-4.84,-0.65,21.79,-126.47,-9.46,296.69
20,20,0.16650,-5.85,-0.70,23.12,-119.93,-5.55,157.61
20,21,0.17474,-6.86,-0.74,24.44,-122.59,-5.66,161.11
20,22,0.18323,-7.82,-0.78,25.51,-112.23,-4.59,125.54
20,23,0.19153,-8.77,-0.82,26.57,-114.71,-4.68,128.31
20,24,0.19977,-9.64,-0.85,27.41,-106.30,-3.84,101.11
20,25,0.20825,-10.52,-0.89,28.24,-103.24,-3.73,98.20
20,26,0.21649,-11.11,-0.91,28.76,-71.85,-2.44,62.59
20,27,0.22498,-11.70,-0.93,29.27,-69.78,-2.37,60.79
20,28,0.23309,-12.20,-0.94,29.66,-61.28,-1.94,48.12
20,29,0.24146,-12.70,-0.96,30.05,-59.49,-1.87,46.72
20,30,0.25024,-13.20,-0.97,30.44,-56.60,-1.79,44.44
20,31,0.25818,-13.69,-0.99,30.83,-62.69,-1.99,49.23
20,32,0.26691,-14.10,-1.00,31.12,-46.15,-1.34,32.17
20,33,0.27490,-14.50,-1.01,31.40,-50.38,-1.47,35.11
20,34,0.28326,-14.90,-1.02,31.68,-48.18,-1.41,33.58
20,35,0.29150,-15.30,-1.04,31.96,-48.89,-1.42,34.07
20,36,0.29980,-15.63,-1.04,32.17,-39.71,-1.10,25.37
20,37,0.30859,-15.96,-1.05,32.38,-37.50,-1.04,23.96
20,38,0.31641,-16.29,-1.06,32.59,-42.19,-1.16,26.95
20,39,0.32495,-16.62,-1.07,32.80,-38.57,-1.06,24.64
20,40,0.33313,-16.90,-1.08,32.96,-33.58,-0.88,19.78
20,41,0.34161,-17.18,-1.09,33.11,-33.45,-0.81,17.27
20,42,0.34979,-17.38,-1.09,33.19,-23.88,-0.53,10.45
20,43,0.35840,-17.58,-1.09,33.27,-23.05,-0.47,8.51
20,44,0.36676,-17.68,-1.10,33.29,-12.77,-0.18,2.19
20,45,0.37494,-17.79,-1.10,33.30,-13.43,-0.17,1.49
20,46,0.38324,-17.73,-1.09,33.23,7.72,0.31,-8.46
20,47,0.39185,-17.66,-1.09,33.16,7.80,0.30,-7.80
20,48,0.40002,-17.20,-1.08,32.81,55.97,1.74,-43.28
20,49,0.40826,-16.73,-1.06,32.48,57.78,1.68,-40.00
20,50,0.41681,-16.24,-1.05,32.17,57.50,1.56,-35.71
20,51,0.42499,-15.73,-1.04,31.89,61.94,1.56,-34.33
20,52,0.43365,-14.85,-1.02,31.42,101.76,2.49,-53.87
20,53,0.44171,-13.94,-1.00,31.00,112.50,2.56,-52.27
20,54,0.44989,-12.78,-0.97,30.58,141.42,2.83,-51.87
20,55,0.45844,-11.61,-0.95,30.21,137.50,2.54,-42.86
20,56,0.46667,-10.72,-0.94,30.03,107.41,1.69,-22.59
20,57,0.47540,-9.83,-0.92,29.89,102.45,1.46,-16.08
20,58,0.48370,-8.17,-0.91,29.79,199.63,2.29,-12.13
20,59,0.49164,-6.51,-0.89,29.77,209.23,2.13,-2.31
20,60,0.50012,-5.78,-0.88,29.81,86.69,0.71,5.04
20,61,0.50879,-5.04,-0.88,29.89,84.86,0.59,9.15
20,62,0.51660,-4.07,-0.87,30.11,124.22,0.42,28.91
20,63,0.52509,-3.11,-0.87,30.39,112.95,0.22,32.01
20,64,0.53326,-2.28,-0.88,30.83,101.49,-0.49,53.73
20,65,0.54150,-1.48,-0.88,31.31,97.78,-0.65,58.52
20,66,0.54980,-0.96,-0.89,31.88,61.76,-1.29,68.75
20,67,0.55823,-0.48,-0.90,32.47,57.25,-1.40,70.65
20,68,0.56671,-0.18,-0.92,33.09,35.97,-1.64,72.30
20,69,0.57507,0.10,-0.93,33.72,32.85,-1.76,75.18
20,70,0.58325,0.19,-0.95,34.28,11.57,-1.81,69.40
20,71,0.59167,0.26,-0.96,34.86,7.97,-1.81,68.12
20,72,0.59985,-0.11,-0.97,35.00,-45.52,-0.92,17.16
20,73,0.60828,-0.49,-0.98,35.12,-45.29,-0.85,14.49
20,74,0.61688,-0.92,-0.97,34.80,-49.29,0.55,-37.23
20,75,0.62494,-1.32,-0.97,34.46,-50.38,0.68,-42.42
20,76,0.63385,-2.12,-0.92,32.42,-89.73,5.45,-228.77
20,77,0.64148,-2.82,-0.87,30.34,-91.20,6.63,-272.00
20,78,0.64996,-1.86,-0.82,28.99,113.31,5.54,-160.07
20,79,0.65826,-0.83,-0.77,27.68,123.90,5.59,-157.35
20,80,0.66711,1.12,-0.78,28.58,220.69,-0.66,102.07
20,81,0.67505,3.03,-0.79,29.58,240.38,-1.12,126.15
20,82,0.68341,6.41,-0.83,32.41,404.74,-5.39,338.32
20,83,0.69232,9.66,-0.89,35.41,363.70,-5.73,336.30
20,84,0.70026,13.64,-0.96,39.46,501.54,-9.18,510.00
20,85,0.70837,17.41,-1.04,43.70,464.66,-9.89,522.56
20,86,0.71661,21.40,-1.13,48.35,484.07,-10.88,564.81
20,87,0.72504,25.15,-1.23,53.20,445.29,-11.55,575.36
20,88,0.73334,28.81,-1.36,59.47,441.18,-16.56,755.15
20,89,0.74170,32.15,-1.75,65.91,400.00,-45.78,770.44
20,90,0.75006,34.07,-2.47,71.51,229.20,-86.78,669.34
20,91,0.75842,35.71,-3.30,77.19,195.62,-99.42,679.93
20,92,0.76672,36.95,-4.22,84.10,150.37,-110.60,832.35
20,93,0.77576,37.85,-5.13,91.06,99.66,-100.96,770.95
20,94,0.78394,38.06,-6.01,97.97,25.00,-107.24,844.78
20,95,0.79163,37.92,-6.87,104.82,-18.25,-111.28,889.68
20,96,0.80011,37.23,-7.59,110.79,-81.29,-85.49,704.68
20,97,0.80835,36.24,-8.29,116.70,-119.63,-85.43,716.67
20,98,0.81683,35.52,-8.63,119.55,-85.61,-38.94,335.61
20,99,0.82562,34.65,-8.94,122.35,-98.61,-36.23,318.75
20,100,0.83337,33.74,-9.21,124.78,-117.72,-34.82,313.39
20,101,0.84155,32.71,-9.47,127.15,-126.12,-31.54,290.30
20,102,0.84991,31.82,-9.69,129.14,-105.47,-25.79,237.59
20,103,0.85828,30.94,-9.90,131.12,-105.47,-25.79,237.59
20,104,0.86676,30.06,-10.12,133.11,-103.96,-25.37,234.17
20,105,0.87512,29.18,-10.33,135.10,-105.47,-25.75,237.59
20,106,0.88373,28.30,-10.55,137.08,-102.48,-25.06,230.85
20,107,0.89166,27.41,-10.76,139.07,-111.15,-27.18,250.77
20,108,0.90002,26.49,-10.99,141.17,-110.58,-27.11,250.00
20,109,0.90839,25.56,-11.22,143.26,-110.95,-27.19,250.36
20,110,0.91669,24.57,-11.46,145.48,-119.85,-29.02,268.01
20,111,0.92511,23.57,-11.70,147.71,-118.12,-28.60,264.13
20,112,0.93335,22.51,-11.95,150.05,-128.89,-30.60,283.70
20,113,0.94177,21.45,-12.21,152.38,-126.09,-30.02,277.54
20,114,0.95001,20.30,-12.47,154.86,-138.89,-32.35,300.37
20,115,0.95844,19.16,-12.74,157.34,-136.23,-31.73,294.57
20,116,0.96686,18.01,-13.08,159.81,-135.87,-40.84,293.84
20,117,0.97516,16.87,-13.51,162.29,-137.87,-51.07,298.16
20,118,0.98328,15.72,-13.89,164.76,-140.98,-46.93,304.89
20,119,0.99152,14.58,-14.27,167.24,-138.89,-46.32,300.37
20,120,1.00092,13.42,-14.65,169.73,-122.73,-40.78,264.94
20,121,1.00854,12.27,-15.04,172.22,-151.20,-50.33,326.40
20,122,1.01678,11.12,-15.42,174.71,-140.00,-46.61,302.22
20,123,1.02496,9.96,-15.80,177.21,-141.42,-46.93,305.22
20,124,1.03314,8.57,-16.27,180.23,-170.15,-56.93,369.40
20,125,1.04163,7.18,-16.74,183.25,-164.03,-55.03,356.47
20,126,1.04993,5.74,-17.22,186.40,-172.79,-58.40,378.68
20,127,1.05829,4.31,-17.71,189.54,-171.53,-57.97,375.91
20,128,1.06665,2.87,-18.19,192.68,-171.53,-57.97,375.91
20,129,1.07513,1.44,-18.68,195.83,-169.42,-57.20,371.22
20,130,1.08405,-0.20,-19.23,199.44,-184.25,-62.35,404.45
20,131,1.09192,-1.85,-19.79,203.05,-208.91,-70.69,458.53
20,132,1.10016,-3.65,-20.41,207.04,-218.89,-74.85,484.81
20,133,1.10828,-5.45,-21.02,211.03,-221.80,-75.86,491.73
20,134,1.11658,-7.15,-21.62,214.92,-204.41,-72.34,468.38
20,135,1.12500,-8.84,-22.22,218.78,-200.36,-70.93,458.70
20,136,1.13318,-9.67,-22.47,220.43,-101.49,-30.90,201.49
20,137,1.14148,-10.51,-22.73,222.09,-101.10,-30.63,200.00
20,138,1.15009,-12.01,-23.11,224.64,-174.47,-44.89,295.74
20,139,1.15820,-13.51,-23.50,227.18,-184.96,-47.48,313.16
20,140,1.16675,-15.11,-23.85,229.49,-186.79,-40.62,270.71
20,141,1.17505,-16.71,-24.19,231.80,-192.65,-41.66,278.31
20,142,1.18329,-18.42,-24.51,233.98,-208.15,-39.20,264.07
20,143,1.19183,-20.14,-24.84,236.15,-200.71,-37.72,254.64
20,144,1.20001,-21.85,-25.16,238.33,-209.70,-39.39,266.04
20,145,1.20825,-23.57,-25.48,240.51,-208.15,-39.17,264.44
20,146,1.21674,-25.37,-25.81,242.76,-212.23,-39.26,265.47
20,147,1.22510,-27.19,-26.15,245.02,-217.52,-39.90,270.07
20,148,1.23358,-30.36,-26.53,247.73,-373.74,-45.15,319.78
20,149,1.24170,-33.54,-26.91,250.45,-392.11,-47.12,334.59
20,150,1.25018,-37.82,-27.32,253.44,-505.04,-48.04,352.52
20,151,1.25824,-42.10,-27.73,256.43,-531.06,-50.64,371.21
20,152,1.26678,-45.83,-28.15,259.42,-436.43,-48.89,350.00
20,153,1.27502,-49.56,-28.57,262.43,-452.22,-51.07,365.19
20,154,1.28351,-52.95,-29.21,266.77,-399.64,-75.83,511.51
20,155,1.29156,-56.34,-29.86,271.12,-420.83,-79.98,539.39
20,156,1.30029,-59.62,-30.56,275.84,-375.87,-81.19,541.61
20,157,1.30817,-62.88,-31.27,280.55,-414.73,-89.61,598.06
20,158,1.31671,-64.86,-31.73,283.61,-231.43,-53.99,358.21
20,159,1.32495,-66.84,-32.19,286.68,-240.37,-55.99,371.85
20,160,1.33331,-69.02,-32.69,289.95,-260.95,-58.93,391.97
20,161,1.34174,-71.21,-33.18,293.23,-259.42,-58.63,389.49
20,162,1.35004,-73.63,-33.68,296.58,-291.54,-60.06,402.57
20,163,1.35822,-76.05,-34.18,299.92,-296.27,-61.01,408.96
20,164,1.36658,-78.70,-34.69,303.37,-316.06,-61.34,412.41
20,165,1.37512,-81.34,-35.20,306.81,-309.29,-59.83,403.21
20,166,1.38354,-84.09,-35.69,310.13,-326.09,-58.06,394.20
20,167,1.39203,-86.83,-36.10,313.46,-323.74,-48.36,391.37
20,168,1.40009,-89.73,-36.71,316.84,-359.47,-76.00,419.70
20,169,1.40820,-92.62,-37.43,320.21,-356.02,-88.07,416.17
20,170,1.41663,-95.16,-38.20,323.38,-302.17,-91.84,375.36
20,171,1.42523,-97.70,-39.05,326.53,-294.33,-98.99,366.67
20,172,1.43335,-99.39,-39.78,329.20,-208.27,-89.12,328.20
20,173,1.44165,-101.07,-40.51,331.85,-202.21,-88.14,320.22
20,174,1.45001,-101.79,-40.96,333.92,-86.13,-54.58,247.08
20,175,1.45819,-102.50,-41.40,335.98,-86.94,-53.16,252.24
20,176,1.46667,-102.60,-41.64,337.67,-12.23,-28.57,199.28
20,177,1.47498,-102.70,-41.88,339.36,-11.76,-29.08,203.68
20,178,1.48352,-102.19,-41.97,340.98,59.29,-10.06,188.93
20,179,1.49170,-101.68,-42.05,342.59,62.69,-10.45,197.39
20,180,1.50037,-100.65,-42.06,344.38,118.31,-0.32,206.69
20,181,1.50836,-99.63,-42.11,346.18,128.24,-6.64,224.43
20,182,1.51752,-98.42,-42.21,348.29,132.00,-10.86,230.67
20,183,1.52515,-97.20,-42.36,350.41,159.20,-20.00,277.60
20,184,1.53363,-95.51,-42.56,352.90,199.64,-23.87,293.53
20,185,1.54169,-93.81,-42.87,355.39,210.98,-37.92,309.09
20,186,1.55011,-91.51,-43.26,357.98,272.83,-46.68,307.61
20,187,1.55829,-89.22,-43.60,360.57,280.60,-41.27,316.42
20,188,1.56671,-86.93,-43.69,362.90,271.74,-11.20,276.81
20,189,1.57507,-84.65,-43.79,365.22,272.99,-11.29,277.74
20,190,1.58350,-82.98,-43.86,366.93,198.19,-8.29,202.90
20,191,1.59155,-81.32,-43.93,368.63,205.68,-8.63,210.61
20,192,1.59998,-80.63,-43.97,369.45,81.88,-5.43,97.10
20,193,1.60840,-79.95,-44.03,370.25,80.80,-6.29,96.01
20,194,1.61676,-79.89,-44.04,370.39,7.30,-1.92,16.42
21,0,0.00000,0.00,0.00,0.00,-4.58,-0.10,16.55
21,1,0.00812,-0.04,-0.00,0.14,-4.89,-0.06,17.67
21,2,0.01648,-0.23,0.00,0.46,-22.99,0.30,37.96
21,3,0.02496,-0.42,0.00,0.78,-22.66,0.30,37.41
21,4,0.03339,-0.83,0.01,1.20,-48.19,1.18,49.64
21,5,0.04144,-1.24,0.02,1.61,-50.38,1.19,51.89
21,6,0.05005,-1.81,0.04,2.15,-66.67,1.73,61.70
21,7,0.05865,-2.38,0.05,2.68,-66.67,1.70,61.70
21,8,0.06689,-3.11,0.07,3.32,-88.52,2.34,78.15
21,9,0.07489,-3.84,0.09,3.96,-91.22,2.41,80.53
21,10,0.08313,-4.73,0.12,4.69,-107.78,2.99,87.78
21,11,0.09143,-5.62,0.14,5.41,-106.99,2.92,87.13
21,12,0.09973,-6.51,0.17,6.13,-106.99,2.95,87.13
21,13,0.10797,-7.39,0.19,6.86,-107.78,2.97,87.78
21,14,0.11646,-8.37,0.22,7.58,-115.11,3.31,85.61
21,15,0.12482,-9.35,0.25,8.31,-116.79,3.33,86.86
21,16,0.13348,-11.25,0.30,9.61,-219.72,6.54,150.00
21,17,0.14160,-13.16,0.36,10.91,-234.96,6.95,160.15
21,18,0.14972,-15.57,0.44,12.08,-296.99,9.79,143.61
21,19,0.15833,-17.98,0.52,13.24,-280.14,9.22,135.46
21,20,0.16650,-19.61,0.58,13.58,-199.63,7.47,41.04
21,21,0.17511,-21.25,0.64,13.91,-189.72,7.11,39.01
21,22,0.18323,-22.67,0.70,14.09,-174.81,6.77,21.80
21,23,0.19177,-24.08,0.75,14.27,-166.07,6.43,20.71
21,24,0.19965,-25.29,0.80,14.32,-153.49,6.17,6.59
21,25,0.20801,-26.50,0.85,14.37,-144.53,5.81,6.20
21,26,0.21643,-27.29,0.88,14.37,-93.48,3.81,0.00
21,27,0.22504,-28.08,0.91,14.37,-91.49,3.73,0.00
21,28,0.23309,-28.71,0.94,14.34,-78.41,3.26,-4.17
21,29,0.24146,-29.34,0.96,14.30,-75.55,3.14,-4.01
21,30,0.24963,-29.97,0.99,14.27,-77.24,3.21,-4.10
21,31,0.25800,-30.60,1.02,14.24,-75.55,3.14,-4.01
21,32,0.26672,-31.09,1.04,14.18,-55.94,2.40,-5.94
21,33,0.27502,-31.58,1.06,14.13,-58.82,2.50,-6.25
21,34,0.28351,-32.07,1.08,14.08,-57.55,2.46,-6.12
21,35,0.29138,-32.56,1.10,14.03,-62.02,2.61,-6.59
21,36,0.29993,-32.94,1.12,13.97,-45.00,1.98,-6.79
21,37,0.30823,-33.33,1.13,13.91,-46.32,1.99,-6.99
21,38,0.31647,-33.71,1.17,13.85,-46.67,4.83,-7.04
21,39,0.32489,-34.09,1.19,13.80,-45.65,1.62,-6.88
21,40,0.33337,-34.41,1.19,13.74,-37.05,0.92,-7.19
21,41,0.34149,-34.72,1.21,13.66,-37.97,1.46,-9.40
21,42,0.34973,-34.92,1.21,13.60,-24.44,0.47,-7.78
21,43,0.35822,-35.12,1.22,13.52,-23.38,0.97,-8.63
21,44,0.36664,-35.21,1.22,13.46,-11.23,0.20,-6.88
21,45,0.37506,-35.30,1.22,13.40,-10.51,0.50,-7.25
21,46,0.38367,-35.21,1.22,13.39,10.99,-0.88,-1.42
21,47,0.39136,-35.11,1.21,13.39,12.70,-0.52,-0.79
21,48,0.39972,-34.53,1.18,13.42,68.98,-4.15,4.01
21,49,0.40839,-33.95,1.15,13.48,66.55,-3.59,7.39
21,50,0.41656,-33.38,1.12,13.57,69.78,-3.86,11.19
21,51,0.42487,-32.82,1.08,13.70,68.38,-3.90,14.71
21,52,0.43317,-31.84,1.07,13.93,117.28,-1.26,27.57
21,53,0.44159,-30.88,1.03,14.20,114.13,-5.22,32.97
21,54,0.45001,-29.73,0.97,14.64,136.59,-6.41,52.17
21,55,0.45813,-28.61,0.92,15.14,138.35,-6.64,61.28
21,56,0.46649,-27.82,0.88,15.58,94.53,-4.71,52.92
21,57,0.47467,-27.05,0.84,16.06,94.03,-4.81,58.96
21,58,0.48358,-25.73,0.77,17.08,147.60,-7.86,113.70
21,59,0.49182,-24.48,0.70,18.15,152.59,-8.35,130.37
21,60,0.50000,-23.95,0.67,18.67,64.55,-3.65,63.06
21,61,0.50824,-23.44,0.64,19.21,61.11,-3.60,65.93
21,62,0.51697,-22.86,0.61,20.02,66.78,-4.22,92.31
21,63,0.52509,-22.32,0.57,20.85,66.92,-4.42,103.01
21,64,0.53387,-21.98,0.54,21.73,38.19,-3.16,99.65
21,65,0.54193,-21.69,0.52,22.62,35.98,-3.30,110.61
21,66,0.55005,-21.68,0.50,23.39,1.13,-1.58,94.36
21,67,0.55835,-21.71,0.49,24.15,-3.68,-1.35,92.28
21,68,0.56653,-21.89,0.49,24.81,-21.27,-0.42,80.97
21,69,0.57513,-22.09,0.49,25.47,-23.76,-0.28,75.89
21,70,0.58392,-22.39,0.49,25.96,-34.38,0.51,55.90
21,71,0.59155,-22.72,0.50,26.43,-42.80,0.73,61.60
21,72,0.59979,-23.10,0.51,26.29,-45.56,2.12,-16.67
21,73,0.60895,-23.46,0.53,26.13,-40.00,1.93,-17.67
21,74,0.61658,-23.57,0.54,25.61,-14.00,1.66,-68.00
21,75,0.62500,-23.64,0.56,25.07,-8.70,1.40,-64.13
21,76,0.63342,-22.90,0.56,23.01,87.68,0.44,-244.93
21,77,0.64215,-22.06,0.56,21.00,96.85,-0.22,-230.07
21,78,0.64990,-20.44,0.50,20.61,208.66,-7.68,-50.39
21,79,0.65820,-18.81,0.44,20.32,196.32,-7.43,-34.93
21,80,0.66650,-17.93,0.37,22.28,105.88,-8.19,236.76
21,81,0.67487,-17.15,0.30,24.31,93.43,-7.74,242.70
21,82,0.68384,-16.46,0.20,28.67,77.21,-11.09,485.71
21,83,0.69183,-15.99,0.11,33.07,59.16,-11.34,550.00
21,84,0.69983,-15.65,0.01,38.73,42.37,-13.27,708.40
21,85,0.70819,-15.59,-0.09,44.41,6.93,-11.37,679.20
21,86,0.71680,-15.64,-0.19,50.54,-6.03,-11.33,712.06
21,87,0.72516,-15.82,-0.28,56.68,-21.17,-11.11,733.94
21,88,0.73364,-16.60,-0.36,63.89,-92.09,-10.10,850.72
21,89,0.74164,-17.38,-0.45,71.10,-98.09,-10.70,901.15
21,90,0.75012,-18.60,-0.49,76.89,-143.17,-5.25,682.37
21,91,0.75854,-19.82,-0.54,82.69,-144.57,-5.34,688.41
21,92,0.76660,-21.61,-0.58,89.47,-222.35,-4.65,842.42
21,93,0.77496,-23.40,-0.61,96.26,-214.60,-4.47,811.68
21,94,0.78333,-25.47,-0.64,102.79,-247.08,-2.62,781.02
21,95,0.79150,-27.53,-0.66,109.32,-252.61,-2.71,797.76
21,96,0.79980,-29.60,-0.67,114.97,-249.26,-0.94,680.51
21,97,0.80823,-31.66,-0.67,120.59,-244.57,-0.87,667.39
21,98,0.81659,-32.77,-0.67,123.31,-132.12,0.07,325.55
21,99,0.82477,-33.87,-0.67,126.03,-135.07,0.10,332.46
21,100,0.83325,-34.87,-0.67,128.42,-117.99,0.20,282.37
21,101,0.84174,-35.87,-0.67,130.81,-117.63,0.20,281.65
21,102,0.84979,-36.71,-0.67,132.82,-103.79,0.20,248.86
21,103,0.85858,-37.54,-0.66,134.82,-95.14,0.16,228.12
21,104,0.86670,-38.38,-0.66,136.83,-103.01,0.18,246.99
21,105,0.87518,-39.22,-0.66,138.83,-98.56,0.17,236.33
21,106,0.88342,-40.05,-0.60,140.84,-101.48,6.95,243.33
21,107,0.89172,-40.89,-0.48,142.85,-100.74,15.46,241.91
21,108,0.89996,-41.77,-0.41,144.96,-106.67,8.32,256.30
21,109,0.90826,-42.65,-0.34,147.07,-105.88,8.24,254.41
21,110,0.91663,-43.59,-0.27,149.32,-112.77,8.72,268.61
21,111,0.92505,-44.53,-0.19,151.57,-112.32,8.66,267.03
21,112,0.93353,-45.54,-0.12,153.92,-119.06,9.03,278.06
21,113,0.94177,-46.55,-0.04,156.29,-122.59,9.31,286.67
21,114,0.95062,-47.64,0.04,158.79,-123.10,9.21,282.41
21,115,0.95874,-48.73,0.12,161.29,-134.21,10.01,307.89
21,116,0.96710,-49.82,0.20,163.78,-130.29,9.73,298.91
21,117,0.97491,-50.91,0.29,166.28,-139.45,10.43,319.92
21,118,0.98328,-52.00,0.37,168.78,-130.29,9.73,298.91
21,119,0.99139,-53.09,0.45,171.28,-134.21,10.02,307.89
21,120,1.00006,-54.19,0.53,173.80,-126.76,9.46,290.49
21,121,1.00836,-55.29,0.61,176.32,-132.35,9.88,303.31
21,122,1.01660,-56.39,0.69,178.84,-133.33,9.96,305.56
21,123,1.02490,-57.49,0.78,181.36,-132.72,9.89,304.04
21,124,1.03326,-58.81,0.88,184.41,-158.39,11.88,364.96
21,125,1.04144,-60.14,0.98,187.47,-161.94,12.16,373.51
21,126,1.04974,-61.50,1.08,190.64,-164.34,12.43,382.35
21,127,1.05823,-62.87,1.18,193.81,-160.79,12.17,374.10
21,128,1.06653,-64.23,1.28,196.99,-164.34,12.44,382.35
21,129,1.07501,-65.60,1.39,200.17,-161.15,12.18,374.82
21,130,1.08337,-67.16,1.51,203.81,-186.50,14.14,435.40
21,131,1.09149,-68.72,1.63,207.45,-192.48,14.59,448.87
21,132,1.09973,-70.43,1.58,211.49,-207.78,-5.66,489.63
21,133,1.10852,-72.14,1.33,215.52,-194.79,-27.88,458.68
21,134,1.11652,-73.75,1.04,219.45,-201.15,-36.99,491.22
21,135,1.12506,-75.35,0.77,223.35,-187.14,-30.96,456.43
21,136,1.13348,-76.14,0.66,225.01,-94.20,-13.94,197.83
21,137,1.14154,-76.95,0.54,226.69,-99.62,-14.67,208.33
21,138,1.14978,-78.39,0.35,229.27,-175.19,-23.03,312.96
21,139,1.15833,-79.83,0.16,231.85,-168.93,-22.19,301.43
21,140,1.16656,-81.38,-0.02,234.19,-187.41,-22.06,284.81
21,141,1.17511,-82.93,-0.21,236.54,-181.07,-21.28,274.64
21,142,1.18341,-84.59,-0.39,238.75,-200.37,-21.62,266.91
21,143,1.19171,-86.25,-0.56,240.97,-200.37,-21.60,266.91
21,144,1.19983,-87.92,-0.74,243.19,-204.89,-22.11,272.93
21,145,1.20831,-89.58,-0.92,245.40,-196.40,-21.17,261.15
21,146,1.21649,-91.33,-1.11,247.69,-214.18,-22.83,280.22
21,147,1.22485,-93.10,-1.30,249.99,-211.31,-22.46,274.82
21,148,1.23346,-96.21,-1.56,252.77,-361.35,-30.78,323.40
21,149,1.24176,-99.33,-1.83,255.56,-376.10,-32.00,336.03
21,150,1.25000,-103.55,-2.00,258.65,-511.85,-20.31,374.44
21,151,1.25824,-107.76,-2.08,261.73,-510.74,-9.95,374.44
21,152,1.26715,-111.42,-2.17,264.81,-410.96,-10.03,344.86
21,153,1.27502,-115.08,-2.26,267.90,-464.34,-11.45,392.25
21,154,1.28333,-118.37,-2.41,272.31,-396.69,-18.81,531.62
21,155,1.29156,-121.66,-2.57,276.73,-399.63,-18.99,536.30
21,156,1.30005,-124.84,-2.75,281.53,-374.46,-20.71,565.83
21,157,1.30817,-128.00,-2.92,286.31,-389.47,-21.55,588.72
21,158,1.31659,-129.91,-3.04,289.41,-226.81,-13.76,368.48
21,159,1.32495,-131.82,-3.15,292.52,-228.47,-13.83,371.53
21,160,1.33374,-134.00,-3.28,295.96,-247.92,-14.47,391.32
21,161,1.34216,-136.12,-3.40,299.29,-251.45,-14.62,395.29
21,162,1.35022,-138.46,-3.53,302.68,-291.29,-15.25,421.59
21,163,1.35883,-140.82,-3.65,306.08,-273.76,-14.30,395.04
21,164,1.36694,-143.38,-3.77,309.59,-315.79,-15.38,431.95
21,165,1.37567,-145.95,-3.90,313.09,-294.41,-14.26,401.05
21,166,1.38385,-148.62,-4.02,316.47,-326.49,-14.37,413.06
21,167,1.39197,-151.30,-4.13,319.85,-329.70,-14.47,416.54
21,168,1.40033,-154.12,-4.25,323.29,-337.23,-14.18,412.04
21,169,1.40851,-156.92,-4.29,326.73,-342.91,-4.20,419.78
21,170,1.41675,-159.40,-4.45,329.95,-300.00,-19.70,390.74
21,171,1.42511,-161.83,-4.59,333.14,-291.24,-16.99,382.12
21,172,1.43353,-163.46,-4.72,335.84,-193.84,-15.15,320.65
21,173,1.44189,-165.05,-4.84,338.52,-189.78,-14.45,319.71
21,174,1.45013,-165.73,-4.92,340.60,-81.85,-10.11,252.59
21,175,1.45831,-166.37,-5.00,342.66,-79.10,-10.04,252.24
21,176,1.46698,-166.44,-5.07,344.37,-7.75,-7.09,197.18
21,177,1.47546,-166.47,-5.13,346.06,-3.96,-7.22,198.92
21,178,1.48425,-165.93,-5.19,347.66,61.81,-7.57,182.29
21,179,1.49200,-165.36,-5.29,349.27,73.62,-12.81,207.87
21,180,1.50024,-164.29,-5.43,351.04,129.26,-16.51,214.44
21,181,1.50861,-163.22,-5.48,352.82,128.47,-6.22,213.50
21,182,1.51721,-161.97,-5.59,354.91,145.74,-13.22,242.20
21,183,1.52515,-160.68,-5.71,357.01,161.54,-14.52,265.38
21,184,1.53369,-158.92,-5.85,359.48,206.07,-16.20,288.57
21,185,1.54218,-157.14,-5.99,361.94,210.43,-16.31,289.57
21,186,1.55023,-154.78,-6.14,364.47,292.42,-18.65,315.15
21,187,1.55865,-152.43,-6.29,367.00,279.71,-17.78,299.64
21,188,1.56696,-150.09,-6.42,369.28,281.99,-16.65,274.63
21,189,1.57550,-147.78,-6.56,371.52,269.29,-15.91,262.50
21,190,1.58368,-146.08,-6.66,373.19,208.58,-12.37,204.48
21,191,1.59216,-144.43,-6.76,374.81,193.88,-11.52,190.65
21,192,1.60046,-143.73,-6.81,375.61,85.29,-5.68,96.69
21,193,1.60864,-143.06,-6.85,376.37,81.34,-5.42,92.91
21,194,1.61694,-143.00,-6.86,376.51,7.72,-0.86,16.18
22,0,0.00000,0.00,0.00,0.00,17.52,-0.27,0.00
22,1,0.00836,0.15,-0.00,0.00,17.52,-0.23,0.00
22,2,0.01654,0.50,-0.01,0.10,43.66,-1.17,11.94
22,3,0.02484,0.86,-0.02,0.20,43.01,-1.17,11.76
22,4,0.03357,1.37,-0.04,0.48,58.74,-2.32,32.17
22,5,0.04156,1.89,-0.06,0.76,64.12,-2.53,35.11
22,6,0.05017,2.55,-0.09,1.17,77.30,-3.31,47.87
22,7,0.05823,3.22,-0.12,1.58,82.58,-3.51,51.14
22,8,0.06647,4.03,-0.15,2.11,98.89,-4.36,64.07
22,9,0.07483,4.85,-0.19,2.64,97.45,-4.28,63.14
22,10,0.08331,5.78,-0.23,3.30,110.07,-5.17,78.06
22,11,0.09167,6.71,-0.28,3.96,111.68,-5.22,79.20
22,12,0.10010,7.65,-0.32,4.62,110.87,-5.21,78.62
22,13,0.10840,8.58,-0.37,5.29,112.50,-5.27,79.78
22,14,0.11670,9.54,-0.41,6.03,115.81,-5.79,90.07
22,15,0.12500,10.50,-0.46,6.78,115.81,-5.79,90.07
22,16,0.13330,12.27,-0.56,8.27,212.13,-11.29,179.41
22,17,0.14160,14.03,-0.65,9.76,212.13,-11.26,179.41
22,18,0.15002,15.80,-0.77,11.77,210.14,-13.98,238.77
22,19,0.15839,17.57,-0.88,13.78,211.68,-14.09,240.51
22,20,0.16669,18.33,-0.96,15.26,91.91,-9.52,178.68
22,21,0.17511,19.09,-1.01,16.75,90.58,-6.15,176.09
22,22,0.18335,19.64,-0.99,18.07,66.67,3.29,160.00
22,23,0.19141,20.19,-1.01,19.38,68.18,-3.26,163.64
22,24,0.19983,20.57,-1.04,20.54,44.57,-2.52,136.59
22,25,0.20831,20.94,-1.06,21.69,44.24,-2.50,135.61
22,26,0.21667,21.15,-1.07,22.44,25.18,-1.59,90.51
22,27,0.22504,21.36,-1.08,23.20,25.18,-1.59,90.51
22,28,0.23315,21.50,-1.09,23.82,16.92,-1.25,75.94
22,29,0.24152,21.64,-1.10,24.43,16.42,-1.25,73.72
22,30,0.25043,21.77,-1.11,25.05,15.41,-1.14,69.18
22,31,0.25818,21.91,-1.12,25.67,17.72,-1.32,79.53
22,32,0.26672,21.99,-1.13,26.15,9.29,-0.88,56.43
22,33,0.27484,22.07,-1.14,26.63,9.77,-0.93,59.40
22,34,0.28320,22.15,-1.15,27.11,9.49,-0.91,57.66
22,35,0.29150,22.23,-1.15,27.59,9.56,-0.91,58.09
22,36,0.29999,22.28,-1.16,27.98,5.76,-0.69,45.68
22,37,0.30835,22.33,-1.17,28.37,5.84,-0.70,46.35
22,38,0.31647,22.38,-1.17,28.76,6.02,-0.73,47.74
22,39,0.32489,22.42,-1.17,29.14,5.80,0.61,46.01
22,40,0.33313,22.45,-1.15,29.46,2.96,1.80,38.52
22,41,0.34143,22.49,-1.14,29.78,5.15,1.20,38.24
22,42,0.34979,22.53,-1.13,29.99,4.01,1.46,25.18
22,43,0.35815,22.57,-1.12,30.20,5.47,0.94,24.82
22,44,0.36670,22.58,-1.11,30.31,1.43,1.18,12.86
22,45,0.37518,22.60,-1.11,30.41,2.16,0.41,12.59
22,46,0.38306,22.52,-1.10,30.36,-10.08,0.96,-6.59
22,47,0.39142,22.44,-1.11,30.31,-9.85,-0.70,-5.84
22,48,0.39966,21.95,-1.10,30.00,-59.63,0.52,-37.41
22,49,0.40820,21.44,-1.14,29.72,-59.29,-4.20,-33.21
22,50,0.41663,20.92,-1.16,29.46,-61.59,-2.14,-30.43
22,51,0.42499,20.39,-1.14,29.23,-63.50,1.43,-27.74
22,52,0.43323,19.45,-1.12,28.91,-114.81,2.46,-39.26
22,53,0.44165,18.48,-1.10,28.63,-114.13,2.35,-32.61
22,54,0.44989,17.30,-1.08,28.31,-144.07,2.94,-39.26
22,55,0.45837,16.09,-1.06,28.05,-141.73,2.81,-30.94
22,56,0.46667,15.21,-1.04,27.86,-106.62,2.10,-22.79
22,57,0.47491,14.32,-1.02,27.72,-108.52,2.06,-17.41
22,58,0.48340,12.68,-0.99,27.46,-193.17,3.67,-30.58
22,59,0.49170,11.03,-0.96,27.28,-198.90,3.65,-21.32
22,60,0.49994,10.29,-0.95,27.22,-89.26,1.60,-6.67
22,61,0.50836,9.55,-0.93,27.21,-87.68,1.51,-1.81
22,62,0.51660,8.56,-0.92,27.17,-120.74,2.12,-5.19
22,63,0.52484,7.56,-0.90,27.17,-120.74,2.04,0.74
22,64,0.53320,6.63,-0.88,27.08,-111.68,2.05,-11.68
22,65,0.54163,5.69,-0.87,27.02,-111.23,1.96,-6.16
22,66,0.54993,4.95,-0.85,26.83,-89.34,1.83,-23.53
22,67,0.55847,4.20,-0.84,26.67,-87.86,1.73,-18.57
22,68,0.56653,3.55,-0.82,26.45,-80.68,1.71,-27.27
22,69,0.57520,2.89,-0.81,26.26,-76.06,1.57,-21.48
22,70,0.58319,2.37,-0.80,26.03,-65.65,1.49,-29.39
22,71,0.59174,1.83,-0.79,25.82,-62.86,1.38,-24.64
22,72,0.59991,1.84,-0.78,25.42,1.12,0.61,-48.88
22,73,0.60828,1.83,-0.78,25.02,-1.09,0.64,-47.81
22,74,0.61676,2.22,-0.78,24.66,46.40,-0.25,-41.73
22,75,0.62500,2.60,-0.78,24.29,45.93,-0.19,-45.56
22,76,0.63330,4.63,-0.80,23.46,244.49,-2.89,-99.26
22,77,0.64154,6.61,-0.82,22.54,240.74,-2.61,-112.22
22,78,0.65002,8.14,-0.86,23.19,180.22,-4.06,76.98
22,79,0.65820,9.70,-0.89,23.77,190.67,-4.14,70.52
22,80,0.66663,9.66,-0.92,25.92,-5.43,-3.20,255.43
22,81,0.67505,9.72,-0.95,28.08,7.25,-3.43,255.80
22,82,0.68372,9.35,-1.00,32.47,-42.61,-5.81,507.39
22,83,0.69196,9.20,-1.05,36.88,-18.15,-6.59,535.19
22,84,0.70013,9.12,-1.13,42.56,-9.33,-8.80,693.66
22,85,0.70837,9.05,-1.20,48.23,-9.26,-8.72,688.89
22,86,0.71661,9.16,-1.28,54.36,13.70,-9.82,743.70
22,87,0.72510,9.27,-1.02,60.49,13.31,30.84,722.30
22,88,0.73370,8.82,-0.84,67.83,-52.48,20.62,852.48
22,89,0.74182,8.37,-0.66,75.05,-55.64,21.44,890.23
22,90,0.75024,7.42,-0.56,80.89,-111.96,12.92,693.48
22,91,0.75873,6.48,-0.45,86.75,-111.87,12.83,689.93
22,92,0.76703,5.00,-0.34,93.61,-177.57,12.91,826.84
22,93,0.77563,3.52,-0.23,100.47,-171.63,12.42,797.16
22,94,0.78381,1.76,-0.15,107.09,-215.30,10.31,809.33
22,95,0.79205,0.00,-0.06,113.70,-214.07,10.23,802.22
22,96,0.80017,-1.81,-0.01,119.44,-222.56,7.09,707.14
22,97,0.80859,-3.60,0.05,125.14,-213.04,6.78,676.81
22,98,0.81665,-4.58,0.07,127.91,-121.59,2.73,343.94
22,99,0.82526,-5.56,0.09,130.68,-113.48,2.52,321.28
22,100,0.83344,-6.45,0.11,133.11,-108.58,2.19,298.13
22,101,0.84174,-7.33,0.13,135.55,-106.62,2.12,293.01
22,102,0.85016,-8.07,0.14,137.59,-88.04,1.82,242.75
22,103,0.85852,-8.81,0.16,139.64,-88.69,1.79,244.53
22,104,0.86664,-9.56,0.17,141.68,-91.35,1.89,251.88
22,105,0.87506,-10.30,0.19,143.73,-88.04,1.77,242.75
22,106,0.88342,-11.04,0.21,145.77,-88.69,1.83,244.53
22,107,0.89166,-11.78,0.22,147.81,-90.37,1.75,248.15
22,108,0.90027,-12.56,0.24,149.97,-90.78,1.84,250.00
22,109,0.90839,-13.35,0.25,152.12,-96.24,1.98,265.04
22,110,0.91687,-14.18,0.24,154.41,-98.92,-1.93,269.78
22,111,0.92517,-15.02,0.12,156.70,-101.10,-14.48,275.74
22,112,0.93353,-15.92,-0.09,159.10,-107.30,-24.09,287.59
22,113,0.94196,-16.83,-0.36,161.52,-107.61,-31.90,287.68
22,114,0.95020,-17.80,-0.50,164.07,-118.15,-17.94,309.26
22,115,0.95886,-18.77,-0.71,166.62,-112.32,-23.41,294.01
22,116,0.96710,-19.75,-0.91,169.17,-118.15,-24.60,309.26
22,117,0.97540,-20.72,-1.11,171.72,-117.28,-24.44,306.99
22,118,0.98358,-21.69,-1.31,174.26,-119.03,-24.76,311.57
22,119,0.99170,-22.67,-1.52,176.81,-119.92,-24.99,313.91
22,120,1.00024,-23.65,-1.72,179.38,-114.64,-23.89,300.00
22,121,1.00867,-24.63,-1.92,181.94,-116.30,-24.19,304.35
22,122,1.01697,-25.61,-2.13,184.50,-118.01,-24.57,308.82
22,123,1.02527,-26.59,-2.33,187.08,-118.38,-24.70,310.29
22,124,1.03363,-27.77,-2.58,190.19,-141.24,-29.61,371.90
22,125,1.04187,-28.95,-2.83,193.30,-143.33,-30.03,377.78
22,126,1.05023,-30.17,-3.09,196.54,-145.26,-30.72,386.86
22,127,1.05847,-31.38,-3.34,199.77,-147.41,-31.20,392.59
22,128,1.06665,-32.60,-3.60,203.01,-148.51,-31.38,395.52
22,129,1.07526,-33.81,-3.86,206.25,-141.49,-29.95,376.95
22,130,1.08350,-35.21,-4.15,209.96,-168.89,-35.74,450.00
22,131,1.09180,-36.60,-4.45,213.67,-167.65,-35.54,447.79
22,132,1.10016,-38.12,-4.77,217.78,-182.12,-38.98,491.24
22,133,1.10858,-39.64,-5.10,221.89,-180.80,-38.70,487.68
22,134,1.11707,-41.07,-5.41,225.89,-167.99,-37.26,471.22
22,135,1.12518,-42.48,-5.73,229.84,-173.68,-38.49,486.47
22,136,1.13367,-43.19,-5.86,231.54,-84.53,-16.10,200.72
22,137,1.14178,-43.92,-6.00,233.26,-89.85,-17.04,212.03
22,138,1.15027,-45.25,-6.22,235.90,-155.76,-25.54,311.51
22,139,1.15881,-46.57,-6.43,238.54,-155.00,-25.31,308.93
22,140,1.16687,-48.01,-6.64,240.97,-178.41,-25.15,300.76
22,141,1.17523,-49.44,-6.84,243.38,-171.90,-24.20,288.69
22,142,1.18347,-51.00,-7.04,245.67,-189.26,-23.78,277.78
22,143,1.19171,-52.56,-7.23,247.96,-189.26,-23.71,277.78
22,144,1.20026,-54.12,-7.43,250.25,-182.50,-22.91,267.86
22,145,1.20874,-55.69,-7.62,252.54,-184.17,-23.11,270.14
22,146,1.21686,-57.33,-7.83,254.91,-202.26,-25.03,292.11
22,147,1.22534,-59.00,-8.03,257.29,-197.12,-24.17,280.94
22,148,1.23352,-61.98,-8.30,260.22,-363.81,-32.96,357.84
22,149,1.24188,-64.98,-8.57,263.15,-359.12,-32.40,350.73
22,150,1.25024,-69.05,-8.89,266.43,-486.50,-37.86,391.97
22,151,1.25867,-73.10,-9.07,269.71,-481.52,-21.55,388.77
22,152,1.26697,-76.62,-9.28,272.95,-423.53,-25.30,390.44
22,153,1.27545,-80.12,-9.49,276.22,-412.95,-25.04,385.61
22,154,1.28351,-83.21,-9.81,280.78,-382.95,-39.13,566.29
22,155,1.29175,-86.29,-10.12,285.35,-374.07,-38.39,554.81
22,156,1.30011,-89.24,-10.74,290.30,-352.55,-74.00,591.24
22,157,1.30859,-92.16,-11.42,295.20,-344.60,-80.39,578.06
22,158,1.31659,-93.92,-11.65,298.39,-220.61,-27.82,398.47
22,159,1.32513,-95.69,-11.75,301.58,-206.79,-12.38,373.93
22,160,1.33337,-97.64,-11.87,305.00,-236.67,-13.82,415.19
22,161,1.34174,-99.60,-11.98,308.43,-233.94,-13.64,409.49
22,162,1.35016,-101.78,-12.10,311.93,-259.42,-14.06,415.58
22,163,1.35858,-103.97,-12.22,315.43,-260.14,-14.07,415.94
22,164,1.36688,-106.37,-12.31,319.05,-288.97,-11.62,436.40
22,165,1.37531,-108.77,-12.56,322.67,-285.14,-29.29,429.71
22,166,1.38342,-111.29,-12.89,326.17,-309.40,-40.30,431.20
22,167,1.39172,-113.80,-13.27,329.67,-302.94,-46.02,421.69
22,168,1.40015,-116.46,-13.61,333.24,-315.22,-40.96,423.91
22,169,1.40839,-119.10,-13.96,336.81,-321.48,-41.86,432.96
22,170,1.41699,-121.42,-14.29,340.14,-269.50,-38.18,386.88
22,171,1.42523,-123.72,-14.62,343.46,-279.26,-39.67,402.59
22,172,1.43335,-125.23,-14.91,346.23,-185.34,-35.72,341.73
22,173,1.44183,-126.71,-15.19,348.99,-174.82,-34.09,325.18
22,174,1.45038,-127.29,-15.44,351.10,-67.50,-28.45,247.14
22,175,1.45886,-127.85,-15.68,353.20,-66.55,-28.57,247.84
22,176,1.46686,-127.84,-15.89,354.90,1.53,-26.73,211.83
22,177,1.47534,-127.81,-16.11,356.59,3.24,-25.21,199.28
22,178,1.48364,-127.20,-16.33,358.16,74.26,-26.78,189.71
22,179,1.49231,-126.57,-16.55,359.74,72.54,-25.75,182.04
22,180,1.50012,-125.42,-16.81,361.46,146.48,-33.43,219.92
22,181,1.50873,-124.27,-17.08,363.18,133.69,-30.43,200.35
22,182,1.51819,-122.92,-17.38,365.21,142.58,-32.49,213.87
22,183,1.52594,-121.56,-17.69,367.24,175.59,-39.90,262.20
22,184,1.53400,-119.70,-18.06,369.61,231.06,-46.04,293.94
22,185,1.54175,-117.83,-18.43,371.98,241.73,-47.87,305.51
22,186,1.55005,-115.36,-18.84,374.40,297.79,-48.49,292.28
22,187,1.55841,-112.88,-19.24,376.82,295.62,-47.96,289.42
22,188,1.56665,-110.44,-19.61,378.99,296.67,-44.85,263.33
22,189,1.57520,-108.01,-19.97,381.15,284.29,-42.81,252.14
22,190,1.58337,-106.23,-20.24,382.74,217.91,-33.01,194.40
22,191,1.59180,-104.47,-20.51,384.31,208.70,-31.66,186.59
22,192,1.60022,-103.73,-20.64,385.08,88.41,-14.96,91.30
22,193,1.60852,-103.00,-20.76,385.83,87.50,-14.82,90.81
22,194,1.61682,-102.93,-20.78,385.96,8.46,-2.35,15.81
23,0,0.00000,0.00,0.00,0.00,2.55,-0.42,17.52
23,1,0.00836,0.02,-0.00,0.15,2.55,-0.42,17.52
23,2,0.01654,-0.03,-0.01,0.52,-5.97,-1.02,45.15
23,3,0.02502,-0.08,-0.02,0.89,-5.76,-0.97,43.53
23,4,0.03326,-0.28,-0.03,1.43,-24.81,-1.39,66.30
23,5,0.04187,-0.49,-0.04,1.98,-23.76,-1.35,63.48
23,6,0.04999,-0.80,-0.06,2.69,-38.72,-1.81,87.97
23,7,0.05835,-1.11,-0.07,3.41,-37.59,-1.75,85.40
23,8,0.06653,-1.53,-0.09,4.29,-50.37,-2.21,107.84
23,9,0.07495,-1.94,-0.11,5.17,-48.91,-2.14,104.71
23,10,0.08331,-2.46,-0.13,6.19,-62.77,-2.45,121.53
23,11,0.09198,-2.99,-0.15,7.20,-60.56,-2.36,117.25
23,12,0.09991,-3.51,-0.17,8.22,-66.15,-2.58,128.08
23,13,0.10828,-4.04,-0.19,9.23,-62.77,-2.45,121.53
23,14,0.11652,-4.64,-0.21,10.29,-73.70,-2.54,128.15
23,15,0.12488,-5.25,-0.23,11.35,-72.63,-2.50,126.28
23,16,0.13330,-6.48,-0.27,13.30,-146.01,-4.50,231.88
23,17,0.14166,-7.71,-0.31,15.26,-147.45,-4.56,233.94
23,18,0.14996,-9.46,-0.34,17.29,-210.29,-4.42,244.85
23,19,0.15839,-11.21,-0.38,19.32,-207.25,-4.37,240.94
23,20,0.16656,-12.57,-0.40,20.28,-166.79,-1.71,117.54
23,21,0.17487,-13.93,-0.41,21.24,-164.34,-1.71,115.81
23,22,0.18323,-15.16,-0.42,21.97,-147.08,-1.14,87.23
23,23,0.19165,-16.39,-0.43,22.70,-146.01,-1.13,86.59
23,24,0.19989,-17.48,-0.43,23.23,-131.85,-0.71,64.44
23,25,0.20837,-18.57,-0.44,23.76,-128.06,-0.68,62.59
23,26,0.21637,-19.29,-0.44,24.08,-90.08,-0.37,39.31
23,27,0.22491,-20.01,-0.45,24.39,-84.29,-0.35,36.79
23,28,0.23309,-20.60,-0.45,24.61,-72.39,-0.20,27.24
23,29,0.24164,-21.19,-0.45,24.84,-69.29,-0.19,26.07
23,30,0.24988,-21.78,-0.45,25.06,-71.85,-0.20,27.04
23,31,0.25848,-22.38,-0.45,25.28,-68.79,-0.19,25.89
23,32,0.26660,-22.84,-0.45,25.43,-57.52,-0.07,18.05
23,33,0.27509,-23.31,-0.45,25.57,-55.04,-0.07,17.27
23,34,0.28345,-23.78,-0.45,25.72,-55.84,-0.06,17.52
23,35,0.29199,-24.24,-0.46,25.87,-54.64,-0.07,17.14
23,36,0.29999,-24.62,-0.46,25.97,-46.95,-0.01,12.60
23,37,0.30823,-24.99,-0.46,26.07,-45.56,-0.01,12.22
23,38,0.31659,-25.37,-0.46,26.17,-44.89,-0.01,12.04
23,39,0.32501,-25.74,-0.46,26.27,-44.57,-0.01,11.96
23,40,0.33307,-26.06,-0.46,26.34,-38.64,0.03,8.71
23,41,0.34161,-26.37,-0.45,26.39,-36.79,0.07,6.43
23,42,0.34991,-26.58,-0.45,26.42,-25.37,0.09,2.57
23,43,0.35840,-26.79,-0.45,26.43,-25.18,0.11,1.44
23,44,0.36664,-26.90,-0.45,26.41,-13.33,0.12,-1.85
23,45,0.37518,-27.01,-0.45,26.39,-12.50,0.13,-2.50
23,46,0.38336,-26.93,-0.45,26.35,10.07,0.07,-5.60
23,47,0.39160,-26.84,-0.45,26.30,10.37,0.05,-5.19
23,48,0.39990,-26.30,-0.45,26.10,65.44,0.18,-23.90
23,49,0.40839,-25.75,-0.45,25.93,65.11,0.07,-20.14
23,50,0.41650,-25.19,-0.45,25.79,69.17,-0.00,-17.67
23,51,0.42505,-24.62,-0.45,25.67,66.79,-0.08,-13.57
23,52,0.43323,-23.63,-0.45,25.49,120.15,-0.22,-22.01
23,53,0.44171,-22.64,-0.45,25.36,116.91,-0.34,-15.47
23,54,0.45001,-21.41,-0.46,25.31,148.16,-0.74,-6.62
23,55,0.45850,-20.18,-0.47,25.31,144.96,-0.89,0.72
23,56,0.46667,-19.28,-0.47,25.41,110.07,-0.92,11.19
23,57,0.47528,-18.38,-0.48,25.54,104.61,-1.00,15.96
23,58,0.48334,-16.77,-0.50,25.95,199.62,-2.38,50.38
23,59,0.49194,-15.19,-0.52,26.43,183.69,-2.40,56.03
23,60,0.50006,-14.50,-0.53,26.69,84.96,-1.26,32.33
23,61,0.50854,-13.82,-0.54,26.99,79.86,-1.29,34.89
23,62,0.51660,-12.97,-0.56,27.50,106.44,-2.10,62.88
23,63,0.52515,-12.14,-0.58,28.05,97.14,-2.09,64.29
23,64,0.53320,-11.48,-0.60,28.71,81.82,-2.42,82.95
23,65,0.54175,-10.86,-0.62,29.42,72.86,-2.36,82.14
23,66,0.54993,-10.54,-0.64,30.11,38.43,-2.22,85.45
23,67,0.55835,-10.26,-0.66,30.83,32.97,-2.17,84.78
23,68,0.56653,-10.16,-0.67,31.51,13.06,-2.00,82.84
23,69,0.57513,-10.09,-0.69,32.19,8.16,-1.88,79.08
23,70,0.58344,-10.17,-0.70,32.76,-9.56,-1.54,68.75
23,71,0.59167,-10.28,-0.71,33.32,-13.33,-1.51,68.15
23,72,0.59998,-10.68,-0.71,33.34,-48.16,0.22,2.57
23,73,0.60840,-11.07,-0.71,33.34,-47.46,0.30,0.00
23,74,0.61652,-11.38,-0.70,32.91,-37.59,1.46,-53.38
23,75,0.62494,-11.66,-0.68,32.45,-33.70,1.46,-54.35
23,76,0.63324,-11.81,-0.63,30.26,-17.65,6.23,-263.24
23,77,0.64197,-11.84,-0.58,28.08,-3.50,5.83,-250.00
23,78,0.64990,-10.51,-0.57,27.08,167.31,1.94,-126.54
23,79,0.65826,-9.14,-0.55,26.16,164.60,1.57,-110.22
23,80,0.66663,-7.55,-0.60,27.61,190.15,-5.17,173.72
23,81,0.67511,-6.02,-0.64,29.15,179.50,-5.32,181.65
23,82,0.68317,-3.65,-0.74,32.87,294.70,-12.51,461.74
23,83,0.69208,-1.46,-0.84,36.71,245.55,-11.50,430.82
23,84,0.69989,1.11,-0.98,41.77,329.30,-17.04,647.66
23,85,0.70868,3.43,-1.11,46.95,263.89,-15.29,589.58
23,86,0.71655,5.83,-1.26,52.59,305.04,-18.50,716.28
23,87,0.72522,7.95,-1.40,58.35,244.01,-16.92,664.44
23,88,0.73334,9.55,-1.58,65.43,197.37,-21.45,872.18
23,89,0.74194,10.79,-1.75,72.57,143.97,-20.18,830.14
23,90,0.75012,10.93,-1.89,78.49,17.16,-16.93,723.13
23,91,0.75848,10.77,-2.03,84.41,-18.98,-16.34,708.03
23,92,0.76654,9.88,-2.18,91.37,-110.98,-19.42,864.39
23,93,0.77502,8.63,-2.34,98.28,-146.76,-18.06,814.39
23,94,0.78320,6.76,-2.48,104.87,-228.36,-17.38,805.97
23,95,0.79199,4.57,-2.62,111.36,-250.00,-15.65,737.85
23,96,0.80029,2.11,-2.73,116.85,-296.32,-13.58,661.40
23,97,0.80872,-0.62,-2.84,122.19,-323.19,-12.81,634.42
23,98,0.81659,-2.17,-2.89,124.69,-196.90,-6.18,317.05
23,99,0.82501,-3.84,-2.93,127.10,-198.55,-5.48,286.59
23,100,0.83337,-5.41,-2.97,129.17,-187.59,-4.62,247.08
23,101,0.84174,-6.98,-3.01,131.23,-187.59,-4.61,246.72
23,102,0.85010,-8.29,-3.04,132.96,-157.30,-3.86,206.93
23,103,0.85846,-9.61,-3.07,134.69,-157.30,-3.85,206.93
23,104,0.86652,-10.92,-3.11,136.42,-163.26,-4.02,214.77
23,105,0.87494,-12.24,-3.14,138.15,-156.16,-3.83,205.43
23,106,0.88342,-13.55,-3.17,139.88,-155.04,-3.82,203.96
23,107,0.89191,-14.87,-3.20,141.62,-155.04,-3.81,204.32
23,108,0.90009,-16.25,-3.24,143.44,-169.03,-4.16,222.76
23,109,0.90863,-17.63,-3.27,145.26,-161.79,-3.98,213.21
23,110,0.91675,-19.11,-3.31,147.20,-182.33,-4.45,238.72
23,111,0.92523,-20.59,-3.34,149.14,-174.46,-4.26,228.42
23,112,0.93341,-22.16,-3.43,151.17,-191.79,-10.56,248.13
23,113,0.94202,-23.73,-3.54,153.20,-182.62,-12.64,235.82
23,114,0.95007,-25.42,-3.64,155.34,-209.09,-12.43,266.29
23,115,0.95862,-27.10,-3.74,157.49,-197.14,-11.73,251.07
23,116,0.96655,-28.79,-3.84,159.63,-212.31,-12.63,270.38
23,117,0.97504,-30.47,-3.94,161.78,-198.56,-11.79,252.88
23,118,0.98340,-32.16,-4.04,163.92,-201.46,-11.99,256.57
23,119,0.99170,-33.84,-4.14,166.07,-202.94,-12.08,258.46
23,120,1.00000,-35.54,-4.24,168.23,-204.41,-12.16,260.29
23,121,1.00848,-37.23,-4.34,170.39,-200.00,-11.91,254.68
23,122,1.01691,-38.93,-4.44,172.55,-201.45,-11.96,256.52
23,123,1.02509,-40.63,-4.54,174.71,-207.46,-12.37,264.55
23,124,1.03345,-42.68,-4.67,177.33,-244.89,-14.61,313.50
23,125,1.04205,-44.73,-4.79,179.96,-238.30,-14.23,304.61
23,126,1.05035,-46.84,-4.92,182.68,-255.15,-15.31,328.68
23,127,1.05859,-48.96,-5.04,185.41,-257.04,-15.43,331.11
23,128,1.06683,-51.08,-5.17,188.14,-257.04,-15.41,331.11
23,129,1.07520,-53.20,-5.30,190.87,-253.65,-15.23,326.64
23,130,1.08331,-55.63,-5.44,194.00,-298.87,-17.95,385.71
23,131,1.09192,-58.06,-5.59,197.14,-282.27,-16.96,364.18
23,132,1.10016,-60.73,-5.75,200.61,-324.44,-19.59,421.48
23,133,1.10852,-63.40,-5.91,204.08,-319.34,-19.30,415.33
23,134,1.11676,-65.95,-6.07,207.48,-308.89,-19.04,411.85
23,135,1.12518,-68.48,-6.22,210.86,-301.09,-18.53,401.45
23,136,1.13330,-69.67,-6.29,212.27,-146.24,-8.29,174.06
23,137,1.14209,-70.86,-6.36,213.69,-135.76,-7.67,161.46
23,138,1.15009,-72.91,-6.46,215.82,-255.73,-13.15,266.79
23,139,1.15887,-74.95,-6.57,217.95,-232.64,-11.93,242.36
23,140,1.16681,-77.04,-6.67,219.84,-263.08,-12.20,237.31
23,141,1.17523,-79.13,-6.76,221.72,-247.83,-11.48,223.55
23,142,1.18335,-81.29,-6.86,223.44,-266.92,-11.39,212.41
23,143,1.19226,-83.46,-6.95,225.17,-243.15,-10.36,193.49
23,144,1.20032,-85.63,-7.04,226.89,-268.94,-11.48,214.02
23,145,1.20844,-87.80,-7.13,228.62,-267.29,-11.38,212.41
23,146,1.21667,-90.07,-7.23,230.40,-275.56,-11.61,215.93
23,147,1.22516,-92.35,-7.32,232.17,-268.71,-11.33,209.71
23,148,1.23315,-96.06,-7.45,234.09,-464.12,-15.18,239.31
23,149,1.24200,-99.77,-7.57,236.00,-420.00,-13.74,216.21
23,150,1.25018,-104.63,-7.82,237.93,-593.66,-30.86,235.45
23,151,1.25848,-109.48,-8.14,239.85,-584.56,-38.98,231.99
23,152,1.26672,-113.80,-8.44,241.91,-524.07,-36.57,249.26
23,153,1.27509,-118.12,-8.75,243.97,-516.06,-36.11,246.72
23,154,1.28363,-122.41,-9.10,247.41,-502.86,-41.66,402.86
23,155,1.29205,-126.71,-9.46,250.86,-510.14,-42.28,409.06
23,156,1.30042,-130.99,-9.83,254.71,-512.04,-44.43,460.22
23,157,1.30878,-135.26,-10.20,258.54,-510.58,-44.34,459.12
23,158,1.31659,-137.89,-10.44,261.07,-336.33,-30.04,323.05
23,159,1.32520,-140.52,-10.67,263.59,-305.67,-27.26,293.26
23,160,1.33331,-143.40,-10.92,266.28,-354.51,-31.25,331.20
23,161,1.34198,-146.27,-11.18,268.97,-332.04,-29.31,310.21
23,162,1.35010,-149.40,-11.44,271.66,-384.96,-32.83,331.95
23,163,1.35858,-152.52,-11.71,274.36,-368.35,-31.45,317.99
23,164,1.36664,-155.89,-11.99,277.11,-417.42,-34.86,341.29
23,165,1.37524,-159.25,-12.27,279.86,-391.13,-32.64,319.15
23,166,1.38330,-162.69,-12.55,282.46,-426.52,-34.58,322.73
23,167,1.39240,-166.13,-12.83,285.06,-377.85,-30.65,285.91
23,168,1.40057,-169.72,-13.12,287.68,-439.55,-35.17,320.90
23,169,1.40881,-173.31,-13.41,290.31,-435.93,-34.89,318.52
23,170,1.41669,-176.52,-13.67,292.80,-406.98,-33.34,316.67
23,171,1.42517,-179.71,-13.93,295.29,-376.62,-30.89,293.53
23,172,1.43341,-181.97,-14.00,297.49,-274.07,-8.38,267.41
23,173,1.44208,-184.22,-14.10,299.69,-259.86,-11.29,253.87
23,174,1.44995,-185.40,-14.16,301.54,-149.22,-8.63,234.50
23,175,1.45862,-186.57,-14.23,303.38,-135.21,-7.82,212.68
23,176,1.46674,-187.06,-14.28,305.00,-60.53,-6.00,199.62
23,177,1.47528,-187.55,-14.33,306.63,-56.79,-5.71,190.00
23,178,1.48334,-187.42,-14.37,308.31,15.15,-4.72,209.09
23,179,1.49213,-187.30,-14.41,310.00,14.24,-4.34,192.01
23,180,1.50031,-186.71,-14.44,311.98,71.64,-4.39,242.16
23,181,1.50861,-186.13,-14.48,313.96,70.59,-4.33,238.60
23,182,1.51678,-185.44,-14.52,316.29,84.33,-5.15,285.07
23,183,1.52502,-184.74,-14.56,318.63,84.07,-5.15,283.70
23,184,1.53333,-183.67,-14.61,321.44,129.41,-5.55,338.97
23,185,1.54187,-182.59,-14.65,324.26,126.43,-5.39,329.29
23,186,1.55011,-180.95,-14.70,327.31,199.26,-4.92,370.37
23,187,1.55835,-179.31,-14.74,330.36,199.26,-4.91,370.00
23,188,1.56665,-177.61,-14.77,333.15,204.04,-4.02,336.76
23,189,1.57526,-175.92,-14.80,335.94,196.45,-3.86,324.11
23,190,1.58331,-174.69,-14.83,337.99,152.65,-3.06,254.17
23,191,1.59180,-173.47,-14.85,340.03,144.24,-2.89,240.29
23,192,1.60046,-172.99,-14.86,340.99,55.63,-1.54,110.21
23,193,1.60876,-172.51,-14.88,341.93,57.72,-1.60,114.34
23,194,1.61670,-172.48,-14.88,342.08,3.46,-0.37,18.46
24,0,0.00000,0.00,0.00,0.00,-9.09,-0.93,15.91
24,1,0.00824,-0.07,-0.01,0.13,-8.89,-0.88,15.56
24,2,0.01672,-0.34,-0.02,0.39,-30.94,-1.89,30.94
24,3,0.02490,-0.60,-0.04,0.65,-32.09,-1.94,32.09
24,4,0.03363,-1.10,-0.06,0.96,-56.99,-2.22,35.31
24,5,0.04163,-1.59,-0.08,1.27,-62.21,-2.45,38.55
24,6,0.05005,-2.28,-0.10,1.64,-81.52,-2.87,44.57
24,7,0.05829,-2.97,-0.13,2.02,-83.33,-2.91,45.56
24,8,0.06659,-3.83,-0.16,2.47,-104.04,-3.51,54.04
24,9,0.07489,-4.69,-0.18,2.92,-104.04,-3.49,54.04
24,10,0.08344,-5.73,-0.22,3.40,-121.07,-3.75,56.79
24,11,0.09155,-6.76,-0.25,3.89,-127.44,-3.94,59.77
24,12,0.09979,-7.80,-0.28,4.37,-125.56,-3.86,58.89
24,13,0.10840,-8.83,-0.31,4.86,-120.21,-3.72,56.38
24,14,0.11658,-9.96,-0.34,5.33,-137.69,-3.82,57.09
24,15,0.12531,-11.08,-0.37,5.79,-129.02,-3.60,53.50
24,16,0.13318,-13.25,-0.43,6.59,-274.81,-6.94,100.78
24,17,0.14185,-15.41,-0.48,7.38,-249.65,-6.28,91.55
24,18,0.14984,-18.03,-0.53,7.92,-327.86,-5.35,67.94
24,19,0.15826,-20.65,-0.57,8.47,-311.23,-5.07,64.49
24,20,0.16669,-22.32,-0.57,8.39,-197.83,-0.49,-8.70
24,21,0.17511,-23.99,-0.58,8.32,-197.83,-1.11,-8.70
24,22,0.18359,-25.41,-0.60,8.15,-167.27,-1.44,-20.50
24,23,0.19171,-26.82,-0.60,7.97,-174.81,-1.14,-21.43
24,24,0.19989,-28.01,-0.60,7.73,-144.78,0.61,-29.85
24,25,0.20819,-29.19,-0.60,7.48,-142.65,0.13,-29.41
24,26,0.21661,-29.96,-0.59,7.29,-90.58,1.52,-22.83
24,27,0.22485,-30.72,-0.56,7.10,-92.59,2.55,-23.33
24,28,0.23340,-31.32,-0.56,6.91,-70.71,0.75,-21.79
24,29,0.24164,-31.93,-0.55,6.73,-73.33,0.78,-22.59
24,30,0.25006,-32.53,-0.55,6.54,-71.74,0.74,-22.10
24,31,0.25824,-33.14,-0.54,6.35,-73.88,0.78,-22.76
24,32,0.26666,-33.60,-0.53,6.19,-54.71,0.75,-19.93
24,33,0.27502,-34.06,-0.53,6.02,-55.11,0.77,-20.07
24,34,0.28345,-34.52,-0.52,5.85,-54.71,0.77,-19.93
24,35,0.29169,-34.98,-0.51,5.68,-55.93,0.77,-20.37
24,36,0.30023,-35.34,-0.51,5.53,-42.14,0.72,-17.50
24,37,0.30823,-35.70,-0.50,5.38,-45.04,0.77,-18.70
24,38,0.31702,-36.06,-0.50,5.23,-40.97,0.68,-17.01
24,39,0.32489,-36.42,-0.49,5.08,-45.74,0.78,-18.99
24,40,0.33337,-36.71,-0.48,4.95,-34.17,0.68,-15.83
24,41,0.34167,-36.99,-0.48,4.80,-33.82,0.80,-18.01
24,42,0.35016,-37.17,-0.47,4.69,-21.22,0.66,-13.31
24,43,0.35834,-37.34,-0.46,4.57,-21.27,0.73,-14.93
24,44,0.36664,-37.42,-0.46,4.49,-9.19,0.48,-9.56
24,45,0.37543,-37.49,-0.46,4.40,-8.33,0.51,-9.38
24,46,0.38330,-37.40,-0.46,4.42,11.63,0.00,1.55
24,47,0.39166,-37.31,-0.46,4.43,10.95,-0.04,2.19
24,48,0.40002,-36.76,-0.46,4.61,66.06,-0.73,20.80
24,49,0.40820,-36.22,-0.47,4.81,66.42,-0.96,24.63
24,50,0.41656,-35.68,-0.48,5.04,63.50,-1.15,27.37
24,51,0.42505,-35.17,-0.49,5.29,61.15,-1.34,30.22
24,52,0.43347,-34.28,-0.51,5.75,105.43,-2.42,54.35
24,53,0.44153,-33.41,-0.54,6.25,107.20,-2.88,62.12
24,54,0.44983,-32.41,-0.57,6.96,121.32,-4.19,85.29
24,55,0.45831,-31.44,-0.61,7.72,114.39,-4.46,89.21
24,56,0.46710,-30.78,-0.64,8.34,75.00,-3.67,70.83
24,57,0.47491,-30.15,-0.67,8.99,80.08,-4.43,83.59
24,58,0.48364,-29.12,-0.75,10.30,117.83,-8.09,149.30
24,59,0.49152,-28.16,-0.82,11.65,122.09,-9.39,171.71
24,60,0.49994,-27.77,-0.85,12.28,46.01,-4.16,74.64
24,61,0.50818,-27.42,-0.89,12.92,42.96,-4.39,78.52
24,62,0.51648,-27.05,-0.94,13.85,44.49,-6.41,111.40
24,63,0.52484,-26.73,-1.00,14.79,38.69,-6.52,112.77
24,64,0.53381,-26.61,-1.05,15.73,12.59,-6.24,104.76
24,65,0.54181,-26.55,-1.11,16.67,8.02,-7.01,116.79
24,66,0.55017,-26.73,-1.16,17.41,-21.17,-5.56,89.05
24,67,0.55847,-26.94,-1.20,18.15,-26.10,-5.58,88.60
24,68,0.56665,-27.27,-1.24,18.75,-40.30,-4.80,73.51
24,69,0.57520,-27.63,-1.28,19.33,-42.14,-4.47,68.21
24,70,0.58374,-28.05,-1.31,19.73,-48.21,-3.26,47.14
24,71,0.59186,-28.48,-1.33,20.11,-53.01,-3.24,46.24
24,72,0.59998,-28.81,-1.32,19.88,-40.60,1.37,-27.82
24,73,0.60840,-29.12,-1.31,19.64,-37.32,1.46,-28.99
24,74,0.61676,-29.10,-1.28,19.11,2.55,3.86,-63.50
24,75,0.62500,-29.04,-1.25,18.57,7.04,4.01,-65.56
24,76,0.63342,-27.82,-1.13,16.75,144.57,14.29,-215.94
24,77,0.64160,-26.51,-1.01,15.01,160.07,14.22,-213.06
24,78,0.64996,-24.85,-1.00,15.02,198.91,1.50,1.82
24,79,0.65833,-23.20,-0.99,15.14,197.45,0.77,13.87
24,80,0.66705,-22.83,-1.12,17.26,42.66,-14.36,243.01
24,81,0.67517,-22.56,-1.24,19.42,32.33,-15.85,265.79
24,82,0.68372,-22.96,-1.51,23.81,-46.07,-31.54,514.29
24,83,0.69220,-23.57,-1.78,28.19,-72.30,-31.88,516.19
24,84,0.70026,-24.62,-2.13,33.76,-130.68,-43.01,692.05
24,85,0.70856,-25.96,-2.48,39.29,-160.29,-41.61,665.07
24,86,0.71686,-27.22,-2.85,45.28,-152.94,-45.03,722.43
24,87,0.72510,-28.50,-3.22,51.29,-154.81,-45.44,728.89
24,88,0.73352,-30.57,-3.66,58.25,-245.29,-52.06,826.09
24,89,0.74188,-32.64,-4.10,65.19,-247.45,-52.35,830.66
24,90,0.75012,-34.87,-4.45,70.67,-271.11,-42.51,664.81
24,91,0.75848,-37.11,-4.80,76.15,-267.88,-41.96,655.84
24,92,0.76685,-40.09,-5.21,82.51,-356.93,-48.98,760.22
24,93,0.77521,-43.08,-5.47,88.86,-356.93,-30.38,759.85
24,94,0.78375,-46.29,-5.87,94.92,-375.36,-47.87,708.57
24,95,0.79175,-49.49,-6.18,100.96,-401.15,-38.79,756.11
24,96,0.79999,-52.55,-6.19,106.15,-370.37,-0.65,628.89
24,97,0.80872,-55.58,-5.70,111.31,-348.25,56.49,591.26
24,98,0.81708,-57.16,-5.40,113.78,-188.69,35.35,296.35
24,99,0.82526,-58.74,-5.23,116.26,-192.54,21.05,302.61
24,100,0.83350,-60.15,-5.13,118.43,-171.48,12.63,263.70
24,101,0.84174,-61.56,-5.07,120.60,-171.48,6.77,263.33
24,102,0.85004,-62.75,-5.07,122.42,-142.65,-0.42,219.49
24,103,0.85858,-63.93,-5.11,124.25,-138.57,-4.03,213.57
24,104,0.86688,-65.12,-5.18,126.07,-142.65,-8.84,219.49
24,105,0.87524,-66.30,-5.28,127.89,-141.61,-11.97,217.88
24,106,0.88361,-67.48,-5.36,129.71,-141.61,-9.67,217.88
24,107,0.89191,-68.67,-5.44,131.54,-142.65,-9.82,219.85
24,108,0.90002,-69.91,-5.53,133.46,-153.38,-10.65,236.47
24,109,0.90845,-71.16,-5.62,135.38,-147.83,-10.17,227.90
24,110,0.91681,-72.49,-5.71,137.42,-159.49,-11.06,243.80
24,111,0.92517,-73.83,-5.80,139.46,-159.49,-11.04,244.16
24,112,0.93372,-75.24,-5.90,141.60,-165.71,-11.64,250.36
24,113,0.94208,-76.66,-6.00,143.74,-169.71,-11.85,255.84
24,114,0.95026,-78.18,-6.11,146.00,-186.19,-13.15,276.87
24,115,0.95856,-79.71,-6.21,148.27,-183.46,-13.05,272.79
24,116,0.96667,-81.23,-6.32,150.53,-187.59,-13.25,278.95
24,117,0.97504,-82.75,-6.43,152.80,-182.12,-12.96,270.80
24,118,0.98358,-84.27,-6.54,155.06,-178.21,-12.59,265.00
24,119,0.99176,-85.80,-6.65,157.32,-186.19,-13.25,276.87
24,120,1.00018,-87.33,-6.75,159.60,-181.88,-12.85,270.65
24,121,1.00830,-88.86,-6.86,161.88,-188.72,-13.43,280.83
24,122,1.01691,-90.39,-6.97,164.16,-178.01,-12.58,264.89
24,123,1.02527,-91.93,-7.08,166.45,-183.58,-13.07,272.99
24,124,1.03339,-93.78,-7.24,169.21,-228.20,-19.92,340.60
24,125,1.04199,-95.63,-7.61,171.98,-215.25,-42.68,321.28
24,126,1.04999,-97.55,-8.09,174.85,-239.31,-59.92,359.92
24,127,1.05859,-99.46,-8.57,177.73,-222.34,-55.76,334.40
24,128,1.06665,-101.37,-9.05,180.61,-237.50,-59.47,357.20
24,129,1.07495,-103.29,-9.53,183.49,-230.88,-57.75,347.06
24,130,1.08350,-105.48,-10.08,186.79,-256.43,-64.33,386.07
24,131,1.09167,-107.67,-10.63,190.09,-267.91,-67.05,404.10
24,132,1.09991,-110.08,-11.23,193.75,-292.59,-73.48,444.07
24,133,1.10834,-112.49,-11.84,197.41,-285.87,-71.76,434.42
24,134,1.11670,-114.78,-12.41,200.99,-273.72,-69.19,427.37
24,135,1.12506,-117.06,-12.99,204.54,-272.26,-68.62,424.82
24,136,1.13348,-118.14,-13.24,206.04,-128.26,-29.67,177.90
24,137,1.14172,-119.23,-13.57,207.54,-132.22,-40.26,182.59
24,138,1.15002,-121.11,-14.20,209.82,-226.84,-75.37,274.26
24,139,1.15851,-122.99,-15.02,212.09,-221.94,-97.50,267.99
24,140,1.16681,-124.93,-16.01,214.12,-233.82,-119.01,244.85
24,141,1.17517,-126.88,-17.17,216.15,-232.48,-138.59,242.70
24,142,1.18335,-128.91,-18.34,218.03,-248.88,-143.11,229.85
24,143,1.19177,-130.95,-19.48,219.91,-241.67,-134.91,223.19
24,144,1.20007,-133.01,-20.63,221.82,-248.90,-138.65,229.78
24,145,1.20837,-135.05,-21.77,223.70,-245.59,-137.12,226.47
24,146,1.21722,-137.19,-22.95,225.64,-241.03,-134.20,219.31
24,147,1.22528,-139.36,-24.15,227.59,-269.32,-149.16,241.67
24,148,1.23358,-142.91,-26.00,229.77,-428.68,-222.13,262.50
24,149,1.24200,-146.50,-27.85,231.95,-426.09,-220.35,259.06
24,150,1.25006,-151.21,-30.21,234.23,-583.71,-292.83,282.58
24,151,1.25842,-155.89,-32.56,236.50,-560.58,-280.99,272.26
24,152,1.26685,-160.05,-34.69,238.87,-493.12,-252.75,280.80
24,153,1.27515,-164.20,-36.82,241.27,-500.00,-256.62,288.97
24,154,1.28345,-168.23,-39.08,245.02,-486.03,-271.64,451.84
24,155,1.29193,-172.26,-41.33,248.78,-475.18,-265.61,443.17
24,156,1.30005,-176.25,-43.62,252.93,-491.35,-281.86,511.28
24,157,1.30841,-180.20,-45.88,257.04,-472.26,-270.62,491.97
24,158,1.31677,-182.64,-47.30,259.75,-291.24,-169.73,324.09
24,159,1.32526,-185.08,-48.36,262.46,-287.77,-124.29,319.78
24,160,1.33386,-187.75,-49.21,265.36,-310.64,-99.01,336.17
24,161,1.34204,-190.43,-50.16,268.25,-327.61,-116.94,353.73
24,162,1.35028,-193.35,-51.11,271.17,-354.07,-114.80,354.07
24,163,1.35840,-196.27,-52.06,274.09,-360.15,-116.61,359.77
24,164,1.36725,-199.42,-53.05,277.08,-356.21,-112.20,337.59
24,165,1.37543,-202.58,-54.04,280.06,-385.82,-121.20,364.93
24,166,1.38385,-205.81,-55.02,282.90,-384.06,-116.22,337.68
24,167,1.39203,-209.05,-56.00,285.75,-395.90,-119.65,347.76
24,168,1.40033,-212.51,-57.03,288.68,-416.18,-123.75,353.68
24,169,1.40863,-215.88,-58.03,291.56,-406.62,-120.86,346.32
24,170,1.41705,-218.89,-58.95,294.28,-357.61,-109.83,323.19
24,171,1.42548,-221.87,-59.87,296.99,-352.90,-108.64,321.38
24,172,1.43372,-223.96,-60.60,299.35,-253.70,-88.32,287.04
24,173,1.44202,-226.00,-61.31,301.70,-246.32,-86.32,282.35
24,174,1.45032,-227.04,-61.81,303.62,-125.00,-59.80,231.99
24,175,1.45874,-228.05,-62.30,305.54,-119.57,-58.21,227.54
24,176,1.46729,-228.41,-62.65,307.19,-43.21,-41.09,193.57
24,177,1.47589,-228.76,-63.00,308.85,-39.72,-40.42,192.20
24,178,1.48376,-228.51,-63.26,310.52,31.01,-33.75,212.40
24,179,1.49225,-228.25,-63.53,312.20,31.29,-31.22,198.56
24,180,1.50037,-227.51,-63.77,314.15,90.60,-30.25,239.85
24,181,1.50879,-226.78,-64.02,316.10,87.32,-29.13,231.52
24,182,1.51721,-225.92,-64.31,318.38,101.81,-33.98,270.29
24,183,1.52551,-225.04,-64.59,320.68,106.25,-34.61,276.84
24,184,1.53387,-223.76,-64.90,323.40,152.92,-36.55,325.91
24,185,1.54218,-222.45,-65.20,326.14,157.72,-36.74,329.78
24,186,1.55048,-220.59,-65.46,329.06,224.26,-31.07,351.84
24,187,1.55872,-218.73,-65.72,331.97,225.93,-31.13,352.96
24,188,1.56726,-216.83,-65.92,334.63,221.43,-24.15,311.79
24,189,1.57550,-214.97,-66.13,337.26,226.67,-24.86,318.89
24,190,1.58392,-213.59,-66.28,339.21,163.41,-18.28,231.52
24,191,1.59235,-212.26,-66.43,341.11,158.33,-17.66,225.36
24,192,1.60071,-211.71,-66.52,342.02,65.69,-10.35,109.49
24,193,1.60876,-211.18,-66.60,342.90,65.15,-10.20,108.71
24,194,1.61700,-211.14,-66.62,343.04,4.81,-2.52,17.41
25,0,0.00000,0.00,0.00,0.00,11.40,-0.66,13.60
25,1,0.00848,0.09,-0.01,0.11,11.15,-0.69,13.31
25,2,0.01678,0.25,-0.02,0.45,18.38,-1.40,40.81
25,3,0.02502,0.40,-0.03,0.79,18.52,-1.45,41.11
25,4,0.03320,0.51,-0.04,1.36,13.43,-1.70,70.15
25,5,0.04211,0.62,-0.06,1.94,12.33,-1.51,64.38
25,6,0.05005,0.72,-0.07,2.71,13.08,-2.15,97.69
25,7,0.05865,0.83,-0.09,3.49,12.06,-1.98,90.07
25,8,0.06659,0.94,-0.11,4.46,13.85,-2.53,121.92
25,9,0.07526,1.05,-0.13,5.42,12.68,-2.31,111.62
25,10,0.08344,1.13,-0.15,6.56,10.07,-2.71,139.55
25,11,0.09235,1.21,-0.17,7.71,9.25,-2.44,128.08
25,12,0.09991,1.29,-0.20,8.85,10.89,-2.93,150.81
25,13,0.10840,1.38,-0.22,9.99,9.71,-2.59,134.53
25,14,0.11664,1.41,-0.24,11.21,4.07,-2.55,147.78
25,15,0.12531,1.44,-0.26,12.42,3.87,-2.45,140.49
25,16,0.13342,1.41,-0.30,14.73,-3.76,-4.50,284.21
25,17,0.14178,1.38,-0.33,17.04,-3.65,-4.34,275.91
25,18,0.15021,0.96,-0.36,19.68,-50.72,-3.03,313.77
25,19,0.15881,0.53,-0.39,22.32,-49.65,-2.97,307.09
25,20,0.16650,-0.13,-0.38,23.86,-86.11,0.24,199.21
25,21,0.17511,-0.80,-0.38,25.39,-76.95,0.24,178.01
25,22,0.18323,-1.46,-0.37,26.65,-82.33,0.84,155.64
25,23,0.19183,-2.13,-0.37,27.91,-77.66,0.77,146.81
25,24,0.20020,-2.78,-0.36,28.93,-77.74,1.18,121.90
25,25,0.20844,-3.43,-0.35,29.95,-78.89,1.20,123.70
25,26,0.21680,-3.88,-0.34,30.60,-54.01,0.94,77.01
25,27,0.22516,-4.34,-0.33,31.24,-54.01,0.96,77.01
25,28,0.23322,-4.73,-0.32,31.74,-48.48,0.98,61.74
25,29,0.24225,-5.12,-0.32,32.24,-43.24,0.88,55.07
25,30,0.25006,-5.51,-0.31,32.73,-50.00,0.96,63.67
25,31,0.25867,-5.90,-0.30,33.23,-45.39,0.94,57.80
25,32,0.26654,-6.22,-0.29,33.60,-40.70,0.88,46.90
25,33,0.27515,-6.54,-0.29,33.97,-37.23,0.82,42.91
25,34,0.28320,-6.86,-0.28,34.34,-39.77,0.86,45.83
25,35,0.29181,-7.18,-0.27,34.71,-37.23,0.85,42.91
25,36,0.30005,-7.45,-0.27,34.99,-32.59,0.75,34.07
25,37,0.30859,-7.72,-0.26,35.27,-31.43,0.77,32.86
25,38,0.31653,-7.99,-0.25,35.55,-33.85,0.78,35.38
25,39,0.32544,-8.26,-0.25,35.83,-30.14,0.70,31.51
25,40,0.33325,-8.48,-0.24,36.05,-29.30,0.76,28.52
25,41,0.34192,-8.70,-0.24,36.29,-25.00,0.57,26.76
25,42,0.35022,-8.84,-0.23,36.44,-16.91,0.40,19.12
25,43,0.35852,-8.97,-0.23,36.61,-15.81,0.29,20.22
25,44,0.36664,-9.05,-0.23,36.69,-9.40,0.23,9.77
25,45,0.37506,-9.12,-0.23,36.77,-8.33,0.16,9.78
25,46,0.38342,-9.13,-0.23,36.68,-1.09,0.23,-11.31
25,47,0.39191,-9.14,-0.22,36.59,-1.80,0.25,-10.79
25,48,0.40015,-9.22,-0.21,36.01,-8.89,1.52,-69.63
25,49,0.40845,-9.32,-0.20,35.44,-12.50,1.61,-68.75
25,50,0.41681,-9.45,-0.18,34.88,-15.69,1.75,-67.52
25,51,0.42529,-9.61,-0.17,34.32,-18.71,1.84,-65.83
25,52,0.43365,-9.96,-0.14,33.39,-41.97,3.52,-111.68
25,53,0.44196,-10.36,-0.11,32.47,-47.79,3.75,-110.29
25,54,0.45032,-10.86,-0.07,31.35,-60.58,4.66,-134.31
25,55,0.45850,-11.43,-0.03,30.25,-68.66,4.98,-133.96
25,56,0.46655,-11.84,0.00,29.45,-51.89,3.75,-99.62
25,57,0.47522,-12.30,0.03,28.67,-52.82,3.64,-90.14
25,58,0.48334,-13.14,0.09,27.24,-103.76,7.08,-176.32
25,59,0.49194,-14.06,0.15,25.85,-106.03,6.97,-160.99
25,60,0.49988,-14.48,0.18,25.25,-53.85,3.44,-75.77
25,61,0.50867,-14.94,0.21,24.67,-51.74,3.17,-65.97
25,62,0.51642,-15.54,0.24,23.87,-77.17,4.82,-102.76
25,63,0.52515,-16.17,0.28,23.11,-73.08,4.41,-87.76
25,64,0.53320,-16.69,0.32,22.32,-64.39,4.21,-97.35
25,65,0.54187,-17.25,0.35,21.57,-64.08,4.05,-87.32
25,66,0.55005,-17.57,0.38,20.87,-39.18,2.99,-85.07
25,67,0.55847,-17.92,0.40,20.19,-42.03,3.01,-80.80
25,68,0.56677,-18.17,0.42,19.55,-29.41,2.48,-77.21
25,69,0.57520,-18.44,0.44,18.92,-32.61,2.53,-74.28
25,70,0.58344,-18.59,0.46,18.37,-18.52,1.86,-67.41
25,71,0.59186,-18.77,0.48,17.82,-21.38,1.91,-64.86
25,72,0.60016,-18.46,0.47,17.58,37.87,-1.04,-29.78
25,73,0.60846,-18.16,0.46,17.31,36.40,-0.97,-31.62
25,74,0.61694,-17.63,0.44,17.39,61.87,-2.69,9.35
25,75,0.62500,-17.11,0.41,17.44,65.53,-2.78,6.44
25,76,0.63361,-15.18,0.32,18.48,223.76,-11.09,120.92
25,77,0.64172,-13.20,0.22,19.43,243.23,-11.80,116.17
25,78,0.65002,-12.74,0.18,21.02,56.25,-5.44,192.28
25,79,0.65851,-12.19,0.13,22.60,64.39,-5.64,185.25
25,80,0.66663,-13.88,0.18,23.93,-208.27,5.79,164.29
25,81,0.67505,-15.51,0.22,25.34,-192.75,5.13,168.12
25,82,0.68329,-19.13,0.33,27.85,-440.37,13.01,304.44
25,83,0.69214,-22.63,0.43,30.54,-395.52,11.21,303.79
25,84,0.70032,-26.95,0.54,34.23,-527.24,14.16,451.12
25,85,0.70886,-31.07,0.65,38.13,-482.50,12.25,456.43
25,86,0.71661,-35.16,0.74,42.69,-527.95,11.93,588.58
25,87,0.72510,-39.02,0.82,47.45,-455.04,9.43,561.15
25,88,0.73322,-43.76,0.92,52.95,-583.83,12.77,677.44
25,89,0.74176,-48.22,1.01,58.68,-521.79,10.34,670.36
25,90,0.74994,-52.08,1.10,63.17,-471.64,10.34,548.51
25,91,0.75885,-55.71,1.17,67.84,-407.19,8.07,524.32
25,92,0.76654,-60.02,1.25,73.38,-561.11,11.15,720.24
25,93,0.77502,-64.05,1.32,79.13,-475.18,8.33,677.70
25,94,0.78326,-67.98,1.39,84.74,-476.30,8.33,681.48
25,95,0.79169,-71.62,1.45,90.55,-432.25,6.43,689.13
25,96,0.79993,-74.79,1.49,95.66,-384.44,5.56,620.74
25,97,0.80841,-77.69,1.53,100.93,-342.81,3.88,620.50
25,98,0.81653,-79.08,1.54,103.52,-170.30,1.74,319.17
25,99,0.82520,-80.33,1.55,106.18,-144.37,0.88,306.69
25,100,0.83325,-81.34,1.55,108.57,-125.00,0.28,296.59
25,101,0.84198,-82.34,1.55,110.96,-115.38,0.25,273.78
25,102,0.85010,-83.18,1.55,112.96,-103.76,0.18,246.99
25,103,0.85846,-84.03,1.56,114.97,-100.73,0.22,239.78
25,104,0.86682,-84.87,1.56,116.97,-100.73,0.20,239.78
25,105,0.87518,-85.71,1.56,118.98,-100.73,0.20,239.78
25,106,0.88373,-86.55,1.56,120.98,-98.57,0.20,234.64
25,107,0.89191,-87.40,1.56,122.99,-102.99,0.21,245.15
25,108,0.90009,-88.28,1.56,125.09,-108.21,0.21,257.84
25,109,0.90857,-89.17,1.57,127.20,-104.32,0.21,248.56
25,110,0.91656,-90.12,1.57,129.45,-119.08,0.29,280.53
25,111,0.92511,-91.07,1.57,131.69,-111.43,0.27,262.50
25,112,0.93341,-92.09,1.57,134.05,-122.43,0.36,283.82
25,113,0.94208,-93.10,1.58,136.40,-117.25,0.37,271.83
25,114,0.95050,-94.20,1.58,138.90,-130.43,0.50,296.38
25,115,0.95862,-95.30,1.58,141.39,-135.34,0.50,307.52
25,116,0.96661,-96.40,1.59,143.89,-137.40,0.53,312.21
25,117,0.97516,-97.50,1.59,146.39,-128.57,0.49,292.14
25,118,0.98322,-98.60,1.60,148.88,-136.36,0.52,309.85
25,119,0.99207,-99.69,1.60,151.38,-124.14,0.46,282.07
25,120,1.00000,-100.80,1.61,153.89,-139.23,0.57,316.92
25,121,1.00848,-101.90,1.69,156.41,-130.22,9.52,296.40
25,122,1.01660,-103.01,1.85,158.92,-136.09,19.80,309.77
25,123,1.02515,-104.11,1.93,161.44,-129.29,9.58,294.29
25,124,1.03326,-105.45,2.03,164.49,-164.29,12.24,375.56
25,125,1.04187,-106.78,2.13,167.54,-154.96,11.54,354.26
25,126,1.05023,-108.15,2.23,170.71,-164.23,12.35,379.20
25,127,1.05859,-109.53,2.33,173.88,-164.23,12.34,379.20
25,128,1.06659,-110.90,2.44,177.05,-171.76,12.90,396.56
25,129,1.07526,-112.27,2.54,180.22,-158.45,11.90,365.85
25,130,1.08319,-113.85,2.66,183.85,-198.08,14.92,458.08
25,131,1.09186,-115.42,2.78,187.49,-181.34,13.65,419.72
25,132,1.10016,-117.14,2.91,191.52,-207.72,15.78,485.29
25,133,1.10852,-118.87,2.83,195.55,-206.20,-9.68,481.75
25,134,1.11682,-120.49,2.56,199.47,-195.22,-32.51,472.43
25,135,1.12512,-122.11,2.29,203.39,-195.22,-31.70,472.06
25,136,1.13342,-122.91,2.18,205.05,-96.32,-14.15,200.74
25,137,1.14197,-123.71,2.06,206.72,-93.57,-13.75,195.00
25,138,1.15002,-125.16,1.87,209.30,-179.92,-23.56,319.70
25,139,1.15857,-126.61,1.68,211.87,-169.64,-22.24,301.43
25,140,1.16656,-128.16,1.50,214.22,-194.27,-22.76,293.13
25,141,1.17505,-129.71,1.32,216.56,-183.09,-21.42,276.26
25,142,1.18323,-131.38,1.14,218.77,-204.48,-21.97,270.15
25,143,1.19177,-133.06,0.96,220.98,-195.71,-21.01,258.57
25,144,1.20020,-134.73,0.78,223.19,-198.55,-21.31,262.32
25,145,1.20862,-136.40,0.70,225.40,-198.55,-9.25,262.32
25,146,1.21643,-138.16,0.56,227.68,-225.00,-17.36,292.58
25,147,1.22522,-139.92,0.48,229.97,-200.35,-9.11,260.42
25,148,1.23340,-143.04,0.40,232.75,-381.34,-10.18,339.18
25,149,1.24194,-146.16,0.32,235.52,-365.00,-9.76,324.64
25,150,1.25006,-150.38,0.24,238.59,-520.68,-10.00,378.57
25,151,1.25861,-154.61,0.15,241.67,-494.29,-9.52,359.64
25,152,1.26642,-158.28,0.07,244.73,-469.92,-11.37,392.19
25,153,1.27509,-161.95,-0.02,247.79,-423.59,-10.24,353.52
25,154,1.28302,-165.26,-0.13,252.20,-416.54,-13.45,555.00
25,155,1.29187,-168.56,-0.34,256.60,-373.45,-23.32,497.59
25,156,1.29999,-171.75,-0.58,261.39,-392.86,-29.63,590.23
25,157,1.30865,-174.94,-0.79,266.18,-367.96,-24.87,552.46
25,158,1.31659,-176.86,-0.93,269.28,-241.92,-17.28,390.38
25,159,1.32495,-178.78,-1.07,272.38,-229.56,-16.42,370.44
25,160,1.33313,-180.90,-1.22,275.70,-258.96,-18.09,405.97
25,161,1.34192,-183.01,-1.36,279.02,-240.97,-16.84,377.78
25,162,1.35022,-185.37,-1.52,282.40,-283.82,-18.53,408.09
25,163,1.35876,-187.73,-1.67,285.79,-275.71,-18.01,396.43
25,164,1.36670,-190.30,-1.83,289.29,-324.62,-20.30,440.77
25,165,1.37512,-192.88,-1.99,292.79,-305.80,-19.08,415.22
25,166,1.38318,-195.56,-2.15,296.16,-332.58,-19.62,418.56
25,167,1.39185,-198.24,-2.31,299.53,-309.51,-18.24,389.08
25,168,1.40027,-201.07,-2.47,302.97,-335.87,-19.29,407.97
25,169,1.40845,-203.90,-2.63,306.40,-345.90,-19.83,420.15
25,170,1.41650,-206.38,-2.78,309.61,-307.95,-18.56,398.48
25,171,1.42523,-208.86,-2.93,312.82,-284.27,-17.11,367.83
25,172,1.43329,-210.50,-3.05,315.52,-203.41,-14.79,334.47
25,173,1.44196,-212.14,-3.17,318.21,-189.08,-13.71,310.92
25,174,1.45013,-212.82,-3.25,320.29,-83.21,-10.21,254.48
25,175,1.45923,-213.50,-3.34,322.37,-74.83,-9.16,228.52
25,176,1.46692,-213.57,-3.40,324.07,-9.13,-7.91,220.24
25,177,1.47565,-213.64,-3.46,325.76,-8.04,-6.95,194.06
25,178,1.48358,-213.10,-3.51,327.36,67.69,-6.17,201.92
25,179,1.49194,-212.56,-3.56,328.96,64.23,-5.82,191.61
25,180,1.50018,-211.51,-3.60,330.74,128.52,-5.73,215.19
25,181,1.50879,-210.45,-3.65,332.51,123.05,-5.48,206.03
25,182,1.51740,-209.20,-3.71,334.60,145.04,-6.46,242.55
25,183,1.52545,-207.95,-3.76,336.69,154.92,-6.91,259.47
25,184,1.53375,-206.21,-3.82,339.14,209.93,-7.41,295.96
25,185,1.54230,-204.46,-3.88,341.60,203.93,-7.17,287.50
25,186,1.55054,-202.12,-3.94,344.15,284.81,-6.79,308.89
25,187,1.55890,-199.77,-4.00,346.69,280.66,-6.64,304.38
25,188,1.56696,-197.43,-4.21,348.98,290.15,-26.85,284.09
25,189,1.57532,-195.10,-4.31,351.27,278.83,-12.10,273.36
25,190,1.58356,-193.40,-4.41,352.94,206.30,-12.31,203.33
25,191,1.59216,-191.71,-4.52,354.62,197.16,-11.76,194.68
25,192,1.60034,-191.00,-4.56,355.42,86.19,-5.75,98.51
25,193,1.60858,-190.30,-4.61,356.23,85.19,-5.68,97.41
25,194,1.61694,-190.23,-4.62,356.36,7.66,-0.85,16.06
26,0,0.00000,0.00,0.00,0.00,9.26,-1.41,15.56
26,1,0.00824,0.08,-0.01,0.13,9.26,-1.37,15.56
26,2,0.01648,0.17,-0.05,0.49,11.85,-4.48,43.70
26,3,0.02502,0.27,-0.09,0.85,11.43,-4.32,42.14
26,4,0.03339,0.29,-0.15,1.43,2.19,-7.87,69.71
26,5,0.04205,0.31,-0.22,2.01,2.11,-7.59,67.25
26,6,0.05011,0.29,-0.31,2.81,-2.27,-11.30,98.48
26,7,0.05829,0.27,-0.40,3.59,-2.24,-11.05,95.90
26,8,0.06647,0.23,-0.51,4.56,-5.22,-13.78,118.66
26,9,0.07507,0.19,-0.62,5.54,-4.96,-13.09,113.12
26,10,0.08319,0.09,-0.76,6.67,-12.03,-16.54,140.23
26,11,0.09174,-0.01,-0.89,7.81,-11.43,-15.66,133.21
26,12,0.09979,-0.11,-1.03,8.95,-12.12,-16.66,141.29
26,13,0.10828,-0.20,-1.16,10.09,-11.51,-15.82,134.53
26,14,0.11646,-0.36,-1.30,11.30,-19.03,-17.69,147.76
26,15,0.12506,-0.52,-1.45,12.53,-18.79,-16.95,142.55
26,16,0.13324,-0.91,-1.73,14.80,-47.76,-33.77,277.99
26,17,0.14160,-1.31,-2.00,17.08,-47.81,-33.07,272.26
26,18,0.14990,-2.15,-2.33,19.62,-101.10,-39.17,306.62
26,19,0.15826,-2.99,-2.65,22.15,-100.36,-38.59,301.82
26,20,0.16669,-3.88,-2.85,23.55,-106.16,-23.50,167.03
26,21,0.17505,-4.78,-3.05,24.96,-106.93,-23.62,167.88
26,22,0.18329,-5.64,-3.21,26.10,-104.07,-20.27,138.89
26,23,0.19171,-6.49,-3.38,27.24,-101.81,-19.57,135.14
26,24,0.19995,-7.30,-3.52,28.14,-97.41,-16.64,109.63
26,25,0.20825,-8.09,-3.65,29.04,-95.96,-16.40,108.46
26,26,0.21655,-8.64,-3.74,29.61,-65.81,-10.46,68.01
26,27,0.22528,-9.19,-3.83,30.17,-62.59,-9.95,64.69
26,28,0.23383,-9.65,-3.89,30.60,-54.29,-8.09,50.36
26,29,0.24200,-10.11,-3.96,31.03,-56.72,-8.36,52.61
26,30,0.25006,-10.58,-4.03,31.46,-57.58,-8.53,53.41
26,31,0.25842,-11.04,-4.10,31.89,-55.11,-8.12,51.46
26,32,0.26721,-11.41,-4.15,32.21,-42.71,-5.91,35.76
26,33,0.27563,-11.79,-4.20,32.52,-44.57,-6.12,37.32
26,34,0.28394,-12.16,-4.25,32.84,-45.22,-6.21,37.87
26,35,0.29193,-12.54,-4.31,33.15,-46.95,-6.44,39.31
26,36,0.29999,-12.85,-4.35,33.39,-38.26,-4.96,29.55
26,37,0.30847,-13.16,-4.39,33.63,-36.33,-4.76,28.06
26,38,0.31726,-13.46,-4.43,33.87,-35.07,-4.55,27.08
26,39,0.32568,-13.77,-4.47,34.10,-36.59,-4.66,27.90
26,40,0.33398,-14.04,-4.50,34.28,-31.62,-3.87,22.06
26,41,0.34186,-14.30,-4.53,34.45,-34.11,-3.85,21.32
26,42,0.35010,-14.49,-4.55,34.55,-22.59,-2.32,12.22
26,43,0.35852,-14.68,-4.57,34.64,-22.46,-2.21,10.87
26,44,0.36731,-14.79,-4.57,34.67,-12.15,-0.84,3.12
26,45,0.37573,-14.89,-4.58,34.69,-12.32,-0.78,2.54
26,46,0.38403,-14.83,-4.57,34.62,6.99,1.28,-8.82
26,47,0.39197,-14.76,-4.56,34.54,8.85,1.59,-10.38
26,48,0.39990,-14.33,-4.49,34.15,53.85,7.82,-49.23
26,49,0.40833,-13.89,-4.43,33.78,52.90,7.21,-43.84
26,50,0.41724,-13.42,-4.37,33.43,52.40,6.67,-39.04
26,51,0.42554,-12.93,-4.32,33.10,59.19,6.94,-39.71
26,52,0.43384,-12.09,-4.22,32.56,101.10,11.66,-65.07
26,53,0.44183,-11.22,-4.13,32.06,109.16,11.71,-62.60
26,54,0.45007,-10.10,-4.02,31.54,135.56,12.86,-62.96
26,55,0.45831,-8.97,-3.92,31.08,137.41,12.09,-55.56
26,56,0.46716,-8.10,-3.85,30.82,97.93,7.47,-29.31
26,57,0.47559,-7.20,-3.79,30.60,106.88,7.43,-26.09
26,58,0.48383,-5.56,-3.70,30.36,199.26,11.61,-28.89
26,59,0.49182,-3.93,-3.61,30.21,203.44,10.66,-19.08
26,60,0.50000,-3.20,-3.58,30.19,90.30,4.09,-2.61
26,61,0.50836,-2.45,-3.55,30.21,89.05,3.45,2.19
26,62,0.51715,-1.46,-3.52,30.35,112.15,2.84,16.32
26,63,0.52563,-0.49,-3.51,30.55,114.75,2.14,23.02
26,64,0.53387,0.37,-3.51,30.92,104.81,-0.73,44.81
26,65,0.54181,1.21,-3.52,31.33,105.38,-1.56,52.31
26,66,0.54993,1.77,-3.56,31.86,68.80,-4.46,64.66
26,67,0.55847,2.29,-3.60,32.41,61.79,-4.85,65.00
26,68,0.56720,2.65,-3.65,33.00,40.91,-5.95,67.13
26,69,0.57562,2.97,-3.71,33.60,38.04,-6.51,71.38
26,70,0.58392,3.12,-3.77,34.16,17.28,-7.00,67.28
26,71,0.59174,3.22,-3.83,34.71,12.89,-7.53,71.09
26,72,0.59991,2.86,-3.86,34.89,-44.03,-4.26,21.27
26,73,0.60834,2.48,-3.89,35.03,-44.20,-3.87,17.03
26,74,0.61725,2.04,-3.88,34.75,-50.34,1.56,-31.85
26,75,0.62555,1.58,-3.86,34.39,-54.41,2.62,-42.65
26,76,0.63385,0.62,-3.67,32.43,-116.54,22.12,-236.76
26,77,0.64178,-0.20,-3.48,30.44,-103.46,24.31,-251.15
26,78,0.65002,0.64,-3.28,29.00,102.22,24.09,-174.07
26,79,0.65833,1.59,-3.09,27.67,114.34,23.16,-160.29
26,80,0.66718,3.61,-3.09,28.41,228.62,0.02,83.10
26,81,0.67560,5.65,-3.10,29.29,241.67,-1.82,104.71
26,82,0.68390,9.26,-3.24,31.82,434.93,-16.65,305.15
26,83,0.69189,12.77,-3.41,34.56,438.93,-20.70,341.98
26,84,0.70007,17.07,-3.65,38.25,526.49,-29.53,451.87
26,85,0.70837,21.20,-3.92,42.16,497.43,-32.98,471.32
26,86,0.71722,25.57,-4.23,46.46,493.45,-34.82,485.86
26,87,0.72577,29.72,-4.58,51.01,486.43,-40.36,532.14
26,88,0.73407,33.90,-5.08,56.95,503.31,-60.51,715.07
26,89,0.74188,37.74,-5.62,63.06,491.41,-68.78,782.42
26,90,0.75024,40.12,-6.13,68.47,285.04,-61.93,647.45
26,91,0.75854,42.24,-6.68,74.03,254.41,-65.76,669.85
26,92,0.76733,44.06,-7.38,80.81,207.64,-79.34,771.53
26,93,0.77521,45.54,-7.73,87.67,187.21,-44.19,870.93
26,94,0.78333,46.32,-7.91,94.48,96.62,-22.25,838.35
26,95,0.79187,46.75,-8.09,101.29,50.71,-21.57,797.14
26,96,0.79999,46.57,-8.26,107.30,-22.18,-20.73,740.98
26,97,0.80853,46.10,-8.43,113.21,-55.71,-19.69,691.07
26,98,0.81665,45.61,-8.60,116.10,-59.40,-21.78,356.77
26,99,0.82581,44.99,-8.93,118.96,-68.33,-35.58,312.33
26,100,0.83411,44.28,-9.26,121.46,-84.93,-40.27,300.74
26,101,0.84186,43.46,-9.54,123.91,-106.30,-35.47,315.75
26,102,0.85004,42.67,-9.76,125.93,-97.01,-27.32,247.39
26,103,0.85846,41.85,-9.98,127.95,-97.10,-26.36,239.49
26,104,0.86676,41.03,-10.21,129.96,-98.53,-26.70,242.65
26,105,0.87531,40.21,-10.43,131.98,-95.71,-25.90,235.71
26,106,0.88409,39.40,-10.65,133.99,-93.06,-25.18,229.17
26,107,0.89197,38.58,-10.87,136.01,-103.88,-28.15,256.20
26,108,0.90027,37.72,-11.10,138.13,-103.31,-28.14,255.51
26,109,0.90869,36.86,-11.34,140.25,-102.17,-27.72,252.17
26,110,0.91687,35.94,-11.58,142.51,-112.69,-30.28,275.75
26,111,0.92535,35.01,-11.83,144.77,-108.99,-29.22,266.19
26,112,0.93353,34.03,-12.09,147.13,-120.52,-31.71,289.55
26,113,0.94208,33.04,-12.35,149.51,-115.71,-30.39,277.86
26,114,0.95032,31.97,-12.63,152.02,-129.26,-33.35,304.81
26,115,0.95880,30.91,-12.90,154.53,-125.54,-32.29,296.04
26,116,0.96692,29.84,-13.17,157.04,-131.20,-33.84,309.40
26,117,0.97534,28.78,-13.45,159.56,-126.45,-32.53,298.19
26,118,0.98358,27.71,-13.72,162.07,-129.26,-33.29,304.81
26,119,0.99182,26.65,-14.00,164.58,-129.26,-33.29,304.81
26,120,1.00024,25.52,-14.29,167.24,-134.06,-34.51,315.94
26,121,1.00873,24.44,-14.56,169.77,-126.62,-32.48,297.84
26,122,1.01746,23.37,-14.84,172.29,-123.08,-31.65,289.51
26,123,1.02533,22.28,-15.12,174.87,-138.76,-35.64,326.74
26,124,1.03363,20.98,-15.46,177.93,-155.88,-40.32,369.12
26,125,1.04193,19.69,-15.79,181.01,-156.25,-40.50,370.59
26,126,1.05035,18.35,-16.14,184.19,-158.33,-41.47,378.62
26,127,1.05859,17.02,-16.49,187.38,-161.85,-42.35,387.04
26,128,1.06689,15.69,-16.84,190.57,-160.66,-42.08,384.19
26,129,1.07538,14.34,-17.19,193.80,-158.99,-41.60,380.22
26,130,1.08362,12.81,-17.59,197.45,-185.19,-48.60,443.70
26,131,1.09198,11.27,-18.00,201.14,-183.94,-48.30,441.24
26,132,1.10022,9.60,-18.44,205.19,-202.96,-53.89,491.48
26,133,1.10876,7.94,-18.88,209.23,-194.64,-51.87,472.86
26,134,1.11694,6.36,-19.32,213.18,-192.54,-53.21,482.84
26,135,1.12592,4.86,-19.73,216.93,-167.35,-46.03,417.69
26,136,1.13416,4.08,-19.91,218.61,-94.44,-21.85,203.33
26,137,1.14209,3.25,-20.10,220.36,-105.00,-23.69,221.15
26,138,1.15033,1.83,-20.37,222.96,-171.85,-32.89,314.81
26,139,1.15887,0.41,-20.64,225.53,-166.79,-31.36,301.07
26,140,1.16754,-1.11,-20.88,227.89,-175.70,-27.41,272.54
26,141,1.17548,-2.65,-21.11,230.24,-193.08,-29.75,296.54
26,142,1.18365,-4.29,-21.33,232.47,-200.75,-26.45,272.76
26,143,1.19202,-5.93,-21.55,234.70,-196.35,-25.87,266.79
26,144,1.20050,-7.57,-21.76,236.94,-193.53,-25.50,262.95
26,145,1.20868,-9.22,-21.98,239.17,-201.87,-26.50,273.51
26,146,1.21698,-10.95,-22.20,241.48,-208.09,-26.86,278.31
26,147,1.22546,-12.79,-22.58,243.84,-217.27,-44.51,277.34
26,148,1.23364,-15.88,-22.99,246.65,-376.87,-49.94,344.03
26,149,1.24200,-19.05,-23.39,249.49,-379.93,-48.30,339.78
26,150,1.25024,-23.24,-23.82,252.62,-508.15,-52.29,379.26
26,151,1.25867,-27.38,-24.25,255.74,-491.30,-51.31,371.01
26,152,1.26697,-31.01,-24.69,258.85,-437.50,-52.88,374.63
26,153,1.27539,-34.61,-25.15,262.08,-427.17,-54.41,382.97
26,154,1.28418,-37.86,-25.81,266.52,-369.79,-75.48,505.90
26,155,1.29211,-41.09,-26.48,271.00,-408.08,-84.28,564.62
26,156,1.30035,-44.22,-27.21,275.83,-379.63,-88.35,586.30
26,157,1.30872,-47.24,-27.92,280.52,-361.31,-84.47,560.22
26,158,1.31750,-49.12,-28.39,283.64,-213.89,-53.83,355.21
26,159,1.32550,-51.02,-28.87,286.78,-237.02,-59.50,392.75
26,160,1.33368,-53.09,-29.37,290.13,-253.73,-61.85,409.33
26,161,1.34216,-55.22,-29.89,293.53,-250.72,-60.55,400.72
26,162,1.35046,-57.53,-30.40,296.95,-278.68,-61.84,411.76
26,163,1.35870,-59.87,-30.91,300.38,-283.33,-62.54,416.30
26,164,1.36694,-62.40,-31.44,303.91,-307.04,-64.00,428.52
26,165,1.37561,-64.94,-31.97,307.42,-293.31,-60.62,405.99
26,166,1.38367,-67.58,-32.47,310.83,-327.27,-62.71,422.73
26,167,1.39240,-70.23,-32.98,314.24,-303.85,-57.94,390.91
26,168,1.40021,-73.02,-33.49,317.72,-356.64,-65.78,444.53
26,169,1.40881,-75.77,-34.00,321.16,-319.50,-59.28,400.71
26,170,1.41718,-78.21,-34.48,324.41,-291.97,-57.67,387.96
26,171,1.42554,-80.57,-34.96,327.60,-282.12,-56.82,381.39
26,172,1.43378,-82.17,-35.37,330.31,-194.81,-50.03,329.63
26,173,1.44220,-83.68,-35.78,332.97,-179.35,-48.02,315.22
26,174,1.45026,-84.34,-36.10,335.06,-81.06,-40.58,259.09
26,175,1.45874,-84.93,-36.43,337.12,-70.14,-38.30,243.53
26,176,1.46716,-84.98,-36.70,338.82,-5.80,-32.63,201.09
26,177,1.47546,-84.96,-36.98,340.50,1.84,-32.92,202.57
26,178,1.48376,-84.41,-37.25,342.09,67.28,-32.45,192.28
26,179,1.49231,-83.79,-37.52,343.71,71.79,-32.08,188.93
26,180,1.50061,-82.71,-37.83,345.47,130.15,-36.83,211.76
26,181,1.50885,-81.61,-38.14,347.26,133.70,-37.77,217.41
26,182,1.51746,-80.33,-38.50,349.33,148.23,-41.86,240.78
26,183,1.52570,-78.99,-38.87,351.47,163.70,-45.25,259.63
26,184,1.53424,-77.21,-39.30,353.90,207.50,-50.09,285.00
26,185,1.54254,-75.37,-39.73,356.35,222.43,-51.96,294.49
26,186,1.55042,-72.99,-40.18,358.87,302.33,-57.49,319.77
26,187,1.55914,-70.61,-40.63,361.35,272.38,-51.36,284.62
26,188,1.56720,-68.24,-41.04,363.60,293.56,-50.83,279.92
26,189,1.57568,-65.96,-41.12,365.79,269.42,-9.71,257.55
26,190,1.58398,-64.24,-41.24,367.44,207.35,-14.04,199.26
26,191,1.59235,-62.64,-41.30,368.99,191.24,-6.98,185.40
26,192,1.60059,-61.92,-41.33,369.79,86.67,-4.42,96.67
26,193,1.60919,-61.29,-41.37,370.51,73.76,-3.85,83.33
26,194,1.61731,-61.22,-41.38,370.64,7.89,-1.16,16.54
27,0,0.00000,0.00,0.00,0.00,11.15,-0.74,13.31
27,1,0.00824,0.09,-0.01,0.11,11.48,-0.73,13.70
27,2,0.01648,0.25,-0.02,0.45,18.52,-1.56,41.11
27,3,0.02484,0.40,-0.03,0.79,18.25,-1.56,40.51
27,4,0.03314,0.51,-0.05,1.36,13.24,-1.80,69.12
27,5,0.04156,0.62,-0.06,1.94,13.04,-1.79,68.12
27,6,0.05017,0.72,-0.08,2.71,12.06,-2.16,90.07
27,7,0.05829,0.83,-0.10,3.49,12.78,-2.25,95.49
27,8,0.06659,0.94,-0.12,4.46,13.24,-2.67,116.54
27,9,0.07483,1.05,-0.14,5.42,13.33,-2.71,117.41
27,10,0.08319,1.13,-0.17,6.56,9.85,-2.87,136.50
27,11,0.09155,1.21,-0.19,7.71,9.85,-2.85,136.50
27,12,0.09998,1.29,-0.22,8.85,9.78,-2.88,135.51
27,13,0.10828,1.38,-0.24,9.99,9.93,-2.89,137.50
27,14,0.11664,1.41,-0.26,11.21,4.01,-2.77,145.62
27,15,0.12488,1.44,-0.29,12.42,4.07,-2.79,147.78
27,16,0.13336,1.41,-0.33,14.73,-3.60,-4.70,271.94
27,17,0.14172,1.38,-0.37,17.04,-3.65,-4.74,275.91
27,18,0.15009,0.96,-0.39,19.68,-51.09,-3.34,316.06
27,19,0.15839,0.53,-0.42,22.32,-51.47,-3.38,318.38
27,20,0.16663,-0.13,-0.42,23.86,-80.37,0.25,185.93
27,21,0.17493,-0.80,-0.42,25.39,-79.78,0.29,184.56
27,22,0.18329,-1.46,-0.41,26.65,-79.93,0.85,151.09
27,23,0.19159,-2.13,-0.40,27.91,-80.51,0.90,152.21
27,24,0.20007,-2.78,-0.39,28.93,-76.62,1.27,120.14
27,25,0.20837,-3.43,-0.38,29.95,-78.31,1.32,122.79
27,26,0.21667,-3.88,-0.37,30.60,-54.41,1.03,77.57
27,27,0.22498,-4.34,-0.36,31.24,-54.41,1.05,77.57
27,28,0.23334,-4.73,-0.35,31.74,-46.72,1.02,59.49
27,29,0.24164,-5.12,-0.35,32.24,-47.06,1.04,59.93
27,30,0.25018,-5.51,-0.34,32.73,-45.71,1.00,58.21
27,31,0.25842,-5.90,-0.33,33.23,-47.41,1.05,60.37
27,32,0.26672,-6.22,-0.32,33.60,-38.60,0.91,44.49
27,33,0.27509,-6.54,-0.31,33.97,-38.32,0.95,44.16
27,34,0.28333,-6.86,-0.31,34.34,-38.89,0.92,44.81
27,35,0.29175,-7.18,-0.30,34.71,-38.04,0.90,43.84
27,36,0.29999,-7.45,-0.29,34.99,-32.59,0.85,34.44
27,37,0.30835,-7.72,-0.28,35.28,-32.12,0.81,33.94
27,38,0.31677,-7.99,-0.28,35.56,-31.88,0.83,33.70
27,39,0.32520,-8.26,-0.27,35.84,-31.88,0.86,33.33
27,40,0.33337,-8.48,-0.26,36.06,-27.99,0.74,27.24
27,41,0.34174,-8.70,-0.26,36.29,-25.91,0.64,27.74
27,42,0.35022,-8.84,-0.25,36.45,-16.55,0.43,18.71
27,43,0.35852,-8.97,-0.25,36.62,-15.81,0.35,20.22
27,44,0.36731,-9.05,-0.25,36.70,-8.68,0.21,9.03
27,45,0.37573,-9.12,-0.25,36.78,-8.33,0.20,9.78
27,46,0.38336,-9.13,-0.25,36.69,-1.20,0.26,-12.40
27,47,0.39178,-9.14,-0.24,36.60,-1.81,0.30,-10.87
27,48,0.40021,-9.22,-0.23,36.02,-8.70,1.58,-68.12
27,49,0.40851,-9.32,-0.22,35.45,-12.50,1.78,-68.75
27,50,0.41675,-9.45,-0.20,34.89,-15.93,1.96,-68.52
27,51,0.42511,-9.61,-0.18,34.33,-18.98,2.02,-66.79
27,52,0.43347,-9.96,-0.15,33.40,-41.97,3.87,-111.68
27,53,0.44177,-10.36,-0.12,32.48,-47.79,4.09,-110.29
27,54,0.45026,-10.86,-0.07,31.36,-59.71,5.04,-132.37
27,55,0.45856,-11.43,-0.03,30.26,-67.65,5.34,-131.99
27,56,0.46692,-11.84,0.00,29.46,-50.00,3.98,-95.99
27,57,0.47510,-12.30,0.04,28.68,-55.97,4.18,-95.52
27,58,0.48364,-13.14,0.10,27.25,-98.57,7.36,-167.50
27,59,0.49182,-14.06,0.17,25.86,-111.57,8.02,-169.40
27,60,0.50031,-14.48,0.20,25.26,-50.36,3.50,-70.86
27,61,0.50867,-14.94,0.23,24.68,-54.38,3.69,-69.34
27,62,0.51678,-15.54,0.27,23.88,-73.68,5.01,-98.12
27,63,0.52515,-16.17,0.31,23.12,-76.28,5.05,-91.61
27,64,0.53351,-16.69,0.35,22.33,-62.04,4.46,-93.80
27,65,0.54187,-17.25,0.39,21.58,-66.42,4.55,-90.51
27,66,0.55023,-17.57,0.41,20.88,-38.32,3.20,-83.21
27,67,0.55859,-17.92,0.44,20.20,-42.34,3.35,-81.39
27,68,0.56689,-18.17,0.46,19.56,-29.41,2.70,-77.21
27,69,0.57520,-18.44,0.49,18.93,-33.09,2.81,-75.37
27,70,0.58356,-18.59,0.50,18.38,-18.25,2.00,-66.42
27,71,0.59198,-18.77,0.52,17.83,-21.38,2.12,-64.86
27,72,0.60028,-18.46,0.51,17.58,37.87,-1.18,-29.78
27,73,0.60864,-18.16,0.50,17.32,36.13,-1.03,-31.39
27,74,0.61682,-17.63,0.48,17.40,64.18,-3.05,9.70
27,75,0.62524,-17.11,0.45,17.45,62.68,-2.92,6.16
27,76,0.63354,-15.18,0.35,18.49,231.99,-12.56,125.37
27,77,0.64203,-13.20,0.24,19.44,232.73,-12.37,111.15
27,78,0.65027,-12.74,0.19,21.03,56.67,-5.99,193.70
27,79,0.65863,-12.19,0.14,22.60,65.33,-6.25,187.96
27,80,0.66687,-13.88,0.19,23.94,-205.19,6.27,161.85
27,81,0.67523,-15.51,0.24,25.35,-194.16,5.63,169.34
27,82,0.68359,-19.13,0.36,27.86,-433.94,14.04,300.00
27,83,0.69196,-22.63,0.47,30.55,-418.61,12.93,321.53
27,84,0.70038,-26.95,0.59,34.24,-511.96,15.06,438.04
27,85,0.70850,-31.07,0.71,38.14,-507.89,14.09,480.45
27,86,0.71698,-35.16,0.81,42.70,-482.37,11.96,537.77
27,87,0.72528,-39.02,0.90,47.46,-465.07,10.54,573.53
27,88,0.73364,-43.76,1.01,52.96,-566.79,13.55,657.66
27,89,0.74188,-48.22,1.11,58.69,-541.11,11.73,695.19
27,90,0.75012,-52.08,1.10,63.18,-468.15,-0.53,544.44
27,91,0.75842,-55.71,1.01,67.85,-437.13,-10.45,562.87
27,92,0.76697,-60.02,0.91,73.39,-505.00,-12.04,648.21
27,93,0.77551,-64.05,0.80,79.14,-471.79,-12.79,672.86
27,94,0.78369,-67.98,0.70,84.75,-479.85,-13.08,686.57
27,95,0.79205,-71.62,0.58,90.56,-435.40,-13.52,694.16
27,96,0.80042,-74.79,0.38,95.67,-378.83,-24.00,611.68
27,97,0.80872,-77.69,0.12,100.94,-350.37,-31.33,634.19
27,98,0.81696,-79.08,0.01,103.53,-167.78,-13.55,314.44
27,99,0.82532,-80.33,-0.10,106.19,-149.64,-13.40,317.88
27,100,0.83362,-81.35,-0.20,108.57,-123.53,-11.91,286.76
27,101,0.84198,-82.38,-0.30,110.95,-122.63,-11.84,284.67
27,102,0.85028,-83.24,-0.38,112.94,-103.31,-9.98,240.44
27,103,0.85852,-84.09,-0.47,114.94,-104.07,-10.09,242.22
27,104,0.86713,-84.95,-0.55,116.93,-99.65,-9.63,231.91
27,105,0.87549,-85.81,-0.63,118.93,-102.55,-9.92,238.69
27,106,0.88373,-86.67,-0.71,120.93,-104.07,-10.07,242.22
27,107,0.89203,-87.53,-0.80,122.92,-103.68,-10.00,240.44
27,108,0.90051,-88.43,-0.89,125.02,-106.47,-10.29,247.84
27,109,0.90881,-89.33,-0.97,127.13,-108.82,-10.53,253.31
27,110,0.91711,-90.30,-1.07,129.36,-116.91,-11.22,269.49
27,111,0.92542,-91.28,-1.16,131.60,-116.91,-11.22,269.49
27,112,0.93378,-92.31,-1.26,133.95,-123.72,-11.70,280.66
27,113,0.94214,-93.34,-1.35,136.29,-123.72,-11.70,280.66
27,114,0.95044,-94.46,-1.46,138.78,-134.56,-12.54,299.63
27,115,0.95892,-95.58,-1.56,141.27,-131.65,-12.26,293.17
27,116,0.96710,-96.69,-1.67,143.76,-136.57,-12.72,304.10
27,117,0.97546,-97.81,-1.77,146.24,-133.58,-12.44,297.45
27,118,0.98383,-98.93,-1.87,148.73,-133.58,-12.44,297.45
27,119,0.99219,-100.05,-1.98,151.22,-133.58,-12.45,297.45
27,120,1.00055,-101.17,-2.08,153.72,-134.67,-12.53,299.64
27,121,1.00891,-102.30,-2.19,156.23,-134.67,-12.55,299.64
27,122,1.01709,-103.42,-2.29,158.73,-137.69,-12.80,306.34
27,123,1.02551,-104.55,-2.40,161.24,-133.70,-12.46,297.46
27,124,1.03387,-105.91,-2.52,164.28,-162.41,-15.18,363.14
27,125,1.04224,-107.27,-2.65,167.31,-162.41,-15.19,363.14
27,126,1.05066,-108.66,-2.78,170.47,-165.94,-15.63,375.00
27,127,1.05902,-110.06,-2.92,173.63,-167.15,-15.79,377.74
27,128,1.06720,-111.46,-3.05,176.79,-170.90,-16.11,386.19
27,129,1.07556,-112.86,-3.18,179.95,-167.52,-15.76,377.74
27,130,1.08411,-114.46,-3.33,183.57,-187.50,-17.68,423.93
27,131,1.09235,-116.06,-3.48,187.19,-194.44,-18.34,439.63
27,132,1.10083,-117.82,-3.65,191.20,-207.19,-19.71,473.02
27,133,1.10913,-119.58,-3.82,195.22,-211.76,-20.17,483.46
27,134,1.11737,-121.23,-3.98,199.13,-200.74,-19.66,474.44
27,135,1.12567,-122.89,-4.14,203.03,-198.90,-19.51,470.59
27,136,1.13403,-123.70,-4.21,204.69,-97.08,-8.40,198.18
27,137,1.14233,-124.51,-4.28,206.35,-98.16,-8.48,200.00
27,138,1.15070,-125.98,-4.39,208.91,-175.91,-13.37,306.57
27,139,1.15912,-127.45,-4.50,211.48,-174.64,-13.28,304.35
27,140,1.16754,-129.03,-4.61,213.81,-186.59,-12.48,276.81
27,141,1.17578,-130.60,-4.71,216.14,-190.74,-12.78,282.96
27,142,1.18396,-132.29,-4.82,218.33,-206.72,-12.48,268.28
27,143,1.19232,-133.98,-4.92,220.53,-202.19,-12.22,262.41
27,144,1.20074,-135.67,-5.02,222.72,-200.72,-12.12,260.51
27,145,1.20905,-137.36,-5.12,224.92,-203.68,-12.30,264.34
27,146,1.21722,-139.14,-5.23,227.19,-217.16,-12.95,277.99
27,147,1.22559,-140.91,-5.34,229.46,-212.77,-12.70,271.90
27,148,1.23401,-144.06,-5.48,232.21,-372.83,-16.92,326.45
27,149,1.24237,-147.20,-5.62,234.96,-375.91,-17.09,328.83
27,150,1.25073,-151.45,-5.79,238.00,-508.39,-20.22,363.14
27,151,1.25909,-155.70,-5.96,241.04,-508.39,-20.19,363.14
27,152,1.26733,-159.40,-6.12,244.07,-448.52,-19.53,368.15
27,153,1.27570,-163.09,-6.30,247.10,-441.97,-21.93,362.77
27,154,1.28394,-166.43,-6.63,251.48,-405.56,-39.30,531.11
27,155,1.29236,-169.78,-6.99,255.86,-396.74,-43.40,519.57
27,156,1.30078,-173.00,-7.35,260.62,-383.33,-42.12,565.58
27,157,1.30902,-176.23,-7.70,265.38,-391.85,-43.04,577.78
27,158,1.31738,-178.18,-7.92,268.46,-232.48,-26.60,368.61
27,159,1.32562,-180.12,-8.15,271.55,-235.93,-26.95,374.07
27,160,1.33392,-182.27,-8.39,274.85,-258.46,-29.08,397.79
27,161,1.34229,-184.41,-8.63,278.15,-256.57,-28.83,394.89
27,162,1.35077,-186.80,-8.88,281.52,-280.94,-30.16,397.12
27,163,1.35907,-189.18,-9.14,284.89,-287.13,-30.83,405.88
27,164,1.36731,-191.78,-9.41,288.36,-315.93,-32.96,421.85
27,165,1.37567,-194.38,-9.68,291.84,-311.31,-32.48,415.69
27,166,1.38403,-197.09,-9.96,295.19,-323.72,-32.49,400.73
27,167,1.39227,-199.80,-10.23,298.54,-328.89,-33.01,406.67
27,168,1.40076,-202.66,-10.37,301.95,-336.69,-16.43,402.16
27,169,1.40912,-205.51,-10.52,305.36,-341.61,-18.40,408.03
27,170,1.41736,-208.02,-10.65,308.56,-304.44,-15.39,387.41
27,171,1.42566,-210.53,-10.77,311.75,-302.21,-15.26,384.19
27,172,1.43396,-212.19,-10.87,314.43,-200.00,-11.77,323.16
27,173,1.44244,-213.85,-10.97,317.11,-195.68,-11.51,316.19
27,174,1.45081,-214.55,-11.03,319.19,-83.21,-7.64,248.18
27,175,1.45917,-215.24,-11.10,321.26,-83.21,-7.62,248.18
27,176,1.46747,-215.33,-11.14,322.95,-10.29,-5.10,203.68
27,177,1.47583,-215.41,-11.18,324.64,-10.22,-5.06,202.19
27,178,1.48413,-214.89,-11.21,326.25,63.24,-3.39,193.75
27,179,1.49249,-214.36,-11.24,327.86,62.77,-3.37,192.34
27,180,1.50098,-213.32,-11.26,329.64,123.02,-2.58,209.71
27,181,1.50928,-212.28,-11.28,331.42,125.74,-2.65,214.71
27,182,1.51752,-211.05,-11.31,333.52,149.26,-3.14,254.81
27,183,1.52588,-209.81,-11.33,335.62,147.45,-3.09,251.09
27,184,1.53424,-208.09,-11.36,338.09,205.84,-2.99,295.62
27,185,1.54254,-206.37,-11.38,340.56,207.35,-3.01,297.79
27,186,1.55096,-204.04,-11.40,343.13,276.45,-1.81,304.71
27,187,1.55933,-201.72,-11.41,345.70,278.47,-1.80,306.93
27,188,1.56763,-199.40,-11.42,348.00,279.04,-1.09,277.57
27,189,1.57587,-197.09,-11.43,350.31,280.74,-1.11,279.63
27,190,1.58423,-195.40,-11.44,352.00,201.82,-0.83,202.19
27,191,1.59253,-193.71,-11.45,353.68,202.94,-0.83,203.31
27,192,1.60095,-193.01,-11.45,354.50,82.97,-0.66,96.38
27,193,1.60938,-192.32,-11.46,355.30,82.61,-0.67,96.01
27,194,1.61755,-192.26,-11.46,355.44,7.46,-0.23,16.42
28,0,0.00000,0.00,0.00,0.00,5.60,-0.47,18.40
28,1,0.00830,0.04,-0.00,0.14,5.15,-0.42,16.91
28,2,0.01678,0.05,-0.01,0.51,1.08,-1.02,43.88
28,3,0.02490,0.06,-0.02,0.89,1.13,-1.08,45.86
28,4,0.03345,-0.06,-0.03,1.46,-13.93,-1.46,66.79
28,5,0.04169,-0.18,-0.05,2.03,-14.44,-1.53,69.26
28,6,0.04999,-0.38,-0.06,2.78,-24.26,-1.97,91.18
28,7,0.05829,-0.58,-0.08,3.54,-24.26,-1.97,91.18
28,8,0.06659,-0.85,-0.10,4.47,-32.35,-2.43,112.50
28,9,0.07489,-1.12,-0.12,5.41,-32.35,-2.41,112.50
28,10,0.08362,-1.48,-0.14,6.49,-41.26,-2.66,124.48
28,11,0.09204,-1.84,-0.17,7.58,-43.12,-2.75,129.35
28,12,0.10022,-2.20,-0.19,8.67,-44.03,-2.82,132.84
28,13,0.10834,-2.56,-0.21,9.76,-44.36,-2.84,133.83
28,14,0.11664,-2.99,-0.24,10.89,-52.21,-2.87,137.13
28,15,0.12494,-3.43,-0.26,12.04,-52.57,-2.89,137.87
28,16,0.13330,-4.34,-0.30,14.16,-108.76,-5.24,253.28
28,17,0.14166,-5.25,-0.35,16.28,-109.12,-5.24,253.65
28,18,0.15002,-6.66,-0.39,18.56,-168.25,-5.33,272.63
28,19,0.15845,-8.07,-0.44,20.83,-167.03,-5.25,269.93
28,20,0.16669,-9.26,-0.46,21.99,-145.19,-2.41,140.74
28,21,0.17505,-10.46,-0.54,23.15,-143.07,-9.66,138.69
28,22,0.18396,-11.56,-0.63,24.06,-123.63,-10.67,102.40
28,23,0.19257,-12.66,-0.63,24.97,-128.01,0.46,105.67
28,24,0.20068,-13.65,-0.67,25.67,-122.18,-4.77,85.34
28,25,0.20850,-14.64,-0.71,26.36,-126.56,-5.00,88.67
28,26,0.21674,-15.30,-0.73,26.78,-80.37,-2.98,51.48
28,27,0.22504,-15.97,-0.75,27.20,-79.78,-2.94,50.74
28,28,0.23346,-16.52,-0.77,27.51,-65.58,-2.26,36.96
28,29,0.24188,-17.07,-0.79,27.83,-65.58,-2.27,36.96
28,30,0.25012,-17.62,-0.81,28.14,-67.04,-2.29,37.78
28,31,0.25836,-18.17,-0.83,28.45,-66.67,-2.32,37.78
28,32,0.26678,-18.61,-0.84,28.67,-52.17,-1.65,25.72
28,33,0.27509,-19.05,-0.86,28.88,-52.94,-1.70,26.10
28,34,0.28412,-19.49,-0.87,29.10,-48.65,-1.57,23.99
28,35,0.29242,-19.93,-0.89,29.32,-52.94,-1.70,26.10
28,36,0.30072,-20.29,-0.90,29.47,-43.01,-1.29,19.12
28,37,0.30853,-20.65,-0.91,29.63,-45.70,-1.37,20.31
28,38,0.31689,-21.00,-0.92,29.79,-42.70,-1.28,18.98
28,39,0.32520,-21.36,-0.93,29.95,-42.65,-1.31,19.12
28,40,0.33411,-21.65,-0.94,30.07,-33.22,-0.93,13.01
28,41,0.34186,-21.95,-0.95,30.17,-38.98,-1.06,13.39
28,42,0.35004,-22.16,-0.95,30.22,-25.00,-0.59,6.72
28,43,0.35846,-22.37,-0.96,30.27,-24.64,-0.54,5.07
28,44,0.36676,-22.48,-0.96,30.27,-13.24,-0.21,0.37
28,45,0.37506,-22.59,-0.96,30.27,-13.24,-0.17,-0.37
28,46,0.38354,-22.51,-0.96,30.21,8.63,0.36,-6.83
28,47,0.39191,-22.44,-0.95,30.15,9.12,0.38,-6.93
28,48,0.40009,-21.93,-0.93,29.87,61.94,2.13,-34.33
28,49,0.40845,-21.41,-0.92,29.61,62.04,1.99,-30.66
28,50,0.41681,-20.88,-0.90,29.39,63.50,1.88,-27.37
28,51,0.42511,-20.33,-0.89,29.18,65.81,1.80,-24.26
28,52,0.43359,-19.39,-0.86,28.85,111.15,3.01,-38.85
28,53,0.44196,-18.43,-0.84,28.57,114.60,2.86,-33.94
28,54,0.45013,-17.23,-0.81,28.33,147.39,3.19,-29.85
28,55,0.45856,-16.01,-0.79,28.14,144.20,2.86,-21.74
28,56,0.46686,-15.11,-0.77,28.09,108.82,1.80,-6.25
28,57,0.47516,-14.20,-0.76,28.09,109.56,1.62,-0.74
28,58,0.48389,-12.55,-0.74,28.23,189.51,2.15,17.13
28,59,0.49200,-10.91,-0.73,28.47,201.88,1.92,28.57
28,60,0.50018,-10.18,-0.72,28.62,88.43,0.64,18.28
28,61,0.50854,-9.47,-0.72,28.80,85.40,0.46,22.26
28,62,0.51685,-8.54,-0.72,29.17,111.40,0.05,44.12
28,63,0.52521,-7.64,-0.72,29.58,108.39,-0.18,49.64
28,64,0.53375,-6.88,-0.71,30.14,88.21,1.32,65.36
28,65,0.54199,-6.16,-0.72,30.74,87.78,-1.89,72.22
28,66,0.55023,-5.74,-0.75,31.38,51.11,-3.61,77.78
28,67,0.55859,-5.35,-0.77,32.04,46.35,-2.30,79.20
28,68,0.56689,-5.14,-0.80,32.69,25.37,-3.09,78.31
28,69,0.57520,-4.97,-0.82,33.35,21.32,-2.74,79.78
28,70,0.58350,-4.96,-0.84,33.93,1.10,-3.09,69.49
28,71,0.59192,-4.98,-0.87,34.50,-2.54,-2.77,68.12
28,72,0.60052,-5.37,-0.88,34.59,-45.39,-1.74,9.93
28,73,0.60889,-5.76,-0.87,34.65,-47.08,1.70,7.30
28,74,0.61719,-6.13,-0.86,34.27,-44.49,0.99,-45.96
28,75,0.62543,-6.48,-0.85,33.86,-42.59,1.12,-49.63
28,76,0.63391,-6.97,-0.78,31.72,-57.19,8.07,-251.80
28,77,0.64227,-7.34,-0.66,29.57,-44.53,14.34,-257.30
28,78,0.65045,-6.19,-0.58,28.37,141.04,10.66,-146.64
28,79,0.65881,-4.97,-0.57,27.24,145.26,0.52,-135.04
28,80,0.66718,-3.17,-0.64,28.43,214.96,-7.91,141.97
28,81,0.67542,-1.43,-0.68,29.71,211.48,-5.42,155.93
28,82,0.68390,1.49,-0.78,33.02,344.60,-11.13,389.57
28,83,0.69220,4.25,-0.87,36.47,332.35,-11.68,415.81
28,84,0.70068,7.58,-1.00,41.07,392.45,-14.96,541.73
28,85,0.70892,10.68,-1.13,45.83,375.93,-15.69,577.41
28,86,0.71722,13.93,-1.27,51.02,391.54,-16.91,626.10
28,87,0.72571,16.91,-1.41,56.38,351.80,-16.81,631.65
28,88,0.73407,19.60,-1.59,63.13,320.80,-20.69,806.57
28,89,0.74243,21.93,-1.76,69.99,279.56,-20.78,821.17
28,90,0.75073,22.99,-1.88,75.81,127.57,-14.40,701.10
28,91,0.75891,23.76,-2.19,81.76,94.03,-37.71,726.87
28,92,0.76740,23.96,-2.52,88.78,23.02,-38.70,827.34
28,93,0.77570,23.80,-2.83,95.79,-19.12,-38.27,845.22
28,94,0.78412,22.97,-3.19,102.59,-97.83,-42.14,807.61
28,95,0.79242,21.81,-3.51,109.33,-140.44,-38.51,811.76
28,96,0.80054,20.23,-3.75,115.14,-194.36,-30.16,715.41
28,97,0.80902,18.38,-3.99,120.81,-218.35,-27.66,668.71
28,98,0.81732,17.23,-4.10,123.52,-137.87,-13.06,326.10
28,99,0.82562,15.96,-4.20,126.16,-153.68,-12.42,318.01
28,100,0.83417,14.70,-4.29,128.43,-147.50,-10.12,265.36
28,101,0.84247,13.44,-4.37,130.69,-151.47,-10.39,272.43
28,102,0.85071,12.38,-4.44,132.59,-128.15,-8.79,230.74
28,103,0.85901,11.33,-4.52,134.49,-127.21,-8.73,229.04
28,104,0.86737,10.27,-4.59,136.39,-126.28,-8.67,227.37
28,105,0.87573,9.22,-4.66,138.29,-126.28,-8.69,227.37
28,106,0.88422,8.16,-4.73,140.19,-124.46,-8.52,224.10
28,107,0.89258,7.08,-4.81,142.13,-128.83,-8.85,231.75
28,108,0.90070,5.97,-4.88,144.13,-136.84,-9.38,246.24
28,109,0.90906,4.86,-4.96,146.14,-133.58,-9.17,240.51
28,110,0.91748,3.67,-5.04,148.27,-141.30,-9.61,252.54
28,111,0.92578,2.47,-5.12,150.40,-143.75,-9.77,256.62
28,112,0.93420,1.21,-5.21,152.63,-150.36,-10.05,264.86
28,113,0.94250,-0.06,-5.29,154.87,-152.94,-10.23,269.49
28,114,0.95087,-1.43,-5.38,157.23,-162.77,-10.67,282.48
28,115,0.95923,-2.79,-5.47,159.59,-162.77,-10.67,282.48
28,116,0.96741,-4.15,-5.56,161.95,-166.42,-10.95,288.81
28,117,0.97565,-5.51,-5.65,164.32,-165.19,-10.83,286.67
28,118,0.98407,-6.87,-5.74,166.68,-161.59,-10.59,280.43
28,119,0.99249,-8.23,-5.83,169.04,-161.96,-10.61,280.43
28,120,1.00073,-9.61,-5.92,171.42,-166.67,-10.89,288.52
28,121,1.00903,-10.98,-6.01,173.79,-165.44,-10.84,286.40
28,122,1.01733,-12.35,-6.10,176.17,-165.44,-10.81,286.40
28,123,1.02576,-13.74,-6.19,178.57,-164.13,-10.75,284.42
28,124,1.03418,-15.39,-6.30,181.45,-196.74,-12.96,342.39
28,125,1.04260,-17.05,-6.38,184.34,-197.10,-9.31,343.12
28,126,1.05072,-18.76,-6.50,187.34,-210.53,-14.79,369.92
28,127,1.05927,-20.47,-6.62,190.35,-200.00,-14.04,351.43
28,128,1.06757,-22.18,-6.74,193.35,-205.88,-14.49,361.76
28,129,1.07587,-23.90,-6.86,196.37,-206.99,-14.57,363.60
28,130,1.08429,-25.86,-6.99,199.81,-232.61,-16.26,408.70
28,131,1.09253,-27.82,-7.14,203.27,-238.52,-17.53,419.63
28,132,1.10101,-29.97,-7.31,207.09,-253.60,-19.81,450.00
28,133,1.10931,-32.12,-7.47,210.90,-258.82,-20.23,459.56
28,134,1.11749,-34.16,-7.64,214.62,-249.25,-19.66,454.85
28,135,1.12585,-36.16,-7.79,218.26,-239.05,-18.86,435.77
28,136,1.13440,-37.14,-7.86,219.83,-114.29,-8.14,183.57
28,137,1.14270,-38.15,-7.93,221.45,-122.06,-8.66,194.49
28,138,1.15088,-39.87,-8.04,223.85,-210.45,-13.41,293.66
28,139,1.15924,-41.60,-8.15,226.24,-206.20,-13.09,286.13
28,140,1.16760,-43.39,-8.26,228.40,-214.96,-12.27,258.39
28,141,1.17590,-45.20,-8.36,230.56,-217.28,-12.34,259.56
28,142,1.18427,-47.10,-8.46,232.57,-227.37,-11.79,240.88
28,143,1.19257,-49.00,-8.56,234.59,-229.04,-11.91,242.65
28,144,1.20081,-50.90,-8.65,236.60,-230.74,-11.97,244.44
28,145,1.20917,-52.80,-8.75,238.62,-227.74,-11.83,241.24
28,146,1.21759,-54.80,-8.86,240.70,-236.96,-12.17,247.10
28,147,1.22583,-56.86,-8.96,242.79,-249.63,-12.62,254.44
28,148,1.23425,-60.26,-9.09,245.21,-403.99,-16.01,287.32
28,149,1.24261,-63.71,-9.23,247.64,-412.41,-16.22,290.15
28,150,1.25079,-68.24,-9.39,250.23,-554.48,-19.26,317.16
28,151,1.25928,-72.75,-9.55,252.83,-531.65,-18.53,306.12
28,152,1.26752,-76.74,-9.70,255.48,-483.33,-18.36,321.11
28,153,1.27594,-80.71,-9.85,258.18,-471.74,-18.21,321.01
28,154,1.28424,-84.48,-10.05,262.20,-453.68,-23.68,484.19
28,155,1.29260,-88.24,-10.24,266.24,-450.00,-23.57,482.48
28,156,1.30090,-91.93,-10.55,270.65,-444.85,-37.22,531.99
28,157,1.30927,-95.56,-10.91,275.00,-434.31,-42.88,520.07
28,158,1.31757,-97.81,-11.14,277.87,-270.22,-27.61,345.96
28,159,1.32593,-100.06,-11.37,280.75,-269.71,-27.47,344.16
28,160,1.33423,-102.53,-11.62,283.82,-297.06,-29.88,369.85
28,161,1.34253,-105.00,-11.87,286.89,-298.53,-30.01,370.22
28,162,1.35101,-107.71,-12.13,290.01,-319.42,-30.92,366.91
28,163,1.35938,-110.43,-12.22,293.12,-325.18,-10.49,372.63
28,164,1.36755,-113.38,-12.35,296.32,-359.70,-16.58,391.04
28,165,1.37598,-116.32,-12.49,299.51,-349.64,-16.10,378.99
28,166,1.38440,-119.35,-12.62,302.57,-359.78,-15.92,363.41
28,167,1.39270,-122.39,-12.76,305.63,-366.18,-16.19,368.75
28,168,1.40094,-125.58,-12.90,308.74,-386.67,-16.80,377.04
28,169,1.40924,-128.75,-13.03,311.84,-381.99,-16.60,373.53
28,170,1.41766,-131.56,-13.16,314.76,-334.42,-15.03,346.74
28,171,1.42603,-134.34,-13.29,317.67,-332.12,-14.99,347.45
28,172,1.43439,-136.26,-13.38,320.17,-229.93,-11.78,299.27
28,173,1.44275,-138.14,-13.40,322.65,-224.82,-1.89,296.35
28,174,1.45099,-139.05,-13.19,324.64,-109.63,25.34,241.85
28,175,1.45935,-139.92,-12.98,326.62,-104.74,24.78,236.86
28,176,1.46771,-140.18,-12.81,328.30,-30.66,20.29,200.36
28,177,1.47601,-140.41,-12.64,329.97,-27.57,20.49,201.84
28,178,1.48444,-140.05,-12.48,331.62,42.75,19.03,196.01
28,179,1.49286,-139.67,-12.33,333.28,45.29,17.72,197.10
28,180,1.50104,-138.81,-12.26,335.16,105.22,9.01,229.48
28,181,1.50946,-137.94,-12.26,337.05,102.90,-0.40,224.64
28,182,1.51770,-136.93,-12.35,339.26,122.96,-9.95,268.52
28,183,1.52618,-135.89,-12.54,341.49,121.58,-22.92,262.95
28,184,1.53448,-134.43,-12.87,344.13,176.47,-39.76,316.91
28,185,1.54291,-132.94,-13.05,346.77,176.81,-21.89,313.41
28,186,1.55109,-130.88,-13.31,349.55,251.49,-30.84,340.67
28,187,1.55939,-128.81,-13.56,352.34,249.26,-30.44,335.66
28,188,1.56775,-126.74,-13.75,354.86,247.81,-22.45,302.19
28,189,1.57611,-124.70,-13.88,357.36,244.53,-15.35,298.18
28,190,1.58466,-123.19,-13.97,359.21,176.43,-11.17,216.79
28,191,1.59290,-121.72,-14.06,361.03,178.52,-11.36,220.37
28,192,1.60114,-121.11,-14.11,361.90,74.44,-5.56,106.30
28,193,1.60944,-120.53,-14.15,362.73,69.85,-5.22,100.37
28,194,1.61774,-120.48,-14.16,362.88,5.88,-0.91,16.91
29,0,0.00000,0.00,0.00,0.00,-17.28,1.26,-4.41
29,1,0.00830,-0.14,0.01,-0.04,-17.28,1.17,-4.41
29,2,0.01697,-0.47,0.05,-0.22,-37.32,4.12,-21.13
29,3,0.02490,-0.79,0.08,-0.40,-40.77,4.50,-23.08
29,4,0.03326,-1.22,0.15,-0.80,-51.09,7.98,-47.45
29,5,0.04156,-1.64,0.21,-1.20,-51.47,8.04,-47.79
29,6,0.05005,-2.19,0.31,-1.76,-64.03,10.82,-66.55
29,7,0.05829,-2.73,0.38,-2.33,-65.93,8.98,-68.52
29,8,0.06659,-3.39,0.46,-3.04,-79.41,9.57,-86.03
29,9,0.07489,-4.05,0.52,-3.75,-79.41,6.96,-86.03
29,10,0.08325,-4.79,0.57,-4.63,-88.69,5.99,-104.38
29,11,0.09161,-5.53,0.59,-5.50,-88.69,2.43,-104.38
29,12,0.09998,-6.27,0.58,-6.37,-88.69,-0.46,-104.38
29,13,0.10834,-7.02,0.58,-7.24,-88.69,-1.05,-104.38
29,14,0.11652,-7.76,0.56,-8.21,-91.42,-1.34,-117.54
29,15,0.12476,-8.51,0.65,-9.17,-90.74,10.26,-116.67
29,16,0.13318,-9.85,0.69,-11.04,-159.06,4.61,-222.83
29,17,0.14142,-11.19,0.73,-12.92,-162.59,4.70,-227.78
29,18,0.14990,-12.43,0.78,-15.34,-145.68,6.47,-285.61
29,19,0.15820,-13.63,0.84,-17.72,-144.85,6.49,-286.03
29,20,0.16644,-14.00,0.88,-19.35,-45.19,5.02,-197.41
29,21,0.17487,-14.37,0.92,-20.97,-43.84,4.91,-192.75
29,22,0.18335,-14.58,1.07,-22.38,-24.46,17.96,-166.91
29,23,0.19153,-14.78,1.12,-23.80,-25.00,6.45,-172.76
29,24,0.19983,-14.86,1.26,-25.00,-9.56,16.20,-145.22
29,25,0.20819,-14.94,1.39,-26.20,-9.12,16.02,-143.43
29,26,0.21643,-14.96,1.48,-26.99,-2.22,10.78,-95.56
29,27,0.22522,-14.97,1.57,-27.77,-1.74,10.12,-89.24
29,28,0.23322,-14.95,1.64,-28.41,2.29,9.02,-79.01
29,29,0.24133,-14.94,1.71,-29.04,2.26,9.03,-77.82
29,30,0.24982,-14.92,1.79,-29.67,2.16,8.55,-74.46
29,31,0.25793,-14.90,1.86,-30.30,2.63,9.00,-77.82
29,32,0.26648,-14.85,1.92,-30.79,5.00,6.73,-57.14
29,33,0.27478,-14.81,1.98,-31.28,5.15,6.89,-58.82
29,34,0.28326,-14.77,2.03,-31.77,5.04,6.83,-57.55
29,35,0.29156,-14.72,2.09,-32.25,5.15,6.84,-58.46
29,36,0.30029,-14.67,2.14,-32.64,5.94,5.44,-45.10
29,37,0.30823,-14.62,2.18,-33.03,6.15,5.87,-48.85
29,38,0.31641,-14.58,2.23,-33.42,5.97,5.61,-47.39
29,39,0.32471,-14.53,2.28,-33.80,5.88,5.53,-46.32
29,40,0.33331,-14.47,2.31,-34.12,6.38,4.47,-36.52
29,41,0.34161,-14.40,2.35,-34.43,8.46,4.58,-37.13
29,42,0.34985,-14.34,2.38,-34.63,7.41,3.08,-24.81
29,43,0.35809,-14.28,2.40,-34.83,7.41,3.13,-24.44
29,44,0.36627,-14.23,2.42,-34.93,5.60,1.67,-12.31
29,45,0.37494,-14.19,2.43,-35.03,5.28,1.45,-10.92
29,46,0.38306,-14.16,2.42,-34.94,3.76,-1.11,10.90
29,47,0.39130,-14.12,2.41,-34.84,4.07,-1.25,12.59
29,48,0.39972,-13.98,2.35,-34.27,17.39,-6.84,66.67
29,49,0.40784,-13.83,2.29,-33.71,18.05,-7.14,69.17
29,50,0.41626,-13.68,2.24,-33.15,17.39,-6.93,66.67
29,51,0.42487,-13.53,2.18,-32.58,17.73,-6.82,66.67
29,52,0.43317,-13.25,2.08,-31.62,34.19,-11.76,115.44
29,53,0.44147,-12.96,1.98,-30.65,34.19,-11.84,116.18
29,54,0.44995,-12.66,1.86,-29.46,35.97,-14.53,140.65
29,55,0.45801,-12.36,1.74,-28.28,37.50,-15.19,146.59
29,56,0.46674,-12.17,1.64,-27.40,21.33,-10.65,101.40
29,57,0.47498,-11.98,1.55,-26.49,22.96,-11.65,110.37
29,58,0.48364,-11.72,1.37,-24.85,30.63,-20.26,189.08
29,59,0.49146,-11.46,1.20,-23.24,33.20,-22.11,205.86
29,60,0.50000,-11.35,1.12,-22.51,12.50,-9.18,85.36
29,61,0.50800,-11.25,1.04,-21.77,12.98,-10.06,92.37
29,62,0.51648,-11.17,1.01,-20.78,8.63,-3.21,116.91
29,63,0.52515,-11.11,0.92,-19.78,7.75,-11.03,115.85
29,64,0.53326,-11.19,0.89,-18.84,-10.15,-3.30,115.41
29,65,0.54138,-11.28,0.86,-17.91,-10.90,-3.26,113.91
29,66,0.54993,-11.53,0.84,-17.19,-30.00,-2.64,84.64
29,67,0.55811,-11.79,0.82,-16.47,-31.72,-2.74,87.69
29,68,0.56665,-12.13,0.80,-15.87,-39.29,-2.33,70.36
29,69,0.57501,-12.46,0.78,-15.28,-40.15,-2.34,70.44
29,70,0.58337,-12.84,0.76,-14.84,-44.53,-1.89,52.55
29,71,0.59155,-13.21,0.75,-14.43,-45.52,-1.84,50.00
29,72,0.59985,-13.57,0.75,-14.59,-44.12,0.11,-19.12
29,73,0.60809,-13.93,0.75,-14.77,-42.96,0.17,-21.48
29,74,0.61652,-14.06,0.76,-15.29,-15.58,1.54,-61.23
29,75,0.62494,-14.16,0.78,-15.88,-12.32,1.83,-70.65
29,76,0.63330,-13.74,0.84,-18.03,51.09,7.62,-256.93
29,77,0.64154,-13.26,0.91,-20.11,58.15,7.57,-252.59
29,78,0.65009,-11.79,0.94,-20.89,172.14,4.20,-90.71
29,79,0.65814,-10.31,1.08,-21.54,183.71,16.87,-81.06
29,80,0.66656,-8.81,1.02,-19.99,177.54,-6.28,184.06
29,81,0.67505,-7.26,0.91,-18.33,182.73,-12.89,196.04
29,82,0.68329,-4.75,0.84,-14.69,304.07,-9.21,440.74
29,83,0.69202,-2.21,0.76,-11.01,291.61,-8.83,422.38
29,84,0.69989,1.03,0.66,-6.34,410.85,-12.35,592.25
29,85,0.70813,4.28,0.04,-1.67,395.56,-75.62,567.41
29,86,0.71674,7.94,-0.72,3.25,424.47,-88.61,571.99
29,87,0.72498,11.60,-1.13,8.24,444.44,-49.75,605.56
29,88,0.73346,15.45,-1.71,14.40,453.60,-68.52,725.54
29,89,0.74170,19.23,-2.23,20.51,458.89,-63.08,741.48
29,90,0.75012,21.85,-2.70,25.81,311.59,-55.58,629.35
29,91,0.75830,24.49,-3.16,31.17,322.01,-56.68,655.60
29,92,0.76672,27.27,-3.70,37.62,330.80,-63.70,765.22
29,93,0.77484,30.04,-4.19,44.06,340.98,-60.96,793.61
29,94,0.78345,32.45,-4.76,50.47,280.14,-65.26,745.04
29,95,0.79163,34.84,-5.32,56.85,291.42,-68.39,779.48
29,96,0.80029,36.70,-5.84,62.56,215.14,-60.12,659.86
29,97,0.80817,38.51,-6.34,68.13,229.46,-64.48,706.59
29,98,0.81671,39.32,-6.61,70.95,95.00,-30.98,330.36
29,99,0.82501,40.12,-6.87,73.75,97.06,-31.69,337.87
29,100,0.83344,40.82,-7.11,76.25,82.25,-28.07,296.74
29,101,0.84174,41.50,-7.34,78.73,82.72,-28.24,298.53
29,102,0.85022,42.09,-7.54,80.83,68.71,-23.31,246.76
29,103,0.85840,42.67,-7.74,82.92,71.27,-24.18,255.97
29,104,0.86688,43.25,-7.94,85.01,68.71,-23.31,246.76
29,105,0.87512,43.84,-8.13,87.11,70.74,-24.00,254.07
29,106,0.88367,44.42,-8.33,89.20,68.21,-23.19,245.00
29,107,0.89197,45.00,-8.53,91.30,70.22,-23.91,252.94
29,108,0.90039,45.61,-8.74,93.50,72.83,-24.67,261.59
29,109,0.90851,46.23,-8.95,95.72,75.94,-25.75,272.56
29,110,0.91693,46.88,-9.17,98.07,76.81,-26.39,278.99
29,111,0.92505,47.53,-9.39,100.42,79.70,-27.56,290.23
29,112,0.93359,48.19,-9.63,102.90,77.86,-27.61,290.00
29,113,0.94177,48.86,-9.87,105.39,81.34,-28.89,304.10
29,114,0.95032,49.55,-10.12,108.03,80.71,-29.63,308.93
29,115,0.95856,50.23,-10.37,110.67,83.70,-30.63,320.37
29,116,0.96686,50.92,-10.62,113.31,83.09,-30.41,318.01
29,117,0.97510,51.61,-10.88,115.95,83.70,-30.68,320.37
29,118,0.98352,52.30,-11.13,118.59,81.88,-29.96,313.41
29,119,0.99176,52.99,-11.38,121.22,83.70,-30.68,320.37
29,120,1.00006,53.69,-11.64,123.88,83.46,-30.63,320.22
29,121,1.00830,54.38,-11.89,126.54,84.07,-30.90,322.59
29,122,1.01697,55.07,-12.15,129.20,79.93,-29.34,306.69
29,123,1.02502,55.77,-12.40,131.89,87.12,-31.96,333.71
29,124,1.03345,56.62,-12.71,135.10,100.36,-36.46,381.88
29,125,1.04169,57.47,-13.02,138.33,102.96,-37.42,391.48
29,126,1.05017,58.36,-13.34,141.67,105.04,-37.51,393.53
29,127,1.05865,59.25,-13.65,145.01,105.04,-37.51,393.53
29,128,1.06683,60.14,-13.97,148.35,108.96,-38.91,408.21
29,129,1.07520,61.04,-14.29,151.71,107.30,-38.38,402.55
29,130,1.08368,62.06,-14.66,155.54,120.50,-43.00,451.08
29,131,1.09192,63.09,-15.02,159.39,125.19,-44.45,467.04
29,132,1.10022,64.24,-15.43,163.62,138.24,-48.40,509.56
29,133,1.10840,65.39,-15.83,167.84,140.30,-48.99,516.04
29,134,1.11688,66.55,-15.95,171.91,137.05,-14.45,480.58
29,135,1.12512,67.67,-15.95,175.87,135.93,-0.18,480.00
29,136,1.13367,68.08,-15.97,177.67,47.50,-1.98,210.71
29,137,1.14185,68.48,-15.99,179.53,50.00,-2.39,227.99
29,138,1.15021,68.95,-16.04,182.46,55.11,-6.79,349.27
29,139,1.15845,69.39,-16.10,185.37,54.44,-7.10,353.33
29,140,1.16687,69.63,-16.19,188.17,28.26,-10.03,332.61
29,141,1.17517,69.86,-16.27,190.97,27.21,-10.27,337.13
29,142,1.18372,69.92,-16.38,193.74,7.14,-12.65,324.29
29,143,1.19177,69.98,-16.49,196.51,7.58,-13.46,343.94
29,144,1.20007,70.04,-16.60,199.28,7.35,-12.97,333.82
29,145,1.20850,70.10,-16.71,202.06,6.88,-13.01,329.71
29,146,1.21698,70.14,-16.82,204.94,4.68,-13.68,339.93
29,147,1.22516,70.14,-16.95,207.89,-0.37,-15.39,360.82
29,148,1.23407,69.41,-17.23,212.00,-81.16,-31.23,461.30
29,149,1.24237,68.65,-17.44,216.17,-91.54,-26.01,501.47
29,150,1.25024,67.25,-17.87,221.19,-178.68,-53.81,638.76
29,151,1.25842,65.86,-18.22,226.21,-169.03,-42.81,612.69
29,152,1.26691,64.88,-18.51,230.88,-115.47,-34.12,551.44
29,153,1.27539,63.97,-18.79,235.61,-107.91,-33.47,556.83
29,154,1.28448,64.11,-18.98,241.11,15.44,-20.74,605.37
29,155,1.29242,64.27,-19.17,246.63,20.00,-23.51,695.38
29,156,1.30035,64.74,-19.32,252.37,59.23,-20.01,723.08
29,157,1.30853,65.20,-19.48,257.99,57.09,-18.86,686.94
29,158,1.31714,65.62,-19.56,261.61,48.58,-9.90,420.57
29,159,1.32532,66.04,-19.65,265.24,50.75,-10.55,444.78
29,160,1.33429,66.44,-19.75,269.16,44.56,-11.07,436.73
29,161,1.34265,66.83,-19.85,273.09,46.72,-11.97,470.07
29,162,1.35034,67.08,-19.97,277.21,33.33,-16.08,535.71
29,163,1.35864,67.33,-20.10,281.34,30.15,-14.95,497.79
29,164,1.36694,67.49,-20.24,285.69,18.38,-17.33,523.16
29,165,1.37543,67.63,-20.39,290.03,16.91,-17.03,511.51
29,166,1.38422,67.62,-20.55,294.33,-1.04,-18.43,489.93
29,167,1.39233,67.61,-20.71,298.65,-1.88,-19.99,531.58
29,168,1.40027,67.52,-20.88,303.10,-10.77,-22.13,560.77
29,169,1.40930,67.44,-21.06,307.53,-8.78,-19.31,490.20
29,170,1.41736,67.49,-21.21,311.58,5.68,-18.12,503.79
29,171,1.42523,67.55,-21.35,315.59,8.14,-17.97,508.91
29,172,1.43402,67.94,-21.42,318.72,44.10,-8.04,356.25
29,173,1.44232,68.35,-21.48,321.80,49.26,-8.00,370.22
29,174,1.45020,69.10,-21.47,323.85,96.12,1.57,260.85
29,175,1.45844,69.87,-21.46,325.86,93.33,1.90,244.44
29,176,1.46686,70.87,-21.39,327.23,118.12,7.84,162.68
29,177,1.47510,71.89,-21.32,328.58,123.70,8.46,163.33
29,178,1.48419,73.30,-21.19,329.50,155.70,14.55,101.68
29,179,1.49237,74.75,-21.05,330.42,176.49,16.59,111.57
29,180,1.50031,76.68,-20.85,331.15,243.08,25.22,92.31
29,181,1.50854,78.63,-20.65,331.89,236.67,24.56,89.63
29,182,1.51703,80.90,-20.41,332.75,267.99,27.81,101.80
29,183,1.52515,83.21,-20.18,333.62,284.21,29.41,106.39
29,184,1.53430,86.10,-19.87,334.46,315.67,33.76,92.33
29,185,1.54254,89.02,-19.55,335.29,354.44,38.02,100.74
29,186,1.55090,92.44,-19.13,335.83,409.12,50.90,64.60
29,187,1.55865,95.85,-18.66,336.36,440.16,60.88,68.11
29,188,1.56702,99.10,-18.21,336.70,388.69,53.65,41.24
29,189,1.57532,102.30,-17.92,337.04,385.66,34.27,40.81
29,190,1.58429,104.68,-17.79,337.30,264.63,14.62,28.91
29,191,1.59253,106.98,-17.83,337.56,279.26,-5.16,31.11
29,192,1.60089,108.03,-17.87,337.75,125.91,-4.15,23.36
29,193,1.60870,109.03,-17.88,337.94,128.12,-1.43,23.83
29,194,1.61700,109.16,-17.88,338.01,16.18,-0.63,8.09
30,0,0.00000,0.00,0.00,0.00,15.83,1.56,-7.19
30,1,0.00818,0.13,0.01,-0.06,16.42,1.53,-7.46
30,2,0.01678,0.50,0.04,-0.12,42.55,3.55,-6.74
30,3,0.02490,0.87,0.07,-0.18,45.49,3.79,-7.14
30,4,0.03333,1.45,0.12,-0.13,69.20,5.19,5.07
30,5,0.04150,2.04,0.16,-0.09,71.27,5.39,5.22
30,6,0.04993,2.81,0.22,0.01,92.03,6.77,11.96
30,7,0.05823,3.59,0.28,0.11,93.38,6.87,12.13
30,8,0.06677,4.55,0.35,0.25,112.50,8.21,16.79
30,9,0.07495,5.51,0.42,0.40,117.91,8.51,17.54
30,10,0.08331,6.63,0.50,0.61,134.31,9.60,25.55
30,11,0.09149,7.76,0.58,0.82,137.31,9.82,26.12
30,12,0.09991,8.88,0.66,1.04,133.33,9.44,25.36
30,13,0.10815,10.00,0.74,1.25,136.30,9.73,26.30
30,14,0.11682,11.19,0.82,1.54,136.62,9.54,32.39
30,15,0.12500,12.38,0.90,1.82,146.27,10.17,34.70
30,16,0.13336,14.60,1.05,2.44,265.33,18.05,74.82
30,17,0.14154,16.82,1.20,3.07,271.64,18.52,76.87
30,18,0.15009,19.27,1.36,4.17,286.07,17.75,128.57
30,19,0.15826,21.70,1.51,5.27,297.76,18.52,133.96
30,20,0.16681,23.01,1.57,6.30,153.21,7.67,121.07
30,21,0.17493,24.32,1.64,7.34,160.90,8.09,127.44
30,22,0.18341,25.37,1.69,8.31,123.38,5.56,114.75
30,23,0.19177,26.41,1.73,9.28,125.18,5.64,116.42
30,24,0.20001,27.23,1.76,10.17,99.26,3.90,108.15
30,25,0.20831,28.05,1.80,11.06,98.16,3.91,106.99
30,26,0.21704,28.55,1.82,11.66,58.04,2.11,68.88
30,27,0.22516,29.06,1.83,12.28,63.16,2.23,75.56
30,28,0.23340,29.45,1.85,12.78,46.30,1.49,61.48
30,29,0.24164,29.83,1.86,13.29,46.30,1.44,61.48
30,30,0.25128,30.21,1.87,13.80,39.56,1.23,52.53
30,31,0.25830,30.64,1.88,14.37,60.87,1.85,82.17
30,32,0.26697,30.91,1.89,14.78,31.69,0.85,46.83
30,33,0.27502,31.19,1.90,15.19,34.09,0.86,50.38
30,34,0.28345,31.46,1.90,15.59,32.61,0.87,48.19
30,35,0.29169,31.72,1.91,15.98,31.48,0.77,47.41
30,36,0.30011,31.92,1.91,16.31,24.28,0.48,39.49
30,37,0.30841,32.13,1.92,16.65,24.63,0.49,40.07
30,38,0.31677,32.33,1.92,16.98,24.45,0.53,39.78
30,39,0.32501,32.53,1.93,17.30,23.33,0.43,38.89
30,40,0.33337,32.68,1.93,17.58,18.61,0.31,33.21
30,41,0.34161,32.84,1.93,17.83,18.89,0.37,30.74
30,42,0.35004,32.96,1.94,18.01,14.13,0.34,21.01
30,43,0.35834,33.07,1.94,18.16,13.24,0.40,18.75
30,44,0.36700,33.12,1.94,18.26,6.69,0.16,10.92
30,45,0.37506,33.15,1.94,18.33,3.79,-0.02,8.33
30,46,0.38342,33.06,1.93,18.31,-10.95,-0.77,-1.82
30,47,0.39172,32.87,1.92,18.28,-23.16,-1.70,-3.68
30,48,0.40021,32.30,1.88,18.20,-67.63,-4.92,-8.99
30,49,0.40845,31.72,1.83,18.15,-70.00,-5.26,-5.93
30,50,0.41705,31.14,1.79,18.14,-67.38,-5.19,-2.13
30,51,0.42517,30.47,1.74,18.15,-82.33,-6.52,2.26
30,52,0.43353,29.48,1.66,18.25,-118.98,-9.67,11.68
30,53,0.44177,28.44,1.57,18.40,-125.93,-10.46,17.41
30,54,0.45020,27.22,1.47,18.59,-144.20,-12.07,23.55
30,55,0.45844,26.09,1.37,18.83,-138.15,-11.77,28.52
30,56,0.46692,25.20,1.30,19.02,-104.32,-8.93,23.02
30,57,0.47504,24.17,1.21,19.29,-126.69,-11.07,32.71
30,58,0.48370,22.57,1.07,19.73,-184.51,-16.17,51.06
30,59,0.49194,21.18,0.94,20.19,-168.89,-15.15,55.93
30,60,0.50018,20.49,0.88,20.45,-84.07,-7.67,31.11
30,61,0.50848,19.76,0.81,20.75,-88.24,-8.17,36.03
30,62,0.51703,18.83,0.72,21.12,-108.21,-10.00,43.57
30,63,0.52521,17.93,0.64,21.51,-110.45,-10.21,47.01
30,64,0.53381,17.04,0.56,21.80,-103.55,-9.33,34.75
30,65,0.54181,16.19,0.48,22.09,-106.49,-9.61,36.26
30,66,0.55029,15.43,0.42,22.22,-89.21,-7.46,15.11
30,67,0.55853,14.69,0.36,22.36,-89.26,-7.54,17.04
30,68,0.56720,14.01,0.30,22.43,-78.52,-6.43,8.10
30,69,0.57538,13.36,0.25,22.51,-80.22,-6.60,9.33
30,70,0.58374,12.78,0.20,22.51,-68.98,-5.40,0.36
30,71,0.59198,12.30,0.17,22.44,-58.52,-4.21,-8.89
30,72,0.60028,12.18,0.17,22.06,-14.71,0.45,-45.96
30,73,0.60858,12.14,0.18,21.66,-4.04,1.34,-47.43
30,74,0.61700,12.45,0.22,21.23,35.87,4.62,-51.81
30,75,0.62518,13.08,0.29,20.65,77.99,8.52,-70.15
30,76,0.63385,14.98,0.48,19.57,219.37,21.56,-125.35
30,77,0.64203,16.81,0.65,18.84,223.51,20.61,-89.55
30,78,0.65021,18.36,0.75,19.44,189.55,12.17,73.51
30,79,0.65845,19.55,0.81,20.36,143.70,7.27,112.59
30,80,0.66711,19.36,0.72,22.51,-21.48,-10.43,247.54
30,81,0.67523,18.98,0.60,25.10,-46.62,-14.89,319.55
30,82,0.68365,17.89,0.36,29.38,-129.71,-28.04,507.61
30,83,0.69196,16.73,0.15,33.91,-139.34,-25.07,545.96
30,84,0.70038,15.34,-0.02,39.41,-165.22,-20.89,653.26
30,85,0.70874,13.96,-0.20,45.02,-164.60,-21.04,670.07
30,86,0.71735,12.65,-0.37,51.00,-152.48,-20.19,695.74
30,87,0.72552,11.17,-0.57,57.19,-181.34,-23.36,756.72
30,88,0.73395,9.05,-0.82,64.14,-251.45,-30.26,824.28
30,89,0.74219,6.90,-1.08,70.77,-261.11,-30.89,804.81
30,90,0.75055,4.63,-1.33,76.23,-271.90,-30.40,652.92
30,91,0.75873,2.19,-1.60,81.87,-297.39,-32.99,690.30
30,92,0.76740,-0.84,-1.93,88.20,-349.65,-38.14,730.63
30,93,0.77551,-3.91,-2.26,94.47,-378.95,-41.05,772.18
30,94,0.78394,-7.17,-2.61,100.50,-386.23,-41.13,715.94
30,95,0.79205,-10.39,-2.95,106.35,-396.62,-42.14,720.30
30,96,0.80054,-13.47,-3.28,111.51,-364.03,-38.20,608.63
30,97,0.80890,-16.25,-3.57,116.11,-331.75,-34.72,549.64
30,98,0.81738,-17.84,-3.73,118.58,-188.13,-19.42,290.65
30,99,0.82562,-19.40,-3.89,120.98,-189.26,-19.66,291.48
30,100,0.83398,-20.83,-4.04,123.14,-171.17,-17.70,258.76
30,101,0.84216,-22.21,-4.04,125.23,-168.66,-0.28,255.60
30,102,0.85065,-23.41,-4.15,127.05,-141.01,-12.93,214.03
30,103,0.85889,-24.61,-4.17,128.86,-145.19,-2.04,220.37
30,104,0.86743,-25.80,-4.19,130.68,-140.00,-1.93,212.50
30,105,0.87561,-27.00,-4.20,132.50,-146.27,-2.06,222.01
30,106,0.88391,-28.20,-4.22,134.31,-144.12,-1.98,218.75
30,107,0.89221,-29.41,-4.24,136.15,-145.96,-2.03,220.96
30,108,0.90070,-30.66,-4.25,138.06,-148.20,-2.08,225.18
30,109,0.90894,-31.94,-4.27,139.99,-155.19,-2.16,234.81
30,110,0.91742,-33.29,-4.29,142.02,-158.99,-2.25,239.21
30,111,0.92566,-34.66,-4.31,144.07,-165.93,-2.42,248.89
30,112,0.93402,-36.09,-4.33,146.20,-171.17,-2.48,254.74
30,113,0.94226,-37.55,-4.35,148.36,-176.67,-2.65,261.48
30,114,0.95062,-39.08,-4.38,150.61,-183.94,-2.84,269.34
30,115,0.95892,-40.62,-4.40,152.86,-185.29,-2.86,271.32
30,116,0.96741,-42.16,-4.42,155.11,-181.29,-2.75,265.47
30,117,0.97571,-43.70,-4.45,157.36,-185.29,-2.86,271.32
30,118,0.98401,-45.24,-4.47,159.62,-185.29,-2.86,271.32
30,119,0.99219,-46.78,-4.49,161.87,-188.43,-2.87,275.75
30,120,1.00061,-48.33,-4.52,164.14,-184.06,-2.89,269.20
30,121,1.00891,-49.88,-4.54,166.41,-186.76,-2.84,273.16
30,122,1.01740,-51.43,-4.57,168.67,-182.73,-2.83,267.27
30,123,1.02576,-53.05,-4.59,171.04,-193.43,-3.00,283.21
30,124,1.03412,-54.92,-4.62,173.79,-223.72,-3.38,328.83
30,125,1.04303,-56.80,-4.65,176.57,-211.30,-3.22,311.30
30,126,1.05133,-58.73,-4.68,179.43,-232.72,-3.44,344.85
30,127,1.05957,-60.66,-4.71,182.29,-234.44,-3.51,347.41
30,128,1.06750,-62.59,-4.73,185.15,-243.46,-3.60,360.77
30,129,1.07574,-64.59,-4.76,188.10,-241.85,-3.63,358.15
30,130,1.08405,-66.80,-4.80,191.39,-266.91,-3.96,395.59
30,131,1.09302,-69.06,-4.91,194.75,-252.04,-12.65,374.49
30,132,1.10126,-71.50,-5.20,198.39,-295.93,-35.57,441.85
30,133,1.10956,-73.91,-5.63,202.01,-290.44,-51.59,436.40
30,134,1.11743,-76.23,-5.87,205.57,-294.19,-30.19,451.55
30,135,1.12567,-78.29,-6.14,208.69,-249.63,-32.21,378.52
30,136,1.13403,-79.38,-6.26,210.17,-130.66,-15.38,178.10
30,137,1.14343,-80.64,-6.41,211.83,-134.42,-15.33,175.97
30,138,1.15137,-82.58,-6.61,214.14,-244.62,-25.87,291.54
30,139,1.15973,-84.50,-6.81,216.35,-228.83,-23.52,263.87
30,140,1.16754,-86.45,-6.99,218.37,-250.39,-23.53,258.20
30,141,1.17560,-88.43,-7.18,220.35,-245.45,-22.59,245.83
30,142,1.18384,-90.48,-7.35,222.21,-248.89,-21.25,226.30
30,143,1.19281,-92.53,-7.53,224.08,-228.57,-19.47,207.82
30,144,1.20142,-94.58,-7.70,225.94,-238.30,-20.30,216.67
30,145,1.20947,-96.66,-7.88,227.82,-257.20,-21.85,232.95
30,146,1.21716,-98.80,-8.06,229.74,-279.37,-23.62,250.40
30,147,1.22546,-101.28,-8.25,231.72,-298.90,-23.06,238.24
30,148,1.23383,-104.86,-8.48,233.87,-427.74,-27.01,257.66
30,149,1.24280,-108.70,-8.71,236.05,-428.23,-25.96,242.18
30,150,1.25104,-113.42,-8.96,238.29,-572.59,-30.91,271.85
30,151,1.25940,-118.01,-9.22,240.55,-548.91,-30.37,270.80
30,152,1.26740,-122.18,-9.47,242.89,-521.76,-31.32,291.98
30,153,1.27545,-126.33,-9.74,245.54,-514.39,-34.01,329.92
30,154,1.28387,-130.39,-10.09,249.26,-482.25,-41.34,441.67
30,155,1.29279,-134.44,-10.44,253.08,-454.45,-39.81,428.08
30,156,1.30133,-138.46,-10.82,257.20,-470.00,-44.04,482.50
30,157,1.30957,-142.11,-11.17,260.99,-443.33,-41.91,459.63
30,158,1.31738,-144.56,-11.41,263.68,-314.45,-31.03,344.53
30,159,1.32562,-147.08,-11.65,266.42,-304.81,-29.91,331.85
30,160,1.33392,-149.77,-11.92,269.29,-324.26,-31.39,346.32
30,161,1.34296,-152.52,-12.18,272.17,-304.39,-28.97,318.58
30,162,1.35126,-155.46,-12.44,275.06,-354.04,-32.17,348.90
30,163,1.35950,-158.45,-12.71,277.98,-363.33,-32.62,353.33
30,164,1.36737,-161.62,-12.99,280.94,-403.10,-35.12,376.36
30,165,1.37567,-164.82,-13.26,283.87,-384.93,-32.97,352.94
30,166,1.38391,-168.08,-13.53,286.69,-395.19,-32.52,342.22
30,167,1.39288,-171.37,-13.80,289.52,-367.01,-29.95,315.31
30,168,1.40118,-174.78,-13.98,292.37,-411.40,-21.95,344.12
30,169,1.40967,-178.11,-14.17,295.19,-391.73,-22.30,332.37
30,170,1.41754,-181.14,-14.34,297.89,-384.88,-22.05,343.02
30,171,1.42596,-183.95,-14.51,300.51,-334.42,-20.18,310.87
30,172,1.43396,-186.08,-14.67,302.88,-266.41,-19.81,296.56
30,173,1.44287,-187.93,-14.83,305.13,-207.53,-17.04,251.71
30,174,1.45117,-188.99,-14.96,307.05,-126.84,-16.28,231.25
30,175,1.45953,-189.87,-15.09,308.90,-106.20,-15.76,221.53
30,176,1.46735,-190.26,-15.21,310.55,-48.83,-15.58,211.33
30,177,1.47565,-190.49,-15.34,312.21,-27.94,-14.96,199.63
30,178,1.48401,-190.26,-15.47,313.88,27.74,-15.62,200.36
30,179,1.49292,-189.90,-15.60,315.62,39.38,-15.31,195.21
30,180,1.50128,-189.19,-15.76,317.56,85.40,-18.61,231.39
30,181,1.50958,-188.45,-15.92,319.58,89.71,-19.57,243.38
30,182,1.51752,-187.60,-16.11,321.86,106.15,-23.10,287.69
30,183,1.52582,-186.66,-16.30,324.25,113.60,-23.24,288.24
30,184,1.53406,-185.40,-16.52,326.99,152.96,-26.96,331.85
30,185,1.54291,-184.00,-16.75,329.77,158.28,-25.73,314.48
30,186,1.55133,-182.16,-16.99,332.71,218.48,-28.94,348.55
30,187,1.55902,-180.31,-17.23,335.58,240.08,-31.12,373.41
30,188,1.56726,-178.44,-17.45,338.25,227.41,-26.29,324.81
30,189,1.57581,-176.69,-17.66,340.76,204.64,-24.52,292.86
30,190,1.58398,-175.33,-17.71,342.72,166.79,-6.13,239.93
30,191,1.59277,-174.16,-17.81,344.43,132.29,-11.37,194.44
30,192,1.60065,-173.62,-17.86,345.35,68.99,-7.09,117.05
30,193,1.60901,-173.20,-17.91,346.08,50.36,-5.27,87.59
30,194,1.61743,-173.16,-17.92,346.22,4.35,-1.14,17.03
31,0,0.00000,0.00,0.00,0.00,-17.15,0.02,4.01
31,1,0.00824,-0.14,0.00,0.03,-17.41,0.01,4.07
31,2,0.01660,-0.52,0.00,0.02,-44.53,0.30,-1.82
31,3,0.02490,-0.89,0.01,0.00,-44.85,0.32,-1.84
31,4,0.03326,-1.45,0.01,-0.16,-67.15,0.85,-18.98
31,5,0.04156,-2.01,0.02,-0.31,-67.65,0.86,-19.12
31,6,0.04993,-2.75,0.03,-0.57,-88.32,1.23,-30.29
31,7,0.05829,-3.49,0.04,-0.82,-88.32,1.24,-30.29
31,8,0.06653,-4.40,0.05,-1.16,-110.74,1.62,-40.74
31,9,0.07489,-5.31,0.07,-1.49,-109.12,1.58,-40.15
31,10,0.08319,-6.37,0.08,-1.93,-127.21,1.98,-52.57
31,11,0.09161,-7.42,0.10,-2.37,-125.36,1.98,-51.81
31,12,0.10004,-8.48,0.11,-2.80,-125.36,0.64,-51.81
31,13,0.10840,-9.54,0.10,-3.24,-126.28,-0.75,-52.19
31,14,0.11664,-10.64,0.09,-3.75,-134.07,-0.95,-62.59
31,15,0.12494,-11.75,0.08,-4.27,-133.09,-0.95,-62.13
31,16,0.13336,-13.79,0.05,-5.33,-243.12,-3.43,-126.09
31,17,0.14166,-15.84,0.20,-6.39,-246.69,18.16,-127.94
31,18,0.15015,-18.01,0.26,-7.96,-255.76,6.02,-184.89
31,19,0.15845,-20.18,0.18,-9.53,-261.40,-8.82,-188.97
31,20,0.16663,-21.25,0.07,-10.81,-130.97,-13.29,-156.34
31,21,0.17499,-22.32,0.09,-12.09,-128.10,2.21,-152.92
31,22,0.18347,-23.15,0.07,-13.25,-97.84,-3.09,-137.41
31,23,0.19171,-23.98,0.04,-14.42,-100.74,-3.18,-141.48
31,24,0.20013,-24.60,0.02,-15.46,-73.55,-2.52,-123.19
31,25,0.20850,-25.22,-0.00,-16.49,-74.09,-2.53,-124.09
31,26,0.21667,-25.60,-0.02,-17.19,-45.52,-1.64,-84.70
31,27,0.22498,-25.97,-0.03,-17.88,-44.85,-1.62,-83.46
31,28,0.23334,-26.24,-0.04,-18.45,-32.48,-1.25,-68.25
31,29,0.24164,-26.51,-0.05,-19.02,-32.72,-1.26,-68.75
31,30,0.25006,-26.78,-0.06,-19.59,-32.25,-1.26,-67.75
31,31,0.25854,-27.05,-0.07,-20.16,-32.01,-1.21,-67.27
31,32,0.26666,-27.24,-0.08,-20.62,-22.93,-0.98,-56.02
31,33,0.27502,-27.43,-0.09,-21.07,-22.26,-0.91,-54.38
31,34,0.28345,-27.61,-0.09,-21.53,-22.10,-0.93,-53.99
31,35,0.29181,-27.80,-0.10,-21.98,-22.26,-0.93,-54.38
31,36,0.30023,-27.93,-0.11,-22.35,-15.58,-0.71,-43.48
31,37,0.30859,-28.06,-0.11,-22.72,-16.06,-0.72,-44.89
31,38,0.31671,-28.20,-0.12,-23.09,-16.17,-0.73,-45.11
31,39,0.32507,-28.33,-0.13,-23.45,-15.69,-0.71,-43.43
31,40,0.33356,-28.42,-0.13,-23.76,-11.15,-0.55,-35.97
31,41,0.34174,-28.51,-0.14,-24.06,-10.82,-0.57,-36.94
31,42,0.35016,-28.57,-0.14,-24.26,-6.88,-0.35,-24.28
31,43,0.35852,-28.62,-0.14,-24.47,-6.57,-0.35,-24.09
31,44,0.36676,-28.64,-0.14,-24.58,-1.85,-0.16,-13.33
31,45,0.37512,-28.65,-0.14,-24.68,-1.46,-0.15,-12.41
31,46,0.38348,-28.58,-0.14,-24.62,8.76,0.23,6.93
31,47,0.39185,-28.49,-0.14,-24.55,9.85,0.25,8.03
31,48,0.40027,-28.07,-0.13,-24.16,50.36,1.37,47.10
31,49,0.40857,-27.65,-0.12,-23.76,51.10,1.36,47.79
31,50,0.41681,-27.22,-0.11,-23.36,51.48,1.39,48.15
31,51,0.42511,-26.79,-0.09,-22.96,52.21,1.41,48.53
31,52,0.43347,-26.04,-0.07,-22.30,89.78,2.37,78.83
31,53,0.44177,-25.28,-0.05,-21.64,90.81,2.38,80.15
31,54,0.45020,-24.39,-0.03,-20.79,106.16,2.90,100.36
31,55,0.45868,-23.50,-0.01,-19.95,104.32,2.83,98.92
31,56,0.46680,-22.88,0.01,-19.30,77.44,2.16,80.08
31,57,0.47516,-22.23,0.03,-18.63,77.01,2.15,79.93
31,58,0.48364,-21.14,0.06,-17.39,129.14,3.74,146.76
31,59,0.49194,-20.06,0.09,-16.16,130.15,3.75,147.79
31,60,0.50049,-19.58,0.11,-15.60,56.07,1.64,65.71
31,61,0.50891,-19.09,0.12,-15.02,57.97,1.71,68.48
31,62,0.51703,-18.49,0.14,-14.22,73.31,2.28,99.62
31,63,0.52539,-17.91,0.16,-13.41,69.71,2.20,95.99
31,64,0.53375,-17.48,0.17,-12.58,51.46,1.88,100.00
31,65,0.54199,-17.06,0.19,-11.74,50.74,1.91,101.85
31,66,0.55048,-16.89,0.24,-10.99,19.78,5.88,88.13
31,67,0.55878,-16.74,0.24,-10.24,19.12,-0.24,89.71
31,68,0.56708,-16.70,0.23,-9.56,4.41,-0.77,82.35
31,69,0.57526,-16.67,0.23,-8.88,3.73,-0.22,82.84
31,70,0.58380,-16.75,0.22,-8.31,-9.64,-0.53,66.79
31,71,0.59198,-16.85,0.22,-7.77,-12.31,-0.86,66.04
31,72,0.60034,-17.25,0.21,-7.71,-47.08,-0.79,7.30
31,73,0.60895,-17.64,0.21,-7.68,-45.74,-0.48,4.26
31,74,0.61713,-18.03,0.21,-8.04,-47.76,0.06,-45.15
31,75,0.62531,-18.44,0.20,-8.53,-50.75,-0.85,-59.70
31,76,0.63367,-19.23,0.16,-10.58,-93.43,-4.46,-244.53
31,77,0.64197,-19.89,0.04,-12.58,-80.15,-15.37,-241.18
31,78,0.65045,-19.06,0.13,-14.02,98.20,11.34,-169.78
31,79,0.65887,-18.13,0.14,-15.32,109.78,0.43,-153.99
31,80,0.66699,-16.04,0.26,-14.80,257.52,14.77,63.53
31,81,0.67529,-13.81,0.26,-14.20,269.12,0.50,72.79
31,82,0.68365,-9.75,0.35,-12.46,485.04,10.49,208.03
31,83,0.69202,-5.61,0.31,-10.68,495.26,-3.88,212.04
31,84,0.70044,-0.39,0.20,-8.46,619.93,-13.71,263.77
31,85,0.70911,4.87,0.12,-6.24,606.69,-9.62,256.34
31,86,0.71722,10.58,0.03,-4.02,703.76,-10.61,273.68
31,87,0.72546,16.35,-0.06,-1.73,700.74,-10.68,277.78
31,88,0.73389,22.89,-0.17,1.43,775.72,-13.40,375.36
31,89,0.74237,29.32,-0.28,4.59,757.55,-13.21,372.30
31,90,0.75067,34.40,-0.39,7.70,612.50,-12.41,375.00
31,91,0.75903,39.51,-0.49,10.86,610.58,-12.46,377.74
31,92,0.76740,45.30,-0.62,14.83,692.70,-15.22,474.82
31,93,0.77563,51.06,-0.75,18.81,699.63,-15.46,483.33
31,94,0.78406,56.52,-0.87,22.96,647.83,-15.33,492.03
31,95,0.79242,61.91,-1.00,27.08,644.53,-15.34,492.70
31,96,0.80072,66.53,-1.12,30.93,557.35,-14.15,463.60
31,97,0.80914,70.96,-1.23,34.62,525.72,-13.37,438.77
31,98,0.81738,73.15,-1.29,36.58,265.93,-7.12,237.41
31,99,0.82568,75.32,-1.35,38.52,261.40,-7.00,233.82
31,100,0.83398,77.24,-1.40,40.26,230.88,-6.28,210.29
31,101,0.84235,79.13,-1.45,41.99,226.28,-6.17,206.20
31,102,0.85089,80.74,-1.50,43.45,188.21,-5.10,171.07
31,103,0.85901,82.36,-1.54,44.92,199.62,-5.43,181.58
31,104,0.86725,83.97,-1.58,46.39,195.19,-5.31,177.41
31,105,0.87555,85.58,-1.63,47.85,193.75,-5.26,176.10
31,106,0.88397,87.19,-1.67,49.31,190.94,-5.18,173.55
31,107,0.89221,88.80,-1.72,50.78,196.30,-5.33,178.15
31,108,0.90070,90.50,-1.76,52.32,199.64,-5.42,181.29
31,109,0.90906,92.20,-1.81,53.86,203.65,-5.53,185.04
31,110,0.91730,94.00,-1.86,55.51,218.15,-5.96,199.63
31,111,0.92554,95.80,-1.91,57.16,219.26,-5.99,200.74
31,112,0.93396,97.69,-1.96,58.91,223.55,-6.16,206.88
31,113,0.94232,99.58,-2.01,60.66,226.28,-6.24,209.85
31,114,0.95074,101.57,-2.07,62.53,236.23,-6.58,221.74
31,115,0.95917,103.56,-2.12,64.40,236.23,-6.58,221.74
31,116,0.96735,105.55,-2.18,66.26,243.28,-6.79,228.36
31,117,0.97552,107.54,-2.23,68.13,243.28,-6.76,228.36
31,118,0.98389,109.53,-2.29,70.00,237.96,-6.63,223.36
31,119,0.99237,111.52,-2.34,71.87,234.53,-6.53,220.14
31,120,1.00067,113.52,-2.40,73.75,241.18,-6.73,226.47
31,121,1.00903,115.52,-2.45,75.63,239.42,-6.67,224.82
31,122,1.01715,117.52,-2.51,77.51,246.62,-6.87,231.58
31,123,1.02557,119.56,-2.57,79.42,242.03,-6.74,227.17
31,124,1.03406,121.99,-2.63,81.69,286.33,-7.96,267.99
31,125,1.04224,124.43,-2.70,83.97,298.13,-8.28,278.73
31,126,1.05078,126.96,-2.77,86.33,296.07,-8.18,275.36
31,127,1.05896,129.49,-2.84,88.68,309.33,-8.55,287.69
31,128,1.06720,132.02,-2.91,91.03,307.04,-8.50,285.56
31,129,1.07562,134.58,-2.98,93.41,304.35,-8.40,282.61
31,130,1.08405,137.49,-3.06,96.11,344.93,-9.52,319.93
31,131,1.09229,140.42,-3.23,98.83,355.93,-20.37,330.00
31,132,1.10071,143.64,-3.45,101.79,382.61,-26.45,352.54
31,133,1.10907,146.86,-3.65,104.75,384.67,-23.48,353.65
31,134,1.11731,150.02,-3.84,107.59,382.96,-23.20,344.07
31,135,1.12561,153.01,-4.02,110.29,360.66,-21.89,325.37
31,136,1.13409,154.31,-4.10,111.60,153.60,-9.59,154.32
31,137,1.14227,155.67,-4.19,112.99,166.42,-10.47,169.78
31,138,1.15076,157.62,-4.32,115.21,229.14,-14.90,262.23
31,139,1.15906,159.54,-4.44,117.44,231.62,-15.11,268.38
31,140,1.16724,161.23,-4.56,119.68,207.09,-14.12,274.25
31,141,1.17560,162.91,-4.67,121.93,200.73,-13.76,268.98
31,142,1.18396,164.44,-4.78,124.24,182.48,-13.08,276.64
31,143,1.19220,165.96,-4.89,126.56,185.19,-13.23,280.74
31,144,1.20056,167.49,-5.00,128.87,182.48,-13.08,276.64
31,145,1.20905,169.02,-5.11,131.19,180.22,-12.91,273.74
31,146,1.21710,170.59,-5.22,133.61,195.08,-14.07,300.38
31,147,1.22546,172.16,-5.34,136.16,187.96,-13.83,304.74
31,148,1.23407,173.74,-5.48,140.02,183.33,-16.15,448.94
31,149,1.24219,175.32,-5.62,144.03,195.11,-17.52,493.98
31,150,1.25067,176.81,-5.78,149.04,175.18,-18.33,590.29
31,151,1.25909,178.31,-5.93,154.00,178.62,-18.45,588.41
31,152,1.26740,179.98,-6.08,158.48,200.37,-18.57,539.71
31,153,1.27576,181.78,-6.25,162.97,215.33,-19.15,537.23
31,154,1.28418,184.83,-6.46,167.56,361.96,-25.88,544.57
31,155,1.29248,187.92,-6.68,172.14,372.06,-26.43,552.57
31,156,1.30109,191.37,-6.92,176.75,401.42,-27.46,535.11
31,157,1.30951,194.71,-7.15,181.19,396.74,-27.09,526.81
31,158,1.31763,197.03,-7.30,184.07,285.71,-19.10,355.64
31,159,1.32581,199.33,-7.46,186.94,280.97,-18.76,351.12
31,160,1.33429,201.75,-7.62,190.05,285.61,-19.28,365.83
31,161,1.34259,204.17,-7.78,193.18,291.91,-18.89,377.21
31,162,1.35095,206.58,-7.93,196.53,287.96,-18.27,400.73
31,163,1.35950,209.00,-8.08,199.91,282.50,-17.98,395.36
31,164,1.36749,211.44,-8.24,203.50,305.34,-19.77,449.62
31,165,1.37579,213.86,-8.40,207.10,291.91,-18.99,433.82
31,166,1.38416,216.15,-8.55,210.76,273.36,-18.28,436.86
31,167,1.39258,218.43,-8.70,214.43,271.38,-18.17,435.87
31,168,1.40088,220.73,-8.86,218.24,276.84,-18.76,459.19
31,169,1.40930,223.01,-9.01,222.01,271.01,-18.37,447.10
31,170,1.41748,225.21,-9.16,225.42,269.03,-17.75,417.16
31,171,1.42590,227.39,-9.30,228.72,258.33,-16.92,391.67
31,172,1.43414,229.39,-9.42,231.16,242.22,-14.69,296.67
31,173,1.44257,231.35,-9.54,233.48,233.33,-14.02,275.00
31,174,1.45093,233.08,-9.63,234.81,207.30,-11.06,159.49
31,175,1.45947,234.80,-9.61,236.07,200.71,2.70,146.79
31,176,1.46753,236.37,-9.73,236.70,195.08,-14.43,78.41
31,177,1.47607,237.96,-9.64,237.26,185.71,9.87,65.71
31,178,1.48438,239.65,-9.65,237.29,203.68,-1.47,3.31
31,179,1.49255,241.39,-9.67,237.26,213.06,-1.75,-2.99
31,180,1.50085,243.41,-9.70,236.85,243.75,-3.32,-49.26
31,181,1.50940,245.48,-9.72,236.43,242.14,-3.31,-48.93
31,182,1.51752,247.87,-9.76,235.96,293.61,-3.98,-59.02
31,183,1.52594,250.31,-9.79,235.43,290.58,-4.06,-61.96
31,184,1.53424,253.21,-9.84,234.61,348.90,-5.60,-99.26
31,185,1.54254,256.14,-9.89,233.72,353.31,-5.87,-107.35
31,186,1.55115,259.33,-9.95,232.35,369.86,-7.50,-158.51
31,187,1.55945,262.48,-10.02,230.98,379.78,-7.76,-165.44
31,188,1.56757,265.41,-10.08,229.54,361.28,-7.96,-177.07
31,189,1.57593,268.25,-10.14,228.16,339.05,-7.46,-166.06
31,190,1.58423,270.39,-10.19,227.11,258.82,-5.69,-125.74
31,191,1.59253,272.40,-10.23,226.15,241.54,-5.26,-116.18
31,192,1.60095,273.39,-10.25,225.75,118.12,-2.29,-47.10
31,193,1.60950,274.28,-10.27,225.40,103.93,-1.98,-40.71
31,194,1.61768,274.43,-10.27,225.39,18.28,-0.20,-1.87
32,0,0.00000,0.00,0.00,0.00,-14.03,-1.48,10.43
32,1,0.00824,-0.12,-0.01,0.09,-14.44,-1.53,10.74
32,2,0.01733,-0.46,-0.06,0.22,-37.92,-4.83,14.77
32,3,0.02509,-0.81,-0.10,0.36,-45.28,-5.99,17.32
32,4,0.03326,-1.39,-0.19,0.44,-70.52,-10.22,10.07
32,5,0.04156,-1.97,-0.27,0.52,-69.85,-10.24,9.56
32,6,0.04999,-2.75,-0.39,0.59,-92.39,-13.84,7.97
32,7,0.05823,-3.53,-0.50,0.65,-94.81,-14.02,8.15
32,8,0.06677,-4.50,-0.65,0.71,-113.57,-17.18,7.14
32,9,0.07501,-5.47,-0.80,0.78,-118.15,-17.78,7.41
32,10,0.08331,-6.62,-0.97,0.80,-137.87,-21.11,3.31
32,11,0.09161,-7.76,-1.15,0.83,-137.87,-21.11,3.31
32,12,0.09998,-8.91,-1.32,0.86,-136.86,-21.04,3.28
32,13,0.10828,-10.05,-1.50,0.88,-137.87,-21.04,2.94
32,14,0.11676,-11.27,-1.69,0.86,-143.53,-22.38,-2.88
32,15,0.12506,-12.50,-1.88,0.83,-148.16,-23.22,-3.31
32,16,0.13336,-14.80,-2.25,0.69,-277.21,-43.94,-17.28
32,17,0.14160,-17.11,-2.61,0.54,-279.63,-44.28,-18.15
32,18,0.15009,-19.72,-3.05,-0.02,-308.63,-52.01,-65.83
32,19,0.15833,-22.33,-3.49,-0.58,-316.30,-53.35,-68.15
32,20,0.16675,-23.83,-3.77,-1.32,-177.54,-33.10,-87.32
32,21,0.17499,-25.32,-4.05,-2.05,-181.11,-33.59,-89.26
32,22,0.18341,-26.55,-4.28,-2.78,-146.01,-28.30,-86.59
32,23,0.19165,-27.77,-4.52,-3.51,-148.89,-28.59,-88.52
32,24,0.20001,-28.76,-4.72,-4.21,-117.88,-23.65,-83.58
32,25,0.20825,-29.74,-4.91,-4.91,-119.26,-23.83,-84.44
32,26,0.21686,-30.36,-5.04,-5.39,-72.34,-14.63,-56.03
32,27,0.22504,-30.98,-5.17,-5.87,-75.75,-15.62,-58.96
32,28,0.23340,-31.46,-5.27,-6.29,-57.30,-12.00,-49.64
32,29,0.24170,-31.94,-5.37,-6.70,-57.72,-12.18,-50.00
32,30,0.25006,-32.42,-5.47,-7.12,-57.30,-12.09,-49.64
32,31,0.25830,-32.90,-5.57,-7.53,-57.78,-12.00,-50.00
32,32,0.26685,-33.25,-5.65,-7.87,-41.43,-9.04,-39.64
32,33,0.27515,-33.61,-5.72,-8.21,-42.65,-9.22,-40.81
32,34,0.28345,-33.96,-5.80,-8.54,-42.65,-9.21,-40.81
32,35,0.29169,-34.31,-5.88,-8.88,-42.59,-9.23,-41.11
32,36,0.30005,-34.58,-5.94,-9.16,-32.12,-7.12,-33.58
32,37,0.30829,-34.85,-6.00,-9.45,-32.59,-7.22,-34.07
32,38,0.31677,-35.12,-6.06,-9.73,-31.65,-7.11,-33.09
32,39,0.32520,-35.39,-6.11,-10.01,-31.88,-6.97,-33.33
32,40,0.33344,-35.60,-6.16,-10.25,-25.56,-5.82,-29.26
32,41,0.34174,-35.79,-6.21,-10.50,-23.90,-5.62,-30.15
32,42,0.35016,-35.91,-6.24,-10.68,-14.13,-3.61,-21.01
32,43,0.35840,-36.02,-6.27,-10.86,-13.33,-3.35,-21.85
32,44,0.36688,-36.06,-6.28,-10.96,-4.68,-1.40,-12.23
32,45,0.37512,-36.10,-6.29,-11.06,-4.07,-1.51,-12.59
32,46,0.38348,-36.02,-6.28,-11.01,9.49,1.78,5.84
32,47,0.39172,-35.93,-6.26,-10.96,10.00,2.10,6.67
32,48,0.40021,-35.50,-6.17,-10.58,51.44,10.71,44.96
32,49,0.40845,-35.08,-6.08,-10.17,50.37,11.08,48.89
32,50,0.41693,-34.69,-5.99,-9.75,46.40,10.35,50.00
32,51,0.42523,-34.31,-5.90,-9.30,45.22,10.30,53.68
32,52,0.43365,-33.69,-5.76,-8.53,74.64,17.44,92.03
32,53,0.44177,-33.10,-5.61,-7.72,72.56,17.60,99.62
32,54,0.45026,-32.46,-5.45,-6.67,75.18,19.58,124.10
32,55,0.45844,-31.88,-5.29,-5.59,71.27,19.49,132.09
32,56,0.46692,-31.52,-5.18,-4.75,41.37,12.82,98.20
32,57,0.47522,-31.21,-5.08,-3.90,37.50,12.36,103.31
32,58,0.48352,-30.80,-4.91,-2.29,50.00,19.97,193.38
32,59,0.49182,-30.47,-4.76,-0.68,40.07,18.68,194.49
32,60,0.50024,-30.36,-4.69,0.05,11.96,7.53,86.96
32,61,0.50842,-30.30,-4.64,0.79,7.84,6.92,90.30
32,62,0.51697,-30.33,-4.58,1.79,-3.93,6.78,116.43
32,63,0.52533,-30.42,-4.53,2.78,-10.22,6.12,118.61
32,64,0.53363,-30.69,-4.51,3.68,-32.72,1.77,108.09
32,65,0.54181,-31.01,-4.50,4.56,-38.81,0.90,107.84
32,66,0.55029,-31.47,-4.54,5.17,-54.68,-3.81,71.94
32,67,0.55859,-31.97,-4.58,5.76,-59.56,-4.75,70.59
32,68,0.56714,-32.51,-4.63,6.17,-63.57,-6.56,48.93
32,69,0.57532,-33.07,-4.70,6.56,-68.66,-7.72,47.39
32,70,0.58362,-33.61,-4.77,6.76,-65.07,-8.37,24.26
32,71,0.59192,-34.16,-4.84,6.93,-65.81,-8.90,20.59
32,72,0.60028,-34.37,-4.90,6.59,-25.18,-6.67,-40.51
32,73,0.60858,-34.56,-4.95,6.24,-22.79,-6.23,-42.28
32,74,0.61713,-34.32,-4.94,5.77,27.50,0.74,-55.71
32,75,0.62537,-34.05,-4.93,5.29,33.33,1.54,-57.41
32,76,0.63367,-32.20,-4.72,4.12,222.43,25.28,-141.54
32,77,0.64191,-30.30,-4.49,3.06,230.37,27.51,-128.89
32,78,0.65027,-28.79,-4.21,3.74,181.39,33.20,81.75
32,79,0.65863,-27.33,-3.94,4.51,174.45,32.89,92.34
32,80,0.66718,-27.84,-3.88,6.60,-60.00,6.43,244.64
32,81,0.67542,-28.47,-3.85,8.69,-76.67,4.37,252.96
32,82,0.68372,-30.60,-3.93,12.55,-256.25,-10.01,465.81
32,83,0.69196,-32.93,-4.05,16.32,-282.22,-14.27,457.04
32,84,0.70032,-36.13,-4.24,21.00,-383.58,-23.46,559.85
32,85,0.70874,-39.57,-4.49,25.52,-408.33,-28.87,536.96
32,86,0.71716,-43.37,-4.77,30.33,-451.09,-33.23,571.01
32,87,0.72565,-47.42,-4.96,34.95,-477.34,-22.89,544.24
32,88,0.73389,-52.87,-5.43,39.75,-661.11,-56.71,582.22
32,89,0.74207,-58.54,-5.91,44.25,-693.66,-58.82,550.75
32,90,0.75043,-63.67,-6.44,47.21,-612.77,-63.58,353.65
32,91,0.75879,-68.95,-7.02,49.91,-631.39,-69.14,322.63
32,92,0.76721,-75.49,-7.81,52.46,-776.45,-93.22,302.90
32,93,0.77551,-82.14,-8.64,54.68,-802.21,-100.54,266.91
32,94,0.78381,-88.80,-9.53,56.30,-801.84,-106.68,195.22
32,95,0.79205,-95.45,-10.41,57.91,-806.67,-107.31,195.93
32,96,0.80042,-101.35,-11.22,59.07,-706.20,-96.91,138.69
32,97,0.80872,-107.22,-12.02,60.22,-706.99,-96.89,138.97
32,98,0.81726,-110.12,-12.43,60.69,-339.29,-47.60,54.64
32,99,0.82556,-113.02,-12.84,61.15,-348.90,-48.97,55.88
32,100,0.83386,-115.58,-13.20,61.54,-308.82,-43.63,46.69
32,101,0.84210,-118.14,-13.56,61.93,-310.74,-43.88,46.67
32,102,0.85046,-120.29,-13.86,62.25,-256.93,-36.23,39.05
32,103,0.85883,-122.44,-14.17,62.58,-256.93,-36.23,39.05
32,104,0.86731,-124.58,-14.47,62.91,-253.24,-35.80,38.49
32,105,0.87561,-126.73,-14.77,63.23,-258.82,-36.40,39.34
32,106,0.88391,-128.88,-15.08,63.56,-258.82,-36.59,39.34
32,107,0.89221,-131.03,-15.38,63.89,-259.19,-36.59,39.34
32,108,0.90057,-133.29,-15.70,64.23,-270.44,-38.11,41.24
32,109,0.90887,-135.56,-16.02,64.58,-272.79,-38.50,41.54
32,110,0.91748,-137.97,-16.36,64.93,-280.14,-39.60,41.49
32,111,0.92560,-140.41,-16.70,65.29,-300.00,-42.40,44.36
32,112,0.93396,-142.95,-17.06,65.66,-304.38,-43.13,43.43
32,113,0.94214,-145.50,-17.43,66.02,-311.19,-44.18,44.03
32,114,0.95056,-148.20,-17.81,66.38,-321.01,-45.80,43.48
32,115,0.95886,-150.90,-18.20,66.75,-325.74,-46.38,44.12
32,116,0.96741,-153.61,-18.58,67.11,-316.43,-45.15,42.86
32,117,0.97552,-156.31,-18.97,67.48,-333.08,-47.47,45.11
32,118,0.98376,-159.01,-19.35,67.85,-328.15,-46.63,44.44
32,119,0.99200,-161.72,-19.74,68.21,-328.15,-46.82,44.44
32,120,1.00043,-164.44,-20.13,68.58,-323.19,-46.14,43.48
32,121,1.00867,-167.16,-20.51,68.95,-330.37,-47.06,44.44
32,122,1.01721,-169.89,-20.90,69.31,-318.57,-45.48,42.86
32,123,1.02551,-172.62,-21.29,69.68,-329.41,-46.91,44.49
32,124,1.03387,-175.92,-21.76,70.13,-394.16,-56.18,54.01
32,125,1.04211,-179.21,-22.23,70.58,-400.37,-56.93,54.81
32,126,1.05048,-182.64,-22.72,71.06,-409.12,-58.12,57.30
32,127,1.05878,-186.06,-23.20,71.54,-412.13,-58.64,57.72
32,128,1.06738,-189.48,-23.69,72.02,-397.52,-56.51,55.67
32,129,1.07562,-192.91,-24.18,72.50,-416.67,-59.08,58.52
32,130,1.08392,-196.83,-24.73,73.06,-472.43,-67.20,66.54
32,131,1.09216,-200.76,-25.29,73.61,-477.04,-67.70,67.41
32,132,1.10059,-205.10,-25.91,74.24,-514.86,-72.87,74.64
32,133,1.10883,-209.43,-26.58,74.87,-525.93,-81.59,76.30
32,134,1.11731,-213.62,-27.50,75.53,-493.88,-108.73,77.70
32,135,1.12555,-217.76,-28.72,76.18,-502.22,-147.81,78.89
32,136,1.13391,-219.60,-29.35,76.36,-219.71,-75.39,22.26
32,137,1.14221,-221.46,-30.10,76.55,-224.63,-89.99,22.06
32,138,1.15057,-224.42,-31.42,76.65,-353.28,-158.39,12.41
32,139,1.15894,-227.37,-32.94,76.75,-352.92,-182.25,12.04
32,140,1.16736,-230.18,-34.35,76.65,-333.33,-166.54,-12.32
32,141,1.17560,-232.98,-35.75,76.54,-340.74,-170.17,-12.96
32,142,1.18396,-235.74,-37.17,76.27,-329.56,-169.66,-32.85
32,143,1.19220,-238.49,-38.59,75.99,-334.44,-172.00,-33.33
32,144,1.20074,-241.25,-40.00,75.72,-322.50,-165.59,-32.14
32,145,1.20898,-244.11,-41.47,75.43,-346.67,-178.67,-34.81
32,146,1.21747,-246.98,-42.95,75.12,-338.13,-174.41,-36.33
32,147,1.22565,-249.91,-44.48,74.76,-358.58,-186.35,-44.03
32,148,1.23395,-253.90,-46.72,73.55,-481.25,-269.85,-146.32
32,149,1.24225,-257.94,-48.99,72.29,-486.76,-273.96,-151.84
32,150,1.25067,-262.77,-51.82,70.28,-572.83,-335.49,-238.04
32,151,1.25897,-267.58,-54.63,68.30,-579.04,-339.19,-238.24
32,152,1.26746,-272.10,-57.21,66.77,-533.45,-303.37,-180.94
32,153,1.27570,-276.68,-58.78,65.29,-555.93,-191.67,-179.63
32,154,1.28400,-282.16,-60.76,64.76,-660.29,-237.69,-63.24
32,155,1.29224,-287.66,-62.74,64.25,-667.04,-240.35,-61.85
32,156,1.30066,-293.41,-63.89,64.03,-682.97,-136.56,-26.81
32,157,1.30890,-299.04,-64.72,63.82,-683.33,-100.54,-25.93
32,158,1.31738,-302.69,-65.26,63.79,-429.50,-64.28,-2.52
32,159,1.32574,-306.34,-65.51,63.77,-437.59,-29.11,-2.92
32,160,1.33411,-310.28,-65.54,63.69,-470.80,-3.87,-9.12
32,161,1.34229,-314.23,-65.57,63.61,-482.84,-3.99,-10.45
32,162,1.35077,-318.35,-65.61,63.36,-485.61,-4.37,-28.78
32,163,1.35895,-322.48,-65.64,63.11,-505.22,-4.55,-30.60
32,164,1.36755,-326.81,-65.69,62.74,-502.84,-4.77,-43.62
32,165,1.37573,-331.13,-65.73,62.36,-528.73,-5.03,-46.64
32,166,1.38409,-335.41,-65.77,61.83,-510.95,-5.20,-63.50
32,167,1.39227,-339.69,-65.81,61.29,-523.88,-5.35,-65.67
32,168,1.40076,-344.10,-65.86,60.67,-519.42,-5.47,-73.38
32,169,1.40900,-348.49,-65.91,60.05,-532.59,-5.56,-74.44
32,170,1.41748,-352.52,-65.95,59.61,-475.54,-4.73,-52.52
32,171,1.42578,-356.51,-65.99,59.19,-480.15,-4.72,-50.37
32,172,1.43408,-359.66,-66.01,59.19,-380.15,-2.98,0.74
32,173,1.44226,-362.76,-66.03,59.23,-378.36,-2.90,4.10
32,174,1.45081,-364.89,-66.04,59.73,-249.29,-0.86,58.93
32,175,1.45905,-366.98,-66.05,60.25,-254.07,-0.81,63.33
32,176,1.46747,-368.46,-66.04,61.07,-176.09,0.44,97.46
32,177,1.47577,-369.92,-66.04,61.92,-175.74,0.53,102.21
32,178,1.48407,-371.01,-66.02,63.22,-130.88,1.88,155.88
32,179,1.49237,-372.09,-66.01,64.54,-130.15,1.96,159.56
32,180,1.50079,-373.05,-65.98,66.37,-113.77,3.17,217.03
32,181,1.50897,-374.02,-65.95,68.22,-118.66,3.30,225.75
32,182,1.51752,-375.15,-65.92,70.37,-132.14,3.68,252.14
32,183,1.52582,-376.28,-65.89,72.56,-136.76,3.87,263.60
32,184,1.53412,-377.47,-65.85,75.33,-143.38,5.11,333.46
32,185,1.54236,-378.65,-65.81,78.12,-142.96,5.23,339.63
32,186,1.55084,-379.60,-65.75,81.46,-112.23,6.48,392.81
32,187,1.55908,-380.54,-65.70,84.78,-114.07,6.66,403.33
32,188,1.56775,-381.27,-65.64,87.96,-84.51,6.20,367.25
32,189,1.57581,-382.00,-65.59,91.10,-90.15,6.58,389.02
32,190,1.58417,-382.55,-65.55,93.43,-65.69,4.72,279.20
32,191,1.59247,-383.08,-65.51,95.68,-63.97,4.56,270.59
32,192,1.60083,-383.40,-65.49,96.70,-37.96,1.98,121.90
32,193,1.60907,-383.70,-65.48,97.66,-37.04,1.91,117.04
32,194,1.61761,-383.78,-65.48,97.79,-9.29,0.20,14.64
33,0,0.00000,0.00,0.00,0.00,-15.81,-0.79,-8.09
33,1,0.00842,-0.13,-0.01,-0.07,-15.58,-0.73,-7.97
33,2,0.01678,-0.40,-0.02,-0.32,-32.48,-1.67,-30.29
33,3,0.02496,-0.67,-0.03,-0.57,-33.21,-1.71,-30.97
33,4,0.03333,-1.00,-0.05,-1.06,-38.69,-2.15,-58.03
33,5,0.04169,-1.32,-0.07,-1.54,-38.69,-2.12,-58.03
33,6,0.04999,-1.72,-0.09,-2.22,-48.16,-2.74,-80.88
33,7,0.05853,-2.12,-0.12,-2.89,-46.79,-2.66,-78.57
33,8,0.06677,-2.60,-0.14,-3.74,-58.15,-3.30,-102.96
33,9,0.07507,-3.08,-0.17,-4.58,-57.72,-3.35,-102.21
33,10,0.08337,-3.60,-0.20,-5.60,-62.87,-3.68,-122.79
33,11,0.09174,-4.12,-0.23,-6.62,-62.41,-3.65,-121.90
33,12,0.10016,-4.64,-0.26,-7.64,-61.96,-3.63,-121.01
33,13,0.10846,-5.17,-0.29,-8.66,-62.87,-3.70,-122.79
33,14,0.11682,-5.67,-0.32,-9.77,-60.58,-3.65,-132.48
33,15,0.12500,-6.18,-0.35,-10.89,-62.31,-3.75,-136.57
33,16,0.13342,-7.06,-0.41,-13.02,-103.62,-6.44,-253.62
33,17,0.14172,-7.93,-0.46,-15.16,-104.78,-6.52,-257.35
33,18,0.15002,-8.56,-0.51,-17.76,-76.84,-5.67,-313.60
33,19,0.15845,-9.20,-0.56,-20.36,-75.36,-5.59,-308.33
33,20,0.16681,-9.19,-0.57,-22.02,1.46,-1.36,-199.27
33,21,0.17505,-9.17,-0.58,-23.69,1.48,-1.38,-202.22
33,22,0.18347,-9.05,-0.58,-25.12,14.49,-0.56,-169.20
33,23,0.19171,-8.93,-0.59,-26.54,14.81,-0.59,-172.59
33,24,0.20007,-8.73,-0.59,-27.73,24.09,0.06,-142.70
33,25,0.20850,-8.53,-0.59,-28.92,23.91,0.09,-141.30
33,26,0.21686,-8.36,-0.59,-29.69,19.71,0.20,-91.97
33,27,0.22510,-8.20,-0.58,-30.46,20.00,0.23,-93.33
33,28,0.23346,-8.03,-0.58,-31.07,19.71,0.36,-72.99
33,29,0.24176,-7.87,-0.58,-31.68,19.85,0.37,-73.53
33,30,0.25012,-7.70,-0.57,-32.29,19.71,0.36,-72.99
33,31,0.25861,-7.54,-0.57,-32.90,19.42,0.34,-71.94
33,32,0.26691,-7.39,-0.57,-33.37,18.38,0.43,-56.25
33,33,0.27515,-7.23,-0.56,-33.83,18.52,0.43,-56.67
33,34,0.28345,-7.08,-0.56,-34.30,18.38,0.40,-56.25
33,35,0.29175,-6.93,-0.56,-34.77,18.38,0.43,-55.88
33,36,0.30017,-6.79,-0.55,-35.13,16.30,0.45,-43.12
33,37,0.30865,-6.65,-0.55,-35.49,16.19,0.40,-42.81
33,38,0.31696,-6.52,-0.55,-35.86,16.54,0.41,-43.75
33,39,0.32513,-6.38,-0.54,-36.22,16.79,0.46,-44.40
33,40,0.33362,-6.25,-0.54,-36.51,14.75,0.39,-34.53
33,41,0.34174,-6.14,-0.54,-36.81,13.53,0.37,-36.84
33,42,0.35016,-6.08,-0.54,-37.01,7.97,0.19,-23.91
33,43,0.35852,-6.02,-0.53,-37.22,6.93,0.11,-24.45
33,44,0.36694,-5.98,-0.53,-37.32,4.71,0.15,-12.32
33,45,0.37512,-5.94,-0.53,-37.42,4.10,0.07,-12.69
33,46,0.38348,-5.90,-0.53,-37.34,5.47,0.32,9.85
33,47,0.39185,-5.85,-0.53,-37.26,6.20,0.35,9.85
33,48,0.40021,-5.55,-0.51,-36.76,35.04,2.00,59.85
33,49,0.40863,-5.24,-0.49,-36.27,37.68,2.08,57.61
33,50,0.41693,-4.90,-0.47,-35.80,41.18,2.27,56.62
33,51,0.42529,-4.53,-0.45,-35.35,43.80,2.35,54.01
33,52,0.43353,-3.84,-0.42,-34.63,83.33,4.35,87.78
33,53,0.44196,-3.13,-0.38,-33.93,84.78,4.36,82.97
33,54,0.45026,-2.28,-0.34,-33.04,102.21,5.36,107.35
33,55,0.45868,-1.43,-0.29,-32.15,100.72,5.24,105.80
33,56,0.46704,-0.84,-0.26,-31.46,71.17,3.78,81.75
33,57,0.47528,-0.24,-0.23,-30.78,72.22,3.82,83.33
33,58,0.48352,0.79,-0.17,-29.48,125.19,6.73,157.78
33,59,0.49188,1.82,-0.12,-28.18,122.99,6.61,155.11
33,60,0.50024,2.27,-0.10,-27.59,53.65,2.88,70.07
33,61,0.50867,2.72,-0.07,-27.01,53.26,2.91,69.57
33,62,0.51709,3.26,-0.04,-26.17,64.86,3.60,98.91
33,63,0.52527,3.81,-0.01,-25.34,66.79,3.71,101.87
33,64,0.53357,4.19,0.01,-24.48,46.32,2.82,103.31
33,65,0.54193,4.58,0.04,-23.63,45.99,2.80,102.55
33,66,0.55029,4.71,0.05,-22.87,15.33,1.31,90.51
33,67,0.55878,4.83,0.06,-22.11,15.11,1.32,89.21
33,68,0.56714,4.83,0.06,-21.43,0.00,0.58,81.75
33,69,0.57532,4.83,0.07,-20.75,0.00,0.60,83.58
33,70,0.58374,4.72,0.07,-20.18,-13.41,-0.12,67.03
33,71,0.59198,4.61,0.07,-19.62,-13.70,-0.15,68.52
33,72,0.60052,4.21,0.05,-19.58,-46.43,-2.03,4.64
33,73,0.60876,3.81,0.03,-19.54,-48.15,-2.10,4.81
33,74,0.61707,3.45,0.01,-19.92,-44.12,-2.33,-46.32
33,75,0.62561,3.08,-0.01,-20.32,-42.86,-2.23,-46.07
33,76,0.63367,2.41,-0.05,-22.40,-83.71,-5.59,-258.71
33,77,0.64197,1.74,-0.10,-24.48,-80.15,-5.39,-250.74
33,78,0.65039,2.65,-0.07,-25.88,107.97,3.67,-165.58
33,79,0.65875,3.56,-0.03,-27.26,109.12,3.70,-165.69
33,80,0.66711,5.62,0.06,-26.64,246.35,11.53,74.82
33,81,0.67542,7.69,0.16,-26.00,249.26,11.72,76.10
33,82,0.68372,11.65,0.35,-24.05,476.84,22.96,234.93
33,83,0.69208,15.62,0.54,-22.10,474.09,22.90,233.21
33,84,0.70044,20.71,0.79,-19.61,609.49,29.35,298.18
33,85,0.70874,25.81,0.73,-17.12,614.34,-6.98,300.37
33,86,0.71722,31.40,0.64,-14.60,658.63,-10.96,296.76
33,87,0.72552,36.99,0.54,-12.08,673.53,-11.22,303.68
33,88,0.73389,43.35,0.43,-8.58,760.58,-13.78,418.61
33,89,0.74207,49.70,0.31,-5.08,776.87,-14.08,427.99
33,90,0.75049,54.58,0.21,-1.73,578.99,-11.66,397.83
33,91,0.75879,59.46,0.12,1.63,587.87,-11.85,404.04
33,92,0.76721,65.04,-0.00,5.90,661.96,-14.11,506.88
33,93,0.77557,70.63,-0.12,10.18,669.34,-14.27,512.77
33,94,0.78406,75.86,-0.24,14.61,616.55,-13.88,521.58
33,95,0.79218,81.10,-0.36,19.05,645.49,-14.53,546.62
33,96,0.80054,85.52,-0.46,23.13,528.10,-12.52,488.69
33,97,0.80890,89.90,-0.57,27.19,524.45,-12.42,485.40
33,98,0.81732,91.99,-0.62,29.26,247.46,-6.10,245.65
33,99,0.82562,94.07,-0.67,31.33,250.74,-6.19,248.90
33,100,0.83398,95.89,-0.72,33.17,217.88,-5.44,220.44
33,101,0.84222,97.71,-0.76,35.01,220.74,-5.51,223.33
33,102,0.85059,99.24,-0.80,36.55,182.85,-4.56,184.67
33,103,0.85901,100.77,-0.84,38.10,181.52,-4.53,183.33
33,104,0.86743,102.30,-0.87,39.64,181.52,-4.52,183.33
33,105,0.87573,103.83,-0.94,41.19,184.56,-7.51,186.40
33,106,0.88403,105.36,-1.01,42.74,184.56,-8.38,186.76
33,107,0.89233,106.89,-1.08,44.29,184.56,-8.40,186.40
33,108,0.90070,108.51,-0.88,45.91,192.70,23.05,194.16
33,109,0.90918,110.12,-0.84,47.54,189.93,5.10,191.73
33,110,0.91748,111.83,-0.70,49.27,205.88,17.28,209.19
33,111,0.92572,113.55,-0.64,51.03,209.26,6.41,212.59
33,112,0.93408,115.34,-0.73,52.87,213.87,-9.85,220.07
33,113,0.94238,117.13,-0.92,54.71,215.81,-23.16,222.06
33,114,0.95081,119.02,-0.98,56.68,224.28,-6.68,233.70
33,115,0.95923,120.91,-1.08,58.65,224.28,-12.36,233.70
33,116,0.96753,122.80,-1.18,60.61,227.57,-12.54,237.13
33,117,0.97565,124.72,-1.29,62.62,236.84,-13.11,246.99
33,118,0.98401,126.61,-1.39,64.59,225.91,-12.45,235.40
33,119,0.99231,128.50,-1.50,66.56,227.57,-12.59,237.13
33,120,1.00073,130.40,-1.60,68.54,225.72,-12.46,235.51
33,121,1.00909,132.30,-1.71,70.52,227.37,-12.55,237.23
33,122,1.01740,134.20,-1.81,72.51,229.04,-12.69,238.97
33,123,1.02563,136.12,-1.92,74.51,232.59,-12.86,242.96
33,124,1.03400,138.42,-2.05,76.91,275.91,-15.20,286.86
33,125,1.04230,140.73,-2.17,79.31,278.31,-15.28,289.34
33,126,1.05066,143.14,-2.30,81.79,287.59,-15.68,296.72
33,127,1.05908,145.54,-2.44,84.27,285.51,-15.54,294.57
33,128,1.06744,147.95,-2.57,86.75,287.59,-15.65,296.72
33,129,1.07568,150.37,-2.70,89.25,293.70,-16.01,302.96
33,130,1.08405,153.13,-2.85,92.09,329.93,-17.95,339.78
33,131,1.09235,155.90,-3.00,94.95,333.82,-18.16,344.12
33,132,1.10065,158.96,-3.16,98.08,369.12,-19.83,377.57
33,133,1.10907,162.02,-3.33,101.21,363.41,-19.54,371.38
33,134,1.11749,165.03,-3.48,104.21,356.52,-18.55,355.80
33,135,1.12573,167.95,-3.64,107.13,354.81,-18.54,354.81
33,136,1.13397,169.18,-3.69,108.51,149.63,-6.15,167.04
33,137,1.14233,170.44,-3.62,109.92,150.73,7.85,169.71
33,138,1.15063,172.27,-3.66,112.25,219.85,-4.09,280.15
33,139,1.15924,174.08,-3.69,114.58,210.64,-3.98,270.21
33,140,1.16742,175.65,-3.74,116.91,192.16,-5.52,285.07
33,141,1.17572,177.22,-3.78,119.24,188.60,-5.45,280.88
33,142,1.18402,178.62,-3.84,121.63,169.12,-6.65,287.87
33,143,1.19244,180.03,-3.89,124.02,167.03,-6.53,284.42
33,144,1.20074,181.43,-3.95,126.41,169.12,-6.63,287.87
33,145,1.20911,182.84,-4.00,128.81,167.88,-6.61,286.50
33,146,1.21759,184.28,-4.06,131.31,170.14,-6.91,294.60
33,147,1.22577,185.72,-4.12,133.88,175.75,-7.64,314.18
33,148,1.23401,187.09,-4.25,137.82,166.67,-15.92,478.52
33,149,1.24237,188.46,-4.39,141.82,163.14,-16.06,478.10
33,150,1.25079,189.68,-4.58,146.90,145.29,-22.81,602.90
33,151,1.25916,190.91,-4.77,151.95,147.45,-22.83,604.38
33,152,1.26746,192.34,-4.93,156.51,171.69,-19.17,549.63
33,153,1.27570,193.83,-5.09,161.08,181.11,-18.97,554.81
33,154,1.28400,196.63,-5.19,165.82,337.87,-13.04,570.96
33,155,1.29230,199.46,-5.30,170.57,340.44,-12.97,571.32
33,156,1.30078,202.67,-5.39,175.34,378.06,-10.93,563.31
33,157,1.30920,205.82,-5.49,180.04,374.64,-10.80,556.88
33,158,1.31744,207.95,-5.54,182.99,258.52,-6.19,358.89
33,159,1.32574,210.09,-5.59,185.96,257.35,-6.23,357.72
33,160,1.33405,212.35,-5.65,189.19,272.06,-7.03,388.60
33,161,1.34247,214.60,-5.71,192.43,267.75,-7.06,384.42
33,162,1.35071,216.83,-5.78,195.90,270.74,-8.70,421.48
33,163,1.35919,219.06,-5.85,199.38,262.95,-8.54,410.79
33,164,1.36755,221.31,-5.93,203.10,268.98,-9.89,444.53
33,165,1.37567,223.55,-6.02,206.82,275.94,-10.25,458.27
33,166,1.38403,225.64,-6.11,210.59,250.00,-11.01,450.36
33,167,1.39233,227.73,-6.20,214.36,251.84,-11.15,454.78
33,168,1.40070,229.83,-6.30,218.29,250.36,-11.91,469.71
33,169,1.40918,231.92,-6.40,222.20,246.40,-11.65,460.79
33,170,1.41748,233.94,-6.48,225.72,243.01,-10.00,424.26
33,171,1.42572,235.95,-6.56,229.19,244.07,-9.87,421.48
33,172,1.43408,237.81,-6.61,231.74,222.99,-5.11,304.38
33,173,1.44238,239.67,-6.65,234.23,223.53,-4.89,300.00
33,174,1.45074,241.33,-6.64,235.65,198.91,0.32,170.44
33,175,1.45923,242.99,-6.64,237.04,195.32,0.49,163.67
33,176,1.46753,244.53,-6.61,237.76,185.29,3.78,86.03
33,177,1.47577,246.07,-6.58,238.44,187.41,4.04,82.96
33,178,1.48419,247.76,-6.51,238.56,200.36,7.95,13.77
33,179,1.49243,249.48,-6.44,238.65,209.26,8.40,11.48
33,180,1.50079,251.52,-6.34,238.35,244.16,12.23,-36.13
33,181,1.50922,253.59,-6.28,238.04,244.93,7.12,-36.23
33,182,1.51752,255.99,-6.08,237.69,290.07,23.16,-42.65
33,183,1.52582,258.43,-5.95,237.32,293.75,16.21,-44.85
33,184,1.53418,261.37,-5.78,236.65,351.09,20.60,-79.93
33,185,1.54248,264.32,-5.60,235.95,355.88,21.07,-84.56
33,186,1.55084,267.57,-5.39,234.75,388.69,25.43,-143.07
33,187,1.55920,270.81,-5.18,233.55,386.86,25.39,-143.80
33,188,1.56757,273.81,-4.97,232.27,359.49,24.50,-153.28
33,189,1.57581,276.77,-4.77,231.01,358.89,24.46,-152.96
33,190,1.58411,278.97,-4.62,230.08,265.07,18.04,-112.13
33,191,1.59253,281.10,-4.48,229.18,252.90,17.15,-106.16
33,192,1.60083,282.11,-4.41,228.84,122.06,7.84,-41.18
33,193,1.60931,283.07,-4.35,228.52,113.31,7.23,-38.13
33,194,1.61755,283.22,-4.34,228.51,18.15,0.89,-0.74
34,0,0.00000,0.00,0.00,0.00,15.93,-0.30,-8.52
34,1,0.00836,0.13,-0.00,-0.07,15.69,-0.30,-8.39
34,2,0.01672,0.49,-0.00,-0.15,43.43,0.14,-9.85
34,3,0.02490,0.86,0.00,-0.23,44.40,0.24,-10.07
34,4,0.03345,1.44,0.01,-0.23,68.21,1.31,0.36
34,5,0.04163,2.02,0.02,-0.23,71.27,1.42,0.37
34,6,0.04987,2.80,0.04,-0.18,94.81,2.20,5.93
34,7,0.05792,3.59,0.06,-0.13,96.97,2.30,6.06
34,8,0.06635,4.56,0.08,-0.05,115.22,2.84,9.42
34,9,0.07465,5.53,0.11,0.03,116.91,2.93,9.56
34,10,0.08325,6.66,0.14,0.17,131.91,3.63,16.31
34,11,0.09119,7.80,0.17,0.31,143.08,3.94,17.69
34,12,0.09961,8.93,0.20,0.45,134.78,3.71,16.67
34,13,0.10773,10.07,0.23,0.59,139.85,3.90,17.29
34,14,0.11603,11.27,0.27,0.79,144.85,4.43,24.26
34,15,0.12415,12.47,0.31,0.99,148.12,4.53,24.81
34,16,0.13275,14.73,0.38,1.47,262.06,8.78,55.32
34,17,0.14069,16.98,0.46,1.94,284.23,9.58,60.00
34,18,0.14868,19.49,0.57,2.87,314.12,14.02,116.41
34,19,0.15692,22.01,0.68,3.81,304.81,13.60,112.96
34,20,0.16406,23.38,0.77,4.75,192.31,12.73,132.48
34,21,0.17206,24.75,0.87,5.70,171.76,11.42,118.32
34,22,0.18195,25.86,0.95,6.60,112.35,8.37,91.05
34,23,0.19092,26.97,1.03,7.50,123.81,9.26,100.34
34,24,0.19971,27.85,1.10,8.33,99.31,8.39,95.14
34,25,0.20837,28.72,1.18,9.17,100.70,8.48,96.13
34,26,0.21686,29.27,1.23,9.74,64.39,5.82,66.91
34,27,0.22510,29.81,1.28,10.30,66.30,6.00,68.89
34,28,0.23352,30.23,1.32,10.78,49.28,4.81,56.88
34,29,0.24182,30.64,1.36,11.26,50.00,4.92,57.72
34,30,0.25037,31.06,1.40,11.74,48.57,4.74,56.07
34,31,0.25867,31.47,1.44,12.22,50.00,4.92,57.72
34,32,0.26691,31.77,1.47,12.61,36.30,3.95,47.04
34,33,0.27533,32.07,1.50,12.99,35.51,3.82,46.01
34,34,0.28375,32.37,1.54,13.38,35.51,3.82,46.01
34,35,0.29199,32.67,1.57,13.77,36.30,3.95,47.04
34,36,0.30029,32.89,1.59,14.09,27.21,3.13,38.24
34,37,0.30853,33.12,1.62,14.40,27.41,3.15,38.52
34,38,0.31702,33.35,1.65,14.72,26.62,3.06,37.41
34,39,0.32520,33.57,1.67,15.04,27.61,3.17,38.81
34,40,0.33374,33.75,1.69,15.31,20.36,2.57,31.43
34,41,0.34204,33.92,1.72,15.58,20.96,2.60,32.35
34,42,0.35034,34.03,1.73,15.76,13.60,1.73,21.69
34,43,0.35858,34.15,1.75,15.94,13.70,1.79,21.85
34,44,0.36700,34.19,1.75,16.04,5.07,0.90,11.96
34,45,0.37531,34.23,1.76,16.14,5.15,0.91,12.13
34,46,0.38379,34.15,1.76,16.10,-10.07,-0.51,-4.32
34,47,0.39209,34.06,1.75,16.06,-10.66,-0.44,-4.41
34,48,0.40039,33.54,1.72,15.81,-62.13,-3.36,-31.25
34,49,0.40863,33.03,1.70,15.55,-62.59,-3.33,-31.48
34,50,0.41705,32.51,1.67,15.29,-61.23,-3.31,-30.80
34,51,0.42542,31.99,1.64,15.02,-62.04,-3.32,-31.39
34,52,0.43384,31.09,1.60,14.60,-107.61,-5.52,-50.00
34,53,0.44214,30.18,1.55,14.18,-109.19,-5.55,-50.74
34,54,0.45044,29.08,1.49,13.62,-131.99,-7.13,-67.65
34,55,0.45862,27.99,1.43,13.06,-133.96,-7.25,-68.28
34,56,0.46704,27.20,1.38,12.62,-93.48,-5.44,-52.90
34,57,0.47528,26.41,1.34,12.17,-95.56,-5.54,-54.44
34,58,0.48358,25.01,1.25,11.28,-169.12,-10.56,-106.62
34,59,0.49188,23.61,1.16,10.40,-168.75,-10.50,-106.62
34,60,0.50043,22.99,1.12,9.99,-72.14,-4.64,-47.14
34,61,0.50867,22.37,1.09,9.59,-75.19,-4.80,-49.26
34,62,0.51697,21.58,1.03,8.98,-95.59,-6.82,-72.79
34,63,0.52527,20.79,0.97,8.38,-95.22,-6.77,-72.79
34,64,0.53375,20.14,0.91,7.70,-76.26,-6.96,-80.22
34,65,0.54205,19.49,0.85,7.01,-78.31,-7.15,-83.09
34,66,0.55029,19.12,0.80,6.34,-45.19,-6.46,-81.48
34,67,0.55859,18.75,0.75,5.67,-44.49,-6.40,-80.88
34,68,0.56708,18.52,0.70,5.02,-26.98,-5.75,-76.26
34,69,0.57544,18.30,0.65,4.38,-27.01,-5.75,-77.01
34,70,0.58386,18.21,0.61,3.81,-9.78,-4.83,-67.75
34,71,0.59210,18.14,0.57,3.24,-9.26,-4.88,-68.52
34,72,0.60046,18.50,0.57,3.07,43.07,-0.55,-20.44
34,73,0.60864,18.86,0.56,2.91,44.40,-0.50,-20.15
34,74,0.61713,19.33,0.59,3.15,55.76,3.00,28.42
34,75,0.62524,19.82,0.61,3.41,59.77,3.41,32.71
34,76,0.63391,21.15,0.76,5.15,153.17,16.67,201.06
34,77,0.64215,22.45,0.90,6.89,157.78,17.49,211.11
34,78,0.65051,22.05,1.01,8.51,-47.08,12.29,193.43
34,79,0.65869,21.63,1.11,10.10,-51.49,12.34,194.78
34,80,0.66711,19.48,1.07,10.20,-255.43,-4.11,11.23
34,81,0.67542,17.29,1.04,10.28,-263.24,-4.37,10.29
34,82,0.68390,12.92,0.92,9.76,-516.19,-14.18,-62.23
34,83,0.69220,8.52,0.79,9.23,-529.78,-14.53,-63.60
34,84,0.70044,2.88,0.64,8.57,-684.07,-18.60,-80.37
34,85,0.70886,-2.76,0.49,7.90,-669.93,-18.26,-78.62
34,86,0.71735,-8.87,0.33,7.38,-719.78,-18.04,-61.51
34,87,0.72559,-14.99,0.18,6.85,-742.96,-18.66,-64.81
34,88,0.73413,-22.15,-0.04,5.65,-837.86,-25.73,-140.00
34,89,0.74237,-29.35,-0.26,4.43,-873.70,-26.82,-147.78
34,90,0.75061,-35.06,-0.65,2.89,-692.96,-46.74,-187.41
34,91,0.75885,-40.79,-1.14,1.33,-695.93,-60.35,-189.26
34,92,0.76740,-47.47,-1.83,-0.85,-781.07,-80.11,-255.00
34,93,0.77570,-54.14,-2.48,-3.03,-803.31,-79.06,-263.24
34,94,0.78424,-60.54,-3.08,-5.47,-749.29,-70.23,-285.36
34,95,0.79248,-67.06,-3.42,-7.97,-791.11,-41.37,-303.33
34,96,0.80078,-72.58,-3.73,-10.36,-665.07,-36.82,-287.87
34,97,0.80902,-77.95,-4.00,-12.70,-652.59,-32.66,-283.33
34,98,0.81744,-80.61,-4.09,-13.96,-314.86,-10.93,-149.64
34,99,0.82574,-83.24,-4.30,-15.21,-317.65,-25.68,-151.10
34,100,0.83429,-85.57,-4.55,-16.35,-272.86,-28.76,-132.86
34,101,0.84253,-87.90,-4.76,-17.48,-282.22,-25.21,-137.41
34,102,0.85077,-89.86,-4.93,-18.43,-237.41,-21.26,-115.56
34,103,0.85907,-91.81,-5.11,-19.38,-235.66,-21.06,-114.71
34,104,0.86755,-93.77,-5.28,-20.33,-230.58,-20.65,-112.23
34,105,0.87592,-95.72,-5.46,-21.29,-233.94,-20.91,-113.87
34,106,0.88446,-97.68,-5.63,-22.24,-228.93,-20.46,-111.43
34,107,0.89264,-99.65,-5.81,-23.20,-241.04,-21.59,-117.16
34,108,0.90100,-101.71,-5.99,-24.19,-245.99,-22.02,-119.34
34,109,0.90924,-103.78,-6.18,-25.20,-250.74,-22.41,-121.85
34,110,0.91766,-105.96,-6.37,-26.27,-259.78,-23.24,-127.17
34,111,0.92596,-108.16,-6.57,-27.35,-264.34,-23.70,-129.78
34,112,0.93414,-110.46,-6.78,-28.49,-280.97,-25.09,-139.55
34,113,0.94244,-112.76,-6.98,-29.64,-277.94,-24.91,-138.24
34,114,0.95044,-115.19,-7.20,-30.87,-304.20,-27.31,-154.20
34,115,0.95874,-117.63,-7.42,-32.10,-293.01,-26.34,-148.53
34,116,0.96722,-120.06,-7.64,-33.33,-286.69,-25.69,-145.32
34,117,0.97546,-122.49,-7.86,-34.57,-295.19,-26.50,-149.63
34,118,0.98401,-124.92,-8.07,-35.80,-284.64,-25.51,-144.29
34,119,0.99225,-127.36,-8.29,-37.03,-295.56,-26.53,-149.63
34,120,1.00061,-129.81,-8.51,-38.27,-293.07,-26.31,-148.18
34,121,1.00885,-132.26,-8.73,-39.51,-297.41,-26.70,-150.37
34,122,1.01746,-134.71,-8.95,-40.75,-284.75,-25.56,-143.97
34,123,1.02606,-137.19,-9.17,-42.01,-288.30,-25.84,-146.10
34,124,1.03461,-140.16,-9.44,-43.51,-347.86,-31.22,-175.36
34,125,1.04291,-143.20,-9.71,-45.03,-366.18,-32.82,-184.19
34,126,1.05078,-146.37,-10.00,-46.62,-401.94,-36.01,-200.78
34,127,1.05908,-149.46,-10.27,-48.16,-372.43,-33.37,-186.03
34,128,1.06744,-152.55,-10.55,-49.70,-369.71,-33.17,-184.67
34,129,1.07587,-155.69,-10.83,-51.27,-372.83,-33.40,-186.23
34,130,1.08472,-159.24,-11.15,-53.04,-400.69,-35.92,-199.66
34,131,1.09296,-162.82,-11.47,-54.82,-435.19,-38.97,-216.67
34,132,1.10089,-166.75,-11.82,-56.77,-495.00,-44.32,-244.62
34,133,1.10913,-170.67,-12.17,-58.69,-475.56,-42.61,-234.07
34,134,1.11755,-174.50,-12.52,-60.53,-454.35,-40.57,-217.39
34,135,1.12628,-178.09,-12.84,-62.26,-411.54,-36.81,-198.60
34,136,1.13483,-179.71,-12.98,-63.15,-189.64,-17.14,-103.93
34,137,1.14331,-181.43,-13.14,-64.12,-202.88,-18.34,-114.39
34,138,1.15094,-184.00,-13.38,-65.76,-336.80,-30.84,-214.80
34,139,1.15930,-186.46,-13.60,-67.36,-294.16,-26.94,-191.61
34,140,1.16760,-188.71,-13.81,-69.04,-271.69,-25.35,-202.21
34,141,1.17603,-190.95,-14.02,-70.73,-265.58,-24.73,-201.09
34,142,1.18488,-193.07,-14.22,-72.52,-238.97,-22.50,-202.07
34,143,1.19324,-195.18,-14.42,-74.31,-252.92,-23.90,-213.87
34,144,1.20099,-197.30,-14.62,-76.10,-272.83,-25.73,-230.71
34,145,1.20923,-199.42,-14.82,-77.90,-257.78,-24.36,-218.52
34,146,1.21753,-201.61,-15.03,-79.78,-263.60,-24.91,-226.47
34,147,1.22595,-203.85,-15.24,-81.85,-266.67,-25.44,-246.38
34,148,1.23480,-206.45,-15.50,-85.12,-293.79,-29.35,-368.97
34,149,1.24298,-209.09,-15.76,-88.54,-322.01,-32.46,-418.66
34,150,1.25079,-211.93,-16.06,-92.93,-363.28,-37.74,-561.33
34,151,1.25909,-214.77,-16.35,-97.24,-342.28,-35.43,-519.12
34,152,1.26746,-217.63,-16.64,-101.07,-341.97,-34.57,-458.39
34,153,1.27582,-220.68,-16.95,-104.86,-364.96,-36.46,-453.28
34,154,1.28467,-224.90,-17.30,-108.40,-476.55,-39.63,-400.00
34,155,1.29297,-229.17,-17.72,-111.93,-514.71,-51.31,-425.00
34,156,1.30090,-233.78,-18.18,-115.37,-581.15,-56.87,-434.23
34,157,1.30908,-238.16,-18.60,-118.62,-535.45,-51.87,-397.76
34,158,1.31750,-241.15,-18.88,-120.71,-354.71,-33.41,-247.46
34,159,1.32587,-244.17,-19.17,-122.82,-360.95,-34.08,-252.92
34,160,1.33472,-247.37,-19.47,-125.12,-361.72,-34.19,-259.31
34,161,1.34308,-250.57,-19.77,-127.45,-383.58,-36.44,-278.47
34,162,1.35150,-253.83,-20.09,-129.98,-386.59,-37.28,-301.09
34,163,1.35913,-257.10,-20.40,-132.55,-428.40,-41.45,-336.80
34,164,1.36755,-260.45,-20.73,-135.31,-398.19,-38.84,-327.90
34,165,1.37585,-263.79,-21.06,-138.09,-401.84,-39.34,-334.56
34,166,1.38483,-267.01,-21.38,-140.95,-358.84,-35.62,-318.71
34,167,1.39307,-270.24,-21.70,-143.83,-391.85,-38.98,-349.63
34,168,1.40149,-273.51,-22.03,-146.84,-389.13,-39.00,-357.61
34,169,1.40918,-276.76,-22.35,-149.80,-422.22,-42.23,-384.92
34,170,1.41760,-279.83,-22.65,-152.46,-364.49,-35.97,-315.22
34,171,1.42590,-282.84,-22.95,-154.99,-362.13,-35.51,-304.78
34,172,1.43475,-285.44,-23.19,-156.77,-294.14,-27.64,-201.72
34,173,1.44312,-287.96,-23.30,-158.42,-301.82,-12.71,-196.35
34,174,1.45148,-290.00,-23.40,-159.21,-243.80,-11.84,-94.89
34,175,1.45917,-291.99,-23.49,-159.91,-258.73,-11.65,-91.27
34,176,1.46753,-293.68,-23.56,-160.08,-201.82,-8.82,-19.71
34,177,1.47601,-295.36,-23.67,-160.15,-197.84,-12.46,-8.99
34,178,1.48499,-296.99,-23.64,-159.70,-181.63,3.61,50.00
34,179,1.49304,-298.65,-23.70,-159.18,-206.44,-7.41,65.15
34,180,1.50140,-300.48,-23.71,-158.22,-218.61,-2.24,114.96
34,181,1.50909,-302.35,-23.88,-157.23,-243.65,-22.12,128.17
34,182,1.51758,-304.51,-24.04,-156.10,-253.96,-17.99,133.45
34,183,1.52576,-306.72,-24.18,-154.90,-270.15,-17.78,146.64
34,184,1.53418,-309.27,-24.36,-153.30,-302.54,-20.61,190.58
34,185,1.54236,-311.83,-24.53,-151.61,-313.81,-21.62,206.72
34,186,1.55072,-314.50,-24.73,-149.40,-319.34,-23.42,263.87
34,187,1.55896,-317.14,-24.92,-147.19,-319.63,-23.54,267.78
34,188,1.56750,-319.55,-25.10,-144.99,-282.14,-21.35,258.21
34,189,1.57574,-321.86,-25.28,-142.87,-281.11,-21.28,257.04
34,190,1.58417,-323.63,-25.41,-141.26,-209.78,-15.82,190.94
34,191,1.59296,-325.26,-25.54,-139.79,-185.76,-13.97,167.01
34,192,1.60138,-326.10,-25.60,-139.13,-100.00,-7.24,78.26
34,193,1.60907,-326.84,-25.65,-138.56,-96.03,-6.90,74.21
34,194,1.61743,-326.98,-25.66,-138.51,-16.42,-1.05,6.57
35,0,0.00000,0.00,0.00,0.00,-16.42,0.55,6.20
35,1,0.00818,-0.14,0.00,0.05,-16.79,0.58,6.34
35,2,0.01648,-0.51,0.02,0.08,-44.49,1.74,3.68
35,3,0.02478,-0.88,0.03,0.11,-44.49,1.77,3.68
35,4,0.03314,-1.45,0.06,0.03,-68.98,2.98,-10.22
35,5,0.04150,-2.03,0.08,-0.06,-68.98,2.95,-10.22
35,6,0.04987,-2.80,0.12,-0.22,-91.61,4.07,-18.98
35,7,0.05823,-3.56,0.15,-0.38,-91.61,4.05,-18.98
35,8,0.06659,-4.51,0.19,-0.59,-113.50,5.06,-25.91
35,9,0.07477,-5.46,0.24,-0.81,-116.04,5.17,-26.49
35,10,0.08319,-6.56,0.29,-1.11,-131.16,5.92,-35.51
35,11,0.09161,-7.67,0.34,-1.41,-131.16,5.92,-35.51
35,12,0.09998,-8.77,0.39,-1.71,-132.12,6.00,-35.77
35,13,0.10815,-9.88,0.44,-2.01,-135.07,6.09,-36.57
35,14,0.11646,-11.04,0.49,-2.37,-139.71,6.44,-44.49
35,15,0.12488,-12.20,0.54,-2.75,-137.68,6.31,-44.20
35,16,0.13324,-14.36,0.64,-3.54,-259.12,12.14,-94.53
35,17,0.14166,-16.53,0.75,-4.33,-257.25,12.03,-93.84
35,18,0.14996,-18.88,0.86,-5.61,-283.46,14.07,-154.04
35,19,0.15820,-21.24,0.98,-6.88,-285.56,14.15,-155.19
35,20,0.16656,-22.46,1.05,-8.02,-146.72,8.20,-135.40
35,21,0.17487,-23.69,1.12,-9.15,-147.79,8.26,-136.40
35,22,0.18323,-24.66,1.17,-10.20,-116.06,6.79,-125.55
35,23,0.19171,-25.63,1.23,-11.25,-114.39,6.69,-123.74
35,24,0.20007,-26.38,1.27,-12.20,-89.42,5.50,-113.50
35,25,0.20825,-27.13,1.32,-13.15,-91.42,5.60,-116.04
35,26,0.21655,-27.58,1.35,-13.78,-55.15,3.53,-76.84
35,27,0.22491,-28.04,1.38,-14.42,-54.74,3.47,-76.28
35,28,0.23334,-28.38,1.40,-14.96,-40.58,2.67,-63.41
35,29,0.24170,-28.73,1.42,-15.49,-40.88,2.71,-63.87
35,30,0.25012,-29.07,1.45,-16.02,-40.58,2.72,-63.41
35,31,0.25836,-29.41,1.47,-16.56,-41.48,2.75,-64.81
35,32,0.26678,-29.65,1.49,-16.99,-28.62,1.98,-50.72
35,33,0.27509,-29.90,1.50,-17.42,-29.41,2.03,-51.84
35,34,0.28351,-30.14,1.52,-17.84,-28.62,2.00,-50.72
35,35,0.29211,-30.38,1.54,-18.27,-28.01,1.94,-49.29
35,36,0.30048,-30.57,1.55,-18.65,-22.99,1.66,-45.26
35,37,0.30853,-30.75,1.56,-18.99,-21.97,1.61,-43.18
35,38,0.31689,-30.92,1.58,-19.34,-21.17,1.53,-41.61
35,39,0.32513,-31.10,1.59,-19.68,-21.11,1.55,-41.48
35,40,0.33350,-31.23,1.60,-19.97,-16.06,1.21,-34.67
35,41,0.34204,-31.36,1.61,-20.25,-15.00,1.17,-32.86
35,42,0.35028,-31.45,1.62,-20.45,-10.37,0.79,-23.70
35,43,0.35852,-31.52,1.62,-20.64,-9.63,0.79,-22.59
35,44,0.36682,-31.56,1.63,-20.74,-3.68,0.36,-12.87
35,45,0.37518,-31.57,1.63,-20.83,-2.19,0.25,-10.58
35,46,0.38354,-31.49,1.62,-20.78,9.49,-0.48,5.84
35,47,0.39185,-31.37,1.62,-20.71,14.71,-0.75,9.19
35,48,0.40039,-30.90,1.59,-20.37,55.71,-2.90,38.93
35,49,0.40857,-30.42,1.57,-20.04,58.21,-3.05,40.67
35,50,0.41699,-29.94,1.54,-19.71,56.52,-2.94,39.49
35,51,0.42535,-29.43,1.52,-19.35,61.31,-3.20,42.34
35,52,0.43365,-28.59,1.47,-18.81,100.74,-5.18,65.81
35,53,0.44208,-27.74,1.43,-18.24,101.45,-5.23,67.03
35,54,0.45050,-26.74,1.38,-17.53,119.20,-6.25,84.42
35,55,0.45862,-25.76,1.33,-16.84,119.92,-6.26,85.34
35,56,0.46692,-25.05,1.29,-16.28,86.03,-4.59,66.91
35,57,0.47534,-24.28,1.25,-15.67,91.67,-4.94,72.46
35,58,0.48358,-23.01,1.18,-14.60,153.33,-8.39,130.74
35,59,0.49213,-21.83,1.11,-13.58,138.93,-7.60,118.57
35,60,0.50043,-21.27,1.08,-13.10,66.54,-3.68,58.82
35,61,0.50867,-20.71,1.05,-12.59,68.89,-3.80,61.85
35,62,0.51697,-20.01,1.01,-11.87,84.19,-4.84,85.66
35,63,0.52527,-19.33,0.97,-11.16,81.99,-4.75,86.40
35,64,0.53363,-18.78,0.94,-10.39,64.96,-4.15,91.61
35,65,0.54193,-18.27,0.90,-9.63,62.13,-4.01,91.54
35,66,0.55054,-18.00,0.88,-8.91,31.56,-2.64,83.33
35,67,0.55890,-17.74,0.86,-8.20,31.02,-2.65,85.04
35,68,0.56702,-17.60,0.84,-7.53,16.54,-2.02,82.71
35,69,0.57532,-17.48,0.83,-6.87,14.34,-1.88,79.78
35,70,0.58374,-17.48,0.82,-6.29,0.00,-1.11,68.48
35,71,0.59198,-17.52,0.81,-5.76,-4.81,-0.84,64.07
35,72,0.60052,-17.90,0.82,-5.65,-44.64,1.61,13.57
35,73,0.60864,-18.29,0.84,-5.58,-47.74,1.78,9.02
35,74,0.61694,-18.73,0.86,-5.88,-52.21,2.72,-37.13
35,75,0.62537,-19.23,0.89,-6.36,-59.42,3.34,-56.52
35,76,0.63373,-20.29,0.96,-8.27,-127.37,8.93,-228.83
35,77,0.64215,-21.18,1.03,-10.15,-105.43,7.93,-222.46
35,78,0.65045,-20.56,1.03,-11.69,74.63,-0.03,-186.03
35,79,0.65875,-19.78,1.02,-13.05,94.12,-1.15,-163.60
35,80,0.66711,-17.64,0.93,-12.84,256.20,-10.90,25.55
35,81,0.67542,-15.27,0.83,-12.52,284.93,-12.21,37.50
35,82,0.68372,-11.01,0.63,-11.38,513.24,-23.20,137.87
35,83,0.69220,-6.62,0.44,-10.20,517.27,-23.34,138.85
35,84,0.70050,-1.14,0.19,-8.74,660.66,-29.84,175.74
35,85,0.70886,4.40,-0.06,-7.29,662.04,-29.85,173.36
35,86,0.71722,10.37,-0.33,-5.91,713.87,-31.81,165.69
35,87,0.72552,16.44,-0.60,-4.44,731.25,-32.73,177.21
35,88,0.73383,23.36,-0.92,-2.24,833.46,-38.29,265.07
35,89,0.74219,30.12,-1.23,-0.02,808.76,-37.32,264.96
35,90,0.75049,35.55,-1.49,2.32,654.41,-31.31,281.99
35,91,0.75867,41.07,-1.75,4.74,675.37,-32.37,295.90
35,92,0.76709,47.37,-2.06,7.85,747.46,-36.50,368.84
35,93,0.77557,53.63,-2.37,10.97,738.49,-36.11,368.71
35,94,0.78387,59.63,-2.67,14.30,721.69,-36.00,400.74
35,95,0.79230,65.52,-2.62,17.61,700.36,5.93,392.75
35,96,0.80066,70.65,-2.62,20.76,612.77,0.03,377.01
35,97,0.80878,75.49,-2.57,23.75,596.62,6.14,368.42
35,98,0.81714,77.94,-2.54,25.38,292.70,3.40,194.16
35,99,0.82544,80.35,-2.51,26.98,290.81,3.41,193.75
35,100,0.83380,82.50,-2.48,28.44,256.57,3.09,174.09
35,101,0.84222,84.61,-2.46,29.87,250.36,3.02,169.93
35,102,0.85059,86.41,-2.44,31.09,215.33,2.60,145.62
35,103,0.85876,88.21,-2.41,32.31,220.15,2.65,148.88
35,104,0.86719,90.01,-2.39,33.52,213.77,2.55,144.57
35,105,0.87549,91.81,-2.37,34.74,216.91,2.61,146.69
35,106,0.88385,93.61,-2.35,35.96,215.33,2.58,145.62
35,107,0.89233,95.42,-2.33,37.19,213.31,2.59,144.60
35,108,0.90057,97.31,-2.30,38.47,230.00,2.76,155.56
35,109,0.90875,99.22,-2.28,39.76,233.21,2.80,157.84
35,110,0.91711,101.24,-2.26,41.13,240.88,2.94,164.23
35,111,0.92542,103.26,-2.23,42.51,243.75,2.96,166.54
35,112,0.93384,105.37,-2.21,43.97,250.72,3.12,173.19
35,113,0.94220,107.50,-2.18,45.44,254.01,3.17,175.55
35,114,0.95056,109.73,-2.15,47.01,267.15,3.40,187.23
35,115,0.95874,111.96,-2.12,48.57,273.13,3.47,191.42
35,116,0.96704,114.20,-2.09,50.14,269.12,3.63,188.60
35,117,0.97528,116.43,-2.06,51.70,271.11,3.46,190.00
35,118,0.98358,118.66,-1.95,53.27,269.12,13.75,188.60
35,119,0.99194,120.90,-1.88,54.83,267.15,8.54,187.23
35,120,1.00043,123.15,-1.81,56.41,265.11,8.48,185.61
35,121,1.00854,125.40,-1.74,57.98,277.07,8.84,193.98
35,122,1.01691,127.65,-1.66,59.56,268.98,8.59,188.32
35,123,1.02521,129.94,-1.59,61.17,276.84,8.85,194.12
35,124,1.03357,132.67,-1.50,63.07,326.28,10.39,227.74
35,125,1.04211,135.41,-1.42,64.98,320.71,10.20,223.57
35,126,1.05042,138.25,-1.33,66.95,342.28,10.84,237.13
35,127,1.05865,141.09,-1.24,68.92,344.81,10.92,238.89
35,128,1.06702,143.94,-1.15,70.89,339.78,10.73,235.40
35,129,1.07532,146.82,-1.05,72.89,347.43,11.00,240.81
35,130,1.08362,150.08,-0.95,75.14,392.28,12.43,271.32
35,131,1.09210,153.37,-0.85,77.42,388.49,12.25,268.35
35,132,1.10040,156.99,-0.73,79.90,435.29,13.65,298.90
35,133,1.10864,160.59,-0.62,82.37,437.41,13.73,299.63
35,134,1.11700,164.12,-0.51,84.73,421.90,12.96,282.12
35,135,1.12531,167.43,-0.41,86.95,398.90,12.31,268.01
35,136,1.13367,168.91,-0.36,88.06,176.64,5.99,132.85
35,137,1.14233,170.46,-0.31,89.26,179.58,6.18,138.03
35,138,1.15070,172.70,-0.22,91.18,267.88,10.20,230.29
35,139,1.15894,174.92,-0.14,93.12,268.89,10.31,234.44
35,140,1.16724,176.91,-0.05,95.10,240.07,10.34,238.60
35,141,1.17590,178.89,0.04,97.09,228.17,9.93,229.58
35,142,1.18402,180.74,0.12,99.17,227.82,10.96,256.77
35,143,1.19257,182.58,0.21,101.24,215.36,10.35,242.50
35,144,1.20087,184.42,0.46,103.31,221.69,29.47,249.63
35,145,1.20905,186.26,0.67,105.40,225.75,25.77,254.85
35,146,1.21729,188.16,0.92,107.57,230.37,30.92,263.70
35,147,1.22565,190.08,1.19,109.90,229.93,31.58,278.83
35,148,1.23541,192.19,1.53,113.50,215.94,34.71,368.75
35,149,1.24225,194.55,1.91,117.75,344.64,56.86,621.43
35,150,1.25079,196.73,2.31,122.50,255.71,46.67,555.36
35,151,1.25903,198.94,2.71,127.12,267.78,47.91,561.11
35,152,1.26746,201.22,3.02,131.32,271.01,37.60,498.55
35,153,1.27563,203.81,3.34,135.50,316.79,38.06,510.82
35,154,1.28400,207.49,3.73,139.60,439.05,46.91,490.88
35,155,1.29248,211.25,4.13,143.70,443.17,46.82,482.73
35,156,1.30078,215.32,4.54,147.77,490.81,50.12,490.07
35,157,1.30896,219.08,4.92,151.48,459.70,46.83,454.48
35,158,1.31732,221.74,5.19,153.97,318.25,31.76,297.45
35,159,1.32574,224.44,5.46,156.51,320.65,32.05,301.81
35,160,1.33405,227.28,5.75,159.24,342.28,34.50,328.68
35,161,1.34241,230.13,6.03,162.02,340.15,34.48,332.85
35,162,1.35077,232.99,6.33,165.00,341.97,35.51,355.47
35,163,1.35919,235.86,6.63,168.02,341.30,35.58,359.42
35,164,1.36743,238.79,6.94,171.23,355.19,37.67,389.63
35,165,1.37567,241.69,7.25,174.47,351.85,37.47,392.59
35,166,1.38403,244.47,7.55,177.76,332.48,36.35,393.43
35,167,1.39233,247.26,7.86,181.08,336.03,36.84,400.37
35,168,1.40070,250.07,8.17,184.53,336.50,37.34,412.41
35,169,1.40918,252.85,8.48,187.89,327.70,36.11,396.40
35,170,1.41754,255.51,8.77,190.96,318.25,34.37,366.42
35,171,1.42578,258.10,9.13,193.81,314.07,44.33,346.67
35,172,1.43414,260.42,9.40,195.95,277.74,31.79,255.47
35,173,1.44257,262.65,9.64,197.85,264.86,29.29,225.36
35,174,1.45093,264.56,9.82,198.92,228.10,21.31,128.47
35,175,1.45929,266.41,9.99,199.85,221.17,19.83,110.58
35,176,1.46765,268.05,10.11,200.25,196.72,14.72,48.18
35,177,1.47589,269.71,10.23,200.52,200.74,13.97,32.22
35,178,1.48425,271.39,10.31,200.30,200.73,10.60,-25.55
35,179,1.49255,273.12,10.40,199.98,209.19,10.34,-38.60
35,180,1.50098,275.07,10.48,199.29,230.80,9.03,-82.25
35,181,1.50928,277.09,10.56,198.57,243.75,9.55,-86.76
35,182,1.51770,279.38,10.65,197.75,272.10,10.65,-96.74
35,183,1.52588,281.78,10.74,196.85,293.28,11.14,-110.82
35,184,1.53418,284.53,10.83,195.62,331.25,11.24,-147.79
35,185,1.54248,287.33,10.99,194.27,337.13,19.32,-163.24
35,186,1.55090,290.29,11.05,192.46,351.09,6.84,-214.13
35,187,1.55927,293.19,11.16,190.65,346.72,13.91,-216.79
35,188,1.56769,295.90,11.27,188.80,322.46,12.23,-219.93
35,189,1.57587,298.43,11.36,187.07,309.70,11.72,-210.82
35,190,1.58429,300.41,11.44,185.73,234.78,8.95,-159.06
35,191,1.59253,302.15,11.51,184.58,210.74,8.10,-140.00
35,192,1.60089,303.08,11.54,184.05,110.95,4.64,-63.87
35,193,1.60938,303.82,11.58,183.63,88.13,3.76,-49.28
35,194,1.61774,303.97,11.58,183.59,17.15,0.92,-4.38
36,0,0.00000,0.00,0.00,0.00,10.66,-0.03,14.34
36,1,0.00842,0.09,-0.00,0.12,10.51,-0.03,14.13
36,2,0.01672,0.22,-0.01,0.46,16.18,-0.85,41.54
36,3,0.02521,0.36,-0.01,0.81,15.83,-0.85,40.65
36,4,0.03345,0.44,-0.03,1.39,10.00,-2.27,70.00
36,5,0.04175,0.52,-0.05,1.96,9.93,-2.30,69.49
36,6,0.04999,0.59,-0.08,2.74,8.15,-3.37,94.44
36,7,0.05847,0.66,-0.11,3.52,7.91,-3.27,91.73
36,8,0.06671,0.72,-0.14,4.49,7.78,-4.32,117.78
36,9,0.07526,0.78,-0.18,5.46,7.50,-4.17,113.57
36,10,0.08350,0.81,-0.22,6.60,3.33,-5.40,138.89
36,11,0.09180,0.84,-0.27,7.75,3.31,-5.38,137.87
36,12,0.10004,0.87,-0.31,8.89,3.33,-5.37,138.89
36,13,0.10846,0.89,-0.36,10.04,3.26,-5.28,135.87
36,14,0.11676,0.87,-0.41,11.25,-2.94,-6.03,146.69
36,15,0.12524,0.85,-0.46,12.47,-2.88,-5.90,143.53
36,16,0.13348,0.70,-0.56,14.77,-17.41,-12.07,279.26
36,17,0.14178,0.56,-0.66,17.07,-17.28,-11.96,277.21
36,18,0.15002,0.00,-0.79,19.70,-67.41,-16.18,318.15
36,19,0.15851,-0.55,-0.92,22.31,-65.47,-15.68,308.63
36,20,0.16675,-1.29,-1.02,23.81,-89.26,-11.83,181.85
36,21,0.17548,-2.02,-1.12,25.31,-84.27,-11.13,171.33
36,22,0.18353,-2.75,-1.20,26.54,-90.53,-10.74,152.65
36,23,0.19189,-3.48,-1.22,27.77,-87.23,-2.17,147.08
36,24,0.20007,-4.18,-1.33,28.75,-85.45,-12.96,120.52
36,25,0.20856,-4.88,-1.39,29.74,-82.37,-7.07,116.19
36,26,0.21680,-5.36,-1.41,30.36,-58.52,-2.99,75.56
36,27,0.22534,-5.84,-1.44,30.98,-56.43,-2.88,72.86
36,28,0.23358,-6.26,-1.46,31.46,-50.00,-2.40,58.15
36,29,0.24188,-6.67,-1.48,31.94,-49.63,-2.37,57.72
36,30,0.25012,-7.08,-1.50,32.42,-50.00,-2.41,58.15
36,31,0.25854,-7.49,-1.52,32.90,-48.91,-2.34,56.88
36,32,0.26691,-7.83,-1.53,33.26,-40.51,-1.82,42.34
36,33,0.27539,-8.17,-1.55,33.61,-39.93,-1.81,41.73
36,34,0.28357,-8.51,-1.56,33.96,-41.42,-1.87,43.28
36,35,0.29187,-8.85,-1.58,34.32,-40.81,-1.83,42.65
36,36,0.30017,-9.13,-1.59,34.59,-33.82,-1.46,32.35
36,37,0.30859,-9.41,-1.60,34.85,-33.33,-1.44,31.88
36,38,0.31683,-9.69,-1.61,35.12,-34.07,-1.46,32.59
36,39,0.32538,-9.97,-1.62,35.39,-32.86,-1.42,31.43
36,40,0.33368,-10.21,-1.63,35.60,-29.04,-1.18,25.37
36,41,0.34198,-10.46,-1.64,35.80,-30.15,-1.19,23.90
36,42,0.35016,-10.64,-1.65,35.92,-21.27,-0.77,14.55
36,43,0.35864,-10.82,-1.66,36.03,-21.22,-0.75,13.31
36,44,0.36694,-10.92,-1.66,36.07,-12.50,-0.36,4.78
36,45,0.37561,-11.02,-1.66,36.11,-11.97,-0.32,3.87
36,46,0.38367,-10.97,-1.66,36.03,6.06,0.35,-9.85
36,47,0.39197,-10.92,-1.66,35.95,6.25,0.35,-9.56
36,48,0.40033,-10.54,-1.64,35.51,45.62,2.17,-52.19
36,49,0.40869,-10.14,-1.62,35.10,48.18,2.16,-49.64
36,50,0.41687,-9.71,-1.60,34.70,51.87,2.20,-48.13
36,51,0.42529,-9.27,-1.59,34.33,52.54,2.11,-44.20
36,52,0.43353,-8.50,-1.55,33.70,94.07,3.72,-76.30
36,53,0.44214,-7.69,-1.52,33.11,93.62,3.51,-68.44
36,54,0.45038,-6.64,-1.49,32.47,127.78,4.41,-77.41
36,55,0.45874,-5.55,-1.45,31.89,129.56,4.27,-70.07
36,56,0.46692,-4.72,-1.43,31.53,101.87,3.08,-43.28
36,57,0.47552,-3.87,-1.40,31.22,98.94,2.85,-36.17
36,58,0.48370,-2.26,-1.36,30.80,196.27,5.15,-51.12
36,59,0.49207,-0.64,-1.31,30.47,194.16,6.22,-40.15
36,60,0.50031,0.09,-1.25,30.37,88.89,6.83,-12.22
36,61,0.50873,0.83,-1.17,30.30,87.32,9.50,-7.61
36,62,0.51697,1.82,-1.12,30.34,120.74,5.97,4.07
36,63,0.52539,2.81,-1.08,30.42,117.75,5.61,9.78
36,64,0.53363,3.71,-1.04,30.69,109.26,4.18,32.96
36,65,0.54211,4.60,-1.01,31.01,104.32,3.81,37.41
36,66,0.55048,5.21,-1.00,31.47,73.36,1.50,55.47
36,67,0.55878,5.80,-0.99,31.96,70.96,1.23,59.19
36,68,0.56696,6.22,-0.99,32.51,51.12,-0.03,66.42
36,69,0.57556,6.61,-0.99,33.07,45.39,-0.32,65.25
36,70,0.58374,6.81,-1.00,33.61,25.00,-1.41,66.04
36,71,0.59216,6.99,-1.01,34.16,20.65,-1.53,65.22
36,72,0.60034,6.65,-1.04,34.37,-41.42,-3.17,25.75
36,73,0.60876,6.30,-1.06,34.56,-41.30,-3.00,22.83
36,74,0.61713,5.83,-1.08,34.33,-56.93,-1.75,-28.10
36,75,0.62555,5.36,-1.09,34.07,-55.07,-1.57,-30.80
36,76,0.63385,4.18,-1.08,32.22,-141.91,1.70,-222.43
36,77,0.64215,3.10,-1.06,30.32,-130.51,2.55,-229.04
36,78,0.65039,3.78,-0.96,28.80,82.96,11.58,-184.07
36,79,0.65881,4.54,-0.86,27.32,89.86,11.62,-175.72
36,80,0.66705,6.63,-0.78,27.83,253.70,10.41,61.85
36,81,0.67560,8.70,-0.70,28.45,241.79,9.37,72.14
36,82,0.68384,12.56,-0.59,30.57,469.26,13.49,257.78
36,83,0.69220,16.33,-0.49,32.87,450.73,11.86,274.45
36,84,0.70050,21.19,-0.36,35.81,584.93,15.51,354.04
36,85,0.70892,26.04,-0.23,38.75,576.45,15.31,348.91
36,86,0.71716,31.38,-0.08,41.75,648.15,18.26,364.81
36,87,0.72577,36.72,0.07,44.76,620.57,17.53,349.29
36,88,0.73407,42.75,0.21,48.81,725.37,17.23,488.60
36,89,0.74231,48.77,0.36,52.87,730.74,17.40,491.85
36,90,0.75043,53.32,0.44,56.64,561.28,9.88,464.66
36,91,0.75891,57.88,0.52,60.41,537.41,9.47,444.60
36,92,0.76727,63.06,0.59,65.16,618.61,8.64,567.88
36,93,0.77570,68.23,0.66,69.91,614.13,8.58,563.77
36,94,0.78406,73.04,0.71,74.78,575.91,5.88,582.85
36,95,0.79230,77.86,0.76,79.65,584.44,6.00,591.48
36,96,0.80042,81.89,0.79,84.12,496.99,3.18,550.00
36,97,0.80890,85.93,0.81,88.58,475.54,3.08,525.90
36,98,0.81726,87.82,0.82,90.83,226.28,0.74,268.61
36,99,0.82581,89.71,0.83,93.07,221.43,0.68,262.86
36,100,0.83405,91.36,0.83,95.07,200.37,0.47,242.59
36,101,0.84241,93.01,0.80,97.07,197.45,-3.54,239.05
36,102,0.85052,94.40,0.73,98.75,170.68,-8.41,206.39
36,103,0.85901,95.79,0.66,100.42,163.31,-7.84,197.48
36,104,0.86725,97.17,0.60,102.10,168.15,-8.09,203.33
36,105,0.87592,98.56,0.63,103.77,159.86,3.29,193.31
36,106,0.88409,99.94,0.59,105.45,169.40,-4.77,204.85
36,107,0.89252,101.33,0.55,107.12,164.49,-4.64,198.91
36,108,0.90057,102.79,0.51,108.88,181.06,-5.09,218.56
36,109,0.90900,104.24,0.47,110.64,173.19,-4.86,209.06
36,110,0.91736,105.79,0.42,112.53,185.04,-5.25,225.18
36,111,0.92590,107.34,0.38,114.41,181.07,-5.16,220.36
36,112,0.93427,108.96,0.33,116.40,193.43,-5.61,238.32
36,113,0.94238,110.57,0.28,118.40,199.25,-5.77,245.49
36,114,0.95062,112.28,0.23,120.53,207.04,-6.11,258.52
36,115,0.95911,113.99,0.18,122.66,201.08,-5.95,251.08
36,116,0.96747,115.69,0.13,124.79,204.01,-6.02,254.74
36,117,0.97577,117.40,0.08,126.92,205.51,-6.08,256.62
36,118,0.98401,119.10,0.03,129.05,207.04,-6.12,258.52
36,119,0.99231,120.81,-0.02,131.18,205.51,-6.07,256.62
36,120,1.00055,122.53,-0.07,133.32,208.15,-6.15,260.00
36,121,1.00903,124.24,-0.12,135.46,202.16,-5.98,252.52
36,122,1.01715,125.96,-0.17,137.60,211.28,-6.26,263.91
36,123,1.02570,127.67,-0.22,139.75,200.71,-5.94,251.07
36,124,1.03400,129.75,-0.28,142.34,251.10,-7.38,312.50
36,125,1.04224,131.84,-0.34,144.94,252.96,-7.45,314.81
36,126,1.05048,134.01,-0.41,147.62,263.70,-7.66,325.93
36,127,1.05896,136.18,-0.47,150.31,256.12,-7.45,316.55
36,128,1.06720,138.36,-0.53,152.99,263.70,-7.68,325.93
36,129,1.07568,140.53,-0.60,155.68,256.12,-7.46,316.55
36,130,1.08398,143.02,-0.67,158.76,300.37,-8.71,370.59
36,131,1.09235,145.52,-0.74,161.83,298.18,-8.66,367.88
36,132,1.10046,148.29,-0.82,165.23,341.35,-9.78,418.05
36,133,1.10962,151.06,-1.11,168.62,302.67,-31.24,370.67
36,134,1.11737,153.78,-1.29,171.87,351.57,-24.28,419.69
36,135,1.12567,156.51,-1.48,175.12,327.94,-22.69,391.54
36,136,1.13403,157.61,-1.57,176.60,132.12,-10.04,177.01
36,137,1.14294,158.72,-1.65,178.08,123.97,-9.42,166.10
36,138,1.15125,160.32,-1.79,180.56,193.75,-16.46,298.53
36,139,1.15961,161.93,-1.92,183.04,192.34,-16.38,296.35
36,140,1.16736,163.29,-2.06,185.50,175.20,-17.09,317.32
36,141,1.17578,164.65,-2.19,187.96,161.23,-15.77,292.39
36,142,1.18402,165.83,-2.32,190.47,143.70,-16.03,304.07
36,143,1.19299,167.02,-2.45,192.97,131.97,-14.72,279.25
36,144,1.20148,168.20,-2.59,195.48,139.57,-15.57,295.32
36,145,1.20972,169.38,-2.72,197.98,143.70,-16.06,304.07
36,146,1.21729,170.60,-2.86,200.60,160.08,-18.20,345.97
36,147,1.22565,171.81,-2.99,203.22,144.89,-16.47,313.14
36,148,1.23401,172.82,-3.19,207.27,121.53,-24.02,484.31
36,149,1.24286,173.84,-3.40,211.32,114.48,-22.67,457.59
36,150,1.25116,174.60,-3.64,216.49,92.28,-29.97,622.43
36,151,1.25964,175.37,-3.89,221.65,90.29,-29.32,608.99
36,152,1.26740,176.38,-4.12,226.32,130.71,-29.57,602.76
36,153,1.27563,177.40,-4.35,231.00,123.33,-27.85,567.04
36,154,1.28387,179.77,-4.61,235.97,287.78,-31.86,603.33
36,155,1.29291,182.14,-4.88,240.94,262.50,-29.06,550.34
36,156,1.30121,184.91,-5.15,245.99,333.46,-32.74,608.09
36,157,1.30957,187.68,-5.42,251.03,331.02,-32.46,603.28
36,158,1.31732,189.53,-5.59,254.17,239.37,-22.02,404.33
36,159,1.32568,191.39,-5.73,257.30,221.90,-17.03,375.18
36,160,1.33392,193.35,-5.81,260.72,238.15,-9.38,414.44
36,161,1.34302,195.31,-5.89,264.13,215.77,-8.50,375.50
36,162,1.35126,197.22,-5.97,267.79,231.85,-9.65,443.70
36,163,1.35962,199.13,-6.05,271.45,228.47,-9.54,437.59
36,164,1.36737,201.04,-6.13,275.35,246.06,-10.65,503.54
36,165,1.37592,202.95,-6.21,279.25,223.21,-9.67,456.79
36,166,1.38403,204.69,-6.29,283.19,215.04,-9.90,484.96
36,167,1.39307,206.44,-6.37,287.13,193.24,-8.90,435.81
36,168,1.40125,208.17,-6.46,291.23,211.94,-10.06,501.12
36,169,1.40967,209.91,-6.54,295.32,205.80,-9.76,486.59
36,170,1.41736,211.60,-6.61,299.01,220.63,-9.92,479.37
36,171,1.42578,213.30,-6.69,302.70,201.45,-9.06,437.68
36,172,1.43396,214.93,-6.75,305.40,199.25,-7.63,330.22
36,173,1.44299,216.56,-6.81,308.10,180.41,-6.93,298.99
36,174,1.45123,218.09,-6.68,309.66,185.56,16.45,190.00
36,175,1.45972,219.62,-6.55,311.23,180.22,15.16,184.53
36,176,1.46741,221.08,-6.45,312.08,190.87,13.71,110.32
36,177,1.47577,222.55,-6.34,312.92,175.55,12.60,101.09
36,178,1.48407,224.22,-6.24,313.19,201.10,12.08,31.99
36,179,1.49304,225.89,-6.14,313.46,186.05,11.18,29.59
36,180,1.50134,227.95,-6.03,313.34,248.16,13.52,-14.34
36,181,1.50977,230.01,-5.92,313.22,244.57,13.19,-14.13
36,182,1.51746,232.44,-5.78,313.08,315.87,17.15,-17.86
36,183,1.52576,234.87,-5.65,312.94,292.65,15.88,-16.91
36,184,1.53412,237.85,-5.50,312.53,356.93,18.55,-48.54
36,185,1.54303,240.84,-5.34,312.13,334.93,17.45,-45.55
36,186,1.55133,244.18,-5.18,311.23,402.94,19.50,-108.46
36,187,1.55975,247.53,-5.02,310.33,397.10,19.18,-106.88
36,188,1.56757,250.63,-4.87,309.32,397.66,18.65,-129.30
36,189,1.57587,253.74,-4.73,308.31,374.26,17.51,-121.69
36,190,1.58405,256.02,-4.62,307.58,277.99,13.04,-89.18
36,191,1.59308,258.29,-4.51,306.85,251.35,11.78,-80.74
36,192,1.60132,259.33,-4.46,306.60,126.30,6.23,-30.37
36,193,1.60968,260.36,-4.41,306.35,124.09,6.07,-29.93
36,194,1.61749,260.51,-4.40,306.35,19.14,1.12,0.78
