trial,frame,t_s,x_cm,y_cm,z_cm,vx,vy,vz
0,0,0.00000,0.00,0.00,0.00,-1808.46,-362.20,2309.19
0,1,0.00842,-15.01,-3.01,19.17,-1782.25,-357.18,2275.72
0,2,0.01697,-19.60,-3.96,24.86,-536.43,-111.85,665.71
0,3,0.02527,-24.18,-4.18,30.55,-552.21,-26.08,685.29
0,4,0.03381,-27.84,-4.38,35.09,-428.21,-23.11,532.14
0,5,0.04236,-31.50,-4.57,39.64,-428.21,-22.22,532.14
0,6,0.05054,-34.42,-4.71,43.33,-357.09,-16.78,451.12
0,7,0.05884,-37.34,-4.84,47.02,-351.84,-16.53,444.49
0,8,0.06726,-39.87,-4.84,50.66,-300.36,0.28,431.88
0,9,0.07556,-42.40,-4.84,54.29,-304.78,-0.52,438.24
0,10,0.08423,-44.72,-4.83,57.69,-268.31,1.92,391.90
0,11,0.09241,-47.05,-4.82,61.09,-284.33,1.22,415.30
0,12,0.10095,-49.19,-4.81,64.20,-250.36,1.45,364.29
0,13,0.10962,-51.33,-4.80,67.31,-246.83,1.04,359.15
0,14,0.11755,-53.50,-4.81,70.39,-273.85,-1.96,388.46
0,15,0.12598,-55.57,-4.83,73.32,-245.65,-1.65,347.46
0,16,0.13428,-57.66,-4.87,76.15,-251.84,-5.44,340.44
0,17,0.14282,-59.75,-4.92,78.96,-245.00,-6.10,329.64
0,18,0.15088,-61.85,-5.03,81.61,-259.85,-12.75,328.41
0,19,0.15930,-63.92,-5.12,84.23,-246.38,-11.34,311.23
0,20,0.16833,-65.68,-5.22,86.38,-194.59,-11.15,237.50
0,21,0.17627,-67.55,-5.33,88.66,-235.38,-13.72,288.08
0,22,0.18445,-69.17,-5.42,90.65,-197.76,-11.10,243.28
0,23,0.19263,-70.76,-5.51,92.62,-195.52,-10.94,240.67
0,24,0.20154,-72.24,-5.59,94.45,-165.75,-8.79,205.82
0,25,0.20972,-73.72,-5.66,96.29,-180.60,-9.16,224.25
0,26,0.21777,-75.20,-5.75,98.12,-183.33,-10.14,227.65
0,27,0.22620,-76.66,-5.82,99.94,-173.91,-9.32,215.58
0,28,0.23450,-78.00,-5.89,101.63,-161.76,-7.31,204.04
0,29,0.24280,-79.31,-5.95,103.29,-157.35,-7.70,199.26
0,30,0.25159,-80.37,-5.99,104.65,-120.83,-4.72,154.86
0,31,0.25940,-81.40,-6.03,105.97,-131.25,-5.29,169.14
0,32,0.26831,-82.19,-6.06,107.01,-89.04,-3.50,117.12
0,33,0.27612,-82.95,-6.09,108.01,-96.88,-2.79,128.12
0,34,0.28418,-83.45,-6.09,108.71,-62.12,-0.99,86.36
0,35,0.29260,-83.91,-6.10,109.36,-55.07,-0.33,77.17
0,36,0.30151,-84.10,-6.08,109.69,-21.23,2.13,37.33
0,37,0.30908,-84.26,-6.06,109.99,-20.97,2.33,39.11
0,38,0.31750,-84.21,-6.03,110.04,5.80,3.33,5.80
0,39,0.32581,-84.16,-6.00,110.07,6.62,4.08,4.41
0,40,0.33423,-84.02,-5.96,110.03,15.94,4.64,-5.43
0,41,0.34253,-83.87,-5.92,109.96,18.38,4.77,-8.46
0,42,0.35144,-83.58,-5.87,109.72,32.19,5.68,-26.37
0,43,0.35925,-83.28,-5.83,109.47,38.28,5.49,-32.81
0,44,0.36755,-82.89,-5.78,109.08,47.06,5.59,-46.69
0,45,0.37598,-82.48,-5.73,108.67,48.55,6.06,-48.55
0,46,0.38416,-81.97,-5.68,108.12,62.69,5.71,-67.54
0,47,0.39246,-81.45,-5.63,107.54,63.24,6.32,-69.12
0,48,0.40149,-80.80,-5.58,106.81,70.95,5.77,-80.74
0,49,0.40918,-80.13,-5.53,106.05,87.30,6.59,-99.60
0,50,0.41748,-79.26,-5.46,105.02,105.15,7.62,-123.53
0,51,0.42603,-78.25,-5.40,103.82,118.57,7.89,-140.36
0,52,0.43433,-76.26,-5.27,101.42,239.71,14.90,-289.34
0,53,0.44263,-74.22,-5.14,98.99,244.85,16.41,-292.65
0,54,0.45105,-71.92,-4.95,96.38,273.19,21.77,-310.51
0,55,0.45935,-69.64,-4.76,93.80,275.74,23.22,-310.29
0,56,0.46814,-67.44,-4.53,91.49,249.31,25.85,-262.50
0,57,0.47607,-65.26,-4.29,89.25,274.62,30.11,-283.08
0,58,0.48438,-63.20,-3.99,87.42,248.53,36.84,-220.22
0,59,0.49268,-61.13,-3.67,85.63,249.26,38.62,-216.18
0,60,0.50159,-59.03,-3.28,84.06,235.96,43.37,-176.03
0,61,0.50916,-57.01,-2.90,82.55,267.34,49.82,-199.60
0,62,0.51770,-55.51,-2.62,81.46,175.36,33.36,-127.50
0,63,0.52576,-54.10,-2.34,80.44,175.00,33.89,-126.52
0,64,0.53430,-53.30,-2.18,79.90,93.57,19.12,-63.21
0,65,0.54248,-52.44,-2.00,79.34,104.48,22.08,-67.91
0,66,0.55103,-51.21,-1.70,78.70,144.29,35.41,-75.71
0,67,0.55920,-49.97,-1.38,78.06,152.24,38.39,-77.61
0,68,0.56848,-48.65,-1.02,77.53,142.43,39.19,-57.24
0,69,0.57593,-47.30,-0.64,77.02,181.15,51.37,-68.85
0,70,0.58423,-45.77,-0.15,76.64,184.19,59.05,-45.96
0,71,0.59241,-44.29,0.33,76.30,180.22,58.12,-40.67
0,72,0.60168,-43.19,0.76,76.33,118.42,46.78,2.63
0,73,0.60999,-42.28,1.13,76.37,109.93,44.08,4.78
0,74,0.61755,-42.65,1.03,76.54,-48.79,-13.02,22.18
0,75,0.62585,-43.05,0.92,76.69,-47.43,-13.50,18.38
0,76,0.63428,-43.60,0.72,76.74,-65.94,-23.83,6.16
0,77,0.64246,-44.16,0.52,76.79,-67.91,-24.54,6.34
0,78,0.65063,-44.71,0.31,76.84,-67.91,-24.54,6.34
0,79,0.65894,-45.27,0.11,76.90,-66.91,-24.18,6.25
0,80,0.66797,-45.82,-0.09,76.95,-61.49,-22.22,5.74
0,81,0.67603,-46.36,-0.28,77.02,-66.67,-23.42,8.71
0,82,0.68433,-46.78,-0.39,77.21,-50.74,-13.46,22.79
0,83,0.69250,-47.20,-0.50,77.40,-51.49,-13.66,23.13
0,84,0.70142,-47.62,-0.61,77.58,-47.26,-12.29,21.23
0,85,0.70923,-48.04,-0.72,77.78,-53.12,-14.32,24.61
0,86,0.71765,-48.40,-0.80,78.00,-43.48,-9.40,26.45
0,87,0.72607,-48.77,-0.88,78.22,-43.48,-9.80,26.45
0,88,0.73438,-49.14,-0.96,78.45,-44.12,-9.94,26.84
0,89,0.74255,-49.50,-1.04,78.67,-44.78,-9.68,27.24
0,90,0.75098,-49.87,-1.13,78.89,-43.48,-9.80,26.45
0,91,0.75989,-50.23,-1.21,79.11,-40.07,-8.96,24.66
0,92,0.76770,-50.52,-1.26,79.32,-37.11,-7.31,26.56
0,93,0.77612,-50.81,-1.32,79.53,-34.42,-6.38,24.64
0,94,0.78442,-51.10,-1.37,79.73,-34.93,-6.88,25.00
0,95,0.79285,-51.37,-1.43,79.94,-32.61,-6.17,24.28
0,96,0.80176,-51.54,-1.44,80.12,-19.18,-2.06,20.21
0,97,0.80933,-51.71,-1.46,80.30,-22.58,-2.43,23.79
0,98,0.81775,-51.88,-1.48,80.48,-20.29,-2.18,21.38
0,99,0.82593,-52.05,-1.50,80.66,-20.90,-1.83,22.01
0,100,0.83435,-52.22,-1.51,80.84,-20.29,-2.18,21.38
0,101,0.84265,-52.40,-1.53,81.02,-20.59,-1.81,21.69
0,102,0.85156,-52.57,-1.55,81.20,-19.18,-2.44,20.21
0,103,0.85938,-52.73,-1.56,81.37,-20.70,-1.67,22.27
0,104,0.86841,-52.85,-1.58,81.51,-13.18,-1.45,15.20
0,105,0.87610,-52.97,-1.58,81.65,-15.48,-0.83,17.86
0,106,0.88440,-53.09,-1.59,81.78,-14.34,-1.18,16.54
0,107,0.89270,-53.20,-1.60,81.92,-14.34,-1.18,16.54
0,108,0.90173,-53.32,-1.61,82.06,-13.18,-0.71,15.20
0,109,0.90930,-53.44,-1.62,82.20,-15.73,-1.29,18.15
0,110,0.91772,-53.56,-1.63,82.33,-14.13,-1.16,16.30
0,111,0.92603,-53.68,-1.64,82.47,-14.34,-1.18,16.54
0,112,0.93433,-53.80,-1.65,82.61,-14.34,-0.77,16.54
0,113,0.94275,-53.92,-1.66,82.75,-14.13,-1.16,16.30
0,114,0.95105,-54.04,-1.67,82.88,-14.34,-1.18,16.54
0,115,0.95935,-54.15,-1.67,83.02,-13.97,-1.13,16.18
0,116,0.96851,-54.24,-1.68,83.12,-9.67,-0.39,11.33
0,117,0.97607,-54.33,-1.69,83.22,-11.69,-0.92,13.71
0,118,0.98450,-54.42,-1.70,83.33,-10.51,-1.23,12.32
0,119,0.99268,-54.51,-1.70,83.43,-10.82,-0.44,12.69
0,120,1.00171,-54.60,-1.71,83.54,-9.80,-0.77,11.49
0,121,1.00940,-54.68,-1.71,83.64,-11.51,-0.91,13.49
0,122,1.01782,-54.77,-1.72,83.74,-10.51,-0.83,12.32
0,123,1.02612,-54.86,-1.72,83.85,-10.66,-0.43,12.50
0,124,1.03442,-54.95,-1.73,83.95,-10.66,-0.84,12.50
0,125,1.04272,-55.05,-1.74,84.07,-11.76,-0.87,13.97
0,126,1.05115,-55.21,-1.75,84.27,-18.84,-0.93,23.91
0,127,1.06018,-55.38,-1.75,84.49,-19.26,-0.52,24.66
0,128,1.06787,-55.65,-1.75,84.87,-35.32,-0.41,49.60
0,129,1.07617,-55.92,-1.75,85.27,-32.72,-0.19,48.16
0,130,1.08459,-56.20,-1.71,85.82,-32.25,5.20,64.86
0,131,1.09290,-56.47,-1.67,86.36,-32.72,4.87,65.81
0,132,1.10168,-56.74,-1.63,86.91,-30.90,4.60,62.15
0,133,1.10950,-56.99,-1.58,87.46,-32.03,6.88,70.70
0,134,1.11841,-57.09,-1.45,88.07,-11.30,14.10,67.81
0,135,1.12634,-57.16,-1.32,88.67,-9.23,16.55,75.38
0,136,1.13452,-57.03,-1.12,89.23,15.67,24.59,69.40
0,137,1.14282,-56.87,-0.90,89.79,20.22,25.79,67.28
0,138,1.15112,-56.43,-0.60,90.27,52.94,36.25,58.09
0,139,1.15942,-55.94,-0.30,90.71,58.46,36.00,52.21
0,140,1.16846,-55.16,0.02,90.81,86.15,36.48,10.81
0,141,1.17627,-54.36,0.35,90.84,103.12,41.33,4.30
0,142,1.18506,-53.37,0.62,90.43,112.15,30.44,-46.18
0,143,1.19312,-52.37,0.88,89.98,123.86,33.20,-56.06
0,144,1.20203,-51.28,1.10,89.22,123.29,24.61,-85.62
0,145,1.20972,-50.18,1.31,88.42,142.86,27.45,-103.17
0,146,1.21814,-49.08,1.47,87.42,130.07,18.28,-118.84
0,147,1.22656,-47.99,1.62,86.42,130.07,18.28,-118.84
0,148,1.23499,-46.89,1.78,85.42,130.07,18.28,-118.84
0,149,1.24316,-45.79,1.93,84.42,133.96,18.83,-122.39
0,150,1.25146,-44.70,2.09,83.42,131.99,18.96,-120.59
0,151,1.26038,-43.62,2.23,82.42,121.23,16.42,-111.64
0,152,1.26819,-42.64,2.36,81.47,125.78,15.69,-122.27
0,153,1.27637,-41.67,2.48,80.53,117.91,15.03,-114.93
0,154,1.28455,-40.78,2.59,79.65,109.33,13.30,-107.46
0,155,1.29285,-39.90,2.69,78.78,105.88,12.79,-104.41
0,156,1.30200,-39.11,2.79,78.00,86.67,10.41,-85.67
0,157,1.30957,-38.33,2.89,77.23,102.82,12.90,-101.21
0,158,1.31799,-37.65,2.97,76.58,80.43,10.07,-77.90
0,159,1.32629,-36.99,3.05,75.94,79.41,10.06,-76.47
0,160,1.33459,-36.45,3.13,75.45,65.07,9.06,-59.56
0,161,1.34302,-35.93,3.20,74.98,61.59,8.73,-55.80
0,162,1.35132,-35.55,3.27,74.67,46.32,8.38,-36.76
0,163,1.36011,-35.17,3.34,74.38,42.36,7.46,-32.99
0,164,1.36792,-34.88,3.40,74.20,37.50,8.03,-23.83
0,165,1.37646,-34.59,3.46,74.01,34.29,6.95,-21.79
0,166,1.38477,-34.30,3.53,73.83,35.29,7.97,-22.43
0,167,1.39294,-34.01,3.59,73.65,34.70,7.64,-21.27
0,168,1.40186,-33.80,3.65,73.57,23.63,6.88,-9.59
0,169,1.40967,-33.59,3.71,73.48,26.95,7.42,-10.94
0,170,1.41809,-33.38,3.76,73.39,25.00,6.48,-10.14
0,171,1.42627,-33.18,3.82,73.32,24.63,7.47,-8.96
0,172,1.43469,-33.04,3.87,73.32,15.94,6.01,-0.36
0,173,1.44287,-32.91,3.93,73.32,16.42,6.19,-0.37
0,174,1.45117,-32.78,3.98,73.31,16.18,6.10,-0.37
0,175,1.45996,-32.64,4.03,73.31,15.28,6.14,-0.35
0,176,1.46777,-32.51,4.08,73.31,17.19,6.04,-0.39
0,177,1.47607,-32.38,4.13,73.31,15.07,6.27,0.37
0,178,1.48462,-32.32,4.16,73.35,6.79,3.90,5.00
0,179,1.49292,-32.27,4.20,73.39,6.99,4.02,5.15
0,180,1.50183,-32.21,4.23,73.44,6.51,3.74,4.79
0,181,1.50964,-32.15,4.26,73.48,7.42,4.27,5.47
0,182,1.51807,-32.09,4.30,73.52,6.88,4.36,5.07
0,183,1.52637,-32.03,4.33,73.57,6.99,3.61,5.15
0,184,1.53491,-31.98,4.36,73.61,6.79,3.90,5.00
0,185,1.54309,-31.92,4.40,73.65,6.34,4.20,5.22
0,186,1.55139,-31.91,4.41,73.68,1.84,1.73,4.04
0,187,1.56018,-31.89,4.43,73.72,1.74,1.63,3.82
0,188,1.56812,-31.88,4.44,73.75,1.92,1.81,4.23
1,0,0.00000,0.00,0.00,0.00,-2890.30,-73.50,712.69
1,1,0.00879,-23.64,-0.60,5.83,-2689.58,-68.35,663.19
1,2,0.01697,-30.76,-0.83,7.48,-870.15,-27.96,201.87
1,3,0.02576,-37.87,-1.40,9.13,-809.72,-65.17,187.85
1,4,0.03455,-43.56,-2.01,10.46,-646.88,-69.58,150.69
1,5,0.04260,-49.24,-2.66,11.78,-705.30,-80.00,164.39
1,6,0.05017,-53.81,-3.16,12.88,-604.44,-66.90,145.97
1,7,0.05872,-58.39,-3.67,13.99,-535.36,-59.21,129.29
1,8,0.06702,-62.63,-4.14,15.29,-510.29,-56.81,156.99
1,9,0.07593,-66.86,-4.61,16.60,-475.34,-52.96,146.23
1,10,0.08374,-70.79,-5.05,17.83,-502.34,-56.00,158.59
1,11,0.09290,-74.71,-5.49,19.07,-428.67,-47.79,135.33
1,12,0.10059,-78.31,-5.89,20.21,-468.65,-52.27,147.22
1,13,0.10864,-81.92,-6.29,21.34,-447.35,-49.84,140.53
1,14,0.11707,-85.35,-6.68,22.37,-407.97,-45.43,122.46
1,15,0.12610,-88.79,-7.06,23.40,-380.41,-42.36,114.19
1,16,0.13513,-92.18,-7.43,24.33,-375.34,-41.64,103.38
1,17,0.14221,-95.57,-7.81,25.27,-478.88,-53.24,131.90
1,18,0.15051,-98.85,-8.17,26.06,-394.85,-43.65,95.59
1,19,0.15881,-102.13,-8.54,26.86,-394.85,-43.74,95.59
1,20,0.16699,-104.83,-8.83,27.46,-330.60,-36.48,73.88
1,21,0.17590,-107.53,-9.13,28.06,-303.42,-33.52,67.81
1,22,0.18359,-110.04,-9.41,28.63,-325.40,-35.91,73.81
1,23,0.19214,-112.54,-9.69,29.20,-292.86,-32.32,66.43
1,24,0.20044,-114.83,-9.86,29.73,-276.47,-21.04,63.97
1,25,0.20874,-117.13,-10.24,30.26,-276.47,-45.37,63.97
1,26,0.21716,-119.42,-10.71,30.79,-272.46,-55.73,63.04
1,27,0.22607,-121.72,-11.30,31.32,-257.53,-66.62,59.59
1,28,0.23474,-123.82,-11.97,31.83,-242.61,-77.09,58.45
1,29,0.24292,-125.92,-12.60,32.34,-257.09,-76.96,61.94
1,30,0.25037,-127.60,-13.09,32.75,-225.00,-66.26,56.15
1,31,0.25891,-129.28,-13.58,33.17,-196.07,-57.56,48.93
1,32,0.26721,-130.54,-13.96,33.51,-152.57,-44.92,40.07
1,33,0.27649,-131.81,-14.33,33.84,-136.51,-40.37,35.86
1,34,0.28479,-132.63,-14.57,34.08,-99.26,-29.32,29.04
1,35,0.29309,-133.46,-14.82,34.32,-99.26,-29.51,29.04
1,36,0.30078,-133.81,-14.93,34.46,-46.03,-14.07,18.65
1,37,0.30896,-134.16,-15.03,34.61,-43.28,-13.03,17.54
1,38,0.31726,-134.16,-15.03,34.67,0.74,-0.13,8.09
1,39,0.32568,-134.15,-15.04,34.74,0.72,-0.32,7.97
1,40,0.33398,-134.02,-15.00,34.79,16.18,4.16,5.51
1,41,0.34290,-133.88,-14.97,34.83,15.07,4.06,5.14
1,42,0.35071,-133.51,-14.86,34.82,47.27,13.30,-1.56
1,43,0.35913,-133.15,-14.76,34.81,43.84,12.52,-1.45
1,44,0.36743,-132.60,-14.60,34.74,65.81,18.76,-7.72
1,45,0.37634,-132.05,-14.45,34.68,61.30,17.30,-7.19
1,46,0.38403,-131.31,-14.23,34.56,96.83,28.31,-15.48
1,47,0.39258,-130.56,-14.01,34.44,87.14,25.11,-13.93
1,48,0.40088,-129.61,-13.74,34.26,115.07,33.39,-21.69
1,49,0.40906,-128.65,-13.46,34.08,116.79,33.89,-22.01
1,50,0.41748,-127.33,-13.07,33.81,156.52,45.83,-32.25
1,51,0.42590,-126.02,-12.69,33.54,156.52,45.45,-32.25
1,52,0.43469,-122.96,-11.80,32.88,347.22,101.64,-75.35
1,53,0.44324,-119.91,-10.91,32.21,357.14,104.55,-77.50
1,54,0.45081,-116.49,-10.22,31.57,452.42,90.04,-84.68
1,55,0.45923,-113.06,-9.76,30.93,406.52,54.68,-76.09
1,56,0.46716,-109.92,-9.46,30.47,396.92,37.76,-58.46
1,57,0.47620,-106.77,-9.07,30.00,348.65,43.24,-51.35
1,58,0.48401,-104.01,-8.77,29.84,352.34,38.27,-21.48
1,59,0.49268,-101.26,-8.48,29.67,317.61,34.41,-19.37
1,60,0.50037,-98.64,-8.19,29.73,340.87,36.69,7.54
1,61,0.50867,-96.02,-7.91,29.79,315.81,33.99,6.99
1,62,0.51697,-94.17,-7.71,29.85,222.79,23.91,8.09
1,63,0.52551,-92.32,-7.51,29.92,216.43,23.27,7.86
1,64,0.53369,-91.35,-7.41,29.99,117.91,12.65,8.21
1,65,0.54285,-90.39,-7.31,30.05,105.33,11.26,7.33
1,66,0.55042,-89.02,-7.16,30.30,181.05,19.19,33.06
1,67,0.55884,-87.65,-7.02,30.55,162.68,17.15,29.71
1,68,0.56714,-86.28,-6.87,30.95,165.07,17.29,47.79
1,69,0.57617,-84.91,-6.73,31.35,151.69,15.85,43.92
1,70,0.58398,-83.47,-6.58,31.99,184.38,18.89,82.03
1,71,0.59277,-82.03,-6.44,32.63,163.89,16.79,73.26
1,72,0.60095,-81.18,-6.35,33.33,103.73,10.22,85.07
1,73,0.60925,-80.33,-6.27,34.02,102.21,10.08,83.46
1,74,0.61755,-80.73,-6.31,33.92,-47.43,-4.97,-11.76
1,75,0.62646,-81.12,-6.35,33.83,-44.18,-4.67,-10.96
1,76,0.63489,-81.59,-6.40,33.52,-55.43,-5.52,-35.87
1,77,0.64270,-82.05,-6.44,33.22,-59.77,-6.00,-38.67
1,78,0.65100,-82.52,-6.49,32.92,-56.25,-5.65,-36.40
1,79,0.65942,-82.99,-6.54,32.62,-55.43,-5.56,-35.87
1,80,0.66760,-83.45,-6.59,32.32,-57.09,-5.73,-36.94
1,81,0.67590,-83.92,-6.63,32.02,-56.25,-5.70,-36.03
1,82,0.68433,-84.37,-6.68,31.90,-53.26,-5.63,-13.41
1,83,0.69312,-84.82,-6.73,31.79,-51.04,-5.31,-12.85
1,84,0.70093,-85.27,-6.77,31.68,-57.42,-6.02,-14.45
1,85,0.70923,-85.71,-6.82,31.56,-54.04,-5.67,-13.60
1,86,0.71753,-86.14,-6.87,31.51,-51.47,-5.47,-6.25
1,87,0.72644,-86.57,-6.91,31.46,-47.95,-5.10,-5.82
1,88,0.73474,-87.00,-6.96,31.41,-51.47,-5.47,-6.25
1,89,0.74268,-87.42,-7.00,31.36,-53.85,-5.72,-6.54
1,90,0.75098,-87.85,-7.05,31.30,-51.47,-5.52,-6.25
1,91,0.75916,-88.28,-7.09,31.25,-52.24,-5.55,-6.34
1,92,0.76758,-88.64,-7.13,31.24,-42.39,-4.54,-1.81
1,93,0.77649,-88.99,-7.17,31.22,-40.07,-4.29,-1.71
1,94,0.78406,-89.35,-7.21,31.21,-47.18,-5.11,-2.02
1,95,0.79309,-89.70,-7.25,31.19,-39.19,-4.20,-1.69
1,96,0.80090,-89.95,-7.27,31.23,-31.25,-3.41,4.69
1,97,0.80933,-90.19,-7.30,31.27,-28.99,-3.21,4.35
1,98,0.81750,-90.44,-7.33,31.30,-29.85,-3.21,4.48
1,99,0.82642,-90.68,-7.35,31.34,-27.40,-3.03,4.11
1,100,0.83423,-90.92,-7.38,31.38,-31.25,-3.41,4.69
1,101,0.84265,-91.17,-7.41,31.41,-28.99,-3.16,4.35
1,102,0.85095,-91.41,-7.43,31.45,-29.41,-3.21,4.41
1,103,0.85950,-91.66,-7.46,31.48,-28.57,-3.12,4.29
1,104,0.86780,-91.84,-7.48,31.52,-21.69,-2.47,4.41
1,105,0.87671,-92.02,-7.50,31.56,-20.21,-2.21,4.11
1,106,0.88440,-92.20,-7.52,31.59,-23.41,-2.56,4.76
1,107,0.89343,-92.38,-7.54,31.63,-19.93,-2.18,4.05
1,108,0.90125,-92.56,-7.56,31.67,-23.05,-2.57,4.69
1,109,0.90942,-92.74,-7.58,31.70,-22.01,-2.41,4.48
1,110,0.91785,-92.92,-7.60,31.74,-21.38,-2.34,4.35
1,111,0.92676,-93.10,-7.62,31.78,-20.21,-2.21,4.11
1,112,0.93518,-93.28,-7.64,31.81,-21.38,-2.39,4.35
1,113,0.94287,-93.46,-7.66,31.85,-23.41,-2.56,4.76
1,114,0.95117,-93.64,-7.68,31.89,-21.69,-2.42,4.41
1,115,0.95959,-93.82,-7.70,31.92,-21.38,-2.39,4.35
1,116,0.96790,-93.95,-7.71,31.95,-16.18,-1.72,3.31
1,117,0.97620,-94.09,-7.73,31.98,-16.18,-1.81,3.31
1,118,0.98511,-94.22,-7.74,32.01,-15.07,-1.64,3.08
1,119,0.99280,-94.35,-7.76,32.03,-17.46,-1.95,3.57
1,120,1.00110,-94.49,-7.77,32.06,-16.18,-1.76,3.31
1,121,1.00952,-94.62,-7.79,32.09,-15.94,-1.74,3.26
1,122,1.01782,-94.76,-7.80,32.12,-16.18,-1.81,3.31
1,123,1.02673,-94.89,-7.82,32.14,-15.07,-1.64,3.08
1,124,1.03503,-95.03,-7.83,32.17,-16.18,-1.76,3.31
1,125,1.04285,-95.16,-7.85,32.20,-17.19,-1.92,3.52
1,126,1.05115,-95.41,-7.87,32.26,-30.15,-3.32,6.99
1,127,1.05945,-95.66,-7.90,32.32,-30.15,-3.37,6.99
1,128,1.06787,-96.11,-7.95,32.45,-53.26,-5.92,15.58
1,129,1.07617,-96.56,-8.00,32.58,-54.04,-6.01,15.81
1,130,1.08459,-97.11,-8.06,32.84,-65.58,-7.40,31.16
1,131,1.09363,-97.66,-8.13,33.10,-61.15,-6.98,29.05
1,132,1.10120,-98.21,-8.19,33.36,-72.98,-8.18,34.68
1,133,1.10962,-98.76,-8.25,33.63,-65.22,-7.40,31.16
1,134,1.11780,-99.22,-8.31,34.04,-55.22,-6.63,50.37
1,135,1.12659,-99.67,-8.36,34.45,-51.39,-6.08,46.88
1,136,1.13513,-99.92,-8.39,34.98,-29.29,-3.81,61.43
1,137,1.14294,-100.17,-8.43,35.50,-32.03,-4.27,67.58
1,138,1.15125,-100.12,-8.43,36.15,6.25,-0.21,78.31
1,139,1.15967,-100.06,-8.43,36.80,6.16,-0.29,77.17
1,140,1.16797,-99.51,-8.38,37.36,66.54,6.46,66.91
1,141,1.17627,-98.96,-8.32,37.92,66.91,6.40,66.91
1,142,1.18457,-97.93,-8.22,38.20,123.53,12.95,34.56
1,143,1.19373,-96.90,-8.11,38.49,112.33,11.78,31.33
1,144,1.20142,-95.57,-7.96,38.57,173.41,18.58,9.92
1,145,1.20996,-94.24,-7.82,38.64,156.07,16.72,8.93
1,146,1.21826,-92.76,-7.66,38.53,178.31,19.35,-13.24
1,147,1.22717,-91.28,-7.50,38.42,166.10,18.06,-12.33
1,148,1.23486,-89.78,-7.34,38.31,194.05,21.11,-14.68
1,149,1.24390,-88.30,-7.18,38.20,163.85,17.82,-12.16
1,150,1.25159,-86.82,-7.02,38.09,192.46,20.93,-14.29
1,151,1.25989,-85.35,-6.86,37.98,177.94,19.31,-13.24
1,152,1.26819,-83.99,-6.71,37.83,163.24,17.85,-17.65
1,153,1.27661,-82.64,-6.56,37.69,160.87,17.55,-17.39
1,154,1.28479,-81.39,-6.42,37.54,152.24,16.61,-17.54
1,155,1.29370,-80.15,-6.29,37.40,139.73,15.29,-16.10
1,156,1.30151,-79.04,-6.17,37.27,141.80,15.42,-16.41
1,157,1.31006,-77.93,-6.05,37.14,129.64,14.14,-15.00
1,158,1.31824,-76.99,-5.94,37.04,114.93,12.61,-12.31
1,159,1.32678,-76.05,-5.84,36.94,109.64,11.94,-11.43
1,160,1.33557,-75.32,-5.76,36.89,82.99,9.00,-6.60
1,161,1.34326,-74.60,-5.68,36.83,94.44,10.24,-7.54
1,162,1.35156,-74.11,-5.63,36.83,59.19,6.39,-0.37
1,163,1.35999,-73.61,-5.58,36.82,58.33,6.25,-0.36
1,164,1.36841,-73.27,-5.54,36.86,40.94,4.45,3.99
1,165,1.37671,-72.92,-5.50,36.89,41.54,4.38,4.04
1,166,1.38550,-72.58,-5.47,36.92,39.24,4.22,3.82
1,167,1.39319,-72.24,-5.43,36.96,44.84,4.78,4.37
1,168,1.40137,-72.02,-5.41,37.02,26.87,2.79,7.84
1,169,1.40967,-71.80,-5.38,37.08,26.47,2.80,7.72
1,170,1.41833,-71.58,-5.36,37.15,25.35,2.64,7.39
1,171,1.42651,-71.36,-5.34,37.21,26.49,2.71,7.84
1,172,1.43518,-71.25,-5.33,37.29,12.32,1.25,9.15
1,173,1.44299,-71.15,-5.32,37.37,13.67,1.39,10.16
1,174,1.45129,-71.04,-5.31,37.45,12.87,1.26,9.56
1,175,1.45959,-70.93,-5.30,37.53,12.87,1.26,9.56
1,176,1.46790,-70.83,-5.29,37.61,12.87,1.30,9.56
1,177,1.47632,-70.72,-5.27,37.69,12.68,1.29,9.42
1,178,1.48523,-70.70,-5.27,37.76,2.05,0.07,7.88
1,179,1.49292,-70.68,-5.27,37.83,2.38,0.23,9.13
1,180,1.50122,-70.66,-5.27,37.90,2.21,0.12,8.46
1,181,1.50964,-70.65,-5.27,37.97,2.17,0.16,8.33
1,182,1.51807,-70.63,-5.27,38.04,2.17,0.12,8.33
1,183,1.52686,-70.61,-5.27,38.11,2.08,0.16,7.99
1,184,1.53528,-70.59,-5.27,38.18,2.17,0.07,8.33
1,185,1.54370,-70.57,-5.27,38.25,2.17,0.12,8.33
1,186,1.55139,-70.58,-5.27,38.29,-1.19,-0.11,4.76
1,187,1.55969,-70.59,-5.27,38.32,-1.10,-0.19,4.41
1,188,1.56812,-70.60,-5.27,38.36,-1.09,-0.19,4.35
2,0,0.00000,0.00,0.00,0.00,-2890.58,875.25,10.87
2,1,0.00818,-24.35,6.73,0.09,-2976.87,823.15,11.19
2,2,0.01709,-31.65,8.74,0.02,-819.86,225.10,-8.22
2,3,0.02551,-38.96,10.75,-0.05,-867.39,238.34,-8.70
2,4,0.03406,-44.79,12.35,-0.11,-682.86,187.63,-6.43
2,5,0.04224,-50.63,13.95,-0.16,-713.43,196.27,-6.72
2,6,0.05066,-55.33,15.50,-0.17,-558.70,183.71,-0.72
2,7,0.05884,-60.04,16.95,-0.18,-575.37,177.18,-0.75
2,8,0.06775,-64.47,18.35,0.09,-496.58,157.42,30.14
2,9,0.07593,-68.89,19.75,0.36,-541.04,171.13,32.84
2,10,0.08398,-73.00,21.00,0.64,-509.85,154.54,34.85
2,11,0.09241,-77.11,22.16,0.92,-487.68,138.05,33.33
2,12,0.10083,-80.87,23.23,1.17,-447.10,126.60,29.71
2,13,0.10962,-84.64,24.29,1.42,-428.47,121.10,28.47
2,14,0.11743,-88.32,25.33,1.62,-471.88,132.52,25.39
2,15,0.12573,-91.91,26.34,1.81,-431.62,121.52,23.16
2,16,0.13428,-95.42,27.31,1.92,-411.43,114.18,12.86
2,17,0.14258,-98.93,28.13,2.03,-422.79,98.21,12.87
2,18,0.15100,-102.30,28.67,2.03,-400.00,64.90,-0.36
2,19,0.15918,-105.66,29.14,2.02,-410.45,56.50,-0.37
2,20,0.16809,-108.43,29.51,1.97,-310.96,42.28,-5.48
2,21,0.17639,-111.26,29.90,1.93,-341.18,46.58,-5.88
2,22,0.18433,-113.82,30.25,1.89,-323.08,44.16,-5.00
2,23,0.19250,-116.38,30.60,1.85,-311.94,42.66,-4.48
2,24,0.20093,-118.73,30.92,1.82,-279.71,38.25,-2.90
2,25,0.20984,-121.09,31.24,1.80,-264.38,36.15,-2.74
2,26,0.21765,-123.44,31.56,1.78,-301.56,41.24,-3.12
2,27,0.22571,-125.79,31.88,1.75,-290.91,39.78,-3.03
2,28,0.23401,-127.95,32.18,1.75,-260.29,35.86,-0.37
2,29,0.24207,-130.08,32.48,1.75,-265.15,36.52,-0.38
2,30,0.25061,-131.81,32.71,1.76,-202.14,27.88,1.43
2,31,0.25952,-133.51,32.95,1.77,-191.10,26.44,1.37
2,32,0.26721,-134.83,33.13,1.79,-170.63,23.75,3.17
2,33,0.27551,-136.11,33.31,1.82,-154.41,21.52,3.31
2,34,0.28394,-136.96,33.43,1.86,-101.45,14.41,4.71
2,35,0.29236,-137.79,33.55,1.90,-98.55,13.92,4.71
2,36,0.30066,-138.17,33.61,1.96,-45.59,6.76,6.62
2,37,0.30896,-138.53,33.66,2.01,-43.38,6.54,6.62
2,38,0.31726,-138.54,33.67,2.08,-1.47,0.87,8.09
2,39,0.32556,-138.54,33.67,2.15,0.00,0.57,8.09
2,40,0.33411,-138.42,33.66,2.22,14.29,-1.24,8.93
2,41,0.34229,-138.29,33.65,2.30,16.42,-1.50,9.33
2,42,0.35059,-137.93,33.61,2.37,43.38,-5.33,9.19
2,43,0.35901,-137.55,33.56,2.45,44.20,-5.36,9.06
2,44,0.36792,-137.01,33.49,2.52,61.64,-7.81,7.53
2,45,0.37549,-136.45,33.42,2.58,73.39,-9.51,8.87
2,46,0.38403,-135.70,33.32,2.64,87.86,-11.58,6.79
2,47,0.39221,-134.94,33.22,2.70,93.28,-12.30,7.09
2,48,0.40076,-133.97,33.09,2.75,113.57,-15.03,5.71
2,49,0.40906,-132.98,32.96,2.80,119.12,-15.96,5.88
2,50,0.41736,-131.63,32.78,2.85,161.76,-21.85,5.88
2,51,0.42639,-130.19,32.58,2.90,159.46,-21.49,5.41
2,52,0.43408,-127.08,32.16,2.97,405.56,-55.10,9.92
2,53,0.44226,-123.93,31.73,3.05,384.33,-52.07,10.07
2,54,0.45068,-120.45,31.27,3.24,413.04,-55.18,22.10
2,55,0.45959,-116.99,30.81,3.43,388.36,-51.82,21.58
2,56,0.46729,-113.82,30.39,3.73,411.90,-53.64,38.10
2,57,0.47571,-110.68,29.99,4.03,373.19,-48.49,35.87
2,58,0.48401,-107.97,29.65,4.52,327.21,-40.52,58.82
2,59,0.49255,-105.26,29.32,5.01,316.43,-39.00,58.21
2,60,0.50073,-102.73,29.02,5.69,309.70,-36.14,82.46
2,61,0.50891,-100.24,28.73,6.35,304.48,-35.41,81.34
2,62,0.51721,-98.46,28.53,6.85,214.71,-24.78,60.29
2,63,0.52612,-96.72,28.26,7.34,194.52,-29.83,54.79
2,64,0.53394,-95.80,28.09,7.64,117.97,-22.22,37.50
2,65,0.54211,-94.86,27.91,7.94,114.93,-20.93,37.69
2,66,0.55042,-93.59,27.68,8.51,152.94,-27.79,68.38
2,67,0.55957,-92.32,27.43,9.09,138.67,-27.86,62.67
2,68,0.56714,-91.08,27.18,9.79,163.71,-33.29,93.55
2,69,0.57544,-89.84,26.91,10.52,149.26,-31.59,87.13
2,70,0.58398,-88.59,26.68,11.48,146.43,-26.92,112.86
2,71,0.59216,-87.38,26.47,12.44,148.51,-26.77,117.16
2,72,0.60046,-86.72,26.45,13.31,79.41,-2.41,105.51
2,73,0.60864,-86.11,26.39,14.13,73.88,-6.87,100.00
2,74,0.61707,-86.47,26.46,13.95,-42.75,8.73,-22.10
2,75,0.62646,-86.83,26.54,13.75,-38.31,7.67,-21.10
2,76,0.63428,-87.22,26.59,13.35,-49.22,6.77,-51.56
2,77,0.64221,-87.60,26.64,12.94,-48.46,6.46,-50.77
2,78,0.65076,-87.99,26.71,12.54,-45.00,7.69,-47.14
2,79,0.65955,-88.37,26.76,12.14,-43.75,5.72,-45.83
2,80,0.66736,-88.76,26.81,11.73,-49.22,6.47,-51.56
2,81,0.67566,-89.14,26.86,11.34,-46.32,6.30,-47.43
2,82,0.68420,-89.55,26.94,11.13,-47.86,10.13,-25.00
2,83,0.69238,-89.96,27.03,10.91,-50.00,9.87,-26.12
2,84,0.70081,-90.37,27.11,10.70,-48.55,9.56,-25.36
2,85,0.70911,-90.78,27.19,10.49,-49.26,10.01,-25.37
2,86,0.71753,-91.18,27.28,10.34,-47.83,10.59,-17.75
2,87,0.72632,-91.58,27.37,10.19,-45.83,9.88,-17.01
2,88,0.73425,-91.99,27.45,10.04,-50.77,11.22,-18.85
2,89,0.74243,-92.39,27.54,9.89,-49.25,10.74,-18.28
2,90,0.75098,-92.79,27.63,9.74,-47.14,9.95,-17.50
2,91,0.76001,-93.19,27.71,9.59,-43.92,8.93,-16.22
2,92,0.76770,-93.54,27.78,9.49,-46.03,9.62,-13.10
2,93,0.77600,-93.88,27.85,9.40,-41.18,8.50,-11.76
2,94,0.78430,-94.23,27.92,9.30,-41.18,8.18,-11.76
2,95,0.79260,-94.56,27.99,9.21,-40.44,7.91,-11.03
2,96,0.80090,-94.81,28.04,9.19,-29.41,6.25,-2.57
2,97,0.80981,-95.05,28.09,9.16,-27.40,5.60,-2.40
2,98,0.81763,-95.29,28.14,9.14,-31.25,6.26,-2.73
2,99,0.82629,-95.54,28.19,9.12,-28.17,5.65,-2.46
2,100,0.83423,-95.78,28.23,9.10,-30.77,5.93,-2.69
2,101,0.84241,-96.03,28.28,9.08,-29.85,5.68,-2.61
2,102,0.85083,-96.27,28.32,9.06,-28.99,5.29,-2.54
2,103,0.85962,-96.51,28.37,9.04,-27.78,5.08,-2.43
2,104,0.86743,-96.70,28.40,9.03,-23.44,4.16,-1.17
2,105,0.87585,-96.88,28.43,9.02,-21.74,3.80,-1.09
2,106,0.88428,-97.06,28.46,9.01,-21.74,3.80,-1.09
2,107,0.89258,-97.25,28.50,9.00,-22.06,3.74,-1.10
2,108,0.90112,-97.43,28.53,8.99,-21.43,3.60,-1.07
2,109,0.90991,-97.61,28.56,8.98,-20.83,3.39,-1.04
2,110,0.91797,-97.80,28.59,8.97,-22.73,3.67,-1.14
2,111,0.92676,-97.98,28.61,8.96,-20.83,3.22,-1.04
2,112,0.93469,-98.16,28.64,8.95,-23.08,3.61,-1.15
2,113,0.94287,-98.35,28.67,8.94,-22.39,3.31,-1.12
2,114,0.95129,-98.53,28.70,8.94,-21.74,3.25,-1.09
2,115,0.96021,-98.71,28.72,8.93,-19.86,2.80,-1.03
2,116,0.96802,-98.84,28.74,8.92,-17.19,2.45,-0.78
2,117,0.97632,-98.97,28.76,8.91,-16.18,2.19,-0.74
2,118,0.98474,-99.11,28.78,8.91,-15.94,2.18,-0.72
2,119,0.99316,-99.24,28.80,8.90,-15.94,2.17,-0.72
2,120,1.00183,-99.38,28.81,8.90,-15.49,2.11,-0.70
2,121,1.01013,-99.51,28.83,8.89,-16.18,2.20,-0.74
2,122,1.01868,-99.65,28.85,8.88,-15.71,2.05,-0.71
2,123,1.02600,-99.78,28.87,8.88,-18.33,2.39,-0.83
2,124,1.03455,-99.91,28.89,8.87,-15.71,2.14,-0.71
2,125,1.04272,-100.06,28.91,8.87,-17.91,2.44,-0.75
2,126,1.05115,-100.32,28.94,8.87,-30.43,4.14,0.00
2,127,1.05969,-100.59,28.98,8.87,-32.14,4.46,0.00
2,128,1.06836,-101.06,29.05,8.89,-54.23,7.71,2.46
2,129,1.07605,-101.54,29.11,8.92,-62.70,8.90,3.97
2,130,1.08447,-102.14,29.21,9.04,-71.01,11.02,14.86
2,131,1.09290,-102.74,29.30,9.17,-71.01,10.83,14.86
2,132,1.10107,-103.34,29.39,9.29,-73.13,11.35,15.30
2,133,1.10913,-103.93,29.48,9.43,-73.48,11.56,17.42
2,134,1.11768,-104.47,29.58,9.73,-62.86,11.34,34.29
2,135,1.12659,-104.99,29.68,10.03,-58.22,10.82,34.59
2,136,1.13428,-105.35,29.76,10.49,-47.62,11.07,58.73
2,137,1.14246,-105.69,29.85,10.96,-41.79,10.34,57.46
2,138,1.15088,-105.80,29.91,11.60,-12.32,7.77,76.45
2,139,1.15967,-105.85,29.97,12.25,-6.25,6.71,73.61
2,140,1.16760,-105.44,29.97,12.92,51.54,-0.50,84.62
2,141,1.17664,-104.99,29.96,13.57,50.68,-1.23,72.64
2,142,1.18433,-104.06,29.87,14.10,120.63,-11.17,67.86
2,143,1.19250,-103.09,29.78,14.60,117.91,-11.27,61.94
2,144,1.20105,-101.81,29.63,14.99,150.00,-17.09,45.36
2,145,1.20996,-100.51,29.48,15.36,145.89,-16.72,41.78
2,146,1.21838,-99.05,29.30,15.60,173.91,-21.72,28.62
2,147,1.22668,-97.58,29.12,15.84,176.47,-21.95,29.04
2,148,1.23462,-96.12,28.94,16.09,184.62,-23.06,30.38
2,149,1.24280,-94.65,28.75,16.33,179.10,-23.13,29.48
2,150,1.25122,-93.19,28.51,16.57,173.91,-28.55,28.62
2,151,1.26086,-91.74,28.23,16.80,150.63,-28.50,24.37
2,152,1.26880,-90.29,27.92,16.99,182.31,-39.72,23.85
2,153,1.27698,-88.96,27.59,17.17,162.69,-39.97,21.27
2,154,1.28467,-87.71,27.25,17.32,161.90,-43.54,20.24
2,155,1.29285,-86.49,26.91,17.47,149.25,-41.85,18.66
2,156,1.30127,-85.39,26.60,17.61,131.16,-36.59,16.30
2,157,1.31042,-84.31,26.38,17.75,118.00,-24.79,14.67
2,158,1.31885,-83.37,26.14,17.87,110.87,-28.45,14.86
2,159,1.32703,-82.48,25.91,17.99,109.70,-28.16,14.93
2,160,1.33459,-81.76,25.72,18.11,95.16,-24.07,15.32
2,161,1.34290,-81.07,25.55,18.23,82.35,-20.65,13.97
2,162,1.35132,-80.59,25.44,18.34,57.25,-13.83,13.41
2,163,1.36060,-80.14,25.33,18.45,48.68,-11.82,12.17
2,164,1.36914,-79.81,25.25,18.57,38.57,-8.62,13.57
2,165,1.37756,-79.48,25.18,18.68,39.13,-8.99,13.77
2,166,1.38574,-79.15,25.10,18.80,40.30,-9.06,14.18
2,167,1.39355,-78.85,25.04,18.91,39.06,-8.68,14.45
2,168,1.40173,-78.65,25.00,19.02,23.88,-4.79,13.81
2,169,1.41077,-78.45,24.96,19.14,21.62,-4.16,12.50
2,170,1.41919,-78.26,24.92,19.25,23.19,-4.65,13.41
2,171,1.42712,-78.08,24.89,19.36,22.31,-4.30,14.23
2,172,1.43481,-78.00,24.88,19.47,11.11,-1.12,13.49
2,173,1.44312,-77.91,24.87,19.57,10.29,-1.18,12.50
2,174,1.45154,-77.83,24.86,19.67,10.14,-1.21,12.32
2,175,1.46057,-77.74,24.85,19.78,9.46,-0.95,11.49
2,176,1.46887,-77.66,24.84,19.88,10.29,-1.18,12.50
2,177,1.47717,-77.58,24.83,19.98,8.82,-1.06,11.76
2,178,1.48474,-77.58,24.84,20.05,0.00,1.50,9.68
2,179,1.49316,-77.58,24.85,20.13,0.00,1.28,8.70
2,180,1.50134,-77.58,24.86,20.20,0.00,1.13,8.96
2,181,1.51123,-77.58,24.87,20.27,0.00,0.98,7.41
2,182,1.51978,-77.58,24.88,20.35,0.00,1.18,8.93
2,183,1.52686,-77.58,24.89,20.43,0.00,1.36,10.78
2,184,1.53442,-77.58,24.90,20.50,0.00,1.43,9.68
2,185,1.54272,-77.58,24.91,20.56,0.00,0.96,7.72
2,186,1.55127,-77.60,24.92,20.60,-2.14,1.05,3.93
2,187,1.56030,-77.62,24.93,20.63,-2.03,1.17,3.72
2,188,1.56860,-77.64,24.94,20.66,-2.21,1.08,4.04
3,0,0.00000,0.00,0.00,0.00,-2084.78,-89.79,2002.17
3,1,0.00903,-17.56,-0.76,16.86,-1943.92,-83.73,1866.89
3,2,0.01660,-22.90,-0.98,21.85,-705.24,-29.93,658.87
3,3,0.02502,-28.23,-1.21,26.84,-633.70,-26.90,592.03
3,4,0.03333,-32.50,-1.39,30.83,-513.24,-21.81,480.51
3,5,0.04187,-36.76,-1.57,34.81,-498.57,-21.18,466.79
3,6,0.05066,-40.16,-1.72,38.06,-387.85,-16.61,368.75
3,7,0.05847,-43.57,-1.86,41.30,-436.33,-18.70,414.84
3,8,0.06702,-46.59,-2.00,44.54,-352.86,-16.18,380.00
3,9,0.07520,-49.60,-2.14,47.79,-368.66,-16.91,397.01
3,10,0.08350,-52.38,-2.27,50.83,-334.93,-15.49,365.81
3,11,0.09204,-55.16,-2.40,53.86,-325.36,-15.05,355.36
3,12,0.10107,-57.72,-2.52,56.65,-282.77,-13.05,308.11
3,13,0.10938,-60.27,-2.63,59.43,-307.72,-14.21,335.29
3,14,0.11707,-62.73,-2.75,62.04,-319.84,-14.56,339.68
3,15,0.12561,-65.19,-2.57,64.65,-287.50,20.76,305.71
3,16,0.13379,-67.66,-2.29,67.16,-301.87,33.88,305.97
3,17,0.14221,-70.13,-2.01,69.66,-293.12,32.95,297.10
3,18,0.15112,-72.57,-1.75,71.98,-273.97,29.08,260.96
3,19,0.15881,-75.01,-1.49,74.31,-317.46,33.79,302.38
3,20,0.16699,-77.05,-1.28,76.19,-249.63,25.73,229.48
3,21,0.17566,-79.09,-1.07,78.06,-235.56,24.24,216.55
3,22,0.18372,-80.98,-0.88,79.81,-233.71,24.23,216.29
3,23,0.19226,-82.86,-0.68,81.55,-220.36,22.80,203.93
3,24,0.20044,-84.58,-0.50,83.15,-210.45,21.96,196.27
3,25,0.20947,-86.30,-0.32,84.76,-190.54,19.84,177.70
3,26,0.21716,-88.02,-0.15,86.36,-223.81,23.36,208.73
3,27,0.22559,-89.74,0.03,87.97,-204.35,21.28,190.58
3,28,0.23389,-91.31,0.20,89.46,-188.97,20.08,179.41
3,29,0.24231,-92.88,0.37,90.95,-186.23,19.70,176.81
3,30,0.25110,-94.12,0.50,92.15,-141.32,15.24,136.46
3,31,0.25903,-95.36,0.63,93.35,-156.54,16.83,151.15
3,32,0.26721,-96.30,0.80,94.27,-113.81,19.82,112.69
3,33,0.27563,-97.23,0.86,95.19,-110.51,7.83,109.42
3,34,0.28394,-97.82,0.90,95.81,-71.32,4.21,74.63
3,35,0.29224,-98.41,0.93,96.43,-71.32,4.51,74.63
3,36,0.30066,-98.65,0.94,96.73,-27.90,1.01,35.87
3,37,0.30957,-98.88,0.95,97.03,-26.37,1.29,33.90
3,38,0.31726,-98.84,0.96,97.09,5.16,0.40,7.14
3,39,0.32568,-98.80,0.96,97.14,4.71,0.56,6.52
3,40,0.33398,-98.66,0.97,97.12,16.91,0.39,-3.31
3,41,0.34241,-98.52,0.97,97.09,16.67,0.33,-3.26
3,42,0.35046,-98.21,0.97,96.89,39.02,-0.35,-24.24
3,43,0.35901,-97.89,0.96,96.70,36.79,-0.80,-22.86
3,44,0.36731,-97.45,0.94,96.37,53.31,-2.04,-39.71
3,45,0.37573,-97.01,0.92,96.04,52.54,-2.98,-39.13
3,46,0.38391,-96.42,0.87,95.56,71.27,-5.37,-58.21
3,47,0.39233,-95.84,0.81,95.09,69.20,-6.97,-56.52
3,48,0.40063,-95.10,0.73,94.45,88.60,-10.39,-76.10
3,49,0.40967,-94.37,0.64,93.82,81.76,-10.09,-69.93
3,50,0.41724,-93.36,0.50,92.93,132.66,-18.62,-117.74
3,51,0.42566,-92.36,0.47,92.04,119.57,-3.13,-106.16
3,52,0.43396,-90.05,0.23,89.94,278.31,-28.40,-252.94
3,53,0.44238,-87.73,-0.00,87.84,274.28,-27.94,-249.28
3,54,0.45117,-85.09,-0.26,85.57,301.04,-29.13,-257.64
3,55,0.45886,-82.44,-0.51,83.31,344.05,-33.19,-294.44
3,56,0.46729,-79.95,-0.74,81.34,296.38,-26.71,-234.42
3,57,0.47571,-77.45,-0.96,79.36,296.38,-26.75,-234.42
3,58,0.48389,-75.15,-1.14,77.84,281.34,-21.67,-185.82
3,59,0.49219,-72.85,-1.32,76.32,277.21,-21.40,-183.09
3,60,0.50049,-70.55,-1.47,75.06,277.21,-18.31,-151.84
3,61,0.50964,-68.25,-1.62,73.80,251.00,-16.52,-137.33
3,62,0.51709,-66.61,-1.73,72.94,219.67,-14.06,-116.39
3,63,0.52551,-64.98,-1.83,72.07,194.20,-12.48,-102.90
3,64,0.53394,-64.11,-1.88,71.65,103.26,-6.23,-50.36
3,65,0.54224,-63.24,-1.94,71.22,104.78,-6.27,-51.10
3,66,0.55042,-61.93,-2.00,70.76,160.45,-7.47,-57.09
3,67,0.55884,-60.61,-2.06,70.29,155.80,-7.30,-55.43
3,68,0.56702,-59.23,-2.11,69.95,169.40,-6.07,-41.79
3,69,0.57556,-57.84,-2.16,69.60,162.14,-5.86,-40.00
3,70,0.58362,-56.27,-2.19,69.44,194.70,-4.22,-20.45
3,71,0.59216,-54.71,-2.23,69.27,183.57,-4.03,-19.29
3,72,0.60083,-53.62,-2.22,69.45,125.00,0.65,20.42
3,73,0.60876,-52.54,-2.22,69.63,136.54,0.66,22.31
3,74,0.61694,-52.93,-2.20,69.74,-47.76,1.90,13.81
3,75,0.62537,-53.32,-2.18,69.85,-46.38,1.89,13.41
3,76,0.63379,-53.88,-2.18,69.83,-65.94,0.40,-3.26
3,77,0.64209,-54.43,-2.18,69.80,-66.91,0.45,-3.31
3,78,0.65076,-54.99,-2.17,69.77,-64.08,0.43,-3.17
3,79,0.65869,-55.54,-2.17,69.74,-70.00,0.42,-3.46
3,80,0.66760,-56.10,-2.17,69.72,-62.33,0.42,-3.08
3,81,0.67554,-56.65,-2.16,69.69,-70.00,0.42,-3.46
3,82,0.68359,-57.10,-2.14,69.82,-55.30,2.20,15.91
3,83,0.69202,-57.54,-2.13,69.95,-52.90,2.15,15.22
3,84,0.70081,-57.99,-2.11,70.07,-50.69,2.01,14.58
3,85,0.70874,-58.44,-2.09,70.20,-56.15,2.23,16.15
3,86,0.71704,-58.83,-2.07,70.37,-47.43,2.59,20.22
3,87,0.72559,-59.22,-2.05,70.54,-46.07,2.47,19.64
3,88,0.73389,-59.62,-2.03,70.71,-47.43,2.59,20.22
3,89,0.74231,-60.01,-2.01,70.87,-46.74,2.50,19.93
3,90,0.75061,-60.40,-1.99,71.04,-47.43,2.54,20.22
3,91,0.75903,-60.80,-1.96,71.21,-46.74,2.55,19.93
3,92,0.76819,-61.11,-1.94,71.37,-34.33,2.13,18.00
3,93,0.77576,-61.43,-1.92,71.54,-41.94,2.72,22.18
3,94,0.78406,-61.74,-1.90,71.71,-37.87,2.39,19.85
3,95,0.79248,-62.06,-1.88,71.87,-37.32,2.40,19.57
3,96,0.80078,-62.25,-1.87,72.03,-23.16,2.12,18.75
3,97,0.80981,-62.44,-1.85,72.18,-21.28,1.94,17.23
3,98,0.81750,-62.63,-1.83,72.34,-25.00,2.33,20.24
3,99,0.82581,-62.83,-1.81,72.49,-23.16,2.12,18.75
3,100,0.83398,-63.02,-1.80,72.65,-23.51,2.19,19.03
3,101,0.84253,-63.21,-1.78,72.81,-22.50,2.05,18.21
3,102,0.85071,-63.40,-1.76,72.96,-23.51,2.15,19.03
3,103,0.85913,-63.60,-1.74,73.12,-22.83,2.09,18.48
3,104,0.86804,-63.73,-1.73,73.24,-15.41,1.49,13.36
3,105,0.87585,-63.87,-1.72,73.36,-17.58,1.75,15.23
3,106,0.88416,-64.01,-1.70,73.47,-16.54,1.60,14.34
3,107,0.89258,-64.14,-1.69,73.59,-16.30,1.58,14.13
3,108,0.90125,-64.28,-1.68,73.71,-15.85,1.58,13.73
3,109,0.90918,-64.42,-1.66,73.83,-17.31,1.67,15.00
3,110,0.91748,-64.56,-1.65,73.95,-16.54,1.65,14.34
3,111,0.92590,-64.69,-1.63,74.07,-16.30,1.58,14.13
3,112,0.93420,-64.83,-1.62,74.19,-16.54,1.65,14.34
3,113,0.94263,-64.97,-1.61,74.31,-16.30,1.58,14.13
3,114,0.95081,-65.11,-1.59,74.43,-16.79,1.62,14.55
3,115,0.95923,-65.24,-1.58,74.55,-16.30,1.62,14.13
3,116,0.96790,-65.34,-1.57,74.63,-11.62,1.13,10.21
3,117,0.97583,-65.44,-1.56,74.72,-12.69,1.28,11.15
3,118,0.98425,-65.55,-1.55,74.81,-11.96,1.16,10.51
3,119,0.99268,-65.65,-1.54,74.90,-11.96,1.16,10.51
3,120,1.00134,-65.75,-1.53,74.99,-11.62,1.18,10.21
3,121,1.00940,-65.85,-1.52,75.08,-12.50,1.22,10.98
3,122,1.01746,-65.95,-1.51,75.16,-12.50,1.26,10.98
3,123,1.02588,-66.05,-1.50,75.25,-11.96,1.16,10.51
3,124,1.03430,-66.15,-1.49,75.34,-11.96,1.16,10.51
3,125,1.04272,-66.25,-1.48,75.43,-12.32,1.21,10.51
3,126,1.05090,-66.44,-1.46,75.61,-22.76,2.40,21.64
3,127,1.05933,-66.63,-1.44,75.78,-22.10,2.33,21.01
3,128,1.06824,-66.95,-1.40,76.12,-36.30,4.24,38.01
3,129,1.07593,-67.27,-1.37,76.46,-42.06,4.86,44.05
3,130,1.08423,-67.62,-1.31,76.96,-41.91,6.45,60.29
3,131,1.09265,-67.97,-1.26,77.46,-41.30,6.35,59.42
3,132,1.10107,-68.32,-1.21,77.96,-41.30,6.40,59.42
3,133,1.10986,-68.66,-1.15,78.47,-39.24,6.21,57.29
3,134,1.11755,-68.85,-1.09,79.06,-24.60,7.96,77.38
3,135,1.12598,-69.03,-1.03,79.64,-21.38,7.15,69.20
3,136,1.13428,-68.98,-0.97,80.22,5.51,6.91,69.85
3,137,1.14270,-68.93,-0.92,80.80,6.52,6.80,68.84
3,138,1.15112,-68.56,-0.87,81.34,43.84,5.82,63.77
3,139,1.15942,-68.18,-0.82,81.87,45.96,5.83,63.60
3,140,1.16821,-67.42,-0.81,82.07,86.11,1.38,23.26
3,141,1.17603,-66.66,-0.80,82.27,98.05,1.33,24.61
3,142,1.18445,-65.62,-0.83,82.00,122.46,-4.56,-31.52
3,143,1.19275,-64.59,-0.87,81.73,125.00,-4.70,-33.09
3,144,1.20105,-63.39,-0.95,81.12,143.75,-8.81,-72.43
3,145,1.20947,-62.20,-1.02,80.52,141.67,-8.76,-72.10
3,146,1.21838,-60.97,-1.12,79.68,137.67,-10.93,-93.84
3,147,1.22620,-59.74,-1.22,78.84,158.59,-12.60,-108.20
3,148,1.23450,-58.51,-1.31,78.00,147.79,-11.69,-100.74
3,149,1.24280,-57.28,-1.41,77.16,147.79,-11.74,-100.74
3,150,1.25098,-56.05,-1.51,76.33,150.00,-11.86,-102.24
3,151,1.25952,-54.83,-1.60,75.49,142.86,-11.36,-97.50
3,152,1.26843,-53.73,-1.70,74.69,123.63,-10.35,-90.07
3,153,1.27612,-52.64,-1.79,73.89,142.46,-12.04,-104.37
3,154,1.28442,-51.63,-1.87,73.14,121.32,-10.33,-89.71
3,155,1.29285,-50.63,-1.96,72.40,119.20,-10.10,-88.04
3,156,1.30127,-49.73,-2.04,71.74,106.52,-9.09,-78.99
3,157,1.31018,-48.84,-2.11,71.08,100.00,-8.52,-73.97
3,158,1.31775,-48.06,-2.18,70.51,103.23,-8.66,-75.00
3,159,1.32617,-47.30,-2.24,69.96,89.49,-7.44,-64.86
3,160,1.33435,-46.70,-2.29,69.55,73.88,-5.93,-50.75
3,161,1.34277,-46.11,-2.34,69.15,70.29,-5.60,-47.83
3,162,1.35107,-45.68,-2.37,68.90,51.10,-3.57,-30.15
3,163,1.35999,-45.26,-2.39,68.65,46.92,-3.25,-27.40
3,164,1.36768,-44.95,-2.41,68.51,41.27,-2.31,-18.65
3,165,1.37610,-44.63,-2.43,68.37,37.68,-2.15,-17.03
3,166,1.38452,-44.31,-2.45,68.22,37.68,-2.11,-17.03
3,167,1.39294,-44.00,-2.47,68.08,36.96,-2.03,-16.30
3,168,1.40137,-43.78,-2.47,68.03,26.09,-0.97,-6.52
3,169,1.40955,-43.56,-2.48,67.97,26.87,-0.95,-6.72
3,170,1.41797,-43.34,-2.49,67.92,26.09,-0.97,-6.52
3,171,1.42627,-43.12,-2.50,67.87,26.10,-0.86,-5.88
3,172,1.43457,-42.99,-2.49,67.89,16.18,0.44,1.84
3,173,1.44299,-42.86,-2.49,67.90,15.94,0.27,1.81
3,174,1.45117,-42.72,-2.49,67.92,16.42,0.28,1.87
3,175,1.46008,-42.59,-2.49,67.93,15.07,0.27,1.71
3,176,1.46790,-42.45,-2.48,67.95,17.19,0.30,1.95
3,177,1.47632,-42.32,-2.48,67.97,15.22,0.32,2.17
3,178,1.48450,-42.27,-2.48,68.02,6.34,0.76,6.34
3,179,1.49304,-42.22,-2.48,68.07,6.07,-0.02,6.07
3,180,1.50146,-42.17,-2.48,68.12,6.16,-0.02,6.16
3,181,1.50977,-42.12,-2.48,68.17,6.25,-0.03,6.25
3,182,1.51807,-42.07,-2.47,68.23,6.25,0.26,6.25
3,183,1.52698,-42.01,-2.47,68.28,5.82,0.50,5.82
3,184,1.53491,-41.96,-2.46,68.33,6.54,0.56,6.54
3,185,1.54309,-41.91,-2.46,68.38,5.97,0.54,6.34
3,186,1.55139,-41.90,-2.46,68.42,1.10,0.45,4.41
3,187,1.56042,-41.89,-2.45,68.45,1.01,0.37,4.05
3,188,1.56824,-41.89,-2.45,68.49,1.17,0.48,4.69
4,0,0.00000,0.00,0.00,0.00,-1861.97,-172.46,-2103.52
4,1,0.00806,-16.14,-1.51,-18.23,-2003.03,-187.01,-2262.88
4,2,0.01636,-20.90,-1.95,-23.77,-574.26,-53.93,-666.91
4,3,0.02478,-25.67,-2.40,-29.30,-565.94,-53.15,-657.25
4,4,0.03308,-29.48,-2.48,-33.72,-459.19,-9.65,-532.35
4,5,0.04138,-33.29,-2.56,-38.14,-459.19,-9.68,-532.35
4,6,0.04968,-36.40,-2.63,-41.68,-373.53,-8.04,-426.10
4,7,0.05798,-39.50,-2.70,-45.21,-373.53,-8.06,-426.10
4,8,0.06641,-42.62,-2.77,-48.36,-370.65,-9.27,-373.55
4,9,0.07483,-45.74,-2.76,-51.51,-370.65,1.48,-373.55
4,10,0.08337,-48.66,-2.93,-54.41,-341.79,-19.59,-339.29
4,11,0.09131,-51.58,-3.00,-57.31,-368.08,-9.53,-365.38
4,12,0.09973,-54.26,-3.07,-59.97,-317.75,-8.19,-316.67
4,13,0.10815,-56.93,-3.14,-62.64,-317.75,-8.20,-316.67
4,14,0.11646,-59.45,-3.21,-65.20,-302.57,-7.63,-308.82
4,15,0.12488,-61.96,-3.27,-67.77,-298.19,-7.50,-304.35
4,16,0.13293,-64.36,-3.33,-70.33,-298.11,-7.13,-318.56
4,17,0.14124,-66.76,-3.38,-72.90,-289.34,-6.93,-309.19
4,18,0.14966,-68.98,-3.43,-75.44,-264.13,-5.81,-301.09
4,19,0.15808,-71.21,-3.48,-77.97,-264.13,-5.83,-301.09
4,20,0.16650,-73.00,-3.52,-80.09,-212.68,-4.45,-251.09
4,21,0.17480,-74.79,-3.56,-82.20,-215.81,-4.53,-254.78
4,22,0.18311,-76.46,-3.59,-84.16,-200.37,-4.24,-235.29
4,23,0.19153,-78.12,-3.63,-86.11,-197.46,-4.17,-231.88
4,24,0.19995,-79.65,-3.66,-87.89,-182.25,-3.91,-211.96
4,25,0.20825,-81.19,-3.69,-89.68,-184.93,-3.96,-215.07
4,26,0.21643,-82.72,-3.73,-91.46,-187.69,-4.02,-218.28
4,27,0.22510,-84.26,-3.76,-93.25,-177.11,-3.79,-205.99
4,28,0.23328,-85.68,-3.79,-94.88,-174.25,-3.83,-198.88
4,29,0.24146,-87.11,-3.82,-96.50,-174.25,-3.83,-198.88
4,30,0.24976,-88.26,-3.85,-97.79,-138.24,-3.12,-155.15
4,31,0.25793,-89.40,-3.87,-99.08,-140.30,-3.16,-157.46
4,32,0.26636,-90.29,-3.89,-100.05,-104.71,-2.42,-114.86
4,33,0.27490,-91.17,-3.91,-101.01,-103.21,-2.41,-113.21
4,34,0.28320,-91.76,-3.93,-101.63,-71.69,-1.75,-74.26
4,35,0.29138,-92.36,-3.94,-102.25,-72.76,-1.80,-75.37
4,36,0.29980,-92.65,-3.95,-102.49,-34.42,-1.04,-29.35
4,37,0.30811,-92.94,-3.96,-102.74,-34.93,-1.03,-29.78
4,38,0.31665,-93.00,-3.97,-102.70,-6.79,-0.46,4.29
4,39,0.32495,-93.05,-3.97,-102.67,-6.99,-0.45,4.41
4,40,0.33325,-93.03,-3.97,-102.53,2.57,-0.31,16.91
4,41,0.34143,-93.01,-3.97,-102.39,2.61,-0.33,17.16
4,42,0.34985,-92.83,-3.97,-102.06,21.38,0.12,38.41
4,43,0.35815,-92.65,-3.97,-101.74,21.69,0.11,38.97
4,44,0.36646,-92.34,-3.97,-101.28,37.50,0.48,54.78
4,45,0.37500,-92.03,-3.96,-100.83,36.43,0.51,53.21
4,46,0.38318,-91.58,-3.96,-100.23,55.22,0.94,73.88
4,47,0.39160,-91.13,-3.95,-99.62,53.62,0.88,71.74
4,48,0.39990,-90.52,-3.94,-98.86,72.43,1.36,91.91
4,49,0.40820,-89.92,-3.93,-98.10,72.43,1.35,91.91
4,50,0.41663,-89.07,-3.91,-97.06,101.09,2.01,123.55
4,51,0.42505,-88.22,-3.89,-96.01,101.09,2.01,123.55
4,52,0.43359,-86.22,-3.85,-93.62,234.29,4.83,280.36
4,53,0.44165,-84.22,-3.81,-91.22,248.48,5.08,297.35
4,54,0.44971,-82.06,-3.77,-88.49,267.42,5.02,339.39
4,55,0.45813,-79.91,-3.73,-85.75,255.80,4.76,324.64
4,56,0.46643,-78.03,-3.70,-83.18,225.74,3.61,310.29
4,57,0.47571,-76.16,-3.67,-80.60,201.97,3.19,277.63
4,58,0.48328,-74.73,-3.66,-78.24,188.31,1.61,311.69
4,59,0.49146,-73.31,-3.65,-75.89,174.25,1.48,288.43
4,60,0.50000,-72.14,-3.65,-73.54,136.43,-0.11,275.00
4,61,0.50806,-70.98,-3.65,-71.19,144.70,-0.14,291.67
4,62,0.51672,-70.18,-3.65,-69.52,92.25,-0.26,192.61
4,63,0.52490,-69.38,-3.65,-67.85,97.76,-0.27,204.10
4,64,0.53320,-68.99,-3.66,-66.96,46.69,-0.39,106.62
4,65,0.54150,-68.60,-3.66,-66.08,46.69,-0.36,106.62
4,66,0.54968,-68.19,-3.67,-64.75,50.75,-1.62,162.69
4,67,0.55811,-67.77,-3.69,-63.42,49.28,-1.59,157.97
4,68,0.56641,-67.49,-3.71,-62.02,34.19,-2.62,168.38
4,69,0.57495,-67.21,-3.73,-60.62,33.21,-2.57,163.57
4,70,0.58313,-67.11,-3.77,-59.05,12.31,-4.41,192.54
4,71,0.59167,-67.00,-3.80,-57.47,11.79,-4.23,184.29
4,72,0.60022,-67.22,-3.84,-56.40,-25.71,-4.61,125.71
4,73,0.60815,-67.44,-3.88,-55.32,-27.69,-4.99,135.38
4,74,0.61694,-67.54,-3.88,-55.72,-11.11,0.59,-44.79
4,75,0.62549,-67.64,-3.87,-56.11,-11.43,0.62,-46.07
4,76,0.63354,-67.59,-3.85,-56.67,6.06,2.12,-68.94
4,77,0.64185,-67.54,-3.84,-57.22,5.88,2.06,-66.91
4,78,0.65027,-67.49,-3.82,-57.78,5.80,2.04,-65.94
4,79,0.65833,-67.44,-3.80,-58.33,6.06,2.11,-68.94
4,80,0.66663,-67.40,-3.78,-58.89,5.88,2.06,-66.91
4,81,0.67517,-67.35,-3.77,-59.44,5.71,2.02,-65.00
4,82,0.68335,-67.46,-3.76,-59.89,-13.43,0.73,-54.85
4,83,0.69177,-67.57,-3.76,-60.34,-13.04,0.72,-53.26
4,84,0.69971,-67.68,-3.75,-60.79,-13.85,0.77,-56.54
4,85,0.70825,-67.79,-3.74,-61.24,-12.86,0.69,-52.50
4,86,0.71667,-67.94,-3.74,-61.64,-18.12,0.31,-47.83
4,87,0.72546,-68.09,-3.74,-62.04,-17.36,0.30,-45.49
4,88,0.73328,-68.24,-3.74,-62.44,-19.53,0.31,-51.17
4,89,0.74158,-68.40,-3.73,-62.84,-18.38,0.33,-48.16
4,90,0.75000,-68.55,-3.73,-63.24,-18.12,0.31,-47.46
4,91,0.75830,-68.70,-3.73,-63.64,-18.38,0.29,-48.16
4,92,0.76672,-68.85,-3.73,-63.96,-18.12,0.07,-38.04
4,93,0.77515,-69.01,-3.73,-64.28,-18.12,0.05,-38.04
4,94,0.78333,-69.16,-3.73,-64.60,-18.66,0.07,-39.18
4,95,0.79138,-69.31,-3.73,-64.92,-18.94,0.05,-39.77
4,96,0.79980,-69.46,-3.73,-65.12,-17.39,-0.27,-23.55
4,97,0.80823,-69.60,-3.73,-65.32,-17.39,-0.30,-23.55
4,98,0.81689,-69.75,-3.73,-65.52,-16.90,-0.27,-22.89
4,99,0.82495,-69.90,-3.74,-65.71,-18.18,-0.30,-24.62
4,100,0.83325,-70.04,-3.74,-65.91,-17.65,-0.30,-23.90
4,101,0.84155,-70.19,-3.74,-66.11,-17.65,-0.28,-23.90
4,102,0.84998,-70.34,-3.74,-66.31,-17.39,-0.29,-23.55
4,103,0.85828,-70.48,-3.74,-66.51,-17.65,-0.29,-23.90
4,104,0.86646,-70.60,-3.75,-66.65,-14.18,-0.29,-17.54
4,105,0.87488,-70.72,-3.75,-66.79,-13.77,-0.24,-17.03
4,106,0.88330,-70.83,-3.75,-66.94,-13.77,-0.28,-17.03
4,107,0.89160,-70.95,-3.75,-67.08,-13.97,-0.26,-17.28
4,108,0.89990,-71.06,-3.76,-67.22,-13.97,-0.29,-17.28
4,109,0.90820,-71.18,-3.76,-67.37,-13.97,-0.26,-17.28
4,110,0.91711,-71.30,-3.76,-67.51,-13.01,-0.26,-16.10
4,111,0.92517,-71.41,-3.76,-67.65,-14.39,-0.27,-17.80
4,112,0.93359,-71.53,-3.77,-67.80,-13.77,-0.29,-17.03
4,113,0.94153,-71.64,-3.77,-67.94,-14.62,-0.27,-18.08
4,114,0.94983,-71.76,-3.77,-68.08,-13.97,-0.27,-17.28
4,115,0.95850,-71.88,-3.77,-68.23,-13.38,-0.27,-16.55
4,116,0.96680,-71.96,-3.77,-68.33,-10.29,-0.20,-12.87
4,117,0.97522,-72.05,-3.78,-68.44,-10.14,-0.19,-12.68
4,118,0.98340,-72.13,-3.78,-68.55,-10.45,-0.19,-13.06
4,119,0.99158,-72.22,-3.78,-68.66,-10.45,-0.21,-13.06
4,120,1.00000,-72.30,-3.78,-68.76,-10.14,-0.19,-12.68
4,121,1.00879,-72.39,-3.78,-68.87,-9.72,-0.19,-12.15
4,122,1.01709,-72.47,-3.78,-68.98,-10.29,-0.18,-12.87
4,123,1.02527,-72.56,-3.79,-69.08,-10.45,-0.22,-13.06
4,124,1.03333,-72.64,-3.79,-69.19,-10.61,-0.20,-13.26
4,125,1.04163,-72.73,-3.79,-69.30,-10.29,-0.18,-12.87
4,126,1.05054,-72.90,-3.79,-69.49,-18.84,-0.41,-21.58
4,127,1.05859,-73.07,-3.80,-69.68,-20.83,-0.46,-23.86
4,128,1.06702,-73.39,-3.80,-70.02,-38.41,-0.94,-39.86
4,129,1.07544,-73.71,-3.81,-70.35,-38.41,-0.93,-39.86
4,130,1.08350,-74.20,-3.83,-70.72,-60.61,-1.98,-45.45
4,131,1.09167,-74.69,-3.84,-71.08,-59.70,-1.93,-44.78
4,132,1.09998,-75.18,-3.86,-71.45,-58.82,-1.91,-44.12
4,133,1.10852,-75.67,-3.87,-71.82,-57.14,-1.83,-42.86
4,134,1.11707,-76.24,-3.90,-72.02,-67.14,-2.84,-24.29
4,135,1.12561,-76.81,-3.92,-72.23,-67.14,-2.86,-24.29
4,136,1.13330,-77.40,-3.95,-72.21,-75.79,-3.99,2.78
4,137,1.14160,-77.98,-3.99,-72.19,-70.22,-3.71,2.57
4,138,1.14978,-78.53,-4.02,-71.84,-67.54,-4.64,42.54
4,139,1.15833,-79.08,-4.06,-71.49,-64.64,-4.44,40.71
4,140,1.16687,-79.32,-4.09,-70.75,-27.50,-3.70,87.50
4,141,1.17529,-79.55,-4.12,-70.00,-27.90,-3.79,88.77
4,142,1.18323,-79.33,-4.14,-68.96,28.08,-1.97,131.15
4,143,1.19153,-79.11,-4.16,-67.91,26.84,-1.90,125.74
4,144,1.19983,-78.56,-4.16,-66.70,66.54,-0.40,146.69
4,145,1.20837,-78.00,-4.16,-65.48,64.64,-0.39,142.50
4,146,1.21692,-77.22,-4.15,-64.22,91.79,0.90,147.50
4,147,1.22510,-76.43,-4.15,-62.96,95.90,0.95,154.10
4,148,1.23328,-75.65,-4.14,-61.70,95.90,0.94,154.10
4,149,1.24194,-74.87,-4.13,-60.44,90.49,0.90,145.42
4,150,1.25000,-74.08,-4.12,-59.18,97.35,0.95,156.44
4,151,1.25818,-73.30,-4.12,-57.92,95.90,0.93,154.10
4,152,1.26648,-72.54,-4.11,-56.78,91.18,1.14,136.40
4,153,1.27515,-71.78,-4.10,-55.65,87.32,1.12,130.63
4,154,1.28345,-71.08,-4.09,-54.61,84.93,1.13,125.00
4,155,1.29187,-70.37,-4.08,-53.58,83.70,1.11,123.19
4,156,1.30029,-69.74,-4.07,-52.66,74.64,1.02,109.42
4,157,1.30835,-69.12,-4.06,-51.73,78.03,1.05,114.39
4,158,1.31702,-68.59,-4.05,-50.95,60.56,0.78,90.49
4,159,1.32605,-68.07,-4.05,-50.16,58.11,0.74,86.82
4,160,1.33350,-67.68,-4.04,-49.55,52.46,0.54,83.20
4,161,1.34180,-67.29,-4.04,-48.93,46.69,0.47,74.63
4,162,1.34998,-67.06,-4.04,-48.49,28.36,0.10,53.36
4,163,1.35803,-66.82,-4.04,-48.06,28.79,0.07,53.79
4,164,1.36633,-66.69,-4.04,-47.73,15.81,-0.20,38.97
4,165,1.37488,-66.56,-4.04,-47.41,15.36,-0.21,37.86
4,166,1.38318,-66.43,-4.04,-47.09,15.81,-0.20,38.97
4,167,1.39148,-66.30,-4.05,-46.77,15.81,-0.17,38.60
4,168,1.39990,-66.25,-4.05,-46.54,5.43,-0.43,26.45
4,169,1.40845,-66.21,-4.05,-46.32,5.36,-0.38,26.07
4,170,1.41650,-66.16,-4.06,-46.10,5.68,-0.45,27.65
4,171,1.42554,-66.12,-4.06,-45.87,5.07,-0.37,24.66
4,172,1.43311,-66.14,-4.06,-45.74,-2.82,-0.60,17.34
4,173,1.44226,-66.16,-4.07,-45.61,-2.33,-0.50,14.33
4,174,1.44995,-66.18,-4.07,-45.48,-2.78,-0.61,17.06
4,175,1.45825,-66.20,-4.08,-45.35,-2.57,-0.53,15.81
4,176,1.46643,-66.22,-4.08,-45.22,-2.61,-0.56,16.04
4,177,1.47498,-66.24,-4.09,-45.09,-2.50,-0.53,15.36
4,178,1.48315,-66.30,-4.09,-45.04,-6.72,-0.52,5.97
4,179,1.49158,-66.35,-4.09,-44.99,-6.52,-0.49,5.80
4,180,1.49988,-66.41,-4.10,-44.94,-6.62,-0.50,5.88
4,181,1.50818,-66.46,-4.10,-44.89,-6.62,-0.50,5.88
4,182,1.51660,-66.52,-4.11,-44.84,-6.52,-0.47,5.80
4,183,1.52502,-66.57,-4.11,-44.79,-6.52,-0.49,5.80
4,184,1.53333,-66.63,-4.12,-44.74,-6.62,-0.50,5.88
4,185,1.54138,-66.68,-4.12,-44.70,-6.82,-0.51,6.06
4,186,1.54980,-66.72,-4.12,-44.69,-4.35,-0.26,1.09
4,187,1.55811,-66.76,-4.12,-44.68,-4.41,-0.26,1.10
4,188,1.56653,-66.79,-4.13,-44.67,-4.35,-0.25,1.09
5,0,0.00000,0.00,0.00,0.00,-2296.79,-242.16,1686.43
5,1,0.00818,-19.63,-2.28,14.41,-2399.63,-279.18,1761.94
5,2,0.01660,-25.57,-2.97,18.65,-706.16,-81.95,503.62
5,3,0.02478,-31.52,-3.66,22.89,-727.24,-84.44,518.66
5,4,0.03345,-36.27,-4.22,26.29,-547.89,-63.65,391.55
5,5,0.04138,-41.02,-4.77,29.68,-598.46,-69.48,427.69
5,6,0.04968,-44.82,-5.21,32.45,-458.46,-53.33,333.09
5,7,0.05786,-48.63,-5.65,35.21,-465.30,-54.08,338.06
5,8,0.06628,-52.05,-6.05,38.03,-405.80,-47.61,335.14
5,9,0.07458,-55.47,-6.45,40.86,-411.76,-48.31,340.07
5,10,0.08289,-58.62,-6.83,43.50,-380.15,-44.77,318.38
5,11,0.09131,-61.78,-7.20,46.14,-374.64,-44.08,313.77
5,12,0.09961,-64.68,-7.54,48.57,-349.26,-40.98,291.91
5,13,0.10803,-67.58,-7.88,50.99,-344.20,-40.43,287.68
5,14,0.11633,-70.36,-8.20,53.26,-335.29,-39.35,273.16
5,15,0.12488,-73.14,-8.53,55.52,-325.71,-38.23,265.36
5,16,0.13318,-75.92,-8.86,57.68,-334.56,-39.07,259.93
5,17,0.14148,-78.70,-9.18,59.84,-334.56,-39.07,259.93
5,18,0.14966,-81.42,-9.50,61.82,-333.21,-38.77,242.54
5,19,0.15808,-84.15,-9.81,63.81,-323.55,-37.64,235.51
5,20,0.16626,-86.42,-10.08,65.40,-277.61,-32.19,194.78
5,21,0.17456,-88.69,-10.34,66.99,-273.53,-31.71,191.91
5,22,0.18323,-90.78,-10.58,68.47,-241.90,-28.05,170.77
5,23,0.19141,-92.88,-10.83,69.95,-256.34,-29.77,180.97
5,24,0.19971,-94.80,-11.05,71.32,-231.25,-26.78,164.71
5,25,0.20801,-96.72,-11.27,72.69,-231.25,-26.92,164.71
5,26,0.21667,-98.64,-11.49,74.05,-221.48,-25.65,157.75
5,27,0.22473,-100.56,-11.72,75.42,-238.26,-27.68,169.70
5,28,0.23328,-102.31,-11.92,76.69,-205.00,-23.80,148.57
5,29,0.24158,-104.06,-12.12,77.96,-211.03,-24.55,152.94
5,30,0.25000,-105.45,-12.29,78.99,-164.86,-19.19,121.74
5,31,0.25793,-106.84,-12.45,80.01,-175.00,-20.32,129.23
5,32,0.26624,-107.88,-12.57,80.80,-125.74,-14.69,95.22
5,33,0.27478,-108.93,-12.69,81.59,-122.14,-14.27,92.50
5,34,0.28333,-109.59,-12.77,82.13,-78.21,-9.17,62.86
5,35,0.29126,-110.26,-12.85,82.67,-84.23,-9.83,67.69
5,36,0.29980,-110.53,-12.88,82.93,-31.79,-3.83,31.43
5,37,0.30798,-110.81,-12.91,83.20,-33.21,-3.95,32.84
5,38,0.31653,-110.78,-12.91,83.26,3.57,0.33,7.14
5,39,0.32458,-110.75,-12.91,83.33,3.79,0.30,7.58
5,40,0.33325,-110.60,-12.89,83.32,16.20,1.79,-1.06
5,41,0.34143,-110.46,-12.88,83.31,17.54,1.84,-1.12
5,42,0.34973,-110.12,-12.84,83.16,40.81,4.65,-18.01
5,43,0.35815,-109.78,-12.80,83.01,40.22,4.58,-17.75
5,44,0.36633,-109.30,-12.75,82.74,58.96,6.65,-32.84
5,45,0.37500,-108.82,-12.69,82.47,55.63,6.41,-30.99
5,46,0.38318,-108.18,-12.62,82.08,78.36,8.97,-48.13
5,47,0.39124,-107.54,-12.54,81.68,79.55,9.16,-48.86
5,48,0.39978,-106.72,-12.45,81.15,95.36,11.02,-62.14
5,49,0.40808,-105.91,-12.36,80.62,98.16,11.25,-63.97
5,50,0.41650,-104.79,-12.23,79.87,132.25,15.38,-89.49
5,51,0.42505,-103.68,-12.10,79.11,130.36,15.07,-88.21
5,52,0.43311,-101.11,-11.80,77.34,318.56,36.88,-220.45
5,53,0.44153,-98.55,-11.50,75.56,304.71,35.36,-210.87
5,54,0.44971,-95.63,-11.17,73.66,357.09,41.14,-232.09
5,55,0.45801,-92.71,-10.83,71.77,351.84,40.67,-228.68
5,56,0.46631,-89.97,-10.51,70.14,329.41,37.77,-196.32
5,57,0.47473,-87.24,-10.20,68.51,324.64,37.23,-193.48
5,58,0.48340,-84.76,-9.92,67.30,286.27,32.49,-139.08
5,59,0.49146,-82.28,-9.64,66.09,307.95,34.96,-149.62
5,60,0.49988,-79.83,-9.36,65.15,290.22,32.56,-112.32
5,61,0.50793,-77.39,-9.09,64.20,303.41,34.09,-117.42
5,62,0.51636,-75.65,-8.89,63.56,206.16,23.09,-76.45
5,63,0.52490,-73.91,-8.70,62.92,203.21,22.81,-75.36
5,64,0.53333,-73.00,-8.60,62.61,108.70,12.12,-36.23
5,65,0.54138,-72.08,-8.49,62.30,113.64,12.72,-37.88
5,66,0.54980,-70.72,-8.34,62.01,161.59,17.87,-34.42
5,67,0.55811,-69.36,-8.19,61.72,163.97,18.04,-34.93
5,68,0.56653,-67.94,-8.04,61.57,168.12,18.35,-18.48
5,69,0.57495,-66.53,-7.89,61.41,168.12,18.35,-18.48
5,70,0.58325,-64.95,-7.72,61.46,190.07,20.45,5.15
5,71,0.59155,-63.37,-7.55,61.50,190.07,20.40,5.15
5,72,0.59973,-62.32,-7.44,61.82,128.36,13.42,38.81
5,73,0.60815,-61.27,-7.33,62.13,124.64,12.99,37.68
5,74,0.61646,-61.68,-7.37,62.19,-48.53,-5.31,7.35
5,75,0.62488,-62.08,-7.42,62.26,-47.83,-5.24,7.25
5,76,0.63330,-62.63,-7.47,62.16,-64.86,-6.86,-11.96
5,77,0.64160,-63.17,-7.53,62.05,-65.81,-6.96,-12.13
5,78,0.64990,-63.72,-7.59,61.95,-65.81,-6.96,-12.13
5,79,0.65796,-64.26,-7.65,61.85,-67.80,-7.12,-12.50
5,80,0.66638,-64.81,-7.70,61.75,-64.86,-6.91,-11.96
5,81,0.67480,-65.36,-7.76,61.65,-64.86,-6.82,-11.96
5,82,0.68323,-65.81,-7.81,61.72,-54.35,-6.00,7.97
5,83,0.69153,-66.27,-7.86,61.79,-55.15,-6.00,8.09
5,84,0.69971,-66.73,-7.91,61.85,-55.97,-6.13,8.21
5,85,0.70801,-67.19,-7.96,61.92,-55.15,-6.04,8.09
5,86,0.71631,-67.60,-8.01,62.04,-50.00,-5.59,13.97
5,87,0.72485,-68.01,-8.05,62.15,-48.21,-5.35,13.57
5,88,0.73340,-68.43,-8.10,62.27,-48.21,-5.35,13.57
5,89,0.74158,-68.84,-8.15,62.38,-50.37,-5.59,14.18
5,90,0.74976,-69.25,-8.19,62.50,-50.37,-5.59,14.18
5,91,0.75793,-69.66,-8.24,62.62,-50.37,-5.59,14.18
5,92,0.76648,-70.00,-8.28,62.74,-38.93,-4.40,14.29
5,93,0.77466,-70.33,-8.31,62.86,-40.67,-4.55,14.93
5,94,0.78308,-70.66,-8.35,62.98,-39.49,-4.42,14.49
5,95,0.79150,-70.99,-8.39,63.10,-39.49,-4.42,14.49
5,96,0.79968,-71.20,-8.41,63.23,-25.75,-2.94,15.67
5,97,0.80798,-71.41,-8.43,63.36,-25.37,-2.90,15.44
5,98,0.81628,-71.62,-8.46,63.49,-25.37,-2.90,15.44
5,99,0.82483,-71.84,-8.48,63.62,-24.64,-2.86,15.00
5,100,0.83325,-72.05,-8.51,63.75,-25.00,-2.90,15.22
5,101,0.84180,-72.26,-8.53,63.87,-24.64,-2.82,15.00
5,102,0.84973,-72.47,-8.56,64.00,-26.54,-3.03,16.15
5,103,0.85791,-72.68,-8.58,64.13,-25.75,-2.99,15.67
5,104,0.86621,-72.83,-8.60,64.23,-18.38,-2.11,12.13
5,105,0.87463,-72.98,-8.62,64.33,-18.12,-2.08,11.96
5,106,0.88318,-73.14,-8.63,64.43,-17.86,-2.05,11.79
5,107,0.89148,-73.29,-8.65,64.53,-18.38,-2.15,12.13
5,108,0.89978,-73.44,-8.67,64.63,-18.38,-2.15,12.13
5,109,0.90808,-73.59,-8.69,64.73,-18.38,-2.11,12.13
5,110,0.91638,-73.75,-8.70,64.83,-18.38,-2.15,12.13
5,111,0.92468,-73.90,-8.72,64.94,-18.38,-2.11,12.13
5,112,0.93347,-74.05,-8.74,65.04,-17.36,-1.95,11.46
5,113,0.94226,-74.20,-8.76,65.14,-17.36,-2.03,11.46
5,114,0.95007,-74.36,-8.77,65.24,-19.53,-2.24,12.89
5,115,0.95813,-74.51,-8.79,65.34,-18.94,-2.22,12.50
5,116,0.96667,-74.62,-8.80,65.41,-13.21,-1.51,8.93
5,117,0.97498,-74.73,-8.82,65.49,-13.60,-1.60,9.19
5,118,0.98340,-74.85,-8.83,65.57,-13.41,-1.53,9.06
5,119,0.99146,-74.96,-8.84,65.64,-14.02,-1.60,9.47
5,120,0.99976,-75.07,-8.86,65.72,-13.60,-1.60,9.19
5,121,1.00830,-75.19,-8.87,65.80,-13.21,-1.51,8.93
5,122,1.01648,-75.30,-8.88,65.87,-13.81,-1.58,9.33
5,123,1.02502,-75.41,-8.90,65.95,-13.21,-1.56,8.93
5,124,1.03345,-75.52,-8.91,66.02,-13.41,-1.53,9.06
5,125,1.04175,-75.64,-8.92,66.10,-13.60,-1.65,9.19
5,126,1.04993,-75.85,-8.95,66.25,-25.37,-2.89,18.28
5,127,1.05859,-76.05,-8.97,66.40,-23.94,-2.77,17.25
5,128,1.06641,-76.42,-9.01,66.69,-46.48,-5.49,37.50
5,129,1.07483,-76.78,-9.06,66.99,-43.48,-5.08,34.78
5,130,1.08337,-77.19,-9.11,67.44,-47.86,-5.81,52.86
5,131,1.09167,-77.60,-9.15,67.89,-49.26,-5.89,54.41
5,132,1.09985,-78.01,-9.20,68.34,-50.00,-6.07,55.22
5,133,1.10828,-78.42,-9.25,68.79,-48.55,-5.85,53.62
5,134,1.11633,-78.68,-9.29,69.35,-32.20,-4.25,68.56
5,135,1.12500,-78.94,-9.32,69.90,-29.93,-3.95,63.73
5,136,1.13342,-78.97,-9.33,70.48,-3.62,-1.17,69.20
5,137,1.14136,-79.00,-9.34,71.06,-3.85,-1.24,73.46
5,138,1.15027,-78.70,-9.32,71.65,33.22,2.77,65.41
5,139,1.15820,-78.41,-9.29,72.23,37.31,3.27,73.08
5,140,1.16650,-77.68,-9.22,72.53,87.13,8.90,36.40
5,141,1.17493,-76.96,-9.14,72.83,85.87,8.86,35.87
5,142,1.18311,-75.90,-9.03,72.71,129.48,14.12,-15.30
5,143,1.19128,-74.84,-8.91,72.58,129.48,14.18,-15.67
5,144,1.19995,-73.58,-8.77,72.14,145.77,16.35,-50.70
5,145,1.20825,-72.31,-8.63,71.70,152.21,17.02,-52.94
5,146,1.21667,-70.99,-8.48,71.03,157.25,17.87,-79.35
5,147,1.22485,-69.67,-8.33,70.36,161.94,18.36,-81.72
5,148,1.23340,-68.34,-8.18,69.69,155.00,17.62,-78.21
5,149,1.24158,-67.02,-8.03,69.02,161.94,18.45,-81.72
5,150,1.24976,-65.69,-7.88,68.36,161.94,18.40,-81.72
5,151,1.25854,-64.37,-7.73,67.69,150.69,17.13,-76.04
5,152,1.26660,-63.17,-7.59,67.03,148.48,16.94,-81.06
5,153,1.27502,-61.98,-7.45,66.38,142.03,16.20,-77.54
5,154,1.28320,-60.88,-7.33,65.77,134.33,15.38,-74.25
5,155,1.29175,-59.78,-7.20,65.17,128.21,14.63,-71.07
5,156,1.29980,-58.80,-7.09,64.63,121.21,13.83,-67.05
5,157,1.30811,-57.83,-6.98,64.09,117.65,13.47,-65.07
5,158,1.31641,-57.00,-6.88,63.64,100.00,11.39,-54.41
5,159,1.32520,-56.17,-6.79,63.19,94.44,10.80,-51.04
5,160,1.33350,-55.51,-6.71,62.85,78.68,8.92,-40.07
5,161,1.34155,-54.86,-6.64,62.52,80.68,9.19,-40.91
5,162,1.34998,-54.41,-6.59,62.33,53.99,6.13,-22.83
5,163,1.35815,-53.96,-6.54,62.14,55.60,6.27,-23.51
5,164,1.36646,-53.62,-6.50,62.04,40.07,4.41,-12.13
5,165,1.37488,-53.29,-6.46,61.94,39.49,4.44,-11.96
5,166,1.38367,-52.96,-6.43,61.84,37.85,4.18,-11.46
5,167,1.39160,-52.62,-6.39,61.74,41.92,4.65,-12.69
5,168,1.39978,-52.40,-6.37,61.71,27.61,2.86,-2.99
5,169,1.40808,-52.17,-6.34,61.69,27.21,2.82,-2.94
5,170,1.41650,-51.95,-6.32,61.66,26.81,2.69,-2.90
5,171,1.42505,-51.72,-6.30,61.64,26.43,2.56,-2.86
5,172,1.43323,-51.59,-6.29,61.67,16.04,1.39,4.10
5,173,1.44189,-51.46,-6.28,61.71,15.14,1.28,3.87
5,174,1.44983,-51.33,-6.27,61.74,16.54,1.37,4.23
5,175,1.45813,-51.20,-6.26,61.77,15.81,1.24,4.04
5,176,1.46643,-51.07,-6.24,61.81,15.81,1.24,4.04
5,177,1.47498,-50.94,-6.24,61.84,15.00,1.14,3.93
5,178,1.48315,-50.89,-6.23,61.90,5.60,0.18,7.09
5,179,1.49158,-50.85,-6.23,61.96,5.43,0.21,6.88
5,180,1.49963,-50.80,-6.23,62.01,5.68,0.21,7.20
5,181,1.50830,-50.75,-6.23,62.07,5.28,0.17,6.69
5,182,1.51648,-50.71,-6.23,62.13,5.60,0.14,7.09
5,183,1.52466,-50.66,-6.23,62.19,5.60,0.15,7.09
5,184,1.53308,-50.62,-6.23,62.25,5.43,0.15,6.88
5,185,1.54138,-50.57,-6.22,62.30,5.15,0.09,6.99
5,186,1.54980,-50.57,-6.23,62.34,0.72,-0.14,4.35
5,187,1.55823,-50.56,-6.23,62.38,0.72,-0.11,4.35
5,188,1.56641,-50.56,-6.23,62.41,0.75,-0.14,4.48
6,0,0.00000,0.00,0.00,0.00,848.53,-336.25,2807.72
6,1,0.00842,7.04,-3.55,23.30,836.23,-421.53,2766.67
6,2,0.01672,9.06,-3.84,30.33,243.01,-35.34,845.96
6,3,0.02515,11.08,-4.14,37.35,239.49,-34.84,833.70
6,4,0.03357,12.70,-4.37,42.96,192.03,-27.92,665.94
6,5,0.04211,14.31,-4.61,48.57,189.29,-27.52,656.43
6,6,0.05054,15.65,-4.80,53.08,159.06,-22.78,535.51
6,7,0.05872,16.99,-4.99,57.59,163.81,-23.55,551.49
6,8,0.06726,18.52,-5.19,61.75,178.21,-23.60,487.14
6,9,0.07568,20.04,-5.40,65.91,180.80,-23.99,494.20
6,10,0.08459,21.48,-5.59,69.77,161.64,-21.33,432.53
6,11,0.09253,22.92,-5.78,73.62,181.54,-23.86,485.77
6,12,0.10083,24.24,-5.95,77.16,158.82,-20.97,426.47
6,13,0.10925,25.56,-6.12,80.70,156.52,-20.62,420.29
6,14,0.11743,26.76,-6.28,84.08,147.76,-19.79,413.06
6,15,0.12585,27.97,-6.45,87.46,143.48,-19.17,401.09
6,16,0.13428,29.08,-6.60,90.79,131.52,-18.06,396.01
6,17,0.14307,30.19,-6.75,94.13,126.04,-17.30,379.51
6,18,0.15076,31.15,-6.89,97.36,125.00,-17.96,420.24
6,19,0.15918,32.11,-7.04,100.59,114.13,-18.30,383.70
6,20,0.16748,32.86,-7.23,103.26,89.71,-22.97,321.69
6,21,0.17590,33.60,-7.33,105.93,88.41,-11.55,317.03
6,22,0.18469,34.30,-7.46,108.40,79.17,-15.19,280.90
6,23,0.19312,34.99,-7.60,110.87,82.61,-15.89,293.12
6,24,0.20081,35.64,-7.72,113.13,84.13,-16.08,294.44
6,25,0.20923,36.29,-7.85,115.40,76.81,-14.68,268.84
6,26,0.21753,36.93,-7.97,117.66,77.94,-14.89,272.79
6,27,0.22595,37.58,-8.09,119.93,76.81,-14.64,268.84
6,28,0.23413,38.19,-8.32,122.00,75.00,-28.38,253.73
6,29,0.24316,38.81,-8.63,124.08,67.91,-34.13,229.39
6,30,0.25098,39.31,-8.94,125.73,64.45,-39.67,211.33
6,31,0.25928,39.81,-9.24,127.38,60.66,-36.32,198.90
6,32,0.26721,40.21,-9.36,128.63,50.38,-14.80,157.31
6,33,0.27612,40.61,-9.55,129.87,44.86,-21.58,140.07
6,34,0.28381,40.90,-9.68,130.68,36.90,-16.41,105.16
6,35,0.29224,41.18,-9.81,131.49,33.70,-14.98,96.01
6,36,0.30066,41.34,-9.86,131.84,19.20,-6.89,41.30
6,37,0.30896,41.50,-9.92,132.19,19.49,-6.99,41.91
6,38,0.31726,41.57,-9.92,132.18,8.09,-0.24,-1.10
6,39,0.32617,41.64,-9.93,132.17,7.53,-0.48,-1.03
6,40,0.33398,41.68,-9.91,132.03,5.08,1.96,-17.58
6,41,0.34277,41.72,-9.90,131.89,4.51,1.65,-15.62
6,42,0.35059,41.69,-9.85,131.52,-3.91,6.51,-47.27
6,43,0.35901,41.66,-9.80,131.16,-3.62,6.03,-43.84
6,44,0.36731,41.56,-9.72,130.61,-11.03,9.27,-65.44
6,45,0.37622,41.47,-9.64,130.07,-10.27,8.72,-60.96
6,46,0.38477,41.31,-9.54,129.33,-18.57,12.53,-86.07
6,47,0.39246,41.16,-9.43,128.60,-20.63,14.12,-95.63
6,48,0.40063,40.93,-9.29,127.66,-27.99,17.04,-115.30
6,49,0.40894,40.70,-9.15,126.71,-27.57,16.89,-113.60
6,50,0.41736,40.36,-8.88,125.41,-40.22,32.25,-154.35
6,51,0.42566,40.02,-8.71,124.11,-40.81,19.71,-156.99
6,52,0.43408,39.20,-8.27,121.10,-97.46,52.45,-357.61
6,53,0.44287,38.38,-8.03,118.08,-93.40,26.81,-342.71
6,54,0.45081,37.56,-7.95,114.70,-102.69,11.20,-426.54
6,55,0.45898,36.75,-7.78,111.32,-99.63,20.80,-413.81
6,56,0.46729,36.12,-7.63,108.19,-75.37,17.53,-376.10
6,57,0.47620,35.50,-7.48,105.07,-70.21,16.33,-350.34
6,58,0.48389,35.19,-7.38,102.33,-40.08,13.60,-356.35
6,59,0.49231,34.88,-7.27,99.59,-36.59,12.54,-325.36
6,60,0.50061,34.81,-7.12,96.97,-9.19,19.06,-315.81
6,61,0.50903,34.73,-7.13,94.35,-9.06,-1.74,-311.23
6,62,0.51721,34.70,-7.11,92.50,-3.73,2.70,-226.49
6,63,0.52563,34.67,-7.07,90.65,-3.62,4.12,-219.57
6,64,0.53394,34.69,-7.06,89.68,2.21,1.84,-116.54
6,65,0.54236,34.70,-7.04,88.71,2.17,1.77,-114.86
6,66,0.55078,34.88,-7.04,87.33,21.38,1.01,-164.13
6,67,0.55896,35.06,-7.03,85.95,22.01,1.04,-169.03
6,68,0.56726,35.39,-7.03,84.56,39.34,-0.52,-167.28
6,69,0.57629,35.72,-7.04,83.17,36.15,-0.44,-153.72
6,70,0.58398,36.29,-7.06,81.70,73.81,-3.03,-191.27
6,71,0.59241,36.85,-7.08,80.23,67.39,-2.72,-174.64
6,72,0.60083,37.50,-7.12,79.34,77.17,-4.76,-105.07
6,73,0.60925,38.15,-7.16,78.46,77.17,-4.81,-105.07
6,74,0.61743,38.08,-7.16,78.86,-9.33,-0.07,48.88
6,75,0.62573,38.00,-7.16,79.26,-9.19,-0.07,48.16
6,76,0.63391,37.73,-7.15,79.74,-33.58,1.85,58.96
6,77,0.64233,37.45,-7.13,80.22,-32.97,1.87,57.25
6,78,0.65051,37.17,-7.12,80.70,-33.58,1.89,58.96
6,79,0.65869,36.90,-7.10,81.19,-33.58,1.80,58.96
6,80,0.66736,36.62,-7.09,81.67,-32.04,1.82,55.63
6,81,0.67615,36.35,-7.07,82.15,-31.25,1.76,54.86
6,82,0.68445,36.26,-7.07,82.60,-10.66,-0.10,54.78
6,83,0.69238,36.17,-7.07,83.06,-11.15,-0.01,57.31
6,84,0.70068,36.08,-7.07,83.51,-10.66,-0.05,54.78
6,85,0.70911,35.99,-7.07,83.97,-10.51,-0.01,53.99
6,86,0.71741,35.96,-7.08,84.40,-3.68,-0.60,51.47
6,87,0.72571,35.93,-7.08,84.82,-3.68,-0.55,51.47
6,88,0.73474,35.90,-7.09,85.25,-3.38,-0.51,47.30
6,89,0.74231,35.87,-7.09,85.68,-4.03,-0.60,56.45
6,90,0.75061,35.84,-7.10,86.11,-3.68,-0.64,51.47
6,91,0.75891,35.81,-7.10,86.53,-3.68,-0.60,51.47
6,92,0.76721,35.81,-7.11,86.89,0.37,-0.75,43.01
6,93,0.77612,35.82,-7.11,87.25,0.34,-0.70,40.07
6,94,0.78381,35.82,-7.12,87.60,0.40,-0.81,46.43
6,95,0.79224,35.82,-7.13,87.96,0.36,-0.79,42.39
6,96,0.80066,35.87,-7.14,88.20,5.80,-1.06,28.62
6,97,0.80920,35.92,-7.14,88.44,5.71,-0.91,28.21
6,98,0.81726,35.97,-7.15,88.68,6.06,-1.06,29.92
6,99,0.82568,36.02,-7.16,88.93,5.80,-0.97,28.62
6,100,0.83398,36.07,-7.17,89.17,5.88,-0.98,29.04
6,101,0.84290,36.11,-7.18,89.41,5.48,-0.96,27.05
6,102,0.85059,36.16,-7.18,89.65,6.35,-1.06,31.35
6,103,0.85889,36.21,-7.19,89.89,5.88,-0.98,29.04
6,104,0.86731,36.26,-7.20,90.07,5.43,-0.85,21.01
6,105,0.87561,36.30,-7.21,90.24,5.51,-0.82,21.32
6,106,0.88464,36.35,-7.21,90.42,5.07,-0.79,19.59
6,107,0.89233,36.40,-7.22,90.60,5.95,-0.93,23.02
6,108,0.90076,36.44,-7.23,90.77,5.43,-0.81,21.01
6,109,0.90906,36.49,-7.23,90.95,5.51,-0.82,21.32
6,110,0.91748,36.53,-7.24,91.13,5.43,-0.85,21.01
6,111,0.92590,36.58,-7.25,91.31,5.43,-0.85,21.01
6,112,0.93408,36.62,-7.26,91.48,5.60,-0.83,21.64
6,113,0.94324,36.67,-7.26,91.66,5.00,-0.74,19.33
6,114,0.95068,36.72,-7.27,91.84,6.15,-0.96,23.77
6,115,0.95911,36.76,-7.28,92.01,5.43,-0.85,21.01
6,116,0.96741,36.80,-7.28,92.14,4.04,-0.60,15.81
6,117,0.97583,36.83,-7.29,92.28,3.99,-0.59,15.58
6,118,0.98474,36.86,-7.29,92.41,3.77,-0.56,14.73
6,119,0.99329,36.90,-7.30,92.54,3.93,-0.58,15.36
6,120,1.00085,36.93,-7.30,92.67,4.44,-0.76,17.34
6,121,1.00916,36.96,-7.31,92.80,4.04,-0.60,15.81
6,122,1.01746,37.00,-7.31,92.93,4.04,-0.64,15.81
6,123,1.02637,37.03,-7.32,93.06,3.77,-0.56,14.73
6,124,1.03418,37.06,-7.32,93.19,4.30,-0.68,16.80
6,125,1.04309,37.10,-7.33,93.33,3.77,-0.56,14.73
6,126,1.05090,37.17,-7.34,93.57,9.38,-1.37,31.25
6,127,1.05933,37.24,-7.35,93.82,8.70,-1.23,29.35
6,128,1.06750,37.40,-7.37,94.26,19.03,-2.59,54.10
6,129,1.07642,37.55,-7.39,94.70,17.47,-2.34,49.66
6,130,1.08423,37.84,-7.43,95.24,37.11,-4.79,68.75
6,131,1.09265,38.13,-7.48,95.78,34.42,-5.67,63.77
6,132,1.10132,38.42,-7.53,96.31,33.45,-5.77,61.97
6,133,1.10938,38.71,-7.58,96.85,35.98,-6.15,66.67
6,134,1.11768,39.15,-7.64,97.28,52.57,-7.36,51.84
6,135,1.12610,39.59,-7.70,97.71,51.81,-7.23,51.09
6,136,1.13525,40.12,-7.72,97.93,58.67,-2.46,24.33
6,137,1.14343,40.66,-7.78,98.16,65.67,-6.98,27.24
6,138,1.15100,41.31,-7.84,98.07,85.48,-7.67,-11.29
6,139,1.15930,41.96,-7.89,97.99,77.94,-7.08,-10.29
6,140,1.16760,42.48,-7.93,97.41,63.60,-3.99,-69.85
6,141,1.17651,43.01,-7.96,96.82,59.25,-3.75,-65.41
6,142,1.18445,43.25,-7.95,95.78,29.62,0.88,-131.15
6,143,1.19275,43.48,-7.95,94.74,28.31,0.84,-125.37
6,144,1.20105,43.49,-7.91,93.41,0.74,4.39,-161.03
6,145,1.20972,43.49,-7.82,92.07,0.70,9.86,-154.23
6,146,1.21790,43.31,-7.78,90.60,-22.76,4.95,-179.85
6,147,1.22668,43.12,-7.76,89.13,-21.18,2.74,-167.36
6,148,1.23450,42.94,-7.73,87.66,-23.83,3.89,-188.28
6,149,1.24353,42.75,-7.69,86.18,-20.61,4.55,-162.84
6,150,1.25134,42.56,-7.65,84.71,-23.83,5.31,-188.28
6,151,1.25989,42.38,-7.61,83.24,-21.79,4.86,-172.14
6,152,1.26807,42.16,-7.56,81.90,-26.49,5.04,-164.55
6,153,1.27661,41.94,-7.52,80.55,-25.36,4.92,-157.50
6,154,1.28442,41.74,-7.48,79.32,-26.56,4.98,-158.20
6,155,1.29285,41.53,-7.44,78.08,-24.64,4.67,-146.74
6,156,1.30115,41.35,-7.41,76.98,-22.06,4.11,-132.72
6,157,1.30945,41.16,-7.38,75.88,-22.06,4.21,-132.72
6,158,1.31775,41.02,-7.35,74.94,-17.65,3.43,-112.50
6,159,1.32617,40.87,-7.32,74.01,-17.39,3.43,-110.87
6,160,1.33447,40.77,-7.30,73.28,-11.40,2.42,-87.50
6,161,1.34351,40.68,-7.28,72.56,-10.47,2.30,-80.41
6,162,1.35107,40.65,-7.27,72.06,-4.03,1.49,-64.92
6,163,1.35950,40.62,-7.25,71.57,-3.26,1.26,-58.33
6,164,1.36780,40.64,-7.25,71.22,1.84,0.59,-41.91
6,165,1.37671,40.65,-7.25,70.88,1.71,0.55,-39.04
6,166,1.38452,40.67,-7.24,70.53,1.95,0.58,-44.53
6,167,1.39294,40.68,-7.24,70.18,1.81,0.54,-41.30
6,168,1.40125,40.73,-7.24,69.96,6.25,-0.05,-26.84
6,169,1.40955,40.79,-7.24,69.74,6.25,-0.14,-26.84
6,170,1.41785,40.84,-7.24,69.51,6.25,-0.05,-26.84
6,171,1.42627,40.89,-7.24,69.29,6.16,-0.05,-26.09
6,172,1.43506,40.96,-7.24,69.18,8.33,-0.47,-12.85
6,173,1.44360,41.04,-7.25,69.07,8.57,-0.57,-13.21
6,174,1.45117,41.11,-7.25,68.95,9.68,-0.55,-14.92
6,175,1.45959,41.18,-7.26,68.84,8.70,-0.49,-13.41
6,176,1.46790,41.26,-7.26,68.73,8.82,-0.50,-13.60
6,177,1.47656,41.33,-7.26,68.62,8.45,-0.48,-13.03
6,178,1.48450,41.40,-7.27,68.59,8.85,-0.78,-2.69
6,179,1.49329,41.47,-7.28,68.57,7.99,-0.58,-2.43
6,180,1.50110,41.54,-7.28,68.55,8.98,-0.75,-2.73
6,181,1.50952,41.61,-7.29,68.53,8.33,-0.69,-2.54
6,182,1.51794,41.68,-7.29,68.51,8.33,-0.65,-2.54
6,183,1.52698,41.75,-7.30,68.49,7.77,-0.60,-2.36
6,184,1.53479,41.82,-7.30,68.47,8.98,-0.75,-2.73
6,185,1.54321,41.89,-7.31,68.44,8.33,-0.65,-2.54
6,186,1.55176,41.93,-7.31,68.45,4.29,-0.45,0.71
6,187,1.56030,41.96,-7.32,68.46,4.29,-0.36,0.71
6,188,1.56812,42.00,-7.32,68.46,4.69,-0.39,0.78
7,0,0.00000,0.00,0.00,0.00,-1561.23,-6.71,2432.97
7,1,0.00916,-13.15,-0.06,20.49,-1436.33,-6.21,2238.33
7,2,0.01660,-17.18,-0.08,26.59,-541.39,-3.33,818.44
7,3,0.02515,-21.21,-0.11,32.68,-471.79,-2.87,713.21
7,4,0.03357,-24.43,-0.01,37.55,-381.88,11.13,578.26
7,5,0.04236,-27.65,0.08,42.42,-365.97,10.49,554.17
7,6,0.05029,-30.21,0.16,46.37,-322.69,9.92,497.31
7,7,0.05859,-32.77,0.24,50.31,-308.46,9.48,475.37
7,8,0.06702,-34.94,0.33,54.17,-258.33,11.48,458.33
7,9,0.07556,-37.12,0.43,58.04,-254.64,11.35,451.79
7,10,0.08374,-39.11,0.52,61.63,-244.03,11.29,439.93
7,11,0.09216,-41.11,0.62,65.23,-236.96,10.96,427.17
7,12,0.10046,-42.95,0.70,68.53,-221.32,10.12,397.79
7,13,0.10950,-44.78,0.78,71.84,-203.38,9.34,365.54
7,14,0.11719,-46.60,0.86,75.00,-235.71,10.09,411.51
7,15,0.12537,-48.38,0.94,78.11,-218.28,9.31,380.60
7,16,0.13379,-50.20,1.01,81.12,-215.58,8.14,357.25
7,17,0.14270,-52.02,1.07,84.13,-204.11,7.61,337.33
7,18,0.15051,-53.85,1.13,86.96,-234.77,7.22,362.11
7,19,0.15869,-55.68,1.19,89.78,-223.51,6.92,344.78
7,20,0.16711,-57.23,1.23,92.08,-183.70,5.04,273.19
7,21,0.17542,-58.77,1.27,94.38,-186.03,5.11,276.84
7,22,0.18384,-60.20,1.31,96.51,-169.20,4.81,253.26
7,23,0.19263,-61.62,1.35,98.64,-162.15,4.54,242.36
7,24,0.20056,-62.92,1.39,100.60,-163.85,4.75,247.31
7,25,0.20935,-64.22,1.43,102.56,-147.92,4.24,223.26
7,26,0.21741,-65.52,1.46,104.53,-161.36,4.63,243.56
7,27,0.22546,-66.82,1.50,106.49,-161.36,4.68,243.56
7,28,0.23401,-68.00,1.54,108.30,-137.86,4.24,212.14
7,29,0.24292,-69.17,1.57,110.11,-131.85,4.04,202.74
7,30,0.25061,-70.10,1.69,111.56,-120.63,15.64,189.29
7,31,0.25891,-71.03,1.66,113.01,-111.40,-3.80,174.63
7,32,0.26733,-71.72,1.63,114.13,-81.88,-4.41,132.25
7,33,0.27563,-72.40,1.62,115.23,-82.72,-1.04,133.46
7,34,0.28418,-72.84,1.62,115.98,-50.71,-0.10,86.79
7,35,0.29297,-73.26,1.62,116.71,-48.61,-0.08,83.68
7,36,0.30127,-73.42,1.62,117.06,-19.12,0.37,41.91
7,37,0.30969,-73.57,1.62,117.40,-18.12,0.40,40.94
7,38,0.31738,-73.52,1.63,117.45,6.75,0.68,5.95
7,39,0.32568,-73.47,1.63,117.49,6.62,0.71,4.78
7,40,0.33411,-73.34,1.64,117.43,15.22,0.86,-6.88
7,41,0.34277,-73.20,1.65,117.36,15.85,0.77,-8.10
7,42,0.35071,-72.94,1.66,117.10,32.69,1.06,-33.08
7,43,0.35889,-72.68,1.66,116.83,32.46,1.03,-33.21
7,44,0.36731,-72.32,1.67,116.40,42.03,0.93,-50.36
7,45,0.37561,-71.96,1.68,115.97,43.38,1.04,-52.21
7,46,0.38403,-71.51,1.69,115.37,54.35,1.05,-71.01
7,47,0.39233,-71.04,1.70,114.76,55.88,1.03,-73.16
7,48,0.40076,-70.47,1.71,113.98,67.75,1.10,-93.48
7,49,0.40955,-69.89,1.72,113.17,65.97,1.05,-91.67
7,50,0.41736,-69.12,1.70,112.07,98.44,-1.96,-141.02
7,51,0.42566,-68.30,1.64,110.88,99.63,-7.17,-143.01
7,52,0.43408,-66.54,1.63,108.30,208.70,-1.80,-306.16
7,53,0.44275,-64.76,1.58,105.71,204.58,-5.36,-299.30
7,54,0.45068,-62.72,1.54,102.89,257.69,-5.47,-355.38
7,55,0.45911,-60.68,1.49,100.09,242.39,-5.01,-332.61
7,56,0.46741,-58.71,1.47,97.59,237.13,-3.53,-301.47
7,57,0.47559,-56.75,1.44,95.11,239.93,-3.38,-302.61
7,58,0.48401,-54.86,1.43,93.10,223.55,-0.68,-239.13
7,59,0.49231,-52.98,1.43,91.10,227.21,-0.56,-240.81
7,60,0.50073,-51.03,1.44,89.34,230.80,1.59,-209.06
7,61,0.50940,-49.12,1.45,87.61,220.42,1.48,-199.65
7,62,0.51746,-47.74,1.47,86.38,172.35,1.42,-151.89
7,63,0.52576,-46.38,1.48,85.19,162.87,1.37,-143.38
7,64,0.53406,-45.64,1.49,84.58,90.07,1.04,-73.90
7,65,0.54285,-44.87,1.49,83.96,87.50,1.07,-70.83
7,66,0.55078,-43.70,1.52,83.20,146.92,3.23,-95.77
7,67,0.55908,-42.53,1.55,82.44,141.18,3.13,-90.81
7,68,0.56750,-41.26,1.58,81.79,150.36,4.44,-77.54
7,69,0.57581,-39.98,1.62,81.14,154.04,4.72,-77.94
7,70,0.58423,-38.50,1.68,80.62,176.45,6.93,-62.32
7,71,0.59241,-37.03,1.74,80.12,179.10,7.20,-61.19
7,72,0.60083,-35.94,1.80,80.04,130.07,7.26,-9.42
7,73,0.60986,-34.92,1.86,79.97,112.16,6.36,-7.09
7,74,0.61743,-35.28,1.85,80.18,-46.77,-1.27,26.61
7,75,0.62573,-35.64,1.84,80.37,-44.12,-1.25,23.53
7,76,0.63416,-36.19,1.81,80.47,-64.86,-3.19,12.32
7,77,0.64270,-36.74,1.78,80.58,-63.93,-3.14,12.14
7,78,0.65088,-37.28,1.76,80.68,-66.79,-3.28,12.69
7,79,0.65906,-37.83,1.73,80.79,-66.79,-3.28,12.69
7,80,0.66748,-38.38,1.70,80.89,-64.86,-3.18,12.32
7,81,0.67590,-38.91,1.68,81.00,-63.77,-3.05,13.41
7,82,0.68420,-39.32,1.67,81.23,-48.53,-1.30,27.21
7,83,0.69238,-39.72,1.66,81.45,-49.25,-1.32,27.61
7,84,0.70129,-40.12,1.65,81.68,-45.21,-1.25,25.34
7,85,0.70911,-40.52,1.64,81.91,-51.17,-1.33,29.30
7,86,0.71753,-40.87,1.63,82.17,-40.94,-0.69,30.43
7,87,0.72583,-41.21,1.62,82.42,-41.54,-0.66,30.88
7,88,0.73425,-41.56,1.62,82.68,-40.94,-0.69,30.43
7,89,0.74268,-41.90,1.61,82.93,-40.94,-0.65,30.43
7,90,0.75073,-42.25,1.61,83.19,-42.80,-0.72,31.82
7,91,0.75916,-42.58,1.60,83.44,-40.22,-0.63,30.07
7,92,0.76758,-42.85,1.60,83.68,-31.88,-0.30,27.90
7,93,0.77576,-43.12,1.60,83.91,-32.84,-0.26,28.73
7,94,0.78418,-43.39,1.59,84.15,-31.88,-0.30,27.90
7,95,0.79260,-43.65,1.59,84.38,-30.80,-0.21,27.54
7,96,0.80151,-43.80,1.60,84.58,-17.12,0.25,21.92
7,97,0.80908,-43.95,1.60,84.77,-20.16,0.34,25.81
7,98,0.81763,-44.11,1.60,84.97,-17.86,0.26,22.86
7,99,0.82605,-44.26,1.60,85.16,-18.12,0.30,23.19
7,100,0.83423,-44.41,1.60,85.36,-18.66,0.26,23.88
7,101,0.84302,-44.56,1.61,85.55,-17.36,0.25,22.22
7,102,0.85095,-44.72,1.61,85.75,-19.23,0.32,24.62
7,103,0.85925,-44.87,1.61,85.94,-18.01,0.27,23.16
7,104,0.86768,-44.97,1.61,86.09,-12.68,0.31,17.75
7,105,0.87585,-45.08,1.62,86.24,-13.06,0.27,18.28
7,106,0.88428,-45.19,1.62,86.39,-12.68,0.26,17.75
7,107,0.89258,-45.29,1.62,86.54,-12.87,0.31,18.01
7,108,0.90100,-45.40,1.62,86.69,-12.68,0.27,17.75
7,109,0.90991,-45.51,1.63,86.84,-11.99,0.29,16.78
7,110,0.91760,-45.61,1.63,86.99,-13.89,0.29,19.44
7,111,0.92603,-45.72,1.63,87.14,-12.68,0.27,17.75
7,112,0.93433,-45.83,1.63,87.29,-12.87,0.31,18.01
7,113,0.94312,-45.94,1.64,87.44,-12.15,0.25,17.01
7,114,0.95105,-46.04,1.64,87.59,-13.46,0.33,18.85
7,115,0.95935,-46.15,1.64,87.73,-12.50,0.27,17.65
7,116,0.96777,-46.22,1.64,87.84,-9.42,0.23,13.04
7,117,0.97595,-46.30,1.64,87.95,-9.70,0.19,13.43
7,118,0.98438,-46.38,1.65,88.06,-9.42,0.18,13.04
7,119,0.99255,-46.46,1.65,88.17,-9.70,0.23,13.43
7,120,1.00171,-46.54,1.65,88.28,-8.67,0.17,12.00
7,121,1.00928,-46.62,1.65,88.39,-10.48,0.25,14.52
7,122,1.01770,-46.70,1.65,88.50,-9.42,0.23,13.04
7,123,1.02625,-46.78,1.65,88.61,-9.29,0.18,12.86
7,124,1.03442,-46.86,1.66,88.72,-9.70,0.23,13.43
7,125,1.04272,-46.94,1.66,88.84,-9.93,0.23,14.34
7,126,1.05127,-47.08,1.66,89.05,-16.43,0.47,25.00
7,127,1.05994,-47.23,1.67,89.28,-16.90,0.55,26.06
7,128,1.06775,-47.47,1.68,89.69,-30.86,1.26,53.12
7,129,1.07593,-47.71,1.69,90.11,-28.73,1.32,51.12
7,130,1.08447,-47.92,1.71,90.68,-25.71,2.34,66.43
7,131,1.09265,-48.14,1.73,91.25,-26.87,2.49,69.40
7,132,1.10120,-48.36,1.75,91.82,-25.71,2.34,66.43
7,133,1.11011,-48.57,1.77,92.39,-22.95,2.43,64.38
7,134,1.11792,-48.61,1.80,93.00,-5.86,4.28,78.12
7,135,1.12622,-48.64,1.84,93.60,-2.94,4.09,72.79
7,136,1.13452,-48.46,1.88,94.16,21.69,5.32,66.91
7,137,1.14294,-48.25,1.93,94.70,24.64,5.27,64.49
7,138,1.15112,-47.77,1.98,95.14,59.33,6.70,53.36
7,139,1.15942,-47.25,2.03,95.54,61.76,6.57,47.79
7,140,1.16785,-46.47,2.08,95.56,93.12,5.76,2.90
7,141,1.17603,-45.67,2.13,95.53,97.76,5.71,-3.36
7,142,1.18445,-44.73,2.16,95.03,111.96,3.24,-59.06
7,143,1.19275,-43.78,2.18,94.50,114.34,3.14,-63.97
7,144,1.20178,-42.76,2.19,93.64,113.18,1.16,-95.61
7,145,1.20935,-41.74,2.20,92.76,134.68,1.19,-116.94
7,146,1.21777,-40.74,2.20,91.66,118.48,-0.54,-130.43
7,147,1.22620,-39.74,2.19,90.56,118.48,-0.59,-130.43
7,148,1.23462,-38.74,2.19,89.46,118.48,-0.54,-130.43
7,149,1.24292,-37.74,2.18,88.36,120.22,-0.60,-132.35
7,150,1.25122,-36.75,2.18,87.26,120.22,-0.55,-132.35
7,151,1.25952,-35.76,2.17,86.17,118.75,-0.60,-131.62
7,152,1.26782,-34.88,2.17,85.13,106.25,-1.01,-125.00
7,153,1.27612,-34.00,2.16,84.10,105.51,-0.96,-124.26
7,154,1.28455,-33.20,2.15,83.14,95.65,-1.00,-114.13
7,155,1.29285,-32.40,2.14,82.19,95.96,-0.95,-114.34
7,156,1.30115,-31.68,2.13,81.34,86.40,-0.90,-102.94
7,157,1.31018,-30.98,2.13,80.49,78.38,-0.76,-93.24
7,158,1.31787,-30.36,2.12,79.78,79.76,-0.73,-93.25
7,159,1.32629,-29.76,2.12,79.07,71.38,-0.60,-83.33
7,160,1.33472,-29.27,2.11,78.53,58.33,-0.32,-64.49
7,161,1.34387,-28.79,2.11,78.01,52.00,-0.23,-57.33
7,162,1.35217,-28.43,2.11,77.66,44.12,0.19,-42.28
7,163,1.36072,-28.08,2.11,77.33,40.71,0.18,-38.21
7,164,1.36816,-27.79,2.12,77.11,38.52,0.53,-29.92
7,165,1.37646,-27.52,2.12,76.89,33.09,0.50,-25.74
7,166,1.38464,-27.24,2.13,76.68,33.58,0.46,-26.12
7,167,1.39307,-26.98,2.13,76.48,31.16,0.53,-23.19
7,168,1.40234,-26.78,2.14,76.38,21.71,0.63,-11.18
7,169,1.41052,-26.58,2.14,76.28,24.63,0.71,-12.69
7,170,1.41809,-26.38,2.15,76.17,26.61,0.82,-13.71
7,171,1.42651,-26.19,2.15,76.08,22.46,0.71,-10.51
7,172,1.43506,-26.05,2.16,76.07,15.71,0.87,-1.79
7,173,1.44397,-25.92,2.17,76.05,15.07,0.79,-1.71
7,174,1.45227,-25.78,2.18,76.04,16.18,0.85,-1.84
7,175,1.46106,-25.65,2.18,76.02,15.28,0.85,-1.74
7,176,1.46826,-25.52,2.19,76.01,18.64,0.98,-2.12
7,177,1.47644,-25.40,2.20,76.00,14.55,0.82,-0.75
7,178,1.48486,-25.34,2.20,76.04,7.25,0.70,4.71
7,179,1.49390,-25.27,2.21,76.08,6.76,0.73,4.39
7,180,1.50232,-25.21,2.22,76.12,7.25,0.70,4.71
7,181,1.51062,-25.15,2.22,76.16,7.35,0.71,4.78
7,182,1.51819,-25.09,2.23,76.20,8.06,0.77,5.24
7,183,1.52649,-25.03,2.23,76.24,7.35,0.76,4.78
7,184,1.53479,-24.97,2.24,76.28,7.35,0.71,4.78
7,185,1.54382,-24.91,2.25,76.32,6.08,0.63,4.05
7,186,1.55237,-24.90,2.25,76.35,2.14,0.34,3.93
7,187,1.56128,-24.88,2.25,76.38,2.05,0.37,3.77
7,188,1.56812,-24.86,2.25,76.42,2.68,0.43,4.91
8,0,0.00000,0.00,0.00,0.00,-2033.87,47.74,2492.34
8,1,0.00854,-15.39,-0.01,18.86,-1801.43,-1.27,2207.50
8,2,0.01685,-20.09,-0.01,24.46,-565.81,-0.36,673.90
8,3,0.02625,-24.79,-0.02,30.05,-499.68,-0.32,595.13
8,4,0.03442,-28.53,-0.02,34.52,-458.21,-0.29,547.01
8,5,0.04285,-32.28,-0.02,39.00,-444.93,-0.29,531.16
8,6,0.05029,-35.28,-0.22,42.63,-402.05,-27.04,487.70
8,7,0.05859,-38.27,-0.58,46.26,-360.66,-43.59,437.50
8,8,0.06714,-40.87,-0.91,49.85,-304.29,-38.50,419.64
8,9,0.07715,-43.47,-1.24,53.43,-259.76,-32.87,358.23
8,10,0.08374,-45.95,-1.56,56.90,-375.93,-47.89,526.39
8,11,0.09265,-48.33,-1.86,60.24,-267.81,-34.10,374.66
8,12,0.10059,-50.53,-2.14,63.31,-277.31,-35.26,386.92
8,13,0.10876,-52.73,-2.42,66.38,-268.66,-34.20,374.63
8,14,0.11731,-54.86,-2.69,69.27,-248.93,-31.33,338.21
8,15,0.12634,-56.99,-2.96,72.15,-235.47,-29.67,319.59
8,16,0.13391,-59.13,-3.22,74.94,-283.87,-35.04,367.74
8,17,0.14270,-61.28,-3.49,77.71,-244.44,-30.24,315.97
8,18,0.15051,-63.42,-3.75,80.32,-274.22,-33.12,333.20
8,19,0.15906,-65.55,-4.00,82.90,-249.29,-30.14,302.50
8,20,0.16748,-67.35,-4.22,85.01,-213.41,-25.45,250.36
8,21,0.17627,-69.15,-4.43,87.11,-204.17,-24.34,239.24
8,22,0.18457,-70.81,-4.63,89.07,-200.00,-23.93,235.66
8,23,0.19324,-72.46,-4.83,91.02,-190.85,-22.84,225.00
8,24,0.20142,-73.98,-5.01,92.82,-185.45,-22.20,220.52
8,25,0.20923,-75.49,-5.19,94.63,-194.14,-23.29,230.86
8,26,0.21765,-77.01,-5.38,96.43,-180.07,-21.61,214.13
8,27,0.22607,-78.52,-5.56,98.23,-179.35,-21.48,213.41
8,28,0.23499,-79.90,-5.72,99.89,-154.45,-18.64,186.99
8,29,0.24353,-81.27,-5.89,101.55,-160.00,-19.35,193.93
8,30,0.25110,-82.35,-6.02,102.89,-143.55,-17.42,177.02
8,31,0.25977,-83.43,-6.15,104.22,-124.30,-15.13,153.17
8,32,0.26782,-84.24,-6.25,105.25,-100.76,-12.28,127.65
8,33,0.27637,-85.04,-6.35,106.26,-93.57,-11.56,118.93
8,34,0.28503,-85.55,-6.41,106.95,-59.15,-7.37,79.23
8,35,0.29260,-86.06,-6.48,107.62,-66.53,-8.34,89.11
8,36,0.30103,-86.25,-6.50,107.95,-23.55,-3.24,38.77
8,37,0.30969,-86.44,-6.53,108.27,-21.83,-2.98,36.62
8,38,0.31775,-86.40,-6.53,108.32,5.68,0.19,6.44
8,39,0.32605,-86.35,-6.52,108.36,5.88,0.29,5.51
8,40,0.33447,-86.22,-6.51,108.32,15.94,1.45,-5.07
8,41,0.34265,-86.07,-6.50,108.27,17.16,1.55,-6.34
8,42,0.35120,-85.78,-6.47,108.04,33.93,3.64,-27.14
8,43,0.35938,-85.49,-6.44,107.80,35.82,3.80,-28.73
8,44,0.36780,-85.09,-6.39,107.42,47.46,5.24,-44.93
8,45,0.37598,-84.69,-6.35,107.04,49.25,5.54,-47.01
8,46,0.38452,-84.17,-6.29,106.50,61.07,6.97,-63.57
8,47,0.39429,-83.64,-6.23,105.95,54.06,6.21,-56.25
8,48,0.40125,-82.95,-6.15,105.19,98.68,11.53,-108.33
8,49,0.40930,-82.28,-6.07,104.45,83.71,9.79,-92.05
8,50,0.41785,-81.39,-5.96,103.45,104.29,12.27,-117.86
8,51,0.42615,-80.40,-5.85,102.32,119.12,14.09,-135.29
8,52,0.43445,-78.36,-5.60,99.96,245.96,29.20,-284.56
8,53,0.44287,-76.29,-5.36,97.58,245.29,29.12,-282.61
8,54,0.45105,-73.94,-5.09,95.01,287.69,33.48,-314.18
8,55,0.45947,-71.59,-4.81,92.47,278.26,32.31,-301.81
8,56,0.46777,-69.35,-4.56,90.20,269.85,30.71,-272.79
8,57,0.47632,-67.13,-4.31,87.98,260.71,29.50,-260.00
8,58,0.48511,-65.03,-4.08,86.20,238.89,25.78,-203.12
8,59,0.49341,-62.92,-3.85,84.43,253.31,27.28,-212.50
8,60,0.50110,-60.79,-3.63,82.90,276.98,28.60,-198.81
8,61,0.50952,-58.72,-3.42,81.42,246.74,25.49,-176.45
8,62,0.51770,-57.20,-3.26,80.36,185.82,19.03,-129.48
8,63,0.52625,-55.74,-3.11,79.35,170.71,17.46,-118.57
8,64,0.53430,-54.93,-3.03,78.82,100.76,10.17,-65.15
8,65,0.54248,-54.08,-2.95,78.29,103.73,10.41,-65.30
8,66,0.55090,-52.83,-2.83,77.66,147.83,14.17,-73.91
8,67,0.55920,-51.58,-2.71,77.05,151.10,14.38,-73.90
8,68,0.56787,-50.24,-2.59,76.54,153.87,14.09,-58.45
8,69,0.57654,-48.89,-2.46,76.05,155.99,14.15,-56.69
8,70,0.58545,-47.35,-2.33,75.70,172.60,14.83,-39.38
8,71,0.59265,-45.86,-2.20,75.38,208.05,17.75,-44.07
8,72,0.60107,-44.76,-2.12,75.43,130.07,9.98,5.43
8,73,0.60938,-43.79,-2.05,75.49,116.91,8.91,6.62
8,74,0.61780,-44.16,-2.08,75.64,-44.20,-4.10,18.84
8,75,0.62622,-44.55,-2.12,75.79,-46.38,-4.28,17.75
8,76,0.63440,-45.11,-2.16,75.83,-67.91,-5.48,4.85
8,77,0.64270,-45.66,-2.21,75.87,-66.91,-5.35,4.78
8,78,0.65125,-46.22,-2.25,75.91,-65.00,-5.24,4.64
8,79,0.65955,-46.77,-2.29,75.95,-66.91,-5.40,4.78
8,80,0.66785,-47.33,-2.34,75.99,-66.91,-5.40,4.78
8,81,0.67615,-47.87,-2.38,76.04,-65.44,-5.29,6.25
8,82,0.68506,-48.30,-2.42,76.22,-47.60,-4.46,20.21
8,83,0.69275,-48.72,-2.46,76.40,-55.16,-5.12,23.41
8,84,0.70117,-49.15,-2.50,76.58,-50.36,-4.67,21.38
8,85,0.70947,-49.57,-2.54,76.77,-50.74,-4.77,22.06
8,86,0.71777,-49.94,-2.58,76.98,-44.85,-4.35,25.74
8,87,0.72620,-50.31,-2.61,77.19,-44.20,-4.38,25.36
8,88,0.73450,-50.68,-2.65,77.41,-44.85,-4.40,25.74
8,89,0.74292,-51.06,-2.69,77.62,-44.20,-4.33,25.36
8,90,0.75110,-51.43,-2.72,77.84,-45.52,-4.51,26.12
8,91,0.75952,-51.79,-2.76,78.05,-43.48,-4.28,25.36
8,92,0.76782,-52.09,-2.79,78.25,-35.29,-3.60,24.26
8,93,0.77625,-52.38,-2.82,78.45,-34.78,-3.54,23.91
8,94,0.78516,-52.67,-2.85,78.65,-32.88,-3.39,22.60
8,95,0.79285,-52.96,-2.88,78.85,-36.90,-3.79,26.19
8,96,0.80127,-53.13,-2.90,79.03,-20.65,-2.34,21.01
8,97,0.80957,-53.31,-2.92,79.21,-20.96,-2.42,21.32
8,98,0.81824,-53.48,-2.94,79.39,-20.07,-2.27,20.42
8,99,0.82629,-53.65,-2.96,79.56,-21.59,-2.44,21.97
8,100,0.83459,-53.83,-2.98,79.74,-20.96,-2.42,21.32
8,101,0.84290,-54.00,-3.00,79.92,-20.96,-2.37,21.32
8,102,0.85193,-54.17,-3.02,80.09,-19.26,-2.18,19.59
8,103,0.85962,-54.34,-3.04,80.27,-21.83,-2.53,22.62
8,104,0.86792,-54.46,-3.05,80.40,-14.71,-1.71,16.54
8,105,0.87622,-54.59,-3.07,80.54,-14.71,-1.71,16.54
8,106,0.88538,-54.71,-3.08,80.68,-13.33,-1.55,15.00
8,107,0.89294,-54.83,-3.09,80.82,-16.13,-1.93,18.15
8,108,0.90137,-54.95,-3.11,80.95,-14.49,-1.73,16.30
8,109,0.90967,-55.08,-3.12,81.09,-14.71,-1.71,16.54
8,110,0.91797,-55.20,-3.14,81.23,-14.71,-1.76,16.54
8,111,0.92627,-55.32,-3.15,81.37,-14.71,-1.71,16.54
8,112,0.93457,-55.44,-3.17,81.50,-14.71,-1.71,16.54
8,113,0.94299,-55.56,-3.18,81.64,-14.49,-1.69,16.30
8,114,0.95203,-55.69,-3.20,81.78,-13.51,-1.62,15.20
8,115,0.95959,-55.80,-3.21,81.91,-15.73,-1.83,17.74
8,116,0.96802,-55.90,-3.22,82.01,-10.87,-1.30,11.96
8,117,0.97644,-55.99,-3.23,82.11,-10.87,-1.25,11.96
8,118,0.98474,-56.08,-3.24,82.21,-11.03,-1.31,12.13
8,119,0.99304,-56.17,-3.25,82.32,-11.03,-1.27,12.13
8,120,1.00146,-56.26,-3.26,82.42,-10.87,-1.30,11.96
8,121,1.00977,-56.35,-3.27,82.52,-11.03,-1.27,12.13
8,122,1.01794,-56.45,-3.28,82.62,-11.19,-1.29,12.31
8,123,1.02637,-56.54,-3.29,82.72,-10.87,-1.30,11.96
8,124,1.03479,-56.63,-3.31,82.82,-10.87,-1.25,11.96
8,125,1.04370,-56.73,-3.32,82.93,-10.96,-1.31,12.33
8,126,1.05200,-56.89,-3.34,83.12,-19.85,-2.36,23.53
8,127,1.05969,-57.06,-3.36,83.33,-22.62,-2.76,27.38
8,128,1.06799,-57.35,-3.39,83.71,-33.82,-4.22,45.22
8,129,1.07654,-57.63,-3.43,84.10,-32.86,-4.15,45.36
8,130,1.08545,-57.91,-3.47,84.64,-31.85,-4.60,60.62
8,131,1.09314,-58.19,-3.51,85.18,-36.90,-5.38,70.24
8,132,1.10144,-58.48,-3.55,85.72,-34.19,-4.94,65.07
8,133,1.10974,-58.75,-3.59,86.26,-32.35,-4.87,65.81
8,134,1.11804,-58.86,-3.62,86.87,-13.60,-3.59,72.43
8,135,1.12646,-58.95,-3.65,87.46,-11.23,-3.40,71.01
8,136,1.13477,-58.84,-3.66,88.03,13.97,-1.30,68.75
8,137,1.14368,-58.69,-3.67,88.60,16.10,-0.99,63.36
8,138,1.15186,-58.26,-3.65,89.09,52.61,2.04,59.70
8,139,1.15967,-57.80,-3.63,89.54,58.98,2.50,58.59
8,140,1.16797,-57.03,-3.58,89.66,93.38,6.78,13.60
8,141,1.17639,-56.23,-3.52,89.73,94.20,7.03,8.33
8,142,1.18469,-55.24,-3.43,89.34,119.49,11.00,-46.69
8,143,1.19287,-54.24,-3.33,88.92,122.76,11.36,-51.12
8,144,1.20129,-53.13,-3.22,88.18,131.88,13.42,-88.04
8,145,1.20984,-52.01,-3.11,87.42,130.36,13.30,-89.29
8,146,1.21802,-50.90,-2.99,86.44,136.57,14.85,-119.40
8,147,1.22632,-49.78,-2.86,85.46,134.56,14.67,-117.65
8,148,1.23474,-48.66,-2.74,84.49,132.61,14.42,-115.94
8,149,1.24365,-47.55,-2.62,83.51,125.34,13.67,-109.59
8,150,1.25195,-46.43,-2.50,82.53,134.56,14.63,-117.65
8,151,1.25964,-45.32,-2.38,81.56,143.65,15.70,-126.59
8,152,1.26807,-44.33,-2.27,80.63,118.12,13.09,-110.51
8,153,1.27661,-43.34,-2.16,79.71,115.71,12.82,-108.21
8,154,1.28503,-42.43,-2.06,78.84,107.97,12.06,-102.54
8,155,1.29333,-41.53,-1.96,77.99,108.46,12.07,-102.94
8,156,1.30237,-40.72,-1.87,77.22,89.53,10.00,-85.14
8,157,1.31018,-39.92,-1.78,76.46,102.34,11.37,-96.88
8,158,1.31836,-39.23,-1.70,75.82,84.33,9.32,-78.73
8,159,1.32678,-38.56,-1.63,75.19,80.43,8.96,-74.64
8,160,1.33569,-38.01,-1.57,74.70,61.64,6.69,-54.45
8,161,1.34412,-37.47,-1.51,74.24,63.41,6.91,-55.43
8,162,1.35242,-37.08,-1.47,73.94,47.06,4.98,-36.03
8,163,1.36035,-36.70,-1.43,73.65,48.46,5.06,-36.54
8,164,1.36816,-36.40,-1.40,73.47,37.89,3.71,-23.05
8,165,1.37659,-36.11,-1.37,73.29,35.14,3.53,-21.38
8,166,1.38489,-35.81,-1.34,73.11,35.66,3.54,-21.69
8,167,1.39331,-35.52,-1.31,72.94,34.42,3.39,-20.29
8,168,1.40161,-35.31,-1.29,72.86,25.74,2.33,-9.56
8,169,1.41003,-35.09,-1.27,72.78,25.36,2.34,-9.42
8,170,1.41833,-34.88,-1.25,72.70,25.74,2.38,-9.56
8,171,1.42664,-34.67,-1.23,72.63,24.63,2.22,-8.82
8,172,1.43506,-34.54,-1.22,72.63,15.94,1.23,0.00
8,173,1.44397,-34.41,-1.21,72.63,15.07,1.16,0.00
8,174,1.45227,-34.27,-1.20,72.63,16.18,1.24,0.00
8,175,1.45996,-34.14,-1.19,72.63,17.46,1.39,0.00
8,176,1.46826,-34.00,-1.18,72.63,16.18,1.24,0.00
8,177,1.47681,-33.87,-1.17,72.63,15.00,1.14,0.36
8,178,1.48511,-33.82,-1.17,72.67,6.99,0.42,5.51
8,179,1.49341,-33.76,-1.17,72.72,6.99,0.28,5.51
8,180,1.50256,-33.70,-1.16,72.77,6.33,0.34,5.00
8,181,1.51001,-33.64,-1.16,72.81,7.79,0.42,6.15
8,182,1.51831,-33.58,-1.16,72.86,6.99,0.33,5.51
8,183,1.52673,-33.53,-1.15,72.90,6.88,0.37,5.43
8,184,1.53577,-33.47,-1.15,72.95,6.42,0.26,5.07
8,185,1.54346,-33.42,-1.15,72.99,6.75,0.36,5.56
8,186,1.55176,-33.40,-1.15,73.03,1.84,0.01,4.41
8,187,1.56006,-33.39,-1.15,73.07,1.84,-0.03,4.41
8,188,1.56848,-33.37,-1.15,73.10,1.81,0.01,4.35
9,0,0.00000,0.00,0.00,0.00,-2795.96,-310.88,-886.03
9,1,0.00867,-23.21,-2.90,-7.35,-2677.82,-334.77,-848.59
9,2,0.01758,-30.14,-3.77,-9.66,-778.08,-97.04,-258.56
9,3,0.02612,-37.08,-4.63,-11.96,-811.43,-101.27,-269.64
9,4,0.03394,-42.61,-5.32,-13.80,-708.98,-88.44,-234.77
9,5,0.04224,-48.15,-6.01,-15.63,-667.28,-83.24,-220.96
9,6,0.05054,-52.63,-6.57,-17.07,-539.34,-67.34,-173.90
9,7,0.05957,-57.11,-7.13,-18.52,-495.61,-61.96,-159.80
9,8,0.06799,-61.40,-7.67,-19.61,-509.78,-64.18,-130.07
9,9,0.07556,-65.70,-8.21,-20.71,-567.34,-71.43,-144.76
9,10,0.08398,-69.69,-8.72,-21.70,-474.28,-59.80,-117.39
9,11,0.09241,-73.68,-9.10,-22.69,-474.28,-45.16,-117.39
9,12,0.10083,-77.35,-9.47,-23.60,-435.14,-43.85,-108.33
9,13,0.10999,-81.02,-9.81,-24.51,-400.33,-38.03,-99.67
9,14,0.11804,-84.60,-10.15,-25.45,-445.08,-41.97,-116.67
9,15,0.12622,-88.07,-10.48,-26.36,-423.88,-39.88,-111.57
9,16,0.13416,-91.45,-10.79,-27.33,-425.77,-39.45,-122.31
9,17,0.14246,-94.82,-11.10,-28.31,-406.25,-37.61,-117.28
9,18,0.15076,-98.03,-11.40,-29.34,-386.76,-35.03,-124.26
9,19,0.15967,-101.22,-11.68,-30.37,-357.88,-32.38,-115.41
9,20,0.16748,-103.84,-11.92,-31.26,-335.94,-29.97,-114.45
9,21,0.17578,-106.46,-12.15,-32.15,-315.44,-28.19,-107.35
9,22,0.18420,-108.89,-12.37,-32.97,-288.41,-25.82,-97.46
9,23,0.19299,-111.31,-12.59,-33.79,-275.69,-24.66,-93.06
9,24,0.20105,-113.55,-12.79,-34.54,-277.27,-24.89,-92.42
9,25,0.20972,-115.78,-12.99,-35.28,-257.75,-23.13,-85.92
9,26,0.21790,-118.01,-13.19,-36.03,-273.13,-24.52,-91.04
9,27,0.22607,-120.24,-13.39,-36.77,-272.39,-24.46,-90.67
9,28,0.23376,-122.30,-13.57,-37.43,-267.46,-24.15,-86.51
9,29,0.24207,-124.34,-13.76,-38.09,-246.32,-22.29,-79.41
9,30,0.25037,-125.99,-13.93,-38.61,-198.53,-20.98,-62.13
9,31,0.25916,-127.62,-13.97,-39.12,-185.76,-3.95,-58.33
9,32,0.26697,-128.88,-14.06,-39.50,-160.55,-12.01,-48.05
9,33,0.27527,-130.12,-14.15,-39.87,-149.26,-11.17,-44.85
9,34,0.28357,-130.94,-14.22,-40.09,-99.63,-7.62,-26.84
9,35,0.29199,-131.76,-14.28,-40.31,-96.38,-7.43,-26.09
9,36,0.30029,-132.14,-14.31,-40.37,-45.59,-3.80,-7.72
9,37,0.30847,-132.50,-14.34,-40.43,-44.78,-3.76,-7.09
9,38,0.31738,-132.53,-14.35,-40.37,-3.42,-0.73,6.85
9,39,0.32520,-132.56,-14.36,-40.31,-3.52,-0.87,8.20
9,40,0.33350,-132.47,-14.35,-40.20,11.03,0.22,13.24
9,41,0.34192,-132.37,-14.35,-40.08,11.59,0.22,13.41
9,42,0.35034,-132.05,-14.33,-39.90,38.04,2.21,21.74
9,43,0.35901,-131.72,-14.31,-39.72,37.68,2.17,21.48
9,44,0.36694,-131.22,-14.28,-39.48,63.08,4.08,29.23
9,45,0.37524,-130.72,-14.25,-39.25,61.03,3.95,27.94
9,46,0.38367,-130.02,-14.20,-38.96,82.61,5.61,34.06
9,47,0.39197,-129.32,-14.15,-38.68,84.93,5.80,34.56
9,48,0.40027,-128.41,-14.09,-38.33,109.56,7.67,41.54
9,49,0.40894,-127.48,-14.03,-37.99,106.34,7.42,40.14
9,50,0.41809,-126.22,-13.94,-37.53,138.00,9.84,49.67
9,51,0.42554,-124.90,-13.84,-37.05,177.46,12.62,63.93
9,52,0.43396,-121.95,-13.62,-36.03,350.00,25.96,121.74
9,53,0.44238,-118.99,-13.36,-35.00,351.45,31.24,122.46
9,54,0.45068,-115.74,-13.08,-33.76,391.91,33.96,149.26
9,55,0.45911,-112.49,-12.80,-32.52,385.14,33.40,147.10
9,56,0.46741,-109.56,-12.55,-31.27,352.94,29.66,150.37
9,57,0.47571,-106.65,-12.31,-30.02,350.74,29.41,150.37
9,58,0.48413,-104.22,-12.12,-28.73,289.13,22.33,153.62
9,59,0.49243,-101.79,-11.93,-27.43,292.28,22.55,156.25
9,60,0.50085,-99.58,-11.78,-26.01,261.96,18.45,168.48
9,61,0.50916,-97.40,-11.62,-24.61,262.87,18.49,169.12
9,62,0.51819,-95.86,-11.52,-23.59,170.95,11.83,113.18
9,63,0.52661,-94.34,-11.41,-22.58,180.07,12.44,119.57
9,64,0.53418,-93.55,-11.36,-22.02,104.03,6.85,74.19
9,65,0.54260,-92.76,-11.31,-21.44,94.57,6.19,68.12
9,66,0.55078,-91.72,-11.25,-20.52,126.87,6.96,113.43
9,67,0.55933,-90.69,-11.19,-19.58,121.07,6.54,109.29
9,68,0.56763,-89.72,-11.15,-18.53,115.81,4.85,126.84
9,69,0.57581,-88.77,-11.11,-17.47,117.16,4.85,129.85
9,70,0.58423,-87.87,-11.10,-16.17,106.16,2.09,154.35
9,71,0.59253,-87.00,-11.08,-14.88,105.51,1.90,155.51
9,72,0.60107,-86.63,-11.10,-13.84,42.50,-2.19,121.07
9,73,0.60913,-86.29,-11.07,-12.85,42.05,3.77,123.11
9,74,0.61804,-86.58,-11.05,-13.14,-32.19,2.21,-32.53
9,75,0.62573,-86.87,-11.06,-13.44,-36.90,-0.96,-38.49
9,76,0.63428,-87.11,-11.07,-13.94,-28.21,-1.95,-58.57
9,77,0.64258,-87.35,-11.10,-14.44,-29.41,-3.29,-60.29
9,78,0.65088,-87.59,-11.12,-14.94,-29.04,-2.78,-60.29
9,79,0.65930,-87.84,-11.14,-15.44,-28.99,-1.72,-59.42
9,80,0.66760,-88.08,-11.13,-15.94,-29.04,0.57,-60.29
9,81,0.67578,-88.32,-11.13,-16.43,-29.85,0.44,-60.45
9,82,0.68420,-88.64,-11.14,-16.76,-38.41,-1.75,-39.13
9,83,0.69263,-88.97,-11.16,-17.09,-38.41,-1.78,-39.13
9,84,0.70105,-89.29,-11.17,-17.42,-38.41,-1.78,-39.13
9,85,0.70923,-89.61,-11.19,-17.75,-39.55,-1.90,-39.93
9,86,0.71814,-89.95,-11.21,-18.01,-37.67,-2.30,-29.79
9,87,0.72595,-90.29,-11.23,-18.28,-42.97,-2.66,-33.98
9,88,0.73425,-90.62,-11.25,-18.55,-40.44,-2.46,-31.99
9,89,0.74255,-90.96,-11.27,-18.81,-40.44,-2.46,-31.99
9,90,0.75098,-91.29,-11.29,-19.08,-39.86,-2.47,-31.52
9,91,0.75928,-91.63,-11.31,-19.34,-40.44,-2.43,-31.62
9,92,0.76758,-91.93,-11.33,-19.54,-35.66,-2.53,-23.90
9,93,0.77588,-92.22,-11.35,-19.74,-35.66,-2.39,-23.90
9,94,0.78430,-92.52,-11.37,-19.93,-35.14,-2.44,-23.55
9,95,0.79272,-92.81,-11.39,-20.13,-34.78,-2.38,-23.19
9,96,0.80090,-93.04,-11.41,-20.22,-27.99,-2.40,-11.57
9,97,0.80920,-93.27,-11.43,-20.32,-27.57,-2.32,-11.40
9,98,0.81812,-93.50,-11.45,-20.41,-25.68,-2.16,-10.62
9,99,0.82654,-93.73,-11.47,-20.51,-27.17,-2.33,-11.23
9,100,0.83423,-93.96,-11.49,-20.61,-30.16,-2.52,-12.70
9,101,0.84253,-94.19,-11.51,-20.70,-27.57,-2.32,-11.40
9,102,0.85083,-94.42,-11.53,-20.79,-27.57,-2.37,-11.40
9,103,0.85938,-94.64,-11.55,-20.89,-26.43,-2.21,-11.07
9,104,0.86768,-94.81,-11.56,-20.95,-20.59,-1.78,-7.72
9,105,0.87646,-94.98,-11.58,-21.02,-19.44,-1.74,-7.29
9,106,0.88428,-95.15,-11.59,-21.08,-21.88,-1.89,-8.20
9,107,0.89246,-95.32,-11.61,-21.15,-20.90,-1.82,-7.84
9,108,0.90100,-95.50,-11.62,-21.21,-20.00,-1.76,-7.50
9,109,0.90918,-95.67,-11.64,-21.27,-20.90,-1.80,-7.84
9,110,0.91833,-95.84,-11.65,-21.34,-18.67,-1.61,-7.00
9,111,0.92664,-96.01,-11.67,-21.40,-20.59,-1.82,-7.72
9,112,0.93420,-96.18,-11.68,-21.47,-22.58,-1.97,-8.47
9,113,0.94263,-96.35,-11.70,-21.53,-20.29,-1.75,-7.61
9,114,0.95093,-96.52,-11.71,-21.59,-20.59,-1.79,-7.72
9,115,0.95935,-96.69,-11.73,-21.66,-20.29,-1.75,-7.61
9,116,0.96765,-96.82,-11.74,-21.70,-15.44,-1.39,-5.51
9,117,0.97595,-96.95,-11.75,-21.75,-15.44,-1.36,-5.51
9,118,0.98438,-97.08,-11.76,-21.80,-15.22,-1.32,-5.43
9,119,0.99280,-97.20,-11.77,-21.84,-15.22,-1.37,-5.43
9,120,1.00098,-97.33,-11.78,-21.89,-15.67,-1.36,-5.60
9,121,1.00940,-97.46,-11.80,-21.93,-15.22,-1.37,-5.43
9,122,1.01831,-97.59,-11.81,-21.98,-14.38,-1.25,-5.14
9,123,1.02600,-97.72,-11.82,-22.02,-16.67,-1.50,-5.95
9,124,1.03442,-97.85,-11.83,-22.07,-15.22,-1.28,-5.43
9,125,1.04285,-97.98,-11.84,-22.12,-15.94,-1.43,-5.80
9,126,1.05103,-98.22,-11.86,-22.20,-29.85,-2.73,-9.70
9,127,1.05945,-98.48,-11.89,-22.28,-30.07,-2.70,-9.78
9,128,1.06775,-98.93,-11.93,-22.40,-54.41,-5.11,-14.71
9,129,1.07605,-99.39,-11.97,-22.52,-55.15,-5.21,-14.34
9,130,1.08508,-99.99,-12.04,-22.59,-67.23,-7.00,-7.09
9,131,1.09277,-100.60,-12.10,-22.65,-79.37,-8.22,-8.33
9,132,1.10107,-101.21,-12.16,-22.71,-73.16,-7.65,-7.72
9,133,1.10938,-101.82,-12.23,-22.77,-73.16,-7.68,-6.62
9,134,1.11792,-102.42,-12.30,-22.65,-70.36,-8.60,13.57
9,135,1.12708,-103.02,-12.37,-22.53,-65.00,-8.08,14.00
9,136,1.13452,-103.52,-12.45,-22.19,-68.44,-10.39,44.67
9,137,1.14294,-103.99,-12.52,-21.85,-55.80,-8.70,40.94
9,138,1.15137,-104.29,-12.59,-21.27,-35.14,-8.24,68.84
9,139,1.15967,-104.54,-12.66,-20.67,-29.78,-7.79,72.06
9,140,1.16797,-104.35,-12.69,-19.91,22.06,-3.33,91.91
9,141,1.17627,-104.12,-12.71,-19.14,28.31,-2.63,92.28
9,142,1.18518,-103.39,-12.68,-18.36,81.51,3.50,87.67
9,143,1.19299,-102.63,-12.64,-17.58,97.66,4.57,99.61
9,144,1.20129,-101.53,-12.57,-16.82,132.35,8.95,91.54
9,145,1.20972,-100.41,-12.49,-16.07,132.97,9.10,89.49
9,146,1.21851,-99.09,-12.39,-15.39,150.35,11.79,77.08
9,147,1.22632,-97.77,-12.28,-14.71,169.14,13.28,86.72
9,148,1.23474,-96.45,-12.18,-14.04,156.88,12.29,80.43
9,149,1.24304,-95.13,-12.07,-13.36,159.19,12.56,81.62
9,150,1.25146,-93.80,-11.97,-12.68,156.88,12.32,80.43
9,151,1.25977,-92.49,-11.87,-12.01,158.09,12.41,80.51
9,152,1.26819,-91.26,-11.73,-11.43,146.38,15.82,69.20
9,153,1.27637,-90.04,-11.59,-10.85,149.63,17.17,70.52
9,154,1.28479,-88.90,-11.39,-10.32,135.14,23.74,62.68
9,155,1.29321,-87.77,-11.26,-9.80,133.70,16.44,61.96
9,156,1.30151,-86.76,-11.13,-9.33,122.06,14.92,56.62
9,157,1.30981,-85.76,-11.01,-8.87,119.85,14.69,55.88
9,158,1.31873,-84.91,-10.90,-8.46,95.89,11.76,45.55
9,159,1.32654,-84.08,-10.80,-8.07,106.64,13.08,50.78
9,160,1.33484,-83.42,-10.72,-7.73,78.68,9.60,40.07
9,161,1.34326,-82.79,-10.65,-7.41,74.64,9.06,38.41
9,162,1.35168,-82.37,-10.60,-7.16,50.00,6.07,30.07
9,163,1.35986,-81.96,-10.55,-6.91,50.00,6.06,30.60
9,164,1.36829,-81.69,-10.51,-6.70,32.97,3.80,25.00
9,165,1.37708,-81.41,-10.48,-6.48,31.60,3.76,23.96
9,166,1.38477,-81.13,-10.45,-6.27,36.11,4.30,27.38
9,167,1.39319,-80.87,-10.42,-6.07,31.52,3.66,24.28
9,168,1.40137,-80.71,-10.40,-5.90,18.66,2.13,20.52
9,169,1.40979,-80.56,-10.38,-5.73,18.12,1.98,19.93
9,170,1.41870,-80.41,-10.37,-5.57,17.12,1.92,18.84
9,171,1.42627,-80.26,-10.35,-5.40,18.95,2.15,21.77
9,172,1.43457,-80.22,-10.34,-5.28,5.88,0.55,15.07
9,173,1.44312,-80.17,-10.34,-5.15,5.71,0.45,14.64
9,174,1.45129,-80.12,-10.34,-5.03,5.97,0.61,15.30
9,175,1.45959,-80.07,-10.33,-4.90,5.88,0.55,15.07
9,176,1.46790,-80.02,-10.33,-4.78,5.88,0.46,15.07
9,177,1.47693,-79.98,-10.32,-4.66,4.73,0.43,13.18
9,178,1.48462,-80.00,-10.33,-4.59,-2.78,-0.48,9.13
9,179,1.49292,-80.02,-10.33,-4.52,-2.57,-0.53,8.46
9,180,1.50122,-80.04,-10.34,-4.45,-2.57,-0.49,8.46
9,181,1.50964,-80.06,-10.34,-4.38,-2.54,-0.43,8.33
9,182,1.51868,-80.08,-10.34,-4.31,-2.36,-0.45,7.77
9,183,1.52637,-80.11,-10.35,-4.24,-2.78,-0.47,9.13
9,184,1.53479,-80.13,-10.35,-4.17,-2.54,-0.44,8.33
9,185,1.54309,-80.15,-10.36,-4.10,-2.57,-0.52,8.09
9,186,1.55151,-80.18,-10.36,-4.07,-3.26,-0.36,3.26
9,187,1.55981,-80.20,-10.36,-4.04,-3.31,-0.55,3.31
9,188,1.56824,-80.23,-10.37,-4.02,-3.26,-0.45,3.26
10,0,0.00000,0.00,0.00,0.00,-2812.50,933.95,833.82
10,1,0.00891,-23.35,7.22,6.92,-2619.86,810.43,776.71
10,2,0.01697,-30.38,9.13,8.90,-872.73,236.96,245.45
10,3,0.02527,-37.41,10.28,10.88,-847.06,138.80,238.24
10,4,0.03357,-43.02,11.18,12.46,-676.47,108.22,191.18
10,5,0.04187,-48.64,12.08,14.05,-676.47,108.22,191.18
10,6,0.05090,-53.16,12.81,15.37,-500.68,80.55,145.61
10,7,0.05872,-57.68,13.53,16.68,-578.12,93.03,168.36
10,8,0.06714,-61.85,14.23,18.18,-494.93,82.19,177.90
10,9,0.07568,-66.02,14.92,19.68,-487.86,81.11,175.36
10,10,0.08386,-69.88,15.68,21.10,-472.39,92.94,173.51
10,11,0.09229,-73.74,16.43,22.52,-458.70,89.51,168.48
10,12,0.10046,-77.29,17.13,23.81,-433.58,85.39,158.58
10,13,0.10925,-80.83,17.83,25.11,-403.47,79.46,147.57
10,14,0.11743,-84.22,18.49,26.30,-414.18,81.10,145.52
10,15,0.12537,-87.61,19.16,27.49,-426.92,83.72,150.38
10,16,0.13391,-90.95,19.81,28.58,-391.43,76.12,127.50
10,17,0.14221,-94.30,20.46,29.67,-402.94,78.32,131.25
10,18,0.15137,-97.53,21.08,30.62,-353.33,67.97,103.00
10,19,0.15894,-100.81,21.71,31.57,-433.06,83.32,126.21
10,20,0.16724,-103.49,22.22,32.30,-322.06,61.63,87.87
10,21,0.17578,-106.16,22.73,33.03,-312.86,59.78,85.36
10,22,0.18420,-108.63,23.21,33.71,-293.48,56.26,81.16
10,23,0.19250,-111.10,23.68,34.39,-297.79,56.92,81.99
10,24,0.20142,-113.37,24.12,35.03,-254.79,48.90,71.58
10,25,0.20959,-115.64,24.55,35.67,-277.61,53.18,77.99
10,26,0.21716,-117.91,24.99,36.31,-300.00,57.57,84.27
10,27,0.22559,-120.18,25.42,36.94,-268.84,51.49,75.36
10,28,0.23389,-122.25,25.82,37.54,-250.00,48.02,72.43
10,29,0.24219,-124.32,26.22,38.14,-249.26,47.97,72.43
10,30,0.25146,-125.98,26.54,38.64,-178.29,34.38,53.29
10,31,0.25891,-127.63,26.85,39.14,-222.13,42.86,66.80
10,32,0.26733,-128.88,27.10,39.53,-148.55,28.76,46.38
10,33,0.27576,-130.12,27.34,39.91,-147.10,28.49,46.01
10,34,0.28394,-130.93,27.50,40.19,-99.25,19.45,33.96
10,35,0.29211,-131.73,27.65,40.47,-97.76,19.16,33.58
10,36,0.30054,-132.08,27.72,40.62,-41.30,8.32,18.84
10,37,0.30872,-132.42,27.79,40.78,-41.04,8.34,19.03
10,38,0.31775,-132.40,27.79,40.85,1.35,0.12,7.43
10,39,0.32544,-132.39,27.79,40.91,1.59,0.34,8.73
10,40,0.33374,-132.26,27.77,40.95,16.18,-2.52,4.78
10,41,0.34192,-132.12,27.75,40.99,17.16,-2.71,4.48
10,42,0.35083,-131.75,27.69,40.96,41.10,-7.45,-3.08
10,43,0.35925,-131.38,27.62,40.93,44.20,-7.85,-3.62
10,44,0.36707,-130.83,27.52,40.84,69.53,-12.85,-11.33
10,45,0.37549,-130.29,27.42,40.75,65.22,-12.07,-10.87
10,46,0.38379,-129.55,27.28,40.60,88.97,-16.69,-18.38
10,47,0.39209,-128.80,27.14,40.44,89.71,-16.74,-18.75
10,48,0.40051,-127.86,26.96,40.22,112.32,-21.23,-26.45
10,49,0.40930,-126.90,26.78,40.00,108.33,-20.53,-25.69
10,50,0.41699,-125.60,26.53,39.67,169.05,-32.07,-42.86
10,51,0.42554,-124.26,26.28,39.32,157.86,-29.99,-40.00
10,52,0.43384,-121.24,25.70,38.52,363.24,-69.33,-96.69
10,53,0.44202,-118.21,25.12,37.72,370.15,-70.63,-98.13
10,54,0.45142,-114.83,24.48,36.92,360.39,-68.06,-84.74
10,55,0.45874,-111.44,23.85,36.13,461.67,-87.27,-108.33
10,56,0.46716,-108.32,23.26,35.52,371.01,-69.14,-72.46
10,57,0.47559,-105.21,22.68,34.92,369.57,-68.95,-71.38
10,58,0.48376,-102.47,22.19,34.63,335.07,-60.66,-35.82
10,59,0.49219,-99.73,21.69,34.34,325.36,-58.94,-34.06
10,60,0.50061,-97.11,21.23,34.28,310.87,-54.71,-7.25
10,61,0.50952,-94.51,20.77,34.22,291.78,-51.40,-6.85
10,62,0.51709,-92.66,20.45,34.20,244.35,-42.80,-2.42
10,63,0.52551,-90.83,20.13,34.18,217.39,-38.02,-2.17
10,64,0.53381,-89.86,19.96,34.20,116.18,-20.21,2.94
10,65,0.54211,-88.89,19.79,34.23,117.65,-20.34,3.31
10,66,0.55066,-87.51,19.56,34.42,161.43,-26.72,21.79
10,67,0.55933,-86.13,19.33,34.61,159.15,-26.58,21.83
10,68,0.56726,-84.74,19.11,34.94,174.62,-27.88,41.92
10,69,0.57556,-83.36,18.89,35.28,166.91,-26.70,40.81
10,70,0.58386,-81.88,18.67,35.85,177.21,-26.79,69.12
10,71,0.59229,-80.43,18.45,36.43,172.46,-25.91,68.48
10,72,0.60193,-79.55,18.33,37.08,91.14,-11.81,68.04
10,73,0.60986,-78.73,18.23,37.72,103.85,-13.24,79.62
10,74,0.61804,-79.13,18.29,37.64,-48.51,7.89,-9.70
10,75,0.62573,-79.53,18.36,37.54,-53.17,8.49,-12.30
10,76,0.63391,-80.02,18.43,37.27,-58.96,8.20,-33.96
10,77,0.64246,-80.50,18.49,36.99,-56.43,7.89,-32.50
10,78,0.65210,-80.98,18.56,36.71,-50.00,7.02,-28.80
10,79,0.65991,-81.47,18.63,36.43,-62.50,8.72,-36.33
10,80,0.66821,-81.95,18.70,36.15,-58.09,8.16,-33.46
10,81,0.67578,-82.43,18.76,35.89,-62.90,8.81,-34.27
10,82,0.68420,-82.88,18.84,35.80,-53.62,8.76,-10.87
10,83,0.69250,-83.33,18.91,35.71,-54.41,8.75,-11.03
10,84,0.70166,-83.78,18.98,35.61,-49.33,8.06,-10.00
10,85,0.71008,-84.23,19.06,35.53,-53.62,8.80,-10.14
10,86,0.71838,-84.66,19.13,35.50,-51.47,8.64,-3.68
10,87,0.72583,-85.09,19.20,35.47,-57.38,9.83,-4.10
10,88,0.73413,-85.52,19.28,35.44,-51.47,8.82,-3.68
10,89,0.74255,-85.94,19.35,35.41,-50.72,8.61,-3.62
10,90,0.75208,-86.37,19.42,35.38,-44.87,7.61,-3.21
10,91,0.75977,-86.80,19.50,35.35,-56.35,9.59,-3.57
10,92,0.76746,-87.16,19.56,35.35,-46.03,8.13,0.40
10,93,0.77576,-87.51,19.62,35.35,-42.65,7.38,0.37
10,94,0.78406,-87.87,19.68,35.36,-42.65,7.52,0.37
10,95,0.79248,-88.21,19.74,35.37,-40.58,7.21,1.09
10,96,0.80249,-88.45,19.79,35.42,-24.39,4.59,4.88
10,97,0.80994,-88.70,19.83,35.46,-32.79,5.92,6.56
10,98,0.81787,-88.94,19.88,35.51,-30.77,5.79,6.15
10,99,0.82581,-89.18,19.92,35.56,-30.77,5.75,6.15
10,100,0.83423,-89.43,19.97,35.61,-28.99,5.42,5.80
10,101,0.84253,-89.67,20.02,35.66,-29.41,5.54,5.88
10,102,0.85205,-89.92,20.06,35.71,-25.64,4.75,5.13
10,103,0.85986,-90.15,20.10,35.76,-29.69,5.57,6.25
10,104,0.86829,-90.33,20.14,35.80,-21.01,3.98,5.07
10,105,0.87598,-90.50,20.17,35.84,-23.02,4.40,5.56
10,106,0.88440,-90.68,20.20,35.89,-21.01,3.98,5.07
10,107,0.89294,-90.86,20.24,35.93,-20.71,3.92,5.00
10,108,0.90149,-91.03,20.27,35.97,-20.71,3.96,5.00
10,109,0.90991,-91.21,20.31,36.01,-21.01,4.02,5.07
10,110,0.91821,-91.39,20.34,36.06,-21.32,3.90,5.15
10,111,0.92578,-91.56,20.37,36.10,-23.39,4.47,5.65
10,112,0.93420,-91.74,20.41,36.14,-21.01,4.02,5.07
10,113,0.94263,-91.92,20.44,36.18,-21.01,3.93,5.07
10,114,0.95203,-92.10,20.47,36.23,-18.83,3.64,4.55
10,115,0.96021,-92.27,20.51,36.27,-20.90,3.96,5.22
10,116,0.96875,-92.40,20.53,36.30,-15.71,2.89,3.93
10,117,0.97607,-92.54,20.56,36.34,-18.33,3.52,4.58
10,118,0.98450,-92.67,20.58,36.37,-15.94,2.97,3.99
10,119,0.99292,-92.80,20.61,36.40,-15.94,3.11,3.99
10,120,1.00281,-92.94,20.63,36.44,-13.58,2.57,3.40
10,121,1.01001,-93.07,20.66,36.47,-18.64,3.58,4.66
10,122,1.01819,-93.21,20.68,36.51,-16.42,3.02,4.10
10,123,1.02600,-93.34,20.71,36.54,-17.19,3.40,4.30
10,124,1.03442,-93.48,20.73,36.57,-15.94,2.97,3.99
10,125,1.04260,-93.63,20.76,36.61,-18.66,3.51,4.85
10,126,1.05212,-93.87,20.81,36.68,-25.64,4.89,7.37
10,127,1.05981,-94.16,20.87,36.77,-37.30,7.25,11.11
10,128,1.06824,-94.60,20.95,36.92,-52.17,10.19,18.12
10,129,1.07568,-95.06,21.04,37.10,-62.30,12.35,23.77
10,130,1.08398,-95.60,21.15,37.38,-64.71,13.39,34.56
10,131,1.09241,-96.14,21.27,37.67,-63.77,13.24,34.06
10,132,1.10144,-96.67,21.38,37.96,-59.46,12.30,31.76
10,133,1.10925,-97.19,21.49,38.27,-66.41,14.08,40.23
10,134,1.11780,-97.63,21.59,38.71,-50.71,11.93,50.71
10,135,1.12561,-98.02,21.68,39.16,-50.00,12.22,58.20
10,136,1.13416,-98.24,21.76,39.70,-26.43,8.43,62.86
10,137,1.14221,-98.41,21.82,40.26,-20.45,7.83,69.32
10,138,1.15112,-98.33,21.85,40.90,8.90,2.87,72.60
10,139,1.15881,-98.15,21.85,41.53,23.02,0.94,81.35
10,140,1.16724,-97.57,21.78,42.06,68.84,-8.21,63.04
10,141,1.17566,-96.90,21.69,42.53,79.71,-10.54,56.16
10,142,1.18384,-95.86,21.53,42.77,126.87,-20.29,29.10
10,143,1.19214,-94.76,21.35,42.97,132.35,-21.70,23.53
10,144,1.20068,-93.43,21.12,42.98,156.43,-27.15,1.79
10,145,1.20959,-92.07,20.88,42.96,152.74,-26.88,-2.74
10,146,1.21765,-90.59,20.61,42.78,182.58,-33.28,-22.35
10,147,1.22583,-89.12,20.34,42.60,179.85,-32.79,-22.01
10,148,1.23438,-87.65,20.07,42.42,172.14,-31.30,-21.07
10,149,1.24268,-86.18,19.81,42.24,177.21,-32.32,-21.69
10,150,1.25098,-84.71,19.54,42.06,177.21,-32.26,-21.69
10,151,1.25928,-83.26,19.27,41.87,174.26,-31.75,-22.43
10,152,1.26770,-81.92,19.03,41.66,160.14,-29.50,-24.64
10,153,1.27637,-80.59,18.78,41.46,152.82,-28.13,-23.94
10,154,1.28467,-79.35,18.55,41.25,149.26,-27.48,-24.26
10,155,1.29297,-78.14,18.33,41.06,145.59,-26.89,-23.53
10,156,1.30188,-77.04,18.13,40.88,123.29,-22.73,-20.21
10,157,1.30969,-75.98,17.93,40.71,136.72,-25.17,-21.88
10,158,1.31812,-75.04,17.78,40.56,110.87,-17.37,-17.03
10,159,1.32642,-74.15,17.65,40.43,107.35,-16.80,-16.18
10,160,1.33472,-73.43,17.53,40.34,87.50,-13.30,-11.03
10,161,1.34351,-72.75,17.48,40.26,77.08,-6.69,-9.03
10,162,1.35193,-72.25,17.41,40.23,58.70,-8.44,-3.26
10,163,1.36047,-71.79,17.34,40.21,54.29,-7.56,-2.14
10,164,1.36902,-71.44,17.29,40.23,40.71,-5.43,2.14
10,165,1.37622,-71.09,17.25,40.25,48.31,-6.44,2.54
10,166,1.38464,-70.75,17.20,40.27,41.30,-5.51,2.17
10,167,1.39294,-70.42,17.16,40.29,38.97,-5.22,2.94
10,168,1.40222,-70.20,17.13,40.35,23.68,-2.78,5.92
10,169,1.40967,-69.98,17.11,40.40,29.51,-3.46,7.38
10,170,1.41797,-69.76,17.08,40.46,26.47,-3.11,6.62
10,171,1.42627,-69.56,17.06,40.52,24.26,-2.77,6.99
10,172,1.43469,-69.45,17.05,40.59,13.04,-1.06,9.06
10,173,1.44287,-69.34,17.04,40.67,13.43,-1.18,9.33
10,174,1.45129,-69.23,17.03,40.74,13.04,-1.06,9.06
10,175,1.45947,-69.12,17.02,40.82,13.43,-1.09,9.33
10,176,1.46790,-69.01,17.01,40.90,13.04,-0.97,9.06
10,177,1.47632,-68.92,17.01,40.97,10.87,-0.88,8.70
10,178,1.48462,-68.90,17.01,41.04,2.94,0.29,8.46
10,179,1.49292,-68.87,17.01,41.11,2.94,0.20,8.46
10,180,1.50220,-68.85,17.01,41.18,2.63,0.26,7.57
10,181,1.51111,-68.82,17.01,41.25,2.74,0.27,7.88
10,182,1.51807,-68.80,17.02,41.32,3.51,0.24,10.09
10,183,1.52637,-68.77,17.02,41.39,2.94,0.29,8.46
10,184,1.53455,-68.75,17.02,41.46,2.99,0.29,8.58
10,185,1.54297,-68.73,17.02,41.53,2.17,0.24,7.61
10,186,1.55127,-68.74,17.03,41.56,-0.74,0.48,4.41
10,187,1.55994,-68.74,17.03,41.60,-0.70,0.46,4.23
10,188,1.56848,-68.75,17.03,41.64,-0.71,0.37,4.29
11,0,0.00000,0.00,0.00,0.00,2763.60,12.65,982.72
11,1,0.00842,22.94,0.10,8.16,2723.55,12.46,968.48
11,2,0.01685,29.79,0.14,10.70,813.04,3.78,301.81
11,3,0.02527,36.64,0.17,13.24,813.04,3.77,301.81
11,4,0.03394,42.11,0.19,15.27,631.34,2.93,233.80
11,5,0.04175,47.58,0.22,17.29,700.39,3.25,259.38
11,6,0.05029,52.01,0.24,18.89,517.86,2.38,187.14
11,7,0.05847,56.43,0.21,20.49,541.04,-4.18,195.52
11,8,0.06689,60.68,0.20,21.74,504.71,-1.21,147.83
11,9,0.07520,64.93,0.18,22.98,512.13,-1.24,150.00
11,10,0.08423,68.89,0.18,24.11,438.18,-1.08,124.66
11,11,0.09192,72.85,0.17,25.23,514.68,-1.27,146.43
11,12,0.10034,76.48,0.16,26.28,431.16,-1.06,123.55
11,13,0.10876,80.11,0.15,27.32,431.16,-1.06,123.55
11,14,0.11707,83.55,0.14,28.35,413.97,-0.98,124.26
11,15,0.12549,86.98,0.13,29.38,407.97,-0.97,122.46
11,16,0.13452,90.33,0.12,30.47,370.27,-0.81,120.27
11,17,0.14221,93.67,0.12,31.55,434.92,-0.95,141.27
11,18,0.15051,96.84,0.11,32.70,381.99,-0.74,137.87
11,19,0.15894,100.02,0.10,33.84,376.45,-0.72,135.87
11,20,0.16736,102.61,0.10,34.83,307.61,-0.55,117.03
11,21,0.17566,105.20,0.10,35.81,312.13,-0.56,118.75
11,22,0.18408,107.60,0.09,36.72,285.14,-0.52,107.61
11,23,0.19299,110.00,0.09,37.63,269.52,-0.49,101.71
11,24,0.20081,112.27,0.08,38.47,291.02,-0.54,108.20
11,25,0.20898,114.48,0.08,39.29,269.78,-0.50,100.37
11,26,0.21741,116.69,0.07,40.11,261.96,-0.48,97.46
11,27,0.22571,118.89,0.07,40.93,265.44,-0.49,98.53
11,28,0.23450,120.92,0.07,41.67,231.25,-0.44,83.68
11,29,0.24243,122.94,0.06,42.40,254.62,-0.49,92.31
11,30,0.25085,124.57,0.06,42.97,193.12,-0.38,68.12
11,31,0.25916,126.19,0.06,43.54,194.85,-0.39,68.38
11,32,0.26746,127.43,0.05,43.96,149.63,-0.31,50.37
11,33,0.27576,128.66,0.05,44.37,147.79,-0.31,50.00
11,34,0.28455,129.48,0.05,44.63,93.40,-0.21,28.82
11,35,0.29224,130.28,0.05,44.87,104.76,-0.24,32.14
11,36,0.30054,130.66,0.05,44.95,45.22,-0.14,9.19
11,37,0.30884,131.02,0.04,45.02,43.75,-0.14,8.46
11,38,0.31726,131.05,0.04,44.96,3.99,-0.07,-7.25
11,39,0.32556,131.08,0.04,44.90,3.31,-0.07,-7.35
11,40,0.33435,130.99,0.04,44.78,-10.07,-0.04,-12.85
11,41,0.34204,130.90,0.04,44.67,-12.30,-0.05,-15.08
11,42,0.35107,130.58,0.04,44.47,-34.80,-0.00,-21.62
11,43,0.35889,130.26,0.04,44.28,-41.02,0.01,-25.00
11,44,0.36719,129.77,0.04,44.03,-59.19,0.05,-29.78
11,45,0.37549,129.28,0.04,43.78,-59.93,0.05,-30.15
11,46,0.38428,128.59,0.04,43.47,-78.12,0.10,-35.42
11,47,0.39209,127.90,0.05,43.16,-88.67,0.11,-39.84
11,48,0.40051,127.00,0.05,42.78,-106.52,0.16,-44.57
11,49,0.40894,126.09,0.05,42.40,-107.61,0.16,-44.93
11,50,0.41736,124.84,0.05,41.90,-148.19,0.25,-59.42
11,51,0.42554,123.55,0.05,41.38,-158.58,0.26,-63.43
11,52,0.43384,120.64,0.06,40.26,-350.74,0.61,-135.66
11,53,0.44287,117.72,0.06,39.12,-323.31,0.56,-125.68
11,54,0.45117,114.51,0.07,37.77,-386.76,0.58,-162.87
11,55,0.45886,111.30,0.07,36.42,-416.27,0.62,-175.79
11,56,0.46729,108.42,0.08,35.07,-342.39,0.40,-160.14
11,57,0.47546,105.55,0.08,33.72,-350.75,0.40,-164.93
11,58,0.48450,103.16,0.08,32.35,-264.53,0.10,-152.36
11,59,0.49207,100.78,0.08,30.97,-314.52,0.12,-182.26
11,60,0.50049,98.63,0.08,29.47,-255.80,-0.11,-177.17
11,61,0.50879,96.49,0.08,27.99,-257.35,-0.11,-178.31
11,62,0.51733,94.98,0.08,26.92,-176.43,-0.11,-125.71
11,63,0.52563,93.50,0.08,25.86,-179.04,-0.10,-127.57
11,64,0.53442,92.73,0.08,25.27,-87.15,-0.08,-67.01
11,65,0.54224,91.96,0.08,24.67,-99.22,-0.10,-76.56
11,66,0.55127,90.95,0.07,23.71,-111.15,-0.26,-106.76
11,67,0.55908,89.95,0.07,22.74,-128.52,-0.31,-123.83
11,68,0.56738,89.02,0.07,21.66,-111.40,-0.43,-130.88
11,69,0.57556,88.10,0.06,20.56,-112.69,-0.45,-133.58
11,70,0.58447,87.25,0.06,19.23,-95.21,-0.63,-149.32
11,71,0.59241,86.42,0.05,17.91,-105.00,-0.72,-166.54
11,72,0.60071,86.09,0.05,16.86,-39.34,-0.72,-126.10
11,73,0.60901,85.78,0.04,15.86,-37.13,-0.70,-121.32
11,74,0.61755,86.06,0.04,16.16,32.14,0.11,35.00
11,75,0.62573,86.33,0.04,16.46,33.58,0.11,37.31
11,76,0.63403,86.56,0.04,16.97,27.21,0.31,61.40
11,77,0.64233,86.79,0.05,17.48,27.21,0.32,61.40
11,78,0.65149,87.01,0.05,17.99,24.67,0.29,55.67
11,79,0.65918,87.24,0.05,18.50,29.76,0.34,66.67
11,80,0.66736,87.47,0.06,19.01,27.61,0.32,62.31
11,81,0.67566,87.70,0.06,19.52,27.57,0.31,60.66
11,82,0.68457,88.01,0.06,19.86,34.93,0.12,38.36
11,83,0.69238,88.32,0.06,20.20,39.84,0.13,43.75
11,84,0.70081,88.63,0.06,20.54,36.96,0.12,40.58
11,85,0.70898,88.94,0.06,20.88,38.43,0.12,41.42
11,86,0.71765,89.27,0.06,21.16,37.68,0.06,32.04
11,87,0.72583,89.60,0.06,21.44,39.93,0.06,33.96
11,88,0.73413,89.92,0.06,21.71,39.34,0.06,33.46
11,89,0.74292,90.25,0.06,21.99,37.15,0.06,31.60
11,90,0.75073,90.58,0.06,22.27,41.80,0.06,35.55
11,91,0.75903,90.90,0.07,22.54,39.34,0.06,33.09
11,92,0.76746,91.19,0.07,22.75,34.42,0.02,24.64
11,93,0.77576,91.48,0.07,22.96,34.93,0.03,25.00
11,94,0.78418,91.77,0.07,23.17,34.42,0.02,24.64
11,95,0.79297,92.06,0.07,23.37,32.64,0.02,23.26
11,96,0.80078,92.29,0.07,23.47,28.91,-0.04,13.28
11,97,0.80920,92.51,0.07,23.58,26.81,-0.03,12.32
11,98,0.81763,92.74,0.06,23.68,26.81,-0.03,12.32
11,99,0.82593,92.96,0.06,23.79,27.21,-0.04,12.50
11,100,0.83411,93.19,0.06,23.89,27.61,-0.03,12.69
11,101,0.84253,93.41,0.06,23.99,26.81,-0.03,12.32
11,102,0.85156,93.64,0.06,24.10,25.00,-0.03,11.49
11,103,0.85913,93.86,0.06,24.20,29.44,-0.04,13.71
11,104,0.86755,94.03,0.06,24.27,20.29,-0.03,8.33
11,105,0.87585,94.20,0.06,24.34,20.22,-0.03,8.46
11,106,0.88477,94.37,0.06,24.41,19.18,-0.03,7.88
11,107,0.89270,94.54,0.06,24.48,21.15,-0.03,8.85
11,108,0.90088,94.71,0.06,24.55,20.90,-0.04,8.58
11,109,0.90918,94.88,0.06,24.62,20.22,-0.03,8.46
11,110,0.91760,95.05,0.06,24.69,20.29,-0.03,8.33
11,111,0.92590,95.22,0.06,24.76,20.22,-0.03,8.46
11,112,0.93469,95.39,0.06,24.83,19.44,-0.03,7.99
11,113,0.94263,95.56,0.06,24.90,21.54,-0.03,8.85
11,114,0.95154,95.73,0.06,24.97,18.84,-0.03,7.88
11,115,0.95923,95.90,0.06,25.04,21.83,-0.03,9.13
11,116,0.96765,96.02,0.06,25.09,14.86,-0.02,6.16
11,117,0.97595,96.15,0.06,25.15,15.07,-0.02,6.25
11,118,0.98438,96.27,0.06,25.20,14.86,-0.02,6.16
11,119,0.99329,96.40,0.06,25.25,14.04,-0.02,5.82
11,120,1.00098,96.52,0.06,25.30,16.67,-0.03,6.75
11,121,1.00928,96.65,0.06,25.35,15.07,-0.02,6.25
11,122,1.01770,96.77,0.06,25.41,14.86,-0.02,6.16
11,123,1.02600,96.90,0.06,25.46,15.07,-0.02,6.25
11,124,1.03442,97.02,0.06,25.51,14.86,-0.02,6.16
11,125,1.04346,97.16,0.06,25.56,14.86,-0.02,6.08
11,126,1.05115,97.40,0.06,25.65,31.75,-0.07,11.51
11,127,1.05957,97.66,0.06,25.74,30.80,-0.06,10.87
11,128,1.06787,98.11,0.06,25.88,53.68,-0.13,16.54
11,129,1.07617,98.57,0.06,26.01,55.51,-0.13,15.81
11,130,1.08508,99.17,0.05,26.10,67.81,-0.24,9.59
11,131,1.09290,99.78,0.05,26.18,77.34,-0.27,10.94
11,132,1.10132,100.38,0.05,26.27,71.74,-0.25,10.14
11,133,1.10962,100.99,0.05,26.34,72.79,-0.27,8.09
11,134,1.11804,101.59,0.04,26.24,71.74,-0.40,-11.23
11,135,1.12610,102.19,0.04,26.13,73.86,-0.43,-14.02
11,136,1.13452,102.69,0.04,25.83,59.42,-0.53,-35.87
11,137,1.14343,103.17,0.03,25.50,54.11,-0.50,-36.64
11,138,1.15137,103.49,0.03,24.93,40.00,-0.69,-71.92
11,139,1.15942,103.76,0.02,24.34,33.71,-0.67,-73.11
11,140,1.16797,103.60,0.02,23.57,-18.21,-0.56,-90.00
11,141,1.17627,103.40,0.01,22.80,-24.63,-0.55,-93.01
11,142,1.18506,102.70,0.01,21.99,-79.51,-0.29,-91.67
11,143,1.19287,101.97,0.01,21.19,-93.75,-0.31,-103.12
11,144,1.20129,100.89,0.00,20.39,-127.17,-0.11,-94.93
11,145,1.20959,99.80,0.00,19.60,-131.62,-0.09,-95.22
11,146,1.21802,98.50,0.00,18.88,-153.99,0.08,-85.87
11,147,1.22632,97.21,0.01,18.15,-156.25,0.08,-87.13
11,148,1.23511,95.91,0.01,17.43,-147.57,0.08,-82.29
11,149,1.24292,94.61,0.01,16.71,-166.02,0.09,-92.58
11,150,1.25134,93.32,0.01,15.98,-153.99,0.07,-85.87
11,151,1.25964,92.03,0.01,15.27,-155.15,0.09,-86.03
11,152,1.26807,90.82,0.01,14.64,-143.84,0.12,-74.28
11,153,1.27625,89.61,0.01,14.02,-147.01,0.12,-75.75
11,154,1.28516,88.50,0.01,13.46,-125.34,0.11,-63.70
11,155,1.29297,87.39,0.01,12.89,-141.80,0.13,-71.88
11,156,1.30151,86.40,0.01,12.39,-116.43,0.10,-58.93
11,157,1.30969,85.42,0.01,11.89,-119.78,0.10,-60.82
11,158,1.31787,84.58,0.01,11.46,-102.61,0.08,-52.99
11,159,1.32605,83.76,0.02,11.03,-100.37,0.08,-52.24
11,160,1.33508,83.11,0.02,10.68,-70.95,0.04,-39.19
11,161,1.34351,82.50,0.02,10.33,-73.55,0.04,-40.94
11,162,1.35181,82.08,0.02,10.06,-49.63,-0.00,-32.35
11,163,1.35950,81.68,0.02,9.80,-51.98,-0.01,-34.13
11,164,1.36792,81.41,0.02,9.58,-31.88,-0.04,-26.09
11,165,1.37622,81.15,0.01,9.36,-32.35,-0.04,-26.47
11,166,1.38501,80.88,0.01,9.14,-30.56,-0.04,-25.00
11,167,1.39282,80.62,0.01,8.93,-33.20,-0.04,-27.34
11,168,1.40137,80.47,0.01,8.76,-17.14,-0.07,-20.36
11,169,1.40967,80.33,0.01,8.58,-17.65,-0.07,-20.96
11,170,1.41809,80.18,0.01,8.41,-17.39,-0.07,-20.65
11,171,1.42627,80.04,0.01,8.24,-16.79,-0.07,-20.52
11,172,1.43469,80.00,0.01,8.11,-5.43,-0.08,-14.86
11,173,1.44348,79.95,0.01,7.99,-5.21,-0.08,-14.24
11,174,1.45129,79.90,0.01,7.86,-5.86,-0.09,-16.02
11,175,1.45959,79.86,0.01,7.74,-5.51,-0.08,-15.07
11,176,1.46802,79.81,0.01,7.61,-5.43,-0.09,-14.86
11,177,1.47632,79.77,0.01,7.49,-4.78,-0.08,-14.71
11,178,1.48511,79.80,0.01,7.42,2.78,-0.07,-7.99
11,179,1.49292,79.82,0.01,7.35,3.12,-0.07,-8.98
11,180,1.50134,79.85,0.01,7.28,2.90,-0.07,-8.33
11,181,1.50952,79.87,0.01,7.21,2.99,-0.07,-8.58
11,182,1.51807,79.90,0.00,7.14,2.86,-0.07,-8.21
11,183,1.52625,79.92,0.00,7.07,2.99,-0.07,-8.58
11,184,1.53467,79.94,0.00,7.00,2.90,-0.07,-8.33
11,185,1.54346,79.97,0.00,6.94,2.78,-0.07,-7.29
11,186,1.55127,80.00,0.00,6.91,3.52,-0.04,-3.12
11,187,1.55957,80.02,0.00,6.89,3.31,-0.04,-2.94
11,188,1.56799,80.05,0.00,6.86,3.26,-0.03,-2.90
12,0,0.00000,0.00,0.00,0.00,587.89,-74.71,3060.55
12,1,0.00757,4.59,-0.58,23.91,606.85,-77.11,3159.27
12,2,0.01575,5.87,-0.76,31.10,156.34,-21.40,879.48
12,3,0.02417,7.15,-0.93,38.30,151.81,-20.76,853.99
12,4,0.03381,8.18,-1.07,44.04,106.33,-14.50,595.89
12,5,0.04187,9.20,-1.21,49.79,127.27,-17.36,713.26
12,6,0.05029,10.06,-1.33,54.41,102.54,-13.38,548.91
12,7,0.05786,10.93,-1.44,59.04,114.11,-14.89,610.89
12,8,0.06616,12.01,-1.54,63.33,130.51,-12.82,517.65
12,9,0.07458,13.10,-1.65,67.63,128.62,-12.63,510.14
12,10,0.08374,14.13,-1.75,71.61,113.00,-10.80,435.00
12,11,0.09277,15.16,-1.85,75.60,114.53,-10.94,440.88
12,12,0.10083,16.12,-1.94,79.30,118.56,-11.40,459.47
12,13,0.10779,17.06,-2.04,82.95,135.53,-14.69,525.44
12,14,0.11621,17.91,-2.17,86.44,101.09,-15.19,413.77
12,15,0.12439,18.77,-2.30,89.92,104.10,-16.23,426.12
12,16,0.13318,19.52,-2.44,93.36,86.11,-15.36,390.62
12,17,0.14172,20.28,-2.49,96.79,88.57,-6.57,401.43
12,18,0.15027,20.90,-2.60,100.10,72.86,-12.62,387.86
12,19,0.15808,21.52,-2.71,103.41,79.30,-13.79,423.44
12,20,0.16638,21.98,-2.85,106.14,55.88,-17.08,329.41
12,21,0.17432,22.45,-3.02,108.87,58.46,-21.63,344.23
12,22,0.18384,22.89,-3.18,111.40,45.83,-16.56,265.38
12,23,0.19226,23.32,-3.24,113.93,51.81,-6.42,300.00
12,24,0.20007,23.73,-3.35,116.25,52.73,-14.38,296.88
12,25,0.20764,24.15,-3.46,118.57,54.44,-14.89,306.45
12,26,0.21655,24.56,-3.57,120.89,46.23,-12.63,260.27
12,27,0.22424,24.97,-3.69,123.20,53.17,-14.61,301.19
12,28,0.23291,25.36,-3.79,125.33,45.77,-11.97,245.42
12,29,0.24219,25.76,-3.89,127.45,42.43,-11.11,228.62
12,30,0.25037,26.09,-3.98,129.14,40.30,-10.10,207.09
12,31,0.25769,26.42,-4.06,130.83,45.00,-11.26,230.42
12,32,0.26599,26.68,-4.12,132.11,32.35,-7.57,154.41
12,33,0.27429,26.95,-4.18,133.39,31.99,-7.51,153.68
12,34,0.28296,27.15,-4.22,134.22,22.89,-4.75,96.13
12,35,0.29102,27.34,-4.26,135.05,24.24,-5.08,103.03
12,36,0.29944,27.47,-4.28,135.41,14.86,-2.18,42.75
12,37,0.30774,27.59,-4.30,135.77,15.07,-2.20,43.01
12,38,0.31616,27.66,-4.30,135.77,7.97,-0.10,-0.36
12,39,0.32446,27.73,-4.30,135.76,8.09,-0.09,-0.37
12,40,0.33301,27.78,-4.30,135.63,6.07,0.63,-15.36
12,41,0.34216,27.83,-4.29,135.50,5.67,0.58,-14.67
12,42,0.34949,27.84,-4.28,135.13,1.25,2.34,-50.42
12,43,0.35803,27.85,-4.26,134.76,1.07,1.98,-43.57
12,44,0.36633,27.81,-4.23,134.21,-4.41,3.10,-66.18
12,45,0.37463,27.78,-4.21,133.65,-4.41,3.14,-66.54
12,46,0.38306,27.70,-4.17,132.91,-9.42,4.22,-88.77
12,47,0.39221,27.62,-4.14,132.16,-9.00,3.90,-82.00
12,48,0.39990,27.48,-4.09,131.20,-17.06,6.00,-125.00
12,49,0.40833,27.35,-4.04,130.23,-15.58,5.49,-114.86
12,50,0.41675,27.15,-3.98,128.90,-23.91,7.62,-157.97
12,51,0.42505,26.95,-3.91,127.55,-24.63,7.83,-162.87
12,52,0.43347,26.44,-3.76,124.46,-59.78,17.68,-365.94
12,53,0.44250,25.94,-3.62,121.38,-55.74,16.52,-341.55
12,54,0.45093,25.48,-3.45,117.93,-54.71,19.65,-409.78
12,55,0.45911,25.02,-3.29,114.48,-55.97,20.18,-421.64
12,56,0.46680,24.72,-3.13,111.31,-38.89,19.54,-412.30
12,57,0.47498,24.43,-2.99,108.14,-36.19,18.31,-386.94
12,58,0.48340,24.40,-2.86,105.39,-2.90,15.10,-327.17
12,59,0.49158,24.38,-2.73,102.63,-2.61,15.54,-336.94
12,60,0.49988,24.58,-2.58,100.02,23.53,18.13,-315.07
12,61,0.50818,24.77,-2.47,97.41,23.53,12.99,-313.60
12,62,0.51660,24.93,-2.38,95.57,19.20,11.15,-218.84
12,63,0.52490,25.09,-2.24,93.73,19.49,17.27,-220.96
12,64,0.53320,25.21,-2.27,92.78,14.34,-4.49,-115.44
12,65,0.54163,25.34,-2.27,91.81,14.49,-0.29,-114.49
12,66,0.55066,25.66,-2.27,90.46,35.47,0.39,-150.00
12,67,0.55835,25.98,-2.26,89.10,42.06,1.77,-176.19
12,68,0.56677,26.45,-2.26,87.76,55.43,0.23,-159.78
12,69,0.57507,26.92,-2.26,86.41,56.62,-0.69,-162.50
12,70,0.58350,27.63,-2.28,85.00,85.14,-2.67,-166.67
12,71,0.59167,28.35,-2.31,83.61,87.69,-2.94,-170.90
12,72,0.59998,29.09,-2.34,82.79,88.97,-3.84,-97.79
12,73,0.60840,29.82,-2.31,82.00,86.23,4.14,-94.57
12,74,0.61694,29.70,-2.31,82.39,-13.57,-0.18,45.71
12,75,0.62512,29.58,-2.31,82.78,-14.55,-0.20,47.76
12,76,0.63354,29.26,-2.30,83.23,-38.41,0.74,53.62
12,77,0.64185,28.93,-2.30,83.68,-38.97,0.80,54.41
12,78,0.65076,28.61,-2.29,84.13,-36.30,0.70,50.68
12,79,0.65906,28.29,-2.28,84.59,-38.97,0.75,54.41
12,80,0.66687,27.96,-2.25,85.04,-41.41,3.73,57.81
12,81,0.67505,27.64,-2.25,85.49,-39.55,0.38,55.22
12,82,0.68359,27.51,-2.26,85.93,-15.71,-1.51,51.79
12,83,0.69177,27.37,-2.27,86.37,-16.42,-0.36,54.10
12,84,0.70007,27.24,-2.27,86.82,-16.18,-0.29,53.31
12,85,0.70837,27.10,-2.27,87.26,-16.18,-0.36,53.31
12,86,0.71692,27.03,-2.28,87.68,-8.57,-0.75,49.64
12,87,0.72510,26.96,-2.28,88.11,-8.96,-0.58,51.87
12,88,0.73352,26.88,-2.29,88.53,-8.70,-0.56,50.36
12,89,0.74231,26.81,-2.29,88.96,-8.33,-0.54,48.26
12,90,0.75073,26.74,-2.30,89.38,-8.70,-0.54,50.36
12,91,0.75830,26.66,-2.30,89.80,-9.68,-0.62,55.65
12,92,0.76685,26.63,-2.31,90.16,-3.93,-0.65,41.43
12,93,0.77502,26.60,-2.31,90.51,-4.10,-0.60,43.28
12,94,0.78345,26.56,-2.32,90.86,-3.99,-0.60,42.03
12,95,0.79175,26.53,-2.32,91.22,-3.68,-0.60,42.65
12,96,0.80029,26.56,-2.33,91.46,2.86,-0.50,28.93
12,97,0.80847,26.58,-2.32,91.71,2.99,0.85,30.22
12,98,0.81702,26.61,-2.31,91.96,2.86,0.82,28.93
12,99,0.82507,26.63,-2.31,92.21,3.03,0.79,30.68
12,100,0.83374,26.65,-2.30,92.45,2.82,0.64,28.52
12,101,0.84277,26.68,-2.30,92.70,2.70,0.52,27.36
12,102,0.85046,26.70,-2.29,92.95,3.17,0.50,32.14
12,103,0.85913,26.73,-2.29,93.19,2.82,0.34,28.17
12,104,0.86719,26.75,-2.29,93.37,3.03,0.29,22.35
12,105,0.87537,26.78,-2.29,93.55,2.99,0.05,22.01
12,106,0.88367,26.80,-2.29,93.73,2.94,-0.01,21.69
12,107,0.89209,26.82,-2.28,93.91,2.90,0.82,21.38
12,108,0.90039,26.85,-2.28,94.09,2.94,-0.08,21.69
12,109,0.90881,26.87,-2.28,94.27,2.90,-0.13,21.38
12,110,0.91711,26.90,-2.28,94.45,2.94,-0.18,21.69
12,111,0.92542,26.92,-2.29,94.63,2.94,-0.23,21.69
12,112,0.93384,26.95,-2.29,94.81,2.90,-0.29,21.38
12,113,0.94214,26.97,-2.29,94.99,2.94,-0.35,21.69
12,114,0.95093,27.00,-2.29,95.17,2.78,-0.37,20.49
12,115,0.95874,27.02,-2.30,95.35,3.12,-0.48,23.05
12,116,0.96704,27.04,-2.30,95.49,2.21,-0.37,16.18
12,117,0.97546,27.06,-2.30,95.62,2.17,-0.39,15.94
12,118,0.98389,27.08,-2.31,95.76,2.17,-0.42,15.94
12,119,0.99255,27.09,-2.31,95.89,2.11,-0.43,15.49
12,120,1.00037,27.11,-2.32,96.02,2.34,-0.51,17.19
12,121,1.00940,27.13,-2.32,96.16,2.03,-0.48,14.86
12,122,1.01721,27.15,-2.32,96.29,2.34,-0.56,17.19
12,123,1.02539,27.17,-2.33,96.43,2.24,-0.59,16.42
12,124,1.03381,27.19,-2.33,96.56,2.17,-0.58,15.94
12,125,1.04211,27.21,-2.34,96.69,2.57,-0.63,16.18
12,126,1.05103,27.25,-2.35,96.95,5.14,-1.08,28.08
12,127,1.05872,27.30,-2.36,97.20,5.95,-1.41,32.94
12,128,1.06726,27.40,-2.38,97.65,12.50,-2.33,53.21
12,129,1.07544,27.51,-2.40,98.11,13.43,-2.70,55.97
12,130,1.08386,27.75,-2.42,98.68,27.54,-2.75,67.03
12,131,1.09290,27.98,-2.45,99.24,25.68,-2.55,62.50
12,132,1.10059,28.22,-2.47,99.82,30.95,-3.16,75.00
12,133,1.10901,28.45,-2.49,100.38,28.26,-2.67,66.67
12,134,1.11743,28.84,-2.50,100.85,46.01,-0.66,56.16
12,135,1.12561,29.24,-2.51,101.32,48.13,-1.17,57.09
12,136,1.13391,29.75,-2.49,101.60,61.76,1.93,33.46
12,137,1.14221,30.26,-2.49,101.86,62.13,0.78,32.35
12,138,1.15112,30.92,-2.44,101.85,73.29,4.83,-1.71
12,139,1.15894,31.57,-2.42,101.82,83.20,3.20,-4.30
12,140,1.16724,32.15,-2.36,101.29,70.59,7.57,-63.24
12,141,1.17566,32.73,-2.32,100.75,68.48,4.61,-64.13
12,142,1.18396,33.07,-2.26,99.74,40.81,6.78,-121.69
12,143,1.19287,33.40,-2.22,98.72,37.33,4.28,-114.73
12,144,1.20056,33.55,-2.20,97.39,19.05,2.44,-172.62
12,145,1.20898,33.69,-2.22,96.06,16.30,-1.98,-158.33
12,146,1.21741,33.65,-2.27,94.57,-3.99,-6.05,-176.09
12,147,1.22559,33.62,-2.32,93.09,-4.10,-6.08,-181.34
12,148,1.23401,33.58,-2.36,91.61,-3.99,-5.12,-176.09
12,149,1.24219,33.55,-2.41,90.12,-4.10,-5.27,-181.34
12,150,1.25122,33.52,-2.45,88.64,-3.72,-4.75,-164.19
12,151,1.25891,33.48,-2.49,87.16,-4.76,-5.59,-192.46
12,152,1.26746,33.40,-2.47,85.80,-8.93,2.93,-159.29
12,153,1.27551,33.33,-2.49,84.44,-9.47,-2.95,-168.56
12,154,1.28406,33.25,-2.47,83.19,-8.93,2.73,-146.43
12,155,1.29224,33.18,-2.41,81.95,-9.33,6.61,-152.24
12,156,1.30066,33.11,-2.40,80.83,-8.33,1.48,-132.25
12,157,1.30908,33.04,-2.39,79.72,-8.33,1.91,-131.52
12,158,1.31787,32.98,-2.38,78.78,-5.90,1.21,-107.29
12,159,1.32581,32.93,-2.36,77.84,-6.15,1.73,-118.08
12,160,1.33423,32.92,-2.35,77.11,-2.17,1.02,-86.96
12,161,1.34290,32.90,-2.34,76.39,-2.11,1.26,-83.45
12,162,1.35083,32.92,-2.34,75.90,2.69,0.94,-61.92
12,163,1.35901,32.94,-2.33,75.41,2.99,0.93,-59.70
12,164,1.36755,33.00,-2.32,75.06,6.07,0.46,-40.36
12,165,1.37573,33.05,-2.32,74.72,6.34,0.49,-42.16
12,166,1.38428,33.10,-2.32,74.37,6.07,0.43,-40.36
12,167,1.39246,33.15,-2.31,74.04,6.34,0.43,-41.42
12,168,1.40149,33.23,-2.31,73.82,8.45,0.05,-23.65
12,169,1.40991,33.30,-2.31,73.61,9.06,0.06,-25.72
12,170,1.41760,33.38,-2.31,73.39,9.92,0.09,-28.17
12,171,1.42578,33.46,-2.31,73.18,9.33,0.01,-25.37
12,172,1.43408,33.54,-2.31,73.08,10.29,-0.21,-12.50
12,173,1.44299,33.63,-2.31,72.97,9.59,-0.24,-11.64
12,174,1.45081,33.71,-2.32,72.87,10.94,-0.23,-13.28
12,175,1.45898,33.80,-2.32,72.77,10.45,-0.26,-12.69
12,176,1.46741,33.88,-2.32,72.66,10.14,-0.25,-12.32
12,177,1.47583,33.97,-2.32,72.56,10.14,-0.22,-11.59
12,178,1.48425,34.04,-2.33,72.55,8.33,-0.36,-1.81
12,179,1.49292,34.11,-2.33,72.53,8.10,-0.31,-1.76
12,180,1.50085,34.18,-2.33,72.52,8.85,-0.38,-1.92
12,181,1.50964,34.25,-2.33,72.50,7.99,-0.30,-1.74
12,182,1.51770,34.32,-2.34,72.49,8.71,-0.36,-1.89
12,183,1.52588,34.39,-2.34,72.47,8.58,-0.37,-1.87
12,184,1.53430,34.46,-2.34,72.46,8.33,-0.32,-1.81
12,185,1.54321,34.53,-2.35,72.45,7.88,-0.35,-1.37
12,186,1.55103,34.57,-2.35,72.46,4.69,-0.21,1.56
12,187,1.55920,34.60,-2.35,72.47,4.48,-0.25,1.49
12,188,1.56775,34.64,-2.35,72.48,4.29,-0.19,1.43
13,0,0.00000,0.00,0.00,0.00,2610.45,23.05,1430.97
13,1,0.00842,21.35,0.19,11.70,2534.78,22.39,1389.49
13,2,0.01746,27.71,0.24,15.30,703.72,6.11,398.65
13,3,0.02600,34.06,0.30,18.91,743.93,6.46,421.43
13,4,0.03369,39.14,0.34,21.78,660.71,5.74,373.41
13,5,0.04224,44.23,0.41,24.65,594.64,7.87,336.07
13,6,0.05066,48.34,0.46,26.93,488.41,5.59,271.01
13,7,0.05908,52.45,0.49,29.21,488.41,4.13,271.01
13,8,0.06775,56.45,0.52,31.12,461.62,3.34,219.72
13,9,0.07544,60.50,0.55,33.04,525.79,3.80,250.40
13,10,0.08398,64.23,0.68,34.79,436.43,15.24,203.93
13,11,0.09290,67.95,0.78,36.53,418.15,10.85,195.55
13,12,0.10059,71.47,0.90,38.18,457.14,16.05,214.68
13,13,0.10901,74.88,1.02,39.78,405.07,14.27,190.22
13,14,0.11804,78.11,1.14,41.35,357.43,12.97,173.31
13,15,0.12683,81.41,1.26,42.95,375.35,13.62,182.64
13,16,0.13477,84.73,1.38,44.66,418.08,16.00,214.62
13,17,0.14221,87.83,1.50,46.26,417.21,16.04,215.98
13,18,0.15039,90.78,1.63,47.90,360.82,14.81,199.63
13,19,0.15881,93.66,1.74,49.50,342.03,14.06,190.22
13,20,0.16870,96.07,1.85,50.89,242.90,10.36,140.12
13,21,0.17651,98.51,1.95,52.29,312.89,13.35,180.47
13,22,0.18445,100.74,2.04,53.57,280.38,11.87,160.77
13,23,0.19275,102.93,2.14,54.83,264.71,11.23,151.47
13,24,0.20020,104.98,2.22,55.99,275.00,11.53,156.15
13,25,0.20874,107.03,2.31,57.15,239.64,10.05,136.07
13,26,0.21851,109.08,2.40,58.32,209.69,8.83,119.06
13,27,0.22693,111.10,2.48,59.46,240.22,10.04,135.87
13,28,0.23462,112.99,2.56,60.51,246.03,10.17,136.90
13,29,0.24207,114.82,2.63,61.53,245.90,10.09,136.48
13,30,0.25037,116.34,2.69,62.36,182.72,7.36,99.63
13,31,0.25867,117.80,2.75,63.15,176.10,7.06,95.59
13,32,0.26819,118.96,2.80,63.76,121.47,4.78,64.10
13,33,0.27612,120.06,2.84,64.34,138.46,5.42,72.69
13,34,0.28442,120.83,2.87,64.72,92.65,3.46,45.96
13,35,0.29211,121.53,2.90,65.06,91.67,3.31,44.44
13,36,0.30017,121.89,2.91,65.19,44.32,1.25,16.67
13,37,0.30872,122.20,2.91,65.30,36.07,0.92,12.14
13,38,0.31836,122.24,2.91,65.24,4.43,-0.36,-5.70
13,39,0.32654,122.26,2.91,65.18,2.99,-0.56,-7.84
13,40,0.33435,122.20,2.90,65.05,-8.59,-1.11,-16.02
13,41,0.34204,122.09,2.89,64.91,-13.10,-1.31,-18.65
13,42,0.35022,121.81,2.87,64.67,-34.33,-2.16,-29.48
13,43,0.35864,121.51,2.85,64.42,-36.23,-2.16,-30.07
13,44,0.36780,121.06,2.83,64.09,-48.67,-2.61,-35.33
13,45,0.37610,120.59,2.80,63.75,-56.99,-2.92,-40.81
13,46,0.38452,119.96,2.77,63.34,-74.64,-3.65,-49.28
13,47,0.39197,119.30,2.74,62.91,-88.52,-4.23,-57.79
13,48,0.40015,118.48,2.70,62.40,-100.75,-4.58,-62.69
13,49,0.40869,117.60,2.66,61.86,-102.50,-4.66,-63.21
13,50,0.41797,116.45,2.61,61.16,-124.34,-5.52,-74.67
13,51,0.42627,115.06,2.55,60.33,-167.65,-7.39,-100.00
13,52,0.43445,112.36,2.43,58.76,-329.48,-14.23,-192.54
13,53,0.44202,109.63,2.32,57.14,-361.29,-15.78,-213.71
13,54,0.45032,106.67,2.18,55.29,-355.88,-16.33,-222.43
13,55,0.45862,103.77,2.04,53.46,-350.00,-16.24,-221.32
13,56,0.46802,101.14,1.91,51.67,-280.19,-13.97,-190.58
13,57,0.47620,98.58,1.78,49.88,-312.69,-15.95,-217.91
13,58,0.48450,96.44,1.66,48.14,-257.72,-15.18,-209.56
13,59,0.49207,94.34,1.53,46.39,-277.42,-16.80,-231.45
13,60,0.50037,92.45,1.40,44.58,-227.57,-15.75,-218.75
13,61,0.50867,90.65,1.27,42.84,-216.91,-15.05,-209.19
13,62,0.51807,89.33,1.18,41.54,-140.26,-9.99,-138.31
13,63,0.52686,88.12,1.09,40.33,-138.19,-9.89,-137.50
13,64,0.53455,87.45,1.04,39.63,-86.11,-6.57,-91.27
13,65,0.54211,86.76,0.99,38.86,-91.13,-7.23,-101.21
13,66,0.55029,85.93,0.91,37.75,-102.61,-9.72,-135.82
13,67,0.55872,85.10,0.91,36.62,-97.83,0.53,-134.06
13,68,0.56799,84.36,0.86,35.41,-79.61,-6.17,-131.25
13,69,0.57629,83.64,0.86,34.15,-87.13,0.99,-151.10
13,70,0.58459,83.01,0.88,32.71,-75.37,1.50,-174.26
13,71,0.59204,82.46,0.89,31.31,-74.18,1.70,-186.89
13,72,0.60022,82.31,0.90,30.23,-19.03,1.69,-132.84
13,73,0.60864,82.21,0.91,29.36,-11.59,1.35,-102.90
13,74,0.61829,82.43,0.91,29.70,23.42,-0.18,35.13
13,75,0.62671,82.65,0.91,30.07,25.36,-0.29,43.84
13,76,0.63342,82.79,0.90,30.61,20.91,-0.88,80.00
13,77,0.64185,82.93,0.90,31.14,16.67,-0.71,63.77
13,78,0.65002,83.07,0.89,31.68,17.16,-0.72,65.67
13,79,0.65894,83.21,0.89,32.22,15.75,-0.66,60.27
13,80,0.66687,83.35,0.88,32.75,17.69,-0.75,67.69
13,81,0.67529,83.51,0.88,33.27,18.84,-0.63,61.23
13,82,0.68359,83.76,0.87,33.65,30.51,-0.25,46.32
13,83,0.69238,84.01,0.87,34.04,28.82,-0.24,43.75
13,84,0.70044,84.27,0.87,34.42,31.44,-0.25,47.73
13,85,0.70911,84.53,0.87,34.80,29.93,-0.21,43.31
13,86,0.71826,84.81,0.87,35.13,30.33,-0.10,35.67
13,87,0.72559,85.08,0.87,35.45,37.92,-0.12,44.58
13,88,0.73389,85.36,0.86,35.78,33.46,-0.10,39.34
13,89,0.74231,85.64,0.86,36.11,32.97,-0.10,38.77
13,90,0.75061,85.92,0.86,36.43,33.46,-0.10,39.34
13,91,0.75916,86.19,0.86,36.75,32.14,-0.09,36.79
13,92,0.76819,86.44,0.86,37.00,28.04,-0.01,27.70
13,93,0.77612,86.70,0.86,37.25,31.92,-0.01,31.54
13,94,0.78577,86.95,0.88,37.50,26.27,1.37,25.95
13,95,0.79248,87.20,0.89,37.73,37.27,2.78,35.45
13,96,0.80066,87.41,0.91,37.87,25.00,2.15,16.79
13,97,0.80908,87.61,0.92,38.01,24.28,1.22,16.30
13,98,0.81836,87.81,0.93,38.15,22.04,1.07,14.80
13,99,0.82666,88.02,0.94,38.28,24.63,1.24,16.54
13,100,0.83411,88.22,0.95,38.42,27.46,1.33,18.44
13,101,0.84241,88.43,0.96,38.56,24.63,1.24,16.54
13,102,0.85095,88.63,0.98,38.70,23.93,2.23,16.07
13,103,0.85925,88.83,0.99,38.83,23.53,1.14,15.81
13,104,0.86755,88.98,1.00,38.92,18.75,0.82,11.40
13,105,0.87585,89.14,1.00,39.02,18.75,0.82,11.40
13,106,0.88477,89.29,1.01,39.11,17.47,0.85,10.62
13,107,0.89319,89.45,1.02,39.21,18.48,0.81,11.23
13,108,0.90076,89.61,1.03,39.30,20.56,0.90,12.50
13,109,0.90906,89.76,1.03,39.40,18.75,0.82,11.40
13,110,0.91809,89.92,1.04,39.49,17.23,0.80,10.47
13,111,0.92578,90.07,1.05,39.58,20.24,0.88,12.30
13,112,0.93408,90.23,1.05,39.68,18.75,0.87,11.40
13,113,0.94238,90.38,1.06,39.77,18.75,0.82,11.40
13,114,0.95068,90.54,1.07,39.87,18.75,0.87,11.40
13,115,0.95898,90.69,1.07,39.96,18.01,0.79,11.03
13,116,0.96741,90.81,1.08,40.03,13.77,0.64,8.33
13,117,0.97571,90.92,1.08,40.10,13.97,0.56,8.46
13,118,0.98413,91.04,1.09,40.17,13.77,0.64,8.33
13,119,0.99255,91.15,1.09,40.24,13.77,0.64,8.33
13,120,1.00073,91.27,1.10,40.31,14.18,0.66,8.58
13,121,1.00940,91.38,1.10,40.38,13.38,0.53,8.10
13,122,1.01782,91.50,1.11,40.45,13.77,0.64,8.33
13,123,1.02698,91.62,1.12,40.52,12.67,0.59,7.67
13,124,1.03442,91.73,1.12,40.59,15.57,0.67,9.43
13,125,1.04285,91.87,1.13,40.67,16.30,0.68,9.42
13,126,1.05115,92.09,1.14,40.80,26.84,1.14,15.07
13,127,1.05945,92.35,1.15,40.94,31.25,1.28,16.91
13,128,1.06775,92.77,1.16,41.14,50.37,1.85,25.00
13,129,1.07617,93.22,1.18,41.35,53.26,1.78,23.91
13,130,1.08496,93.80,1.19,41.53,66.32,1.58,20.49
13,131,1.09351,94.38,1.20,41.71,68.21,1.67,21.07
13,132,1.10071,94.97,1.22,41.89,80.93,1.92,25.00
13,133,1.10901,95.56,1.23,42.03,70.96,1.39,17.65
13,134,1.11755,96.17,1.23,42.03,71.43,0.23,0.36
13,135,1.12573,96.77,1.23,42.00,73.13,-0.17,-4.85
13,136,1.13477,97.31,1.22,41.78,59.80,-1.49,-23.99
13,137,1.14246,97.82,1.20,41.50,67.06,-2.29,-35.71
13,138,1.15076,98.22,1.17,40.99,48.53,-4.17,-61.76
13,139,1.15906,98.54,1.13,40.43,38.60,-4.63,-68.01
13,140,1.16748,98.51,1.07,39.64,-3.62,-6.49,-93.12
13,141,1.17651,98.38,1.08,38.84,-14.53,1.11,-89.19
13,142,1.18494,97.82,1.02,37.93,-66.67,-7.22,-107.61
13,143,1.19250,97.19,1.02,37.01,-83.47,-0.83,-120.97
13,144,1.20093,96.26,1.02,36.06,-110.51,0.11,-113.77
13,145,1.20911,95.28,1.02,35.10,-119.40,0.02,-116.42
13,146,1.21753,94.12,1.01,34.19,-138.41,-0.36,-109.06
13,147,1.22656,92.95,1.01,33.27,-129.05,-0.34,-101.69
13,148,1.23413,91.78,1.01,32.35,-154.03,-0.40,-121.37
13,149,1.24255,90.62,1.00,31.43,-138.41,-0.36,-109.06
13,150,1.25085,89.45,1.00,30.51,-140.44,-0.37,-110.66
13,151,1.25916,88.30,1.00,29.61,-138.60,-0.38,-108.46
13,152,1.26746,87.21,0.99,28.80,-131.99,-0.45,-97.43
13,153,1.27588,86.13,0.99,28.01,-128.26,-0.43,-94.57
13,154,1.28418,85.11,0.99,27.27,-122.06,-0.42,-88.97
13,155,1.29321,84.12,0.98,26.54,-109.80,-0.38,-80.07
13,156,1.30090,83.22,0.98,25.89,-117.46,-0.42,-85.32
13,157,1.30933,82.34,0.98,25.25,-103.99,-0.37,-75.72
13,158,1.31763,81.58,0.97,24.69,-91.54,-0.31,-67.65
13,159,1.32654,80.86,0.97,24.15,-81.16,-0.26,-60.62
13,160,1.33423,80.28,0.97,23.70,-75.00,-0.20,-58.73
13,161,1.34265,79.75,0.97,23.27,-63.77,-0.16,-50.72
13,162,1.35095,79.38,0.97,22.94,-44.12,-0.05,-39.71
13,163,1.35925,79.04,0.97,22.62,-40.81,-0.02,-38.24
13,164,1.36768,78.81,0.97,22.36,-27.54,0.07,-30.80
13,165,1.37659,78.58,0.97,22.10,-26.03,0.06,-29.11
13,166,1.38428,78.34,0.97,21.84,-30.16,0.06,-33.73
13,167,1.39270,78.13,0.97,21.60,-25.00,0.08,-29.35
13,168,1.40088,78.02,0.97,21.40,-14.55,0.14,-23.88
13,169,1.40930,77.90,0.97,21.21,-14.13,0.14,-23.19
13,170,1.41760,77.78,0.97,21.01,-14.34,0.14,-23.53
13,171,1.42676,77.68,0.98,20.83,-11.00,0.14,-20.00
13,172,1.43433,77.65,0.98,20.70,-3.23,0.21,-17.34
13,173,1.44275,77.63,0.98,20.57,-2.90,0.19,-15.58
13,174,1.45093,77.60,0.98,20.43,-2.99,0.19,-16.04
13,175,1.45935,77.58,0.98,20.30,-2.90,0.19,-15.58
13,176,1.46765,77.55,0.98,20.17,-2.94,0.20,-15.81
13,177,1.47607,77.54,0.99,20.05,-1.81,0.18,-14.13
13,178,1.48499,77.57,0.99,19.99,3.77,0.16,-7.19
13,179,1.49280,77.61,0.99,19.92,4.30,0.18,-8.20
13,180,1.50098,77.64,0.99,19.86,4.10,0.18,-7.84
13,181,1.50940,77.67,0.99,19.80,3.99,0.17,-7.61
13,182,1.51770,77.71,0.99,19.73,4.04,0.17,-7.72
13,183,1.52612,77.74,0.99,19.67,3.99,0.17,-7.61
13,184,1.53430,77.77,1.00,19.60,4.10,0.17,-7.84
13,185,1.54272,77.81,1.00,19.55,3.99,0.16,-6.88
13,186,1.55115,77.84,1.00,19.53,3.62,0.09,-2.54
13,187,1.55933,77.87,1.00,19.50,3.73,0.09,-2.61
13,188,1.56763,77.90,1.00,19.48,3.68,0.10,-2.57
14,0,0.00000,0.00,0.00,0.00,1223.91,113.85,-2618.48
14,1,0.00836,10.31,0.62,-22.06,1232.85,74.19,-2637.59
14,2,0.01660,13.49,0.57,-28.63,386.67,-6.57,-797.78
14,3,0.02496,16.68,0.51,-35.20,381.02,-6.47,-786.13
14,4,0.03339,19.22,0.47,-40.46,301.45,-5.31,-623.91
14,5,0.04169,21.76,0.42,-45.71,305.88,-5.30,-633.09
14,6,0.05029,23.77,0.38,-49.96,234.04,-4.49,-493.97
14,7,0.05847,25.79,0.35,-54.21,246.27,-4.73,-519.78
14,8,0.06677,27.43,0.28,-58.33,198.16,-7.59,-495.59
14,9,0.07495,29.08,0.22,-62.44,201.12,-7.61,-502.99
14,10,0.08337,30.58,0.16,-66.28,178.26,-7.20,-455.07
14,11,0.09198,32.08,0.10,-70.11,174.47,-7.14,-445.39
14,12,0.10022,33.46,0.04,-73.62,167.78,-6.60,-426.67
14,13,0.10858,34.84,-0.01,-77.14,165.33,-6.69,-420.44
14,14,0.11676,36.20,-0.06,-80.46,165.67,-5.86,-406.34
14,15,0.12518,37.55,-0.11,-83.79,160.87,-5.78,-394.57
14,16,0.13361,38.96,-0.15,-87.01,166.30,-4.73,-382.97
14,17,0.14203,40.36,-0.19,-90.24,166.30,-4.72,-382.97
14,18,0.15051,41.81,-0.22,-93.31,171.22,-3.36,-362.59
14,19,0.15875,43.25,-0.24,-96.36,174.81,-3.39,-369.26
14,20,0.16693,44.48,-0.26,-98.84,150.00,-2.25,-303.73
14,21,0.17548,45.70,-0.28,-101.32,143.57,-2.24,-290.71
14,22,0.18378,46.83,-0.30,-103.63,136.03,-2.14,-277.57
14,23,0.19208,47.96,-0.32,-105.93,136.03,-2.21,-277.21
14,24,0.20044,48.99,-0.34,-108.05,122.99,-2.06,-253.28
14,25,0.20886,50.02,-0.35,-110.17,122.10,-2.04,-251.45
14,26,0.21704,51.05,-0.37,-112.28,125.75,-2.20,-258.96
14,27,0.22540,52.08,-0.39,-114.40,122.99,-2.06,-253.28
14,28,0.23370,53.00,-0.40,-116.35,111.76,-2.11,-235.29
14,29,0.24207,53.93,-0.42,-118.30,110.58,-2.11,-233.21
14,30,0.25055,54.65,-0.44,-119.87,85.61,-1.82,-184.53
14,31,0.25897,55.39,-0.45,-121.45,86.96,-1.95,-187.68
14,32,0.26715,55.92,-0.47,-122.65,65.67,-1.63,-146.27
14,33,0.27545,56.45,-0.48,-123.83,63.97,-1.59,-142.65
14,34,0.28394,56.78,-0.49,-124.62,38.85,-1.25,-93.17
14,35,0.29218,57.11,-0.50,-125.40,39.26,-1.39,-94.81
14,36,0.30066,57.22,-0.51,-125.77,12.95,-0.99,-43.17
14,37,0.30896,57.32,-0.52,-126.13,12.87,-0.98,-43.01
14,38,0.31720,57.27,-0.53,-126.16,-7.04,-0.76,-4.44
14,39,0.32556,57.21,-0.53,-126.20,-6.93,-0.84,-4.38
14,40,0.33392,57.09,-0.54,-126.12,-14.23,-0.70,9.12
14,41,0.34222,56.97,-0.54,-126.04,-14.71,-0.70,9.93
14,42,0.35077,56.74,-0.55,-125.75,-26.07,-0.46,34.29
14,43,0.35907,56.52,-0.55,-125.44,-27.57,-0.47,36.76
14,44,0.36707,56.22,-0.55,-124.98,-36.64,-0.29,58.40
14,45,0.37543,55.93,-0.56,-124.50,-35.40,-0.18,56.57
14,46,0.38379,55.55,-0.56,-123.85,-44.89,0.08,78.10
14,47,0.39215,55.17,-0.55,-123.19,-45.26,0.10,79.20
14,48,0.40057,54.71,-0.55,-122.33,-54.71,0.43,101.45
14,49,0.40894,54.24,-0.55,-121.46,-55.84,0.46,104.01
14,50,0.41711,53.63,-0.54,-120.27,-75.37,0.77,145.90
14,51,0.42542,52.98,-0.53,-119.02,-77.94,0.91,151.10
14,52,0.43378,51.58,-0.51,-116.23,-167.52,2.23,333.58
14,53,0.44214,50.17,-0.50,-113.42,-168.61,2.30,335.04
14,54,0.45056,48.52,-0.48,-110.36,-196.01,1.37,364.13
14,55,0.45892,46.87,-0.47,-107.30,-197.45,1.40,365.33
14,56,0.46710,45.25,-0.47,-104.56,-197.76,-0.06,335.45
14,57,0.47540,43.63,-0.47,-101.84,-194.85,-0.27,327.94
14,58,0.48383,42.03,-0.50,-99.59,-189.86,-2.69,266.67
14,59,0.49213,40.43,-0.52,-97.35,-193.01,-2.81,269.49
14,60,0.50055,38.74,-0.56,-95.35,-201.09,-5.09,237.68
14,61,0.50891,37.07,-0.61,-93.37,-200.00,-4.95,236.86
14,62,0.51715,35.85,-0.64,-91.97,-147.41,-3.99,169.63
14,63,0.52545,34.66,-0.67,-90.60,-143.75,-3.82,165.07
14,64,0.53387,34.00,-0.69,-89.90,-78.26,-2.24,84.06
14,65,0.54211,33.33,-0.71,-89.18,-81.85,-2.59,86.67
14,66,0.55060,32.27,-0.75,-88.27,-124.46,-5.00,107.19
14,67,0.55890,31.21,-0.80,-87.37,-127.57,-5.16,109.19
14,68,0.56714,30.04,-0.85,-86.55,-141.85,-6.91,98.89
14,69,0.57538,28.86,-0.91,-85.74,-142.96,-6.92,98.52
14,70,0.58392,27.46,-0.99,-85.02,-164.29,-9.34,83.93
14,71,0.59216,26.07,-1.07,-84.32,-168.89,-9.67,84.81
14,72,0.60059,24.99,-1.15,-84.10,-127.54,-9.17,26.81
14,73,0.60889,23.97,-1.22,-83.89,-122.79,-8.78,25.00
14,74,0.61725,24.30,-1.20,-84.14,38.69,1.77,-29.56
14,75,0.62549,24.63,-1.19,-84.38,40.37,1.81,-29.63
14,76,0.63379,25.16,-1.15,-84.56,63.60,4.19,-20.96
14,77,0.64215,25.69,-1.12,-84.73,63.14,4.16,-20.80
14,78,0.65063,26.21,-1.08,-84.90,62.23,4.10,-20.50
14,79,0.65900,26.74,-1.05,-85.08,63.14,4.16,-20.80
14,80,0.66718,27.27,-1.02,-85.25,64.55,4.25,-21.27
14,81,0.67548,27.79,-0.98,-85.43,62.87,4.09,-21.69
14,82,0.68384,28.16,-0.97,-85.71,44.16,1.95,-33.21
14,83,0.69226,28.53,-0.95,-85.99,43.84,2.03,-32.97
14,84,0.70068,28.90,-0.93,-86.26,43.84,2.03,-32.97
14,85,0.70905,29.27,-0.91,-86.54,43.80,1.99,-33.58
14,86,0.71729,29.57,-0.90,-86.84,37.41,1.25,-36.30
14,87,0.72559,29.88,-0.89,-87.14,37.13,1.33,-36.03
14,88,0.73395,30.19,-0.88,-87.44,36.86,1.32,-35.77
14,89,0.74219,30.50,-0.87,-87.74,37.41,1.25,-36.30
14,90,0.75073,30.81,-0.86,-88.04,36.07,1.29,-35.00
14,91,0.75903,31.11,-0.85,-88.34,36.76,1.30,-36.03
14,92,0.76733,31.35,-0.84,-88.61,28.31,0.79,-32.35
14,93,0.77563,31.59,-0.84,-88.88,28.68,0.71,-32.72
14,94,0.78400,31.82,-0.83,-89.15,28.10,0.69,-32.12
14,95,0.79230,32.05,-0.83,-89.41,27.57,0.74,-31.99
14,96,0.80072,32.17,-0.83,-89.63,14.86,0.02,-25.36
14,97,0.80914,32.30,-0.82,-89.84,14.86,0.02,-25.36
14,98,0.81732,32.42,-0.82,-90.05,15.30,0.02,-26.12
14,99,0.82562,32.55,-0.82,-90.27,15.07,0.02,-25.74
14,100,0.83398,32.68,-0.83,-90.48,14.96,-0.07,-25.55
14,101,0.84235,32.80,-0.83,-90.70,14.96,0.02,-25.55
14,102,0.85077,32.93,-0.82,-90.91,14.86,0.02,-25.36
14,103,0.85913,33.05,-0.83,-91.12,14.60,-0.08,-25.18
14,104,0.86731,33.13,-0.83,-91.28,10.45,-0.07,-19.78
14,105,0.87561,33.22,-0.83,-91.44,10.29,-0.07,-19.49
14,106,0.88403,33.30,-0.83,-91.60,10.14,-0.16,-19.20
14,107,0.89233,33.39,-0.83,-91.77,10.66,0.04,-19.85
14,108,0.90082,33.48,-0.83,-91.93,10.07,-0.16,-19.06
14,109,0.90930,33.56,-0.83,-92.09,10.07,-0.07,-19.06
14,110,0.91736,33.65,-0.83,-92.25,10.61,-0.07,-20.08
14,111,0.92584,33.73,-0.83,-92.42,10.07,-0.07,-19.06
14,112,0.93408,33.82,-0.83,-92.58,10.37,-0.16,-19.63
14,113,0.94244,33.91,-0.83,-92.74,10.22,-0.07,-19.34
14,114,0.95093,33.99,-0.83,-92.90,10.07,-0.16,-19.06
14,115,0.95917,34.07,-0.83,-93.06,10.00,0.01,-19.26
14,116,0.96747,34.14,-0.83,-93.18,7.72,-0.12,-14.34
14,117,0.97583,34.20,-0.84,-93.30,7.66,-0.03,-14.23
14,118,0.98413,34.27,-0.84,-93.42,7.72,-0.03,-14.34
14,119,0.99261,34.33,-0.84,-93.54,7.55,-0.12,-14.03
14,120,1.00092,34.39,-0.84,-93.66,7.72,-0.03,-14.34
14,121,1.00922,34.46,-0.84,-93.77,7.72,-0.03,-14.34
14,122,1.01752,34.52,-0.84,-93.89,7.72,-0.13,-14.34
14,123,1.02576,34.59,-0.84,-94.01,7.78,-0.03,-14.44
14,124,1.03418,34.65,-0.84,-94.13,7.61,-0.03,-14.13
14,125,1.04248,34.72,-0.84,-94.26,8.09,-0.05,-15.44
14,126,1.05096,34.83,-0.84,-94.49,12.95,-0.23,-27.34
14,127,1.05933,34.94,-0.84,-94.74,13.87,-0.33,-29.20
14,128,1.06744,35.12,-0.85,-95.17,22.18,-0.70,-53.01
14,129,1.07581,35.30,-0.86,-95.61,21.17,-0.78,-52.92
14,130,1.08429,35.44,-0.87,-96.20,16.91,-1.92,-69.78
14,131,1.09265,35.59,-0.89,-96.80,17.15,-2.09,-71.90
14,132,1.10101,35.73,-0.91,-97.39,17.15,-1.95,-70.80
14,133,1.10931,35.86,-0.92,-97.99,15.44,-2.22,-71.69
14,134,1.11749,35.82,-0.96,-98.60,-4.48,-3.90,-74.63
14,135,1.12585,35.77,-0.99,-99.20,-6.57,-3.96,-72.26
14,136,1.13422,35.51,-1.04,-99.73,-30.29,-5.44,-62.77
14,137,1.14258,35.24,-1.08,-100.24,-33.21,-5.70,-61.31
14,138,1.15100,34.70,-1.14,-100.61,-63.77,-7.26,-43.84
14,139,1.15936,34.14,-1.20,-100.94,-66.79,-7.29,-39.42
14,140,1.16766,33.36,-1.26,-100.86,-94.12,-7.25,9.93
14,141,1.17584,32.57,-1.32,-100.73,-96.27,-7.06,15.67
14,142,1.18420,31.70,-1.36,-100.11,-103.65,-4.90,73.72
14,143,1.19263,30.83,-1.40,-99.46,-103.26,-4.70,77.17
14,144,1.20117,29.94,-1.43,-98.47,-105.00,-3.07,116.07
14,145,1.20941,29.03,-1.45,-97.44,-110.00,-2.96,125.19
14,146,1.21765,28.19,-1.46,-96.22,-102.22,-1.22,148.15
14,147,1.22595,27.35,-1.47,-95.00,-101.47,-1.21,147.06
14,148,1.23425,26.50,-1.48,-93.78,-101.47,-1.30,147.06
14,149,1.24268,25.66,-1.49,-92.56,-100.00,-1.19,144.93
14,150,1.25110,24.82,-1.51,-91.34,-100.00,-1.28,144.93
14,151,1.25934,23.99,-1.52,-90.12,-101.11,-1.16,147.41
14,152,1.26764,23.25,-1.52,-88.97,-88.97,-0.61,138.24
14,153,1.27606,22.52,-1.53,-87.84,-86.59,-0.66,135.14
14,154,1.28424,21.85,-1.53,-86.78,-82.09,-0.56,129.48
14,155,1.29260,21.18,-1.53,-85.73,-79.56,-0.38,125.18
14,156,1.30109,20.58,-1.54,-84.79,-70.50,-0.49,111.15
14,157,1.30939,20.00,-1.54,-83.86,-70.96,-0.50,111.76
14,158,1.31763,19.48,-1.55,-83.07,-62.22,-0.44,96.30
14,159,1.32593,18.98,-1.55,-82.29,-60.66,-0.45,93.38
14,160,1.33435,18.57,-1.55,-81.69,-48.91,-0.64,71.74
14,161,1.34265,18.16,-1.56,-81.11,-48.53,-0.61,69.85
14,162,1.35107,17.86,-1.57,-80.72,-36.23,-0.66,45.65
14,163,1.35950,17.56,-1.57,-80.35,-35.51,-0.85,44.20
14,164,1.36761,17.32,-1.58,-80.10,-30.08,-0.98,30.45
14,165,1.37598,17.07,-1.59,-79.86,-29.20,-0.95,29.56
14,166,1.38428,16.83,-1.60,-79.61,-29.41,-0.95,29.78
14,167,1.39270,16.59,-1.60,-79.37,-28.26,-0.95,27.90
14,168,1.40118,16.40,-1.61,-79.24,-21.94,-1.12,15.47
14,169,1.40942,16.22,-1.62,-79.11,-22.59,-1.06,15.93
14,170,1.41785,16.03,-1.63,-78.98,-22.10,-1.03,15.58
14,171,1.42603,15.85,-1.64,-78.86,-22.01,-1.17,14.55
14,172,1.43433,15.72,-1.65,-78.83,-15.81,-1.07,4.04
14,173,1.44281,15.59,-1.66,-78.79,-15.47,-1.05,3.96
14,174,1.45111,15.46,-1.67,-78.76,-15.81,-1.16,4.04
14,175,1.45953,15.33,-1.68,-78.73,-15.58,-0.97,3.99
14,176,1.46783,15.19,-1.69,-78.69,-15.81,-1.07,4.04
14,177,1.47601,15.07,-1.69,-78.67,-14.93,-1.13,3.36
14,178,1.48438,15.01,-1.70,-78.70,-8.03,-0.81,-3.65
14,179,1.49280,14.94,-1.71,-78.73,-7.97,-0.80,-3.62
14,180,1.50122,14.87,-1.72,-78.76,-7.97,-0.89,-3.62
14,181,1.50958,14.80,-1.72,-78.79,-8.03,-0.81,-3.65
14,182,1.51770,14.74,-1.73,-78.82,-8.27,-0.83,-3.76
14,183,1.52606,14.67,-1.74,-78.85,-8.03,-0.90,-3.65
14,184,1.53442,14.60,-1.74,-78.88,-8.03,-0.81,-3.65
14,185,1.54285,14.54,-1.75,-78.91,-7.25,-0.65,-3.62
14,186,1.55121,14.52,-1.75,-78.94,-2.92,-0.48,-3.65
14,187,1.55951,14.49,-1.76,-78.97,-2.94,-0.39,-3.68
14,188,1.56787,14.47,-1.76,-79.00,-2.92,-0.39,-3.65
