trial,frame,t_s,x_cm,y_cm,z_cm,vx,vy,vz
0,0,0.00000,0.00,0.00,0.00,0.00,0.00,0.00
0,1,0.00827,0.79,13.60,-3.92,95.57,1644.46,-474.17
0,2,0.01666,1.19,20.10,-5.88,47.27,774.52,-233.45
0,3,0.02487,1.58,26.40,-7.84,48.33,767.44,-238.66
0,4,0.03336,1.98,32.50,-9.80,46.76,719.01,-230.94
0,5,0.04141,2.38,38.40,-11.76,49.24,732.32,-243.18
0,6,0.05008,2.77,44.10,-13.72,45.77,657.67,-226.06
0,7,0.05826,3.17,49.60,-15.68,48.51,672.48,-239.55
0,8,0.06647,3.57,54.90,-17.64,48.33,645.62,-238.66
0,9,0.07477,3.96,60.00,-19.60,47.79,614.40,-236.03
0,10,0.08322,4.36,64.90,-21.55,46.93,579.65,-231.77
0,11,0.09143,4.76,69.60,-23.51,48.33,572.53,-238.66
0,12,0.09995,5.15,74.10,-25.47,46.59,528.52,-230.11
0,13,0.10806,5.55,78.40,-27.43,48.87,529.71,-241.35
0,14,0.11673,5.95,82.50,-29.39,45.77,473.06,-226.06
0,15,0.12497,6.34,86.40,-31.35,48.15,473.32,-237.78
0,16,0.13327,6.74,90.10,-33.31,47.79,445.74,-236.03
0,17,0.14157,7.14,93.60,-35.27,47.79,421.65,-236.03
0,18,0.14993,7.53,96.90,-37.23,47.45,394.65,-234.31
0,19,0.15857,7.93,100.00,-39.19,45.94,358.94,-226.86
0,20,0.16663,8.33,102.90,-41.15,49.24,359.95,-243.18
0,21,0.17511,8.72,105.60,-43.11,46.76,318.25,-230.94
0,22,0.18347,9.12,108.10,-45.07,47.45,298.97,-234.31
0,23,0.19144,9.52,110.40,-47.02,49.81,288.76,-245.98
0,24,0.20010,9.92,112.50,-48.98,45.77,242.30,-226.06
0,25,0.20828,10.31,114.40,-50.94,48.51,232.31,-239.55
0,26,0.21674,10.71,116.10,-52.91,46.93,201.39,-232.13
0,27,0.22501,11.11,117.60,-54.86,47.97,181.33,-236.90
0,28,0.23346,11.50,118.90,-56.82,46.93,153.75,-231.77
0,29,0.24149,11.90,120.00,-58.78,49.43,137.01,-244.11
0,30,0.25009,12.30,120.90,-60.74,46.10,104.54,-227.66
0,31,0.25821,12.69,121.60,-62.70,48.87,86.19,-241.35
0,32,0.26709,13.09,122.10,-64.66,44.67,56.26,-220.62
0,33,0.27484,13.49,122.40,-66.62,51.18,38.66,-252.76
0,34,0.28351,13.88,122.50,-68.58,45.77,11.50,-226.06
0,35,0.29172,14.28,122.40,-70.54,48.33,-12.23,-238.66
0,36,0.30005,14.68,122.10,-72.50,47.62,-36.05,-235.16
0,37,0.30814,15.07,121.60,-74.46,49.06,-61.87,-242.26
0,38,0.31683,15.47,120.90,-76.42,45.61,-80.53,-225.26
0,39,0.32541,15.87,120.00,-78.38,46.26,-104.99,-228.47
0,40,0.33337,16.26,118.90,-80.33,49.81,-138.15,-245.98
0,41,0.34195,16.66,117.60,-82.29,46.26,-151.64,-228.47
0,42,0.35022,17.06,116.10,-84.25,47.97,-181.42,-236.90
0,43,0.35846,17.45,114.40,-86.21,48.15,-206.37,-237.78
0,44,0.36682,17.85,112.50,-88.17,47.45,-227.27,-234.31
0,45,0.37512,18.25,110.40,-90.13,47.79,-253.03,-236.03
0,46,0.38330,18.64,108.10,-92.09,48.51,-281.27,-239.55
0,47,0.39178,19.04,105.60,-94.05,46.76,-294.72,-230.94
0,48,0.40002,19.44,102.89,-96.01,48.15,-327.73,-237.78
0,49,0.40826,19.83,99.99,-97.97,48.15,-352.00,-237.78
0,50,0.41666,20.23,96.89,-99.93,47.27,-369.43,-233.45
0,51,0.42484,20.63,93.59,-101.89,48.51,-403.54,-239.55
0,52,0.43329,21.02,90.09,-103.85,46.93,-414.09,-231.77
0,53,0.44141,21.42,86.39,-105.80,48.87,-455.84,-241.35
0,54,0.45001,21.82,82.49,-107.76,46.10,-453.22,-227.66
0,55,0.45819,22.21,78.39,-109.72,48.51,-501.35,-239.55
0,56,0.46686,22.61,74.09,-111.68,45.77,-496.19,-226.06
0,57,0.47501,23.01,69.59,-113.64,48.69,-552.32,-240.45
0,58,0.48352,23.40,64.89,-115.60,46.59,-552.06,-230.11
0,59,0.49146,23.80,59.99,-117.56,50.00,-617.61,-246.92
0,60,0.50009,24.20,54.89,-119.52,45.94,-590.57,-226.86
0,61,0.50818,24.59,49.59,-121.48,49.06,-655.41,-242.26
0,62,0.51669,24.99,44.09,-123.44,46.59,-646.02,-230.11
0,63,0.52505,25.39,38.39,-125.40,47.45,-681.72,-234.31
0,64,0.53357,25.78,32.49,-127.36,46.59,-693.00,-230.11
0,65,0.54147,26.18,26.39,-129.32,50.19,-771.81,-247.88
0,66,0.55005,26.58,20.09,-131.27,46.26,-734.71,-228.47
0,67,0.55829,26.97,13.59,-133.23,48.15,-788.92,-237.78
0,68,0.56693,27.37,6.89,-135.19,45.94,-775.83,-226.86
0,69,0.57516,27.77,-0.01,-137.15,48.15,-837.46,-237.78
0,70,0.58344,28.16,-7.12,-139.11,47.97,-858.56,-236.90
0,71,0.59149,28.56,-14.42,-141.07,49.24,-906.14,-243.18
0,72,0.59998,28.96,-21.92,-143.03,46.76,-884.09,-230.94
0,73,0.60825,29.35,-29.62,-144.99,47.97,-931.11,-236.90
0,74,0.61670,29.75,-37.52,-146.95,46.93,-934.59,-231.77
0,75,0.62500,30.15,-45.62,-148.91,47.79,-975.87,-236.03
0,76,0.63330,30.55,-53.92,-150.87,47.79,-999.97,-236.03
0,77,0.64182,30.94,-62.42,-152.83,46.59,-998.36,-230.11
0,78,0.64999,31.34,-71.12,-154.79,48.51,-1063.80,-239.55
0,79,0.65857,31.74,-80.02,-156.74,46.26,-1037.91,-228.47
0,80,0.66699,32.13,-89.12,-158.70,47.10,-1080.46,-232.61
0,81,0.67508,32.53,-98.42,-160.66,49.06,-1150.04,-242.26
0,82,0.68332,32.93,-107.92,-162.62,48.15,-1153.01,-237.78
0,83,0.69147,33.32,-117.62,-164.58,48.69,-1190.51,-240.45
0,84,0.69995,33.72,-127.52,-166.54,46.76,-1166.98,-230.94
0,85,0.70825,34.12,-137.62,-168.50,47.79,-1216.81,-236.03
0,86,0.71671,34.51,-147.92,-170.46,46.93,-1218.51,-231.77
0,87,0.72488,34.91,-158.42,-172.42,48.51,-1283.89,-239.55
0,88,0.73334,35.31,-169.12,-174.38,46.93,-1265.83,-231.77
0,89,0.74139,35.70,-180.02,-176.34,49.24,-1352.99,-243.18
0,90,0.74994,36.10,-191.13,-178.30,46.43,-1299.08,-229.29
0,91,0.75797,36.50,-202.43,-180.26,49.43,-1407.97,-244.11
0,92,0.76663,36.89,-213.93,-182.21,45.77,-1326.94,-226.06
0,93,0.77499,37.29,-225.63,-184.17,47.45,-1399.28,-234.31
0,94,0.78326,37.69,-237.53,-186.13,47.97,-1438.96,-236.90
0,95,0.79141,38.08,-249.63,-188.09,48.69,-1485.06,-240.45
0,96,0.80014,38.48,-261.93,-190.05,45.45,-1409.32,-224.48
0,97,0.80801,38.88,-274.43,-192.01,50.39,-1587.67,-248.84
0,98,0.81671,39.27,-287.21,-193.98,45.61,-1469.12,-226.67
0,99,0.82498,39.67,-300.11,-195.94,47.97,-1560.02,-236.90
0,100,0.83392,40.07,-313.21,-197.90,44.37,-1465.25,-219.11
0,101,0.84161,40.46,-326.51,-199.86,51.59,-1729.65,-254.76
0,102,0.85007,40.86,-340.01,-201.82,46.93,-1597.21,-231.77
0,103,0.85840,41.26,-353.72,-203.78,47.62,-1644.62,-235.16
0,104,0.86685,41.65,-367.62,-205.74,46.93,-1644.53,-231.77
0,105,0.87503,42.05,-381.72,-207.70,48.51,-1724.21,-239.55
0,106,0.88342,42.45,-396.02,-209.66,47.27,-1704.15,-233.45
0,107,0.89148,42.84,-410.52,-211.61,49.24,-1799.98,-243.18
0,108,0.89999,43.24,-425.22,-213.57,46.59,-1726.70,-230.11
0,109,0.90833,43.64,-440.14,-215.54,47.62,-1790.62,-235.53
0,110,0.91675,44.03,-455.25,-217.50,47.10,-1792.98,-232.61
0,111,0.92517,44.43,-470.55,-219.45,47.10,-1816.73,-232.61
0,112,0.93341,44.83,-486.05,-221.41,48.15,-1881.37,-237.78
0,113,0.94156,45.22,-501.75,-223.37,48.69,-1927.06,-240.45
0,114,0.95007,45.62,-517.65,-225.33,46.59,-1867.66,-230.11
0,115,0.95816,46.02,-533.76,-227.29,49.06,-1991.06,-242.26
0,116,0.96677,46.41,-550.06,-229.25,46.10,-1894.28,-227.66
0,117,0.97510,45.89,-551.30,-230.82,-62.64,-148.57,-187.91
1,0,0.00000,0.00,0.00,0.00,0.00,0.00,0.00
1,1,0.00842,2.71,13.60,-2.94,321.74,1614.66,-349.28
1,2,0.01648,4.06,20.10,-4.41,168.18,806.79,-182.58
1,3,0.02493,5.42,26.40,-5.88,160.29,745.27,-174.01
1,4,0.03339,6.77,32.50,-7.35,160.29,721.62,-174.01
1,5,0.04147,8.13,38.40,-8.83,167.55,729.55,-181.89
1,6,0.04977,9.48,44.10,-10.30,163.24,686.68,-177.21
1,7,0.05832,10.84,49.60,-11.77,158.57,643.66,-172.14
1,8,0.06662,12.19,54.90,-13.24,163.24,638.50,-177.21
1,9,0.07535,13.55,60.00,-14.71,155.24,584.33,-168.53
1,10,0.08316,14.90,64.90,-16.18,173.44,627.20,-188.28
1,11,0.09158,16.26,69.60,-17.65,160.87,558.00,-174.64
1,12,0.09982,17.61,74.10,-19.12,164.44,546.13,-178.52
1,13,0.10861,18.97,78.40,-20.59,154.17,489.25,-167.36
1,14,0.11676,20.32,82.50,-22.06,166.29,503.18,-180.52
1,15,0.12531,21.68,86.40,-23.54,158.57,456.42,-172.14
1,16,0.13339,23.03,90.10,-25.01,167.55,457.51,-181.89
1,17,0.14154,24.39,93.60,-26.48,166.29,429.54,-180.52
1,18,0.15005,25.74,96.90,-27.95,159.14,387.58,-172.76
1,19,0.15799,27.10,100.00,-29.42,170.77,390.70,-185.38
1,20,0.16699,28.45,102.90,-30.89,150.51,322.13,-163.39
1,21,0.17511,29.81,105.60,-32.36,166.92,332.60,-181.20
1,22,0.18344,31.16,108.10,-33.83,162.64,300.07,-176.56
1,23,0.19183,32.52,110.40,-35.30,161.45,274.06,-175.27
1,24,0.20029,33.87,112.50,-36.77,160.29,248.57,-174.01
1,25,0.20807,35.23,114.40,-38.24,174.12,244.13,-189.02
1,26,0.21655,36.58,116.10,-39.72,159.71,200.36,-173.38
1,27,0.22510,37.94,117.60,-41.19,158.57,175.52,-172.14
1,28,0.23328,39.29,118.90,-42.66,165.67,158.93,-179.85
1,29,0.24146,40.65,120.00,-44.13,165.67,134.48,-179.85
1,30,0.24979,42.00,120.90,-45.60,162.64,108.00,-176.56
1,31,0.25812,43.36,121.60,-47.07,162.64,84.00,-176.56
1,32,0.26654,44.71,122.10,-48.54,160.87,59.34,-174.64
1,33,0.27505,46.07,122.40,-50.01,159.14,35.22,-172.76
1,34,0.28314,47.42,122.50,-51.48,167.55,12.35,-181.89
1,35,0.29147,48.78,122.40,-52.95,162.64,-12.02,-176.56
1,36,0.29984,50.13,122.10,-54.43,162.04,-35.90,-175.91
1,37,0.30814,51.49,121.60,-55.90,163.24,-60.26,-177.21
1,38,0.31659,52.84,120.90,-57.37,160.29,-82.83,-174.01
1,39,0.32504,54.20,120.00,-58.84,160.29,-106.49,-174.01
1,40,0.33334,55.55,118.90,-60.31,163.24,-132.54,-177.21
1,41,0.34158,56.91,117.60,-61.78,164.44,-157.80,-178.52
1,42,0.34979,58.26,116.10,-63.25,165.06,-182.75,-179.18
1,43,0.35815,59.62,114.40,-64.72,162.04,-203.33,-175.91
1,44,0.36664,60.97,112.50,-66.19,159.71,-223.98,-173.38
1,45,0.37512,62.33,110.40,-67.66,159.71,-247.55,-173.38
1,46,0.38324,63.68,108.10,-69.13,166.92,-283.36,-181.20
1,47,0.39145,65.04,105.60,-70.61,165.06,-304.57,-179.18
1,48,0.39981,66.39,102.90,-72.08,162.04,-322.92,-175.91
1,49,0.40805,67.75,100.00,-73.55,164.44,-351.98,-178.52
1,50,0.41666,69.10,96.90,-75.02,157.45,-360.24,-170.92
1,51,0.42502,70.46,93.60,-76.49,162.04,-394.67,-175.91
1,52,0.43304,71.81,90.10,-77.96,168.82,-436.11,-183.27
1,53,0.44165,73.17,86.40,-79.43,157.45,-429.96,-170.92
1,54,0.45001,74.52,82.50,-80.90,162.04,-466.43,-175.91
1,55,0.45801,75.88,78.40,-82.37,169.47,-512.81,-183.97
1,56,0.46674,77.24,74.08,-83.85,155.59,-493.96,-168.88
1,57,0.47525,78.59,69.58,-85.32,159.14,-528.61,-172.76
1,58,0.48312,79.95,64.88,-86.79,172.09,-597.03,-186.82
1,59,0.49146,81.30,59.98,-88.26,162.64,-588.23,-176.56
1,60,0.50003,82.66,54.88,-89.73,158.01,-594.81,-171.53
1,61,0.50839,84.01,49.58,-91.20,162.04,-633.93,-175.91
1,62,0.51666,85.37,44.08,-92.67,163.84,-665.13,-177.86
1,63,0.52509,86.72,38.38,-94.14,160.87,-676.82,-174.64
1,64,0.53323,88.08,32.48,-95.61,166.29,-724.18,-180.52
1,65,0.54156,89.43,26.38,-97.09,162.64,-732.27,-176.56
1,66,0.54993,90.79,20.08,-98.56,162.04,-753.51,-175.91
1,67,0.55820,92.14,13.58,-100.03,163.84,-786.05,-177.86
1,68,0.56659,93.50,6.87,-101.50,161.45,-798.44,-175.27
1,69,0.57492,94.85,-0.03,-102.97,162.64,-828.30,-176.56
1,70,0.58325,96.21,-7.17,-104.45,163.37,-856.95,-177.66
1,71,0.59158,97.57,-14.47,-105.92,162.64,-876.44,-176.56
1,72,0.59995,98.92,-21.97,-107.39,162.04,-897.16,-175.91
1,73,0.60825,100.28,-29.67,-108.86,163.24,-927.85,-177.21
1,74,0.61667,101.63,-37.57,-110.33,160.87,-938.15,-174.64
1,75,0.62488,102.99,-45.67,-111.80,165.06,-986.92,-179.18
1,76,0.63327,104.34,-53.98,-113.28,161.45,-989.23,-175.27
1,77,0.64157,105.70,-62.48,-114.75,163.24,-1024.23,-177.21
1,78,0.64987,107.05,-71.18,-116.22,163.24,-1048.32,-177.21
1,79,0.65820,108.41,-80.08,-117.69,162.64,-1068.49,-176.56
1,80,0.66699,109.76,-89.18,-119.16,154.17,-1035.59,-167.36
1,81,0.67499,111.12,-98.49,-120.63,169.47,-1163.38,-183.97
1,82,0.68356,112.47,-107.99,-122.10,158.01,-1108.04,-171.53
1,83,0.69159,113.83,-117.69,-123.57,168.82,-1208.79,-183.27
1,84,0.70016,115.18,-127.59,-125.04,158.01,-1154.68,-171.53
1,85,0.70825,116.54,-137.69,-126.51,167.55,-1249.13,-181.89
1,86,0.71692,117.89,-148.00,-127.98,156.34,-1188.64,-169.72
1,87,0.72507,119.25,-158.50,-129.46,166.29,-1288.87,-180.52
1,88,0.73328,120.60,-169.20,-130.93,165.06,-1303.65,-179.18
1,89,0.74185,121.96,-180.10,-132.40,158.01,-1271.30,-171.53
1,90,0.74994,123.31,-191.20,-133.87,167.55,-1372.78,-181.89
1,91,0.75821,124.67,-202.51,-135.34,163.84,-1366.57,-177.86
1,92,0.76688,126.02,-214.01,-136.81,156.34,-1327.10,-169.72
1,93,0.77496,127.38,-225.71,-138.28,167.55,-1446.98,-181.89
1,94,0.78317,128.73,-237.61,-139.75,165.06,-1449.83,-179.18
1,95,0.79175,130.09,-249.71,-141.22,158.01,-1411.23,-171.53
1,96,0.80014,131.44,-262.02,-142.69,161.45,-1465.85,-175.27
1,97,0.80878,132.80,-274.52,-144.17,156.89,-1447.58,-170.32
1,98,0.81674,134.15,-287.22,-145.64,170.11,-1594.71,-184.67
1,99,0.82532,135.51,-300.12,-147.11,158.01,-1504.53,-171.53
1,100,0.83344,136.86,-313.22,-148.58,166.92,-1614.00,-181.20
1,101,0.84149,138.22,-326.53,-150.05,168.18,-1651.05,-182.58
1,102,0.84988,139.57,-340.03,-151.52,161.45,-1608.85,-175.27
1,103,0.85815,140.93,-353.73,-152.99,163.84,-1656.78,-177.86
1,104,0.86655,142.28,-367.63,-154.46,161.45,-1656.51,-175.27
1,105,0.87491,143.64,-381.73,-155.93,162.04,-1686.47,-175.91
1,106,0.88315,144.99,-396.04,-157.40,164.44,-1735.73,-178.52
1,107,0.89151,146.35,-410.54,-158.87,162.04,-1734.31,-175.91
1,108,0.89981,147.70,-425.24,-160.35,163.24,-1771.16,-177.21
1,109,0.90817,149.06,-440.14,-161.82,162.04,-1782.15,-175.91
1,110,0.91666,150.41,-455.24,-163.29,159.71,-1780.08,-173.38
1,111,0.92493,151.77,-470.55,-164.76,163.84,-1850.24,-177.86
1,112,0.93338,153.12,-486.05,-166.23,160.29,-1833.83,-174.01
1,113,0.94156,154.48,-501.75,-167.70,165.67,-1919.86,-179.85
1,114,0.94983,155.83,-517.65,-169.17,163.84,-1922.80,-177.86
1,115,0.95810,157.19,-533.75,-170.64,163.84,-1946.98,-177.86
1,116,0.96652,158.54,-550.06,-172.11,160.87,-1935.45,-174.64
1,117,0.97510,159.90,-566.56,-173.58,158.01,-1924.34,-171.53
1,118,0.98334,161.25,-583.26,-175.05,164.44,-2027.01,-178.52
1,119,0.99191,162.61,-600.16,-176.53,158.01,-1970.98,-171.53
1,120,1.00006,163.96,-617.26,-178.00,166.29,-2098.88,-180.52
1,121,1.00830,165.32,-634.57,-179.47,164.44,-2099.83,-178.52
1,122,1.01694,166.67,-652.07,-180.94,156.89,-2026.53,-170.32
1,123,1.02518,168.03,-669.77,-182.41,164.44,-2148.37,-178.52
1,124,1.03333,169.38,-687.67,-183.88,166.29,-2197.06,-180.52
1,125,1.04172,170.74,-705.77,-185.35,161.45,-2156.98,-175.27
1,126,1.04996,172.09,-724.08,-186.82,164.44,-2221.19,-178.52
1,127,1.05832,173.45,-742.58,-188.29,162.04,-2212.68,-175.91
1,128,1.06659,174.80,-761.28,-189.76,163.84,-2261.36,-177.86
1,129,1.07513,176.16,-780.18,-191.24,158.57,-2212.08,-172.14
1,130,1.08331,177.51,-799.28,-192.71,165.67,-2335.58,-179.85
1,131,1.09180,178.87,-818.59,-194.18,159.71,-2275.15,-173.38
1,132,1.09998,180.22,-838.09,-195.65,165.67,-2384.49,-179.85
1,133,1.10818,181.58,-857.79,-197.12,165.06,-2399.99,-179.18
1,134,1.11664,182.93,-877.69,-198.59,160.29,-2354.34,-174.01
1,135,1.12521,184.29,-897.79,-200.06,158.01,-2344.15,-171.53
1,136,1.13327,185.64,-918.10,-201.53,168.18,-2519.92,-182.58
1,137,1.14163,187.00,-938.60,-203.00,162.04,-2451.87,-175.91
1,138,1.14987,188.35,-959.30,-204.47,164.44,-2512.47,-178.52
1,139,1.15826,189.71,-980.20,-205.94,161.45,-2490.62,-175.27
1,140,1.16675,191.06,-1001.30,-207.42,159.71,-2487.32,-173.38
1,141,1.17502,192.42,-1022.61,-208.89,163.84,-2575.75,-177.86
1,142,1.18362,193.64,-1035.17,-213.22,141.84,-1459.66,-503.55
2,0,0.00000,0.00,0.00,0.00,0.00,0.00,0.00
2,1,0.00879,3.32,13.60,2.24,377.43,1547.38,254.51
2,2,0.01654,4.97,20.10,3.36,213.78,838.56,144.49
2,3,0.02521,6.63,26.40,4.48,191.20,726.90,129.23
2,4,0.03333,8.29,32.50,5.60,204.14,751.46,137.97
2,5,0.04156,9.95,38.40,6.72,201.11,716.04,135.93
2,6,0.04999,11.60,44.10,7.84,196.74,676.73,132.97
2,7,0.05872,13.27,49.62,8.96,190.56,632.41,128.67
2,8,0.06668,14.92,54.92,10.08,208.05,665.31,140.61
2,9,0.07507,16.58,60.02,11.20,197.45,607.61,133.45
2,10,0.08337,18.24,64.92,12.32,199.63,590.22,134.93
2,11,0.09183,19.89,69.62,13.44,196.03,555.91,132.49
2,12,0.10019,21.55,74.12,14.56,198.18,538.07,133.94
2,13,0.10883,23.21,78.42,15.68,191.87,497.80,129.68
2,14,0.11685,24.87,82.51,16.80,206.46,510.74,139.54
2,15,0.12515,26.52,86.41,17.92,199.63,469.75,134.93
2,16,0.13342,28.18,90.11,19.04,200.37,447.30,135.42
2,17,0.14175,29.84,93.61,20.16,198.90,420.02,134.43
2,18,0.14996,31.49,96.91,21.28,201.86,401.89,136.43
2,19,0.15833,33.15,100.01,22.40,198.18,370.64,133.94
2,20,0.16653,34.81,102.91,23.52,201.86,353.17,136.43
2,21,0.17511,36.47,105.61,24.64,193.24,314.77,130.60
2,22,0.18332,38.12,108.11,25.76,201.86,304.45,136.43
2,23,0.19180,39.78,110.41,26.88,195.32,271.01,132.01
2,24,0.20004,41.44,112.51,28.00,201.11,254.77,135.93
2,25,0.20831,43.09,114.41,29.12,200.37,229.65,135.42
2,26,0.21674,44.75,116.11,30.24,196.74,201.74,132.97
2,27,0.22491,46.41,117.61,31.36,202.61,183.31,136.94
2,28,0.23361,48.07,118.90,32.48,190.53,149.39,128.77
2,29,0.24185,49.72,120.00,33.60,201.11,133.40,135.93
2,30,0.25015,51.38,120.90,34.72,199.63,108.33,134.93
2,31,0.25824,53.04,121.60,35.84,204.91,86.46,138.49
2,32,0.26654,54.69,122.10,36.96,199.63,60.14,134.93
2,33,0.27502,56.35,122.40,38.08,195.32,35.27,132.01
2,34,0.28339,58.01,122.50,39.20,198.18,11.86,133.94
2,35,0.29169,59.66,122.40,40.32,199.63,-12.14,134.93
2,36,0.30026,61.32,122.10,41.44,193.24,-35.08,130.60
2,37,0.30853,62.98,121.60,42.56,200.37,-60.55,135.42
2,38,0.31683,64.64,120.90,43.68,199.63,-84.42,134.93
2,39,0.32504,66.29,120.00,44.80,201.86,-109.74,136.43
2,40,0.33350,67.95,118.90,45.92,196.03,-130.22,132.49
2,41,0.34161,69.61,117.59,47.04,204.14,-160.24,137.97
2,42,0.35004,71.26,116.09,48.16,196.74,-178.18,132.97
2,43,0.35861,72.92,114.39,49.28,193.24,-198.33,130.60
2,44,0.36664,74.58,112.49,50.40,206.46,-236.82,139.54
2,45,0.37518,76.24,110.39,51.52,193.93,-245.87,131.07
2,46,0.38354,77.89,108.09,52.64,198.18,-275.16,133.94
2,47,0.39160,79.55,105.59,53.76,205.68,-310.40,139.02
2,48,0.39990,81.21,102.89,54.88,199.63,-325.37,134.93
2,49,0.40826,82.86,99.99,56.00,198.18,-346.92,133.94
2,50,0.41684,84.52,96.89,57.12,193.24,-361.60,130.60
2,51,0.42529,86.18,93.59,58.24,196.03,-390.48,132.49
2,52,0.43362,87.84,90.09,59.36,198.90,-420.20,134.43
2,53,0.44199,89.49,86.38,60.48,198.18,-442.59,133.94
2,54,0.44986,91.15,82.48,61.60,210.47,-495.43,142.25
2,55,0.45834,92.81,78.38,62.72,195.32,-483.37,132.01
2,56,0.46658,94.46,74.08,63.84,201.11,-521.97,135.93
2,57,0.47534,96.12,69.58,64.96,189.20,-513.88,127.87
2,58,0.48370,97.78,64.88,66.08,198.18,-562.18,133.94
2,59,0.49161,99.44,59.98,67.20,209.65,-620.04,141.70
2,60,0.49994,101.09,54.88,68.32,198.90,-612.26,134.43
2,61,0.50879,102.75,49.58,69.44,187.24,-598.97,126.55
2,62,0.51666,104.41,44.08,70.56,210.47,-698.66,142.25
2,63,0.52530,106.06,38.38,71.68,191.87,-660.09,129.68
2,64,0.53366,107.72,32.47,72.80,198.18,-705.69,133.94
2,65,0.54178,109.38,26.37,73.92,204.14,-751.56,137.97
2,66,0.54993,111.04,20.07,75.04,203.37,-773.29,137.45
2,67,0.55829,112.69,13.57,76.16,198.18,-777.45,133.94
2,68,0.56653,114.35,6.87,77.28,201.11,-813.24,135.93
2,69,0.57532,116.04,-0.17,78.42,192.36,-800.63,129.86
2,70,0.58362,117.70,-7.27,79.54,199.63,-855.92,134.93
2,71,0.59186,119.35,-14.58,80.66,201.11,-886.53,135.93
2,72,0.60037,121.01,-22.08,81.78,194.62,-881.43,131.54
2,73,0.60840,122.67,-29.78,82.90,206.46,-959.97,139.54
2,74,0.61670,124.33,-37.69,84.02,199.63,-952.30,134.93
2,75,0.62524,125.98,-45.79,85.14,193.93,-948.49,131.07
2,76,0.63358,127.64,-54.10,86.26,198.90,-996.82,134.43
2,77,0.64169,129.30,-62.60,87.38,204.14,-1047.69,137.97
2,78,0.65018,130.95,-71.31,88.50,195.32,-1026.05,132.01
2,79,0.65869,132.61,-80.21,89.62,194.62,-1045.86,131.54
2,80,0.66690,134.27,-89.32,90.74,201.86,-1109.10,136.43
2,81,0.67529,135.93,-98.62,91.86,197.45,-1108.73,133.45
2,82,0.68375,137.58,-108.13,92.98,196.03,-1124.38,132.49
2,83,0.69177,139.24,-117.83,94.10,206.46,-1209.16,139.54
2,84,0.70016,140.90,-127.74,95.22,197.45,-1180.23,133.45
2,85,0.70847,142.55,-137.84,96.34,199.63,-1217.34,134.93
2,86,0.71680,144.21,-148.15,97.46,198.90,-1236.88,134.43
2,87,0.72516,145.87,-158.65,98.58,198.18,-1256.28,133.94
2,88,0.73389,147.53,-169.36,99.70,189.86,-1226.50,128.32
2,89,0.74179,149.18,-180.26,100.82,209.65,-1379.66,141.70
2,90,0.75027,150.84,-191.37,101.94,195.32,-1308.94,132.01
2,91,0.75864,152.50,-202.67,103.06,198.18,-1351.96,133.94
2,92,0.76688,154.15,-214.18,104.18,201.11,-1396.26,135.93
2,93,0.77533,155.81,-225.88,105.30,196.03,-1384.65,132.49
2,94,0.78357,157.47,-237.79,106.42,201.11,-1444.81,135.93
2,95,0.79202,159.12,-249.89,107.54,196.03,-1431.96,132.49
2,96,0.80011,160.78,-262.20,108.66,204.91,-1521.53,138.49
2,97,0.80881,162.44,-274.70,109.78,190.53,-1437.75,128.77
2,98,0.81723,164.10,-287.41,110.90,196.74,-1508.38,132.97
2,99,0.82559,165.75,-300.31,112.02,198.18,-1543.32,133.94
2,100,0.83414,167.41,-313.42,113.14,193.93,-1533.65,131.07
2,101,0.84186,169.07,-326.72,114.26,214.62,-1723.22,145.06
2,102,0.85025,170.72,-340.23,115.38,197.45,-1609.19,133.45
2,103,0.85916,172.38,-353.93,116.50,185.96,-1537.95,125.68
2,104,0.86688,174.04,-367.84,117.62,214.62,-1800.94,145.06
2,105,0.87610,175.73,-382.24,118.76,183.77,-1562.68,123.84
2,106,0.88400,177.39,-396.55,119.88,209.65,-1810.35,141.70
2,107,0.89230,179.05,-411.06,121.00,199.63,-1747.92,134.93
2,108,0.90060,180.70,-425.76,122.12,199.63,-1772.01,134.93
2,109,0.90976,182.36,-440.67,123.24,181.00,-1628.47,122.33
2,110,0.91757,184.02,-455.78,124.36,212.11,-1933.97,143.36
2,111,0.92627,185.68,-471.09,125.48,190.53,-1760.18,128.77
2,112,0.93375,187.33,-486.60,126.60,221.63,-2074.30,149.80
2,113,0.94193,188.99,-502.31,127.72,202.61,-1920.73,136.94
2,114,0.95044,190.65,-518.23,128.84,194.98,-1869.94,131.54
2,115,0.95883,192.31,-534.34,129.96,197.45,-1919.52,133.45
2,116,0.96698,193.96,-550.65,131.08,203.37,-2001.59,137.45
2,117,0.97562,195.62,-567.16,132.20,191.87,-1911.58,129.68
2,118,0.98373,197.28,-583.87,133.32,204.14,-2058.38,137.97
2,119,0.99234,198.93,-600.78,134.44,192.55,-1964.84,130.14
2,120,1.00015,200.59,-617.89,135.56,212.11,-2189.99,143.36
2,121,1.00897,202.25,-635.20,136.68,187.89,-1962.60,126.99
2,122,1.01685,203.91,-652.71,137.80,210.47,-2223.82,142.25
2,123,1.02542,205.56,-670.42,138.92,193.24,-2065.12,130.60
2,124,1.03375,207.22,-688.32,140.04,198.90,-2149.65,134.43
2,125,1.04211,208.88,-706.43,141.16,198.18,-2165.72,133.94
2,126,1.05023,210.53,-724.74,142.28,204.14,-2255.49,137.97
2,127,1.05850,212.19,-743.25,143.40,200.37,-2238.06,135.42
2,128,1.06705,213.85,-761.96,144.52,193.93,-2189.53,131.07
2,129,1.07547,215.51,-780.87,145.64,196.74,-2245.00,132.97
2,130,1.08423,217.16,-799.98,146.76,189.20,-2181.79,127.87
2,131,1.09216,218.82,-819.29,147.88,208.85,-2433.57,141.15
2,132,1.10028,220.48,-838.80,149.00,204.14,-2403.32,137.97
2,133,1.10913,222.13,-858.51,150.12,187.24,-2227.02,126.55
2,134,1.11700,223.79,-878.42,151.24,210.47,-2528.64,142.25
2,135,1.12567,225.45,-898.53,152.36,191.20,-2320.22,129.23
2,136,1.13391,227.11,-918.84,153.48,201.11,-2464.80,135.93
2,137,1.14227,228.76,-939.35,154.60,198.18,-2452.74,133.94
2,138,1.15045,230.42,-960.06,155.72,202.61,-2532.11,136.94
2,139,1.15866,232.08,-980.97,156.84,201.86,-2547.06,136.43
2,140,1.16721,233.73,-1002.07,157.96,193.93,-2470.40,131.07
2,141,1.17575,235.39,-1023.38,159.08,193.93,-2493.81,131.07
2,142,1.18387,237.05,-1044.89,160.20,204.14,-2649.70,137.97
2,143,1.19235,238.71,-1066.60,161.32,195.32,-2558.90,132.01
2,144,1.20035,240.36,-1088.51,162.44,207.25,-2740.18,140.08
2,145,1.20898,242.02,-1110.62,163.56,191.87,-2560.00,129.68
2,146,1.21710,243.68,-1132.93,164.68,204.14,-2748.25,137.97
2,147,1.22543,245.33,-1155.44,165.80,198.90,-2701.79,134.43
2,148,1.23389,246.99,-1178.15,166.92,196.03,-2686.43,132.49
2,149,1.24194,248.65,-1201.06,168.04,205.68,-2843.54,139.02
2,150,1.25034,250.31,-1224.17,169.16,197.45,-2753.63,133.45
2,151,1.25882,252.26,-1234.04,171.00,229.86,-1163.02,216.55
3,0,0.00000,0.00,0.00,0.00,0.00,0.00,0.00
3,1,0.00818,-3.62,13.60,-1.70,-442.54,1662.86,-207.84
3,2,0.01669,-5.43,20.10,-2.55,-212.54,763.42,-100.00
3,3,0.02499,-7.24,26.40,-3.40,-218.01,758.97,-102.57
3,4,0.03354,-9.05,32.50,-4.25,-211.79,713.88,-99.64
3,5,0.04172,-10.86,38.40,-5.11,-221.27,721.39,-104.10
3,6,0.05005,-12.67,44.10,-5.96,-217.22,684.17,-102.20
3,7,0.05832,-14.48,49.60,-6.81,-218.82,665.04,-102.95
3,8,0.06677,-16.29,54.90,-7.66,-214.08,626.97,-100.72
3,9,0.07513,-18.10,60.00,-8.51,-216.42,609.92,-101.82
3,10,0.08356,-19.91,64.90,-9.36,-214.86,581.75,-101.09
3,11,0.09183,-21.72,69.60,-10.21,-218.82,568.30,-102.95
3,12,0.10016,-23.53,74.10,-11.07,-217.22,540.13,-102.20
3,13,0.10837,-25.34,78.40,-11.92,-220.82,524.09,-103.72
3,14,0.11682,-27.15,82.50,-12.77,-214.08,485.01,-100.72
3,15,0.12515,-28.96,86.40,-13.62,-217.22,468.10,-102.20
3,16,0.13364,-30.77,90.10,-14.47,-213.31,436.11,-100.36
3,17,0.14185,-32.58,93.60,-15.32,-220.45,426.34,-103.72
3,18,0.15024,-34.39,96.90,-16.17,-215.64,393.20,-101.45
3,19,0.15845,-36.20,100.00,-17.03,-220.45,377.61,-103.72
3,20,0.16687,-38.01,102.90,-17.88,-214.86,344.28,-101.09
3,21,0.17514,-39.82,105.60,-18.73,-218.82,326.45,-102.95
3,22,0.18369,-41.63,108.10,-19.58,-211.79,292.56,-99.64
3,23,0.19189,-43.44,110.40,-20.43,-220.45,280.16,-103.72
3,24,0.20023,-45.25,112.50,-21.28,-217.22,252.05,-102.20
3,25,0.20844,-47.06,114.40,-22.13,-220.45,231.42,-103.72
3,26,0.21692,-48.86,116.10,-22.99,-213.31,200.36,-100.36
3,27,0.22519,-50.67,117.60,-23.84,-218.82,181.35,-102.95
3,28,0.23370,-52.48,118.90,-24.69,-212.54,152.67,-100.00
3,29,0.24194,-54.29,120.00,-25.54,-219.63,133.48,-103.33
3,30,0.25031,-56.10,120.90,-26.39,-216.42,107.62,-101.82
3,31,0.25879,-57.91,121.60,-27.24,-213.31,82.49,-100.36
3,32,0.26697,-59.72,122.10,-28.09,-221.27,61.11,-104.10
3,33,0.27524,-61.53,122.40,-28.95,-218.82,36.25,-102.95
3,34,0.28394,-63.34,122.50,-29.80,-208.07,11.48,-97.89
3,35,0.29214,-65.15,122.40,-30.65,-220.45,-12.20,-103.72
3,36,0.30057,-66.96,122.10,-31.50,-214.86,-35.64,-101.09
3,37,0.30859,-68.77,121.60,-32.35,-225.48,-62.32,-106.08
3,38,0.31705,-70.58,120.90,-33.20,-214.08,-82.83,-100.72
3,39,0.32526,-72.39,120.00,-34.05,-220.45,-109.65,-103.72
3,40,0.33377,-74.20,118.90,-34.91,-212.54,-129.21,-100.00
3,41,0.34204,-76.01,117.60,-35.76,-218.82,-157.21,-102.95
3,42,0.35034,-77.82,116.10,-36.61,-218.01,-180.73,-102.57
3,43,0.35855,-79.63,114.40,-37.46,-220.45,-207.11,-103.72
3,44,0.36703,-81.44,112.50,-38.31,-213.31,-223.98,-100.36
3,45,0.37552,-83.25,110.40,-39.16,-213.31,-247.55,-100.36
3,46,0.38385,-85.06,108.10,-40.01,-217.22,-276.09,-102.20
3,47,0.39209,-86.87,105.60,-40.87,-219.63,-303.44,-103.33
3,48,0.40100,-88.68,102.90,-41.72,-203.08,-303.02,-95.55
3,49,0.40927,-90.49,100.00,-42.57,-218.82,-350.68,-102.95
3,50,0.41769,-92.30,96.90,-43.42,-214.86,-368.07,-101.09
3,51,0.42542,-94.11,93.60,-44.27,-234.39,-427.43,-110.28
3,52,0.43384,-95.92,90.10,-45.12,-214.86,-415.57,-101.09
3,53,0.44211,-97.73,86.40,-45.97,-218.82,-447.42,-102.95
3,54,0.45117,-99.54,82.50,-46.83,-199.66,-430.31,-93.94
3,55,0.45944,-101.36,78.36,-47.68,-220.66,-499.63,-103.69
3,56,0.46774,-103.18,74.03,-48.54,-219.49,-522.05,-103.31
3,57,0.47559,-104.99,69.53,-49.39,-230.74,-574.16,-108.56
3,58,0.48392,-106.80,64.82,-50.24,-217.22,-564.53,-102.20
3,59,0.49203,-108.61,59.92,-51.10,-222.93,-604.02,-104.89
3,60,0.50146,-110.42,54.82,-51.95,-191.91,-541.17,-90.29
3,61,0.50940,-112.31,49.28,-52.84,-238.08,-698.12,-111.92
3,62,0.51782,-114.12,43.77,-53.69,-214.86,-654.40,-101.09
3,63,0.52567,-115.93,38.05,-54.54,-230.74,-728.28,-108.56
3,64,0.53394,-117.74,32.14,-55.39,-218.82,-714.84,-102.95
3,65,0.54205,-119.55,26.03,-56.24,-222.93,-752.91,-104.89
3,66,0.55109,-121.36,19.72,-57.09,-200.34,-698.75,-94.26
3,67,0.55942,-123.17,13.21,-57.94,-217.22,-781.63,-102.20
3,68,0.56784,-124.98,6.49,-58.80,-214.86,-796.88,-101.09
3,69,0.57553,-126.79,-0.42,-59.65,-235.32,-898.77,-110.71
3,70,0.58386,-128.60,-7.53,-60.50,-217.22,-853.64,-102.20
3,71,0.59195,-130.41,-14.84,-61.35,-223.77,-904.15,-105.28
3,72,0.60098,-132.22,-22.35,-62.20,-200.34,-831.60,-94.26
3,73,0.60953,-134.03,-30.07,-63.05,-211.79,-902.52,-99.64
3,74,0.61761,-135.84,-37.98,-63.90,-223.77,-978.34,-105.28
3,75,0.62540,-137.65,-46.09,-64.76,-232.55,-1042.40,-109.41
3,76,0.63373,-139.46,-54.40,-65.61,-217.22,-997.69,-102.20
3,77,0.64203,-141.27,-62.91,-66.46,-218.01,-1025.45,-102.57
3,78,0.65097,-143.08,-71.63,-67.31,-202.39,-974.32,-95.22
3,79,0.65952,-144.89,-80.54,-68.16,-211.79,-1042.96,-99.64
3,80,0.66760,-146.69,-89.65,-69.01,-223.77,-1126.72,-105.28
3,81,0.67551,-148.50,-98.96,-69.86,-228.96,-1178.12,-107.72
3,82,0.68381,-150.31,-108.47,-70.72,-218.01,-1145.92,-102.57
3,83,0.69199,-152.12,-118.19,-71.57,-221.27,-1187.48,-104.10
3,84,0.70099,-153.93,-128.10,-72.42,-201.02,-1101.01,-94.58
3,85,0.70923,-155.74,-138.21,-73.27,-219.63,-1227.22,-103.33
3,86,0.71765,-157.55,-148.52,-74.12,-214.86,-1224.29,-101.09
3,87,0.72549,-159.36,-159.03,-74.97,-230.74,-1340.31,-108.56
3,88,0.73380,-161.17,-169.75,-75.82,-218.01,-1290.49,-102.57
3,89,0.74207,-162.98,-180.66,-76.68,-218.82,-1319.43,-102.95
3,90,0.75116,-164.79,-191.77,-77.53,-198.99,-1221.88,-93.62
3,91,0.75922,-166.61,-203.13,-78.38,-225.76,-1409.87,-106.06
3,92,0.76764,-168.42,-214.64,-79.23,-214.86,-1366.86,-101.09
3,93,0.77536,-170.23,-226.35,-80.08,-234.39,-1517.02,-110.28
3,94,0.78387,-172.04,-238.27,-80.94,-212.54,-1399.15,-100.00
3,95,0.79202,-173.85,-250.38,-81.79,-222.10,-1486.58,-104.49
3,96,0.80103,-175.66,-262.69,-82.64,-201.02,-1367.69,-94.58
3,97,0.80957,-177.47,-275.21,-83.49,-211.79,-1464.36,-99.64
3,98,0.81760,-179.28,-287.92,-84.34,-225.48,-1583.94,-106.08
3,99,0.82538,-181.09,-300.83,-85.19,-232.55,-1659.33,-109.41
3,100,0.83365,-182.90,-313.94,-86.04,-218.82,-1585.55,-102.95
3,101,0.84192,-184.71,-327.26,-86.90,-218.82,-1609.73,-102.95
3,102,0.85098,-186.52,-340.77,-87.75,-199.66,-1490.88,-93.94
3,103,0.85907,-188.33,-354.48,-88.60,-223.77,-1695.64,-105.28
3,104,0.86752,-190.14,-368.40,-89.45,-214.08,-1645.84,-100.72
3,105,0.87527,-191.95,-382.51,-90.30,-233.46,-1820.68,-109.84
3,106,0.88361,-193.76,-396.82,-91.15,-217.22,-1717.97,-102.20
3,107,0.89178,-195.57,-411.33,-92.00,-221.27,-1774.48,-104.10
3,108,0.90085,-197.38,-426.05,-92.86,-199.66,-1623.27,-93.94
3,109,0.90909,-199.19,-440.96,-93.71,-219.63,-1809.87,-103.33
3,110,0.91751,-200.99,-456.07,-94.56,-214.86,-1794.28,-101.09
3,111,0.92532,-202.80,-471.39,-95.41,-231.64,-1960.06,-108.98
3,112,0.93365,-204.61,-486.90,-96.26,-217.22,-1862.01,-102.20
3,113,0.94193,-206.42,-502.61,-97.11,-218.82,-1899.93,-102.95
3,114,0.95078,-208.23,-518.53,-97.96,-204.48,-1798.05,-96.21
3,115,0.95917,-210.04,-534.64,-98.82,-215.64,-1919.96,-101.45
3,116,0.96698,-211.85,-550.95,-99.67,-231.64,-2088.06,-108.98
3,117,0.97546,-213.66,-567.46,-100.52,-213.31,-1946.39,-100.36
3,118,0.98398,-215.47,-584.18,-101.37,-212.54,-1962.90,-100.00
3,119,0.99231,-217.28,-601.09,-102.22,-217.22,-2030.05,-102.20
3,120,1.00125,-219.09,-618.20,-103.07,-202.39,-1913.85,-95.22
3,121,1.00900,-220.90,-635.52,-103.92,-233.46,-2233.51,-109.84
3,122,1.01736,-222.71,-653.03,-104.78,-216.42,-2094.40,-101.82
3,123,1.02567,-224.52,-670.74,-105.63,-218.38,-2133.89,-102.57
3,124,1.03415,-226.34,-688.65,-106.48,-213.67,-2111.41,-100.36
3,125,1.04233,-228.15,-706.77,-107.33,-221.64,-2214.65,-104.10
3,126,1.05118,-229.96,-725.08,-108.18,-204.83,-2069.24,-96.21
3,127,1.05994,-231.77,-743.59,-109.03,-206.97,-2113.71,-97.21
3,128,1.06808,-233.59,-762.35,-109.88,-222.47,-2301.95,-104.49
3,129,1.07590,-235.40,-781.26,-110.74,-232.03,-2420.92,-108.98
3,130,1.08423,-237.21,-800.38,-111.59,-217.58,-2294.17,-102.20
3,131,1.09244,-239.03,-819.69,-112.44,-220.82,-2352.65,-103.72
3,132,1.10080,-240.84,-839.20,-113.29,-216.79,-2333.64,-101.82
3,133,1.10907,-242.65,-858.92,-114.14,-219.19,-2383.66,-102.95
3,134,1.11749,-244.46,-878.83,-114.99,-215.22,-2364.22,-101.09
3,135,1.12573,-246.28,-898.94,-115.84,-220.00,-2441.03,-103.33
3,136,1.13431,-248.09,-919.26,-116.70,-211.39,-2368.80,-99.29
3,137,1.14261,-249.90,-939.77,-117.55,-218.38,-2471.27,-102.57
3,138,1.15085,-251.72,-960.49,-118.40,-220.00,-2513.85,-103.33
3,139,1.15912,-253.53,-981.40,-119.25,-219.19,-2528.76,-102.95
3,140,1.16760,-255.34,-1002.51,-120.10,-213.67,-2488.66,-100.36
3,141,1.17584,-257.15,-1023.83,-120.95,-220.00,-2586.67,-103.33
3,142,1.18457,-258.97,-1045.34,-121.80,-207.69,-2464.88,-97.55
3,143,1.19260,-260.78,-1067.05,-122.66,-225.86,-2705.35,-106.08
3,144,1.20102,-262.59,-1088.97,-123.51,-215.22,-2601.67,-101.09
3,145,1.20923,-264.40,-1111.08,-124.36,-220.82,-2693.74,-103.72
3,146,1.21762,-266.22,-1133.39,-125.21,-216.00,-2658.80,-101.45
3,147,1.22598,-268.03,-1155.91,-126.06,-216.79,-2692.42,-101.82
3,148,1.23468,-269.84,-1178.62,-126.91,-208.42,-2611.50,-97.89
3,149,1.24280,-271.69,-1201.92,-127.78,-227.07,-2869.83,-106.39
3,150,1.25110,-273.50,-1225.03,-128.63,-218.38,-2784.90,-102.57
3,151,1.25928,-275.31,-1248.35,-129.48,-221.64,-2850.92,-104.10
3,152,1.26785,-277.12,-1271.87,-130.33,-211.39,-2742.35,-99.29
3,153,1.27606,-278.94,-1295.58,-131.18,-220.82,-2889.05,-103.72
3,154,1.28467,-276.17,-1302.88,-134.07,321.99,-847.62,-335.82
4,0,0.00000,0.00,0.00,0.00,0.00,0.00,0.00
4,1,0.00827,-2.37,13.60,-3.23,-286.35,1644.46,-390.04
4,2,0.01678,-3.55,20.10,-4.84,-139.07,763.42,-189.25
4,3,0.02518,-4.74,26.40,-6.45,-141.09,750.69,-192.00
4,4,0.03339,-5.92,32.50,-8.06,-144.24,743.07,-196.28
4,5,0.04172,-7.10,38.40,-9.67,-142.12,708.18,-193.41
4,6,0.05014,-8.29,44.10,-11.28,-140.58,676.73,-191.30
4,7,0.05838,-9.47,49.60,-12.89,-143.70,667.50,-195.56
4,8,0.06686,-10.66,54.90,-14.51,-139.57,624.72,-189.93
4,9,0.07535,-11.84,60.00,-16.12,-139.57,601.14,-189.93
4,10,0.08426,-13.02,64.90,-17.73,-132.88,549.88,-180.82
4,11,0.09229,-14.29,69.92,-19.45,-157.79,625.52,-214.83
4,12,0.10046,-15.48,74.41,-21.06,-144.78,548.51,-197.01
4,13,0.10876,-16.66,78.69,-22.67,-142.65,516.34,-194.12
4,14,0.11719,-17.84,82.78,-24.29,-140.58,485.12,-191.30
4,15,0.12558,-19.03,86.67,-25.90,-141.09,463.05,-192.00
4,16,0.13382,-20.21,90.35,-27.51,-143.70,447.35,-195.56
4,17,0.14209,-21.40,93.84,-29.12,-143.17,421.52,-194.83
4,18,0.15042,-22.58,97.12,-30.73,-142.12,394.42,-193.41
4,19,0.15872,-23.76,100.21,-32.34,-142.65,371.78,-194.12
4,20,0.16711,-24.95,103.10,-33.95,-141.09,343.89,-192.00
4,21,0.17548,-26.13,105.78,-35.57,-141.61,321.22,-192.70
4,22,0.18384,-27.32,108.27,-37.18,-141.61,297.31,-192.70
4,23,0.19223,-28.50,110.55,-38.79,-141.09,272.39,-192.00
4,24,0.20050,-29.68,112.64,-40.40,-143.17,252.23,-194.83
4,25,0.20874,-30.87,114.53,-42.01,-143.70,228.89,-195.56
4,26,0.21719,-32.05,116.21,-43.62,-140.07,199.45,-190.61
4,27,0.22562,-33.24,117.70,-45.23,-140.58,176.43,-191.30
4,28,0.23383,-34.42,118.98,-46.84,-144.24,156.66,-196.28
4,29,0.24219,-35.60,120.07,-48.46,-141.61,129.88,-192.70
4,30,0.25052,-36.79,120.96,-50.07,-142.12,106.35,-193.41
4,31,0.25882,-37.97,121.64,-51.68,-142.65,82.64,-194.12
4,32,0.26736,-39.16,122.13,-53.29,-138.57,56.88,-188.57
4,33,0.27567,-40.34,122.41,-54.90,-142.65,34.46,-194.12
4,34,0.28394,-41.53,122.50,-56.51,-143.17,10.40,-194.83
4,35,0.29236,-42.71,122.39,-58.12,-140.58,-13.54,-191.30
4,36,0.30054,-43.89,122.07,-59.74,-144.78,-38.39,-197.01
4,37,0.30890,-45.08,121.56,-61.35,-141.61,-61.47,-192.70
4,38,0.31732,-46.26,120.84,-62.96,-140.58,-84.77,-191.30
4,39,0.32562,-47.45,119.93,-64.57,-142.65,-110.12,-194.12
4,40,0.33392,-48.63,118.82,-66.18,-142.65,-134.21,-194.12
4,41,0.34222,-49.81,117.50,-67.79,-142.65,-158.30,-194.12
4,42,0.35056,-51.00,115.99,-69.40,-142.12,-181.73,-193.41
4,43,0.35889,-52.18,114.27,-71.01,-142.12,-205.73,-193.41
4,44,0.36716,-53.37,112.36,-72.63,-143.17,-231.43,-194.83
4,45,0.37561,-54.55,110.25,-74.24,-140.07,-250.08,-190.61
4,46,0.38391,-55.73,107.93,-75.85,-142.65,-278.77,-194.12
4,47,0.39227,-56.92,105.42,-77.46,-141.61,-300.66,-192.70
4,48,0.40063,-58.10,102.70,-79.07,-141.61,-324.58,-192.70
4,49,0.40887,-59.29,99.79,-80.68,-143.70,-353.66,-195.56
4,50,0.41733,-60.47,96.67,-82.29,-140.07,-368.38,-190.61
4,51,0.42572,-61.65,93.36,-83.91,-141.09,-394.89,-192.00
4,52,0.43387,-62.84,89.85,-85.52,-145.32,-431.27,-197.75
4,53,0.44226,-64.02,86.13,-87.13,-141.09,-442.56,-192.00
4,54,0.45087,-65.21,82.22,-88.74,-137.59,-454.81,-187.23
4,55,0.45898,-66.39,78.10,-90.35,-145.86,-506.81,-198.50
4,56,0.46747,-67.58,73.79,-91.96,-139.57,-508.50,-189.93
4,57,0.47583,-68.76,69.28,-93.57,-141.61,-539.84,-192.70
4,58,0.48407,-69.94,64.56,-95.18,-143.70,-572.12,-195.56
4,59,0.49228,-71.13,59.65,-96.80,-144.24,-598.61,-196.28
4,60,0.50067,-72.31,54.53,-98.41,-141.09,-609.38,-192.00
4,61,0.50903,-73.50,49.22,-100.02,-141.61,-635.52,-192.70
4,62,0.51746,-74.68,43.71,-101.63,-140.58,-654.66,-191.30
4,63,0.52576,-75.86,37.99,-103.24,-142.65,-688.38,-194.12
4,64,0.53403,-77.05,32.08,-104.85,-143.17,-715.11,-194.83
4,65,0.54239,-78.23,25.96,-106.46,-141.61,-731.19,-192.70
4,66,0.55069,-79.42,19.65,-108.07,-142.65,-760.67,-194.12
4,67,0.55917,-80.60,13.14,-109.69,-139.57,-767.82,-189.93
4,68,0.56744,-81.78,6.42,-111.30,-143.17,-811.84,-194.83
4,69,0.57593,-82.97,-0.49,-112.91,-139.57,-814.97,-189.93
4,70,0.58414,-84.15,-7.61,-114.52,-144.24,-866.60,-196.28
4,71,0.59241,-85.34,-14.92,-116.13,-143.17,-884.39,-194.83
4,72,0.60071,-86.52,-22.44,-117.74,-142.65,-905.23,-194.12
4,73,0.60910,-87.70,-30.15,-119.35,-141.09,-919.19,-192.00
4,74,0.61752,-88.89,-38.06,-120.97,-140.58,-939.61,-191.30
4,75,0.62592,-90.07,-46.18,-122.58,-141.09,-966.85,-192.00
4,76,0.63428,-91.26,-54.49,-124.19,-141.61,-994.30,-192.70
4,77,0.64236,-92.44,-63.04,-125.81,-146.79,-1056.40,-200.00
4,78,0.65079,-93.63,-71.75,-127.42,-140.58,-1034.66,-191.30
4,79,0.65912,-94.81,-80.66,-129.03,-142.12,-1070.04,-193.41
4,80,0.66751,-96.00,-89.78,-130.64,-141.09,-1086.09,-192.00
4,81,0.67584,-97.18,-99.09,-132.25,-142.12,-1118.05,-193.41
4,82,0.68420,-98.36,-108.61,-133.86,-141.61,-1137.89,-192.70
4,83,0.69250,-99.55,-118.32,-135.47,-142.65,-1170.35,-194.12
4,84,0.70081,-100.73,-128.24,-137.08,-142.65,-1194.45,-194.12
4,85,0.70908,-101.92,-138.35,-138.70,-143.17,-1223.04,-194.83
4,86,0.71747,-103.10,-148.67,-140.31,-141.09,-1229.08,-192.00
4,87,0.72586,-104.28,-159.18,-141.92,-141.09,-1252.91,-192.00
4,88,0.73413,-105.47,-169.90,-143.53,-143.17,-1295.59,-194.83
4,89,0.74249,-106.65,-180.81,-145.14,-141.61,-1305.32,-192.70
4,90,0.75076,-107.84,-191.93,-146.75,-143.17,-1343.96,-194.83
4,91,0.75919,-109.02,-203.24,-148.36,-140.58,-1343.35,-191.30
4,92,0.76749,-110.21,-214.76,-149.98,-142.65,-1387.20,-194.12
4,93,0.77585,-111.39,-226.47,-151.59,-141.61,-1401.00,-192.70
4,94,0.78415,-112.57,-238.39,-153.20,-142.65,-1435.39,-194.12
4,95,0.79242,-113.76,-250.50,-154.81,-143.17,-1464.87,-194.83
4,96,0.80075,-114.94,-262.82,-156.42,-142.12,-1478.15,-193.41
4,97,0.80914,-116.13,-275.33,-158.03,-141.09,-1491.23,-192.00
4,98,0.81757,-117.31,-288.05,-159.64,-140.58,-1509.57,-191.30
4,99,0.82590,-118.49,-300.96,-161.25,-142.12,-1550.17,-193.41
4,100,0.83411,-119.68,-314.08,-162.87,-144.24,-1597.58,-196.28
4,101,0.84244,-120.86,-327.39,-164.48,-142.12,-1598.18,-193.41
4,102,0.85080,-122.05,-340.91,-166.09,-141.61,-1616.26,-192.70
4,103,0.85913,-123.23,-354.62,-167.70,-142.12,-1646.19,-193.41
4,104,0.86758,-124.41,-368.54,-169.31,-140.07,-1646.08,-190.61
4,105,0.87598,-125.60,-382.65,-170.92,-141.09,-1681.88,-192.00
4,106,0.88422,-126.78,-396.97,-172.53,-143.70,-1737.30,-195.56
4,107,0.89252,-127.97,-411.48,-174.15,-142.65,-1748.62,-194.12
4,108,0.90094,-129.15,-426.20,-175.76,-140.58,-1747.03,-191.30
4,109,0.90921,-130.33,-441.11,-177.37,-143.17,-1803.44,-194.83
4,110,0.91760,-131.52,-456.23,-178.98,-141.09,-1801.04,-192.00
4,111,0.92596,-132.70,-471.54,-180.59,-141.61,-1831.53,-192.70
4,112,0.93430,-133.89,-487.06,-182.20,-142.12,-1862.25,-193.41
4,113,0.94257,-135.07,-502.77,-183.81,-143.17,-1900.18,-194.83
4,114,0.95099,-136.22,-515.09,-185.42,-136.23,-1461.97,-191.30
5,0,0.00000,0.00,0.00,0.00,0.00,0.00,0.00
5,1,0.00833,2.66,13.60,-2.99,319.05,1632.41,-358.97
5,2,0.01675,3.99,20.10,-4.49,157.61,771.72,-177.54
5,3,0.02505,5.31,26.40,-5.98,159.93,758.97,-180.15
5,4,0.03360,6.64,32.50,-7.48,155.36,713.88,-175.00
5,5,0.04181,7.97,38.40,-8.97,161.71,718.71,-182.16
5,6,0.05002,9.30,44.10,-10.47,161.71,694.34,-182.16
5,7,0.05838,10.62,49.60,-11.96,158.76,657.76,-178.83
5,8,0.06683,11.95,54.90,-13.46,157.04,626.97,-176.90
5,9,0.07504,13.28,60.00,-14.95,161.71,621.25,-182.16
5,10,0.08359,14.61,64.90,-16.45,155.36,573.44,-175.00
5,11,0.09183,15.93,69.60,-17.94,161.11,570.41,-181.48
5,12,0.10022,17.26,74.10,-19.44,158.18,536.20,-178.18
5,13,0.10858,18.59,78.40,-20.94,158.76,514.24,-178.83
5,14,0.11688,19.92,82.50,-22.43,159.93,493.93,-180.15
5,15,0.12506,21.24,86.40,-23.93,162.31,476.85,-182.84
5,16,0.13367,22.57,90.10,-25.42,154.26,429.94,-173.76
5,17,0.14185,23.90,93.60,-26.92,162.31,427.94,-182.84
5,18,0.15024,25.23,96.90,-28.41,158.18,393.22,-178.18
5,19,0.15842,26.55,100.00,-29.91,162.31,379.03,-182.84
5,20,0.16687,27.88,102.90,-31.40,157.04,343.06,-176.90
5,21,0.17514,29.21,105.60,-32.90,160.52,326.47,-180.81
5,22,0.18369,30.54,108.10,-34.39,155.36,292.57,-175.00
5,23,0.19186,31.86,110.40,-35.89,162.31,281.22,-182.84
5,24,0.20013,33.19,112.50,-37.38,160.52,253.92,-180.81
5,25,0.20847,34.52,114.40,-38.88,159.34,228.06,-179.49
5,26,0.21695,35.85,116.10,-40.37,156.47,200.37,-176.26
5,27,0.22516,37.17,117.60,-41.87,161.71,182.71,-182.16
5,28,0.23364,38.50,118.90,-43.37,156.83,153.36,-176.26
5,29,0.24191,39.83,120.00,-44.86,160.52,132.98,-180.81
5,30,0.25024,41.16,120.90,-46.36,159.34,108.00,-179.49
5,31,0.25848,42.49,121.60,-47.85,161.11,84.93,-181.48
5,32,0.26700,43.81,122.10,-49.35,155.91,58.69,-175.63
5,33,0.27521,45.14,122.40,-50.84,161.71,36.51,-182.16
5,34,0.28372,46.48,122.50,-52.34,156.63,11.72,-175.99
5,35,0.29202,47.80,122.40,-53.84,159.93,-12.13,-180.15
5,36,0.30023,49.13,122.10,-55.33,161.71,-36.63,-182.16
5,37,0.30856,50.46,121.60,-56.83,159.34,-60.11,-179.49
5,38,0.31693,51.79,120.90,-58.32,158.76,-83.80,-178.83
5,39,0.32520,53.11,120.00,-59.82,160.52,-108.91,-180.81
5,40,0.33365,54.44,118.90,-61.31,157.04,-130.21,-176.90
5,41,0.34195,55.77,117.59,-62.81,160.66,-157.17,-180.51
5,42,0.35028,57.10,116.09,-64.31,159.34,-180.20,-179.49
5,43,0.35867,58.43,114.39,-65.80,158.18,-202.73,-178.18
5,44,0.36694,59.76,112.49,-67.30,160.52,-229.90,-180.81
5,45,0.37524,61.08,110.39,-68.79,159.93,-253.15,-180.15
5,46,0.38376,62.41,108.08,-70.29,155.91,-270.28,-175.63
5,47,0.39203,63.74,105.58,-71.78,160.89,-302.81,-180.81
5,48,0.40033,65.08,102.87,-73.28,160.66,-326.48,-180.51
5,49,0.40857,66.40,99.97,-74.78,161.11,-352.22,-181.48
5,50,0.41702,67.73,96.87,-76.27,157.04,-366.97,-176.90
5,51,0.42523,69.06,93.56,-77.77,161.71,-402.25,-182.16
5,52,0.43384,70.39,90.06,-79.26,154.26,-406.95,-173.76
5,53,0.44208,71.71,86.36,-80.76,161.11,-449.31,-181.48
5,54,0.45038,73.05,82.43,-82.26,161.03,-472.87,-181.25
5,55,0.45865,74.38,78.33,-83.76,160.52,-496.15,-180.81
5,56,0.46704,75.70,74.03,-85.25,158.18,-512.77,-178.18
5,57,0.47546,77.03,69.52,-86.75,157.61,-534.66,-177.54
5,58,0.48383,78.38,64.74,-88.27,161.68,-571.86,-181.75
5,59,0.49207,79.71,59.84,-89.76,161.11,-595.48,-181.48
5,60,0.50040,81.04,54.73,-91.26,159.34,-612.95,-179.49
5,61,0.50873,82.37,49.42,-92.76,159.34,-636.95,-179.49
5,62,0.51715,83.69,43.92,-94.25,157.61,-653.77,-177.54
5,63,0.52551,85.02,38.21,-95.75,158.76,-682.46,-178.83
5,64,0.53384,86.35,32.30,-97.24,159.34,-708.97,-179.49
5,65,0.54218,87.68,26.20,-98.74,159.34,-732.97,-179.49
5,66,0.55048,89.00,19.89,-100.23,159.93,-759.77,-180.15
5,67,0.55875,90.33,13.38,-101.73,160.52,-786.75,-180.81
5,68,0.56720,91.66,6.68,-103.22,157.04,-793.37,-176.90
5,69,0.57535,92.99,-0.23,-104.72,162.92,-847.63,-183.52
5,70,0.58386,94.31,-7.34,-106.21,155.91,-834.66,-175.63
5,71,0.59225,95.65,-14.65,-107.71,158.55,-871.25,-178.18
5,72,0.60043,96.98,-22.22,-109.22,163.81,-925.50,-184.33
5,73,0.60864,98.31,-29.93,-110.71,161.71,-939.00,-182.16
5,74,0.61716,99.64,-37.84,-112.21,155.91,-928.83,-175.63
5,75,0.62524,100.97,-45.94,-113.70,164.15,-1002.64,-184.91
5,76,0.63351,102.29,-54.25,-115.20,160.52,-1004.62,-180.81
5,77,0.64172,103.62,-62.76,-116.69,161.71,-1036.45,-182.16
5,78,0.65009,104.95,-71.47,-118.19,158.76,-1041.46,-178.83
5,79,0.65829,106.28,-80.38,-119.68,161.71,-1085.18,-182.16
5,80,0.66687,107.60,-89.49,-121.18,154.80,-1062.16,-174.38
5,81,0.67508,108.93,-98.79,-122.67,161.71,-1133.90,-182.16
5,82,0.68338,110.26,-108.30,-124.17,159.93,-1145.49,-180.15
5,83,0.69162,111.59,-118.01,-125.67,161.11,-1178.25,-181.48
5,84,0.70010,112.92,-127.92,-127.16,156.47,-1167.92,-176.26
5,85,0.70834,114.24,-138.03,-128.66,161.11,-1226.79,-181.48
5,86,0.71689,115.57,-148.34,-130.15,155.36,-1206.39,-175.00
5,87,0.72504,116.90,-158.85,-131.65,162.92,-1289.67,-183.52
5,88,0.73349,118.23,-169.55,-133.14,157.04,-1266.77,-176.90
5,89,0.74170,119.55,-180.46,-134.64,161.71,-1328.81,-182.16
5,90,0.75006,120.88,-191.57,-136.13,158.76,-1328.48,-178.83
5,91,0.75839,122.21,-202.88,-137.63,159.34,-1357.35,-179.49
5,92,0.76691,123.54,-214.39,-139.12,155.91,-1351.65,-175.63
5,93,0.77512,124.86,-226.10,-140.62,161.71,-1426.26,-182.16
5,94,0.78348,126.19,-238.01,-142.11,158.76,-1424.16,-178.83
5,95,0.79175,127.52,-250.11,-143.61,160.52,-1464.10,-180.81
5,96,0.80020,128.85,-262.42,-145.10,157.04,-1456.05,-176.90
5,97,0.80835,130.17,-274.93,-146.60,162.92,-1535.13,-183.52
5,98,0.81702,131.50,-287.64,-148.10,153.17,-1466.31,-172.54
5,99,0.82516,132.83,-300.55,-149.59,162.92,-1584.22,-183.52
5,100,0.83392,134.16,-313.66,-151.09,151.57,-1496.66,-170.73
5,101,0.84207,135.48,-326.97,-152.58,162.92,-1633.31,-183.52
5,102,0.85052,136.81,-340.47,-154.08,157.04,-1598.01,-176.90
5,103,0.85876,138.14,-354.18,-155.57,161.11,-1663.71,-181.48
5,104,0.86731,139.47,-368.09,-157.07,155.36,-1627.70,-175.00
5,105,0.87561,140.79,-382.20,-158.56,159.93,-1699.67,-180.15
5,106,0.88388,142.12,-396.51,-160.06,160.52,-1730.12,-180.81
5,107,0.89215,143.45,-411.02,-161.55,160.52,-1754.30,-180.81
5,108,0.90063,144.78,-425.73,-163.05,156.47,-1733.71,-176.26
5,109,0.90884,146.10,-440.63,-164.54,161.71,-1816.08,-182.16
5,110,0.91739,147.43,-455.74,-166.04,155.36,-1768.14,-175.00
5,111,0.92566,148.77,-471.12,-167.54,161.62,-1859.72,-181.55
5,112,0.93393,150.10,-486.68,-169.04,161.25,-1880.82,-181.18
5,113,0.94220,151.43,-502.39,-170.54,160.52,-1899.59,-180.81
5,114,0.95053,152.76,-518.30,-172.03,159.34,-1909.68,-179.49
5,115,0.95886,154.08,-534.41,-173.53,159.34,-1933.69,-179.49
5,116,0.96741,155.41,-550.72,-175.02,155.36,-1908.75,-175.00
5,117,0.97571,156.74,-567.23,-176.52,159.93,-1988.98,-180.15
5,118,0.98392,158.10,-584.31,-178.05,165.43,-2080.57,-186.25
5,119,0.99219,159.42,-601.22,-179.54,160.52,-2045.22,-180.81
5,120,1.00061,160.75,-618.34,-181.04,157.61,-2031.92,-177.54
5,121,1.00897,162.23,-632.13,-182.42,177.37,-1649.99,-164.96
6,0,0.00000,0.00,0.00,0.00,0.00,0.00,0.00
6,1,0.00821,2.20,13.77,3.40,268.03,1677.61,414.50
6,2,0.01675,3.29,20.27,5.08,127.14,760.08,196.43
6,3,0.02502,4.37,26.56,6.76,131.37,761.14,202.95
6,4,0.03336,5.46,32.66,8.44,130.40,731.56,201.47
6,5,0.04166,6.55,38.55,10.12,130.88,710.16,202.21
6,6,0.05008,7.63,44.25,11.80,128.99,676.12,199.28
6,7,0.05835,8.72,49.74,13.47,131.37,664.41,202.95
6,8,0.06689,9.81,55.04,15.15,127.14,619.64,196.43
6,9,0.07513,10.89,60.13,16.83,131.85,618.32,203.70
6,10,0.08347,11.98,65.03,18.51,130.40,587.52,201.47
6,11,0.09195,13.06,69.72,20.19,128.06,553.38,197.84
6,12,0.10016,14.15,74.22,21.87,132.34,547.75,204.83
6,13,0.10852,15.24,78.51,23.55,129.93,513.61,200.73
6,14,0.11719,16.32,82.61,25.23,125.35,472.45,193.66
6,15,0.12534,17.49,86.78,27.03,143.07,511.77,220.97
6,16,0.13364,18.58,90.46,28.70,130.88,443.35,202.21
6,17,0.14178,19.66,93.94,30.38,133.33,427.11,205.99
6,18,0.15018,20.75,97.22,32.06,129.45,390.85,200.00
6,19,0.15842,21.84,100.30,33.74,131.85,373.82,203.70
6,20,0.16696,22.92,103.18,35.42,127.14,337.06,196.43
6,21,0.17526,24.01,105.86,37.10,130.88,322.89,202.21
6,22,0.18350,25.09,108.34,38.78,131.85,301.00,203.70
6,23,0.19186,26.18,110.62,40.45,129.93,272.68,200.73
6,24,0.20029,27.27,112.70,42.13,128.99,246.97,199.28
6,25,0.20850,28.35,114.58,43.81,132.34,229.03,204.46
6,26,0.21701,29.44,116.26,45.49,127.60,197.33,197.13
6,27,0.22543,30.53,117.74,47.17,128.99,175.72,199.28
6,28,0.23373,31.61,119.02,48.85,130.88,154.22,202.21
6,29,0.24200,32.70,120.10,50.52,131.37,130.60,202.95
6,30,0.25031,33.79,120.98,52.20,130.88,106.03,202.21
6,31,0.25870,34.87,121.66,53.88,129.45,81.05,200.00
6,32,0.26715,35.96,122.14,55.56,128.52,56.79,198.56
6,33,0.27530,37.05,122.42,57.24,133.33,34.38,205.99
6,34,0.28357,38.13,122.50,58.92,131.37,9.69,202.95
6,35,0.29187,39.22,122.38,60.60,130.88,-14.44,202.21
6,36,0.30023,40.30,122.06,62.27,129.93,-38.25,200.73
6,37,0.30850,41.39,121.54,63.95,131.37,-62.86,202.95
6,38,0.31705,42.48,120.82,65.63,127.14,-84.25,196.43
6,39,0.32526,43.56,119.90,67.31,132.34,-112.06,204.46
6,40,0.33359,44.65,118.78,68.99,130.40,-134.42,201.47
6,41,0.34183,45.74,117.46,70.67,131.85,-160.19,203.70
6,42,0.35025,46.82,115.94,72.34,128.99,-180.49,199.28
6,43,0.35858,47.91,114.22,74.02,130.40,-206.44,201.47
6,44,0.36703,49.00,112.30,75.70,128.52,-227.12,198.56
6,45,0.37540,50.08,110.18,77.38,129.93,-253.52,200.73
6,46,0.38367,51.17,107.86,79.06,131.37,-280.52,202.95
6,47,0.39203,52.26,105.34,80.74,129.93,-301.37,200.73
6,48,0.40039,53.34,102.62,82.42,129.93,-325.29,200.73
6,49,0.40881,54.43,99.70,84.09,128.99,-346.67,199.28
6,50,0.41791,55.51,96.58,85.77,119.46,-343.07,184.56
6,51,0.42596,56.65,93.10,87.53,140.91,-431.36,217.80
6,52,0.43430,57.74,89.58,89.21,130.40,-423.59,201.47
6,53,0.44211,58.82,85.85,90.88,139.06,-477.32,214.84
6,54,0.45044,59.91,81.92,92.56,130.40,-471.61,201.47
6,55,0.45868,61.00,77.79,94.24,131.85,-501.12,203.70
6,56,0.46790,62.08,73.46,95.92,117.88,-469.72,182.12
6,57,0.47598,63.20,68.79,97.65,138.49,-577.32,213.96
6,58,0.48441,64.29,64.06,99.33,128.99,-562.18,199.28
6,59,0.49219,65.37,59.12,101.01,139.61,-634.17,215.69
6,60,0.50055,66.46,53.98,102.69,129.93,-614.11,200.73
6,61,0.50873,67.55,48.65,104.36,132.84,-652.32,205.22
6,62,0.51776,68.63,43.11,106.04,120.27,-612.75,185.81
6,63,0.52603,69.72,37.38,107.72,131.37,-693.46,202.95
6,64,0.53445,70.81,31.44,109.40,128.99,-704.65,199.28
6,65,0.54227,71.89,25.31,111.08,139.06,-785.30,214.84
6,66,0.55051,72.98,18.97,112.76,131.85,-768.85,203.70
6,67,0.55878,74.07,12.44,114.43,131.37,-790.20,202.95
6,68,0.56781,75.15,5.70,116.11,120.27,-745.60,185.81
6,69,0.57605,76.24,-1.23,117.79,131.85,-841.67,203.70
6,70,0.58414,77.33,-8.39,119.48,134.72,-885.37,208.30
6,71,0.59198,78.41,-15.73,121.15,138.52,-935.34,214.01
6,72,0.60022,79.50,-23.26,122.83,131.85,-914.57,203.70
6,73,0.60834,80.59,-31.00,124.51,133.83,-952.97,206.77
6,74,0.61740,81.67,-38.93,126.19,119.87,-875.56,185.19
6,75,0.62561,82.76,-47.07,127.87,132.34,-991.06,204.46
6,76,0.63394,83.85,-55.41,129.55,130.40,-1000.55,201.47
6,77,0.64163,84.93,-63.94,131.23,141.27,-1109.93,218.25
6,78,0.64999,86.02,-72.68,132.90,129.93,-1044.74,200.73
6,79,0.65814,87.11,-81.61,134.58,133.33,-1096.67,205.99
6,80,0.66727,88.19,-90.75,136.26,119.06,-1001.22,183.95
6,81,0.67545,89.28,-100.09,137.94,132.84,-1141.49,205.22
6,82,0.68390,90.37,-109.62,139.62,128.52,-1128.06,198.56
6,83,0.69165,91.45,-119.36,141.30,140.16,-1256.00,216.54
6,84,0.69995,92.54,-129.29,142.97,130.88,-1196.98,202.21
6,85,0.70819,93.62,-139.43,144.65,131.85,-1230.12,203.70
6,86,0.71725,94.71,-149.77,146.33,119.87,-1140.36,185.19
6,87,0.72543,95.80,-160.30,148.01,132.84,-1288.51,205.22
6,88,0.73395,96.88,-171.04,149.69,127.60,-1260.92,197.13
6,89,0.74155,97.97,-181.98,151.37,142.97,-1439.16,220.88
6,90,0.75000,99.06,-193.11,153.05,128.52,-1317.34,198.56
6,91,0.75827,100.14,-204.45,154.72,131.37,-1370.69,202.95
6,92,0.76733,101.23,-215.98,156.40,119.87,-1272.76,185.19
6,93,0.77567,102.32,-227.72,158.08,130.40,-1408.66,201.47
6,94,0.78412,103.40,-239.66,159.76,128.52,-1411.98,198.56
6,95,0.79184,104.49,-251.79,161.44,140.71,-1571.83,217.39
6,96,0.80035,105.58,-264.13,163.12,127.60,-1448.84,197.13
6,97,0.80853,106.67,-276.75,164.81,133.58,-1543.77,206.72
6,98,0.81766,107.75,-289.49,166.49,119.06,-1395.92,183.95
6,99,0.82574,108.84,-302.43,168.16,134.34,-1599.75,207.55
6,100,0.83426,109.93,-315.57,169.84,127.60,-1542.97,197.13
6,101,0.84198,111.01,-328.90,171.52,140.71,-1727.43,217.39
6,102,0.85040,112.10,-342.44,173.20,128.99,-1607.23,199.28
6,103,0.85873,113.19,-356.20,174.88,130.40,-1651.05,201.83
6,104,0.86761,114.27,-370.13,176.56,122.34,-1569.45,189.00
6,105,0.87622,115.36,-384.27,178.24,126.24,-1642.78,195.04
6,106,0.88458,116.57,-400.26,180.11,144.53,-1911.51,223.72
6,107,0.89230,117.65,-414.82,181.79,140.71,-1885.84,217.39
6,108,0.90067,118.74,-429.58,183.47,129.93,-1765.23,200.73
6,109,0.90894,119.83,-444.54,185.14,131.37,-1808.95,202.95
6,110,0.91794,120.91,-459.70,186.82,120.68,-1684.00,186.44
6,111,0.92572,122.00,-475.06,188.50,139.61,-1973.85,215.69
6,112,0.93454,123.09,-490.62,190.18,123.18,-1764.31,190.31
6,113,0.94232,124.17,-506.38,191.86,139.61,-2025.25,215.69
6,114,0.95065,125.26,-522.34,193.54,130.40,-1915.73,201.47
6,115,0.95880,126.35,-538.50,195.21,133.33,-1983.32,205.99
6,116,0.96793,127.43,-554.86,196.89,119.06,-1792.98,183.95
6,117,0.97626,128.52,-571.42,198.57,130.40,-1987.75,201.47
6,118,0.98465,129.61,-588.18,200.25,129.45,-1997.12,200.00
6,119,0.99240,130.69,-605.14,201.93,140.16,-2188.04,216.54
6,120,1.00082,131.78,-622.30,203.61,128.99,-2037.38,199.28
6,121,1.00909,132.86,-639.66,205.29,131.37,-2099.15,202.95
6,122,1.01810,133.02,-642.33,207.83,16.95,-296.71,283.05
7,0,0.00000,0.00,0.00,0.00,0.00,0.00,0.00
7,1,0.00879,-3.94,13.60,0.70,-447.92,1547.39,79.51
7,2,0.01685,-5.91,20.10,1.05,-244.32,806.79,43.56
7,3,0.02533,-7.87,26.40,1.40,-232.01,742.59,41.37
7,4,0.03339,-9.84,32.50,1.75,-244.32,757.14,43.56
7,5,0.04181,-11.81,38.40,2.10,-233.70,700.48,41.67
7,6,0.04996,-13.78,44.10,2.45,-241.57,699.54,43.07
7,7,0.05841,-15.75,49.60,2.80,-232.85,650.63,41.52
7,8,0.06680,-17.72,54.90,3.16,-234.55,631.60,41.82
7,9,0.07523,-19.68,60.00,3.51,-233.70,605.50,41.67
7,10,0.08347,-21.65,64.90,3.86,-238.89,594.68,42.59
7,11,0.09195,-23.62,69.60,4.21,-232.01,553.99,41.37
7,12,0.10001,-25.59,74.10,4.56,-244.32,558.55,43.56
7,13,0.10858,-27.56,78.40,4.91,-229.54,501.43,40.93
7,14,0.11688,-29.53,82.50,5.26,-237.13,493.93,42.28
7,15,0.12531,-31.49,86.40,5.61,-233.70,463.03,41.67
7,16,0.13361,-33.46,90.10,5.96,-237.13,445.74,42.28
7,17,0.14191,-35.43,93.60,6.31,-237.13,421.65,42.28
7,18,0.15018,-37.40,96.90,6.67,-238.01,399.02,42.44
7,19,0.15854,-39.37,100.00,7.02,-235.40,370.73,41.97
7,20,0.16696,-41.34,102.90,7.37,-233.70,344.30,41.67
7,21,0.17554,-43.30,105.60,7.72,-229.54,314.85,40.93
7,22,0.18350,-45.27,108.10,8.07,-247.13,313.86,44.06
7,23,0.19177,-47.24,110.40,8.42,-238.01,278.10,42.44
7,24,0.20016,-49.21,112.50,8.77,-234.55,250.22,41.82
7,25,0.20859,-51.18,114.40,9.12,-233.70,225.57,41.67
7,26,0.21680,-53.15,116.10,9.47,-240.15,207.31,42.75
7,27,0.22534,-55.12,117.60,9.82,-230.36,175.51,41.07
7,28,0.23380,-57.09,118.90,10.17,-232.85,153.75,41.52
7,29,0.24200,-59.05,120.00,10.53,-239.78,133.96,42.75
7,30,0.25015,-61.02,120.90,10.88,-241.57,110.42,43.07
7,31,0.25848,-62.99,121.60,11.23,-236.26,83.99,42.12
7,32,0.26672,-64.96,122.10,11.58,-238.89,60.64,42.59
7,33,0.27524,-66.93,122.40,11.93,-231.18,35.20,41.22
7,34,0.28348,-68.90,122.50,12.28,-238.89,12.10,42.59
7,35,0.29181,-70.86,122.40,12.63,-236.26,-12.04,42.12
7,36,0.30008,-72.83,122.10,12.98,-238.01,-36.31,42.44
7,37,0.30835,-74.80,121.60,13.33,-238.01,-60.49,42.44
7,38,0.31662,-76.77,120.90,13.68,-238.01,-84.68,42.44
7,39,0.32535,-78.74,120.00,14.04,-225.52,-103.15,40.21
7,40,0.33368,-80.71,118.90,14.39,-236.26,-132.07,42.12
7,41,0.34186,-82.68,117.60,14.74,-240.67,-158.99,42.91
7,42,0.35016,-84.64,116.10,15.09,-237.13,-180.74,42.28
7,43,0.35852,-86.61,114.40,15.44,-235.40,-203.35,41.97
7,44,0.36679,-88.58,112.50,15.79,-238.01,-229.78,42.44
7,45,0.37521,-90.55,110.40,16.14,-233.70,-249.36,41.67
7,46,0.38354,-92.52,108.10,16.49,-236.26,-276.11,42.12
7,47,0.39182,-94.49,105.60,16.84,-238.01,-302.33,42.44
7,48,0.39999,-96.45,102.90,17.19,-240.67,-330.17,42.91
7,49,0.40875,-98.42,99.99,17.54,-224.74,-331.15,40.07
7,50,0.41669,-100.39,96.89,17.90,-248.46,-391.11,44.23
7,51,0.42538,-102.36,93.59,18.25,-226.32,-379.48,40.35
7,52,0.43353,-104.33,90.09,18.60,-241.57,-429.61,43.07
7,53,0.44202,-106.30,86.39,18.95,-232.01,-436.18,41.37
7,54,0.45007,-108.27,82.49,19.30,-244.32,-484.14,43.56
7,55,0.45868,-110.24,78.39,19.65,-228.72,-476.48,40.78
7,56,0.46683,-112.20,74.09,20.00,-241.57,-527.82,43.07
7,57,0.47525,-114.17,69.59,20.35,-233.70,-534.33,41.67
7,58,0.48331,-116.14,64.89,20.70,-244.32,-583.44,43.56
7,59,0.49176,-118.11,59.99,21.05,-232.85,-579.72,41.52
7,60,0.49994,-120.08,54.89,21.41,-240.67,-623.64,42.91
7,61,0.50858,-122.05,49.59,21.76,-227.92,-613.74,40.64
7,62,0.51660,-124.01,44.08,22.11,-245.25,-685.34,43.73
7,63,0.52524,-125.98,38.38,22.46,-227.92,-660.06,40.64
7,64,0.53339,-127.95,32.48,22.81,-241.57,-724.16,43.07
7,65,0.54169,-129.92,26.38,23.16,-237.13,-734.94,42.28
7,66,0.54993,-131.89,20.08,23.51,-238.89,-764.66,42.59
7,67,0.55835,-133.86,13.58,23.86,-233.70,-771.78,41.67
7,68,0.56668,-135.82,6.88,24.21,-236.26,-804.27,42.12
7,69,0.57526,-137.79,-0.02,24.56,-229.54,-804.69,40.93
7,70,0.58331,-139.76,-7.12,24.91,-244.32,-881.34,43.56
7,71,0.59192,-141.73,-14.42,25.27,-228.72,-848.32,40.78
7,72,0.60043,-143.70,-21.92,25.62,-231.18,-880.93,41.22
7,73,0.60846,-145.67,-29.62,25.97,-245.25,-959.45,43.73
7,74,0.61667,-147.63,-37.52,26.32,-239.78,-962.41,42.75
7,75,0.62546,-149.60,-45.62,26.67,-223.96,-921.67,39.93
7,76,0.63339,-151.57,-53.92,27.02,-248.08,-1046.14,44.23
7,77,0.64163,-153.54,-62.42,27.37,-238.89,-1031.66,42.59
7,78,0.65002,-155.51,-71.13,27.72,-234.55,-1036.74,41.82
7,79,0.65842,-157.48,-80.03,28.07,-234.55,-1060.57,41.82
7,80,0.66660,-159.45,-89.13,28.42,-240.67,-1112.72,42.91
7,81,0.67529,-161.41,-98.43,28.78,-226.32,-1069.35,40.35
7,82,0.68335,-163.38,-107.93,29.13,-244.32,-1179.23,43.56
7,83,0.69189,-165.35,-117.63,29.48,-230.36,-1135.25,41.07
7,84,0.70026,-167.36,-127.72,29.83,-240.15,-1206.77,42.70
7,85,0.70874,-169.33,-137.82,30.18,-232.01,-1191.02,41.37
7,86,0.71671,-171.30,-148.13,30.54,-247.13,-1293.71,44.06
7,87,0.72571,-173.26,-158.63,30.89,-218.64,-1166.82,38.98
7,88,0.73367,-175.23,-169.34,31.24,-247.13,-1343.93,44.06
7,89,0.74210,-177.20,-180.24,31.59,-233.70,-1294.63,41.67
7,90,0.75037,-179.17,-191.35,31.94,-238.01,-1342.70,42.44
7,91,0.75854,-181.14,-202.65,32.29,-240.67,-1382.19,42.91
7,92,0.76669,-183.11,-214.16,32.64,-241.57,-1411.91,43.07
7,93,0.77530,-185.07,-225.86,32.99,-228.72,-1360.05,40.78
7,94,0.78360,-187.04,-237.76,33.34,-237.13,-1434.14,42.28
7,95,0.79196,-189.01,-249.87,33.69,-235.40,-1447.59,41.97
7,96,0.80008,-190.98,-262.17,34.05,-242.48,-1515.77,43.23
7,97,0.80865,-192.95,-274.68,34.40,-229.54,-1458.18,40.93
7,98,0.81683,-194.92,-287.38,34.75,-240.67,-1553.36,42.91
7,99,0.82544,-196.88,-300.29,35.10,-228.72,-1499.49,40.78
7,100,0.83362,-198.85,-313.39,35.45,-240.67,-1602.27,42.91
7,101,0.84186,-200.82,-326.70,35.80,-238.89,-1614.68,42.59
7,102,0.85007,-202.79,-340.20,36.15,-239.78,-1645.04,42.75
7,103,0.85855,-204.76,-353.90,36.50,-232.01,-1615.36,41.37
7,104,0.86670,-206.73,-367.81,36.85,-241.57,-1706.46,43.07
7,105,0.87540,-208.69,-381.91,37.20,-226.32,-1621.68,40.35
7,106,0.88361,-210.57,-389.91,37.84,-229.00,-974.56,78.07
8,0,0.00000,0.00,0.00,0.00,0.00,0.00,0.00
8,1,0.00839,-0.54,13.60,-3.96,-64.73,1620.54,-472.36
8,2,0.01651,-0.81,20.10,-5.94,-33.46,800.73,-243.98
8,3,0.02472,-1.09,26.40,-7.93,-33.09,767.43,-241.26
8,4,0.03305,-1.36,32.50,-9.91,-32.60,732.18,-237.73
8,5,0.04141,-1.63,38.40,-11.89,-32.48,705.59,-236.86
8,6,0.04993,-1.90,44.10,-13.87,-31.90,669.46,-232.62
8,7,0.05820,-2.17,49.60,-15.85,-32.84,665.04,-239.48
8,8,0.06638,-2.44,54.90,-17.83,-33.21,648.03,-242.16
8,9,0.07483,-2.72,60.00,-19.81,-32.13,603.31,-234.30
8,10,0.08310,-2.99,64.90,-21.79,-32.84,592.49,-239.48
8,11,0.09161,-3.26,69.60,-23.77,-31.90,552.01,-232.62
8,12,0.09998,-3.53,74.10,-25.75,-32.48,538.16,-236.86
8,13,0.10806,-3.80,78.40,-27.73,-33.58,531.71,-244.91
8,14,0.11664,-4.07,82.50,-29.71,-31.67,478.11,-230.96
8,15,0.12466,-4.35,86.40,-31.69,-33.84,485.91,-246.77
8,16,0.13290,-4.62,90.10,-33.67,-32.96,449.04,-240.37
8,17,0.14133,-4.89,93.60,-35.65,-32.25,415.54,-235.14
8,18,0.14978,-5.16,96.90,-37.63,-32.13,390.38,-234.30
8,19,0.15805,-5.43,100.00,-39.61,-32.84,374.84,-239.48
8,20,0.16641,-5.70,102.90,-41.60,-32.48,346.81,-236.86
8,21,0.17453,-5.98,105.60,-43.58,-33.46,332.61,-243.98
8,22,0.18311,-6.25,108.10,-45.56,-31.67,291.53,-230.96
8,23,0.19131,-6.52,110.40,-47.54,-33.09,280.17,-241.26
8,24,0.19977,-6.79,112.50,-49.52,-32.13,248.42,-234.30
8,25,0.20807,-7.06,114.40,-51.50,-32.72,228.89,-238.60
8,26,0.21628,-7.33,116.10,-53.48,-33.09,207.08,-241.26
8,27,0.22476,-7.60,117.60,-55.46,-32.01,176.80,-233.45
8,28,0.23303,-7.88,118.90,-57.44,-32.84,157.18,-239.48
8,29,0.24142,-8.15,120.00,-59.42,-32.36,131.07,-236.00
8,30,0.24979,-8.42,120.90,-61.40,-32.48,107.63,-236.86
8,31,0.25806,-8.69,121.60,-63.38,-32.84,84.63,-239.48
8,32,0.26645,-8.96,122.10,-65.36,-32.36,59.57,-236.00
8,33,0.27490,-9.23,122.40,-67.34,-32.13,35.48,-234.30
8,34,0.28311,-9.51,122.50,-69.32,-33.09,12.17,-241.26
8,35,0.29181,-9.78,122.40,-71.30,-31.23,-11.50,-227.72
8,36,0.29996,-10.05,122.10,-73.28,-33.33,-36.82,-243.07
8,37,0.30811,-10.32,121.60,-75.27,-33.33,-61.37,-243.07
8,38,0.31644,-10.59,120.90,-77.25,-32.60,-84.03,-237.73
8,39,0.32483,-10.86,120.00,-79.23,-32.36,-107.25,-236.00
8,40,0.33319,-11.14,118.90,-81.21,-32.48,-131.56,-236.86
8,41,0.34161,-11.41,117.60,-83.19,-32.25,-154.35,-235.14
8,42,0.35019,-11.68,116.10,-85.17,-31.67,-174.93,-230.96
8,43,0.35822,-11.95,114.40,-87.15,-33.84,-211.82,-246.77
8,44,0.36676,-12.22,112.50,-89.13,-31.79,-222.36,-231.79
8,45,0.37494,-12.49,110.40,-91.11,-33.21,-256.77,-242.16
8,46,0.38318,-12.77,108.10,-93.09,-32.96,-279.15,-240.37
8,47,0.39160,-13.04,105.60,-95.07,-32.25,-296.82,-235.14
8,48,0.40005,-13.31,102.90,-97.05,-32.13,-319.41,-234.30
8,49,0.40823,-13.58,100.00,-99.03,-33.21,-354.59,-242.16
8,50,0.41647,-13.85,96.90,-101.01,-32.96,-376.24,-240.37
8,51,0.42477,-14.12,93.60,-102.99,-32.72,-397.57,-238.60
8,52,0.43335,-14.40,90.10,-104.97,-31.67,-408.15,-230.96
8,53,0.44159,-14.67,86.40,-106.95,-32.96,-449.06,-240.37
8,54,0.44998,-14.94,82.50,-108.94,-32.36,-464.72,-236.00
8,55,0.45834,-15.21,78.40,-110.92,-32.48,-490.34,-236.86
8,56,0.46643,-15.48,74.10,-112.90,-33.58,-531.72,-244.91
8,57,0.47479,-15.75,69.60,-114.88,-32.48,-538.18,-236.86
8,58,0.48325,-16.02,64.90,-116.86,-32.13,-556.01,-234.30
8,59,0.49142,-16.30,60.00,-118.84,-33.21,-599.13,-242.16
8,60,0.50018,-16.57,54.90,-120.82,-31.01,-582.30,-226.13
8,61,0.50854,-16.84,49.60,-122.80,-32.48,-633.85,-236.86
8,62,0.51675,-17.11,44.10,-124.78,-33.09,-670.00,-241.26
8,63,0.52490,-17.38,38.40,-126.76,-33.33,-699.56,-243.07
8,64,0.53314,-17.65,32.50,-128.74,-32.96,-716.06,-240.37
8,65,0.54208,-17.93,26.40,-130.72,-30.38,-682.22,-221.50
8,66,0.54984,-18.20,20.10,-132.70,-35.04,-812.77,-255.51
8,67,0.55804,-18.47,13.60,-134.68,-33.09,-791.81,-241.26
8,68,0.56650,-18.74,6.90,-136.66,-32.13,-792.60,-234.30
8,69,0.57510,-19.01,-0.00,-138.64,-31.56,-801.79,-230.14
8,70,0.58310,-19.28,-7.10,-140.62,-33.97,-888.01,-247.71
8,71,0.59158,-19.56,-14.40,-142.61,-32.01,-860.48,-233.45
8,72,0.59988,-19.83,-21.90,-144.59,-32.72,-903.55,-238.60
8,73,0.60818,-20.10,-29.60,-146.57,-32.72,-927.65,-238.60
8,74,0.61667,-20.37,-37.50,-148.55,-32.01,-931.20,-233.45
8,75,0.62491,-20.64,-45.61,-150.53,-32.96,-983.06,-240.37
8,76,0.63306,-20.91,-53.91,-152.51,-33.33,-1018.65,-243.07
8,77,0.64148,-21.19,-62.41,-154.49,-32.25,-1009.18,-235.14
8,78,0.65033,-21.46,-71.11,-156.47,-30.69,-983.06,-223.79
8,79,0.65808,-21.73,-80.01,-158.45,-35.04,-1148.20,-255.51
8,80,0.66653,-22.00,-89.11,-160.43,-32.13,-1076.52,-234.30
8,81,0.67477,-22.27,-98.41,-162.41,-32.96,-1128.70,-240.37
8,82,0.68323,-22.54,-107.91,-164.39,-32.13,-1123.84,-234.30
8,83,0.69159,-22.81,-117.61,-166.37,-32.48,-1160.06,-236.86
8,84,0.70001,-23.09,-127.51,-168.35,-32.25,-1175.40,-235.14
8,85,0.70831,-23.36,-137.61,-170.33,-32.72,-1216.78,-238.60
8,86,0.71658,-23.63,-147.91,-172.31,-32.84,-1245.45,-239.48
8,87,0.72482,-23.90,-158.41,-174.30,-32.96,-1274.34,-240.37
8,88,0.73322,-24.17,-169.11,-176.28,-32.36,-1275.00,-236.00
8,89,0.74139,-24.44,-180.01,-178.26,-33.21,-1332.76,-242.16
8,90,0.75018,-24.72,-191.11,-180.24,-30.90,-1262.96,-225.35
8,91,0.75827,-24.99,-202.41,-182.22,-33.58,-1397.31,-244.91
8,92,0.76648,-25.26,-213.91,-184.20,-33.09,-1400.89,-241.26
8,93,0.77475,-25.53,-225.61,-186.18,-32.84,-1414.74,-239.48
8,94,0.78302,-25.80,-237.51,-188.16,-32.84,-1438.92,-239.48
8,95,0.79156,-25.96,-238.81,-190.14,-18.57,-151.78,-232.14
9,0,0.00000,0.00,0.00,0.00,0.00,0.00,0.00
9,1,0.00861,-3.28,13.60,-2.28,-381.56,1580.31,-265.25
9,2,0.01678,-4.93,20.10,-3.42,-200.75,794.75,-139.55
9,3,0.02527,-6.57,26.40,-4.57,-193.53,742.59,-134.53
9,4,0.03320,-8.21,32.50,-5.71,-206.92,768.79,-143.85
9,5,0.04181,-9.85,38.40,-6.85,-190.78,685.58,-132.62
9,6,0.04999,-11.49,44.10,-7.99,-200.75,696.94,-139.55
9,7,0.05835,-13.13,49.60,-9.13,-196.35,657.76,-136.50
9,8,0.06689,-14.78,54.90,-10.27,-192.14,620.25,-133.57
9,9,0.07520,-16.42,60.00,-11.41,-197.79,614.40,-137.50
9,10,0.08350,-18.06,64.90,-12.55,-197.79,590.31,-137.50
9,11,0.09155,-19.70,69.60,-13.70,-203.79,583.37,-141.67
9,12,0.09998,-21.34,74.10,-14.84,-194.93,534.26,-135.51
9,13,0.10834,-22.99,78.40,-15.98,-196.35,514.24,-136.50
9,14,0.11670,-24.63,82.50,-17.12,-196.35,490.33,-136.50
9,15,0.12506,-26.27,86.40,-18.26,-196.35,466.41,-136.50
9,16,0.13348,-27.91,90.10,-19.40,-194.93,439.28,-135.51
9,17,0.14166,-29.55,93.60,-20.54,-200.75,427.94,-139.55
9,18,0.15002,-31.20,96.90,-21.69,-196.35,394.65,-136.50
9,19,0.15839,-32.84,100.00,-22.83,-196.35,370.73,-136.50
9,20,0.16742,-34.48,102.91,-23.97,-182.43,322.55,-127.03
9,21,0.17523,-36.13,105.61,-25.12,-210.16,345.47,-146.09
9,22,0.18365,-37.77,108.11,-26.26,-194.93,296.69,-135.51
9,23,0.19183,-39.41,110.41,-27.40,-200.75,281.10,-139.55
9,24,0.20026,-41.05,112.51,-28.54,-194.93,249.20,-135.51
9,25,0.20825,-42.69,114.41,-29.68,-205.34,237.51,-142.75
9,26,0.21680,-44.34,116.11,-30.82,-192.14,198.83,-133.57
9,27,0.22504,-45.98,117.61,-31.96,-199.26,181.92,-138.52
9,28,0.23328,-47.62,118.91,-33.11,-199.26,157.65,-138.52
9,29,0.24164,-49.26,120.01,-34.25,-196.35,131.43,-136.50
9,30,0.25000,-50.90,120.90,-35.39,-196.35,107.51,-136.50
9,31,0.25824,-52.55,121.60,-36.53,-199.26,84.83,-138.52
9,32,0.26703,-54.19,122.10,-37.67,-186.81,56.77,-129.86
9,33,0.27515,-55.83,122.40,-38.81,-202.26,36.83,-140.60
9,34,0.28326,-57.47,122.50,-39.95,-202.26,12.19,-140.60
9,35,0.29181,-59.11,122.40,-41.09,-192.14,-11.82,-133.57
9,36,0.30005,-60.75,122.10,-42.24,-199.26,-36.54,-138.52
9,37,0.30865,-62.41,121.59,-43.38,-192.20,-58.64,-133.33
9,38,0.31683,-64.05,120.89,-44.53,-200.75,-85.86,-139.55
9,39,0.32526,-65.69,119.99,-45.67,-194.93,-107.12,-135.51
9,40,0.33344,-67.33,118.89,-46.81,-200.75,-134.77,-139.55
9,41,0.34167,-68.98,117.58,-47.95,-199.26,-158.05,-138.52
9,42,0.35022,-70.62,116.08,-49.09,-192.14,-175.81,-133.57
9,43,0.35883,-72.26,114.38,-50.23,-190.78,-197.80,-132.62
9,44,0.36700,-73.90,112.48,-51.37,-200.75,-232.59,-139.55
9,45,0.37531,-75.54,110.38,-52.51,-197.79,-253.26,-137.50
9,46,0.38361,-77.19,108.07,-53.66,-197.79,-277.36,-137.50
9,47,0.39185,-78.83,105.57,-54.80,-199.26,-303.68,-138.52
9,48,0.40021,-80.47,102.87,-55.94,-196.35,-323.17,-136.50
9,49,0.40869,-82.11,99.97,-57.08,-193.53,-342.09,-134.53
9,50,0.41718,-83.75,96.86,-58.22,-193.53,-365.67,-134.53
9,51,0.42535,-85.39,93.56,-59.36,-200.75,-403.77,-139.55
9,52,0.43359,-87.04,90.06,-60.50,-199.26,-425.05,-138.52
9,53,0.44177,-88.68,86.36,-61.65,-200.75,-452.68,-139.55
9,54,0.45007,-90.32,82.45,-62.79,-197.79,-470.11,-137.50
9,55,0.45856,-91.96,78.35,-63.93,-193.53,-483.54,-134.53
9,56,0.46710,-93.60,74.05,-65.07,-192.14,-503.49,-133.57
9,57,0.47528,-95.25,69.55,-66.21,-200.75,-550.49,-139.55
9,58,0.48340,-96.89,64.85,-67.35,-202.26,-579.27,-140.60
9,59,0.49170,-98.53,59.94,-68.49,-197.79,-590.58,-137.50
9,60,0.50000,-100.17,54.84,-69.64,-197.79,-614.68,-137.50
9,61,0.50854,-101.81,49.54,-70.78,-192.14,-620.52,-133.57
9,62,0.51685,-103.45,44.04,-71.92,-197.79,-662.87,-137.50
9,63,0.52515,-105.10,38.33,-73.06,-197.79,-686.96,-137.50
9,64,0.53351,-106.74,32.43,-74.20,-196.35,-705.87,-136.50
9,65,0.54169,-108.38,26.33,-75.34,-200.75,-746.13,-139.55
9,66,0.55029,-110.02,20.03,-76.48,-190.78,-732.32,-132.62
9,67,0.55835,-111.66,13.52,-77.62,-203.79,-807.08,-141.67
9,68,0.56696,-113.31,6.82,-78.77,-190.78,-778.80,-132.62
9,69,0.57538,-114.95,-0.08,-79.91,-194.93,-819.48,-135.51
9,70,0.58356,-116.59,-7.18,-81.05,-200.75,-868.40,-139.55
9,71,0.59174,-118.23,-14.49,-82.19,-200.75,-892.85,-139.55
9,72,0.60004,-119.87,-21.99,-83.33,-197.79,-903.81,-137.50
9,73,0.60858,-121.51,-29.69,-84.47,-192.14,-901.40,-133.57
9,74,0.61707,-123.16,-37.59,-85.61,-193.53,-931.46,-134.53
9,75,0.62537,-124.80,-45.69,-86.76,-197.79,-976.10,-137.50
9,76,0.63336,-126.44,-54.00,-87.90,-205.34,-1038.37,-142.75
9,77,0.64160,-128.08,-62.50,-89.04,-199.26,-1031.88,-138.52
9,78,0.65051,-129.72,-71.20,-90.18,-184.25,-976.57,-128.08
9,79,0.65826,-131.37,-80.10,-91.32,-211.81,-1148.48,-147.24
9,80,0.66693,-133.01,-89.21,-92.46,-189.44,-1050.24,-131.69
9,81,0.67548,-134.65,-98.51,-93.60,-192.14,-1088.65,-133.57
9,82,0.68372,-136.29,-108.01,-94.74,-199.26,-1153.24,-138.52
9,83,0.69165,-137.93,-117.71,-95.89,-206.92,-1222.80,-143.85
9,84,0.70032,-139.58,-127.62,-97.03,-189.44,-1142.54,-131.69
9,85,0.70825,-141.22,-137.72,-98.17,-206.92,-1273.21,-143.85
9,86,0.71710,-142.86,-148.02,-99.31,-185.52,-1164.10,-128.97
9,87,0.72534,-144.50,-158.52,-100.45,-199.26,-1274.60,-138.52
9,88,0.73383,-146.14,-169.23,-101.59,-193.53,-1261.50,-134.53
9,89,0.74176,-148.07,-179.46,-102.62,-242.31,-1289.22,-129.23
10,0,0.00000,0.00,0.00,0.00,0.00,0.00,0.00
10,1,0.00891,2.90,13.60,2.76,325.00,1526.19,309.59
10,2,0.01654,4.35,20.10,4.14,190.00,851.98,180.80
10,3,0.02484,5.80,26.40,5.52,174.63,758.97,166.18
10,4,0.03320,7.24,32.50,6.90,173.36,729.51,164.96
10,5,0.04169,8.69,38.40,8.28,170.86,695.44,162.59
10,6,0.04987,10.14,44.10,9.66,177.24,696.94,168.66
10,7,0.05847,11.59,49.60,11.04,168.44,639.10,160.28
10,8,0.06647,13.04,54.90,12.41,181.30,662.87,172.52
10,9,0.07483,14.49,60.00,13.79,173.36,609.92,164.96
10,10,0.08350,15.94,64.90,15.17,167.25,565.37,159.15
10,11,0.09167,17.39,69.60,16.55,177.24,574.66,168.66
10,12,0.09985,18.84,74.10,17.93,177.24,550.21,168.66
10,13,0.10834,20.29,78.40,19.31,170.86,506.85,162.59
10,14,0.11676,21.74,82.50,20.69,172.10,486.77,163.77
10,15,0.12494,23.19,86.40,22.07,177.24,476.85,168.66
10,16,0.13330,24.64,90.10,23.45,173.36,442.49,164.96
10,17,0.14154,26.09,93.60,24.83,175.93,424.77,167.41
10,18,0.14972,27.54,96.90,26.21,177.24,403.49,168.66
10,19,0.15833,28.99,100.00,27.59,168.44,360.21,160.28
10,20,0.16644,30.44,102.90,28.97,178.57,357.24,169.92
10,21,0.17480,31.89,105.60,30.35,173.36,322.90,164.96
10,22,0.18323,33.34,108.10,31.73,172.10,296.81,163.77
10,23,0.19177,34.79,110.40,33.11,169.64,269.16,161.43
10,24,0.19977,36.24,112.50,34.48,181.30,262.64,172.52
10,25,0.20837,37.69,114.40,35.86,168.44,220.78,160.28
10,26,0.21643,39.14,116.10,37.24,179.92,211.00,171.21
10,27,0.22491,40.59,117.60,38.62,170.86,176.80,162.59
10,28,0.23346,42.03,118.90,40.00,169.64,152.13,161.43
10,29,0.24164,43.48,120.00,41.38,177.24,134.49,168.66
10,30,0.24976,44.93,120.90,42.76,178.57,110.86,169.92
10,31,0.25818,46.38,121.60,44.14,172.10,83.10,163.77
10,32,0.26642,47.83,122.10,45.52,175.93,60.68,167.41
10,33,0.27502,49.28,122.40,46.90,168.44,34.85,160.28
10,34,0.28357,50.76,122.50,48.30,172.86,11.69,164.29
10,35,0.29175,52.21,122.40,49.68,177.24,-12.70,168.66
10,36,0.29987,53.66,122.09,51.06,178.57,-37.43,169.92
10,37,0.30823,55.11,121.59,52.44,173.36,-60.25,164.96
10,38,0.31653,56.56,120.88,53.82,174.63,-84.79,166.18
10,39,0.32483,58.01,119.98,55.20,174.63,-108.89,166.18
10,40,0.33368,59.46,118.88,56.58,163.79,-124.73,155.86
10,41,0.34186,60.91,117.57,57.96,177.24,-159.42,168.66
10,42,0.35016,62.36,116.07,59.34,174.63,-181.17,166.18
10,43,0.35834,63.81,114.37,60.72,177.24,-208.33,168.66
10,44,0.36670,65.26,112.46,62.10,173.36,-227.68,164.96
10,45,0.37494,66.71,110.36,63.48,175.93,-255.33,167.41
10,46,0.38342,68.15,108.05,64.86,170.86,-271.56,162.59
10,47,0.39185,69.60,105.55,66.24,172.10,-297.27,163.77
10,48,0.40009,71.05,102.85,67.61,175.93,-328.15,167.41
10,49,0.40833,72.50,99.94,68.99,175.93,-352.42,167.41
10,50,0.41669,73.95,96.84,70.37,173.36,-371.20,164.96
10,51,0.42511,75.40,93.53,71.75,172.10,-392.25,163.77
10,52,0.43378,76.85,90.03,73.13,167.25,-404.28,159.15
10,53,0.44196,78.30,86.33,74.51,177.24,-452.87,168.66
10,54,0.44989,79.75,82.42,75.89,182.69,-492.01,173.85
10,55,0.45837,81.20,78.32,77.27,170.86,-483.73,162.59
10,56,0.46661,82.65,74.02,78.65,175.93,-522.33,167.41
10,57,0.47491,84.10,69.51,80.03,174.63,-542.59,166.18
10,58,0.48364,85.55,64.81,81.41,166.08,-538.94,158.04
10,59,0.49176,87.00,59.90,82.79,178.57,-604.10,169.92
10,60,0.50012,88.45,54.80,84.17,173.36,-610.38,164.96
10,61,0.50854,89.90,49.50,85.55,172.10,-629.70,163.77
10,62,0.51660,91.35,43.99,86.93,179.92,-683.15,171.21
10,63,0.52496,92.80,38.29,88.31,173.36,-682.14,164.96
10,64,0.53351,94.25,32.38,89.69,169.64,-690.93,161.43
10,65,0.54187,95.70,26.28,91.06,173.36,-729.98,164.96
10,66,0.54999,97.15,19.98,92.44,178.57,-776.57,169.92
10,67,0.55835,98.60,13.47,93.82,173.36,-777.81,164.96
10,68,0.56677,100.05,6.77,95.20,172.10,-795.92,163.77
10,69,0.57520,101.50,-0.14,96.58,172.10,-819.67,163.77
10,70,0.58331,102.94,-7.24,97.96,178.57,-875.12,169.92
10,71,0.59186,104.39,-14.54,99.34,169.64,-854.77,161.43
10,72,0.59991,105.84,-22.06,100.72,179.92,-933.14,171.59
10,73,0.60828,107.29,-29.77,102.10,173.36,-921.37,164.96
10,74,0.61676,108.74,-37.67,103.48,170.86,-931.69,162.59
10,75,0.62488,110.19,-45.77,104.86,178.57,-998.36,169.92
10,76,0.63354,111.64,-54.08,106.24,167.25,-958.15,159.15
10,77,0.64209,113.09,-62.58,107.62,169.64,-995.25,161.43
10,78,0.65021,114.54,-71.29,109.00,178.57,-1072.27,169.92
10,79,0.65833,115.99,-80.19,110.38,178.57,-1096.91,169.92
10,80,0.66656,117.44,-89.30,111.76,175.93,-1104.93,167.41
10,81,0.67493,118.89,-98.60,113.14,173.36,-1112.72,164.96
10,82,0.68347,120.34,-108.10,114.52,169.64,-1112.28,161.43
10,83,0.69189,121.79,-117.81,115.90,172.10,-1152.15,163.77
10,84,0.70001,123.24,-127.71,117.28,178.57,-1220.10,169.92
10,85,0.70850,124.69,-137.82,118.66,170.86,-1191.01,162.59
10,86,0.71667,126.14,-148.12,120.03,177.24,-1259.90,168.66
10,87,0.72534,127.59,-158.63,121.41,167.25,-1212.00,159.15
10,88,0.73352,129.04,-169.33,122.79,177.24,-1308.81,168.66
10,89,0.74194,130.49,-180.24,124.17,172.10,-1294.62,163.77
10,90,0.75037,131.94,-191.34,125.55,172.10,-1318.36,163.77
10,91,0.75836,133.39,-202.64,126.93,181.30,-1413.82,172.52
10,92,0.76660,135.69,-210.55,128.30,280.00,-959.41,165.93
11,0,0.00000,0.00,0.00,0.00,0.00,0.00,0.00
11,1,0.00848,3.67,13.60,-1.59,432.37,1603.05,-187.77
11,2,0.01691,5.50,20.10,-2.39,217.75,771.72,-94.57
11,3,0.02502,7.34,26.40,-3.19,225.94,776.09,-98.12
11,4,0.03333,9.17,32.50,-3.98,220.96,734.87,-95.96
11,5,0.04169,11.00,38.40,-4.78,219.34,705.59,-95.26
11,6,0.05005,12.84,44.10,-5.58,219.34,681.67,-95.26
11,7,0.05847,14.67,49.60,-6.37,217.75,652.99,-94.57
11,8,0.06683,16.51,54.90,-7.17,219.34,633.84,-95.26
11,9,0.07526,18.34,60.00,-7.97,217.75,605.50,-94.57
11,10,0.08362,20.18,64.90,-8.76,219.34,586.00,-95.26
11,11,0.09186,22.01,69.60,-9.56,222.59,570.41,-96.67
11,12,0.10022,23.84,74.10,-10.35,219.34,538.16,-95.26
11,13,0.10852,25.68,78.40,-11.15,220.96,518.03,-95.96
11,14,0.11700,27.51,82.50,-11.95,216.19,483.27,-93.88
11,15,0.12537,29.35,86.40,-12.74,219.34,466.41,-95.26
11,16,0.13367,31.18,90.10,-13.54,220.96,445.74,-95.96
11,17,0.14191,33.01,93.60,-14.34,222.59,424.77,-96.67
11,18,0.15027,34.85,96.90,-15.13,219.34,394.65,-95.26
11,19,0.15875,36.68,100.00,-15.93,216.19,365.40,-93.88
11,20,0.16711,38.52,102.90,-16.73,219.34,346.81,-95.26
11,21,0.17529,40.35,105.60,-17.52,224.25,330.12,-97.39
11,22,0.18365,42.18,108.10,-18.32,219.34,298.98,-95.26
11,23,0.19208,44.02,110.40,-19.12,217.75,273.06,-94.57
11,24,0.20038,45.85,112.50,-19.91,220.96,252.98,-95.96
11,25,0.20886,47.69,114.40,-20.71,216.19,223.95,-93.88
11,26,0.21722,49.52,116.10,-21.51,219.34,203.30,-95.26
11,27,0.22540,51.35,117.60,-22.30,224.25,183.40,-97.39
11,28,0.23376,53.19,118.90,-23.10,219.34,155.46,-95.26
11,29,0.24219,55.02,120.00,-23.90,217.75,130.59,-94.57
11,30,0.25055,56.86,120.90,-24.69,219.34,107.63,-95.26
11,31,0.25903,58.69,121.60,-25.49,216.19,82.50,-93.88
11,32,0.26740,60.53,122.10,-26.28,219.34,59.79,-95.26
11,33,0.27557,62.36,122.40,-27.08,224.25,36.68,-97.39
11,34,0.28400,64.19,122.50,-27.88,217.75,11.87,-94.57
11,35,0.29224,66.03,122.40,-28.67,222.59,-12.14,-96.67
11,36,0.30066,67.86,122.10,-29.47,217.75,-35.62,-94.57
11,37,0.30908,69.70,121.60,-30.27,217.75,-59.37,-94.57
11,38,0.31738,71.53,120.90,-31.06,220.96,-84.34,-95.96
11,39,0.32556,73.36,120.00,-31.86,224.25,-110.05,-97.39
11,40,0.33392,75.20,118.90,-32.66,219.34,-131.56,-95.26
11,41,0.34222,77.03,117.60,-33.45,220.96,-156.62,-95.96
11,42,0.35059,78.87,116.10,-34.25,219.34,-179.40,-95.26
11,43,0.35907,80.70,114.40,-35.05,216.19,-200.39,-93.88
11,44,0.36737,82.53,112.50,-35.84,220.96,-228.90,-95.96
11,45,0.37567,84.37,110.40,-36.64,220.96,-253.00,-95.96
11,46,0.38397,86.20,108.10,-37.44,220.96,-277.09,-95.96
11,47,0.39227,88.04,105.60,-38.23,220.96,-301.19,-95.96
11,48,0.40070,89.87,102.90,-39.03,217.75,-320.57,-94.57
11,49,0.40912,91.71,100.00,-39.83,217.75,-344.31,-94.57
11,50,0.41754,93.54,96.90,-40.62,217.75,-368.06,-94.57
11,51,0.42572,95.37,93.60,-41.42,224.25,-403.50,-97.39
11,52,0.43402,97.21,90.10,-42.21,220.96,-421.66,-95.96
11,53,0.44244,99.04,86.40,-43.01,217.75,-439.29,-94.57
11,54,0.45074,100.88,82.50,-43.81,220.96,-469.85,-95.96
11,55,0.45892,102.71,78.40,-44.60,224.25,-501.32,-97.39
11,56,0.46729,104.54,74.10,-45.40,219.34,-514.26,-95.26
11,57,0.47552,106.38,69.60,-46.20,222.59,-546.15,-96.67
11,58,0.48389,108.21,64.90,-46.99,219.34,-562.10,-95.26
11,59,0.49219,110.05,60.00,-47.79,220.96,-590.32,-95.96
11,60,0.50061,111.88,54.90,-48.59,217.75,-605.51,-94.57
11,61,0.50897,113.71,49.60,-49.38,219.34,-633.85,-95.26
11,62,0.51727,115.55,44.10,-50.18,220.96,-662.61,-95.96
11,63,0.52576,117.38,38.40,-50.98,216.19,-671.88,-93.88
11,64,0.53412,119.22,32.50,-51.77,219.34,-705.61,-95.26
11,65,0.54236,121.05,26.40,-52.57,222.59,-740.33,-96.67
11,66,0.55072,122.89,20.10,-53.37,219.34,-753.44,-95.26
11,67,0.55920,124.72,13.60,-54.16,216.19,-766.18,-93.88
11,68,0.56757,126.55,6.90,-54.96,219.34,-801.28,-95.26
11,69,0.57593,128.39,-0.00,-55.76,219.34,-825.20,-95.26
11,70,0.58423,130.22,-7.10,-56.55,220.96,-855.36,-95.96
11,71,0.59265,132.06,-14.40,-57.35,217.75,-866.71,-94.57
11,72,0.60071,133.89,-21.90,-58.15,227.65,-930.93,-98.86
11,73,0.60913,135.72,-29.60,-58.94,217.75,-914.20,-94.57
11,74,0.61749,137.56,-37.50,-59.74,219.34,-944.79,-95.26
11,75,0.62579,139.39,-45.61,-60.53,220.96,-975.83,-95.96
11,76,0.63397,141.23,-53.91,-61.33,224.25,-1014.85,-97.39
11,77,0.64233,143.06,-62.41,-62.13,219.34,-1016.55,-95.26
11,78,0.65070,144.89,-71.11,-62.92,219.34,-1040.47,-95.26
11,79,0.65906,146.73,-80.01,-63.72,219.34,-1064.39,-95.26
11,80,0.66742,148.56,-89.11,-64.52,219.34,-1088.31,-95.26
11,81,0.67560,150.40,-98.41,-65.31,224.25,-1137.12,-97.39
11,82,0.68390,152.23,-107.91,-66.11,220.96,-1144.50,-95.96
11,83,0.69232,154.06,-117.61,-66.91,217.75,-1151.66,-94.57
11,84,0.70056,155.90,-127.51,-67.70,222.59,-1201.52,-96.67
11,85,0.70892,157.73,-137.61,-68.50,219.34,-1207.90,-95.26
11,86,0.71722,159.57,-147.91,-69.30,220.96,-1240.87,-95.96
11,87,0.72571,161.40,-158.41,-70.09,216.19,-1237.67,-93.88
11,88,0.73407,160.16,-160.10,-68.76,-148.18,-202.64,159.49
12,0,0.00000,0.00,0.00,0.00,0.00,0.00,0.00
12,1,0.00842,-3.97,13.60,0.51,-471.01,1614.67,60.14
12,2,0.01678,-5.95,20.10,0.76,-237.23,777.35,30.29
12,3,0.02515,-7.93,26.40,1.01,-237.23,753.43,30.29
12,4,0.03339,-9.92,32.50,1.27,-240.74,740.32,30.74
12,5,0.04175,-11.90,38.40,1.52,-237.23,705.59,30.29
12,6,0.04999,-13.89,44.10,1.77,-240.74,691.77,30.74
12,7,0.05859,-15.87,49.60,2.03,-230.50,639.10,29.43
12,8,0.06671,-17.85,54.90,2.28,-244.36,652.90,31.20
12,9,0.07507,-19.84,60.00,2.53,-237.23,609.92,30.29
12,10,0.08337,-21.82,64.90,2.79,-238.97,590.31,30.51
12,11,0.09174,-23.80,69.60,3.04,-237.23,562.08,30.29
12,12,0.09991,-25.79,74.10,3.29,-242.54,550.21,30.97
12,13,0.10846,-27.77,78.40,3.55,-232.14,503.23,29.64
12,14,0.11676,-29.75,82.50,3.80,-238.97,493.93,30.51
12,15,0.12512,-31.74,86.40,4.05,-237.23,466.41,30.29
12,16,0.13336,-33.72,90.10,4.31,-240.74,449.04,30.74
12,17,0.14178,-35.71,93.60,4.56,-235.51,415.54,30.07
12,18,0.15009,-37.69,96.90,4.81,-238.97,397.55,30.51
12,19,0.15857,-39.67,100.00,5.07,-233.81,365.40,29.86
12,20,0.16711,-41.66,102.90,5.32,-232.14,339.38,29.64
12,21,0.17517,-43.64,105.60,5.57,-246.21,335.13,31.44
12,22,0.18341,-45.62,108.10,5.83,-240.74,303.41,30.74
12,23,0.19183,-47.61,110.40,6.08,-235.51,273.06,30.07
12,24,0.20007,-49.59,112.50,6.33,-240.74,254.86,30.74
12,25,0.20862,-51.57,114.40,6.59,-232.14,222.35,29.64
12,26,0.21686,-53.56,116.10,6.84,-240.74,206.31,30.74
12,27,0.22522,-55.54,117.60,7.09,-237.23,179.38,30.29
12,28,0.23340,-57.53,118.90,7.35,-242.54,158.94,30.97
12,29,0.24182,-59.51,120.00,7.60,-235.51,130.59,30.07
12,30,0.25006,-61.49,120.90,7.85,-240.74,109.22,30.74
12,31,0.25861,-63.48,121.60,8.11,-232.14,81.91,29.64
12,32,0.26715,-65.46,122.10,8.36,-232.14,58.51,29.64
12,33,0.27515,-67.46,122.40,8.62,-250.00,37.70,32.06
12,34,0.28333,-69.44,122.50,8.87,-242.54,12.04,30.97
12,35,0.29181,-71.43,122.40,9.12,-233.81,-11.97,29.86
12,36,0.30011,-73.41,122.10,9.38,-238.97,-36.33,30.51
12,37,0.30859,-75.39,121.60,9.63,-233.81,-59.12,29.86
12,38,0.31683,-77.38,120.89,9.88,-240.74,-85.14,30.74
12,39,0.32532,-79.36,119.99,10.13,-233.81,-106.27,29.86
12,40,0.33356,-81.40,118.86,10.39,-247.78,-137.96,31.48
12,41,0.34204,-83.39,117.55,10.65,-233.81,-154.11,29.86
12,42,0.35083,-85.37,116.04,10.90,-225.69,-171.51,28.82
12,43,0.35938,-87.38,114.31,11.16,-235.36,-202.68,30.00
12,44,0.36755,-89.39,112.37,11.41,-245.90,-236.91,31.34
12,45,0.37555,-91.38,110.25,11.67,-248.47,-264.81,31.68
12,46,0.38361,-93.36,107.94,11.92,-246.21,-287.13,31.44
12,47,0.39209,-95.35,105.43,12.17,-233.81,-296.24,29.86
12,48,0.40100,-97.33,102.71,12.43,-222.60,-304.48,28.42
12,49,0.40924,-99.31,99.80,12.68,-240.74,-353.56,30.74
12,50,0.41705,-101.30,96.69,12.93,-253.91,-398.50,32.42
12,51,0.42548,-103.28,93.37,13.19,-235.51,-393.37,30.07
12,52,0.43353,-105.26,89.86,13.44,-246.21,-436.07,31.44
12,53,0.44214,-107.25,86.15,13.69,-230.50,-431.48,29.43
12,54,0.45087,-109.23,82.23,13.95,-227.27,-448.36,29.02
12,55,0.45929,-111.22,78.12,14.20,-235.51,-488.35,30.07
12,56,0.46692,-113.20,73.81,14.45,-260.00,-565.35,33.20
12,57,0.47540,-115.18,69.29,14.71,-233.81,-531.99,29.86
12,58,0.48364,-117.17,64.58,14.96,-240.74,-572.02,30.74
12,59,0.49200,-119.15,59.67,15.21,-237.23,-587.59,30.29
12,60,0.50067,-121.13,54.55,15.47,-228.87,-589.98,29.23
12,61,0.50922,-123.12,49.24,15.72,-232.14,-621.81,29.64
12,62,0.51691,-125.10,43.73,15.97,-257.94,-716.91,32.94
12,63,0.52551,-127.08,38.01,16.23,-230.50,-663.88,29.43
12,64,0.53351,-129.08,32.05,16.48,-250.00,-745.38,32.06
12,65,0.54211,-131.07,25.94,16.74,-230.50,-710.54,29.43
12,66,0.55078,-133.05,19.63,16.99,-228.87,-728.61,29.23
12,67,0.55908,-135.04,13.08,17.24,-240.07,-788.61,30.51
12,68,0.56738,-137.03,6.36,17.50,-238.97,-809.06,30.51
12,69,0.57532,-139.01,-0.55,17.75,-250.00,-871.61,31.92
12,70,0.58350,-140.99,-7.67,18.00,-242.54,-870.04,30.97
12,71,0.59186,-142.98,-14.98,18.26,-237.23,-874.91,30.29
12,72,0.60077,-144.96,-22.50,18.51,-222.60,-843.42,28.42
12,73,0.60925,-146.95,-30.22,18.76,-233.81,-909.47,29.86
12,74,0.61743,-148.93,-38.13,19.02,-242.54,-967.86,30.97
12,75,0.62531,-150.91,-46.25,19.27,-251.94,-1030.78,32.17
12,76,0.63348,-152.90,-54.56,19.52,-242.54,-1016.77,30.97
12,77,0.64191,-154.88,-63.08,19.78,-235.51,-1011.04,30.07
12,78,0.65088,-156.86,-71.80,20.03,-221.09,-971.43,28.23
12,79,0.65924,-158.85,-80.71,20.28,-237.23,-1066.26,30.29
12,80,0.66754,-160.83,-89.83,20.54,-238.97,-1098.19,30.51
12,81,0.67566,-162.81,-99.14,20.79,-244.36,-1147.60,31.20
12,82,0.68384,-164.80,-108.66,21.04,-242.54,-1163.49,30.97
12,83,0.69202,-166.78,-118.37,21.30,-242.54,-1187.95,30.97
12,84,0.70093,-168.77,-128.29,21.55,-222.60,-1112.75,28.42
12,85,0.70929,-170.75,-138.41,21.80,-237.23,-1209.77,30.29
12,86,0.71765,-172.73,-148.72,22.06,-237.23,-1233.69,30.29
12,87,0.72546,-174.72,-159.24,22.31,-253.91,-1346.03,32.42
12,88,0.73370,-176.70,-169.95,22.56,-240.74,-1300.51,30.74
12,89,0.74200,-178.68,-180.87,22.81,-238.97,-1315.04,30.51
12,90,0.75092,-180.67,-191.99,23.07,-222.60,-1247.42,28.42
12,91,0.75928,-182.65,-203.30,23.32,-237.23,-1353.28,30.29
12,92,0.76752,-185.14,-205.29,23.42,-302.22,-241.27,11.85
13,0,0.00000,0.00,0.00,0.00,-1812.13,0.00,680.15
13,1,0.00842,-6.67,13.60,-0.27,-791.67,1614.67,-32.61
13,2,0.01691,-5.70,20.10,-2.03,114.03,766.16,-206.47
13,3,0.02515,-4.73,26.40,-3.78,117.41,764.59,-212.59
13,4,0.03351,-3.77,32.50,-5.53,115.69,729.51,-209.49
13,5,0.04181,-2.80,38.40,-7.28,116.54,710.78,-211.03
13,6,0.05023,-1.83,44.10,-9.03,114.86,676.73,-207.97
13,7,0.05859,-0.86,49.60,-10.78,115.69,657.76,-209.49
13,8,0.06696,0.10,54.90,-12.54,115.69,633.84,-209.49
13,9,0.07532,1.07,60.00,-14.29,115.69,609.92,-209.49
13,10,0.08362,2.04,64.90,-16.04,116.54,590.31,-211.03
13,11,0.09192,3.01,69.60,-17.79,116.54,566.22,-211.03
13,12,0.10028,3.97,74.10,-19.54,115.69,538.16,-209.49
13,13,0.10870,4.94,78.40,-21.30,114.86,510.52,-207.97
13,14,0.11707,5.91,82.50,-23.05,115.69,490.32,-209.49
13,15,0.12531,6.88,86.40,-24.80,117.41,473.32,-212.59
13,16,0.13373,7.84,90.10,-26.55,114.86,439.28,-207.97
13,17,0.14203,8.81,93.60,-28.30,116.54,421.65,-211.03
13,18,0.15045,9.78,96.90,-30.05,114.86,391.79,-207.97
13,19,0.15881,10.75,100.00,-31.81,115.69,370.73,-209.49
13,20,0.16711,11.71,102.90,-33.56,116.54,349.36,-211.03
13,21,0.17535,12.68,105.60,-35.31,117.41,327.68,-212.59
13,22,0.18378,13.65,108.10,-37.06,114.86,296.81,-207.97
13,23,0.19208,14.61,110.40,-38.81,116.54,277.08,-211.03
13,24,0.20038,15.58,112.50,-40.56,116.54,252.99,-211.03
13,25,0.20886,16.55,114.40,-42.32,114.03,223.95,-206.47
13,26,0.21716,17.52,116.10,-44.07,116.54,204.80,-211.03
13,27,0.22540,18.48,117.60,-45.82,117.41,182.04,-212.59
13,28,0.23364,19.45,118.90,-47.57,117.41,157.77,-212.59
13,29,0.24200,20.42,120.00,-49.32,115.69,131.55,-209.49
13,30,0.25049,21.39,120.90,-51.07,114.03,106.08,-206.47
13,31,0.25879,22.35,121.60,-52.83,116.54,84.32,-211.03
13,32,0.26709,23.32,122.10,-54.58,116.54,60.23,-211.03
13,33,0.27533,24.29,122.40,-56.33,117.41,36.40,-212.59
13,34,0.28363,25.26,122.50,-58.08,116.54,12.04,-211.03
13,35,0.29211,26.22,122.40,-59.83,114.03,-11.79,-206.47
13,36,0.30035,27.19,122.10,-61.58,117.41,-36.42,-212.59
13,37,0.30878,28.16,121.60,-63.34,114.86,-59.37,-207.97
13,38,0.31708,29.13,120.90,-65.09,116.54,-84.33,-211.03
13,39,0.32532,30.09,120.00,-66.84,117.41,-109.24,-212.59
13,40,0.33356,31.06,118.90,-68.59,117.41,-133.51,-212.59
13,41,0.34192,32.03,117.60,-70.34,115.69,-155.48,-209.49
13,42,0.35016,33.00,116.10,-72.09,117.41,-182.05,-212.59
13,43,0.35858,33.96,114.40,-73.85,114.86,-201.84,-207.97
13,44,0.36688,34.93,112.50,-75.60,116.54,-228.91,-211.03
13,45,0.37518,35.90,110.40,-77.35,116.54,-253.00,-211.03
13,46,0.38348,36.87,108.10,-79.10,116.54,-277.09,-211.03
13,47,0.39185,37.83,105.60,-80.85,115.69,-298.99,-209.49
13,48,0.40009,38.80,102.90,-82.60,117.41,-327.69,-212.59
13,49,0.40857,39.77,100.00,-84.36,114.03,-341.84,-206.47
13,50,0.41687,40.73,96.90,-86.11,116.54,-373.47,-211.03
13,51,0.42517,41.70,93.60,-87.86,116.54,-397.56,-211.03
13,52,0.43341,42.67,90.10,-89.61,117.41,-424.79,-212.59
13,53,0.44177,43.64,86.40,-91.36,115.69,-442.50,-209.49
13,54,0.45001,44.60,82.50,-93.12,117.41,-473.33,-212.59
13,55,0.45850,45.57,78.40,-94.87,114.03,-483.28,-206.47
13,56,0.46680,46.54,74.10,-96.62,116.54,-518.04,-211.03
13,57,0.47504,47.51,69.60,-98.37,117.41,-546.15,-212.59
13,58,0.48334,48.47,64.90,-100.12,116.54,-566.23,-211.03
13,59,0.49182,49.44,60.00,-101.87,114.03,-577.58,-206.47
13,60,0.50006,50.41,54.90,-103.63,117.41,-618.97,-212.59
13,61,0.50848,51.38,49.60,-105.38,114.86,-629.26,-207.97
13,62,0.51678,51.08,44.10,-107.65,-36.03,-662.60,-274.26
13,63,0.52509,48.92,38.40,-110.76,-259.93,-686.70,-374.26
13,64,0.53339,45.17,32.50,-114.65,-451.84,-710.79,-468.75
13,65,0.54193,40.08,26.40,-119.26,-595.00,-713.89,-539.64
13,66,0.55017,33.96,20.10,-124.49,-743.33,-764.61,-634.81
13,67,0.55902,27.15,13.60,-130.20,-770.00,-734.47,-644.83
13,68,0.56732,20.06,6.65,-136.26,-853.31,-837.06,-730.15
13,69,0.57562,12.90,-0.26,-142.42,-862.87,-832.15,-741.54
13,70,0.58380,6.15,-7.37,-148.47,-825.75,-869.41,-740.30
13,71,0.59216,-0.11,-14.68,-154.35,-748.18,-873.92,-703.65
13,72,0.60034,-5.80,-22.19,-160.01,-696.27,-917.94,-691.79
13,73,0.60883,-10.91,-29.89,-165.41,-601.80,-908.49,-636.33
13,74,0.61713,-15.47,-37.80,-170.55,-548.90,-952.63,-619.49
13,75,0.62555,-19.53,-45.91,-175.46,-481.88,-962.57,-582.25
13,76,0.63391,-23.14,-54.22,-180.15,-432.85,-993.51,-560.58
13,77,0.64209,-26.36,-62.72,-184.63,-392.91,-1040.21,-548.13
13,78,0.65045,-29.20,-71.43,-188.92,-339.78,-1041.35,-512.77
13,79,0.65881,-31.68,-80.34,-193.01,-297.08,-1065.27,-489.78
13,80,0.66724,-33.82,-89.45,-196.91,-253.62,-1081.30,-462.68
13,81,0.67548,-35.62,-98.75,-200.61,-218.52,-1129.59,-449.26
13,82,0.68378,-37.08,-108.26,-204.10,-176.47,-1145.39,-420.96
13,83,0.69214,-38.22,-117.97,-207.39,-135.40,-1160.94,-392.34
13,84,0.70050,-39.02,-127.88,-210.45,-95.62,-1184.86,-366.06
13,85,0.70898,-39.46,-137.98,-213.26,-52.16,-1191.39,-331.65
13,86,0.71735,-39.57,-148.39,-215.85,-13.50,-1244.61,-309.85
13,87,0.72559,-39.63,-158.90,-218.36,-6.67,-1275.47,-304.81
13,88,0.73389,-39.79,-169.61,-221.05,-19.85,-1290.18,-323.53
13,89,0.74225,-41.99,-180.52,-225.60,-263.14,-1304.68,-543.80
13,90,0.75055,-44.30,-191.63,-230.43,-278.31,-1338.37,-582.72
13,91,0.75903,-46.36,-202.94,-235.07,-242.45,-1333.06,-546.40
13,92,0.76733,-48.08,-214.45,-239.41,-206.99,-1386.56,-523.53
13,93,0.77557,-49.45,-226.16,-243.46,-167.04,-1421.11,-491.11
13,94,0.78387,-50.49,-238.07,-247.19,-124.26,-1434.75,-449.63
13,95,0.79236,-51.17,-250.18,-250.60,-80.58,-1427.36,-401.80
13,96,0.80103,-51.50,-262.49,-253.68,-38.73,-1420.28,-354.93
13,97,0.80908,-51.49,-275.00,-256.41,1.52,-1552.70,-339.39
13,98,0.81738,-51.35,-287.71,-259.02,16.54,-1531.13,-314.34
13,99,0.82568,-51.23,-300.61,-261.65,15.07,-1555.22,-316.54
13,100,0.83411,-50.99,-313.72,-264.17,27.90,-1556.43,-299.64
13,101,0.84229,-50.39,-327.03,-266.31,73.88,-1627.34,-261.57
13,102,0.85065,-49.42,-340.54,-268.06,115.69,-1615.63,-209.49
13,103,0.85895,-48.46,-354.25,-269.82,116.54,-1651.60,-211.03
13,104,0.86737,-47.49,-368.16,-271.57,114.86,-1651.41,-207.97
13,105,0.87549,-46.52,-382.27,-273.32,119.17,-1738.13,-215.79
13,106,0.88385,-45.55,-396.58,-275.07,115.69,-1711.30,-209.49
13,107,0.89209,-44.59,-411.09,-276.82,117.41,-1760.93,-212.59
13,108,0.90051,-43.62,-425.80,-278.57,114.86,-1746.39,-207.97
13,109,0.90881,-42.65,-440.71,-280.33,116.54,-1796.17,-211.03
13,110,0.91718,-41.68,-455.82,-282.08,115.69,-1806.98,-209.49
13,111,0.92542,-40.72,-471.13,-283.83,117.41,-1858.02,-212.59
13,112,0.93378,-39.75,-486.64,-285.58,115.69,-1854.81,-209.49
13,113,0.94208,-38.78,-502.35,-287.33,116.54,-1892.55,-211.03
13,114,0.95050,-37.81,-514.08,-289.08,114.86,-1393.20,-207.97
14,0,0.00000,0.00,0.00,0.00,-1391.73,0.00,1756.83
14,1,0.00861,-8.50,13.60,4.74,-987.59,1580.31,550.35
14,2,0.01660,-10.49,20.10,4.95,-248.85,812.95,27.10
14,3,0.02502,-9.52,26.40,3.20,114.49,747.97,-207.97
14,4,0.03326,-8.56,32.50,1.45,117.04,740.32,-212.59
14,5,0.04163,-7.60,38.40,-0.30,115.33,705.59,-209.49
14,6,0.04999,-6.63,44.10,-2.05,115.33,681.67,-209.49
14,7,0.05829,-5.67,49.60,-3.81,116.18,662.59,-211.03
14,8,0.06677,-4.70,54.90,-5.56,113.67,624.72,-206.47
14,9,0.07513,-3.74,60.00,-7.31,115.33,609.92,-209.49
14,10,0.08319,-2.77,64.90,-9.06,119.70,608.20,-217.42
14,11,0.09192,-1.81,69.60,-10.81,110.49,538.50,-200.70
14,12,0.09985,-0.85,74.10,-12.56,121.54,567.14,-220.77
14,13,0.10815,0.12,78.40,-14.32,116.18,518.03,-211.03
14,14,0.11688,1.08,82.50,-16.07,110.49,469.75,-200.70
14,15,0.12500,2.05,86.40,-17.82,118.80,480.43,-215.79
14,16,0.13330,3.01,90.10,-19.57,116.18,445.74,-211.03
14,17,0.14148,3.98,93.60,-21.32,117.91,427.94,-214.18
14,18,0.14996,4.94,96.90,-23.07,113.67,388.97,-206.47
14,19,0.15814,5.91,100.00,-24.83,117.91,379.03,-214.18
14,20,0.16669,6.87,102.90,-26.58,112.86,339.38,-205.00
14,21,0.17493,7.83,105.60,-28.33,117.04,327.68,-212.59
14,22,0.18329,8.80,108.10,-30.08,115.33,298.97,-209.49
14,23,0.19141,9.76,110.40,-31.83,118.80,283.33,-215.79
14,24,0.19983,10.73,112.50,-33.58,114.49,249.32,-207.97
14,25,0.20813,11.69,114.40,-35.34,116.18,228.89,-211.03
14,26,0.21680,12.66,116.10,-37.09,111.27,196.14,-202.11
14,27,0.22498,13.62,117.60,-38.84,117.91,183.40,-214.18
14,28,0.23315,14.58,118.90,-40.59,117.91,158.94,-214.18
14,29,0.24158,15.55,120.00,-42.34,114.49,130.59,-207.97
14,30,0.25006,16.51,120.90,-44.09,113.67,106.08,-206.47
14,31,0.25824,17.48,121.60,-45.85,117.91,85.58,-214.18
14,32,0.26660,18.44,122.10,-47.60,115.33,59.79,-209.49
14,33,0.27496,19.41,122.40,-49.35,115.33,35.87,-209.49
14,34,0.28314,20.37,122.50,-51.10,117.91,12.22,-214.18
14,35,0.29169,21.33,122.40,-52.85,112.86,-11.71,-205.00
14,36,0.30017,22.30,122.10,-54.61,113.67,-35.37,-206.47
14,37,0.30817,23.26,121.60,-56.36,120.61,-62.54,-219.08
14,38,0.31659,24.23,120.90,-58.11,114.49,-83.11,-207.97
14,39,0.32495,25.19,120.00,-59.86,115.33,-107.64,-209.49
14,40,0.33325,26.16,118.90,-61.61,116.18,-132.53,-211.03
14,41,0.34174,27.12,117.60,-63.36,113.67,-153.24,-206.47
14,42,0.35010,28.09,116.10,-65.12,115.33,-179.40,-209.49
14,43,0.35815,29.05,114.40,-66.87,119.70,-211.01,-217.42
14,44,0.36670,30.01,112.50,-68.62,112.86,-222.48,-205.00
14,45,0.37500,30.98,110.40,-70.37,116.18,-253.01,-211.03
14,46,0.38318,31.94,108.10,-72.12,117.91,-281.24,-214.18
14,47,0.39166,32.91,105.60,-73.87,113.67,-294.70,-206.47
14,48,0.40002,33.87,102.90,-75.63,115.33,-322.92,-209.49
14,49,0.40808,34.84,100.00,-77.38,119.70,-359.98,-217.42
14,50,0.41650,35.80,96.90,-79.13,114.49,-368.07,-207.97
14,51,0.42499,36.76,93.60,-80.88,113.67,-389.00,-206.47
14,52,0.43311,37.73,90.10,-82.63,118.80,-431.19,-215.79
14,53,0.44159,38.12,86.34,-82.87,45.68,-443.28,-28.42
14,54,0.45001,37.86,82.43,-81.43,-30.43,-463.43,171.74
14,55,0.45837,37.10,78.33,-78.64,-90.51,-490.73,333.58
14,56,0.46649,35.93,74.03,-74.73,-143.98,-530.13,481.95
14,57,0.47504,34.44,69.52,-69.90,-175.36,-527.03,565.00
14,58,0.48322,32.69,64.82,-64.36,-213.81,-575.08,677.61
14,59,0.49164,30.69,59.92,-58.35,-236.96,-582.16,713.04
14,60,0.49982,28.08,54.81,-52.28,-319.78,-623.99,741.79
14,61,0.50842,25.05,49.51,-46.30,-352.13,-616.25,694.68
14,62,0.51678,21.76,44.01,-40.52,-393.07,-658.16,691.61
14,63,0.52515,18.34,38.30,-35.00,-409.12,-682.08,660.58
14,64,0.53326,14.83,32.40,-29.79,-431.95,-727.23,642.11
14,65,0.54156,11.20,26.29,-24.95,-437.13,-735.28,582.35
14,66,0.55005,7.12,19.99,-20.08,-481.65,-742.99,573.74
14,67,0.55835,1.98,13.49,-14.65,-619.12,-783.47,654.41
14,68,0.56677,-4.27,6.78,-9.10,-741.30,-795.86,658.70
14,69,0.57513,-11.72,-0.12,-4.01,-891.97,-825.59,608.76
14,70,0.58337,-20.48,-7.22,-0.21,-1062.59,-862.09,461.85
14,71,0.59167,-29.95,-14.53,2.26,-1140.81,-879.85,296.69
14,72,0.59991,-39.45,-22.03,3.78,-1152.96,-910.64,185.19
14,73,0.60840,-48.53,-29.73,4.36,-1069.78,-908.01,68.71
14,74,0.61676,-56.82,-37.64,4.11,-991.97,-945.19,-29.93
14,75,0.62512,-64.15,-45.74,3.20,-877.01,-969.10,-109.49
14,76,0.63336,-70.50,-54.04,1.95,-770.00,-1007.74,-151.48
14,77,0.64160,-75.76,-62.55,1.69,-638.89,-1032.01,-31.11
14,78,0.65009,-80.18,-71.25,2.01,-520.50,-1025.88,37.05
14,79,0.65851,-85.88,-80.15,3.29,-676.81,-1057.07,152.54
14,80,0.66687,-92.59,-89.26,5.56,-802.55,-1088.70,271.17
14,81,0.67523,-100.70,-98.56,9.41,-969.71,-1112.61,459.85
14,82,0.68341,-111.43,-108.06,14.41,-1311.94,-1161.98,611.94
14,83,0.69183,-124.80,-117.77,19.63,-1587.68,-1152.04,619.20
14,84,0.69989,-140.11,-127.67,24.54,-1900.38,-1229.24,609.85
14,85,0.70844,-155.98,-137.77,29.55,-1856.43,-1182.40,586.07
14,86,0.71674,-171.32,-148.08,34.23,-1848.53,-1241.27,563.60
14,87,0.72504,-185.34,-158.58,38.28,-1688.60,-1265.36,488.60
14,88,0.73346,-197.69,-169.29,41.61,-1467.03,-1270.77,394.93
14,89,0.74176,-208.45,-180.19,44.26,-1296.32,-1313.55,319.12
14,90,0.75000,-217.89,-191.29,46.35,-1144.81,-1347.56,253.70
14,91,0.75830,-226.28,-202.60,48.00,-1010.66,-1361.74,198.90
14,92,0.76678,-233.84,-214.10,49.30,-891.37,-1355.93,153.96
14,93,0.77509,-240.71,-225.80,50.32,-827.94,-1409.93,122.43
14,94,0.78339,-246.97,-237.71,51.08,-754.41,-1434.03,91.91
14,95,0.79169,-252.67,-249.81,51.62,-686.76,-1458.12,64.34
14,96,0.80005,-257.84,-262.11,51.94,-617.52,-1471.40,38.32
14,97,0.80823,-262.48,-274.62,52.05,-567.91,-1528.79,14.18
14,98,0.81683,-266.61,-287.32,51.97,-480.14,-1476.14,-9.22
14,99,0.82513,-270.23,-300.22,51.71,-436.03,-1554.50,-32.35
14,100,0.83337,-273.34,-313.33,51.25,-377.41,-1590.29,-55.19
14,101,0.84161,-275.93,-326.63,50.62,-314.44,-1614.56,-77.04
14,102,0.85022,-278.00,-340.13,49.80,-240.43,-1569.10,-94.68
14,103,0.85852,-279.54,-353.84,48.81,-184.93,-1650.88,-119.49
14,104,0.86670,-280.52,-367.74,47.64,-120.15,-1699.97,-142.91
14,105,0.87524,-280.94,-381.85,46.30,-48.57,-1650.52,-157.50
14,106,0.88336,-280.96,-396.15,44.83,-2.63,-1762.03,-180.83
14,107,0.89166,-280.94,-410.65,43.34,2.21,-1747.26,-179.04
14,108,0.90015,-280.88,-425.36,41.84,6.47,-1733.12,-176.98
14,109,0.90833,-280.80,-440.26,40.33,9.70,-1822.24,-185.07
14,110,0.91681,-280.70,-455.36,38.80,12.59,-1780.27,-180.22
14,111,0.92511,-280.60,-470.34,37.30,12.13,-1803.93,-180.88
15,0,0.00000,0.00,0.00,0.00,-2641.24,0.00,1456.93
15,1,0.00830,-10.11,13.60,6.76,-1218.38,1638.41,814.71
15,2,0.01678,-11.73,20.10,7.45,-190.29,766.16,81.29
15,3,0.02466,-10.45,26.40,5.91,162.40,800.16,-195.35
15,4,0.03326,-9.17,32.50,4.38,148.58,708.82,-178.72
15,5,0.04138,-7.89,38.40,2.84,157.52,726.82,-189.47
15,6,0.04968,-6.61,44.10,1.30,154.04,686.68,-185.29
15,7,0.05804,-5.33,49.60,-0.24,152.92,657.76,-183.94
15,8,0.06641,-4.06,54.90,-1.78,152.92,633.84,-183.94
15,9,0.07465,-2.78,60.00,-3.31,155.19,618.95,-186.67
15,10,0.08337,-1.50,64.90,-4.85,146.50,561.41,-176.22
15,11,0.09131,-0.22,69.60,-6.39,161.15,592.35,-193.85
15,12,0.09998,1.06,74.10,-7.93,147.54,519.21,-177.46
15,13,0.10803,2.34,78.40,-9.47,158.71,533.72,-190.91
15,14,0.11670,3.62,82.50,-11.00,147.54,473.06,-177.46
15,15,0.12476,4.90,86.40,-12.54,158.71,484.07,-190.91
15,16,0.13324,6.17,90.10,-14.08,150.72,436.12,-181.29
15,17,0.14154,7.45,93.60,-15.62,154.04,421.65,-185.29
15,18,0.14990,8.73,96.90,-17.16,152.92,394.65,-183.94
15,19,0.15790,10.01,100.00,-18.70,159.92,387.71,-192.37
15,20,0.16650,11.29,102.90,-20.23,148.58,336.97,-178.72
15,21,0.17450,12.57,105.60,-21.77,159.92,337.68,-192.37
15,22,0.18317,13.85,108.10,-23.31,147.54,288.45,-177.46
15,23,0.19135,15.12,110.40,-24.85,156.34,281.22,-188.06
15,24,0.19971,16.40,112.50,-26.39,152.92,251.14,-183.94
15,25,0.20819,17.68,114.40,-27.92,150.72,223.95,-181.29
15,26,0.21680,18.96,116.10,-29.46,148.58,197.53,-178.72
15,27,0.22479,20.24,117.60,-31.00,159.92,187.60,-192.37
15,28,0.23309,21.52,118.90,-32.54,154.04,156.61,-185.29
15,29,0.24146,22.80,120.00,-34.08,152.92,131.55,-183.94
15,30,0.24988,24.08,120.90,-35.61,151.81,106.85,-182.61
15,31,0.25842,25.42,121.63,-37.24,157.86,85.76,-190.00
15,32,0.26672,26.70,122.12,-38.78,154.04,58.90,-185.29
15,33,0.27502,27.98,122.41,-40.31,154.04,34.80,-185.29
15,34,0.28339,29.26,122.50,-41.85,152.92,10.63,-183.94
15,35,0.29193,30.54,122.39,-43.39,149.64,-13.00,-180.00
15,36,0.30011,31.82,122.08,-44.93,156.34,-38.04,-188.06
15,37,0.30829,33.10,121.57,-46.47,156.34,-62.49,-188.06
15,38,0.31696,34.38,120.86,-48.00,147.54,-82.05,-177.46
15,39,0.32507,35.65,119.94,-49.54,157.52,-112.24,-189.47
15,40,0.33374,36.93,118.83,-51.08,147.54,-128.20,-177.46
15,41,0.34198,38.21,117.52,-52.62,155.19,-159.13,-186.67
15,42,0.35016,39.49,116.01,-54.16,156.34,-184.77,-188.06
15,43,0.35828,40.77,114.30,-55.69,157.52,-210.79,-189.47
15,44,0.36713,42.05,112.39,-57.23,144.48,-215.95,-173.79
15,45,0.37518,43.33,110.28,-58.77,158.71,-262.04,-190.91
15,46,0.38373,44.60,107.97,-60.31,149.64,-270.47,-180.00
15,47,0.39191,45.88,105.45,-61.85,156.34,-307.04,-188.06
15,48,0.40027,47.16,102.74,-63.39,152.92,-324.23,-183.94
15,49,0.40839,48.44,99.83,-64.92,157.52,-358.62,-189.47
15,50,0.41711,49.72,96.72,-66.46,146.50,-356.46,-176.22
15,51,0.42511,51.00,93.41,-68.00,159.92,-414.12,-192.37
15,52,0.43365,52.28,89.90,-69.54,149.64,-410.91,-180.00
15,53,0.44214,53.56,86.19,-71.08,150.72,-437.44,-181.29
15,54,0.45007,54.66,82.28,-72.61,139.62,-492.93,-193.46
15,55,0.45837,53.24,78.17,-74.14,-171.32,-495.28,-184.56
15,56,0.46692,51.24,73.85,-75.29,-233.93,-504.53,-134.29
15,57,0.47522,49.30,69.34,-75.74,-233.46,-543.47,-54.41
15,58,0.48352,47.03,64.63,-75.78,-273.90,-567.56,-4.04
15,59,0.49200,43.45,59.72,-75.00,-421.94,-578.88,91.01
15,60,0.50031,38.71,54.61,-73.29,-571.32,-615.75,205.88
15,61,0.50867,32.96,49.30,-70.52,-687.23,-635.17,331.75
15,62,0.51709,25.86,43.79,-67.45,-842.75,-654.31,364.13
15,63,0.52502,17.40,38.08,-64.58,-1066.54,-719.79,361.54
15,64,0.53357,8.04,32.16,-61.58,-1096.07,-691.78,351.07
15,65,0.54218,-1.88,26.05,-58.42,-1152.13,-710.12,367.38
15,66,0.55005,-12.02,19.74,-55.24,-1287.98,-801.57,404.65
15,67,0.55841,-22.07,13.23,-52.15,-1202.19,-778.68,368.98
15,68,0.56683,-31.78,6.52,-49.27,-1152.90,-796.79,342.39
15,69,0.57507,-40.99,-0.39,-46.64,-1117.04,-838.77,318.89
15,70,0.58356,-49.62,-7.50,-44.29,-1017.63,-838.21,276.98
15,71,0.59198,-57.68,-14.81,-42.21,-957.25,-868.03,246.74
15,72,0.60028,-65.23,-22.33,-40.37,-908.46,-904.88,221.32
15,73,0.60834,-72.31,-30.04,-38.75,-879.55,-957.13,201.52
15,74,0.61700,-79.00,-37.95,-37.31,-771.83,-912.80,165.85
15,75,0.62512,-85.34,-46.06,-36.04,-780.45,-999.21,156.77
15,76,0.63373,-91.36,-54.37,-34.92,-699.65,-965.76,130.85
15,77,0.64191,-97.08,-62.88,-33.93,-700.00,-1040.66,120.52
15,78,0.65027,-102.52,-71.59,-33.07,-650.73,-1041.79,102.55
15,79,0.65839,-107.69,-80.50,-32.34,-636.09,-1097.76,90.23
15,80,0.66705,-112.58,-89.62,-31.73,-564.44,-1051.26,70.42
15,81,0.67511,-117.19,-98.93,-31.24,-572.73,-1155.73,60.98
15,82,0.68396,-121.54,-108.44,-30.86,-490.69,-1074.71,42.41
15,83,0.69220,-125.60,-118.15,-30.60,-492.96,-1178.59,31.48
15,84,0.70044,-129.38,-128.06,-30.46,-458.52,-1202.86,17.41
15,85,0.70850,-132.86,-138.17,-30.43,-432.58,-1255.02,3.79
15,86,0.71698,-136.05,-148.48,-30.51,-375.54,-1215.40,-10.07
15,87,0.72540,-138.93,-158.99,-30.72,-342.03,-1247.95,-23.91
15,88,0.73364,-141.49,-169.71,-31.03,-311.48,-1299.95,-38.52
15,89,0.74200,-143.73,-180.62,-31.47,-267.52,-1304.90,-51.82
15,90,0.75037,-145.63,-191.73,-32.02,-226.64,-1328.82,-66.06
15,91,0.75848,-147.17,-203.04,-32.69,-190.23,-1393.42,-82.71
15,92,0.76709,-148.35,-214.55,-33.48,-136.88,-1337.60,-92.20
15,93,0.77521,-149.15,-226.26,-34.40,-98.12,-1442.69,-113.16
15,94,0.78375,-149.55,-238.17,-35.44,-47.14,-1393.96,-121.79
15,95,0.79187,-149.79,-250.28,-36.54,-29.32,-1491.97,-135.71
15,96,0.80029,-149.99,-262.60,-37.66,-23.91,-1461.66,-132.97
15,97,0.80853,-150.16,-275.11,-38.80,-20.74,-1518.41,-138.15
15,98,0.81689,-150.30,-287.82,-39.96,-16.42,-1520.16,-138.32
15,99,0.82526,-150.39,-300.73,-41.13,-11.68,-1544.08,-140.51
15,100,0.83380,-150.46,-313.84,-42.33,-7.50,-1534.40,-139.64
15,101,0.84186,-150.48,-327.15,-43.54,-2.65,-1652.22,-150.38
15,102,0.85046,-151.18,-332.00,-44.36,-81.91,-563.68,-95.04
16,0,0.00000,0.00,0.00,0.00,0.00,0.00,0.00
16,1,0.00861,1.50,13.60,-3.71,174.47,1580.31,-430.85
16,2,0.01678,2.25,20.10,-5.56,91.79,794.75,-226.49
16,3,0.02533,3.00,26.40,-7.41,87.86,737.29,-216.79
16,4,0.03333,3.75,32.50,-9.27,93.89,762.92,-231.68
16,5,0.04187,4.50,38.40,-11.12,87.86,690.47,-216.79
16,6,0.05017,5.26,44.10,-12.97,90.44,686.68,-223.16
16,7,0.05859,6.01,49.60,-14.82,89.13,652.99,-219.93
16,8,0.06677,6.76,54.90,-16.67,91.79,648.03,-226.49
16,9,0.07544,7.51,60.00,-18.53,86.62,588.44,-213.73
16,10,0.08344,8.26,64.90,-20.38,93.89,612.84,-231.68
16,11,0.09204,9.01,69.60,-22.23,87.23,546.14,-215.25
16,12,0.10016,9.76,74.10,-24.08,92.48,554.35,-228.20
16,13,0.10870,10.51,78.40,-25.94,87.86,503.23,-216.79
16,14,0.11707,11.26,82.50,-27.79,89.78,490.32,-221.53
16,15,0.12549,12.01,86.40,-29.64,89.13,463.03,-219.93
16,16,0.13348,12.50,90.10,-31.00,60.69,462.76,-169.85
16,17,0.14197,12.27,93.60,-31.08,-26.26,412.54,-9.71
16,18,0.15009,12.32,96.90,-31.68,5.64,406.52,-74.06
16,19,0.15857,13.07,100.00,-33.54,88.49,365.40,-218.35
16,20,0.16705,13.82,102.90,-35.39,88.49,341.82,-218.35
16,21,0.17529,14.57,105.60,-37.24,91.11,327.68,-224.81
16,22,0.18341,15.32,108.10,-39.09,92.48,307.97,-228.20
16,23,0.19196,16.07,110.40,-40.95,87.86,269.16,-216.79
16,24,0.20020,16.82,112.50,-42.80,91.11,254.86,-224.81
16,25,0.20874,17.58,114.40,-44.65,87.86,222.35,-216.79
16,26,0.21710,18.33,116.10,-46.50,89.78,203.30,-221.53
16,27,0.22528,19.08,117.60,-48.36,91.79,183.48,-226.87
16,28,0.23340,19.83,118.90,-50.21,92.48,160.13,-228.20
16,29,0.24188,20.58,120.00,-52.06,88.49,129.64,-218.35
16,30,0.24994,21.33,120.90,-53.92,93.18,111.69,-229.92
16,31,0.25842,22.08,121.60,-55.77,88.49,82.49,-218.35
16,32,0.26691,22.83,122.10,-57.62,88.49,58.92,-218.35
16,33,0.27515,23.58,122.40,-59.47,91.11,36.39,-224.81
16,34,0.28326,24.33,122.50,-61.33,92.48,12.30,-228.20
16,35,0.29193,25.08,122.40,-63.18,86.62,-11.55,-213.73
16,36,0.30023,25.83,122.10,-65.03,90.44,-36.16,-223.16
16,37,0.30865,26.58,121.60,-66.88,89.13,-59.38,-219.93
16,38,0.31702,27.09,120.90,-68.33,60.58,-83.74,-173.36
16,39,0.32544,26.82,120.00,-68.51,-32.61,-106.87,-21.38
16,40,0.33380,26.33,118.90,-68.36,-57.66,-131.57,17.88
16,41,0.34186,25.77,117.60,-68.09,-70.45,-161.38,34.09
16,42,0.35010,25.14,116.10,-67.73,-75.93,-182.07,43.70
16,43,0.35870,24.46,114.40,-67.29,-78.72,-197.56,50.35
16,44,0.36694,23.74,112.50,-66.81,-87.41,-230.61,59.26
16,45,0.37524,22.98,110.40,-66.26,-92.28,-253.01,65.81
16,46,0.38354,22.18,108.10,-65.67,-95.96,-277.11,70.59
16,47,0.39197,21.35,105.60,-65.05,-98.91,-296.84,74.64
16,48,0.40039,20.49,102.90,-64.40,-101.45,-320.58,77.17
16,49,0.40845,19.62,100.00,-63.73,-108.33,-359.98,82.58
16,50,0.41705,18.73,96.90,-63.06,-103.19,-360.24,78.37
16,51,0.42560,17.84,93.60,-62.38,-104.64,-386.22,78.57
16,52,0.43341,16.95,90.10,-61.73,-113.67,-448.03,83.20
16,53,0.44189,16.07,86.40,-61.11,-103.60,-436.15,73.38
16,54,0.45007,15.21,82.50,-60.53,-105.60,-476.88,71.64
16,55,0.45874,14.37,78.40,-59.99,-96.83,-473.09,61.62
16,56,0.46686,13.57,74.10,-59.54,-97.74,-529.73,56.02
16,57,0.47552,12.82,69.60,-59.16,-86.97,-519.24,44.01
16,58,0.48358,12.12,64.90,-58.86,-87.12,-583.40,36.74
16,59,0.49188,11.47,60.00,-58.65,-78.31,-590.33,25.00
16,60,0.50043,10.89,54.89,-58.55,-68.21,-596.88,11.43
16,61,0.50891,10.38,49.59,-58.58,-59.35,-624.74,-3.60
16,62,0.51721,9.96,44.09,-58.74,-50.74,-662.62,-19.12
16,63,0.52545,9.64,38.39,-59.06,-38.52,-691.80,-38.15
16,64,0.53351,9.44,32.49,-59.54,-25.76,-732.34,-59.85
16,65,0.54211,9.35,26.39,-60.21,-9.57,-708.84,-77.30
16,66,0.54999,9.41,20.09,-61.07,6.98,-800.18,-110.47
16,67,0.55872,9.61,13.59,-62.16,23.08,-744.76,-123.78
16,68,0.56665,9.81,6.89,-63.23,24.62,-844.44,-135.00
16,69,0.57532,9.82,-0.01,-64.04,1.76,-796.15,-93.66
16,70,0.58331,9.64,-7.11,-64.58,-22.90,-888.02,-67.18
16,71,0.59180,9.30,-14.41,-64.90,-39.21,-860.49,-38.85
16,72,0.60010,8.79,-21.91,-64.99,-62.50,-903.56,-10.66
16,73,0.60870,8.18,-29.61,-64.99,-69.86,-894.76,0.35
16,74,0.61682,7.42,-37.51,-64.80,-93.98,-973.22,23.68
16,75,0.62518,6.68,-45.61,-64.67,-88.69,-968.72,15.33
16,76,0.63348,5.65,-53.91,-64.20,-124.26,-999.94,56.99
16,77,0.64197,4.56,-62.41,-63.70,-128.06,-1001.93,58.27
16,78,0.65021,3.55,-71.11,-63.34,-123.33,-1055.89,44.07
16,79,0.65851,3.06,-80.01,-63.66,-58.82,-1072.23,-38.97
16,80,0.66687,2.92,-89.11,-64.44,-16.06,-1088.32,-93.07
16,81,0.67517,3.28,-98.41,-65.82,42.65,-1120.41,-165.81
16,82,0.68365,4.03,-107.91,-67.67,88.49,-1119.81,-218.35
16,83,0.69177,4.78,-117.61,-69.52,92.48,-1194.96,-228.20
16,84,0.69983,5.53,-127.51,-71.37,93.18,-1228.84,-229.92
16,85,0.70837,6.28,-137.61,-73.23,87.86,-1182.03,-216.79
16,86,0.71661,7.03,-147.91,-75.08,91.11,-1250.08,-224.81
16,87,0.72504,7.78,-158.41,-76.93,89.13,-1246.65,-219.93
16,88,0.73334,8.53,-169.11,-78.78,90.44,-1289.08,-223.16
16,89,0.74182,9.28,-180.01,-80.64,88.49,-1284.83,-218.35
16,90,0.74994,10.03,-191.11,-82.49,92.48,-1367.43,-228.20
16,91,0.75836,10.78,-202.41,-84.34,89.13,-1341.63,-219.93
16,92,0.76697,11.54,-213.91,-86.19,87.23,-1336.32,-215.25
16,93,0.77502,12.29,-225.61,-88.05,93.18,-1452.26,-229.92
16,94,0.78333,13.04,-237.52,-89.90,90.44,-1433.64,-223.16
16,95,0.79199,13.79,-249.62,-91.75,86.62,-1396.14,-213.73
16,96,0.79993,14.54,-261.92,-93.60,94.62,-1550.22,-233.46
16,97,0.80872,15.29,-274.42,-95.46,85.42,-1422.26,-210.76
16,98,0.81677,16.04,-287.12,-97.31,93.18,-1576.38,-229.92
16,99,0.82513,16.79,-300.02,-99.16,89.78,-1542.77,-221.53
16,100,0.83319,17.54,-313.12,-101.01,93.18,-1626.03,-229.92
16,101,0.84174,18.29,-326.42,-102.87,87.86,-1556.52,-216.79
16,102,0.85004,19.04,-339.92,-104.72,90.44,-1626.40,-223.16
16,103,0.85864,19.35,-344.19,-105.80,35.11,-495.99,-126.24
17,0,0.00000,0.00,0.00,0.00,-1036.59,0.00,1048.55
17,1,0.00861,-5.27,13.60,2.29,-612.77,1580.31,265.96
17,2,0.01672,-5.40,20.10,1.17,-16.17,801.22,-137.97
17,3,0.02490,-4.69,26.40,-0.70,86.94,770.28,-228.36
17,4,0.03339,-3.98,32.50,-2.57,83.81,719.00,-220.14
17,5,0.04169,-3.27,38.40,-4.43,85.66,710.77,-225.00
17,6,0.05005,-2.56,44.10,-6.30,85.04,681.66,-223.36
17,7,0.05847,-1.85,49.60,-8.17,84.42,652.97,-221.74
17,8,0.06696,-1.14,54.90,-10.04,83.81,624.70,-220.14
17,9,0.07495,-0.43,60.00,-11.90,88.93,637.84,-233.59
17,10,0.08350,0.28,64.90,-13.77,83.21,573.43,-218.57
17,11,0.09192,0.99,69.60,-15.64,84.42,557.99,-221.74
17,12,0.10004,1.71,74.10,-17.51,87.59,554.34,-230.08
17,13,0.10876,2.42,78.40,-19.38,81.47,492.65,-213.99
17,14,0.11688,3.13,82.50,-21.24,87.59,505.06,-230.08
17,15,0.12506,3.84,86.40,-23.11,86.94,476.83,-228.36
17,16,0.13336,4.55,90.10,-24.98,85.66,445.73,-225.00
17,17,0.14160,5.26,93.60,-26.85,86.30,424.76,-226.67
17,18,0.15027,5.97,96.90,-28.71,82.04,380.74,-215.49
17,19,0.15863,6.68,100.00,-30.58,85.04,370.72,-223.36
17,20,0.16675,7.39,102.90,-32.45,87.59,357.23,-230.08
17,21,0.17511,8.11,105.60,-34.32,85.04,322.88,-223.36
17,22,0.18329,8.82,108.10,-36.18,86.94,305.66,-228.36
17,23,0.19159,9.53,110.40,-38.05,85.66,277.07,-225.00
17,24,0.20020,10.24,112.50,-39.92,82.62,244.00,-217.02
17,25,0.20831,10.95,114.40,-41.79,87.59,234.04,-230.08
17,26,0.21722,11.66,116.10,-43.66,79.79,190.75,-209.59
17,27,0.22510,12.37,117.60,-45.52,90.31,190.49,-237.21
17,28,0.23340,13.08,118.90,-47.39,85.66,156.59,-225.00
17,29,0.24164,13.79,120.00,-49.26,86.30,133.48,-226.67
17,30,0.25018,14.51,120.90,-51.13,83.21,105.31,-218.57
17,31,0.25848,15.22,121.60,-52.99,85.66,84.31,-225.00
17,32,0.26672,15.93,122.10,-54.86,86.30,60.66,-226.67
17,33,0.27527,16.64,122.40,-56.73,83.21,35.09,-218.57
17,34,0.28357,17.35,122.50,-58.60,85.66,12.02,-225.00
17,35,0.29175,18.06,122.40,-60.46,86.94,-12.25,-228.36
17,36,0.30017,18.77,122.10,-62.33,84.78,-35.64,-221.74
17,37,0.30823,19.49,121.60,-64.20,88.26,-62.09,-231.82
17,38,0.31683,20.20,120.90,-66.07,82.62,-81.37,-217.02
17,39,0.32501,20.91,120.00,-67.94,86.94,-110.07,-228.36
17,40,0.33331,21.62,118.90,-69.80,85.66,-132.54,-225.00
17,41,0.34161,22.33,117.60,-71.67,85.66,-156.64,-225.00
17,42,0.35022,23.04,116.10,-73.54,82.62,-174.32,-217.02
17,43,0.35864,23.75,114.40,-75.41,84.42,-201.86,-221.74
17,44,0.36676,24.46,112.50,-77.27,87.59,-234.09,-230.08
17,45,0.37506,25.17,110.40,-79.14,85.66,-253.02,-225.00
17,46,0.38324,25.89,108.10,-81.01,86.94,-281.25,-228.36
17,47,0.39172,26.60,105.60,-82.88,83.81,-294.71,-220.14
17,48,0.40021,27.31,102.90,-84.74,83.81,-318.28,-220.14
17,49,0.40845,28.02,100.00,-86.61,86.30,-351.98,-226.67
17,50,0.41669,28.73,96.90,-88.48,86.30,-376.26,-226.67
17,51,0.42505,29.44,93.60,-90.35,85.04,-394.69,-223.36
17,52,0.43329,30.15,90.10,-92.21,86.30,-424.80,-226.67
17,53,0.44183,30.86,86.40,-94.08,83.21,-433.04,-218.57
17,54,0.45013,31.57,82.50,-95.95,85.66,-469.87,-225.00
17,55,0.45850,32.28,78.39,-97.82,85.04,-490.36,-223.36
17,56,0.46716,33.00,74.09,-99.69,82.04,-496.17,-215.49
17,57,0.47510,32.15,69.59,-100.00,-106.54,-567.18,-39.23
17,58,0.48328,29.84,64.89,-98.99,-282.09,-574.70,123.13
17,59,0.49164,26.31,59.99,-97.09,-422.63,-586.03,227.01
17,60,0.50024,21.70,54.89,-94.65,-535.82,-592.65,283.69
17,61,0.50861,16.13,49.59,-91.97,-665.33,-633.87,320.44
17,62,0.51678,9.74,44.09,-89.32,-781.72,-672.52,323.88
17,63,0.52502,2.67,38.39,-86.93,-858.15,-691.81,290.37
17,64,0.53357,-4.87,32.41,-85.01,-882.14,-700.51,224.64
17,65,0.54175,-12.70,26.30,-83.62,-957.84,-746.22,169.40
17,66,0.55017,-20.47,20.00,-82.89,-922.83,-748.34,86.96
17,67,0.55884,-27.94,13.50,-82.81,-861.27,-750.34,9.86
17,68,0.56677,-34.91,6.79,-83.30,-878.08,-844.81,-62.69
17,69,0.57526,-41.26,-0.11,-84.30,-749.28,-813.68,-116.91
17,70,0.58350,-46.97,-7.21,-85.68,-692.59,-862.06,-168.15
17,71,0.59216,-52.02,-14.52,-87.02,-582.39,-842.64,-154.93
17,72,0.60016,-56.40,-22.02,-87.89,-547.71,-938.41,-108.02
17,73,0.60889,-60.90,-29.72,-88.33,-516.43,-882.58,-50.70
17,74,0.61682,-67.80,-37.62,-87.59,-868.85,-996.05,93.85
17,75,0.62531,-76.37,-45.73,-84.66,-1010.07,-955.13,344.96
17,76,0.63361,-86.68,-54.18,-80.65,-1241.91,-1018.62,482.35
17,77,0.64203,-98.52,-62.69,-75.93,-1406.52,-1009.97,560.87
17,78,0.65027,-111.22,-71.40,-70.89,-1540.37,-1056.68,611.85
17,79,0.65857,-124.07,-80.30,-65.88,-1548.90,-1073.01,603.31
17,80,0.66736,-136.46,-89.41,-61.22,-1409.72,-1036.15,530.56
17,81,0.67523,-147.96,-98.72,-57.09,-1460.85,-1182.04,524.42
17,82,0.68365,-158.41,-108.22,-53.56,-1239.86,-1128.69,418.84
17,83,0.69189,-167.82,-117.93,-50.60,-1142.59,-1178.05,359.26
17,84,0.70081,-176.35,-127.84,-48.13,-956.51,-1111.74,277.40
17,85,0.70856,-184.13,-137.94,-46.06,-1003.94,-1303.86,266.93
17,86,0.71716,-191.29,-148.25,-44.33,-832.27,-1197.64,201.06
17,87,0.72528,-197.92,-158.76,-42.89,-816.54,-1294.32,177.82
17,88,0.73370,-204.07,-169.47,-41.70,-730.43,-1271.17,140.94
17,89,0.74170,-209.77,-180.37,-40.75,-713.36,-1364.11,118.70
17,90,0.75024,-215.05,-191.48,-40.02,-617.50,-1299.82,85.36
17,91,0.75861,-219.91,-202.79,-39.51,-581.02,-1352.20,61.68
17,92,0.76709,-224.36,-214.29,-39.19,-524.46,-1356.32,36.69
17,93,0.77509,-228.40,-226.00,-39.08,-505.34,-1464.16,14.12
17,94,0.78345,-232.03,-237.91,-39.17,-433.58,-1423.96,-10.22
17,95,0.79187,-235.24,-250.01,-39.44,-381.16,-1437.38,-32.61
17,96,0.80042,-238.02,-262.32,-39.91,-326.07,-1440.26,-54.64
17,97,0.80908,-240.37,-274.83,-40.56,-271.13,-1443.05,-75.70
17,98,0.81696,-242.28,-287.53,-41.41,-242.25,-1613.87,-107.36
17,99,0.82526,-243.73,-300.44,-42.45,-174.63,-1554.90,-125.00
17,100,0.83362,-244.70,-313.55,-43.67,-116.42,-1567.47,-146.72
17,101,0.84198,-245.19,-326.85,-45.09,-58.03,-1591.39,-169.71
17,102,0.85010,-245.35,-340.36,-46.64,-20.30,-1663.89,-190.60
17,103,0.85858,-245.48,-354.07,-48.21,-14.75,-1615.64,-184.53
17,104,0.86725,-245.56,-367.98,-49.79,-9.51,-1604.58,-183.10
17,105,0.87518,-245.61,-382.08,-51.40,-6.92,-1777.91,-202.31
17,106,0.88354,-245.63,-396.39,-53.02,-2.19,-1710.98,-194.16
17,107,0.89185,-245.63,-410.90,-54.66,0.74,-1747.66,-197.06
17,108,0.90033,-246.42,-415.46,-55.83,-93.88,-538.39,-138.85
18,0,0.00000,0.00,0.00,0.00,-3006.02,0.00,3314.66
18,1,0.00873,2.16,13.60,-3.37,247.55,1558.21,-385.66
18,2,0.01672,-2.26,20.10,1.01,-553.44,812.95,547.33
18,3,0.02521,-5.39,26.40,4.02,-368.35,742.59,354.68
18,4,0.03333,-7.86,32.50,6.34,-304.89,751.45,286.47
18,5,0.04187,-9.80,38.40,8.06,-226.07,690.47,200.71
18,6,0.04968,-11.49,44.10,9.51,-217.19,729.60,185.94
18,7,0.05841,-11.48,49.60,9.04,1.75,630.16,-54.55
18,8,0.06665,-11.13,54.90,8.18,42.22,643.23,-103.33
18,9,0.07495,-10.05,60.00,6.50,130.15,614.40,-202.94
18,10,0.08350,-8.97,64.90,4.82,126.43,573.44,-197.14
18,11,0.09143,-7.89,69.60,3.13,136.15,592.35,-212.31
18,12,0.09991,-6.81,74.10,1.45,127.34,530.42,-198.56
18,13,0.10834,-7.28,78.40,1.67,-56.16,510.52,26.81
18,14,0.11700,-9.34,82.50,3.95,-238.03,473.06,262.32
18,15,0.12500,-11.71,86.40,6.64,-295.80,487.77,336.64
18,16,0.13348,-13.77,90.10,8.95,-242.45,436.12,272.66
18,17,0.14160,-14.65,93.60,9.73,-109.02,431.16,95.49
18,18,0.15002,-14.40,96.90,9.05,30.43,391.79,-79.71
18,19,0.15814,-13.31,100.00,7.37,133.08,381.88,-207.52
18,20,0.16663,-12.23,102.90,5.69,127.34,341.82,-198.56
18,21,0.17487,-11.15,105.60,4.00,131.11,327.68,-204.44
18,22,0.18329,-10.07,108.10,2.32,128.26,296.81,-200.00
18,23,0.19183,-8.99,110.40,0.63,126.43,269.16,-197.14
18,24,0.20032,-7.91,112.50,-1.05,127.34,247.53,-198.56
18,25,0.20813,-6.83,114.40,-2.74,138.28,243.19,-215.62
18,26,0.21649,-5.75,116.10,-4.42,129.20,203.30,-201.46
18,27,0.22498,-4.67,117.60,-6.11,127.34,176.80,-198.56
18,28,0.23334,-3.59,118.90,-7.79,129.20,155.46,-201.46
18,29,0.24158,-2.51,120.00,-9.48,131.11,133.50,-204.44
18,30,0.24976,-1.43,120.90,-11.16,132.09,110.04,-205.97
18,31,0.25830,-0.35,121.60,-12.84,126.43,81.91,-197.14
18,32,0.26660,0.73,122.10,-14.53,130.15,60.23,-202.94
18,33,0.27484,1.81,122.40,-16.21,131.11,36.40,-204.44
18,34,0.28320,2.89,122.50,-17.90,129.20,11.95,-201.46
18,35,0.29193,3.97,122.40,-19.58,123.78,-11.46,-193.01
18,36,0.30023,5.05,122.10,-21.27,130.15,-36.15,-202.94
18,37,0.30847,6.13,121.60,-22.95,131.11,-60.69,-204.44
18,38,0.31689,7.21,120.90,-24.64,128.26,-83.15,-200.00
18,39,0.32507,8.29,120.00,-26.32,132.09,-110.06,-205.97
18,40,0.33405,8.52,118.90,-27.02,25.51,-122.62,-77.89
18,41,0.34186,8.13,117.60,-27.00,-50.39,-166.42,2.73
18,42,0.35040,7.65,116.10,-26.89,-55.71,-175.56,12.50
18,43,0.35828,7.14,114.40,-26.75,-64.73,-215.93,18.22
18,44,0.36694,6.60,112.50,-26.58,-61.97,-219.24,19.72
18,45,0.37494,6.05,110.39,-26.40,-69.08,-263.32,22.52
18,46,0.38379,5.47,108.09,-26.19,-65.52,-259.96,23.45
18,47,0.39203,4.89,105.59,-25.98,-71.11,-303.48,25.19
18,48,0.40009,4.29,102.89,-25.77,-73.48,-335.21,26.14
18,49,0.40839,3.70,99.99,-25.57,-70.96,-349.44,24.26
18,50,0.41699,3.12,96.89,-25.39,-67.38,-360.29,21.28
18,51,0.42505,2.56,93.59,-25.23,-69.70,-409.68,19.32
18,52,0.43353,2.01,90.09,-25.09,-65.83,-412.62,17.27
18,53,0.44177,1.48,86.39,-24.98,-63.70,-449.12,12.59
18,54,0.44995,1.00,82.49,-24.93,-58.96,-476.93,5.97
18,55,0.45911,0.57,78.39,-24.95,-47.00,-447.90,-1.33
18,56,0.46704,0.19,74.09,-25.02,-47.69,-542.02,-9.62
18,57,0.47516,-0.11,69.59,-25.19,-36.84,-554.43,-20.68
18,58,0.48334,-0.33,64.88,-25.45,-26.49,-574.74,-32.09
18,59,0.49170,-0.45,59.98,-25.82,-14.96,-586.08,-44.16
18,60,0.49994,-0.46,54.88,-26.32,-1.48,-619.03,-60.00
18,61,0.50867,-0.35,49.58,-26.95,12.59,-607.32,-72.38
18,62,0.51678,-0.08,44.08,-27.76,34.21,-677.62,-100.38
18,63,0.52521,0.35,38.38,-28.74,50.72,-676.81,-116.30
18,64,0.53345,0.94,32.48,-29.90,71.85,-716.13,-140.37
18,65,0.54156,1.65,26.38,-31.18,86.84,-751.53,-157.52
18,66,0.55011,2.13,20.08,-32.21,56.79,-737.36,-121.43
18,67,0.55847,2.38,13.58,-32.99,29.93,-777.43,-92.70
18,68,0.56677,2.37,6.88,-33.47,-1.47,-807.24,-58.46
18,69,0.57495,2.17,-0.02,-33.75,-25.00,-843.74,-33.21
18,70,0.58350,1.72,-7.12,-33.76,-52.50,-830.99,-1.07
18,71,0.59180,1.13,-14.42,-33.62,-71.32,-879.52,16.54
18,72,0.60010,0.32,-21.93,-33.27,-97.06,-903.62,42.28
18,73,0.60834,-0.54,-29.63,-32.89,-104.81,-934.58,46.30
18,74,0.61688,-1.60,-37.53,-32.34,-123.93,-924.61,64.29
18,75,0.62506,-2.30,-45.63,-32.19,-85.07,-990.46,17.54
18,76,0.63354,-2.67,-53.93,-32.41,-43.88,-978.41,-25.18
18,77,0.64191,-2.62,-62.43,-33.06,5.47,-1016.61,-78.10
18,78,0.65021,-2.19,-71.13,-34.11,52.57,-1048.18,-126.84
18,79,0.65845,-1.12,-80.03,-35.78,129.63,-1080.22,-202.96
18,80,0.66687,-0.04,-89.13,-37.47,128.26,-1080.48,-200.00
18,81,0.67505,1.04,-98.43,-39.15,132.09,-1137.19,-205.97
18,82,0.68329,2.12,-107.93,-40.84,131.11,-1153.04,-204.44
18,83,0.69159,3.20,-117.63,-42.52,130.15,-1168.66,-202.94
18,84,0.69995,4.28,-127.53,-44.21,129.20,-1184.04,-201.46
18,85,0.70856,5.36,-137.63,-45.89,125.53,-1173.70,-195.74
18,86,0.71698,6.44,-147.94,-47.58,128.26,-1222.96,-200.00
18,87,0.72522,7.52,-158.44,-49.26,131.11,-1274.40,-204.44
18,88,0.73334,8.60,-169.14,-50.95,133.08,-1318.21,-207.52
18,89,0.74176,9.68,-180.04,-52.63,128.26,-1294.19,-200.00
18,90,0.74994,10.76,-191.14,-54.32,132.09,-1357.28,-205.97
18,91,0.75836,11.84,-202.44,-56.00,128.26,-1341.68,-200.00
18,92,0.76691,12.92,-213.94,-57.68,126.43,-1345.92,-197.14
18,93,0.77545,14.00,-225.64,-59.37,126.43,-1369.33,-197.14
18,94,0.78345,15.08,-237.54,-61.05,135.11,-1488.42,-210.69
18,95,0.79187,16.17,-249.64,-62.74,128.26,-1436.66,-200.00
18,96,0.80023,17.25,-261.94,-64.42,129.20,-1471.07,-201.46
18,97,0.80859,18.33,-274.44,-66.11,129.20,-1494.99,-201.46
18,98,0.81671,19.41,-287.15,-67.79,133.08,-1564.59,-207.52
18,99,0.82495,20.49,-300.05,-69.48,131.11,-1565.68,-204.44
18,100,0.83350,21.57,-313.15,-71.16,126.43,-1533.17,-197.14
18,101,0.84167,22.16,-316.36,-72.02,73.13,-392.63,-105.60
19,0,0.00000,0.00,0.00,0.00,-30.22,0.00,54.32
19,1,0.00867,0.80,13.60,-2.73,92.25,1569.18,-314.44
19,2,0.01672,-2.59,20.10,2.75,-420.83,806.79,679.17
19,3,0.02509,-4.77,26.40,6.07,-260.22,753.43,397.08
19,4,0.03339,-6.57,32.50,8.73,-216.91,734.88,321.32
19,5,0.04169,-7.90,38.40,10.54,-160.29,710.78,218.01
19,6,0.05005,-9.08,44.10,12.08,-141.24,681.67,184.31
19,7,0.05835,-8.72,49.60,10.81,43.38,662.59,-154.04
19,8,0.06677,-8.22,54.90,9.27,59.42,629.24,-182.61
19,9,0.07507,-7.53,60.00,7.39,82.72,614.40,-226.10
19,10,0.08362,-6.85,64.90,5.51,80.36,573.44,-219.64
19,11,0.09192,-6.16,69.60,3.64,82.72,566.21,-226.10
19,12,0.10022,-5.47,74.10,1.76,82.72,542.12,-226.10
19,13,0.10852,-5.86,78.40,1.94,-47.06,518.03,22.06
19,14,0.11707,-7.76,82.50,5.07,-222.50,479.82,365.71
19,15,0.12531,-9.81,86.40,8.49,-247.78,473.32,414.81
19,16,0.13367,-11.40,90.10,11.04,-191.24,442.49,305.84
19,17,0.14197,-12.04,93.60,11.71,-76.47,421.65,79.78
19,18,0.15033,-11.82,96.90,10.71,26.64,394.65,-118.98
19,19,0.15857,-11.13,100.00,8.83,83.33,376.22,-227.78
19,20,0.16711,-10.44,102.90,6.96,80.36,339.38,-219.64
19,21,0.17542,-9.76,105.60,5.08,82.72,325.27,-226.10
19,22,0.18365,-9.07,108.10,3.20,83.33,303.41,-227.78
19,23,0.19159,-8.38,110.40,1.33,86.54,289.87,-236.54
19,24,0.20001,-7.70,112.50,-0.55,81.52,249.32,-222.83
19,25,0.20825,-7.01,114.40,-2.43,83.33,230.59,-227.78
19,26,0.21686,-6.95,116.10,-3.67,6.38,197.53,-144.33
19,27,0.22510,-7.29,117.60,-4.51,-40.37,182.04,-102.22
19,28,0.23340,-7.90,118.90,-5.06,-73.53,156.61,-66.18
19,29,0.24164,-8.44,120.00,-5.65,-65.93,133.50,-71.48
19,30,0.25012,-8.90,120.90,-6.30,-53.96,106.08,-76.98
19,31,0.25830,-8.78,121.60,-7.56,14.93,85.58,-153.73
19,32,0.26691,-8.13,122.12,-9.45,74.82,60.84,-220.21
19,33,0.27515,-7.45,122.41,-11.33,83.33,34.95,-227.78
19,34,0.28345,-6.76,122.50,-13.21,82.72,10.60,-226.10
19,35,0.29181,-6.07,122.39,-15.08,82.12,-13.40,-224.45
19,36,0.30011,-5.39,122.08,-16.96,82.72,-37.59,-226.10
19,37,0.30847,-4.70,121.56,-18.84,82.12,-61.24,-224.45
19,38,0.31696,-4.00,120.84,-20.75,82.37,-85.57,-225.18
19,39,0.32520,-3.31,119.92,-22.63,83.33,-111.11,-227.78
19,40,0.33368,-2.63,118.81,-24.50,80.94,-131.48,-221.22
19,41,0.34180,-1.94,117.49,-26.38,84.59,-162.05,-231.20
19,42,0.35028,-1.25,115.98,-28.26,80.94,-178.63,-221.22
19,43,0.35852,-0.57,114.26,-30.13,83.33,-208.20,-227.78
19,44,0.36700,0.02,112.32,-31.84,68.71,-228.97,-200.72
19,45,0.37524,-0.45,110.20,-31.68,-56.30,-257.07,18.89
19,46,0.38361,-0.99,107.88,-31.40,-64.60,-277.24,33.94
19,47,0.39178,-1.55,105.36,-31.07,-69.03,-307.90,39.55
19,48,0.40057,-2.14,102.64,-30.72,-66.67,-309.27,39.93
19,49,0.40869,-2.74,99.73,-30.35,-74.06,-359.49,45.86
19,50,0.41724,-3.36,96.61,-29.96,-72.14,-364.92,46.07
19,51,0.42529,-3.98,93.29,-29.55,-77.65,-411.89,50.38
19,52,0.43365,-4.62,89.77,-29.14,-75.91,-420.75,49.64
19,53,0.44183,-5.27,86.05,-28.69,-79.85,-454.62,54.10
19,54,0.45044,-5.93,82.14,-28.24,-76.95,-455.29,52.48
19,55,0.45862,-6.59,78.02,-27.80,-80.60,-503.53,53.73
19,56,0.46704,-7.24,73.70,-27.38,-77.17,-512.68,50.00
19,57,0.47540,-7.88,69.18,-26.99,-76.28,-540.34,47.08
19,58,0.48364,-8.50,64.46,-26.63,-75.56,-572.62,43.70
19,59,0.49188,-9.10,59.54,-26.31,-72.96,-596.89,38.52
19,60,0.50018,-9.68,54.43,-26.04,-69.12,-616.60,31.99
19,61,0.50879,-10.22,49.11,-25.83,-63.48,-617.97,24.82
19,62,0.51697,-10.73,43.59,-25.68,-62.31,-674.71,17.91
19,63,0.52557,-11.20,37.87,-25.61,-54.61,-664.45,8.51
19,64,0.53369,-11.63,31.95,-25.62,-52.26,-729.06,-0.75
19,65,0.54236,-12.00,25.83,-25.71,-42.96,-705.93,-11.27
19,66,0.55035,-12.31,19.52,-25.92,-39.31,-790.22,-25.19
19,67,0.55872,-12.57,13.00,-26.22,-30.66,-779.53,-36.13
19,68,0.56714,-12.76,6.28,-26.64,-22.46,-797.63,-49.64
19,69,0.57544,-12.88,-0.64,-27.18,-13.97,-833.45,-65.44
19,70,0.58405,-12.91,-7.76,-27.86,-4.26,-827.13,-78.72
19,71,0.59198,-12.88,-15.08,-28.64,3.46,-922.33,-98.85
19,72,0.60059,-13.00,-22.59,-29.19,-13.12,-873.61,-64.18
19,73,0.60870,-13.27,-30.31,-29.49,-33.83,-950.80,-36.09
19,74,0.61713,-13.71,-38.23,-29.53,-51.45,-940.10,-4.71
19,75,0.62543,-14.16,-46.35,-29.53,-55.15,-978.02,-1.10
19,76,0.63367,-14.73,-54.67,-29.38,-69.26,-1009.53,19.26
19,77,0.64197,-15.38,-63.19,-29.12,-77.94,-1026.21,31.25
19,78,0.65021,-16.11,-71.90,-28.74,-88.52,-1058.08,45.56
19,79,0.65869,-16.75,-80.82,-28.52,-75.54,-1051.21,25.54
19,80,0.66693,-17.41,-87.60,-28.27,-80.00,-822.55,30.37
20,0,0.00000,0.00,0.00,0.00,0.00,0.00,0.00
20,1,0.00842,-1.06,13.60,-3.86,-125.36,1614.67,-457.97
20,2,0.01685,-1.58,20.10,-5.79,-62.68,771.72,-228.99
20,3,0.02527,-2.11,26.40,-7.71,-62.68,747.97,-228.99
20,4,0.03363,-2.64,32.50,-9.64,-63.14,729.51,-230.66
20,5,0.04199,-3.17,38.40,-11.57,-63.14,705.59,-230.66
20,6,0.05017,-3.70,44.10,-13.50,-64.55,696.93,-235.82
20,7,0.05884,-4.22,49.60,-15.43,-60.92,634.60,-222.54
20,8,0.06689,-4.75,54.90,-17.36,-65.53,657.85,-239.39
20,9,0.07599,-5.28,60.00,-19.29,-58.05,560.80,-212.08
20,10,0.08459,-5.81,64.90,-21.22,-61.35,569.38,-224.11
20,11,0.09198,-6.34,69.60,-23.14,-71.49,636.41,-261.16
20,12,0.10028,-6.86,74.10,-25.07,-63.60,542.12,-232.35
20,13,0.10876,-7.39,78.40,-27.00,-62.23,506.85,-227.34
20,14,0.11694,-7.92,82.50,-28.93,-64.55,501.30,-235.82
20,15,0.12518,-8.45,86.40,-30.86,-64.07,473.32,-234.07
20,16,0.13361,-8.98,90.10,-32.79,-62.68,439.28,-228.99
20,17,0.14209,-9.50,93.60,-34.72,-62.23,412.54,-227.34
20,18,0.15027,-10.03,96.90,-36.65,-64.55,403.49,-235.82
20,19,0.15845,-10.56,100.00,-38.57,-64.55,379.03,-235.82
20,20,0.16675,-11.09,102.90,-40.50,-63.60,349.37,-232.35
20,21,0.17529,-11.61,105.60,-42.43,-61.79,315.97,-225.71
20,22,0.18353,-12.14,108.10,-44.36,-64.07,303.40,-234.07
20,23,0.19189,-12.67,110.40,-46.29,-63.14,275.06,-230.66
20,24,0.20001,-13.20,112.50,-48.22,-65.04,258.69,-237.59
20,25,0.20862,-13.73,114.40,-50.15,-61.35,220.78,-224.11
20,26,0.21686,-14.25,116.10,-52.08,-64.07,206.31,-234.07
20,27,0.22577,-14.78,117.60,-54.00,-59.25,168.32,-216.44
20,28,0.23358,-15.31,118.90,-55.93,-67.58,166.39,-246.88
20,29,0.24188,-15.84,120.00,-57.86,-63.60,132.51,-232.35
20,30,0.25012,-16.37,120.90,-59.79,-64.07,109.22,-234.07
20,31,0.25861,-16.89,121.60,-61.72,-62.23,82.51,-227.34
20,32,0.26685,-17.42,122.10,-63.65,-64.07,60.67,-234.07
20,33,0.27527,-17.95,122.40,-65.58,-62.68,35.61,-228.99
20,34,0.28363,-18.48,122.50,-67.50,-63.14,11.95,-230.66
20,35,0.29193,-19.01,122.40,-69.43,-63.60,-12.05,-232.35
20,36,0.30011,-19.53,122.10,-71.36,-64.55,-36.68,-235.82
20,37,0.30865,-20.06,121.60,-73.29,-61.79,-58.53,-225.71
20,38,0.31696,-20.59,120.90,-75.22,-63.60,-84.34,-232.35
20,39,0.32544,-21.12,120.00,-77.15,-62.23,-106.09,-227.34
20,40,0.33374,-21.65,118.90,-79.08,-63.60,-132.53,-232.35
20,41,0.34204,-22.17,117.60,-81.01,-63.60,-156.62,-232.35
20,42,0.35016,-22.70,116.10,-82.93,-65.04,-184.79,-237.59
20,43,0.35870,-23.23,114.40,-84.86,-61.79,-198.96,-225.71
20,44,0.36700,-23.76,112.50,-86.79,-63.60,-228.91,-232.35
20,45,0.37543,-24.29,110.40,-88.72,-62.68,-249.33,-228.99
20,46,0.38373,-24.81,108.10,-90.65,-63.60,-277.09,-232.35
20,47,0.39203,-25.34,105.60,-92.58,-63.60,-301.18,-232.35
20,48,0.40033,-25.87,102.90,-94.51,-63.60,-325.29,-232.35
20,49,0.40869,-26.40,100.00,-96.44,-63.14,-346.83,-230.66
20,50,0.41699,-26.93,96.90,-98.36,-63.60,-373.47,-232.35
20,51,0.42542,-27.45,93.60,-100.29,-62.68,-391.80,-228.99
20,52,0.43365,-27.98,90.10,-102.22,-64.07,-424.78,-234.07
20,53,0.44208,-28.51,86.40,-104.15,-62.68,-439.30,-228.99
20,54,0.45013,-29.04,82.50,-106.08,-65.53,-484.09,-239.39
20,55,0.45868,-29.57,78.40,-108.01,-61.79,-479.83,-225.71
20,56,0.46735,-30.09,74.10,-109.94,-60.92,-496.15,-222.54
20,57,0.47534,-30.62,69.60,-111.87,-66.03,-562.83,-241.22
20,58,0.48376,-31.15,64.90,-113.79,-62.68,-558.02,-228.99
20,59,0.49225,-31.68,60.00,-115.72,-62.23,-577.58,-227.34
20,60,0.50031,-32.21,54.90,-117.65,-65.53,-633.04,-239.39
20,61,0.50867,-32.73,49.60,-119.58,-63.14,-633.85,-230.66
20,62,0.51691,-33.26,44.10,-121.51,-64.07,-667.51,-234.07
20,63,0.52545,-33.79,38.40,-123.44,-61.79,-667.08,-225.71
20,64,0.53369,-34.32,32.50,-125.37,-64.07,-716.06,-234.07
20,65,0.54205,-34.84,26.40,-127.29,-63.14,-729.52,-230.66
20,66,0.55023,-35.37,20.10,-129.22,-64.55,-770.31,-235.82
20,67,0.55859,-35.90,13.60,-131.15,-63.14,-777.36,-230.66
20,68,0.56683,-36.43,6.90,-133.08,-64.07,-813.15,-234.07
20,69,0.57532,-36.96,-0.00,-135.01,-62.23,-813.33,-227.34
20,70,0.58356,-37.48,-7.10,-136.94,-64.07,-861.70,-234.07
20,71,0.59192,-38.01,-14.40,-138.87,-63.14,-873.04,-230.66
20,72,0.60010,-38.54,-21.91,-140.80,-64.55,-917.53,-235.82
20,73,0.60846,-39.07,-29.61,-142.72,-63.14,-920.89,-230.66
20,74,0.61676,-39.60,-37.51,-144.65,-63.60,-951.75,-232.35
20,75,0.62537,-40.12,-45.61,-146.58,-61.35,-941.24,-224.11
20,76,0.63354,-40.65,-53.91,-148.51,-64.55,-1014.87,-235.82
20,77,0.64197,-41.18,-62.41,-150.44,-62.68,-1009.19,-228.99
20,78,0.65015,-41.71,-71.11,-152.37,-64.55,-1063.78,-235.82
20,79,0.65863,-42.24,-80.01,-154.30,-62.23,-1049.08,-227.34
20,80,0.66687,-42.76,-89.11,-156.23,-64.07,-1104.44,-234.07
20,81,0.67542,-43.29,-98.41,-158.15,-61.79,-1088.40,-225.71
20,82,0.68365,-43.82,-107.91,-160.08,-64.07,-1152.99,-234.07
20,83,0.69189,-44.35,-117.61,-162.01,-64.07,-1177.26,-234.07
20,84,0.70020,-44.88,-127.51,-163.94,-63.60,-1192.70,-232.35
20,85,0.70874,-45.40,-137.61,-165.87,-61.79,-1182.03,-225.71
20,86,0.71686,-45.93,-147.91,-167.80,-65.04,-1268.88,-237.59
20,87,0.72546,-46.46,-158.41,-169.73,-61.35,-1220.12,-224.11
20,88,0.73364,-46.99,-169.11,-171.66,-64.55,-1308.31,-235.82
20,89,0.74219,-47.52,-180.01,-173.58,-61.79,-1275.65,-225.71
20,90,0.75049,-48.04,-191.11,-175.51,-63.60,-1337.26,-232.35
20,91,0.75885,-48.57,-202.41,-177.44,-63.14,-1351.42,-230.66
20,92,0.76709,-49.10,-213.91,-179.37,-64.07,-1395.72,-234.07
20,93,0.77557,-49.63,-225.62,-181.30,-62.23,-1379.13,-227.34
20,94,0.78381,-50.16,-237.52,-183.23,-64.07,-1444.27,-234.07
20,95,0.79218,-50.68,-249.62,-185.16,-63.14,-1447.10,-230.66
20,96,0.80048,-51.21,-261.92,-187.08,-63.60,-1481.83,-232.35
20,97,0.80896,-51.74,-274.42,-189.01,-62.23,-1473.43,-227.34
20,98,0.81708,-52.27,-287.12,-190.94,-65.04,-1564.53,-237.59
20,99,0.82556,-52.80,-300.02,-192.87,-62.23,-1520.58,-227.34
20,100,0.83386,-53.32,-313.12,-194.80,-63.60,-1578.21,-232.35
20,101,0.84241,-53.85,-326.42,-196.73,-61.79,-1556.52,-225.71
20,102,0.85065,-54.38,-339.92,-198.66,-64.07,-1638.45,-234.07
20,103,0.85895,-54.91,-353.62,-200.59,-63.60,-1650.49,-232.35
20,104,0.86713,-55.44,-367.52,-202.51,-64.55,-1699.58,-235.82
20,105,0.87567,-55.96,-381.62,-204.44,-61.79,-1650.15,-225.71
20,106,0.88397,-56.49,-395.92,-206.37,-63.60,-1722.78,-232.35
20,107,0.89227,-57.02,-410.42,-208.30,-63.60,-1746.87,-232.35
20,108,0.90057,-57.55,-425.12,-210.23,-63.60,-1770.97,-232.35
20,109,0.90894,-58.07,-440.02,-212.16,-63.14,-1781.96,-230.66
20,110,0.91718,-58.60,-455.12,-214.09,-64.07,-1832.63,-234.07
20,111,0.92578,-59.13,-470.42,-216.02,-61.35,-1777.89,-224.11
20,112,0.93402,-59.66,-485.92,-217.94,-64.07,-1881.18,-234.07
20,113,0.94238,-60.19,-501.62,-219.87,-63.14,-1877.63,-230.66
20,114,0.95056,-60.71,-517.52,-221.80,-64.55,-1944.13,-235.82
20,115,0.95898,-61.24,-533.62,-223.73,-62.68,-1911.52,-228.99
20,116,0.96722,-61.77,-549.92,-225.66,-64.07,-1978.27,-234.07
20,117,0.97589,-62.30,-566.42,-227.59,-60.92,-1903.83,-222.54
20,118,0.98401,-62.83,-583.13,-229.52,-65.04,-2057.29,-237.59
20,119,0.99231,-63.35,-600.03,-231.45,-63.60,-2036.01,-232.35
20,120,1.00055,-63.88,-617.13,-233.37,-64.07,-2075.36,-234.07
20,121,1.00903,-64.41,-634.43,-235.30,-62.23,-2039.21,-227.34
20,122,1.01721,-64.94,-651.93,-237.23,-64.55,-2139.76,-235.82
20,123,1.02582,-65.47,-669.63,-239.16,-61.35,-2056.77,-224.11
20,124,1.03400,-65.99,-687.53,-241.09,-64.55,-2188.67,-235.82
20,125,1.04236,-66.52,-705.63,-243.02,-63.14,-2164.66,-230.66
20,126,1.05048,-67.82,-709.07,-244.56,-160.15,-423.71,-189.47
21,0,0.00000,0.00,0.00,0.00,0.00,0.00,0.00
21,1,0.00836,2.22,13.60,-3.33,265.69,1626.45,-397.81
21,2,0.01678,3.33,20.10,-4.99,131.88,771.72,-197.46
21,3,0.02521,4.44,26.40,-6.65,131.88,747.97,-197.46
21,4,0.03351,5.55,32.50,-8.32,133.82,734.88,-200.37
21,5,0.04175,6.67,38.40,-9.98,134.81,716.04,-201.85
21,6,0.05011,7.78,44.10,-11.64,132.85,681.67,-198.91
21,7,0.05841,8.89,49.60,-13.31,133.82,662.59,-200.37
21,8,0.06689,10.00,54.90,-14.97,130.94,624.72,-196.04
21,9,0.07526,11.11,60.00,-16.63,132.85,609.92,-198.91
21,10,0.08405,12.22,64.90,-18.30,126.39,557.51,-189.24
21,11,0.09253,13.33,69.60,-19.96,130.94,553.99,-196.04
21,12,0.10016,14.44,74.10,-21.62,145.60,589.83,-218.00
21,13,0.10852,15.55,78.40,-23.28,132.85,514.24,-198.91
21,14,0.11694,16.66,82.50,-24.95,131.88,486.78,-197.46
21,15,0.12524,17.77,86.40,-26.61,133.82,469.84,-200.37
21,16,0.13348,18.88,90.10,-28.27,134.81,449.04,-201.85
21,17,0.14178,20.00,93.60,-29.94,133.82,421.65,-200.37
21,18,0.15021,21.11,96.90,-31.60,131.88,391.79,-197.46
21,19,0.15857,22.22,100.00,-33.26,132.85,370.73,-198.91
21,20,0.16693,23.33,102.90,-34.93,132.85,346.82,-198.91
21,21,0.17529,24.44,105.60,-36.59,132.85,322.89,-198.91
21,22,0.18353,25.55,108.10,-38.25,134.81,303.40,-201.85
21,23,0.19183,26.66,110.40,-39.92,133.82,277.08,-200.37
21,24,0.20020,27.77,112.50,-41.58,132.85,251.14,-198.91
21,25,0.20850,28.88,114.40,-43.24,133.82,228.89,-200.37
21,26,0.21698,29.99,116.10,-44.91,130.94,200.37,-196.04
21,27,0.22528,31.10,117.60,-46.57,133.82,180.70,-200.37
21,28,0.23352,32.21,118.90,-48.23,134.81,157.77,-201.85
21,29,0.24194,33.33,120.00,-49.90,131.88,130.59,-197.46
21,30,0.25024,34.44,120.90,-51.56,133.82,108.42,-200.37
21,31,0.25861,35.55,121.60,-53.22,132.85,83.71,-198.91
21,32,0.26697,36.66,122.10,-54.89,132.85,59.79,-198.91
21,33,0.27533,37.77,122.40,-56.55,132.85,35.87,-198.91
21,34,0.28357,38.88,122.50,-58.21,134.81,12.13,-201.85
21,35,0.29187,39.99,122.40,-59.88,133.82,-12.05,-200.37
21,36,0.30017,41.10,122.10,-61.54,133.82,-36.14,-200.37
21,37,0.30853,42.21,121.60,-63.20,132.85,-59.81,-198.91
21,38,0.31696,43.32,120.90,-64.87,131.88,-83.12,-197.46
21,39,0.32532,44.43,120.00,-66.53,132.85,-107.64,-198.91
21,40,0.33350,45.54,118.90,-68.19,135.82,-134.50,-203.36
21,41,0.34186,46.66,117.60,-69.85,132.85,-155.47,-198.91
21,42,0.35028,47.77,116.10,-71.52,131.88,-178.09,-197.46
21,43,0.35852,48.88,114.40,-73.18,134.81,-206.33,-201.85
21,44,0.36707,49.99,112.50,-74.84,130.00,-222.37,-194.64
21,45,0.37537,51.10,110.40,-76.51,133.82,-253.00,-200.37
21,46,0.38416,52.21,108.10,-78.17,126.39,-261.70,-189.24
21,47,0.39185,53.32,105.60,-79.83,144.44,-325.09,-216.27
21,48,0.40021,54.43,102.90,-81.50,132.85,-322.91,-198.91
21,49,0.40857,55.54,100.00,-83.16,132.85,-346.83,-198.91
21,50,0.41705,56.65,96.90,-84.82,130.94,-365.41,-196.04
21,51,0.42548,57.76,93.60,-86.49,131.88,-391.80,-197.46
21,52,0.43365,58.87,90.10,-88.15,135.82,-427.95,-203.36
21,53,0.44202,59.99,86.40,-89.81,132.85,-442.51,-198.91
21,54,0.45032,61.10,82.50,-91.48,133.82,-469.85,-200.37
21,55,0.45862,62.21,78.40,-93.14,133.82,-493.95,-200.37
21,56,0.46704,63.32,74.10,-94.80,131.88,-510.53,-197.46
21,57,0.47559,64.43,69.60,-96.47,130.00,-526.64,-194.64
21,58,0.48370,65.54,64.90,-98.13,136.84,-578.99,-204.89
21,59,0.49200,66.65,60.00,-99.79,133.82,-590.33,-200.37
21,60,0.50037,67.76,54.90,-101.46,132.85,-609.93,-198.91
21,61,0.50873,68.87,49.60,-103.12,132.85,-633.85,-198.91
21,62,0.51709,69.98,44.10,-104.78,132.85,-657.77,-198.91
21,63,0.52551,71.09,38.40,-106.45,131.88,-676.74,-197.46
21,64,0.53369,72.20,32.50,-108.11,135.82,-721.41,-203.36
21,65,0.54205,73.32,26.40,-109.77,132.85,-729.53,-198.91
21,66,0.55035,74.43,20.10,-111.43,133.82,-758.98,-200.37
21,67,0.55878,75.54,13.60,-113.10,131.88,-771.73,-197.46
21,68,0.56720,76.65,6.90,-114.76,131.88,-795.47,-197.46
21,69,0.57550,77.76,-0.00,-116.42,133.82,-831.27,-200.37
21,70,0.58380,78.87,-7.10,-118.09,133.82,-855.37,-200.37
21,71,0.59210,79.98,-14.40,-119.75,133.82,-879.46,-200.37
21,72,0.60052,81.09,-21.90,-121.41,131.88,-890.46,-197.46
21,73,0.60883,82.20,-29.60,-123.08,133.82,-927.64,-200.37
21,74,0.61725,83.31,-37.50,-124.74,131.88,-937.94,-197.46
21,75,0.62555,84.42,-45.61,-126.40,133.82,-975.84,-200.37
21,76,0.63379,85.53,-53.91,-128.07,134.81,-1007.34,-201.85
21,77,0.64209,86.65,-62.41,-129.73,133.82,-1024.02,-200.37
21,78,0.65051,87.76,-71.11,-131.39,131.88,-1032.93,-197.46
21,79,0.65887,88.87,-80.01,-133.06,132.85,-1064.38,-198.91
21,80,0.66730,89.98,-89.11,-134.72,131.88,-1080.42,-197.46
21,81,0.67566,91.09,-98.41,-136.38,132.85,-1112.23,-198.91
21,82,0.68384,92.20,-107.91,-138.05,135.82,-1161.58,-203.36
21,83,0.69220,93.31,-117.61,-139.71,132.85,-1160.06,-198.91
21,84,0.70038,94.42,-127.51,-141.37,135.82,-1210.48,-203.36
21,85,0.70874,95.53,-137.61,-143.04,132.85,-1207.90,-198.91
21,86,0.71710,96.64,-147.91,-144.70,132.85,-1231.82,-198.91
21,87,0.72546,97.75,-158.41,-146.36,132.85,-1255.74,-198.91
21,88,0.73358,98.86,-169.11,-148.03,136.84,-1318.14,-204.89
21,89,0.74194,99.98,-180.01,-149.69,132.85,-1303.57,-198.91
21,90,0.75024,101.09,-191.11,-151.35,133.82,-1337.25,-200.37
21,91,0.75861,102.20,-202.41,-153.02,132.85,-1351.41,-198.91
21,92,0.76703,103.31,-213.91,-154.68,131.88,-1365.36,-197.46
21,93,0.77533,104.42,-225.61,-156.34,133.82,-1409.54,-200.37
21,94,0.78357,105.53,-237.51,-158.00,134.81,-1444.25,-201.85
21,95,0.79187,106.64,-249.61,-159.67,133.82,-1457.72,-200.37
21,96,0.80023,107.75,-261.91,-161.33,132.85,-1471.01,-198.91
21,97,0.80859,108.86,-274.41,-162.99,132.85,-1494.92,-198.91
21,98,0.81696,109.97,-287.11,-164.66,132.85,-1518.84,-198.91
21,99,0.82532,111.08,-300.01,-166.32,132.85,-1542.76,-198.91
21,100,0.83362,112.19,-313.11,-167.98,133.82,-1578.19,-200.37
21,101,0.84204,113.31,-326.41,-169.65,131.88,-1579.08,-197.46
21,102,0.85022,114.42,-339.91,-171.31,135.82,-1650.66,-203.36
21,103,0.85852,115.53,-353.61,-172.97,133.82,-1650.48,-200.37
21,104,0.86700,116.64,-367.51,-174.64,130.94,-1638.43,-196.04
21,105,0.87524,117.75,-381.61,-176.30,134.81,-1711.25,-201.85
21,106,0.88348,118.86,-395.91,-177.96,134.81,-1735.52,-201.85
21,107,0.89203,119.97,-410.41,-179.63,130.00,-1696.95,-194.64
21,108,0.90015,121.08,-425.11,-181.29,136.84,-1810.90,-204.89
21,109,0.90863,122.19,-440.01,-182.95,130.94,-1756.31,-196.04
21,110,0.91705,123.30,-455.11,-184.62,131.88,-1792.78,-197.46
21,111,0.92529,124.41,-470.41,-186.28,134.81,-1856.90,-201.85
21,112,0.93359,125.52,-485.91,-187.94,133.82,-1867.33,-200.37
21,113,0.94189,126.64,-501.61,-189.61,133.82,-1891.43,-200.37
21,114,0.95020,127.75,-517.52,-191.27,133.82,-1915.52,-200.37
21,115,0.95862,128.86,-533.62,-192.93,131.88,-1911.50,-197.46
21,116,0.96741,129.97,-549.92,-194.60,126.39,-1854.62,-189.24
21,117,0.97583,131.08,-566.42,-196.26,131.88,-1959.00,-197.46
21,118,0.98401,132.19,-583.12,-197.92,135.82,-2041.93,-203.36
21,119,0.99231,133.30,-600.02,-199.58,133.82,-2035.99,-200.37
21,120,1.00055,134.41,-617.12,-201.25,134.81,-2075.35,-201.85
21,121,1.00903,135.52,-634.42,-202.91,130.94,-2039.20,-196.04
21,122,1.01746,136.63,-651.92,-204.57,131.88,-2077.72,-197.46
21,123,1.02588,137.76,-669.87,-206.26,133.70,-2131.55,-200.36
21,124,1.03400,138.87,-687.77,-207.93,136.84,-2205.46,-204.89
21,125,1.04236,139.98,-705.88,-209.59,132.85,-2164.99,-198.91
21,126,1.05078,141.09,-724.18,-211.25,131.88,-2173.04,-197.46
21,127,1.05908,142.20,-742.68,-212.92,133.82,-2229.10,-200.37
21,128,1.06757,143.31,-761.39,-214.58,130.94,-2204.56,-196.04
21,129,1.07581,144.42,-780.29,-216.24,134.81,-2294.15,-201.85
21,130,1.08405,145.54,-799.39,-217.90,134.81,-2318.43,-201.85
21,131,1.09241,146.65,-818.70,-219.57,132.85,-2308.50,-198.91
21,132,1.10077,147.76,-838.20,-221.23,132.85,-2332.42,-198.91
21,133,1.10919,148.87,-857.90,-222.89,131.88,-2339.26,-197.46
21,134,1.11774,149.98,-877.81,-224.56,130.00,-2329.25,-194.64
21,135,1.12604,151.09,-897.91,-226.22,133.82,-2421.85,-200.37
21,136,1.13428,152.20,-918.21,-227.88,134.81,-2464.06,-201.85
21,137,1.14264,153.31,-938.72,-229.55,132.85,-2452.01,-198.91
21,138,1.15088,154.42,-959.42,-231.21,134.81,-2512.61,-201.85
21,139,1.15924,155.53,-980.32,-232.87,132.85,-2499.85,-198.91
21,140,1.16779,156.64,-1001.43,-234.54,130.00,-2469.68,-194.64
21,141,1.17596,157.75,-1022.73,-236.20,135.82,-2604.72,-203.36
21,142,1.18420,158.87,-1044.23,-237.86,134.81,-2609.70,-201.85
21,143,1.19257,159.98,-1065.94,-239.53,132.85,-2595.52,-198.91
21,144,1.20099,161.09,-1087.84,-241.19,131.88,-2600.46,-197.46
21,145,1.20941,162.20,-1109.94,-242.85,131.88,-2624.20,-197.46
21,146,1.21765,163.31,-1132.25,-244.52,134.81,-2706.79,-201.85
21,147,1.22601,164.42,-1154.75,-246.18,132.85,-2691.20,-198.91
21,148,1.23425,165.53,-1177.45,-247.84,134.81,-2755.34,-201.85
21,149,1.24261,166.64,-1200.36,-249.51,132.85,-2739.03,-198.91
21,150,1.25116,168.30,-1211.85,-250.22,193.57,-1345.65,-83.21
22,0,0.00000,0.00,0.00,0.00,0.00,0.00,0.00
22,1,0.00848,-2.97,13.60,-2.68,-350.36,1603.05,-315.47
22,2,0.01660,-4.46,20.10,-4.02,-182.71,800.73,-165.04
22,3,0.02435,-5.94,26.40,-5.36,-191.34,812.76,-172.83
22,4,0.03271,-7.42,32.50,-6.70,-177.37,729.52,-160.22
22,5,0.04102,-8.91,38.40,-8.04,-178.68,710.78,-161.40
22,6,0.04987,-10.39,44.10,-9.38,-167.59,644.06,-151.38
22,7,0.05817,-11.87,49.60,-10.71,-178.68,662.59,-161.40
22,8,0.06659,-13.35,54.90,-12.05,-176.09,629.25,-159.06
22,9,0.07446,-14.84,60.00,-13.39,-188.37,647.75,-170.16
22,10,0.08270,-16.32,64.90,-14.73,-180.00,594.68,-162.59
22,11,0.09113,-17.80,69.60,-16.07,-176.09,558.00,-159.06
22,12,0.09979,-19.29,74.10,-17.41,-171.13,519.21,-154.58
22,13,0.10840,-20.77,78.40,-18.75,-172.34,499.66,-155.67
22,14,0.11676,-22.27,82.55,-20.11,-179.56,496.21,-162.04
22,15,0.12451,-23.75,86.45,-21.45,-191.34,502.82,-172.83
22,16,0.13275,-25.24,90.14,-22.79,-180.00,448.75,-162.59
22,17,0.14111,-26.72,93.64,-24.13,-177.37,418.27,-160.22
22,18,0.14978,-28.20,96.94,-25.47,-171.13,380.47,-154.58
22,19,0.15833,-29.69,100.04,-26.81,-173.57,362.50,-156.79
22,20,0.16675,-31.17,102.93,-28.15,-176.09,344.01,-159.06
22,21,0.17450,-32.67,105.65,-29.50,-192.91,350.36,-174.02
22,22,0.18280,-34.15,108.15,-30.83,-178.68,300.71,-161.40
22,23,0.19110,-35.63,110.44,-32.17,-178.68,276.61,-161.40
22,24,0.19989,-37.12,112.54,-33.51,-168.75,238.49,-152.43
22,25,0.20831,-38.60,114.44,-34.85,-176.09,225.11,-159.06
22,26,0.21674,-40.08,116.13,-36.19,-176.09,201.37,-159.06
22,27,0.22455,-41.56,117.63,-37.53,-189.84,191.50,-171.48
22,28,0.23279,-43.05,118.92,-38.87,-180.00,157.30,-162.59
22,29,0.24115,-44.53,120.02,-40.21,-177.37,131.08,-160.22
22,30,0.24988,-46.01,120.92,-41.55,-169.93,102.67,-153.50
22,31,0.25836,-47.50,121.61,-42.89,-174.82,82.05,-157.91
22,32,0.26666,-48.98,122.11,-44.23,-178.68,59.77,-161.40
22,33,0.27448,-50.46,122.40,-45.57,-189.84,37.90,-171.48
22,34,0.28271,-51.95,122.50,-46.91,-180.00,11.66,-162.59
22,35,0.29114,-53.43,122.40,-48.25,-176.09,-12.34,-159.06
22,36,0.29950,-54.91,122.09,-49.59,-177.37,-36.35,-160.22
22,37,0.30774,-56.40,121.59,-50.93,-180.00,-61.16,-162.59
22,38,0.31610,-57.88,120.88,-52.27,-177.37,-84.18,-160.22
22,39,0.32440,-59.36,119.98,-53.61,-178.68,-108.89,-161.40
22,40,0.33282,-60.85,118.88,-54.95,-176.09,-131.07,-159.06
22,41,0.34119,-62.33,117.57,-56.29,-177.37,-155.94,-160.22
22,42,0.34949,-63.81,116.07,-57.63,-178.68,-181.18,-161.40
22,43,0.35779,-65.30,114.36,-58.97,-178.68,-205.27,-161.40
22,44,0.36603,-66.78,112.46,-60.31,-180.00,-231.06,-162.59
22,45,0.37445,-68.26,110.36,-61.65,-176.09,-249.80,-159.06
22,46,0.38269,-69.74,108.05,-62.99,-180.00,-279.62,-162.59
22,47,0.39105,-71.23,105.55,-64.33,-177.37,-299.45,-160.22
22,48,0.39948,-72.71,102.84,-65.67,-176.09,-321.03,-159.06
22,49,0.40796,-74.19,99.94,-67.01,-174.82,-342.29,-157.91
22,50,0.41620,-75.68,96.84,-68.35,-180.00,-376.71,-162.59
22,51,0.42444,-77.16,93.53,-69.69,-180.00,-400.98,-162.59
22,52,0.43280,-78.64,90.03,-71.03,-177.37,-419.05,-160.22
22,53,0.44128,-80.13,86.32,-72.37,-174.82,-436.59,-157.91
22,54,0.44971,-81.61,82.42,-73.71,-176.09,-463.50,-159.06
22,55,0.45819,-83.09,78.32,-75.05,-174.82,-483.73,-157.91
22,56,0.46643,-84.58,74.01,-76.39,-180.00,-522.35,-162.59
22,57,0.47473,-86.06,69.51,-77.73,-178.68,-542.60,-161.40
22,58,0.48303,-87.54,64.80,-79.06,-178.68,-566.69,-161.40
22,59,0.49133,-89.03,59.90,-80.40,-178.68,-590.79,-161.40
22,60,0.49982,-90.51,54.80,-81.74,-174.82,-601.61,-157.91
22,61,0.50867,-91.99,49.49,-83.08,-167.59,-599.32,-151.38
22,62,0.51703,-93.48,43.97,-84.43,-178.10,-660.24,-160.58
22,63,0.52466,-94.96,38.27,-85.77,-194.40,-747.71,-175.60
22,64,0.53296,-96.45,32.36,-87.11,-178.68,-711.33,-161.40
22,65,0.54150,-97.93,26.26,-88.45,-173.57,-714.42,-156.79
22,66,0.54974,-99.41,19.95,-89.79,-180.00,-765.15,-162.59
22,67,0.55847,-100.90,13.45,-91.13,-169.93,-745.26,-153.50
22,68,0.56696,-102.38,6.74,-92.47,-174.82,-790.28,-157.91
22,69,0.57465,-103.86,-0.16,-93.80,-192.86,-897.82,-174.21
22,70,0.58295,-105.35,-7.26,-95.14,-178.68,-855.91,-161.40
22,71,0.59119,-106.83,-14.57,-96.48,-180.00,-886.52,-162.59
22,72,0.60004,-108.31,-22.07,-97.82,-167.59,-847.97,-151.38
22,73,0.60846,-109.80,-29.78,-99.16,-176.09,-914.73,-159.06
22,74,0.61682,-111.28,-37.68,-100.50,-177.37,-945.32,-160.22
22,75,0.62445,-112.76,-45.79,-101.84,-194.40,-1062.29,-175.60
22,76,0.63275,-114.25,-54.09,-103.18,-178.68,-1000.47,-161.40
22,77,0.64117,-115.73,-62.60,-104.52,-176.09,-1009.71,-159.06
22,78,0.64954,-117.21,-71.30,-105.86,-177.37,-1041.00,-160.22
22,79,0.65784,-118.70,-80.21,-107.20,-178.68,-1072.75,-161.40
22,80,0.66608,-120.18,-89.31,-108.54,-180.00,-1104.97,-162.59
22,81,0.67444,-121.66,-98.62,-109.88,-177.37,-1112.76,-160.22
22,82,0.68274,-123.14,-108.12,-111.22,-178.68,-1145.04,-161.40
22,83,0.69116,-124.63,-117.83,-112.56,-176.09,-1152.19,-159.06
22,84,0.69952,-126.11,-127.73,-113.90,-177.37,-1184.51,-160.22
22,85,0.70782,-127.59,-137.83,-115.24,-178.68,-1217.31,-161.40
22,86,0.71613,-129.08,-148.14,-116.58,-178.68,-1241.42,-161.40
22,87,0.72461,-130.56,-158.64,-117.92,-174.82,-1238.20,-157.91
22,88,0.73285,-132.04,-169.35,-119.26,-180.00,-1299.16,-162.59
22,89,0.74127,-133.53,-180.25,-120.60,-176.09,-1294.66,-159.06
22,90,0.74957,-135.01,-191.36,-121.94,-178.68,-1337.79,-161.40
22,91,0.75787,-136.49,-202.66,-123.28,-178.68,-1361.88,-161.40
22,92,0.76611,-137.98,-214.17,-124.62,-180.00,-1396.25,-162.59
22,93,0.77454,-139.46,-225.87,-125.96,-176.09,-1389.64,-159.06
22,94,0.78296,-140.94,-237.78,-127.30,-176.09,-1413.38,-159.06
22,95,0.79138,-142.43,-249.88,-128.64,-176.09,-1437.13,-159.06
22,96,0.79980,-143.91,-262.19,-129.98,-176.09,-1460.87,-159.06
22,97,0.80804,-145.39,-274.69,-131.32,-180.00,-1517.62,-162.59
22,98,0.81635,-146.88,-287.40,-132.66,-178.68,-1530.55,-161.40
22,99,0.82471,-148.36,-300.30,-134.00,-177.37,-1543.29,-160.22
22,100,0.83295,-149.84,-313.41,-135.34,-180.00,-1590.43,-162.59
22,101,0.84125,-151.32,-326.71,-136.68,-178.68,-1602.83,-161.40
22,102,0.84967,-152.81,-340.22,-138.02,-176.09,-1603.35,-159.06
22,103,0.85840,-154.29,-353.92,-139.36,-169.93,-1570.20,-153.50
22,104,0.86682,-155.77,-367.82,-140.70,-176.09,-1650.84,-159.06
22,105,0.87500,-157.26,-381.93,-142.03,-181.34,-1724.57,-163.81
22,106,0.88336,-158.74,-396.23,-143.37,-177.37,-1710.72,-160.22
22,107,0.89178,-160.22,-410.74,-144.71,-176.09,-1722.08,-159.06
22,108,0.90015,-161.71,-425.44,-146.05,-177.37,-1758.57,-160.22
22,109,0.90863,-163.19,-440.35,-147.39,-174.82,-1756.83,-157.91
22,110,0.91693,-164.77,-456.42,-148.82,-190.44,-1936.60,-171.69
22,111,0.92523,-166.25,-471.74,-150.16,-178.68,-1845.31,-161.40
22,112,0.93347,-167.74,-487.26,-151.50,-180.00,-1883.26,-162.59
22,113,0.94171,-169.22,-502.98,-152.84,-180.00,-1907.53,-162.59
22,114,0.95020,-170.70,-518.89,-154.18,-174.82,-1876.21,-157.91
22,115,0.95844,-172.19,-535.01,-155.52,-180.00,-1956.08,-162.59
22,116,0.96674,-173.67,-551.33,-156.86,-178.68,-1965.79,-161.40
22,117,0.97510,-175.15,-567.85,-158.20,-177.37,-1975.35,-160.22
22,118,0.98358,-176.64,-584.56,-159.54,-174.82,-1970.51,-157.91
22,119,0.99182,-178.12,-601.48,-160.88,-180.00,-2053.17,-162.59
22,120,1.00018,-179.60,-618.60,-162.22,-177.37,-2047.11,-160.22
22,121,1.00836,-181.09,-635.92,-163.56,-181.34,-2117.40,-163.81
22,122,1.01678,-182.57,-653.43,-164.90,-176.09,-2079.77,-159.06
22,123,1.02502,-184.05,-671.15,-166.24,-180.00,-2150.26,-162.59
22,124,1.03345,-185.53,-689.07,-167.58,-176.09,-2127.26,-159.06
22,125,1.04193,-187.02,-707.19,-168.91,-174.82,-2135.53,-157.91
22,126,1.05023,-188.50,-725.51,-170.25,-178.68,-2206.73,-161.40
22,127,1.05841,-189.98,-744.02,-171.59,-181.34,-2264.12,-163.81
22,128,1.06671,-191.47,-762.74,-172.93,-178.68,-2254.92,-161.40
22,129,1.07520,-192.95,-781.66,-174.27,-174.82,-2229.83,-157.91
22,130,1.08350,-194.43,-800.78,-175.61,-178.68,-2303.11,-161.40
22,131,1.09180,-195.92,-820.09,-176.95,-178.68,-2327.21,-161.40
22,132,1.10022,-197.40,-839.61,-178.29,-176.09,-2317.22,-159.06
22,133,1.10840,-198.88,-859.33,-179.63,-181.34,-2410.84,-163.81
22,134,1.11676,-200.37,-879.25,-180.97,-177.37,-2381.97,-160.22
22,135,1.12500,-201.85,-899.36,-182.31,-180.00,-2441.53,-162.59
22,136,1.13348,-203.33,-919.68,-183.65,-174.82,-2394.85,-157.91
22,137,1.14185,-204.82,-940.20,-184.99,-177.37,-2453.73,-160.22
22,138,1.15015,-206.30,-960.92,-186.33,-178.68,-2495.87,-161.40
22,139,1.15839,-207.78,-981.83,-187.67,-180.00,-2538.63,-162.59
22,140,1.16681,-209.27,-1002.95,-189.01,-176.09,-2507.18,-159.06
22,141,1.17505,-210.75,-1024.27,-190.35,-180.00,-2587.17,-162.59
22,142,1.18347,-212.23,-1045.79,-191.69,-176.09,-2554.68,-159.06
22,143,1.19189,-213.71,-1067.50,-193.03,-176.09,-2578.42,-159.06
22,144,1.20032,-215.20,-1089.42,-194.37,-176.09,-2602.17,-159.06
22,145,1.20856,-216.68,-1111.54,-195.71,-180.00,-2684.27,-162.59
22,146,1.21704,-218.16,-1133.86,-197.05,-174.82,-2630.60,-157.91
22,147,1.22528,-219.65,-1156.38,-198.39,-180.00,-2732.81,-162.59
22,148,1.23364,-221.13,-1179.09,-199.73,-177.37,-2716.84,-160.22
22,149,1.24213,-222.61,-1202.01,-201.07,-174.82,-2701.32,-157.91
22,150,1.25043,-224.10,-1225.13,-202.41,-178.68,-2785.00,-161.40
22,151,1.25873,-225.58,-1248.45,-203.75,-178.68,-2809.09,-161.40
22,152,1.26697,-227.06,-1271.96,-205.09,-180.00,-2854.18,-162.59
22,153,1.27533,-230.98,-1279.41,-200.94,-467.88,-889.99,496.35
23,0,0.00000,0.00,0.00,0.00,0.00,0.00,0.00
23,1,0.00848,3.94,13.60,-0.67,464.75,1603.05,-79.14
23,2,0.01685,5.91,20.10,-1.01,235.77,777.35,-40.15
23,3,0.02521,7.89,26.40,-1.34,235.77,753.43,-40.15
23,4,0.03345,9.86,32.50,-1.68,239.26,740.32,-40.74
23,5,0.04187,11.83,38.40,-2.01,234.06,700.48,-39.86
23,6,0.05005,13.80,44.10,-2.35,241.04,696.93,-41.04
23,7,0.05859,15.77,49.60,-2.69,230.71,643.66,-39.29
23,8,0.06677,17.74,54.90,-3.02,241.04,648.03,-41.04
23,9,0.07538,19.71,60.00,-3.36,229.08,592.61,-39.01
23,10,0.08362,21.69,64.92,-3.69,240.00,596.71,-40.74
23,11,0.09192,23.66,69.62,-4.03,237.50,566.13,-40.44
23,12,0.10016,25.63,74.12,-4.36,239.26,546.05,-40.74
23,13,0.10864,27.61,78.42,-4.70,232.37,506.76,-39.57
23,14,0.11694,29.58,82.51,-5.04,237.50,493.85,-40.44
23,15,0.12524,31.55,86.41,-5.37,237.50,469.75,-40.44
23,16,0.13354,33.52,90.11,-5.71,237.50,445.66,-40.44
23,17,0.14197,35.49,93.61,-6.04,234.06,415.46,-39.86
23,18,0.15015,37.46,96.91,-6.38,241.04,403.40,-41.04
23,19,0.15869,39.43,100.01,-6.71,230.71,362.71,-39.29
23,20,0.16699,41.45,102.97,-7.06,242.65,356.38,-41.18
23,21,0.17523,43.42,105.66,-7.39,239.26,327.08,-40.74
23,22,0.18353,45.39,108.16,-7.73,237.50,300.58,-40.44
23,23,0.19196,47.36,110.45,-8.06,234.06,272.48,-39.86
23,24,0.20032,49.33,112.55,-8.40,235.77,250.55,-40.15
23,25,0.20868,51.31,114.44,-8.73,235.77,226.63,-40.15
23,26,0.21692,53.28,116.14,-9.07,239.26,205.72,-40.74
23,27,0.22528,55.25,117.63,-9.41,235.77,178.80,-40.15
23,28,0.23358,57.22,118.93,-9.74,237.50,156.01,-40.44
23,29,0.24200,59.19,120.02,-10.08,234.06,130.01,-39.86
23,30,0.25018,61.16,120.92,-10.41,241.04,109.43,-41.04
23,31,0.25873,63.13,121.61,-10.75,230.71,81.34,-39.29
23,32,0.26697,65.11,122.11,-11.08,239.26,60.08,-40.74
23,33,0.27533,67.08,122.40,-11.42,235.77,35.28,-40.15
23,34,0.28345,69.05,122.50,-11.76,242.86,11.71,-41.35
23,35,0.29193,71.02,122.39,-12.09,232.37,-12.37,-39.57
23,36,0.30023,72.99,122.09,-12.43,237.50,-36.74,-40.44
23,37,0.30872,74.96,121.58,-12.76,232.37,-59.52,-39.57
23,38,0.31696,76.93,120.88,-13.10,239.26,-85.56,-40.74
23,39,0.32526,78.91,119.97,-13.43,237.50,-109.02,-40.44
23,40,0.33362,80.88,118.87,-13.77,235.77,-132.15,-40.15
23,41,0.34198,82.85,117.57,-14.11,235.77,-156.07,-40.15
23,42,0.35028,84.82,116.06,-14.44,237.50,-181.31,-40.44
23,43,0.35870,86.79,114.36,-14.78,234.06,-202.42,-39.86
23,44,0.36700,88.76,112.45,-15.11,237.50,-229.50,-40.44
23,45,0.37524,90.73,110.35,-15.45,239.26,-255.47,-40.74
23,46,0.38354,92.71,108.04,-15.78,237.50,-277.68,-40.44
23,47,0.39197,94.68,105.54,-16.12,234.06,-297.41,-39.86
23,48,0.40015,96.65,102.83,-16.46,241.04,-330.74,-41.04
23,49,0.40875,98.62,99.92,-16.79,229.08,-337.56,-39.01
23,50,0.41699,100.59,96.82,-17.13,239.26,-376.83,-40.74
23,51,0.42535,102.56,93.51,-17.46,235.77,-395.25,-40.15
23,52,0.43359,104.53,90.01,-17.80,239.26,-425.38,-40.74
23,53,0.44208,106.51,86.30,-18.13,232.37,-436.71,-39.57
23,54,0.45038,108.51,82.33,-18.48,241.91,-479.25,-41.18
23,55,0.45892,110.49,78.22,-18.81,230.71,-480.83,-39.29
23,56,0.46686,112.46,73.91,-19.15,248.46,-543.03,-42.31
23,57,0.47516,114.43,69.40,-19.48,237.50,-543.16,-40.44
23,58,0.48334,116.40,64.69,-19.82,241.04,-575.73,-41.04
23,59,0.49176,118.37,59.78,-20.15,234.06,-582.78,-39.86
23,60,0.50000,120.34,54.67,-20.49,239.26,-620.01,-40.74
23,61,0.50879,122.31,49.37,-20.83,224.31,-604.01,-38.19
23,62,0.51709,124.29,43.86,-21.16,237.50,-663.64,-40.44
23,63,0.52539,126.26,38.15,-21.50,237.50,-687.73,-40.44
23,64,0.53357,128.23,32.24,-21.83,241.04,-722.45,-41.04
23,65,0.54211,130.20,26.13,-22.17,230.71,-714.89,-39.29
23,66,0.55035,132.17,19.82,-22.50,239.26,-765.64,-40.74
23,67,0.55896,134.14,13.31,-22.84,229.08,-756.31,-39.01
23,68,0.56726,136.11,6.60,-23.18,237.50,-808.32,-40.44
23,69,0.57568,138.09,-0.30,-23.51,234.06,-820.24,-39.86
23,70,0.58374,140.07,-7.46,-23.85,246.59,-888.59,-42.05
23,71,0.59229,142.04,-14.77,-24.19,230.71,-855.50,-39.29
23,72,0.60040,144.02,-22.28,-24.52,242.86,-925.16,-41.35
23,73,0.60907,145.99,-29.99,-24.86,227.46,-889.60,-38.73
23,74,0.61725,147.96,-37.90,-25.19,241.04,-967.16,-41.04
23,75,0.62555,149.93,-46.01,-25.53,237.50,-977.04,-40.44
23,76,0.63379,151.90,-54.32,-25.86,239.26,-1008.55,-40.74
23,77,0.64233,153.87,-62.84,-26.20,230.71,-995.93,-39.29
23,78,0.65051,155.84,-71.55,-26.54,241.04,-1064.98,-41.04
23,79,0.65906,157.84,-80.59,-26.87,233.93,-1058.02,-39.64
23,80,0.66742,159.81,-89.70,-27.21,235.77,-1089.84,-40.15
23,81,0.67566,161.79,-99.01,-27.55,239.26,-1130.27,-40.74
23,82,0.68390,163.76,-108.53,-27.88,239.26,-1154.54,-40.74
23,83,0.69232,165.73,-118.24,-28.22,234.06,-1153.18,-39.86
23,84,0.70050,167.70,-128.15,-28.55,241.04,-1212.06,-41.04
23,85,0.70911,169.67,-138.26,-28.89,229.08,-1175.13,-39.01
23,86,0.71735,171.64,-148.58,-29.22,239.26,-1251.63,-40.74
23,87,0.72565,173.61,-159.09,-29.56,237.50,-1266.52,-40.44
23,88,0.73389,175.59,-169.80,-29.90,239.26,-1300.17,-40.74
23,89,0.74249,177.56,-180.72,-30.23,229.08,-1268.09,-39.01
23,90,0.75055,179.53,-191.83,-30.57,244.70,-1379.37,-41.67
23,91,0.75916,181.50,-203.14,-30.90,229.08,-1314.57,-39.01
23,92,0.76746,183.47,-214.66,-31.24,237.50,-1386.99,-40.44
23,93,0.77582,185.46,-226.50,-31.58,238.32,-1416.47,-40.51
23,94,0.78418,187.44,-238.42,-31.91,235.77,-1424.97,-40.15
23,95,0.79242,189.41,-250.53,-32.25,239.26,-1470.35,-40.74
23,96,0.80066,191.38,-262.85,-32.58,239.26,-1494.63,-40.74
23,97,0.80914,193.35,-275.36,-32.92,232.37,-1475.19,-39.57
23,98,0.81744,195.32,-288.08,-33.26,237.50,-1531.83,-40.44
23,99,0.82574,197.29,-300.99,-33.59,237.50,-1555.92,-40.44
23,100,0.83392,199.26,-314.11,-33.93,241.04,-1603.60,-41.04
23,101,0.84241,201.24,-327.42,-34.26,232.37,-1569.49,-39.57
23,102,0.85065,203.21,-340.94,-34.60,239.26,-1640.27,-40.74
23,103,0.85913,205.18,-354.65,-34.93,232.37,-1616.64,-39.57
23,104,0.86743,207.15,-368.57,-35.27,237.50,-1676.40,-40.44
23,105,0.87592,209.12,-382.69,-35.60,232.37,-1663.79,-39.57
23,106,0.88422,211.10,-397.03,-35.94,237.87,-1727.92,-40.44
23,107,0.89252,213.07,-411.54,-36.28,237.50,-1748.72,-40.44
23,108,0.90070,215.04,-426.26,-36.61,241.04,-1799.28,-41.04
23,109,0.90936,217.01,-441.18,-36.95,227.46,-1720.99,-38.73
23,110,0.91754,219.00,-456.43,-37.29,243.28,-1865.38,-41.42
23,111,0.92578,220.97,-471.75,-37.62,239.26,-1858.99,-40.74
23,112,0.93402,222.94,-487.27,-37.96,239.26,-1883.27,-40.74
23,113,0.94250,224.91,-502.98,-38.29,232.37,-1852.65,-39.57
23,114,0.95068,226.89,-518.90,-38.63,241.04,-1946.23,-41.04
23,115,0.95935,228.86,-535.02,-38.96,227.46,-1859.66,-38.73
23,116,0.96759,230.83,-551.34,-39.30,239.26,-1980.36,-40.74
23,117,0.97571,232.81,-567.90,-39.64,243.61,-2040.21,-41.35
23,118,0.98407,234.78,-584.62,-39.97,235.77,-1999.35,-40.15
23,119,0.99261,236.75,-601.54,-40.31,230.71,-1979.91,-39.29
23,120,1.00085,238.72,-618.65,-40.64,239.26,-2077.52,-40.74
23,121,1.00934,240.58,-620.14,-40.34,218.71,-174.74,35.61
24,0,0.00000,0.00,0.00,0.00,0.00,0.00,0.00
24,1,0.00836,-2.80,13.60,-2.86,-334.31,1626.45,-341.97
24,2,0.01666,-4.19,20.10,-4.29,-168.38,783.07,-172.06
24,3,0.02490,-5.59,26.40,-5.72,-169.63,764.59,-173.33
24,4,0.03326,-6.99,32.50,-7.14,-167.15,729.51,-170.80
24,5,0.04169,-8.39,38.40,-8.57,-165.94,700.48,-169.57
24,6,0.05023,-9.78,44.10,-10.00,-163.57,667.06,-167.14
24,7,0.05853,-11.19,49.63,-11.44,-169.12,666.03,-173.16
24,8,0.06671,-12.59,54.93,-12.87,-170.90,647.90,-174.63
24,9,0.07507,-13.98,60.03,-14.29,-167.15,609.79,-170.80
24,10,0.08350,-15.38,64.93,-15.72,-165.94,581.63,-169.57
24,11,0.09180,-16.78,69.62,-17.15,-168.38,566.08,-172.06
24,12,0.10022,-18.18,74.12,-18.58,-165.94,534.14,-169.57
24,13,0.10858,-19.57,78.42,-20.01,-167.15,514.12,-170.80
24,14,0.11676,-20.98,82.54,-21.44,-171.64,503.16,-175.37
24,15,0.12518,-22.38,86.44,-22.87,-165.94,462.81,-169.57
24,16,0.13354,-23.77,90.13,-24.30,-167.15,442.26,-170.80
24,17,0.14185,-25.18,93.65,-25.74,-169.12,423.66,-173.16
24,18,0.15027,-26.57,96.95,-27.16,-165.94,391.44,-169.57
24,19,0.15869,-27.97,100.04,-28.59,-165.94,367.69,-169.57
24,20,0.16687,-29.38,102.96,-30.03,-171.64,355.88,-175.75
24,21,0.17523,-30.77,105.65,-31.46,-167.15,322.42,-170.80
24,22,0.18359,-32.17,108.15,-32.89,-167.15,298.51,-170.80
24,23,0.19189,-33.57,110.44,-34.31,-168.38,276.60,-172.06
24,24,0.20032,-34.97,112.54,-35.74,-165.94,248.85,-169.57
24,25,0.20868,-36.36,114.44,-37.17,-167.15,226.75,-170.80
24,26,0.21686,-37.78,116.15,-38.62,-173.13,209.51,-176.87
24,27,0.22522,-39.18,117.64,-40.05,-167.15,178.65,-170.80
24,28,0.23352,-40.58,118.94,-41.47,-168.38,155.87,-172.06
24,29,0.24188,-41.97,120.03,-42.90,-167.15,130.81,-170.80
24,30,0.25037,-43.37,120.92,-44.33,-164.75,105.36,-168.35
24,31,0.25873,-44.77,121.62,-45.76,-167.15,82.97,-170.80
24,32,0.26691,-46.17,122.11,-47.19,-170.90,60.38,-174.63
24,33,0.27521,-47.56,122.41,-48.61,-168.38,35.40,-172.06
24,34,0.28357,-48.96,122.50,-50.04,-167.15,11.22,-170.80
24,35,0.29187,-50.36,122.39,-51.47,-168.38,-12.79,-172.06
24,36,0.30035,-51.76,122.09,-52.90,-164.75,-36.09,-168.35
24,37,0.30865,-53.16,121.58,-54.33,-168.38,-60.98,-172.06
24,38,0.31689,-54.55,120.88,-55.76,-169.63,-85.71,-173.33
24,39,0.32526,-55.95,119.97,-57.18,-167.15,-108.37,-170.80
24,40,0.33362,-57.35,118.86,-58.61,-167.15,-132.29,-170.80
24,41,0.34198,-58.75,117.56,-60.04,-167.15,-156.21,-170.80
24,42,0.35034,-60.14,116.05,-61.47,-167.15,-180.13,-170.80
24,43,0.35876,-61.54,114.34,-62.90,-165.94,-202.57,-169.57
24,44,0.36700,-62.95,112.42,-64.34,-171.11,-233.57,-175.19
24,45,0.37524,-64.35,110.31,-65.77,-169.63,-255.84,-173.33
24,46,0.38367,-65.75,108.00,-67.20,-165.94,-274.02,-169.57
24,47,0.39197,-67.14,105.50,-68.62,-168.38,-302.15,-172.06
24,48,0.40039,-68.54,102.79,-70.05,-165.94,-321.51,-169.57
24,49,0.40881,-69.94,99.88,-71.48,-165.94,-345.26,-169.57
24,50,0.41705,-71.34,96.76,-72.92,-170.37,-378.55,-174.07
24,51,0.42529,-72.74,93.45,-74.34,-169.63,-401.56,-173.33
24,52,0.43378,-74.14,89.94,-75.77,-164.75,-413.58,-168.35
24,53,0.44202,-75.54,86.23,-77.20,-169.63,-450.34,-173.70
24,54,0.45044,-76.94,82.31,-78.64,-166.67,-465.54,-170.29
24,55,0.45892,-78.34,78.20,-80.07,-164.75,-484.39,-168.35
24,56,0.46710,-79.74,73.89,-81.50,-170.90,-527.27,-175.00
24,57,0.47534,-81.13,69.38,-82.93,-169.63,-547.30,-173.33
24,58,0.48376,-82.53,64.67,-84.35,-165.94,-559.15,-169.57
24,59,0.49207,-83.93,59.76,-85.78,-168.38,-591.46,-172.06
24,60,0.50037,-85.33,54.65,-87.21,-168.38,-615.56,-172.06
24,61,0.50891,-86.72,49.34,-88.64,-163.57,-621.38,-167.14
24,62,0.51721,-88.15,43.72,-90.10,-172.06,-677.71,-175.74
24,63,0.52551,-89.55,38.00,-91.53,-168.38,-688.34,-172.06
24,64,0.53375,-90.95,32.09,-92.95,-169.63,-717.71,-173.33
24,65,0.54211,-92.35,25.97,-94.38,-167.15,-731.15,-170.80
24,66,0.55048,-93.74,19.66,-95.81,-167.15,-755.08,-170.80
24,67,0.55890,-95.14,13.15,-97.24,-165.94,-773.35,-169.57
24,68,0.56708,-96.54,6.43,-98.67,-170.90,-820.89,-174.63
24,69,0.57526,-97.94,-0.48,-100.09,-170.90,-845.34,-174.63
24,70,0.58368,-99.33,-7.60,-101.52,-165.94,-844.58,-169.57
24,71,0.59180,-100.73,-14.91,-102.95,-172.18,-900.97,-175.94
24,72,0.60010,-102.13,-22.42,-104.38,-168.38,-905.19,-172.06
24,73,0.60858,-103.53,-30.14,-105.81,-164.75,-909.23,-168.35
24,74,0.61694,-104.93,-38.05,-107.24,-167.15,-946.42,-170.80
24,75,0.62537,-106.32,-46.16,-108.66,-165.94,-963.31,-169.57
24,76,0.63361,-107.72,-54.48,-110.09,-169.63,-1008.99,-173.33
24,77,0.64178,-109.12,-62.99,-111.52,-170.90,-1040.97,-174.63
24,78,0.65033,-110.52,-71.71,-112.95,-163.57,-1019.77,-167.14
24,79,0.65869,-111.91,-80.62,-114.38,-167.15,-1066.02,-170.80
24,80,0.66693,-113.31,-89.73,-115.81,-169.63,-1106.08,-173.33
24,81,0.67529,-114.71,-99.05,-117.23,-167.15,-1113.85,-170.80
24,82,0.68359,-116.11,-108.56,-118.66,-168.38,-1146.14,-172.06
24,83,0.69208,-117.50,-118.27,-120.09,-164.75,-1144.98,-168.35
24,84,0.70032,-118.90,-128.19,-121.52,-169.63,-1203.17,-173.33
24,85,0.70880,-120.30,-138.30,-122.95,-164.75,-1192.13,-168.35
24,86,0.71698,-121.70,-148.62,-124.37,-170.90,-1261.06,-174.63
24,87,0.72534,-123.10,-159.13,-125.80,-167.15,-1257.36,-170.80
24,88,0.73389,-124.49,-169.84,-127.23,-163.57,-1253.83,-167.14
24,89,0.74213,-125.89,-180.76,-128.66,-169.63,-1324.54,-173.33
24,90,0.75049,-127.29,-191.87,-130.09,-167.15,-1329.12,-170.80
24,91,0.75873,-128.69,-203.19,-131.52,-169.63,-1373.08,-173.33
24,92,0.76703,-130.08,-214.70,-132.94,-168.38,-1387.08,-172.06
24,93,0.77545,-131.48,-226.41,-134.37,-165.94,-1390.73,-169.57
24,94,0.78394,-132.88,-238.33,-135.80,-164.75,-1404.30,-168.35
24,95,0.79224,-134.28,-250.46,-137.23,-168.38,-1461.13,-172.43
24,96,0.80048,-135.68,-262.77,-138.66,-169.63,-1494.48,-173.33
24,97,0.80884,-137.07,-275.28,-140.09,-167.15,-1496.58,-170.80
24,98,0.81726,-138.47,-288.00,-141.52,-165.94,-1509.48,-169.57
24,99,0.82556,-139.87,-300.91,-142.94,-168.38,-1555.77,-172.06
24,100,0.83392,-141.27,-314.03,-144.37,-167.15,-1568.34,-170.80
24,101,0.84222,-142.66,-327.34,-145.80,-168.38,-1603.96,-172.06
24,102,0.85059,-144.06,-340.85,-147.23,-167.15,-1616.17,-170.80
24,103,0.85901,-145.46,-354.57,-148.66,-165.94,-1628.21,-169.57
24,104,0.86725,-146.86,-368.48,-150.09,-169.63,-1688.66,-173.33
24,105,0.87561,-145.96,-371.27,-154.49,107.30,-332.73,-526.64
25,0,0.00000,0.00,0.00,0.00,0.00,0.00,0.00
25,1,0.00848,3.59,13.60,1.77,422.66,1603.05,208.99
25,2,0.01678,5.38,20.10,2.66,216.18,783.07,106.62
25,3,0.02533,7.17,26.40,3.54,210.00,737.29,103.57
25,4,0.03351,8.97,32.50,4.43,219.40,745.84,108.21
25,5,0.04254,10.76,38.40,5.31,198.65,653.15,97.97
25,6,0.05035,12.60,44.22,6.22,234.77,745.48,116.02
25,7,0.05859,14.39,49.72,7.10,217.78,666.96,107.41
25,8,0.06683,16.19,55.02,7.99,217.78,642.69,107.41
25,9,0.07538,17.98,60.11,8.87,210.00,596.33,103.57
25,10,0.08356,19.78,65.01,9.76,219.40,598.58,108.21
25,11,0.09192,21.57,69.70,10.64,214.60,561.55,105.84
25,12,0.10016,23.36,74.20,11.53,217.78,545.60,107.41
25,13,0.10858,25.16,78.49,12.41,213.04,509.99,105.07
25,14,0.11682,26.95,82.59,13.30,217.78,497.05,107.41
25,15,0.12531,28.75,86.48,14.18,211.51,459.17,104.32
25,16,0.13361,30.54,90.18,15.07,216.18,445.21,106.62
25,17,0.14185,32.34,93.68,15.95,217.78,424.23,107.41
25,18,0.15015,34.13,96.97,16.84,216.18,397.02,106.62
25,19,0.15857,35.93,100.07,17.72,213.04,367.52,105.07
25,20,0.16693,37.72,102.96,18.61,214.60,346.28,105.84
25,21,0.17535,39.51,105.66,19.49,213.04,320.03,105.07
25,22,0.18372,41.31,108.15,20.38,214.60,298.45,105.84
25,23,0.19196,43.10,110.45,21.26,217.78,278.59,107.41
25,24,0.20020,44.90,112.54,22.15,217.78,254.32,107.41
25,25,0.20868,46.69,114.44,23.03,211.51,223.43,104.32
25,26,0.21692,48.49,116.14,23.92,217.78,205.78,107.41
25,27,0.22552,50.28,117.63,24.80,208.51,173.78,102.84
25,28,0.23383,52.08,118.93,25.69,216.18,156.07,106.62
25,29,0.24225,53.87,120.02,26.57,213.04,130.07,105.07
25,30,0.25043,55.66,120.92,27.46,219.40,109.49,108.21
25,31,0.25873,57.46,121.61,28.34,216.18,83.79,106.62
25,32,0.26709,59.25,122.11,29.23,214.60,59.26,105.84
25,33,0.27551,61.05,122.40,30.11,213.04,35.09,105.07
25,34,0.28381,62.84,122.50,31.00,216.18,11.51,106.62
25,35,0.29211,64.64,122.40,31.88,216.18,-12.59,106.62
25,36,0.30048,66.43,122.09,32.77,214.60,-36.41,105.84
25,37,0.30878,68.23,121.59,33.65,216.18,-60.78,106.62
25,38,0.31714,70.02,120.88,34.54,214.60,-84.25,105.84
25,39,0.32556,71.81,119.98,35.42,213.04,-107.39,105.07
25,40,0.33380,73.61,118.87,36.31,217.78,-134.05,107.41
25,41,0.34222,75.40,117.57,37.19,213.04,-154.88,105.07
25,42,0.35046,77.20,116.06,38.08,217.78,-182.59,107.41
25,43,0.35889,78.99,114.36,38.96,213.04,-202.37,105.07
25,44,0.36719,80.79,112.45,39.85,216.18,-229.44,106.62
25,45,0.37567,82.58,110.35,40.73,211.51,-248.06,104.32
25,46,0.38391,84.38,108.05,41.62,217.78,-279.68,107.41
25,47,0.39221,86.17,105.54,42.50,216.18,-301.72,106.62
25,48,0.40051,87.96,102.84,43.39,216.18,-325.82,106.62
25,49,0.40894,89.76,99.93,44.27,213.04,-344.84,105.07
25,50,0.41718,91.55,96.83,45.16,217.78,-376.78,107.41
25,51,0.42572,93.35,93.52,46.04,210.00,-386.73,103.57
25,52,0.43396,95.14,90.02,46.93,217.78,-425.32,107.41
25,53,0.44226,96.94,86.31,47.81,216.18,-446.29,106.62
25,54,0.45062,98.73,82.41,48.70,214.60,-466.95,105.84
25,55,0.45892,100.52,78.30,49.58,216.18,-494.48,106.62
25,56,0.46722,102.32,74.00,50.47,216.18,-518.57,106.62
25,57,0.47571,104.11,69.50,51.35,211.51,-530.95,104.32
25,58,0.48407,105.91,64.79,52.24,214.60,-562.63,105.84
25,59,0.49237,107.71,59.87,53.13,216.91,-593.01,106.99
25,60,0.50061,109.50,54.76,54.01,217.78,-619.59,107.41
25,61,0.50909,111.30,49.46,54.90,211.51,-625.34,104.32
25,62,0.51733,113.09,43.95,55.78,217.78,-668.14,107.41
25,63,0.52588,114.89,38.25,56.67,210.00,-667.68,103.57
25,64,0.53418,116.69,32.30,57.56,217.65,-716.73,107.72
25,65,0.54248,118.49,26.18,58.45,216.18,-736.52,106.99
25,66,0.55084,120.28,19.88,59.34,214.60,-754.26,105.84
25,67,0.55914,122.08,13.37,60.22,216.18,-783.90,106.62
25,68,0.56744,123.87,6.66,61.11,216.18,-808.00,106.62
25,69,0.57593,125.67,-0.24,61.99,211.51,-814.13,104.32
25,70,0.58429,127.46,-7.37,62.88,214.96,-852.80,106.20
25,71,0.59253,129.28,-14.77,63.78,220.37,-897.58,108.89
25,72,0.60089,131.07,-22.28,64.66,214.60,-898.14,105.84
25,73,0.60925,132.87,-29.99,65.55,214.60,-922.06,105.84
25,74,0.61761,134.66,-37.91,66.43,214.60,-946.56,106.20
25,75,0.62604,136.46,-46.02,67.32,213.04,-962.88,105.07
25,76,0.63434,138.25,-54.33,68.20,216.18,-1001.13,106.62
25,77,0.64258,140.05,-62.84,69.09,217.78,-1032.82,107.41
25,78,0.65088,141.84,-71.55,69.97,216.18,-1049.32,106.62
25,79,0.65930,143.63,-80.46,70.86,213.04,-1057.86,105.07
25,80,0.66754,145.45,-89.67,71.76,220.00,-1118.56,108.89
25,81,0.67615,147.24,-98.99,72.64,208.51,-1082.10,102.84
25,82,0.68439,149.04,-108.56,73.53,218.89,-1162.37,108.15
25,83,0.69257,150.84,-118.28,74.42,219.40,-1187.70,108.21
25,84,0.70081,152.63,-128.19,75.30,217.78,-1203.18,107.41
25,85,0.70911,154.43,-138.30,76.19,216.18,-1218.43,106.62
25,86,0.71735,156.22,-148.62,77.07,217.78,-1251.73,107.41
25,87,0.72565,158.02,-159.13,77.96,216.18,-1266.62,106.62
25,88,0.73383,159.81,-169.85,78.84,219.40,-1309.97,108.21
25,89,0.74219,161.61,-180.76,79.73,214.60,-1305.21,105.84
25,90,0.75043,163.40,-191.87,80.61,217.78,-1348.82,107.41
25,91,0.75891,165.19,-203.19,81.50,211.51,-1333.58,104.32
25,92,0.76709,166.99,-214.70,82.38,219.40,-1407.79,108.21
25,93,0.77551,168.78,-226.42,83.27,213.04,-1390.73,105.07
25,94,0.78369,170.57,-231.74,84.14,217.91,-650.53,106.34
26,0,0.00000,0.00,0.00,0.00,0.00,0.00,0.00
26,1,0.00836,-3.30,13.60,-2.26,-394.16,1626.45,-270.44
26,2,0.01740,-4.94,20.10,-3.39,-182.43,719.57,-125.34
26,3,0.02570,-6.59,26.40,-4.53,-198.53,758.97,-136.40
26,4,0.03406,-8.24,32.50,-5.66,-197.08,729.51,-135.40
26,5,0.04211,-9.89,38.40,-6.79,-204.55,732.32,-140.53
26,6,0.05017,-11.54,44.10,-7.92,-204.55,707.50,-140.53
26,7,0.05847,-13.18,49.60,-9.05,-198.53,662.59,-136.40
26,8,0.06738,-14.83,54.90,-10.19,-184.93,594.76,-127.05
26,9,0.07581,-16.52,60.11,-11.34,-200.00,618.37,-137.32
26,10,0.08398,-18.16,65.00,-12.48,-201.49,598.59,-138.43
26,11,0.09192,-19.81,69.70,-13.61,-207.69,591.80,-142.69
26,12,0.10004,-21.46,74.20,-14.74,-203.01,553.81,-139.47
26,13,0.10840,-23.11,78.49,-15.87,-197.08,513.73,-135.40
26,14,0.11731,-24.76,82.59,-17.00,-184.93,459.61,-127.05
26,15,0.12567,-26.40,86.48,-18.14,-197.08,465.89,-135.40
26,16,0.13391,-28.05,90.18,-19.27,-200.00,448.52,-137.41
26,17,0.14172,-29.70,93.67,-20.40,-210.94,447.45,-144.92
26,18,0.14996,-31.35,96.97,-21.53,-200.00,399.97,-137.41
26,19,0.15839,-33.00,100.07,-22.67,-195.65,367.53,-134.42
26,20,0.16718,-34.64,102.96,-23.80,-187.50,329.46,-128.82
26,21,0.17554,-36.29,105.66,-24.93,-197.08,322.38,-135.40
26,22,0.18396,-37.94,108.15,-26.06,-195.65,296.29,-134.42
26,23,0.19177,-39.59,110.45,-27.19,-210.94,293.84,-144.92
26,24,0.20001,-41.24,112.54,-28.33,-200.00,254.33,-137.41
26,25,0.20837,-42.88,114.44,-29.46,-197.08,226.70,-135.40
26,26,0.21735,-44.53,116.14,-30.59,-183.67,188.99,-126.19
26,27,0.22552,-46.18,117.63,-31.72,-201.49,182.87,-138.43
26,28,0.23383,-47.83,118.93,-32.86,-198.53,156.09,-136.40
26,29,0.24170,-49.48,120.02,-33.99,-209.30,139.15,-143.80
26,30,0.25000,-51.12,120.92,-35.12,-198.53,107.90,-136.40
26,31,0.25836,-52.77,121.61,-36.25,-197.08,83.19,-135.40
26,32,0.26715,-54.42,122.11,-37.38,-187.50,56.39,-128.82
26,33,0.27557,-56.07,122.40,-38.52,-195.65,35.10,-134.42
26,34,0.28387,-57.71,122.50,-39.65,-198.53,11.52,-136.40
26,35,0.29169,-59.36,122.40,-40.78,-210.94,-13.36,-144.92
26,36,0.29999,-61.01,122.09,-41.91,-198.53,-36.67,-136.40
26,37,0.30835,-62.66,121.59,-43.05,-197.08,-60.32,-135.40
26,38,0.31714,-64.31,120.88,-44.18,-187.50,-80.15,-128.82
26,39,0.32562,-65.95,119.98,-45.31,-194.24,-106.60,-133.45
26,40,0.33398,-67.60,118.87,-46.44,-197.08,-132.08,-135.40
26,41,0.34167,-69.25,117.57,-47.57,-214.29,-169.61,-147.22
26,42,0.34998,-70.90,116.06,-48.71,-198.53,-181.24,-136.40
26,43,0.35834,-72.55,114.36,-49.84,-197.08,-203.83,-135.40
26,44,0.36731,-74.19,112.46,-50.97,-183.67,-212.26,-126.19
26,45,0.37567,-75.84,110.35,-52.10,-197.08,-251.67,-135.40
26,46,0.38403,-77.49,108.05,-53.23,-197.08,-275.59,-135.40
26,47,0.39172,-79.14,105.54,-54.37,-214.29,-325.66,-147.22
26,48,0.40009,-80.79,102.84,-55.50,-197.08,-323.43,-135.40
26,49,0.40845,-82.43,99.93,-56.63,-197.08,-347.35,-135.40
26,50,0.41736,-84.08,96.83,-57.76,-184.93,-348.38,-127.05
26,51,0.42572,-85.73,93.52,-58.90,-197.08,-395.18,-135.40
26,52,0.43402,-87.38,90.02,-60.03,-198.53,-422.18,-136.40
26,53,0.44202,-89.03,86.32,-61.16,-206.11,-463.31,-141.60
26,54,0.45013,-90.67,82.41,-62.29,-203.01,-480.98,-139.47
26,55,0.45856,-92.36,78.21,-63.45,-200.00,-498.61,-137.32
26,56,0.46741,-94.01,73.90,-64.58,-186.21,-486.89,-127.93
26,57,0.47577,-95.65,69.39,-65.71,-197.08,-539.24,-135.40
26,58,0.48407,-97.30,64.68,-66.85,-198.53,-567.30,-136.40
26,59,0.49194,-98.95,59.78,-67.98,-209.30,-623.48,-143.80
26,60,0.50012,-100.60,54.67,-69.11,-201.49,-624.67,-138.43
26,61,0.50848,-102.25,49.36,-70.24,-197.08,-634.91,-135.40
26,62,0.51740,-103.89,43.85,-71.37,-184.93,-618.22,-127.05
26,63,0.52582,-105.54,38.14,-72.51,-195.65,-677.80,-134.42
26,64,0.53357,-107.19,32.23,-73.64,-212.60,-762.31,-146.06
26,65,0.54199,-108.84,26.12,-74.77,-195.65,-725.29,-134.42
26,66,0.55017,-110.49,19.81,-75.90,-201.49,-771.40,-138.43
26,67,0.55853,-112.13,13.30,-77.04,-197.08,-778.42,-135.40
26,68,0.56689,-113.78,6.59,-78.17,-197.08,-802.34,-135.40
26,69,0.57532,-115.43,-0.31,-79.30,-195.65,-820.27,-134.42
26,70,0.58368,-117.08,-7.42,-80.43,-197.08,-850.18,-135.40
26,71,0.59204,-118.73,-14.73,-81.56,-197.08,-874.10,-135.40
26,72,0.60034,-120.37,-22.24,-82.70,-198.53,-904.62,-136.40
26,73,0.60864,-122.02,-29.95,-83.83,-198.53,-928.71,-136.40
26,74,0.61768,-123.67,-37.86,-84.96,-182.43,-875.55,-125.34
26,75,0.62592,-125.32,-45.97,-86.09,-200.00,-984.14,-137.41
26,76,0.63379,-126.97,-54.28,-87.23,-209.30,-1055.31,-143.80
26,77,0.64215,-128.61,-62.79,-88.36,-197.08,-1017.61,-135.40
26,78,0.65033,-130.26,-71.50,-89.49,-201.49,-1064.85,-138.43
26,79,0.65869,-131.91,-80.40,-90.62,-197.08,-1065.45,-135.40
26,80,0.66699,-133.56,-89.51,-91.75,-198.53,-1097.37,-136.40
26,81,0.67535,-135.21,-98.82,-92.89,-197.08,-1113.28,-135.40
26,82,0.68378,-136.85,-108.33,-94.02,-195.65,-1128.96,-134.42
26,83,0.69220,-138.50,-118.04,-95.15,-195.65,-1152.71,-134.42
26,84,0.70032,-140.15,-127.95,-96.28,-203.01,-1220.68,-139.47
26,85,0.70874,-141.80,-138.06,-97.42,-195.65,-1200.20,-134.42
26,86,0.71704,-143.44,-148.37,-98.55,-198.53,-1241.94,-136.40
26,87,0.72540,-145.09,-158.88,-99.68,-197.08,-1256.80,-135.40
26,88,0.73438,-146.74,-169.59,-100.81,-183.67,-1193.59,-126.19
26,89,0.74231,-148.39,-180.50,-101.94,-207.69,-1374.88,-142.69
26,90,0.75037,-150.04,-191.60,-103.08,-204.55,-1378.88,-140.53
26,91,0.75879,-151.68,-202.91,-104.21,-195.65,-1342.67,-134.42
26,92,0.76703,-153.33,-214.42,-105.34,-200.00,-1396.78,-137.41
26,93,0.77545,-154.98,-226.13,-106.47,-195.65,-1390.16,-134.42
26,94,0.78442,-156.63,-238.04,-107.60,-183.67,-1327.34,-126.19
26,95,0.79224,-157.60,-241.68,-108.91,-124.22,-465.34,-167.19
27,0,0.00000,0.00,0.00,0.00,0.00,0.00,0.00
27,1,0.00830,-2.56,13.60,-3.07,-308.82,1638.41,-369.85
27,2,0.01685,-3.86,20.15,-4.62,-151.43,766.11,-181.07
27,3,0.02515,-5.14,26.45,-6.15,-154.41,758.79,-184.93
27,4,0.03345,-6.42,32.54,-7.69,-154.41,734.70,-184.93
27,5,0.04175,-7.70,38.44,-9.22,-154.41,710.60,-184.93
27,6,0.05017,-8.98,44.14,-10.76,-152.17,676.56,-182.25
27,7,0.05847,-10.27,49.64,-12.29,-154.41,662.42,-184.93
27,8,0.06702,-11.55,54.94,-13.83,-150.00,620.08,-179.64
27,9,0.07532,-12.83,60.04,-15.36,-154.41,614.23,-184.93
27,10,0.08356,-14.11,64.94,-16.90,-155.56,594.51,-186.30
27,11,0.09180,-15.39,69.63,-18.43,-155.56,570.23,-186.30
27,12,0.10028,-16.67,74.13,-19.97,-151.08,530.25,-180.94
27,13,0.10852,-17.96,78.43,-21.50,-155.56,521.68,-186.30
27,14,0.11713,-19.24,82.53,-23.04,-148.94,476.25,-178.37
27,15,0.12531,-20.52,86.43,-24.57,-156.72,476.67,-187.69
27,16,0.13361,-21.80,90.13,-26.11,-154.41,445.57,-184.93
27,17,0.14185,-23.08,93.63,-27.64,-155.56,424.59,-186.30
27,18,0.15045,-24.37,96.92,-29.18,-148.94,383.29,-178.37
27,19,0.15869,-25.65,100.02,-30.71,-155.56,376.05,-186.30
27,20,0.16711,-26.93,102.92,-32.25,-152.17,344.13,-182.25
27,21,0.17535,-28.21,105.62,-33.78,-155.56,327.51,-186.30
27,22,0.18365,-29.49,108.12,-35.32,-154.41,301.00,-184.93
27,23,0.19196,-30.77,110.42,-36.85,-154.41,276.91,-184.93
27,24,0.20038,-32.06,112.51,-38.39,-152.17,249.15,-182.25
27,25,0.20862,-33.34,114.41,-39.92,-155.56,230.41,-186.30
27,26,0.21710,-34.62,116.11,-41.46,-151.08,200.21,-180.94
27,27,0.22540,-35.90,117.61,-42.99,-154.41,180.53,-184.93
27,28,0.23370,-37.18,118.91,-44.53,-154.41,156.43,-184.93
27,29,0.24188,-38.46,120.01,-46.06,-156.72,134.32,-187.69
27,30,0.25037,-39.75,120.91,-47.60,-151.08,105.91,-180.94
27,31,0.25873,-41.03,121.60,-49.13,-153.28,83.54,-183.58
27,32,0.26721,-42.31,122.10,-50.67,-151.08,58.76,-180.94
27,33,0.27545,-43.59,122.40,-52.20,-155.56,36.23,-186.30
27,34,0.28381,-44.87,122.50,-53.74,-153.28,11.78,-183.58
27,35,0.29199,-46.17,122.40,-55.29,-158.96,-12.73,-190.30
27,36,0.30060,-47.45,122.09,-56.83,-148.94,-35.33,-178.37
27,37,0.30865,-48.74,121.59,-58.36,-159.09,-62.57,-190.53
27,38,0.31726,-50.02,120.88,-59.90,-148.94,-81.81,-178.37
27,39,0.32550,-51.30,119.98,-61.43,-155.56,-109.72,-186.30
27,40,0.33374,-52.58,118.88,-62.97,-155.56,-133.99,-186.30
27,41,0.34198,-53.86,117.57,-64.51,-155.56,-158.27,-186.30
27,42,0.35040,-55.15,116.07,-66.04,-152.17,-178.57,-182.25
27,43,0.35870,-56.43,114.36,-67.58,-154.41,-205.29,-184.93
27,44,0.36725,-57.71,112.46,-69.11,-150.00,-222.83,-179.64
27,45,0.37549,-58.99,110.36,-70.65,-155.56,-255.36,-186.30
27,46,0.38373,-60.27,108.05,-72.18,-155.56,-279.63,-186.30
27,47,0.39209,-61.55,105.55,-73.72,-153.28,-299.47,-183.58
27,48,0.40051,-62.84,102.84,-75.25,-152.17,-321.04,-182.25
27,49,0.40875,-64.12,99.94,-76.79,-155.56,-352.45,-186.30
27,50,0.41730,-65.40,96.83,-78.32,-150.00,-363.27,-179.64
27,51,0.42548,-66.68,93.53,-79.86,-156.72,-403.99,-187.69
27,52,0.43390,-67.96,90.03,-81.39,-152.17,-416.03,-182.25
27,53,0.44202,-69.24,86.32,-82.93,-157.89,-456.30,-189.10
27,54,0.45050,-70.53,82.42,-84.46,-151.08,-460.18,-180.94
27,55,0.45880,-71.81,78.31,-86.00,-154.41,-494.43,-184.93
27,56,0.46729,-73.09,74.01,-87.53,-151.08,-507.33,-180.94
27,57,0.47552,-74.37,69.51,-89.07,-155.56,-546.64,-186.30
27,58,0.48383,-75.65,64.80,-90.60,-154.41,-566.71,-184.93
27,59,0.49207,-76.93,59.90,-92.14,-155.56,-595.18,-186.30
27,60,0.50055,-78.22,54.79,-93.67,-151.08,-601.63,-180.94
27,61,0.50879,-79.50,49.49,-95.21,-155.56,-643.73,-186.30
27,62,0.51733,-80.78,43.99,-96.74,-150.00,-644.14,-179.64
27,63,0.52557,-82.06,38.28,-98.28,-155.56,-692.27,-186.30
27,64,0.53381,-83.34,32.38,-99.81,-155.56,-716.55,-186.30
27,65,0.54205,-84.63,26.27,-101.35,-155.56,-740.82,-186.30
27,66,0.55060,-85.91,19.97,-102.88,-150.00,-737.77,-179.64
27,67,0.55884,-87.19,13.46,-104.42,-155.56,-789.36,-186.30
27,68,0.56738,-88.47,6.76,-105.95,-150.00,-784.58,-179.64
27,69,0.57562,-89.75,-0.14,-107.49,-155.56,-837.91,-186.30
27,70,0.58405,-91.03,-7.25,-109.02,-152.17,-843.44,-182.25
27,71,0.59210,-92.32,-14.55,-110.56,-159.09,-906.61,-190.53
27,72,0.60059,-93.60,-22.06,-112.09,-151.08,-884.52,-180.94
27,73,0.60889,-94.88,-29.76,-113.63,-154.41,-928.12,-184.93
27,74,0.61743,-96.16,-37.66,-115.16,-150.00,-925.02,-179.64
27,75,0.62573,-97.44,-45.77,-116.70,-154.41,-976.32,-184.93
27,76,0.63391,-98.72,-54.07,-118.23,-156.72,-1015.35,-187.69
27,77,0.64215,-100.01,-62.58,-119.77,-155.56,-1032.09,-186.30
27,78,0.65070,-101.29,-71.28,-121.30,-150.00,-1018.64,-179.64
27,79,0.65887,-102.57,-80.19,-122.84,-156.72,-1088.70,-187.69
27,80,0.66736,-103.85,-89.29,-124.37,-151.08,-1073.12,-180.94
27,81,0.67566,-105.13,-98.59,-125.91,-154.41,-1120.88,-184.93
27,82,0.68396,-106.41,-108.10,-127.44,-154.41,-1144.98,-184.93
27,83,0.69214,-107.70,-117.80,-128.98,-156.72,-1186.52,-187.69
27,84,0.70068,-108.98,-127.71,-130.51,-150.00,-1159.08,-179.64
27,85,0.70886,-110.26,-137.81,-132.05,-156.72,-1235.43,-187.69
27,86,0.71741,-111.54,-148.12,-133.58,-150.00,-1205.89,-179.64
27,87,0.72565,-112.82,-158.62,-135.12,-155.56,-1274.83,-186.30
27,88,0.73383,-114.11,-169.32,-136.65,-156.72,-1308.79,-187.69
27,89,0.74219,-115.39,-180.23,-138.19,-153.28,-1304.05,-183.58
27,90,0.75073,-116.67,-191.33,-139.72,-150.00,-1299.51,-179.64
27,91,0.75891,-117.95,-202.64,-141.26,-156.72,-1382.16,-187.69
27,92,0.76740,-119.23,-214.14,-142.79,-151.08,-1356.01,-180.94
27,93,0.77545,-120.51,-225.85,-144.33,-159.09,-1452.75,-190.53
27,94,0.78381,-121.80,-237.75,-145.86,-153.28,-1423.65,-183.58
27,95,0.79199,-123.08,-249.85,-147.40,-156.72,-1479.97,-187.69
27,96,0.80048,-124.36,-262.16,-148.93,-151.08,-1450.31,-180.94
27,97,0.80878,-125.64,-274.66,-150.47,-154.41,-1506.40,-184.93
27,98,0.81732,-126.92,-287.37,-152.00,-150.00,-1486.76,-179.64
27,99,0.82550,-128.20,-300.27,-153.54,-156.72,-1577.79,-187.69
27,100,0.83386,-129.49,-313.38,-155.07,-153.28,-1567.16,-183.58
27,101,0.84204,-130.77,-326.68,-156.61,-156.72,-1626.70,-187.69
27,102,0.85046,-132.05,-340.18,-158.14,-152.17,-1603.29,-182.25
27,103,0.85870,-133.33,-353.89,-159.68,-155.56,-1663.19,-186.30
27,104,0.86737,-134.61,-367.79,-161.21,-147.89,-1604.28,-177.11
27,105,0.87555,-135.89,-381.90,-162.75,-156.72,-1724.51,-187.69
27,106,0.88391,-137.18,-396.20,-164.28,-153.28,-1710.67,-183.58
27,107,0.89209,-138.46,-410.71,-165.82,-156.72,-1773.42,-187.69
27,108,0.90063,-139.74,-425.41,-167.35,-150.00,-1720.82,-179.64
27,109,0.90900,-141.02,-440.31,-168.89,-153.28,-1782.43,-183.58
27,110,0.91742,-142.30,-455.42,-170.42,-152.17,-1793.25,-182.25
27,111,0.92566,-143.59,-470.72,-171.96,-155.56,-1857.38,-186.30
27,112,0.93420,-144.87,-486.23,-173.49,-150.00,-1814.45,-179.64
27,113,0.94238,-144.68,-486.72,-175.00,22.39,-60.90,-183.96
