trial,frame,t_s,x_cm,y_cm,z_cm,vx,vy,vz
0,0,0.00000,0.00,0.00,0.00,34.31,3.29,22.26
0,1,0.00821,0.29,0.03,0.19,34.94,3.30,22.68
0,2,0.01724,0.69,0.06,0.45,44.26,4.15,29.39
0,3,0.02493,1.09,0.10,0.72,51.98,5.02,34.52
0,4,0.03333,1.49,0.14,0.98,47.64,4.47,31.64
0,5,0.04163,1.89,0.18,1.25,48.16,4.61,31.99
0,6,0.04996,2.33,0.22,1.57,53.48,5.02,39.19
0,7,0.05817,2.78,0.26,1.90,54.28,5.19,39.78
0,8,0.06662,3.22,0.31,2.23,52.71,4.99,38.63
0,9,0.07498,3.67,0.35,2.55,53.28,5.09,39.05
0,10,0.08401,4.11,0.39,2.88,49.32,4.63,36.15
0,11,0.09164,4.56,0.43,3.21,58.40,5.53,42.80
0,12,0.10001,5.00,0.47,3.53,53.28,5.05,39.05
0,13,0.10828,5.45,0.52,3.86,53.87,5.15,39.48
0,14,0.11716,5.80,0.55,4.18,38.83,3.68,35.74
0,15,0.12488,6.14,0.58,4.50,44.66,4.23,41.11
0,16,0.13339,6.48,0.61,4.81,40.50,3.79,37.28
0,17,0.14166,6.83,0.65,5.13,41.70,4.00,38.38
0,18,0.14999,7.17,0.68,5.45,41.39,3.92,38.10
0,19,0.15826,7.52,0.71,5.76,41.70,3.95,38.38
0,20,0.16669,7.73,0.73,6.05,25.36,2.40,34.06
0,21,0.17551,7.95,0.75,6.34,24.22,2.34,32.53
0,22,0.18335,8.16,0.77,6.63,27.24,2.58,36.58
0,23,0.19156,8.37,0.79,6.91,26.02,2.51,34.94
0,24,0.20004,8.43,0.80,7.14,6.83,0.64,27.34
0,25,0.20834,8.49,0.81,7.38,6.99,0.70,27.94
0,26,0.21667,8.55,0.81,7.61,6.96,0.61,27.84
0,27,0.22498,8.61,0.82,7.84,6.99,0.70,27.94
0,28,0.23407,8.52,0.81,7.99,-9.06,-0.83,16.78
0,29,0.24167,8.44,0.80,8.15,-11.24,-1.07,20.48
0,30,0.25012,8.36,0.79,8.30,-9.75,-0.89,18.05
0,31,0.25839,8.27,0.79,8.45,-10.33,-0.99,18.45
0,32,0.26736,8.14,0.77,8.51,-14.29,-1.33,6.12
0,33,0.27502,8.01,0.76,8.56,-16.73,-1.55,7.17
0,34,0.28348,7.89,0.75,8.62,-15.16,-1.45,6.50
0,35,0.29178,7.76,0.74,8.67,-15.44,-1.43,6.62
0,36,0.30014,7.63,0.73,8.73,-15.33,-1.47,6.57
0,37,0.30838,7.50,0.71,8.78,-15.56,-1.49,6.67
0,38,0.31677,7.42,0.71,8.77,-9.45,-0.87,-1.82
0,39,0.32562,7.34,0.70,8.75,-8.97,-0.87,-1.72
0,40,0.33350,7.26,0.69,8.74,-10.08,-0.93,-1.94
0,41,0.34171,7.19,0.68,8.72,-9.29,-0.90,-2.23
0,42,0.35025,7.19,0.68,8.56,0.36,0.05,-18.57
0,43,0.35843,7.19,0.68,8.40,0.37,0.05,-19.40
0,44,0.36737,7.20,0.68,8.24,0.34,0.04,-17.75
0,45,0.37512,7.20,0.68,8.08,0.39,0.05,-20.47
0,46,0.38354,7.27,0.69,7.83,8.70,0.74,-30.07
0,47,0.39178,7.35,0.70,7.58,8.89,0.80,-30.74
0,48,0.40015,7.42,0.70,7.32,8.76,0.79,-30.29
0,49,0.40842,7.49,0.71,7.07,8.86,0.85,-30.63
0,50,0.41681,7.57,0.72,6.82,8.73,0.88,-30.18
0,51,0.42575,7.64,0.72,6.56,8.19,0.70,-28.33
0,52,0.43353,7.71,0.73,6.31,9.41,0.90,-32.55
0,53,0.44186,7.79,0.74,6.06,8.79,0.79,-30.40
0,54,0.45023,7.86,0.75,5.80,8.76,0.83,-30.29
0,55,0.45853,7.93,0.75,5.55,9.19,0.88,-30.51
0,56,0.46744,8.09,0.77,5.30,17.81,1.65,-28.42
0,57,0.47513,8.25,0.78,5.04,20.63,1.91,-32.94
0,58,0.48419,8.41,0.80,4.79,17.51,1.62,-27.95
0,59,0.49185,8.57,0.81,4.54,20.72,1.97,-33.07
0,60,0.50021,8.73,0.83,4.28,18.98,1.71,-30.29
0,61,0.50848,8.89,0.84,4.03,19.19,1.82,-30.63
0,62,0.51743,9.05,0.86,3.78,17.75,1.69,-28.33
0,63,0.52515,9.20,0.87,3.52,20.55,1.85,-32.81
0,64,0.53354,9.36,0.89,3.27,18.91,1.79,-30.18
0,65,0.54184,9.52,0.90,3.02,19.12,1.77,-30.51
0,66,0.55029,9.68,0.92,2.76,18.77,1.78,-29.96
0,67,0.55850,9.84,0.93,2.51,19.33,1.84,-31.23
0,68,0.56689,10.01,0.95,2.16,20.36,1.88,-41.45
0,69,0.57523,10.18,0.96,1.81,20.51,1.94,-41.76
0,70,0.58429,10.35,0.98,1.46,18.86,1.70,-38.38
0,71,0.59225,10.53,0.99,1.10,22.22,2.05,-45.21
0,72,0.60022,10.71,1.01,0.65,22.99,2.17,-57.09
0,73,0.60858,10.90,1.03,0.19,22.26,2.05,-54.74
0,74,0.61746,11.11,1.05,-0.41,23.71,2.23,-67.35
0,75,0.62540,11.32,1.07,-1.01,26.92,2.43,-75.77
0,76,0.63373,11.56,1.09,-1.75,28.57,2.67,-89.38
0,77,0.64203,11.80,1.11,-2.50,29.04,2.72,-90.07
0,78,0.65033,12.07,1.14,-3.40,32.72,3.01,-108.46
0,79,0.65857,12.34,1.16,-4.30,32.96,2.98,-109.63
0,80,0.66702,12.65,1.19,-5.35,35.74,3.33,-123.47
0,81,0.67581,12.95,1.22,-6.39,34.38,3.16,-119.10
0,82,0.68365,13.28,1.25,-7.60,42.41,3.90,-153.70
0,83,0.69193,13.61,1.28,-8.81,40.22,3.74,-146.13
0,84,0.70032,13.96,1.31,-10.16,41.09,3.77,-160.73
0,85,0.70871,14.30,1.34,-11.51,41.09,3.77,-160.73
0,86,0.71716,14.65,1.37,-12.85,40.79,3.79,-159.57
0,87,0.72540,14.36,1.35,-14.17,-34.81,-3.42,-160.00
0,88,0.73474,13.51,1.27,-15.53,-91.18,-8.67,-145.42
0,89,0.74200,12.84,1.20,-16.97,-92.02,-8.88,-198.32
0,90,0.75043,12.16,1.14,-18.34,-81.52,-7.81,-162.32
0,91,0.75879,11.59,1.08,-19.71,-67.52,-6.44,-164.60
0,92,0.76730,11.07,1.03,-21.09,-61.65,-5.88,-162.01
0,93,0.77542,10.63,0.99,-22.48,-53.76,-5.27,-170.30
0,94,0.78378,10.10,0.94,-23.84,-63.50,-6.06,-162.77
0,95,0.79208,9.74,0.90,-25.20,-42.65,-4.12,-163.97
0,96,0.80042,9.22,0.85,-26.45,-62.64,-6.02,-150.18
0,97,0.80865,8.87,0.82,-27.70,-43.33,-4.17,-151.85
0,98,0.81711,8.45,0.78,-28.86,-48.74,-4.72,-137.18
0,99,0.82593,8.11,0.75,-30.01,-39.10,-3.76,-130.45
0,100,0.83383,7.78,0.71,-31.03,-41.70,-4.00,-128.96
0,101,0.84210,7.49,0.69,-32.03,-35.06,-3.42,-121.40
0,102,0.85049,7.30,0.67,-32.90,-22.55,-2.18,-103.27
0,103,0.85870,7.11,0.65,-33.76,-23.42,-2.26,-104.46
0,104,0.86740,7.09,0.65,-34.50,-2.46,-0.26,-85.26
0,105,0.87540,7.10,0.65,-35.23,2.29,0.14,-90.84
0,106,0.88394,7.09,0.65,-35.77,-1.43,-0.20,-63.93
0,107,0.89209,7.07,0.64,-36.32,-2.25,-0.23,-67.04
0,108,0.90048,7.03,0.64,-36.87,-5.09,-0.50,-65.09
0,109,0.90878,6.95,0.63,-37.40,-10.29,-1.04,-63.97
0,110,0.91718,6.86,0.62,-37.81,-9.82,-0.94,-49.09
0,111,0.92603,6.81,0.62,-38.21,-5.52,-0.57,-45.17
0,112,0.93393,6.71,0.61,-38.50,-12.74,-1.21,-37.45
0,113,0.94214,6.60,0.60,-38.78,-13.75,-1.30,-34.20
0,114,0.95056,6.45,0.58,-38.90,-18.48,-1.83,-14.13
0,115,0.95886,6.26,0.57,-39.01,-22.06,-2.03,-12.50
0,116,0.96725,6.01,0.54,-38.93,-29.82,-2.84,9.09
0,117,0.97556,5.75,0.52,-38.84,-31.25,-2.93,11.03
0,118,0.98456,5.44,0.49,-38.58,-35.25,-3.34,29.15
0,119,0.99222,5.17,0.46,-38.30,-35.06,-3.22,36.25
0,120,1.00052,4.77,0.43,-37.83,-48.16,-4.55,56.25
0,121,1.00885,4.49,0.40,-37.36,-33.33,-3.14,57.14
0,122,1.01770,4.08,0.36,-36.67,-46.21,-4.26,77.24
0,123,1.02557,3.68,0.32,-35.98,-50.39,-4.74,88.37
0,124,1.03387,3.16,0.28,-35.08,-63.24,-5.86,108.09
0,125,1.04221,2.62,0.23,-34.17,-64.10,-5.99,109.52
0,126,1.05057,1.99,0.17,-33.07,-76.28,-7.13,130.66
0,127,1.05893,1.34,0.11,-31.96,-77.74,-7.27,133.21
0,128,1.06726,0.56,0.03,-30.62,-92.67,-8.66,161.17
0,129,1.07611,-0.21,-0.04,-29.28,-87.24,-8.11,151.72
0,130,1.08395,-0.98,-0.11,-27.93,-98.44,-9.15,171.21
0,131,1.09232,-1.75,-0.18,-26.59,-92.34,-8.68,160.95
0,132,1.10077,-2.51,-0.25,-25.21,-89.89,-8.40,162.45
0,133,1.10898,-3.26,-0.32,-23.85,-90.71,-8.38,166.54
0,134,1.11749,-3.84,-0.38,-22.53,-68.46,-6.37,154.48
0,135,1.12561,-4.42,-0.43,-21.22,-71.43,-6.65,160.90
0,136,1.13419,-4.94,-0.48,-20.01,-60.85,-5.66,141.28
0,137,1.14240,-5.46,-0.53,-18.82,-62.83,-5.80,145.35
0,138,1.15070,-5.91,-0.57,-17.85,-54.41,-5.10,116.91
0,139,1.15894,-6.35,-0.61,-16.91,-54.07,-5.07,114.44
0,140,1.16748,-6.72,-0.64,-16.27,-42.50,-3.96,74.29
0,141,1.17633,-7.07,-0.68,-15.66,-40.00,-3.72,68.97
0,142,1.18408,-7.34,-0.70,-15.30,-35.04,-3.31,46.06
0,143,1.19232,-7.60,-0.73,-14.97,-31.85,-2.92,40.74
0,144,1.20078,-7.79,-0.74,-14.89,-21.30,-2.08,9.75
0,145,1.20895,-7.96,-0.76,-14.82,-21.27,-1.94,8.58
0,146,1.21738,-8.05,-0.77,-14.87,-10.87,-1.06,-6.52
0,147,1.22568,-8.14,-0.78,-14.93,-11.03,-0.98,-6.62
0,148,1.23471,-8.23,-0.79,-14.98,-10.14,-1.03,-6.08
0,149,1.24240,-8.32,-0.80,-15.05,-10.71,-1.04,-8.33
0,150,1.25073,-8.29,-0.79,-15.21,2.93,0.29,-19.78
0,151,1.25903,-8.27,-0.79,-15.37,2.94,0.29,-19.85
0,152,1.26764,-8.24,-0.79,-15.54,2.84,0.24,-19.15
1,0,0.00000,0.00,0.00,0.00,25.45,-0.33,31.18
1,1,0.00812,0.22,-0.00,0.27,26.69,-0.35,32.71
1,2,0.01648,0.52,-0.01,0.64,35.77,-0.55,45.26
1,3,0.02490,0.81,-0.01,1.02,35.51,-0.55,44.93
1,4,0.03384,1.11,-0.02,1.40,33.45,-0.51,42.32
1,5,0.04141,1.41,-0.02,1.78,39.52,-0.61,50.00
1,6,0.04987,1.73,-0.03,2.23,37.91,-0.85,53.07
1,7,0.05820,2.05,-0.04,2.68,38.46,-0.91,53.85
1,8,0.06653,2.37,-0.04,3.12,38.46,-0.89,53.85
1,9,0.07474,2.69,-0.05,3.57,39.03,-0.90,54.65
1,10,0.08319,3.02,-0.06,4.02,37.91,-0.87,53.07
1,11,0.09146,3.34,-0.07,4.47,38.75,-0.87,54.24
1,12,0.09982,3.66,-0.07,4.92,38.32,-0.91,53.65
1,13,0.10822,3.98,-0.08,5.37,38.18,-0.86,53.45
1,14,0.11652,4.21,-0.09,5.78,27.57,-1.26,49.26
1,15,0.12469,4.43,-0.10,6.19,27.99,-1.23,50.00
1,16,0.13370,4.66,-0.11,6.59,25.42,-1.14,45.42
1,17,0.14139,4.89,-0.12,7.00,29.76,-1.34,53.17
1,18,0.14999,5.12,-0.13,7.41,26.60,-1.20,47.52
1,19,0.15817,5.35,-0.14,7.82,27.99,-1.26,50.00
1,20,0.16663,5.46,-0.15,8.16,13.36,-1.52,40.07
1,21,0.17474,5.58,-0.17,8.50,13.91,-1.58,41.73
1,22,0.18323,5.69,-0.18,8.84,13.31,-1.52,39.93
1,23,0.19205,5.80,-0.19,9.18,12.80,-1.43,38.41
1,24,0.19992,5.78,-0.21,9.41,-2.33,-1.85,30.23
1,25,0.20813,5.76,-0.22,9.65,-2.23,-1.77,29.00
1,26,0.21655,5.75,-0.24,9.89,-2.17,-1.70,28.26
1,27,0.22546,5.73,-0.25,10.13,-2.05,-1.63,26.71
1,28,0.23328,5.60,-0.27,10.25,-16.41,-1.81,15.23
1,29,0.24149,5.47,-0.28,10.37,-15.61,-1.70,14.50
1,30,0.24994,5.34,-0.29,10.49,-15.16,-1.63,14.08
1,31,0.25818,5.22,-0.31,10.60,-15.56,-1.70,14.44
1,32,0.26663,5.08,-0.32,10.62,-16.61,-1.02,1.44
1,33,0.27490,4.93,-0.32,10.63,-16.97,-1.04,1.48
1,34,0.28391,4.79,-0.33,10.64,-15.59,-0.93,1.36
1,35,0.29163,4.65,-0.34,10.65,-18.18,-1.11,1.58
1,36,0.29996,4.51,-0.35,10.67,-16.85,-1.06,1.47
1,37,0.30823,4.37,-0.36,10.68,-16.97,-1.02,1.48
1,38,0.31671,4.30,-0.36,10.64,-8.27,-0.20,-4.68
1,39,0.32492,4.23,-0.36,10.60,-8.55,-0.21,-4.83
1,40,0.33331,4.16,-0.36,10.56,-8.36,-0.20,-4.73
1,41,0.34213,4.09,-0.37,10.52,-7.96,-0.21,-4.50
1,42,0.35001,4.14,-0.35,10.37,6.59,1.45,-18.99
1,43,0.35828,4.20,-0.34,10.22,6.27,1.38,-18.08
1,44,0.36676,4.25,-0.33,10.07,6.12,1.37,-17.63
1,45,0.37555,4.30,-0.32,9.92,5.90,1.28,-17.01
1,46,0.38339,4.45,-0.30,9.70,19.07,2.62,-27.63
1,47,0.39154,4.60,-0.28,9.49,18.35,2.55,-26.59
1,48,0.40009,4.75,-0.26,9.27,17.50,2.41,-25.36
1,49,0.40823,4.90,-0.24,9.05,18.35,2.55,-26.59
1,50,0.41675,5.05,-0.22,8.84,17.56,2.41,-25.45
1,51,0.42502,5.20,-0.20,8.62,18.08,2.53,-26.20
1,52,0.43335,5.35,-0.17,8.40,17.95,2.47,-26.01
1,53,0.44223,5.50,-0.15,8.19,16.84,2.34,-24.40
1,54,0.45001,5.65,-0.13,7.97,19.22,2.64,-27.84
1,55,0.45831,5.80,-0.11,7.75,18.01,2.50,-26.10
1,56,0.46667,6.02,-0.09,7.56,27.37,2.85,-22.99
1,57,0.47543,6.25,-0.07,7.37,26.13,2.70,-21.95
1,58,0.48337,6.48,-0.04,7.18,28.85,2.98,-24.23
1,59,0.49170,6.71,-0.02,6.99,27.47,2.88,-23.08
1,60,0.50006,6.94,0.01,6.79,27.37,2.81,-22.99
1,61,0.50830,7.17,0.03,6.60,27.78,2.87,-23.33
1,62,0.51672,7.40,0.05,6.41,27.17,2.85,-22.83
1,63,0.52521,7.63,0.08,6.22,26.98,2.79,-22.66
1,64,0.53400,7.86,0.10,6.02,26.04,2.71,-21.88
1,65,0.54169,8.08,0.12,5.83,29.76,3.08,-25.00
1,66,0.55005,8.31,0.15,5.64,27.37,2.87,-22.99
1,67,0.55847,8.54,0.17,5.45,27.17,2.81,-22.83
1,68,0.56686,8.81,0.20,5.17,32.36,3.66,-33.09
1,69,0.57498,9.09,0.23,4.89,33.46,3.86,-34.21
1,70,0.58344,9.36,0.27,4.61,32.13,3.66,-32.85
1,71,0.59171,9.63,0.30,4.34,32.84,3.76,-33.58
1,72,0.60013,9.95,0.34,3.96,37.68,4.64,-44.57
1,73,0.60840,10.26,0.37,3.59,38.38,4.72,-45.39
1,74,0.61691,10.65,0.42,3.09,45.52,5.87,-58.78
1,75,0.62503,11.04,0.47,2.58,47.74,6.20,-62.03
1,76,0.63345,11.50,0.54,1.95,54.35,7.31,-75.00
1,77,0.64236,11.95,0.60,1.32,51.37,6.93,-71.23
1,78,0.65015,12.49,0.67,0.55,69.02,9.46,-98.82
1,79,0.65848,13.03,0.75,-0.23,64.47,8.86,-92.67
1,80,0.66678,13.64,0.83,-1.12,73.53,10.27,-108.09
1,81,0.67526,14.25,0.92,-2.02,71.94,10.00,-105.76
1,82,0.68347,14.94,1.01,-3.06,84.01,11.92,-126.77
1,83,0.69174,15.63,1.11,-4.10,83.39,11.81,-126.20
1,84,0.70020,16.38,1.22,-5.28,88.45,12.87,-138.99
1,85,0.70837,17.12,1.33,-6.45,91.42,13.30,-143.66
1,86,0.71695,17.87,1.44,-7.63,87.19,12.64,-137.01
1,87,0.72528,18.62,1.55,-8.81,89.74,13.08,-141.39
1,88,0.73410,19.34,1.66,-10.06,82.01,12.62,-142.21
1,89,0.74182,20.07,1.77,-11.33,94.86,14.65,-164.43
1,90,0.75021,20.80,1.88,-12.59,86.18,12.54,-149.45
1,91,0.75848,21.52,1.96,-13.84,87.45,10.61,-151.66
1,92,0.76688,22.24,2.04,-15.09,86.18,8.94,-149.45
1,93,0.77521,22.96,2.10,-16.35,86.45,7.53,-150.55
1,94,0.78427,23.60,2.15,-17.61,70.37,5.72,-138.72
1,95,0.79187,24.25,2.20,-18.88,84.74,5.95,-167.47
1,96,0.80026,24.80,2.24,-20.04,66.55,5.02,-138.91
1,97,0.80856,25.36,2.28,-21.21,66.91,5.12,-140.07
1,98,0.81696,25.85,2.33,-22.29,58.55,5.07,-129.09
1,99,0.82532,26.34,2.37,-23.37,58.76,4.94,-128.83
1,100,0.83371,26.76,2.44,-24.32,49.82,8.64,-113.45
1,101,0.84250,27.18,2.48,-25.27,47.22,4.74,-107.64
1,102,0.85028,27.52,2.52,-26.08,44.71,4.58,-104.31
1,103,0.85852,27.87,2.55,-26.88,41.85,4.33,-97.78
1,104,0.86694,28.16,2.58,-27.57,34.78,3.57,-81.52
1,105,0.87518,28.45,2.61,-28.25,35.56,3.66,-82.59
1,106,0.88419,28.67,2.63,-28.76,24.07,2.50,-56.27
1,107,0.89191,28.89,2.66,-29.26,28.06,2.86,-65.61
1,108,0.90030,29.10,2.68,-29.77,25.82,2.68,-60.36
1,109,0.90863,29.32,2.70,-30.27,25.64,2.69,-60.44
1,110,0.91702,29.48,2.72,-30.66,18.91,2.02,-45.82
1,111,0.92517,29.63,2.74,-31.04,19.10,2.12,-46.82
1,112,0.93362,29.74,2.75,-31.32,12.64,1.48,-33.21
1,113,0.94250,29.84,2.76,-31.59,11.68,1.38,-30.93
1,114,0.95026,29.86,2.77,-31.72,1.97,0.85,-16.14
1,115,0.95859,29.87,2.77,-31.84,1.10,0.72,-14.29
1,116,0.96695,29.77,2.77,-31.80,-12.04,0.01,4.38
1,117,0.97543,29.66,2.77,-31.76,-12.59,0.03,5.04
1,118,0.98364,29.43,2.77,-31.57,-28.62,-0.63,23.05
1,119,0.99188,29.18,2.76,-31.38,-29.26,-0.61,23.70
1,120,1.00031,28.79,2.75,-31.02,-47.10,-1.20,42.03
1,121,1.00854,28.38,2.74,-30.66,-48.89,-1.29,43.70
1,122,1.01694,27.81,2.73,-30.14,-68.73,-1.85,62.55
1,123,1.02530,27.22,2.71,-29.61,-70.07,-1.84,63.50
1,124,1.03424,26.45,2.69,-28.92,-86.69,-2.25,77.13
1,125,1.04190,25.66,2.67,-28.22,-102.39,-2.63,90.84
1,126,1.05029,24.72,2.71,-27.38,-112.73,4.04,100.00
1,127,1.05856,23.76,2.66,-26.53,-115.50,-5.33,102.58
1,128,1.06708,22.61,2.61,-25.49,-135.13,-5.53,121.86
1,129,1.07535,21.46,2.55,-24.46,-139.11,-7.34,125.46
1,130,1.08371,20.31,2.47,-23.42,-137.59,-9.89,124.09
1,131,1.09274,19.16,2.36,-22.38,-127.36,-12.42,114.86
1,132,1.10034,17.98,2.22,-21.28,-155.42,-18.85,144.58
1,133,1.10876,16.84,2.09,-20.21,-135.14,-14.76,126.81
1,134,1.11710,15.88,1.98,-19.15,-115.75,-13.77,128.21
1,135,1.12555,14.92,1.86,-18.08,-113.36,-13.49,125.99
1,136,1.13370,14.04,1.76,-17.09,-107.12,-12.92,121.35
1,137,1.14194,13.18,1.65,-16.12,-104.81,-12.58,118.52
1,138,1.15039,12.45,1.57,-15.33,-86.64,-10.12,92.78
1,139,1.15875,11.73,1.48,-14.57,-85.77,-10.00,91.24
1,140,1.16702,11.19,1.43,-14.08,-65.31,-7.02,59.41
1,141,1.17526,10.66,1.37,-13.60,-64.07,-6.88,57.78
1,142,1.18372,10.30,1.33,-13.35,-43.32,-4.19,30.32
1,143,1.19263,9.94,1.30,-13.10,-40.07,-3.80,27.05
1,144,1.20041,9.74,1.29,-13.08,-25.49,-1.57,2.75
1,145,1.20868,9.55,1.28,-13.07,-22.88,-1.37,1.85
1,146,1.21707,9.48,1.28,-13.15,-8.36,0.06,-9.82
1,147,1.22546,9.41,1.28,-13.23,-8.36,0.11,-9.82
1,148,1.23380,9.34,1.28,-13.31,-8.42,0.06,-9.89
1,149,1.24200,9.28,1.28,-13.40,-7.43,0.15,-10.41
1,150,1.25107,9.35,1.29,-13.55,8.08,1.41,-16.50
1,151,1.25888,9.43,1.31,-13.70,9.38,1.62,-19.14
1,152,1.26712,9.50,1.32,-13.85,8.89,1.51,-18.15
2,0,0.00000,0.00,0.00,0.00,36.11,3.36,28.17
2,1,0.00842,0.27,0.03,0.21,32.61,3.12,25.36
2,2,0.01675,0.65,0.06,0.51,45.05,4.27,35.90
2,3,0.02505,1.03,0.10,0.81,45.22,4.28,36.03
2,4,0.03342,1.40,0.13,1.11,44.89,4.25,35.77
2,5,0.04169,1.78,0.17,1.41,45.76,4.34,36.53
2,6,0.05008,2.19,0.21,1.78,49.45,4.74,43.27
2,7,0.05911,2.61,0.25,2.14,45.95,4.36,40.20
2,8,0.06668,3.02,0.29,2.50,54.84,5.20,47.98
2,9,0.07513,3.44,0.33,2.87,49.10,4.65,42.96
2,10,0.08337,3.85,0.37,3.23,50.37,4.78,44.07
2,11,0.09235,4.27,0.41,3.59,46.26,4.39,40.48
2,12,0.10001,4.68,0.45,3.96,54.18,5.19,47.81
2,13,0.10858,5.10,0.48,4.32,48.04,4.51,42.35
2,14,0.11664,5.41,0.51,4.67,39.02,3.75,43.18
2,15,0.12494,5.73,0.54,5.02,37.87,3.55,41.91
2,16,0.13327,6.04,0.57,5.36,37.73,3.62,41.76
2,17,0.14166,6.35,0.60,5.71,37.45,3.60,41.45
2,18,0.15048,6.67,0.63,6.06,35.64,3.38,39.45
2,19,0.15836,6.98,0.66,6.41,39.53,3.75,43.80
2,20,0.16663,7.17,0.68,6.71,22.88,2.17,36.90
2,21,0.17508,7.36,0.70,7.02,22.38,2.12,36.10
2,22,0.18341,7.55,0.72,7.32,22.71,2.20,36.63
2,23,0.19162,7.73,0.73,7.62,22.30,2.16,36.80
2,24,0.19989,7.77,0.74,7.86,4.43,0.37,28.78
2,25,0.20898,7.80,0.74,8.10,4.03,0.42,26.17
2,26,0.21664,7.84,0.75,8.34,4.78,0.45,31.08
2,27,0.22504,7.87,0.75,8.57,4.00,0.38,28.00
2,28,0.23349,7.78,0.74,8.72,-11.55,-1.06,17.33
2,29,0.24246,7.68,0.73,8.87,-10.88,-1.00,16.33
2,30,0.25012,7.58,0.72,9.01,-12.75,-1.22,19.12
2,31,0.25854,7.48,0.71,9.16,-11.59,-1.07,17.03
2,32,0.26682,7.35,0.70,9.20,-16.24,-1.51,5.17
2,33,0.27521,7.21,0.69,9.24,-16.00,-1.53,5.09
2,34,0.28351,7.08,0.67,9.28,-16.18,-1.50,5.15
2,35,0.29187,6.95,0.66,9.33,-16.06,-1.54,5.11
2,36,0.30017,6.81,0.65,9.37,-16.18,-1.55,5.15
2,37,0.30927,6.68,0.64,9.41,-14.43,-1.34,4.70
2,38,0.31686,6.60,0.63,9.39,-10.04,-0.98,-3.21
2,39,0.32523,6.53,0.62,9.37,-9.12,-0.84,-2.55
2,40,0.33356,6.45,0.61,9.34,-9.16,-0.89,-2.56
2,41,0.34247,6.38,0.61,9.32,-8.22,-0.72,-3.08
2,42,0.35016,6.40,0.61,9.16,2.38,0.19,-20.63
2,43,0.35864,6.41,0.61,9.00,2.16,0.17,-18.71
2,44,0.36670,6.43,0.61,8.84,2.27,0.28,-19.70
2,45,0.37506,6.45,0.61,8.68,2.19,0.13,-19.34
2,46,0.38339,6.55,0.62,8.44,11.72,1.11,-29.30
2,47,0.39172,6.65,0.63,8.19,11.72,1.12,-29.30
2,48,0.40097,6.74,0.64,7.95,10.56,0.92,-26.40
2,49,0.40845,6.84,0.65,7.70,13.06,1.24,-32.65
2,50,0.41672,6.94,0.66,7.46,11.81,1.08,-29.52
2,51,0.42517,7.04,0.67,7.21,11.55,1.10,-28.88
2,52,0.43350,7.14,0.68,6.97,11.72,1.07,-29.30
2,53,0.44174,7.23,0.69,6.73,11.85,1.08,-29.63
2,54,0.44998,7.33,0.70,6.48,11.85,1.13,-29.63
2,55,0.45877,7.43,0.71,6.24,11.11,1.02,-27.78
2,56,0.46640,7.61,0.72,6.00,23.60,2.19,-31.60
2,57,0.47479,7.79,0.74,5.76,21.45,2.08,-28.73
2,58,0.48300,7.97,0.76,5.51,21.93,1.99,-29.37
2,59,0.49142,8.15,0.77,5.27,21.38,1.98,-28.62
2,60,0.50031,8.33,0.79,5.03,20.27,1.93,-27.15
2,61,0.50812,8.51,0.81,4.79,23.05,2.14,-30.86
2,62,0.51648,8.69,0.82,4.55,21.53,2.00,-28.83
2,63,0.52484,8.87,0.84,4.31,21.53,2.05,-28.83
2,64,0.53311,9.05,0.86,4.07,21.77,2.02,-29.15
2,65,0.54153,9.23,0.87,3.83,21.38,1.98,-28.62
2,66,0.54980,9.41,0.89,3.59,21.77,2.07,-29.15
2,67,0.55881,9.59,0.91,3.34,20.00,1.86,-27.12
2,68,0.56674,9.79,0.93,3.01,25.38,2.40,-41.92
2,69,0.57532,9.99,0.95,2.68,23.49,2.18,-38.79
2,70,0.58353,10.19,0.96,2.34,24.54,2.27,-40.52
2,71,0.59247,10.39,0.98,2.01,22.53,2.09,-37.54
2,72,0.60025,10.62,1.00,1.57,28.63,2.70,-56.08
2,73,0.60864,10.84,1.02,1.13,26.55,2.46,-52.73
2,74,0.61688,11.10,1.05,0.55,31.85,3.00,-70.00
2,75,0.62531,11.37,1.07,-0.03,31.52,2.88,-69.20
2,76,0.63348,11.67,1.10,-0.75,36.94,3.47,-88.06
2,77,0.64194,11.97,1.13,-1.48,35.74,3.31,-85.92
2,78,0.65085,12.32,1.16,-2.35,39.04,3.62,-97.95
2,79,0.65866,12.67,1.19,-3.23,44.92,4.16,-112.50
2,80,0.66696,13.06,1.23,-4.24,47.06,4.36,-122.06
2,81,0.67529,13.45,1.27,-5.26,46.89,4.39,-122.34
2,82,0.68372,13.89,1.31,-6.43,51.45,4.76,-139.13
2,83,0.69202,14.32,1.35,-7.61,52.57,4.87,-141.91
2,84,0.70047,14.78,1.39,-8.93,54.51,5.01,-155.60
2,85,0.70947,15.24,1.43,-10.24,51.19,4.75,-146.10
2,86,0.71701,15.71,1.48,-11.59,62.35,5.78,-178.54
2,87,0.72546,16.08,1.51,-12.90,43.32,4.03,-155.23
2,88,0.73383,15.31,1.44,-14.21,-92.34,-8.78,-156.57
2,89,0.74286,14.72,1.38,-15.53,-65.20,-6.34,-146.28
2,90,0.75070,14.19,1.33,-16.88,-67.70,-6.46,-172.37
2,91,0.75900,13.67,1.28,-18.21,-61.76,-5.89,-159.93
2,92,0.76718,13.22,1.24,-19.54,-55.97,-5.39,-163.06
2,93,0.77579,12.91,1.21,-20.89,-35.46,-3.48,-156.03
2,94,0.78384,12.47,1.16,-22.21,-54.55,-5.29,-164.39
2,95,0.79224,12.19,1.14,-23.54,-33.09,-3.21,-157.82
2,96,0.80057,11.78,1.10,-24.76,-50.18,-4.78,-146.89
2,97,0.80896,11.50,1.07,-25.98,-32.73,-3.21,-145.82
2,98,0.81720,11.17,1.04,-27.12,-40.37,-3.88,-137.78
2,99,0.82562,10.89,1.01,-28.25,-33.33,-3.26,-134.06
2,100,0.83386,10.63,0.99,-29.24,-31.11,-3.00,-121.11
2,101,0.84241,10.45,0.97,-30.23,-21.07,-2.04,-115.71
2,102,0.85141,10.30,0.95,-31.09,-17.29,-1.72,-94.58
2,103,0.85901,10.19,0.94,-31.94,-13.65,-1.34,-112.85
2,104,0.86725,10.22,0.94,-32.67,2.96,0.20,-88.52
2,105,0.87573,10.26,0.95,-33.39,5.04,0.45,-84.17
2,106,0.88400,10.32,0.95,-33.93,7.38,0.68,-65.31
2,107,0.89240,10.38,0.96,-34.47,7.27,0.63,-64.73
2,108,0.90134,10.34,0.95,-35.00,-5.12,-0.54,-59.73
2,109,0.90906,10.36,0.96,-35.53,2.77,0.25,-67.98
2,110,0.91727,10.34,0.95,-35.93,-2.60,-0.30,-49.07
2,111,0.92566,10.28,0.95,-36.32,-6.91,-0.66,-46.55
2,112,0.93393,10.24,0.94,-36.62,-4.06,-0.43,-35.79
2,113,0.94235,10.21,0.94,-36.90,-4.71,-0.44,-32.97
2,114,0.95062,10.08,0.93,-37.01,-14.76,-1.43,-14.39
2,115,0.95938,9.98,0.92,-37.12,-12.20,-1.14,-11.50
2,116,0.96713,9.78,0.90,-37.05,-25.59,-2.39,8.27
2,117,0.97549,9.59,0.88,-36.97,-21.90,-2.09,9.85
2,118,0.98380,9.32,0.86,-36.72,-33.46,-3.13,29.41
2,119,0.99228,9.11,0.84,-36.47,-24.46,-2.32,30.58
2,120,1.00058,8.80,0.81,-36.03,-36.76,-3.38,52.21
2,121,1.00900,8.48,0.78,-35.58,-38.04,-3.59,53.99
2,122,1.01715,8.04,0.74,-34.93,-54.31,-5.12,79.03
2,123,1.02557,7.58,0.69,-34.27,-54.35,-5.04,78.99
2,124,1.03369,6.99,0.64,-33.42,-73.68,-6.90,104.51
2,125,1.04218,6.37,0.58,-32.55,-72.30,-6.73,102.16
2,126,1.05045,5.64,0.51,-31.52,-88.19,-8.26,125.09
2,127,1.05960,4.90,0.44,-30.46,-81.33,-7.62,115.67
2,128,1.06711,4.01,0.36,-29.19,-117.89,-10.99,169.51
2,129,1.07556,3.13,0.28,-27.91,-104.69,-9.81,150.54
2,130,1.08386,2.24,0.20,-26.64,-106.62,-9.94,153.31
2,131,1.09247,1.36,0.11,-25.37,-102.84,-9.63,148.23
2,132,1.10043,0.48,0.03,-24.06,-109.96,-10.30,163.60
2,133,1.10898,-0.38,-0.05,-22.77,-100.36,-9.35,151.79
2,134,1.11722,-1.07,-0.11,-21.51,-84.44,-7.89,152.96
2,135,1.12561,-1.76,-0.18,-20.25,-81.82,-7.64,149.09
2,136,1.13388,-2.38,-0.24,-19.09,-75.28,-6.98,140.59
2,137,1.14221,-2.99,-0.29,-17.95,-73.63,-6.87,136.63
2,138,1.15143,-3.53,-0.34,-17.02,-57.95,-5.41,100.99
2,139,1.15891,-4.05,-0.39,-16.13,-69.80,-6.52,119.59
2,140,1.16718,-4.46,-0.43,-15.53,-50.18,-4.68,72.69
2,141,1.17560,-4.87,-0.47,-14.95,-47.83,-4.51,68.12
2,142,1.18381,-5.17,-0.50,-14.62,-36.43,-3.40,40.52
2,143,1.19229,-5.45,-0.52,-14.32,-33.81,-3.16,35.97
2,144,1.20053,-5.64,-0.54,-14.25,-22.59,-2.11,8.15
2,145,1.20972,-5.82,-0.56,-14.20,-19.27,-1.84,5.65
2,146,1.21729,-5.91,-0.57,-14.26,-11.69,-1.14,-8.47
2,147,1.22565,-5.99,-0.57,-14.32,-10.58,-0.94,-7.66
2,148,1.23398,-6.08,-0.58,-14.39,-10.62,-1.03,-7.69
2,149,1.24249,-6.16,-0.59,-14.46,-8.60,-0.80,-8.60
2,150,1.25058,-6.12,-0.59,-14.62,4.91,0.43,-20.00
2,151,1.25894,-6.08,-0.58,-14.79,4.74,0.46,-19.34
2,152,1.26721,-6.04,-0.58,-14.95,4.80,0.37,-19.56
3,0,0.00000,0.00,0.00,0.00,38.06,8.83,-17.54
3,1,0.00845,0.31,0.07,-0.14,36.82,8.23,-16.97
3,2,0.01675,0.75,0.16,-0.34,52.94,11.37,-23.53
3,3,0.02527,1.19,0.25,-0.53,51.61,10.30,-22.94
3,4,0.03394,1.63,0.33,-0.73,50.70,9.58,-22.54
3,5,0.04175,2.07,0.41,-0.92,56.25,10.01,-25.00
3,6,0.05011,2.58,0.50,-1.12,61.31,9.89,-23.72
3,7,0.05859,3.09,0.57,-1.32,60.43,8.99,-23.38
3,8,0.06674,3.61,0.64,-1.52,62.92,8.58,-24.34
3,9,0.07535,4.12,0.71,-1.72,59.57,7.37,-23.05
3,10,0.08356,4.63,0.76,-1.92,62.45,7.01,-24.16
3,11,0.09253,5.15,0.81,-2.11,57.14,5.67,-22.11
3,12,0.10083,5.67,0.86,-2.32,62.87,5.64,-24.63
3,13,0.10870,6.19,0.91,-2.52,66.28,5.81,-25.58
3,14,0.11700,6.64,0.94,-2.64,54.78,4.57,-14.34
3,15,0.12543,7.10,0.98,-2.76,53.99,4.59,-14.13
3,16,0.13428,7.55,1.02,-2.88,51.38,4.28,-13.45
3,17,0.14212,8.01,1.09,-3.00,57.98,8.83,-15.18
3,18,0.15045,8.46,1.13,-3.12,54.58,5.14,-14.29
3,19,0.15894,8.91,1.17,-3.23,53.24,4.95,-13.67
3,20,0.16714,9.27,1.20,-3.26,43.49,3.61,-3.35
3,21,0.17560,9.63,1.24,-3.29,42.24,3.63,-3.25
3,22,0.18378,9.99,1.27,-3.31,43.66,3.69,-3.36
3,23,0.19287,10.34,1.30,-3.34,38.93,3.32,-2.35
3,24,0.20120,10.57,1.31,-3.26,27.84,1.62,9.16
3,25,0.20905,10.80,1.32,-3.18,29.18,1.89,9.73
3,26,0.21729,11.03,1.34,-3.11,27.78,1.80,9.26
3,27,0.22571,11.25,1.35,-3.03,26.09,1.65,9.42
3,28,0.23462,11.33,1.35,-2.87,9.59,-0.21,17.12
3,29,0.24301,11.42,1.35,-2.72,10.18,-0.10,18.55
3,30,0.25082,11.51,1.35,-2.57,10.94,-0.06,19.53
3,31,0.25919,11.58,1.35,-2.41,9.12,-0.20,18.25
3,32,0.26758,11.56,1.34,-2.27,-2.91,-0.87,16.73
3,33,0.27597,11.53,1.33,-2.13,-2.91,-1.05,16.73
3,34,0.28485,11.51,1.32,-1.99,-2.75,-0.99,15.81
3,35,0.29263,11.48,1.31,-1.85,-3.14,-1.13,18.04
3,36,0.30151,11.46,1.30,-1.71,-2.75,-1.03,15.81
3,37,0.30945,11.43,1.30,-1.58,-3.46,-1.09,16.92
3,38,0.31760,11.38,1.30,-1.52,-6.74,0.12,7.12
3,39,0.32602,11.32,1.29,-1.46,-6.52,-0.84,6.88
3,40,0.33484,11.27,1.28,-1.40,-6.23,-0.84,6.57
3,41,0.34348,11.20,1.28,-1.36,-7.42,-0.86,4.95
3,42,0.35120,11.07,1.27,-1.45,-17.39,-0.85,-11.86
3,43,0.35950,10.94,1.26,-1.54,-15.81,-0.78,-10.66
3,44,0.36780,10.81,1.26,-1.63,-15.81,-0.82,-10.66
3,45,0.37637,10.67,1.26,-1.73,-16.01,0.18,-11.74
3,46,0.38513,10.49,1.26,-1.93,-19.86,0.14,-22.65
3,47,0.39362,10.32,1.25,-2.13,-20.86,-0.75,-23.74
3,48,0.40140,10.14,1.25,-2.33,-22.35,-0.83,-25.49
3,49,0.40973,9.97,1.24,-2.53,-20.88,-0.73,-23.81
3,50,0.41812,9.80,1.23,-2.73,-20.73,-0.73,-23.64
3,51,0.42651,9.62,1.23,-2.92,-20.73,-0.73,-23.64
3,52,0.43521,9.45,1.22,-3.12,-20.00,-0.71,-22.81
3,53,0.44315,9.27,1.21,-3.32,-21.92,-0.78,-25.00
3,54,0.45200,9.10,1.21,-3.52,-19.66,-0.74,-22.41
3,55,0.45993,8.93,1.20,-3.73,-21.15,-0.63,-26.54
3,56,0.46829,8.80,1.20,-4.00,-15.69,0.14,-32.12
3,57,0.47656,8.67,1.20,-4.27,-15.87,0.01,-32.47
3,58,0.48508,8.54,1.20,-4.53,-15.41,-0.05,-31.54
3,59,0.49329,8.41,1.20,-4.80,-15.99,-0.20,-32.71
3,60,0.50223,8.28,1.20,-5.07,-14.68,-0.36,-30.03
3,61,0.50995,8.15,1.19,-5.34,-17.00,-0.64,-35.18
3,62,0.51837,8.01,1.19,-5.61,-15.58,-0.84,-31.88
3,63,0.52670,7.88,1.18,-5.88,-15.75,-1.06,-32.23
3,64,0.53513,7.75,1.17,-6.15,-15.58,-1.25,-31.88
3,65,0.54422,7.62,1.16,-6.42,-14.43,-1.35,-29.53
3,66,0.55179,7.48,1.14,-6.70,-18.15,-1.82,-37.50
3,67,0.56024,7.34,1.13,-6.99,-17.33,-1.68,-33.57
3,68,0.56873,7.14,1.11,-7.32,-23.74,-2.20,-39.21
3,69,0.57703,6.93,1.09,-7.65,-24.26,-2.39,-40.07
3,70,0.58542,6.73,1.07,-7.98,-24.00,-2.23,-39.64
3,71,0.59375,6.51,1.06,-8.33,-26.37,-0.87,-41.76
3,72,0.60254,6.23,1.04,-8.73,-32.29,-2.73,-45.49
3,73,0.61087,5.92,1.01,-9.15,-37.00,-3.63,-50.55
3,74,0.61862,5.53,0.97,-9.65,-50.39,-4.58,-64.57
3,75,0.62704,5.11,0.93,-10.17,-49.28,-4.95,-61.96
3,76,0.63541,4.61,0.88,-10.78,-59.85,-5.81,-71.90
3,77,0.64435,4.09,0.83,-11.40,-58.70,-6.15,-69.97
3,78,0.65210,3.48,0.76,-12.11,-79.13,-8.22,-91.73
3,79,0.66107,2.84,0.69,-12.85,-71.09,-7.77,-81.97
3,80,0.66888,2.10,0.61,-13.68,-94.14,-11.39,-106.64
3,81,0.67731,1.35,0.50,-14.52,-88.77,-12.26,-100.00
3,82,0.68549,0.52,0.37,-15.45,-102.61,-15.83,-113.43
3,83,0.69467,-0.35,0.22,-16.40,-94.35,-16.44,-103.32
3,84,0.70221,-1.32,0.03,-17.43,-129.15,-24.93,-137.25
3,85,0.71069,-2.28,-0.17,-18.45,-112.59,-24.52,-119.78
3,86,0.71902,-3.23,-0.40,-19.47,-114.65,-27.34,-121.98
3,87,0.72757,-4.21,-0.66,-20.48,-114.29,-29.74,-118.57
3,88,0.73578,-5.25,-0.95,-21.49,-126.39,-35.76,-123.05
3,89,0.74429,-6.29,-1.26,-22.50,-121.86,-36.29,-118.64
3,90,0.75323,-7.32,-1.56,-23.51,-116.04,-33.67,-112.97
3,91,0.76157,-8.40,-1.87,-24.56,-128.57,-36.92,-125.64
3,92,0.76932,-9.43,-2.17,-25.57,-133.86,-38.43,-130.71
3,93,0.77765,-10.48,-2.46,-26.56,-125.27,-35.96,-118.32
3,94,0.78589,-11.54,-2.77,-27.49,-128.52,-37.07,-112.96
3,95,0.79489,-12.58,-3.07,-28.39,-115.59,-33.33,-100.00
3,96,0.80264,-13.57,-3.36,-29.22,-127.95,-36.89,-107.09
3,97,0.81165,-14.54,-3.64,-30.02,-108.14,-31.17,-89.15
3,98,0.81937,-15.48,-3.90,-30.77,-120.95,-34.65,-97.23
3,99,0.82776,-16.37,-4.16,-31.48,-106.55,-30.71,-85.09
3,100,0.83603,-17.19,-4.39,-32.13,-98.89,-28.11,-77.49
3,101,0.84503,-17.97,-4.62,-32.73,-86.78,-25.18,-67.46
3,102,0.85291,-18.68,-4.83,-33.29,-90.70,-26.13,-70.16
3,103,0.86127,-19.35,-5.02,-33.80,-79.20,-22.62,-60.95
3,104,0.86945,-19.94,-5.19,-34.25,-72.39,-20.85,-55.60
3,105,0.87793,-20.48,-5.34,-34.66,-63.67,-18.33,-48.92
3,106,0.88623,-20.91,-5.47,-35.00,-52.57,-15.24,-40.44
3,107,0.89490,-21.35,-5.59,-35.34,-50.35,-14.41,-38.73
3,108,0.90363,-21.79,-5.72,-35.67,-50.00,-14.31,-38.46
3,109,0.91138,-22.19,-5.74,-35.98,-52.36,-2.25,-39.76
3,110,0.91965,-22.53,-5.77,-36.23,-40.22,-4.63,-29.89
3,111,0.92807,-22.83,-5.79,-36.45,-35.87,-1.48,-26.45
3,112,0.93640,-23.07,-5.80,-36.62,-29.67,-1.27,-20.88
3,113,0.94498,-23.28,-5.81,-36.75,-23.49,-1.00,-14.95
3,114,0.95367,-23.39,-5.81,-36.80,-13.68,-0.71,-5.26
3,115,0.96161,-23.47,-5.82,-36.79,-9.23,-0.55,0.77
3,116,0.96997,-23.46,-5.82,-36.69,1.46,-0.26,12.77
3,117,0.97827,-23.40,-5.82,-36.52,6.25,-0.11,19.85
3,118,0.98648,-23.28,-5.82,-36.25,15.24,0.05,33.46
3,119,0.99515,-23.11,-5.82,-35.90,19.37,0.12,39.44
3,120,1.00409,-22.87,-5.82,-35.43,27.30,0.29,52.90
3,121,1.01178,-22.56,-5.81,-34.84,40.48,0.42,77.38
3,122,1.02002,-22.19,-5.81,-34.15,44.44,0.50,83.70
3,123,1.02847,-21.78,-5.69,-33.36,48.74,14.12,93.14
3,124,1.03671,-21.30,-5.57,-32.44,57.78,13.92,111.85
3,125,1.04523,-20.78,-5.42,-31.43,60.93,17.54,118.28
3,126,1.05344,-20.20,-5.26,-30.30,70.63,20.55,137.17
3,127,1.06259,-19.56,-5.07,-29.08,69.67,20.26,134.00
3,128,1.07077,-18.84,-4.86,-27.68,89.18,25.74,170.52
3,129,1.07861,-18.12,-4.65,-26.31,91.83,26.50,175.10
3,130,1.08701,-17.40,-4.44,-24.94,85.82,24.96,163.64
3,131,1.09537,-16.66,-4.23,-23.56,87.59,25.28,164.60
3,132,1.10428,-15.91,-4.01,-22.18,84.25,24.49,154.79
3,133,1.11197,-15.14,-3.79,-20.88,100.00,29.04,169.05
3,134,1.12036,-14.35,-3.56,-19.68,94.91,27.34,142.91
3,135,1.12878,-13.57,-3.34,-18.53,92.03,26.69,136.96
3,136,1.13699,-12.83,-3.12,-17.44,90.71,26.11,132.71
3,137,1.14560,-12.16,-2.93,-16.43,78.01,22.45,117.38
3,138,1.15375,-11.58,-2.76,-15.52,70.79,20.54,110.86
3,139,1.16275,-11.10,-2.62,-14.73,52.88,15.36,88.14
3,140,1.17108,-10.76,-2.52,-14.08,41.39,12.15,78.39
3,141,1.17896,-10.50,-2.45,-13.53,32.95,9.51,69.38
3,142,1.18735,-10.34,-2.40,-13.11,18.55,5.35,49.82
3,143,1.19559,-10.27,-2.38,-12.79,8.89,2.55,38.89
3,144,1.20447,-10.30,-2.39,-12.59,-3.09,-0.91,22.34
3,145,1.21234,-10.35,-2.41,-12.46,-7.36,-2.16,16.67
3,146,1.22125,-10.45,-2.43,-12.41,-10.62,-2.92,5.48
3,147,1.22916,-10.55,-2.46,-12.37,-12.36,-3.41,6.18
3,148,1.23727,-10.64,-2.49,-12.32,-11.65,-3.41,6.02
3,149,1.24570,-10.75,-2.52,-12.34,-13.04,-3.63,-3.26
3,150,1.25461,-10.88,-2.55,-12.45,-14.04,-4.12,-12.33
3,151,1.26236,-11.00,-2.59,-12.56,-16.14,-4.53,-14.17
3,152,1.27075,-11.13,-2.63,-12.67,-14.91,-4.56,-13.09
4,0,0.00000,0.00,0.00,0.00,42.75,4.07,-4.96
4,1,0.00854,0.34,0.03,-0.04,40.00,3.76,-4.64
4,2,0.01685,0.82,0.08,-0.09,57.72,5.40,-6.25
4,3,0.02536,1.30,0.12,-0.14,56.27,5.27,-6.09
4,4,0.03326,1.78,0.17,-0.20,60.62,5.73,-6.56
4,5,0.04153,2.26,0.21,-0.25,57.93,5.47,-6.27
4,6,0.05005,2.81,0.26,-0.28,64.52,6.10,-3.58
4,7,0.05872,3.36,0.32,-0.31,63.38,5.99,-3.52
4,8,0.06699,3.91,0.37,-0.34,66.42,6.28,-3.69
4,9,0.07498,4.46,0.42,-0.37,68.70,6.45,-3.82
4,10,0.08347,5.00,0.47,-0.40,64.75,6.16,-3.60
4,11,0.09164,5.55,0.52,-0.43,67.16,6.30,-3.73
4,12,0.09995,6.10,0.58,-0.46,66.18,6.26,-3.68
4,13,0.10834,6.65,0.63,-0.49,65.45,6.19,-3.64
4,14,0.11664,7.12,0.67,-0.46,56.62,5.36,3.31
4,15,0.12482,7.59,0.72,-0.44,57.46,5.39,3.36
4,16,0.13312,8.06,0.76,-0.41,56.62,5.36,3.31
4,17,0.14154,8.53,0.80,-0.38,55.80,5.23,3.26
4,18,0.15002,9.00,0.85,-0.35,55.40,5.24,3.24
4,19,0.15887,9.47,0.89,-0.33,53.10,5.02,3.10
4,20,0.16666,9.82,0.93,-0.24,44.71,4.27,10.98
4,21,0.17480,10.17,0.96,-0.16,42.70,4.03,10.49
4,22,0.18314,10.52,0.99,-0.07,41.76,3.94,10.26
4,23,0.19144,10.86,1.03,0.02,41.91,3.95,10.29
4,24,0.20007,11.06,1.04,0.16,22.26,2.19,16.61
4,25,0.20850,11.25,1.06,0.30,22.83,2.15,17.03
4,26,0.21667,11.44,1.08,0.45,23.51,2.17,17.54
4,27,0.22507,11.63,1.10,0.59,22.91,2.20,17.09
4,28,0.23334,11.67,1.10,0.76,4.06,0.42,20.66
4,29,0.24176,11.70,1.10,0.93,3.99,0.37,20.29
4,30,0.25000,11.73,1.11,1.10,4.07,0.42,20.74
4,31,0.25851,11.77,1.11,1.27,3.94,0.32,20.07
4,32,0.26666,11.70,1.11,1.40,-7.87,-0.71,15.36
4,33,0.27502,11.64,1.10,1.52,-7.66,-0.74,14.96
4,34,0.28311,11.58,1.09,1.65,-7.92,-0.72,15.47
4,35,0.29144,11.51,1.09,1.77,-7.69,-0.69,15.02
4,36,0.30023,11.45,1.08,1.90,-7.29,-0.70,14.24
4,37,0.30847,11.38,1.08,2.02,-7.78,-0.70,15.19
4,38,0.31686,11.31,1.07,2.06,-8.36,-0.81,4.36
4,39,0.32483,11.24,1.06,2.10,-8.81,-0.81,4.60
4,40,0.33316,11.17,1.06,2.13,-8.42,-0.77,4.40
4,41,0.34183,11.10,1.05,2.17,-8.10,-0.83,4.23
4,42,0.34995,11.00,1.04,2.04,-12.03,-1.13,-15.41
4,43,0.35870,10.91,1.03,1.92,-11.15,-1.04,-14.29
4,44,0.36652,10.81,1.02,1.79,-12.50,-1.17,-16.02
4,45,0.37515,10.71,1.01,1.67,-11.31,-1.10,-14.49
4,46,0.38315,10.61,1.00,1.43,-12.98,-1.27,-30.15
4,47,0.39160,10.50,0.99,1.19,-12.27,-1.16,-28.52
4,48,0.40002,10.40,0.98,0.95,-12.32,-1.16,-28.62
4,49,0.40845,10.30,0.97,0.70,-12.32,-1.21,-28.62
4,50,0.41666,10.19,0.96,0.46,-12.64,-1.19,-29.37
4,51,0.42502,10.09,0.95,0.22,-12.41,-1.22,-28.83
4,52,0.43323,9.99,0.94,-0.02,-12.64,-1.19,-29.37
4,53,0.44168,9.88,0.93,-0.26,-12.27,-1.16,-28.52
4,54,0.44986,9.78,0.92,-0.50,-12.69,-1.29,-29.48
4,55,0.45822,9.67,0.91,-0.74,-12.41,-1.12,-28.83
4,56,0.46667,9.63,0.91,-1.04,-4.69,-0.53,-35.02
4,57,0.47482,9.59,0.90,-1.33,-4.87,-0.41,-36.33
4,58,0.48328,9.56,0.90,-1.63,-4.69,-0.49,-35.02
4,59,0.49142,9.52,0.90,-1.93,-4.87,-0.46,-36.33
4,60,0.50012,9.48,0.89,-2.22,-4.56,-0.47,-34.04
4,61,0.50854,9.44,0.89,-2.52,-4.71,-0.49,-35.14
4,62,0.51682,9.40,0.88,-2.81,-4.80,-0.45,-35.79
4,63,0.52484,9.36,0.88,-3.11,-4.94,-0.47,-36.88
4,64,0.53333,9.32,0.88,-3.41,-4.68,-0.49,-34.89
4,65,0.54166,9.28,0.87,-3.70,-4.76,-0.50,-35.53
4,66,0.55008,9.24,0.87,-4.00,-4.71,-0.44,-35.14
4,67,0.55853,9.20,0.87,-4.29,-4.69,-0.44,-35.02
4,68,0.56689,9.11,0.86,-4.67,-10.95,-1.04,-45.26
4,69,0.57474,9.01,0.85,-5.05,-11.67,-1.16,-48.25
4,70,0.58325,8.92,0.84,-5.43,-10.75,-1.07,-44.44
4,71,0.59195,8.83,0.83,-5.81,-10.53,-1.00,-43.51
4,72,0.60022,8.69,0.82,-6.27,-17.71,-1.69,-56.46
4,73,0.60867,8.54,0.80,-6.74,-17.33,-1.70,-55.23
4,74,0.61652,8.32,0.78,-7.34,-27.63,-2.59,-75.88
4,75,0.62500,8.11,0.76,-7.93,-25.54,-2.48,-70.14
4,76,0.63358,7.82,0.73,-8.66,-33.81,-3.23,-84.70
4,77,0.64194,7.53,0.70,-9.38,-34.67,-3.41,-86.86
4,78,0.64999,7.16,0.67,-10.25,-45.08,-4.31,-107.58
4,79,0.65839,6.80,0.63,-11.12,-43.27,-4.09,-103.27
4,80,0.66705,6.37,0.59,-12.11,-50.00,-4.83,-114.79
4,81,0.67514,5.93,0.55,-13.11,-53.58,-5.13,-123.02
4,82,0.68335,5.42,0.50,-14.25,-62.45,-5.94,-138.66
4,83,0.69180,4.91,0.45,-15.38,-60.65,-5.86,-134.66
4,84,0.70023,4.31,0.40,-16.64,-70.65,-6.73,-149.64
4,85,0.70837,3.72,0.34,-17.90,-73.03,-7.00,-154.68
4,86,0.71683,3.12,0.28,-19.17,-70.40,-6.70,-149.10
4,87,0.72525,2.53,0.23,-20.43,-70.65,-6.82,-149.64
4,88,0.73352,1.85,0.16,-21.71,-81.55,-7.76,-154.98
4,89,0.74167,1.18,0.10,-22.99,-82.77,-7.93,-157.30
4,90,0.75012,0.50,0.03,-24.27,-79.78,-7.64,-151.62
4,91,0.75851,-0.17,-0.03,-25.55,-80.36,-7.65,-152.73
4,92,0.76675,-0.85,-0.10,-26.83,-81.85,-7.84,-155.56
4,93,0.77515,-1.52,-0.16,-28.12,-80.36,-7.65,-152.73
4,94,0.78342,-2.24,-0.23,-29.33,-87.08,-8.33,-146.49
4,95,0.79147,-2.96,-0.30,-30.54,-89.39,-8.60,-150.38
4,96,0.80011,-3.65,-0.36,-31.63,-79.51,-7.56,-126.86
4,97,0.80841,-4.33,-0.43,-32.73,-82.72,-7.86,-131.99
4,98,0.81720,-4.99,-0.49,-33.72,-74.31,-7.10,-113.19
4,99,0.82526,-5.64,-0.55,-34.72,-81.06,-7.74,-123.48
4,100,0.83328,-6.22,-0.61,-35.58,-72.24,-6.85,-107.22
4,101,0.84183,-6.80,-0.66,-36.44,-67.86,-6.48,-100.71
4,102,0.85016,-7.30,-0.71,-37.17,-59.71,-5.70,-87.18
4,103,0.85867,-7.79,-0.76,-37.89,-58.42,-6.16,-85.30
4,104,0.86664,-8.22,-0.82,-38.51,-53.26,-6.61,-77.39
4,105,0.87506,-8.64,-0.87,-39.13,-50.36,-6.08,-73.19
4,106,0.88354,-8.96,-0.90,-39.58,-37.05,-3.63,-53.96
4,107,0.89185,-9.27,-0.94,-40.04,-37.87,-4.33,-54.78
4,108,0.90009,-9.59,-0.93,-40.49,-38.15,0.51,-55.19
4,109,0.90863,-9.90,-0.96,-40.95,-36.43,-3.46,-52.86
4,110,0.91681,-10.14,-0.98,-41.28,-29.48,-2.79,-41.42
4,111,0.92523,-10.38,-1.01,-41.62,-28.62,-2.71,-40.22
4,112,0.93314,-10.56,-1.02,-41.86,-22.78,-2.20,-30.50
4,113,0.94183,-10.74,-1.04,-42.10,-20.70,-1.96,-27.37
4,114,0.95020,-10.84,-1.05,-42.18,-11.68,-1.09,-9.49
4,115,0.95865,-10.93,-1.06,-42.26,-11.55,-1.12,-9.39
4,116,0.96707,-10.96,-1.06,-42.16,-2.54,-0.25,12.32
4,117,0.97473,-10.98,-1.06,-42.05,-2.79,-0.18,13.94
4,118,0.98346,-10.94,-1.06,-41.75,4.20,0.40,34.27
4,119,0.99158,-10.90,-1.06,-41.45,4.51,0.43,37.22
4,120,1.00024,-10.82,-1.05,-40.92,9.86,0.99,60.56
4,121,1.00836,-10.73,-1.04,-40.40,10.53,1.02,64.66
4,122,1.01672,-10.60,-1.03,-39.63,16.42,1.59,91.97
4,123,1.02490,-10.46,-1.01,-38.86,16.79,1.67,94.40
4,124,1.03336,-10.29,-1.00,-37.83,19.86,1.98,121.30
4,125,1.04166,-10.12,-0.93,-36.81,20.22,7.91,123.53
4,126,1.05005,-9.92,-0.91,-35.56,24.36,1.82,148.73
4,127,1.05838,-9.71,-0.91,-34.31,24.54,0.22,150.18
4,128,1.06653,-9.45,-0.90,-32.78,32.21,1.08,187.64
4,129,1.07483,-9.19,-0.89,-31.25,31.62,2.03,184.19
4,130,1.08340,-8.93,-0.86,-29.72,30.60,2.94,178.29
4,131,1.09167,-8.66,-0.84,-28.19,31.73,3.14,184.87
4,132,1.10025,-8.37,-0.81,-26.65,33.81,3.30,180.07
4,133,1.10855,-8.08,-0.78,-25.11,34.93,3.40,185.66
4,134,1.11682,-7.70,-0.74,-23.72,46.86,4.52,167.53
4,135,1.12521,-7.31,-0.70,-22.34,46.18,4.50,165.09
4,136,1.13321,-6.94,-0.67,-21.07,46.56,4.49,158.40
4,137,1.14194,-6.57,-0.63,-19.81,42.31,4.08,144.76
4,138,1.14999,-6.30,-0.61,-18.77,33.71,3.25,128.79
4,139,1.15854,-6.02,-0.58,-17.73,31.79,3.11,121.07
4,140,1.16672,-5.90,-0.57,-17.01,15.30,1.43,88.06
4,141,1.17496,-5.77,-0.56,-16.30,15.19,1.57,87.04
4,142,1.18338,-5.76,-0.55,-15.85,2.17,0.22,53.26
4,143,1.19223,-5.74,-0.55,-15.40,2.07,0.21,50.34
4,144,1.20032,-5.83,-0.56,-15.22,-10.94,-1.04,22.26
4,145,1.20844,-5.91,-0.57,-15.05,-10.90,-0.99,21.80
4,146,1.21680,-6.02,-0.58,-15.03,-12.77,-1.23,1.82
4,147,1.22488,-6.13,-0.59,-15.01,-13.21,-1.22,1.89
4,148,1.23343,-6.23,-0.60,-15.00,-12.50,-1.20,1.79
4,149,1.24167,-6.34,-0.61,-14.98,-12.96,-1.20,1.85
4,150,1.25012,-6.43,-0.62,-15.13,-10.11,-0.94,-16.97
4,151,1.25854,-6.51,-0.62,-15.27,-10.14,-0.95,-17.03
4,152,1.26675,-6.60,-0.63,-15.41,-10.41,-1.07,-17.47
5,0,0.00000,0.00,0.00,0.00,40.29,3.84,8.79
5,1,0.00845,0.34,0.03,0.07,39.71,3.79,8.66
5,2,0.01657,0.81,0.08,0.18,57.89,5.39,13.53
5,3,0.02560,1.28,0.12,0.29,52.03,4.93,12.16
5,4,0.03323,1.75,0.16,0.40,61.60,5.83,14.40
5,5,0.04160,2.22,0.21,0.51,56.20,5.37,13.14
5,6,0.04993,2.75,0.26,0.66,63.74,5.99,17.95
5,7,0.05850,3.28,0.31,0.81,61.92,5.82,17.44
5,8,0.06720,3.81,0.36,0.96,61.05,5.78,17.19
5,9,0.07501,4.34,0.41,1.11,67.97,6.44,19.14
5,10,0.08411,4.87,0.46,1.26,58.39,5.53,16.44
5,11,0.09177,5.40,0.51,1.41,69.32,6.57,19.52
5,12,0.10010,5.93,0.56,1.56,63.74,5.99,17.95
5,13,0.10852,6.46,0.61,1.71,63.04,5.97,17.75
5,14,0.11722,6.90,0.65,1.89,49.82,4.75,20.35
5,15,0.12506,7.33,0.69,2.06,55.25,5.23,22.57
5,16,0.13336,7.76,0.73,2.24,52.21,4.98,21.32
5,17,0.14178,8.20,0.78,2.42,51.45,4.87,21.01
5,18,0.15015,8.63,0.82,2.59,51.82,4.90,21.17
5,19,0.15848,9.06,0.86,2.77,52.01,4.92,21.25
5,20,0.16742,9.37,0.89,2.97,33.79,3.19,21.84
5,21,0.17572,9.67,0.91,3.16,36.40,3.44,23.53
5,22,0.18350,9.97,0.94,3.36,38.82,3.72,25.10
5,23,0.19180,10.27,0.97,3.55,36.40,3.39,23.53
5,24,0.20026,10.41,0.98,3.75,15.88,1.54,23.47
5,25,0.20865,10.54,1.00,3.95,16.00,1.51,23.64
5,26,0.21735,10.68,1.01,4.15,15.44,1.50,22.81
5,27,0.22586,10.81,1.02,4.35,15.77,1.49,23.30
5,28,0.23364,10.78,1.02,4.52,-3.14,-0.30,22.35
5,29,0.24200,10.76,1.02,4.69,-2.92,-0.24,20.80
5,30,0.25024,10.74,1.02,4.87,-2.96,-0.24,21.11
5,31,0.25867,10.71,1.01,5.04,-2.90,-0.28,20.65
5,32,0.26697,10.61,1.00,5.14,-12.13,-1.16,11.76
5,33,0.27600,10.51,1.00,5.24,-11.15,-1.07,10.81
5,34,0.28418,10.41,0.99,5.33,-12.69,-1.17,11.94
5,35,0.29205,10.31,0.98,5.43,-12.79,-1.18,12.40
5,36,0.30020,10.21,0.97,5.53,-12.36,-1.14,11.99
5,37,0.30859,10.10,0.96,5.62,-12.00,-1.15,11.27
5,38,0.31754,10.03,0.95,5.64,-8.87,-0.86,1.37
5,39,0.32529,9.95,0.94,5.65,-10.24,-0.99,1.57
5,40,0.33423,9.87,0.93,5.66,-8.87,-0.82,1.37
5,41,0.34204,9.79,0.93,5.67,-10.16,-0.98,1.17
5,42,0.35022,9.74,0.92,5.52,-6.34,-0.59,-18.28
5,43,0.35864,9.68,0.92,5.37,-6.16,-0.57,-17.75
5,44,0.36752,9.63,0.91,5.22,-5.84,-0.58,-16.84
5,45,0.37524,9.58,0.91,5.07,-6.72,-0.67,-19.76
5,46,0.38412,9.56,0.91,4.81,-2.06,-0.15,-29.55
5,47,0.39203,9.54,0.90,4.54,-2.32,-0.26,-33.20
5,48,0.40024,9.52,0.90,4.28,-2.23,-0.25,-31.97
5,49,0.40881,9.51,0.90,4.02,-2.14,-0.20,-30.60
5,50,0.41760,9.49,0.90,3.76,-2.08,-0.24,-29.86
5,51,0.42609,9.47,0.90,3.49,-2.16,-0.20,-30.94
5,52,0.43381,9.45,0.89,3.23,-2.37,-0.22,-34.39
5,53,0.44217,9.43,0.89,2.97,-2.19,-0.25,-31.39
5,54,0.45047,9.41,0.89,2.70,-2.21,-0.20,-31.62
5,55,0.45905,9.40,0.89,2.44,-1.78,-0.25,-30.60
5,56,0.46799,9.46,0.89,2.15,6.48,0.62,-32.76
5,57,0.47614,9.52,0.90,1.85,7.49,0.71,-36.70
5,58,0.48386,9.58,0.91,1.56,7.51,0.71,-37.94
5,59,0.49231,9.63,0.91,1.26,6.86,0.56,-34.66
5,60,0.50052,9.69,0.92,0.97,7.06,0.67,-35.69
5,61,0.50903,9.75,0.92,0.68,6.81,0.60,-34.41
5,62,0.51743,9.81,0.93,0.38,6.91,0.66,-34.91
5,63,0.52621,9.87,0.93,0.09,6.60,0.63,-33.33
5,64,0.53458,9.92,0.94,-0.20,6.93,0.57,-35.04
5,65,0.54242,9.99,0.94,-0.50,7.78,0.79,-38.52
5,66,0.55075,10.04,0.95,-0.80,6.96,0.62,-35.16
5,67,0.55914,10.10,0.95,-1.10,6.91,0.61,-35.64
5,68,0.56796,10.14,0.96,-1.48,4.50,0.38,-43.94
5,69,0.57578,10.18,0.96,-1.87,5.08,0.43,-49.61
5,70,0.58478,10.22,0.96,-2.26,4.41,0.41,-43.05
5,71,0.59247,10.26,0.97,-2.65,4.76,0.45,-51.19
5,72,0.60059,10.27,0.97,-3.14,1.50,0.13,-60.53
5,73,0.60898,10.28,0.97,-3.64,1.45,0.08,-59.64
5,74,0.61780,10.27,0.97,-4.28,-1.04,-0.17,-71.97
5,75,0.62555,10.26,0.97,-4.92,-1.57,-0.22,-83.07
5,76,0.63443,10.22,0.96,-5.70,-4.12,-0.42,-87.97
5,77,0.64236,10.18,0.96,-6.49,-5.00,-0.61,-99.62
5,78,0.65060,10.12,0.95,-7.43,-7.41,-0.70,-113.70
5,79,0.65894,10.06,0.94,-8.38,-7.33,-0.74,-113.55
5,80,0.66782,9.98,0.94,-9.46,-9.28,-1.02,-121.99
5,81,0.67618,9.89,0.93,-10.55,-10.22,-1.03,-130.66
5,82,0.68387,9.78,0.92,-11.80,-14.29,-1.43,-161.90
5,83,0.69229,9.67,0.90,-13.05,-13.41,-1.38,-148.91
5,84,0.70074,9.52,0.89,-14.44,-17.69,-1.80,-163.90
5,85,0.70923,9.37,0.87,-15.82,-17.63,-1.75,-163.31
5,86,0.71783,9.22,0.86,-17.21,-17.38,-1.68,-160.99
5,87,0.72626,9.07,0.84,-18.60,-18.48,-1.83,-164.86
5,88,0.73398,8.85,0.82,-20.03,-28.06,-2.85,-185.38
5,89,0.74246,8.63,0.80,-21.46,-25.54,-2.50,-168.71
5,90,0.75070,8.42,0.78,-22.89,-26.30,-2.53,-173.70
5,91,0.75919,7.97,0.74,-24.30,-52.52,-5.14,-165.83
5,92,0.76727,7.05,0.65,-25.65,-113.58,-10.80,-167.55
5,93,0.77640,6.24,0.57,-27.02,-88.63,-8.44,-149.50
5,94,0.78455,5.34,0.49,-28.34,-110.49,-10.55,-161.80
5,95,0.79242,4.61,0.42,-29.66,-93.02,-8.90,-168.60
5,96,0.80072,3.79,0.34,-30.87,-98.53,-9.36,-145.22
5,97,0.80917,3.11,0.27,-32.08,-80.87,-7.74,-143.32
5,98,0.81787,2.40,0.21,-33.19,-81.05,-7.70,-127.72
5,99,0.82645,1.71,0.14,-34.30,-81.49,-7.79,-128.83
5,100,0.83459,1.11,0.08,-35.27,-73.41,-6.97,-119.10
5,101,0.84247,0.54,0.03,-36.23,-72.09,-6.89,-122.09
5,102,0.85071,0.07,-0.02,-37.05,-57.04,-5.45,-100.37
5,103,0.85910,-0.40,-0.06,-37.87,-55.64,-5.32,-97.09
5,104,0.86798,-0.70,-0.09,-38.58,-33.68,-3.26,-80.07
5,105,0.87579,-0.97,-0.12,-39.28,-34.77,-3.37,-89.84
5,106,0.88480,-1.18,-0.14,-39.81,-24.07,-2.30,-58.31
5,107,0.89246,-1.45,-0.16,-40.33,-35.06,-3.34,-67.73
5,108,0.90073,-1.76,-0.19,-40.84,-37.27,-3.54,-62.36
5,109,0.90921,-2.05,-0.22,-41.35,-34.53,-3.28,-59.71
5,110,0.91800,-2.32,-0.25,-41.73,-30.56,-2.94,-43.40
5,111,0.92648,-2.64,-0.28,-42.10,-37.05,-3.51,-43.53
5,112,0.93414,-2.93,-0.30,-42.36,-38.25,-3.62,-34.66
5,113,0.94260,-3.29,-0.34,-42.61,-42.24,-4.04,-29.24
5,114,0.95108,-3.62,-0.37,-42.69,-39.57,-3.73,-9.35
5,115,0.95926,-4.03,-0.41,-42.75,-50.37,-4.75,-7.09
5,116,0.96759,-4.45,-0.45,-42.62,-49.45,-4.65,15.75
5,117,0.97653,-4.90,-0.49,-42.47,-50.17,-4.76,17.06
5,118,0.98425,-5.36,-0.53,-42.12,-60.08,-5.60,44.27
5,119,0.99268,-5.85,-0.58,-41.76,-58.33,-5.44,43.12
5,120,1.00085,-6.39,-0.63,-41.18,-66.04,-6.24,70.52
5,121,1.00922,-6.88,-0.67,-40.59,-58.03,-5.44,70.44
5,122,1.01736,-7.45,-0.73,-39.76,-70.04,-6.51,101.87
5,123,1.02628,-7.93,-0.77,-38.93,-54.11,-5.05,94.18
5,124,1.03455,-8.40,-0.82,-37.86,-57.56,-5.36,128.78
5,125,1.04245,-8.86,-0.86,-36.78,-57.14,-5.35,136.68
5,126,1.05069,-9.35,-0.91,-35.49,-60.37,-5.56,156.67
5,127,1.05914,-9.63,-0.93,-34.21,-32.49,-3.00,151.26
5,128,1.06815,-10.02,-0.97,-32.66,-43.05,-3.90,172.20
5,129,1.07587,-10.27,-0.99,-31.13,-32.81,-3.06,198.02
5,130,1.08466,-10.52,-1.01,-29.60,-28.82,-2.55,173.96
5,131,1.09256,-10.77,-1.04,-28.07,-31.66,-2.95,193.82
5,132,1.10077,-11.00,-1.06,-26.52,-28.25,-2.49,189.22
5,133,1.10916,-11.22,-1.08,-24.97,-26.18,-2.39,184.00
5,134,1.11734,-11.31,-1.08,-23.54,-10.45,-0.81,175.75
5,135,1.12656,-11.40,-1.09,-22.11,-9.27,-0.84,154.97
5,136,1.13461,-11.46,-1.09,-20.78,-7.95,-0.63,165.15
5,137,1.14255,-11.53,-1.10,-19.48,-8.46,-0.67,163.46
5,138,1.15082,-11.61,-1.11,-18.41,-9.96,-0.88,129.15
5,139,1.15918,-11.69,-1.11,-17.37,-10.22,-0.87,124.09
5,140,1.16803,-11.81,-1.13,-16.65,-13.10,-1.21,81.38
5,141,1.17648,-11.93,-1.14,-15.96,-14.08,-1.26,82.31
5,142,1.18411,-12.06,-1.15,-15.53,-16.80,-1.53,56.40
5,143,1.19284,-12.19,-1.16,-15.12,-14.69,-1.43,46.50
5,144,1.20087,-12.33,-1.17,-14.98,-17.49,-1.57,17.49
5,145,1.20920,-12.46,-1.19,-14.85,-16.48,-1.57,15.38
5,146,1.21753,-12.57,-1.20,-14.87,-12.82,-1.24,-2.20
5,147,1.22647,-12.68,-1.21,-14.89,-11.95,-1.11,-2.05
5,148,1.23416,-12.78,-1.22,-14.91,-13.89,-1.29,-2.38
5,149,1.24274,-12.88,-1.23,-14.94,-11.74,-1.14,-3.56
5,150,1.25095,-12.92,-1.23,-15.10,-4.09,-0.38,-20.07
5,151,1.25925,-12.95,-1.23,-15.27,-4.04,-0.42,-19.85
5,152,1.26758,-12.99,-1.24,-15.43,-4.03,-0.37,-19.78
6,0,0.00000,0.00,0.00,0.00,41.64,0.12,-0.37
6,1,0.00806,0.34,0.00,-0.00,42.42,0.12,-0.38
6,2,0.01721,0.82,0.00,-0.00,52.67,0.21,0.00
6,3,0.02533,1.31,0.00,-0.00,59.40,0.04,0.00
6,4,0.03317,1.79,0.01,-0.00,61.48,0.24,0.00
6,5,0.04181,2.27,0.01,-0.00,55.83,0.04,0.00
6,6,0.05005,2.82,-0.00,0.02,67.04,-0.71,3.33
6,7,0.05850,3.38,-0.01,0.05,65.34,-0.88,3.25
6,8,0.06708,3.93,-0.02,0.08,64.41,-0.86,3.20
6,9,0.07520,4.48,-0.02,0.11,68.05,-0.72,3.38
6,10,0.08304,5.03,-0.03,0.13,70.43,-0.95,3.50
6,11,0.09152,5.58,-0.04,0.16,65.11,-0.87,3.24
6,12,0.09982,6.14,-0.04,0.19,66.54,-0.70,3.31
6,13,0.10855,6.69,-0.05,0.22,63.29,-0.85,3.15
6,14,0.11722,7.15,-0.07,0.29,53.52,-2.49,8.80
6,15,0.12482,7.62,-0.09,0.37,61.04,-2.63,10.04
6,16,0.13303,8.08,-0.11,0.45,56.51,-2.44,9.29
6,17,0.14178,8.54,-0.13,0.52,52.96,-2.47,8.71
6,18,0.15024,9.01,-0.15,0.60,54.87,-2.55,9.03
6,19,0.15817,9.47,-0.17,0.67,58.46,-2.52,9.62
6,20,0.16718,9.81,-0.21,0.80,37.29,-3.89,13.56
6,21,0.17465,10.14,-0.24,0.92,44.90,-4.47,16.33
6,22,0.18292,10.48,-0.28,1.04,40.59,-4.23,14.76
6,23,0.19144,10.82,-0.31,1.16,39.43,-3.92,14.34
6,24,0.19989,10.99,-0.36,1.32,20.94,-5.52,19.13
6,25,0.20813,11.17,-0.40,1.49,21.48,-5.47,19.63
6,26,0.21646,11.35,-0.45,1.65,21.25,-5.60,19.41
6,27,0.22464,11.52,-0.50,1.81,21.64,-5.71,19.78
6,28,0.23318,11.54,-0.55,1.98,1.79,-5.91,20.36
6,29,0.24149,11.55,-0.60,2.16,1.84,-5.89,20.96
6,30,0.25031,11.57,-0.64,2.33,1.73,-5.54,19.72
6,31,0.25842,11.58,-0.69,2.51,1.88,-6.22,21.43
6,32,0.26685,11.51,-0.73,2.62,-9.06,-3.95,14.13
6,33,0.27493,11.43,-0.76,2.74,-9.43,-4.31,14.72
6,34,0.28336,11.36,-0.80,2.86,-9.06,-3.95,14.13
6,35,0.29230,11.27,-0.83,2.99,-9.56,-4.20,14.33
6,36,0.30060,11.19,-0.87,3.11,-9.19,-4.20,14.34
6,37,0.30896,11.12,-0.90,3.22,-9.12,-3.67,13.14
6,38,0.31732,11.04,-0.91,3.25,-8.76,-1.13,3.65
6,39,0.32562,10.97,-0.92,3.28,-8.82,-0.95,3.68
6,40,0.33417,10.90,-0.93,3.31,-8.57,-1.11,3.57
6,41,0.34225,10.82,-0.93,3.33,-9.43,-0.44,1.89
6,42,0.35074,10.74,-0.89,3.19,-10.07,4.45,-15.83
6,43,0.35956,10.65,-0.85,3.06,-9.69,4.28,-15.22
6,44,0.36768,10.57,-0.82,2.92,-10.53,4.66,-16.54
6,45,0.37564,10.48,-0.77,2.78,-10.73,5.27,-18.01
6,46,0.38416,10.40,-0.70,2.53,-8.96,8.45,-29.75
6,47,0.39273,10.33,-0.63,2.27,-8.90,8.39,-29.54
6,48,0.40051,10.25,-0.56,2.02,-9.80,9.45,-32.55
6,49,0.40894,10.17,-0.49,1.77,-9.06,8.36,-30.07
6,50,0.41705,10.10,-0.41,1.51,-9.40,9.06,-31.20
6,51,0.42624,10.02,-0.34,1.26,-8.31,7.83,-27.57
6,52,0.43369,9.95,-0.27,1.01,-10.25,9.66,-34.02
6,53,0.44226,9.87,-0.20,0.75,-8.90,8.58,-29.54
6,54,0.45074,9.79,-0.12,0.50,-8.99,8.48,-29.86
6,55,0.45929,9.72,-0.05,0.24,-8.21,8.53,-30.00
6,56,0.46750,9.71,0.03,-0.05,-1.12,10.38,-36.43
6,57,0.47552,9.70,0.12,-0.35,-1.14,10.62,-37.26
6,58,0.48376,9.70,0.21,-0.65,-1.11,10.34,-36.30
6,59,0.49219,9.69,0.29,-0.95,-1.09,10.31,-35.51
6,60,0.50034,9.68,0.38,-1.25,-1.12,10.46,-36.70
6,61,0.50873,9.67,0.46,-1.55,-1.09,10.16,-35.64
6,62,0.51721,9.66,0.55,-1.85,-1.08,10.05,-35.25
6,63,0.52551,9.65,0.63,-2.15,-1.10,10.46,-36.03
6,64,0.53397,9.64,0.72,-2.45,-1.08,10.08,-35.38
6,65,0.54227,9.63,0.80,-2.75,-1.10,10.27,-36.03
6,66,0.55057,9.62,0.89,-3.05,-1.10,10.27,-36.03
6,67,0.55887,9.61,0.98,-3.35,-1.47,10.58,-37.13
6,68,0.56717,9.56,1.09,-3.74,-5.88,13.40,-46.32
6,69,0.57559,9.51,1.20,-4.12,-5.80,12.83,-45.65
6,70,0.58405,9.46,1.31,-4.51,-5.78,12.97,-45.49
6,71,0.59259,9.41,1.42,-4.90,-6.43,13.33,-46.07
6,72,0.60101,9.31,1.56,-5.38,-11.59,16.13,-56.88
6,73,0.60938,9.20,1.70,-5.90,-13.14,17.50,-61.68
6,74,0.61771,9.05,1.88,-6.51,-18.32,21.11,-73.63
6,75,0.62659,8.88,2.07,-7.18,-19.24,21.58,-75.26
6,76,0.63464,8.67,2.28,-7.93,-26.14,26.51,-93.18
6,77,0.64310,8.44,2.51,-8.71,-26.35,26.20,-92.06
6,78,0.65134,8.18,2.76,-9.61,-32.59,31.31,-109.26
6,79,0.65961,7.89,3.03,-10.53,-33.95,32.04,-111.81
6,80,0.66806,7.57,3.32,-11.57,-38.27,34.79,-122.74
6,81,0.67627,7.24,3.63,-12.63,-40.89,37.17,-129.74
6,82,0.68478,6.85,3.97,-13.82,-45.52,39.75,-139.43
6,83,0.69330,6.45,4.31,-15.03,-46.95,40.58,-142.29
6,84,0.70139,5.99,4.69,-16.35,-56.60,46.58,-162.64
6,85,0.70947,5.53,5.06,-17.66,-56.60,46.39,-162.64
6,86,0.71805,5.08,5.44,-18.98,-53.38,43.75,-153.38
6,87,0.72644,4.60,5.82,-20.30,-56.36,44.91,-157.45
6,88,0.73483,4.07,6.20,-21.65,-63.64,45.62,-160.36
6,89,0.74286,3.53,6.58,-22.99,-66.54,47.71,-167.68
6,90,0.75140,3.00,6.97,-24.34,-62.50,44.99,-157.50
6,91,0.75961,2.47,7.35,-25.68,-65.06,46.83,-163.94
6,92,0.76794,1.93,7.73,-27.03,-64.10,46.15,-161.54
6,93,0.77640,1.39,8.09,-28.36,-64.26,41.58,-157.76
6,94,0.78467,0.80,8.37,-29.64,-71.22,34.43,-154.98
6,95,0.79294,0.21,8.62,-30.91,-70.85,29.69,-152.40
6,96,0.80133,-0.35,8.81,-32.06,-67.64,23.03,-138.18
6,97,0.80988,-0.92,8.97,-33.21,-66.07,19.17,-133.57
6,98,0.81799,-1.46,9.10,-34.27,-66.92,15.54,-130.45
6,99,0.82645,-1.99,9.20,-35.30,-62.82,12.01,-122.02
6,100,0.83469,-2.48,9.27,-36.22,-58.89,8.59,-111.48
6,101,0.84323,-2.95,9.34,-37.11,-55.36,7.84,-104.29
6,102,0.85123,-3.37,9.40,-37.88,-52.29,7.69,-96.95
6,103,0.85983,-3.78,9.46,-38.64,-47.16,6.95,-87.59
6,104,0.86850,-4.13,9.57,-39.29,-41.20,12.30,-76.06
6,105,0.87653,-4.47,9.63,-39.92,-42.21,7.39,-77.95
6,106,0.88470,-4.73,9.67,-40.41,-32.09,5.54,-59.33
6,107,0.89304,-5.00,9.72,-40.89,-31.50,5.49,-58.24
6,108,0.90152,-5.26,9.76,-41.38,-30.94,5.39,-57.19
6,109,0.90967,-5.51,9.81,-41.84,-31.09,5.28,-56.55
6,110,0.91806,-5.71,9.84,-42.20,-24.00,4.15,-43.27
6,111,0.92670,-5.91,9.87,-42.54,-22.61,3.67,-39.58
6,112,0.93472,-6.06,9.90,-42.80,-19.39,3.07,-32.32
6,113,0.94315,-6.21,9.92,-43.03,-17.03,2.59,-27.17
6,114,0.95129,-6.30,9.93,-43.12,-10.86,1.03,-11.24
6,115,0.95975,-6.38,9.93,-43.18,-9.39,0.54,-6.50
6,116,0.96826,-6.41,9.92,-43.08,-3.94,-1.10,11.83
6,117,0.97626,-6.44,9.91,-42.94,-3.44,-1.60,17.18
6,118,0.98553,-6.43,9.88,-42.64,0.33,-3.10,32.57
6,119,0.99286,-6.42,9.85,-42.29,1.25,-4.39,46.67
6,120,1.00131,-6.39,9.80,-41.76,3.61,-5.89,62.82
6,121,1.00992,-6.36,9.74,-41.19,3.90,-6.33,67.02
6,122,1.01816,-6.30,9.67,-40.40,6.67,-9.03,95.56
6,123,1.02710,-6.25,9.59,-39.57,6.14,-8.73,92.83
6,124,1.03470,-6.19,9.49,-38.53,7.63,-12.91,136.55
6,125,1.04309,-6.13,9.39,-37.45,7.27,-12.13,128.73
6,126,1.05179,-6.06,9.34,-36.19,8.07,-6.37,145.26
6,127,1.05988,-5.98,9.18,-34.87,9.43,-19.41,163.02
6,128,1.06830,-5.89,9.00,-33.32,11.59,-21.80,183.70
6,129,1.07660,-5.79,8.77,-31.77,11.76,-27.45,186.40
6,130,1.08459,-5.69,8.49,-30.23,12.21,-34.98,193.51
6,131,1.09314,-5.59,8.16,-28.68,12.14,-38.89,181.43
6,132,1.10165,-5.46,7.77,-27.11,14.70,-45.88,183.87
6,133,1.11011,-5.32,7.33,-25.58,17.33,-52.00,181.59
6,134,1.11804,-5.08,6.90,-24.16,30.00,-53.52,178.85
6,135,1.12640,-4.84,6.50,-22.76,28.47,-47.67,166.79
6,136,1.13458,-4.61,6.13,-21.47,28.73,-45.42,158.58
6,137,1.14288,-4.39,5.77,-20.21,26.47,-43.18,150.74
6,138,1.15140,-4.23,5.47,-19.16,18.64,-35.44,124.37
6,139,1.15958,-4.09,5.19,-18.16,16.79,-34.65,121.64
6,140,1.16830,-4.04,4.98,-17.43,5.59,-23.94,83.57
6,141,1.17642,-4.01,4.79,-16.76,4.14,-23.80,83.08
6,142,1.18475,-4.03,4.66,-16.31,-3.30,-15.32,53.48
6,143,1.19312,-4.08,4.54,-15.92,-5.11,-13.59,47.08
6,144,1.20163,-4.18,4.50,-15.75,-12.54,-5.56,19.71
6,145,1.20975,-4.29,4.46,-15.61,-13.16,-4.76,16.92
6,146,1.21814,-4.40,4.46,-15.61,-12.73,-0.30,0.73
6,147,1.22647,-4.50,4.45,-15.60,-12.82,-0.31,0.73
6,148,1.23492,-4.61,4.45,-15.59,-12.64,-0.11,0.72
6,149,1.24329,-4.71,4.46,-15.62,-12.04,0.74,-2.92
6,150,1.25150,-4.78,4.50,-15.77,-8.55,5.25,-18.59
6,151,1.25989,-4.85,4.55,-15.92,-8.36,5.32,-18.18
6,152,1.26840,-4.92,4.59,-16.08,-8.24,5.06,-17.92
7,0,0.00000,0.00,0.00,0.00,39.22,-1.20,6.71
7,1,0.00775,0.34,-0.01,0.06,43.70,-1.38,7.48
7,2,0.01620,0.81,-0.03,0.15,55.96,-1.76,10.47
7,3,0.02457,1.28,-0.04,0.23,56.57,-1.82,10.58
7,4,0.03290,1.76,-0.06,0.32,56.78,-1.78,10.62
7,5,0.04126,2.23,-0.07,0.41,56.57,-1.82,10.58
7,6,0.04935,2.77,-0.09,0.54,66.42,-2.25,15.47
7,7,0.05792,3.31,-0.11,0.66,62.63,-2.17,14.59
7,8,0.06625,3.84,-0.13,0.79,64.47,-2.19,15.02
7,9,0.07452,4.38,-0.14,0.91,64.94,-2.25,15.13
7,10,0.08270,4.92,-0.16,1.04,65.67,-2.23,15.30
7,11,0.09100,5.45,-0.18,1.16,64.71,-2.24,15.07
7,12,0.09976,5.99,-0.20,1.29,61.32,-2.08,14.29
7,13,0.10776,6.53,-0.22,1.41,67.18,-2.33,15.65
7,14,0.11661,6.97,-0.24,1.57,50.00,-2.08,17.93
7,15,0.12469,7.41,-0.25,1.73,54.72,-2.23,19.62
7,16,0.13287,7.86,-0.27,1.89,54.10,-2.20,19.40
7,17,0.14111,8.30,-0.29,2.05,53.70,-2.23,19.26
7,18,0.14975,8.74,-0.31,2.21,51.24,-2.09,18.37
7,19,0.15793,9.18,-0.33,2.37,54.10,-2.25,19.40
7,20,0.16656,9.49,-0.34,2.55,36.04,-1.89,20.85
7,21,0.17459,9.81,-0.36,2.73,38.78,-2.03,22.43
7,22,0.18314,10.12,-0.38,2.91,36.43,-1.97,21.43
7,23,0.19104,10.42,-0.39,3.09,39.00,-2.05,22.78
7,24,0.19974,10.57,-0.41,3.28,16.49,-1.53,22.11
7,25,0.20773,10.71,-0.42,3.47,17.94,-1.66,24.05
7,26,0.21634,10.86,-0.43,3.67,16.67,-1.59,22.34
7,27,0.22470,11.00,-0.45,3.86,17.15,-1.63,22.99
7,28,0.23291,10.98,-0.46,4.03,-1.86,-1.07,21.19
7,29,0.24164,10.97,-0.46,4.21,-1.75,-1.01,19.93
7,30,0.24960,10.95,-0.47,4.38,-1.92,-1.15,21.84
7,31,0.25763,10.93,-0.48,4.55,-2.28,-1.09,21.67
7,32,0.26636,10.84,-0.49,4.65,-11.19,-0.39,11.54
7,33,0.27448,10.74,-0.49,4.75,-12.03,-0.38,12.41
7,34,0.28271,10.64,-0.49,4.86,-11.85,-0.42,12.22
7,35,0.29132,10.54,-0.50,4.96,-11.35,-0.36,11.70
7,36,0.29956,10.45,-0.50,5.06,-11.85,-0.42,12.22
7,37,0.30807,10.35,-0.50,5.16,-11.47,-0.36,11.83
7,38,0.31665,10.27,-0.50,5.17,-9.25,0.09,1.78
7,39,0.32486,10.19,-0.50,5.19,-9.67,0.14,1.86
7,40,0.33286,10.11,-0.50,5.20,-9.92,0.09,1.91
7,41,0.34100,10.03,-0.50,5.22,-9.74,0.14,1.87
7,42,0.34943,9.97,-0.49,5.07,-6.88,1.06,-17.39
7,43,0.35831,9.92,-0.48,4.93,-6.53,1.01,-16.49
7,44,0.36649,9.86,-0.47,4.78,-7.09,1.14,-17.91
7,45,0.37427,9.80,-0.46,4.63,-7.45,1.17,-19.22
7,46,0.38306,9.77,-0.45,4.36,-3.47,1.72,-30.90
7,47,0.39148,9.74,-0.43,4.10,-3.62,1.77,-31.16
7,48,0.39993,9.71,-0.42,3.83,-3.61,1.73,-31.05
7,49,0.40826,9.68,-0.40,3.57,-3.66,1.77,-31.87
7,50,0.41660,9.65,-0.39,3.31,-3.66,1.75,-31.50
7,51,0.42508,9.62,-0.37,3.04,-3.60,1.76,-30.94
7,52,0.43347,9.59,-0.36,2.78,-3.64,1.74,-31.27
7,53,0.44153,9.56,-0.34,2.52,-3.79,1.86,-32.58
7,54,0.45029,9.52,-0.33,2.26,-3.48,1.66,-29.97
7,55,0.45816,9.50,-0.31,1.99,-3.10,1.86,-33.72
7,56,0.46661,9.55,-0.30,1.69,5.42,1.74,-35.02
7,57,0.47498,9.59,-0.28,1.40,5.47,1.80,-35.40
7,58,0.48306,9.64,-0.27,1.10,5.66,1.82,-36.60
7,59,0.49149,9.68,-0.25,0.81,5.43,1.79,-35.14
7,60,0.49976,9.73,-0.24,0.51,5.54,1.74,-35.79
7,61,0.50812,9.77,-0.23,0.21,5.47,1.80,-35.40
7,62,0.51697,9.82,-0.21,-0.08,5.17,1.66,-33.45
7,63,0.52490,9.87,-0.20,-0.38,5.77,1.90,-37.31
7,64,0.53351,9.91,-0.18,-0.67,5.32,1.71,-34.40
7,65,0.54184,9.96,-0.17,-0.97,5.49,1.77,-35.53
7,66,0.55005,10.00,-0.15,-1.27,5.58,1.84,-36.06
7,67,0.55862,10.05,-0.14,-1.57,4.98,1.76,-35.23
7,68,0.56659,10.07,-0.12,-1.96,2.68,2.53,-48.66
7,69,0.57501,10.09,-0.10,-2.34,2.54,2.44,-46.01
7,70,0.58328,10.11,-0.07,-2.73,2.58,2.44,-46.86
7,71,0.59158,10.13,-0.05,-3.12,2.21,2.47,-47.43
7,72,0.60028,10.12,-0.03,-3.62,-1.05,3.06,-56.49
7,73,0.60822,10.11,-0.00,-4.12,-1.54,3.37,-63.08
7,74,0.61667,10.07,0.03,-4.75,-4.69,4.12,-74.73
7,75,0.62512,10.03,0.07,-5.39,-5.05,4.14,-75.81
7,76,0.63348,9.95,0.11,-6.17,-8.76,5.19,-93.07
7,77,0.64139,9.88,0.16,-6.95,-9.65,5.56,-99.61
7,78,0.65024,9.77,0.21,-7.89,-11.72,5.88,-105.52
7,79,0.65823,9.66,0.26,-8.83,-13.36,6.58,-117.94
7,80,0.66690,9.53,0.32,-9.91,-15.49,7.01,-124.30
7,81,0.67487,9.40,0.38,-11.00,-16.86,7.64,-136.40
7,82,0.68359,9.23,0.45,-12.23,-19.23,8.04,-141.96
7,83,0.69177,9.06,0.52,-13.48,-20.90,8.56,-152.61
7,84,0.70020,8.84,0.60,-14.86,-25.36,9.31,-163.41
7,85,0.70850,8.63,0.68,-16.24,-25.74,9.40,-165.81
7,86,0.71713,8.42,0.76,-17.61,-24.73,9.08,-159.36
7,87,0.72580,8.20,0.84,-18.99,-25.35,9.08,-159.15
7,88,0.73343,7.91,0.92,-20.41,-37.20,10.73,-186.00
7,89,0.74158,7.63,1.00,-21.83,-34.83,10.09,-174.16
7,90,0.75012,7.35,1.08,-23.25,-33.21,9.62,-166.07
7,91,0.75833,7.06,1.16,-24.67,-34.57,9.97,-172.86
7,92,0.76685,6.78,1.25,-26.09,-33.33,9.66,-166.67
7,93,0.77521,6.49,1.33,-27.50,-34.67,9.79,-169.34
7,94,0.78317,6.14,1.41,-28.87,-43.68,10.17,-171.65
7,95,0.79160,5.79,1.49,-30.23,-41.30,9.52,-161.23
7,96,0.79987,5.44,1.56,-31.47,-42.44,8.97,-150.55
7,97,0.80853,5.09,1.64,-32.71,-40.49,8.50,-142.61
7,98,0.81686,4.75,1.71,-33.85,-41.39,8.20,-136.63
7,99,0.82501,4.40,1.77,-34.98,-41.95,8.36,-138.58
7,100,0.83328,4.09,1.83,-35.96,-38.01,7.21,-119.56
7,101,0.84158,3.78,1.89,-36.94,-37.50,7.16,-118.01
7,102,0.85022,3.51,1.94,-37.78,-31.45,5.84,-96.82
7,103,0.85855,3.24,1.99,-38.61,-32.23,6.06,-99.63
7,104,0.86685,3.01,2.04,-39.32,-27.94,5.17,-85.66
7,105,0.87503,2.78,2.08,-40.02,-27.99,5.16,-85.45
7,106,0.88336,2.61,2.11,-40.55,-20.51,3.83,-63.00
7,107,0.89178,2.44,2.14,-41.07,-20.29,3.79,-62.32
7,108,0.90018,2.26,2.17,-41.60,-20.36,3.76,-62.55
7,109,0.90854,2.10,2.21,-42.11,-20.07,3.75,-61.68
7,110,0.91699,1.96,2.23,-42.50,-15.88,2.83,-46.57
7,111,0.92535,1.83,2.25,-42.89,-15.69,2.79,-45.99
7,112,0.93344,1.72,2.27,-43.17,-13.21,2.18,-34.72
7,113,0.94159,1.62,2.29,-43.44,-12.73,2.03,-32.96
7,114,0.95020,1.55,2.29,-43.54,-8.51,0.82,-12.06
7,115,0.95825,1.48,2.30,-43.63,-8.71,0.83,-11.36
7,116,0.96689,1.43,2.30,-43.54,-6.01,-0.48,10.95
7,117,0.97498,1.37,2.29,-43.43,-6.42,-0.54,13.21
7,118,0.98334,1.32,2.28,-43.14,-6.20,-1.79,35.40
7,119,0.99179,1.27,2.26,-42.82,-6.14,-1.84,37.18
7,120,1.00015,1.20,2.24,-42.29,-8.03,-3.21,63.14
7,121,1.00848,1.14,2.21,-41.75,-8.06,-3.28,65.20
7,122,1.01685,1.05,2.17,-40.98,-10.58,-4.74,92.70
7,123,1.02512,0.96,2.13,-40.18,-11.07,-4.91,95.94
7,124,1.03320,0.83,2.08,-39.15,-15.85,-6.45,127.55
7,125,1.04214,0.70,2.02,-38.10,-14.68,-5.96,117.06
7,126,1.05011,0.54,1.96,-36.85,-19.92,-7.97,157.47
7,127,1.05862,0.38,1.89,-35.57,-18.64,-7.63,149.82
7,128,1.06671,0.20,1.82,-34.04,-22.26,-9.65,190.19
7,129,1.07520,0.02,1.74,-32.50,-21.22,-9.25,181.29
7,130,1.08340,-0.16,1.66,-30.96,-21.93,-9.55,187.36
7,131,1.09171,-0.34,1.58,-29.42,-21.69,-9.46,185.66
7,132,1.10025,-0.50,1.50,-27.86,-18.57,-9.34,182.86
7,133,1.10870,-0.65,1.42,-26.30,-17.69,-9.45,183.75
7,134,1.11688,-0.67,1.34,-24.86,-2.24,-9.38,176.12
7,135,1.12537,-0.69,1.27,-23.43,-2.16,-8.94,168.71
7,136,1.13385,-0.69,1.20,-22.11,-0.36,-8.33,155.40
7,137,1.14209,-0.70,1.13,-20.81,-0.74,-8.43,158.15
7,138,1.15021,-0.73,1.07,-19.74,-4.14,-6.99,131.95
7,139,1.15848,-0.77,1.02,-18.69,-4.43,-6.65,126.57
7,140,1.16699,-0.85,0.98,-17.97,-9.68,-4.37,85.30
7,141,1.17502,-0.93,0.94,-17.26,-10.65,-4.43,87.83
7,142,1.18329,-1.04,0.92,-16.83,-12.92,-2.55,52.40
7,143,1.19159,-1.15,0.90,-16.41,-13.24,-2.37,50.00
7,144,1.20038,-1.28,0.90,-16.27,-15.28,-0.58,16.67
7,145,1.20847,-1.42,0.89,-16.13,-16.23,-0.53,16.98
7,146,1.21655,-1.52,0.90,-16.14,-13.21,0.37,-1.89
7,147,1.22516,-1.63,0.90,-16.16,-12.41,0.39,-1.77
7,148,1.23325,-1.74,0.90,-16.17,-13.21,0.37,-1.89
7,149,1.24197,-1.84,0.91,-16.20,-11.54,0.43,-2.80
7,150,1.24991,-1.88,0.92,-16.36,-5.38,1.19,-20.38
7,151,1.25854,-1.92,0.93,-16.52,-4.95,1.10,-18.73
7,152,1.26694,-1.97,0.94,-16.68,-5.09,1.17,-19.27
8,0,0.00000,0.00,0.00,0.00,-35.64,-5.59,19.64
8,1,0.00879,-0.30,-0.05,0.16,-34.03,-5.51,18.75
8,2,0.01657,-0.72,-0.11,0.39,-54.51,-8.42,29.41
8,3,0.02548,-1.15,-0.18,0.62,-47.60,-7.53,25.68
8,4,0.03336,-1.57,-0.25,0.85,-53.88,-8.32,29.07
8,5,0.04166,-2.00,-0.31,1.08,-51.10,-7.89,27.57
8,6,0.04984,-2.49,-0.38,1.32,-60.82,-8.54,29.10
8,7,0.05881,-2.99,-0.45,1.56,-55.44,-7.61,26.53
8,8,0.06708,-3.49,-0.52,1.79,-60.15,-8.44,28.78
8,9,0.07492,-3.99,-0.59,2.03,-63.42,-8.70,30.35
8,10,0.08319,-4.48,-0.66,2.27,-60.15,-8.44,28.78
8,11,0.09158,-4.98,-0.73,2.51,-59.27,-8.32,28.36
8,12,0.09988,-5.48,-0.80,2.75,-59.93,-8.22,28.68
8,13,0.10889,-5.98,-0.87,2.98,-55.25,-7.76,26.44
8,14,0.11707,-6.42,-0.91,3.14,-54.48,-5.34,18.66
8,15,0.12503,-6.86,-0.95,3.29,-55.56,-5.48,19.16
8,16,0.13327,-7.31,-1.00,3.44,-53.70,-5.68,18.52
8,17,0.14157,-7.75,-1.04,3.59,-53.31,-5.26,18.38
8,18,0.14993,-8.19,-1.09,3.75,-52.92,-5.41,18.25
8,19,0.15820,-8.63,-1.13,3.90,-53.51,-5.28,18.45
8,20,0.16708,-8.99,-1.15,3.95,-39.86,-1.82,5.84
8,21,0.17548,-9.34,-1.16,4.00,-42.18,-1.74,6.18
8,22,0.18320,-9.70,-1.18,4.06,-45.85,-1.89,6.72
8,23,0.19168,-10.05,-1.19,4.11,-41.73,-1.90,6.12
8,24,0.20010,-10.28,-1.18,4.05,-27.54,1.96,-6.88
8,25,0.20840,-10.51,-1.16,3.99,-27.94,1.90,-6.99
8,26,0.21725,-10.75,-1.15,3.93,-26.21,1.79,-6.55
8,27,0.22574,-10.98,-1.13,3.88,-27.34,1.96,-6.83
8,28,0.23361,-11.07,-1.09,3.73,-12.02,5.25,-18.60
8,29,0.24188,-11.17,-1.05,3.58,-11.44,4.99,-17.71
8,30,0.25034,-11.26,-1.00,3.44,-11.19,5.07,-17.33
8,31,0.25900,-11.36,-0.96,3.29,-10.92,4.76,-16.90
8,32,0.26755,-11.34,-0.92,3.15,1.43,4.65,-16.43
8,33,0.27594,-11.33,-0.88,3.01,1.45,4.92,-16.73
8,34,0.28375,-11.32,-0.84,2.87,1.56,5.08,-17.97
8,35,0.29205,-11.31,-0.80,2.73,1.47,4.79,-16.91
8,36,0.30032,-11.29,-0.76,2.59,1.48,5.00,-16.97
8,37,0.30920,-11.28,-0.72,2.45,1.37,4.47,-15.81
8,38,0.31702,-11.23,-0.70,2.39,6.64,2.18,-7.81
8,39,0.32602,-11.18,-0.69,2.33,5.76,1.89,-6.78
8,40,0.33371,-11.13,-0.67,2.26,6.75,2.21,-7.94
8,41,0.34198,-11.07,-0.65,2.20,6.27,2.25,-7.38
8,42,0.35028,-10.94,-0.67,2.28,16.54,-2.78,9.56
8,43,0.35907,-10.80,-0.70,2.36,15.62,-2.45,9.03
8,44,0.36768,-10.66,-0.72,2.44,15.96,-2.50,9.22
8,45,0.37549,-10.53,-0.74,2.52,17.58,-3.16,10.16
8,46,0.38373,-10.34,-0.79,2.71,22.59,-6.32,22.59
8,47,0.39206,-10.15,-0.85,2.89,22.34,-6.44,22.34
8,48,0.40063,-9.97,-0.90,3.08,21.71,-6.07,21.71
8,49,0.40884,-9.78,-0.95,3.27,22.68,-6.54,22.68
8,50,0.41769,-9.59,-1.01,3.45,21.03,-5.88,21.03
8,51,0.42596,-9.41,-1.06,3.64,22.51,-6.49,22.51
8,52,0.43378,-9.22,-1.11,3.82,23.83,-6.66,23.83
8,53,0.44211,-9.04,-1.17,4.01,22.34,-6.44,22.34
8,54,0.45047,-8.85,-1.22,4.20,22.26,-6.23,22.26
8,55,0.45929,-8.66,-1.27,4.38,21.11,-6.08,21.11
8,56,0.46719,-8.51,-1.34,4.64,18.92,-9.36,32.82
8,57,0.47601,-8.36,-1.42,4.90,16.96,-8.19,29.41
8,58,0.48380,-8.22,-1.49,5.16,19.22,-9.71,33.33
8,59,0.49222,-8.07,-1.57,5.42,17.75,-8.73,30.80
8,60,0.50058,-7.92,-1.64,5.68,17.88,-8.92,31.02
8,61,0.50931,-7.77,-1.72,5.94,17.13,-8.68,29.72
8,62,0.51712,-7.62,-1.79,6.20,19.14,-9.63,33.20
8,63,0.52606,-7.47,-1.87,6.46,16.72,-8.36,29.01
8,64,0.53375,-7.32,-1.94,6.72,19.44,-9.66,33.73
8,65,0.54218,-7.17,-2.02,6.98,17.75,-8.95,30.80
8,66,0.55048,-7.02,-2.09,7.24,18.01,-9.22,31.25
8,67,0.55933,-6.87,-2.17,7.50,16.90,-8.23,29.31
8,68,0.56717,-6.64,-2.26,7.81,28.79,-12.01,40.47
8,69,0.57611,-6.42,-2.35,8.13,25.26,-10.35,35.49
8,70,0.58386,-6.19,-2.44,8.45,29.13,-11.73,40.94
8,71,0.59219,-5.97,-2.52,8.76,27.11,-8.86,38.10
8,72,0.60049,-5.65,-2.62,9.14,37.87,-12.98,45.22
8,73,0.60989,-5.34,-2.73,9.52,33.44,-11.21,40.26
8,74,0.61777,-4.91,-2.87,9.99,54.26,-17.19,59.69
8,75,0.62610,-4.48,-3.00,10.46,51.28,-15.87,56.41
8,76,0.63379,-3.94,-3.16,11.02,70.63,-20.78,73.02
8,77,0.64230,-3.40,-3.32,11.58,63.80,-18.77,65.95
8,78,0.65070,-2.73,-3.50,12.25,79.27,-22.38,79.27
8,79,0.65903,-2.07,-3.69,12.91,79.85,-22.73,79.85
8,80,0.66782,-1.29,-3.74,13.67,88.54,-5.20,86.46
8,81,0.67621,-0.51,-3.80,14.43,92.73,-7.10,90.55
8,82,0.68393,0.40,-3.87,15.29,117.39,-8.88,111.46
8,83,0.69226,1.30,-3.94,16.15,108.79,-8.16,103.30
8,84,0.70068,2.33,-4.01,17.09,122.10,-9.20,111.59
8,85,0.70905,3.36,-4.09,18.03,122.99,-9.09,112.41
8,86,0.71799,4.39,-4.17,18.97,115.02,-8.54,105.12
8,87,0.72620,5.42,-4.24,19.91,125.28,-9.26,114.50
8,88,0.73395,6.52,-4.29,20.84,142.91,-6.56,120.08
8,89,0.74246,7.63,-4.37,21.77,130.11,-8.71,109.32
8,90,0.75073,8.74,-4.44,22.71,133.95,-8.92,112.55
8,91,0.75922,9.85,-4.52,23.64,130.58,-8.74,109.71
8,92,0.76727,10.96,-4.59,24.57,137.50,-9.16,115.53
8,93,0.77631,12.06,-4.66,25.50,122.64,-8.21,103.04
8,94,0.78400,13.19,-4.73,26.35,146.43,-9.07,110.32
8,95,0.79236,14.32,-4.80,27.19,134.67,-8.39,101.46
8,96,0.80063,15.37,-4.87,27.95,126.94,-7.62,91.14
8,97,0.80923,16.42,-4.93,28.70,121.99,-7.37,87.59
8,98,0.81738,17.40,-4.99,29.38,120.22,-7.07,82.77
8,99,0.82629,18.37,-5.04,30.05,109.93,-6.42,75.68
8,100,0.83411,19.24,-5.09,30.63,110.55,-6.38,73.83
8,101,0.84256,20.10,-5.14,31.20,102.17,-5.89,68.23
8,102,0.85062,20.84,-5.19,31.69,91.29,-5.23,60.23
8,103,0.85928,21.57,-5.23,32.17,84.86,-4.81,55.99
8,104,0.86798,22.20,-5.26,32.58,71.93,-4.11,47.02
8,105,0.87576,22.82,-5.30,32.99,80.39,-4.55,52.55
8,106,0.88403,23.28,-5.33,33.29,55.72,-3.20,36.53
8,107,0.89246,23.75,-5.35,33.60,54.71,-3.09,35.87
8,108,0.90079,24.21,-5.38,33.90,55.31,-3.13,36.26
8,109,0.90912,24.67,-5.40,34.20,55.31,-3.17,36.26
8,110,0.91800,25.02,-5.42,34.42,39.52,-2.23,25.09
8,111,0.92636,25.37,-5.44,34.65,41.97,-2.33,26.64
8,112,0.93417,25.63,-5.46,34.80,33.20,-1.77,19.92
8,113,0.94250,25.89,-5.47,34.95,31.14,-1.69,18.32
8,114,0.95071,26.01,-5.48,34.99,14.87,-0.54,4.46
8,115,0.95914,26.13,-5.48,35.03,14.49,-0.57,4.35
8,116,0.96802,26.11,-5.47,34.92,-2.06,0.69,-11.68
8,117,0.97635,26.10,-5.47,34.82,-2.20,0.72,-12.82
8,118,0.98413,25.95,-5.45,34.56,-18.82,2.25,-33.73
8,119,0.99243,25.80,-5.43,34.29,-17.65,2.08,-31.99
8,120,1.00089,25.52,-5.40,33.84,-32.85,3.57,-53.43
8,121,1.00937,25.25,-5.37,33.39,-32.73,3.55,-53.24
8,122,1.01746,24.83,-5.33,32.72,-51.32,5.48,-81.89
8,123,1.02637,24.41,-5.28,32.06,-46.92,5.02,-74.32
8,124,1.03409,23.87,-5.23,31.18,-70.36,7.65,-114.62
8,125,1.04248,23.33,-5.17,30.29,-64.73,7.07,-105.45
8,126,1.05075,22.67,-5.09,29.21,-80.07,8.74,-130.26
8,127,1.05939,22.00,-5.02,28.13,-76.68,8.35,-125.09
8,128,1.06750,21.18,-4.93,26.82,-101.13,10.91,-162.03
8,129,1.07654,20.36,-4.84,25.50,-90.88,9.76,-145.61
8,130,1.08414,19.54,-4.76,24.19,-108.03,11.60,-173.09
8,131,1.09256,18.72,-4.67,22.87,-97.46,10.47,-156.16
8,132,1.10080,17.87,-4.58,21.55,-103.33,10.81,-160.00
8,133,1.10953,17.02,-4.49,20.24,-97.55,10.24,-151.05
8,134,1.11801,16.13,-4.41,19.10,-104.32,9.42,-133.81
8,135,1.12598,15.25,-4.33,17.97,-110.73,10.03,-142.53
8,136,1.13425,14.43,-4.26,16.93,-99.26,8.87,-124.72
8,137,1.14261,13.61,-4.18,15.90,-98.18,8.72,-123.36
8,138,1.15079,12.96,-4.12,15.05,-78.73,7.35,-104.85
8,139,1.15924,12.32,-4.06,14.19,-75.81,7.05,-101.44
8,140,1.16809,11.94,-3.86,13.57,-43.79,23.43,-70.00
8,141,1.17682,11.55,-3.68,12.95,-44.41,20.20,-70.63
8,142,1.18420,11.36,-3.56,12.55,-25.21,15.86,-54.96
8,143,1.19269,11.18,-3.42,12.14,-21.94,16.47,-47.84
8,144,1.20081,11.19,-3.38,11.94,1.50,5.28,-24.44
8,145,1.20923,11.20,-3.32,11.74,1.45,6.86,-23.55
8,146,1.21838,11.29,-3.32,11.69,10.00,0.71,-6.00
8,147,1.22653,11.38,-3.30,11.63,11.24,1.95,-6.74
8,148,1.23431,11.47,-3.29,11.58,11.76,2.02,-7.06
8,149,1.24280,11.57,-3.27,11.52,10.79,1.84,-6.47
8,150,1.25092,11.70,-3.30,11.62,16.54,-4.15,12.41
8,151,1.25937,11.83,-3.33,11.72,15.88,-3.44,11.91
8,152,1.26764,11.97,-3.36,11.83,16.24,-3.33,12.18
9,0,0.00000,0.00,0.00,0.00,26.02,-1.06,32.71
9,1,0.00836,0.21,-0.01,0.27,25.55,-1.00,32.12
9,2,0.01721,0.51,-0.02,0.65,33.45,-1.38,43.10
9,3,0.02551,0.81,-0.03,1.03,35.66,-1.46,45.96
9,4,0.03336,1.10,-0.05,1.41,37.74,-1.57,48.64
9,5,0.04163,1.40,-0.06,1.79,35.79,-1.45,46.13
9,6,0.04996,1.72,-0.07,2.25,38.10,-1.81,54.21
9,7,0.05841,2.03,-0.09,2.70,37.55,-1.80,53.43
9,8,0.06723,2.35,-0.10,3.15,35.99,-1.72,51.21
9,9,0.07495,2.67,-0.12,3.60,41.11,-1.95,58.50
9,10,0.08389,2.98,-0.13,4.05,35.49,-1.69,50.51
9,11,0.09177,3.30,-0.15,4.50,40.31,-1.91,57.36
9,12,0.09998,3.62,-0.16,4.96,38.66,-1.84,55.02
9,13,0.10828,3.94,-0.18,5.41,38.24,-1.83,54.41
9,14,0.11722,4.16,-0.19,5.82,24.91,-1.72,46.08
9,15,0.12546,4.38,-0.21,6.23,27.04,-1.84,50.00
9,16,0.13330,4.61,-0.22,6.64,28.40,-1.94,52.53
9,17,0.14166,4.83,-0.24,7.06,26.64,-1.81,49.27
9,18,0.14999,5.05,-0.25,7.47,26.74,-1.82,49.45
9,19,0.15829,5.27,-0.27,7.88,26.84,-1.84,49.63
9,20,0.16727,5.38,-0.28,8.22,12.24,-1.58,38.10
9,21,0.17563,5.49,-0.30,8.56,13.14,-1.70,40.88
9,22,0.18344,5.60,-0.31,8.91,14.06,-1.81,43.75
9,23,0.19171,5.71,-0.33,9.25,13.28,-1.73,41.33
9,24,0.20007,5.69,-0.34,9.48,-2.19,-1.41,28.47
9,25,0.20837,5.68,-0.35,9.72,-2.21,-1.42,28.68
9,26,0.21671,5.66,-0.36,9.96,-2.20,-1.43,28.57
9,27,0.22556,5.64,-0.37,10.20,-2.07,-1.34,26.90
9,28,0.23395,5.51,-0.38,10.32,-15.27,-1.02,14.18
9,29,0.24182,5.38,-0.39,10.44,-16.67,-1.10,15.50
9,30,0.25006,5.25,-0.40,10.56,-15.56,-1.03,14.44
9,31,0.25833,5.12,-0.41,10.68,-15.50,-1.00,14.02
9,32,0.26727,4.98,-0.41,10.69,-15.70,-0.40,1.37
9,33,0.27505,4.84,-0.41,10.70,-18.04,-0.46,1.57
9,34,0.28400,4.70,-0.42,10.71,-15.70,-0.38,1.37
9,35,0.29178,4.56,-0.42,10.72,-18.04,-0.46,1.57
9,36,0.30011,4.42,-0.42,10.74,-16.85,-0.42,1.47
9,37,0.30847,4.28,-0.43,10.75,-16.79,-0.41,1.09
9,38,0.31677,4.21,-0.43,10.71,-8.46,0.04,-4.78
9,39,0.32559,4.14,-0.43,10.67,-7.96,0.04,-4.50
9,40,0.33344,4.07,-0.43,10.63,-8.95,0.06,-5.06
9,41,0.34186,4.00,-0.43,10.58,-7.97,0.07,-5.07
9,42,0.35013,4.06,-0.42,10.43,6.64,1.02,-18.08
9,43,0.35852,4.11,-0.41,10.28,6.55,1.01,-17.82
9,44,0.36746,4.17,-0.40,10.13,6.14,0.94,-16.72
9,45,0.37576,4.22,-0.39,9.99,6.62,1.01,-18.01
9,46,0.38348,4.38,-0.38,9.77,19.76,1.75,-28.06
9,47,0.39175,4.53,-0.37,9.55,18.45,1.67,-26.20
9,48,0.40018,4.68,-0.35,9.34,18.12,1.62,-25.72
9,49,0.40848,4.83,-0.34,9.12,18.38,1.66,-26.10
9,50,0.41736,4.99,-0.32,8.90,17.18,1.53,-24.40
9,51,0.42566,5.14,-0.31,8.69,18.38,1.64,-26.10
9,52,0.43356,5.29,-0.30,8.47,19.31,1.74,-27.41
9,53,0.44189,5.44,-0.28,8.25,18.32,1.63,-26.01
9,54,0.45020,5.60,-0.27,8.04,18.38,1.66,-26.10
9,55,0.45856,5.75,-0.26,7.82,18.61,1.61,-25.55
9,56,0.46716,5.98,-0.24,7.63,26.95,1.62,-21.99
9,57,0.47577,6.22,-0.23,7.44,26.95,1.63,-21.99
9,58,0.48361,6.45,-0.21,7.25,29.57,1.79,-24.12
9,59,0.49182,6.68,-0.20,7.06,28.25,1.72,-23.05
9,60,0.50031,6.91,-0.19,6.88,27.34,1.66,-22.30
9,61,0.50858,7.14,-0.17,6.69,28.04,1.67,-22.88
9,62,0.51688,7.38,-0.16,6.50,27.94,1.69,-22.79
9,63,0.52585,7.61,-0.14,6.31,25.85,1.57,-21.09
9,64,0.53421,7.84,-0.13,6.12,27.74,1.68,-22.63
9,65,0.54193,8.07,-0.12,5.93,30.04,1.82,-24.51
9,66,0.55032,8.30,-0.10,5.74,27.64,1.69,-22.55
9,67,0.55887,8.54,-0.09,5.55,27.14,1.64,-22.50
9,68,0.56744,8.81,-0.07,5.27,32.03,2.23,-32.03
9,69,0.57529,9.09,-0.05,5.00,35.02,2.41,-35.02
9,70,0.58426,9.36,-0.03,4.72,30.61,2.15,-30.61
9,71,0.59198,9.63,-0.01,4.45,35.57,2.48,-35.97
9,72,0.60028,9.95,0.01,4.07,38.60,2.97,-44.85
9,73,0.60855,10.28,0.04,3.70,38.75,3.01,-45.39
9,74,0.61749,10.67,0.07,3.20,43.69,3.60,-55.63
9,75,0.62582,11.06,0.10,2.70,47.25,3.92,-60.44
9,76,0.63367,11.52,0.14,2.07,59.14,5.09,-80.16
9,77,0.64197,11.99,0.18,1.44,56.25,4.87,-76.10
9,78,0.65042,12.54,0.23,0.67,64.62,5.75,-90.61
9,79,0.65860,13.08,0.28,-0.10,66.79,5.93,-94.03
9,80,0.66751,13.70,0.34,-0.99,69.52,6.31,-100.34
9,81,0.67599,14.32,0.39,-1.89,73.38,6.66,-105.76
9,82,0.68375,15.05,0.46,-2.95,92.91,8.57,-137.40
9,83,0.69205,15.75,0.52,-4.00,84.56,7.86,-125.74
9,84,0.70038,16.50,0.60,-5.17,90.84,8.68,-140.29
9,85,0.70874,17.26,0.67,-6.34,90.51,8.67,-139.78
9,86,0.71750,18.02,0.74,-7.50,86.41,8.24,-133.45
9,87,0.72586,18.77,0.81,-8.68,90.51,8.70,-140.51
9,88,0.73431,19.51,0.89,-9.93,87.00,8.96,-147.65
9,89,0.74203,20.25,0.97,-11.18,95.26,9.80,-161.66
9,90,0.75049,20.98,1.04,-12.42,87.00,8.98,-147.65
9,91,0.75882,21.72,1.12,-13.67,88.28,9.08,-149.82
9,92,0.76758,22.45,1.19,-14.92,83.97,8.64,-142.51
9,93,0.77542,23.18,1.27,-16.17,93.00,9.65,-159.14
9,94,0.78439,23.83,1.34,-17.42,72.45,8.26,-139.46
9,95,0.79208,24.48,1.42,-18.66,84.13,9.60,-161.90
9,96,0.80051,25.05,1.48,-19.82,67.39,8.06,-137.68
9,97,0.80887,25.61,1.55,-20.98,67.52,8.10,-138.32
9,98,0.81766,26.11,1.61,-22.06,57.29,7.14,-122.57
9,99,0.82639,26.61,1.68,-23.13,56.99,7.11,-122.73
9,100,0.83453,27.06,1.73,-24.13,55.06,7.09,-122.47
9,101,0.84222,27.48,1.79,-25.06,54.37,6.98,-121.03
9,102,0.85056,27.84,1.83,-25.86,42.86,5.57,-96.70
9,103,0.85880,28.19,1.88,-26.65,42.59,5.55,-95.93
9,104,0.86740,28.49,2.14,-27.34,35.11,29.68,-79.43
9,105,0.87607,28.78,2.34,-28.00,33.80,23.85,-76.76
9,106,0.88385,29.00,2.50,-28.51,28.63,20.21,-64.71
9,107,0.89215,29.23,2.66,-29.01,26.84,18.75,-60.66
9,108,0.90048,29.45,2.81,-29.51,26.74,18.78,-60.44
9,109,0.90881,29.66,2.96,-30.00,25.64,18.26,-58.97
9,110,0.91714,29.82,3.08,-30.39,19.41,14.18,-45.79
9,111,0.92609,29.98,3.20,-30.76,17.41,12.77,-41.30
9,112,0.93387,30.09,3.28,-31.04,14.12,10.91,-36.08
9,113,0.94305,30.19,3.36,-31.30,10.63,8.55,-28.57
9,114,0.95056,30.20,3.39,-31.42,2.03,4.45,-16.67
9,115,0.95892,30.21,3.42,-31.53,0.36,3.24,-12.77
9,116,0.96756,30.11,3.40,-31.49,-11.66,-2.81,4.24
9,117,0.97614,29.99,3.37,-31.44,-13.52,-3.53,6.05
9,118,0.98459,29.75,3.29,-31.25,-27.80,-9.55,22.38
9,119,0.99234,29.50,3.20,-31.05,-33.07,-11.40,26.77
9,120,1.00058,29.10,3.05,-30.70,-48.52,-17.47,42.22
9,121,1.00894,28.68,2.90,-30.33,-50.36,-18.12,44.16
9,122,1.01736,28.09,2.69,-29.81,-69.20,-25.03,61.59
9,123,1.02560,27.49,2.47,-29.27,-73.33,-26.80,65.56
9,124,1.03445,26.71,2.19,-28.59,-88.62,-31.83,76.90
9,125,1.04224,25.90,1.90,-27.89,-103.14,-37.13,89.80
9,126,1.05063,24.95,1.84,-27.06,-113.82,-7.26,98.91
9,127,1.05896,23.97,1.77,-26.21,-117.58,-8.15,102.56
9,128,1.06732,22.81,1.70,-25.18,-139.05,-8.85,122.63
9,129,1.07550,21.64,1.62,-24.15,-142.16,-9.05,125.37
9,130,1.08447,20.48,1.55,-23.13,-129.59,-8.26,114.29
9,131,1.09216,19.32,1.47,-22.10,-151.19,-9.63,133.73
9,132,1.10052,18.16,1.40,-21.04,-138.69,-9.04,126.64
9,133,1.10892,17.02,1.32,-19.98,-135.64,-8.94,126.18
9,134,1.11746,16.05,1.25,-18.92,-113.93,-8.38,123.93
9,135,1.12616,15.08,1.18,-17.87,-110.88,-8.17,120.70
9,136,1.13397,14.20,1.11,-16.89,-112.89,-8.44,125.78
9,137,1.14224,13.33,1.05,-15.93,-104.80,-7.81,115.87
9,138,1.15070,12.59,1.00,-15.16,-87.36,-6.27,91.70
9,139,1.15894,11.88,0.95,-14.42,-87.04,-6.17,90.00
9,140,1.16751,11.33,0.91,-13.93,-63.70,-4.07,56.58
9,141,1.17633,10.81,0.88,-13.47,-59.52,-3.76,51.90
9,142,1.18402,10.44,0.86,-13.22,-48.02,-2.60,32.94
9,143,1.19232,10.09,0.84,-12.99,-42.28,-2.20,27.21
9,144,1.20071,9.89,0.83,-12.97,-23.64,-0.63,2.55
9,145,1.20901,9.70,0.83,-12.96,-22.06,-0.51,1.10
9,146,1.21738,9.63,0.83,-13.05,-8.39,0.31,-9.85
9,147,1.22617,9.56,0.84,-13.13,-7.99,0.28,-9.38
9,148,1.23465,9.49,0.84,-13.21,-8.27,0.29,-9.71
9,149,1.24234,9.44,0.84,-13.30,-6.75,0.41,-11.51
9,150,1.25073,9.52,0.85,-13.45,9.09,1.07,-17.82
9,151,1.25903,9.59,0.86,-13.60,9.19,1.04,-18.01
9,152,1.26752,9.67,0.87,-13.75,8.99,1.04,-17.63
10,0,0.00000,0.00,0.00,0.00,-7.69,-1.71,40.66
10,1,0.00778,-0.06,-0.01,0.34,-8.24,-1.83,43.53
10,2,0.01614,-0.16,-0.03,0.81,-11.31,-2.35,56.57
10,3,0.02444,-0.25,-0.05,1.28,-11.40,-2.42,56.99
10,4,0.03281,-0.35,-0.07,1.76,-11.31,-2.25,56.57
10,5,0.04117,-0.44,-0.09,2.23,-11.31,-2.35,56.57
10,6,0.05002,-0.58,-0.11,2.76,-15.17,-2.17,60.34
10,7,0.05832,-0.71,-0.13,3.30,-16.18,-2.31,64.34
10,8,0.06610,-0.85,-0.15,3.83,-17.25,-2.55,68.63
10,9,0.07443,-0.98,-0.17,4.37,-16.12,-2.25,64.10
10,10,0.08310,-1.11,-0.19,4.90,-15.49,-2.22,61.62
10,11,0.09180,-1.25,-0.21,5.44,-15.44,-2.21,61.40
10,12,0.10013,-1.38,-0.23,5.97,-16.12,-2.30,64.10
10,13,0.10840,-1.52,-0.25,6.50,-16.24,-2.28,64.58
10,14,0.11615,-1.68,-0.26,6.94,-21.26,-1.31,56.69
10,15,0.12442,-1.85,-0.27,7.38,-19.93,-1.28,53.14
10,16,0.13287,-2.01,-0.28,7.82,-19.49,-1.11,51.99
10,17,0.14172,-2.18,-0.29,8.26,-18.62,-1.19,49.66
10,18,0.14954,-2.34,-0.30,8.70,-21.09,-1.20,56.25
10,19,0.15836,-2.51,-0.31,9.14,-18.69,-1.15,49.83
10,20,0.16632,-2.69,-0.31,9.45,-23.37,0.06,38.70
10,21,0.17459,-2.88,-0.30,9.76,-22.51,0.09,37.27
10,22,0.18283,-3.06,-0.30,10.06,-22.59,0.05,37.41
10,23,0.19180,-3.25,-0.30,10.37,-20.75,0.09,34.35
10,24,0.20020,-3.44,-0.29,10.52,-22.91,1.41,17.09
10,25,0.20789,-3.63,-0.28,10.66,-25.00,1.44,18.65
10,26,0.21622,-3.83,-0.27,10.80,-23.08,1.38,17.22
10,27,0.22452,-4.02,-0.26,10.94,-23.16,1.46,16.91
10,28,0.23282,-4.19,-0.24,10.93,-20.96,2.38,-2.21
10,29,0.24197,-4.37,-0.22,10.91,-19.00,2.19,-2.00
10,30,0.25006,-4.54,-0.20,10.89,-21.51,2.40,-2.26
10,31,0.25800,-4.71,-0.18,10.87,-21.92,2.53,-2.31
10,32,0.26630,-4.82,-0.16,10.77,-12.13,2.03,-11.76
10,33,0.27451,-4.92,-0.14,10.68,-12.27,2.05,-11.90
10,34,0.28293,-5.02,-0.13,10.58,-11.96,2.00,-11.59
10,35,0.29129,-5.12,-0.11,10.48,-12.04,2.06,-11.68
10,36,0.30023,-5.22,-0.09,10.38,-11.26,1.89,-10.92
10,37,0.30856,-5.32,-0.08,10.28,-12.09,2.06,-11.72
10,38,0.31622,-5.33,-0.07,10.21,-1.99,0.85,-10.36
10,39,0.32462,-5.35,-0.06,10.13,-1.82,0.78,-9.45
10,40,0.33307,-5.36,-0.06,10.05,-1.81,0.77,-9.39
10,41,0.34189,-5.38,-0.05,9.97,-1.73,0.78,-9.00
10,42,0.34964,-5.23,-0.06,9.91,18.90,-1.63,-7.48
10,43,0.35849,-5.09,-0.07,9.85,16.55,-1.34,-6.55
10,44,0.36627,-4.94,-0.09,9.79,18.82,-1.53,-7.45
10,45,0.37460,-4.79,-0.10,9.74,17.95,-1.51,-6.96
10,46,0.38300,-4.53,-0.12,9.71,31.27,-3.08,-3.27
10,47,0.39209,-4.27,-0.15,9.68,28.86,-2.98,-3.02
10,48,0.39969,-4.00,-0.18,9.65,34.54,-3.40,-3.61
10,49,0.40860,-3.74,-0.20,9.63,29.45,-2.99,-3.08
10,50,0.41638,-3.48,-0.23,9.60,33.73,-3.38,-3.53
10,51,0.42468,-3.22,-0.26,9.57,31.62,-3.17,-3.31
10,52,0.43295,-2.95,-0.28,9.54,31.73,-3.27,-3.32
10,53,0.44199,-2.69,-0.31,9.52,29.05,-2.86,-3.04
10,54,0.44962,-2.43,-0.34,9.49,34.40,-3.45,-3.60
10,55,0.45895,-2.17,-0.36,9.46,28.10,-2.85,-2.94
10,56,0.46631,-1.87,-0.40,9.51,40.25,-4.72,6.64
10,57,0.47467,-1.57,-0.43,9.56,35.40,-4.15,5.84
10,58,0.48291,-1.28,-0.47,9.61,35.93,-4.31,5.93
10,59,0.49197,-0.98,-0.50,9.66,32.66,-3.75,5.39
10,60,0.50021,-0.69,-0.54,9.70,35.93,-4.26,5.93
10,61,0.50803,-0.39,-0.57,9.75,37.89,-4.45,6.25
10,62,0.51642,-0.09,-0.61,9.80,35.27,-4.14,5.82
10,63,0.52469,0.20,-0.64,9.85,35.79,-4.24,5.90
10,64,0.53305,0.50,-0.68,9.90,35.40,-4.15,5.84
10,65,0.54202,0.79,-0.71,9.95,32.99,-3.87,5.44
10,66,0.54974,1.09,-0.75,10.00,38.34,-4.50,6.32
10,67,0.55865,1.39,-0.78,10.05,33.22,-3.98,5.48
10,68,0.56638,1.77,-0.82,10.07,50.20,-5.50,3.56
10,69,0.57480,2.16,-0.87,10.10,46.01,-5.13,3.26
10,70,0.58319,2.55,-0.91,10.13,46.18,-5.24,3.27
10,71,0.59143,2.94,-0.95,10.16,47.04,-5.19,3.33
10,72,0.59976,3.43,-1.01,10.15,58.97,-6.34,-0.37
10,73,0.60873,3.92,-1.06,10.15,54.76,-5.85,-0.34
10,74,0.61639,4.55,-1.12,10.12,82.47,-8.55,-3.98
10,75,0.62479,5.18,-1.19,10.09,75.27,-7.85,-3.64
10,76,0.63318,5.96,-1.27,10.03,92.73,-9.49,-7.27
10,77,0.64200,6.74,-1.35,9.97,88.24,-9.00,-6.92
10,78,0.64984,7.67,-1.44,9.88,119.07,-12.07,-11.28
10,79,0.65887,8.61,-1.54,9.79,103.38,-10.48,-9.80
10,80,0.66647,9.69,-1.65,9.67,142.17,-14.26,-15.26
10,81,0.67484,10.77,-1.76,9.56,129.20,-13.05,-13.87
10,82,0.68317,12.01,-1.88,9.41,148.72,-14.75,-17.95
10,83,0.69205,13.25,-2.00,9.26,139.86,-13.96,-16.84
10,84,0.69989,14.63,-2.14,9.07,175.88,-17.27,-24.51
10,85,0.70892,16.01,-2.27,8.87,152.70,-15.07,-21.28
10,86,0.71655,17.39,-2.41,8.68,180.80,-17.75,-25.20
10,87,0.72498,18.77,-2.55,8.49,163.77,-16.17,-22.83
10,88,0.73318,20.19,-2.68,8.23,173.61,-16.60,-31.97
10,89,0.74219,21.62,-2.82,7.97,158.31,-15.13,-29.15
10,90,0.75043,23.04,-2.95,7.70,172.96,-16.54,-31.85
10,91,0.75894,24.47,-3.09,7.44,167.38,-16.08,-30.82
10,92,0.76657,25.89,-3.23,7.18,186.80,-17.80,-34.40
10,93,0.77490,27.32,-3.36,6.92,171.06,-16.39,-31.50
10,94,0.78326,28.69,-3.49,6.59,163.87,-15.04,-39.42
10,95,0.79166,30.06,-3.62,6.26,163.27,-15.03,-39.27
10,96,0.80048,31.30,-3.73,5.93,141.52,-12.88,-37.37
10,97,0.80884,32.55,-3.84,5.60,149.27,-13.51,-39.42
10,98,0.81656,33.70,-3.94,5.27,148.22,-13.21,-42.29
10,99,0.82495,34.84,-4.05,4.94,136.36,-12.19,-38.91
10,100,0.83328,35.84,-4.13,4.64,119.41,-10.56,-35.90
10,101,0.84219,36.83,-4.22,4.35,111.64,-9.87,-33.56
10,102,0.84995,37.67,-4.30,4.09,108.66,-9.51,-33.46
10,103,0.85892,38.52,-4.37,3.83,93.88,-8.26,-28.91
10,104,0.86676,39.23,-4.43,3.60,91.05,-7.98,-28.40
10,105,0.87509,39.94,-4.50,3.38,85.71,-7.51,-26.74
10,106,0.88336,40.47,-4.54,3.22,63.47,-5.55,-19.93
10,107,0.89218,40.99,-4.59,3.05,59.52,-5.20,-18.69
10,108,0.89999,41.52,-4.63,2.89,67.19,-5.92,-21.09
10,109,0.90887,42.04,-4.68,2.72,59.11,-5.13,-18.56
10,110,0.91663,42.44,-4.71,2.59,50.79,-4.44,-16.54
10,111,0.92499,42.83,-4.75,2.47,47.08,-4.07,-15.33
10,112,0.93326,43.12,-4.77,2.37,34.32,-2.90,-12.18
10,113,0.94196,43.40,-4.80,2.26,32.63,-2.85,-11.58
10,114,0.95053,43.51,-4.80,2.19,12.46,-0.75,-8.19
10,115,0.95831,43.61,-4.81,2.12,13.73,-0.93,-9.02
10,116,0.96677,43.52,-4.80,2.07,-10.83,1.58,-6.14
10,117,0.97504,43.43,-4.78,2.02,-11.44,1.61,-6.27
10,118,0.98328,43.13,-4.75,1.97,-35.93,4.31,-6.67
10,119,0.99252,42.83,-4.71,1.91,-32.01,3.77,-5.94
10,120,1.00058,42.31,-4.65,1.84,-65.15,7.57,-9.09
10,121,1.00827,41.78,-4.59,1.76,-68.25,7.93,-9.52
10,122,1.01675,41.01,-4.50,1.66,-91.37,10.52,-11.87
10,123,1.02502,40.23,-4.41,1.56,-93.73,10.84,-12.18
10,124,1.03336,39.21,-4.29,1.42,-123.44,14.33,-17.58
10,125,1.04202,38.18,-4.17,1.27,-118.66,13.82,-16.90
10,126,1.05017,36.92,-4.03,1.09,-153.93,17.82,-21.72
10,127,1.05899,35.67,-3.88,0.92,-142.21,16.55,-20.07
10,128,1.06671,34.13,-3.70,0.71,-198.81,22.96,-26.48
10,129,1.07510,32.60,-3.53,0.51,-182.91,21.12,-24.36
10,130,1.08331,31.06,-3.35,0.30,-186.99,21.63,-24.91
10,131,1.09219,29.53,-3.17,0.10,-172.85,20.00,-23.02
10,132,1.10071,27.97,-2.99,-0.09,-183.15,20.92,-21.51
10,133,1.10840,26.41,-2.81,-0.27,-202.78,23.32,-23.81
10,134,1.11676,24.97,-2.66,-0.31,-171.90,18.76,-5.11
10,135,1.12518,23.54,-2.50,-0.35,-170.65,18.53,-5.07
10,136,1.13333,22.22,-2.36,-0.38,-161.80,17.63,-3.00
10,137,1.14236,20.90,-2.22,-0.40,-145.95,15.77,-2.70
10,138,1.15067,19.83,-2.10,-0.45,-129.04,14.29,-5.88
10,139,1.15903,18.76,-1.98,-0.50,-128.10,14.04,-5.84
10,140,1.16681,18.03,-1.90,-0.60,-92.94,10.75,-12.16
10,141,1.17548,17.31,-1.81,-0.69,-83.45,9.61,-10.92
10,142,1.18353,16.88,-1.76,-0.80,-53.79,6.65,-14.02
10,143,1.19238,16.44,-1.71,-0.92,-48.97,6.08,-13.10
10,144,1.20081,16.30,-1.68,-1.06,-17.39,2.88,-16.30
10,145,1.20923,16.15,-1.66,-1.19,-17.03,2.80,-16.30
10,146,1.21680,16.17,-1.65,-1.30,2.02,0.70,-14.11
10,147,1.22528,16.18,-1.65,-1.41,1.80,0.59,-12.59
10,148,1.23349,16.20,-1.64,-1.51,1.86,0.60,-13.01
10,149,1.24228,16.21,-1.64,-1.62,1.74,0.61,-12.15
10,150,1.25079,16.38,-1.65,-1.66,19.00,-1.73,-4.66
10,151,1.25861,16.54,-1.67,-1.70,20.70,-1.92,-5.08
10,152,1.26688,16.70,-1.68,-1.74,19.56,-1.78,-4.80
11,0,0.00000,0.00,0.00,0.00,19.12,-4.35,36.76
11,1,0.00824,0.16,-0.04,0.31,19.26,-4.38,37.04
11,2,0.01666,0.38,-0.09,0.73,26.09,-5.98,50.72
11,3,0.02484,0.60,-0.14,1.16,26.87,-6.16,52.24
11,4,0.03339,0.82,-0.19,1.59,25.71,-5.94,50.00
11,5,0.04169,1.04,-0.24,2.01,26.47,-6.07,51.47
11,6,0.05035,1.26,-0.29,2.52,26.06,-6.42,58.10
11,7,0.05847,1.49,-0.35,3.02,27.82,-6.90,62.03
11,8,0.06665,1.72,-0.41,3.52,27.61,-6.81,61.57
11,9,0.07520,1.94,-0.46,4.03,26.43,-6.61,58.93
11,10,0.08350,2.17,-0.52,4.53,27.21,-6.71,60.66
11,11,0.09192,2.39,-0.57,5.04,26.81,-6.61,59.78
11,12,0.10004,2.62,-0.63,5.54,27.82,-6.90,62.03
11,13,0.10852,2.84,-0.68,6.04,26.62,-6.56,59.35
11,14,0.11682,2.99,-0.73,6.49,17.28,-5.31,53.68
11,15,0.12488,3.13,-0.77,6.93,17.80,-5.33,55.30
11,16,0.13342,3.27,-0.82,7.38,16.79,-5.07,52.14
11,17,0.14185,3.42,-0.86,7.82,17.03,-5.15,52.90
11,18,0.15009,3.56,-0.90,8.27,17.41,-5.26,54.07
11,19,0.15845,3.70,-0.95,8.72,17.15,-5.22,53.28
11,20,0.16656,3.75,-0.97,9.07,5.64,-3.30,43.98
11,21,0.17499,3.80,-1.00,9.43,5.43,-3.33,42.39
11,22,0.18365,3.84,-1.03,9.79,5.28,-3.14,41.20
11,23,0.19214,3.89,-1.06,10.14,5.40,-3.21,42.09
11,24,0.20032,3.82,-1.06,10.38,-7.84,-0.92,28.36
11,25,0.20874,3.76,-1.07,10.61,-7.61,-0.89,27.54
11,26,0.21710,3.70,-1.08,10.84,-7.66,-0.94,27.74
11,27,0.22510,3.63,-1.09,11.07,-8.02,-0.98,29.01
11,28,0.23364,3.48,-1.08,11.16,-17.50,1.19,10.71
11,29,0.24164,3.33,-1.07,11.25,-18.70,1.31,11.45
11,30,0.25018,3.18,-1.05,11.35,-17.50,1.19,10.71
11,31,0.25891,3.03,-1.04,11.44,-17.13,1.17,10.49
11,32,0.26672,2.89,-1.03,11.42,-17.97,2.04,-1.95
11,33,0.27509,2.75,-1.01,11.41,-16.79,1.95,-1.82
11,34,0.28418,2.61,-1.00,11.39,-15.44,1.71,-1.68
11,35,0.29163,2.47,-0.98,11.38,-18.85,2.24,-2.05
11,36,0.30005,2.33,-0.96,11.36,-16.67,1.85,-1.81
11,37,0.30878,2.19,-0.95,11.35,-16.08,1.86,-1.75
11,38,0.31677,2.13,-0.94,11.29,-7.63,1.21,-6.49
11,39,0.32544,2.07,-0.93,11.24,-7.04,1.16,-5.99
11,40,0.33411,2.01,-0.92,11.19,-7.04,1.08,-5.99
11,41,0.34241,1.95,-0.91,11.14,-7.35,1.21,-6.25
11,42,0.35022,2.03,-0.91,11.00,10.16,-0.00,-17.58
11,43,0.35852,2.11,-0.91,10.86,9.56,0.04,-16.54
11,44,0.36652,2.19,-0.91,10.73,9.92,-0.00,-17.18
11,45,0.37488,2.27,-0.91,10.59,9.85,0.00,-16.42
11,46,0.38373,2.46,-0.92,10.41,21.38,-1.01,-20.69
11,47,0.39166,2.65,-0.93,10.22,23.85,-1.08,-23.08
11,48,0.40021,2.84,-0.94,10.04,22.14,-1.05,-21.43
11,49,0.40869,3.02,-0.94,9.86,22.30,-1.10,-21.58
11,50,0.41663,3.21,-0.95,9.67,23.85,-0.99,-23.08
11,51,0.42511,3.40,-0.96,9.49,22.30,-1.05,-21.58
11,52,0.43347,3.59,-0.97,9.31,22.63,-1.12,-21.90
11,53,0.44214,3.78,-0.98,9.12,21.83,-0.94,-21.13
11,54,0.45020,3.97,-0.99,8.94,23.48,-1.07,-22.73
11,55,0.45807,4.16,-1.00,8.76,24.03,-1.19,-23.26
11,56,0.46661,4.42,-1.02,8.62,30.71,-2.17,-16.79
11,57,0.47479,4.68,-1.04,8.47,32.09,-2.36,-17.54
11,58,0.48352,4.95,-1.05,8.33,30.07,-2.18,-16.43
11,59,0.49146,5.21,-1.07,8.18,33.08,-2.44,-18.08
11,60,0.50031,5.47,-1.09,8.04,29.66,-2.18,-16.21
11,61,0.50818,5.73,-1.11,7.90,33.33,-2.41,-18.22
11,62,0.51685,6.00,-1.13,7.75,30.28,-2.19,-16.55
11,63,0.52496,6.26,-1.15,7.61,32.33,-2.34,-17.67
11,64,0.53363,6.52,-1.17,7.47,30.28,-2.28,-16.55
11,65,0.54199,6.78,-1.19,7.32,31.39,-2.22,-17.15
11,66,0.54993,7.05,-1.21,7.18,33.08,-2.44,-18.08
11,67,0.55884,7.31,-1.23,7.04,29.45,-2.13,-16.10
11,68,0.56683,7.63,-1.25,6.82,40.08,-2.55,-27.48
11,69,0.57532,7.95,-1.27,6.60,37.77,-2.45,-25.90
11,70,0.58344,8.27,-1.29,6.38,39.47,-2.51,-27.07
11,71,0.59210,8.59,-1.31,6.16,36.97,-2.39,-25.35
11,72,0.60040,8.98,-1.33,5.85,46.32,-2.64,-36.76
11,73,0.60870,9.36,-1.35,5.55,46.32,-2.64,-36.76
11,74,0.61664,9.84,-1.38,5.13,60.38,-3.17,-52.31
11,75,0.62518,10.32,-1.40,4.72,56.07,-3.00,-48.57
11,76,0.63330,10.89,-1.43,4.19,70.68,-3.48,-65.41
11,77,0.64191,11.47,-1.46,3.66,66.67,-3.28,-61.70
11,78,0.65021,12.14,-1.49,3.01,81.62,-3.80,-78.31
11,79,0.65906,12.82,-1.52,2.36,76.55,-3.60,-73.45
11,80,0.66675,13.60,-1.56,1.60,100.79,-4.57,-98.81
11,81,0.67505,14.37,-1.59,0.84,93.38,-4.27,-91.54
11,82,0.68341,15.25,-1.63,-0.05,105.11,-4.61,-106.20
11,83,0.69165,16.13,-1.67,-0.94,107.04,-4.67,-107.78
11,84,0.70026,17.09,-1.71,-1.95,111.70,-4.59,-117.02
11,85,0.70831,18.05,-1.75,-2.95,119.32,-5.00,-125.00
11,86,0.71735,19.02,-1.79,-3.96,106.42,-4.41,-111.49
11,87,0.72552,19.98,-1.83,-4.97,117.54,-4.82,-123.13
11,88,0.73389,20.93,-1.86,-6.06,114.23,-4.03,-130.29
11,89,0.74176,21.89,-1.90,-7.15,121.32,-4.38,-138.37
11,90,0.75037,22.84,-1.93,-8.24,110.99,-3.90,-126.60
11,91,0.75873,23.80,-1.97,-9.33,114.23,-4.03,-130.29
11,92,0.76672,24.75,-2.00,-10.42,119.47,-4.26,-136.26
11,93,0.77490,25.71,-2.03,-11.51,116.79,-4.16,-133.21
11,94,0.78400,26.58,-2.06,-12.61,95.97,-2.64,-121.81
11,95,0.79205,27.45,-2.08,-13.72,108.33,-2.94,-137.50
11,96,0.80035,28.23,-2.03,-14.76,93.38,6.46,-124.63
11,97,0.80829,29.00,-1.88,-15.79,97.69,18.95,-130.38
11,98,0.81696,29.70,-1.82,-16.75,80.28,7.04,-111.27
11,99,0.82501,30.40,-1.75,-17.72,86.36,7.61,-119.70
11,100,0.83350,30.99,-1.70,-18.57,70.14,6.33,-100.36
11,101,0.84167,31.59,-1.65,-19.42,72.76,6.55,-104.10
11,102,0.85004,32.09,-1.60,-20.14,59.85,5.43,-86.50
11,103,0.85876,32.59,-1.56,-20.87,57.34,5.20,-82.87
11,104,0.86688,33.01,-1.52,-21.48,52.26,4.79,-75.94
11,105,0.87500,33.44,-1.48,-22.10,52.26,4.75,-75.94
11,106,0.88312,33.75,-1.45,-22.56,38.35,3.52,-56.02
11,107,0.89166,34.06,-1.42,-23.01,36.43,3.33,-53.21
11,108,0.90057,34.37,-1.39,-23.46,34.93,3.20,-51.03
11,109,0.90894,34.68,-1.36,-23.92,37.23,3.41,-54.38
11,110,0.91669,34.91,-1.34,-24.26,29.53,2.77,-44.49
11,111,0.92499,35.14,-1.32,-24.61,27.57,2.59,-41.54
11,112,0.93341,35.30,-1.31,-24.87,18.84,1.86,-30.43
11,113,0.94238,35.46,-1.29,-25.12,17.69,1.76,-28.57
11,114,0.95068,35.49,-1.28,-25.24,4.78,0.81,-14.71
11,115,0.95905,35.53,-1.28,-25.37,4.74,0.81,-14.60
11,116,0.96655,35.43,-1.28,-25.35,-14.23,-0.40,2.03
11,117,0.97522,35.32,-1.28,-25.34,-12.32,-0.35,1.76
11,118,0.98352,35.06,-1.30,-25.20,-31.99,-1.49,16.91
11,119,0.99170,34.79,-1.31,-25.05,-32.84,-1.51,17.16
11,120,1.00018,34.33,-1.33,-24.79,-53.96,-2.67,31.65
11,121,1.00854,33.87,-1.35,-24.52,-54.74,-2.71,32.12
11,122,1.01697,33.20,-1.39,-24.11,-79.35,-3.97,47.83
11,123,1.02496,32.53,-1.42,-23.71,-83.59,-4.21,50.38
11,124,1.03369,31.64,-1.46,-23.19,-102.80,-5.05,60.14
11,125,1.04163,30.74,-1.51,-22.66,-113.08,-5.57,66.15
11,126,1.04999,29.65,-1.56,-22.02,-130.66,-6.44,76.28
11,127,1.05835,28.56,-1.62,-21.39,-130.66,-6.43,76.28
11,128,1.06659,27.22,-1.52,-20.60,-161.85,11.29,95.93
11,129,1.07520,25.89,-1.53,-19.81,-154.96,-0.82,91.84
11,130,1.08356,24.55,-1.44,-19.02,-159.49,11.12,94.53
11,131,1.09210,23.22,-1.34,-18.23,-156.07,10.93,92.50
11,132,1.10016,21.88,-1.25,-17.40,-165.91,11.41,102.27
11,133,1.10846,20.55,-1.16,-16.58,-161.03,11.03,99.26
11,134,1.11658,19.39,-1.09,-15.72,-142.11,8.51,106.02
11,135,1.12573,18.24,-1.02,-14.86,-126.00,7.59,94.00
11,136,1.13354,17.19,-0.96,-14.05,-134.38,7.98,102.73
11,137,1.14172,16.14,-0.90,-13.25,-128.36,7.61,97.76
11,138,1.15009,15.27,-0.84,-12.63,-104.01,6.44,74.82
11,139,1.15912,14.40,-0.79,-12.00,-96.28,5.96,69.26
11,140,1.16656,13.78,-0.75,-11.63,-84.02,5.84,50.41
11,141,1.17499,13.15,-0.70,-11.25,-74.28,5.21,44.57
11,142,1.18341,12.74,-0.67,-11.07,-48.91,3.85,21.38
11,143,1.19165,12.33,-0.64,-10.89,-49.63,4.01,21.48
11,144,1.20081,12.13,-0.61,-10.91,-21.67,2.44,-2.00
11,145,1.20850,11.93,-0.59,-10.93,-25.79,2.95,-2.38
11,146,1.21698,11.88,-0.58,-11.03,-6.47,1.34,-11.15
11,147,1.22534,11.82,-0.57,-11.12,-6.57,1.40,-11.31
11,148,1.23358,11.77,-0.56,-11.22,-6.67,1.43,-11.48
11,149,1.24152,11.72,-0.55,-11.31,-6.54,1.48,-11.92
11,150,1.25024,11.82,-0.55,-11.44,11.89,-0.35,-15.03
11,151,1.25879,11.92,-0.55,-11.57,12.14,-0.35,-15.36
11,152,1.26685,12.03,-0.55,-11.70,12.88,-0.33,-16.29
12,0,0.00000,0.00,0.00,0.00,39.93,-1.60,13.06
12,1,0.00830,0.33,-0.01,0.11,39.34,-1.58,12.87
12,2,0.01666,0.78,-0.03,0.26,54.38,-2.10,18.25
12,3,0.02521,1.24,-0.05,0.41,53.21,-2.15,17.86
12,4,0.03326,1.69,-0.07,0.56,56.44,-2.28,18.94
12,5,0.04181,2.15,-0.09,0.72,53.21,-2.10,17.86
12,6,0.05005,2.66,-0.11,0.92,62.22,-2.64,24.44
12,7,0.05865,3.17,-0.13,1.12,59.57,-2.58,23.40
12,8,0.06683,3.68,-0.15,1.32,62.69,-2.66,24.63
12,9,0.07495,4.20,-0.17,1.52,63.16,-2.68,24.81
12,10,0.08331,4.71,-0.20,1.72,61.31,-2.65,24.09
12,11,0.09198,5.22,-0.22,1.93,59.15,-2.55,23.24
12,12,0.10016,5.73,-0.24,2.13,62.69,-2.71,24.63
12,13,0.10858,6.25,-0.26,2.33,60.87,-2.59,23.91
12,14,0.11676,6.66,-0.28,2.55,50.75,-2.53,26.87
12,15,0.12543,7.08,-0.30,2.77,47.89,-2.43,25.35
12,16,0.13330,7.49,-0.32,2.99,52.71,-2.63,27.91
12,17,0.14178,7.91,-0.34,3.21,48.92,-2.44,25.90
12,18,0.15088,8.32,-0.36,3.43,45.64,-2.28,24.16
12,19,0.15857,8.74,-0.39,3.65,53.97,-2.74,28.57
12,20,0.16693,9.02,-0.40,3.87,33.58,-2.14,26.64
12,21,0.17523,9.30,-0.42,4.09,33.82,-2.20,26.84
12,22,0.18347,9.58,-0.44,4.32,34.07,-2.17,27.04
12,23,0.19208,9.86,-0.46,4.54,32.62,-2.08,25.89
12,24,0.20044,9.98,-0.47,4.75,13.87,-1.68,25.18
12,25,0.20892,10.09,-0.49,4.96,13.67,-1.61,24.82
12,26,0.21704,10.21,-0.50,5.17,14.29,-1.73,25.94
12,27,0.22516,10.32,-0.51,5.38,14.29,-1.68,25.94
12,28,0.23346,10.28,-0.52,5.55,-4.78,-1.02,20.59
12,29,0.24194,10.24,-0.53,5.72,-4.68,-0.95,20.14
12,30,0.25067,10.21,-0.54,5.89,-4.55,-0.93,19.58
12,31,0.25842,10.17,-0.55,6.06,-5.12,-1.09,22.05
12,32,0.26709,10.06,-0.55,6.15,-12.68,-0.23,9.86
12,33,0.27545,9.95,-0.55,6.23,-13.14,-0.28,10.22
12,34,0.28375,9.84,-0.55,6.32,-13.24,-0.28,10.29
12,35,0.29248,9.73,-0.56,6.41,-12.59,-0.23,9.79
12,36,0.30066,9.62,-0.56,6.49,-13.43,-0.28,10.45
12,37,0.30823,9.51,-0.56,6.58,-14.52,-0.26,11.29
12,38,0.31696,9.43,-0.56,6.58,-9.09,0.18,0.70
12,39,0.32568,9.35,-0.56,6.59,-9.09,0.14,0.70
12,40,0.33411,9.27,-0.56,6.59,-9.42,0.15,0.72
12,41,0.34222,9.19,-0.55,6.60,-9.77,0.20,0.75
12,42,0.35010,9.15,-0.54,6.45,-4.65,1.12,-19.38
12,43,0.35858,9.12,-0.54,6.30,-4.32,1.08,-17.99
12,44,0.36743,9.08,-0.53,6.14,-4.14,0.99,-17.24
12,45,0.37561,9.04,-0.52,5.99,-4.48,1.12,-18.66
12,46,0.38336,9.05,-0.50,5.73,0.79,1.78,-33.86
12,47,0.39240,9.05,-0.49,5.47,0.68,1.52,-29.05
12,48,0.40015,9.06,-0.48,5.20,0.79,1.83,-33.86
12,49,0.40851,9.07,-0.46,4.94,0.73,1.65,-31.39
12,50,0.41681,9.07,-0.45,4.68,0.74,1.66,-31.62
12,51,0.42560,9.08,-0.43,4.42,0.69,1.61,-29.86
12,52,0.43359,9.09,-0.42,4.15,0.76,1.72,-32.82
12,53,0.44220,9.09,-0.41,3.89,0.71,1.60,-30.50
12,54,0.45038,9.10,-0.39,3.63,0.75,1.73,-32.09
12,55,0.45862,9.10,-0.38,3.37,0.74,1.67,-31.85
12,56,0.46698,9.19,-0.37,3.08,10.22,1.59,-34.31
12,57,0.47559,9.27,-0.35,2.79,9.93,1.59,-33.33
12,58,0.48358,9.36,-0.34,2.51,10.69,1.67,-35.88
12,59,0.49207,9.45,-0.33,2.22,10.07,1.58,-33.81
12,60,0.50037,9.53,-0.31,1.93,10.29,1.61,-34.56
12,61,0.50879,9.62,-0.30,1.64,10.14,1.63,-34.06
12,62,0.51715,9.70,-0.28,1.36,10.22,1.60,-34.31
12,63,0.52570,9.79,-0.27,1.07,10.00,1.57,-33.57
12,64,0.53339,9.87,-0.26,0.78,11.11,1.78,-37.30
12,65,0.54211,9.96,-0.24,0.50,9.79,1.53,-32.87
12,66,0.55078,10.04,-0.23,0.21,9.86,1.54,-33.10
12,67,0.55859,10.13,-0.22,-0.08,10.94,1.76,-36.72
12,68,0.56714,10.21,-0.20,-0.46,8.93,2.18,-44.64
12,69,0.57532,10.28,-0.18,-0.84,9.33,2.32,-46.64
12,70,0.58325,10.36,-0.16,-1.22,9.62,2.30,-48.08
12,71,0.59180,10.43,-0.14,-1.60,8.93,2.22,-44.64
12,72,0.60028,10.49,-0.12,-2.09,7.19,2.92,-57.19
12,73,0.60858,10.56,-0.09,-2.57,7.35,2.93,-58.46
12,74,0.61664,10.60,-0.06,-3.20,6.06,4.08,-78.41
12,75,0.62531,10.65,-0.03,-3.84,5.63,3.75,-72.89
12,76,0.63330,10.69,0.01,-4.62,4.58,5.15,-97.71
12,77,0.64166,10.73,0.05,-5.40,4.38,4.92,-93.43
12,78,0.65015,10.76,0.10,-6.34,3.60,5.83,-110.79
12,79,0.65833,10.79,0.15,-7.28,3.73,6.09,-114.93
12,80,0.66663,10.81,0.21,-8.36,2.57,6.92,-130.88
12,81,0.67517,10.83,0.27,-9.45,2.50,6.73,-127.14
12,82,0.68317,10.84,0.34,-10.70,1.15,8.36,-156.11
12,83,0.69177,10.85,0.40,-11.95,1.06,7.72,-145.04
12,84,0.70020,10.83,0.48,-13.34,-2.17,8.86,-165.22
12,85,0.70831,10.81,0.55,-14.73,-2.26,9.23,-171.43
12,86,0.71680,10.79,0.63,-16.12,-2.16,8.79,-164.03
12,87,0.72528,10.78,0.70,-17.51,-2.16,8.83,-164.03
12,88,0.73315,10.70,0.78,-18.96,-10.08,10.06,-183.72
12,89,0.74152,10.62,0.86,-20.41,-9.49,9.43,-172.99
12,90,0.75024,10.54,0.94,-21.85,-9.09,9.08,-165.73
12,91,0.75842,10.46,1.35,-23.30,-9.70,50.41,-176.87
12,92,0.76691,10.38,1.76,-24.75,-9.35,48.27,-170.50
12,93,0.77545,10.30,2.17,-26.19,-9.29,48.48,-169.29
12,94,0.78339,10.15,2.57,-27.59,-19.23,50.33,-176.54
12,95,0.79193,9.99,2.97,-28.99,-17.86,46.92,-163.93
12,96,0.80011,9.82,3.40,-30.28,-20.90,51.72,-156.72
12,97,0.80841,9.65,3.73,-31.56,-20.59,39.95,-154.41
12,98,0.81665,9.47,4.04,-32.73,-21.85,37.81,-142.59
12,99,0.82526,9.29,4.38,-33.91,-20.92,39.16,-136.52
12,100,0.83350,9.12,4.67,-34.93,-20.74,35.31,-124.44
12,101,0.84229,8.95,4.96,-35.96,-19.44,33.46,-116.67
12,102,0.84991,8.80,5.21,-36.83,-19.60,32.37,-113.60
12,103,0.85876,8.65,5.46,-37.69,-16.90,27.91,-97.93
12,104,0.86676,8.52,5.67,-38.43,-16.03,26.38,-91.98
12,105,0.87555,8.40,5.88,-39.16,-14.58,24.00,-83.68
12,106,0.88342,8.30,6.03,-39.71,-12.02,19.59,-68.99
12,107,0.89178,8.21,6.19,-40.25,-11.31,18.45,-64.96
12,108,0.89996,8.11,6.34,-40.79,-11.57,19.05,-66.42
12,109,0.90839,8.02,6.50,-41.34,-11.23,18.50,-64.49
12,110,0.91681,7.94,6.62,-41.74,-9.06,13.85,-48.55
12,111,0.92517,7.86,6.73,-42.15,-9.12,14.03,-48.54
12,112,0.93335,7.80,6.82,-42.44,-7.84,10.19,-35.82
12,113,0.94214,7.74,6.90,-42.74,-7.29,9.49,-33.33
12,114,0.95001,7.68,6.93,-42.85,-7.36,3.83,-14.34
12,115,0.95844,7.62,6.96,-42.96,-6.88,3.95,-13.41
12,116,0.96661,7.56,6.94,-42.88,-7.84,-3.09,10.45
12,117,0.97516,7.49,6.91,-42.79,-7.50,-2.77,10.00
12,118,0.98370,7.40,6.83,-42.50,-10.71,-9.72,33.57
12,119,0.99170,7.31,6.75,-42.21,-11.45,-10.30,36.26
12,120,1.00000,7.17,6.60,-41.70,-16.91,-17.72,61.76
12,121,1.00830,7.03,6.46,-41.19,-16.91,-17.53,61.76
12,122,1.01654,6.83,6.24,-40.43,-23.70,-26.37,91.85
12,123,1.02527,6.63,6.02,-39.68,-22.73,-24.90,86.71
12,124,1.03345,6.36,5.73,-38.67,-33.58,-35.15,122.39
12,125,1.04156,6.09,5.45,-37.67,-33.83,-35.53,123.68
12,126,1.05011,5.75,5.10,-36.45,-38.93,-40.85,142.86
12,127,1.05853,5.42,4.74,-35.23,-39.49,-41.74,145.29
12,128,1.06689,5.02,4.32,-33.72,-47.81,-51.33,179.93
12,129,1.07544,4.62,3.89,-32.22,-46.43,-50.28,175.36
12,130,1.08350,4.23,3.45,-30.73,-49.24,-53.84,185.98
12,131,1.09192,3.83,2.97,-29.23,-47.10,-57.63,177.90
12,132,1.10010,3.45,2.59,-27.70,-46.27,-45.82,186.19
12,133,1.10858,3.07,2.16,-26.18,-44.60,-51.28,179.50
12,134,1.11670,2.85,1.75,-24.76,-27.44,-50.19,175.19
12,135,1.12500,2.63,1.34,-23.34,-26.84,-48.98,170.96
12,136,1.13336,2.44,1.13,-22.03,-22.99,-26.06,156.20
12,137,1.14178,2.25,1.06,-20.73,-22.46,-7.80,154.71
12,138,1.15002,2.06,1.01,-19.67,-22.22,-6.34,128.15
12,139,1.15833,1.88,0.95,-18.62,-22.06,-6.32,126.84
12,140,1.16669,1.69,0.92,-17.92,-22.26,-3.99,84.31
12,141,1.17517,1.51,0.89,-17.21,-21.94,-3.96,82.73
12,142,1.18347,1.34,0.87,-16.80,-20.22,-2.26,50.00
12,143,1.19171,1.17,0.85,-16.39,-20.37,-2.21,50.00
12,144,1.20038,1.02,0.85,-16.26,-17.61,-0.38,14.79
12,145,1.20868,0.87,0.84,-16.13,-18.38,-0.43,15.07
12,146,1.21661,0.76,0.85,-16.17,-13.08,0.52,-3.85
12,147,1.22510,0.66,0.85,-16.20,-12.23,0.44,-3.60
12,148,1.23340,0.56,0.86,-16.23,-12.50,0.50,-3.68
12,149,1.24188,0.45,0.86,-16.26,-12.23,0.44,-3.60
12,150,1.25012,0.43,0.87,-16.42,-2.22,1.10,-20.00
12,151,1.25854,0.42,0.88,-16.59,-2.17,1.12,-19.57
12,152,1.26678,0.40,0.89,-16.75,-2.22,1.10,-20.00
13,0,0.00000,0.00,0.00,0.00,19.49,-1.34,36.40
13,1,0.00830,0.16,-0.01,0.30,19.49,-1.36,36.40
13,2,0.01648,0.38,-0.03,0.73,26.87,-1.96,52.24
13,3,0.02527,0.60,-0.04,1.16,25.00,-1.81,48.61
13,4,0.03369,0.82,-0.06,1.58,26.09,-1.91,50.72
13,5,0.04181,1.04,-0.08,2.01,27.07,-1.96,52.63
13,6,0.04999,1.27,-0.09,2.51,27.99,-2.38,61.57
13,7,0.05841,1.50,-0.11,3.02,27.17,-2.32,59.78
13,8,0.06647,1.73,-0.13,3.52,28.41,-2.40,62.50
13,9,0.07550,1.96,-0.15,4.03,25.34,-2.18,55.74
13,10,0.08313,2.19,-0.17,4.53,30.00,-2.54,66.00
13,11,0.09161,2.41,-0.19,5.03,26.98,-2.29,59.35
13,12,0.09991,2.64,-0.21,5.54,27.57,-2.34,60.66
13,13,0.10834,2.87,-0.23,6.04,27.17,-2.34,59.78
13,14,0.11664,3.02,-0.25,6.48,17.28,-2.21,53.68
13,15,0.12512,3.16,-0.27,6.93,16.91,-2.20,52.52
13,16,0.13330,3.30,-0.29,7.38,17.54,-2.24,54.48
13,17,0.14185,3.45,-0.31,7.82,16.79,-2.17,52.14
13,18,0.15002,3.59,-0.32,8.27,17.54,-2.27,54.48
13,19,0.15826,3.73,-0.34,8.71,17.41,-2.23,54.07
13,20,0.16669,3.78,-0.36,9.07,5.43,-1.94,42.39
13,21,0.17523,3.82,-0.37,9.43,5.36,-1.90,41.79
13,22,0.18335,3.87,-0.39,9.78,5.64,-2.00,43.98
13,23,0.19165,3.92,-0.41,10.14,5.51,-1.98,43.01
13,24,0.20001,3.85,-0.42,10.37,-7.66,-1.50,27.74
13,25,0.20825,3.79,-0.43,10.60,-7.78,-1.50,28.15
13,26,0.21661,3.72,-0.44,10.84,-7.66,-1.50,27.74
13,27,0.22485,3.66,-0.46,11.07,-7.78,-1.53,28.15
13,28,0.23315,3.51,-0.47,11.16,-18.01,-0.93,11.40
13,29,0.24170,3.36,-0.47,11.26,-17.50,-0.90,11.07
13,30,0.24988,3.21,-0.48,11.35,-18.28,-0.95,11.57
13,31,0.25824,3.06,-0.49,11.45,-17.88,-0.92,11.31
13,32,0.26648,2.92,-0.49,11.43,-17.04,-0.27,-1.85
13,33,0.27521,2.78,-0.49,11.42,-16.08,-0.24,-1.75
13,34,0.28326,2.64,-0.49,11.40,-17.42,-0.28,-1.89
13,35,0.29175,2.50,-0.50,11.39,-16.55,-0.26,-1.80
13,36,0.29999,2.36,-0.50,11.37,-17.04,-0.27,-1.85
13,37,0.30798,2.22,-0.50,11.36,-17.56,-0.30,-1.91
13,38,0.31671,2.16,-0.50,11.30,-6.99,0.14,-5.94
13,39,0.32501,2.10,-0.50,11.25,-7.35,0.14,-6.25
13,40,0.33337,2.04,-0.50,11.20,-7.30,0.15,-6.20
13,41,0.34186,1.97,-0.50,11.15,-7.19,0.16,-6.12
13,42,0.34991,2.05,-0.49,11.01,9.85,1.03,-17.05
13,43,0.35834,2.13,-0.48,10.87,9.42,0.96,-16.30
13,44,0.36658,2.21,-0.47,10.74,9.63,1.02,-16.67
13,45,0.37524,2.29,-0.46,10.60,9.15,0.96,-15.85
13,46,0.38330,2.48,-0.45,10.42,23.48,1.60,-22.73
13,47,0.39178,2.67,-0.44,10.23,22.30,1.51,-21.58
13,48,0.40009,2.86,-0.43,10.05,22.79,1.53,-22.06
13,49,0.40826,3.05,-0.41,9.87,23.13,1.57,-22.39
13,50,0.41638,3.24,-0.40,9.68,23.31,1.60,-22.56
13,51,0.42505,3.43,-0.39,9.50,21.83,1.48,-21.13
13,52,0.43353,3.62,-0.37,9.32,22.30,1.49,-21.58
13,53,0.44171,3.81,-0.36,9.13,23.13,1.59,-22.39
13,54,0.44995,3.99,-0.35,8.95,22.96,1.55,-22.22
13,55,0.45813,4.18,-0.34,8.77,23.13,1.56,-22.39
13,56,0.46686,4.45,-0.32,8.62,30.07,1.43,-16.43
13,57,0.47534,4.71,-0.31,8.48,30.94,1.48,-16.91
13,58,0.48340,4.97,-0.30,8.34,32.58,1.54,-17.80
13,59,0.49164,5.23,-0.29,8.19,31.85,1.51,-17.41
13,60,0.50012,5.50,-0.27,8.05,30.94,1.46,-16.91
13,61,0.50830,5.76,-0.26,7.91,32.09,1.53,-17.54
13,62,0.51666,6.02,-0.25,7.76,31.39,1.48,-17.15
13,63,0.52515,6.28,-0.24,7.62,30.94,1.46,-16.91
13,64,0.53345,6.55,-0.22,7.48,31.62,1.49,-17.28
13,65,0.54181,6.81,-0.21,7.33,31.39,1.51,-17.15
13,66,0.55017,7.07,-0.20,7.19,31.39,1.48,-17.15
13,67,0.55853,7.33,-0.19,7.05,31.39,1.48,-17.15
13,68,0.56665,7.65,-0.17,6.83,39.47,2.13,-27.07
13,69,0.57501,7.97,-0.15,6.61,38.32,2.08,-26.28
13,70,0.58331,8.29,-0.13,6.39,38.60,2.09,-26.47
13,71,0.59161,8.62,-0.12,6.17,38.60,2.10,-26.47
13,72,0.60028,9.00,-0.09,5.86,44.01,2.63,-35.21
13,73,0.60815,9.38,-0.07,5.56,48.45,2.88,-38.76
13,74,0.61688,9.85,-0.04,5.14,54.55,3.47,-47.90
13,75,0.62500,10.33,-0.01,4.72,58.65,3.70,-51.50
13,76,0.63330,10.90,0.03,4.19,68.75,4.54,-63.97
13,77,0.64172,11.47,0.06,3.66,67.75,4.46,-63.04
13,78,0.65033,12.15,0.11,3.01,78.72,5.32,-75.53
13,79,0.65820,12.83,0.16,2.36,86.05,5.82,-82.56
13,80,0.66656,13.60,0.21,1.60,92.34,6.33,-91.24
13,81,0.67505,14.37,0.26,0.83,91.01,6.25,-89.93
13,82,0.68329,15.25,0.32,-0.05,106.67,7.46,-107.78
13,83,0.69196,16.13,0.39,-0.94,101.41,7.07,-102.46
13,84,0.69989,17.09,0.45,-1.95,121.15,8.70,-127.31
13,85,0.70825,18.05,0.52,-2.96,114.96,8.27,-120.80
13,86,0.71686,19.03,0.59,-3.99,113.48,8.13,-119.15
13,87,0.72522,19.99,0.66,-5.00,114.96,8.24,-120.80
13,88,0.73346,20.94,0.73,-6.09,115.56,8.83,-132.22
13,89,0.74176,21.89,0.81,-7.18,114.71,8.74,-131.25
13,90,0.75037,22.85,0.88,-8.27,110.64,8.44,-126.60
13,91,0.75842,23.80,0.95,-9.36,118.18,9.03,-135.23
13,92,0.76721,24.75,1.24,-10.45,108.33,32.50,-123.96
13,93,0.77515,25.70,1.65,-11.54,119.62,51.43,-137.69
13,94,0.78363,26.57,2.05,-12.65,102.52,47.18,-130.94
13,95,0.79181,27.44,2.44,-13.76,106.34,48.66,-135.45
13,96,0.80029,28.21,2.81,-14.79,91.01,43.37,-122.30
13,97,0.80847,28.98,3.18,-15.83,94.40,44.80,-126.49
13,98,0.81677,29.68,3.52,-16.80,83.46,40.85,-116.54
13,99,0.82507,30.36,3.86,-17.76,83.09,40.70,-116.18
13,100,0.83356,30.96,4.15,-18.61,70.14,34.82,-100.36
13,101,0.84186,31.55,4.45,-19.46,71.32,35.63,-102.21
13,102,0.85016,32.05,4.70,-20.19,59.93,30.24,-87.50
13,103,0.85846,32.55,4.95,-20.91,59.93,30.15,-87.13
13,104,0.86676,32.97,5.16,-21.53,50.74,25.69,-74.26
13,105,0.87543,33.39,5.37,-22.14,48.59,24.51,-70.77
13,106,0.88354,33.70,5.53,-22.60,38.35,19.27,-56.02
13,107,0.89227,34.01,5.69,-23.05,35.66,18.01,-52.10
13,108,0.90039,34.32,5.85,-23.50,38.35,19.47,-56.02
13,109,0.90845,34.63,6.04,-23.96,38.26,23.90,-56.44
13,110,0.91669,34.86,6.14,-24.30,27.78,12.71,-41.85
13,111,0.92517,35.09,6.26,-24.65,26.98,13.45,-40.65
13,112,0.93341,35.25,6.33,-24.91,19.26,9.40,-31.11
13,113,0.94183,35.41,6.42,-25.16,18.84,9.97,-30.07
13,114,0.95007,35.45,6.45,-25.28,4.81,3.71,-14.81
13,115,0.95868,35.48,6.48,-25.40,4.26,3.82,-13.83
13,116,0.96667,35.38,6.46,-25.38,-13.36,-2.69,1.91
13,117,0.97516,35.27,6.44,-25.37,-12.95,-2.32,2.16
13,118,0.98395,35.00,6.36,-25.23,-30.21,-8.68,15.97
13,119,0.99188,34.73,6.29,-25.08,-34.23,-9.74,18.08
13,120,1.00049,34.27,6.15,-24.81,-53.19,-16.14,31.21
13,121,1.00854,33.81,6.01,-24.54,-57.58,-17.41,33.71
13,122,1.01709,33.14,5.80,-24.14,-78.21,-24.75,47.14
13,123,1.02515,32.46,5.59,-23.73,-83.71,-25.94,50.38
13,124,1.03363,31.57,5.37,-23.21,-105.40,-25.12,61.87
13,125,1.04181,30.67,5.11,-22.68,-110.07,-31.89,64.55
13,126,1.05005,29.58,4.80,-22.04,-132.59,-38.33,77.78
13,127,1.05841,28.48,4.48,-21.40,-131.02,-37.92,77.01
13,128,1.06665,27.15,4.09,-20.60,-161.48,-47.06,96.30
13,129,1.07532,25.82,3.70,-19.81,-153.52,-44.92,91.55
13,130,1.08398,24.49,3.32,-19.02,-153.52,-44.74,91.55
13,131,1.09186,23.16,2.93,-18.22,-168.99,-49.44,101.16
13,132,1.10022,21.83,2.53,-17.39,-159.49,-47.42,98.91
13,133,1.10846,20.50,2.13,-16.56,-161.48,-48.07,100.37
13,134,1.11700,19.34,1.75,-15.70,-135.00,-44.55,100.71
13,135,1.12531,18.19,1.38,-14.84,-138.60,-45.52,103.68
13,136,1.13348,17.14,1.03,-14.04,-127.99,-42.80,98.13
13,137,1.14246,16.10,0.98,-13.24,-116.33,-5.29,88.78
13,138,1.15021,15.23,0.93,-12.62,-112.20,-6.25,80.71
13,139,1.15845,14.37,0.88,-12.00,-104.81,-5.82,75.19
13,140,1.16693,13.74,0.85,-11.62,-73.74,-3.70,44.24
13,141,1.17499,13.12,0.82,-11.25,-76.89,-3.85,46.21
13,142,1.18353,12.71,0.80,-11.07,-47.86,-2.02,21.07
13,143,1.19214,12.31,0.79,-10.90,-47.16,-1.96,20.21
13,144,1.20026,12.11,0.78,-10.91,-24.44,-0.41,-1.88
13,145,1.20850,11.91,0.78,-10.93,-23.70,-0.39,-2.22
13,146,1.21710,11.86,0.78,-11.03,-6.38,0.39,-10.99
13,147,1.22504,11.80,0.79,-11.12,-6.92,0.43,-11.92
13,148,1.23364,11.75,0.79,-11.22,-6.38,0.39,-10.99
13,149,1.24170,11.70,0.79,-11.31,-6.06,0.45,-11.74
13,150,1.25031,11.80,0.80,-11.44,11.70,0.99,-15.25
13,151,1.25854,11.90,0.81,-11.57,12.22,1.02,-15.93
13,152,1.26685,12.00,0.82,-11.70,12.13,1.01,-15.81
14,0,0.00000,0.00,0.00,0.00,21.17,-1.26,35.04
14,1,0.00842,0.18,-0.01,0.29,21.01,-1.23,34.78
14,2,0.01642,0.42,-0.03,0.71,30.53,-1.87,51.91
14,3,0.02496,0.67,-0.04,1.12,28.57,-1.74,48.57
14,4,0.03333,0.91,-0.06,1.54,29.20,-1.79,49.64
14,5,0.04156,1.16,-0.07,1.96,30.00,-1.81,50.74
14,6,0.04993,1.42,-0.09,2.44,31.02,-2.17,58.39
14,7,0.05811,1.68,-0.11,2.93,31.72,-2.23,59.70
14,8,0.06677,1.93,-0.12,3.42,29.93,-2.07,56.34
14,9,0.07556,2.19,-0.14,3.91,29.51,-2.07,55.56
14,10,0.08356,2.45,-0.16,4.40,32.44,-2.26,61.07
14,11,0.09143,2.71,-0.18,4.89,32.95,-2.30,62.02
14,12,0.09973,2.97,-0.20,5.37,31.25,-2.19,58.82
14,13,0.10791,3.23,-0.21,5.86,31.34,-2.20,59.70
14,14,0.11676,3.40,-0.23,6.30,19.31,-1.99,49.31
14,15,0.12494,3.57,-0.25,6.74,20.90,-2.13,53.36
14,16,0.13324,3.74,-0.27,7.17,20.59,-2.10,52.57
14,17,0.14148,3.91,-0.28,7.61,20.74,-2.14,52.96
14,18,0.14978,4.08,-0.30,8.04,20.59,-2.09,52.57
14,19,0.15808,4.25,-0.32,8.48,20.59,-2.11,52.57
14,20,0.16632,4.32,-0.34,8.83,8.15,-1.89,42.59
14,21,0.17499,4.39,-0.35,9.18,7.75,-1.77,40.49
14,22,0.18304,4.46,-0.37,9.53,8.33,-1.93,43.56
14,23,0.19171,4.52,-0.38,9.88,7.75,-1.80,40.49
14,24,0.19983,4.47,-0.39,10.12,-6.02,-1.52,28.95
14,25,0.20807,4.43,-0.41,10.35,-5.93,-1.51,28.52
14,26,0.21698,4.38,-0.42,10.59,-5.48,-1.38,26.37
14,27,0.22516,4.33,-0.43,10.82,-5.97,-1.53,28.73
14,28,0.23297,4.18,-0.44,10.93,-18.36,-1.00,12.89
14,29,0.24225,4.04,-0.45,11.03,-15.46,-0.84,10.86
14,30,0.24982,3.90,-0.46,11.13,-18.95,-1.06,13.31
14,31,0.25824,3.75,-0.46,11.23,-17.03,-0.94,11.96
14,32,0.26672,3.61,-0.47,11.22,-16.55,-0.31,-0.72
14,33,0.27521,3.47,-0.47,11.22,-16.55,-0.30,-0.72
14,34,0.28357,3.33,-0.47,11.21,-16.79,-0.33,-0.73
14,35,0.29156,3.19,-0.47,11.20,-17.56,-0.32,-0.76
14,36,0.29993,3.05,-0.48,11.20,-16.79,-0.33,-0.73
14,37,0.30792,2.91,-0.48,11.19,-17.56,-0.32,-0.76
14,38,0.31653,2.85,-0.48,11.14,-7.45,0.11,-5.67
14,39,0.32495,2.78,-0.48,11.09,-7.61,0.13,-5.80
14,40,0.33350,2.72,-0.48,11.04,-7.50,0.11,-5.71
14,41,0.34155,2.66,-0.47,11.00,-7.95,0.12,-6.06
14,42,0.35010,2.73,-0.47,10.86,8.57,0.99,-16.43
14,43,0.35809,2.80,-0.46,10.71,9.16,1.03,-17.56
14,44,0.36652,2.87,-0.45,10.57,8.70,1.00,-16.67
14,45,0.37482,2.95,-0.44,10.43,8.82,0.99,-16.91
14,46,0.38330,3.12,-0.43,10.24,20.86,1.56,-23.02
14,47,0.39160,3.31,-0.42,10.04,21.69,1.60,-23.90
14,48,0.39978,3.48,-0.40,9.84,21.64,1.61,-23.88
14,49,0.40826,3.66,-0.39,9.65,20.86,1.57,-23.02
14,50,0.41681,3.84,-0.38,9.45,20.71,1.53,-22.86
14,51,0.42548,4.01,-0.36,9.26,20.42,1.51,-22.54
14,52,0.43359,4.19,-0.35,9.06,21.80,1.64,-24.06
14,53,0.44196,4.37,-0.34,8.87,21.17,1.56,-23.36
14,54,0.45007,4.54,-0.32,8.67,21.80,1.61,-24.06
14,55,0.45844,4.72,-0.31,8.48,21.53,1.60,-23.36
14,56,0.46729,4.98,-0.30,8.32,28.62,1.48,-18.28
14,57,0.47534,5.23,-0.28,8.15,31.44,1.64,-20.08
14,58,0.48334,5.48,-0.27,7.99,31.68,1.65,-20.23
14,59,0.49188,5.74,-0.26,7.83,29.64,1.53,-18.93
14,60,0.50012,5.99,-0.24,7.67,30.74,1.60,-19.63
14,61,0.50861,6.24,-0.23,7.51,29.86,1.55,-19.06
14,62,0.51685,6.50,-0.22,7.35,30.74,1.58,-19.63
14,63,0.52551,6.75,-0.20,7.18,29.23,1.52,-18.66
14,64,0.53363,7.00,-0.19,7.02,31.20,1.62,-19.92
14,65,0.54199,7.26,-0.18,6.86,30.29,1.56,-19.34
14,66,0.55029,7.51,-0.17,6.70,30.51,1.59,-19.49
14,67,0.55847,7.76,-0.15,6.54,30.97,1.61,-19.78
14,68,0.56665,8.07,-0.13,6.30,37.31,2.19,-29.10
14,69,0.57489,8.37,-0.12,6.06,37.04,2.17,-28.89
14,70,0.58331,8.68,-0.10,5.82,36.23,2.13,-28.26
14,71,0.59180,8.99,-0.08,5.58,36.33,2.13,-28.42
14,72,0.60040,9.35,-0.06,5.25,42.20,2.74,-38.30
14,73,0.60840,9.72,-0.03,4.92,45.80,2.96,-41.60
14,74,0.61700,10.17,-0.00,4.47,52.48,3.63,-51.77
14,75,0.62549,10.62,0.03,4.03,53.24,3.65,-52.88
14,76,0.63385,11.16,0.07,3.46,64.23,4.62,-67.52
14,77,0.64197,11.70,0.11,2.89,66.54,4.76,-69.92
14,78,0.65088,12.33,0.15,2.20,71.23,5.26,-77.74
14,79,0.65857,12.97,0.20,1.51,82.94,6.10,-90.08
14,80,0.66675,13.70,0.25,0.70,88.81,6.65,-98.88
14,81,0.67529,14.42,0.31,-0.11,85.00,6.36,-95.00
14,82,0.68341,15.25,0.37,-1.05,101.50,7.73,-115.79
14,83,0.69177,16.07,0.43,-2.00,98.54,7.53,-112.77
14,84,0.70020,16.97,0.51,-3.06,106.52,8.34,-126.45
14,85,0.70856,17.87,0.58,-4.13,107.66,8.43,-127.74
14,86,0.71661,18.77,0.65,-5.19,111.36,8.73,-132.20
14,87,0.72510,19.66,0.72,-6.27,105.76,8.31,-126.26
14,88,0.73389,20.55,1.22,-7.41,100.69,57.02,-130.56
14,89,0.74194,21.43,1.63,-8.56,109.85,51.09,-142.42
14,90,0.75031,22.32,2.04,-9.71,105.84,49.22,-137.23
14,91,0.75891,23.20,2.45,-10.86,102.84,47.73,-133.33
14,92,0.76660,24.09,2.86,-12.00,115.08,53.41,-149.21
14,93,0.77496,24.97,3.27,-13.15,105.47,49.17,-137.23
14,94,0.78381,25.77,3.68,-14.31,90.69,45.49,-131.03
14,95,0.79175,26.57,4.08,-15.47,100.77,50.59,-146.15
14,96,0.80005,27.28,4.45,-16.55,85.29,44.48,-130.15
14,97,0.80890,28.02,4.83,-17.68,83.79,43.72,-128.28
14,98,0.81726,28.65,5.17,-18.69,75.55,40.67,-120.44
14,99,0.82581,29.28,5.51,-19.69,73.21,39.33,-116.79
14,100,0.83447,29.82,5.81,-20.57,62.32,34.21,-102.11
14,101,0.84216,30.35,6.10,-21.45,69.44,38.25,-113.89
14,102,0.85052,30.80,6.35,-22.20,54.01,29.95,-90.15
14,103,0.85901,31.25,6.65,-22.95,52.88,35.44,-87.77
14,104,0.86737,31.64,6.84,-23.59,45.99,22.85,-76.64
14,105,0.87561,32.01,7.04,-24.22,45.56,23.71,-76.30
14,106,0.88403,32.29,7.18,-24.69,33.33,17.21,-56.16
14,107,0.89227,32.57,7.33,-25.16,34.07,17.84,-57.41
14,108,0.90100,32.86,7.47,-25.64,32.17,16.21,-54.20
14,109,0.90906,33.13,7.60,-26.10,34.47,16.44,-57.58
14,110,0.91724,33.34,7.70,-26.46,25.37,11.80,-44.03
14,111,0.92590,33.54,7.79,-26.81,23.24,10.47,-40.49
14,112,0.93384,33.69,7.86,-27.08,18.08,8.19,-33.46
14,113,0.94220,33.82,7.92,-27.33,16.06,7.19,-30.29
14,114,0.95062,33.85,7.94,-27.45,3.62,2.85,-14.49
14,115,0.95892,33.87,7.96,-27.57,2.57,2.64,-13.60
14,116,0.96777,33.77,7.95,-27.54,-11.72,-1.67,2.76
14,117,0.97565,33.65,7.93,-27.51,-14.73,-2.29,4.26
14,118,0.98431,33.40,7.87,-27.35,-29.58,-6.33,17.96
14,119,0.99243,33.12,7.81,-27.19,-33.46,-7.39,20.68
14,120,1.00067,32.68,7.71,-26.89,-53.33,-12.79,35.93
14,121,1.00946,32.21,7.59,-26.57,-54.51,-13.89,36.81
14,122,1.01740,31.56,7.41,-26.12,-81.15,-21.86,55.77
14,123,1.02594,30.89,7.22,-25.66,-78.21,-22.74,53.93
14,124,1.03424,30.03,6.96,-25.08,-103.68,-31.61,69.85
14,125,1.04242,29.15,6.67,-24.49,-108.21,-35.55,72.76
14,126,1.05090,28.10,6.31,-23.78,-123.74,-41.68,83.09
14,127,1.05927,27.02,5.94,-23.06,-128.83,-44.02,86.86
14,128,1.06744,25.74,5.61,-22.18,-156.34,-40.41,106.72
14,129,1.07587,24.46,5.21,-21.31,-151.81,-47.53,103.62
14,130,1.08405,23.18,4.81,-20.44,-156.34,-48.95,106.72
14,131,1.09271,21.91,4.41,-19.56,-147.54,-46.45,101.41
14,132,1.10089,20.62,4.00,-18.65,-156.72,-49.92,110.82
14,133,1.10968,19.36,3.60,-17.74,-143.40,-46.28,103.47
14,134,1.11749,18.26,3.21,-16.81,-140.62,-49.73,119.14
14,135,1.12598,17.18,2.82,-15.89,-128.06,-45.32,108.63
14,136,1.13428,16.18,2.47,-15.03,-120.22,-43.04,104.04
14,137,1.14276,15.20,2.12,-14.18,-115.11,-41.12,99.28
14,138,1.15112,14.37,1.83,-13.51,-99.27,-34.30,81.02
14,139,1.15942,13.57,1.55,-12.86,-96.69,-33.36,77.94
14,140,1.16791,12.97,1.36,-12.45,-70.86,-22.32,48.92
14,141,1.17603,12.39,1.18,-12.05,-71.05,-22.15,48.12
14,142,1.18457,11.99,1.07,-11.85,-46.79,-12.69,23.93
14,143,1.19269,11.62,0.98,-11.67,-46.24,-12.18,22.18
14,144,1.20099,11.42,0.95,-11.67,-23.90,-3.26,-0.37
14,145,1.20929,11.24,0.93,-11.69,-22.06,-2.72,-1.84
14,146,1.21753,11.18,0.94,-11.78,-7.04,1.47,-10.74
14,147,1.22577,11.12,0.95,-11.87,-7.04,1.76,-10.74
14,148,1.23425,11.06,0.97,-11.95,-6.83,1.61,-10.43
14,149,1.24261,11.02,0.98,-12.05,-5.11,2.08,-11.31
14,150,1.25116,11.11,1.03,-12.19,11.07,5.52,-16.07
14,151,1.25952,11.21,1.08,-12.32,11.31,5.64,-16.42
14,152,1.26770,11.30,1.13,-12.46,11.57,5.86,-16.79
15,0,0.00000,0.00,0.00,0.00,19.77,-2.27,38.76
15,1,0.00842,0.16,-0.02,0.31,18.48,-2.03,36.23
15,2,0.01660,0.37,-0.04,0.74,26.12,-3.07,52.61
15,3,0.02521,0.58,-0.07,1.17,24.82,-2.90,50.00
15,4,0.03357,0.80,-0.09,1.60,25.91,-2.97,51.82
15,5,0.04175,1.01,-0.12,2.03,26.12,-3.02,52.61
15,6,0.05103,1.24,-0.15,2.53,24.01,-3.28,54.28
15,7,0.05853,1.46,-0.18,3.04,29.67,-4.02,67.07
15,8,0.06671,1.68,-0.21,3.54,27.24,-3.74,61.57
15,9,0.07544,1.90,-0.24,4.04,25.52,-3.46,57.69
15,10,0.08386,2.13,-0.27,4.55,26.45,-3.61,59.78
15,11,0.09174,2.35,-0.30,5.05,28.29,-3.84,63.95
15,12,0.09998,2.57,-0.33,5.55,27.04,-3.71,61.11
15,13,0.10864,2.80,-0.36,6.06,25.70,-3.49,58.10
15,14,0.11688,2.94,-0.39,6.51,17.04,-3.65,54.44
15,15,0.12537,3.08,-0.42,6.95,16.55,-3.50,52.88
15,16,0.13330,3.22,-0.45,7.40,17.69,-3.80,56.54
15,17,0.14215,3.36,-0.48,7.85,15.86,-3.36,50.69
15,18,0.15009,3.50,-0.51,8.30,17.69,-3.75,56.54
15,19,0.15826,3.63,-0.54,8.75,16.79,-3.68,54.85
15,20,0.16705,3.68,-0.57,9.11,4.86,-3.09,40.62
15,21,0.17480,3.72,-0.59,9.46,5.51,-3.47,46.06
15,22,0.18353,3.76,-0.62,9.82,4.90,-3.09,40.91
15,23,0.19177,3.80,-0.65,10.18,4.81,-3.33,43.33
15,24,0.20032,3.74,-0.67,10.41,-7.86,-2.55,27.14
15,25,0.20874,3.67,-0.69,10.64,-7.97,-2.63,27.54
15,26,0.21667,3.60,-0.71,10.87,-8.46,-2.77,29.23
15,27,0.22504,3.53,-0.74,11.10,-8.03,-2.62,27.37
15,28,0.23346,3.38,-0.75,11.19,-17.75,-1.74,10.87
15,29,0.24207,3.23,-0.76,11.29,-17.38,-1.68,10.64
15,30,0.25031,3.09,-0.78,11.38,-18.15,-1.78,11.11
15,31,0.25836,2.94,-0.79,11.47,-18.56,-1.79,11.36
15,32,0.26666,2.80,-0.80,11.45,-16.91,-0.68,-2.21
15,33,0.27509,2.66,-0.80,11.43,-16.67,-0.60,-2.17
15,34,0.28333,2.51,-0.81,11.41,-17.04,-0.63,-2.22
15,35,0.29163,2.37,-0.81,11.40,-16.91,-0.63,-2.21
15,36,0.30042,2.23,-0.82,11.38,-15.97,-0.59,-2.08
15,37,0.30865,2.09,-0.82,11.36,-17.04,-0.63,-2.22
15,38,0.31683,2.03,-0.82,11.31,-7.46,0.17,-6.34
15,39,0.32544,1.97,-0.82,11.25,-7.09,0.15,-6.03
15,40,0.33429,1.91,-0.82,11.20,-6.90,0.15,-5.86
15,41,0.34235,1.85,-0.82,11.15,-7.20,0.22,-6.82
15,42,0.35016,1.93,-0.80,11.01,10.55,1.86,-17.19
15,43,0.35822,2.02,-0.79,10.88,10.23,1.88,-16.67
15,44,0.36682,2.10,-0.77,10.75,9.57,1.69,-15.60
15,45,0.37555,2.18,-0.76,10.61,9.44,1.76,-15.73
15,46,0.38373,2.37,-0.74,10.42,23.51,2.93,-22.39
15,47,0.39197,2.57,-0.71,10.24,23.33,2.92,-22.22
15,48,0.40039,2.76,-0.69,10.06,22.83,2.88,-21.74
15,49,0.40857,2.95,-0.66,9.88,23.51,2.96,-22.39
15,50,0.41669,3.14,-0.64,9.69,23.68,2.96,-22.56
15,51,0.42542,3.34,-0.61,9.51,22.03,2.78,-20.98
15,52,0.43390,3.53,-0.59,9.33,22.66,2.83,-21.58
15,53,0.44183,3.72,-0.57,9.14,24.23,3.05,-23.08
15,54,0.45068,3.91,-0.54,8.96,21.72,2.69,-20.69
15,55,0.45850,4.10,-0.52,8.78,24.61,3.04,-23.05
15,56,0.46686,4.37,-0.49,8.64,31.39,2.90,-16.79
15,57,0.47540,4.63,-0.47,8.50,30.71,2.75,-16.43
15,58,0.48346,4.89,-0.45,8.36,32.58,2.99,-17.42
15,59,0.49170,5.15,-0.42,8.22,31.85,2.92,-17.04
15,60,0.50018,5.42,-0.40,8.08,30.94,2.82,-16.55
15,61,0.50842,5.68,-0.37,7.94,31.85,2.94,-17.04
15,62,0.51678,5.94,-0.35,7.80,31.39,2.86,-16.79
15,63,0.52509,6.20,-0.33,7.66,31.62,2.83,-16.91
15,64,0.53326,6.47,-0.30,7.52,32.09,2.96,-17.16
15,65,0.54181,6.73,-0.28,7.38,30.71,2.80,-16.43
15,66,0.55011,6.99,-0.26,7.24,31.62,2.90,-16.91
15,67,0.55841,7.26,-0.23,7.09,31.99,2.95,-17.28
15,68,0.56677,7.58,-0.20,6.88,38.69,3.93,-25.91
15,69,0.57489,7.90,-0.16,6.66,39.85,4.07,-26.69
15,70,0.58362,8.23,-0.13,6.44,37.06,3.78,-24.83
15,71,0.59186,8.55,-0.10,6.23,39.26,4.01,-26.30
15,72,0.59991,8.94,-0.06,5.92,48.11,5.40,-37.50
15,73,0.60846,9.33,-0.01,5.62,45.36,5.02,-35.36
15,74,0.61682,9.81,0.04,5.21,57.66,6.77,-49.27
15,75,0.62506,10.29,0.10,4.80,58.52,6.85,-50.00
15,76,0.63391,10.87,0.17,4.27,65.17,7.92,-59.31
15,77,0.64185,11.45,0.24,3.74,73.08,8.94,-66.54
15,78,0.65027,12.13,0.33,3.10,81.16,10.07,-76.45
15,79,0.65857,12.82,0.41,2.46,82.72,10.30,-77.57
15,80,0.66669,13.60,0.51,1.70,96.24,12.16,-92.86
15,81,0.67499,14.38,0.61,0.95,94.49,11.88,-90.81
15,82,0.68347,15.27,0.72,0.07,104.68,13.46,-103.60
15,83,0.69183,16.16,0.84,-0.81,106.57,13.63,-105.11
15,84,0.69989,17.14,0.97,-1.81,120.83,15.87,-123.86
15,85,0.70819,18.11,1.09,-2.80,117.28,15.38,-120.22
15,86,0.71667,19.08,1.22,-3.80,114.75,15.05,-117.63
15,87,0.72498,20.06,1.35,-4.80,117.28,15.40,-120.22
15,88,0.73358,21.02,1.48,-5.88,112.06,15.60,-125.53
15,89,0.74188,21.98,1.62,-6.96,116.18,16.11,-130.15
15,90,0.75006,22.95,1.75,-8.04,117.91,16.42,-132.09
15,91,0.75836,23.91,1.88,-9.12,116.18,16.13,-130.15
15,92,0.76654,24.88,2.02,-10.20,117.91,16.39,-132.09
15,93,0.77515,25.84,2.15,-11.28,112.06,15.59,-125.53
15,94,0.78345,26.73,2.28,-12.38,106.62,15.85,-132.35
15,95,0.79169,27.61,2.42,-13.48,107.04,15.97,-133.33
15,96,0.79999,28.39,2.54,-14.51,94.49,14.55,-123.53
15,97,0.80835,29.18,2.66,-15.53,93.80,14.47,-122.63
15,98,0.81689,29.88,2.77,-16.49,82.50,13.07,-112.14
15,99,0.82513,30.58,2.88,-17.45,85.19,13.56,-116.30
15,100,0.83398,31.19,2.98,-18.29,68.28,11.01,-95.52
15,101,0.84198,31.79,3.08,-19.13,75.57,12.18,-105.34
15,102,0.85010,32.30,3.16,-19.85,62.41,10.21,-88.72
15,103,0.85834,32.81,3.24,-20.57,61.48,10.01,-87.04
15,104,0.86670,33.24,3.31,-21.19,51.46,8.44,-73.36
15,105,0.87518,33.66,3.38,-21.80,50.36,8.28,-71.94
15,106,0.88354,33.98,3.43,-22.25,37.96,6.22,-54.01
15,107,0.89227,34.30,3.49,-22.70,36.36,5.95,-51.75
15,108,0.90082,34.63,3.54,-23.18,38.93,6.39,-55.71
15,109,0.90887,34.94,3.59,-23.62,38.64,6.35,-55.30
15,110,0.91718,35.17,3.63,-23.96,27.94,4.71,-41.18
15,111,0.92590,35.40,3.67,-24.30,26.22,4.36,-38.46
15,112,0.93390,35.57,3.70,-24.55,20.23,3.56,-31.68
15,113,0.94214,35.72,3.73,-24.80,18.89,3.33,-29.63
15,114,0.95056,35.76,3.74,-24.92,4.71,1.37,-14.49
15,115,0.95892,35.79,3.75,-25.03,3.65,1.28,-13.50
15,116,0.96716,35.68,3.74,-25.02,-12.96,-0.79,1.85
15,117,0.97571,35.57,3.73,-24.99,-13.57,-0.85,2.86
15,118,0.98401,35.30,3.71,-24.85,-32.35,-2.88,16.54
15,119,0.99261,35.02,3.68,-24.71,-32.62,-2.95,17.02
15,120,1.00067,34.56,3.64,-24.44,-57.20,-5.38,32.58
15,121,1.00885,34.08,3.60,-24.17,-58.21,-5.48,33.21
15,122,1.01727,33.41,3.53,-23.78,-80.07,-7.69,47.10
15,123,1.02551,32.72,3.47,-23.37,-83.70,-7.96,48.89
15,124,1.03430,31.82,3.38,-22.86,-102.43,-9.66,58.68
15,125,1.04205,30.90,3.29,-22.34,-118.11,-11.13,67.32
15,126,1.05090,29.80,3.19,-21.71,-124.14,-11.72,71.03
15,127,1.05902,28.69,3.09,-21.07,-137.22,-12.96,78.57
15,128,1.06732,27.35,2.96,-20.29,-161.40,-15.32,93.75
15,129,1.07587,26.01,2.83,-19.51,-157.14,-14.97,91.43
15,130,1.08411,24.67,2.70,-18.73,-162.59,-15.45,94.44
15,131,1.09253,23.27,2.57,-17.92,-165.58,-15.72,96.38
15,132,1.10114,21.93,2.44,-17.11,-156.38,-15.17,93.97
15,133,1.10950,20.60,2.31,-16.30,-158.39,-15.48,97.45
15,134,1.11761,19.44,2.19,-15.45,-143.23,-15.37,104.51
15,135,1.12610,18.29,2.06,-14.61,-135.61,-14.55,99.28
15,136,1.13434,17.23,1.95,-13.82,-128.15,-13.92,95.93
15,137,1.14258,16.20,1.84,-13.05,-125.93,-13.61,93.33
15,138,1.15088,15.32,1.74,-12.43,-105.51,-11.07,74.26
15,139,1.15924,14.47,1.66,-11.84,-101.46,-10.57,70.44
15,140,1.16754,13.84,1.60,-11.47,-75.74,-7.27,44.49
15,141,1.17590,13.24,1.54,-11.12,-72.63,-6.84,41.61
15,142,1.18420,12.82,1.50,-10.95,-49.63,-4.09,20.96
15,143,1.19257,12.44,1.47,-10.80,-46.35,-3.71,18.25
15,144,1.20142,12.24,1.47,-10.82,-22.41,-0.90,-2.07
15,145,1.20923,12.05,1.46,-10.84,-23.44,-0.83,-3.52
15,146,1.21753,12.00,1.46,-10.94,-6.25,0.66,-11.40
15,147,1.22571,11.95,1.47,-11.03,-6.34,0.62,-11.57
15,148,1.23419,11.90,1.47,-11.13,-6.12,0.62,-11.15
15,149,1.24243,11.86,1.48,-11.22,-4.44,0.74,-11.85
15,150,1.25073,11.97,1.50,-11.36,12.50,1.90,-15.81
15,151,1.25958,12.07,1.51,-11.49,11.72,1.78,-14.83
15,152,1.26758,12.17,1.53,-11.62,12.98,1.96,-16.41
16,0,0.00000,0.00,0.00,0.00,19.34,-1.34,36.13
16,1,0.00842,0.16,-0.01,0.30,19.20,-1.32,35.87
16,2,0.01678,0.38,-0.03,0.73,26.28,-1.91,51.09
16,3,0.02545,0.60,-0.04,1.16,25.35,-1.84,49.30
16,4,0.03339,0.82,-0.06,1.58,27.69,-2.01,53.85
16,5,0.04169,1.04,-0.07,2.01,26.47,-1.93,51.47
16,6,0.05011,1.27,-0.09,2.51,27.17,-2.30,59.42
16,7,0.05841,1.50,-0.11,3.01,27.57,-2.35,60.29
16,8,0.06689,1.73,-0.13,3.51,26.98,-2.26,58.99
16,9,0.07550,1.96,-0.15,4.01,26.60,-2.26,58.16
16,10,0.08331,2.19,-0.17,4.51,29.30,-2.46,64.06
16,11,0.09167,2.41,-0.19,5.01,27.37,-2.33,59.85
16,12,0.10022,2.64,-0.21,5.51,26.79,-2.26,58.57
16,13,0.10834,2.87,-0.23,6.02,28.20,-2.38,61.65
16,14,0.11676,3.02,-0.25,6.46,17.39,-2.18,52.90
16,15,0.12567,3.16,-0.27,6.91,16.44,-2.07,50.00
16,16,0.13403,3.31,-0.29,7.35,17.52,-2.21,53.28
16,17,0.14166,3.46,-0.30,7.80,19.20,-2.41,58.40
16,18,0.15021,3.60,-0.32,8.24,17.14,-2.15,52.14
16,19,0.15839,3.75,-0.34,8.69,17.91,-2.25,54.48
16,20,0.16675,3.80,-0.36,9.04,5.47,-1.93,42.34
16,21,0.17566,3.84,-0.37,9.40,5.14,-1.83,39.73
16,22,0.18396,3.89,-0.39,9.75,5.51,-1.93,42.65
16,23,0.19183,3.93,-0.41,10.10,5.81,-2.07,44.96
16,24,0.20020,3.87,-0.42,10.34,-7.66,-1.48,27.74
16,25,0.20837,3.81,-0.43,10.57,-7.84,-1.55,28.36
16,26,0.21686,3.74,-0.44,10.80,-7.55,-1.46,27.34
16,27,0.22516,3.68,-0.46,11.03,-7.72,-1.53,27.94
16,28,0.23413,3.53,-0.46,11.13,-16.67,-0.84,10.54
16,29,0.24231,3.38,-0.47,11.22,-18.28,-0.95,11.57
16,30,0.25024,3.23,-0.48,11.32,-18.85,-0.97,11.92
16,31,0.25854,3.08,-0.49,11.41,-18.01,-0.93,11.40
16,32,0.26678,2.94,-0.49,11.40,-17.04,-0.27,-1.85
16,33,0.27582,2.80,-0.49,11.38,-15.54,-0.25,-1.69
16,34,0.28345,2.66,-0.49,11.36,-18.40,-0.28,-2.00
16,35,0.29181,2.52,-0.49,11.35,-16.79,-0.29,-1.82
16,36,0.30029,2.38,-0.50,11.33,-16.55,-0.26,-1.80
16,37,0.30841,2.24,-0.50,11.32,-17.29,-0.27,-1.88
16,38,0.31702,2.18,-0.50,11.27,-7.09,0.15,-6.03
16,39,0.32574,2.11,-0.50,11.22,-6.99,0.14,-5.94
16,40,0.33356,2.05,-0.50,11.16,-7.81,0.16,-6.64
16,41,0.34235,1.99,-0.49,11.11,-6.94,0.13,-5.90
16,42,0.35028,2.07,-0.49,10.97,10.00,1.05,-17.31
16,43,0.35852,2.15,-0.48,10.84,9.63,1.01,-16.67
16,44,0.36688,2.23,-0.47,10.70,9.49,1.01,-16.42
16,45,0.37573,2.31,-0.46,10.56,8.97,0.94,-15.52
16,46,0.38409,2.50,-0.45,10.38,22.63,1.52,-21.90
16,47,0.39185,2.69,-0.44,10.20,24.41,1.67,-23.62
16,48,0.40021,2.88,-0.42,10.01,22.63,1.53,-21.90
16,49,0.40851,3.07,-0.41,9.83,22.79,1.54,-22.06
16,50,0.41693,3.26,-0.40,9.65,22.46,1.51,-21.74
16,51,0.42590,3.45,-0.38,9.46,21.09,1.44,-20.41
16,52,0.43433,3.63,-0.37,9.28,22.46,1.52,-21.74
16,53,0.44183,3.82,-0.36,9.10,25.20,1.70,-24.39
16,54,0.45032,4.01,-0.35,8.91,22.30,1.52,-21.58
16,55,0.45856,4.20,-0.33,8.73,22.96,1.55,-22.22
16,56,0.46692,4.46,-0.32,8.58,31.39,1.51,-17.52
16,57,0.47583,4.73,-0.31,8.44,29.45,1.41,-16.44
16,58,0.48419,4.99,-0.30,8.29,31.39,1.51,-17.52
16,59,0.49188,5.25,-0.28,8.15,34.13,1.63,-19.05
16,60,0.50043,5.51,-0.27,8.00,30.71,1.47,-17.14
16,61,0.50854,5.78,-0.26,7.85,32.33,1.56,-18.05
16,62,0.51709,6.04,-0.24,7.71,30.71,1.47,-17.14
16,63,0.52588,6.30,-0.23,7.56,29.86,1.43,-16.67
16,64,0.53387,6.56,-0.22,7.41,32.82,1.58,-18.32
16,65,0.54248,6.83,-0.21,7.27,30.50,1.46,-17.02
16,66,0.55035,7.09,-0.19,7.12,33.33,1.60,-18.60
16,67,0.55859,7.35,-0.18,6.97,31.85,1.52,-17.78
16,68,0.56702,7.67,-0.16,6.75,38.04,2.06,-26.09
16,69,0.57581,7.99,-0.15,6.53,36.46,1.99,-25.00
16,70,0.58429,8.31,-0.13,6.31,37.77,2.04,-25.90
16,71,0.59198,8.63,-0.11,6.09,41.67,2.26,-28.57
16,72,0.60046,9.01,-0.09,5.79,44.96,2.72,-36.33
16,73,0.60864,9.40,-0.07,5.48,46.64,2.77,-37.69
16,74,0.61707,9.87,-0.04,5.06,56.52,3.59,-49.64
16,75,0.62592,10.35,-0.01,4.64,53.79,3.42,-47.24
16,76,0.63440,10.92,0.03,4.11,67.27,4.44,-62.95
16,77,0.64203,11.49,0.07,3.57,74.80,4.96,-70.00
16,78,0.65045,12.16,0.12,2.92,80.07,5.42,-77.54
16,79,0.65875,12.84,0.16,2.27,81.25,5.51,-78.68
16,80,0.66705,13.61,0.21,1.50,93.01,6.42,-91.91
16,81,0.67590,14.38,0.27,0.74,87.24,6.00,-86.55
16,82,0.68433,15.26,0.33,-0.15,103.99,7.30,-105.80
16,83,0.69202,16.13,0.39,-1.04,113.89,7.99,-115.87
16,84,0.70038,17.09,0.46,-2.06,114.60,8.26,-121.17
16,85,0.70874,18.05,0.53,-3.07,114.60,8.28,-121.17
16,86,0.71722,19.01,0.60,-4.08,112.95,8.14,-119.42
16,87,0.72534,19.97,0.67,-5.10,118.05,8.51,-124.81
16,88,0.73444,20.92,0.74,-6.19,104.36,7.99,-120.13
16,89,0.74243,21.87,0.81,-7.28,118.70,9.09,-136.64
16,90,0.75079,22.81,0.88,-8.37,113.50,8.70,-130.66
16,91,0.75916,23.76,0.96,-9.47,113.50,8.69,-130.66
16,92,0.76746,24.71,1.03,-10.56,114.34,8.76,-131.62
16,93,0.77618,25.66,1.10,-11.65,108.74,8.33,-125.17
16,94,0.78412,26.55,1.18,-12.79,111.92,9.31,-143.46
16,95,0.79291,27.41,1.25,-13.90,98.26,8.15,-126.39
16,96,0.80072,28.18,1.31,-14.94,98.44,8.49,-132.81
16,97,0.80902,28.95,1.38,-15.98,92.65,7.99,-125.00
16,98,0.81763,29.64,1.44,-16.94,80.14,7.13,-112.41
16,99,0.82623,30.33,1.50,-17.91,79.79,7.08,-112.06
16,100,0.83411,30.92,1.56,-18.76,75.19,6.83,-108.53
16,101,0.84308,31.51,1.61,-19.61,65.65,5.95,-94.90
16,102,0.85083,32.01,1.66,-20.34,64.17,5.90,-94.09
16,103,0.85907,32.50,1.70,-21.07,60.00,5.50,-87.78
16,104,0.86768,32.92,1.74,-21.69,48.94,4.50,-71.99
16,105,0.87634,33.34,1.78,-22.30,48.24,4.44,-70.77
16,106,0.88464,33.65,1.81,-22.76,37.87,3.49,-55.88
16,107,0.89258,33.96,1.84,-23.22,38.85,3.58,-57.31
16,108,0.90088,34.27,1.86,-23.67,37.13,3.43,-54.78
16,109,0.90912,34.58,1.89,-24.12,37.04,3.43,-54.81
16,110,0.91772,34.81,1.91,-24.47,26.60,2.52,-40.43
16,111,0.92627,35.03,1.94,-24.81,26.43,2.48,-40.00
16,112,0.93463,35.19,1.95,-25.07,18.98,1.87,-30.66
16,113,0.94220,35.34,1.97,-25.32,20.16,2.03,-33.06
16,114,0.95081,35.38,1.97,-25.44,4.61,0.80,-14.18
16,115,0.95898,35.42,1.98,-25.56,4.10,0.74,-14.18
16,116,0.96741,35.31,1.98,-25.54,-12.68,-0.35,2.17
16,117,0.97565,35.20,1.97,-25.52,-13.70,-0.43,2.59
16,118,0.98474,34.93,1.96,-25.38,-29.19,-1.35,15.44
16,119,0.99298,34.65,1.95,-25.23,-34.07,-1.62,18.52
16,120,1.00067,34.19,1.92,-24.95,-59.52,-2.95,35.32
16,121,1.00897,33.72,1.90,-24.68,-56.62,-2.81,33.46
16,122,1.01740,33.05,1.87,-24.27,-79.35,-3.99,48.19
16,123,1.02618,32.37,1.83,-23.86,-77.43,-3.90,46.88
16,124,1.03418,31.48,1.79,-23.33,-111.83,-5.54,66.03
16,125,1.04285,30.57,1.74,-22.80,-104.58,-5.16,61.62
16,126,1.05078,29.48,1.69,-22.15,-137.31,-6.82,81.15
16,127,1.05896,28.38,1.64,-21.50,-135.07,-6.70,79.85
16,128,1.06744,27.05,1.57,-20.70,-156.47,-7.85,94.24
16,129,1.07617,25.72,1.50,-19.90,-152.10,-7.63,91.61
16,130,1.08417,24.40,1.44,-19.10,-166.03,-8.31,100.00
16,131,1.09290,23.07,1.37,-18.30,-152.10,-7.63,91.61
16,132,1.10089,21.73,1.30,-17.47,-166.79,-8.54,103.82
16,133,1.10907,20.41,1.23,-16.64,-161.57,-8.29,101.49
16,134,1.11737,19.26,1.17,-15.78,-138.60,-7.94,104.04
16,135,1.12622,18.12,1.10,-14.92,-129.31,-7.41,97.24
16,136,1.13470,17.07,1.04,-14.11,-123.38,-7.19,94.96
16,137,1.14233,16.04,0.98,-13.32,-135.60,-7.87,104.00
16,138,1.15082,15.17,0.93,-12.69,-102.16,-5.73,74.10
16,139,1.15906,14.32,0.88,-12.08,-103.70,-5.78,74.44
16,140,1.16742,13.69,0.85,-11.70,-74.82,-3.76,45.26
16,141,1.17627,13.08,0.82,-11.33,-69.31,-3.46,41.38
16,142,1.18457,12.67,0.81,-11.15,-49.26,-2.07,21.69
16,143,1.19244,12.27,0.79,-10.98,-50.39,-2.11,21.32
16,144,1.20081,12.07,0.79,-11.00,-23.72,-0.40,-1.82
16,145,1.20892,11.88,0.78,-11.02,-23.31,-0.36,-2.63
16,146,1.21753,11.83,0.79,-11.11,-6.38,0.40,-10.99
16,147,1.22614,11.77,0.79,-11.21,-6.38,0.40,-10.99
16,148,1.23468,11.72,0.79,-11.30,-6.43,0.39,-11.07
16,149,1.24298,11.67,0.80,-11.40,-5.51,0.44,-11.40
16,150,1.25079,11.77,0.80,-11.53,12.89,1.08,-16.80
16,151,1.25903,11.87,0.81,-11.66,12.22,1.02,-15.93
16,152,1.26752,11.98,0.82,-11.79,11.87,1.00,-15.47
17,0,0.00000,0.00,0.00,0.00,20.65,-1.27,35.14
17,1,0.00769,0.17,-0.01,0.30,22.62,-1.35,38.49
17,2,0.01617,0.41,-0.03,0.71,28.06,-1.80,49.28
17,3,0.02466,0.65,-0.04,1.13,28.06,-1.80,49.28
17,4,0.03326,0.89,-0.06,1.55,27.66,-1.76,48.58
17,5,0.04108,1.13,-0.07,1.97,30.47,-1.93,53.52
17,6,0.05017,1.38,-0.09,2.46,27.52,-2.03,54.03
17,7,0.05780,1.63,-0.11,2.96,32.80,-2.45,65.20
17,8,0.06622,1.88,-0.13,3.45,29.71,-2.20,58.33
17,9,0.07446,2.13,-0.15,3.94,30.37,-2.23,59.63
17,10,0.08295,2.38,-0.16,4.43,29.50,-2.16,57.91
17,11,0.09106,2.63,-0.18,4.92,30.83,-2.27,60.53
17,12,0.10010,2.88,-0.20,5.41,27.70,-2.04,54.39
17,13,0.10779,3.12,-0.22,5.91,32.14,-2.43,63.89
17,14,0.11609,3.29,-0.24,6.34,19.49,-2.14,52.94
17,15,0.12439,3.45,-0.25,6.78,19.49,-2.15,52.94
17,16,0.13293,3.61,-0.27,7.22,18.93,-2.08,51.43
17,17,0.14166,3.77,-0.29,7.66,18.53,-2.04,50.35
17,18,0.14960,3.93,-0.31,8.10,20.38,-2.25,55.38
17,19,0.15790,4.10,-0.33,8.54,19.49,-2.14,52.94
17,20,0.16626,4.16,-0.34,8.90,7.30,-1.88,42.34
17,21,0.17450,4.22,-0.36,9.25,7.41,-1.94,42.96
17,22,0.18298,4.28,-0.37,9.60,7.19,-1.85,41.73
17,23,0.19177,4.34,-0.39,9.95,6.60,-1.80,39.93
17,24,0.19952,4.28,-0.40,10.19,-7.09,-1.62,30.31
17,25,0.20782,4.23,-0.41,10.42,-6.62,-1.49,28.31
17,26,0.21625,4.17,-0.43,10.66,-6.52,-1.48,27.90
17,27,0.22455,4.12,-0.44,10.89,-6.62,-1.52,27.94
17,28,0.23285,3.97,-0.45,10.99,-17.28,-0.93,12.13
17,29,0.24182,3.83,-0.45,11.09,-15.99,-0.89,11.22
17,30,0.25018,3.69,-0.46,11.19,-17.15,-0.93,12.04
17,31,0.25781,3.54,-0.47,11.29,-18.80,-1.03,12.80
17,32,0.26624,3.40,-0.47,11.28,-16.67,-0.28,-1.09
17,33,0.27466,3.26,-0.48,11.27,-16.67,-0.30,-1.09
17,34,0.28308,3.12,-0.48,11.26,-16.67,-0.31,-1.09
17,35,0.29175,2.98,-0.48,11.25,-16.20,-0.27,-1.06
17,36,0.30017,2.84,-0.48,11.25,-16.67,-0.30,-1.09
17,37,0.30786,2.70,-0.49,11.24,-18.25,-0.34,-1.19
17,38,0.31635,2.64,-0.48,11.19,-7.55,0.14,-5.76
17,39,0.32458,2.57,-0.48,11.14,-7.78,0.12,-5.93
17,40,0.33307,2.51,-0.48,11.09,-7.55,0.11,-5.76
17,41,0.34125,2.45,-0.48,11.04,-7.46,0.16,-6.34
17,42,0.35028,2.52,-0.47,10.90,8.11,0.91,-15.54
17,43,0.35791,2.60,-0.46,10.76,10.00,1.08,-18.40
17,44,0.36627,2.67,-0.46,10.62,8.76,1.01,-16.79
17,45,0.37457,2.75,-0.45,10.48,9.19,1.00,-16.91
17,46,0.38312,2.93,-0.43,10.28,21.07,1.55,-22.50
17,47,0.39209,3.11,-0.42,10.09,20.07,1.45,-21.43
17,48,0.39966,3.29,-0.41,9.90,24.19,1.77,-25.81
17,49,0.40808,3.47,-0.40,9.70,21.38,1.54,-22.83
17,50,0.41644,3.65,-0.38,9.51,21.53,1.57,-22.99
17,51,0.42462,3.83,-0.37,9.32,22.01,1.58,-23.51
17,52,0.43323,4.01,-0.36,9.13,20.92,1.53,-22.34
17,53,0.44189,4.19,-0.34,8.94,20.77,1.52,-22.18
17,54,0.44965,4.37,-0.33,8.74,23.23,1.67,-24.80
17,55,0.45807,4.55,-0.32,8.55,21.74,1.55,-22.46
17,56,0.46637,4.81,-0.30,8.40,30.88,1.57,-18.75
17,57,0.47473,5.07,-0.29,8.24,30.66,1.53,-18.61
17,58,0.48309,5.32,-0.28,8.09,30.66,1.54,-18.61
17,59,0.49188,5.58,-0.27,7.93,29.17,1.48,-17.71
17,60,0.50043,5.83,-0.25,7.78,30.00,1.51,-18.21
17,61,0.50800,6.09,-0.24,7.62,33.87,1.69,-20.56
17,62,0.51648,6.35,-0.23,7.46,30.22,1.54,-18.35
17,63,0.52478,6.60,-0.21,7.31,30.88,1.54,-18.75
17,64,0.53314,6.86,-0.20,7.15,30.66,1.54,-18.61
17,65,0.54193,7.12,-0.19,7.00,29.17,1.47,-17.71
17,66,0.55035,7.37,-0.17,6.84,30.43,1.53,-18.48
17,67,0.55804,7.63,-0.16,6.68,33.33,1.69,-20.63
17,68,0.56653,7.94,-0.14,6.45,36.69,2.11,-27.70
17,69,0.57471,8.25,-0.13,6.21,38.06,2.21,-28.73
17,70,0.58325,8.56,-0.11,5.98,36.43,2.08,-27.50
17,71,0.59143,8.88,-0.09,5.74,38.43,2.23,-29.10
17,72,0.60040,9.25,-0.07,5.42,41.16,2.60,-36.05
17,73,0.60815,9.62,-0.04,5.09,48.03,3.03,-42.13
17,74,0.61664,10.08,-0.01,4.65,53.96,3.63,-51.44
17,75,0.62476,10.54,0.02,4.21,57.14,3.82,-54.51
17,76,0.63324,11.09,0.06,3.66,64.75,4.53,-65.47
17,77,0.64203,11.64,0.10,3.09,62.85,4.40,-63.89
17,78,0.65002,12.29,0.14,2.41,81.30,5.83,-85.11
17,79,0.65814,12.95,0.19,1.73,80.45,5.75,-84.21
17,80,0.66669,13.69,0.24,0.94,86.79,6.32,-92.86
17,81,0.67487,14.43,0.30,0.14,91.04,6.65,-97.76
17,82,0.68341,15.27,0.36,-0.79,98.21,7.29,-108.21
17,83,0.69202,16.11,0.42,-1.72,97.87,7.28,-108.16
17,84,0.69989,17.03,0.49,-2.77,116.67,8.90,-133.33
17,85,0.70880,17.95,0.56,-3.82,103.08,7.85,-117.81
17,86,0.71661,18.87,0.63,-4.87,117.58,8.95,-134.38
17,87,0.72498,19.78,0.70,-5.92,109.49,8.40,-125.91
17,88,0.73328,20.69,0.78,-7.05,109.19,8.87,-136.03
17,89,0.74219,21.60,0.85,-8.18,101.71,8.25,-126.71
17,90,0.75055,22.52,0.92,-9.34,110.58,8.99,-138.32
17,91,0.75824,23.43,1.00,-10.46,117.86,9.59,-146.83
17,92,0.76666,24.33,1.07,-11.59,107.61,8.72,-134.06
17,93,0.77490,25.23,1.15,-12.72,109.26,8.93,-137.04
17,94,0.78339,26.06,1.22,-13.87,97.12,8.55,-134.89
17,95,0.79163,26.88,1.29,-15.01,99.26,8.77,-138.52
17,96,0.80054,27.61,1.36,-16.08,81.85,7.52,-119.86
17,97,0.80829,28.33,1.42,-17.14,93.31,8.58,-137.01
17,98,0.81671,28.98,1.49,-18.13,77.54,7.32,-118.12
17,99,0.82489,29.63,1.55,-19.12,79.10,7.52,-120.90
17,100,0.83331,30.19,1.60,-20.00,66.30,6.40,-103.99
17,101,0.84167,30.74,1.65,-20.86,66.06,6.39,-103.65
17,102,0.85004,31.21,1.70,-21.61,55.84,5.48,-89.05
17,103,0.85883,31.67,1.75,-22.35,52.78,5.16,-84.03
17,104,0.86664,32.07,1.78,-22.98,50.78,5.00,-81.25
17,105,0.87494,32.46,1.82,-23.61,47.06,4.63,-75.37
17,106,0.88354,32.75,1.85,-24.08,33.69,3.31,-54.26
17,107,0.89227,33.04,1.88,-24.54,33.22,3.29,-53.50
17,108,0.90063,33.33,1.91,-25.01,34.67,3.44,-55.84
17,109,0.90881,33.62,1.94,-25.47,35.07,3.46,-56.34
17,110,0.91675,33.83,1.96,-25.83,27.31,2.75,-45.00
17,111,0.92493,34.04,1.98,-26.17,25.75,2.59,-42.54
17,112,0.93335,34.19,2.00,-26.44,17.75,1.88,-31.16
17,113,0.94226,34.33,2.01,-26.69,15.75,1.69,-28.42
17,114,0.95001,34.37,2.02,-26.81,4.33,0.88,-15.75
17,115,0.95892,34.39,2.02,-26.93,2.74,0.66,-12.67
17,116,0.96686,34.29,2.02,-26.90,-13.08,-0.40,2.69
17,117,0.97498,34.17,2.02,-26.87,-14.29,-0.47,3.76
17,118,0.98334,33.91,2.00,-26.72,-31.02,-1.54,18.25
17,119,0.99231,33.64,1.99,-26.56,-30.27,-1.52,18.03
17,120,1.00092,33.19,1.97,-26.27,-51.77,-2.71,33.33
17,121,1.00830,32.72,1.94,-25.97,-63.64,-3.31,41.32
17,122,1.01678,32.07,1.91,-25.54,-76.62,-4.06,50.72
17,123,1.02496,31.41,1.87,-25.09,-81.72,-4.35,54.10
17,124,1.03345,30.53,1.83,-24.53,-102.88,-5.37,66.19
17,125,1.04175,29.64,1.78,-23.96,-106.99,-5.59,69.12
17,126,1.05066,28.58,1.73,-23.27,-119.18,-6.23,77.05
17,127,1.05835,27.50,1.67,-22.57,-140.87,-7.34,90.87
17,128,1.06677,26.20,1.60,-21.73,-153.99,-8.12,100.72
17,129,1.07495,24.91,1.53,-20.88,-158.58,-8.34,103.73
17,130,1.08344,23.61,1.46,-20.03,-152.88,-8.06,100.00
17,131,1.09180,22.31,1.40,-19.18,-155.11,-8.17,101.82
17,132,1.10071,21.01,1.33,-18.30,-145.89,-7.84,98.97
17,133,1.10889,19.73,1.26,-17.41,-157.09,-8.52,107.84
17,134,1.11670,18.61,1.19,-16.50,-142.97,-8.63,116.41
17,135,1.12500,17.50,1.12,-15.60,-133.46,-8.07,108.82
17,136,1.13342,16.49,1.06,-14.76,-120.29,-7.37,100.36
17,137,1.14227,15.49,1.00,-13.93,-112.76,-6.91,93.79
17,138,1.15009,14.65,0.95,-13.26,-107.81,-6.36,84.77
17,139,1.15894,13.82,0.90,-12.62,-93.10,-5.46,72.41
17,140,1.16681,13.21,0.87,-12.22,-78.29,-4.13,51.55
17,141,1.17505,12.62,0.84,-11.83,-71.48,-3.77,46.67
17,142,1.18353,12.22,0.82,-11.64,-47.48,-2.11,23.02
17,143,1.19177,11.83,0.80,-11.46,-46.67,-2.01,21.48
17,144,1.20068,11.63,0.80,-11.47,-22.26,-0.41,-1.03
17,145,1.20892,11.45,0.80,-11.48,-22.59,-0.40,-1.85
17,146,1.21692,11.39,0.80,-11.58,-7.25,0.40,-11.45
17,147,1.22510,11.33,0.80,-11.67,-7.09,0.39,-11.19
17,148,1.23358,11.27,0.81,-11.76,-6.83,0.37,-10.79
17,149,1.24237,11.23,0.81,-11.85,-4.86,0.41,-10.76
17,150,1.25073,11.33,0.82,-11.99,11.68,1.04,-16.42
17,151,1.25903,11.43,0.83,-12.13,11.76,1.06,-16.54
17,152,1.26691,11.52,0.83,-12.27,12.40,1.11,-17.44
