trial,frame,t_s,x_cm,y_cm,z_cm,vx,vy,vz
0,0,0.00000,0.00,0.00,0.00,-99.32,-9.38,-52.22
0,1,0.00775,-18.63,-1.76,4.27,-2403.54,-226.56,551.18
0,2,0.01608,-18.56,-1.75,3.09,8.06,0.65,-142.12
0,3,0.02448,-18.50,-1.74,1.90,8.00,0.69,-141.09
0,4,0.03271,-18.43,-1.74,0.72,8.15,0.66,-143.70
0,5,0.04102,-18.36,-1.73,-0.46,8.09,0.70,-142.65
0,6,0.04941,-18.30,-1.73,-1.65,8.00,0.65,-141.09
0,7,0.05774,-18.23,-1.72,-2.83,8.06,0.70,-142.12
0,8,0.06631,-18.16,-1.72,-4.02,7.83,0.59,-138.08
0,9,0.07452,-18.09,-1.71,-5.20,8.18,0.71,-144.24
0,10,0.08301,-18.03,-1.71,-6.38,7.91,0.64,-139.57
0,11,0.09122,-17.96,-1.70,-7.57,8.18,0.71,-144.24
0,12,0.10034,-17.89,-1.69,-8.75,7.36,0.60,-129.77
0,13,0.10800,-17.83,-1.69,-9.97,8.37,0.77,-159.36
0,14,0.11633,-17.90,-1.70,-10.88,-9.16,-0.96,-108.79
0,15,0.12469,-17.98,-1.71,-11.78,-9.49,-0.99,-107.66
0,16,0.13297,-18.11,-1.72,-12.54,-15.50,-1.50,-91.88
0,17,0.14133,-18.24,-1.73,-13.29,-15.69,-1.56,-90.15
0,18,0.14963,-18.45,-1.75,-13.90,-25.37,-2.47,-73.53
0,19,0.15793,-18.67,-1.77,-14.51,-25.74,-2.41,-72.43
0,20,0.16632,-18.91,-1.80,-14.91,-29.45,-2.84,-48.00
0,21,0.17450,-19.16,-1.82,-15.31,-30.22,-2.92,-49.25
0,22,0.18295,-19.41,-1.84,-15.71,-29.24,-2.78,-47.65
0,23,0.19122,-19.66,-1.87,-16.11,-30.26,-2.87,-47.97
0,24,0.20023,-19.96,-1.90,-16.37,-33.90,-3.21,-28.47
0,25,0.20789,-20.27,-1.92,-16.62,-39.84,-3.82,-33.47
0,26,0.21640,-20.57,-1.95,-16.88,-35.84,-3.39,-30.11
0,27,0.22461,-20.89,-1.98,-17.14,-38.29,-3.62,-31.23
0,28,0.23291,-21.39,-2.03,-17.36,-60.66,-5.70,-26.47
0,29,0.24118,-21.90,-2.08,-17.58,-60.89,-5.77,-26.57
0,30,0.24960,-22.40,-2.13,-17.79,-59.78,-5.67,-26.09
0,31,0.25848,-22.91,-2.17,-18.01,-57.04,-5.40,-24.40
0,32,0.26627,-23.46,-2.23,-18.15,-71.76,-6.80,-18.43
0,33,0.27460,-24.02,-2.28,-18.30,-67.03,-6.35,-17.22
0,34,0.28299,-24.58,-2.33,-18.44,-66.55,-6.25,-17.09
0,35,0.29156,-25.13,-2.38,-18.58,-64.06,-6.07,-16.01
0,36,0.29965,-25.48,-2.42,-18.58,-43.40,-4.13,0.38
0,37,0.30795,-25.82,-2.45,-18.56,-41.18,-3.92,1.47
0,38,0.31638,-25.95,-2.46,-18.37,-15.22,-1.40,22.46
0,39,0.32471,-26.07,-2.47,-18.18,-13.92,-1.28,23.08
0,40,0.33298,-25.96,-2.46,-17.87,13.65,1.34,38.01
0,41,0.34131,-25.83,-2.45,-17.56,15.02,1.47,37.00
0,42,0.35062,-25.49,-2.42,-17.40,37.05,3.46,16.72
0,43,0.35797,-25.13,-2.38,-17.24,48.96,4.63,21.99
0,44,0.36642,-24.78,-2.35,-17.09,40.79,3.90,18.41
0,45,0.37463,-24.45,-2.32,-16.93,40.52,3.83,18.96
0,46,0.38303,-24.28,-2.30,-16.78,20.36,1.92,17.45
0,47,0.39136,-24.11,-2.29,-16.64,20.51,1.93,17.58
0,48,0.39978,-23.93,-2.27,-16.49,20.29,1.96,17.39
0,49,0.40854,-23.77,-2.25,-16.35,18.47,1.74,15.68
0,50,0.41632,-23.73,-2.25,-16.32,5.88,0.54,4.31
0,51,0.42471,-23.68,-2.25,-16.29,5.45,0.50,4.00
0,52,0.43317,-23.64,-2.24,-16.25,5.42,0.58,3.97
0,53,0.44131,-23.59,-2.24,-16.24,5.24,0.47,2.25
0,54,0.44977,-23.60,-2.24,-16.39,-1.08,-0.09,-18.41
0,55,0.45798,-23.61,-2.24,-16.55,-1.12,-0.14,-18.96
0,56,0.46634,-23.62,-2.24,-16.70,-1.09,-0.09,-18.61
0,57,0.47476,-23.63,-2.24,-16.87,-0.72,-0.10,-20.29
0,58,0.48300,-23.60,-2.24,-17.21,3.33,0.27,-40.37
0,59,0.49130,-23.57,-2.24,-17.56,3.31,0.31,-42.28
0,60,0.50031,-23.53,-2.23,-18.11,5.08,0.42,-61.02
0,61,0.50806,-23.48,-2.23,-18.66,5.91,0.49,-70.87
0,62,0.51648,-23.43,-2.22,-19.20,5.43,0.45,-65.22
0,63,0.52481,-23.38,-2.22,-19.76,6.59,0.61,-67.03
0,64,0.53308,-23.21,-2.20,-20.42,21.03,1.92,-79.70
0,65,0.54132,-23.02,-2.19,-21.08,22.59,2.12,-80.37
0,66,0.54974,-22.69,-2.16,-21.78,39.49,3.67,-82.61
0,67,0.55804,-22.34,-2.12,-22.48,41.91,3.94,-84.19
0,68,0.56644,-21.90,-2.08,-23.20,52.36,4.88,-86.18
0,69,0.57474,-22.55,-2.14,-23.82,-78.31,-7.45,-74.26
0,70,0.58319,-23.20,-2.21,-24.44,-76.90,-7.27,-73.29
0,71,0.59146,-23.74,-2.26,-25.07,-65.68,-6.26,-76.01
0,72,0.60056,-24.08,-2.29,-25.68,-36.91,-3.56,-67.79
0,73,0.60812,-24.28,-2.31,-26.32,-27.02,-2.58,-83.47
0,74,0.61667,-24.44,-2.32,-26.95,-18.21,-1.75,-74.64
0,75,0.62485,-24.35,-2.32,-27.61,11.19,0.99,-80.60
0,76,0.63315,-24.22,-2.30,-28.27,15.44,1.44,-79.78
0,77,0.64139,-23.94,-2.28,-28.95,34.07,3.06,-82.22
0,78,0.64993,-23.65,-2.25,-29.63,33.57,3.20,-79.29
0,79,0.65872,-23.28,-2.22,-30.32,42.01,3.87,-78.12
0,80,0.66644,-23.12,-2.20,-31.00,20.55,1.92,-88.14
0,81,0.67474,-22.96,-2.19,-31.67,19.12,1.74,-81.62
0,82,0.68317,-23.00,-2.19,-32.32,-4.35,-0.48,-76.81
0,83,0.69144,-23.10,-2.20,-32.96,-12.18,-1.18,-76.75
0,84,0.69992,-23.32,-2.22,-33.52,-25.54,-2.44,-66.19
0,85,0.70804,-23.53,-2.24,-34.08,-25.56,-2.49,-69.55
0,86,0.71710,-23.72,-2.26,-34.65,-21.89,-2.09,-62.29
0,87,0.72473,-23.90,-2.28,-35.21,-22.80,-2.23,-73.20
0,88,0.73309,-23.93,-2.28,-35.72,-4.38,-0.43,-62.04
0,89,0.74139,-23.92,-2.28,-36.25,1.47,0.08,-62.87
0,90,0.75037,-23.91,-2.28,-36.77,1.70,0.15,-58.50
0,91,0.75806,-23.72,-2.26,-37.30,25.00,2.35,-69.44
0,92,0.76642,-23.52,-2.24,-37.84,23.72,2.18,-63.87
0,93,0.77481,-23.32,-2.23,-38.37,23.27,2.14,-63.64
0,94,0.78308,-23.14,-2.21,-38.91,22.14,2.04,-64.58
0,95,0.79141,-23.08,-2.20,-39.43,6.96,0.64,-62.27
0,96,0.79996,-23.13,-2.21,-39.85,-5.71,-0.59,-49.64
0,97,0.80872,-23.21,-2.22,-40.27,-9.41,-0.90,-48.43
0,98,0.81680,-23.29,-2.22,-40.70,-10.19,-1.02,-52.45
0,99,0.82510,-23.41,-2.24,-41.11,-14.34,-1.37,-50.00
0,100,0.83347,-23.67,-2.26,-41.42,-31.02,-2.98,-36.50
0,101,0.84174,-23.94,-2.29,-41.72,-32.84,-3.11,-36.90
0,102,0.85071,-24.22,-2.31,-42.03,-30.61,-2.94,-34.01
0,103,0.85840,-24.48,-2.34,-42.33,-34.52,-3.27,-39.29
0,104,0.86682,-24.86,-2.37,-42.57,-44.57,-4.21,-28.26
0,105,0.87515,-25.13,-2.40,-42.81,-32.23,-3.05,-28.94
0,106,0.88354,-25.41,-2.43,-43.05,-33.09,-3.13,-28.73
0,107,0.89188,-25.77,-2.46,-43.28,-43.59,-4.17,-27.84
0,108,0.90033,-26.18,-2.50,-43.45,-48.38,-4.57,-20.22
0,109,0.90918,-26.40,-2.52,-43.63,-24.83,-2.30,-20.00
0,110,0.91724,-26.61,-2.54,-43.81,-26.14,-2.51,-21.97
0,111,0.92545,-26.82,-2.56,-43.98,-26.39,-2.49,-21.19
0,112,0.93387,-27.04,-2.58,-44.16,-25.36,-2.44,-21.01
0,113,0.94220,-27.20,-2.60,-44.34,-19.78,-1.91,-21.61
0,114,0.95056,-27.37,-2.61,-44.52,-19.71,-1.85,-21.17
0,115,0.95886,-27.54,-2.63,-44.68,-20.59,-1.94,-20.22
0,116,0.96777,-27.73,-2.65,-44.73,-21.58,-2.07,-5.48
0,117,0.97546,-27.95,-2.67,-44.78,-28.57,-2.73,-5.95
0,118,0.98383,-28.17,-2.69,-44.82,-25.91,-2.43,-5.47
0,119,0.99219,-28.38,-2.71,-44.87,-25.91,-2.43,-5.47
0,120,1.00119,-28.59,-2.73,-44.92,-23.05,-2.16,-5.42
0,121,1.00891,-28.83,-2.75,-44.95,-31.23,-2.98,-3.95
0,122,1.01709,-29.10,-2.78,-44.89,-33.21,-3.11,7.84
0,123,1.02533,-29.53,-2.82,-44.82,-51.11,-4.81,8.52
0,124,1.03366,-29.93,-2.85,-44.74,-48.72,-4.63,8.42
0,125,1.04196,-30.21,-2.88,-44.68,-33.82,-3.17,7.72
0,126,1.05029,-30.48,-2.91,-44.62,-32.60,-3.01,7.69
0,127,1.05923,-30.76,-2.93,-44.53,-31.06,-2.96,9.22
0,128,1.06702,-31.02,-2.96,-44.33,-33.73,-3.20,25.88
0,129,1.07529,-31.20,-2.97,-44.13,-21.77,-2.02,23.99
0,130,1.08362,-31.38,-2.99,-43.94,-21.61,-2.05,23.81
0,131,1.09183,-31.56,-3.01,-43.74,-21.93,-1.99,24.16
0,132,1.10101,-31.74,-3.02,-43.54,-19.60,-1.86,21.59
0,133,1.10849,-31.92,-3.04,-43.34,-24.08,-2.29,26.53
0,134,1.11694,-32.10,-3.06,-43.14,-21.30,-1.93,23.47
0,135,1.12524,-32.28,-3.07,-42.92,-21.69,-2.06,26.47
0,136,1.13354,-32.47,-3.09,-42.58,-22.06,-2.08,41.91
0,137,1.14182,-32.65,-3.11,-42.23,-22.14,-2.05,42.07
0,138,1.15027,-32.83,-3.13,-41.88,-21.66,-2.00,41.16
0,139,1.15912,-33.02,-3.14,-41.53,-20.69,-1.96,39.31
0,140,1.16687,-33.20,-3.16,-41.18,-23.62,-2.14,44.88
0,141,1.17523,-33.38,-3.18,-40.84,-21.90,-2.07,41.61
0,142,1.18350,-33.57,-3.19,-40.49,-22.14,-2.05,42.07
0,143,1.19189,-33.75,-3.21,-40.14,-21.82,-2.06,41.45
0,144,1.20023,-33.93,-3.23,-39.79,-21.98,-2.08,41.76
0,145,1.20877,-34.12,-3.25,-39.44,-21.43,-1.98,40.71
0,146,1.21771,-34.30,-3.26,-39.10,-20.48,-1.89,38.91
0,147,1.22540,-34.48,-3.28,-38.75,-23.81,-2.20,45.24
0,148,1.23373,-34.66,-3.30,-38.40,-21.98,-2.08,41.76
0,149,1.24207,-34.85,-3.31,-38.05,-21.98,-2.03,41.76
0,150,1.25101,-35.03,-3.33,-37.70,-20.48,-1.94,38.91
0,151,1.25876,-35.21,-3.35,-37.36,-22.44,-2.02,44.09
0,152,1.26715,-35.33,-3.36,-37.07,-15.27,-1.44,35.27
0,153,1.27548,-35.46,-3.37,-36.77,-15.38,-1.46,35.53
0,154,1.28378,-35.59,-3.38,-36.47,-15.44,-1.37,35.66
0,155,1.29221,-35.72,-3.39,-36.18,-15.22,-1.49,35.14
0,156,1.30066,-35.85,-3.41,-35.88,-15.16,-1.39,35.02
0,157,1.30969,-35.97,-3.42,-35.59,-14.19,-1.30,32.77
0,158,1.31738,-36.10,-3.43,-35.29,-16.67,-1.63,38.89
0,159,1.32574,-36.22,-3.44,-35.01,-14.60,-1.29,33.58
0,160,1.33411,-36.30,-3.45,-34.81,-9.49,-0.91,22.99
0,161,1.34241,-36.38,-3.46,-34.62,-9.56,-0.87,23.16
0,162,1.35141,-36.46,-3.46,-34.43,-8.81,-0.80,21.36
0,163,1.35904,-36.54,-3.47,-34.24,-10.40,-1.04,25.20
0,164,1.36749,-36.62,-3.48,-34.05,-9.39,-0.81,22.74
0,165,1.37570,-36.69,-3.49,-33.87,-8.92,-0.85,20.82
0,166,1.38406,-36.73,-3.49,-33.83,-4.38,-0.43,5.84
0,167,1.39236,-36.77,-3.49,-33.78,-4.41,-0.39,5.88
0,168,1.40076,-36.80,-3.50,-33.73,-4.36,-0.43,5.82
0,169,1.40952,-36.84,-3.50,-33.70,-4.18,-0.33,2.79
0,170,1.41711,-36.89,-3.50,-33.81,-6.02,-0.60,-14.46
0,171,1.42545,-36.93,-3.51,-33.92,-5.49,-0.55,-13.19
0,172,1.43381,-36.98,-3.51,-34.03,-5.47,-0.55,-13.14
0,173,1.44223,-37.02,-3.52,-34.15,-5.43,-0.50,-14.13
0,174,1.45044,-37.07,-3.52,-34.34,-5.58,-0.52,-22.30
0,175,1.45883,-37.12,-3.53,-34.52,-5.45,-0.55,-21.82
0,176,1.46777,-37.16,-3.53,-34.70,-5.12,-0.52,-20.48
1,0,0.00000,0.00,0.00,0.00,43.37,7.03,-81.00
1,1,0.00827,0.37,0.06,-0.69,44.65,7.24,-83.39
1,2,0.01657,0.80,0.15,-1.79,51.84,10.46,-133.09
1,3,0.02554,1.23,0.23,-2.90,47.96,9.66,-123.13
1,4,0.03342,1.66,0.32,-4.00,55.04,11.05,-140.31
1,5,0.04163,2.09,0.41,-5.11,52.42,10.53,-134.57
1,6,0.05014,2.52,0.49,-6.21,50.54,10.20,-129.75
1,7,0.05823,2.95,0.58,-7.32,53.21,10.72,-136.60
1,8,0.06659,3.38,0.67,-8.42,51.46,10.39,-132.12
1,9,0.07562,3.81,0.75,-9.53,47.64,9.59,-122.30
1,10,0.08359,4.25,0.84,-10.65,55.17,11.10,-141.38
1,11,0.09167,4.68,0.93,-11.76,53.21,10.72,-136.60
1,12,0.10007,5.11,1.02,-12.86,51.27,10.35,-131.64
1,13,0.10837,5.54,1.10,-13.96,51.47,10.40,-132.35
1,14,0.11731,5.75,1.16,-14.85,23.21,6.87,-98.98
1,15,0.12497,5.96,1.23,-15.73,27.09,8.07,-115.54
1,16,0.13339,6.07,1.27,-16.49,13.77,5.88,-90.22
1,17,0.14157,6.19,1.32,-17.25,13.81,5.99,-92.54
1,18,0.15009,6.17,1.36,-17.90,-1.43,4.24,-75.99
1,19,0.15829,6.16,1.40,-18.54,-1.86,4.33,-78.07
1,20,0.16675,6.05,1.42,-19.00,-13.00,2.34,-54.51
1,21,0.17560,5.94,1.43,-19.46,-12.41,2.22,-52.07
1,22,0.18338,5.83,1.46,-19.92,-14.12,2.59,-59.22
1,23,0.19162,5.72,1.47,-20.38,-13.70,2.38,-55.56
1,24,0.20010,5.51,1.48,-20.72,-24.82,0.87,-39.93
1,25,0.20901,5.29,1.49,-21.05,-23.63,0.83,-38.01
1,26,0.21671,5.08,1.50,-21.39,-27.38,0.96,-44.05
1,27,0.22507,4.87,1.50,-21.73,-25.91,0.84,-40.88
1,28,0.23343,4.46,1.50,-22.10,-49.27,-0.31,-43.43
1,29,0.24173,4.04,1.50,-22.46,-49.63,-0.32,-43.75
1,30,0.25018,3.63,1.50,-22.82,-48.74,-0.31,-42.96
1,31,0.25833,3.22,1.49,-23.19,-50.56,-0.30,-44.57
1,32,0.26675,2.73,1.48,-23.50,-57.61,-1.17,-36.59
1,33,0.27573,2.25,1.47,-23.80,-54.08,-1.10,-34.35
1,34,0.28348,1.76,1.46,-24.11,-62.60,-1.28,-39.76
1,35,0.29172,1.28,1.45,-24.42,-58.52,-1.20,-37.04
1,36,0.30011,0.95,1.44,-24.52,-40.00,-1.55,-12.36
1,37,0.30905,0.62,1.43,-24.62,-36.86,-1.48,-10.92
1,38,0.31677,0.44,1.41,-24.48,-23.32,-2.35,18.18
1,39,0.32510,0.26,1.39,-24.33,-20.88,-2.11,17.22
1,40,0.33356,0.27,1.37,-24.00,1.44,-2.17,39.35
1,41,0.34180,0.29,1.36,-23.67,2.22,-2.14,40.37
1,42,0.35022,0.57,1.36,-23.41,33.33,0.15,30.43
1,43,0.35837,0.85,1.36,-23.16,34.46,0.18,31.46
1,44,0.36685,1.14,1.36,-22.90,33.09,0.13,30.22
1,45,0.37573,1.41,1.36,-22.65,31.27,0.15,28.52
1,46,0.38348,1.53,1.36,-22.45,14.96,-0.58,25.20
1,47,0.39175,1.64,1.35,-22.26,14.02,-0.53,23.25
1,48,0.40024,1.76,1.35,-22.07,13.67,-0.49,22.66
1,49,0.40900,1.87,1.34,-21.88,12.89,-0.52,21.60
1,50,0.41687,1.91,1.34,-21.83,4.26,-0.09,5.81
1,51,0.42511,1.94,1.34,-21.79,4.07,-0.08,5.56
1,52,0.43353,1.97,1.34,-21.74,3.99,-0.06,5.43
1,53,0.44174,2.01,1.34,-21.70,4.09,-0.06,4.83
1,54,0.45020,2.05,1.35,-21.85,4.69,1.29,-18.05
1,55,0.45847,2.09,1.36,-22.01,4.80,1.30,-18.45
1,56,0.46747,2.13,1.37,-22.16,4.41,1.23,-16.95
1,57,0.47516,2.17,1.39,-22.32,5.56,1.49,-20.63
1,58,0.48355,2.30,1.41,-22.63,15.27,2.93,-36.73
1,59,0.49182,2.43,1.44,-22.94,15.87,3.08,-38.38
1,60,0.50024,2.64,1.48,-23.45,25.36,4.80,-60.14
1,61,0.50851,2.86,1.52,-23.96,25.83,4.92,-61.25
1,62,0.51746,3.07,1.56,-24.46,23.89,4.55,-56.66
1,63,0.52515,3.29,1.60,-24.97,28.57,5.36,-66.27
1,64,0.53363,3.66,1.65,-25.55,43.53,6.28,-67.63
1,65,0.54193,4.03,1.71,-26.12,45.22,6.46,-68.75
1,66,0.55032,4.57,1.77,-26.68,63.27,7.31,-66.55
1,67,0.55841,5.11,1.83,-27.23,66.79,7.65,-69.06
1,68,0.56686,5.81,1.90,-27.77,83.75,8.32,-63.54
1,69,0.57593,6.52,1.97,-28.31,78.11,7.74,-59.26
1,70,0.58356,7.24,2.04,-28.85,94.00,9.33,-71.20
1,71,0.59183,7.95,2.11,-29.38,86.35,8.48,-64.21
1,72,0.60028,8.81,2.18,-29.85,101.44,8.80,-54.87
1,73,0.60855,9.67,2.26,-30.31,103.69,9.02,-56.09
1,74,0.61758,10.53,2.33,-30.77,94.93,8.24,-51.35
1,75,0.62518,11.38,2.41,-31.24,112.85,9.82,-61.04
1,76,0.63370,12.24,2.48,-31.70,100.72,8.74,-54.48
1,77,0.64188,13.10,2.56,-32.17,104.85,9.12,-56.72
1,78,0.65036,13.96,2.63,-32.63,101.08,8.77,-54.68
1,79,0.65854,14.80,2.71,-33.10,103.73,9.08,-57.09
1,80,0.66702,15.47,2.77,-33.62,78.42,7.86,-61.15
1,81,0.67520,16.13,2.84,-34.14,80.22,8.13,-63.81
1,82,0.68372,16.60,2.90,-34.69,55.20,6.74,-64.52
1,83,0.69199,17.06,2.95,-35.23,56.09,6.90,-66.05
1,84,0.70032,17.38,3.00,-35.74,38.46,5.65,-61.17
1,85,0.70856,17.70,3.05,-36.25,38.89,5.69,-61.85
1,86,0.71753,18.02,3.09,-36.76,35.71,5.22,-56.80
1,87,0.72531,18.35,3.14,-37.27,42.35,6.02,-64.71
1,88,0.73364,18.82,3.19,-37.68,56.41,5.99,-49.82
1,89,0.74197,19.29,3.24,-38.10,56.41,6.02,-49.82
1,90,0.75043,19.76,3.29,-38.51,55.60,5.93,-49.10
1,91,0.75861,20.23,3.34,-38.93,57.46,6.11,-50.75
1,92,0.76703,20.70,3.39,-39.34,55.80,5.90,-49.28
1,93,0.77594,21.17,3.44,-39.76,52.74,5.60,-46.58
1,94,0.78378,21.64,3.49,-40.17,59.92,6.37,-52.92
1,95,0.79202,22.10,3.54,-40.58,56.30,6.00,-50.00
1,96,0.80032,22.43,3.58,-40.93,39.71,4.64,-42.28
1,97,0.80927,22.76,3.62,-41.28,36.86,4.29,-39.25
1,98,0.81714,23.10,3.66,-41.64,42.25,4.89,-44.57
1,99,0.82529,23.42,3.69,-41.98,39.33,4.62,-42.70
1,100,0.83377,23.57,3.72,-42.27,17.63,2.92,-33.81
1,101,0.84204,23.72,3.74,-42.56,18.08,2.97,-34.69
1,102,0.85056,23.86,3.77,-42.84,17.56,2.91,-33.69
1,103,0.85864,24.01,3.79,-43.13,17.36,2.95,-35.09
1,104,0.86707,24.01,3.81,-43.39,0.00,1.75,-30.80
1,105,0.87592,24.01,3.82,-43.65,0.00,1.67,-29.31
1,106,0.88373,24.01,3.84,-43.91,0.00,1.89,-33.20
1,107,0.89206,24.00,3.85,-44.16,-0.73,1.71,-30.77
1,108,0.90042,23.92,3.86,-44.38,-9.49,0.89,-25.55
1,109,0.90857,23.84,3.86,-44.59,-9.74,0.94,-26.22
1,110,0.91708,23.76,3.87,-44.80,-9.32,0.90,-25.09
1,111,0.92606,23.68,3.88,-45.02,-8.84,0.83,-23.81
1,112,0.93378,23.60,3.89,-45.23,-10.28,0.97,-27.67
1,113,0.94205,23.52,3.89,-45.44,-9.59,0.93,-25.83
1,114,0.95044,23.44,3.90,-45.66,-9.45,0.94,-25.45
1,115,0.95929,23.36,3.91,-45.86,-9.31,0.81,-23.45
1,116,0.96707,23.22,3.91,-45.96,-17.65,-0.33,-12.16
1,117,0.97540,23.09,3.91,-46.05,-16.48,-0.28,-11.36
1,118,0.98386,22.95,3.90,-46.15,-16.25,-0.26,-11.19
1,119,0.99203,22.81,3.90,-46.24,-16.79,-0.31,-11.57
1,120,1.00043,22.67,3.90,-46.34,-16.36,-0.28,-11.27
1,121,1.00870,22.53,3.90,-46.43,-16.97,-0.35,-10.70
1,122,1.01764,22.35,3.88,-46.42,-20.48,-1.17,0.34
1,123,1.02533,22.17,3.87,-46.42,-23.81,-1.39,0.79
1,124,1.03394,21.98,3.86,-46.41,-21.28,-1.20,0.35
1,125,1.04199,21.80,3.85,-46.41,-22.73,-1.30,0.38
1,126,1.05051,21.62,3.84,-46.41,-21.51,-1.23,0.36
1,127,1.05930,21.43,3.83,-46.40,-21.18,-1.27,1.39
1,128,1.06711,21.20,3.81,-46.26,-30.08,-2.67,17.19
1,129,1.07541,20.96,3.79,-46.13,-28.31,-2.51,16.18
1,130,1.08383,20.73,3.77,-45.99,-27.90,-2.46,15.94
1,131,1.09204,20.49,3.75,-45.86,-28.62,-2.54,16.36
1,132,1.10052,20.26,3.73,-45.72,-27.70,-2.46,15.83
1,133,1.10873,20.02,3.71,-45.59,-28.62,-2.52,16.36
1,134,1.11774,19.79,3.69,-45.46,-26.10,-2.32,14.92
1,135,1.12540,19.55,3.66,-45.31,-31.08,-2.82,18.73
1,136,1.13394,19.27,3.63,-45.04,-32.86,-3.66,32.14
1,137,1.14212,18.99,3.60,-44.76,-34.33,-3.87,33.58
1,138,1.15057,18.71,3.57,-44.49,-33.21,-3.70,32.49
1,139,1.15875,18.43,3.54,-44.21,-34.33,-3.82,33.58
1,140,1.16718,18.15,3.51,-43.94,-33.33,-3.71,32.61
1,141,1.17606,17.86,3.48,-43.66,-31.62,-3.56,30.93
1,142,1.18393,17.58,3.44,-43.39,-36.05,-4.01,35.27
1,143,1.19214,17.30,3.41,-43.11,-34.20,-3.81,33.46
1,144,1.20053,17.02,3.38,-42.84,-33.45,-3.72,32.73
1,145,1.20950,16.74,3.35,-42.56,-31.29,-3.50,30.61
1,146,1.21732,16.46,3.32,-42.29,-36.33,-4.07,35.55
1,147,1.22552,16.17,3.29,-42.01,-34.20,-3.83,33.46
1,148,1.23404,15.89,3.26,-41.74,-32.97,-3.65,32.26
1,149,1.24216,15.61,3.22,-41.46,-34.59,-3.87,33.83
1,150,1.25061,15.33,3.19,-41.19,-33.21,-3.72,32.49
1,151,1.25879,15.06,3.16,-40.91,-33.58,-3.78,33.21
1,152,1.26727,14.84,3.14,-40.67,-25.18,-3.03,28.78
1,153,1.27612,14.63,3.11,-40.43,-24.14,-2.91,27.59
1,154,1.28391,14.42,3.09,-40.18,-27.45,-3.33,31.37
1,155,1.29227,14.20,3.06,-39.94,-25.55,-3.10,29.20
1,156,1.30060,13.99,3.03,-39.69,-25.64,-3.09,29.30
1,157,1.30948,13.78,3.01,-39.45,-24.05,-2.92,27.49
1,158,1.31726,13.56,2.98,-39.21,-27.45,-3.30,31.37
1,159,1.32553,13.35,2.96,-38.97,-25.09,-3.03,28.41
1,160,1.33395,13.22,2.94,-38.81,-15.94,-1.95,18.84
1,161,1.34210,13.09,2.92,-38.65,-16.48,-2.06,19.48
1,162,1.35104,12.95,2.91,-38.49,-15.02,-1.83,17.75
1,163,1.35931,12.82,2.89,-38.34,-16.24,-2.00,19.19
1,164,1.36819,12.68,2.87,-38.18,-15.12,-1.87,17.87
1,165,1.37579,12.55,2.86,-38.03,-17.27,-2.09,19.68
1,166,1.38437,12.50,2.85,-37.99,-5.69,-0.54,4.27
1,167,1.39264,12.45,2.85,-37.95,-5.90,-0.58,4.43
1,168,1.40112,12.41,2.84,-37.92,-5.76,-0.59,4.32
1,169,1.40930,12.36,2.84,-37.90,-5.22,-0.40,1.87
1,170,1.41772,12.35,2.85,-38.02,-1.09,0.77,-14.13
1,171,1.42648,12.34,2.85,-38.14,-1.05,0.71,-13.59
1,172,1.43445,12.34,2.86,-38.26,-1.15,0.76,-14.94
1,173,1.44260,12.33,2.87,-38.39,-0.75,0.85,-15.73
1,174,1.45105,12.34,2.88,-38.57,1.44,1.31,-22.02
1,175,1.45993,12.35,2.89,-38.76,1.37,1.27,-20.96
1,176,1.46780,12.37,2.90,-38.95,1.94,1.52,-24.42
2,0,0.00000,0.00,0.00,0.00,-1.83,-0.25,-84.62
2,1,0.00839,-17.58,-1.66,4.08,-2094.18,-197.39,486.55
2,2,0.01672,-17.40,-1.64,2.91,20.51,1.88,-140.66
2,3,0.02505,-17.23,-1.63,1.74,20.51,1.83,-140.66
2,4,0.03342,-17.06,-1.61,0.57,20.44,1.87,-140.15
2,5,0.04233,-16.89,-1.59,-0.60,19.18,1.71,-131.51
2,6,0.05005,-16.72,-1.58,-1.79,22.13,1.98,-154.15
2,7,0.05850,-16.55,-1.56,-2.97,20.22,1.81,-138.63
2,8,0.06677,-16.38,-1.55,-4.14,20.66,1.85,-141.70
2,9,0.07574,-16.21,-1.53,-5.31,19.05,1.70,-130.61
2,10,0.08337,-16.04,-1.52,-6.49,22.40,2.10,-154.40
2,11,0.09192,-15.87,-1.50,-7.66,20.00,1.83,-137.14
2,12,0.10013,-15.70,-1.49,-8.83,20.82,1.86,-142.75
2,13,0.10843,-15.53,-1.47,-10.00,19.85,1.77,-140.81
2,14,0.11670,-15.53,-1.47,-10.91,0.37,-0.06,-109.96
2,15,0.12515,-15.53,-1.47,-11.82,0.00,-0.09,-107.22
2,16,0.13336,-15.59,-1.48,-12.58,-7.43,-0.74,-93.31
2,17,0.14240,-15.65,-1.49,-13.35,-7.09,-0.70,-84.46
2,18,0.15002,-15.81,-1.50,-13.97,-20.80,-2.10,-82.00
2,19,0.15845,-15.97,-1.52,-14.59,-18.84,-1.81,-73.91
2,20,0.16681,-16.18,-1.54,-15.02,-25.55,-2.43,-50.73
2,21,0.17575,-16.40,-1.56,-15.44,-23.89,-2.23,-47.44
2,22,0.18338,-16.61,-1.58,-15.87,-28.00,-2.71,-55.60
2,23,0.19247,-16.82,-1.60,-16.29,-23.49,-2.27,-46.31
2,24,0.20013,-17.11,-1.63,-16.57,-37.45,-3.49,-37.45
2,25,0.20853,-17.40,-1.65,-16.86,-33.82,-3.29,-33.82
2,26,0.21677,-17.68,-1.68,-17.14,-34.44,-3.26,-34.44
2,27,0.22580,-17.97,-1.71,-17.42,-32.09,-3.04,-31.08
2,28,0.23352,-18.45,-1.75,-17.68,-62.45,-5.87,-33.99
2,29,0.24176,-18.93,-1.80,-17.95,-58.52,-5.55,-31.85
2,30,0.25015,-19.42,-1.84,-18.21,-57.45,-5.45,-31.27
2,31,0.25839,-19.90,-1.89,-18.47,-58.89,-5.63,-31.48
2,32,0.26678,-20.44,-1.94,-18.66,-64.73,-6.09,-22.55
2,33,0.27502,-20.99,-1.99,-18.85,-65.93,-6.20,-22.96
2,34,0.28345,-21.53,-2.04,-19.04,-64.49,-6.15,-22.46
2,35,0.29236,-22.07,-2.10,-19.22,-60.27,-5.71,-20.55
2,36,0.30014,-22.42,-2.13,-19.25,-45.10,-4.25,-3.53
2,37,0.30838,-22.76,-2.16,-19.27,-41.48,-3.90,-2.22
2,38,0.31671,-22.90,-2.17,-19.09,-17.22,-1.64,21.25
2,39,0.32568,-23.04,-2.19,-18.91,-14.97,-1.38,20.07
2,40,0.33340,-22.95,-2.18,-18.59,11.07,1.05,41.90
2,41,0.34174,-22.86,-2.17,-18.27,11.36,1.12,38.10
2,42,0.35007,-22.53,-2.14,-18.08,39.93,3.77,21.98
2,43,0.35843,-22.19,-2.11,-17.90,39.78,3.81,21.90
2,44,0.36676,-21.86,-2.07,-17.72,39.93,3.73,21.98
2,45,0.37515,-21.54,-2.04,-17.54,38.55,3.64,21.82
2,46,0.38397,-21.38,-2.03,-17.37,17.99,1.74,18.34
2,47,0.39175,-21.22,-2.01,-17.21,20.39,1.97,20.78
2,48,0.40005,-21.06,-2.00,-17.05,19.12,1.80,19.49
2,49,0.40845,-20.91,-1.98,-16.89,18.18,1.71,18.55
2,50,0.41681,-20.86,-1.98,-16.86,5.11,0.51,4.38
2,51,0.42514,-20.82,-1.98,-16.82,5.13,0.47,4.40
2,52,0.43338,-20.78,-1.97,-16.78,5.19,0.52,4.44
2,53,0.44244,-20.74,-1.97,-16.75,4.71,0.43,3.37
2,54,0.44998,-20.73,-1.97,-16.91,0.81,0.09,-20.65
2,55,0.45847,-20.72,-1.97,-17.07,0.72,0.04,-18.35
2,56,0.46667,-20.72,-1.97,-17.22,0.74,0.03,-18.96
2,57,0.47577,-20.71,-1.97,-17.38,0.67,0.03,-17.79
2,58,0.48349,-20.66,-1.96,-17.71,7.11,0.72,-42.69
2,59,0.49179,-20.60,-1.96,-18.05,6.62,0.53,-40.44
2,60,0.50015,-20.51,-1.95,-18.59,10.95,1.02,-64.96
2,61,0.50845,-20.42,-1.94,-19.13,11.03,0.98,-65.44
2,62,0.51675,-20.33,-1.93,-19.68,11.03,1.03,-65.44
2,63,0.52515,-20.23,-1.92,-20.22,11.64,1.09,-65.09
2,64,0.53342,-20.47,-1.94,-20.81,-28.41,-2.76,-70.85
2,65,0.54239,-21.22,-2.02,-21.34,-83.67,-7.95,-58.84
2,66,0.55014,-21.81,-2.07,-21.89,-76.38,-7.22,-71.65
2,67,0.55847,-22.51,-2.14,-22.44,-84.25,-8.01,-65.57
2,68,0.56674,-23.03,-2.19,-23.01,-63.10,-6.01,-68.63
2,69,0.57581,-23.73,-2.25,-23.56,-76.77,-7.34,-60.61
2,70,0.58344,-24.38,-2.32,-24.11,-86.00,-8.08,-73.20
2,71,0.59186,-24.94,-2.37,-24.68,-65.94,-6.27,-67.03
2,72,0.60031,-25.28,-2.40,-25.22,-40.79,-3.88,-63.90
2,73,0.60864,-25.49,-2.42,-25.78,-25.27,-2.46,-66.67
2,74,0.61682,-25.67,-2.44,-26.34,-21.27,-2.03,-68.66
2,75,0.62524,-25.57,-2.43,-26.92,11.23,1.00,-69.57
2,76,0.63409,-25.47,-2.42,-27.51,11.72,1.05,-66.55
2,77,0.64194,-25.19,-2.39,-28.12,36.19,3.41,-77.43
2,78,0.65021,-24.91,-2.37,-28.73,33.21,3.08,-73.43
2,79,0.65860,-24.54,-2.33,-29.34,44.73,4.17,-73.45
2,80,0.66696,-24.37,-2.32,-29.97,20.07,1.88,-75.18
2,81,0.67532,-24.20,-2.30,-30.60,19.71,1.80,-74.82
2,82,0.68356,-24.23,-2.31,-31.21,-3.70,-0.42,-74.07
2,83,0.69260,-24.33,-2.32,-31.81,-10.81,-1.09,-66.89
2,84,0.70029,-24.55,-2.34,-32.35,-28.97,-2.76,-69.84
2,85,0.70868,-24.76,-2.36,-32.89,-24.73,-2.40,-64.36
2,86,0.71686,-24.97,-2.38,-33.43,-25.75,-2.46,-66.04
2,87,0.72589,-25.16,-2.40,-33.97,-20.61,-2.01,-59.80
2,88,0.73355,-25.20,-2.40,-34.46,-4.78,-0.47,-63.75
2,89,0.74194,-25.20,-2.40,-34.94,-0.73,-0.08,-57.82
2,90,0.75034,-25.21,-2.40,-35.43,-0.73,-0.08,-57.82
2,91,0.75867,-25.03,-2.39,-35.93,21.61,1.99,-59.71
2,92,0.76697,-24.85,-2.37,-36.42,20.96,1.93,-59.93
2,93,0.77530,-24.67,-2.35,-36.92,21.61,2.03,-59.71
2,94,0.78363,-24.50,-2.34,-37.42,20.51,1.93,-59.71
2,95,0.79263,-24.46,-2.33,-37.91,5.08,0.43,-54.24
2,96,0.80029,-24.53,-2.34,-38.31,-9.96,-1.00,-52.19
2,97,0.80875,-24.62,-2.35,-38.71,-9.75,-0.93,-47.29
2,98,0.81702,-24.70,-2.36,-39.11,-10.70,-1.07,-48.34
2,99,0.82599,-24.84,-2.37,-39.50,-14.97,-1.47,-43.88
2,100,0.83371,-25.10,-2.40,-39.79,-34.39,-3.30,-38.34
2,101,0.84210,-25.38,-2.42,-40.09,-32.73,-3.05,-34.91
2,102,0.85040,-25.64,-2.45,-40.38,-31.99,-3.07,-35.66
2,103,0.85880,-25.91,-2.47,-40.68,-31.27,-2.96,-34.91
2,104,0.86700,-26.30,-2.51,-40.91,-47.58,-4.55,-29.00
2,105,0.87546,-26.57,-2.53,-41.16,-31.77,-2.96,-28.88
2,106,0.88428,-26.83,-2.56,-41.40,-30.10,-2.84,-27.68
2,107,0.89209,-27.18,-2.59,-41.64,-44.14,-4.27,-30.47
2,108,0.90033,-27.60,-2.63,-41.82,-51.11,-4.78,-21.48
2,109,0.90878,-27.80,-2.65,-42.00,-24.19,-2.28,-22.02
2,110,0.91714,-27.99,-2.67,-42.19,-22.99,-2.21,-22.26
2,111,0.92542,-28.20,-2.69,-42.38,-24.35,-2.30,-22.51
2,112,0.93381,-28.40,-2.71,-42.56,-24.00,-2.26,-22.18
2,113,0.94272,-28.55,-2.72,-42.75,-17.12,-1.65,-21.23
2,114,0.95038,-28.70,-2.74,-42.94,-19.12,-1.80,-24.70
2,115,0.95874,-28.84,-2.75,-43.12,-17.52,-1.65,-21.90
2,116,0.96710,-29.02,-2.77,-43.19,-21.17,-2.03,-7.30
2,117,0.97607,-29.21,-2.78,-43.24,-21.43,-2.05,-6.46
2,118,0.98373,-29.40,-2.80,-43.30,-25.10,-2.36,-7.57
2,119,0.99222,-29.59,-2.82,-43.36,-21.58,-2.02,-7.19
2,120,1.00049,-29.78,-2.84,-43.42,-22.88,-2.15,-7.01
2,121,1.00882,-30.00,-2.86,-43.47,-26.37,-2.52,-6.23
2,122,1.01706,-30.23,-2.88,-43.42,-28.52,-2.67,5.93
2,123,1.02542,-30.63,-2.92,-43.37,-47.45,-4.46,6.93
2,124,1.03378,-31.02,-2.96,-43.31,-46.35,-4.41,6.93
2,125,1.04282,-31.28,-2.98,-43.26,-29.39,-2.76,5.74
2,126,1.05042,-31.54,-3.00,-43.21,-33.73,-3.22,6.43
2,127,1.05887,-31.79,-3.03,-43.15,-29.96,-2.81,6.86
2,128,1.06714,-32.06,-3.05,-42.96,-32.47,-3.04,22.51
2,129,1.07617,-32.26,-3.07,-42.78,-21.96,-2.00,20.27
2,130,1.08374,-32.46,-3.09,-42.60,-26.21,-2.49,24.19
2,131,1.09216,-32.65,-3.11,-42.41,-23.55,-2.24,21.74
2,132,1.10049,-32.85,-3.13,-42.23,-23.81,-2.22,21.98
2,133,1.10883,-33.05,-3.15,-42.05,-23.81,-2.26,21.98
2,134,1.11710,-33.25,-3.17,-41.86,-23.99,-2.28,22.14
2,135,1.12570,-33.45,-3.18,-41.67,-23.05,-2.10,22.34
2,136,1.13443,-33.66,-3.20,-41.34,-24.13,-2.28,38.11
2,137,1.14224,-33.87,-3.22,-41.01,-26.95,-2.50,42.58
2,138,1.15045,-34.08,-3.24,-40.67,-25.65,-2.38,40.52
2,139,1.15887,-34.29,-3.26,-40.34,-25.00,-2.36,39.49
2,140,1.16721,-34.50,-3.28,-40.01,-25.27,-2.35,39.93
2,141,1.17560,-34.71,-3.30,-39.68,-25.09,-2.33,39.64
2,142,1.18387,-34.92,-3.32,-39.34,-25.46,-2.41,40.22
2,143,1.19290,-35.13,-3.34,-39.01,-23.31,-2.16,36.82
2,144,1.20050,-35.34,-3.36,-38.68,-27.71,-2.62,43.78
2,145,1.20889,-35.55,-3.38,-38.35,-25.09,-2.28,39.64
2,146,1.21729,-35.76,-3.40,-38.01,-25.09,-2.37,39.64
2,147,1.22626,-35.97,-3.42,-37.68,-23.47,-2.18,37.07
2,148,1.23383,-36.18,-3.44,-37.35,-27.82,-2.63,43.95
2,149,1.24228,-36.40,-3.46,-37.01,-24.91,-2.31,39.35
2,150,1.25058,-36.61,-3.48,-36.68,-25.37,-2.40,40.07
2,151,1.25894,-36.81,-3.50,-36.35,-24.82,-2.30,39.42
2,152,1.26721,-36.97,-3.51,-36.07,-18.45,-1.70,34.32
2,153,1.27563,-37.12,-3.53,-35.78,-18.12,-1.71,33.70
2,154,1.28391,-37.27,-3.54,-35.50,-18.45,-1.70,34.32
2,155,1.29279,-37.42,-3.55,-35.22,-17.18,-1.63,31.96
2,156,1.30057,-37.58,-3.57,-34.93,-19.61,-1.81,36.47
2,157,1.30890,-37.73,-3.58,-34.65,-18.32,-1.73,34.07
2,158,1.31726,-37.88,-3.60,-34.37,-18.25,-1.68,33.94
2,159,1.32611,-38.03,-3.61,-34.09,-16.90,-1.56,31.38
2,160,1.33383,-38.13,-3.62,-33.90,-12.65,-1.21,24.11
2,161,1.34229,-38.22,-3.63,-33.72,-11.19,-1.02,21.66
2,162,1.35049,-38.32,-3.64,-33.54,-11.52,-1.10,22.30
2,163,1.35886,-38.41,-3.65,-33.35,-11.31,-1.03,21.90
2,164,1.36710,-38.51,-3.66,-33.17,-11.48,-1.05,22.22
2,165,1.37561,-38.60,-3.66,-33.00,-10.75,-1.03,20.43
2,166,1.38437,-38.64,-3.67,-32.95,-4.53,-0.45,5.23
2,167,1.39221,-38.68,-3.67,-32.90,-5.06,-0.45,5.84
2,168,1.40045,-38.72,-3.68,-32.86,-4.81,-0.47,5.56
2,169,1.40897,-38.76,-3.68,-32.82,-4.66,-0.42,3.94
2,170,1.41727,-38.79,-3.68,-32.94,-4.41,-0.45,-13.60
2,171,1.42557,-38.83,-3.69,-33.05,-4.41,-0.45,-13.60
2,172,1.43384,-38.87,-3.69,-33.16,-4.43,-0.40,-13.65
2,173,1.44287,-38.90,-3.69,-33.28,-4.05,-0.37,-13.18
2,174,1.45071,-38.93,-3.70,-33.47,-3.89,-0.36,-23.74
2,175,1.45908,-38.96,-3.70,-33.65,-3.65,-0.38,-22.26
2,176,1.46747,-39.00,-3.70,-33.84,-3.64,-0.38,-22.18
3,0,0.00000,0.00,0.00,0.00,-64.51,-2.51,-59.04
3,1,0.00775,-0.58,-0.02,-0.53,-75.20,-2.93,-68.90
3,2,0.01617,-1.54,-0.07,-1.23,-114.13,-5.56,-82.25
3,3,0.02448,-2.51,-0.12,-1.92,-115.81,-5.64,-83.46
3,4,0.03281,-3.50,-0.16,-2.64,-119.41,-5.77,-86.08
3,5,0.04178,-4.46,-0.21,-3.33,-107.14,-5.22,-77.21
3,6,0.05008,-5.42,-0.26,-4.02,-115.81,-5.59,-83.46
3,7,0.05795,-6.38,-0.30,-4.71,-122.09,-5.90,-87.98
3,8,0.06641,-7.35,-0.35,-5.41,-113.72,-5.54,-81.95
3,9,0.07477,-8.31,-0.40,-6.10,-114.96,-5.60,-82.85
3,10,0.08316,-9.27,-0.44,-6.79,-114.55,-5.49,-82.55
3,11,0.09158,-10.23,-0.49,-7.49,-114.13,-5.56,-82.25
3,12,0.09979,-11.19,-0.54,-8.18,-117.10,-5.65,-84.39
3,13,0.10889,-12.15,-0.58,-8.86,-105.03,-5.11,-74.83
3,14,0.11667,-12.98,-0.63,-9.30,-107.45,-6.20,-56.47
3,15,0.12494,-13.78,-0.68,-9.71,-96.31,-5.59,-49.82
3,16,0.13315,-14.49,-0.72,-10.01,-86.25,-5.34,-36.43
3,17,0.14212,-15.19,-0.77,-10.30,-78.23,-4.94,-31.97
3,18,0.15045,-15.82,-0.81,-10.45,-75.46,-5.37,-17.95
3,19,0.15823,-16.43,-0.85,-10.58,-79.22,-5.69,-17.65
3,20,0.16663,-16.91,-0.89,-10.59,-56.36,-4.60,-0.73
3,21,0.17508,-17.38,-0.93,-10.60,-55.96,-4.52,-0.72
3,22,0.18335,-17.85,-0.97,-10.60,-57.20,-4.71,-0.74
3,23,0.19223,-18.32,-1.01,-10.60,-52.58,-4.29,0.34
3,24,0.19995,-18.70,-1.05,-10.48,-49.41,-4.81,15.42
3,25,0.20898,-19.08,-1.06,-10.36,-42.23,-1.50,13.18
3,26,0.21692,-19.47,-1.10,-10.24,-48.46,-5.02,15.38
3,27,0.22501,-19.85,-1.14,-10.10,-47.92,-5.11,16.98
3,28,0.23346,-20.31,-1.19,-9.79,-53.79,-5.93,36.46
3,29,0.24234,-20.76,-1.25,-9.48,-51.20,-6.48,34.71
3,30,0.25067,-21.23,-1.31,-9.17,-55.68,-7.05,37.36
3,31,0.25858,-21.68,-1.37,-8.86,-57.14,-7.42,40.15
3,32,0.26691,-22.10,-1.43,-8.46,-50.55,-7.47,47.25
3,33,0.27533,-22.52,-1.50,-8.07,-50.00,-8.18,46.74
3,34,0.28366,-22.94,-1.57,-7.68,-50.55,-9.10,47.25
3,35,0.29257,-23.34,-1.65,-7.29,-44.52,-8.86,43.15
3,36,0.30029,-23.53,-1.70,-6.99,-24.11,-6.49,38.74
3,37,0.30939,-23.68,-1.75,-6.70,-17.11,-4.95,31.54
3,38,0.31726,-23.59,-1.75,-6.49,11.63,-0.64,27.13
3,39,0.32553,-23.47,-1.75,-6.30,14.76,0.25,23.25
3,40,0.33377,-23.14,-1.71,-6.23,39.63,4.97,8.89
3,41,0.34268,-22.82,-1.67,-6.19,36.30,4.62,4.11
3,42,0.35107,-22.50,-1.61,-6.40,37.82,6.89,-24.73
3,43,0.35892,-22.18,-1.56,-6.61,40.86,6.94,-26.85
3,44,0.36725,-21.86,-1.50,-6.81,38.10,6.08,-24.91
3,45,0.37573,-21.56,-1.46,-7.00,35.61,5.28,-22.30
3,46,0.38409,-21.34,-1.43,-7.07,25.91,3.06,-7.66
3,47,0.39291,-21.13,-1.41,-7.13,24.57,2.89,-7.27
3,48,0.40161,-20.90,-1.38,-7.20,25.61,2.90,-7.72
3,49,0.40924,-20.72,-1.36,-7.26,24.80,2.64,-7.60
3,50,0.41748,-20.66,-1.36,-7.28,6.30,0.65,-2.59
3,51,0.42581,-20.61,-1.35,-7.30,6.23,0.69,-2.56
3,52,0.43423,-20.56,-1.35,-7.32,6.16,0.67,-2.54
3,53,0.44318,-20.54,-1.34,-7.35,1.71,0.34,-3.75
3,54,0.45093,-20.68,-1.35,-7.43,-17.72,-1.07,-9.84
3,55,0.45993,-20.82,-1.36,-7.51,-15.25,-0.92,-8.47
3,56,0.46774,-20.96,-1.37,-7.58,-17.58,-1.08,-9.77
3,57,0.47604,-21.12,-1.38,-7.68,-19.49,-1.16,-12.13
3,58,0.48438,-21.38,-1.39,-7.89,-31.87,-1.69,-24.18
3,59,0.49295,-21.69,-1.41,-8.11,-35.23,-1.97,-26.69
3,60,0.50177,-22.13,-1.43,-8.45,-49.83,-2.79,-37.72
3,61,0.51019,-22.57,-1.46,-8.79,-53.26,-3.14,-40.58
3,62,0.51785,-23.01,-1.49,-9.12,-57.37,-3.55,-43.43
3,63,0.52628,-23.46,-1.51,-9.49,-52.90,-3.14,-43.84
3,64,0.53445,-23.92,-1.54,-9.99,-56.72,-2.56,-61.19
3,65,0.54294,-24.37,-1.55,-10.53,-53.24,-2.09,-62.95
3,66,0.55124,-24.78,-1.56,-11.18,-49.26,-0.58,-78.68
3,67,0.56030,-25.18,-1.56,-11.87,-43.43,-0.00,-76.43
3,68,0.56799,-25.53,-1.54,-12.71,-45.63,1.95,-108.73
3,69,0.57651,-25.87,-1.53,-13.53,-40.50,1.67,-96.06
3,70,0.58475,-26.22,-1.51,-14.34,-41.85,1.69,-99.26
3,71,0.59311,-26.54,-1.50,-15.19,-37.96,2.24,-101.82
3,72,0.60199,-26.77,-1.46,-16.14,-26.80,3.75,-106.53
3,73,0.60977,-27.01,-1.43,-17.09,-30.59,4.01,-121.57
3,74,0.61884,-27.25,-1.40,-18.03,-26.26,3.29,-104.38
3,75,0.62659,-27.49,-1.37,-19.00,-31.50,3.76,-125.20
3,76,0.63470,-27.73,-1.35,-19.95,-29.32,3.30,-116.54
3,77,0.64310,-27.97,-1.32,-20.90,-28.36,3.05,-112.73
3,78,0.65198,-28.21,-1.30,-21.84,-26.80,2.70,-106.53
3,79,0.66043,-28.47,-1.28,-22.74,-31.41,2.28,-106.50
3,80,0.66812,-28.81,-1.22,-23.51,-44.05,7.21,-100.40
3,81,0.67661,-29.17,-1.23,-24.24,-42.45,-1.33,-85.25
3,82,0.68494,-29.59,-1.25,-24.83,-49.82,-2.44,-71.06
3,83,0.69327,-30.00,-1.27,-25.38,-49.82,-2.34,-65.93
3,84,0.70206,-30.42,-1.30,-25.81,-47.22,-2.81,-49.65
3,85,0.71002,-30.83,-1.33,-26.25,-52.11,-3.63,-54.79
3,86,0.71915,-31.25,-1.36,-26.69,-45.48,-3.91,-47.83
3,87,0.72699,-31.64,-1.40,-27.19,-50.19,-5.17,-63.81
3,88,0.73505,-31.92,-1.44,-27.75,-35.23,-4.52,-69.32
3,89,0.74350,-32.21,-1.47,-28.31,-33.57,-4.12,-66.06
3,90,0.75259,-32.49,-1.51,-28.86,-31.21,-4.06,-61.41
3,91,0.76086,-32.78,-1.55,-29.42,-34.32,-4.66,-67.53
3,92,0.76868,-33.06,-1.59,-29.98,-36.33,-5.15,-71.48
3,93,0.77701,-33.34,-1.63,-30.54,-34.07,-5.04,-67.03
3,94,0.78543,-33.63,-1.68,-31.10,-33.70,-5.19,-66.30
3,95,0.79376,-33.91,-1.72,-31.61,-33.33,-5.40,-61.17
3,96,0.80261,-34.16,-1.76,-32.01,-29.31,-4.88,-45.86
3,97,0.81039,-34.42,-1.81,-32.42,-33.33,-5.74,-52.16
3,98,0.81955,-34.68,-1.85,-32.82,-28.33,-5.04,-44.33
3,99,0.82727,-34.95,-1.90,-33.18,-33.99,-6.16,-45.85
3,100,0.83539,-35.19,-1.95,-33.39,-29.70,-5.62,-26.32
3,101,0.84384,-35.43,-1.99,-33.61,-28.52,-5.56,-25.27
3,102,0.85260,-35.67,-2.04,-33.82,-27.53,-5.44,-24.39
3,103,0.86118,-35.91,-2.09,-33.98,-28.47,-5.85,-18.51
3,104,0.86877,-36.17,-2.14,-34.04,-33.33,-6.94,-8.43
3,105,0.87729,-36.42,-2.20,-34.11,-29.75,-6.38,-7.53
3,106,0.88565,-36.67,-2.25,-34.17,-30.29,-6.66,-7.66
3,107,0.89398,-36.91,-2.31,-34.20,-28.94,-6.53,-3.66
3,108,0.90237,-37.14,-2.36,-34.18,-26.91,-6.21,2.55
3,109,0.91068,-37.37,-2.41,-34.16,-27.21,-6.42,2.57
3,110,0.91965,-37.59,-2.47,-34.14,-25.17,-6.07,2.38
3,111,0.92758,-37.82,-2.53,-34.11,-28.85,-7.10,3.08
3,112,0.93594,-38.05,-2.58,-34.09,-27.01,-6.79,2.55
3,113,0.94440,-38.27,-2.64,-34.07,-26.71,-6.85,2.53
3,114,0.95285,-38.50,-2.70,-34.05,-26.71,-6.99,2.53
3,115,0.96106,-38.69,-2.75,-33.99,-23.05,-6.15,6.69
3,116,0.97012,-38.81,-2.78,-33.88,-13.80,-3.74,12.12
3,117,0.97781,-38.95,-2.82,-33.76,-17.86,-4.87,15.48
3,118,0.98630,-39.07,-2.85,-33.65,-14.75,-3.98,12.95
3,119,0.99460,-39.20,-2.89,-33.54,-15.07,-4.21,13.24
3,120,1.00317,-39.32,-2.92,-33.44,-14.59,-4.11,12.81
3,121,1.01190,-39.41,-2.95,-33.29,-10.14,-2.88,16.08
3,122,1.01968,-39.45,-2.96,-33.12,-5.10,-1.34,22.75
3,123,1.02820,-39.49,-2.97,-32.94,-4.66,-1.34,20.79
3,124,1.03650,-39.53,-2.98,-32.76,-4.78,-1.37,21.32
3,125,1.04501,-39.57,-2.99,-32.59,-4.66,-1.24,20.79
3,126,1.05341,-39.61,-3.01,-32.41,-4.73,-1.36,21.09
3,127,1.06180,-39.60,-3.00,-32.20,1.09,0.41,25.45
3,128,1.07068,-39.53,-2.98,-31.94,7.90,2.27,29.21
3,129,1.07907,-39.46,-2.96,-31.67,8.73,2.63,32.36
3,130,1.08685,-39.39,-2.94,-31.41,9.02,2.59,33.33
3,131,1.09528,-39.32,-2.92,-31.15,8.33,2.47,30.80
3,132,1.10352,-39.25,-2.90,-30.89,8.52,2.40,31.48
3,133,1.11252,-39.18,-2.88,-30.63,7.80,2.28,28.81
3,134,1.12018,-39.11,-2.86,-30.37,9.16,2.55,33.86
3,135,1.12915,-38.97,-2.82,-30.07,14.97,4.25,33.67
3,136,1.13672,-38.77,-2.76,-29.72,26.61,7.40,45.56
3,137,1.14514,-38.57,-2.71,-29.38,23.55,6.30,40.58
3,138,1.15344,-38.38,-2.66,-29.04,23.90,6.38,41.18
3,139,1.16245,-38.18,-2.61,-28.70,22.03,5.78,37.97
3,140,1.17068,-37.98,-2.56,-28.35,24.07,6.20,41.48
3,141,1.17859,-37.78,-2.51,-28.01,25.10,6.26,43.24
3,142,1.18695,-37.58,-2.46,-27.67,23.72,5.89,40.88
3,143,1.19553,-37.38,-2.41,-27.33,23.13,5.64,39.86
3,144,1.20383,-37.18,-2.36,-26.98,24.26,5.80,41.54
3,145,1.21265,-36.98,-2.32,-26.64,22.49,5.03,38.75
3,146,1.22046,-36.79,-2.28,-26.30,25.39,5.17,43.75
3,147,1.22943,-36.59,-2.24,-25.96,22.11,4.12,38.10
3,148,1.23715,-36.39,-2.20,-25.61,26.09,4.42,45.06
3,149,1.24551,-36.19,-2.17,-25.27,23.72,3.61,40.88
3,150,1.25372,-35.99,-2.15,-24.93,24.16,3.27,41.64
3,151,1.26276,-35.80,-2.12,-24.63,20.95,2.61,33.11
3,152,1.27109,-35.62,-2.10,-24.36,21.98,2.60,32.23
3,153,1.27896,-35.43,-2.08,-24.09,23.26,2.49,34.11
3,154,1.28720,-35.25,-2.06,-23.82,22.22,2.10,32.59
3,155,1.29550,-35.07,-2.05,-23.55,22.06,1.82,32.35
3,156,1.30396,-34.88,-2.04,-23.28,21.66,1.52,31.77
3,157,1.31293,-34.70,-2.03,-23.02,20.41,1.18,29.93
3,158,1.32059,-34.52,-2.02,-22.74,24.30,1.13,35.46
3,159,1.32956,-34.37,-2.01,-22.53,16.33,0.56,23.47
3,160,1.33731,-34.25,-2.01,-22.36,15.35,0.41,22.05
3,161,1.34570,-34.13,-2.01,-22.19,14.18,0.34,20.36
3,162,1.35397,-34.01,-2.00,-22.02,14.39,0.38,20.66
3,163,1.36295,-33.89,-2.00,-21.85,13.27,0.29,19.05
3,164,1.37119,-33.77,-2.00,-21.68,14.44,0.31,20.74
3,165,1.37915,-33.71,-2.00,-21.58,8.05,0.26,13.03
3,166,1.38739,-33.69,-2.00,-21.52,2.59,-0.06,6.67
3,167,1.39581,-33.67,-2.00,-21.47,2.54,-0.20,6.52
3,168,1.40427,-33.65,-2.00,-21.41,2.53,-0.23,6.50
3,169,1.41315,-33.70,-2.01,-21.40,-6.53,-0.98,1.37
3,170,1.42151,-33.83,-2.03,-21.42,-14.60,-2.09,-2.55
3,171,1.42926,-33.94,-2.05,-21.44,-14.96,-2.44,-2.36
3,172,1.43771,-34.06,-2.06,-21.46,-13.72,-2.20,-2.17
3,173,1.44617,-34.21,-2.09,-21.50,-18.41,-2.61,-5.42
3,174,1.45444,-34.39,-2.11,-21.56,-21.40,-3.10,-7.01
3,175,1.46323,-34.57,-2.14,-21.62,-20.14,-3.04,-6.60
3,176,1.47195,-34.75,-2.17,-21.68,-20.63,-3.10,-6.99
4,0,0.00000,0.00,0.00,0.00,-44.72,-4.35,-78.52
4,1,0.00778,-0.39,-0.04,-0.68,-49.80,-4.75,-87.45
4,2,0.01630,-1.09,-0.10,-1.64,-82.44,-7.82,-112.19
4,3,0.02448,-1.79,-0.17,-2.59,-85.82,-8.14,-116.79
4,4,0.03329,-2.49,-0.24,-3.55,-79.58,-7.59,-108.30
4,5,0.04160,-3.20,-0.30,-4.50,-84.56,-8.07,-115.07
4,6,0.05023,-3.90,-0.37,-5.46,-81.27,-7.71,-110.60
4,7,0.05786,-4.60,-0.44,-6.41,-92.00,-8.78,-125.20
4,8,0.06628,-5.30,-0.50,-7.37,-83.33,-7.95,-113.41
4,9,0.07492,-6.00,-0.57,-8.32,-81.27,-7.75,-110.60
4,10,0.08340,-6.70,-0.64,-9.28,-82.73,-7.85,-112.59
4,11,0.09161,-7.41,-0.71,-10.23,-85.50,-8.16,-116.36
4,12,0.09961,-8.11,-0.77,-11.19,-87.79,-8.38,-119.47
4,13,0.10785,-8.81,-0.84,-12.14,-85.19,-8.13,-115.93
4,14,0.11630,-9.45,-0.90,-12.79,-75.09,-7.15,-76.90
4,15,0.12497,-10.08,-0.96,-13.44,-73.24,-6.93,-75.00
4,16,0.13290,-10.66,-1.01,-13.95,-73.08,-6.90,-63.46
4,17,0.14130,-11.24,-1.07,-14.45,-69.09,-6.61,-60.00
4,18,0.14987,-11.79,-1.12,-14.79,-64.41,-6.11,-39.15
4,19,0.15787,-12.34,-1.17,-15.12,-69.08,-6.51,-41.98
4,20,0.16635,-12.79,-1.22,-15.27,-52.88,-5.04,-17.99
4,21,0.17468,-13.24,-1.26,-15.43,-53.85,-5.13,-18.32
4,22,0.18323,-13.69,-1.30,-15.58,-52.50,-4.91,-17.86
4,23,0.19147,-14.14,-1.34,-15.73,-54.44,-5.14,-18.52
4,24,0.19977,-14.54,-1.38,-15.73,-48.16,-4.58,-0.37
4,25,0.20792,-14.94,-1.42,-15.74,-49.06,-4.62,-0.37
4,26,0.21613,-15.34,-1.46,-15.74,-48.70,-4.59,-0.37
4,27,0.22458,-15.74,-1.50,-15.74,-47.29,-4.50,-0.36
4,28,0.23303,-16.27,-1.54,-15.59,-62.45,-5.85,18.05
4,29,0.24127,-16.79,-1.59,-15.44,-64.07,-6.00,18.52
4,30,0.24982,-17.32,-1.64,-15.29,-61.79,-5.83,17.86
4,31,0.25793,-17.85,-1.69,-15.13,-65.04,-6.13,18.80
4,32,0.26617,-18.37,-1.74,-14.89,-63.33,-6.01,30.00
4,33,0.27472,-18.90,-1.79,-14.64,-61.43,-5.70,28.93
4,34,0.28293,-19.42,-1.84,-14.39,-63.57,-5.99,30.11
4,35,0.29156,-19.94,-1.89,-14.14,-60.07,-5.66,28.62
4,36,0.29984,-20.21,-1.92,-13.92,-32.47,-3.08,27.31
4,37,0.30814,-20.47,-1.94,-13.69,-31.99,-3.04,27.21
4,38,0.31628,-20.45,-1.94,-13.47,2.62,0.34,27.72
4,39,0.32486,-20.43,-1.94,-13.24,2.85,0.27,26.33
4,40,0.33316,-20.14,-1.91,-13.07,34.56,3.26,20.22
4,41,0.34177,-19.85,-1.88,-12.91,33.69,3.23,19.50
4,42,0.34949,-19.48,-1.85,-13.01,47.43,4.46,-13.04
4,43,0.35794,-19.12,-1.81,-13.11,43.32,4.07,-11.91
4,44,0.36649,-18.75,-1.78,-13.21,42.86,4.03,-11.79
4,45,0.37457,-18.39,-1.74,-13.31,44.91,4.27,-12.45
4,46,0.38306,-18.16,-1.72,-13.30,26.62,2.45,0.72
4,47,0.39145,-17.94,-1.70,-13.30,26.91,2.53,0.73
4,48,0.39966,-17.71,-1.68,-13.29,27.51,2.58,0.74
4,49,0.40802,-17.49,-1.66,-13.28,26.64,2.55,0.73
4,50,0.41620,-17.43,-1.65,-13.29,6.72,0.61,-0.37
4,51,0.42474,-17.38,-1.65,-13.29,6.43,0.59,-0.36
4,52,0.43359,-17.32,-1.64,-13.29,6.55,0.64,-0.34
4,53,0.44156,-17.27,-1.64,-13.30,6.51,0.59,-0.77
4,54,0.44998,-17.37,-1.65,-13.42,-12.68,-1.19,-13.77
4,55,0.45798,-17.48,-1.66,-13.53,-13.36,-1.25,-14.50
4,56,0.46628,-17.59,-1.67,-13.65,-12.87,-1.25,-13.97
4,57,0.47473,-17.70,-1.68,-13.77,-13.00,-1.22,-14.08
4,58,0.48318,-17.89,-1.70,-14.04,-22.74,-2.15,-32.49
4,59,0.49155,-18.08,-1.72,-14.32,-23.36,-2.26,-33.21
4,60,0.49991,-18.40,-1.75,-14.77,-37.59,-3.57,-54.01
4,61,0.50793,-18.71,-1.78,-15.22,-39.16,-3.77,-56.27
4,62,0.51651,-19.03,-1.81,-15.67,-36.65,-3.48,-52.67
4,63,0.52478,-19.34,-1.84,-16.13,-38.01,-3.66,-55.35
4,64,0.53357,-19.63,-1.86,-16.75,-32.64,-3.07,-70.14
4,65,0.54163,-19.91,-1.89,-17.37,-35.23,-3.41,-77.27
4,66,0.55042,-20.10,-1.91,-18.12,-21.18,-2.04,-85.07
4,67,0.55835,-20.28,-1.93,-18.87,-23.08,-2.27,-94.62
4,68,0.56653,-20.36,-1.93,-19.75,-9.33,-0.93,-108.21
4,69,0.57495,-20.43,-1.94,-20.64,-9.06,-0.95,-105.07
4,70,0.58331,-20.51,-1.95,-21.52,-9.12,-0.91,-105.84
4,71,0.59180,-20.58,-1.96,-22.41,-8.27,-0.83,-104.68
4,72,0.60004,-20.51,-1.95,-23.39,8.15,0.67,-118.15
4,73,0.60815,-20.45,-1.94,-24.36,8.27,0.73,-119.92
4,74,0.61697,-20.38,-1.94,-25.33,7.61,0.63,-110.38
4,75,0.62491,-20.31,-1.93,-26.31,8.46,0.75,-122.69
4,76,0.63336,-20.25,-1.93,-27.28,7.94,0.66,-115.16
4,77,0.64172,-20.18,-1.92,-28.25,8.03,0.67,-116.42
4,78,0.65002,-20.11,-1.92,-29.23,8.09,0.72,-117.28
4,79,0.65814,-20.05,-1.91,-30.20,7.52,0.61,-119.55
4,80,0.66641,-20.14,-1.92,-31.04,-10.33,-1.02,-101.48
4,81,0.67499,-20.22,-1.93,-31.87,-10.32,-1.06,-97.51
4,82,0.68320,-20.43,-1.95,-32.56,-25.65,-2.46,-84.01
4,83,0.69162,-20.65,-1.97,-33.25,-25.36,-2.43,-81.52
4,84,0.69983,-20.91,-1.99,-33.79,-31.60,-3.06,-66.17
4,85,0.70810,-21.17,-2.02,-34.34,-31.37,-2.99,-65.68
4,86,0.71649,-21.43,-2.04,-34.88,-30.91,-2.99,-64.73
4,87,0.72507,-21.68,-2.07,-35.42,-29.54,-2.81,-63.70
4,88,0.73312,-21.78,-2.08,-36.04,-12.12,-1.17,-76.89
4,89,0.74167,-21.88,-2.09,-36.66,-11.43,-1.15,-72.50
4,90,0.74994,-21.97,-2.10,-37.28,-11.81,-1.14,-74.91
4,91,0.75827,-22.07,-2.11,-37.90,-11.72,-1.13,-74.36
4,92,0.76645,-22.17,-2.12,-38.52,-11.94,-1.20,-75.75
4,93,0.77515,-22.27,-2.13,-39.14,-11.23,-1.08,-71.23
4,94,0.78317,-22.36,-2.14,-39.76,-12.17,-1.17,-77.19
4,95,0.79169,-22.46,-2.15,-40.37,-11.83,-1.19,-72.04
4,96,0.80008,-22.58,-2.16,-40.84,-14.18,-1.35,-55.64
4,97,0.80829,-22.70,-2.17,-41.31,-14.50,-1.48,-56.88
4,98,0.81653,-22.82,-2.18,-41.78,-14.44,-1.38,-56.67
4,99,0.82480,-22.94,-2.19,-42.24,-14.76,-1.36,-55.72
4,100,0.83316,-23.10,-2.21,-42.51,-19.34,-1.87,-33.21
4,101,0.84158,-23.27,-2.22,-42.79,-19.20,-1.86,-32.97
4,102,0.84998,-23.43,-2.24,-43.07,-19.27,-1.82,-33.09
4,103,0.85815,-23.59,-2.25,-43.34,-20.15,-1.95,-33.58
4,104,0.86642,-23.81,-2.27,-43.48,-26.57,-2.50,-16.61
4,105,0.87494,-24.03,-2.30,-43.62,-25.81,-2.48,-16.13
4,106,0.88342,-24.25,-2.32,-43.76,-25.90,-2.44,-16.19
4,107,0.89191,-24.47,-2.34,-43.89,-25.90,-2.48,-15.83
4,108,0.90030,-24.70,-2.36,-43.94,-26.91,-2.53,-5.82
4,109,0.90887,-24.92,-2.38,-43.99,-25.98,-2.44,-5.69
4,110,0.91672,-25.14,-2.40,-44.04,-28.40,-2.72,-6.23
4,111,0.92517,-25.37,-2.42,-44.09,-26.35,-2.43,-5.78
4,112,0.93347,-25.59,-2.44,-44.13,-26.84,-2.52,-5.88
4,113,0.94235,-25.81,-2.46,-44.18,-25.09,-2.40,-5.50
4,114,0.94995,-26.03,-2.48,-44.23,-29.32,-2.75,-6.43
4,115,0.95850,-26.25,-2.51,-44.27,-25.71,-2.42,-5.00
4,116,0.96667,-26.41,-2.52,-44.21,-19.03,-1.87,8.21
4,117,0.97528,-26.57,-2.53,-44.14,-18.09,-1.64,7.80
4,118,0.98343,-26.72,-2.55,-44.07,-19.10,-1.83,8.24
4,119,0.99213,-26.88,-2.56,-44.01,-17.89,-1.67,7.72
4,120,1.00015,-27.03,-2.58,-43.94,-19.39,-1.81,8.37
4,121,1.00833,-27.19,-2.59,-43.87,-18.66,-1.78,8.58
4,122,1.01691,-27.28,-2.60,-43.71,-11.03,-1.01,18.15
4,123,1.02481,-27.37,-2.61,-43.56,-11.97,-1.19,19.69
4,124,1.03329,-27.47,-2.62,-43.40,-11.15,-0.98,18.35
4,125,1.04184,-27.56,-2.63,-43.25,-11.07,-1.06,18.21
4,126,1.05023,-27.66,-2.64,-43.09,-11.27,-1.08,18.55
4,127,1.05829,-27.75,-2.65,-42.93,-10.98,-1.00,20.08
4,128,1.06689,-27.76,-2.65,-42.66,-1.42,-0.09,31.21
4,129,1.07501,-27.77,-2.65,-42.39,-1.50,-0.14,33.08
4,130,1.08347,-27.78,-2.65,-42.12,-1.44,-0.09,31.77
4,131,1.09155,-27.80,-2.65,-41.85,-1.51,-0.14,33.21
4,132,1.10013,-27.81,-2.65,-41.59,-1.42,-0.14,31.32
4,133,1.10803,-27.82,-2.65,-41.32,-1.54,-0.10,33.98
4,134,1.11652,-27.83,-2.65,-41.05,-1.44,-0.14,31.65
4,135,1.12485,-27.84,-2.65,-40.77,-0.73,-0.02,32.97
4,136,1.13315,-27.76,-2.64,-40.39,9.93,0.99,46.32
4,137,1.14145,-27.67,-2.64,-40.01,9.93,0.95,46.32
4,138,1.14996,-27.59,-2.63,-39.62,9.68,0.92,45.16
4,139,1.15839,-27.51,-2.62,-39.24,9.78,0.98,45.65
4,140,1.16641,-27.43,-2.61,-38.85,10.27,1.03,47.91
4,141,1.17517,-27.34,-2.61,-38.47,9.41,0.85,43.90
4,142,1.18314,-27.26,-2.60,-38.08,10.34,1.04,48.28
4,143,1.19159,-27.18,-2.59,-37.70,9.75,0.98,45.49
4,144,1.20013,-27.10,-2.58,-37.31,9.64,0.88,45.00
4,145,1.20813,-27.01,-2.57,-36.93,10.31,1.03,48.09
4,146,1.21646,-26.93,-2.56,-36.54,9.89,0.99,46.15
4,147,1.22482,-26.85,-2.56,-36.16,9.85,0.94,45.99
4,148,1.23318,-26.77,-2.55,-35.78,9.85,0.94,45.99
4,149,1.24197,-26.68,-2.54,-35.39,9.38,0.94,43.75
4,150,1.25000,-26.60,-2.53,-35.01,10.27,0.98,47.91
4,151,1.25827,-26.52,-2.52,-34.63,9.96,1.00,46.13
4,152,1.26697,-26.43,-2.52,-34.31,10.53,1.00,35.79
4,153,1.27512,-26.34,-2.51,-34.00,11.24,1.11,38.20
4,154,1.28323,-26.25,-2.50,-33.69,11.28,1.07,38.35
4,155,1.29190,-26.15,-2.49,-33.38,10.56,1.00,35.92
4,156,1.29999,-26.06,-2.48,-33.07,11.32,1.12,38.49
4,157,1.30838,-25.97,-2.47,-32.76,10.91,1.04,37.09
4,158,1.31653,-25.88,-2.46,-32.45,11.24,1.06,38.20
4,159,1.32483,-25.79,-2.45,-32.14,10.66,1.01,36.76
4,160,1.33344,-25.73,-2.45,-31.94,7.09,0.71,23.05
4,161,1.34177,-25.67,-2.44,-31.74,7.33,0.73,23.81
4,162,1.35019,-25.61,-2.44,-31.55,7.25,0.68,23.55
4,163,1.35828,-25.55,-2.43,-31.35,7.55,0.71,24.53
4,164,1.36639,-25.49,-2.42,-31.15,7.52,0.75,24.44
4,165,1.37491,-25.43,-2.42,-30.96,6.81,0.64,22.58
4,166,1.38339,-25.42,-2.42,-30.90,0.36,0.06,7.19
4,167,1.39175,-25.42,-2.42,-30.83,0.36,-0.03,7.30
4,168,1.39993,-25.42,-2.42,-30.77,0.37,0.11,7.46
4,169,1.40823,-25.42,-2.42,-30.72,-0.37,-0.01,6.62
4,170,1.41650,-25.53,-2.43,-30.77,-12.92,-1.25,-6.64
4,171,1.42490,-25.63,-2.44,-30.83,-12.73,-1.19,-6.55
4,172,1.43317,-25.74,-2.45,-30.88,-12.92,-1.20,-6.64
4,173,1.44162,-25.85,-2.46,-30.94,-12.64,-1.27,-6.86
4,174,1.45004,-26.00,-2.47,-31.05,-18.12,-1.70,-13.41
4,175,1.45831,-26.15,-2.49,-31.17,-18.45,-1.78,-13.65
4,176,1.46671,-26.31,-2.50,-31.28,-18.18,-1.71,-13.45
5,0,0.00000,0.00,0.00,0.00,-17.97,-1.83,-98.44
5,1,0.00900,-16.70,-1.57,5.19,-1854.58,-174.63,576.27
5,2,0.01666,-17.05,-1.61,4.06,-45.82,-4.50,-147.81
5,3,0.02499,-17.40,-1.64,2.92,-42.12,-4.00,-135.90
5,4,0.03336,-17.75,-1.67,1.79,-41.97,-4.04,-135.40
5,5,0.04221,-18.10,-1.71,0.66,-39.66,-3.86,-127.93
5,6,0.05054,-18.45,-1.74,-0.47,-42.12,-4.05,-135.90
5,7,0.05838,-18.80,-1.78,-1.61,-44.75,-4.35,-144.36
5,8,0.06671,-19.15,-1.81,-2.74,-42.12,-4.05,-135.90
5,9,0.07507,-19.50,-1.84,-3.87,-41.97,-4.08,-135.40
5,10,0.08340,-19.85,-1.88,-5.00,-42.12,-4.00,-135.90
5,11,0.09216,-20.21,-1.91,-6.14,-40.42,-3.93,-129.97
5,12,0.10043,-20.56,-1.95,-7.27,-42.44,-4.08,-136.90
5,13,0.10825,-20.91,-1.98,-8.40,-44.92,-4.32,-144.53
5,14,0.11658,-21.30,-2.02,-9.22,-46.52,-4.49,-98.53
5,15,0.12500,-21.69,-2.05,-10.04,-46.01,-4.35,-97.46
5,16,0.13336,-22.07,-2.09,-10.71,-45.99,-4.43,-79.56
5,17,0.14227,-22.45,-2.13,-11.37,-43.15,-4.11,-74.66
5,18,0.15076,-22.87,-2.17,-11.87,-48.56,-4.61,-58.63
5,19,0.15817,-23.28,-2.21,-12.37,-55.56,-5.33,-66.67
5,20,0.16653,-23.65,-2.24,-12.66,-44.53,-4.17,-34.67
5,21,0.17487,-24.02,-2.28,-12.95,-44.69,-4.28,-34.80
5,22,0.18317,-24.40,-2.31,-13.24,-44.85,-4.25,-34.93
5,23,0.19150,-24.77,-2.35,-13.53,-44.69,-4.23,-34.80
5,24,0.19986,-25.14,-2.38,-13.66,-44.89,-4.24,-16.06
5,25,0.20877,-25.52,-2.42,-13.79,-42.12,-4.06,-15.07
5,26,0.21655,-25.89,-2.45,-13.93,-48.24,-4.50,-17.25
5,27,0.22482,-26.27,-2.49,-14.06,-45.76,-4.36,-16.24
5,28,0.23318,-26.82,-2.54,-14.09,-65.69,-6.12,-3.65
5,29,0.24210,-27.37,-2.59,-14.12,-61.64,-5.83,-3.42
5,30,0.25058,-27.92,-2.64,-14.15,-64.75,-6.08,-3.60
5,31,0.25824,-28.47,-2.70,-14.18,-71.71,-6.83,-3.59
5,32,0.26654,-29.04,-2.75,-14.12,-69.12,-6.48,7.35
5,33,0.27490,-29.62,-2.80,-14.06,-68.61,-6.48,7.30
5,34,0.28329,-30.19,-2.86,-14.00,-68.36,-6.46,7.27
5,35,0.29224,-30.76,-2.91,-13.94,-63.82,-6.03,6.83
5,36,0.30090,-31.09,-2.94,-13.81,-37.68,-3.58,14.44
5,37,0.30829,-31.41,-2.97,-13.68,-44.21,-4.15,17.36
5,38,0.31668,-31.47,-2.98,-13.46,-6.55,-0.62,26.18
5,39,0.32495,-31.52,-2.98,-13.24,-6.27,-0.55,26.57
5,40,0.33337,-31.30,-2.96,-12.99,25.72,2.44,30.07
5,41,0.34229,-31.09,-2.94,-12.74,24.32,2.39,28.42
5,42,0.35062,-30.71,-2.91,-12.71,45.42,4.24,2.93
5,43,0.35843,-30.33,-2.87,-12.69,48.44,4.56,3.12
5,44,0.36670,-29.95,-2.84,-12.66,45.76,4.31,2.95
5,45,0.37509,-29.57,-2.80,-12.64,45.09,4.29,2.91
5,46,0.38345,-29.36,-2.78,-12.56,25.18,2.37,9.49
5,47,0.39230,-29.15,-2.76,-12.48,23.79,2.24,8.97
5,48,0.40094,-28.94,-2.74,-12.40,24.38,2.30,9.19
5,49,0.40903,-28.73,-2.72,-12.33,26.04,2.50,9.43
5,50,0.41675,-28.68,-2.71,-12.31,7.11,0.65,1.98
5,51,0.42511,-28.62,-2.71,-12.30,6.57,0.65,1.82
5,52,0.43347,-28.57,-2.70,-12.28,6.57,0.60,1.82
5,53,0.44232,-28.52,-2.70,-12.27,5.86,0.58,1.38
5,54,0.45007,-28.58,-2.71,-12.41,-8.27,-0.82,-18.50
5,55,0.45908,-28.64,-2.71,-12.55,-7.12,-0.66,-15.93
5,56,0.46686,-28.71,-2.72,-12.70,-8.24,-0.86,-18.43
5,57,0.47513,-28.77,-2.72,-12.84,-7.75,-0.72,-17.71
5,58,0.48361,-28.86,-2.73,-13.17,-10.79,-1.02,-37.77
5,59,0.49261,-28.96,-2.74,-13.49,-10.17,-1.01,-35.93
5,60,0.50015,-29.11,-2.76,-14.03,-20.24,-1.94,-71.26
5,61,0.50912,-29.26,-2.77,-14.56,-16.67,-1.59,-59.18
5,62,0.51672,-29.41,-2.79,-15.09,-19.68,-1.93,-69.88
5,63,0.52518,-29.55,-2.80,-15.62,-17.33,-1.70,-63.18
5,64,0.53369,-29.62,-2.81,-16.30,-8.24,-0.81,-79.57
5,65,0.54233,-29.69,-2.81,-16.98,-7.42,-0.73,-78.80
5,66,0.55093,-29.62,-2.81,-17.75,7.80,0.66,-89.36
5,67,0.55841,-29.55,-2.80,-18.52,9.80,0.89,-102.86
5,68,0.56677,-29.33,-2.78,-19.38,26.28,2.40,-102.92
5,69,0.57510,-29.11,-2.76,-20.24,26.37,2.46,-103.30
5,70,0.58340,-28.89,-2.74,-21.10,26.47,2.42,-103.68
5,71,0.59192,-28.67,-2.72,-21.96,26.16,2.39,-101.08
5,72,0.60065,-28.28,-2.68,-22.86,43.71,4.10,-102.80
5,73,0.60843,-27.90,-2.65,-23.75,49.02,4.50,-115.29
5,74,0.61670,-27.52,-2.61,-24.65,46.13,4.32,-108.49
5,75,0.62503,-27.14,-2.58,-25.55,45.79,4.25,-107.69
5,76,0.63367,-26.76,-2.54,-26.45,44.17,4.10,-103.89
5,77,0.64182,-26.38,-2.51,-27.34,46.82,4.34,-110.11
5,78,0.65079,-25.99,-2.47,-28.24,42.52,3.98,-100.00
5,79,0.65909,-25.62,-2.44,-29.14,45.22,4.15,-108.09
5,80,0.66672,-25.42,-2.42,-29.96,25.60,2.33,-107.60
5,81,0.67532,-25.23,-2.40,-30.78,22.34,2.08,-95.04
5,82,0.68362,-25.21,-2.40,-31.50,2.94,0.20,-86.76
5,83,0.69269,-25.18,-2.40,-32.21,2.69,0.23,-79.12
5,84,0.70016,-25.25,-2.40,-32.81,-8.98,-0.92,-80.00
5,85,0.70914,-25.32,-2.41,-33.41,-7.48,-0.77,-66.67
5,86,0.71683,-25.38,-2.42,-34.01,-8.73,-0.80,-77.78
5,87,0.72516,-25.45,-2.42,-34.61,-7.33,-0.76,-71.79
5,88,0.73355,-25.34,-2.41,-35.22,13.09,1.17,-73.45
5,89,0.74234,-25.23,-2.40,-35.84,12.50,1.12,-70.14
5,90,0.75027,-25.12,-2.39,-36.46,13.85,1.29,-77.69
5,91,0.75928,-25.01,-2.38,-37.07,12.20,1.09,-68.47
5,92,0.76697,-24.90,-2.37,-37.69,14.29,1.28,-80.16
5,93,0.77521,-24.79,-2.36,-38.31,13.33,1.24,-74.81
5,94,0.78357,-24.68,-2.35,-38.92,13.14,1.18,-73.72
5,95,0.79230,-24.57,-2.34,-39.54,12.24,1.09,-70.28
5,96,0.80090,-24.53,-2.34,-40.01,4.61,0.43,-55.67
5,97,0.80878,-24.49,-2.34,-40.49,5.04,0.46,-60.85
5,98,0.81708,-24.45,-2.33,-40.97,4.78,0.35,-57.72
5,99,0.82550,-24.41,-2.33,-41.45,4.35,0.44,-56.52
5,100,0.83383,-24.48,-2.34,-41.77,-7.69,-0.77,-38.10
5,101,0.84219,-24.54,-2.34,-42.08,-7.66,-0.77,-37.96
5,102,0.85098,-24.61,-2.35,-42.40,-7.29,-0.65,-36.11
5,103,0.85886,-24.67,-2.36,-42.72,-8.14,-0.82,-39.92
5,104,0.86746,-24.83,-2.37,-42.92,-18.79,-1.82,-23.76
5,105,0.87567,-24.99,-2.39,-43.12,-19.70,-1.90,-24.91
5,106,0.88412,-25.16,-2.40,-43.33,-19.13,-1.80,-24.19
5,107,0.89261,-25.32,-2.42,-43.53,-19.42,-1.83,-23.74
5,108,0.90106,-25.52,-2.44,-43.65,-23.10,-2.22,-14.08
5,109,0.90958,-25.71,-2.45,-43.77,-22.94,-2.16,-13.98
5,110,0.91714,-25.91,-2.47,-43.89,-26.21,-2.47,-15.73
5,111,0.92560,-26.10,-2.49,-44.01,-23.10,-2.17,-14.08
5,112,0.93390,-26.30,-2.51,-44.13,-23.53,-2.21,-14.34
5,113,0.94220,-26.50,-2.53,-44.24,-23.53,-2.26,-14.34
5,114,0.95117,-26.69,-2.55,-44.36,-21.77,-2.09,-13.27
5,115,0.95941,-26.88,-2.57,-44.48,-23.33,-2.19,-13.70
5,116,0.96732,-27.05,-2.58,-44.46,-21.24,-1.98,1.54
5,117,0.97552,-27.22,-2.60,-44.45,-20.45,-1.91,1.49
5,118,0.98383,-27.39,-2.61,-44.44,-20.22,-1.93,1.47
5,119,0.99268,-27.55,-2.63,-44.43,-18.97,-1.77,1.38
5,120,1.00043,-27.72,-2.64,-44.42,-21.65,-2.07,1.57
5,121,1.00946,-27.89,-2.66,-44.40,-18.24,-1.75,1.69
5,122,1.01715,-28.03,-2.67,-44.28,-18.25,-1.64,15.08
5,123,1.02539,-28.17,-2.69,-44.17,-17.04,-1.63,14.07
5,124,1.03372,-28.31,-2.70,-44.05,-16.85,-1.65,13.92
5,125,1.04272,-28.45,-2.71,-43.94,-15.59,-1.40,12.88
5,126,1.05099,-28.59,-2.73,-43.82,-16.97,-1.62,14.02
5,127,1.05875,-28.73,-2.74,-43.70,-17.72,-1.64,15.75
5,128,1.06705,-28.83,-2.75,-43.45,-12.13,-1.11,30.15
5,129,1.07559,-28.93,-2.76,-43.20,-11.79,-1.07,29.29
5,130,1.08383,-29.03,-2.77,-42.95,-12.22,-1.16,30.37
5,131,1.09229,-29.13,-2.78,-42.70,-11.91,-1.18,29.60
5,132,1.10129,-29.23,-2.79,-42.45,-11.19,-0.98,27.80
5,133,1.10895,-29.33,-2.80,-42.20,-13.15,-1.25,32.67
5,134,1.11737,-29.43,-2.80,-41.95,-11.96,-1.09,29.71
5,135,1.12570,-29.53,-2.81,-41.69,-11.72,-1.11,30.77
5,136,1.13403,-29.58,-2.82,-41.30,-5.86,-0.55,46.89
5,137,1.14236,-29.63,-2.82,-40.91,-5.86,-0.50,46.89
5,138,1.15125,-29.68,-2.83,-40.52,-5.50,-0.47,43.99
5,139,1.15973,-29.72,-2.83,-40.13,-5.76,-0.54,46.04
5,140,1.16736,-29.77,-2.84,-39.73,-6.40,-0.55,52.40
5,141,1.17566,-29.82,-2.84,-39.34,-5.88,-0.50,47.06
5,142,1.18414,-29.87,-2.84,-38.95,-5.76,-0.54,46.04
5,143,1.19238,-29.92,-2.85,-38.56,-5.93,-0.51,47.41
5,144,1.20129,-29.97,-2.85,-38.17,-5.48,-0.47,43.84
5,145,1.20978,-30.02,-2.86,-37.77,-5.76,-0.54,46.04
5,146,1.21753,-30.07,-2.86,-37.38,-6.30,-0.59,50.39
5,147,1.22592,-30.11,-2.87,-36.99,-5.82,-0.54,46.55
5,148,1.23428,-30.16,-2.87,-36.60,-5.84,-0.50,46.72
5,149,1.24277,-30.21,-2.87,-36.21,-5.76,-0.49,46.04
5,150,1.25085,-30.26,-2.88,-35.82,-6.04,-0.56,48.30
5,151,1.25980,-30.31,-2.88,-35.43,-5.12,-0.44,43.34
5,152,1.26752,-30.32,-2.88,-35.11,-1.98,-0.18,41.90
5,153,1.27591,-30.34,-2.89,-34.79,-1.82,-0.12,38.55
5,154,1.28418,-30.35,-2.89,-34.46,-1.85,-0.17,39.11
5,155,1.29269,-30.37,-2.89,-34.14,-1.79,-0.17,37.99
5,156,1.30130,-30.38,-2.89,-33.82,-1.77,-0.12,37.59
5,157,1.30917,-30.40,-2.89,-33.49,-1.94,-0.13,41.09
5,158,1.31741,-30.41,-2.89,-33.17,-1.85,-0.17,39.26
5,159,1.32581,-30.43,-2.89,-32.86,-1.82,-0.17,37.45
5,160,1.33423,-30.44,-2.89,-32.65,-0.72,-0.03,24.64
5,161,1.34268,-30.44,-2.89,-32.44,-0.72,-0.07,24.55
5,162,1.35129,-30.45,-2.89,-32.23,-0.71,-0.03,24.11
5,163,1.35907,-30.45,-2.89,-32.03,-0.78,-0.03,26.67
5,164,1.36734,-30.46,-2.90,-31.82,-0.74,-0.12,25.09
5,165,1.37576,-30.47,-2.90,-31.62,-1.09,-0.02,23.55
5,166,1.38409,-30.48,-2.90,-31.56,-1.83,-0.19,6.96
5,167,1.39236,-30.50,-2.90,-31.50,-1.85,-0.19,7.01
5,168,1.40125,-30.51,-2.90,-31.45,-1.72,-0.13,6.53
5,169,1.40967,-30.54,-2.90,-31.40,-2.54,-0.26,5.80
5,170,1.41736,-30.62,-2.91,-31.48,-10.71,-1.05,-11.11
5,171,1.42578,-30.70,-2.92,-31.57,-9.78,-0.91,-10.14
5,172,1.43414,-30.78,-2.93,-31.65,-9.85,-0.96,-10.22
5,173,1.44244,-30.87,-2.93,-31.74,-9.93,-0.92,-11.03
5,174,1.45129,-30.97,-2.94,-31.90,-12.07,-1.13,-17.59
5,175,1.46008,-31.08,-2.95,-32.06,-12.15,-1.23,-17.71
5,176,1.46747,-31.19,-2.96,-32.21,-14.88,-1.35,-21.49
6,0,0.00000,0.00,0.00,0.00,-34.69,5.05,-79.93
6,1,0.00760,-0.31,0.04,-0.72,-40.96,5.92,-94.38
6,2,0.01544,-0.91,0.11,-1.74,-75.88,8.65,-130.35
6,3,0.02365,-1.50,0.18,-2.76,-72.49,8.22,-124.54
6,4,0.03259,-2.10,0.25,-3.78,-66.55,7.59,-114.33
6,5,0.04059,-2.69,0.32,-4.81,-74.43,8.45,-127.86
6,6,0.04892,-3.29,0.38,-5.83,-71.43,8.15,-122.71
6,7,0.05707,-3.88,0.45,-6.85,-73.03,8.28,-125.47
6,8,0.06561,-4.48,0.52,-7.87,-69.64,7.94,-119.64
6,9,0.07391,-5.07,0.59,-8.90,-71.69,8.13,-123.16
6,10,0.08209,-5.67,0.65,-9.92,-72.76,8.26,-125.00
6,11,0.09067,-6.26,0.72,-10.94,-69.40,7.92,-119.22
6,12,0.09915,-6.86,0.79,-11.96,-70.14,8.00,-120.50
6,13,0.10733,-7.45,0.86,-12.99,-72.76,8.25,-125.00
6,14,0.11563,-8.02,0.91,-13.70,-68.01,6.08,-85.66
6,15,0.12384,-8.58,0.96,-14.41,-68.77,6.11,-86.62
6,16,0.13202,-9.11,1.00,-14.97,-64.18,5.09,-68.66
6,17,0.14041,-9.63,1.04,-15.53,-62.55,4.91,-66.91
6,18,0.14911,-10.14,1.07,-15.92,-58.95,3.72,-44.91
6,19,0.15701,-10.66,1.11,-16.31,-64.86,4.05,-49.42
6,20,0.16537,-11.09,1.13,-16.51,-51.46,2.43,-23.72
6,21,0.17386,-11.52,1.15,-16.71,-50.72,2.35,-23.38
6,22,0.18274,-11.95,1.17,-16.91,-48.80,2.27,-22.68
6,23,0.19122,-12.38,1.19,-17.11,-50.72,2.39,-23.38
6,24,0.19897,-12.78,1.20,-17.15,-51.18,1.42,-5.91
6,25,0.20758,-13.17,1.21,-17.20,-46.10,1.28,-5.32
6,26,0.21576,-13.57,1.22,-17.25,-48.51,1.39,-5.60
6,27,0.22421,-13.97,1.23,-17.29,-47.29,1.31,-5.42
6,28,0.23227,-14.51,1.24,-17.20,-67.05,0.86,11.74
6,29,0.24048,-15.05,1.24,-17.10,-65.80,0.79,11.52
6,30,0.24905,-15.59,1.25,-17.01,-62.99,0.80,11.03
6,31,0.25729,-16.13,1.26,-16.91,-65.56,0.79,11.48
6,32,0.26566,-16.67,1.26,-16.72,-64.96,0.23,22.63
6,33,0.27386,-17.22,1.26,-16.53,-66.17,0.23,23.05
6,34,0.28268,-17.76,1.26,-16.35,-61.59,0.17,21.45
6,35,0.29083,-18.30,1.26,-16.16,-66.67,0.23,23.22
6,36,0.29932,-18.59,1.26,-15.96,-34.17,-0.48,23.38
6,37,0.30719,-18.88,1.26,-15.76,-36.43,-0.58,25.19
6,38,0.31580,-18.88,1.24,-15.53,-0.35,-1.38,26.24
6,39,0.32391,-18.88,1.23,-15.31,0.00,-1.52,27.82
6,40,0.33258,-18.62,1.21,-15.11,30.99,-1.88,22.89
6,41,0.34055,-18.35,1.20,-14.91,33.72,-2.03,24.52
6,42,0.34909,-17.97,1.19,-14.97,43.93,-0.60,-7.14
6,43,0.35730,-17.60,1.19,-15.04,45.72,-0.63,-7.43
6,44,0.36621,-17.22,1.18,-15.10,42.12,-0.53,-6.85
6,45,0.37451,-16.85,1.18,-15.16,44.85,-0.61,-7.35
6,46,0.38239,-16.63,1.17,-15.13,28.29,-0.78,3.49
6,47,0.39108,-16.40,1.17,-15.10,25.61,-0.71,3.16
6,48,0.39963,-16.18,1.16,-15.08,26.07,-0.76,3.21
6,49,0.40778,-15.96,1.15,-15.05,27.34,-0.80,3.37
6,50,0.41556,-15.90,1.15,-15.05,7.06,-0.15,0.39
6,51,0.42398,-15.85,1.15,-15.04,6.52,-0.14,0.36
6,52,0.43246,-15.79,1.15,-15.04,6.47,-0.18,0.36
6,53,0.44086,-15.74,1.15,-15.04,6.55,-0.17,0.00
6,54,0.44971,-15.83,1.16,-15.16,-10.69,1.02,-14.14
6,55,0.45764,-15.93,1.17,-15.29,-11.92,1.08,-15.77
6,56,0.46558,-16.02,1.17,-15.41,-11.92,1.13,-15.77
6,57,0.47400,-16.12,1.18,-15.54,-11.23,1.04,-15.22
6,58,0.48276,-16.28,1.20,-15.84,-19.16,2.26,-34.49
6,59,0.49161,-16.45,1.22,-16.14,-18.62,2.24,-33.79
6,60,0.49948,-16.71,1.25,-16.63,-33.72,3.98,-61.24
6,61,0.50858,-16.98,1.29,-17.11,-29.19,3.49,-53.02
6,62,0.51605,-17.25,1.32,-17.59,-35.51,4.19,-64.49
6,63,0.52438,-17.51,1.35,-18.08,-31.50,3.84,-58.61
6,64,0.53262,-17.73,1.39,-18.72,-26.67,4.78,-78.15
6,65,0.54102,-17.94,1.43,-19.37,-25.45,4.67,-77.45
6,66,0.54987,-18.05,1.47,-20.14,-12.07,4.89,-86.21
6,67,0.55771,-18.15,1.51,-20.90,-12.84,5.50,-98.05
6,68,0.56616,-18.13,1.56,-21.79,2.17,5.59,-105.05
6,69,0.57437,-18.11,1.61,-22.68,2.23,5.71,-108.18
6,70,0.58286,-18.09,1.66,-23.57,2.16,5.57,-104.68
6,71,0.59088,-18.07,1.70,-24.46,3.04,5.85,-111.03
6,72,0.59924,-17.90,1.75,-25.42,20.07,5.73,-114.96
6,73,0.60785,-17.73,1.80,-26.38,19.50,5.53,-111.70
6,74,0.61584,-17.57,1.85,-27.34,20.99,6.00,-120.23
6,75,0.62430,-17.40,1.90,-28.31,19.86,6.04,-113.72
6,76,0.63269,-17.23,1.97,-29.27,20.00,8.86,-114.55
6,77,0.64093,-17.06,2.28,-30.23,20.37,37.03,-116.67
6,78,0.64932,-16.89,2.46,-31.19,20.00,22.34,-114.55
6,79,0.65796,-16.73,2.74,-32.14,18.73,31.79,-110.60
6,80,0.66602,-16.73,2.98,-32.99,0.76,29.93,-104.92
6,81,0.67450,-16.73,3.22,-33.83,0.00,28.32,-99.28
6,82,0.68262,-16.86,3.42,-34.54,-16.92,25.01,-87.22
6,83,0.69113,-17.00,3.62,-35.24,-16.49,23.64,-82.44
6,84,0.69955,-17.20,3.79,-35.81,-23.55,19.12,-67.39
6,85,0.70764,-17.40,3.95,-36.38,-24.53,19.92,-70.19
6,86,0.71576,-17.60,4.11,-36.94,-24.44,20.04,-69.92
6,87,0.72421,-17.79,4.27,-37.52,-22.74,19.35,-67.51
6,88,0.73270,-17.83,4.45,-38.14,-3.96,20.98,-73.74
6,89,0.74097,-17.86,4.63,-38.77,-4.06,21.53,-75.65
6,90,0.74963,-17.89,4.81,-39.39,-3.87,20.72,-72.18
6,91,0.75793,-17.93,4.99,-40.02,-4.04,21.64,-75.37
6,92,0.76620,-17.96,5.17,-40.64,-4.06,21.72,-75.65
6,93,0.77432,-17.99,5.34,-41.27,-4.14,21.73,-77.07
6,94,0.78268,-18.03,5.52,-41.89,-4.01,21.48,-74.82
6,95,0.79095,-18.06,5.70,-42.51,-4.06,21.51,-74.91
6,96,0.79984,-18.13,5.84,-42.99,-7.90,15.38,-53.61
6,97,0.80777,-18.20,5.97,-43.47,-8.85,17.02,-60.00
6,98,0.81598,-18.27,6.11,-43.94,-8.55,16.45,-57.99
6,99,0.82458,-18.34,6.24,-44.41,-8.51,15.57,-54.26
6,100,0.83276,-18.48,6.33,-44.70,-16.04,10.37,-35.82
6,101,0.84113,-18.61,6.41,-45.00,-15.69,9.96,-35.04
6,102,0.84958,-18.74,6.50,-45.29,-15.52,10.03,-34.66
6,103,0.85764,-18.87,6.58,-45.57,-16.67,9.92,-35.61
6,104,0.86600,-19.08,6.62,-45.74,-24.45,5.43,-19.34
6,105,0.87439,-19.28,6.67,-45.90,-24.36,5.60,-19.27
6,106,0.88281,-19.49,6.71,-46.06,-24.28,5.39,-19.20
6,107,0.89096,-19.69,6.76,-46.22,-25.09,5.56,-19.10
6,108,0.89935,-19.91,6.78,-46.29,-25.82,2.28,-8.36
6,109,0.90768,-20.12,6.80,-46.36,-26.01,2.30,-8.42
6,110,0.91574,-20.34,6.82,-46.43,-26.89,2.38,-8.71
6,111,0.92450,-20.56,6.84,-46.50,-24.74,2.37,-8.01
6,112,0.93326,-20.77,6.86,-46.57,-24.74,2.19,-8.01
6,113,0.94125,-20.99,6.87,-46.64,-27.10,2.39,-8.78
6,114,0.94940,-21.21,6.90,-46.71,-26.59,2.54,-8.61
6,115,0.95779,-21.42,6.91,-46.77,-25.45,2.07,-7.64
6,116,0.96613,-21.58,6.90,-46.72,-19.41,-1.60,5.86
6,117,0.97452,-21.74,6.88,-46.67,-19.27,-1.78,5.82
6,118,0.98276,-21.91,6.87,-46.62,-19.63,-1.81,5.93
6,119,0.99124,-22.07,6.85,-46.58,-19.06,-1.76,5.76
6,120,0.99963,-22.23,6.84,-46.53,-19.27,-1.59,5.82
6,121,1.00778,-22.39,6.83,-46.47,-19.48,-1.85,6.74
6,122,1.01608,-22.50,6.78,-46.33,-13.24,-5.16,17.65
6,123,1.02448,-22.61,6.74,-46.18,-13.09,-5.10,17.45
6,124,1.03296,-22.72,6.70,-46.03,-12.95,-4.86,17.27
6,125,1.04123,-22.83,6.66,-45.89,-13.28,-5.18,17.71
6,126,1.04980,-22.94,6.61,-45.74,-12.81,-5.00,17.08
6,127,1.05792,-23.04,6.57,-45.59,-13.16,-5.30,18.80
6,128,1.06622,-23.08,6.49,-45.32,-4.78,-9.26,31.99
6,129,1.07452,-23.12,6.42,-45.06,-4.78,-8.88,31.99
6,130,1.08279,-23.16,6.34,-44.79,-4.80,-9.29,32.10
6,131,1.09100,-23.20,6.27,-44.53,-4.83,-9.36,32.34
6,132,1.09967,-23.24,6.19,-44.26,-4.58,-8.68,30.63
6,133,1.10800,-23.28,6.11,-43.99,-4.76,-9.23,31.87
6,134,1.11588,-23.32,6.04,-43.73,-5.04,-9.76,33.72
6,135,1.12457,-23.36,5.96,-43.46,-4.21,-8.86,31.23
6,136,1.13300,-23.32,5.85,-43.07,5.07,-13.18,46.38
6,137,1.14148,-23.27,5.74,-42.68,5.04,-13.27,46.04
6,138,1.15021,-23.23,5.63,-42.29,4.90,-12.72,44.76
6,139,1.15787,-23.19,5.51,-41.89,5.58,-14.93,51.79
6,140,1.16635,-23.14,5.40,-41.50,5.04,-13.09,46.04
6,141,1.17438,-23.10,5.29,-41.11,5.32,-14.03,48.67
6,142,1.18295,-23.06,5.18,-40.72,4.98,-12.95,45.55
6,143,1.19089,-23.02,5.07,-40.33,5.38,-13.99,49.23
6,144,1.19931,-22.97,4.95,-39.94,5.07,-13.37,46.38
6,145,1.20807,-22.93,4.84,-39.54,4.88,-12.50,44.60
6,146,1.21643,-22.89,4.73,-39.15,5.11,-13.47,46.72
6,147,1.22467,-22.85,4.62,-38.76,5.19,-13.47,47.41
6,148,1.23328,-22.80,4.51,-38.37,4.96,-12.90,45.39
6,149,1.24133,-22.76,4.40,-37.98,5.30,-13.98,48.48
6,150,1.24997,-22.72,4.29,-37.59,4.95,-12.86,45.23
6,151,1.25797,-22.67,4.18,-37.20,5.34,-13.78,48.47
6,152,1.26639,-22.62,4.08,-36.89,6.88,-10.87,37.68
6,153,1.27460,-22.56,3.99,-36.57,7.06,-11.15,38.66
6,154,1.28317,-22.50,3.90,-36.25,6.76,-10.49,37.01
6,155,1.29135,-22.44,3.81,-35.93,7.09,-11.20,38.81
6,156,1.29984,-22.38,3.72,-35.62,6.83,-10.61,37.41
6,157,1.30801,-22.33,3.63,-35.30,7.09,-11.00,38.81
6,158,1.31628,-22.27,3.54,-34.98,7.01,-11.07,38.38
6,159,1.32440,-22.21,3.45,-34.67,6.77,-11.06,38.35
6,160,1.33286,-22.17,3.39,-34.47,4.69,-6.81,24.19
6,161,1.34140,-22.13,3.33,-34.26,4.64,-6.93,23.93
6,162,1.35010,-22.09,3.28,-34.06,4.56,-6.62,23.51
6,163,1.35773,-22.06,3.22,-33.85,5.20,-7.55,26.80
6,164,1.36655,-22.02,3.16,-33.65,4.50,-6.71,23.18
6,165,1.37494,-21.98,3.10,-33.45,4.36,-6.55,23.27
6,166,1.38287,-21.98,3.09,-33.39,-0.38,-2.28,7.69
6,167,1.39145,-21.98,3.07,-33.33,-0.36,-1.93,7.12
6,168,1.39975,-21.99,3.05,-33.27,-0.37,-2.18,7.35
6,169,1.40848,-22.00,3.04,-33.22,-1.05,-1.59,5.94
6,170,1.41611,-22.10,3.05,-33.28,-13.20,2.10,-8.40
6,171,1.42441,-22.20,3.07,-33.35,-12.13,2.31,-7.72
6,172,1.43259,-22.30,3.09,-33.41,-12.31,2.35,-7.84
6,173,1.44135,-22.40,3.11,-33.48,-11.50,2.21,-8.01
6,174,1.44962,-22.54,3.15,-33.61,-16.61,4.35,-15.50
6,175,1.45877,-22.68,3.18,-33.74,-15.33,4.10,-14.00
6,176,1.46652,-22.81,3.22,-33.87,-17.72,4.64,-16.54
7,0,0.00000,0.00,0.00,0.00,-20.00,5.07,-86.21
7,1,0.00787,-0.18,0.04,-0.76,-22.48,5.65,-96.90
7,2,0.01590,-0.58,0.11,-1.88,-50.19,8.55,-138.78
7,3,0.02435,-0.98,0.18,-2.99,-47.65,8.08,-131.77
7,4,0.03275,-1.39,0.25,-4.10,-48.00,8.14,-132.73
7,5,0.04108,-1.79,0.32,-5.22,-48.35,8.20,-133.70
7,6,0.04959,-2.19,0.39,-6.33,-47.31,8.06,-130.82
7,7,0.05768,-2.59,0.45,-7.45,-49.81,8.45,-137.74
7,8,0.06610,-3.00,0.52,-8.56,-47.83,8.15,-132.25
7,9,0.07428,-3.40,0.59,-9.67,-49.25,8.31,-136.19
7,10,0.08292,-3.80,0.66,-10.79,-46.64,7.95,-128.98
7,11,0.09103,-4.21,0.73,-11.90,-49.62,8.41,-137.22
7,12,0.09985,-4.61,0.80,-13.02,-45.67,7.78,-126.30
7,13,0.10757,-5.01,0.87,-14.13,-52.17,8.84,-144.27
7,14,0.11600,-5.44,0.92,-14.93,-50.72,6.18,-95.29
7,15,0.12424,-5.87,0.97,-15.73,-51.85,6.37,-97.41
7,16,0.13312,-6.28,1.01,-16.38,-46.74,4.90,-72.85
7,17,0.14130,-6.70,1.06,-17.03,-50.75,5.36,-79.10
7,18,0.14963,-7.13,1.09,-17.50,-52.01,4.17,-57.14
7,19,0.15775,-7.56,1.13,-17.98,-53.38,4.32,-58.65
7,20,0.16623,-7.95,1.15,-18.25,-45.68,2.70,-32.01
7,21,0.17477,-8.34,1.17,-18.52,-45.36,2.68,-31.79
7,22,0.18292,-8.72,1.20,-18.80,-47.57,2.86,-33.33
7,23,0.19110,-9.11,1.22,-19.07,-47.39,2.80,-33.21
7,24,0.19980,-9.49,1.23,-19.18,-43.86,1.66,-13.33
7,25,0.20767,-9.88,1.25,-19.30,-48.45,1.84,-14.73
7,26,0.21582,-10.26,1.26,-19.42,-46.82,1.77,-14.23
7,27,0.22437,-10.64,1.28,-19.53,-44.64,1.73,-13.57
7,28,0.23276,-11.19,1.29,-19.53,-65.45,1.43,-0.36
7,29,0.24097,-11.74,1.30,-19.54,-66.91,1.50,-0.37
7,30,0.24933,-12.29,1.31,-19.54,-65.69,1.43,-0.36
7,31,0.25793,-12.84,1.33,-19.54,-63.83,1.43,-0.35
7,32,0.26593,-13.41,1.33,-19.45,-71.37,0.99,11.07
7,33,0.27441,-13.98,1.34,-19.37,-67.27,0.89,10.43
7,34,0.28308,-14.55,1.35,-19.28,-65.85,0.91,10.21
7,35,0.29102,-15.12,1.36,-19.19,-71.92,1.00,11.15
7,36,0.29993,-15.44,1.36,-19.05,-35.96,-0.08,15.75
7,37,0.30780,-15.76,1.36,-18.91,-40.70,-0.09,17.83
7,38,0.31598,-15.80,1.34,-18.69,-5.22,-1.32,27.24
7,39,0.32422,-15.84,1.33,-18.46,-5.19,-1.31,27.04
7,40,0.33279,-15.62,1.32,-18.22,26.69,-2.13,28.47
7,41,0.34113,-15.39,1.30,-17.97,27.47,-2.15,29.30
7,42,0.34940,-15.01,1.29,-17.97,45.76,-1.07,0.74
7,43,0.35757,-14.63,1.28,-17.96,46.27,-1.03,0.75
7,44,0.36609,-14.25,1.27,-17.96,44.44,-1.03,0.72
7,45,0.37424,-13.87,1.26,-17.95,46.44,-1.03,0.75
7,46,0.38284,-13.66,1.26,-17.88,24.82,-0.94,7.80
7,47,0.39087,-13.45,1.25,-17.82,26.62,-1.06,8.37
7,48,0.39941,-13.23,1.24,-17.75,25.00,-0.99,7.86
7,49,0.40765,-13.02,1.23,-17.68,25.93,-0.98,8.15
7,50,0.41608,-12.96,1.23,-17.67,6.52,-0.20,1.45
7,51,0.42450,-12.91,1.23,-17.66,6.52,-0.24,1.45
7,52,0.43271,-12.85,1.22,-17.65,6.69,-0.20,1.49
7,53,0.44104,-12.80,1.22,-17.63,6.59,-0.24,1.47
7,54,0.44946,-12.87,1.23,-17.77,-8.33,1.06,-16.67
7,55,0.45786,-12.94,1.24,-17.91,-8.36,1.10,-16.73
7,56,0.46606,-13.01,1.25,-18.05,-8.55,1.08,-17.10
7,57,0.47424,-13.08,1.26,-18.19,-8.58,1.09,-17.16
7,58,0.48331,-13.19,1.28,-18.51,-11.78,2.16,-35.02
7,59,0.49133,-13.29,1.30,-18.83,-13.31,2.39,-39.54
7,60,0.49951,-13.47,1.33,-19.35,-21.27,3.89,-63.81
7,61,0.50757,-13.64,1.36,-19.87,-21.59,3.91,-64.77
7,62,0.51593,-13.82,1.39,-20.39,-20.80,3.81,-62.41
7,63,0.52441,-13.99,1.42,-20.92,-20.50,3.75,-61.51
7,64,0.53284,-14.09,1.46,-21.59,-11.96,4.52,-80.07
7,65,0.54111,-14.19,1.50,-22.27,-12.18,4.65,-81.55
7,66,0.54959,-14.16,1.54,-23.03,3.96,4.78,-90.65
7,67,0.55795,-14.12,1.58,-23.80,4.01,4.81,-91.97
7,68,0.56619,-13.94,1.62,-24.67,21.85,5.14,-105.56
7,69,0.57446,-13.76,1.67,-25.54,21.77,5.17,-105.17
7,70,0.58264,-13.58,1.71,-26.41,22.01,5.18,-106.34
7,71,0.59116,-13.40,1.75,-27.28,21.15,5.02,-102.15
7,72,0.59927,-13.06,1.79,-28.20,41.73,5.09,-112.78
7,73,0.60803,-12.73,1.84,-29.11,38.68,4.76,-104.53
7,74,0.61609,-12.39,1.88,-30.03,42.05,5.14,-113.64
7,75,0.62433,-12.05,1.92,-30.94,41.11,5.06,-111.11
7,76,0.63260,-11.71,1.96,-31.86,40.96,5.00,-110.70
7,77,0.64111,-11.37,2.00,-32.78,39.78,4.90,-107.53
7,78,0.64938,-11.03,2.04,-33.69,40.96,5.05,-110.70
7,79,0.65787,-10.69,2.08,-34.61,39.93,4.87,-107.91
7,80,0.66626,-10.54,2.13,-35.44,18.55,4.90,-98.91
7,81,0.67453,-10.38,2.17,-36.27,18.82,4.94,-100.37
7,82,0.68262,-10.39,2.21,-36.99,-1.13,4.83,-89.43
7,83,0.69095,-10.40,2.24,-37.71,-1.10,4.64,-86.81
7,84,0.69949,-10.49,2.28,-38.31,-11.07,3.98,-69.64
7,85,0.70782,-10.59,2.31,-38.90,-11.36,4.04,-71.43
7,86,0.71585,-10.68,2.35,-39.50,-11.79,4.24,-74.14
7,87,0.72446,-10.78,2.38,-40.09,-10.99,3.96,-69.15
7,88,0.73273,-10.70,2.41,-40.72,9.59,3.79,-75.28
7,89,0.74106,-10.62,2.44,-41.34,9.52,3.80,-74.73
7,90,0.74945,-10.54,2.47,-41.96,9.45,3.74,-74.18
7,91,0.75742,-10.46,2.51,-42.58,9.96,3.98,-78.16
7,92,0.76608,-10.38,2.54,-43.21,9.15,3.66,-71.83
7,93,0.77444,-10.30,2.57,-43.83,9.49,3.75,-74.45
7,94,0.78275,-10.22,2.60,-44.45,9.56,3.82,-75.00
7,95,0.79123,-10.14,2.63,-45.07,9.35,3.74,-73.38
7,96,0.79932,-10.13,2.66,-45.56,2.26,3.11,-59.62
7,97,0.80777,-10.11,2.68,-46.04,2.17,3.02,-57.04
7,98,0.81601,-10.09,2.71,-46.52,2.22,3.10,-58.52
7,99,0.82428,-10.07,2.73,-47.00,1.85,3.05,-58.30
7,100,0.83264,-10.15,2.75,-47.31,-9.12,2.22,-37.23
7,101,0.84097,-10.23,2.77,-47.63,-9.16,2.18,-37.36
7,102,0.84949,-10.30,2.79,-47.94,-8.96,2.14,-36.56
7,103,0.85764,-10.38,2.81,-48.25,-9.36,2.24,-38.20
7,104,0.86600,-10.55,2.82,-48.44,-20.44,1.73,-23.36
7,105,0.87442,-10.72,2.84,-48.64,-20.29,1.67,-23.19
7,106,0.88269,-10.89,2.85,-48.83,-20.66,1.74,-23.62
7,107,0.89114,-11.06,2.86,-49.03,-20.22,1.66,-23.10
7,108,0.89941,-11.26,2.87,-49.14,-23.99,1.22,-13.28
7,109,0.90793,-11.46,2.88,-49.25,-23.30,1.23,-12.90
7,110,0.91620,-11.66,2.89,-49.36,-23.99,1.22,-13.28
7,111,0.92435,-11.86,2.90,-49.47,-24.34,1.23,-13.48
7,112,0.93280,-12.05,2.91,-49.58,-23.47,1.24,-13.00
7,113,0.94116,-12.25,2.93,-49.69,-23.72,1.20,-13.14
7,114,0.94955,-12.45,2.94,-49.80,-23.64,1.24,-13.09
7,115,0.95770,-12.65,2.95,-49.91,-24.34,1.23,-13.48
7,116,0.96606,-12.82,2.95,-49.89,-20.07,0.30,2.19
7,117,0.97421,-12.99,2.95,-49.87,-20.60,0.36,2.25
7,118,0.98279,-13.15,2.95,-49.85,-19.57,0.30,2.14
7,119,0.99091,-13.32,2.96,-49.84,-20.68,0.36,2.26
7,120,0.99936,-13.49,2.96,-49.82,-19.86,0.30,2.17
7,121,1.00763,-13.66,2.96,-49.80,-20.30,0.35,2.21
7,122,1.01614,-13.79,2.96,-49.68,-15.77,-0.44,14.34
7,123,1.02451,-13.93,2.95,-49.55,-16.06,-0.45,14.60
7,124,1.03275,-14.06,2.95,-49.43,-16.30,-0.41,14.81
7,125,1.04123,-14.19,2.95,-49.31,-15.83,-0.40,14.39
7,126,1.04944,-14.33,2.94,-49.19,-16.36,-0.46,14.87
7,127,1.05789,-14.46,2.94,-49.06,-15.88,-0.42,14.80
7,128,1.06607,-14.55,2.93,-48.81,-10.82,-1.45,30.97
7,129,1.07452,-14.64,2.92,-48.56,-10.47,-1.35,29.96
7,130,1.08276,-14.73,2.90,-48.30,-10.74,-1.44,30.74
7,131,1.09116,-14.82,2.89,-48.05,-10.55,-1.36,30.18
7,132,1.09930,-14.90,2.88,-47.80,-10.86,-1.41,31.09
7,133,1.10812,-14.99,2.87,-47.54,-10.03,-1.34,28.72
7,134,1.11606,-15.08,2.86,-47.29,-11.15,-1.44,31.92
7,135,1.12439,-15.17,2.85,-47.04,-10.62,-1.42,30.40
7,136,1.13257,-15.20,2.83,-46.64,-3.73,-2.48,48.13
7,137,1.14114,-15.23,2.81,-46.25,-3.56,-2.41,45.91
7,138,1.14935,-15.26,2.79,-45.86,-3.72,-2.47,47.96
7,139,1.15787,-15.29,2.77,-45.46,-3.58,-2.38,46.24
7,140,1.16653,-15.32,2.75,-45.07,-3.52,-2.34,45.42
7,141,1.17444,-15.35,2.72,-44.67,-3.86,-2.61,49.81
7,142,1.18301,-15.38,2.70,-44.28,-3.56,-2.36,45.91
7,143,1.19104,-15.41,2.68,-43.89,-3.80,-2.57,49.05
7,144,1.19955,-15.44,2.66,-43.49,-3.58,-2.38,46.24
7,145,1.20749,-15.48,2.64,-43.10,-3.85,-2.55,49.62
7,146,1.21591,-15.51,2.62,-42.71,-3.62,-2.45,46.74
7,147,1.22437,-15.54,2.60,-42.31,-3.61,-2.40,46.57
7,148,1.23260,-15.57,2.58,-41.92,-3.70,-2.46,47.78
7,149,1.24100,-15.60,2.56,-41.53,-3.64,-2.41,46.91
7,150,1.24930,-15.63,2.54,-41.13,-3.68,-2.49,47.43
7,151,1.25751,-15.66,2.52,-40.74,-3.72,-2.47,47.96
7,152,1.26599,-15.66,2.50,-40.41,0.00,-2.07,38.13
7,153,1.27414,-15.66,2.49,-40.09,0.00,-2.11,39.70
7,154,1.28256,-15.66,2.47,-39.77,0.00,-2.08,38.41
7,155,1.29114,-15.66,2.45,-39.44,0.00,-2.00,37.72
7,156,1.29941,-15.66,2.43,-39.12,0.00,-2.07,39.11
7,157,1.30774,-15.66,2.42,-38.80,0.00,-2.06,38.83
7,158,1.31589,-15.66,2.40,-38.47,0.00,-2.15,39.70
7,159,1.32431,-15.66,2.38,-38.15,0.00,-2.08,38.41
7,160,1.33267,-15.66,2.37,-37.94,0.36,-1.32,24.82
7,161,1.34137,-15.65,2.36,-37.73,0.35,-1.27,23.86
7,162,1.34943,-15.65,2.35,-37.53,0.38,-1.37,25.76
7,163,1.35803,-15.65,2.34,-37.32,0.35,-1.32,24.11
7,164,1.36633,-15.64,2.33,-37.11,0.37,-1.33,25.00
7,165,1.37436,-15.64,2.32,-36.90,0.38,-1.42,25.86
7,166,1.38260,-15.65,2.31,-36.85,-1.48,-0.37,7.04
7,167,1.39102,-15.66,2.31,-36.79,-1.45,-0.31,6.88
7,168,1.39957,-15.68,2.31,-36.73,-1.43,-0.31,6.79
7,169,1.40778,-15.69,2.30,-36.67,-1.86,-0.36,7.06
7,170,1.41595,-15.78,2.31,-36.76,-10.45,0.79,-10.07
7,171,1.42410,-15.86,2.32,-36.84,-10.49,0.75,-10.11
7,172,1.43265,-15.95,2.32,-36.92,-10.00,0.72,-9.64
7,173,1.44089,-16.03,2.33,-37.00,-10.37,0.79,-10.00
7,174,1.44949,-16.15,2.34,-37.15,-13.12,1.20,-17.38
7,175,1.45773,-16.26,2.35,-37.30,-13.70,1.30,-18.15
7,176,1.46594,-16.37,2.36,-37.45,-13.75,1.26,-18.22
8,0,0.00000,0.00,0.00,0.00,77.91,-11.60,61.63
8,1,0.00809,0.61,-0.08,0.49,75.85,-10.09,60.00
8,2,0.01639,1.62,-0.19,1.10,121.69,-13.21,74.63
8,3,0.02469,2.63,-0.31,1.72,121.69,-14.31,74.63
8,4,0.03296,3.64,-0.44,2.34,122.14,-15.44,74.91
8,5,0.04193,4.65,-0.57,2.96,112.59,-15.17,69.05
8,6,0.04962,5.66,-0.72,3.58,131.35,-18.80,80.56
8,7,0.05804,6.67,-0.87,4.20,119.93,-18.17,73.55
8,8,0.06635,7.68,-1.03,4.82,121.69,-19.38,74.63
8,9,0.07465,8.69,-1.20,5.44,121.69,-20.53,74.63
8,10,0.08295,9.70,-1.38,6.06,121.69,-21.58,74.63
8,11,0.09201,10.71,-1.56,6.68,111.45,-19.37,68.35
8,12,0.10025,11.72,-1.73,7.30,122.59,-21.31,75.19
8,13,0.10800,12.73,-1.91,7.92,130.31,-22.65,79.92
8,14,0.11639,13.57,-2.01,8.28,99.27,-12.01,42.91
8,15,0.12466,14.40,-2.11,8.64,100.74,-12.37,43.54
8,16,0.13303,15.13,-2.18,8.89,87.23,-8.20,29.56
8,17,0.14203,15.86,-2.25,9.13,81.02,-7.79,27.46
8,18,0.15018,16.50,-2.28,9.23,78.28,-3.27,12.36
8,19,0.15808,17.14,-2.31,9.34,80.69,-3.58,12.74
8,20,0.16632,17.61,-2.30,9.31,57.41,0.99,-3.33
8,21,0.17484,18.08,-2.29,9.28,55.56,0.96,-3.23
8,22,0.18311,18.55,-2.28,9.25,57.20,1.18,-3.32
8,23,0.19159,19.03,-2.27,9.23,55.76,0.97,-3.24
8,24,0.20026,19.40,-2.23,9.08,42.96,5.15,-17.25
8,25,0.20898,19.77,-2.18,8.93,42.66,4.93,-17.13
8,26,0.21637,20.14,-2.14,8.78,50.41,5.83,-20.25
8,27,0.22470,20.52,-2.10,8.63,44.69,5.36,-17.95
8,28,0.23346,20.95,-2.00,8.29,49.13,11.23,-39.02
8,29,0.24197,21.38,-1.90,7.94,50.54,11.74,-40.14
8,30,0.24979,21.81,-1.80,7.60,55.08,12.38,-43.75
8,31,0.25809,22.24,-1.70,7.26,51.84,12.04,-41.18
8,32,0.26663,22.63,-1.58,6.84,45.71,14.08,-49.64
8,33,0.27478,23.02,-1.46,6.41,47.94,15.16,-52.06
8,34,0.28305,23.41,-1.34,5.99,47.23,14.74,-51.29
8,35,0.29202,23.80,-1.21,5.56,43.54,13.59,-47.28
8,36,0.29990,23.96,-1.12,5.25,20.54,11.30,-39.53
8,37,0.30811,24.12,-1.04,4.94,19.70,10.51,-37.92
8,38,0.31644,24.02,-0.98,4.74,-12.82,6.36,-24.18
8,39,0.32480,23.91,-0.93,4.54,-12.77,6.36,-24.09
8,40,0.33337,23.58,-0.92,4.49,-38.43,1.30,-5.69
8,41,0.34219,23.25,-0.91,4.44,-37.37,1.44,-5.54
8,42,0.35037,22.95,-0.97,4.67,-36.57,-7.47,28.36
8,43,0.35809,22.65,-1.03,4.90,-38.74,-8.15,30.04
8,44,0.36627,22.35,-1.10,5.14,-36.57,-7.74,28.36
8,45,0.37476,22.06,-1.16,5.37,-35.25,-7.71,27.34
8,46,0.38297,21.84,-1.18,5.45,-25.65,-2.86,9.67
8,47,0.39166,21.63,-1.21,5.53,-24.21,-2.59,9.12
8,48,0.40009,21.42,-1.23,5.61,-25.00,-2.80,9.42
8,49,0.40820,21.21,-1.25,5.69,-25.94,-2.80,9.77
8,50,0.41629,21.16,-1.26,5.71,-6.42,-0.84,3.02
8,51,0.42477,21.11,-1.27,5.73,-6.12,-0.85,2.88
8,52,0.43314,21.06,-1.27,5.76,-6.20,-0.93,2.92
8,53,0.44147,21.01,-1.28,5.78,-5.86,-0.85,2.93
8,54,0.45032,21.15,-1.30,5.85,16.21,-2.03,7.59
8,55,0.45865,21.30,-1.32,5.92,17.22,-2.47,8.06
8,56,0.46667,21.44,-1.34,5.98,17.87,-2.34,8.37
8,57,0.47473,21.58,-1.36,6.05,17.80,-2.23,8.33
8,58,0.48325,21.86,-1.41,6.23,32.97,-6.07,21.15
8,59,0.49197,22.14,-1.46,6.41,32.17,-5.74,20.63
8,60,0.49982,22.60,-1.54,6.71,58.75,-10.91,38.13
8,61,0.50830,23.07,-1.63,7.01,54.32,-10.08,35.25
8,62,0.51648,23.53,-1.71,7.31,56.34,-10.26,36.57
8,63,0.52472,23.99,-1.80,7.61,55.93,-10.19,36.30
8,64,0.53314,24.49,-1.93,8.07,59.42,-15.47,55.07
8,65,0.54202,24.98,-2.06,8.54,56.01,-15.03,52.23
8,66,0.54974,25.44,-2.24,9.16,58.89,-22.79,80.63
8,67,0.55807,25.89,-2.42,9.78,54.58,-21.31,74.73
8,68,0.56647,26.30,-2.64,10.57,48.00,-26.90,94.18
8,69,0.57474,26.70,-2.87,11.36,48.71,-27.11,95.57
8,70,0.58316,27.10,-3.09,12.15,47.83,-26.99,93.84
8,71,0.59207,27.51,-3.32,12.94,45.21,-25.16,88.70
8,72,0.60049,27.81,-3.58,13.87,36.59,-31.51,110.14
8,73,0.60828,28.12,-3.85,14.80,39.61,-34.10,119.22
8,74,0.61667,28.43,-4.11,15.73,36.73,-31.43,110.55
8,75,0.62509,28.74,-4.38,16.65,36.59,-31.32,110.14
8,76,0.63351,29.05,-4.64,17.58,36.59,-31.51,110.14
8,77,0.64197,29.35,-4.91,18.51,36.46,-31.39,109.75
8,78,0.65076,29.66,-5.17,19.44,35.07,-30.19,105.56
8,79,0.65857,29.97,-5.43,20.36,39.45,-33.65,118.36
8,80,0.66693,30.37,-5.65,21.11,47.45,-25.54,89.42
8,81,0.67529,30.76,-5.86,21.85,47.45,-25.24,89.05
8,82,0.68365,31.22,-6.02,22.41,54.74,-18.84,66.79
8,83,0.69208,31.68,-6.18,22.97,54.35,-19.08,66.30
8,84,0.70084,32.13,-6.29,23.38,50.87,-13.27,46.34
8,85,0.70926,32.57,-6.41,23.78,52.90,-13.61,48.19
8,86,0.71692,33.02,-6.52,24.19,58.17,-14.97,52.99
8,87,0.72528,33.46,-6.64,24.59,53.28,-13.90,48.54
8,88,0.73370,33.79,-6.79,25.13,38.77,-18.00,63.77
8,89,0.74255,34.12,-6.94,25.67,36.90,-17.31,60.69
8,90,0.75040,34.44,-7.10,26.21,41.63,-19.53,68.48
8,91,0.75922,34.77,-7.25,26.74,37.02,-17.71,60.90
8,92,0.76700,35.10,-7.41,27.28,41.96,-20.25,69.02
8,93,0.77533,35.42,-7.57,27.82,39.19,-19.09,64.47
8,94,0.78366,35.75,-7.73,28.35,39.19,-18.89,64.47
8,95,0.79260,36.07,-7.88,28.89,36.52,-17.59,60.07
8,96,0.80035,36.36,-7.99,29.28,37.01,-13.73,50.00
8,97,0.80930,36.65,-8.08,29.67,32.08,-10.14,43.34
8,98,0.81708,36.94,-8.19,30.05,36.86,-14.09,49.80
8,99,0.82513,37.22,-8.30,30.44,35.61,-13.81,48.11
8,100,0.83350,37.48,-8.36,30.64,30.66,-6.52,23.36
8,101,0.84247,37.73,-8.41,30.83,28.57,-6.26,21.77
8,102,0.85074,37.99,-8.47,31.03,31.00,-6.60,23.62
8,103,0.85855,38.25,-8.52,31.22,32.81,-6.98,25.00
8,104,0.86697,38.50,-8.54,31.27,30.43,-1.57,5.43
8,105,0.87521,38.76,-8.55,31.31,31.11,-1.61,5.56
8,106,0.88354,39.02,-8.56,31.36,30.77,-1.40,5.49
8,107,0.89252,39.27,-8.57,31.41,28.57,-1.48,5.10
8,108,0.90073,39.50,-8.56,31.37,27.14,1.56,-4.83
8,109,0.90857,39.72,-8.55,31.33,28.40,1.43,-5.06
8,110,0.91693,39.94,-8.54,31.29,26.64,1.34,-4.74
8,111,0.92523,40.16,-8.53,31.25,26.84,1.54,-4.78
8,112,0.93362,40.39,-8.51,31.21,26.55,1.34,-4.73
8,113,0.94196,40.61,-8.50,31.17,26.74,1.35,-4.76
8,114,0.95081,40.83,-8.49,31.13,25.17,1.27,-4.48
8,115,0.95920,41.06,-8.48,31.09,26.55,1.53,-4.73
8,116,0.96689,41.17,-8.44,30.97,15.48,4.60,-15.48
8,117,0.97528,41.29,-8.41,30.85,14.18,3.84,-14.18
8,118,0.98361,41.41,-8.38,30.73,14.29,4.25,-14.29
8,119,0.99200,41.53,-8.34,30.61,14.18,4.03,-14.18
8,120,1.00095,41.65,-8.31,30.49,13.31,3.96,-13.31
8,121,1.00919,41.77,-8.27,30.37,14.44,4.10,-14.44
8,122,1.01682,41.80,-8.21,30.19,3.60,8.34,-23.60
8,123,1.02512,41.82,-8.16,30.01,3.31,6.23,-21.69
8,124,1.03354,41.85,-8.11,29.83,3.26,5.86,-21.38
8,125,1.04242,41.88,-8.06,29.65,3.09,5.82,-20.27
8,126,1.05014,41.91,-8.01,29.47,3.56,6.39,-23.32
8,127,1.05911,41.93,-7.96,29.29,3.06,5.77,-20.07
8,128,1.06683,41.84,-7.88,29.04,-11.86,9.53,-32.81
8,129,1.07516,41.75,-7.81,28.79,-10.99,8.50,-30.40
8,130,1.08359,41.66,-7.74,28.53,-10.87,8.45,-30.07
8,131,1.09259,41.57,-7.67,28.28,-10.17,7.95,-28.14
8,132,1.10089,41.48,-7.60,28.03,-11.03,8.67,-30.51
8,133,1.10867,41.38,-7.53,27.77,-11.76,8.89,-32.55
8,134,1.11685,41.29,-7.46,27.52,-11.19,8.70,-30.97
8,135,1.12518,41.20,-7.38,27.27,-10.99,8.59,-30.40
8,136,1.13358,40.98,-7.29,26.94,-26.55,10.87,-38.91
8,137,1.14212,40.76,-7.20,26.61,-26.07,10.85,-38.21
8,138,1.15088,40.53,-7.11,26.29,-25.44,10.58,-37.28
8,139,1.15915,40.31,-7.02,25.96,-26.94,11.02,-39.48
8,140,1.16690,40.09,-6.92,25.63,-28.74,12.16,-42.13
8,141,1.17532,39.87,-6.83,25.31,-26.45,11.01,-38.77
8,142,1.18365,39.64,-6.74,24.98,-26.74,11.13,-39.19
8,143,1.19196,39.42,-6.64,24.66,-26.84,11.36,-39.34
8,144,1.20078,39.20,-6.55,24.33,-25.26,10.51,-37.02
8,145,1.20926,38.97,-6.46,24.00,-26.26,10.74,-38.49
8,146,1.21689,38.75,-6.37,23.68,-29.20,12.36,-42.80
8,147,1.22540,38.53,-6.27,23.35,-26.16,10.89,-38.35
8,148,1.23370,38.31,-6.18,23.02,-26.84,11.17,-39.34
8,149,1.24255,38.08,-6.09,22.70,-25.17,10.65,-36.90
8,150,1.25027,37.86,-5.99,22.37,-28.85,12.01,-42.29
8,151,1.25925,37.64,-5.90,22.05,-24.83,10.23,-36.05
8,152,1.26715,37.44,-5.83,21.79,-25.48,9.07,-32.05
8,153,1.27530,37.23,-5.76,21.54,-24.72,9.00,-31.09
8,154,1.28387,37.03,-5.69,21.29,-23.49,8.18,-29.54
8,155,1.29260,36.83,-5.61,21.03,-23.08,8.40,-29.02
8,156,1.30032,36.63,-5.54,20.78,-26.09,9.08,-32.81
8,157,1.30927,36.43,-5.47,20.53,-22.53,8.20,-28.33
8,158,1.31699,36.23,-5.40,20.27,-26.09,9.49,-32.81
8,159,1.32529,36.03,-5.33,20.02,-24.26,8.45,-30.51
8,160,1.33368,35.89,-5.28,19.86,-15.64,5.62,-19.27
8,161,1.34283,35.76,-5.23,19.70,-14.33,4.98,-17.67
8,162,1.35098,35.63,-5.19,19.53,-16.10,5.59,-19.85
8,163,1.35938,35.50,-5.14,19.37,-15.64,5.43,-19.27
8,164,1.36703,35.37,-5.09,19.21,-17.13,6.16,-21.12
8,165,1.37531,35.24,-5.05,19.05,-15.87,5.51,-19.56
8,166,1.38379,35.21,-5.03,18.99,-3.24,1.78,-6.47
8,167,1.39209,35.18,-5.02,18.94,-3.31,2.01,-6.62
8,168,1.40094,35.16,-5.00,18.88,-3.10,1.71,-6.21
8,169,1.40936,35.13,-4.99,18.83,-2.90,1.98,-6.52
8,170,1.41699,35.25,-4.99,18.84,15.60,-0.39,1.20
8,171,1.42548,35.37,-4.99,18.85,14.03,-0.35,1.08
8,172,1.43375,35.49,-4.99,18.86,14.39,-0.36,1.11
8,173,1.44196,35.61,-5.00,18.87,14.50,-0.17,1.12
8,174,1.45096,35.79,-5.01,18.91,20.34,-1.49,5.08
8,175,1.45923,35.97,-5.02,18.96,22.14,-1.43,5.54
8,176,1.46704,36.16,-5.03,19.00,23.44,-1.71,5.86
9,0,0.00000,0.00,0.00,0.00,42.12,4.62,-77.05
9,1,0.00772,0.38,0.04,-0.69,48.62,5.32,-88.93
9,2,0.01614,0.82,0.10,-1.79,52.54,7.39,-130.43
9,3,0.02451,1.26,0.17,-2.88,52.92,7.47,-131.39
9,4,0.03281,1.70,0.23,-3.98,53.31,7.51,-132.35
9,5,0.04126,2.15,0.29,-5.08,52.35,7.37,-129.96
9,6,0.05011,2.59,0.35,-6.18,50.00,7.05,-124.14
9,7,0.05780,3.04,0.42,-7.30,58.73,8.29,-146.03
9,8,0.06671,3.48,0.48,-8.40,49.66,7.01,-123.29
9,9,0.07449,3.92,0.54,-9.50,56.86,7.99,-141.18
9,10,0.08289,4.37,0.60,-10.60,52.73,7.44,-130.91
9,11,0.09113,4.81,0.67,-11.70,53.70,7.57,-133.33
9,12,0.10013,5.25,0.73,-12.80,49.15,6.92,-122.03
9,13,0.10806,5.69,0.79,-13.89,55.38,7.86,-138.46
9,14,0.11588,5.91,0.84,-14.78,27.73,6.02,-112.89
9,15,0.12421,6.12,0.88,-15.66,25.64,5.65,-105.49
9,16,0.13260,6.24,0.92,-16.42,14.55,4.66,-90.55
9,17,0.14096,6.36,0.96,-17.17,14.23,4.67,-90.51
9,18,0.15021,6.36,0.99,-17.82,-0.66,3.37,-69.97
9,19,0.15808,6.35,1.02,-18.46,-1.16,3.90,-81.40
9,20,0.16644,6.24,1.04,-18.92,-12.77,2.39,-55.11
9,21,0.17422,6.13,1.06,-19.38,-13.73,2.56,-59.22
9,22,0.18265,6.03,1.08,-19.84,-12.68,2.37,-54.71
9,23,0.19092,5.92,1.10,-20.30,-13.28,2.40,-55.35
9,24,0.19992,5.71,1.12,-20.64,-23.05,1.36,-37.97
9,25,0.20837,5.50,1.13,-20.98,-24.55,1.43,-40.43
9,26,0.21661,5.29,1.14,-21.34,-25.93,1.54,-42.96
9,27,0.22433,5.07,1.15,-21.68,-28.46,1.54,-44.66
9,28,0.23270,4.66,1.16,-22.05,-48.54,1.10,-44.16
9,29,0.24097,4.26,1.17,-22.42,-49.08,1.14,-44.65
9,30,0.24991,3.85,1.18,-22.79,-45.39,1.03,-41.30
9,31,0.25833,3.44,1.19,-23.16,-48.91,1.07,-43.48
9,32,0.26660,2.96,1.20,-23.47,-58.30,0.61,-38.01
9,33,0.27438,2.47,1.20,-23.79,-61.96,0.64,-40.39
9,34,0.28268,1.99,1.21,-24.10,-58.09,0.62,-37.87
9,35,0.29105,1.52,1.21,-24.40,-56.57,0.53,-36.13
9,36,0.30008,1.19,1.21,-24.51,-36.82,-0.17,-12.16
9,37,0.30777,0.86,1.21,-24.60,-42.06,-0.34,-11.90
9,38,0.31665,0.68,1.20,-24.47,-20.27,-1.18,15.46
9,39,0.32443,0.52,1.18,-24.32,-21.57,-1.36,19.22
9,40,0.33267,0.52,1.17,-23.98,1.11,-1.93,40.37
9,41,0.34097,0.55,1.15,-23.65,2.94,-1.86,39.71
9,42,0.35007,0.83,1.15,-23.40,30.54,-0.70,28.19
9,43,0.35764,1.10,1.14,-23.14,36.69,-0.87,33.87
9,44,0.36661,1.38,1.13,-22.89,30.95,-0.73,28.57
9,45,0.37430,1.65,1.13,-22.63,34.92,-0.86,32.94
9,46,0.38281,1.77,1.12,-22.44,13.62,-0.82,22.94
9,47,0.39108,1.88,1.11,-22.24,14.02,-0.83,23.62
9,48,0.40005,2.00,1.11,-22.05,12.93,-0.78,21.77
9,49,0.40833,2.11,1.10,-21.86,13.28,-0.81,22.51
9,50,0.41605,2.14,1.10,-21.81,4.35,-0.20,5.93
9,51,0.42438,2.18,1.10,-21.77,4.03,-0.18,5.49
9,52,0.43277,2.21,1.10,-21.72,4.00,-0.17,5.45
9,53,0.44110,2.24,1.09,-21.69,4.03,-0.11,4.03
9,54,0.44952,2.29,1.10,-21.84,5.07,0.99,-18.12
9,55,0.45782,2.33,1.11,-21.99,5.15,0.98,-18.38
9,56,0.46664,2.37,1.12,-22.15,4.84,0.95,-17.30
9,57,0.47443,2.42,1.13,-22.31,6.27,1.15,-20.78
9,58,0.48273,2.55,1.15,-22.62,15.81,2.10,-37.13
9,59,0.49115,2.69,1.16,-22.94,16.30,2.19,-38.04
9,60,0.50015,2.91,1.19,-23.44,24.41,3.22,-56.27
9,61,0.50775,3.13,1.22,-23.95,28.92,3.83,-66.67
9,62,0.51672,3.35,1.25,-24.46,24.49,3.24,-56.46
9,63,0.52451,3.58,1.28,-24.97,29.41,3.79,-65.49
9,64,0.53284,3.95,1.32,-25.53,45.05,4.24,-68.13
9,65,0.54108,4.34,1.35,-26.10,46.67,4.31,-68.89
9,66,0.55014,4.87,1.39,-26.65,59.26,4.19,-60.94
9,67,0.55780,5.42,1.43,-27.21,71.71,4.99,-72.11
9,68,0.56677,6.14,1.47,-27.73,79.59,4.51,-58.84
9,69,0.57458,6.85,1.51,-28.26,91.41,5.20,-67.58
9,70,0.58282,7.57,1.55,-28.79,86.67,4.90,-64.07
9,71,0.59122,8.29,1.59,-29.32,86.18,4.84,-62.55
9,72,0.60013,9.15,1.63,-29.77,96.92,4.51,-51.03
9,73,0.60855,10.02,1.67,-30.22,102.54,4.76,-53.99
9,74,0.61636,10.88,1.71,-30.68,110.55,5.15,-58.20
9,75,0.62460,11.74,1.75,-31.13,104.81,4.87,-55.19
9,76,0.63287,12.61,1.79,-31.59,104.43,4.86,-54.98
9,77,0.64120,13.47,1.83,-32.04,103.66,4.81,-54.58
9,78,0.65018,14.33,1.87,-32.50,96.26,4.48,-50.68
9,79,0.65854,15.19,1.91,-32.96,101.82,4.80,-55.11
9,80,0.66629,15.86,1.95,-33.47,86.61,5.01,-66.14
9,81,0.67459,16.52,1.99,-33.99,79.41,4.69,-62.13
9,82,0.68292,16.99,2.02,-34.53,57.14,4.34,-65.20
9,83,0.69125,17.46,2.06,-35.07,56.04,4.32,-64.84
9,84,0.70020,17.79,2.09,-35.58,36.52,3.50,-56.66
9,85,0.70850,18.11,2.12,-36.08,39.34,3.78,-61.03
9,86,0.71634,18.44,2.15,-36.59,41.63,3.99,-64.59
9,87,0.72461,18.77,2.19,-37.09,40.59,3.77,-60.52
9,88,0.73291,19.25,2.22,-37.50,57.35,3.61,-49.26
9,89,0.74130,19.73,2.25,-37.91,56.73,3.54,-48.73
9,90,0.75009,20.20,2.28,-38.32,54.17,3.37,-46.53
9,91,0.75851,20.68,2.31,-38.73,56.52,3.55,-48.55
9,92,0.76627,21.15,2.33,-39.14,61.42,3.83,-52.76
9,93,0.77460,21.63,2.36,-39.54,57.14,3.57,-49.08
9,94,0.78299,22.11,2.39,-39.95,56.73,3.56,-48.73
9,95,0.79129,22.57,2.42,-40.36,56.25,3.54,-48.90
9,96,0.80026,22.91,2.45,-40.71,37.07,2.66,-38.78
9,97,0.80795,23.24,2.47,-41.06,43.25,3.11,-45.24
9,98,0.81702,23.57,2.50,-41.40,36.70,2.62,-38.38
9,99,0.82474,23.90,2.52,-41.75,41.90,3.04,-44.66
9,100,0.83307,24.04,2.54,-42.03,17.95,2.03,-34.07
9,101,0.84131,24.19,2.55,-42.32,18.15,2.03,-34.44
9,102,0.85022,24.34,2.57,-42.60,16.78,1.90,-31.85
9,103,0.85858,24.48,2.59,-42.88,16.79,2.00,-33.94
9,104,0.86642,24.49,2.60,-43.14,0.39,1.60,-33.07
9,105,0.87485,24.49,2.61,-43.40,0.36,1.48,-30.80
9,106,0.88309,24.49,2.62,-43.66,0.37,1.54,-31.48
9,107,0.89133,24.49,2.64,-43.92,-0.37,1.48,-31.11
9,108,0.90027,24.41,2.64,-44.13,-8.53,0.98,-23.89
9,109,0.90866,24.34,2.65,-44.35,-9.09,1.04,-25.45
9,110,0.91656,24.26,2.66,-44.56,-9.65,1.10,-27.03
9,111,0.92484,24.19,2.67,-44.77,-9.23,1.05,-25.83
9,112,0.93298,24.11,2.68,-44.99,-9.36,1.08,-26.22
9,113,0.94144,24.03,2.69,-45.20,-9.03,1.03,-25.27
9,114,0.94977,23.96,2.70,-45.41,-9.16,1.04,-25.64
9,115,0.95859,23.88,2.71,-45.62,-9.00,0.94,-23.53
9,116,0.96704,23.74,2.71,-45.72,-16.25,0.23,-11.55
9,117,0.97510,23.60,2.71,-45.82,-17.05,0.20,-12.12
9,118,0.98306,23.46,2.71,-45.91,-17.24,0.24,-12.26
9,119,0.99142,23.33,2.71,-46.01,-16.42,0.23,-11.68
9,120,0.99979,23.19,2.71,-46.11,-16.42,0.19,-11.68
9,121,1.00861,23.05,2.72,-46.20,-15.92,0.18,-10.38
9,122,1.01700,22.87,2.71,-46.20,-21.82,-0.48,0.36
9,123,1.02475,22.68,2.71,-46.19,-23.62,-0.52,0.39
9,124,1.03311,22.50,2.70,-46.19,-21.90,-0.47,0.36
9,125,1.04156,22.32,2.70,-46.19,-21.66,-0.47,0.36
9,126,1.05026,22.13,2.70,-46.19,-21.05,-0.46,0.35
9,127,1.05801,21.95,2.69,-46.17,-24.02,-0.60,1.57
9,128,1.06702,21.71,2.68,-46.04,-26.10,-1.26,14.58
9,129,1.07471,21.48,2.67,-45.91,-30.56,-1.46,17.06
9,130,1.08304,21.24,2.66,-45.78,-28.21,-1.35,15.75
9,131,1.09140,21.01,2.65,-45.65,-28.10,-1.34,15.69
9,132,1.10056,20.77,2.63,-45.52,-25.67,-1.26,14.33
9,133,1.10895,20.54,2.62,-45.39,-28.00,-1.34,15.64
9,134,1.11667,20.29,2.61,-45.25,-31.62,-1.53,17.79
9,135,1.12512,20.05,2.60,-45.10,-28.52,-1.43,17.33
9,136,1.13336,19.77,2.58,-44.83,-34.44,-2.34,32.96
9,137,1.14169,19.49,2.56,-44.56,-34.07,-2.26,32.60
9,138,1.15005,19.20,2.54,-44.29,-33.94,-2.30,32.48
9,139,1.15887,18.92,2.52,-44.02,-32.18,-2.16,30.80
9,140,1.16681,18.63,2.50,-43.74,-35.77,-2.40,34.23
9,141,1.17511,18.35,2.48,-43.47,-34.19,-2.31,32.72
9,142,1.18338,18.07,2.47,-43.20,-34.32,-2.29,32.84
9,143,1.19177,17.78,2.45,-42.93,-33.82,-2.28,32.36
9,144,1.20010,17.50,2.43,-42.66,-34.07,-2.30,32.60
9,145,1.20898,17.21,2.41,-42.39,-31.96,-2.14,30.58
9,146,1.21738,16.93,2.39,-42.11,-33.82,-2.27,32.36
9,147,1.22510,16.65,2.37,-41.84,-36.76,-2.49,35.18
9,148,1.23352,16.36,2.35,-41.57,-33.70,-2.25,32.25
9,149,1.24216,16.08,2.33,-41.30,-32.86,-2.22,31.45
9,150,1.25058,15.80,2.31,-41.03,-33.70,-2.27,32.25
9,151,1.25845,15.52,2.29,-40.76,-35.27,-2.37,34.11
9,152,1.26740,15.30,2.28,-40.52,-24.23,-1.82,26.96
9,153,1.27509,15.08,2.26,-40.28,-28.17,-2.10,31.35
9,154,1.28342,14.87,2.25,-40.04,-26.01,-1.95,28.94
9,155,1.29184,14.65,2.23,-39.79,-25.72,-1.93,28.62
9,156,1.30060,14.43,2.21,-39.55,-24.74,-1.85,27.53
9,157,1.30835,14.22,2.20,-39.31,-27.95,-2.10,31.10
9,158,1.31729,14.00,2.18,-39.07,-24.23,-1.80,26.96
9,159,1.32501,13.79,2.17,-38.84,-26.88,-2.02,30.04
9,160,1.33334,13.66,2.16,-38.68,-16.48,-1.24,18.68
9,161,1.34167,13.52,2.14,-38.53,-16.48,-1.26,18.68
9,162,1.35059,13.38,2.13,-38.37,-15.41,-1.15,17.47
9,163,1.35834,13.24,2.12,-38.22,-17.72,-1.35,20.08
9,164,1.36746,13.11,2.11,-38.06,-15.05,-1.15,17.06
9,165,1.37515,12.98,2.10,-37.92,-16.67,-1.23,18.65
9,166,1.38339,12.93,2.10,-37.88,-5.93,-0.33,4.07
9,167,1.39175,12.88,2.10,-37.85,-5.84,-0.32,4.01
9,168,1.40012,12.83,2.10,-37.82,-5.84,-0.31,4.01
9,169,1.40891,12.79,2.09,-37.80,-5.21,-0.22,2.08
9,170,1.41675,12.78,2.10,-37.92,-1.17,0.72,-15.18
9,171,1.42505,12.77,2.11,-38.04,-1.10,0.67,-14.34
9,172,1.43341,12.76,2.11,-38.16,-1.09,0.66,-14.23
9,173,1.44171,12.75,2.12,-38.28,-0.74,0.71,-15.07
9,174,1.45007,12.77,2.13,-38.47,1.82,1.11,-22.26
9,175,1.45895,12.78,2.14,-38.65,1.72,1.06,-20.96
9,176,1.46677,12.80,2.14,-38.84,1.95,1.18,-23.83
10,0,0.00000,0.00,0.00,0.00,91.94,-6.52,-19.78
10,1,0.00842,0.77,-0.05,-0.16,90.94,-5.61,-19.57
10,2,0.01678,1.89,-0.14,-0.55,133.94,-11.45,-45.99
10,3,0.02505,3.01,-0.24,-0.93,135.42,-11.61,-46.49
10,4,0.03394,4.13,-0.33,-1.32,126.12,-10.78,-43.30
10,5,0.04172,5.25,-0.43,-1.71,144.71,-12.46,-49.80
10,6,0.04996,6.37,-0.53,-2.09,135.93,-11.61,-46.67
10,7,0.05862,7.49,-0.62,-2.47,129.23,-11.04,-44.37
10,8,0.06766,9.05,-0.76,-3.01,172.30,-14.71,-59.46
10,9,0.07635,10.17,-0.85,-3.40,128.77,-11.04,-44.21
10,10,0.08429,11.29,-0.95,-3.78,141.15,-12.06,-48.46
10,11,0.09311,12.41,-1.04,-4.17,126.99,-10.85,-43.60
10,12,0.10095,13.53,-1.14,-4.55,142.80,-12.34,-49.03
10,13,0.10950,14.53,-1.22,-4.95,116.79,-9.52,-46.43
10,14,0.11780,15.34,-1.28,-5.36,97.43,-7.36,-50.00
10,15,0.12601,16.08,-1.34,-5.77,91.08,-6.63,-49.81
10,16,0.13452,16.74,-1.38,-6.18,76.70,-5.22,-47.67
10,17,0.14264,17.32,-1.42,-6.59,72.18,-4.47,-51.13
10,18,0.15137,17.81,-1.44,-7.02,55.59,-2.87,-48.95
10,19,0.15933,18.21,-1.46,-7.43,50.57,-2.22,-51.34
10,20,0.16757,18.49,-1.47,-7.81,33.70,-0.68,-46.30
10,21,0.17599,18.77,-1.47,-8.19,32.97,-0.80,-45.29
10,22,0.18445,19.04,-1.48,-8.57,32.85,-0.61,-45.13
10,23,0.19260,19.26,-1.48,-8.95,26.59,0.02,-46.82
10,24,0.20111,19.38,-1.47,-9.34,14.34,1.36,-44.80
10,25,0.20871,19.50,-1.46,-9.72,16.06,1.47,-50.20
10,26,0.21725,19.63,-1.44,-10.10,14.29,1.26,-44.64
10,27,0.22592,19.71,-1.43,-10.55,9.15,2.23,-51.76
10,28,0.23404,19.72,-1.39,-11.10,1.50,4.12,-67.67
10,29,0.24179,19.73,-1.36,-11.65,1.57,4.26,-70.87
10,30,0.25024,19.74,-1.33,-12.19,1.44,3.96,-64.98
10,31,0.25848,19.72,-1.29,-12.75,-2.96,4.56,-67.78
10,32,0.26682,19.64,-1.24,-13.32,-9.52,5.35,-68.50
10,33,0.27634,19.56,-1.20,-13.89,-8.33,4.68,-59.94
10,34,0.28500,19.48,-1.15,-14.47,-9.15,5.05,-65.85
10,35,0.29312,19.38,-1.11,-14.94,-12.41,5.07,-58.27
10,36,0.30127,19.24,-1.08,-15.26,-16.85,4.30,-39.70
10,37,0.30948,19.07,-1.05,-15.48,-20.82,3.87,-26.02
10,38,0.31711,18.85,-1.02,-15.52,-29.20,3.50,-6.00
10,39,0.32532,18.62,-1.00,-15.46,-28.25,2.59,7.43
10,40,0.33411,18.37,-0.99,-15.23,-28.12,1.30,25.69
10,41,0.34225,18.21,-0.99,-14.95,-19.10,-0.09,35.21
10,42,0.35049,18.20,-1.01,-14.57,-1.48,-2.71,45.93
10,43,0.35901,18.19,-1.03,-14.19,-1.43,-2.67,44.44
10,44,0.36713,18.18,-1.06,-13.81,-1.50,-2.75,46.62
10,45,0.37576,18.14,-1.07,-13.50,-4.24,-1.86,36.40
10,46,0.38361,18.07,-1.08,-13.28,-8.95,-0.73,27.24
10,47,0.39197,18.00,-1.08,-13.07,-8.39,-0.68,25.55
10,48,0.40091,17.93,-1.09,-12.86,-7.85,-0.72,23.89
10,49,0.40878,17.88,-1.09,-12.71,-6.20,-0.50,18.99
10,50,0.41718,17.87,-1.10,-12.65,-1.45,-0.23,6.55
10,51,0.42593,17.86,-1.10,-12.60,-1.39,-0.26,6.27
10,52,0.43408,17.84,-1.10,-12.54,-1.50,-0.28,6.74
10,53,0.44260,17.89,-1.11,-12.54,5.73,-0.64,0.72
10,54,0.45050,18.03,-1.12,-12.60,17.76,-1.39,-8.49
10,55,0.45892,18.17,-1.13,-12.67,16.67,-1.31,-7.97
10,56,0.46716,18.31,-1.14,-12.74,17.04,-1.29,-8.15
10,57,0.47598,18.52,-1.16,-12.82,23.88,-1.96,-9.34
10,58,0.48444,18.84,-1.18,-12.92,37.55,-3.26,-11.91
10,59,0.49210,19.24,-1.22,-13.05,52.19,-4.63,-16.73
10,60,0.50052,19.77,-1.26,-13.21,62.32,-5.40,-19.57
10,61,0.50858,20.29,-1.31,-13.38,65.15,-5.70,-20.45
10,62,0.51700,20.82,-1.36,-13.54,62.32,-5.45,-19.57
10,63,0.52530,21.40,-1.41,-13.68,70.59,-6.53,-16.54
10,64,0.53412,22.08,-1.48,-13.77,76.47,-7.57,-10.03
10,65,0.54193,22.79,-1.55,-13.81,91.41,-9.51,-4.69
10,66,0.55026,23.56,-1.64,-13.76,92.31,-10.23,5.13
10,67,0.55865,24.37,-1.73,-13.66,96.36,-11.08,12.36
10,68,0.56702,25.23,-1.83,-13.47,103.65,-12.58,22.99
10,69,0.57596,26.12,-1.94,-13.27,98.98,-11.97,21.84
10,70,0.58432,26.99,-2.05,-13.08,103.65,-12.58,22.99
10,71,0.59210,27.87,-2.16,-12.82,114.12,-14.31,33.33
10,72,0.60046,28.78,-2.28,-12.47,108.76,-14.31,42.34
10,73,0.60876,29.69,-2.40,-12.11,109.56,-14.51,42.65
10,74,0.61707,30.60,-2.52,-11.76,109.56,-14.36,42.65
10,75,0.62601,31.51,-2.64,-11.40,101.71,-13.38,39.59
10,76,0.63370,32.42,-2.76,-11.05,118.25,-15.60,46.03
10,77,0.64206,33.33,-2.88,-10.70,108.76,-14.31,42.34
10,78,0.65039,34.24,-3.00,-10.34,109.16,-14.40,42.49
10,79,0.65872,35.12,-3.11,-10.07,105.13,-13.37,32.97
10,80,0.66705,35.94,-3.21,-9.90,99.27,-11.91,20.51
10,81,0.67603,36.73,-3.30,-9.80,87.41,-10.09,11.22
10,82,0.68375,37.45,-3.38,-9.79,93.68,-10.03,0.40
10,83,0.69226,38.12,-3.44,-9.83,78.49,-8.17,-3.94
10,84,0.70050,38.72,-3.50,-9.91,72.59,-7.13,-10.37
10,85,0.70874,39.32,-3.56,-10.00,72.59,-7.18,-10.37
10,86,0.71704,39.91,-3.62,-10.08,72.06,-7.04,-10.29
10,87,0.72610,40.52,-3.69,-10.10,67.00,-7.07,-1.35
10,88,0.73428,41.14,-3.76,-10.01,75.75,-8.85,10.82
10,89,0.74225,41.76,-3.83,-9.92,77.78,-9.05,11.11
10,90,0.75043,42.38,-3.90,-9.83,75.75,-8.81,10.82
10,91,0.75876,43.00,-3.97,-9.74,74.36,-8.61,10.62
10,92,0.76712,43.62,-4.05,-9.65,74.09,-8.62,10.58
10,93,0.77548,44.24,-4.12,-9.56,74.09,-8.58,10.58
10,94,0.78442,44.86,-4.19,-9.48,69.28,-8.10,9.90
10,95,0.79276,45.42,-4.25,-9.41,67.40,-7.65,7.33
10,96,0.80051,45.90,-4.31,-9.39,62.20,-6.87,3.15
10,97,0.80893,46.38,-4.36,-9.37,57.25,-6.37,2.90
10,98,0.81714,46.87,-4.41,-9.34,58.74,-6.48,2.97
10,99,0.82553,47.28,-4.46,-9.36,49.09,-5.14,-1.82
10,100,0.83435,47.59,-4.49,-9.43,35.64,-3.29,-8.30
10,101,0.84213,47.91,-4.51,-9.50,40.39,-3.73,-9.41
10,102,0.85049,48.22,-4.54,-9.58,37.59,-3.47,-8.76
10,103,0.85880,48.49,-4.56,-9.69,31.99,-2.60,-13.60
10,104,0.86725,48.68,-4.58,-9.86,23.47,-1.25,-19.86
10,105,0.87607,48.88,-4.59,-10.03,22.49,-1.28,-19.03
10,106,0.88376,49.08,-4.60,-10.19,25.79,-1.32,-21.83
10,107,0.89273,49.24,-4.60,-10.37,18.03,-0.74,-20.07
10,108,0.90060,49.36,-4.60,-10.57,14.34,0.07,-25.19
10,109,0.90887,49.47,-4.60,-10.77,13.65,0.12,-23.99
10,110,0.91721,49.58,-4.60,-10.97,13.55,-0.02,-23.81
10,111,0.92612,49.69,-4.60,-11.17,12.67,0.11,-22.26
10,112,0.93390,49.81,-4.60,-11.36,14.51,-0.03,-25.49
10,113,0.94272,49.92,-4.60,-11.56,12.80,0.07,-22.49
10,114,0.95050,50.03,-4.60,-11.76,14.51,0.03,-25.49
10,115,0.95883,50.09,-4.59,-11.95,6.96,0.69,-22.34
10,116,0.96716,50.07,-4.58,-12.12,-2.20,1.49,-20.15
10,117,0.97607,50.05,-4.57,-12.28,-2.05,1.39,-18.84
10,118,0.98410,50.04,-4.56,-12.45,-2.28,1.59,-20.91
10,119,0.99271,50.02,-4.55,-12.62,-2.13,1.40,-19.50
10,120,1.00082,50.00,-4.53,-12.79,-2.26,1.57,-20.68
10,121,1.00882,49.94,-4.52,-12.94,-7.63,2.01,-19.08
10,122,1.01715,49.82,-4.49,-13.07,-14.65,2.58,-16.12
10,123,1.02606,49.69,-4.47,-13.21,-13.70,2.41,-15.07
10,124,1.03439,49.57,-4.45,-13.34,-14.65,2.58,-16.12
10,125,1.04221,49.45,-4.43,-13.48,-15.62,2.75,-17.19
10,126,1.05057,49.33,-4.41,-13.61,-14.60,2.61,-16.06
10,127,1.05878,49.15,-4.38,-13.73,-21.56,3.20,-14.13
10,128,1.06720,48.90,-4.35,-13.82,-30.07,3.95,-10.87
10,129,1.07611,48.65,-4.32,-13.91,-28.42,3.64,-10.27
10,130,1.08450,48.39,-4.28,-14.00,-30.18,3.96,-10.91
10,131,1.09277,48.14,-4.25,-14.09,-30.63,3.98,-11.07
10,132,1.10052,47.89,-4.22,-14.18,-32.68,4.24,-11.81
10,133,1.10889,47.63,-4.19,-14.28,-30.29,3.88,-10.95
10,134,1.11719,47.38,-4.15,-14.37,-30.51,4.05,-11.03
10,135,1.12558,47.07,-4.11,-14.43,-37.09,4.43,-8.00
10,136,1.13443,46.67,-4.07,-14.47,-44.48,5.03,-4.14
10,137,1.14291,46.28,-4.03,-14.51,-46.40,5.25,-4.32
10,138,1.15057,45.89,-3.98,-14.54,-51.39,5.86,-4.78
10,139,1.15891,45.49,-3.94,-14.58,-47.25,5.29,-4.40
10,140,1.16724,45.10,-3.89,-14.62,-47.25,5.34,-4.40
10,141,1.17563,44.71,-3.85,-14.65,-46.91,5.31,-4.36
10,142,1.18448,44.31,-3.80,-14.69,-44.48,5.03,-4.14
10,143,1.19281,43.92,-3.76,-14.73,-47.25,5.39,-4.40
10,144,1.20056,43.52,-3.71,-14.76,-50.79,5.69,-4.72
10,145,1.20892,43.13,-3.67,-14.80,-47.08,5.33,-4.38
10,146,1.21738,42.74,-3.62,-14.84,-46.57,5.27,-4.33
10,147,1.22562,42.34,-3.58,-14.87,-47.78,5.40,-4.44
10,148,1.23456,41.95,-3.54,-14.91,-44.03,5.02,-4.10
10,149,1.24292,41.56,-3.49,-14.95,-47.08,5.28,-4.38
10,150,1.25055,41.16,-3.45,-14.98,-51.60,5.84,-4.80
10,151,1.25900,40.80,-3.41,-15.01,-42.96,4.77,-2.53
10,152,1.26727,40.48,-3.37,-15.01,-39.11,4.28,-0.74
10,153,1.27612,40.15,-3.34,-15.02,-36.55,3.92,-0.69
10,154,1.28415,39.83,-3.30,-15.02,-40.30,4.37,-0.76
10,155,1.29294,39.51,-3.27,-15.03,-36.81,3.99,-0.69
10,156,1.30075,39.18,-3.23,-15.04,-41.41,4.53,-0.78
10,157,1.30899,38.86,-3.20,-15.04,-39.26,4.25,-0.74
10,158,1.31747,38.53,-3.16,-15.05,-38.13,4.13,-0.72
10,159,1.32562,38.26,-3.13,-15.05,-33.71,3.59,-0.37
10,160,1.33456,38.05,-3.11,-15.05,-23.21,2.48,0.00
10,161,1.34293,37.84,-3.09,-15.05,-24.82,2.75,0.00
10,162,1.35086,37.64,-3.06,-15.05,-26.15,2.74,0.00
10,163,1.35910,37.43,-3.04,-15.05,-25.19,2.69,0.00
10,164,1.36746,37.22,-3.02,-15.05,-24.82,2.69,0.00
10,165,1.37634,37.08,-3.00,-15.06,-16.15,1.72,-0.69
10,166,1.38397,37.02,-3.00,-15.07,-7.60,0.93,-2.00
10,167,1.39243,36.96,-2.99,-15.09,-6.86,0.93,-1.81
10,168,1.40073,36.90,-2.98,-15.10,-6.99,0.89,-1.84
10,169,1.40900,36.91,-2.98,-15.15,0.37,0.23,-5.17
10,170,1.41733,36.99,-2.98,-15.23,9.89,-0.39,-10.26
10,171,1.42575,37.07,-2.99,-15.32,9.78,-0.43,-10.14
10,172,1.43457,37.16,-2.99,-15.40,9.34,-0.37,-9.69
10,173,1.44241,37.27,-3.00,-15.50,14.40,-0.81,-12.06
10,174,1.45074,37.42,-3.01,-15.61,18.32,-1.10,-13.19
10,175,1.45917,37.57,-3.02,-15.72,18.12,-1.14,-13.04
10,176,1.46744,37.73,-3.03,-15.83,18.45,-1.16,-13.28
11,0,0.00000,0.00,0.00,0.00,60.82,-1.84,-73.88
11,1,0.00854,0.50,-0.02,-0.60,58.21,-1.80,-70.71
11,2,0.01666,1.14,-0.02,-1.60,78.95,-0.74,-122.93
11,3,0.02527,1.78,-0.03,-2.60,74.47,-0.66,-115.96
11,4,0.03369,2.42,-0.03,-3.60,76.09,-0.80,-118.48
11,5,0.04163,3.06,-0.04,-4.60,81.15,-0.67,-126.15
11,6,0.05029,3.70,-0.05,-5.60,73.94,-0.69,-115.14
11,7,0.05841,4.35,-0.05,-6.59,78.95,-0.78,-122.93
11,8,0.06696,4.99,-0.06,-7.59,75.00,-0.70,-116.79
11,9,0.07513,5.63,-0.06,-8.59,78.36,-0.68,-122.01
11,10,0.08374,6.27,-0.07,-9.59,74.47,-0.70,-115.96
11,11,0.09235,6.91,-0.08,-10.59,74.47,-0.73,-115.96
11,12,0.10028,7.55,-0.08,-11.58,80.77,-0.75,-125.77
11,13,0.10834,8.19,-0.09,-12.58,79.17,-0.73,-123.48
11,14,0.11694,8.57,-0.08,-13.41,43.97,1.34,-96.10
11,15,0.12518,8.94,-0.06,-14.23,45.93,1.37,-100.00
11,16,0.13336,9.21,-0.05,-14.95,32.09,2.13,-88.43
11,17,0.14172,9.47,-0.03,-15.68,31.39,2.08,-86.50
11,18,0.14996,9.59,-0.00,-16.31,14.07,3.31,-77.04
11,19,0.15900,9.70,0.03,-16.95,12.50,3.10,-70.27
11,20,0.16663,9.68,0.06,-17.42,-2.40,4.17,-62.00
11,21,0.17499,9.66,0.09,-17.89,-2.19,3.72,-56.57
11,22,0.18335,9.64,0.12,-18.37,-2.19,3.81,-56.57
11,23,0.19202,9.63,0.15,-18.84,-2.11,3.72,-54.58
11,24,0.19989,9.48,0.19,-19.21,-17.83,4.91,-47.67
11,25,0.20862,9.34,0.23,-19.59,-16.08,4.43,-43.01
11,26,0.21667,9.20,0.27,-19.96,-17.42,4.80,-46.59
11,27,0.22552,9.06,0.31,-20.34,-15.86,4.33,-42.41
11,28,0.23376,8.73,0.37,-20.78,-40.37,7.73,-53.33
11,29,0.24152,8.40,0.43,-21.22,-42.91,8.18,-56.69
11,30,0.25006,8.07,0.50,-21.66,-38.93,7.38,-51.43
11,31,0.25842,7.73,0.56,-22.09,-39.78,7.56,-52.19
11,32,0.26709,7.32,0.63,-22.49,-48.24,8.04,-46.13
11,33,0.27527,6.90,0.70,-22.89,-51.12,8.57,-48.88
11,34,0.28357,6.48,0.77,-23.29,-50.37,8.44,-48.16
11,35,0.29169,6.06,0.84,-23.69,-51.13,8.57,-48.87
11,36,0.30011,5.76,0.88,-23.86,-36.59,5.18,-19.93
11,37,0.30823,5.45,0.93,-24.03,-37.97,5.37,-20.68
11,38,0.31708,5.24,0.94,-23.93,-23.10,1.75,11.38
11,39,0.32513,5.04,0.96,-23.82,-25.00,1.86,12.88
11,40,0.33362,4.99,0.94,-23.49,-6.47,-1.77,38.85
11,41,0.34174,4.93,0.93,-23.16,-6.39,-1.85,40.60
11,42,0.35040,5.16,0.88,-22.86,26.06,-5.00,35.21
11,43,0.35840,5.39,0.84,-22.55,28.24,-5.42,38.17
11,44,0.36676,5.61,0.80,-22.25,27.01,-5.18,36.50
11,45,0.37518,5.84,0.75,-21.94,26.81,-5.15,36.23
11,46,0.38354,5.91,0.73,-21.73,9.12,-2.55,25.18
11,47,0.39172,5.99,0.71,-21.52,9.33,-2.64,25.75
11,48,0.40002,6.07,0.69,-21.31,9.19,-2.57,25.37
11,49,0.40881,6.14,0.67,-21.10,8.68,-2.46,23.96
11,50,0.41693,6.17,0.66,-21.05,3.01,-0.70,6.39
11,51,0.42548,6.19,0.66,-21.00,2.86,-0.71,6.07
11,52,0.43347,6.22,0.65,-20.94,3.05,-0.76,6.49
11,53,0.44189,6.24,0.64,-20.90,2.90,-0.65,5.80
11,54,0.45026,6.31,0.65,-21.04,8.39,0.14,-16.79
11,55,0.45844,6.38,0.65,-21.18,8.58,0.14,-17.16
11,56,0.46710,6.45,0.65,-21.32,8.10,0.17,-16.20
11,57,0.47504,6.52,0.65,-21.46,8.85,0.15,-17.69
11,58,0.48346,6.71,0.65,-21.73,22.10,-0.31,-32.97
11,59,0.49158,6.89,0.65,-22.01,22.93,-0.28,-34.21
11,60,0.49988,7.20,0.64,-22.47,37.13,-0.51,-54.78
11,61,0.50861,7.51,0.64,-22.92,35.31,-0.49,-52.10
11,62,0.51672,7.82,0.63,-23.38,37.97,-0.59,-56.02
11,63,0.52533,8.13,0.63,-23.83,36.17,-0.53,-52.84
11,64,0.53351,8.60,0.61,-24.32,57.84,-2.46,-59.70
11,65,0.54175,9.08,0.59,-24.81,57.78,-2.48,-59.26
11,66,0.55011,9.71,0.55,-25.25,75.55,-4.73,-52.92
11,67,0.55853,10.34,0.51,-25.69,75.00,-4.82,-52.54
11,68,0.56720,11.14,0.45,-26.08,92.25,-7.03,-44.72
11,69,0.57562,11.94,0.38,-26.47,94.93,-7.25,-46.01
11,70,0.58374,12.74,0.32,-26.86,98.50,-7.60,-47.74
11,71,0.59216,13.56,0.26,-27.25,97.46,-7.51,-46.74
11,72,0.60040,14.50,0.18,-27.54,113.33,-9.93,-34.81
11,73,0.60870,15.43,0.10,-27.82,112.50,-9.95,-34.56
11,74,0.61707,16.36,0.01,-28.11,111.68,-9.74,-34.31
11,75,0.62555,17.30,-0.07,-28.40,110.07,-9.78,-33.81
11,76,0.63361,18.23,-0.15,-28.68,115.91,-10.10,-35.61
11,77,0.64209,19.17,-0.23,-28.97,110.07,-9.74,-33.81
11,78,0.65015,20.10,-0.31,-29.26,115.91,-10.10,-35.61
11,79,0.65906,21.03,-0.40,-29.55,104.11,-9.16,-32.53
11,80,0.66705,21.78,-0.45,-29.93,94.27,-7.19,-47.33
11,81,0.67548,22.53,-0.51,-30.31,89.13,-6.71,-45.29
11,82,0.68433,23.10,-0.54,-30.75,64.14,-3.65,-50.34
11,83,0.69208,23.66,-0.58,-31.20,72.83,-4.23,-57.48
11,84,0.70032,24.08,-0.59,-31.63,50.37,-2.05,-52.96
11,85,0.70856,24.49,-0.61,-32.07,50.37,-2.09,-52.96
11,86,0.71692,24.91,-0.63,-32.51,49.64,-2.02,-52.19
11,87,0.72552,25.33,-0.64,-32.94,48.58,-2.03,-50.35
11,88,0.73358,25.87,-0.68,-33.26,67.42,-4.77,-39.02
11,89,0.74188,26.41,-0.72,-33.57,65.44,-4.68,-37.87
11,90,0.75024,26.96,-0.76,-33.88,64.96,-4.54,-37.59
11,91,0.75867,27.50,-0.80,-34.20,64.49,-4.61,-37.32
11,92,0.76721,28.04,-0.84,-34.51,63.57,-4.46,-36.79
11,93,0.77563,28.59,-0.88,-34.83,64.49,-4.64,-37.32
11,94,0.78387,29.13,-0.91,-35.14,65.93,-4.66,-38.15
11,95,0.79218,29.67,-0.95,-35.46,65.07,-4.59,-37.87
11,96,0.80035,30.06,-0.98,-35.74,48.13,-2.94,-34.33
11,97,0.80890,30.46,-1.00,-36.02,46.07,-2.86,-32.86
11,98,0.81696,30.85,-1.03,-36.30,48.86,-3.13,-34.85
11,99,0.82538,31.24,-1.05,-36.58,46.01,-2.85,-32.97
11,100,0.83380,31.44,-1.06,-36.83,23.91,-0.67,-29.71
11,101,0.84222,31.64,-1.06,-37.08,23.91,-0.67,-29.71
11,102,0.85028,31.84,-1.07,-37.33,25.00,-0.68,-31.44
11,103,0.85889,32.04,-1.07,-37.58,23.05,-0.69,-29.43
11,104,0.86707,32.09,-1.06,-37.84,6.34,1.32,-31.34
11,105,0.87531,32.14,-1.05,-38.10,6.30,1.31,-31.11
11,106,0.88367,32.20,-1.04,-38.35,6.20,1.20,-30.66
11,107,0.89203,32.24,-1.03,-38.60,5.84,1.31,-30.29
11,108,0.90039,32.21,-1.01,-38.83,-4.01,2.12,-27.01
11,109,0.90875,32.18,-0.99,-39.06,-4.01,2.12,-27.01
11,110,0.91705,32.14,-0.98,-39.28,-4.04,2.18,-27.21
11,111,0.92554,32.11,-0.96,-39.51,-3.96,2.04,-26.62
11,112,0.93378,32.08,-0.94,-39.73,-4.07,2.24,-27.41
11,113,0.94208,32.04,-0.92,-39.96,-4.04,2.08,-27.21
11,114,0.95032,32.01,-0.90,-40.19,-4.07,2.19,-27.41
11,115,0.95892,31.97,-0.89,-40.41,-4.26,2.05,-25.53
11,116,0.96710,31.86,-0.87,-40.52,-14.18,2.43,-14.55
11,117,0.97516,31.74,-0.85,-40.64,-14.39,2.51,-14.77
11,118,0.98370,31.63,-0.83,-40.76,-13.57,2.32,-13.93
11,119,0.99219,31.51,-0.81,-40.88,-13.67,2.34,-14.03
11,120,1.00043,31.39,-0.79,-41.00,-14.07,2.41,-14.44
11,121,1.00873,31.27,-0.77,-41.12,-14.71,2.51,-14.34
11,122,1.01733,31.09,-0.75,-41.15,-20.92,2.46,-3.55
11,123,1.02576,30.91,-0.72,-41.18,-21.38,2.51,-3.62
11,124,1.03363,30.73,-0.70,-41.21,-22.87,2.69,-3.88
11,125,1.04211,30.55,-0.68,-41.24,-21.22,2.49,-3.60
11,126,1.05090,30.37,-0.66,-41.27,-20.49,2.45,-3.47
11,127,1.05884,30.19,-0.64,-41.30,-23.08,2.66,-3.08
11,128,1.06738,29.93,-0.62,-41.21,-30.00,2.58,10.00
11,129,1.07556,29.68,-0.60,-41.13,-31.34,2.65,10.45
11,130,1.08380,29.42,-0.57,-41.04,-31.11,2.72,10.37
11,131,1.09210,29.16,-0.55,-40.95,-30.88,2.66,10.29
11,132,1.10040,28.91,-0.53,-40.87,-30.88,2.66,10.29
11,133,1.10895,28.65,-0.51,-40.78,-30.00,2.58,10.00
11,134,1.11731,28.39,-0.48,-40.70,-30.66,2.68,10.22
11,135,1.12555,28.13,-0.46,-40.61,-31.48,2.63,11.11
11,136,1.13391,27.80,-0.44,-40.39,-39.42,2.63,25.91
11,137,1.14221,27.47,-0.42,-40.17,-39.71,2.65,26.10
11,138,1.15039,27.15,-0.40,-39.96,-40.30,2.65,26.49
11,139,1.15881,26.82,-0.38,-39.74,-39.13,2.57,25.72
11,140,1.16736,26.49,-0.35,-39.52,-38.57,2.57,25.36
11,141,1.17560,26.16,-0.33,-39.31,-40.00,2.58,26.30
11,142,1.18384,25.83,-0.31,-39.09,-40.00,2.67,26.30
11,143,1.19220,25.50,-0.29,-38.87,-39.42,2.55,25.91
11,144,1.20038,25.17,-0.27,-38.66,-40.30,2.69,26.49
11,145,1.20905,24.84,-0.25,-38.44,-38.03,2.50,25.00
11,146,1.21735,24.51,-0.22,-38.22,-39.71,2.65,26.10
11,147,1.22589,24.18,-0.20,-38.01,-38.57,2.49,25.36
11,148,1.23389,23.85,-0.18,-37.79,-41.22,2.75,27.10
11,149,1.24213,23.52,-0.16,-37.57,-40.00,2.67,26.30
11,150,1.25031,23.19,-0.14,-37.36,-40.30,2.61,26.49
11,151,1.25916,22.86,-0.12,-37.14,-36.90,2.47,24.14
11,152,1.26721,22.61,-0.10,-36.95,-31.82,1.88,24.24
11,153,1.27545,22.35,-0.09,-36.75,-31.11,1.78,23.70
11,154,1.28442,22.09,-0.07,-36.56,-28.57,1.77,21.77
11,155,1.29193,21.84,-0.06,-36.36,-34.15,1.91,26.02
11,156,1.30035,21.58,-0.04,-36.17,-30.43,1.89,23.19
11,157,1.30872,21.33,-0.02,-35.97,-30.66,1.81,23.36
11,158,1.31720,21.07,-0.01,-35.78,-30.22,1.78,23.02
11,159,1.32550,20.82,0.01,-35.58,-30.51,1.80,23.16
11,160,1.33429,20.65,0.02,-35.46,-18.75,1.12,14.58
11,161,1.34229,20.49,0.03,-35.33,-20.61,1.23,16.03
11,162,1.35059,20.32,0.03,-35.20,-19.85,1.09,15.44
11,163,1.35870,20.16,0.04,-35.07,-20.30,1.21,15.79
11,164,1.36688,19.99,0.05,-34.94,-20.15,1.20,15.67
11,165,1.37531,19.83,0.06,-34.82,-18.84,1.05,14.49
11,166,1.38385,19.78,0.07,-34.80,-6.43,0.53,2.86
11,167,1.39215,19.72,0.07,-34.77,-6.62,0.55,2.94
11,168,1.40045,19.67,0.08,-34.75,-6.62,0.51,2.94
11,169,1.40887,19.62,0.08,-34.73,-6.16,0.51,2.17
11,170,1.41724,19.63,0.09,-34.85,1.46,0.77,-14.23
11,171,1.42542,19.64,0.09,-34.97,1.49,0.74,-14.55
11,172,1.43420,19.65,0.10,-35.09,1.39,0.73,-13.54
11,173,1.44226,19.67,0.10,-35.21,1.89,0.68,-15.15
11,174,1.45032,19.72,0.11,-35.39,6.06,0.78,-22.35
11,175,1.45880,19.77,0.12,-35.57,5.76,0.75,-21.22
11,176,1.46735,19.82,0.12,-35.75,5.71,0.70,-21.07
12,0,0.00000,0.00,0.00,0.00,-8.21,5.29,-95.15
12,1,0.00842,-0.07,0.04,-0.78,-7.97,5.09,-92.39
12,2,0.01801,-0.32,0.11,-1.99,-26.11,7.33,-126.43
12,3,0.02557,-0.56,0.18,-3.17,-32.66,9.12,-156.45
12,4,0.03387,-0.81,0.25,-4.33,-29.04,8.09,-139.71
12,5,0.04205,-1.05,0.32,-5.49,-29.48,8.21,-141.79
12,6,0.05029,-1.29,0.38,-6.65,-29.26,8.15,-140.74
12,7,0.05865,-1.53,0.45,-7.81,-28.83,8.08,-138.69
12,8,0.06714,-1.77,0.52,-8.97,-28.42,7.92,-136.69
12,9,0.07526,-2.01,0.59,-10.13,-29.70,8.27,-142.86
12,10,0.08368,-2.25,0.65,-11.29,-28.62,8.02,-137.68
12,11,0.09210,-2.49,0.72,-12.45,-28.62,7.97,-137.68
12,12,0.10028,-2.73,0.79,-13.61,-29.48,8.22,-141.79
12,13,0.10858,-2.98,0.85,-14.75,-29.41,7.99,-137.50
12,14,0.11676,-3.29,0.91,-15.61,-37.69,6.44,-104.48
12,15,0.12512,-3.59,0.96,-16.45,-36.86,6.19,-101.09
12,16,0.13336,-3.92,1.00,-17.15,-38.89,5.41,-84.81
12,17,0.14154,-4.24,1.05,-17.84,-39.18,5.34,-84.33
12,18,0.14996,-4.60,1.08,-18.37,-43.12,4.35,-63.41
12,19,0.15833,-4.96,1.12,-18.90,-43.07,4.25,-62.41
12,20,0.16675,-5.30,1.14,-19.22,-40.94,2.98,-38.41
12,21,0.17651,-5.65,1.17,-19.54,-35.31,2.54,-33.12
12,22,0.18445,-5.99,1.19,-19.87,-43.46,3.12,-40.77
12,23,0.19208,-6.34,1.22,-20.18,-45.20,3.23,-41.20
12,24,0.20068,-6.70,1.23,-20.35,-42.20,1.95,-19.50
12,25,0.20929,-7.06,1.25,-20.52,-42.20,1.96,-19.50
12,26,0.21698,-7.43,1.27,-20.68,-47.22,2.23,-21.83
12,27,0.22510,-7.80,1.29,-20.85,-46.24,2.08,-20.30
12,28,0.23370,-8.35,1.30,-20.93,-63.12,1.87,-9.57
12,29,0.24194,-8.89,1.32,-21.01,-65.93,2.00,-10.00
12,30,0.25000,-9.43,1.33,-21.10,-67.42,2.00,-10.23
12,31,0.25836,-9.98,1.35,-21.17,-65.33,1.94,-9.12
12,32,0.26660,-10.56,1.36,-21.17,-70.00,1.47,0.74
12,33,0.27502,-11.13,1.37,-21.16,-68.48,1.48,0.72
12,34,0.28357,-11.71,1.39,-21.15,-67.50,1.42,0.71
12,35,0.29181,-12.27,1.40,-21.14,-68.15,1.43,1.48
12,36,0.30011,-12.61,1.40,-21.05,-40.81,0.26,11.40
12,37,0.30920,-12.93,1.40,-20.94,-35.23,0.18,11.41
12,38,0.31683,-13.00,1.39,-20.73,-9.60,-1.32,28.00
12,39,0.32526,-13.06,1.38,-20.51,-6.52,-1.23,26.09
12,40,0.33386,-12.87,1.36,-20.24,22.34,-2.22,31.91
12,41,0.34229,-12.66,1.34,-19.98,24.28,-2.16,30.80
12,42,0.35034,-12.29,1.33,-19.92,46.59,-1.45,7.58
12,43,0.35846,-11.91,1.32,-19.85,46.24,-1.39,7.52
12,44,0.36682,-11.54,1.31,-19.79,44.89,-1.35,7.30
12,45,0.37531,-11.18,1.30,-19.73,42.45,-1.36,7.55
12,46,0.38361,-10.97,1.29,-19.63,24.26,-1.14,11.76
12,47,0.39166,-10.77,1.28,-19.53,25.00,-1.22,12.12
12,48,0.40039,-10.57,1.27,-19.44,23.08,-1.08,11.19
12,49,0.40881,-10.38,1.26,-19.35,22.83,-1.11,10.87
12,50,0.41705,-10.33,1.26,-19.33,6.30,-0.23,2.22
12,51,0.42596,-10.28,1.26,-19.31,5.82,-0.26,2.05
12,52,0.43384,-10.22,1.25,-19.29,6.59,-0.24,2.33
12,53,0.44232,-10.18,1.25,-19.28,5.40,-0.18,0.72
12,54,0.45032,-10.23,1.26,-19.43,-6.11,1.16,-18.70
12,55,0.45911,-10.28,1.27,-19.59,-5.56,1.03,-17.36
12,56,0.46722,-10.32,1.28,-19.74,-6.02,1.15,-18.42
12,57,0.47565,-10.37,1.29,-19.90,-5.80,1.17,-19.93
12,58,0.48395,-10.43,1.31,-20.23,-7.35,2.32,-39.71
12,59,0.49255,-10.50,1.33,-20.58,-7.45,2.33,-40.78
12,60,0.50043,-10.60,1.36,-21.13,-12.40,3.93,-68.99
12,61,0.50916,-10.69,1.39,-21.67,-11.19,3.59,-62.24
12,62,0.51740,-10.79,1.42,-22.21,-11.85,3.76,-65.93
12,63,0.52576,-10.88,1.46,-22.77,-10.58,3.80,-66.42
12,64,0.53394,-10.88,1.49,-23.45,-0.37,4.48,-83.21
12,65,0.54242,-10.87,1.53,-24.14,1.44,4.29,-81.29
12,66,0.55084,-10.73,1.57,-24.90,16.67,4.46,-89.86
12,67,0.55914,-10.57,1.60,-25.67,19.12,4.53,-93.01
12,68,0.56744,-10.27,1.64,-26.50,36.03,4.62,-100.74
12,69,0.57568,-9.97,1.68,-27.34,36.30,4.61,-101.48
12,70,0.58374,-9.67,1.72,-28.18,37.12,4.76,-103.79
12,71,0.59229,-9.36,1.76,-29.02,37.14,4.46,-98.21
12,72,0.60107,-8.88,1.79,-29.90,54.17,4.15,-100.00
12,73,0.60925,-8.42,1.83,-30.75,56.72,4.35,-104.85
12,74,0.61761,-7.95,1.86,-31.61,55.47,4.30,-102.55
12,75,0.62634,-7.49,1.90,-32.47,53.15,4.08,-98.25
12,76,0.63440,-7.03,1.94,-33.33,57.58,4.46,-106.44
12,77,0.64227,-6.56,1.97,-34.18,58.91,4.52,-108.91
12,78,0.65106,-6.10,2.01,-35.04,52.78,4.09,-97.57
12,79,0.65924,-5.65,2.04,-35.90,54.10,4.40,-104.85
12,80,0.66748,-5.38,2.08,-36.70,33.33,4.48,-97.04
12,81,0.67590,-5.13,2.12,-37.48,29.35,4.33,-93.48
12,82,0.68408,-5.04,2.15,-38.20,11.57,4.46,-87.69
12,83,0.69257,-4.96,2.19,-38.90,9.35,4.17,-82.37
12,84,0.70087,-4.97,2.22,-39.50,-1.10,3.91,-72.43
12,85,0.70929,-4.98,2.25,-40.10,-1.09,3.86,-71.38
12,86,0.71759,-4.99,2.29,-40.70,-1.10,3.87,-72.43
12,87,0.72583,-4.97,2.32,-41.31,1.85,3.90,-73.33
12,88,0.73407,-4.80,2.35,-41.91,20.37,3.45,-73.33
12,89,0.74280,-4.64,2.37,-42.52,19.23,3.30,-69.23
12,90,0.75092,-4.47,2.40,-43.12,20.68,3.54,-74.44
12,91,0.75922,-4.30,2.43,-43.73,20.22,3.42,-72.79
12,92,0.76770,-4.13,2.46,-44.33,19.78,3.39,-71.22
12,93,0.77625,-3.96,2.49,-44.93,19.64,3.37,-70.71
12,94,0.78412,-3.80,2.52,-45.54,21.32,3.61,-76.74
12,95,0.79266,-3.64,2.55,-46.12,18.21,3.28,-68.57
12,96,0.80096,-3.56,2.57,-46.60,10.29,2.81,-57.35
12,97,0.80957,-3.47,2.59,-47.08,9.93,2.76,-55.32
12,98,0.81775,-3.38,2.62,-47.55,10.45,2.90,-58.21
12,99,0.82587,-3.32,2.64,-48.00,8.27,2.78,-55.64
12,100,0.83441,-3.35,2.66,-48.32,-3.93,2.12,-37.50
12,101,0.84265,-3.38,2.68,-48.65,-4.07,2.15,-38.89
12,102,0.85126,-3.42,2.69,-48.97,-3.90,2.07,-37.23
12,103,0.86023,-3.47,2.71,-49.27,-5.44,1.97,-34.01
12,104,0.86804,-3.61,2.73,-49.49,-18.36,1.87,-27.73
12,105,0.87640,-3.75,2.74,-49.70,-17.15,1.75,-25.91
12,106,0.88470,-3.90,2.75,-49.92,-17.28,1.76,-26.10
12,107,0.89270,-4.05,2.77,-50.13,-18.70,1.81,-25.57
12,108,0.90082,-4.23,2.78,-50.26,-22.56,1.38,-16.92
12,109,0.90961,-4.41,2.79,-50.40,-20.83,1.32,-15.62
12,110,0.91785,-4.60,2.80,-50.54,-22.22,1.36,-16.67
12,111,0.92621,-4.78,2.81,-50.67,-21.90,1.35,-16.42
12,112,0.93457,-4.96,2.83,-50.81,-21.90,1.39,-16.42
12,113,0.94293,-5.15,2.84,-50.95,-21.90,1.34,-16.42
12,114,0.95117,-5.33,2.85,-51.09,-22.22,1.36,-16.67
12,115,0.96014,-5.51,2.86,-51.20,-20.07,1.12,-12.93
12,116,0.96808,-5.68,2.86,-51.21,-21.15,0.51,-0.38
12,117,0.97614,-5.84,2.87,-51.21,-20.83,0.50,-0.38
12,118,0.98450,-6.01,2.87,-51.21,-20.07,0.40,-0.36
12,119,0.99292,-6.18,2.87,-51.21,-19.93,0.48,-0.36
12,120,1.00079,-6.35,2.88,-51.22,-21.32,0.47,-0.39
12,121,1.00977,-6.51,2.88,-51.21,-18.37,0.35,1.36
12,122,1.01746,-6.66,2.88,-51.10,-19.44,-0.32,13.49
12,123,1.02606,-6.81,2.88,-51.00,-17.38,-0.24,12.06
12,124,1.03406,-6.96,2.87,-50.89,-18.70,-0.26,12.98
12,125,1.04224,-7.11,2.87,-50.79,-18.28,-0.30,12.69
12,126,1.05078,-7.26,2.87,-50.69,-17.50,-0.29,12.14
12,127,1.05939,-7.41,2.87,-50.56,-17.02,-0.40,14.18
12,128,1.06787,-7.53,2.86,-50.33,-14.39,-1.17,28.06
12,129,1.07562,-7.65,2.85,-50.09,-15.75,-1.28,30.71
12,130,1.08447,-7.77,2.84,-49.85,-13.79,-1.16,26.90
12,131,1.09216,-7.89,2.83,-49.61,-15.87,-1.29,30.95
12,132,1.10077,-8.02,2.82,-49.37,-14.18,-1.15,27.66
12,133,1.10931,-8.14,2.81,-49.14,-14.29,-1.20,27.86
12,134,1.11719,-8.26,2.80,-48.90,-15.50,-1.30,30.23
12,135,1.12592,-8.38,2.78,-48.64,-13.64,-1.27,29.72
12,136,1.13403,-8.47,2.77,-48.25,-10.53,-2.29,47.37
12,137,1.14246,-8.55,2.75,-47.87,-10.14,-2.25,45.65
12,138,1.15112,-8.64,2.73,-47.49,-9.86,-2.14,44.37
12,139,1.15948,-8.72,2.71,-47.10,-10.22,-2.28,46.35
12,140,1.16742,-8.81,2.69,-46.71,-10.77,-2.34,48.46
12,141,1.17572,-8.89,2.67,-46.33,-10.29,-2.24,46.32
12,142,1.18402,-8.98,2.65,-45.94,-10.29,-2.24,46.32
12,143,1.19250,-9.06,2.63,-45.56,-10.07,-2.23,45.32
12,144,1.20068,-9.15,2.62,-45.18,-10.45,-2.27,47.01
12,145,1.20923,-9.23,2.60,-44.79,-10.00,-2.17,45.00
12,146,1.21735,-9.32,2.58,-44.41,-10.53,-2.33,47.37
12,147,1.22595,-9.41,2.56,-44.02,-9.93,-2.16,44.68
12,148,1.23407,-9.49,2.54,-43.64,-10.53,-2.33,47.37
12,149,1.24237,-9.58,2.52,-43.25,-10.29,-2.24,46.32
12,150,1.25085,-9.66,2.50,-42.87,-10.07,-2.19,45.32
12,151,1.25934,-9.74,2.48,-42.49,-9.35,-2.19,44.24
12,152,1.26733,-9.79,2.47,-42.17,-5.73,-2.00,40.08
12,153,1.27600,-9.83,2.45,-41.85,-5.28,-1.85,36.97
12,154,1.28442,-9.88,2.44,-41.53,-5.43,-1.94,38.04
12,155,1.29248,-9.92,2.42,-41.21,-5.68,-1.98,39.77
12,156,1.30109,-9.97,2.40,-40.89,-5.32,-1.90,37.23
12,157,1.30914,-10.02,2.39,-40.57,-5.68,-1.98,39.77
12,158,1.31757,-10.06,2.37,-40.25,-5.43,-1.90,38.04
12,159,1.32581,-10.10,2.36,-39.95,-5.19,-1.88,36.67
12,160,1.33429,-10.13,2.35,-39.74,-3.24,-1.22,24.46
12,161,1.34271,-10.16,2.34,-39.53,-3.26,-1.27,24.64
12,162,1.35114,-10.19,2.33,-39.32,-3.26,-1.23,24.64
12,163,1.35944,-10.21,2.31,-39.12,-3.31,-1.29,25.00
12,164,1.36737,-10.24,2.30,-38.91,-3.46,-1.30,26.15
12,165,1.37592,-10.27,2.30,-38.73,-3.21,-1.06,21.43
12,166,1.38409,-10.29,2.29,-38.67,-2.61,-0.33,6.72
12,167,1.39240,-10.31,2.29,-38.62,-2.57,-0.31,6.62
12,168,1.40100,-10.33,2.29,-38.56,-2.48,-0.26,6.38
12,169,1.40948,-10.36,2.29,-38.53,-3.60,-0.09,3.60
12,170,1.41760,-10.44,2.29,-38.63,-9.02,0.80,-11.65
12,171,1.42639,-10.51,2.30,-38.72,-8.33,0.74,-10.76
12,172,1.43469,-10.58,2.31,-38.82,-8.82,0.83,-11.40
12,173,1.44287,-10.66,2.31,-38.92,-9.33,0.88,-13.06
12,174,1.45099,-10.75,2.32,-39.09,-11.28,1.31,-20.30
12,175,1.45929,-10.84,2.34,-39.25,-11.03,1.33,-19.85
12,176,1.46777,-10.93,2.35,-39.42,-10.79,1.26,-19.42
13,0,0.00000,0.00,0.00,0.00,57.45,4.60,-70.21
13,1,0.00824,0.50,0.04,-0.61,60.74,4.86,-74.44
13,2,0.01691,1.14,0.10,-1.61,73.59,7.12,-115.14
13,3,0.02515,1.78,0.16,-2.61,77.41,7.47,-121.11
13,4,0.03326,2.41,0.23,-3.61,78.57,7.60,-122.93
13,5,0.04169,3.05,0.29,-4.61,75.72,7.31,-118.48
13,6,0.04993,3.69,0.35,-5.60,77.41,7.47,-121.11
13,7,0.05835,4.33,0.41,-6.60,75.72,7.31,-118.48
13,8,0.06702,4.97,0.47,-7.60,73.59,7.12,-115.14
13,9,0.07526,5.60,0.53,-8.60,77.41,7.48,-121.11
13,10,0.08380,6.24,0.59,-9.59,74.64,7.21,-116.79
13,11,0.09174,6.88,0.66,-10.59,80.38,7.75,-125.77
13,12,0.10004,7.52,0.72,-11.59,77.21,7.46,-120.59
13,13,0.10828,8.15,0.78,-12.59,77.04,7.46,-121.11
13,14,0.11694,8.53,0.83,-13.42,43.31,5.53,-95.42
13,15,0.12494,8.91,0.88,-14.24,46.95,5.97,-103.05
13,16,0.13318,9.16,0.92,-14.97,31.48,4.90,-87.78
13,17,0.14185,9.42,0.96,-15.69,29.93,4.66,-83.45
13,18,0.14990,9.54,0.99,-16.32,14.02,4.09,-78.79
13,19,0.15839,9.65,1.02,-16.96,13.31,3.89,-74.82
13,20,0.16632,9.63,1.04,-17.43,-2.31,2.83,-59.62
13,21,0.17505,9.61,1.07,-17.90,-2.10,2.56,-54.20
13,22,0.18323,9.59,1.09,-18.38,-2.24,2.78,-58.21
13,23,0.19159,9.57,1.11,-18.85,-2.55,2.65,-56.20
13,24,0.19977,9.43,1.13,-19.23,-17.16,1.87,-45.90
13,25,0.20819,9.29,1.14,-19.60,-16.67,1.80,-44.57
13,26,0.21649,9.15,1.16,-19.98,-16.91,1.83,-45.22
13,27,0.22504,9.01,1.17,-20.35,-16.79,1.77,-43.93
13,28,0.23303,8.68,1.19,-20.79,-41.60,1.74,-54.58
13,29,0.24170,8.34,1.20,-21.22,-38.38,1.63,-50.35
13,30,0.24982,8.01,1.21,-21.66,-40.98,1.73,-53.76
13,31,0.25812,7.68,1.23,-22.10,-40.07,1.69,-52.57
13,32,0.26685,7.26,1.24,-22.49,-47.90,1.20,-45.45
13,33,0.27502,6.84,1.25,-22.89,-51.12,1.26,-48.51
13,34,0.28326,6.42,1.26,-23.29,-50.74,1.25,-48.15
13,35,0.29144,6.01,1.27,-23.68,-50.75,1.25,-48.13
13,36,0.29993,5.70,1.27,-23.85,-36.33,0.20,-19.78
13,37,0.30835,5.40,1.27,-24.01,-36.23,0.17,-19.57
13,38,0.31677,5.19,1.26,-23.91,-24.28,-1.08,11.96
13,39,0.32495,4.99,1.25,-23.81,-24.63,-1.12,12.69
13,40,0.33344,4.93,1.24,-23.48,-6.47,-2.04,38.85
13,41,0.34161,4.89,1.22,-23.15,-5.97,-2.07,40.30
13,42,0.34979,5.11,1.21,-22.85,27.61,-1.20,37.31
13,43,0.35828,5.34,1.20,-22.54,26.62,-1.18,35.97
13,44,0.36694,5.56,1.19,-22.24,26.06,-1.16,35.21
13,45,0.37494,5.79,1.18,-21.93,27.86,-1.24,37.79
13,46,0.38318,5.86,1.17,-21.72,9.26,-1.03,25.56
13,47,0.39203,5.94,1.16,-21.51,8.62,-0.96,23.79
13,48,0.39990,6.02,1.15,-21.30,9.69,-1.10,26.74
13,49,0.40857,6.09,1.15,-21.09,8.80,-0.98,24.30
13,50,0.41663,6.12,1.14,-21.04,3.03,-0.25,6.44
13,51,0.42493,6.14,1.14,-20.99,2.94,-0.23,6.25
13,52,0.43329,6.16,1.14,-20.94,2.92,-0.24,6.20
13,53,0.44159,6.19,1.14,-20.89,2.94,-0.21,5.88
13,54,0.45007,6.26,1.15,-21.03,8.27,0.95,-16.55
13,55,0.45844,6.33,1.16,-21.17,8.39,1.00,-16.79
13,56,0.46667,6.40,1.16,-21.31,8.52,0.99,-17.04
13,57,0.47516,6.47,1.17,-21.45,8.27,1.00,-16.91
13,58,0.48322,6.66,1.19,-21.73,23.11,2.15,-34.47
13,59,0.49133,6.85,1.21,-22.01,23.31,2.16,-34.59
13,60,0.49988,7.15,1.24,-22.47,36.07,3.35,-53.57
13,61,0.50861,7.46,1.26,-22.92,35.31,3.28,-52.45
13,62,0.51666,7.77,1.29,-23.38,38.26,3.56,-56.82
13,63,0.52478,8.08,1.32,-23.84,38.35,3.51,-56.39
13,64,0.53351,8.55,1.35,-24.33,54.20,3.85,-56.29
13,65,0.54169,9.03,1.39,-24.82,58.21,4.10,-59.70
13,66,0.54974,9.66,1.42,-25.27,78.41,4.36,-55.30
13,67,0.55847,10.29,1.46,-25.71,72.38,3.95,-50.70
13,68,0.56677,11.09,1.49,-26.10,96.32,4.30,-46.69
13,69,0.57507,11.89,1.53,-26.48,96.32,4.28,-46.69
13,70,0.58325,12.69,1.56,-26.87,97.76,4.34,-47.39
13,71,0.59149,13.49,1.60,-27.26,97.04,4.32,-47.04
13,72,0.59991,14.42,1.63,-27.55,110.51,3.99,-34.42
13,73,0.60846,15.35,1.67,-27.84,108.93,3.92,-33.93
13,74,0.61700,16.28,1.70,-28.13,108.93,3.92,-33.93
13,75,0.62524,17.21,1.73,-28.42,112.96,4.11,-35.19
13,76,0.63354,18.15,1.77,-28.71,112.13,4.04,-34.93
13,77,0.64160,19.08,1.80,-29.00,115.53,4.16,-35.98
13,78,0.64984,20.01,1.84,-29.29,112.96,4.10,-35.19
13,79,0.65826,20.94,1.87,-29.58,110.51,3.99,-34.42
13,80,0.66699,21.69,1.90,-29.96,86.36,3.92,-43.71
13,81,0.67523,22.44,1.94,-30.34,91.11,4.17,-46.30
13,82,0.68323,23.01,1.97,-30.79,70.99,4.18,-55.73
13,83,0.69177,23.57,2.00,-31.23,66.07,3.91,-52.14
13,84,0.70032,23.99,2.03,-31.67,48.57,3.48,-51.07
13,85,0.70856,24.40,2.06,-32.10,50.37,3.60,-52.96
13,86,0.71686,24.82,2.09,-32.54,50.00,3.61,-52.57
13,87,0.72504,25.23,2.12,-32.98,50.75,3.63,-53.36
13,88,0.73352,25.78,2.15,-33.29,64.03,3.13,-37.05
13,89,0.74170,26.32,2.18,-33.61,66.42,3.27,-38.43
13,90,0.75006,26.86,2.20,-33.92,64.96,3.18,-37.59
13,91,0.75842,27.41,2.23,-34.23,64.96,3.20,-37.59
13,92,0.76678,27.95,2.26,-34.55,64.96,3.18,-37.59
13,93,0.77521,28.49,2.28,-34.86,64.49,3.17,-37.32
13,94,0.78351,29.04,2.31,-35.18,65.44,3.20,-37.87
13,95,0.79187,29.58,2.34,-35.49,64.60,3.17,-37.59
13,96,0.79999,29.97,2.36,-35.77,48.50,2.69,-34.59
13,97,0.80859,30.36,2.38,-36.05,45.74,2.54,-32.62
13,98,0.81689,30.76,2.40,-36.33,47.43,2.64,-33.82
13,99,0.82520,31.15,2.42,-36.61,46.69,2.62,-33.82
13,100,0.83331,31.35,2.44,-36.87,24.81,2.02,-31.20
13,101,0.84174,31.55,2.46,-37.12,23.91,1.96,-30.07
13,102,0.85004,31.75,2.47,-37.37,24.26,1.98,-30.51
13,103,0.85883,31.95,2.49,-37.63,22.57,1.87,-28.82
13,104,0.86682,32.00,2.50,-37.88,6.11,1.67,-32.06
13,105,0.87531,32.05,2.52,-38.14,5.76,1.58,-30.22
13,106,0.88336,32.10,2.53,-38.40,6.06,1.65,-31.82
13,107,0.89166,32.14,2.54,-38.65,5.88,1.60,-30.51
13,108,0.90009,32.11,2.55,-38.88,-4.35,1.19,-26.81
13,109,0.90851,32.07,2.56,-39.10,-4.35,1.20,-26.81
13,110,0.91699,32.03,2.57,-39.33,-4.32,1.19,-26.62
13,111,0.92493,32.00,2.58,-39.55,-4.62,1.28,-28.46
13,112,0.93341,31.96,2.59,-39.78,-4.32,1.22,-26.62
13,113,0.94177,31.92,2.60,-40.01,-4.38,1.21,-27.01
13,114,0.95007,31.89,2.61,-40.23,-4.41,1.22,-27.21
13,115,0.95850,31.85,2.62,-40.45,-4.35,1.18,-26.45
13,116,0.96716,31.74,2.63,-40.57,-13.38,0.37,-13.73
13,117,0.97510,31.62,2.63,-40.69,-14.62,0.41,-15.00
13,118,0.98328,31.50,2.63,-40.81,-14.18,0.40,-14.55
13,119,0.99158,31.39,2.64,-40.93,-13.97,0.39,-14.34
13,120,0.99982,31.27,2.64,-41.05,-14.07,0.40,-14.44
13,121,1.00818,31.15,2.64,-41.17,-14.23,0.41,-14.23
13,122,1.01672,30.97,2.64,-41.20,-21.07,-0.27,-3.57
13,123,1.02496,30.79,2.64,-41.23,-21.85,-0.30,-3.70
13,124,1.03314,30.61,2.64,-41.26,-22.01,-0.28,-3.73
13,125,1.04156,30.43,2.63,-41.29,-21.38,-0.26,-3.62
13,126,1.05017,30.25,2.63,-41.32,-20.92,-0.29,-3.55
13,127,1.05823,30.07,2.63,-41.35,-22.35,-0.30,-3.41
13,128,1.06671,29.82,2.62,-41.26,-30.22,-1.13,10.07
13,129,1.07501,29.56,2.61,-41.18,-30.88,-1.15,10.29
13,130,1.08350,29.30,2.60,-41.09,-30.22,-1.11,10.07
13,131,1.09143,29.05,2.59,-41.01,-32.31,-1.20,10.77
13,132,1.10004,28.79,2.58,-40.92,-29.79,-1.10,9.93
13,133,1.10834,28.53,2.57,-40.84,-30.88,-1.15,10.29
13,134,1.11688,28.28,2.56,-40.75,-30.00,-1.11,10.00
13,135,1.12482,28.02,2.55,-40.66,-32.31,-1.22,11.15
13,136,1.13348,27.69,2.54,-40.44,-38.03,-2.00,25.00
13,137,1.14166,27.36,2.52,-40.23,-40.30,-2.13,26.49
13,138,1.15021,27.03,2.50,-40.01,-38.57,-2.04,25.36
13,139,1.15839,26.70,2.48,-39.79,-40.30,-2.13,26.49
13,140,1.16675,26.37,2.47,-39.58,-39.42,-2.09,25.91
13,141,1.17499,26.04,2.45,-39.36,-40.00,-2.10,26.30
13,142,1.18329,25.71,2.43,-39.14,-39.71,-2.10,26.10
13,143,1.19159,25.38,2.41,-38.93,-39.71,-2.10,26.10
13,144,1.20001,25.05,2.40,-38.71,-39.13,-2.06,25.72
13,145,1.20831,24.73,2.38,-38.49,-39.71,-2.09,26.10
13,146,1.21661,24.40,2.36,-38.28,-39.71,-2.10,26.10
13,147,1.22485,24.07,2.34,-38.06,-40.00,-2.11,26.30
13,148,1.23340,23.74,2.33,-37.84,-38.57,-2.04,25.36
13,149,1.24188,23.41,2.31,-37.63,-38.85,-2.05,25.54
13,150,1.25000,23.08,2.29,-37.41,-40.60,-2.14,26.69
13,151,1.25854,22.75,2.27,-37.19,-38.57,-2.04,25.36
13,152,1.26672,22.49,2.26,-37.00,-31.34,-1.82,23.88
13,153,1.27515,22.24,2.25,-36.80,-30.43,-1.75,23.19
13,154,1.28357,21.98,2.23,-36.61,-30.43,-1.75,23.19
13,155,1.29169,21.72,2.22,-36.41,-31.58,-1.83,24.06
13,156,1.30035,21.47,2.20,-36.22,-29.58,-1.72,22.54
13,157,1.30878,21.21,2.19,-36.02,-30.43,-1.74,23.19
13,158,1.31683,20.95,2.17,-35.83,-31.82,-1.86,24.24
13,159,1.32526,20.70,2.16,-35.63,-30.07,-1.74,23.19
13,160,1.33337,20.54,2.15,-35.50,-20.30,-1.20,15.79
13,161,1.34155,20.37,2.14,-35.38,-20.15,-1.18,15.67
13,162,1.34998,20.21,2.13,-35.25,-19.57,-1.14,15.22
13,163,1.35846,20.04,2.12,-35.12,-19.42,-1.14,15.11
13,164,1.36688,19.88,2.11,-34.99,-19.57,-1.15,15.22
13,165,1.37506,19.72,2.10,-34.87,-19.40,-1.16,15.30
13,166,1.38342,19.66,2.10,-34.84,-6.57,-0.26,2.92
13,167,1.39178,19.61,2.09,-34.82,-6.57,-0.28,2.92
13,168,1.40015,19.55,2.09,-34.79,-6.57,-0.30,2.92
13,169,1.40833,19.50,2.09,-34.77,-6.34,-0.25,2.61
13,170,1.41742,19.51,2.10,-34.89,1.34,0.66,-13.09
13,171,1.42505,19.53,2.10,-35.01,1.60,0.79,-15.60
13,172,1.43353,19.54,2.11,-35.13,1.44,0.71,-14.03
13,173,1.44171,19.55,2.11,-35.25,1.87,0.73,-14.55
13,174,1.44995,19.60,2.12,-35.43,5.93,1.18,-21.85
13,175,1.45850,19.65,2.13,-35.61,5.71,1.15,-21.07
13,176,1.46704,19.70,2.14,-35.79,5.71,1.12,-21.07
14,0,0.00000,0.00,0.00,0.00,54.74,4.82,-75.91
14,1,0.00836,0.46,0.04,-0.63,54.74,4.83,-75.91
14,2,0.01672,1.03,0.10,-1.67,68.98,7.41,-123.72
14,3,0.02539,1.61,0.16,-2.70,66.55,7.16,-119.37
14,4,0.03308,2.19,0.23,-3.74,75.00,8.07,-134.52
14,5,0.04144,2.76,0.29,-4.77,68.98,7.42,-123.72
14,6,0.04980,3.34,0.35,-5.81,68.98,7.44,-123.72
14,7,0.05835,3.92,0.41,-6.84,67.50,7.25,-121.07
14,8,0.06671,4.50,0.47,-7.88,68.98,7.44,-123.72
14,9,0.07471,5.07,0.54,-8.91,72.14,7.77,-129.39
14,10,0.08319,5.65,0.60,-9.95,67.99,7.32,-121.94
14,11,0.09167,6.23,0.66,-10.98,67.99,7.31,-121.94
14,12,0.09991,6.80,0.72,-12.01,70.00,7.55,-125.56
14,13,0.10840,7.38,0.79,-13.05,67.99,7.31,-121.94
14,14,0.11707,7.70,0.83,-13.90,37.32,5.52,-97.89
14,15,0.12506,8.03,0.88,-14.75,40.46,5.96,-106.11
14,16,0.13373,8.24,0.92,-15.48,25.00,4.65,-85.21
14,17,0.14166,8.46,0.96,-16.22,27.31,5.05,-93.08
14,18,0.15045,8.53,0.99,-16.86,8.33,3.69,-72.92
14,19,0.15863,8.61,1.03,-17.50,8.96,3.98,-78.36
14,20,0.16681,8.56,1.05,-17.97,-5.97,2.65,-57.46
14,21,0.17554,8.51,1.07,-18.44,-5.59,2.48,-53.85
14,22,0.18311,8.46,1.09,-18.91,-6.45,2.85,-62.10
14,23,0.19153,8.41,1.11,-19.38,-5.80,2.56,-55.80
14,24,0.19989,8.25,1.13,-19.75,-19.71,1.72,-43.80
14,25,0.20892,8.08,1.14,-20.12,-18.24,1.57,-40.54
14,26,0.21674,7.92,1.16,-20.48,-21.09,1.81,-46.88
14,27,0.22510,7.75,1.17,-20.85,-19.71,1.71,-43.80
14,28,0.23334,7.39,1.18,-21.26,-43.33,1.50,-50.37
14,29,0.24213,7.04,1.19,-21.68,-40.62,1.42,-47.22
14,30,0.25031,6.68,1.21,-22.09,-43.66,1.54,-50.75
14,31,0.25830,6.32,1.22,-22.51,-44.66,1.56,-51.91
14,32,0.26666,5.88,1.23,-22.88,-52.55,1.04,-44.53
14,33,0.27515,5.44,1.24,-23.25,-51.80,1.03,-43.88
14,34,0.28333,5.00,1.25,-23.63,-53.73,1.06,-45.52
14,35,0.29175,4.56,1.25,-24.00,-53.26,1.04,-44.57
14,36,0.30048,4.24,1.26,-24.15,-36.36,0.06,-17.13
14,37,0.30872,3.92,1.26,-24.30,-38.15,0.04,-17.41
14,38,0.31689,3.73,1.25,-24.18,-23.88,-1.18,13.81
14,39,0.32507,3.54,1.24,-24.06,-23.51,-1.19,14.55
14,40,0.33331,3.50,1.22,-23.73,-4.07,-2.03,40.37
14,41,0.34186,3.48,1.20,-23.40,-3.21,-1.95,38.93
14,42,0.35004,3.72,1.19,-23.11,29.85,-1.07,35.45
14,43,0.35876,3.96,1.19,-22.82,27.97,-1.03,33.22
14,44,0.36719,4.21,1.18,-22.53,28.99,-1.04,34.42
14,45,0.37537,4.45,1.17,-22.24,29.48,-1.08,35.45
14,46,0.38342,4.54,1.16,-22.03,10.98,-1.04,25.76
14,47,0.39178,4.63,1.15,-21.82,10.95,-0.97,25.18
14,48,0.40045,4.72,1.14,-21.61,10.21,-0.94,23.94
14,49,0.40887,4.80,1.13,-21.41,10.14,-0.94,23.55
14,50,0.41724,4.83,1.13,-21.37,3.28,-0.21,5.84
14,51,0.42542,4.86,1.13,-21.32,3.36,-0.21,5.97
14,52,0.43384,4.89,1.13,-21.27,3.26,-0.22,5.80
14,53,0.44177,4.91,1.13,-21.23,3.46,-0.16,5.00
14,54,0.45038,4.97,1.14,-21.37,7.09,0.97,-17.02
14,55,0.45868,5.04,1.15,-21.52,7.35,1.02,-17.65
14,56,0.46704,5.10,1.15,-21.67,7.30,0.99,-17.52
14,57,0.47546,5.16,1.16,-21.82,7.61,1.04,-18.12
14,58,0.48395,5.33,1.18,-22.11,19.78,2.07,-34.17
14,59,0.49225,5.50,1.20,-22.41,20.96,2.16,-35.66
14,60,0.50043,5.78,1.23,-22.88,34.33,3.51,-57.84
14,61,0.50909,6.06,1.25,-23.35,32.39,3.30,-54.58
14,62,0.51770,6.34,1.28,-23.83,32.62,3.37,-55.32
14,63,0.52576,6.63,1.31,-24.30,35.61,3.60,-59.09
14,64,0.53375,7.07,1.35,-24.82,55.34,4.29,-64.89
14,65,0.54211,7.53,1.38,-25.34,54.01,4.12,-61.68
14,66,0.55035,8.13,1.42,-25.82,72.96,4.36,-58.52
14,67,0.55872,8.74,1.45,-26.30,72.99,4.30,-57.30
14,68,0.56702,9.51,1.49,-26.74,93.01,4.50,-52.57
14,69,0.57526,10.28,1.53,-27.17,93.70,4.52,-52.96
14,70,0.58380,11.05,1.57,-27.61,90.36,4.39,-51.07
14,71,0.59186,11.83,1.60,-28.04,96.97,4.61,-53.41
14,72,0.60071,12.75,1.64,-28.38,103.10,4.06,-38.97
14,73,0.60889,13.66,1.67,-28.73,111.57,4.37,-42.16
14,74,0.61725,14.57,1.71,-29.07,109.12,4.29,-41.24
14,75,0.62518,15.48,1.75,-29.42,115.00,4.52,-43.46
14,76,0.63379,16.40,1.78,-29.76,106.03,4.16,-40.07
14,77,0.64191,17.31,1.82,-30.11,112.41,4.41,-42.48
14,78,0.65039,18.22,1.85,-30.45,107.55,4.26,-40.65
14,79,0.65918,19.13,1.89,-30.80,102.78,4.09,-39.93
14,80,0.66705,19.85,1.93,-31.23,92.64,4.57,-54.26
14,81,0.67560,20.57,1.96,-31.66,84.29,4.19,-50.36
14,82,0.68353,21.12,2.00,-32.14,68.08,4.35,-60.38
14,83,0.69202,21.65,2.03,-32.62,62.59,4.03,-56.47
14,84,0.70026,22.03,2.06,-33.08,47.04,3.70,-55.93
14,85,0.70929,22.42,2.09,-33.54,42.91,3.38,-51.01
14,86,0.71716,22.81,2.12,-34.00,49.22,3.84,-58.53
14,87,0.72589,23.20,2.15,-34.46,45.10,3.50,-52.45
14,88,0.73389,23.72,2.18,-34.81,65.27,3.48,-43.51
14,89,0.74231,24.25,2.21,-35.16,61.96,3.28,-41.30
14,90,0.75037,24.77,2.24,-35.50,64.77,3.45,-43.18
14,91,0.75891,25.29,2.26,-35.85,61.07,3.25,-40.71
14,92,0.76733,25.81,2.29,-36.20,61.96,3.30,-41.30
14,93,0.77539,26.33,2.32,-36.55,64.77,3.45,-43.18
14,94,0.78400,26.86,2.35,-36.90,60.64,3.23,-40.43
14,95,0.79193,27.37,2.37,-37.24,65.00,3.48,-43.46
14,96,0.80078,27.75,2.40,-37.55,42.41,2.56,-34.48
14,97,0.80896,28.12,2.42,-37.85,45.90,2.75,-37.31
14,98,0.81744,28.50,2.44,-38.16,44.24,2.67,-35.97
14,99,0.82532,28.86,2.46,-38.46,46.12,2.84,-38.37
14,100,0.83362,29.05,2.48,-38.72,22.43,1.99,-31.62
14,101,0.84216,29.23,2.50,-38.98,21.79,1.94,-30.71
14,102,0.85071,29.42,2.51,-39.25,21.79,1.95,-30.71
14,103,0.85944,29.60,2.53,-39.51,20.28,1.87,-30.07
14,104,0.86707,29.63,2.54,-39.76,4.40,1.71,-33.60
14,105,0.87567,29.66,2.56,-40.02,3.90,1.53,-29.79
14,106,0.88428,29.70,2.57,-40.28,3.90,1.52,-29.79
14,107,0.89215,29.73,2.58,-40.53,3.88,1.65,-32.56
14,108,0.90082,29.68,2.59,-40.76,-5.63,1.11,-25.70
14,109,0.90961,29.63,2.60,-40.98,-5.56,1.12,-25.35
14,110,0.91785,29.58,2.61,-41.20,-5.93,1.19,-27.04
14,111,0.92548,29.53,2.62,-41.42,-6.40,1.26,-29.20
14,112,0.93384,29.48,2.63,-41.65,-5.84,1.18,-26.64
14,113,0.94250,29.43,2.64,-41.87,-5.63,1.11,-25.70
14,114,0.95062,29.39,2.65,-42.09,-6.02,1.19,-27.44
14,115,0.95874,29.33,2.66,-42.31,-6.39,1.18,-26.69
14,116,0.96680,29.21,2.66,-42.42,-15.53,0.33,-14.02
14,117,0.97540,29.08,2.67,-42.54,-14.54,0.35,-13.12
14,118,0.98383,28.96,2.67,-42.65,-14.86,0.31,-13.41
14,119,0.99225,28.83,2.67,-42.76,-14.86,0.35,-13.41
14,120,1.00061,28.71,2.67,-42.87,-14.96,0.34,-13.50
14,121,1.00885,28.58,2.68,-42.98,-15.56,0.28,-12.96
14,122,1.01703,28.40,2.67,-43.00,-22.01,-0.34,-2.61
14,123,1.02551,28.22,2.67,-43.02,-21.22,-0.34,-2.52
14,124,1.03369,28.04,2.67,-43.05,-22.01,-0.31,-2.61
14,125,1.04218,27.86,2.67,-43.07,-21.22,-0.34,-2.52
14,126,1.05066,27.68,2.66,-43.09,-21.22,-0.31,-2.52
14,127,1.05865,27.50,2.66,-43.10,-22.90,-0.41,-1.53
14,128,1.06732,27.25,2.65,-43.00,-28.87,-1.18,11.62
14,129,1.07538,27.00,2.64,-42.90,-31.06,-1.24,12.50
14,130,1.08368,26.75,2.63,-42.80,-30.15,-1.24,12.13
14,131,1.09198,26.50,2.62,-42.70,-30.15,-1.21,12.13
14,132,1.10059,26.25,2.61,-42.60,-29.08,-1.20,11.70
14,133,1.10876,25.99,2.60,-42.50,-30.60,-1.22,12.31
14,134,1.11700,25.74,2.59,-42.40,-30.37,-1.24,12.22
14,135,1.12537,25.49,2.58,-42.29,-30.29,-1.25,12.77
14,136,1.13385,25.18,2.56,-42.05,-37.05,-2.11,27.70
14,137,1.14203,24.86,2.54,-41.82,-38.43,-2.19,28.73
14,138,1.15070,24.55,2.52,-41.58,-36.27,-2.09,27.11
14,139,1.15918,24.23,2.51,-41.35,-37.41,-2.11,27.70
14,140,1.16760,23.90,2.49,-41.10,-39.49,-2.27,29.35
14,141,1.17615,23.58,2.47,-40.86,-37.50,-2.14,28.21
14,142,1.18414,23.26,2.45,-40.62,-39.31,-2.25,29.39
14,143,1.19257,22.95,2.43,-40.39,-37.32,-2.12,27.90
14,144,1.20099,22.63,2.42,-40.16,-37.32,-2.16,27.90
14,145,1.20978,22.32,2.40,-39.92,-35.76,-2.03,26.74
14,146,1.21747,22.01,2.38,-39.69,-40.87,-2.34,30.56
14,147,1.22614,21.69,2.36,-39.45,-36.27,-2.07,27.11
14,148,1.23431,21.38,2.34,-39.22,-38.43,-2.19,28.73
14,149,1.24255,21.06,2.33,-38.98,-38.15,-2.19,28.52
14,150,1.25134,20.75,2.31,-38.75,-35.76,-2.04,26.74
14,151,1.25940,20.44,2.29,-38.51,-37.88,-2.21,28.79
14,152,1.26788,20.20,2.27,-38.30,-28.78,-1.79,24.82
14,153,1.27612,19.96,2.26,-38.09,-29.63,-1.85,25.56
14,154,1.28436,19.71,2.24,-37.88,-29.63,-1.88,25.56
14,155,1.29285,19.47,2.23,-37.67,-28.78,-1.81,24.82
14,156,1.30127,19.22,2.21,-37.46,-28.99,-1.80,25.00
14,157,1.30969,18.98,2.20,-37.25,-28.99,-1.81,25.00
14,158,1.31793,18.73,2.18,-37.04,-29.63,-1.85,25.56
14,159,1.32623,18.50,2.17,-36.84,-27.94,-1.78,24.26
14,160,1.33435,18.35,2.16,-36.70,-19.17,-1.22,16.92
14,161,1.34253,18.19,2.15,-36.56,-19.03,-1.19,16.79
14,162,1.35083,18.04,2.14,-36.43,-18.75,-1.21,16.54
14,163,1.35944,17.88,2.13,-36.29,-18.09,-1.15,15.96
14,164,1.36768,17.72,2.12,-36.15,-18.89,-1.18,16.67
14,165,1.37634,17.58,2.11,-36.03,-16.55,-1.06,14.44
14,166,1.38452,17.53,2.11,-36.00,-6.34,-0.30,3.36
14,167,1.39264,17.48,2.10,-35.97,-6.39,-0.31,3.38
14,168,1.40143,17.43,2.10,-35.94,-5.90,-0.27,3.12
14,169,1.40973,17.38,2.10,-35.93,-5.51,-0.18,1.10
14,170,1.41772,17.39,2.11,-36.05,0.76,0.74,-14.89
14,171,1.42633,17.39,2.11,-36.17,0.71,0.69,-13.83
14,172,1.43457,17.40,2.12,-36.29,0.74,0.71,-14.44
14,173,1.44275,17.41,2.12,-36.42,1.12,0.78,-15.67
14,174,1.45105,17.45,2.13,-36.60,4.78,1.17,-22.06
14,175,1.45947,17.49,2.14,-36.79,4.71,1.15,-21.74
14,176,1.46790,17.53,2.15,-36.97,4.71,1.15,-21.74
15,0,0.00000,0.00,0.00,0.00,61.57,26.83,-73.13
15,1,0.00812,0.50,0.22,-0.60,62.03,27.13,-73.68
15,2,0.01642,1.15,0.56,-1.59,78.31,40.92,-119.49
15,3,0.02478,1.80,0.90,-2.58,77.74,40.53,-118.61
15,4,0.03320,2.45,1.24,-3.57,77.17,40.14,-117.75
15,5,0.04169,3.10,1.58,-4.57,76.62,39.95,-116.91
15,6,0.05029,3.75,1.91,-5.56,75.53,39.38,-115.25
15,7,0.05835,4.40,2.25,-6.55,80.68,41.97,-123.11
15,8,0.06665,5.05,2.59,-7.54,78.31,40.93,-119.49
15,9,0.07532,5.70,2.99,-8.53,75.00,45.52,-114.44
15,10,0.08319,6.36,3.29,-9.53,82.95,38.98,-126.36
15,11,0.09137,7.01,3.60,-10.52,79.48,37.12,-121.27
15,12,0.09961,7.66,3.88,-11.51,78.89,33.95,-120.37
15,13,0.10840,8.31,4.13,-12.50,73.96,28.30,-112.50
15,14,0.11639,8.69,4.29,-13.32,48.09,20.34,-102.67
15,15,0.12494,9.08,4.44,-14.14,45.00,17.69,-96.07
15,16,0.13318,9.34,4.55,-14.86,32.59,13.43,-87.41
15,17,0.14154,9.61,4.65,-15.58,32.12,12.10,-86.13
15,18,0.14990,9.74,4.72,-16.22,14.60,8.42,-75.91
15,19,0.15820,9.86,4.79,-16.85,14.71,7.77,-76.47
15,20,0.16656,9.84,4.82,-17.32,-1.46,4.30,-56.57
15,21,0.17480,9.83,4.86,-17.80,-1.48,4.45,-57.41
15,22,0.18353,9.82,4.90,-18.27,-1.40,4.38,-54.20
15,23,0.19165,9.81,4.93,-18.74,-1.88,4.62,-58.27
15,24,0.19971,9.67,4.96,-19.12,-17.05,3.02,-46.59
15,25,0.20819,9.53,4.98,-19.49,-16.19,2.85,-44.24
15,26,0.21667,9.39,5.01,-19.87,-16.19,2.84,-44.24
15,27,0.22498,9.26,5.03,-20.25,-16.54,2.83,-45.22
15,28,0.23358,8.93,5.05,-20.69,-37.94,2.39,-51.42
15,29,0.24152,8.60,5.07,-21.13,-41.15,2.59,-55.77
15,30,0.24994,8.28,5.09,-21.57,-38.77,2.41,-52.54
15,31,0.25830,7.95,5.11,-22.02,-39.05,2.44,-52.92
15,32,0.26685,7.54,5.13,-22.42,-48.21,1.55,-47.14
15,33,0.27533,7.13,5.14,-22.82,-48.56,1.56,-47.48
15,34,0.28339,6.71,5.15,-23.22,-51.14,1.64,-50.00
15,35,0.29181,6.30,5.17,-23.63,-48.91,1.55,-47.83
15,36,0.30048,6.00,5.16,-23.80,-35.21,-0.07,-19.72
15,37,0.30847,5.69,5.16,-23.97,-38.17,-0.08,-21.37
15,38,0.31671,5.49,5.15,-23.87,-24.81,-2.18,11.85
15,39,0.32477,5.28,5.13,-23.77,-25.38,-2.19,12.50
15,40,0.33331,5.22,5.10,-23.44,-6.79,-3.50,38.57
15,41,0.34180,5.17,5.07,-23.11,-6.83,-3.50,38.85
15,42,0.34991,5.39,5.05,-22.80,27.44,-1.76,37.97
15,43,0.35840,5.61,5.04,-22.49,26.26,-1.66,36.33
15,44,0.36719,5.83,5.03,-22.19,25.35,-1.67,35.07
15,45,0.37482,6.06,5.01,-21.88,29.20,-1.88,40.40
15,46,0.38324,6.13,5.00,-21.66,9.06,-1.66,25.36
15,47,0.39191,6.21,4.98,-21.45,8.45,-1.59,24.65
15,48,0.40009,6.28,4.97,-21.24,8.96,-1.73,26.12
15,49,0.40833,6.35,4.96,-21.03,8.89,-1.64,25.56
15,50,0.41687,6.38,4.95,-20.97,2.86,-0.36,6.07
15,51,0.42523,6.40,4.95,-20.92,2.92,-0.37,6.20
15,52,0.43335,6.43,4.95,-20.87,3.01,-0.38,6.39
15,53,0.44171,6.45,4.94,-20.82,2.92,-0.34,5.84
15,54,0.44983,6.52,4.96,-20.96,8.65,1.83,-17.29
15,55,0.45856,6.59,4.97,-21.10,8.04,1.72,-16.08
15,56,0.46680,6.66,4.99,-21.24,8.52,1.74,-17.04
15,57,0.47528,6.74,5.00,-21.39,8.63,1.80,-16.91
15,58,0.48395,6.92,5.04,-21.66,21.83,3.64,-31.69
15,59,0.49158,7.12,5.07,-21.94,25.20,4.16,-36.40
15,60,0.50031,7.43,5.12,-22.39,36.01,5.92,-51.75
15,61,0.50842,7.75,5.17,-22.84,38.72,6.38,-55.64
15,62,0.51672,8.06,5.22,-23.29,37.87,6.25,-54.41
15,63,0.52490,8.37,5.27,-23.75,38.43,6.32,-55.22
15,64,0.53326,8.85,5.34,-24.23,57.30,7.44,-58.03
15,65,0.54144,9.34,5.40,-24.72,58.96,7.65,-59.33
15,66,0.54987,9.97,5.47,-25.15,75.36,7.85,-51.81
15,67,0.55823,10.61,5.53,-25.59,76.28,7.88,-52.19
15,68,0.56683,11.41,5.60,-25.97,93.26,8.05,-43.97
15,69,0.57501,12.21,5.67,-26.35,98.13,8.44,-46.27
15,70,0.58313,13.02,5.74,-26.72,98.87,8.53,-46.62
15,71,0.59180,13.82,5.81,-27.10,92.96,7.98,-43.66
15,72,0.59979,14.76,5.87,-27.38,117.18,8.41,-34.73
15,73,0.60846,15.70,5.94,-27.66,108.10,7.80,-32.04
15,74,0.61719,16.63,6.01,-27.94,107.34,7.73,-31.82
15,75,0.62488,17.57,6.08,-28.21,121.83,8.74,-36.11
15,76,0.63330,18.51,6.14,-28.49,111.23,8.01,-32.97
15,77,0.64166,19.44,6.21,-28.77,112.04,8.04,-33.21
15,78,0.64966,20.38,6.28,-29.05,117.18,8.43,-34.73
15,79,0.65845,21.31,6.35,-29.32,106.25,7.63,-31.60
15,80,0.66644,22.07,6.41,-29.70,94.66,8.32,-46.56
15,81,0.67493,22.83,6.48,-30.07,89.21,7.80,-43.88
15,82,0.68317,23.40,6.54,-30.51,69.63,7.71,-53.70
15,83,0.69165,23.97,6.61,-30.95,67.27,7.42,-51.80
15,84,0.69983,24.39,6.66,-31.38,51.12,6.74,-52.99
15,85,0.70819,24.81,6.72,-31.82,50.00,6.61,-51.82
15,86,0.71661,25.23,6.77,-32.25,49.64,6.59,-51.45
15,87,0.72491,25.65,6.83,-32.68,50.74,6.65,-51.84
15,88,0.73334,26.19,6.88,-32.99,64.86,6.06,-36.59
15,89,0.74152,26.74,6.93,-33.30,66.79,6.27,-37.69
15,90,0.74982,27.29,6.98,-33.61,65.81,6.15,-37.13
15,91,0.75830,27.83,7.03,-33.91,64.39,6.06,-36.33
15,92,0.76727,28.38,7.08,-34.22,60.88,5.67,-34.35
15,93,0.77478,28.92,7.13,-34.53,72.76,6.85,-41.06
15,94,0.78351,29.47,7.19,-34.84,62.94,5.89,-35.66
15,95,0.79163,30.02,7.24,-35.15,66.92,6.27,-37.97
15,96,0.80005,30.41,7.28,-35.42,47.10,4.93,-32.61
15,97,0.80835,30.81,7.32,-35.70,47.79,4.97,-33.09
15,98,0.81659,31.21,7.36,-35.97,48.15,5.04,-33.33
15,99,0.82495,31.60,7.40,-36.25,46.72,4.89,-32.85
15,100,0.83319,31.80,7.43,-36.50,24.81,3.63,-30.37
15,101,0.84155,32.01,7.46,-36.75,24.45,3.65,-29.93
15,102,0.85004,32.21,7.49,-37.00,24.10,3.55,-29.50
15,103,0.85840,32.41,7.52,-37.25,24.09,3.58,-29.93
15,104,0.86652,32.46,7.54,-37.50,6.39,2.84,-31.20
15,105,0.87488,32.52,7.57,-37.76,6.20,2.77,-30.29
15,106,0.88342,32.57,7.59,-38.01,6.07,2.71,-29.64
15,107,0.89154,32.62,7.61,-38.26,6.39,2.86,-31.20
15,108,0.89996,32.59,7.63,-38.49,-3.99,1.95,-26.81
15,109,0.90839,32.55,7.65,-38.71,-3.99,1.98,-26.81
15,110,0.91675,32.52,7.66,-38.94,-4.01,2.02,-27.01
15,111,0.92493,32.49,7.68,-39.17,-4.10,2.06,-27.61
15,112,0.93329,32.45,7.70,-39.39,-4.01,1.99,-27.01
15,113,0.94183,32.42,7.71,-39.62,-3.93,1.97,-26.43
15,114,0.94983,32.39,7.73,-39.84,-4.20,2.11,-28.24
15,115,0.95837,32.35,7.75,-40.07,-3.93,1.92,-26.07
15,116,0.96655,32.24,7.75,-40.19,-14.18,0.57,-14.93
15,117,0.97491,32.12,7.76,-40.31,-13.87,0.53,-14.60
15,118,0.98346,32.00,7.76,-40.43,-13.57,0.52,-14.29
15,119,0.99182,31.89,7.77,-40.55,-13.87,0.53,-14.60
15,120,0.99994,31.77,7.77,-40.68,-14.29,0.50,-15.04
15,121,1.00842,31.66,7.77,-40.80,-13.67,0.49,-14.03
15,122,1.01666,31.48,7.77,-40.83,-21.85,-0.69,-4.07
15,123,1.02509,31.30,7.76,-40.86,-21.38,-0.68,-3.99
15,124,1.03326,31.12,7.76,-40.90,-22.01,-0.74,-4.10
15,125,1.04175,30.94,7.75,-40.93,-21.22,-0.69,-3.96
15,126,1.05023,30.76,7.74,-40.96,-21.22,-0.69,-3.96
15,127,1.05853,30.58,7.74,-40.99,-21.69,-0.76,-3.68
15,128,1.06677,30.32,7.72,-40.91,-31.11,-2.28,10.00
15,129,1.07507,30.06,7.70,-40.83,-30.88,-2.31,9.93
15,130,1.08344,29.81,7.68,-40.75,-30.66,-2.23,9.85
15,131,1.09161,29.55,7.66,-40.66,-31.34,-2.32,10.07
15,132,1.10004,29.29,7.64,-40.58,-30.43,-2.23,9.78
15,133,1.10840,29.04,7.62,-40.50,-30.66,-2.30,9.85
15,134,1.11658,28.78,7.61,-40.42,-31.34,-2.30,10.07
15,135,1.12500,28.52,7.59,-40.33,-30.43,-2.29,10.14
15,136,1.13348,28.19,7.55,-40.12,-39.21,-3.91,24.82
15,137,1.14197,27.86,7.52,-39.91,-39.21,-3.90,24.82
15,138,1.14984,27.53,7.49,-39.70,-42.25,-4.16,26.74
15,139,1.15833,27.19,7.45,-39.49,-39.21,-3.91,24.82
15,140,1.16681,26.86,7.42,-39.28,-39.21,-3.88,24.82
15,141,1.17499,26.53,7.39,-39.07,-40.67,-4.05,25.75
15,142,1.18341,26.20,7.36,-38.86,-39.49,-3.89,25.00
15,143,1.19196,25.86,7.32,-38.65,-38.93,-3.88,24.64
15,144,1.20081,25.53,7.29,-38.44,-37.59,-3.77,23.79
15,145,1.20831,25.20,7.26,-38.23,-44.31,-4.41,28.05
15,146,1.21674,24.87,7.22,-38.02,-39.49,-3.89,25.00
15,147,1.22498,24.53,7.19,-37.81,-40.37,-4.02,25.56
15,148,1.23315,24.20,7.16,-37.59,-40.67,-4.05,25.75
15,149,1.24146,23.87,7.12,-37.38,-40.07,-3.99,25.37
15,150,1.25110,23.54,7.09,-37.17,-34.49,-3.38,21.84
15,151,1.25824,23.21,7.06,-36.96,-46.15,-4.62,29.49
15,152,1.26666,22.95,7.03,-36.77,-30.80,-3.34,22.83
15,153,1.27509,22.69,7.00,-36.58,-30.80,-3.34,22.83
15,154,1.28351,22.42,6.97,-36.38,-31.16,-3.39,23.19
15,155,1.29175,22.16,6.95,-36.19,-31.48,-3.37,23.33
15,156,1.30005,21.91,6.92,-36.00,-31.25,-3.41,23.16
15,157,1.30847,21.65,6.89,-35.81,-30.80,-3.32,22.83
15,158,1.31665,21.39,6.86,-35.61,-31.72,-3.44,23.51
15,159,1.32538,21.13,6.83,-35.42,-29.37,-3.21,22.03
15,160,1.33337,20.97,6.82,-35.30,-20.61,-2.22,15.65
15,161,1.34155,20.80,6.80,-35.17,-20.15,-2.24,15.30
15,162,1.34991,20.64,6.78,-35.05,-19.71,-2.17,14.96
15,163,1.35834,20.47,6.76,-34.92,-19.57,-2.11,14.86
15,164,1.36682,20.31,6.74,-34.80,-19.42,-2.16,14.75
15,165,1.37524,20.14,6.73,-34.67,-19.20,-2.06,14.49
15,166,1.38354,20.09,6.72,-34.65,-6.62,-0.56,2.94
15,167,1.39203,20.03,6.72,-34.63,-6.47,-0.59,2.88
15,168,1.40039,19.98,6.71,-34.60,-6.57,-0.55,2.92
15,169,1.40857,19.93,6.71,-34.58,-6.34,-0.49,2.61
15,170,1.41699,19.94,6.72,-34.70,1.81,1.26,-14.13
15,171,1.42529,19.96,6.73,-34.82,1.84,1.22,-14.34
15,172,1.43353,19.97,6.74,-34.94,1.85,1.25,-14.44
15,173,1.44226,19.99,6.75,-35.06,1.75,1.20,-13.64
15,174,1.45007,20.04,6.77,-35.24,6.64,2.23,-23.05
15,175,1.45856,20.09,6.78,-35.42,6.12,2.01,-21.22
15,176,1.46674,20.14,6.80,-35.60,6.34,2.09,-22.01
16,0,0.00000,0.00,0.00,0.00,55.48,4.46,-68.15
16,1,0.00836,0.49,0.04,-0.61,59.12,4.73,-72.63
16,2,0.01617,1.13,0.10,-1.61,81.25,7.92,-128.12
16,3,0.02441,1.76,0.16,-2.61,77.04,7.49,-121.48
16,4,0.03278,2.40,0.22,-3.61,75.91,7.38,-119.71
16,5,0.04108,3.03,0.29,-4.61,76.47,7.44,-120.59
16,6,0.05023,3.67,0.35,-5.61,69.33,6.74,-109.33
16,7,0.05829,4.30,0.41,-6.61,78.79,7.66,-124.24
16,8,0.06616,4.94,0.47,-7.61,80.62,7.83,-127.13
16,9,0.07452,5.57,0.53,-8.62,75.91,7.38,-119.71
16,10,0.08289,6.21,0.59,-9.62,75.91,7.38,-119.71
16,11,0.09125,6.84,0.66,-10.62,75.91,7.38,-119.71
16,12,0.09998,7.48,0.72,-11.62,72.73,7.08,-114.69
16,13,0.10828,8.11,0.78,-12.62,76.47,7.43,-120.59
16,14,0.11621,8.48,0.83,-13.45,46.92,6.02,-104.23
16,15,0.12445,8.86,0.88,-14.27,45.19,5.79,-100.37
16,16,0.13293,9.12,0.92,-15.00,30.58,4.76,-85.25
16,17,0.14124,9.38,0.96,-15.72,31.25,4.85,-87.13
16,18,0.14954,9.49,0.99,-16.35,13.60,3.99,-76.47
16,19,0.15839,9.60,1.02,-16.99,12.76,3.75,-71.72
16,20,0.16675,9.58,1.04,-17.46,-2.55,2.65,-56.57
16,21,0.17450,9.56,1.07,-17.94,-2.76,2.92,-61.02
16,22,0.18298,9.54,1.09,-18.41,-2.52,2.62,-55.76
16,23,0.19122,9.52,1.11,-18.88,-2.59,2.72,-57.41
16,24,0.20007,9.37,1.13,-19.25,-16.21,1.72,-42.07
16,25,0.20789,9.23,1.14,-19.63,-18.36,1.91,-47.66
16,26,0.21686,9.09,1.16,-20.00,-15.99,1.66,-41.50
16,27,0.22473,8.94,1.17,-20.37,-18.22,1.90,-47.29
16,28,0.23291,8.61,1.19,-20.81,-40.67,1.71,-53.36
16,29,0.24127,8.28,1.20,-21.24,-39.78,1.68,-52.19
16,30,0.25024,7.94,1.21,-21.68,-37.07,1.58,-48.64
16,31,0.25793,7.61,1.23,-22.12,-43.25,1.83,-56.75
16,32,0.26685,7.19,1.24,-22.51,-46.92,1.16,-44.52
16,33,0.27460,6.77,1.25,-22.91,-53.94,1.33,-51.18
16,34,0.28296,6.36,1.26,-23.31,-50.00,1.25,-47.45
16,35,0.29138,5.93,1.27,-23.71,-50.36,1.22,-47.46
16,36,0.30017,5.62,1.27,-23.87,-35.07,0.19,-19.10
16,37,0.30847,5.32,1.27,-24.04,-36.76,0.16,-19.49
16,38,0.31635,5.12,1.26,-23.93,-25.58,-1.16,12.79
16,39,0.32465,4.92,1.25,-23.83,-24.26,-1.12,12.87
16,40,0.33319,4.86,1.24,-23.50,-6.07,-1.98,38.57
16,41,0.34137,4.82,1.22,-23.17,-5.97,-2.07,40.30
16,42,0.34979,5.04,1.21,-22.86,26.81,-1.20,36.23
16,43,0.35858,5.27,1.20,-22.56,25.69,-1.13,34.72
16,44,0.36639,5.49,1.19,-22.25,28.91,-1.27,39.06
16,45,0.37463,5.72,1.18,-21.95,27.04,-1.20,36.67
16,46,0.38312,5.79,1.17,-21.74,8.99,-1.02,24.82
16,47,0.39130,5.87,1.16,-21.53,9.33,-1.04,25.75
16,48,0.39966,5.94,1.15,-21.32,9.12,-1.03,25.18
16,49,0.40851,6.02,1.15,-21.11,8.62,-0.94,23.45
16,50,0.41693,6.05,1.14,-21.06,2.90,-0.25,6.16
16,51,0.42474,6.07,1.14,-21.01,3.12,-0.24,6.64
16,52,0.43298,6.09,1.14,-20.96,2.96,-0.24,6.30
16,53,0.44141,6.12,1.14,-20.91,2.90,-0.21,5.43
16,54,0.45020,6.19,1.15,-21.05,7.99,0.94,-15.97
16,55,0.45807,6.26,1.15,-21.19,8.91,1.06,-17.83
16,56,0.46698,6.33,1.16,-21.33,7.88,0.92,-15.75
16,57,0.47467,6.40,1.17,-21.48,9.13,1.10,-18.65
16,58,0.48309,6.59,1.19,-21.75,22.10,2.06,-32.97
16,59,0.49146,6.77,1.21,-22.03,22.63,2.09,-33.58
16,60,0.50006,7.08,1.23,-22.49,35.82,3.32,-53.19
16,61,0.50867,7.39,1.26,-22.95,35.82,3.33,-53.19
16,62,0.51648,7.70,1.29,-23.41,39.45,3.67,-58.59
16,63,0.52478,8.01,1.32,-23.86,37.50,3.43,-55.15
16,64,0.53320,8.48,1.35,-24.36,56.16,4.00,-58.33
16,65,0.54144,8.96,1.39,-24.85,57.78,4.10,-59.63
16,66,0.55011,9.59,1.42,-25.29,72.54,4.02,-51.41
16,67,0.55872,10.22,1.46,-25.74,73.40,4.05,-51.77
16,68,0.56647,11.02,1.49,-26.13,102.76,4.62,-50.39
16,69,0.57477,11.81,1.53,-26.52,95.96,4.26,-47.06
16,70,0.58325,12.61,1.56,-26.91,93.88,4.21,-46.04
16,71,0.59155,13.41,1.60,-27.30,96.32,4.29,-46.69
16,72,0.59991,14.34,1.63,-27.59,111.31,4.03,-35.04
16,73,0.60889,15.27,1.67,-27.88,103.74,3.76,-32.65
16,74,0.61713,16.20,1.70,-28.18,112.96,4.09,-35.56
16,75,0.62482,17.13,1.74,-28.47,121.03,4.40,-38.10
16,76,0.63324,18.06,1.77,-28.76,110.51,4.00,-34.78
16,77,0.64166,18.99,1.80,-29.06,110.51,4.00,-34.78
16,78,0.64996,19.92,1.84,-29.35,112.13,4.06,-35.29
16,79,0.65875,20.85,1.87,-29.64,105.56,3.84,-33.33
16,80,0.66718,21.61,1.90,-30.03,89.49,4.08,-45.65
16,81,0.67493,22.35,1.94,-30.41,96.46,4.43,-49.61
16,82,0.68329,22.92,1.97,-30.86,67.88,4.03,-53.65
16,83,0.69171,23.48,2.01,-31.31,66.67,3.98,-53.26
16,84,0.70001,23.90,2.04,-31.75,49.63,3.59,-52.94
16,85,0.70831,24.31,2.07,-32.19,49.63,3.60,-52.94
16,86,0.71716,24.72,2.10,-32.63,46.55,3.39,-49.66
16,87,0.72498,25.13,2.13,-33.06,53.12,3.82,-55.86
16,88,0.73346,25.67,2.15,-33.38,63.67,3.13,-37.41
16,89,0.74164,26.21,2.18,-33.70,66.04,3.27,-38.81
16,90,0.75043,26.75,2.21,-34.01,61.46,3.03,-36.11
16,91,0.75885,27.29,2.23,-34.33,64.13,3.19,-37.68
16,92,0.76666,27.84,2.26,-34.65,69.14,3.41,-40.62
16,93,0.77490,28.38,2.29,-34.97,65.56,3.23,-38.52
16,94,0.78333,28.92,2.31,-35.28,64.13,3.16,-37.68
16,95,0.79169,29.45,2.34,-35.60,64.23,3.18,-37.96
16,96,0.80011,29.84,2.36,-35.88,46.38,2.60,-33.33
16,97,0.80884,30.23,2.38,-36.16,44.76,2.50,-32.17
16,98,0.81677,30.62,2.40,-36.44,49.23,2.74,-35.38
16,99,0.82495,31.01,2.43,-36.72,47.39,2.65,-34.33
16,100,0.83337,31.21,2.44,-36.98,23.91,1.94,-30.07
16,101,0.84174,31.41,2.46,-37.23,24.09,1.96,-30.29
16,102,0.84998,31.62,2.48,-37.48,24.44,2.03,-30.74
16,103,0.85913,31.81,2.49,-37.74,21.33,1.78,-27.67
16,104,0.86725,31.86,2.51,-37.99,6.02,1.65,-31.58
16,105,0.87494,31.91,2.52,-38.25,6.35,1.72,-33.33
16,106,0.88330,31.96,2.53,-38.51,5.84,1.61,-30.66
16,107,0.89172,32.00,2.55,-38.76,5.43,1.57,-30.07
16,108,0.89996,31.97,2.56,-38.99,-4.44,1.23,-27.41
16,109,0.90881,31.93,2.57,-39.21,-4.14,1.14,-25.52
16,110,0.91730,31.89,2.58,-39.43,-4.32,1.16,-26.26
16,111,0.92499,31.86,2.59,-39.66,-4.76,1.31,-29.37
16,112,0.93341,31.82,2.60,-39.88,-4.35,1.18,-26.45
16,113,0.94183,31.78,2.61,-40.11,-4.35,1.22,-26.81
16,114,0.95026,31.75,2.62,-40.34,-4.35,1.20,-26.81
16,115,0.95831,31.71,2.63,-40.56,-4.55,1.24,-27.65
16,116,0.96729,31.59,2.63,-40.68,-12.93,0.36,-13.27
16,117,0.97504,31.48,2.63,-40.80,-14.96,0.41,-15.35
16,118,0.98352,31.36,2.64,-40.91,-13.67,0.40,-14.03
16,119,0.99176,31.25,2.64,-41.03,-14.07,0.39,-14.44
16,120,1.00024,31.13,2.64,-41.15,-13.67,0.42,-14.03
16,121,1.00897,31.01,2.65,-41.27,-13.64,0.36,-13.64
16,122,1.01666,30.83,2.64,-41.30,-23.41,-0.30,-3.97
16,123,1.02496,30.65,2.64,-41.33,-21.69,-0.30,-3.68
16,124,1.03339,30.47,2.64,-41.36,-21.38,-0.28,-3.62
16,125,1.04169,30.29,2.64,-41.39,-21.69,-0.26,-3.68
16,126,1.05029,30.11,2.63,-41.42,-20.92,-0.26,-3.55
16,127,1.05884,29.93,2.63,-41.45,-21.07,-0.31,-3.21
16,128,1.06671,29.68,2.62,-41.37,-32.17,-1.19,10.85
16,129,1.07501,29.43,2.61,-41.28,-30.51,-1.13,10.29
16,130,1.08337,29.17,2.60,-41.20,-30.29,-1.15,10.22
16,131,1.09174,28.92,2.59,-41.11,-30.29,-1.13,10.22
16,132,1.09998,28.67,2.58,-41.02,-30.74,-1.14,10.37
16,133,1.10901,28.41,2.57,-40.94,-28.04,-1.06,9.46
16,134,1.11743,28.16,2.57,-40.85,-30.07,-1.10,10.14
16,135,1.12500,27.90,2.56,-40.77,-33.87,-1.29,11.69
16,136,1.13336,27.57,2.54,-40.55,-39.42,-2.08,25.91
16,137,1.14178,27.24,2.52,-40.33,-39.13,-2.07,25.72
16,138,1.15002,26.91,2.50,-40.12,-40.00,-2.12,26.30
16,139,1.15894,26.58,2.49,-39.90,-36.99,-1.96,24.32
16,140,1.16730,26.25,2.47,-39.68,-39.42,-2.06,25.91
16,141,1.17505,25.92,2.45,-39.47,-42.52,-2.24,27.95
16,142,1.18347,25.60,2.43,-39.25,-39.13,-2.08,25.72
16,143,1.19183,25.27,2.42,-39.03,-39.42,-2.09,25.91
16,144,1.20044,24.94,2.40,-38.82,-38.30,-1.99,25.18
16,145,1.20837,24.61,2.38,-38.60,-41.54,-2.20,27.31
16,146,1.21747,24.28,2.36,-38.38,-36.24,-1.93,23.83
16,147,1.22510,23.95,2.35,-38.17,-43.20,-2.28,28.40
16,148,1.23346,23.62,2.33,-37.95,-39.42,-2.06,25.91
16,149,1.24176,23.29,2.31,-37.73,-39.71,-2.10,26.10
16,150,1.25031,22.96,2.29,-37.52,-38.57,-2.04,25.36
16,151,1.25916,22.63,2.28,-37.30,-36.90,-1.97,24.48
16,152,1.26685,22.38,2.26,-37.10,-33.33,-1.95,25.79
16,153,1.27515,22.12,2.25,-36.90,-30.88,-1.81,23.90
16,154,1.28351,21.86,2.23,-36.70,-30.66,-1.77,23.72
16,155,1.29181,21.61,2.22,-36.51,-30.88,-1.81,23.90
16,156,1.30029,21.35,2.20,-36.31,-30.22,-1.76,23.38
16,157,1.30902,21.09,2.19,-36.11,-29.37,-1.72,22.73
16,158,1.31689,20.84,2.17,-35.91,-32.56,-1.88,25.19
16,159,1.32513,20.58,2.16,-35.71,-30.74,-1.80,23.70
16,160,1.33368,20.42,2.15,-35.59,-18.93,-1.14,15.00
16,161,1.34186,20.26,2.14,-35.46,-19.78,-1.16,15.67
16,162,1.35016,20.10,2.13,-35.33,-19.49,-1.17,15.44
16,163,1.35931,19.94,2.12,-35.20,-17.67,-1.04,14.00
16,164,1.36761,19.78,2.11,-35.07,-19.49,-1.14,15.44
16,165,1.37518,19.61,2.10,-34.95,-21.37,-1.28,16.53
16,166,1.38361,19.56,2.10,-34.92,-6.52,-0.26,2.90
16,167,1.39185,19.50,2.10,-34.90,-6.67,-0.31,2.96
16,168,1.40033,19.45,2.09,-34.88,-6.47,-0.26,2.88
16,169,1.40918,19.40,2.09,-34.85,-5.86,-0.24,2.41
16,170,1.41754,19.41,2.10,-34.97,1.46,0.74,-14.23
16,171,1.42529,19.42,2.10,-35.09,1.57,0.76,-15.35
16,172,1.43359,19.43,2.11,-35.21,1.47,0.73,-14.34
16,173,1.44183,19.45,2.12,-35.33,1.48,0.73,-14.44
16,174,1.45026,19.49,2.12,-35.51,5.80,1.15,-21.38
16,175,1.45862,19.54,2.13,-35.69,5.84,1.15,-21.53
16,176,1.46753,19.59,2.14,-35.87,5.48,1.11,-20.21
17,0,0.00000,0.00,0.00,0.00,55.80,4.37,-74.28
17,1,0.00830,0.47,0.04,-0.63,56.62,4.83,-75.37
17,2,0.01715,1.07,0.10,-1.65,67.24,7.00,-115.86
17,3,0.02490,1.66,0.16,-2.68,76.77,8.00,-132.28
17,4,0.03387,2.26,0.23,-3.70,66.33,6.92,-114.29
17,5,0.04169,2.85,0.29,-4.73,76.17,7.94,-131.25
17,6,0.05005,3.45,0.35,-5.75,71.17,7.42,-122.63
17,7,0.05841,4.04,0.41,-6.78,71.17,7.41,-122.63
17,8,0.06720,4.64,0.47,-7.80,67.71,7.06,-116.67
17,9,0.07495,5.23,0.54,-8.83,76.77,8.00,-132.28
17,10,0.08386,5.83,0.60,-9.85,66.78,6.98,-115.07
17,11,0.09174,6.42,0.66,-10.88,75.58,7.87,-130.23
17,12,0.10016,7.02,0.72,-11.90,70.65,7.37,-121.74
17,13,0.10840,7.61,0.78,-12.93,72.22,7.52,-124.44
17,14,0.11725,7.95,0.83,-13.77,38.62,5.42,-95.17
17,15,0.12500,8.29,0.88,-14.61,44.09,6.16,-108.66
17,16,0.13391,8.52,0.92,-15.35,25.68,4.52,-82.53
17,17,0.14166,8.75,0.96,-16.08,29.53,5.19,-94.49
17,18,0.15009,8.84,0.99,-16.72,10.14,3.87,-76.09
17,19,0.15826,8.92,1.03,-17.36,10.45,3.99,-77.99
17,20,0.16736,8.88,1.05,-17.83,-4.36,2.39,-51.68
17,21,0.17566,8.84,1.07,-18.32,-4.78,2.74,-58.82
17,22,0.18335,8.80,1.09,-18.79,-5.16,2.85,-61.11
17,23,0.19171,8.76,1.11,-19.26,-5.11,2.58,-55.84
17,24,0.20007,8.61,1.13,-19.63,-18.61,1.74,-44.16
17,25,0.20844,8.45,1.14,-20.00,-18.61,1.76,-44.16
17,26,0.21674,8.29,1.16,-20.36,-18.75,1.75,-44.49
17,27,0.22565,8.13,1.17,-20.73,-18.49,1.60,-41.44
17,28,0.23401,7.78,1.19,-21.16,-41.97,1.58,-50.73
17,29,0.24182,7.43,1.20,-21.58,-44.92,1.68,-54.30
17,30,0.25012,7.08,1.21,-22.01,-42.28,1.57,-51.10
17,31,0.25854,6.72,1.22,-22.43,-42.03,1.53,-50.00
17,32,0.26678,6.29,1.23,-22.81,-52.59,1.14,-46.30
17,33,0.27594,5.86,1.24,-23.19,-47.33,1.00,-41.67
17,34,0.28418,5.42,1.25,-23.57,-52.59,1.15,-46.30
17,35,0.29187,4.99,1.26,-23.94,-55.95,1.14,-48.41
17,36,0.30017,4.68,1.26,-24.10,-37.87,0.10,-18.75
17,37,0.30847,4.37,1.26,-24.24,-37.50,0.06,-17.28
17,38,0.31732,4.17,1.25,-24.13,-22.41,-1.08,12.41
17,39,0.32507,3.98,1.24,-24.01,-24.80,-1.25,15.35
17,40,0.33411,3.94,1.23,-23.68,-4.39,-1.88,36.82
17,41,0.34180,3.91,1.21,-23.35,-3.97,-2.16,42.86
17,42,0.35022,4.14,1.20,-23.06,28.26,-1.08,35.14
17,43,0.35846,4.38,1.19,-22.76,28.89,-1.14,35.93
17,44,0.36737,4.62,1.18,-22.46,26.71,-1.04,33.22
17,45,0.37573,4.85,1.17,-22.17,27.74,-1.09,34.67
17,46,0.38348,4.94,1.16,-21.97,11.02,-1.06,26.77
17,47,0.39178,5.02,1.16,-21.76,10.29,-0.99,25.00
17,48,0.40039,5.11,1.15,-21.55,9.93,-0.95,24.11
17,49,0.40857,5.19,1.14,-21.35,10.07,-0.97,24.63
17,50,0.41785,5.22,1.14,-21.30,2.96,-0.19,5.26
17,51,0.42572,5.25,1.14,-21.25,3.49,-0.26,6.59
17,52,0.43359,5.27,1.13,-21.20,3.49,-0.23,6.20
17,53,0.44183,5.30,1.13,-21.16,3.33,-0.13,4.44
17,54,0.45026,5.36,1.14,-21.31,7.61,0.99,-17.03
17,55,0.45862,5.43,1.15,-21.45,7.66,0.98,-17.15
17,56,0.46686,5.49,1.16,-21.59,7.78,1.00,-17.41
17,57,0.47571,5.56,1.17,-21.75,7.93,1.00,-17.24
17,58,0.48419,5.74,1.18,-22.03,20.50,2.05,-33.45
17,59,0.49182,5.92,1.20,-22.33,23.60,2.38,-38.80
17,60,0.50024,6.21,1.23,-22.80,34.42,3.40,-55.80
17,61,0.50861,6.50,1.26,-23.27,34.67,3.45,-56.20
17,62,0.51691,6.79,1.29,-23.74,34.93,3.48,-56.62
17,63,0.52582,7.09,1.32,-24.21,33.56,3.27,-53.08
17,64,0.53418,7.54,1.35,-24.72,54.01,4.07,-60.95
17,65,0.54193,8.00,1.39,-25.23,59.84,4.40,-65.35
17,66,0.55029,8.61,1.42,-25.70,72.99,4.26,-56.20
17,67,0.55859,9.23,1.46,-26.16,75.00,4.28,-56.25
17,68,0.56744,10.02,1.49,-26.58,88.28,4.17,-47.59
17,69,0.57513,10.80,1.53,-27.01,101.59,4.78,-54.76
17,70,0.58423,11.58,1.57,-27.43,85.91,4.05,-46.31
17,71,0.59192,12.37,1.60,-27.84,102.78,4.76,-53.97
17,72,0.60034,13.29,1.64,-28.17,109.06,4.16,-38.77
17,73,0.60852,14.21,1.67,-28.49,112.31,4.31,-39.93
17,74,0.61755,15.12,1.71,-28.82,101.69,3.88,-36.15
17,75,0.62579,16.04,1.74,-29.15,111.48,4.27,-39.63
17,76,0.63367,16.96,1.78,-29.47,116.67,4.45,-41.47
17,77,0.64197,17.88,1.82,-29.80,110.66,4.24,-39.34
17,78,0.65045,18.80,1.85,-30.13,108.27,4.13,-38.49
17,79,0.65863,19.71,1.89,-30.46,110.82,4.30,-40.67
17,80,0.66760,20.44,1.92,-30.87,82.31,3.95,-45.92
17,81,0.67584,21.17,1.96,-31.29,87.78,4.28,-50.37
17,82,0.68372,21.72,1.99,-31.76,69.77,4.34,-59.69
17,83,0.69202,22.25,2.02,-32.23,64.71,4.11,-56.62
17,84,0.70038,22.65,2.05,-32.68,47.45,3.63,-54.38
17,85,0.70868,23.05,2.09,-33.14,47.79,3.66,-54.78
17,86,0.71698,23.44,2.12,-33.59,47.79,3.62,-54.78
17,87,0.72601,23.85,2.15,-34.04,44.93,3.33,-49.32
17,88,0.73425,24.38,2.17,-34.38,64.07,3.34,-41.11
17,89,0.74200,24.91,2.20,-34.71,68.11,3.55,-43.70
17,90,0.75031,25.43,2.23,-35.05,63.60,3.30,-40.81
17,91,0.75879,25.96,2.26,-35.39,62.23,3.24,-39.93
17,92,0.76758,26.49,2.28,-35.73,60.07,3.12,-38.54
17,93,0.77533,27.02,2.31,-36.07,68.11,3.55,-43.70
17,94,0.78436,27.55,2.34,-36.41,58.45,3.06,-37.50
17,95,0.79199,28.06,2.36,-36.74,68.00,3.54,-44.00
17,96,0.80035,28.45,2.39,-37.04,45.62,2.68,-35.40
17,97,0.80872,28.83,2.41,-37.34,45.62,2.67,-35.40
17,98,0.81763,29.21,2.43,-37.63,42.81,2.51,-33.22
17,99,0.82538,29.57,2.45,-37.92,47.24,2.82,-37.80
17,100,0.83423,29.76,2.47,-38.18,21.38,1.87,-29.31
17,101,0.84216,29.95,2.49,-38.44,23.85,2.07,-32.69
17,102,0.85034,30.14,2.50,-38.70,23.13,2.02,-31.72
17,103,0.85876,30.32,2.52,-38.96,21.38,1.93,-30.80
17,104,0.86768,30.36,2.53,-39.22,4.45,1.50,-28.77
17,105,0.87592,30.40,2.55,-39.47,4.81,1.60,-31.11
17,106,0.88458,30.44,2.56,-39.73,4.58,1.51,-29.58
17,107,0.89215,30.47,2.57,-40.00,4.03,1.79,-35.08
17,108,0.90033,30.43,2.58,-40.22,-5.60,1.20,-27.24
17,109,0.90875,30.38,2.59,-40.44,-5.43,1.18,-26.45
17,110,0.91699,30.33,2.60,-40.66,-5.56,1.18,-27.04
17,111,0.92584,30.29,2.61,-40.89,-5.17,1.09,-25.17
17,112,0.93378,30.24,2.62,-41.11,-5.77,1.25,-28.08
17,113,0.94208,30.20,2.63,-41.33,-5.51,1.17,-26.84
17,114,0.95044,30.15,2.64,-41.56,-5.47,1.16,-26.64
17,115,0.95874,30.10,2.65,-41.77,-6.62,1.10,-25.37
17,116,0.96716,29.97,2.65,-41.88,-14.49,0.36,-13.77
17,117,0.97595,29.85,2.66,-42.00,-13.89,0.34,-13.19
17,118,0.98438,29.73,2.66,-42.11,-14.49,0.35,-13.77
17,119,0.99207,29.61,2.66,-42.23,-15.87,0.41,-15.08
17,120,1.00049,29.49,2.67,-42.35,-14.49,0.36,-13.77
17,121,1.00873,29.36,2.67,-42.45,-15.56,0.27,-12.59
17,122,1.01758,29.18,2.66,-42.47,-20.34,-0.27,-2.76
17,123,1.02533,29.00,2.66,-42.50,-23.23,-0.35,-3.15
17,124,1.03424,28.82,2.66,-42.52,-20.21,-0.29,-2.74
17,125,1.04199,28.64,2.66,-42.55,-23.23,-0.34,-3.15
17,126,1.05042,28.46,2.65,-42.57,-21.38,-0.32,-2.90
17,127,1.05878,28.27,2.65,-42.58,-22.63,-0.42,-1.09
17,128,1.06757,28.02,2.64,-42.49,-28.47,-1.11,10.76
17,129,1.07544,27.77,2.63,-42.39,-31.78,-1.24,12.02
17,130,1.08441,27.52,2.62,-42.30,-27.89,-1.11,10.54
17,131,1.09204,27.27,2.61,-42.20,-32.80,-1.29,12.40
17,132,1.10040,27.02,2.60,-42.11,-29.93,-1.17,11.31
17,133,1.10870,26.77,2.59,-42.01,-30.15,-1.19,11.40
17,134,1.11768,26.52,2.58,-41.92,-27.89,-1.09,10.54
17,135,1.12598,26.26,2.57,-41.81,-31.25,-1.30,13.24
17,136,1.13440,25.94,2.55,-41.58,-38.04,-2.11,27.17
17,137,1.14215,25.62,2.54,-41.35,-41.34,-2.29,29.53
17,138,1.15063,25.30,2.52,-41.12,-37.77,-2.10,26.98
17,139,1.15912,24.98,2.50,-40.89,-37.77,-2.11,26.98
17,140,1.16742,24.66,2.48,-40.66,-38.60,-2.14,27.57
17,141,1.17621,24.33,2.46,-40.44,-36.46,-2.03,26.04
17,142,1.18408,24.01,2.45,-40.21,-40.70,-2.27,29.07
17,143,1.19232,23.69,2.43,-39.98,-38.89,-2.13,27.78
17,144,1.20068,23.37,2.41,-39.75,-38.32,-2.13,27.37
17,145,1.20911,23.05,2.39,-39.52,-38.04,-2.12,27.17
17,146,1.21741,22.73,2.38,-39.29,-38.60,-2.14,27.57
17,147,1.22620,22.41,2.36,-39.06,-36.46,-2.03,26.04
17,148,1.23468,22.09,2.34,-38.83,-37.77,-2.10,26.98
17,149,1.24243,21.77,2.32,-38.60,-41.34,-2.27,29.53
17,150,1.25092,21.45,2.30,-38.38,-37.77,-2.10,26.98
17,151,1.25909,21.14,2.29,-38.15,-38.06,-2.14,27.61
17,152,1.26788,20.89,2.27,-37.94,-28.12,-1.73,23.61
17,153,1.27631,20.65,2.26,-37.73,-29.35,-1.82,24.64
17,154,1.28467,20.40,2.24,-37.53,-29.56,-1.80,24.82
17,155,1.29236,20.15,2.23,-37.32,-32.14,-2.00,26.98
17,156,1.30084,19.90,2.21,-37.11,-29.14,-1.78,24.46
17,157,1.30914,19.66,2.20,-36.90,-29.78,-1.85,25.00
17,158,1.31769,19.41,2.18,-36.70,-28.93,-1.76,24.29
17,159,1.32581,19.17,2.17,-36.50,-29.32,-1.79,24.44
17,160,1.33484,19.01,2.16,-36.36,-17.57,-1.10,14.86
17,161,1.34241,18.85,2.15,-36.23,-20.97,-1.28,17.74
17,162,1.35077,18.70,2.14,-36.10,-18.98,-1.18,16.06
17,163,1.35907,18.54,2.13,-35.96,-19.12,-1.19,16.18
17,164,1.36798,18.38,2.12,-35.83,-17.81,-1.10,15.07
17,165,1.37640,18.23,2.11,-35.71,-17.39,-1.07,14.49
17,166,1.38434,18.18,2.11,-35.68,-6.54,-0.30,3.46
17,167,1.39246,18.13,2.10,-35.65,-6.39,-0.31,3.38
17,168,1.40082,18.08,2.10,-35.62,-6.20,-0.28,3.28
17,169,1.40912,18.03,2.10,-35.61,-5.51,-0.18,1.10
17,170,1.41803,18.04,2.10,-35.73,0.68,0.67,-13.36
17,171,1.42645,18.04,2.11,-35.85,0.72,0.69,-14.13
17,172,1.43420,18.05,2.12,-35.97,0.79,0.77,-15.35
17,173,1.44257,18.06,2.12,-36.10,1.46,0.74,-14.96
17,174,1.45093,18.10,2.13,-36.28,5.11,1.18,-21.90
17,175,1.45929,18.15,2.14,-36.46,5.11,1.15,-21.90
17,176,1.46753,18.19,2.15,-36.65,5.19,1.18,-22.22
