trial,frame,t_s,x_cm,y_cm,z_cm,vx,vy,vz
0,0,0.00000,0.00,0.00,0.00,-14.87,-1.79,-19.82
0,1,0.00799,-0.18,-0.02,-0.30,-22.54,-2.95,-37.06
0,2,0.01656,-0.53,-0.07,-1.03,-40.61,-5.82,-85.13
0,3,0.02459,-0.83,-0.12,-1.78,-37.99,-5.99,-93.45
0,4,0.03300,-1.11,-0.17,-2.54,-33.36,-5.50,-90.30
0,5,0.04126,-1.67,-0.26,-4.03,-67.28,-11.13,-180.78
0,6,0.04980,-2.31,-0.37,-5.80,-75.00,-12.52,-207.14
0,7,0.05795,-3.16,-0.51,-8.19,-103.84,-17.61,-294.28
0,8,0.06640,-4.13,-0.68,-10.97,-115.16,-19.69,-328.16
0,9,0.07449,-5.22,-0.86,-14.13,-134.21,-23.13,-390.57
0,10,0.08295,-6.30,-1.05,-17.29,-128.40,-22.13,-373.67
0,11,0.09142,-7.39,-1.24,-20.45,-128.29,-22.11,-373.33
0,12,0.09966,-8.50,-1.43,-23.61,-134.81,-22.94,-382.59
0,13,0.10812,-9.51,-1.61,-26.83,-119.49,-21.71,-381.23
0,14,0.11633,-10.49,-1.79,-30.09,-119.96,-22.38,-397.40
0,15,0.12500,-11.46,-1.98,-33.37,-110.92,-20.96,-377.82
0,16,0.13316,-12.40,-2.16,-36.65,-115.51,-22.14,-402.62
0,17,0.14166,-13.28,-2.34,-40.01,-103.41,-21.01,-394.25
0,18,0.14985,-14.13,-2.51,-43.36,-104.01,-21.55,-410.07
0,19,0.15835,-14.98,-2.69,-46.72,-100.18,-20.83,-394.97
0,20,0.16618,-15.76,-2.86,-50.13,-99.71,-22.07,-435.05
0,21,0.17478,-16.59,-2.98,-53.53,-96.18,-13.89,-395.74
0,22,0.18309,-17.56,-3.27,-56.90,-116.80,-34.75,-405.14
0,23,0.19145,-18.53,-3.48,-60.26,-116.06,-25.33,-402.55
0,24,0.19999,-19.47,-3.69,-63.64,-110.46,-24.69,-395.00
0,25,0.20795,-20.42,-3.90,-67.01,-118.50,-26.44,-423.78
0,26,0.21638,-21.38,-4.12,-70.38,-114.03,-25.19,-399.64
0,27,0.22488,-22.46,-4.34,-73.72,-127.00,-25.79,-393.18
0,28,0.23319,-23.54,-4.55,-77.07,-130.03,-26.41,-402.57
0,29,0.24152,-24.62,-4.77,-80.41,-129.67,-26.38,-401.47
0,30,0.25018,-25.80,-5.00,-83.72,-136.04,-26.03,-382.73
0,31,0.25797,-27.00,-5.23,-87.03,-153.97,-29.13,-424.29
0,32,0.26666,-28.20,-5.45,-90.34,-138.02,-26.07,-380.33
0,33,0.27448,-29.51,-5.70,-93.81,-168.36,-31.03,-445.31
0,34,0.28291,-30.97,-5.96,-97.45,-173.03,-30.89,-431.86
0,35,0.29139,-32.60,-6.24,-101.30,-191.73,-33.09,-453.60
0,36,0.30009,-34.26,-6.52,-105.19,-191.06,-32.77,-446.98
0,37,0.30801,-35.92,-6.81,-109.09,-210.02,-36.07,-491.33
0,38,0.31638,-37.61,-7.09,-112.96,-202.01,-34.27,-463.45
0,39,0.32468,-39.30,-7.38,-116.84,-203.86,-34.63,-467.71
0,40,0.33327,-41.05,-7.67,-120.71,-202.66,-33.80,-450.04
0,41,0.34171,-42.83,-7.97,-124.56,-212.13,-34.74,-456.83
0,42,0.34968,-44.62,-8.26,-128.41,-224.31,-36.73,-483.06
0,43,0.35858,-46.44,-8.56,-132.31,-203.94,-33.41,-437.36
0,44,0.36642,-48.28,-8.86,-136.25,-235.02,-38.32,-501.95
0,45,0.37510,-50.13,-9.19,-140.18,-212.49,-39.01,-453.83
0,46,0.38298,-52.00,-9.62,-144.10,-237.75,-53.64,-497.58
0,47,0.39134,-53.93,-9.90,-148.00,-231.39,-33.31,-465.69
0,48,0.40000,-55.90,-10.24,-151.88,-226.96,-40.15,-447.93
0,49,0.40821,-57.86,-10.59,-155.76,-239.41,-42.29,-472.49
0,50,0.41640,-59.75,-10.92,-159.45,-230.54,-40.51,-451.40
0,51,0.42474,-61.65,-11.25,-163.10,-228.21,-39.63,-438.10
0,52,0.43325,-63.56,-11.58,-166.75,-223.30,-38.74,-428.67
0,53,0.44147,-65.46,-11.91,-170.40,-231.38,-40.19,-444.20
0,54,0.45010,-67.39,-12.24,-174.04,-223.52,-38.31,-421.22
0,55,0.45783,-69.28,-12.57,-177.60,-245.36,-42.00,-460.75
0,56,0.46649,-71.23,-12.89,-181.12,-224.49,-37.49,-406.34
0,57,0.47466,-73.20,-13.22,-184.63,-241.50,-39.91,-429.16
0,58,0.48325,-75.20,-13.54,-188.11,-232.68,-37.96,-406.04
0,59,0.49187,-77.20,-13.87,-191.60,-231.65,-37.84,-404.24
0,60,0.49996,-79.27,-14.21,-195.17,-256.60,-41.48,-441.13
0,61,0.50811,-81.49,-14.55,-198.67,-272.66,-41.81,-429.59
0,62,0.51661,-83.72,-14.89,-202.17,-261.40,-40.04,-411.85
0,63,0.52486,-86.03,-15.24,-205.77,-280.59,-42.66,-436.23
0,64,0.53333,-88.47,-15.60,-209.45,-288.19,-43.03,-434.63
0,65,0.54180,-91.02,-15.98,-213.18,-301.35,-44.18,-440.68
0,66,0.55023,-93.75,-16.29,-216.85,-322.90,-37.31,-435.11
0,67,0.55823,-96.59,-16.62,-220.57,-354.96,-40.76,-464.50
0,68,0.56642,-99.45,-16.94,-224.26,-350.09,-39.68,-450.65
0,69,0.57491,-102.38,-17.27,-227.91,-344.96,-38.51,-429.86
0,70,0.58356,-105.42,-17.60,-231.46,-350.97,-38.17,-410.93
0,71,0.59146,-108.47,-17.93,-235.01,-386.10,-41.93,-449.42
0,72,0.59978,-111.48,-18.26,-238.64,-361.50,-39.81,-436.30
0,73,0.60804,-114.60,-18.60,-242.18,-377.82,-40.60,-428.47
0,74,0.61639,-117.72,-18.93,-245.72,-373.33,-40.08,-423.38
0,75,0.62476,-120.83,-19.27,-249.26,-372.99,-40.08,-422.99
0,76,0.63296,-123.98,-19.61,-252.78,-383.63,-41.02,-429.77
0,77,0.64223,-127.27,-19.95,-256.38,-355.23,-37.54,-387.82
0,78,0.64966,-130.46,-20.30,-260.02,-428.75,-46.19,-490.35
0,79,0.65812,-133.69,-20.64,-263.71,-381.97,-41.16,-436.79
0,80,0.66632,-136.84,-20.98,-267.32,-384.37,-41.47,-440.19
0,81,0.67483,-139.91,-21.34,-270.85,-360.90,-41.32,-414.35
0,82,0.68365,-142.70,-21.71,-274.04,-315.64,-42.34,-361.62
0,83,0.69158,-145.46,-22.08,-277.26,-348.41,-47.03,-405.39
0,84,0.70021,-148.22,-22.46,-280.47,-320.07,-43.16,-372.41
0,85,0.70811,-150.85,-22.82,-283.68,-332.82,-45.79,-406.56
0,86,0.71659,-153.47,-23.18,-286.89,-308.55,-42.63,-378.76
0,87,0.72482,-156.09,-23.31,-290.10,-318.00,-16.60,-390.35
0,88,0.73336,-158.69,-23.52,-293.28,-304.64,-24.20,-371.43
0,89,0.74201,-161.26,-23.66,-296.44,-297.00,-15.41,-365.08
0,90,0.74993,-163.83,-23.79,-299.59,-324.47,-16.86,-398.84
0,91,0.75823,-166.40,-23.92,-302.75,-309.56,-16.06,-380.51
0,92,0.76649,-168.94,-24.06,-305.93,-308.03,-16.23,-384.49
0,93,0.77484,-171.63,-24.19,-309.19,-322.12,-16.51,-390.13
0,94,0.78320,-174.40,-24.34,-312.55,-331.39,-17.05,-402.55
1,0,0.00000,0.00,0.00,0.00,24.82,-10.25,2.48
1,1,0.00787,0.34,-0.15,0.06,43.41,-18.56,8.14
1,2,0.01617,1.13,-0.48,0.26,94.85,-40.81,23.90
1,3,0.02505,1.92,-0.82,0.46,88.66,-37.93,21.99
1,4,0.03287,2.70,-1.16,0.65,100.78,-43.54,25.00
1,5,0.04111,4.25,-1.83,1.04,187.41,-80.47,47.41
1,6,0.04987,6.07,-2.61,1.50,208.36,-89.51,52.61
1,7,0.05789,8.53,-3.67,2.13,306.46,-132.04,77.57
1,8,0.06641,11.38,-4.92,2.87,334.05,-147.14,87.46
1,9,0.07465,14.61,-6.39,3.74,391.85,-178.53,105.19
1,10,0.08282,17.83,-7.91,4.61,394.78,-185.81,105.97
1,11,0.09140,21.06,-9.45,5.47,376.51,-179.39,101.07
1,12,0.09949,24.29,-10.99,6.34,399.25,-190.18,107.17
1,13,0.10815,27.54,-12.40,7.28,374.65,-163.03,108.10
1,14,0.11609,30.80,-13.93,8.28,410.77,-192.65,126.92
1,15,0.12463,34.06,-15.46,9.29,381.43,-178.73,117.50
1,16,0.13290,37.32,-16.99,10.31,394.83,-185.25,123.99
1,17,0.14114,40.59,-18.55,11.45,397.04,-188.78,138.52
1,18,0.14966,43.87,-20.10,12.59,384.23,-182.69,134.05
1,19,0.15796,47.14,-21.65,13.74,394.12,-187.14,137.50
1,20,0.16623,50.41,-23.22,14.96,395.57,-189.71,148.34
1,21,0.17465,53.69,-24.79,16.17,389.86,-186.64,143.84
1,22,0.18307,57.04,-26.37,17.22,397.10,-186.41,124.28
1,23,0.19113,60.38,-27.94,18.27,415.15,-194.88,129.92
1,24,0.20020,63.73,-29.51,19.31,369.02,-173.31,115.15
1,25,0.20789,67.07,-31.07,20.36,434.92,-203.94,135.71
1,26,0.21646,70.42,-32.64,21.38,390.75,-182.85,119.57
1,27,0.22479,73.81,-34.22,22.32,406.59,-188.79,112.82
1,28,0.23291,77.20,-35.79,23.26,417.29,-193.50,115.79
1,29,0.24115,80.58,-37.35,24.20,411.11,-190.33,114.07
1,30,0.24951,84.00,-38.92,25.04,408.76,-187.63,100.00
1,31,0.25790,87.43,-39.95,25.85,408.00,-122.45,97.09
1,32,0.26620,90.85,-39.91,26.66,412.50,5.09,97.79
1,33,0.27472,94.48,-39.86,27.47,426.52,5.13,95.34
1,34,0.28287,98.32,-39.82,28.29,471.16,5.58,99.63
1,35,0.29147,102.43,-39.77,29.07,477.30,5.46,91.13
1,36,0.29980,106.59,-39.73,29.85,498.90,5.66,93.41
1,37,0.30820,110.74,-39.68,30.63,495.27,5.64,92.73
1,38,0.31641,114.90,-39.63,31.40,506.32,5.74,94.42
1,39,0.32495,119.06,-39.58,32.18,486.43,5.54,90.71
1,40,0.33292,123.24,-39.54,32.87,525.67,5.76,87.36
1,41,0.34122,127.44,-39.49,33.55,505.15,5.49,81.62
1,42,0.34964,131.63,-39.26,34.23,498.55,26.97,80.43
1,43,0.35809,135.88,-38.55,34.91,502.17,84.87,80.14
1,44,0.36646,140.17,-37.82,35.58,513.50,86.68,81.02
1,45,0.37479,144.47,-37.10,36.26,515.38,87.03,81.32
1,46,0.38309,148.76,-36.37,36.94,517.28,87.35,81.62
1,47,0.39133,153.05,-35.66,37.62,521.11,85.92,82.22
1,48,0.39975,157.36,-34.98,38.30,511.59,80.97,80.80
1,49,0.40793,161.66,-34.32,38.97,525.00,80.43,82.84
1,50,0.41629,165.76,-33.72,39.61,490.88,72.71,76.28
1,51,0.42487,169.83,-33.13,40.24,474.02,68.15,73.31
1,52,0.43298,173.89,-32.57,40.87,500.75,69.67,77.44
1,53,0.44128,177.96,-32.02,41.50,489.71,66.01,75.74
1,54,0.44995,182.02,-31.47,42.13,469.01,62.83,72.54
1,55,0.45807,186.01,-30.94,42.74,491.35,66.03,75.19
1,56,0.46646,189.99,-30.34,43.34,473.82,71.07,72.36
1,57,0.47476,193.97,-29.06,43.95,479.41,154.70,73.16
1,58,0.48334,197.94,-27.63,44.56,463.70,166.70,70.82
1,59,0.49118,201.92,-26.20,45.17,507.00,182.41,77.43
1,60,0.49973,206.08,-24.70,45.81,486.79,174.82,75.36
1,61,0.50833,210.18,-23.23,46.44,476.24,171.07,73.76
1,62,0.51651,214.28,-21.71,47.08,501.12,185.77,77.61
1,63,0.52518,218.51,-20.20,47.74,488.73,174.22,76.76
1,64,0.53317,222.87,-18.64,48.43,545.04,194.77,86.26
1,65,0.54147,227.34,-17.05,49.15,538.97,192.54,86.03
1,66,0.54971,231.86,-15.42,49.87,547.78,197.62,87.78
1,67,0.55859,236.47,-13.75,50.62,519.59,188.36,84.19
1,68,0.56641,241.09,-12.07,51.37,590.62,214.12,95.70
1,69,0.57480,245.70,-10.40,52.11,549.82,199.34,89.09
1,70,0.58334,250.31,-8.73,52.86,540.00,195.77,87.50
1,71,0.59158,254.93,-7.05,53.64,560.74,203.18,94.07
1,72,0.59979,259.56,-5.38,54.53,563.94,204.00,108.92
1,73,0.60825,264.19,-3.71,55.43,547.65,197.91,105.78
1,74,0.61649,268.82,-2.10,56.32,561.85,194.20,108.52
1,75,0.62476,273.45,-0.83,57.21,559.78,154.04,108.12
1,76,0.63351,278.09,0.28,58.12,529.62,126.36,103.48
1,77,0.64154,282.76,0.99,59.08,581.75,88.88,119.39
1,78,0.65021,287.50,1.81,60.05,547.18,94.20,112.32
1,79,0.65823,292.31,2.54,61.04,598.86,92.01,123.19
1,80,0.66663,297.00,3.35,62.01,559.27,96.53,115.64
1,81,0.67487,301.58,4.14,62.96,555.19,95.78,115.56
1,82,0.68323,305.72,4.86,63.85,495.62,85.83,106.20
1,83,0.69171,309.99,5.60,64.77,503.24,87.18,107.91
1,84,0.70004,314.14,6.32,65.66,497.44,86.15,106.59
1,85,0.70847,318.18,7.02,66.59,480.07,83.88,111.23
1,86,0.71664,322.21,7.73,67.54,492.91,86.17,115.30
1,87,0.72565,326.24,8.43,68.48,447.46,78.33,104.75
1,88,0.73343,330.23,9.13,69.43,512.55,89.95,122.75
1,89,0.74173,334.18,9.83,70.39,476.47,83.67,115.81
1,90,0.75000,338.14,10.52,71.36,478.23,83.94,116.24
1,91,0.75858,342.09,11.22,72.32,461.21,81.04,112.10
1,92,0.76678,346.05,11.91,73.28,481.78,84.66,117.10
1,93,0.77502,350.17,12.63,74.25,500.00,87.48,117.78
1,94,0.78336,354.42,13.38,75.22,510.26,89.13,116.85
2,0,0.00000,0.00,0.00,0.00,15.14,2.26,-23.51
2,1,0.00839,0.22,0.03,-0.27,25.82,3.09,-32.73
2,2,0.01660,0.78,0.08,-0.86,68.40,6.71,-71.00
2,3,0.02509,1.37,0.13,-1.41,70.14,6.17,-64.75
2,4,0.03348,2.00,0.18,-1.92,74.91,5.82,-61.09
2,5,0.04175,3.27,0.28,-2.90,152.77,11.22,-118.08
2,6,0.05023,4.78,0.38,-4.03,178.06,12.71,-133.09
2,7,0.05853,6.83,0.52,-5.51,247.79,17.06,-179.41
2,8,0.06671,9.25,0.68,-7.19,295.90,19.54,-205.22
2,9,0.07510,12.02,0.86,-9.07,329.82,21.26,-223.27
2,10,0.08340,14.79,1.04,-10.93,333.82,21.44,-224.63
2,11,0.09241,17.57,1.22,-12.79,308.47,19.69,-206.78
2,12,0.10007,20.42,1.40,-14.68,371.71,23.51,-246.22
2,13,0.10840,23.28,1.57,-16.46,344.32,20.39,-213.92
2,14,0.11676,26.25,1.73,-18.15,354.01,19.36,-202.55
2,15,0.12524,29.25,1.88,-19.77,354.32,18.24,-190.65
2,16,0.13345,32.33,2.03,-21.26,375.46,17.26,-180.67
2,17,0.14178,35.54,2.15,-22.57,384.62,15.18,-157.88
2,18,0.15085,38.79,2.27,-23.76,358.92,12.61,-131.31
2,19,0.15854,42.11,2.36,-24.76,431.75,12.46,-129.37
2,20,0.16672,45.54,2.43,-25.48,418.66,8.59,-88.06
2,21,0.17523,49.00,2.49,-26.02,406.45,6.21,-63.44
2,22,0.18359,52.46,2.54,-26.51,414.60,5.88,-59.49
2,23,0.19180,55.95,2.57,-26.80,425.28,3.64,-35.32
2,24,0.20010,59.46,2.57,-26.88,422.06,1.15,-9.56
2,25,0.20862,62.96,2.56,-26.75,411.11,-1.22,15.41
2,26,0.21674,66.45,2.54,-26.43,430.08,-3.44,39.47
2,27,0.22519,69.94,2.50,-25.99,412.64,-4.67,52.35
2,28,0.23346,73.39,2.44,-25.34,417.71,-7.12,78.60
2,29,0.24188,76.80,2.36,-24.48,404.71,-9.34,101.45
2,30,0.25082,80.18,2.27,-23.53,378.50,-9.87,106.83
2,31,0.25858,83.51,2.17,-22.39,429.13,-13.58,146.85
2,32,0.26685,86.76,2.04,-21.05,393.36,-15.05,161.62
2,33,0.27527,90.15,1.89,-19.48,401.45,-17.36,186.96
2,34,0.28375,93.62,1.72,-17.65,408.99,-20.10,215.47
2,35,0.29190,97.24,1.53,-15.55,444.57,-23.99,257.30
2,36,0.30029,100.77,1.31,-13.23,421.09,-25.90,277.09
2,37,0.30859,104.16,1.07,-10.70,408.09,-28.56,305.15
2,38,0.31683,107.39,0.82,-7.97,392.22,-31.02,331.48
2,39,0.32526,110.45,0.54,-5.04,363.41,-32.53,346.74
2,40,0.33350,113.40,0.26,-2.00,358.15,-34.69,370.00
2,41,0.34244,116.18,-0.04,1.22,310.58,-33.69,359.39
2,42,0.35019,118.76,-0.36,4.59,332.68,-40.91,435.43
2,43,0.35858,121.17,-0.69,8.15,286.91,-39.85,424.36
2,44,0.36679,123.39,-1.05,11.89,270.63,-42.89,455.39
2,45,0.37537,125.38,-1.41,15.76,232.38,-42.37,450.53
2,46,0.38348,127.17,-1.78,19.72,220.30,-45.95,488.35
2,47,0.39194,128.85,-2.16,23.73,199.28,-44.61,474.01
2,48,0.40079,130.43,-2.54,27.78,178.28,-43.07,457.59
2,49,0.40869,131.92,-2.93,31.86,188.42,-48.69,516.60
2,50,0.41687,133.26,-3.29,35.78,163.43,-45.18,479.85
2,51,0.42545,134.51,-3.66,39.71,145.55,-43.06,457.30
2,52,0.43372,135.63,-4.04,43.66,136.16,-45.13,478.60
2,53,0.44199,136.67,-4.41,47.65,125.46,-45.37,481.55
2,54,0.45020,137.60,-4.79,51.65,113.38,-45.99,488.10
2,55,0.45862,138.44,-5.16,55.60,99.64,-44.15,468.48
2,56,0.46704,139.16,-5.53,59.56,85.51,-44.29,469.93
2,57,0.47528,139.76,-5.91,63.53,72.22,-45.50,482.59
2,58,0.48361,140.22,-6.29,67.53,56.04,-45.26,479.49
2,59,0.49197,140.59,-6.66,71.53,43.43,-45.16,478.83
2,60,0.50085,140.84,-7.05,75.66,28.87,-43.81,464.26
2,61,0.50867,140.99,-7.44,79.80,19.53,-50.02,530.47
2,62,0.51691,141.06,-7.84,83.95,7.78,-47.51,503.33
2,63,0.52533,141.04,-8.24,88.24,-2.54,-48.07,509.06
2,64,0.53372,140.93,-8.66,92.65,-12.73,-49.61,525.82
2,65,0.54205,140.74,-9.08,97.17,-22.34,-51.31,543.22
2,66,0.55029,140.50,-9.52,101.74,-29.26,-52.30,554.07
2,67,0.55936,140.22,-9.96,106.41,-31.31,-48.64,514.81
2,68,0.56705,139.90,-10.40,111.14,-41.27,-58.07,615.08
2,69,0.57544,139.56,-10.84,115.80,-40.36,-52.46,555.64
2,70,0.58365,139.18,-11.36,120.46,-46.47,-63.01,567.66
2,71,0.59265,138.66,-12.31,125.11,-57.97,-105.02,516.95
2,72,0.60034,137.83,-13.61,129.75,-108.33,-170.19,603.57
2,73,0.60876,136.80,-14.93,134.36,-121.38,-156.41,546.38
2,74,0.61710,135.64,-16.24,138.93,-139.19,-157.31,548.72
2,75,0.62549,134.34,-17.54,143.46,-156.00,-154.54,539.64
2,76,0.63367,132.89,-18.83,147.96,-177.24,-157.74,550.00
2,77,0.64224,131.28,-20.12,152.44,-186.83,-149.98,523.49
2,78,0.65103,129.56,-21.41,156.97,-196.53,-147.74,514.93
2,79,0.65878,127.70,-21.70,161.51,-238.98,-37.44,586.22
2,80,0.66714,125.81,-22.06,165.91,-227.01,-42.00,526.28
2,81,0.67548,123.89,-22.40,170.17,-229.67,-40.71,510.62
2,82,0.68399,122.08,-22.70,174.00,-213.26,-35.93,449.82
2,83,0.69220,120.21,-23.00,177.80,-227.14,-36.99,463.57
2,84,0.70047,118.32,-23.31,181.59,-229.15,-36.62,458.30
2,85,0.70947,116.38,-23.60,185.27,-215.25,-32.55,407.80
2,86,0.71716,114.41,-23.89,188.93,-255.56,-38.10,476.59
2,87,0.72556,112.45,-24.18,192.58,-233.45,-34.69,434.55
2,88,0.73386,110.49,-24.47,196.18,-236.40,-34.68,433.82
2,89,0.74222,108.51,-24.76,199.74,-236.50,-34.02,425.55
2,90,0.75107,106.52,-25.04,203.29,-225.17,-32.02,401.03
2,91,0.75891,104.49,-25.33,206.85,-259.53,-36.38,454.86
2,92,0.76724,102.45,-25.61,210.38,-244.69,-33.80,422.71
2,93,0.77560,100.32,-25.90,214.03,-254.74,-34.93,437.23
2,94,0.78391,98.10,-26.20,217.79,-267.28,-36.13,452.21
3,0,0.00000,0.00,0.00,0.00,16.36,2.16,-20.07
3,1,0.00824,0.24,0.03,-0.25,29.26,3.20,-30.37
3,2,0.01645,0.86,0.08,-0.78,75.09,6.71,-63.94
3,3,0.02478,1.50,0.13,-1.26,77.66,6.15,-58.24
3,4,0.03308,2.18,0.18,-1.71,81.25,5.70,-53.68
3,5,0.04199,3.56,0.26,-2.49,155.48,9.26,-88.36
3,6,0.04977,5.26,0.35,-3.32,217.25,11.11,-106.27
3,7,0.05804,7.60,0.45,-4.30,283.39,12.32,-118.08
3,8,0.06628,10.39,0.55,-5.24,338.15,11.89,-114.07
3,9,0.07480,13.62,0.82,-6.09,379.57,31.89,-100.36
3,10,0.08295,16.89,1.07,-6.75,401.87,30.20,-80.90
3,11,0.09137,20.20,1.37,-7.21,392.75,35.96,-54.71
3,12,0.10025,23.53,1.69,-7.49,374.91,35.56,-30.93
3,13,0.10803,26.90,2.02,-7.60,433.73,42.41,-14.12
3,14,0.11639,30.32,2.36,-7.54,408.03,41.03,6.57
3,15,0.12485,33.72,2.71,-7.39,403.25,41.22,17.33
3,16,0.13309,37.14,3.06,-7.14,414.07,43.03,30.37
3,17,0.14145,40.58,3.43,-6.72,411.31,44.01,51.09
3,18,0.14987,44.01,3.80,-6.24,407.25,43.90,56.52
3,19,0.15927,47.43,4.17,-5.73,364.61,39.47,53.90
3,20,0.16699,50.90,4.55,-5.12,449.41,49.48,79.84
3,21,0.17557,54.35,4.93,-4.51,402.14,44.21,70.46
3,22,0.18381,57.83,5.30,-4.07,421.85,45.18,53.70
3,23,0.19226,61.30,5.68,-3.62,410.83,44.08,53.07
3,24,0.20114,64.77,5.91,-3.17,391.07,26.73,50.86
3,25,0.20895,68.32,5.95,-2.71,453.52,4.85,59.38
3,26,0.21725,71.80,5.96,-2.27,419.12,1.52,52.57
3,27,0.22556,75.29,6.03,-1.92,421.32,7.41,42.28
3,28,0.23413,78.79,6.09,-1.57,407.83,7.17,40.93
3,29,0.24228,82.29,6.15,-1.22,429.21,7.55,43.07
3,30,0.25058,85.80,6.21,-0.98,422.79,7.76,29.04
3,31,0.25952,89.31,6.28,-0.75,392.49,7.23,25.26
3,32,0.26724,92.90,6.34,-0.52,464.82,8.57,30.04
3,33,0.27560,96.63,6.41,-0.33,446.72,8.41,22.26
3,34,0.28391,100.55,6.49,-0.18,472.06,8.99,18.38
3,35,0.29285,104.74,6.57,-0.10,468.94,9.15,8.87
3,36,0.30054,108.97,6.65,-0.03,550.00,10.79,8.73
3,37,0.30896,113.20,6.74,0.03,502.17,9.84,7.97
3,38,0.31732,117.43,6.82,0.10,505.84,9.92,8.03
3,39,0.32562,121.66,6.90,0.17,509.56,10.00,8.09
3,40,0.33392,125.91,6.99,0.15,511.40,10.27,-2.21
3,41,0.34232,130.15,7.07,0.12,506.18,10.21,-3.64
3,42,0.35117,134.40,7.16,0.09,480.00,9.68,-3.45
3,43,0.35898,138.71,7.25,0.05,550.78,11.14,-5.08
3,44,0.36700,143.05,7.33,0.00,541.83,10.96,-5.70
3,45,0.37543,147.40,7.42,-0.04,516.30,10.45,-5.43
3,46,0.38379,151.75,7.51,-0.09,520.07,10.53,-5.47
3,47,0.39200,156.10,7.60,-0.13,529.74,10.71,-5.58
3,48,0.40027,160.45,7.69,-0.18,525.83,10.65,-5.54
3,49,0.40866,164.80,7.77,-0.23,518.18,10.49,-5.82
3,50,0.41696,168.94,7.86,-0.29,498.90,10.15,-6.99
3,51,0.42542,173.05,7.94,-0.35,486.64,9.89,-7.22
3,52,0.43378,177.17,8.03,-0.41,491.97,10.02,-7.30
3,53,0.44211,181.28,8.11,-0.47,493.77,10.05,-7.33
3,54,0.45087,185.39,8.19,-0.53,469.69,9.55,-6.97
3,55,0.45865,189.43,8.28,-0.60,518.04,10.59,-9.41
3,56,0.46698,193.44,8.36,-0.81,482.05,10.21,-24.54
3,57,0.47534,197.44,8.45,-1.24,478.10,10.82,-51.82
3,58,0.48380,201.40,8.55,-1.91,468.95,11.28,-79.42
3,59,0.49213,205.33,8.65,-2.78,471.43,11.93,-104.40
3,60,0.50034,209.33,8.75,-3.84,486.62,12.80,-128.25
3,61,0.50928,213.28,8.86,-5.10,441.64,12.22,-141.30
3,62,0.51709,217.14,9.17,-6.60,494.92,39.51,-191.80
3,63,0.52539,221.07,9.44,-8.33,473.16,32.41,-209.19
3,64,0.53366,225.02,9.72,-10.29,478.23,33.74,-236.53
3,65,0.54276,228.99,10.01,-12.48,436.58,31.82,-240.60
3,66,0.55032,232.88,10.30,-14.90,513.31,38.85,-319.76
3,67,0.55875,236.76,10.60,-17.50,461.23,35.79,-308.70
3,68,0.56702,240.54,10.90,-20.25,456.83,36.53,-332.84
3,69,0.57526,244.19,11.21,-23.18,442.59,36.73,-355.19
3,70,0.58350,247.69,11.51,-26.28,424.81,36.62,-376.30
3,71,0.59195,251.03,11.81,-29.56,395.31,35.61,-388.09
3,72,0.60068,254.28,12.11,-32.98,372.03,34.59,-391.61
3,73,0.60846,257.34,12.41,-36.57,392.94,38.43,-461.18
3,74,0.61700,260.23,12.71,-40.29,338.57,34.65,-435.71
3,75,0.62527,262.93,13.00,-44.16,326.20,35.31,-467.90
3,76,0.63345,265.49,13.29,-48.13,313.06,35.36,-485.82
3,77,0.64191,267.94,13.58,-52.22,290.61,34.12,-483.39
3,78,0.65005,270.29,13.86,-56.46,288.01,35.45,-520.22
3,79,0.65915,272.53,14.15,-60.83,245.97,31.75,-480.54
3,80,0.66675,274.61,14.43,-65.14,273.49,36.64,-567.87
3,81,0.67511,276.53,14.70,-69.38,229.93,32.00,-507.30
3,82,0.68344,278.21,14.94,-73.28,202.20,28.98,-467.03
3,83,0.69247,279.81,15.18,-77.20,176.35,26.40,-434.80
3,84,0.70010,281.31,15.41,-81.17,196.80,30.78,-519.60
3,85,0.70853,282.75,15.64,-85.06,171.38,27.21,-461.96
3,86,0.71683,284.11,15.87,-88.97,163.60,27.21,-470.96
3,87,0.72525,285.46,16.09,-92.88,160.14,26.73,-464.49
3,88,0.73355,286.87,16.32,-96.73,169.85,27.21,-463.97
3,89,0.74188,288.45,16.55,-100.48,189.74,27.64,-450.18
3,90,0.75027,290.25,16.79,-104.13,214.55,28.32,-434.91
3,91,0.75934,292.26,17.03,-107.67,222.22,26.94,-390.24
3,92,0.76721,294.49,17.28,-111.08,282.17,31.69,-433.33
3,93,0.77563,296.98,17.55,-114.50,295.65,31.24,-405.80
3,94,0.78391,299.73,17.82,-117.88,333.21,33.30,-408.49
4,0,0.00000,0.00,0.00,0.00,22.33,0.18,-6.67
4,1,0.00761,0.34,-0.00,-0.07,44.89,-0.10,-9.22
4,2,0.01656,1.15,-0.01,-0.15,90.10,-1.07,-8.87
4,3,0.02438,1.95,-0.02,-0.22,102.92,-1.25,-9.36
4,4,0.03284,2.76,-0.03,-0.30,95.31,-1.20,-8.66
4,5,0.04117,4.35,-0.05,-0.43,190.48,-2.50,-16.12
4,6,0.05006,6.22,-0.08,-0.59,210.98,-2.76,-17.50
4,7,0.05774,8.75,-0.11,-0.79,329.62,-4.43,-26.64
4,8,0.06622,11.69,-0.15,-1.00,345.68,-4.89,-24.82
4,9,0.07457,15.02,-0.20,-1.22,399.63,-5.93,-26.33
4,10,0.08301,18.36,-0.25,-1.44,395.30,-5.86,-26.04
4,11,0.09123,21.69,-0.30,-1.66,405.57,-6.02,-26.72
4,12,0.09961,25.03,-0.35,-1.88,398.18,-5.91,-26.23
4,13,0.10843,28.40,-0.41,-2.04,382.35,-6.39,-17.65
4,14,0.11685,31.81,-0.47,-2.13,405.07,-7.43,-11.23
4,15,0.12456,35.22,-0.53,-2.22,442.77,-8.17,-12.28
4,16,0.13301,38.64,-0.60,-2.30,404.69,-7.71,-8.66
4,17,0.14145,42.11,-0.67,-2.27,410.49,-9.00,3.62
4,18,0.15005,45.57,-0.75,-2.24,402.48,-8.78,3.55
4,19,0.15807,49.04,-0.82,-2.21,432.38,-9.48,3.81
4,20,0.16644,52.53,-0.91,-2.09,417.12,-10.03,13.48
4,21,0.17493,56.03,-0.99,-2.00,412.59,-9.71,11.15
4,22,0.18336,59.53,-0.80,-2.08,415.19,23.02,-9.40
4,23,0.19160,63.04,-0.61,-2.16,425.19,21.95,-9.63
4,24,0.19992,66.54,-0.43,-2.24,421.28,21.79,-9.54
4,25,0.20885,70.04,-0.25,-2.32,392.48,20.28,-8.89
4,26,0.21736,73.59,-0.07,-2.42,416.49,21.60,-11.83
4,27,0.22498,77.15,0.12,-2.61,466.93,24.72,-25.25
4,28,0.23335,80.65,0.31,-2.80,418.94,22.20,-22.59
4,29,0.24179,84.16,0.49,-2.99,415.91,22.01,-22.42
4,30,0.25027,87.67,0.68,-3.29,412.95,22.38,-35.25
4,31,0.25844,91.17,0.87,-3.60,429.16,23.32,-38.88
4,32,0.26688,94.67,1.06,-3.92,415.19,22.59,-37.61
4,33,0.27586,98.38,1.27,-4.31,412.56,22.68,-43.12
4,34,0.28372,102.33,1.48,-4.77,502.91,27.86,-58.25
4,35,0.29190,106.49,1.72,-5.33,507.84,28.55,-69.40
4,36,0.30031,110.68,1.95,-5.92,498.37,28.09,-69.33
4,37,0.30917,114.87,2.19,-6.50,472.63,26.62,-65.75
4,38,0.31775,119.12,2.40,-7.09,496.09,24.63,-69.04
4,39,0.32523,123.38,2.49,-7.68,569.80,11.95,-79.18
4,40,0.33414,127.57,2.57,-8.36,470.21,8.79,-75.68
4,41,0.34200,131.77,2.65,-9.04,533.59,10.81,-86.99
4,42,0.35046,135.96,2.74,-9.73,494.77,10.05,-80.72
4,43,0.35883,140.20,2.83,-10.43,508.03,10.34,-83.94
4,44,0.36710,144.49,2.91,-11.15,518.45,10.60,-86.72
4,45,0.37611,148.78,2.99,-11.86,475.47,8.11,-79.53
4,46,0.38405,153.14,2.98,-12.59,549.23,-1.19,-91.54
4,47,0.39218,157.42,2.97,-13.31,527.20,-1.13,-88.18
4,48,0.40070,161.71,2.96,-14.02,503.58,-1.07,-84.23
4,49,0.40947,166.00,2.95,-14.74,488.70,-1.04,-81.74
4,50,0.41797,170.07,2.94,-15.43,479.35,-0.99,-81.51
4,51,0.42555,174.20,2.93,-16.14,544.47,-1.11,-92.96
4,52,0.43408,178.26,2.92,-16.83,475.49,-0.98,-81.22
4,53,0.44243,182.32,2.92,-17.52,485.92,-1.01,-83.00
4,54,0.45076,186.37,2.91,-18.22,486.81,-0.99,-83.15
4,55,0.45996,190.34,2.90,-18.90,431.51,-0.87,-74.30
4,56,0.46745,194.51,2.89,-19.62,556.01,-1.11,-95.72
4,57,0.47647,198.47,2.88,-20.30,439.59,-0.90,-75.47
4,58,0.48428,202.44,2.88,-20.98,507.42,-1.05,-87.11
4,59,0.49248,206.40,2.87,-21.66,483.80,-0.99,-83.05
4,60,0.50101,210.49,2.86,-22.35,479.07,-0.98,-81.57
4,61,0.50978,214.58,2.85,-23.05,466.09,-0.97,-79.30
4,62,0.51823,218.66,2.84,-23.75,483.75,-1.00,-82.31
4,63,0.52594,222.93,2.83,-24.46,553.27,-1.17,-93.07
4,64,0.53441,227.28,2.82,-25.19,513.87,-1.10,-85.77
4,65,0.54277,231.77,2.81,-25.93,536.50,-1.17,-88.69
4,66,0.55115,236.29,2.80,-26.68,540.62,-1.19,-88.89
4,67,0.55994,240.91,2.79,-27.43,525.00,-1.17,-85.76
4,68,0.56784,245.52,2.78,-28.18,583.78,-1.30,-95.37
4,69,0.57680,250.14,2.77,-28.94,515.16,-1.14,-84.16
4,70,0.58447,254.79,2.61,-29.70,605.57,-21.00,-99.01
4,71,0.59279,259.42,2.42,-30.40,557.43,-23.38,-85.14
4,72,0.60141,264.10,2.22,-31.02,542.30,-22.91,-71.86
4,73,0.60997,268.77,2.02,-31.64,546.17,-23.11,-72.37
4,74,0.61801,273.45,1.82,-32.27,581.40,-24.54,-77.42
4,75,0.62619,278.12,1.63,-32.89,571.64,-24.13,-76.12
4,76,0.63475,282.82,1.43,-33.50,548.31,-23.23,-70.94
4,77,0.64311,287.55,1.23,-34.07,566.06,-24.04,-68.61
4,78,0.65137,292.37,1.02,-34.66,584.47,-24.80,-70.98
4,79,0.66008,297.25,0.82,-35.24,559.37,-23.78,-67.60
4,80,0.66862,301.99,0.61,-35.82,554.64,-23.53,-67.14
4,81,0.67697,306.68,0.42,-36.37,562.71,-23.92,-66.54
4,82,0.68475,310.89,0.24,-36.85,541.18,-23.08,-61.18
4,83,0.69310,315.11,0.06,-37.33,504.57,-21.47,-57.04
4,84,0.70163,319.31,-0.12,-37.80,493.38,-21.04,-55.46
4,85,0.70999,323.43,-0.30,-38.19,492.70,-21.14,-46.35
4,86,0.71823,327.55,-0.48,-38.57,500.00,-21.46,-47.04
4,87,0.72650,331.67,-0.65,-38.96,498.15,-21.40,-46.86
4,88,0.73563,335.75,-0.83,-39.32,446.49,-19.22,-39.46
4,89,0.74335,339.92,-1.01,-39.68,539.92,-23.27,-46.25
4,90,0.75179,343.97,-1.18,-40.03,480.65,-20.71,-41.23
4,91,0.75998,348.03,-1.36,-40.37,494.97,-21.35,-42.46
4,92,0.76904,352.08,-1.53,-40.72,447.47,-19.26,-38.38
4,93,0.77736,356.39,-1.72,-41.14,518.17,-22.24,-49.91
5,0,0.00000,0.00,0.00,0.00,26.69,-0.10,-4.64
5,1,0.00835,0.34,-0.00,-0.07,40.95,-0.09,-8.41
5,2,0.01685,1.13,-0.00,-0.24,93.00,-0.10,-19.75
5,3,0.02583,1.92,-0.00,-0.41,87.95,-0.06,-18.68
5,4,0.03339,2.76,-0.00,-0.58,110.30,-0.12,-23.43
5,5,0.04248,4.37,-0.01,-0.91,177.18,-0.27,-36.24
5,6,0.05017,6.25,-0.01,-1.30,245.24,-0.44,-50.00
5,7,0.05862,8.74,-0.01,-1.80,294.58,-0.60,-59.57
5,8,0.06712,11.67,-0.02,-2.37,344.70,-0.96,-66.43
5,9,0.07599,14.96,-0.03,-2.98,370.74,-1.32,-68.85
5,10,0.08383,18.37,-0.05,-3.61,434.63,-1.47,-80.93
5,11,0.09279,21.66,-0.06,-4.22,366.95,-1.30,-68.14
5,12,0.10092,24.94,-0.07,-4.83,404.13,-1.34,-75.05
5,13,0.10876,28.28,-0.09,-5.37,425.68,-2.39,-69.26
5,14,0.11725,31.66,-0.11,-5.87,397.84,-2.86,-58.63
5,15,0.12589,35.03,-0.14,-6.37,390.81,-2.81,-57.60
5,16,0.13377,38.42,-0.16,-6.84,430.17,-3.44,-59.19
5,17,0.14229,41.87,-0.20,-7.21,404.30,-4.26,-44.44
5,18,0.15065,45.31,-0.24,-7.59,411.68,-4.39,-45.26
5,19,0.15945,48.75,-0.27,-7.97,390.99,-4.12,-42.98
5,20,0.16768,52.24,-0.32,-8.26,424.12,-5.56,-35.62
5,21,0.17586,55.73,-0.36,-8.60,426.12,-5.05,-41.42
5,22,0.18556,59.19,-0.39,-9.10,357.23,-2.73,-50.94
5,23,0.19324,63.06,-0.41,-9.65,503.38,-3.81,-71.57
5,24,0.20148,66.52,-0.44,-10.14,420.74,-3.21,-60.00
5,25,0.20921,69.99,-0.47,-10.64,448.13,-3.37,-63.91
5,26,0.21771,73.46,-0.49,-11.17,407.90,-2.63,-62.84
5,27,0.22610,76.92,-0.28,-11.77,412.73,25.22,-72.00
5,28,0.23438,80.38,-0.08,-12.38,418.82,24.16,-73.06
5,29,0.24275,83.85,0.12,-12.99,413.48,23.93,-72.86
5,30,0.25119,87.29,0.33,-13.72,407.59,24.15,-86.44
5,31,0.25951,90.73,0.53,-14.45,413.58,24.53,-87.71
5,32,0.26776,94.17,0.73,-15.18,416.64,24.69,-88.35
5,33,0.27612,97.87,0.96,-16.03,443.07,26.61,-102.19
5,34,0.28514,101.70,1.19,-16.95,424.70,25.63,-101.52
5,35,0.29349,105.79,1.44,-18.02,490.31,30.04,-128.70
5,36,0.30119,109.88,1.69,-19.09,531.09,32.56,-139.41
5,37,0.31004,113.98,1.94,-20.17,462.41,28.33,-121.38
5,38,0.31793,118.07,2.19,-21.24,518.76,31.78,-136.17
5,39,0.32648,122.16,2.44,-22.32,478.93,29.40,-126.07
5,40,0.33478,126.24,2.70,-23.50,491.54,30.59,-141.54
5,41,0.34299,130.32,2.95,-24.67,497.03,31.00,-143.12
5,42,0.35141,134.40,3.20,-25.85,484.42,30.17,-139.49
5,43,0.35985,138.55,3.46,-27.05,491.50,30.65,-142.86
5,44,0.36810,142.72,3.67,-28.27,505.73,25.07,-147.50
5,45,0.37643,146.90,3.68,-29.49,501.10,1.51,-146.15
5,46,0.38557,151.07,3.79,-30.70,456.76,11.33,-133.22
5,47,0.39391,155.25,3.89,-31.92,501.10,12.43,-146.15
5,48,0.40233,159.42,3.99,-33.14,495.65,12.33,-144.57
5,49,0.40990,163.59,4.10,-34.35,550.40,13.65,-160.48
5,50,0.41882,167.54,4.22,-35.52,442.05,13.22,-130.60
5,51,0.42688,171.48,4.12,-36.69,489.77,-11.40,-144.70
5,52,0.43561,175.43,4.13,-37.85,452.10,0.39,-133.57
5,53,0.44330,179.37,4.13,-39.02,513.10,0.44,-151.59
5,54,0.45181,183.32,4.13,-40.18,463.08,0.39,-136.92
5,55,0.46008,187.17,4.14,-41.33,466.05,0.41,-138.38
5,56,0.46849,191.02,4.14,-42.47,458.44,0.40,-136.12
5,57,0.47690,194.88,4.14,-43.62,458.44,0.41,-136.12
5,58,0.48511,198.73,4.15,-44.76,469.52,0.42,-139.41
5,59,0.49425,202.59,4.15,-45.90,422.37,0.36,-125.21
5,60,0.50262,206.74,4.15,-47.13,494.35,0.42,-145.72
5,61,0.51018,210.71,4.16,-48.30,526.46,0.43,-155.15
5,62,0.51860,214.69,4.16,-49.47,472.10,0.39,-139.13
5,63,0.52708,218.86,4.16,-50.69,491.73,0.38,-143.53
5,64,0.53600,223.11,4.17,-51.92,476.71,0.35,-138.70
5,65,0.54367,227.48,4.17,-53.19,569.38,0.40,-164.61
5,66,0.55252,231.90,4.17,-54.46,499.66,0.35,-144.14
5,67,0.56035,236.39,4.18,-55.75,573.88,0.38,-164.91
5,68,0.56871,240.88,4.18,-57.04,537.23,0.35,-154.38
5,69,0.57715,245.38,4.18,-58.33,532.37,0.34,-152.98
5,70,0.58549,249.87,4.18,-59.63,538.21,0.36,-154.66
5,71,0.59441,254.39,4.19,-60.86,507.88,0.17,-139.04
5,72,0.60286,259.02,4.19,-62.04,547.65,-0.06,-139.35
5,73,0.61041,263.60,4.19,-63.21,605.66,-0.06,-154.34
5,74,0.61934,268.17,4.18,-64.37,511.79,-0.05,-130.26
5,75,0.62735,272.74,4.05,-65.53,570.29,-17.42,-145.14
5,76,0.63608,277.33,3.86,-66.68,526.57,-21.17,-131.47
5,77,0.64384,281.96,3.67,-67.80,596.46,-24.01,-144.60
5,78,0.65231,286.70,3.48,-68.95,559.28,-22.56,-135.50
5,79,0.66057,291.46,3.29,-70.10,576.34,-23.23,-139.37
5,80,0.66917,296.10,3.10,-71.22,539.36,-21.77,-130.14
5,81,0.67738,300.52,2.93,-72.27,538.66,-21.72,-128.25
5,82,0.68573,304.65,2.76,-73.24,494.70,-20.03,-115.17
5,83,0.69464,308.78,2.59,-74.20,463.36,-18.76,-107.88
5,84,0.70305,313.02,2.42,-75.18,504.54,-20.42,-116.52
5,85,0.71077,317.07,2.25,-76.04,524.11,-21.40,-111.86
5,86,0.71925,321.12,2.09,-76.90,476.98,-19.47,-101.80
5,87,0.72772,325.16,1.92,-77.77,477.84,-19.49,-101.98
5,88,0.73616,329.16,1.76,-78.59,474.14,-19.43,-98.01
5,89,0.74428,333.15,1.60,-79.41,491.35,-20.12,-100.38
5,90,0.75259,337.14,1.43,-80.22,479.63,-19.66,-97.98
5,91,0.76108,341.13,1.27,-81.04,470.14,-19.27,-96.04
5,92,0.76949,345.12,1.11,-81.85,474.41,-19.45,-96.91
5,93,0.77786,349.32,0.93,-82.76,502.00,-20.46,-108.20
6,0,0.00000,0.00,0.00,0.00,25.67,0.73,-7.28
6,1,0.00813,0.34,0.01,-0.08,41.65,0.98,-9.76
6,2,0.01706,1.13,0.02,-0.23,88.89,1.73,-17.09
6,3,0.02502,1.93,0.04,-0.38,99.62,1.99,-19.16
6,4,0.03395,2.72,0.05,-0.54,88.89,1.73,-17.09
6,5,0.04163,4.37,0.09,-0.84,214.71,4.09,-39.76
6,6,0.05003,6.25,0.12,-1.19,224.32,4.17,-41.02
6,7,0.05855,8.75,0.17,-1.64,293.55,5.44,-53.41
6,8,0.06685,11.69,0.22,-2.15,353.68,6.12,-60.66
6,9,0.07518,14.98,0.27,-2.69,395.60,6.65,-65.57
6,10,0.08426,18.28,0.33,-3.24,363.03,6.10,-60.17
6,11,0.09184,21.65,0.39,-3.80,443.86,7.42,-73.64
6,12,0.10025,24.94,0.44,-4.34,392.01,6.64,-64.97
6,13,0.10878,28.29,0.49,-4.82,392.49,5.61,-56.17
6,14,0.11702,31.67,0.53,-5.25,410.74,5.30,-52.22
6,15,0.12531,35.06,0.58,-5.68,408.47,5.13,-51.93
6,16,0.13367,38.46,0.62,-6.09,406.57,4.82,-48.18
6,17,0.14273,41.91,0.65,-6.39,380.81,3.28,-34.01
6,18,0.15045,45.47,0.68,-6.71,461.26,3.96,-41.50
6,19,0.15891,48.92,0.75,-7.02,408.30,8.29,-36.46
6,20,0.16722,52.42,0.61,-7.24,420.18,-16.55,-26.79
6,21,0.17551,55.91,0.56,-7.52,421.36,-5.77,-32.78
6,22,0.18466,59.38,0.53,-7.94,379.67,-3.61,-46.33
6,23,0.19214,62.92,0.49,-8.37,472.24,-4.45,-57.55
6,24,0.20064,66.39,0.46,-8.80,408.98,-3.89,-49.91
6,25,0.20897,69.87,0.43,-9.22,417.22,-4.01,-50.92
6,26,0.21744,73.34,0.40,-9.67,410.45,-3.52,-53.69
6,27,0.22559,76.82,0.38,-10.21,426.59,-2.81,-65.54
6,28,0.23405,80.29,0.35,-10.74,410.45,-2.66,-63.06
6,29,0.24297,83.77,0.33,-11.28,390.07,-2.53,-59.93
6,30,0.25156,87.23,0.32,-11.93,402.13,-1.30,-76.02
6,31,0.25900,90.76,0.31,-12.60,475.00,-1.41,-90.57
6,32,0.26755,94.22,0.30,-13.26,404.29,-1.20,-77.14
6,33,0.27582,97.91,0.29,-14.03,446.86,-0.64,-92.99
6,34,0.28491,101.75,0.29,-14.87,421.48,-0.19,-91.61
6,35,0.29240,105.85,0.30,-15.85,547.86,0.98,-131.98
6,36,0.30150,109.96,0.31,-16.85,452.01,0.79,-109.06
6,37,0.30911,114.07,0.31,-17.84,539.88,0.93,-130.26
6,38,0.31760,118.18,0.32,-18.83,484.53,0.88,-116.91
6,39,0.32597,122.29,0.33,-19.82,490.71,0.85,-118.40
6,40,0.33478,126.40,0.34,-20.91,466.20,1.87,-123.74
6,41,0.34326,130.50,0.36,-22.00,483.81,2.02,-128.78
6,42,0.35089,134.61,0.38,-23.10,538.00,2.20,-143.20
6,43,0.35933,138.77,0.40,-24.22,493.31,2.21,-132.73
6,44,0.36784,142.97,0.42,-25.35,492.83,2.19,-132.97
6,45,0.37608,147.16,0.43,-26.48,509.26,2.27,-137.41
6,46,0.38530,151.36,0.69,-27.61,455.30,27.93,-122.85
6,47,0.39276,155.72,0.89,-28.79,584.46,26.34,-157.87
6,48,0.40175,159.92,1.15,-29.92,466.89,28.75,-125.98
6,49,0.40945,164.11,1.40,-31.05,544.55,33.55,-146.93
6,50,0.41785,168.08,1.65,-32.14,472.73,29.17,-129.45
6,51,0.42670,172.05,1.89,-33.23,448.28,27.69,-122.76
6,52,0.43512,176.01,2.14,-34.31,471.01,29.07,-128.99
6,53,0.44339,179.98,2.38,-35.40,479.70,29.63,-131.37
6,54,0.45125,183.95,2.63,-36.49,504.85,31.16,-138.25
6,55,0.45955,187.83,2.87,-37.55,467.28,28.89,-128.68
6,56,0.46794,191.71,3.11,-38.62,462.18,28.57,-127.27
6,57,0.47639,195.58,3.35,-39.69,458.84,28.36,-126.35
6,58,0.48566,199.46,3.59,-40.76,418.78,25.87,-115.32
6,59,0.49358,203.53,3.84,-41.88,514.07,31.75,-141.43
6,60,0.50146,207.53,4.09,-42.97,507.16,31.33,-138.49
6,61,0.50981,211.54,4.33,-44.06,479.34,29.57,-130.90
6,62,0.51828,215.54,4.58,-45.16,472.43,29.14,-129.01
6,63,0.52675,219.73,4.84,-46.29,494.77,30.49,-134.05
6,64,0.53502,224.00,5.08,-47.44,516.24,29.02,-139.11
6,65,0.54323,228.39,5.21,-48.62,535.32,15.66,-143.49
6,66,0.55244,232.83,5.29,-49.81,482.12,9.13,-128.81
6,67,0.56076,237.41,5.40,-51.03,550.83,13.16,-146.42
6,68,0.56853,241.93,5.51,-52.23,581.53,13.93,-154.81
6,69,0.57729,246.45,5.62,-53.43,515.68,12.33,-137.28
6,70,0.58517,250.96,5.72,-54.63,572.53,13.69,-152.42
6,71,0.59415,255.51,5.75,-55.78,506.80,2.43,-128.23
6,72,0.60188,260.11,5.74,-56.86,594.48,-0.35,-138.86
6,73,0.61076,264.70,5.74,-57.93,517.18,-0.30,-120.96
6,74,0.61867,269.30,5.74,-59.01,581.08,-0.35,-135.91
6,75,0.62698,273.89,5.74,-60.08,552.29,-0.32,-129.17
6,76,0.63539,278.51,5.73,-61.14,549.18,-0.39,-125.59
6,77,0.64444,283.16,5.73,-62.17,514.33,-0.46,-114.00
6,78,0.65204,288.15,5.72,-63.27,656.63,-0.56,-145.38
6,79,0.66037,292.93,5.72,-64.33,573.26,-0.52,-126.74
6,80,0.66887,297.59,5.72,-65.36,548.65,-0.48,-121.01
6,81,0.67720,302.01,5.71,-66.32,531.14,-0.53,-115.38
6,82,0.68553,306.16,5.71,-67.20,497.80,-0.54,-105.49
6,83,0.69382,310.31,5.70,-68.08,500.55,-0.55,-106.08
6,84,0.70284,314.44,5.70,-68.94,458.54,-0.53,-96.11
6,85,0.71124,318.51,5.69,-69.73,483.48,-0.76,-93.28
6,86,0.71896,322.57,5.68,-70.51,526.48,-0.81,-101.58
6,87,0.72731,326.64,5.68,-71.30,487.02,-0.74,-93.97
6,88,0.73576,330.65,5.67,-72.04,475.09,-0.82,-88.09
6,89,0.74460,334.66,5.66,-72.78,453.20,-0.80,-83.25
6,90,0.75240,338.69,5.66,-73.52,517.42,-0.91,-95.11
6,91,0.76074,342.70,5.65,-74.25,479.71,-0.84,-88.12
6,92,0.76927,346.70,5.64,-74.99,469.41,-0.81,-86.23
6,93,0.77754,350.92,5.64,-75.81,510.70,-0.76,-99.63
7,0,0.00000,0.00,0.00,0.00,24.77,3.34,-6.56
7,1,0.00783,0.36,0.05,-0.06,46.00,6.42,-7.80
7,2,0.01627,1.17,0.17,-0.12,95.84,14.24,-6.51
7,3,0.02449,1.98,0.29,-0.14,98.33,14.81,-3.34
7,4,0.03279,2.79,0.42,-0.17,97.43,14.86,-3.31
7,5,0.04178,4.40,0.66,-0.21,179.29,27.19,-4.75
7,6,0.05019,6.31,0.95,-0.27,227.22,34.48,-6.17
7,7,0.05795,8.86,1.34,-0.33,328.09,50.04,-8.25
7,8,0.06628,11.82,1.79,-0.38,355.68,54.38,-5.49
7,9,0.07474,15.16,2.31,-0.41,395.31,60.81,-3.61
7,10,0.08299,18.50,2.82,-0.44,404.81,62.08,-3.70
7,11,0.09193,21.84,3.33,-0.47,373.72,57.37,-3.41
7,12,0.10028,25.20,3.85,-0.50,401.46,61.72,-3.66
7,13,0.10867,28.57,4.32,-0.46,402.55,56.26,4.36
7,14,0.11638,32.01,4.72,-0.36,445.54,51.68,12.67
7,15,0.12476,35.42,5.04,-0.27,407.29,38.66,11.66
7,16,0.13315,38.84,5.30,-0.14,407.64,30.65,14.91
7,17,0.14204,42.30,5.48,0.09,388.68,20.48,25.39
7,18,0.15036,45.77,5.61,0.31,417.98,16.10,27.52
7,19,0.15828,49.25,5.90,0.54,439.31,35.90,28.90
7,20,0.16667,52.74,6.10,0.86,415.27,24.65,37.45
7,21,0.17520,56.23,6.31,1.14,409.30,24.58,32.92
7,22,0.18332,59.74,6.54,1.26,432.71,27.31,14.66
7,23,0.19191,63.24,6.76,1.38,407.46,25.70,13.85
7,24,0.20045,66.74,6.98,1.50,409.64,25.85,13.93
7,25,0.20906,70.24,7.20,1.61,406.74,25.62,13.83
7,26,0.21672,73.97,7.60,1.71,486.06,52.23,12.35
7,27,0.22511,77.48,7.95,1.72,418.91,42.21,1.09
7,28,0.23338,81.00,8.33,1.73,425.09,45.85,1.11
7,29,0.24210,84.51,8.71,1.74,403.50,43.52,1.05
7,30,0.25098,88.03,9.09,1.62,395.88,42.81,-12.71
7,31,0.25858,91.54,9.47,1.50,462.65,50.09,-15.66
7,32,0.26698,95.06,9.85,1.39,418.15,45.23,-14.16
7,33,0.27550,98.82,10.26,1.20,441.58,47.90,-22.22
7,34,0.28384,102.73,10.68,0.96,469.10,50.85,-27.79
7,35,0.29210,106.94,11.13,0.62,509.06,53.76,-41.40
7,36,0.30089,111.15,11.30,0.28,479.86,19.85,-39.24
7,37,0.30930,115.37,11.29,-0.07,501.63,-0.95,-41.02
7,38,0.31705,119.59,11.29,-0.41,544.09,-1.18,-44.49
7,39,0.32549,123.81,11.32,-0.76,499.82,3.96,-40.87
7,40,0.33392,128.03,11.36,-1.20,500.54,5.11,-52.08
7,41,0.34236,132.25,11.41,-1.64,500.54,5.19,-52.80
7,42,0.35130,136.48,11.45,-2.09,472.35,4.90,-49.83
7,43,0.35893,140.90,11.50,-2.56,580.00,6.05,-62.40
7,44,0.36772,145.22,11.54,-3.04,491.67,5.36,-53.82
7,45,0.37575,149.55,11.59,-3.51,538.40,5.77,-58.94
7,46,0.38408,153.87,11.64,-3.98,518.68,5.65,-56.78
7,47,0.39247,158.19,11.68,-4.46,514.91,5.52,-56.36
7,48,0.40067,162.51,11.73,-4.93,527.37,5.75,-57.73
7,49,0.40910,166.83,11.78,-5.40,512.12,5.49,-56.06
7,50,0.41817,170.92,11.82,-5.86,451.52,4.99,-50.84
7,51,0.42601,175.09,11.87,-6.33,531.91,5.98,-59.92
7,52,0.43407,179.18,11.91,-6.79,507.58,5.66,-57.20
7,53,0.44252,183.27,11.96,-7.25,483.75,5.35,-54.51
7,54,0.45148,187.36,12.00,-7.71,456.56,5.09,-51.45
7,55,0.45999,191.40,12.05,-8.18,473.84,5.36,-54.12
7,56,0.46756,195.45,12.10,-8.64,535.89,6.07,-61.29
7,57,0.47600,199.45,12.14,-9.10,473.42,5.37,-54.25
7,58,0.48441,203.44,12.19,-9.56,475.14,5.39,-54.45
7,59,0.49275,207.44,12.23,-10.01,478.98,5.43,-54.84
7,60,0.50159,211.56,12.28,-10.48,466.32,5.19,-52.50
7,61,0.50941,215.68,12.32,-10.94,526.32,5.86,-59.26
7,62,0.51836,219.80,12.37,-11.40,460.75,5.13,-51.88
7,63,0.52618,224.12,12.39,-11.88,552.44,2.48,-60.82
7,64,0.53450,228.52,12.34,-12.36,528.07,-5.70,-57.61
7,65,0.54292,233.04,12.29,-12.84,536.96,-5.84,-57.61
7,66,0.55182,237.61,12.24,-13.33,513.55,-5.61,-54.89
7,67,0.56032,242.32,12.19,-13.83,554.40,-6.12,-58.53
7,68,0.56793,247.10,12.14,-14.33,627.66,-6.94,-66.13
7,69,0.57678,251.75,12.09,-14.83,525.52,-5.84,-55.52
7,70,0.58464,256.40,12.04,-15.32,591.84,-6.48,-62.52
7,71,0.59308,261.07,11.98,-15.75,553.71,-6.75,-51.36
7,72,0.60197,265.77,11.91,-16.10,528.64,-7.40,-39.45
7,73,0.60977,270.48,11.85,-16.45,603.13,-8.49,-45.01
7,74,0.61877,275.18,12.20,-16.80,522.37,39.13,-38.98
7,75,0.62663,279.94,12.45,-17.16,605.83,32.55,-45.05
7,76,0.63474,284.66,12.71,-17.49,583.05,31.22,-40.68
7,77,0.64314,289.42,12.96,-17.79,565.88,30.16,-35.57
7,78,0.65179,294.29,13.22,-18.09,562.26,29.97,-35.27
7,79,0.66055,299.17,13.48,-18.40,557.84,29.73,-34.84
7,80,0.66826,304.04,13.74,-18.70,632.08,33.65,-39.21
7,81,0.67671,308.58,13.98,-18.96,536.10,28.46,-31.41
7,82,0.68524,312.81,14.20,-19.19,496.24,26.27,-26.83
7,83,0.69345,317.07,14.43,-19.42,518.96,27.48,-28.25
7,84,0.70264,321.29,14.65,-19.64,459.47,24.28,-23.92
7,85,0.71074,325.57,14.88,-19.80,528.81,27.62,-18.83
7,86,0.71968,329.71,15.09,-19.94,462.46,24.15,-16.38
7,87,0.72710,334.00,15.32,-20.10,578.60,30.14,-20.58
7,88,0.73540,338.08,15.53,-20.21,491.18,25.53,-13.97
7,89,0.74420,342.14,15.74,-20.32,462.05,23.97,-12.48
7,90,0.75233,346.21,15.95,-20.43,500.19,25.95,-13.51
7,91,0.76125,350.28,16.16,-20.54,456.51,23.66,-12.33
7,92,0.76880,354.35,16.37,-20.65,538.59,27.94,-14.55
7,93,0.77721,358.66,16.60,-20.82,513.25,26.82,-19.60
8,0,0.00000,0.00,0.00,0.00,28.46,-0.36,-2.81
8,1,0.00848,0.35,-0.01,-0.01,41.73,-0.79,-0.72
8,2,0.01686,1.16,-0.03,0.03,96.54,-2.47,4.37
8,3,0.02513,1.97,-0.05,0.07,97.79,-2.45,4.43
8,4,0.03342,2.78,-0.07,0.10,97.61,-2.49,4.42
8,5,0.04190,4.38,-0.11,0.19,188.85,-4.87,9.71
8,6,0.05087,6.27,-0.16,0.29,210.54,-5.47,11.22
8,7,0.05867,8.86,-0.23,0.43,331.90,-8.71,18.00
8,8,0.06694,11.82,-0.31,0.62,357.93,-9.72,22.88
8,9,0.07527,15.15,-0.15,0.85,400.00,19.14,28.21
8,10,0.08359,18.48,-0.07,1.09,400.73,9.78,28.26
8,11,0.09242,21.82,0.09,1.32,377.20,18.08,26.60
8,12,0.10027,25.15,0.25,1.56,424.90,20.36,29.96
8,13,0.10876,28.52,0.41,1.86,396.05,18.66,35.91
8,14,0.11697,31.91,0.57,2.23,413.38,19.19,44.61
8,15,0.12535,35.30,0.73,2.59,405.10,18.83,43.72
8,16,0.13437,38.70,0.88,2.99,376.99,17.40,43.65
8,17,0.14285,42.18,1.04,3.49,409.35,18.39,59.71
8,18,0.15047,45.69,1.20,4.01,461.72,20.77,67.33
8,19,0.15900,49.12,1.35,4.51,401.79,18.00,58.68
8,20,0.16731,52.57,1.50,5.10,414.68,18.22,71.19
8,21,0.17577,56.02,1.66,5.65,409.03,18.15,65.34
8,22,0.18385,59.50,1.82,6.05,430.19,19.88,48.68
8,23,0.19298,62.98,1.98,6.44,381.27,17.62,43.14
8,24,0.20137,66.55,2.14,6.85,425.09,19.64,48.36
8,25,0.20906,70.06,2.31,7.24,456.35,21.10,51.98
8,26,0.21773,73.55,2.47,7.61,402.46,18.75,42.25
8,27,0.22578,77.05,2.63,7.90,434.85,20.62,35.61
8,28,0.23460,80.55,2.80,8.18,397.23,18.88,32.53
8,29,0.24245,84.06,2.97,8.47,446.69,21.23,36.58
8,30,0.25076,87.57,3.14,8.64,422.39,20.61,20.18
8,31,0.25920,91.08,3.31,8.80,416.27,20.38,18.81
8,32,0.26755,94.60,3.48,8.96,420.84,20.62,19.01
8,33,0.27592,98.37,3.67,9.07,451.00,22.36,13.48
8,34,0.28491,102.29,3.87,9.15,436.33,21.82,8.83
8,35,0.29254,106.52,4.08,9.14,553.60,28.08,-0.80
8,36,0.30087,110.75,4.30,9.13,507.69,25.87,-1.47
8,37,0.30936,114.98,4.51,9.12,498.56,25.36,-1.44
8,38,0.31775,119.21,4.73,9.11,504.00,25.64,-1.45
8,39,0.32607,123.44,4.94,9.09,508.62,25.87,-1.47
8,40,0.33432,127.68,5.16,8.99,514.23,26.61,-12.57
8,41,0.34343,131.93,5.38,8.88,466.00,24.16,-12.06
8,42,0.35179,136.25,5.60,8.77,517.15,26.79,-13.50
8,43,0.35944,140.57,5.71,8.65,564.47,13.23,-15.97
8,44,0.36775,144.91,5.77,8.52,522.57,8.13,-15.41
8,45,0.37636,149.26,5.84,8.39,504.96,7.88,-14.89
8,46,0.38492,153.60,5.91,8.26,507.66,7.90,-14.97
8,47,0.39291,157.95,5.98,8.13,543.51,8.47,-16.03
8,48,0.40189,162.30,6.04,8.00,484.35,7.55,-14.29
8,49,0.40955,166.71,6.11,7.87,575.70,8.95,-17.13
8,50,0.41795,170.82,6.18,7.74,489.66,7.70,-15.97
8,51,0.42641,174.94,6.24,7.60,486.64,7.62,-15.88
8,52,0.43477,179.05,6.31,7.47,491.97,7.72,-16.06
8,53,0.44298,183.16,6.37,7.34,501.12,7.87,-16.36
8,54,0.45134,187.28,6.44,7.20,491.97,7.72,-16.06
8,55,0.45990,191.30,6.50,7.06,469.88,7.40,-16.04
8,56,0.46819,195.32,6.56,6.93,485.08,7.63,-16.57
8,57,0.47655,199.34,6.63,6.79,480.66,7.57,-16.42
8,58,0.48480,203.36,6.69,6.65,486.88,7.66,-16.64
8,59,0.49388,207.38,6.71,6.52,442.69,1.86,-15.13
8,60,0.50220,211.70,6.68,6.38,520.00,-2.74,-16.88
8,61,0.50998,215.86,6.66,6.24,534.51,-2.83,-17.25
8,62,0.51871,220.00,6.64,6.11,474.83,-2.50,-15.38
8,63,0.52679,224.33,6.62,5.98,535.47,-2.86,-16.23
8,64,0.53514,228.75,6.59,5.85,529.07,-2.83,-15.36
8,65,0.54338,233.30,6.57,5.72,551.85,-2.98,-15.19
8,66,0.55197,237.89,6.54,5.60,534.64,-2.88,-14.21
8,67,0.56088,242.56,6.52,5.48,524.32,-2.85,-13.36
8,68,0.56859,247.39,6.49,5.36,626.14,-3.40,-16.24
8,69,0.57678,252.06,6.47,5.24,570.20,-3.10,-14.53
8,70,0.58514,256.73,6.44,5.12,558.76,-3.03,-14.23
8,71,0.59412,261.42,6.41,5.05,522.79,-2.98,-7.14
8,72,0.60257,266.14,6.39,5.08,557.76,-3.42,2.53
8,73,0.61028,270.87,6.36,5.10,614.26,-3.76,2.77
8,74,0.61864,275.59,6.23,5.12,563.87,-14.69,2.55
8,75,0.62704,280.30,6.02,5.14,560.80,-25.05,2.54
8,76,0.63539,285.04,5.81,5.18,567.46,-25.40,5.48
8,77,0.64372,289.80,5.60,5.26,572.16,-25.72,9.16
8,78,0.65218,294.67,5.38,5.32,576.17,-25.84,7.22
8,79,0.66133,299.57,5.16,5.36,535.00,-23.95,4.00
8,80,0.66904,304.69,4.93,5.38,664.16,-29.67,2.38
8,81,0.67714,309.21,4.73,5.39,558.19,-24.93,1.51
8,82,0.68555,313.45,4.54,5.41,504.17,-22.55,2.54
8,83,0.69463,317.69,4.35,5.42,466.89,-20.84,1.01
8,84,0.70303,321.92,4.16,5.43,503.09,-22.48,1.45
8,85,0.71069,326.08,3.97,5.50,543.03,-24.38,9.16
8,86,0.71909,330.22,3.79,5.56,493.09,-22.14,7.27
8,87,0.72748,334.36,3.60,5.61,493.09,-22.11,5.45
8,88,0.73572,338.44,3.42,5.66,495.56,-22.21,6.30
8,89,0.74475,342.51,3.24,5.71,450.68,-20.18,5.07
8,90,0.75320,346.58,3.05,5.73,481.59,-21.57,3.25
8,91,0.76086,350.67,2.87,5.75,533.07,-23.81,2.39
8,92,0.76918,354.74,2.69,5.76,489.54,-21.87,1.10
8,93,0.77757,359.04,2.50,5.72,513.09,-22.81,-5.45
9,0,0.00000,0.00,0.00,0.00,24.96,1.38,-2.14
9,1,0.00833,0.35,0.02,-0.01,41.76,2.15,-1.10
9,2,0.01700,1.16,0.06,0.00,93.31,4.69,1.06
9,3,0.02544,1.97,0.10,0.01,95.84,4.80,1.08
9,4,0.03331,2.77,0.14,0.02,102.71,5.17,1.16
9,5,0.04153,4.37,0.22,0.05,193.69,9.73,3.71
9,6,0.04999,6.25,0.31,0.09,222.74,11.10,4.69
9,7,0.05835,8.79,0.44,0.15,303.65,15.13,6.93
9,8,0.06749,11.73,0.59,0.23,321.54,15.96,9.68
9,9,0.07506,15.20,0.76,0.36,459.27,22.62,16.53
9,10,0.08345,18.54,0.92,0.47,397.82,19.67,13.45
9,11,0.09186,21.88,1.09,0.57,397.10,19.65,11.98
9,12,0.10022,25.22,1.25,0.66,399.64,19.88,10.58
9,13,0.10851,28.60,1.42,0.81,407.37,19.99,17.68
9,14,0.11687,32.00,1.58,1.00,407.30,19.76,22.63
9,15,0.12593,35.41,1.75,1.17,376.09,18.32,19.19
9,16,0.13428,38.83,1.92,1.35,409.51,19.90,21.94
9,17,0.14188,42.29,2.08,1.62,454.62,21.67,34.94
9,18,0.15031,45.74,2.25,1.87,409.40,19.65,29.29
9,19,0.15874,49.20,2.41,2.10,410.51,19.72,27.17
9,20,0.16771,52.68,2.58,2.39,388.44,18.41,32.99
9,21,0.17535,56.20,2.75,2.64,459.88,22.06,31.94
9,22,0.18379,59.70,2.92,2.69,415.19,20.80,6.87
9,23,0.19211,63.20,3.10,2.73,421.28,21.19,4.77
9,24,0.20050,66.71,3.28,2.75,417.45,21.10,2.18
9,25,0.20885,70.21,3.45,2.75,419.74,21.31,0.00
9,26,0.21725,73.72,3.63,2.71,417.06,21.38,-5.08
9,27,0.22620,77.23,3.82,2.56,392.83,20.62,-16.38
9,28,0.23470,80.86,4.01,2.40,426.93,22.47,-19.75
9,29,0.24232,84.41,4.20,2.22,465.60,24.57,-23.20
9,30,0.25076,87.92,4.39,1.92,415.19,22.49,-35.80
9,31,0.25908,91.42,4.58,1.60,421.28,22.93,-37.80
9,32,0.26810,94.92,4.77,1.28,388.49,21.15,-35.53
9,33,0.27568,98.75,4.98,0.87,504.23,27.79,-54.33
9,34,0.28416,102.64,5.19,0.41,458.99,25.45,-53.96
9,35,0.29247,106.81,5.43,-0.17,502.94,28.33,-70.59
9,36,0.30081,111.00,5.67,-0.77,502.01,28.34,-70.93
9,37,0.30922,115.19,5.90,-1.36,498.00,28.11,-70.42
9,38,0.31755,119.38,6.14,-1.95,502.56,28.36,-71.43
9,39,0.32646,123.57,6.38,-2.55,469.86,26.54,-66.78
9,40,0.33505,127.78,6.62,-3.24,490.23,28.11,-80.64
9,41,0.34254,132.06,6.86,-3.95,571.08,32.79,-94.50
9,42,0.35104,136.25,7.10,-4.64,493.00,28.26,-81.51
9,43,0.35942,140.50,7.31,-5.36,507.47,24.23,-85.25
9,44,0.36818,144.78,7.37,-6.08,489.55,7.11,-82.93
9,45,0.37590,149.07,7.48,-6.81,555.34,14.74,-94.07
9,46,0.38441,153.36,7.57,-7.53,503.58,10.33,-85.30
9,47,0.39278,157.65,7.66,-8.26,512.77,10.50,-86.86
9,48,0.40106,161.94,7.75,-8.99,517.50,10.63,-87.66
9,49,0.40952,166.22,7.83,-9.71,507.22,10.39,-85.92
9,50,0.41780,170.28,7.92,-10.42,489.87,10.11,-84.71
9,51,0.42682,174.33,8.00,-11.12,449.41,9.29,-77.83
9,52,0.43533,178.42,8.09,-11.83,480.29,9.94,-83.87
9,53,0.44287,182.57,8.17,-12.56,550.20,11.39,-96.36
9,54,0.45143,186.62,8.26,-13.28,473.08,9.85,-83.78
9,55,0.45981,190.58,8.34,-14.00,472.13,9.87,-85.97
9,56,0.46815,194.53,8.42,-14.72,473.86,9.97,-87.39
9,57,0.47630,198.48,8.51,-15.46,485.02,10.25,-90.64
9,58,0.48468,202.44,8.59,-16.21,471.77,10.01,-88.89
9,59,0.49312,206.39,8.67,-16.96,468.35,9.93,-88.61
9,60,0.50151,210.46,8.70,-17.72,485.82,2.82,-91.27
9,61,0.50978,214.54,8.69,-18.49,492.99,-0.82,-92.62
9,62,0.51828,218.62,8.68,-19.25,479.71,-0.81,-90.13
9,63,0.52652,222.87,8.68,-20.04,516.30,-0.89,-95.56
9,64,0.53503,227.22,8.67,-20.84,510.04,-0.89,-93.91
9,65,0.54315,231.69,8.66,-21.66,551.13,-0.97,-100.75
9,66,0.55153,236.21,8.65,-22.48,539.16,-0.97,-98.36
9,67,0.55997,240.81,8.64,-23.32,545.03,-0.99,-98.73
9,68,0.56841,245.40,8.64,-24.15,545.03,-0.99,-98.73
9,69,0.57660,250.00,8.63,-24.98,561.27,-1.02,-101.68
9,70,0.58575,254.60,8.62,-25.81,502.33,-0.91,-91.00
9,71,0.59396,259.45,8.61,-26.64,591.08,-1.23,-100.37
9,72,0.60175,264.12,8.60,-27.34,599.22,-1.52,-89.80
9,73,0.61047,268.78,8.58,-28.04,534.27,-1.36,-80.07
9,74,0.61845,273.44,8.54,-28.74,584.32,-5.29,-87.95
9,75,0.62732,278.11,8.36,-29.44,525.99,-20.44,-79.17
9,76,0.63516,282.79,8.15,-30.12,597.67,-26.94,-87.16
9,77,0.64342,287.52,7.95,-30.78,571.90,-24.08,-79.48
9,78,0.65187,292.34,7.75,-31.45,570.76,-24.06,-79.06
9,79,0.66025,297.20,7.54,-32.12,579.60,-24.42,-80.15
9,80,0.66864,301.93,7.34,-32.77,563.64,-23.80,-77.45
9,81,0.67726,306.45,7.15,-33.38,524.60,-22.14,-70.80
9,82,0.68584,310.65,6.98,-33.93,490.04,-20.72,-63.70
9,83,0.69418,314.92,6.79,-34.48,511.15,-21.65,-66.18
9,84,0.70204,319.11,6.62,-35.02,533.98,-22.58,-68.35
9,85,0.71036,323.23,6.44,-35.47,494.68,-21.08,-54.68
9,86,0.71887,327.34,6.27,-35.93,483.15,-20.63,-53.41
9,87,0.72775,331.45,6.09,-36.38,463.23,-19.78,-51.20
9,88,0.73553,335.57,5.91,-36.81,529.02,-22.60,-55.29
9,89,0.74446,339.62,5.74,-37.22,453.68,-19.42,-46.15
9,90,0.75221,343.70,5.57,-37.64,526.77,-22.55,-53.94
9,91,0.76048,347.75,5.39,-38.05,489.67,-20.96,-49.82
9,92,0.76904,351.80,5.22,-38.46,473.08,-20.28,-48.13
10,0,0.00000,0.00,0.00,0.00,24.91,2.72,-4.33
10,1,0.00851,0.34,0.04,-0.05,40.50,4.43,-6.09
10,2,0.01678,1.15,0.13,-0.14,97.42,10.65,-10.70
10,3,0.02505,1.96,0.21,-0.23,97.42,10.60,-10.70
10,4,0.03387,2.76,0.30,-0.32,91.35,9.99,-10.03
10,5,0.04236,4.36,0.48,-0.48,188.85,20.60,-19.06
10,6,0.05075,6.31,0.69,-0.67,231.64,25.28,-23.27
10,7,0.05893,8.84,0.96,-0.92,310.07,33.72,-30.60
10,8,0.06714,11.80,1.29,-1.19,360.59,39.30,-32.34
10,9,0.07568,15.13,1.65,-1.47,389.64,42.42,-32.50
10,10,0.08463,18.46,2.01,-1.75,372.35,40.52,-31.06
10,11,0.09213,22.02,2.23,-2.04,473.17,29.57,-39.43
10,12,0.10068,25.34,2.30,-2.32,389.64,8.31,-32.50
10,13,0.10910,28.72,2.26,-2.52,401.09,-5.06,-24.28
10,14,0.11752,32.13,2.28,-2.68,404.71,2.28,-18.48
10,15,0.12573,35.54,2.29,-2.84,415.24,1.64,-18.96
10,16,0.13467,38.96,2.30,-2.96,382.94,1.10,-13.65
10,17,0.14230,42.43,2.30,-2.99,454.00,0.01,-4.00
10,18,0.15152,45.89,2.31,-3.02,375.83,0.05,-3.31
10,19,0.15930,49.43,2.31,-3.05,454.90,-0.00,-3.92
10,20,0.16742,52.93,2.30,-2.98,431.20,-1.20,7.89
10,21,0.17587,56.43,2.29,-2.98,414.08,-0.42,0.72
10,22,0.18503,59.93,2.30,-3.12,382.33,1.29,-15.33
10,23,0.19327,63.51,2.32,-3.26,434.44,1.46,-17.41
10,24,0.20099,67.01,2.33,-3.40,453.36,1.57,-18.18
10,25,0.20929,70.51,2.34,-3.54,421.69,1.42,-16.91
10,26,0.21790,74.02,2.36,-3.72,407.09,1.82,-20.57
10,27,0.22614,77.52,2.38,-3.97,425.56,2.89,-30.74
10,28,0.23502,81.03,2.40,-4.23,394.85,2.73,-28.52
10,29,0.24268,84.57,2.43,-4.48,462.15,3.11,-33.07
10,30,0.25174,88.07,2.46,-4.86,385.86,4.15,-41.75
10,31,0.25946,91.56,2.50,-5.24,452.96,4.82,-49.01
10,32,0.26773,95.06,2.54,-5.62,422.88,4.50,-45.76
10,33,0.27603,98.82,2.59,-6.09,452.21,5.64,-56.99
10,34,0.28500,102.70,2.64,-6.61,433.33,5.75,-57.82
10,35,0.29355,106.88,2.70,-7.26,488.93,7.82,-76.79
10,36,0.30124,111.13,2.77,-7.93,552.38,8.75,-86.90
10,37,0.30963,115.31,2.84,-8.59,497.82,7.91,-78.18
10,38,0.31793,119.49,2.90,-9.24,503.31,8.00,-79.04
10,39,0.32626,123.66,2.97,-9.90,501.47,7.96,-79.12
10,40,0.33499,127.84,3.05,-10.66,478.67,8.84,-86.71
10,41,0.34348,132.02,3.13,-11.42,492.45,9.10,-89.21
10,42,0.35129,136.20,3.20,-12.17,534.77,9.83,-96.88
10,43,0.35965,140.44,3.28,-12.95,507.66,9.50,-93.07
10,44,0.36816,144.72,3.36,-13.74,502.15,9.48,-92.83
10,45,0.37637,148.99,3.44,-14.53,520.82,9.78,-96.28
10,46,0.38486,153.27,3.52,-15.32,503.96,9.46,-93.17
10,47,0.39301,157.54,3.60,-16.11,524.72,9.90,-97.00
10,48,0.40216,161.82,3.68,-16.90,467.00,8.81,-86.33
10,49,0.40991,166.21,3.77,-17.72,566.14,10.64,-104.72
10,50,0.41818,170.25,3.84,-18.48,488.93,9.43,-92.25
10,51,0.42694,174.30,4.29,-19.24,461.67,50.83,-87.11
10,52,0.43509,178.34,4.63,-20.00,496.25,42.26,-93.63
10,53,0.44385,182.38,4.82,-20.77,461.67,21.06,-87.11
10,54,0.45160,186.43,4.90,-21.53,521.65,10.12,-98.43
10,55,0.45990,190.38,4.89,-22.28,476.10,-0.30,-90.44
10,56,0.46841,194.33,5.06,-23.03,464.16,19.87,-88.17
10,57,0.47678,198.28,5.16,-23.78,472.63,11.61,-89.78
10,58,0.48520,202.23,5.26,-24.53,469.20,11.52,-89.13
10,59,0.49344,206.19,5.49,-25.28,480.00,27.96,-91.11
10,60,0.50250,210.26,5.70,-26.05,449.49,23.20,-84.51
10,61,0.51086,214.51,5.95,-26.85,508.03,29.62,-95.62
10,62,0.51855,218.61,6.18,-27.62,532.54,31.05,-100.00
10,63,0.52686,222.88,6.43,-28.41,515.07,29.97,-95.59
10,64,0.53528,227.23,6.69,-29.21,516.67,30.04,-95.29
10,65,0.54422,231.71,6.95,-30.03,500.34,29.08,-91.47
10,66,0.55197,236.24,7.21,-30.86,584.25,33.92,-106.30
10,67,0.56033,240.84,7.48,-31.69,550.00,31.91,-99.64
10,68,0.56882,245.43,7.74,-32.52,542.09,31.46,-98.20
10,69,0.57718,250.03,8.01,-33.36,550.00,31.91,-99.64
10,70,0.58554,254.63,8.28,-34.19,550.00,31.94,-99.64
10,71,0.59424,259.26,8.54,-34.98,531.58,30.57,-90.53
10,72,0.60269,263.91,8.81,-35.71,550.90,31.44,-86.64
10,73,0.61099,268.60,9.08,-36.48,564.71,32.43,-93.38
10,74,0.61887,273.25,9.35,-37.30,589.92,34.10,-104.26
10,75,0.62729,277.88,9.62,-38.16,550.72,32.05,-101.45
10,76,0.63574,282.54,9.89,-39.03,550.90,32.08,-102.53
10,77,0.64456,287.23,10.16,-39.88,531.83,30.88,-97.23
10,78,0.65234,292.18,10.45,-40.80,635.69,37.02,-117.65
10,79,0.66107,296.99,10.73,-41.69,551.05,32.06,-102.45
10,80,0.66907,301.68,11.00,-42.56,587.02,34.19,-108.78
10,81,0.67728,306.14,11.26,-43.37,542.75,31.49,-98.88
10,82,0.68585,310.31,11.50,-44.12,486.48,28.17,-86.48
10,83,0.69455,314.48,11.74,-44.86,479.65,27.76,-85.26
10,84,0.70251,318.64,11.98,-45.59,522.61,30.21,-91.57
10,85,0.71152,322.73,12.22,-46.23,454.24,25.94,-71.86
10,86,0.71921,326.93,12.46,-46.90,546.43,31.17,-86.51
10,87,0.72797,331.02,12.69,-47.55,466.90,26.69,-73.87
10,88,0.73602,335.06,12.92,-48.16,501.14,28.48,-75.76
10,89,0.74475,339.09,13.15,-48.76,461.19,26.19,-69.23
10,90,0.75330,343.11,13.38,-49.37,471.07,26.75,-70.71
10,91,0.76099,347.17,13.61,-49.97,527.78,29.96,-78.97
10,92,0.76947,351.20,13.84,-50.58,474.46,26.92,-71.22
10,93,0.77789,355.45,13.83,-51.26,505.43,-0.41,-81.52
11,0,0.00000,0.00,0.00,0.00,6.76,-0.04,-23.84
11,1,0.00876,0.12,0.00,-0.33,13.94,0.12,-37.28
11,2,0.01648,0.50,0.01,-1.08,48.62,1.04,-97.63
11,3,0.02490,0.89,0.02,-1.79,47.10,1.13,-83.70
11,4,0.03320,1.29,0.03,-2.49,47.79,1.20,-84.93
11,5,0.04160,2.10,0.05,-3.91,96.36,2.36,-169.09
11,6,0.05008,3.05,0.07,-5.57,112.23,2.77,-195.68
11,7,0.05847,4.32,0.10,-7.77,150.91,3.80,-262.18
11,8,0.06775,5.83,0.14,-10.33,162.50,4.17,-276.32
11,9,0.07581,7.64,0.19,-13.38,225.38,5.82,-378.41
11,10,0.08344,9.35,0.23,-16.25,224.40,5.80,-376.40
11,11,0.09177,11.07,0.28,-19.13,205.49,5.36,-344.69
11,12,0.10013,12.78,0.32,-22.00,204.74,5.29,-343.43
11,13,0.10919,14.58,0.37,-24.86,198.32,5.44,-316.16
11,14,0.11679,16.43,0.42,-27.73,244.18,6.86,-376.71
11,15,0.12521,18.29,0.48,-30.59,220.29,6.23,-339.86
11,16,0.13379,20.18,0.53,-33.44,220.64,6.31,-333.10
11,17,0.14203,22.17,0.59,-36.28,241.48,7.29,-344.07
11,18,0.15027,24.16,0.65,-39.11,241.48,7.25,-344.07
11,19,0.15878,26.15,0.71,-41.95,233.69,7.06,-332.97
11,20,0.16766,28.23,0.78,-44.76,234.71,7.34,-316.49
11,21,0.17609,30.28,0.84,-47.60,242.75,7.42,-337.32
11,22,0.18375,32.22,1.05,-50.57,253.78,28.10,-387.25
11,23,0.19220,34.14,1.23,-53.50,227.08,21.12,-346.57
11,24,0.20038,36.06,1.41,-56.43,234.70,21.78,-358.21
11,25,0.20944,37.98,1.59,-59.36,211.78,19.70,-323.23
11,26,0.21710,39.87,1.76,-62.30,247.41,23.02,-384.86
11,27,0.22583,41.71,1.94,-65.30,210.14,19.74,-343.71
11,28,0.23404,43.54,2.11,-68.30,223.42,20.89,-365.43
11,29,0.24234,45.38,2.28,-71.30,220.96,20.75,-361.40
11,30,0.25061,47.11,2.45,-74.37,209.23,19.89,-370.11
11,31,0.25900,48.83,2.61,-77.43,205.45,19.50,-365.09
11,32,0.26801,50.56,2.77,-80.49,191.53,18.22,-340.34
11,33,0.27640,52.37,2.95,-83.85,216.73,20.75,-400.36
11,34,0.28400,54.21,3.12,-87.32,241.77,23.17,-455.82
11,35,0.29251,56.10,3.31,-91.09,222.22,21.50,-442.65
11,36,0.30078,58.00,3.49,-94.87,229.15,22.23,-457.20
11,37,0.30954,59.89,3.67,-98.65,216.38,20.90,-431.71
11,38,0.31799,61.79,3.86,-102.43,224.19,21.79,-447.29
11,39,0.32642,63.68,4.04,-106.21,225.00,21.82,-448.91
11,40,0.33414,65.50,4.22,-110.05,235.57,22.99,-497.63
11,41,0.34256,67.32,4.40,-113.89,215.58,21.17,-455.80
11,42,0.35089,69.13,4.57,-117.73,217.95,21.31,-460.81
11,43,0.35995,70.97,4.75,-121.63,202.36,19.85,-430.30
11,44,0.36758,72.89,4.94,-125.74,252.40,24.69,-539.20
11,45,0.37607,74.74,5.12,-129.68,217.27,21.34,-464.39
11,46,0.38452,76.58,5.30,-133.62,218.05,21.37,-466.06
11,47,0.39291,78.42,5.49,-137.56,219.64,21.57,-469.45
11,48,0.40109,80.27,5.67,-141.50,225.37,22.09,-481.72
11,49,0.40939,82.11,5.85,-145.44,221.69,21.77,-474.26
11,50,0.41846,83.84,6.02,-149.17,190.91,18.78,-411.78
11,51,0.42688,85.59,6.19,-152.94,207.61,20.38,-447.83
11,52,0.43442,87.33,6.36,-156.70,230.77,22.70,-497.98
11,53,0.44333,89.06,6.53,-160.43,194.18,19.06,-418.84
11,54,0.45169,90.78,6.70,-164.16,206.20,20.25,-446.35
11,55,0.46021,92.46,6.86,-167.82,197.49,19.45,-429.03
11,56,0.46793,94.15,7.11,-171.47,218.18,31.84,-473.52
11,57,0.47626,95.83,7.16,-175.13,201.83,6.42,-438.46
11,58,0.48465,97.51,7.31,-178.78,200.00,17.11,-435.27
11,59,0.49313,99.19,7.45,-182.43,198.20,17.00,-430.94
11,60,0.50140,100.92,7.60,-186.20,208.86,17.87,-455.72
11,61,0.50974,102.62,7.75,-189.98,204.40,17.50,-453.85
11,62,0.51880,104.31,7.88,-193.77,186.20,14.53,-417.85
11,63,0.52716,106.14,7.93,-197.89,218.98,5.77,-492.70
11,64,0.53491,107.93,7.99,-201.93,231.89,8.77,-521.26
11,65,0.54315,109.78,8.05,-206.09,224.44,7.25,-504.44
11,66,0.55157,111.65,8.11,-210.29,222.10,7.09,-498.91
11,67,0.56009,113.55,8.17,-214.56,222.58,7.16,-501.79
11,68,0.56821,115.44,8.23,-218.84,232.33,7.42,-527.07
11,69,0.57733,117.32,8.36,-223.12,206.02,14.22,-469.23
11,70,0.58585,119.19,8.46,-227.45,220.07,11.28,-507.89
11,71,0.59335,121.13,8.56,-231.85,258.94,13.39,-586.18
11,72,0.60165,123.08,8.66,-236.14,234.56,12.31,-517.28
11,73,0.61014,125.00,8.76,-240.45,225.90,11.76,-507.91
11,74,0.61908,126.89,8.86,-244.77,211.60,10.88,-482.94
11,75,0.62680,128.77,8.96,-249.10,243.08,12.47,-560.47
11,76,0.63553,130.66,9.05,-253.44,217.48,11.12,-497.55
11,77,0.64352,132.59,9.15,-257.80,241.22,12.53,-545.42
11,78,0.65179,134.56,9.25,-262.26,238.01,12.30,-539.11
11,79,0.66034,136.54,9.36,-266.74,231.07,11.93,-524.29
11,80,0.66864,138.46,9.46,-271.11,231.62,11.98,-526.47
11,81,0.67755,140.29,9.55,-275.27,205.82,10.63,-466.44
11,82,0.68597,142.00,9.64,-279.14,203.26,10.53,-460.51
11,83,0.69366,143.73,9.73,-283.10,223.81,11.44,-514.68
11,84,0.70209,145.40,9.81,-286.98,198.91,10.12,-460.51
11,85,0.71048,147.09,9.90,-290.76,200.73,10.50,-450.55
11,86,0.71939,148.75,9.99,-294.55,186.99,9.63,-425.00
11,87,0.72702,150.42,10.07,-298.36,218.00,11.18,-498.80
11,88,0.73541,152.07,10.20,-302.09,196.73,14.86,-445.09
11,89,0.74399,153.71,10.13,-305.81,191.46,-7.35,-434.16
11,90,0.75232,155.34,10.16,-309.54,195.97,2.76,-447.62
11,91,0.76074,156.97,10.18,-313.27,193.48,2.75,-442.75
11,92,0.76953,158.60,10.20,-317.00,185.07,2.60,-424.65
11,93,0.77731,160.31,10.22,-321.07,220.78,2.67,-522.75
12,0,0.00000,0.00,0.00,0.00,-9.19,0.82,-23.90
12,1,0.00833,-0.12,0.01,-0.33,-14.29,1.32,-39.19
12,2,0.01669,-0.36,0.04,-1.10,-29.20,2.98,-92.34
12,3,0.02509,-0.61,0.06,-1.87,-29.09,2.92,-92.00
12,4,0.03348,-0.85,0.09,-2.64,-29.09,2.94,-92.00
12,5,0.04172,-1.32,0.13,-4.17,-57.04,5.83,-184.81
12,6,0.05005,-1.88,0.19,-5.96,-66.67,6.84,-215.75
12,7,0.05838,-2.62,0.27,-8.39,-89.38,9.18,-291.58
12,8,0.06680,-3.46,0.35,-11.21,-99.28,10.37,-334.78
12,9,0.07498,-4.39,0.45,-14.42,-113.43,12.08,-392.54
12,10,0.08347,-5.31,0.55,-17.63,-109.35,11.60,-378.42
12,11,0.09164,-6.24,0.65,-20.84,-113.43,12.08,-392.54
12,12,0.09998,-7.17,0.75,-24.05,-111.36,11.82,-385.35
12,13,0.10828,-8.04,0.85,-27.31,-105.51,11.70,-392.65
12,14,0.11658,-8.87,0.94,-30.62,-99.26,11.53,-398.90
12,15,0.12494,-9.69,1.06,-33.94,-98.54,14.02,-395.99
12,16,0.13339,-10.50,1.15,-37.26,-95.31,10.85,-393.14
12,17,0.14166,-11.21,1.23,-40.65,-85.98,10.24,-409.96
12,18,0.15002,-11.92,1.33,-44.04,-85.04,10.91,-405.47
12,19,0.15833,-12.63,1.42,-47.43,-85.66,10.94,-408.46
12,20,0.16687,-13.27,1.50,-50.87,-74.64,10.09,-402.14
12,21,0.17517,-13.93,1.59,-54.31,-79.41,10.94,-414.34
12,22,0.18341,-14.76,1.70,-57.71,-100.74,12.31,-412.96
12,23,0.19162,-15.59,1.79,-61.11,-101.12,11.61,-414.50
12,24,0.20001,-16.42,1.89,-64.51,-99.27,11.31,-405.45
12,25,0.20837,-17.25,1.98,-67.92,-99.64,11.39,-406.93
12,26,0.21664,-18.11,2.08,-71.32,-102.95,11.58,-411.07
12,27,0.22501,-19.05,2.17,-74.70,-112.77,11.45,-405.11
12,28,0.23331,-19.99,2.26,-78.09,-113.60,10.90,-408.09
12,29,0.24155,-20.94,2.35,-81.48,-114.44,10.47,-411.11
12,30,0.24988,-21.98,2.43,-84.84,-125.64,9.85,-402.93
12,31,0.25833,-23.05,2.52,-88.19,-126.35,9.98,-396.39
12,32,0.26675,-24.12,2.60,-91.54,-126.81,10.01,-397.83
12,33,0.27505,-25.30,2.69,-95.07,-141.91,10.75,-425.00
12,34,0.28357,-26.58,2.78,-98.77,-150.90,11.03,-435.13
12,35,0.29169,-28.03,2.88,-102.69,-178.57,12.29,-482.71
12,36,0.29999,-29.51,2.98,-106.65,-178.31,12.18,-477.57
12,37,0.30829,-30.99,3.09,-110.62,-178.31,12.17,-477.57
12,38,0.31662,-32.47,3.19,-114.58,-177.66,12.15,-475.82
12,39,0.32486,-33.95,3.29,-118.55,-179.63,12.26,-481.11
12,40,0.33325,-35.51,3.39,-122.49,-186.18,12.06,-470.18
12,41,0.34152,-37.09,3.49,-126.43,-190.77,12.24,-476.75
12,42,0.34985,-38.67,3.59,-130.38,-189.38,12.14,-473.26
12,43,0.35834,-40.27,3.69,-134.36,-189.21,12.07,-469.78
12,44,0.36664,-41.90,3.80,-138.39,-196.32,12.49,-485.66
12,45,0.37488,-43.53,3.90,-142.43,-197.78,12.55,-489.26
12,46,0.38318,-45.16,4.00,-146.46,-196.32,12.49,-485.66
12,47,0.39166,-46.79,4.11,-150.49,-192.09,12.21,-475.18
12,48,0.39993,-48.42,4.21,-154.52,-197.05,12.51,-487.45
12,49,0.40820,-50.05,4.31,-158.55,-197.05,12.52,-487.45
12,50,0.41675,-51.62,4.41,-162.40,-183.57,11.56,-450.00
12,51,0.42490,-53.18,4.51,-166.20,-191.01,12.02,-467.42
12,52,0.43326,-54.73,4.61,-170.01,-186.13,11.71,-455.47
12,53,0.44162,-56.29,4.71,-173.82,-186.13,11.70,-455.47
12,54,0.44992,-57.85,4.81,-177.63,-187.87,11.81,-458.82
12,55,0.45859,-59.38,4.90,-181.37,-176.76,11.08,-430.99
12,56,0.46674,-60.91,5.00,-185.09,-187.64,11.76,-456.55
12,57,0.47498,-62.44,5.09,-188.81,-185.56,11.61,-451.48
12,58,0.48331,-63.97,5.19,-192.53,-183.52,11.49,-446.52
12,59,0.49182,-65.50,5.28,-196.25,-179.57,11.24,-436.92
12,60,0.49994,-67.06,5.38,-200.06,-192.48,12.10,-470.30
12,61,0.50815,-68.63,5.48,-203.90,-191.08,12.03,-467.66
12,62,0.51663,-70.20,5.58,-207.74,-184.89,11.64,-452.52
12,63,0.52490,-71.81,5.68,-211.71,-194.83,12.32,-479.34
12,64,0.53333,-73.46,5.79,-215.80,-196.38,12.48,-485.87
12,65,0.54156,-75.15,5.89,-220.00,-205.19,13.08,-509.63
12,66,0.54987,-76.86,6.00,-224.24,-205.51,13.11,-510.66
12,67,0.55850,-78.60,6.11,-228.58,-201.41,12.90,-502.47
12,68,0.56686,-80.34,6.13,-232.92,-208.03,1.80,-518.98
12,69,0.57489,-82.08,6.08,-237.26,-216.73,-6.45,-540.68
12,70,0.58322,-83.82,6.03,-241.60,-208.79,-6.23,-520.88
12,71,0.59183,-85.54,5.98,-245.95,-200.00,-5.91,-505.67
12,72,0.59995,-87.16,5.93,-250.38,-200.00,-5.86,-545.49
12,73,0.60840,-88.78,5.88,-254.80,-192.06,-5.60,-523.83
12,74,0.61664,-90.41,5.83,-259.23,-197.04,-5.75,-537.41
12,75,0.62512,-92.03,5.78,-263.66,-191.37,-6.06,-521.94
12,76,0.63324,-93.65,5.73,-268.10,-199.25,-6.22,-546.62
12,77,0.64163,-95.24,5.68,-272.59,-189.45,-5.90,-535.64
12,78,0.64993,-96.85,5.63,-277.15,-194.12,-6.03,-549.63
12,79,0.65839,-98.49,5.58,-281.78,-193.50,-5.99,-547.29
12,80,0.66678,-100.08,5.53,-286.30,-190.18,-5.93,-538.91
12,81,0.67526,-101.64,5.48,-290.72,-183.09,-5.67,-520.86
12,82,0.68323,-103.02,5.44,-294.73,-173.18,-5.37,-503.07
12,83,0.69189,-104.39,5.40,-298.74,-159.15,-4.93,-462.32
12,84,0.69998,-105.78,5.35,-302.74,-170.94,-5.27,-495.47
12,85,0.70865,-107.07,5.32,-306.69,-149.30,-4.58,-455.63
12,86,0.71695,-108.35,5.28,-310.63,-153.68,-4.70,-474.26
12,87,0.72525,-109.62,5.24,-314.57,-153.68,-4.72,-474.26
12,88,0.73358,-110.87,5.20,-318.48,-149.82,-4.55,-469.23
12,89,0.74182,-112.09,5.16,-322.36,-148.15,-4.50,-471.11
12,90,0.75064,-113.31,5.12,-326.24,-138.41,-4.23,-440.14
12,91,0.75845,-114.53,5.09,-330.12,-156.25,-4.75,-496.88
12,92,0.76697,-115.75,5.05,-334.00,-143.37,-4.34,-455.91
12,93,0.77539,-117.06,5.01,-338.06,-155.07,-4.74,-481.16
12,94,0.78360,-118.42,5.09,-342.20,-166.17,9.47,-504.46
13,0,0.00000,0.00,0.00,0.00,-7.33,0.27,-24.54
13,1,0.00903,-0.09,0.01,-0.34,-9.46,0.57,-37.50
13,2,0.01660,-0.25,0.02,-1.15,-21.77,2.09,-106.85
13,3,0.02502,-0.41,0.04,-1.94,-19.20,1.84,-94.20
13,4,0.03333,-0.57,0.05,-2.73,-19.49,1.82,-95.59
13,5,0.04178,-0.89,0.08,-4.32,-36.82,3.74,-187.36
13,6,0.05017,-1.25,0.12,-6.18,-43.64,4.38,-221.82
13,7,0.05844,-1.74,0.17,-8.67,-58.67,6.13,-301.48
13,8,0.06738,-2.27,0.23,-11.58,-60.07,6.77,-325.26
13,9,0.07590,-2.86,0.30,-14.89,-69.18,8.23,-388.17
13,10,0.08347,-3.46,0.37,-18.22,-78.63,9.44,-440.73
13,11,0.09192,-4.04,0.44,-21.51,-69.31,8.30,-389.17
13,12,0.10037,-4.63,0.51,-24.80,-69.68,8.31,-389.17
13,13,0.10928,-5.16,0.61,-28.14,-59.25,10.32,-374.66
13,14,0.11688,-5.63,0.84,-31.52,-62.25,30.80,-444.58
13,15,0.12534,-6.11,1.00,-34.90,-55.96,18.62,-399.64
13,16,0.13385,-6.56,1.16,-38.29,-52.69,18.66,-398.57
13,17,0.14209,-6.91,1.32,-41.74,-42.96,20.10,-418.15
13,18,0.15039,-7.26,1.49,-45.18,-42.65,19.93,-415.07
13,19,0.15894,-7.62,1.65,-48.63,-41.43,19.40,-403.21
13,20,0.16782,-7.89,1.82,-52.13,-30.93,19.27,-394.16
13,21,0.17630,-8.21,2.00,-55.71,-37.41,20.53,-422.30
13,22,0.18384,-8.70,2.17,-59.33,-65.18,22.50,-480.57
13,23,0.19220,-9.17,2.33,-62.80,-56.20,19.36,-414.96
13,24,0.20062,-9.64,2.49,-66.27,-55.80,19.27,-411.96
13,25,0.20959,-10.11,2.65,-69.74,-52.38,18.09,-386.73
13,26,0.21719,-10.61,2.81,-73.21,-65.86,21.20,-456.63
13,27,0.22571,-11.19,2.97,-76.68,-68.10,18.56,-407.53
13,28,0.23410,-11.77,3.13,-80.15,-69.09,18.81,-413.09
13,29,0.24246,-12.35,3.29,-83.62,-69.34,18.88,-414.60
13,30,0.25082,-13.05,3.44,-87.06,-83.58,18.20,-412.04
13,31,0.25912,-13.75,3.59,-90.51,-84.93,18.30,-415.07
13,32,0.26807,-14.46,3.74,-93.95,-78.84,16.99,-385.32
13,33,0.27655,-15.27,3.90,-97.63,-96.04,18.83,-433.45
13,34,0.28418,-16.16,4.07,-101.46,-116.00,21.58,-501.60
13,35,0.29266,-17.20,4.24,-105.54,-122.66,20.30,-481.29
13,36,0.30090,-18.25,4.41,-109.64,-127.41,20.95,-497.41
13,37,0.30930,-19.31,4.62,-113.73,-125.82,24.05,-488.00
13,38,0.31827,-20.36,4.53,-117.83,-118.03,-9.83,-456.46
13,39,0.32687,-21.44,4.33,-121.92,-124.82,-22.50,-475.53
13,40,0.33429,-22.70,4.22,-126.12,-170.37,-15.19,-565.84
13,41,0.34268,-23.98,4.11,-130.17,-152.36,-12.91,-482.55
13,42,0.35114,-25.28,4.00,-134.21,-154.15,-12.76,-477.98
13,43,0.36023,-26.63,3.90,-138.31,-147.65,-12.02,-450.67
13,44,0.36777,-27.99,3.79,-142.44,-180.97,-14.58,-548.18
13,45,0.37619,-29.37,3.68,-146.56,-163.41,-13.04,-489.49
13,46,0.38464,-30.75,3.57,-150.68,-163.54,-12.98,-487.73
13,47,0.39294,-32.14,3.46,-154.80,-167.28,-13.19,-496.32
13,48,0.40137,-33.53,3.35,-158.92,-165.58,-12.99,-488.77
13,49,0.40955,-34.93,3.24,-163.04,-171.27,-13.36,-503.36
13,50,0.41858,-36.28,3.13,-166.93,-148.99,-11.41,-430.74
13,51,0.42694,-37.65,3.03,-170.87,-164.23,-12.50,-471.53
13,52,0.43481,-39.01,2.93,-174.76,-172.48,-13.07,-493.41
13,53,0.44296,-40.37,2.82,-178.64,-167.04,-12.62,-476.40
13,54,0.45135,-41.73,2.72,-182.52,-162.18,-12.25,-462.55
13,55,0.46002,-43.07,2.62,-186.31,-154.58,-11.58,-437.68
13,56,0.46869,-44.41,2.52,-190.10,-154.58,-11.57,-437.32
13,57,0.47656,-45.77,2.42,-193.95,-172.48,-12.91,-487.98
13,58,0.48489,-47.11,2.54,-197.74,-161.17,14.96,-454.95
13,59,0.49335,-48.46,2.66,-201.53,-158.84,13.78,-448.74
13,60,0.50165,-49.84,2.78,-205.44,-166.18,14.48,-471.32
13,61,0.51010,-51.21,2.90,-209.35,-163.18,14.19,-462.82
13,62,0.51892,-52.59,3.02,-213.27,-156.40,13.60,-443.60
13,63,0.52670,-54.05,3.15,-217.41,-186.67,16.31,-532.55
13,64,0.53500,-55.50,3.27,-221.58,-175.37,15.31,-502.57
13,65,0.54355,-56.99,3.41,-225.88,-174.64,15.33,-502.86
13,66,0.55188,-58.50,3.54,-230.22,-180.59,15.85,-520.88
13,67,0.56027,-60.03,3.67,-234.64,-181.82,16.01,-526.55
13,68,0.56851,-61.55,3.81,-239.06,-185.19,16.55,-536.30
13,69,0.57761,-63.08,3.96,-243.48,-167.79,16.14,-485.91
13,70,0.58597,-64.71,4.11,-248.20,-195.26,18.78,-564.96
13,71,0.59369,-66.19,4.26,-252.65,-191.70,18.82,-576.68
13,72,0.60190,-67.60,4.40,-257.15,-172.12,17.44,-547.96
13,73,0.61050,-69.04,4.54,-261.64,-166.67,16.74,-521.99
13,74,0.61942,-70.50,4.69,-266.12,-164.73,16.32,-502.74
13,75,0.62704,-72.00,4.84,-270.59,-196.00,19.16,-586.00
13,76,0.63550,-73.50,4.98,-275.09,-177.26,17.40,-531.77
13,77,0.64389,-75.00,5.13,-279.61,-178.55,17.57,-539.27
13,78,0.65225,-76.55,5.28,-284.23,-185.40,18.12,-552.55
13,79,0.66049,-78.11,5.44,-288.87,-190.00,18.53,-562.96
13,80,0.66879,-79.64,5.58,-293.40,-184.56,17.92,-544.85
13,81,0.67792,-81.09,5.73,-297.71,-158.86,15.52,-472.24
13,82,0.68625,-82.45,5.86,-301.79,-163.00,15.99,-489.74
13,83,0.69394,-83.79,5.99,-305.81,-174.21,17.10,-523.02
13,84,0.70224,-85.12,6.12,-309.82,-159.93,15.74,-483.46
13,85,0.71088,-86.36,6.25,-313.77,-143.11,14.55,-457.60
13,86,0.71964,-87.59,6.37,-317.72,-141.11,14.32,-450.87
13,87,0.72736,-88.83,6.50,-321.67,-160.47,16.27,-511.86
13,88,0.73566,-90.03,6.62,-325.58,-144.12,14.83,-470.59
13,89,0.74426,-91.21,6.74,-329.47,-137.59,14.23,-452.48
13,90,0.75253,-92.40,6.86,-333.37,-143.17,14.74,-470.85
13,91,0.76086,-93.58,6.99,-337.26,-142.12,14.68,-467.40
13,92,0.76950,-94.76,7.11,-341.16,-137.10,14.14,-450.88
13,93,0.77850,-96.05,7.24,-345.25,-143.39,14.52,-455.25
14,0,0.00000,0.00,0.00,0.00,-8.50,0.85,-22.11
14,1,0.00775,-0.10,0.01,-0.33,-12.99,1.71,-42.91
14,2,0.01627,-0.30,0.05,-1.12,-23.66,3.87,-92.11
14,3,0.02457,-0.50,0.08,-1.90,-24.26,3.97,-94.49
14,4,0.03296,-0.70,0.11,-2.69,-24.00,3.95,-93.45
14,5,0.04120,-1.09,0.18,-4.23,-46.67,7.93,-187.78
14,6,0.05023,-1.54,0.26,-6.06,-50.00,8.61,-202.36
14,7,0.05792,-2.15,0.36,-8.56,-79.76,13.82,-325.00
14,8,0.06659,-2.83,0.48,-11.43,-78.17,14.22,-331.34
14,9,0.07455,-3.58,0.63,-14.69,-93.87,17.63,-408.81
14,10,0.08301,-4.33,0.77,-17.94,-88.45,16.61,-385.20
14,11,0.09189,-5.08,0.91,-21.20,-84.19,15.81,-366.67
14,12,0.10037,-5.83,1.05,-24.49,-88.85,16.77,-388.13
14,13,0.10809,-6.52,1.19,-27.83,-89.72,18.95,-431.62
14,14,0.11652,-7.16,1.38,-31.18,-75.72,22.10,-397.83
14,15,0.12476,-7.80,1.35,-34.53,-77.41,-3.49,-406.67
14,16,0.13327,-8.41,1.19,-37.89,-72.04,-19.14,-395.34
14,17,0.14221,-8.93,1.09,-41.32,-58.02,-10.73,-382.94
14,18,0.15067,-9.46,0.99,-44.84,-63.18,-11.69,-416.97
14,19,0.15833,-9.99,0.90,-48.34,-69.32,-12.80,-456.97
14,20,0.16681,-10.43,0.80,-51.82,-51.44,-11.55,-409.35
14,21,0.17520,-10.92,0.70,-55.28,-57.82,-11.62,-413.09
14,22,0.18362,-11.55,0.61,-58.73,-75.72,-11.34,-409.06
14,23,0.19260,-12.19,0.51,-62.17,-71.09,-10.67,-384.01
14,24,0.20029,-12.84,0.41,-65.65,-83.73,-12.54,-451.98
14,25,0.20935,-13.47,0.32,-69.09,-70.37,-10.55,-380.13
14,26,0.21698,-14.14,0.22,-72.54,-87.60,-12.51,-452.00
14,27,0.22531,-14.89,0.13,-75.98,-89.74,-11.35,-412.45
14,28,0.23376,-15.64,0.03,-79.42,-88.45,-11.18,-406.50
14,29,0.24261,-16.38,-0.06,-82.85,-84.48,-10.68,-388.28
14,30,0.25098,-17.25,-0.15,-86.26,-103.28,-11.11,-407.66
14,31,0.25876,-18.12,-0.25,-89.68,-112.55,-11.95,-439.22
14,32,0.26718,-19.00,-0.34,-93.08,-103.62,-11.00,-404.35
14,33,0.27548,-19.99,-0.44,-96.71,-119.12,-11.83,-436.76
14,34,0.28394,-21.05,-0.54,-100.48,-126.35,-12.06,-446.21
14,35,0.29251,-22.29,-0.65,-104.51,-143.77,-12.59,-469.40
14,36,0.30060,-23.53,-0.76,-108.55,-153.96,-13.40,-500.00
14,37,0.30966,-24.78,-0.87,-112.59,-137.37,-11.97,-446.13
14,38,0.31750,-26.09,-0.98,-116.85,-167.70,-14.54,-543.19
14,39,0.32562,-27.34,-1.09,-120.90,-153.76,-13.34,-497.74
14,40,0.33405,-28.69,-1.19,-124.92,-159.78,-12.73,-478.26
14,41,0.34259,-30.04,-1.07,-128.95,-157.86,14.04,-471.07
14,42,0.35141,-31.39,-1.00,-132.97,-153.29,8.18,-456.40
14,43,0.35910,-32.77,-0.88,-137.06,-179.76,15.97,-531.35
14,44,0.36761,-34.17,-0.76,-141.18,-164.16,14.57,-483.51
14,45,0.37585,-35.57,-0.63,-145.29,-169.63,15.08,-499.63
14,46,0.38419,-36.96,-0.51,-149.41,-167.77,14.90,-494.14
14,47,0.39264,-38.36,-0.38,-153.53,-165.34,14.68,-487.00
14,48,0.40094,-39.76,-0.26,-157.64,-168.38,14.95,-495.96
14,49,0.40985,-41.16,-0.14,-161.76,-156.85,13.94,-461.99
14,50,0.41782,-42.50,-0.02,-165.66,-168.58,14.85,-490.04
14,51,0.42603,-43.84,0.10,-169.56,-162.83,14.37,-473.98
14,52,0.43436,-45.17,0.22,-173.45,-160.44,14.13,-467.03
14,53,0.44275,-46.51,0.34,-177.34,-159.64,14.08,-463.64
14,54,0.45175,-47.85,0.46,-181.23,-149.15,13.11,-431.86
14,55,0.45944,-49.22,0.65,-185.14,-176.98,25.17,-509.13
14,56,0.46777,-50.53,0.71,-188.94,-158.24,7.02,-456.04
14,57,0.47629,-51.86,0.83,-192.74,-155.20,14.88,-445.88
14,58,0.48459,-53.18,0.96,-196.53,-159.19,15.23,-457.35
14,59,0.49283,-54.50,1.09,-200.33,-160.74,15.40,-461.11
14,60,0.50195,-55.86,1.22,-204.25,-148.83,14.31,-429.43
14,61,0.50949,-57.27,1.35,-208.33,-187.45,17.97,-540.89
14,62,0.51788,-58.63,1.48,-212.25,-161.82,15.56,-466.91
14,63,0.52637,-60.04,1.62,-216.35,-166.19,16.02,-483.81
14,64,0.53470,-61.47,1.76,-220.54,-172.16,16.64,-502.20
14,65,0.54303,-62.94,1.90,-224.84,-176.19,17.06,-516.85
14,66,0.55133,-64.43,2.04,-229.19,-178.68,17.33,-524.26
14,67,0.56039,-65.93,2.19,-233.62,-165.66,16.10,-488.55
14,68,0.56879,-67.43,2.34,-238.05,-178.91,17.38,-527.64
14,69,0.57645,-68.95,2.48,-242.52,-198.01,19.25,-583.67
14,70,0.58481,-70.45,2.63,-246.95,-179.56,17.42,-529.56
14,71,0.59323,-71.90,2.77,-251.41,-172.46,17.15,-529.71
14,72,0.60220,-73.28,2.92,-255.92,-153.74,15.79,-502.72
14,73,0.60983,-74.66,3.06,-260.44,-181.20,18.66,-592.80
14,74,0.61896,-76.04,3.20,-264.95,-151.17,15.57,-494.31
14,75,0.62656,-77.47,3.35,-269.61,-187.55,19.29,-613.25
14,76,0.63504,-78.83,3.49,-274.15,-160.79,16.71,-534.89
14,77,0.64331,-80.17,3.63,-278.73,-162.36,17.09,-553.14
14,78,0.65167,-81.54,3.77,-283.40,-163.87,17.27,-559.49
14,79,0.66061,-82.92,3.92,-288.10,-153.92,16.22,-525.26
14,80,0.66910,-84.26,4.06,-292.68,-157.91,16.70,-540.29
14,81,0.67676,-85.54,4.20,-297.13,-167.33,17.80,-579.68
14,82,0.68509,-86.70,4.32,-301.20,-138.83,14.90,-489.38
14,83,0.69339,-87.85,4.44,-305.28,-139.34,14.96,-491.18
14,84,0.70255,-89.00,4.57,-309.35,-125.00,13.50,-444.33
14,85,0.71085,-90.07,4.69,-313.42,-129.41,14.50,-490.44
14,86,0.71851,-91.13,4.81,-317.42,-137.85,15.44,-522.31
14,87,0.72687,-92.18,4.93,-321.42,-126.28,14.19,-478.47
14,88,0.73544,-93.20,5.04,-325.38,-118.15,13.48,-461.21
14,89,0.74365,-94.20,5.16,-329.32,-122.30,14.02,-480.30
14,90,0.75259,-95.21,5.27,-333.26,-112.63,12.89,-440.96
14,91,0.76102,-96.22,5.39,-337.20,-119.57,13.66,-468.12
14,92,0.76868,-97.22,5.50,-341.15,-131.47,15.05,-514.74
14,93,0.77701,-98.33,5.63,-345.31,-133.33,14.82,-499.27
15,0,0.00000,0.00,0.00,0.00,-8.30,0.78,-23.83
15,1,0.00824,-0.09,0.01,-0.34,-11.11,1.25,-40.74
15,2,0.01678,-0.27,0.03,-1.12,-21.07,2.57,-92.14
15,3,0.02499,-0.45,0.05,-1.91,-21.93,2.69,-95.91
15,4,0.03397,-0.63,0.08,-2.70,-20.07,2.44,-87.76
15,5,0.04163,-0.99,0.12,-4.30,-46.61,5.84,-209.56
15,6,0.05008,-1.40,0.17,-6.16,-48.74,6.10,-219.86
15,7,0.05847,-1.94,0.24,-8.64,-64.73,8.13,-295.64
15,8,0.06680,-2.55,0.32,-11.54,-72.89,9.47,-347.99
15,9,0.07510,-3.22,0.41,-14.82,-80.15,10.62,-394.49
15,10,0.08347,-3.88,0.50,-18.09,-79.56,10.50,-391.61
15,11,0.09253,-4.55,0.58,-21.37,-73.40,9.73,-361.28
15,12,0.10034,-5.23,0.67,-24.73,-87.50,11.58,-430.86
15,13,0.10846,-5.83,0.76,-28.06,-74.06,10.60,-409.77
15,14,0.11688,-6.38,0.85,-31.42,-65.58,10.06,-399.64
15,15,0.12592,-6.94,0.93,-34.79,-61.15,9.34,-372.64
15,16,0.13437,-7.46,1.01,-38.17,-62.09,9.91,-400.00
15,17,0.14191,-7.91,1.10,-41.69,-59.11,10.94,-466.80
15,18,0.15036,-8.34,1.18,-45.13,-51.26,9.52,-406.50
15,19,0.15884,-8.77,1.26,-48.56,-51.08,9.52,-405.04
15,20,0.16708,-9.12,1.33,-52.04,-42.59,9.41,-422.59
15,21,0.17606,-9.52,1.41,-55.52,-44.22,8.87,-387.76
15,22,0.18378,-10.07,1.50,-58.98,-71.54,11.19,-447.83
15,23,0.19284,-10.63,1.59,-62.44,-60.94,9.51,-381.48
15,24,0.20062,-11.18,1.67,-65.90,-71.37,11.07,-444.31
15,25,0.20886,-11.74,1.76,-69.35,-67.78,10.52,-419.63
15,26,0.21719,-12.33,1.85,-72.81,-70.33,10.55,-415.02
15,27,0.22607,-13.00,1.94,-76.26,-75.95,10.33,-388.66
15,28,0.23459,-13.67,2.03,-79.71,-79.21,10.73,-405.38
15,29,0.24216,-14.36,2.12,-83.20,-90.32,12.26,-460.48
15,30,0.25058,-15.15,2.22,-86.63,-94.20,11.43,-406.88
15,31,0.25922,-15.96,2.32,-90.05,-93.64,11.26,-396.47
15,32,0.26746,-16.79,2.42,-93.55,-101.11,12.08,-424.81
15,33,0.27637,-17.74,2.52,-97.20,-105.82,12.00,-409.25
15,34,0.28406,-18.77,2.64,-101.01,-133.73,14.81,-495.63
15,35,0.29330,-19.97,2.76,-105.05,-130.36,13.59,-436.96
15,36,0.30087,-21.25,2.90,-109.27,-169.35,17.52,-557.66
15,37,0.30899,-22.50,3.02,-113.31,-154.14,15.71,-497.74
15,38,0.31754,-23.77,3.15,-117.35,-148.57,15.07,-472.14
15,39,0.32623,-25.05,3.28,-121.38,-146.67,14.80,-463.86
15,40,0.33420,-26.44,3.41,-125.39,-174.71,16.77,-503.83
15,41,0.34323,-27.84,3.55,-129.40,-155.07,14.81,-443.92
15,42,0.35098,-29.25,3.68,-133.41,-182.28,17.36,-516.54
15,43,0.35919,-30.70,3.82,-137.47,-176.21,16.70,-495.17
15,44,0.36755,-32.17,3.96,-141.56,-176.28,16.55,-489.05
15,45,0.37643,-33.65,4.10,-145.65,-165.98,15.63,-460.48
15,46,0.38480,-35.13,4.24,-149.74,-176.64,16.57,-489.05
15,47,0.39264,-36.60,4.37,-153.83,-188.33,17.71,-521.40
15,48,0.40115,-38.08,4.51,-157.92,-173.48,16.30,-480.29
15,49,0.40933,-39.56,4.65,-162.01,-180.60,16.95,-500.00
15,50,0.41779,-40.97,4.78,-165.87,-167.15,15.62,-457.04
15,51,0.42624,-42.38,4.92,-169.74,-167.15,15.58,-457.04
15,52,0.43518,-43.80,5.05,-173.60,-158.02,14.75,-432.08
15,53,0.44287,-45.25,5.18,-177.56,-188.49,17.61,-515.08
15,54,0.45123,-46.66,5.31,-181.42,-168.98,15.76,-461.68
15,55,0.45963,-48.05,5.44,-185.20,-165.45,15.41,-449.82
15,56,0.46799,-49.44,5.57,-188.97,-166.06,15.43,-451.46
15,57,0.47635,-50.82,5.70,-192.75,-166.06,15.45,-451.46
15,58,0.48465,-52.21,5.83,-196.52,-167.28,15.56,-454.78
15,59,0.49377,-53.60,5.96,-200.30,-152.51,14.20,-414.05
15,60,0.50146,-55.05,6.10,-204.24,-187.70,17.47,-512.30
15,61,0.50964,-56.48,6.23,-208.13,-174.63,16.29,-476.12
15,62,0.51807,-57.91,6.36,-212.02,-170.65,15.86,-461.59
15,63,0.52655,-59.46,6.50,-216.07,-182.01,16.60,-477.34
15,64,0.53558,-61.13,6.65,-220.16,-185.47,16.36,-452.70
15,65,0.54312,-62.94,6.81,-224.39,-239.68,20.70,-561.54
15,66,0.55151,-64.81,6.96,-228.59,-223.27,18.87,-500.00
15,67,0.55994,-66.76,7.13,-232.84,-231.16,19.28,-504.71
15,68,0.56830,-68.76,7.29,-237.07,-238.69,19.69,-505.84
15,69,0.57663,-70.78,7.46,-241.28,-242.86,19.84,-505.86
15,70,0.58496,-72.81,7.62,-245.50,-243.96,19.89,-505.49
15,71,0.59409,-74.81,7.79,-249.74,-218.73,18.05,-465.22
15,72,0.60245,-76.83,7.96,-254.25,-241.61,20.42,-539.42
15,73,0.61002,-78.76,8.12,-258.55,-254.84,21.50,-568.55
15,74,0.61856,-80.69,8.28,-262.86,-225.71,19.02,-503.57
15,75,0.62683,-82.61,8.45,-267.16,-233.21,19.68,-520.30
15,76,0.63589,-84.53,8.61,-271.49,-211.45,17.96,-478.11
15,77,0.64343,-86.43,8.77,-275.87,-251.82,21.55,-580.16
15,78,0.65189,-88.37,8.94,-280.34,-229.60,19.68,-528.88
15,79,0.66025,-90.32,9.11,-284.83,-232.85,19.99,-537.23
15,80,0.66867,-92.21,9.27,-289.21,-225.36,19.30,-520.29
15,81,0.67700,-94.01,9.42,-293.39,-215.02,18.53,-501.47
15,82,0.68530,-95.66,9.57,-297.29,-199.26,17.27,-470.22
15,83,0.69366,-97.31,9.78,-301.20,-197.81,25.46,-466.79
15,84,0.70279,-98.96,9.90,-305.09,-179.93,12.86,-427.09
15,85,0.71045,-100.54,10.01,-309.03,-206.77,15.07,-514.34
15,86,0.71872,-102.08,10.13,-312.88,-186.72,13.95,-464.58
15,87,0.72705,-103.63,10.23,-316.72,-185.35,12.45,-461.17
15,88,0.73608,-105.13,10.32,-320.52,-165.88,9.74,-420.61
15,89,0.74448,-106.61,10.42,-324.31,-177.09,11.56,-451.64
15,90,0.75223,-108.10,10.51,-328.10,-191.73,12.53,-488.98
15,91,0.76056,-109.59,10.61,-331.89,-178.39,11.65,-454.95
15,92,0.76907,-111.07,10.71,-335.68,-174.55,11.40,-445.16
15,93,0.77734,-112.68,10.81,-339.66,-194.83,12.37,-481.92
16,0,0.00000,0.00,0.00,0.00,12.45,-2.78,22.71
16,1,0.00824,0.14,-0.04,0.32,17.41,-5.06,38.52
16,2,0.01736,0.40,-0.15,1.09,28.09,-11.97,84.28
16,3,0.02570,0.61,-0.27,1.90,25.64,-14.46,97.44
16,4,0.03336,0.78,-0.39,2.69,21.12,-16.07,103.59
16,5,0.04184,0.99,-0.65,4.30,25.18,-30.47,189.93
16,6,0.05005,1.13,-0.97,6.21,17.10,-38.82,231.97
16,7,0.05847,1.33,-1.39,8.74,24.28,-50.07,300.72
16,8,0.06741,1.56,-1.89,11.70,24.91,-55.15,331.06
16,9,0.07584,1.79,-2.45,15.06,28.26,-66.75,398.55
16,10,0.08356,2.04,-3.01,18.40,31.62,-72.41,433.20
16,11,0.09213,2.29,-3.57,21.73,28.83,-65.00,388.61
16,12,0.10049,2.54,-4.12,25.07,30.66,-66.42,398.54
16,13,0.10892,2.74,-4.69,28.44,23.55,-67.49,400.72
16,14,0.11725,2.89,-5.27,31.85,17.58,-69.76,409.52
16,15,0.12549,3.04,-5.85,35.27,18.15,-70.41,414.07
16,16,0.13452,3.16,-6.43,38.68,13.85,-64.51,378.38
16,17,0.14218,3.21,-7.06,42.31,6.37,-81.94,473.31
16,18,0.15063,3.27,-7.66,45.78,7.58,-70.74,410.11
16,19,0.15903,3.36,-8.25,49.24,10.18,-70.79,412.36
16,20,0.16791,3.36,-8.86,52.73,0.34,-68.57,393.81
16,21,0.17621,3.41,-9.47,56.24,5.51,-73.08,422.06
16,22,0.18402,3.60,-10.06,59.74,24.61,-75.63,447.66
16,23,0.19235,3.78,-10.43,63.23,21.98,-44.78,419.78
16,24,0.20074,3.95,-10.50,66.73,20.00,-8.49,416.73
16,25,0.20917,4.11,-10.57,70.23,19.20,-8.46,415.22
16,26,0.21802,4.31,-10.64,73.72,22.41,-7.85,395.17
16,27,0.22641,4.61,-10.71,77.28,35.27,-7.69,423.27
16,28,0.23413,4.92,-10.77,80.78,40.71,-8.11,453.75
16,29,0.24249,5.24,-10.83,84.28,37.59,-7.49,418.98
16,30,0.25089,5.65,-10.89,87.77,49.45,-6.66,416.00
16,31,0.25934,6.05,-10.95,91.27,47.29,-6.78,413.72
16,32,0.26816,6.43,-11.01,94.77,42.56,-6.67,396.54
16,33,0.27594,6.87,-11.07,98.55,56.47,-7.85,485.49
16,34,0.28494,7.33,-11.13,102.44,51.19,-7.01,432.54
16,35,0.29257,7.90,-11.20,106.71,74.80,-8.51,560.00
16,36,0.30115,8.43,-11.26,110.91,62.28,-7.67,489.68
16,37,0.30936,8.94,-11.33,115.11,61.34,-8.23,511.52
16,38,0.31836,9.41,-11.40,119.32,52.20,-7.71,467.12
16,39,0.32697,9.72,-11.48,123.54,36.52,-9.14,490.78
16,40,0.33444,9.87,-11.57,127.99,20.00,-12.65,595.10
16,41,0.34280,9.76,-11.68,132.24,-13.14,-12.57,508.03
16,42,0.35117,9.40,-11.80,136.47,-43.43,-14.38,506.20
16,43,0.35968,8.78,-11.93,140.74,-72.40,-15.96,501.79
16,44,0.36844,7.91,-12.08,145.00,-99.65,-17.28,486.41
16,45,0.37625,6.78,-12.25,149.20,-144.14,-21.09,537.50
16,46,0.38461,5.40,-12.43,153.33,-164.60,-21.31,493.07
16,47,0.39301,3.78,-12.62,157.36,-193.09,-22.75,480.73
16,48,0.40137,1.93,-12.82,161.29,-222.26,-24.26,470.07
16,49,0.40976,-0.16,-13.03,165.10,-249.09,-25.43,453.45
16,50,0.41806,-2.34,-13.25,168.59,-262.50,-25.51,420.22
16,51,0.42691,-4.73,-13.47,171.94,-269.66,-24.93,378.97
16,52,0.43530,-7.31,-13.72,175.14,-307.64,-30.46,381.82
16,53,0.44312,-10.08,-13.83,178.19,-354.69,-13.79,389.45
16,54,0.45148,-13.03,-14.04,181.05,-352.19,-25.06,343.07
16,55,0.45975,-16.07,-14.25,183.69,-367.53,-25.99,318.45
16,56,0.46860,-19.26,-14.48,186.13,-360.69,-25.21,276.21
16,57,0.47638,-22.37,-14.70,188.68,-399.61,-28.12,327.84
16,58,0.48489,-25.32,-14.91,191.42,-346.59,-24.60,320.79
16,59,0.49323,-28.10,-15.11,194.32,-334.07,-24.02,348.72
16,60,0.50156,-30.79,-15.30,197.48,-322.71,-23.44,378.75
16,61,0.50992,-33.29,-15.49,200.79,-298.54,-22.04,395.99
16,62,0.51825,-35.58,-15.66,204.24,-275.09,-20.60,414.65
16,63,0.52719,-37.76,-15.82,207.98,-244.03,-18.68,418.43
16,64,0.53549,-39.79,-16.00,212.00,-244.49,-21.58,483.82
16,65,0.54321,-41.62,-16.44,216.22,-236.76,-55.93,546.64
16,66,0.55173,-43.19,-16.89,220.54,-184.95,-53.81,507.17
16,67,0.56018,-44.53,-17.34,225.02,-158.48,-52.49,529.96
16,68,0.56857,-45.61,-17.76,229.57,-127.64,-50.03,542.18
16,69,0.57675,-46.40,-18.15,234.18,-97.39,-48.30,563.43
16,70,0.58524,-46.92,-18.52,238.82,-61.15,-43.35,547.84
16,71,0.59363,-47.21,-18.77,243.51,-34.91,-29.45,557.82
16,72,0.60205,-47.31,-19.11,248.22,-11.96,-40.32,559.78
16,73,0.61038,-47.13,-19.35,252.93,21.98,-29.40,565.57
16,74,0.61896,-46.67,-19.57,257.63,54.09,-25.78,547.33
16,75,0.62711,-46.02,-19.78,262.30,79.03,-25.09,573.41
16,76,0.63562,-45.68,-20.01,267.02,40.14,-27.31,554.84
16,77,0.64404,-45.66,-20.27,271.79,2.90,-30.93,565.94
16,78,0.65231,-45.94,-20.57,276.73,-33.58,-35.72,597.79
16,79,0.66061,-46.50,-20.88,281.60,-68.38,-37.85,586.03
16,80,0.66907,-47.34,-21.21,286.30,-99.28,-38.76,555.96
16,81,0.67798,-48.43,-21.54,290.73,-121.58,-37.33,496.92
16,82,0.68634,-49.80,-21.89,295.03,-164.23,-41.72,515.33
16,83,0.69382,-51.32,-22.23,298.99,-204.08,-45.89,528.98
16,84,0.70239,-53.09,-22.59,302.83,-205.69,-41.49,447.69
16,85,0.71072,-55.10,-22.95,306.45,-241.39,-43.65,434.07
16,86,0.71915,-57.32,-23.32,309.94,-264.13,-44.35,414.49
16,87,0.72729,-59.75,-23.71,313.29,-298.13,-47.01,411.24
16,88,0.73645,-62.37,-24.12,316.43,-285.33,-45.22,343.00
16,89,0.74399,-65.19,-24.73,319.42,-375.30,-80.88,397.57
16,90,0.75235,-68.16,-25.25,322.21,-354.74,-62.35,333.21
16,91,0.76089,-71.29,-25.78,324.81,-366.07,-61.26,304.64
16,92,0.76910,-74.57,-26.30,327.23,-399.63,-63.86,294.05
16,93,0.77792,-78.16,-26.85,329.61,-407.27,-62.74,269.90
17,0,0.00000,0.00,0.00,0.00,-23.55,-2.36,-9.42
17,1,0.00842,-0.31,0.00,-0.16,-36.96,0.00,-18.84
17,2,0.01678,-0.99,-0.02,-0.59,-81.75,-2.60,-51.82
17,3,0.02509,-1.68,-0.06,-1.03,-82.35,-4.67,-52.21
17,4,0.03418,-2.36,-0.11,-1.46,-75.17,-5.06,-47.65
17,5,0.04199,-3.78,-0.19,-2.37,-181.25,-10.87,-116.02
17,6,0.05011,-5.40,-0.29,-3.40,-199.25,-12.06,-127.82
17,7,0.05853,-7.53,-0.42,-4.78,-253.26,-15.50,-163.41
17,8,0.06738,-10.02,-0.58,-6.42,-281.38,-17.96,-185.17
17,9,0.07568,-12.80,-0.76,-8.27,-334.93,-21.74,-223.16
17,10,0.08350,-15.58,-0.94,-10.12,-355.86,-23.15,-237.11
17,11,0.09180,-18.36,-1.12,-11.98,-334.93,-21.83,-223.16
17,12,0.10040,-21.14,-1.30,-13.83,-323.05,-21.02,-215.25
17,13,0.10858,-23.91,-1.50,-15.76,-339.18,-24.08,-236.19
17,14,0.11755,-26.68,-1.71,-17.76,-308.16,-23.17,-222.79
17,15,0.12592,-29.44,-1.92,-19.76,-330.66,-25.00,-239.05
17,16,0.13361,-32.20,-2.13,-21.78,-358.73,-27.89,-263.49
17,17,0.14203,-34.93,-2.37,-23.91,-324.28,-27.87,-252.90
17,18,0.15045,-37.66,-2.60,-26.04,-324.28,-27.82,-252.90
17,19,0.15869,-40.40,-2.83,-28.17,-331.48,-28.49,-258.52
17,20,0.16766,-43.10,-3.09,-30.39,-301.36,-28.19,-247.28
17,21,0.17578,-45.85,-3.34,-32.60,-338.35,-30.56,-272.18
17,22,0.18445,-48.68,-3.55,-34.67,-326.41,-25.03,-238.38
17,23,0.19220,-51.56,-3.77,-36.77,-371.65,-28.63,-271.26
17,24,0.20056,-54.39,-3.99,-38.84,-338.32,-25.99,-247.08
17,25,0.20886,-57.21,-4.21,-40.90,-340.81,-26.18,-248.90
17,26,0.21783,-60.06,-4.42,-42.95,-317.35,-23.67,-227.89
17,27,0.22614,-62.97,-4.62,-44.93,-350.37,-23.93,-239.34
17,28,0.23395,-65.87,-4.82,-46.92,-371.48,-25.30,-253.91
17,29,0.24237,-68.77,-5.02,-48.90,-344.57,-23.51,-235.51
17,30,0.25079,-71.74,-4.94,-50.79,-352.17,8.99,-223.91
17,31,0.25909,-74.71,-4.94,-52.66,-358.09,-0.51,-226.10
17,32,0.26794,-77.69,-4.87,-54.54,-335.86,8.84,-212.07
17,33,0.27570,-80.97,-4.77,-56.55,-423.62,12.00,-258.66
17,34,0.28497,-84.34,-4.67,-58.55,-362.83,10.83,-216.45
17,35,0.29254,-88.15,-4.55,-60.72,-504.44,16.74,-286.29
17,36,0.30084,-91.83,-4.42,-62.81,-443.38,14.72,-251.10
17,37,0.30920,-95.51,-4.30,-64.89,-440.15,14.58,-249.27
17,38,0.31830,-99.19,-4.18,-66.97,-404.70,13.44,-229.19
17,39,0.32654,-102.87,-4.06,-69.06,-446.67,14.79,-253.33
17,40,0.33429,-106.57,-3.94,-71.15,-476.77,15.78,-269.69
17,41,0.34271,-110.13,-3.85,-73.46,-423.19,10.41,-273.91
17,42,0.35107,-113.56,-3.79,-75.97,-409.85,6.36,-300.00
17,43,0.35931,-116.89,-3.78,-78.71,-403.70,2.20,-332.96
17,44,0.36780,-120.09,-3.79,-81.65,-377.34,-1.72,-346.76
17,45,0.37604,-123.11,-3.84,-84.78,-366.30,-6.30,-380.00
17,46,0.38501,-125.93,-3.93,-88.09,-314.97,-9.89,-368.37
17,47,0.39270,-128.56,-4.06,-91.56,-340.87,-16.34,-451.19
17,48,0.40106,-130.98,-4.22,-95.17,-289.78,-19.02,-431.75
17,49,0.40936,-133.21,-4.41,-98.90,-268.38,-22.96,-449.63
17,50,0.41791,-135.18,-4.61,-102.52,-231.07,-23.59,-423.21
17,51,0.42651,-137.03,-4.83,-106.20,-214.54,-25.64,-427.30
17,52,0.43445,-138.75,-5.07,-109.93,-217.69,-29.95,-470.77
17,53,0.44281,-140.38,-5.32,-113.71,-194.16,-30.22,-452.19
17,54,0.45129,-141.90,-5.59,-117.54,-179.14,-31.44,-450.72
17,55,0.45953,-143.29,-5.86,-121.31,-168.89,-33.19,-458.15
17,56,0.46838,-144.58,-6.15,-125.12,-146.21,-32.32,-430.34
17,57,0.47656,-145.78,-6.44,-128.96,-145.90,-36.58,-469.40
17,58,0.48499,-146.87,-6.76,-132.83,-130.07,-36.95,-459.42
17,59,0.49396,-147.87,-7.08,-136.72,-111.22,-36.09,-434.35
17,60,0.50183,-148.86,-7.45,-141.07,-125.58,-47.25,-551.94
17,61,0.50989,-149.68,-7.81,-145.14,-101.52,-44.53,-504.55
17,62,0.51837,-150.39,-8.18,-149.22,-84.17,-43.66,-481.65
17,63,0.52728,-151.01,-8.58,-153.52,-69.52,-45.03,-481.85
17,64,0.53577,-151.46,-9.01,-157.91,-52.88,-50.51,-518.35
17,65,0.54340,-151.72,-9.48,-162.52,-34.00,-61.48,-604.00
17,66,0.55194,-151.75,-9.97,-167.12,-3.57,-57.25,-538.21
17,67,0.56012,-151.62,-10.48,-171.79,15.67,-62.65,-571.27
17,68,0.56860,-151.34,-11.01,-176.46,33.09,-61.96,-550.00
17,69,0.57690,-150.91,-11.55,-181.11,52.21,-64.90,-560.66
17,70,0.58533,-150.31,-12.10,-185.75,71.38,-65.57,-550.36
17,71,0.59418,-149.48,-12.67,-190.37,93.10,-64.55,-521.72
17,72,0.60205,-148.40,-13.26,-194.96,137.21,-75.34,-582.95
17,73,0.61053,-147.19,-13.86,-199.51,142.81,-70.86,-537.05
17,74,0.61877,-145.86,-14.47,-204.04,161.11,-73.89,-549.26
17,75,0.62769,-144.43,-15.09,-208.53,160.27,-68.99,-504.45
17,76,0.63611,-142.84,-15.73,-213.11,189.13,-75.96,-543.84
17,77,0.64380,-141.14,-16.36,-217.59,220.63,-82.93,-581.75
17,78,0.65228,-139.32,-17.02,-222.11,215.47,-77.25,-532.73
17,79,0.66058,-137.39,-17.68,-226.61,232.35,-79.82,-541.91
17,80,0.66895,-135.42,-18.33,-230.95,235.40,-77.72,-520.07
17,81,0.67780,-133.54,-18.95,-235.09,212.07,-69.95,-467.59
17,82,0.68567,-131.87,-19.37,-238.99,212.40,-53.75,-494.57
17,83,0.69476,-130.43,-19.39,-242.97,158.05,-1.33,-438.59
17,84,0.70251,-129.20,-19.40,-247.18,159.45,-1.76,-542.52
17,85,0.71063,-128.20,-19.41,-251.20,122.18,-1.68,-495.11
17,86,0.71912,-127.45,-19.43,-255.27,88.49,-1.72,-479.86
17,87,0.72815,-126.95,-19.44,-259.38,55.74,-1.72,-454.73
17,88,0.73651,-126.67,-19.46,-263.49,33.58,-1.94,-492.34
17,89,0.74414,-126.63,-19.48,-267.57,5.20,-2.20,-533.60
17,90,0.75244,-126.83,-19.49,-271.63,-24.63,-2.11,-489.71
17,91,0.76068,-127.28,-19.51,-275.68,-54.07,-2.21,-491.11
17,92,0.76923,-127.97,-19.53,-279.69,-80.71,-2.20,-469.29
17,93,0.77802,-128.99,-19.55,-283.87,-116.67,-2.34,-475.69
18,0,0.00000,0.00,0.00,0.00,-21.74,0.67,-13.04
18,1,0.00824,-0.28,0.00,-0.20,-34.07,0.47,-24.81
18,2,0.01685,-0.90,0.01,-0.73,-71.99,0.30,-60.64
18,3,0.02502,-1.52,0.01,-1.25,-75.75,0.26,-63.81
18,4,0.03333,-2.14,0.01,-1.77,-74.63,0.30,-62.87
18,5,0.04181,-3.35,0.01,-2.80,-143.17,0.40,-121.58
18,6,0.05011,-4.79,0.02,-4.02,-172.43,0.39,-147.06
18,7,0.05841,-6.71,0.02,-5.67,-232.35,0.54,-198.90
18,8,0.06689,-8.93,0.02,-7.60,-261.15,0.12,-227.70
18,9,0.07581,-11.43,0.02,-9.82,-281.16,-0.21,-248.29
18,10,0.08429,-14.10,0.02,-12.17,-314.39,-0.20,-277.70
18,11,0.09192,-16.66,0.02,-14.43,-335.60,-0.30,-296.40
18,12,0.10040,-19.17,0.02,-16.65,-295.32,-0.22,-260.79
18,13,0.10876,-21.65,0.00,-18.94,-297.08,-1.48,-274.45
18,14,0.11700,-24.12,-0.02,-21.30,-300.00,-2.44,-285.56
18,15,0.12598,-26.60,-0.04,-23.65,-275.51,-2.24,-262.24
18,16,0.13452,-29.06,-0.06,-26.03,-287.86,-2.87,-278.93
18,17,0.14197,-31.55,-0.10,-28.59,-334.43,-5.32,-343.03
18,18,0.15057,-33.97,-0.14,-31.07,-281.21,-4.50,-288.30
18,19,0.15875,-36.39,-0.18,-33.55,-295.90,-4.73,-303.36
18,20,0.16718,-38.76,-0.23,-36.12,-282.25,-6.16,-305.07
18,21,0.17621,-41.18,-0.27,-38.65,-267.57,-4.94,-280.41
18,22,0.18463,-43.70,-0.30,-41.08,-299.64,-2.74,-288.41
18,23,0.19226,-46.23,-0.32,-43.51,-330.80,-3.02,-318.40
18,24,0.20068,-48.75,-0.34,-45.94,-300.00,-2.71,-288.04
18,25,0.20886,-51.28,-0.37,-48.36,-308.96,-2.78,-296.64
18,26,0.21735,-53.83,-0.38,-50.77,-300.72,-2.14,-283.45
18,27,0.22632,-56.45,-0.39,-53.12,-291.16,-0.77,-262.24
18,28,0.23413,-59.10,-0.40,-55.51,-340.23,-0.87,-306.64
18,29,0.24316,-61.72,-0.41,-57.87,-289.19,-0.80,-260.47
18,30,0.25092,-64.44,-0.39,-60.15,-351.18,1.46,-294.49
18,31,0.25903,-67.14,-0.38,-62.41,-332.33,1.35,-278.20
18,32,0.26746,-69.83,-0.37,-64.67,-320.29,1.35,-268.12
18,33,0.27649,-72.77,-0.35,-67.04,-325.34,2.43,-262.84
18,34,0.28479,-75.84,-0.32,-69.48,-369.85,3.21,-294.12
18,35,0.29254,-79.21,-0.28,-72.04,-434.25,5.39,-329.53
18,36,0.30103,-82.58,-0.24,-74.59,-397.48,5.08,-301.08
18,37,0.30920,-85.95,-0.20,-77.15,-412.31,5.22,-312.31
18,38,0.31763,-89.32,-0.15,-79.70,-400.36,5.11,-303.26
18,39,0.32635,-92.70,-0.11,-82.25,-386.36,4.93,-292.66
18,40,0.33429,-96.14,-0.05,-84.74,-433.85,7.16,-313.08
18,41,0.34332,-99.58,0.00,-87.22,-381.42,6.36,-275.00
18,42,0.35120,-103.17,0.06,-89.81,-455.81,7.56,-328.68
18,43,0.35931,-106.68,0.12,-92.32,-431.95,7.38,-309.77
18,44,0.36780,-110.22,0.20,-94.85,-416.91,9.17,-298.20
18,45,0.37634,-113.75,0.12,-97.38,-413.93,-9.59,-296.07
18,46,0.38513,-117.29,-0.06,-99.91,-402.43,-21.00,-287.85
18,47,0.39276,-120.83,-0.35,-102.44,-463.60,-37.77,-331.60
18,48,0.40137,-124.37,-0.73,-104.97,-410.99,-43.38,-293.97
18,49,0.40948,-127.90,-1.05,-107.50,-435.34,-39.83,-311.28
18,50,0.41840,-131.25,-1.35,-109.88,-376.37,-34.27,-267.12
18,51,0.42676,-134.61,-1.66,-112.26,-401.09,-36.56,-284.67
18,52,0.43518,-137.96,-1.97,-114.64,-398.19,-36.30,-282.61
18,53,0.44293,-141.31,-2.27,-117.02,-432.68,-39.44,-307.09
18,54,0.45148,-144.67,-2.58,-119.40,-392.50,-35.74,-278.57
18,55,0.45959,-147.95,-2.88,-121.73,-404.51,-36.87,-286.09
18,56,0.46808,-151.24,-3.18,-124.05,-387.05,-35.24,-273.74
18,57,0.47656,-154.52,-3.47,-126.37,-387.05,-35.24,-273.74
18,58,0.48560,-157.80,-3.77,-128.69,-363.51,-33.06,-257.09
18,59,0.49384,-161.25,-4.09,-131.13,-418.52,-38.12,-296.30
18,60,0.50153,-164.63,-4.40,-133.54,-439.68,-40.13,-312.30
18,61,0.50977,-168.01,-4.70,-135.94,-410.37,-37.37,-291.48
18,62,0.51831,-171.40,-5.01,-138.34,-395.71,-36.12,-281.07
18,63,0.52655,-174.93,-5.34,-140.86,-428.89,-39.12,-306.30
18,64,0.53485,-178.53,-5.66,-143.44,-433.46,-39.58,-310.29
18,65,0.54309,-182.22,-6.00,-146.09,-448.52,-41.04,-321.85
18,66,0.55237,-185.96,-6.34,-148.78,-402.63,-36.86,-289.47
18,67,0.56018,-189.84,-6.70,-151.57,-497.27,-45.51,-358.20
18,68,0.56842,-193.64,-7.05,-154.31,-460.37,-42.18,-331.85
18,69,0.57666,-197.43,-7.39,-157.04,-460.37,-42.12,-331.48
18,70,0.58508,-201.22,-7.74,-159.77,-450.36,-41.24,-324.28
18,71,0.59332,-205.00,-8.09,-162.56,-457.78,-42.24,-338.89
18,72,0.60254,-208.74,-8.44,-165.44,-405.96,-37.88,-311.59
18,73,0.61023,-212.55,-8.90,-168.37,-496.03,-59.46,-380.95
18,74,0.61847,-216.29,-9.33,-171.24,-454.07,-52.77,-348.52
18,75,0.62677,-220.03,-9.77,-174.11,-450.74,-52.43,-345.96
18,76,0.63586,-223.78,-10.20,-177.01,-412.08,-48.03,-319.13
18,77,0.64410,-227.53,-10.64,-179.95,-455.19,-53.31,-357.04
18,78,0.65192,-231.37,-11.09,-182.96,-491.02,-57.47,-385.16
18,79,0.66022,-235.22,-11.54,-185.98,-463.60,-54.31,-363.97
18,80,0.66870,-238.97,-11.98,-188.93,-442.45,-51.81,-347.84
18,81,0.67694,-242.53,-12.40,-191.75,-431.48,-50.63,-341.48
18,82,0.68597,-245.84,-12.79,-194.39,-366.89,-43.18,-292.57
18,83,0.69434,-249.15,-13.18,-197.03,-396.35,-46.65,-316.06
18,84,0.70203,-252.46,-13.57,-199.68,-430.16,-50.69,-344.44
18,85,0.71051,-255.65,-13.95,-202.32,-375.54,-44.74,-311.15
18,86,0.71887,-258.84,-14.25,-204.96,-381.75,-35.65,-315.69
18,87,0.72711,-262.03,-14.28,-207.60,-387.41,-3.73,-319.63
18,88,0.73608,-265.17,-14.31,-210.21,-350.00,-3.22,-291.16
18,89,0.74384,-268.36,-14.34,-212.84,-410.63,-3.88,-339.76
18,90,0.75299,-271.50,-14.37,-215.42,-343.67,-3.34,-282.00
18,91,0.76062,-274.71,-14.40,-218.03,-420.80,-4.30,-342.00
18,92,0.76892,-277.88,-14.43,-220.58,-381.99,-4.12,-307.35
18,93,0.77728,-281.28,-14.47,-223.24,-405.84,-4.85,-317.15
19,0,0.00000,0.00,0.00,0.00,-21.38,-2.62,-13.41
19,1,0.00879,-0.28,-0.03,-0.21,-31.60,-2.93,-23.96
19,2,0.01666,-0.90,-0.09,-0.73,-79.07,-7.61,-65.50
19,3,0.02509,-1.52,-0.14,-1.24,-73.91,-7.04,-61.23
19,4,0.03351,-2.15,-0.20,-1.76,-73.91,-7.08,-61.23
19,5,0.04187,-3.37,-0.32,-2.78,-145.99,-14.02,-122.63
19,6,0.05017,-4.80,-0.46,-3.99,-173.16,-16.68,-145.96
19,7,0.05847,-6.74,-0.65,-5.63,-233.46,-22.51,-197.43
19,8,0.06750,-8.97,-0.86,-7.55,-246.62,-23.94,-212.50
19,9,0.07581,-11.60,-1.12,-9.85,-317.28,-30.86,-276.84
19,10,0.08350,-14.12,-1.36,-12.05,-327.38,-31.90,-285.71
19,11,0.09192,-16.64,-1.61,-14.25,-298.91,-29.09,-260.87
19,12,0.10040,-19.16,-1.86,-16.44,-296.76,-28.92,-258.99
19,13,0.10883,-21.66,-2.10,-18.72,-296.74,-29.29,-269.93
19,14,0.11694,-24.14,-2.35,-21.05,-306.02,-30.60,-287.97
19,15,0.12549,-26.62,-2.60,-23.39,-290.71,-29.07,-273.57
19,16,0.13385,-29.10,-2.85,-25.76,-295.99,-29.73,-282.85
19,17,0.14227,-31.53,-3.10,-28.22,-288.77,-29.73,-292.75
19,18,0.15045,-33.96,-3.35,-30.69,-297.39,-30.57,-301.49
19,19,0.15881,-36.40,-3.60,-33.15,-290.88,-29.86,-294.89
19,20,0.16791,-38.79,-3.85,-35.70,-263.42,-27.59,-280.20
19,21,0.17627,-41.24,-4.10,-38.26,-293.07,-30.46,-305.84
19,22,0.18384,-43.80,-4.36,-40.69,-337.90,-33.93,-321.37
19,23,0.19226,-46.34,-4.61,-43.11,-301.45,-30.26,-286.59
19,24,0.20068,-48.88,-4.87,-45.52,-301.45,-30.22,-286.59
19,25,0.20898,-51.42,-5.12,-47.93,-305.88,-30.71,-290.81
19,26,0.21735,-53.97,-5.38,-50.33,-305.84,-30.51,-286.86
19,27,0.22571,-56.59,-5.64,-52.67,-313.50,-30.83,-279.93
19,28,0.23480,-59.22,-5.89,-55.01,-288.26,-28.30,-257.38
19,29,0.24243,-61.99,-6.17,-57.49,-363.20,-35.62,-324.40
19,30,0.25073,-64.69,-6.43,-59.74,-325.37,-31.70,-271.32
19,31,0.25916,-67.40,-6.74,-61.99,-321.38,-36.34,-266.67
19,32,0.26752,-70.10,-7.07,-64.23,-323.72,-40.59,-268.61
19,33,0.27582,-73.04,-7.42,-66.59,-354.04,-41.72,-284.19
19,34,0.28473,-76.12,-7.78,-69.02,-345.55,-40.51,-272.60
19,35,0.29254,-79.49,-8.17,-71.56,-430.86,-49.83,-325.00
19,36,0.30084,-82.87,-8.56,-74.10,-407.35,-47.06,-306.25
19,37,0.30927,-86.25,-8.95,-76.64,-401.45,-46.38,-301.81
19,38,0.31812,-89.63,-9.34,-79.19,-382.07,-44.14,-287.24
19,39,0.32666,-93.01,-9.73,-81.73,-395.71,-45.68,-297.50
19,40,0.33429,-96.46,-10.13,-84.20,-452.00,-51.50,-324.40
19,41,0.34277,-99.91,-10.15,-86.68,-406.83,-3.28,-291.37
19,42,0.35107,-103.36,-10.21,-89.15,-415.81,-6.55,-297.79
19,43,0.35944,-106.87,-10.26,-91.65,-419.71,-6.67,-299.27
19,44,0.36835,-110.42,-10.32,-94.17,-397.60,-6.35,-282.53
19,45,0.37610,-113.96,-10.38,-96.69,-457.09,-7.35,-324.80
19,46,0.38519,-117.50,-10.43,-99.20,-389.60,-6.24,-276.85
19,47,0.39301,-121.09,-10.49,-101.75,-458.98,-7.36,-326.17
19,48,0.40112,-124.63,-10.55,-104.27,-436.47,-6.99,-310.15
19,49,0.40955,-128.17,-10.61,-106.79,-420.65,-6.72,-298.91
19,50,0.41858,-131.54,-10.66,-109.16,-372.97,-6.10,-263.18
19,51,0.42694,-134.92,-10.72,-111.55,-404.38,-6.57,-285.40
19,52,0.43463,-138.34,-10.77,-113.96,-444.05,-7.23,-313.49
19,53,0.44348,-141.70,-10.83,-116.33,-380.00,-6.21,-267.93
19,54,0.45129,-145.07,-10.88,-118.70,-430.47,-7.03,-303.52
19,55,0.45978,-148.36,-10.94,-121.02,-387.77,-6.38,-272.66
19,56,0.46802,-151.64,-10.99,-123.33,-399.26,-6.57,-280.74
19,57,0.47644,-154.93,-11.04,-125.64,-390.58,-6.42,-274.64
19,58,0.48535,-158.22,-10.86,-127.96,-369.18,20.78,-259.59
19,59,0.49323,-161.54,-10.70,-130.29,-420.93,20.60,-296.12
19,60,0.50140,-164.93,-10.50,-132.68,-414.18,23.56,-292.54
19,61,0.50989,-168.31,-10.31,-135.07,-399.28,22.71,-282.01
19,62,0.51862,-171.70,-10.12,-137.47,-388.11,22.08,-274.13
19,63,0.52734,-175.23,-9.92,-139.97,-403.85,23.04,-286.71
19,64,0.53564,-178.94,-9.70,-142.61,-447.79,25.64,-318.38
19,65,0.54333,-182.66,-9.49,-145.26,-482.94,27.71,-344.84
19,66,0.55157,-186.40,-9.28,-147.94,-453.70,26.11,-324.44
19,67,0.56012,-190.19,-9.06,-150.66,-444.64,25.59,-318.57
19,68,0.56860,-193.99,-8.84,-153.38,-447.84,25.82,-320.86
19,69,0.57684,-197.79,-8.62,-156.10,-461.11,26.54,-330.37
19,70,0.58508,-201.59,-8.40,-158.83,-461.11,26.59,-330.37
19,71,0.59375,-205.37,-8.18,-161.60,-436.27,25.67,-320.07
19,72,0.60211,-209.12,-7.95,-164.46,-448.18,27.42,-342.34
19,73,0.61053,-212.87,-7.72,-167.32,-444.93,27.18,-339.86
19,74,0.61877,-216.62,-7.49,-170.19,-454.81,27.78,-347.41
19,75,0.62781,-220.36,-7.26,-173.05,-414.86,25.38,-316.89
19,76,0.63611,-224.30,-7.02,-176.08,-473.53,29.23,-365.07
19,77,0.64392,-228.12,-6.78,-179.07,-489.06,30.48,-382.42
19,78,0.65234,-231.95,-6.54,-182.07,-455.80,28.51,-356.52
19,79,0.66064,-235.81,-6.30,-185.09,-464.34,29.03,-363.60
19,80,0.66901,-239.57,-6.06,-188.03,-449.27,28.16,-352.19
19,81,0.67743,-243.13,-5.84,-190.85,-423.55,26.65,-334.06
19,82,0.68646,-246.45,-5.63,-193.49,-366.89,23.29,-292.23
19,83,0.69403,-249.82,-5.42,-196.17,-445.56,28.33,-354.84
19,84,0.70245,-253.12,-5.20,-198.81,-392.03,24.97,-313.41
19,85,0.71082,-256.31,-4.99,-201.45,-381.39,25.14,-315.69
19,86,0.71918,-259.50,-4.78,-204.09,-381.39,25.14,-315.69
19,87,0.72754,-262.69,-4.57,-206.73,-381.39,25.09,-315.69
19,88,0.73584,-265.82,-4.37,-209.36,-377.21,25.16,-316.18
19,89,0.74487,-268.93,-4.16,-211.98,-344.59,23.04,-290.20
19,90,0.75250,-272.11,-3.95,-214.65,-416.00,27.79,-350.00
19,91,0.76105,-275.22,-3.74,-217.27,-364.29,24.40,-306.79
19,92,0.76923,-278.33,-3.53,-219.89,-380.60,25.50,-320.52
19,93,0.77844,-281.65,-3.31,-222.63,-360.26,23.59,-296.69
20,0,0.00000,0.00,0.00,0.00,-16.42,-1.79,-19.71
20,1,0.00867,-0.23,-0.02,-0.26,-26.41,-2.87,-30.28
20,2,0.01672,-0.75,-0.08,-0.88,-64.77,-7.05,-76.89
20,3,0.02515,-1.27,-0.14,-1.50,-61.96,-6.79,-73.55
20,4,0.03387,-1.79,-0.20,-2.12,-59.79,-6.55,-70.98
20,5,0.04211,-2.81,-0.31,-3.34,-123.70,-13.63,-148.52
20,6,0.05029,-4.02,-0.44,-4.79,-147.39,-16.18,-176.87
20,7,0.05878,-5.64,-0.62,-6.74,-191.37,-21.07,-230.22
20,8,0.06720,-7.50,-0.83,-9.02,-221.01,-24.50,-270.29
20,9,0.07513,-9.61,-1.06,-11.62,-265.00,-29.46,-327.31
20,10,0.08368,-11.71,-1.29,-14.21,-246.43,-27.41,-303.57
20,11,0.09192,-13.82,-1.53,-16.81,-255.56,-28.38,-314.81
20,12,0.10083,-15.93,-1.76,-19.40,-236.64,-26.25,-290.75
20,13,0.10864,-18.01,-2.00,-22.05,-266.80,-30.11,-339.84
20,14,0.11700,-20.07,-2.23,-24.77,-245.99,-28.18,-325.55
20,15,0.12518,-22.13,-2.47,-27.50,-251.87,-28.84,-332.84
20,16,0.13330,-24.18,-2.73,-30.24,-252.26,-32.60,-337.59
20,17,0.14166,-26.17,-3.03,-33.07,-237.96,-35.07,-339.05
20,18,0.15021,-28.16,-3.32,-35.91,-232.86,-34.32,-331.79
20,19,0.15839,-30.15,-3.61,-38.74,-243.28,-35.81,-346.64
20,20,0.16681,-32.09,-3.91,-41.65,-230.80,-34.77,-344.93
20,21,0.17499,-34.05,-4.20,-44.55,-239.93,-35.91,-354.48
20,22,0.18335,-36.16,-4.50,-47.35,-251.82,-35.95,-335.04
20,23,0.19177,-38.26,-4.80,-50.15,-250.00,-35.72,-332.25
20,24,0.19995,-40.37,-5.10,-52.94,-257.46,-36.74,-342.16
20,25,0.20831,-42.47,-5.40,-55.74,-251.82,-35.94,-334.67
20,26,0.21686,-44.60,-5.52,-58.53,-248.57,-13.79,-326.43
20,27,0.22522,-46.80,-5.70,-61.27,-263.50,-21.50,-327.74
20,28,0.23358,-49.01,-5.81,-64.01,-263.50,-13.83,-327.74
20,29,0.24176,-51.21,-5.93,-66.75,-269.40,-14.17,-335.07
20,30,0.25000,-53.49,-6.04,-69.42,-277.41,-13.75,-324.07
20,31,0.25873,-55.80,-6.16,-72.08,-263.99,-12.96,-304.55
20,32,0.26703,-58.10,-6.27,-74.74,-277.57,-13.62,-320.22
20,33,0.27478,-60.58,-6.39,-77.52,-319.29,-15.32,-358.27
20,34,0.28357,-63.22,-6.51,-80.41,-300.69,-14.10,-329.51
20,35,0.29199,-66.10,-6.64,-83.44,-341.67,-15.47,-359.78
20,36,0.30011,-69.02,-6.77,-86.50,-360.15,-16.19,-376.69
20,37,0.30835,-71.95,-6.91,-89.56,-354.81,-16.00,-371.11
20,38,0.31683,-74.89,-7.04,-92.65,-347.48,-15.63,-363.67
20,39,0.32538,-77.82,-7.17,-95.70,-342.14,-15.38,-357.86
20,40,0.33392,-80.81,-7.30,-98.71,-350.00,-15.25,-352.14
20,41,0.34186,-83.81,-7.43,-101.71,-378.85,-16.37,-378.08
20,42,0.35010,-86.82,-7.56,-104.71,-364.81,-15.76,-364.07
20,43,0.35852,-89.87,-7.69,-107.74,-361.59,-15.56,-359.78
20,44,0.36725,-92.95,-7.82,-110.80,-353.85,-15.20,-350.70
20,45,0.37506,-96.04,-7.96,-113.86,-395.31,-16.98,-391.80
20,46,0.38361,-99.13,-8.09,-116.93,-361.43,-15.52,-358.21
20,47,0.39197,-102.22,-8.15,-119.99,-369.34,-7.84,-366.06
20,48,0.40027,-105.31,-8.22,-123.05,-372.06,-8.19,-368.75
20,49,0.40851,-108.40,-8.29,-126.11,-374.81,-7.96,-371.48
20,50,0.41693,-111.35,-8.35,-129.02,-351.09,-7.37,-346.01
20,51,0.42572,-114.29,-8.41,-131.91,-333.68,-7.01,-328.47
20,52,0.43414,-117.22,-8.47,-134.80,-348.19,-7.31,-342.75
20,53,0.44189,-120.15,-8.54,-137.68,-378.35,-7.95,-372.44
20,54,0.45032,-123.08,-8.60,-140.57,-348.19,-7.31,-342.75
20,55,0.45874,-125.96,-8.66,-143.40,-342.03,-7.16,-335.87
20,56,0.46716,-128.83,-8.72,-146.22,-340.58,-7.14,-334.42
20,57,0.47601,-131.70,-8.78,-149.03,-324.14,-6.77,-318.28
20,58,0.48370,-134.57,-8.84,-151.85,-373.02,-7.81,-366.27
20,59,0.49237,-137.44,-8.77,-154.67,-330.99,7.47,-325.00
20,60,0.50055,-140.38,-8.61,-157.56,-359.70,20.44,-354.10
20,61,0.50885,-143.33,-8.44,-160.47,-355.88,20.26,-350.74
20,62,0.51733,-146.29,-8.27,-163.39,-348.20,19.78,-343.17
20,63,0.52612,-149.33,-8.10,-166.40,-346.53,19.71,-342.71
20,64,0.53387,-152.47,-7.92,-169.50,-404.33,23.04,-400.79
20,65,0.54230,-155.68,-7.73,-172.70,-381.16,21.72,-378.99
20,66,0.55078,-158.92,-7.55,-175.92,-381.65,21.78,-380.22
20,67,0.55908,-162.23,-7.36,-179.22,-398.53,22.71,-397.79
20,68,0.56744,-165.53,-7.17,-182.53,-395.62,22.59,-394.89
20,69,0.57568,-168.84,-6.98,-185.83,-401.48,22.91,-400.74
20,70,0.58478,-172.15,-6.79,-189.13,-363.76,20.77,-363.09
20,71,0.59247,-175.45,-6.61,-192.46,-428.57,24.50,-432.54
20,72,0.60077,-178.68,-6.42,-195.89,-389.71,22.65,-413.24
20,73,0.60913,-181.92,-6.23,-199.32,-386.86,22.48,-410.22
20,74,0.61761,-185.15,-6.04,-202.75,-381.29,22.11,-404.32
20,75,0.62653,-188.39,-5.86,-206.18,-363.01,21.07,-384.93
20,76,0.63422,-191.62,-5.67,-209.62,-420.63,24.48,-448.02
20,77,0.64258,-194.85,-5.48,-213.13,-386.13,22.60,-419.34
20,78,0.65118,-198.13,-5.29,-216.69,-380.85,22.27,-413.48
20,79,0.65930,-201.45,-5.09,-220.30,-409.40,23.94,-444.74
20,80,0.66785,-204.70,-4.90,-223.83,-380.00,22.23,-413.21
20,81,0.67603,-207.86,-4.72,-227.28,-386.57,22.65,-422.01
20,82,0.68549,-210.70,-4.55,-230.42,-300.65,17.70,-332.26
20,83,0.69281,-213.55,-4.38,-233.57,-388.33,22.84,-429.17
20,84,0.70111,-216.39,-4.22,-236.71,-342.65,20.11,-378.68
20,85,0.70953,-219.13,-4.05,-239.83,-325.00,19.31,-371.01
20,86,0.71790,-221.85,-3.89,-242.96,-325.18,19.35,-373.36
20,87,0.72693,-224.57,-3.73,-246.08,-301.01,17.92,-345.61
20,88,0.73456,-227.25,-3.57,-249.19,-351.60,20.98,-407.20
20,89,0.74359,-229.90,-3.41,-252.28,-293.24,17.53,-342.23
20,90,0.75128,-232.55,-3.25,-255.37,-344.44,20.63,-401.98
20,91,0.75964,-235.20,-3.09,-258.46,-316.79,19.81,-369.71
20,92,0.76819,-237.84,-2.91,-261.55,-310.00,20.28,-361.79
20,93,0.77710,-240.61,-2.73,-264.73,-310.27,20.19,-357.19
20,94,0.78473,-243.49,-2.55,-268.01,-377.60,24.52,-429.20
21,0,0.00000,0.00,0.00,0.00,-17.58,-0.86,-20.70
21,1,0.00824,-0.20,-0.01,-0.28,-24.44,-1.44,-34.44
21,2,0.01685,-0.62,-0.04,-0.98,-48.23,-3.32,-80.85
21,3,0.02509,-1.03,-0.07,-1.68,-50.37,-3.47,-84.44
21,4,0.03412,-1.45,-0.10,-2.37,-45.95,-3.15,-76.69
21,5,0.04175,-2.28,-0.16,-3.77,-109.20,-7.57,-184.00
21,6,0.05084,-3.25,-0.22,-5.41,-106.38,-7.38,-179.87
21,7,0.05847,-4.55,-0.31,-7.61,-170.40,-11.85,-288.40
21,8,0.06702,-6.03,-0.42,-10.17,-173.93,-12.27,-300.00
21,9,0.07526,-7.69,-0.53,-13.07,-201.48,-13.18,-352.22
21,10,0.08423,-9.35,-0.60,-15.97,-185.03,-8.00,-323.13
21,11,0.09192,-11.01,-0.67,-18.87,-215.87,-9.34,-376.98
21,12,0.10107,-12.68,-0.74,-21.77,-181.67,-7.84,-316.67
21,13,0.10870,-14.34,-0.82,-24.81,-218.00,-9.96,-398.80
21,14,0.11707,-15.92,-0.89,-27.84,-189.42,-9.07,-361.31
21,15,0.12531,-17.51,-0.97,-30.86,-192.22,-9.23,-366.67
21,16,0.13452,-19.07,-1.05,-33.90,-169.87,-8.33,-330.46
21,17,0.14270,-20.59,-1.13,-37.07,-185.07,-9.88,-387.31
21,18,0.15045,-22.08,-1.21,-40.19,-192.91,-10.27,-403.15
21,19,0.15869,-23.58,-1.29,-43.32,-181.48,-9.67,-379.26
21,20,0.16730,-25.01,-1.37,-46.51,-166.31,-9.54,-370.92
21,21,0.17554,-26.48,-1.26,-49.69,-178.15,13.48,-385.93
21,22,0.18451,-28.09,-1.21,-52.80,-179.59,5.21,-346.60
21,23,0.19214,-29.71,-1.09,-55.92,-212.00,15.29,-409.20
21,24,0.20129,-31.32,-0.98,-59.03,-176.00,12.69,-339.67
21,25,0.20898,-32.94,-0.86,-62.17,-211.11,15.29,-407.94
21,26,0.21735,-34.58,-0.74,-65.27,-195.62,14.04,-370.80
21,27,0.22559,-36.29,-0.62,-68.34,-208.15,14.54,-372.59
21,28,0.23431,-38.01,-0.50,-71.41,-196.85,13.76,-351.40
21,29,0.24304,-39.73,-0.38,-74.48,-196.85,13.76,-351.40
21,30,0.25073,-41.55,-0.26,-77.49,-236.90,16.05,-392.06
21,31,0.25909,-43.38,-0.14,-80.49,-218.61,14.77,-359.12
21,32,0.26758,-45.21,-0.01,-83.50,-215.83,14.56,-353.96
21,33,0.27582,-47.21,0.12,-86.67,-242.96,16.20,-385.19
21,34,0.28424,-49.34,0.26,-89.97,-252.54,16.66,-391.30
21,35,0.29248,-51.69,0.41,-93.45,-285.56,18.56,-422.96
21,36,0.30164,-54.06,0.57,-96.95,-259.33,16.80,-382.33
21,37,0.30927,-56.54,0.73,-100.60,-324.00,21.02,-477.60
21,38,0.31757,-58.91,0.88,-104.10,-286.03,18.51,-421.69
21,39,0.32635,-61.29,1.04,-107.60,-270.14,17.50,-398.26
21,40,0.33496,-63.75,1.19,-111.06,-285.82,18.25,-402.13
21,41,0.34320,-66.21,1.35,-114.51,-299.26,19.02,-419.63
21,42,0.35107,-68.68,1.51,-117.97,-313.18,19.92,-439.15
21,43,0.35938,-71.19,1.67,-121.48,-302.21,19.20,-422.06
21,44,0.36786,-73.72,1.83,-125.01,-298.92,18.99,-416.19
21,45,0.37616,-76.26,1.99,-128.54,-305.51,19.41,-425.37
21,46,0.38470,-78.79,2.15,-132.07,-296.79,18.84,-413.21
21,47,0.39349,-81.33,2.31,-135.60,-288.54,18.30,-401.74
21,48,0.40125,-83.91,2.47,-139.19,-332.68,21.12,-463.39
21,49,0.40955,-86.44,2.64,-142.72,-305.51,19.41,-425.37
21,50,0.41809,-88.86,2.79,-146.06,-282.50,17.88,-390.71
21,51,0.42639,-91.27,2.94,-149.39,-290.44,18.38,-401.47
21,52,0.43475,-93.68,3.09,-152.73,-288.32,18.25,-398.54
21,53,0.44305,-96.09,3.25,-156.06,-290.44,18.41,-401.47
21,54,0.45215,-98.50,3.40,-159.39,-265.44,16.79,-366.44
21,55,0.46033,-100.97,3.55,-162.79,-301.87,19.10,-415.67
21,56,0.46808,-103.34,3.70,-166.04,-304.72,19.24,-419.69
21,57,0.47638,-105.70,3.85,-169.30,-284.56,17.98,-391.91
21,58,0.48492,-108.06,4.00,-172.55,-276.43,17.49,-380.71
21,59,0.49384,-110.42,4.15,-175.81,-265.41,16.77,-365.41
21,60,0.50226,-112.85,4.31,-179.17,-288.41,18.26,-398.91
21,61,0.50989,-115.30,4.46,-182.54,-320.40,20.30,-442.80
21,62,0.51843,-117.73,4.61,-185.90,-284.29,18.02,-393.21
21,63,0.52649,-120.26,4.78,-189.42,-314.39,19.93,-435.98
21,64,0.53497,-122.84,4.94,-193.00,-303.96,19.26,-422.66
21,65,0.54388,-125.49,5.11,-196.70,-297.60,18.92,-414.73
21,66,0.55225,-128.17,5.28,-200.43,-320.07,20.34,-446.72
21,67,0.56006,-131.00,5.47,-204.39,-362.50,24.45,-507.03
21,68,0.56860,-133.72,5.66,-208.20,-318.21,22.11,-445.00
21,69,0.57672,-136.44,5.85,-212.00,-335.34,23.33,-468.42
21,70,0.58533,-139.16,6.04,-215.80,-316.31,21.99,-441.84
21,71,0.59436,-141.85,6.22,-219.65,-296.96,20.82,-426.01
21,72,0.60260,-144.57,6.42,-223.72,-331.11,23.60,-493.70
21,73,0.61017,-147.20,6.61,-227.63,-347.18,24.68,-517.34
21,74,0.61908,-149.83,6.79,-231.55,-294.86,20.99,-439.38
21,75,0.62738,-152.46,6.98,-235.46,-316.54,22.53,-471.69
21,76,0.63538,-155.08,7.17,-239.41,-327.48,23.39,-493.89
21,77,0.64362,-157.68,7.38,-243.41,-316.67,26.09,-484.44
21,78,0.65210,-160.35,7.80,-247.49,-314.39,48.86,-480.94
21,79,0.66095,-163.03,8.21,-251.58,-302.41,46.97,-462.76
21,80,0.66895,-165.64,8.62,-255.58,-326.34,50.77,-500.00
21,81,0.67706,-168.11,9.00,-259.39,-304.14,47.71,-469.17
21,82,0.68555,-170.39,9.37,-262.95,-269.78,42.87,-420.50
21,83,0.69427,-172.68,9.73,-266.52,-262.24,41.67,-408.74
21,84,0.70221,-174.96,10.10,-270.08,-286.92,45.83,-448.85
21,85,0.71130,-177.13,10.46,-273.61,-238.59,39.94,-387.58
21,86,0.71906,-179.35,10.83,-277.21,-285.83,47.83,-464.57
21,87,0.72717,-181.52,11.19,-280.73,-267.29,44.74,-434.21
21,88,0.73608,-183.63,11.55,-284.23,-237.67,40.51,-391.78
21,89,0.74451,-185.74,11.91,-287.71,-249.64,42.84,-413.77
21,90,0.75293,-187.84,12.28,-291.20,-249.64,42.84,-413.77
21,91,0.76074,-189.94,12.64,-294.68,-269.14,46.18,-446.09
21,92,0.76910,-192.04,13.00,-298.17,-251.46,43.11,-416.79
21,93,0.77740,-194.31,13.37,-301.82,-272.43,45.34,-440.44
22,0,0.00000,0.00,0.00,0.00,-16.02,-0.95,-22.66
22,1,0.00824,-0.18,-0.01,-0.31,-21.85,-1.52,-37.04
22,2,0.01666,-0.52,-0.04,-1.04,-40.22,-3.52,-87.32
22,3,0.02557,-0.85,-0.07,-1.78,-36.99,-3.33,-82.88
22,4,0.03394,-1.18,-0.10,-2.52,-39.42,-3.55,-88.32
22,5,0.04169,-1.82,-0.16,-3.99,-83.07,-7.65,-190.55
22,6,0.05017,-2.58,-0.23,-5.73,-89.21,-8.25,-204.68
22,7,0.05835,-3.59,-0.32,-8.06,-123.51,-11.44,-284.70
22,8,0.06683,-4.74,-0.43,-10.78,-135.61,-12.88,-320.86
22,9,0.07581,-6.02,-0.56,-13.87,-142.86,-13.79,-343.88
22,10,0.08411,-7.35,-0.69,-17.06,-159.56,-15.41,-384.19
22,11,0.09186,-8.63,-0.81,-20.14,-165.35,-15.94,-398.03
22,12,0.10034,-9.91,-0.93,-23.23,-151.08,-14.61,-363.67
22,13,0.10864,-11.14,-1.06,-26.37,-148.53,-15.13,-379.04
22,14,0.11700,-12.33,-1.19,-29.57,-142.34,-15.25,-382.48
22,15,0.12598,-13.52,-1.31,-32.77,-132.65,-14.19,-356.46
22,16,0.13434,-14.70,-1.44,-36.01,-140.88,-14.83,-387.96
22,17,0.14197,-15.79,-1.52,-39.30,-142.40,-11.48,-431.20
22,18,0.15051,-16.87,-1.61,-42.59,-127.14,-10.26,-385.00
22,19,0.15875,-17.96,-1.70,-45.88,-131.85,-10.63,-399.26
22,20,0.16724,-18.98,-1.79,-49.23,-119.78,-10.60,-394.60
22,21,0.17603,-20.03,-1.88,-52.57,-119.79,-10.17,-380.21
22,22,0.18390,-21.24,-1.97,-55.87,-153.49,-11.04,-418.60
22,23,0.19281,-22.44,-2.05,-59.16,-135.27,-9.74,-369.18
22,24,0.20068,-23.69,-2.14,-62.56,-158.53,-11.38,-432.17
22,25,0.20886,-24.90,-2.23,-65.85,-147.39,-10.61,-402.24
22,26,0.21735,-26.13,-2.32,-69.13,-145.32,-10.16,-386.69
22,27,0.22614,-27.44,-2.21,-72.39,-149.31,12.06,-371.18
22,28,0.23413,-28.75,-2.14,-75.66,-164.12,8.15,-408.02
22,29,0.24292,-30.07,-2.04,-78.92,-149.31,12.17,-371.18
22,30,0.25085,-31.49,-1.93,-82.14,-179.23,13.91,-405.38
22,31,0.25903,-32.92,-1.82,-85.35,-175.00,13.54,-392.91
22,32,0.26752,-34.35,-1.71,-88.56,-168.71,13.03,-378.78
22,33,0.27637,-35.93,-1.59,-91.97,-178.62,13.58,-385.17
22,34,0.28491,-37.63,-1.46,-95.55,-199.29,14.94,-418.93
22,35,0.29309,-39.55,-1.32,-99.37,-234.70,17.19,-467.16
22,36,0.30096,-41.46,-1.18,-103.15,-241.86,17.69,-479.84
22,37,0.30914,-43.36,-1.04,-106.93,-232.84,17.01,-461.94
22,38,0.31775,-45.27,-0.90,-110.71,-221.28,16.20,-439.01
22,39,0.32611,-47.17,-0.76,-114.48,-227.74,16.64,-451.82
22,40,0.33435,-49.16,-0.62,-118.23,-241.85,17.26,-454.81
22,41,0.34265,-51.16,-0.48,-121.98,-240.81,17.19,-451.47
22,42,0.35107,-53.16,-0.33,-125.73,-237.32,16.94,-444.93
22,43,0.35931,-55.20,-0.19,-129.53,-247.04,17.60,-461.11
22,44,0.36786,-57.26,-0.04,-133.36,-241.07,17.13,-448.21
22,45,0.37616,-59.32,0.10,-137.19,-248.16,17.65,-461.40
22,46,0.38507,-61.38,0.25,-141.02,-231.16,16.44,-429.79
22,47,0.39343,-63.51,0.40,-144.98,-255.11,18.12,-474.09
22,48,0.40125,-65.57,0.55,-148.81,-263.67,18.75,-490.23
22,49,0.40961,-67.63,0.70,-152.64,-246.35,17.50,-458.03
22,50,0.41809,-69.59,0.83,-156.26,-231.29,16.41,-426.62
22,51,0.42639,-71.55,0.97,-159.88,-236.40,16.73,-435.66
22,52,0.43463,-73.52,1.11,-163.49,-238.15,16.87,-438.89
22,53,0.44299,-75.48,1.25,-167.11,-234.67,16.64,-432.48
22,54,0.45215,-77.44,1.39,-170.72,-214.33,15.16,-395.00
22,55,0.45984,-79.44,1.53,-174.39,-259.52,18.34,-476.98
22,56,0.46808,-81.36,1.67,-177.92,-233.33,16.53,-428.52
22,57,0.47644,-83.28,1.80,-181.45,-229.93,16.26,-422.26
22,58,0.48547,-85.21,1.94,-184.99,-212.84,15.03,-390.88
22,59,0.49390,-87.18,2.08,-188.60,-234.06,16.57,-429.71
22,60,0.50153,-89.15,2.22,-192.25,-259.20,18.33,-477.60
22,61,0.51001,-91.13,2.36,-195.89,-233.09,16.51,-429.50
22,62,0.51825,-93.11,2.50,-199.54,-240.00,17.00,-442.22
22,63,0.52667,-95.17,2.65,-203.35,-244.93,17.38,-453.26
22,64,0.53558,-97.27,2.94,-207.24,-235.27,33.38,-436.64
22,65,0.54388,-99.42,3.19,-211.25,-259.19,29.44,-482.72
22,66,0.55170,-101.60,3.50,-215.30,-278.91,39.69,-518.36
22,67,0.56018,-103.81,3.81,-219.42,-260.43,37.18,-485.61
22,68,0.56854,-106.02,4.13,-223.54,-264.23,37.72,-492.70
22,69,0.57684,-108.23,4.44,-227.66,-266.54,37.97,-495.96
22,70,0.58575,-110.45,4.76,-231.77,-248.97,35.39,-461.64
22,71,0.59357,-112.66,5.08,-235.98,-283.20,41.22,-539.06
22,72,0.60266,-114.78,5.40,-240.19,-233.22,35.36,-463.09
22,73,0.61035,-117.01,5.74,-244.59,-290.08,43.71,-571.43
22,74,0.61865,-119.15,6.06,-248.79,-257.72,38.72,-506.25
22,75,0.62695,-121.30,6.23,-252.99,-258.82,20.74,-505.51
22,76,0.63611,-123.46,6.39,-257.21,-235.33,17.29,-461.00
22,77,0.64429,-125.61,6.55,-261.46,-263.43,19.52,-519.78
22,78,0.65210,-127.82,6.71,-265.81,-282.42,20.94,-556.64
22,79,0.66040,-130.04,6.88,-270.17,-268.01,19.70,-525.00
22,80,0.66895,-132.21,7.16,-274.42,-254.29,33.19,-497.86
22,81,0.67719,-134.27,7.64,-278.46,-249.63,57.67,-490.74
22,82,0.68610,-136.18,8.08,-282.25,-214.04,49.60,-424.66
22,83,0.69385,-138.10,8.52,-286.03,-247.24,57.23,-487.80
22,84,0.70294,-140.01,8.96,-289.80,-210.07,48.62,-414.43
22,85,0.71069,-141.86,9.40,-293.60,-239.37,56.51,-490.55
22,86,0.71893,-143.68,9.83,-297.32,-221.11,52.06,-451.11
22,87,0.72723,-145.51,10.26,-301.03,-219.85,51.70,-447.43
22,88,0.73633,-147.29,10.68,-304.71,-195.97,46.44,-404.03
22,89,0.74457,-149.07,11.10,-308.38,-215.56,51.20,-446.30
22,90,0.75238,-150.84,11.52,-312.05,-226.95,53.74,-468.75
22,91,0.76074,-152.61,11.95,-315.71,-212.04,50.35,-437.96
22,92,0.76917,-154.39,12.37,-319.37,-210.87,49.94,-434.78
22,93,0.77753,-156.31,12.81,-323.22,-229.93,53.61,-460.58
23,0,0.00000,0.00,0.00,0.00,-12.15,-1.60,-20.83
23,1,0.00775,-0.20,-0.02,-0.31,-25.20,-3.12,-39.76
23,2,0.01611,-0.64,-0.08,-0.98,-53.28,-6.48,-80.66
23,3,0.02466,-1.09,-0.13,-1.66,-52.50,-6.40,-78.93
23,4,0.03284,-1.54,-0.19,-2.33,-54.85,-6.64,-82.09
23,5,0.04132,-2.43,-0.30,-3.67,-104.68,-12.74,-158.27
23,6,0.04968,-3.47,-0.42,-5.25,-125.18,-15.27,-189.05
23,7,0.05804,-4.87,-0.59,-7.37,-167.15,-20.37,-253.65
23,8,0.06683,-6.48,-0.79,-9.85,-182.64,-22.50,-282.29
23,9,0.07471,-8.30,-1.02,-12.72,-232.17,-28.81,-363.95
23,10,0.08295,-10.10,-1.24,-15.54,-218.15,-27.06,-341.85
23,11,0.09149,-11.90,-1.46,-18.35,-210.36,-26.06,-329.64
23,12,0.10004,-13.70,-1.69,-21.17,-210.36,-26.09,-329.64
23,13,0.10901,-15.45,-1.85,-24.05,-195.92,-18.12,-321.43
23,14,0.11713,-17.28,-2.23,-27.17,-225.19,-46.99,-384.21
23,15,0.12482,-19.01,-2.51,-30.11,-224.60,-36.00,-382.54
23,16,0.13324,-20.72,-2.78,-33.09,-202.54,-32.93,-352.90
23,17,0.14166,-22.36,-3.06,-36.14,-194.93,-32.68,-362.32
23,18,0.14990,-24.00,-3.34,-39.19,-199.26,-33.44,-370.37
23,19,0.15833,-25.64,-3.61,-42.24,-194.93,-32.71,-362.32
23,20,0.16656,-27.22,-3.88,-45.37,-191.48,-33.20,-379.26
23,21,0.17572,-28.84,-4.16,-48.47,-177.33,-30.17,-339.00
23,22,0.18341,-30.60,-4.44,-51.50,-228.57,-36.91,-394.05
23,23,0.19165,-32.36,-4.73,-54.53,-213.33,-34.45,-367.78
23,24,0.20007,-34.12,-5.01,-57.56,-208.70,-33.66,-359.78
23,25,0.20850,-35.87,-5.30,-60.59,-208.70,-33.70,-359.78
23,26,0.21674,-37.66,-5.58,-63.61,-216.67,-34.61,-366.30
23,27,0.22589,-39.52,-5.87,-66.60,-203.00,-31.62,-326.00
23,28,0.23358,-41.40,-6.16,-69.61,-244.44,-38.09,-392.06
23,29,0.24176,-43.26,-6.45,-72.60,-227.24,-35.39,-364.93
23,30,0.25018,-45.21,-6.57,-75.52,-232.61,-14.47,-346.74
23,31,0.25916,-47.18,-6.73,-78.43,-219.05,-17.58,-325.17
23,32,0.26685,-49.15,-6.85,-81.36,-256.35,-15.76,-380.16
23,33,0.27539,-51.30,-6.98,-84.44,-251.79,-15.04,-361.07
23,34,0.28375,-53.58,-7.12,-87.64,-271.90,-15.94,-382.12
23,35,0.29218,-56.09,-7.26,-91.02,-298.55,-16.77,-401.09
23,36,0.30048,-58.62,-7.40,-94.41,-304.78,-17.13,-408.46
23,37,0.30939,-61.15,-7.54,-97.80,-283.90,-15.93,-380.48
23,38,0.31708,-63.74,-7.69,-101.27,-336.51,-18.90,-451.19
23,39,0.32544,-66.27,-7.83,-104.66,-302.55,-16.98,-405.47
23,40,0.33392,-68.88,-7.97,-108.00,-308.27,-16.61,-394.24
23,41,0.34222,-71.50,-8.11,-111.35,-315.44,-16.96,-402.94
23,42,0.35052,-74.12,-8.25,-114.69,-315.44,-16.96,-402.94
23,43,0.35889,-76.79,-8.39,-118.08,-318.61,-17.06,-405.11
23,44,0.36792,-79.48,-8.54,-121.49,-297.97,-15.93,-377.70
23,45,0.37628,-82.24,-8.56,-125.00,-330.66,-2.74,-419.34
23,46,0.38391,-84.93,-8.71,-128.41,-352.80,-20.10,-447.20
23,47,0.39246,-87.63,-8.79,-131.82,-315.00,-9.22,-399.29
23,48,0.40070,-90.32,-8.87,-135.23,-326.67,-9.57,-414.07
23,49,0.40906,-93.01,-8.95,-138.64,-321.90,-9.42,-408.03
23,50,0.41809,-95.57,-9.02,-141.87,-283.45,-8.23,-356.76
23,51,0.42645,-98.18,-9.10,-145.15,-312.04,-9.05,-392.70
23,52,0.43402,-100.74,-9.17,-148.37,-338.31,-9.80,-425.40
23,53,0.44250,-103.30,-9.02,-151.59,-301.80,18.40,-379.50
23,54,0.45093,-105.86,-8.91,-154.81,-303.99,13.12,-382.25
23,55,0.45941,-108.36,-8.75,-157.96,-295.32,18.09,-370.86
23,56,0.46747,-110.87,-8.60,-161.10,-310.98,19.04,-390.15
23,57,0.47662,-113.38,-8.45,-164.24,-273.67,16.74,-343.33
23,58,0.48419,-115.91,-8.29,-167.43,-335.48,20.57,-420.97
23,59,0.49261,-118.42,-8.14,-170.57,-297.83,18.21,-373.55
23,60,0.50104,-121.00,-7.98,-173.82,-306.16,18.79,-385.51
23,61,0.50952,-123.58,-7.82,-177.07,-303.96,18.61,-382.73
23,62,0.51764,-126.16,-7.66,-180.32,-317.67,19.50,-400.00
23,63,0.52606,-128.85,-7.50,-183.72,-318.84,19.60,-403.62
23,64,0.53448,-131.58,-7.33,-187.19,-324.64,19.93,-411.96
23,65,0.54285,-134.39,-7.16,-190.76,-336.13,20.69,-427.74
23,66,0.55115,-137.23,-6.98,-194.38,-341.54,21.00,-435.29
23,67,0.55945,-140.11,-6.81,-198.06,-347.06,21.41,-443.38
23,68,0.56854,-142.99,-6.63,-201.74,-316.78,19.50,-404.70
23,69,0.57690,-146.01,-6.44,-205.59,-360.95,22.22,-460.95
23,70,0.58453,-148.89,-6.27,-209.27,-377.60,23.27,-482.40
23,71,0.59338,-151.73,-6.09,-213.00,-321.38,20.00,-421.38
23,72,0.60120,-154.52,-5.91,-216.80,-357.42,22.51,-486.33
23,73,0.60974,-157.32,-5.74,-220.60,-326.79,20.55,-444.64
23,74,0.61798,-160.11,-5.56,-224.40,-338.89,21.34,-461.11
23,75,0.62640,-162.90,-5.38,-228.20,-331.52,20.88,-451.09
23,76,0.63544,-165.69,-5.21,-232.03,-308.45,19.51,-423.99
23,77,0.64337,-168.53,-5.03,-235.99,-358.08,22.72,-499.23
23,78,0.65137,-171.37,-4.85,-239.95,-355.34,22.55,-495.42
23,79,0.65979,-174.22,-4.67,-243.93,-338.41,21.51,-472.46
23,80,0.66870,-177.00,-4.49,-247.81,-311.99,19.83,-435.62
23,81,0.67725,-179.63,-4.32,-251.52,-308.21,19.64,-433.57
23,82,0.68481,-182.14,-4.16,-255.07,-330.65,21.14,-469.76
23,83,0.69330,-184.58,-4.01,-258.54,-287.77,18.41,-408.63
23,84,0.70166,-187.00,-3.85,-262.00,-290.15,18.60,-413.87
23,85,0.71008,-189.32,-3.70,-265.43,-275.36,17.83,-406.88
23,86,0.71826,-191.64,-3.55,-268.86,-283.58,18.42,-419.40
23,87,0.72668,-193.96,-3.40,-272.28,-275.36,17.85,-406.88
23,88,0.73584,-196.22,-3.25,-275.68,-247.33,16.13,-371.33
23,89,0.74365,-198.68,-3.09,-279.37,-313.67,20.51,-472.27
23,90,0.75171,-200.93,-2.94,-282.76,-279.55,18.24,-420.83
23,91,0.76013,-203.18,-2.80,-286.15,-267.39,17.49,-402.54
23,92,0.76910,-205.43,-2.65,-289.54,-251.02,16.39,-377.89
23,93,0.77747,-207.87,-2.49,-293.12,-291.24,18.84,-427.37
24,0,0.00000,0.00,0.00,0.00,-15.93,-1.82,-20.37
24,1,0.00830,-0.19,-0.02,-0.29,-22.79,-2.79,-35.29
24,2,0.01678,-0.56,-0.07,-1.01,-43.53,-6.02,-84.89
24,3,0.02496,-0.92,-0.13,-1.74,-44.40,-6.25,-88.43
24,4,0.03345,-1.28,-0.18,-2.46,-42.81,-5.98,-85.25
24,5,0.04163,-1.99,-0.28,-3.89,-86.19,-12.20,-174.63
24,6,0.05005,-2.82,-0.39,-5.58,-98.55,-13.95,-200.36
24,7,0.05853,-3.94,-0.55,-7.86,-131.65,-18.74,-268.71
24,8,0.06708,-5.22,-0.74,-10.55,-150.71,-21.71,-315.71
24,9,0.07538,-6.65,-0.94,-13.58,-171.32,-24.88,-364.34
24,10,0.08344,-8.07,-1.15,-16.60,-176.52,-25.72,-375.38
24,11,0.09229,-9.51,-1.36,-19.67,-163.10,-23.73,-346.90
24,12,0.10028,-10.93,-1.57,-22.70,-177.86,-25.83,-378.24
24,13,0.10852,-12.31,-1.77,-25.78,-167.04,-25.03,-374.44
24,14,0.11713,-13.64,-1.98,-28.92,-154.96,-23.88,-364.89
24,15,0.12537,-15.00,-2.19,-32.10,-164.07,-25.24,-385.19
24,16,0.13361,-16.31,-2.39,-35.25,-159.63,-24.88,-383.33
24,17,0.14227,-17.55,-2.60,-38.49,-142.96,-23.45,-373.24
24,18,0.15051,-18.79,-2.80,-41.72,-150.37,-24.67,-392.59
24,19,0.15857,-20.03,-3.00,-44.96,-153.79,-25.19,-401.52
24,20,0.16705,-21.20,-3.20,-48.25,-137.77,-23.66,-388.49
24,21,0.17548,-22.40,-3.41,-51.54,-142.39,-24.08,-390.58
24,22,0.18378,-23.75,-3.62,-54.77,-163.24,-25.36,-388.97
24,23,0.19214,-25.11,-3.83,-58.00,-162.04,-25.13,-386.13
24,24,0.20081,-26.46,-4.04,-61.23,-156.34,-24.28,-372.54
24,25,0.20868,-27.82,-4.25,-64.46,-172.09,-26.69,-410.08
24,26,0.21704,-29.19,-4.46,-67.68,-164.60,-25.28,-385.40
24,27,0.22559,-30.65,-4.67,-70.88,-171.07,-25.23,-374.29
24,28,0.23395,-32.12,-4.89,-74.08,-174.82,-25.87,-382.48
24,29,0.24200,-33.58,-5.11,-77.28,-181.44,-26.80,-396.97
24,30,0.25092,-35.14,-5.33,-80.43,-175.34,-24.72,-353.42
24,31,0.25867,-36.72,-5.55,-83.57,-203.15,-28.54,-405.51
24,32,0.26740,-38.29,-5.77,-86.71,-180.42,-25.31,-360.14
24,33,0.27539,-40.01,-6.01,-90.03,-215.27,-29.65,-414.50
24,34,0.28357,-41.86,-6.26,-93.49,-225.75,-30.65,-423.13
24,35,0.29211,-43.91,-6.53,-97.15,-239.64,-31.71,-428.21
24,36,0.30029,-45.98,-6.80,-100.83,-253.73,-33.47,-450.75
24,37,0.30878,-48.06,-7.08,-104.52,-244.60,-32.31,-434.53
24,38,0.31696,-50.13,-7.31,-108.21,-253.73,-28.66,-450.75
24,39,0.32574,-52.21,-7.74,-111.89,-236.11,-48.70,-419.44
24,40,0.33380,-54.36,-8.08,-115.55,-267.80,-42.88,-453.79
24,41,0.34204,-56.53,-8.43,-119.20,-263.33,-41.97,-442.96
24,42,0.35028,-58.70,-8.78,-122.85,-263.33,-42.00,-442.96
24,43,0.35852,-60.91,-9.13,-126.54,-267.41,-42.54,-448.15
24,44,0.36713,-63.14,-9.48,-130.27,-259.57,-41.22,-433.33
24,45,0.37537,-65.37,-9.84,-134.00,-271.11,-43.05,-452.59
24,46,0.38361,-67.61,-10.19,-137.73,-271.11,-43.05,-452.59
24,47,0.39197,-69.84,-10.54,-141.46,-267.15,-42.46,-445.99
24,48,0.40039,-72.08,-10.90,-145.19,-265.22,-42.11,-442.75
24,49,0.40875,-74.31,-11.25,-148.92,-267.15,-42.42,-445.99
24,50,0.41699,-76.45,-11.59,-152.47,-259.63,-41.09,-430.74
24,51,0.42554,-78.58,-11.93,-155.99,-248.93,-39.39,-412.14
24,52,0.43365,-80.70,-12.27,-159.51,-262.03,-41.43,-433.83
24,53,0.44214,-82.83,-12.60,-163.03,-250.72,-39.64,-415.11
24,54,0.45081,-84.96,-12.94,-166.55,-245.42,-38.80,-406.34
24,55,0.45862,-87.05,-13.27,-170.00,-267.19,-42.30,-441.80
24,56,0.46704,-89.13,-13.40,-173.44,-247.46,-15.64,-408.33
24,57,0.47534,-91.21,-13.54,-176.88,-251.10,-17.04,-414.34
24,58,0.48376,-93.30,-13.68,-180.32,-247.46,-16.79,-408.33
24,59,0.49207,-95.38,-13.83,-183.76,-251.10,-17.06,-414.34
24,60,0.50043,-97.52,-13.97,-187.30,-255.11,-17.39,-422.99
24,61,0.50879,-99.66,-14.12,-190.85,-256.20,-17.47,-424.82
24,62,0.51727,-101.80,-14.26,-194.40,-252.52,-17.21,-418.71
24,63,0.52551,-104.01,-14.41,-198.08,-268.15,-18.35,-446.30
24,64,0.53351,-106.28,-14.57,-201.87,-283.59,-19.47,-473.66
24,65,0.54236,-108.60,-14.73,-205.76,-262.41,-18.06,-439.66
24,66,0.55060,-110.94,-14.86,-209.69,-284.07,-16.06,-477.04
24,67,0.55884,-113.33,-14.96,-213.71,-289.63,-12.00,-487.78
24,68,0.56726,-115.71,-15.06,-217.73,-283.33,-11.74,-477.17
24,69,0.57544,-118.10,-15.16,-221.75,-291.79,-12.08,-491.42
24,70,0.58380,-120.52,-15.26,-225.83,-289.78,-12.01,-487.96
24,71,0.59247,-122.89,-15.10,-229.87,-273.24,18.64,-466.20
24,72,0.60059,-125.22,-15.01,-233.97,-287.22,10.60,-504.89
24,73,0.60883,-127.74,-14.84,-237.95,-305.56,20.35,-484.07
24,74,0.61713,-130.37,-14.67,-241.87,-316.54,20.58,-471.69
24,75,0.62561,-133.04,-14.50,-245.76,-314.75,20.32,-457.91
24,76,0.63385,-135.73,-14.33,-249.64,-326.30,20.98,-471.85
24,77,0.64227,-138.42,-14.15,-253.58,-319.57,20.67,-467.03
24,78,0.65063,-141.17,-13.98,-257.57,-328.47,21.16,-477.37
24,79,0.65875,-143.95,-13.80,-261.61,-343.23,22.12,-497.74
24,80,0.66724,-146.67,-13.62,-265.55,-320.86,20.66,-464.39
24,81,0.67548,-149.32,-13.45,-269.38,-321.11,20.67,-464.81
24,82,0.68372,-151.72,-13.30,-272.88,-290.74,18.77,-424.44
24,83,0.69202,-154.11,-13.14,-276.37,-288.60,18.63,-421.32
24,84,0.70050,-156.51,-12.99,-279.87,-282.37,18.25,-412.23
24,85,0.70886,-158.80,-12.84,-283.33,-273.72,17.90,-413.87
24,86,0.71729,-161.07,-12.69,-286.79,-270.29,17.70,-410.51
24,87,0.72546,-163.35,-12.54,-290.24,-278.73,18.28,-422.39
24,88,0.73364,-165.59,-12.39,-293.68,-274.25,18.01,-419.78
24,89,0.74237,-167.81,-12.25,-297.09,-253.50,16.70,-391.26
24,90,0.75043,-170.02,-12.10,-300.51,-275.00,18.15,-423.86
24,91,0.75879,-172.24,-11.95,-303.92,-264.96,17.44,-408.39
24,92,0.76721,-174.45,-11.81,-307.34,-263.04,17.32,-405.43
24,93,0.77545,-176.78,-11.65,-310.87,-282.59,18.53,-428.89
24,94,0.78381,-179.20,-11.50,-314.50,-289.42,18.89,-433.58
25,0,0.00000,0.00,0.00,0.00,-15.22,-1.73,-20.29
25,1,0.00842,-0.19,-0.02,-0.30,-22.10,-2.79,-35.14
25,2,0.01672,-0.54,-0.07,-1.02,-43.01,-6.13,-87.50
25,3,0.02551,-0.90,-0.12,-1.75,-40.28,-5.72,-82.64
25,4,0.03339,-1.26,-0.18,-2.48,-46.12,-6.51,-93.41
25,5,0.04242,-1.97,-0.28,-3.92,-78.38,-11.13,-159.46
25,6,0.05029,-2.84,-0.40,-5.69,-110.85,-15.67,-223.64
25,7,0.05841,-3.98,-0.56,-7.96,-140.23,-19.67,-279.70
25,8,0.06683,-5.30,-0.75,-10.62,-156.88,-22.17,-316.30
25,9,0.07587,-6.78,-0.96,-13.62,-163.85,-23.15,-331.76
25,10,0.08423,-8.28,-1.17,-16.60,-178.83,-25.09,-357.30
25,11,0.09186,-9.81,-1.38,-19.63,-201.20,-28.08,-396.80
25,12,0.10040,-11.34,-1.59,-22.60,-178.57,-24.76,-347.86
25,13,0.10876,-12.84,-1.80,-25.63,-179.20,-25.35,-362.41
25,14,0.11707,-14.31,-2.01,-28.71,-177.94,-25.54,-370.59
25,15,0.12592,-15.81,-2.23,-31.78,-168.62,-24.08,-346.90
25,16,0.13422,-17.29,-2.44,-34.87,-178.68,-25.63,-371.69
25,17,0.14313,-18.71,-2.65,-38.02,-159.93,-23.82,-354.45
25,18,0.15057,-20.25,-2.88,-41.39,-206.56,-30.53,-452.05
25,19,0.15881,-21.70,-3.09,-44.54,-175.93,-25.89,-381.85
25,20,0.16730,-23.10,-3.31,-47.75,-164.39,-24.96,-378.42
25,21,0.17584,-24.55,-3.52,-50.93,-170.36,-25.18,-372.50
25,22,0.18457,-26.15,-3.74,-54.05,-183.22,-25.40,-356.99
25,23,0.19238,-27.76,-3.96,-57.16,-205.86,-28.44,-398.44
25,24,0.20074,-29.37,-4.19,-60.27,-192.70,-26.54,-371.90
25,25,0.20911,-30.98,-4.41,-63.38,-193.07,-26.56,-371.90
25,26,0.21753,-32.63,-4.63,-66.47,-195.65,-26.60,-367.39
25,27,0.22595,-34.35,-4.86,-69.54,-204.35,-26.98,-363.77
25,28,0.23431,-36.07,-5.09,-72.60,-205.84,-27.22,-366.42
25,29,0.24316,-37.80,-5.32,-75.67,-194.83,-25.74,-346.21
25,30,0.25098,-39.63,-5.55,-78.67,-233.98,-29.66,-384.38
25,31,0.25934,-41.46,-5.78,-81.67,-219.34,-27.79,-358.76
25,32,0.26764,-43.30,-6.01,-84.67,-220.96,-27.95,-361.40
25,33,0.27606,-45.32,-6.26,-87.85,-239.86,-29.80,-377.90
25,34,0.28436,-47.45,-6.52,-91.14,-256.62,-31.58,-396.69
25,35,0.29346,-49.81,-6.81,-94.64,-260.40,-31.41,-383.89
25,36,0.30170,-52.29,-7.11,-98.28,-300.74,-36.15,-442.59
25,37,0.30951,-54.67,-7.39,-101.78,-304.30,-36.61,-447.66
25,38,0.31775,-57.05,-7.68,-105.28,-288.52,-34.71,-424.44
25,39,0.32623,-59.42,-7.97,-108.77,-280.22,-33.71,-412.23
25,40,0.33527,-61.89,-8.26,-112.23,-273.31,-32.09,-382.43
25,41,0.34277,-64.36,-8.55,-115.68,-328.86,-38.72,-460.16
25,42,0.35120,-66.83,-8.84,-119.14,-293.12,-34.46,-410.14
25,43,0.35968,-69.35,-9.18,-122.64,-296.76,-40.35,-412.95
25,44,0.36798,-71.89,-9.55,-126.17,-306.25,-44.58,-425.00
25,45,0.37628,-74.43,-9.92,-129.70,-306.25,-44.54,-425.00
25,46,0.38477,-76.97,-10.29,-133.22,-299.64,-43.66,-415.83
25,47,0.39368,-79.52,-10.66,-136.75,-285.27,-41.52,-395.89
25,48,0.40216,-82.09,-11.03,-140.33,-303.60,-44.20,-421.58
25,49,0.40979,-84.63,-11.40,-143.85,-332.80,-48.40,-462.00
25,50,0.41821,-87.05,-11.75,-147.18,-286.96,-41.58,-395.29
25,51,0.42651,-89.47,-12.11,-150.51,-291.54,-42.30,-400.74
25,52,0.43481,-91.89,-12.46,-153.84,-291.54,-42.21,-400.74
25,53,0.44379,-94.31,-12.81,-157.16,-269.73,-39.13,-370.75
25,54,0.45221,-96.75,-13.16,-160.52,-289.86,-41.95,-398.19
25,55,0.45972,-99.12,-13.50,-163.77,-315.85,-45.76,-432.93
25,56,0.46820,-101.50,-13.85,-167.01,-280.22,-40.47,-382.37
25,57,0.47668,-103.88,-14.19,-170.25,-281.29,-40.48,-381.65
25,58,0.48553,-106.33,-14.54,-173.44,-275.86,-39.12,-361.03
25,59,0.49316,-108.85,-14.89,-176.60,-331.20,-46.05,-413.60
25,60,0.50165,-111.49,-15.25,-179.80,-311.15,-42.66,-376.98
25,61,0.51007,-114.17,-15.61,-182.96,-318.12,-43.25,-375.72
25,62,0.51843,-116.88,-15.98,-186.10,-324.09,-43.65,-375.55
25,63,0.52673,-119.71,-16.12,-189.38,-341.18,-16.90,-394.85
25,64,0.53503,-122.61,-16.26,-192.72,-348.53,-17.44,-401.84
25,65,0.54401,-125.59,-16.41,-196.15,-332.31,-16.28,-382.65
25,66,0.55249,-128.66,-16.56,-199.69,-362.23,-17.78,-417.27
25,67,0.56012,-131.77,-16.71,-203.27,-407.60,-19.96,-469.60
25,68,0.56854,-134.84,-16.86,-206.80,-364.13,-17.85,-418.84
25,69,0.57697,-137.91,-16.97,-210.33,-364.13,-12.40,-418.84
25,70,0.58575,-140.97,-17.05,-213.85,-348.96,-9.02,-401.39
25,71,0.59424,-144.01,-17.13,-217.43,-357.55,-9.53,-421.58
25,72,0.60199,-147.07,-17.21,-221.17,-395.28,-11.04,-482.68
25,73,0.61041,-150.06,-17.03,-224.82,-354.71,21.43,-433.33
25,74,0.61896,-153.05,-16.86,-228.47,-349.64,20.25,-427.14
25,75,0.62732,-156.03,-16.68,-232.12,-357.30,21.67,-436.50
25,76,0.63599,-159.01,-16.50,-235.80,-344.01,20.94,-424.65
25,77,0.64392,-161.99,-16.31,-239.53,-375.38,23.01,-469.23
25,78,0.65295,-165.04,-16.13,-243.33,-336.82,20.59,-421.28
25,79,0.66058,-168.21,-15.93,-247.30,-415.60,25.41,-520.00
25,80,0.66901,-171.19,-15.75,-251.03,-353.62,21.66,-443.12
25,81,0.67743,-174.00,-15.58,-254.58,-334.06,20.47,-421.38
25,82,0.68622,-176.62,-15.42,-257.91,-297.92,18.33,-379.17
25,83,0.69458,-179.24,-15.26,-261.25,-313.14,19.29,-398.54
25,84,0.70245,-181.84,-15.10,-264.58,-330.62,20.38,-422.87
25,85,0.71082,-184.33,-14.94,-267.88,-298.18,18.59,-394.89
25,86,0.71936,-186.83,-14.79,-271.18,-291.79,18.22,-386.43
25,87,0.72766,-189.32,-14.63,-274.48,-300.37,18.71,-397.79
25,88,0.73608,-191.76,-14.48,-277.76,-289.86,18.18,-388.77
25,89,0.74420,-194.19,-14.33,-281.02,-298.87,18.77,-402.63
25,90,0.75330,-196.61,-14.17,-284.29,-266.78,16.71,-359.40
25,91,0.76086,-199.14,-14.01,-287.70,-334.27,20.99,-450.40
25,92,0.76935,-201.57,-13.86,-290.97,-285.97,17.91,-385.25
25,93,0.77765,-204.18,-13.70,-294.40,-314.34,19.58,-413.60
26,0,0.00000,0.00,0.00,0.00,-16.91,-1.85,-19.49
26,1,0.00873,-0.20,-0.02,-0.28,-23.43,-2.72,-32.17
26,2,0.01660,-0.61,-0.08,-0.98,-51.55,-6.68,-88.76
26,3,0.02576,-1.01,-0.13,-1.68,-44.00,-5.77,-76.67
26,4,0.03357,-1.43,-0.18,-2.41,-53.91,-7.02,-93.75
26,5,0.04175,-2.24,-0.29,-3.84,-98.51,-12.98,-174.25
26,6,0.05005,-3.18,-0.41,-5.51,-113.60,-14.98,-201.10
26,7,0.05859,-4.43,-0.58,-7.72,-145.71,-19.23,-258.93
26,8,0.06738,-5.86,-0.77,-10.33,-163.19,-21.77,-296.88
26,9,0.07520,-7.46,-0.99,-13.27,-203.91,-27.50,-376.17
26,10,0.08350,-9.05,-1.20,-16.21,-191.91,-25.80,-354.04
26,11,0.09204,-10.64,-1.41,-19.15,-186.43,-25.11,-343.93
26,12,0.10040,-12.23,-1.63,-22.09,-190.51,-25.62,-351.46
26,13,0.10883,-13.78,-1.84,-25.09,-183.70,-25.42,-356.52
26,14,0.11694,-15.29,-2.06,-28.15,-186.09,-26.34,-376.69
26,15,0.12616,-16.80,-2.27,-31.20,-163.91,-23.16,-331.79
26,16,0.13446,-18.34,-2.49,-34.39,-185.29,-26.55,-383.46
26,17,0.14215,-19.76,-2.70,-37.55,-184.52,-27.51,-411.11
26,18,0.15057,-21.18,-2.91,-40.71,-168.48,-25.20,-375.36
26,19,0.15918,-22.60,-3.13,-43.87,-164.89,-24.58,-367.38
26,20,0.16742,-23.95,-3.34,-47.10,-164.07,-25.52,-391.85
26,21,0.17645,-25.34,-3.55,-50.31,-154.05,-23.44,-355.74
26,22,0.18469,-26.93,-3.77,-53.58,-193.33,-27.54,-396.30
26,23,0.19250,-28.47,-3.99,-56.73,-196.48,-28.02,-403.12
26,24,0.20081,-30.00,-4.21,-59.88,-184.93,-26.33,-379.41
26,25,0.20929,-31.54,-4.43,-63.03,-180.94,-26.06,-371.22
26,26,0.21838,-33.11,-4.68,-66.17,-172.15,-27.32,-344.97
26,27,0.22656,-34.78,-4.99,-69.34,-204.85,-37.61,-388.43
26,28,0.23431,-36.42,-5.27,-72.45,-211.42,-35.87,-401.18
26,29,0.24268,-38.06,-5.54,-75.56,-195.99,-33.21,-371.90
26,30,0.25098,-39.81,-5.83,-78.61,-210.66,-34.23,-367.65
26,31,0.25940,-41.56,-6.11,-81.66,-207.97,-33.71,-361.96
26,32,0.26825,-43.31,-6.40,-84.71,-197.93,-32.12,-344.48
26,33,0.27612,-45.25,-6.70,-87.95,-245.74,-39.06,-411.63
26,34,0.28510,-47.28,-7.03,-91.30,-227.21,-35.79,-373.47
26,35,0.29303,-49.56,-7.38,-94.86,-286.54,-44.12,-448.08
26,36,0.30109,-51.84,-7.73,-98.42,-282.95,-43.47,-442.05
26,37,0.30969,-54.12,-8.08,-101.98,-264.89,-40.73,-413.83
26,38,0.31842,-56.40,-8.43,-105.54,-261.19,-40.21,-408.04
26,39,0.32623,-58.68,-8.78,-109.10,-291.80,-44.82,-455.86
26,40,0.33539,-61.04,-9.13,-112.63,-258.67,-38.87,-385.00
26,41,0.34314,-63.48,-9.50,-116.25,-314.57,-47.24,-467.32
26,42,0.35126,-65.85,-9.86,-119.77,-292.11,-43.91,-433.83
26,43,0.35950,-68.27,-10.22,-123.35,-293.33,-43.90,-433.70
26,44,0.36859,-70.71,-10.58,-126.94,-268.46,-40.16,-395.64
26,45,0.37701,-73.15,-10.95,-130.54,-289.86,-43.36,-427.17
26,46,0.38452,-75.60,-11.31,-134.15,-326.42,-48.78,-480.89
26,47,0.39294,-78.05,-11.68,-137.75,-289.86,-43.36,-427.17
26,48,0.40149,-80.49,-12.04,-141.35,-285.71,-42.74,-421.07
26,49,0.40979,-82.93,-12.41,-144.95,-294.12,-44.05,-433.46
26,50,0.41864,-85.25,-12.76,-148.34,-262.41,-39.08,-383.79
26,51,0.42645,-87.57,-12.90,-151.74,-297.27,-18.09,-434.77
26,52,0.43549,-89.90,-13.04,-155.14,-257.09,-15.64,-376.01
26,53,0.44330,-92.27,-13.18,-158.61,-303.91,-18.44,-444.53
26,54,0.45142,-94.59,-13.25,-162.00,-286.09,-8.42,-418.05
26,55,0.45984,-96.87,-13.35,-165.32,-269.93,-11.96,-393.84
26,56,0.46887,-99.14,-13.17,-168.64,-251.69,19.88,-367.23
26,57,0.47723,-101.46,-13.02,-172.01,-277.01,17.87,-403.65
26,58,0.48492,-103.74,-12.88,-175.34,-296.43,19.14,-432.14
26,59,0.49341,-106.01,-12.73,-178.66,-268.35,17.33,-391.37
26,60,0.50153,-108.35,-12.58,-182.08,-288.35,18.61,-421.80
26,61,0.50995,-110.69,-12.43,-185.50,-277.90,17.98,-406.52
26,62,0.51886,-113.03,-12.27,-188.93,-262.67,16.99,-384.25
26,63,0.52728,-115.47,-12.12,-192.51,-289.49,18.74,-425.72
26,64,0.53503,-117.95,-11.96,-196.17,-320.08,20.74,-472.05
26,65,0.54358,-120.50,-11.79,-199.94,-298.21,19.35,-441.07
26,66,0.55188,-123.07,-11.62,-203.75,-309.93,20.14,-458.82
26,67,0.56018,-125.69,-11.32,-207.63,-314.71,36.00,-467.28
26,68,0.56873,-128.30,-11.04,-211.51,-305.71,33.63,-453.93
26,69,0.57758,-130.91,-10.74,-215.39,-295.17,33.86,-438.28
26,70,0.58514,-133.58,-10.43,-219.36,-353.23,40.53,-524.60
26,71,0.59363,-136.16,-10.13,-223.28,-303.24,35.65,-462.59
26,72,0.60199,-138.67,-9.82,-227.27,-300.36,36.71,-477.01
26,73,0.61041,-141.18,-9.51,-231.26,-298.19,36.49,-473.55
26,74,0.61877,-143.69,-9.21,-235.25,-300.36,36.71,-477.01
26,75,0.62775,-146.20,-8.90,-239.24,-279.93,34.22,-444.56
26,76,0.63538,-148.80,-8.58,-243.41,-340.40,42.04,-546.80
26,77,0.64398,-151.29,-8.27,-247.47,-289.72,36.34,-471.99
26,78,0.65222,-153.84,-7.95,-251.63,-309.26,38.77,-504.44
26,79,0.66046,-156.40,-7.63,-255.80,-310.37,38.95,-506.30
26,80,0.66895,-158.89,-7.31,-259.87,-293.88,36.94,-479.86
26,81,0.67792,-161.25,-7.01,-263.75,-262.93,33.23,-432.31
26,82,0.68549,-163.44,-6.74,-267.38,-288.71,36.86,-479.84
26,83,0.69391,-165.62,-6.46,-271.01,-259.42,33.16,-431.16
26,84,0.70251,-167.79,-6.18,-274.64,-252.48,32.40,-421.28
26,85,0.71069,-169.87,-5.90,-278.22,-253.36,33.60,-438.06
26,86,0.71906,-171.95,-5.63,-281.80,-248.91,32.86,-427.74
26,87,0.72760,-174.04,-5.35,-285.37,-244.64,32.09,-418.21
26,88,0.73633,-176.09,-5.08,-288.90,-235.31,31.04,-404.55
26,89,0.74475,-178.18,-4.81,-292.46,-247.46,32.46,-422.46
26,90,0.75244,-180.27,-4.54,-295.97,-272.22,35.10,-457.14
26,91,0.76086,-182.37,-4.27,-299.46,-249.64,31.83,-413.77
26,92,0.76917,-184.50,-4.00,-302.93,-255.88,32.17,-418.01
26,93,0.77753,-186.80,-3.72,-306.56,-275.18,33.45,-434.67
27,0,0.00000,0.00,0.00,0.00,-18.91,-5.20,-24.79
27,1,0.00848,-0.23,-0.03,-0.30,-26.98,-3.80,-34.89
27,2,0.01685,-0.70,-0.10,-0.95,-56.93,-8.26,-78.47
27,3,0.02527,-1.18,-0.17,-1.61,-56.52,-8.18,-77.54
27,4,0.03351,-1.66,-0.24,-2.26,-58.15,-8.39,-79.26
27,5,0.04248,-2.62,-0.38,-3.59,-107.14,-15.54,-147.96
27,6,0.05023,-3.75,-0.54,-5.14,-145.28,-21.06,-200.39
27,7,0.05865,-5.24,-0.76,-7.19,-177.54,-25.78,-243.84
27,8,0.06696,-6.97,-1.01,-9.62,-208.46,-30.43,-291.91
27,9,0.07532,-8.90,-1.29,-12.35,-230.29,-33.82,-326.64
27,10,0.08374,-10.83,-1.58,-15.08,-228.99,-33.59,-323.91
27,11,0.09198,-12.76,-1.86,-17.80,-234.07,-34.39,-331.11
27,12,0.10101,-14.69,-2.14,-20.53,-213.51,-31.36,-302.03
27,13,0.10870,-16.58,-2.43,-23.33,-246.43,-36.92,-363.89
27,14,0.11713,-18.45,-2.71,-26.19,-221.74,-33.73,-339.13
27,15,0.12543,-20.32,-3.00,-29.04,-225.00,-34.23,-344.12
27,16,0.13440,-22.16,-3.28,-31.92,-206.12,-31.67,-321.09
27,17,0.14209,-23.95,-3.56,-34.89,-232.54,-36.85,-386.11
27,18,0.15131,-25.74,-3.85,-37.86,-194.04,-30.72,-322.19
27,19,0.15900,-27.55,-4.13,-40.86,-234.52,-37.14,-389.68
27,20,0.16724,-29.28,-4.41,-43.90,-210.00,-34.19,-368.89
27,21,0.17566,-31.04,-4.70,-46.92,-209.42,-33.73,-359.06
27,22,0.18463,-32.94,-4.99,-49.87,-211.90,-32.42,-327.89
27,23,0.19287,-34.84,-5.28,-52.81,-230.74,-35.34,-357.04
27,24,0.20068,-36.75,-5.57,-55.75,-243.75,-37.33,-376.95
27,25,0.20898,-38.65,-5.86,-58.69,-229.04,-35.04,-354.41
27,26,0.21741,-40.57,-6.15,-61.62,-228.26,-34.67,-347.83
27,27,0.22565,-42.57,-6.45,-64.51,-242.59,-35.99,-350.74
27,28,0.23468,-44.57,-6.75,-67.40,-221.28,-32.79,-319.93
27,29,0.24292,-46.59,-7.05,-70.32,-244.81,-36.27,-353.70
27,30,0.25079,-48.68,-7.35,-73.14,-265.89,-38.25,-358.91
27,31,0.25916,-50.78,-7.65,-75.96,-251.46,-36.01,-336.86
27,32,0.26764,-52.88,-7.95,-78.78,-247.84,-35.49,-332.01
27,33,0.27588,-55.17,-8.27,-81.74,-277.41,-39.20,-360.00
27,34,0.28491,-57.59,-8.61,-84.83,-268.24,-37.59,-341.22
27,35,0.29327,-60.35,-8.76,-88.19,-330.29,-17.10,-402.55
27,36,0.30103,-63.05,-8.95,-91.46,-347.24,-25.12,-421.26
27,37,0.30933,-65.74,-8.88,-94.72,-324.26,8.95,-393.38
27,38,0.31781,-68.42,-8.71,-97.99,-316.55,19.19,-385.25
27,39,0.32605,-71.11,-8.55,-101.26,-325.56,19.75,-397.04
27,40,0.33484,-73.87,-8.39,-104.49,-314.24,18.79,-366.67
27,41,0.34277,-76.64,-8.22,-107.71,-348.85,20.87,-405.77
27,42,0.35181,-79.40,-8.05,-110.93,-306.08,18.28,-356.76
27,43,0.35962,-82.27,-7.88,-114.25,-366.80,21.93,-425.78
27,44,0.36780,-85.11,-7.71,-117.55,-347.39,20.71,-402.61
27,45,0.37628,-87.94,-7.46,-120.84,-334.17,30.27,-388.49
27,46,0.38519,-90.77,-7.22,-124.14,-317.81,26.45,-370.21
27,47,0.39288,-93.60,-6.96,-127.45,-367.46,33.59,-430.56
27,48,0.40204,-96.41,-6.70,-130.77,-307.33,28.20,-362.00
27,49,0.40967,-99.26,-6.44,-134.12,-373.20,34.29,-439.60
27,50,0.41815,-101.94,-6.20,-137.26,-315.47,28.80,-369.42
27,51,0.42645,-104.61,-5.95,-140.38,-321.69,29.42,-376.84
27,52,0.43481,-107.28,-5.71,-143.52,-319.34,29.19,-374.45
27,53,0.44354,-109.95,-5.47,-146.65,-305.94,27.97,-358.74
27,54,0.45203,-112.62,-5.22,-149.78,-314.75,28.80,-369.42
27,55,0.45972,-115.23,-4.98,-152.84,-340.08,31.11,-398.41
27,56,0.46814,-117.84,-4.74,-155.90,-309.78,28.30,-363.04
27,57,0.47656,-120.45,-4.51,-158.96,-309.78,28.30,-363.04
27,58,0.48505,-123.06,-4.27,-162.02,-307.55,28.10,-360.43
27,59,0.49323,-125.67,-4.03,-165.08,-319.03,29.14,-373.88
27,60,0.50165,-128.35,-3.78,-168.23,-318.48,29.25,-374.64
27,61,0.51068,-131.04,-3.54,-171.39,-297.30,27.25,-349.66
27,62,0.51849,-133.84,-3.28,-174.68,-358.20,32.88,-421.48
27,63,0.52661,-136.63,-3.02,-177.99,-344.36,31.75,-407.14
27,64,0.53497,-139.48,-2.76,-181.36,-340.51,31.48,-403.65
27,65,0.54395,-142.41,-2.49,-184.84,-326.53,30.19,-387.76
27,66,0.55249,-145.36,-2.21,-188.36,-345.71,32.08,-411.43
27,67,0.56006,-148.48,-1.92,-192.08,-412.10,38.28,-491.53
27,68,0.56860,-151.49,-1.65,-195.66,-351.43,32.65,-419.29
27,69,0.57703,-154.49,-1.37,-199.24,-356.52,33.17,-425.36
27,70,0.58533,-157.49,-1.09,-202.83,-361.76,33.65,-431.62
27,71,0.59357,-160.46,-0.80,-206.45,-360.37,34.25,-440.37
27,72,0.60193,-163.38,-0.52,-210.16,-348.91,34.40,-443.07
27,73,0.61096,-166.30,-0.23,-213.86,-322.97,31.89,-410.14
27,74,0.61884,-169.21,0.06,-217.57,-370.54,36.54,-470.54
27,75,0.62689,-172.13,0.35,-221.27,-362.12,35.75,-459.85
27,76,0.63562,-175.05,0.64,-225.01,-333.92,33.19,-427.62
27,77,0.64465,-177.95,0.93,-228.78,-321.62,32.49,-418.24
27,78,0.65302,-181.06,1.24,-232.83,-371.90,37.55,-483.94
27,79,0.66058,-184.04,1.55,-236.71,-393.95,39.84,-512.90
27,80,0.66901,-186.95,1.84,-240.50,-345.29,34.88,-449.64
27,81,0.67749,-189.70,2.12,-244.11,-324.46,33.02,-425.90
27,82,0.68585,-192.26,2.38,-247.49,-305.47,31.38,-404.38
27,83,0.69476,-194.81,2.62,-250.88,-286.64,26.45,-379.45
27,84,0.70319,-197.35,2.74,-254.25,-301.81,14.28,-401.09
27,85,0.71075,-199.84,2.84,-257.67,-327.82,13.50,-451.61
27,86,0.71930,-202.27,2.95,-261.02,-284.64,12.93,-392.14
27,87,0.72748,-204.70,3.06,-264.37,-297.39,13.48,-409.33
27,88,0.73596,-207.08,3.17,-267.69,-280.22,13.01,-391.37
27,89,0.74487,-209.44,3.28,-271.01,-265.07,12.37,-371.92
27,90,0.75269,-211.80,3.39,-274.32,-302.34,14.10,-424.22
27,91,0.76160,-214.16,3.50,-277.63,-265.07,12.38,-371.92
27,92,0.76941,-216.55,3.61,-280.98,-305.86,14.27,-428.91
27,93,0.77765,-219.09,3.73,-284.46,-307.78,13.89,-421.85
28,0,0.00000,0.00,0.00,0.00,1.09,0.63,-25.55
28,1,0.00848,0.02,0.01,-0.21,2.52,0.66,-25.18
28,2,0.01678,0.18,0.02,-0.87,19.12,2.28,-79.04
28,3,0.02509,0.36,0.04,-1.52,21.69,2.32,-78.31
28,4,0.03406,0.54,0.06,-2.17,20.41,2.15,-72.45
28,5,0.04175,0.74,0.08,-2.88,26.19,2.75,-92.46
28,6,0.05011,1.16,0.13,-4.28,49.27,5.01,-167.52
28,7,0.05872,1.58,0.17,-5.71,49.29,4.98,-165.60
28,8,0.06689,2.21,0.23,-7.73,76.49,7.46,-247.01
28,9,0.07538,2.86,0.29,-9.77,76.98,7.33,-241.01
28,10,0.08350,3.78,0.37,-12.40,112.78,10.03,-324.06
28,11,0.09265,4.71,0.46,-15.02,102.33,8.94,-286.33
28,12,0.10028,5.71,0.54,-17.75,130.40,11.19,-357.60
28,13,0.10876,6.67,0.62,-20.36,113.67,9.69,-307.91
28,14,0.11713,7.64,0.71,-22.97,116.42,9.83,-312.04
28,15,0.12549,8.63,0.79,-25.58,118.25,9.86,-312.04
28,16,0.13373,9.73,0.87,-28.20,133.33,10.30,-318.15
28,17,0.14282,10.84,0.96,-30.83,121.48,9.36,-288.26
28,18,0.15100,11.95,1.04,-33.48,136.57,10.52,-324.25
28,19,0.15887,13.07,1.13,-36.10,141.86,10.82,-332.56
28,20,0.16718,14.29,1.22,-38.71,147.06,10.53,-315.44
28,21,0.17560,15.51,1.30,-41.33,144.93,10.36,-310.87
28,22,0.18439,16.73,1.39,-43.95,138.89,9.94,-297.92
28,23,0.19220,17.96,1.48,-46.57,157.03,11.17,-334.77
28,24,0.20111,19.27,1.57,-49.18,146.58,9.98,-293.15
28,25,0.20923,20.56,1.66,-51.80,159.02,10.94,-322.56
28,26,0.21729,21.70,1.74,-54.48,142.42,10.86,-332.95
28,27,0.22577,22.85,1.83,-57.16,135.25,10.29,-316.19
28,28,0.23480,24.00,1.92,-59.84,127.03,9.67,-296.96
28,29,0.24249,25.20,2.01,-62.64,155.56,11.86,-363.49
28,30,0.25067,26.34,2.10,-65.32,140.30,10.67,-327.99
28,31,0.25922,27.48,2.18,-68.01,133.21,10.24,-314.64
28,32,0.26752,28.55,2.27,-70.74,128.68,10.46,-328.68
28,33,0.27582,29.62,2.36,-73.47,128.68,10.47,-328.68
28,34,0.28412,30.69,2.44,-76.20,128.68,10.47,-328.68
28,35,0.29327,31.74,2.53,-78.93,115.00,9.47,-298.67
28,36,0.30151,32.72,2.62,-81.73,118.89,10.54,-339.63
28,37,0.30920,33.69,2.70,-84.49,125.79,11.16,-359.52
28,38,0.31757,34.65,2.79,-87.26,115.69,10.26,-330.66
28,39,0.32605,35.63,2.88,-90.08,114.75,10.28,-332.37
28,40,0.33496,36.63,2.97,-93.19,112.33,10.64,-348.97
28,41,0.34265,37.63,3.07,-96.34,130.16,12.44,-409.92
28,42,0.35101,38.63,3.17,-99.72,120.07,12.11,-404.01
28,43,0.35962,39.64,3.27,-103.10,116.67,11.77,-392.55
28,44,0.36786,40.64,3.37,-106.48,121.85,12.30,-410.00
28,45,0.37616,41.64,3.47,-109.85,120.96,12.20,-406.99
28,46,0.38446,42.65,3.57,-113.23,120.96,12.20,-406.99
28,47,0.39349,43.64,3.68,-116.62,109.80,11.20,-374.66
28,48,0.40192,44.61,3.78,-120.18,114.86,12.46,-422.46
28,49,0.40955,45.54,3.88,-123.59,121.60,13.19,-447.60
28,50,0.41809,46.46,3.98,-127.01,108.57,11.77,-399.64
28,51,0.42639,47.39,4.08,-130.44,112.13,12.17,-413.24
28,52,0.43463,48.30,4.18,-133.94,110.37,12.44,-425.56
28,53,0.44379,49.06,4.29,-137.48,83.00,10.96,-387.00
28,54,0.45203,49.71,4.39,-141.11,78.89,12.14,-439.63
28,55,0.45972,50.25,4.48,-144.69,70.24,12.61,-465.87
28,56,0.46808,50.69,4.58,-148.29,51.82,11.37,-430.29
28,57,0.47656,51.03,4.67,-151.90,40.65,11.03,-425.18
28,58,0.48535,51.31,4.76,-155.51,31.94,10.52,-411.11
28,59,0.49316,51.54,4.85,-159.08,29.69,11.59,-457.42
28,60,0.50153,51.73,4.94,-162.51,22.26,10.29,-409.49
28,61,0.51007,51.88,5.03,-165.93,17.50,9.99,-400.71
28,62,0.51831,51.98,5.11,-169.36,12.22,10.24,-415.93
28,63,0.52673,52.04,5.19,-172.78,7.61,9.93,-406.88
28,64,0.53503,52.07,5.28,-176.21,3.31,9.99,-412.87
28,65,0.54419,52.08,5.36,-179.62,0.67,8.96,-372.67
28,66,0.55237,52.05,5.44,-183.13,-2.99,10.27,-429.10
28,67,0.56012,52.01,5.52,-186.48,-5.51,10.26,-432.28
28,68,0.56854,51.96,5.60,-189.83,-5.80,9.44,-397.83
28,69,0.57697,51.91,5.68,-193.19,-6.52,9.44,-397.83
28,70,0.58514,51.85,5.76,-196.54,-7.09,9.71,-409.70
28,71,0.59424,51.79,5.84,-199.91,-6.71,8.79,-371.48
28,72,0.60266,51.73,5.92,-203.41,-6.88,9.84,-415.22
28,73,0.61029,51.67,6.01,-206.88,-8.00,10.76,-454.00
28,74,0.61859,51.61,6.09,-210.33,-7.35,9.86,-416.18
28,75,0.62720,51.55,6.17,-213.85,-6.74,9.68,-408.51
28,76,0.63538,51.50,6.33,-217.52,-6.34,19.67,-449.63
28,77,0.64380,51.44,6.25,-221.23,-6.52,-9.65,-440.22
28,78,0.65210,51.39,6.03,-225.02,-6.25,-26.67,-456.62
28,79,0.66113,51.34,5.74,-228.84,-5.41,-32.02,-422.64
28,80,0.66882,51.30,5.51,-232.77,-5.95,-30.45,-511.11
28,81,0.67719,51.25,5.27,-236.67,-5.47,-27.90,-466.06
28,82,0.68567,51.20,5.04,-240.56,-5.76,-27.45,-459.35
28,83,0.69470,51.15,5.02,-244.46,-5.41,-2.62,-431.42
28,84,0.70221,51.10,5.46,-248.60,-7.32,58.82,-551.63
28,85,0.71063,51.09,5.87,-252.51,-1.45,49.44,-463.77
28,86,0.71918,51.15,6.29,-256.44,7.50,49.03,-459.64
28,87,0.72754,51.21,6.71,-260.36,7.30,50.06,-469.71
28,88,0.73584,51.27,7.13,-264.29,6.99,50.43,-473.16
28,89,0.74414,51.33,7.55,-268.22,6.99,50.52,-473.53
28,90,0.75311,51.38,7.97,-272.15,6.12,46.69,-438.10
28,91,0.76147,51.46,8.39,-276.10,8.76,50.26,-471.53
28,92,0.76923,51.56,8.81,-280.07,13.39,54.67,-512.99
29,0,0.00000,0.00,0.00,0.00,-18.89,2.02,-14.50
29,1,0.00778,-0.28,0.03,-0.21,-36.08,3.76,-26.67
29,2,0.01624,-0.91,0.11,-0.72,-74.37,9.20,-60.65
29,3,0.02455,-1.54,0.19,-1.23,-75.60,9.55,-61.65
29,4,0.03290,-2.17,0.27,-1.75,-75.32,9.42,-61.43
29,5,0.04175,-3.39,0.43,-2.76,-138.62,18.33,-115.17
29,6,0.04947,-4.81,0.64,-4.01,-183.40,26.90,-160.87
29,7,0.05835,-6.66,0.95,-5.75,-208.25,35.02,-195.88
29,8,0.06598,-8.71,1.35,-7.86,-268.80,52.98,-276.40
29,9,0.07431,-10.89,1.88,-10.39,-261.54,63.74,-304.40
29,10,0.08270,-12.93,2.47,-13.03,-243.64,69.88,-314.91
29,11,0.09143,-14.85,3.11,-15.77,-219.58,73.06,-313.64
29,12,0.09933,-16.61,3.80,-18.61,-223.17,87.75,-358.69
29,13,0.10826,-18.24,4.55,-21.57,-181.88,84.53,-331.62
29,14,0.11607,-19.65,5.40,-24.71,-180.47,108.65,-401.95
29,15,0.12425,-20.86,6.30,-27.90,-147.76,109.82,-390.30
29,16,0.13272,-21.86,7.25,-31.17,-118.92,112.00,-386.31
29,17,0.14105,-22.63,8.24,-34.55,-91.58,119.21,-405.49
29,18,0.14989,-23.20,9.03,-37.97,-64.94,88.69,-386.87
29,19,0.15773,-23.58,10.00,-41.41,-49.03,124.23,-438.91
29,20,0.16611,-23.75,10.97,-44.90,-19.67,116.10,-417.12
29,21,0.17439,-23.73,11.97,-48.41,2.21,120.37,-422.84
29,22,0.18272,-23.67,12.97,-51.91,7.33,120.52,-420.51
29,23,0.19106,-23.44,13.99,-55.40,27.84,122.49,-419.41
29,24,0.20000,-23.05,15.03,-58.89,43.69,115.98,-389.42
29,25,0.20772,-22.50,16.08,-62.35,70.36,136.01,-448.22
29,26,0.21606,-21.81,17.14,-65.78,83.36,126.90,-411.33
29,27,0.22427,-21.08,18.21,-69.22,88.48,129.78,-418.96
29,28,0.23276,-20.24,19.28,-72.63,99.28,126.21,-402.16
29,29,0.24097,-19.29,20.35,-76.02,115.99,131.01,-412.27
29,30,0.25002,-18.33,21.43,-79.40,105.23,119.12,-374.03
29,31,0.25848,-17.32,22.51,-82.77,120.36,127.43,-397.48
29,32,0.26619,-16.17,23.59,-86.09,148.12,140.49,-431.68
29,33,0.27431,-14.87,24.74,-89.58,160.90,141.39,-429.32
29,34,0.28287,-13.40,25.95,-93.21,171.84,141.39,-424.60
29,35,0.29112,-11.76,27.24,-97.06,198.15,156.31,-466.17
29,36,0.29945,-9.99,28.40,-100.90,212.45,138.86,-461.17
29,37,0.30826,-8.13,29.24,-104.70,211.44,96.24,-431.54
29,38,0.31615,-6.16,29.92,-108.45,249.13,84.96,-475.05
29,39,0.32434,-4.14,30.74,-112.16,247.30,100.90,-453.26
29,40,0.33275,-2.12,31.49,-115.90,240.29,89.11,-443.92
29,41,0.34123,-0.07,32.24,-119.62,241.01,88.15,-438.85
29,42,0.34944,2.01,32.98,-123.32,253.53,90.53,-450.93
29,43,0.35835,4.20,33.73,-127.02,245.89,83.43,-414.73
29,44,0.36618,6.52,34.47,-130.69,296.30,94.64,-469.79
29,45,0.37436,8.99,35.19,-134.27,302.24,88.26,-437.31
29,46,0.38278,11.65,35.58,-137.71,315.94,46.22,-408.33
29,47,0.39125,14.48,35.64,-141.02,333.69,7.10,-390.27
29,48,0.40019,17.43,35.64,-144.21,329.69,0.54,-357.68
29,49,0.40779,20.50,35.63,-147.29,404.82,-1.21,-404.42
29,50,0.41620,23.60,35.61,-150.05,368.78,-3.32,-328.49
29,51,0.42484,26.83,35.56,-152.60,373.85,-5.40,-295.41
29,52,0.43301,30.21,35.49,-154.95,412.69,-8.14,-287.69
29,53,0.44147,33.72,35.41,-157.10,415.16,-10.10,-253.79
29,54,0.45026,37.35,35.30,-159.03,413.19,-11.92,-219.79
29,55,0.45801,41.02,35.18,-160.71,473.23,-15.53,-216.93
29,56,0.46638,44.76,35.04,-162.17,447.36,-16.51,-173.77
29,57,0.47473,48.59,34.89,-163.39,458.50,-18.48,-146.98
29,58,0.48297,52.48,34.72,-164.39,472.59,-20.85,-120.74
29,59,0.49136,56.43,34.53,-165.15,470.55,-22.41,-90.55
29,60,0.50032,60.53,34.32,-165.68,457.24,-23.32,-59.28
29,61,0.50880,64.67,34.10,-165.96,487.77,-26.51,-33.45
29,62,0.51653,68.91,33.85,-165.99,550.20,-31.78,-3.95
29,63,0.52473,73.20,33.59,-165.76,521.93,-31.99,28.62
29,64,0.53322,77.58,33.30,-165.25,516.55,-33.38,60.43
29,65,0.54150,82.04,33.00,-164.46,538.49,-36.59,95.40
29,66,0.54976,86.51,32.68,-163.43,540.48,-38.31,123.84
29,67,0.55864,91.01,32.35,-162.17,506.87,-37.29,141.92
29,68,0.56647,95.46,32.02,-160.74,568.42,-43.23,183.63
29,69,0.57484,99.84,31.67,-159.12,523.86,-41.12,192.35
29,70,0.58321,104.16,31.32,-157.33,516.06,-41.87,214.96
29,71,0.59161,108.40,30.96,-155.33,504.17,-42.45,237.02
29,72,0.59990,112.56,30.60,-153.11,502.03,-44.00,268.14
29,73,0.60904,116.63,30.23,-150.74,445.74,-40.31,259.77
29,74,0.61656,120.66,29.85,-148.14,535.90,-50.21,344.83
29,75,0.62482,124.54,29.48,-145.46,469.50,-45.31,325.32
29,76,0.63322,128.32,29.10,-142.62,449.73,-44.80,337.57
29,77,0.64160,131.95,28.72,-139.54,433.88,-45.60,367.94
29,78,0.65047,135.46,28.33,-136.19,394.84,-43.82,377.97
29,79,0.65807,138.79,27.94,-132.59,438.96,-51.73,473.90
29,80,0.66652,141.83,27.63,-128.88,359.21,-36.80,438.27
29,81,0.67482,144.55,27.33,-125.10,328.31,-36.29,455.15
29,82,0.68324,146.82,26.98,-121.52,269.20,-40.77,425.00
29,83,0.69157,149.03,26.63,-117.91,265.20,-42.01,434.07
29,84,0.70059,151.18,26.31,-114.25,238.24,-36.28,405.08
29,85,0.70815,153.13,25.96,-110.59,258.59,-45.74,484.85
29,86,0.71646,154.99,25.60,-106.89,223.49,-43.40,444.77
29,87,0.72493,156.72,25.27,-103.13,203.96,-39.04,443.96
29,88,0.73315,158.27,24.97,-99.34,189.24,-36.46,461.22
29,89,0.74146,159.67,24.68,-95.52,168.75,-35.26,460.29
29,90,0.75049,160.95,24.39,-91.66,141.55,-31.85,427.70
29,91,0.75880,162.11,24.11,-87.75,139.45,-34.07,469.36
29,92,0.76654,163.21,23.82,-83.83,141.62,-36.28,506.90
29,93,0.77487,164.28,23.54,-79.74,128.94,-34.63,491.21
29,94,0.78325,165.36,23.24,-75.51,128.60,-35.33,504.55
30,0,0.00000,0.00,0.00,0.00,8.33,-1.53,-26.19
30,1,0.00800,0.12,-0.02,-0.33,14.89,-2.33,-41.22
30,2,0.01642,0.43,-0.06,-1.08,36.59,-5.03,-89.13
30,3,0.02454,0.74,-0.10,-1.83,37.97,-5.22,-92.48
30,4,0.03290,1.04,-0.15,-2.58,36.86,-5.12,-89.78
30,5,0.04126,1.66,-0.23,-4.05,73.72,-9.91,-175.91
30,6,0.04980,2.39,-0.33,-5.79,85.00,-11.44,-202.86
30,7,0.05780,3.37,-0.46,-8.12,123.28,-16.55,-292.37
30,8,0.06628,4.54,-0.61,-10.82,137.41,-17.94,-317.99
30,9,0.07550,5.88,-0.78,-13.88,146.03,-18.71,-331.79
30,10,0.08392,7.23,-0.96,-16.94,159.42,-20.43,-363.04
30,11,0.09497,8.96,-1.18,-20.90,156.91,-20.24,-358.56
30,12,0.10284,10.30,-1.35,-23.96,170.16,-21.90,-388.37
30,13,0.11053,11.76,-1.52,-27.03,189.29,-22.37,-399.21
30,14,0.11951,13.31,-1.71,-30.26,173.81,-20.23,-360.54
30,15,0.12793,14.80,-1.88,-33.34,176.09,-20.49,-365.22
30,16,0.13690,16.35,-2.05,-36.41,172.79,-19.10,-342.18
30,17,0.14520,17.96,-2.22,-39.48,193.75,-20.65,-369.85
30,18,0.15344,19.56,-2.39,-42.55,194.81,-20.80,-372.59
30,19,0.16138,21.18,-2.56,-45.62,204.23,-21.59,-386.92
30,20,0.17010,22.88,-2.73,-48.68,194.41,-19.52,-351.05
30,21,0.17792,24.47,-2.91,-51.80,203.52,-22.32,-399.22
30,22,0.18671,25.96,-3.09,-54.97,169.44,-20.21,-360.42
30,23,0.19543,27.44,-3.26,-58.14,169.23,-20.45,-363.64
30,24,0.20319,28.90,-3.44,-61.32,188.98,-23.08,-410.24
30,25,0.21143,30.35,-3.62,-64.51,176.30,-21.77,-386.67
30,26,0.21942,31.74,-3.80,-67.73,174.05,-22.76,-403.05
30,27,0.22791,33.08,-3.99,-70.98,157.55,-21.66,-383.45
30,28,0.23584,34.41,-4.17,-74.24,166.92,-23.26,-410.77
30,29,0.24445,35.71,-4.36,-77.51,151.06,-21.51,-379.43
30,30,0.25269,36.90,-4.55,-80.82,145.56,-22.81,-401.48
30,31,0.26105,38.10,-4.73,-84.12,142.70,-22.53,-395.62
30,32,0.26929,39.29,-4.92,-87.44,144.44,-22.91,-402.22
30,33,0.27765,40.52,-5.13,-91.09,146.72,-24.98,-437.23
30,34,0.28632,41.75,-5.35,-94.87,142.61,-24.88,-435.92
30,35,0.29437,43.00,-5.58,-98.91,154.55,-28.75,-501.52
30,36,0.30273,44.24,-5.81,-102.95,149.27,-27.65,-483.21
30,37,0.31146,45.50,-6.04,-106.99,144.41,-26.48,-462.94
30,38,0.31946,46.78,-6.27,-111.03,159.92,-28.89,-504.58
30,39,0.32788,48.07,-6.50,-115.06,152.90,-27.38,-478.99
30,40,0.33606,49.31,-6.74,-119.12,151.87,-28.41,-496.27
30,41,0.34473,50.60,-6.97,-123.17,147.89,-26.74,-466.90
30,42,0.35284,51.90,-7.20,-127.21,161.28,-28.43,-497.74
30,43,0.36084,53.24,-7.43,-131.33,166.79,-29.44,-515.27
30,44,0.37006,54.57,-7.67,-135.53,144.37,-26.09,-455.63
30,45,0.37781,55.87,-7.91,-139.68,168.11,-30.62,-535.43
30,46,0.38635,57.12,-8.15,-143.84,146.43,-27.91,-487.14
30,47,0.39465,58.33,-8.39,-148.02,145.96,-28.85,-502.94
30,48,0.40344,59.49,-8.63,-152.21,131.94,-27.45,-477.08
30,49,0.41119,60.51,-8.87,-156.39,130.71,-31.11,-539.37
30,50,0.41968,61.35,-9.10,-160.42,99.64,-27.49,-474.82
30,51,0.42780,62.00,-9.34,-164.48,80.08,-29.21,-500.75
30,52,0.43597,62.48,-9.58,-168.57,58.21,-29.27,-500.00
30,53,0.44464,62.75,-9.82,-172.68,30.99,-27.91,-473.94
30,54,0.45300,62.77,-10.07,-176.78,2.19,-29.04,-489.78
30,55,0.46118,62.54,-10.31,-180.79,-27.61,-29.36,-491.04
30,56,0.46991,62.07,-10.55,-184.78,-53.50,-27.49,-457.34
30,57,0.47803,61.37,-10.79,-188.75,-86.84,-29.58,-487.97
30,58,0.48621,60.42,-11.02,-192.66,-115.30,-29.16,-478.36
30,59,0.49445,59.24,-11.26,-196.53,-143.33,-28.87,-469.63
30,60,0.50305,57.80,-11.50,-200.42,-167.38,-27.93,-451.77
30,61,0.51135,56.13,-11.74,-204.21,-201.10,-28.49,-457.35
30,62,0.51978,54.24,-11.97,-207.90,-225.00,-27.48,-437.68
30,63,0.52777,52.02,-12.21,-211.67,-277.48,-29.91,-471.76
30,64,0.53650,49.55,-12.45,-215.36,-283.22,-26.97,-422.38
30,65,0.54456,46.80,-12.68,-218.98,-341.29,-29.00,-449.24
30,66,0.55304,43.80,-12.91,-222.48,-353.96,-26.93,-412.95
30,67,0.56110,40.55,-13.13,-225.84,-403.03,-27.47,-417.42
30,68,0.56946,37.11,-13.34,-229.00,-411.68,-25.24,-378.10
30,69,0.57806,33.48,-13.31,-231.95,-421.28,3.22,-342.55
30,70,0.58655,29.68,-13.27,-234.68,-447.48,4.57,-321.58
30,71,0.59521,25.92,-13.24,-237.49,-434.15,4.18,-323.94
30,72,0.60297,22.21,-13.21,-240.40,-478.74,4.11,-375.59
30,73,0.61102,18.54,-13.18,-243.36,-455.68,3.69,-367.42
30,74,0.61969,14.90,-13.15,-246.36,-420.07,3.19,-345.77
30,75,0.62823,11.32,-13.12,-249.42,-419.29,2.86,-358.57
30,76,0.63641,7.79,-13.10,-252.59,-431.34,2.47,-387.31
30,77,0.64447,4.32,-13.09,-255.85,-430.68,2.00,-405.30
30,78,0.65314,0.83,-13.07,-259.27,-402.82,1.48,-394.37
30,79,0.66119,-2.58,-13.07,-262.76,-423.48,1.08,-433.33
30,80,0.66943,-5.92,-13.06,-266.27,-405.19,0.75,-425.93
30,81,0.67810,-8.93,-13.06,-269.60,-346.48,0.15,-383.80
30,82,0.68604,-11.68,-13.06,-272.81,-347.31,-0.38,-405.38
30,83,0.69476,-14.37,-13.07,-276.09,-308.39,-0.71,-374.83
30,84,0.70288,-16.97,-13.08,-279.41,-320.30,-1.24,-409.02
30,85,0.71161,-19.43,-13.09,-282.74,-281.12,-1.66,-381.82
30,86,0.71942,-21.85,-13.11,-286.10,-310.16,-2.06,-429.69
30,87,0.72803,-24.23,-13.13,-289.48,-276.60,-2.08,-393.62
30,88,0.73621,-26.48,-13.15,-292.88,-275.37,-2.69,-415.67
30,89,0.74463,-28.66,-13.17,-296.33,-258.33,-3.01,-408.70
30,90,0.75287,-30.76,-13.20,-299.81,-254.44,-3.46,-422.96
30,91,0.76129,-32.79,-13.29,-303.34,-241.30,-10.62,-418.84
30,92,0.76953,-34.75,-13.42,-306.90,-238.15,-15.20,-432.59
30,93,0.77795,-36.82,-13.55,-310.70,-245.65,-15.89,-450.72
31,0,0.00000,0.00,0.00,0.00,8.89,0.23,24.44
31,1,0.00836,0.13,0.00,0.32,15.69,0.31,38.69
31,2,0.01654,0.43,0.01,1.08,36.19,0.77,92.16
31,3,0.02478,0.74,0.01,1.82,37.78,0.69,90.74
31,4,0.03320,1.07,0.02,2.56,39.13,0.59,87.68
31,5,0.04175,1.75,0.03,4.00,79.64,0.98,168.57
31,6,0.04980,2.60,0.04,5.68,105.68,0.97,208.33
31,7,0.05841,3.80,0.04,7.92,139.01,1.02,260.28
31,8,0.06671,5.22,0.05,10.49,172.06,0.98,309.56
31,9,0.07471,6.89,0.06,13.39,208.02,0.95,362.60
31,10,0.08325,8.62,0.06,16.25,202.50,0.54,334.64
31,11,0.09174,10.42,0.07,19.06,212.23,0.15,331.65
31,12,0.09991,12.28,0.06,21.84,227.61,-0.17,339.18
31,13,0.10828,14.16,0.06,24.64,225.18,-0.18,335.04
31,14,0.11676,16.07,0.06,27.47,224.46,-0.17,333.81
31,15,0.12482,18.02,0.17,30.27,242.05,13.21,347.35
31,16,0.13336,20.02,0.05,33.04,233.93,-13.84,324.64
31,17,0.14178,22.06,0.14,35.92,242.39,11.27,341.30
31,18,0.15027,24.11,0.18,38.71,242.09,4.28,328.78
31,19,0.15857,26.19,0.22,41.48,250.74,4.26,333.46
31,20,0.16699,28.25,0.25,44.31,244.20,4.42,335.87
31,21,0.17535,30.34,0.29,47.12,250.00,4.34,336.13
31,22,0.18329,32.57,0.32,49.81,281.54,3.96,340.00
31,23,0.19177,34.82,0.35,52.51,264.39,3.66,317.27
31,24,0.20013,37.07,0.38,55.19,268.98,3.69,321.17
31,25,0.20898,39.33,0.41,57.87,255.52,3.45,302.41
31,26,0.21674,41.61,0.44,60.52,294.88,3.81,342.52
31,27,0.22522,43.98,0.47,63.12,279.50,3.17,305.76
31,28,0.23334,46.36,0.50,65.71,292.48,3.29,319.17
31,29,0.24176,48.73,0.52,68.30,281.88,3.16,307.61
31,30,0.25024,51.18,0.55,70.82,288.49,2.82,297.48
31,31,0.25854,53.62,0.57,73.36,293.75,2.93,305.15
31,32,0.26764,56.03,0.60,75.92,264.77,2.80,281.88
31,33,0.27533,58.57,0.62,78.64,330.95,3.55,353.57
31,34,0.28363,61.23,0.65,81.52,320.59,3.52,346.69
31,35,0.29199,64.07,0.69,84.59,339.42,3.76,367.52
31,36,0.30029,66.88,0.58,87.75,338.60,-12.32,380.88
31,37,0.30835,69.62,0.44,90.98,339.77,-17.85,400.38
31,38,0.31677,72.27,0.30,94.27,315.22,-16.89,390.94
31,39,0.32520,74.84,0.16,97.63,305.07,-16.61,398.91
31,40,0.33356,77.40,0.02,101.02,305.47,-16.75,405.47
31,41,0.34204,79.87,-0.12,104.48,291.37,-16.32,407.55
31,42,0.34985,82.24,-0.26,108.00,302.73,-17.39,451.56
31,43,0.35895,84.53,-0.39,111.64,252.01,-14.81,400.00
31,44,0.36768,86.73,-0.53,115.39,252.45,-15.33,429.37
31,45,0.37622,88.71,-0.65,119.26,231.43,-14.92,453.21
31,46,0.38422,90.45,-0.77,123.25,217.94,-15.19,498.09
31,47,0.39178,91.95,-0.89,127.33,198.39,-15.10,539.11
31,48,0.40106,93.21,-1.00,131.49,135.20,-11.56,448.68
31,49,0.40845,94.21,-1.10,135.72,135.54,-13.48,572.73
31,50,0.41681,94.93,-1.30,139.80,86.50,-24.33,488.69
31,51,0.42523,95.41,-1.66,143.89,56.52,-42.62,485.14
31,52,0.43396,95.64,-1.89,148.00,26.22,-26.32,470.63
31,53,0.44238,95.62,-2.17,152.11,-2.17,-34.02,488.41
31,54,0.45056,95.36,-2.46,156.22,-32.09,-34.33,501.87
31,55,0.45892,94.86,-2.72,160.22,-59.12,-32.04,478.83
31,56,0.46716,94.13,-2.98,164.18,-88.52,-31.43,480.00
31,57,0.47528,93.16,-3.23,168.08,-119.17,-30.81,480.83
31,58,0.48334,91.96,-3.47,171.92,-148.86,-29.77,476.52
31,59,0.49188,90.54,-3.70,175.68,-167.14,-26.84,440.00
31,60,0.50055,88.84,-3.92,179.44,-196.13,-25.71,434.15
31,61,0.50836,86.90,-4.14,183.11,-247.27,-27.02,469.53
31,62,0.51685,84.76,-4.33,186.65,-253.24,-23.27,417.99
31,63,0.52515,82.32,-4.52,190.18,-294.12,-22.71,424.26
31,64,0.53339,79.58,-4.70,193.64,-331.85,-21.55,420.37
31,65,0.54175,76.56,-4.86,197.02,-360.95,-19.74,403.65
31,66,0.55017,73.32,-5.01,200.23,-385.51,-17.68,382.25
31,67,0.55847,69.80,-4.80,203.31,-423.53,25.24,370.96
31,68,0.56708,66.10,-4.63,206.18,-429.43,20.74,332.98
31,69,0.57526,62.24,-4.38,208.82,-472.01,30.29,322.39
31,70,0.58344,58.23,-4.11,211.22,-490.30,32.37,293.66
31,71,0.59210,54.07,-3.83,213.35,-480.63,32.57,246.48
31,72,0.60028,49.70,-3.52,215.14,-533.58,37.41,218.66
31,73,0.60852,45.24,-3.20,216.67,-541.48,38.78,184.81
31,74,0.61707,40.70,-2.87,217.92,-532.14,38.84,146.43
31,75,0.62537,36.08,-2.53,218.89,-555.88,41.35,117.65
31,76,0.63354,31.41,-2.24,219.58,-571.64,35.09,84.33
31,77,0.64215,26.65,-2.05,219.95,-552.13,22.75,42.91
31,78,0.64996,21.81,-1.84,220.03,-619.53,26.72,10.55
31,79,0.65869,16.91,-1.62,219.82,-561.89,25.33,-24.13
31,80,0.66669,12.14,-1.39,219.33,-596.56,28.11,-62.21
31,81,0.67505,7.53,-1.17,218.56,-551.46,27.11,-91.97
31,82,0.68372,3.40,-0.95,217.58,-476.06,24.44,-112.32
31,83,0.69196,-0.66,-0.74,216.37,-492.59,26.32,-147.78
31,84,0.70020,-4.64,-0.52,214.91,-482.96,26.89,-177.04
31,85,0.70868,-8.42,-0.29,213.19,-445.68,26.05,-202.88
31,86,0.71680,-12.07,-0.07,211.24,-450.00,27.50,-240.23
31,87,0.72516,-15.60,0.15,209.07,-421.90,26.88,-258.76
31,88,0.73364,-18.95,0.38,206.71,-394.96,26.29,-278.78
31,89,0.74170,-22.12,0.60,204.15,-393.18,27.52,-317.05
31,90,0.75037,-25.26,0.82,201.57,-362.32,25.48,-298.59
31,91,0.75824,-28.41,1.04,198.99,-400.39,28.16,-327.13
31,92,0.76697,-31.57,1.26,196.43,-362.59,25.36,-293.01
31,93,0.77509,-34.89,1.49,193.82,-408.65,28.33,-321.80
31,94,0.78333,-38.35,1.73,191.17,-420.37,28.81,-321.85
32,0,0.00000,0.00,0.00,0.00,19.17,0.78,18.05
32,1,0.00830,0.26,0.01,0.23,31.62,1.15,27.57
32,2,0.01672,0.89,0.03,0.75,73.91,2.60,61.59
32,3,0.02521,1.54,0.05,1.23,76.62,2.33,56.83
32,4,0.03351,2.21,0.07,1.67,81.62,2.12,52.94
32,5,0.04187,3.59,0.10,2.47,164.96,3.70,95.26
32,6,0.04999,5.26,0.13,3.34,205.26,4.07,107.52
32,7,0.05853,7.51,0.18,4.51,263.57,5.14,136.79
32,8,0.06665,10.10,0.23,5.89,319.55,6.51,170.68
32,9,0.07507,13.05,0.29,7.47,350.00,7.10,186.96
32,10,0.08356,16.00,0.35,9.04,347.84,7.03,185.25
32,11,0.09174,18.96,0.41,10.60,361.57,7.24,190.67
32,12,0.10010,21.92,0.47,12.15,354.38,6.96,185.04
32,13,0.10846,24.89,0.53,13.75,355.11,7.36,192.34
32,14,0.11707,27.87,0.59,15.43,345.39,7.49,194.33
32,15,0.12494,30.85,0.66,17.07,379.46,8.03,209.30
32,16,0.13367,33.86,0.72,18.71,344.06,7.18,187.76
32,17,0.14166,36.86,0.69,20.44,375.95,-3.97,215.65
32,18,0.14996,39.88,0.57,22.14,363.60,-14.12,204.78
32,19,0.15826,42.91,0.43,23.82,365.07,-17.06,202.21
32,20,0.16693,45.94,0.45,25.57,349.30,2.21,202.11
32,21,0.17487,48.99,0.38,27.29,384.23,-8.54,217.69
32,22,0.18359,52.15,0.31,28.81,361.89,-7.42,173.78
32,23,0.19165,55.36,0.25,30.21,398.86,-7.81,173.11
32,24,0.19995,58.61,0.19,31.51,391.54,-7.40,157.35
32,25,0.20862,61.89,0.13,32.74,378.52,-6.97,141.90
32,26,0.21661,65.19,0.07,33.92,412.98,-7.43,146.95
32,27,0.22498,68.54,0.01,34.98,400.73,-6.89,127.01
32,28,0.23328,71.90,-0.04,36.03,404.41,-6.91,126.10
32,29,0.24170,75.27,-0.10,37.04,399.64,-6.75,120.65
32,30,0.24994,78.67,-0.16,37.93,412.96,-6.63,107.78
32,31,0.25848,82.08,-0.21,38.77,399.64,-6.28,97.86
32,32,0.26691,85.51,-0.26,39.58,406.52,-6.32,96.01
32,33,0.27496,89.14,-0.32,40.37,451.14,-6.87,98.48
32,34,0.28339,92.99,-0.38,41.14,456.52,-6.77,92.03
32,35,0.29193,97.10,-0.43,41.88,481.43,-6.94,86.43
32,36,0.30011,101.27,-0.39,42.61,509.33,5.11,88.43
32,37,0.30872,105.44,-0.21,43.33,484.40,21.29,83.69
32,38,0.31665,109.60,-0.03,44.04,525.38,23.07,89.62
32,39,0.32513,113.78,0.16,44.74,491.73,21.58,82.37
32,40,0.33337,117.97,0.34,45.34,509.63,22.15,73.33
32,41,0.34180,122.19,0.52,45.88,500.00,21.63,64.49
32,42,0.35010,126.40,0.70,46.38,508.09,21.85,59.93
32,43,0.35834,130.68,0.89,46.82,518.89,22.23,52.96
32,44,0.36682,135.01,1.07,47.19,510.43,21.71,43.88
32,45,0.37500,139.35,1.25,47.50,530.22,22.43,37.69
32,46,0.38342,143.69,1.43,47.76,515.22,20.98,31.16
32,47,0.39172,148.03,1.56,47.98,523.16,15.24,26.10
32,48,0.39990,152.37,1.60,48.16,530.97,5.33,22.01
32,49,0.40863,156.72,1.68,48.30,497.90,9.33,16.43
32,50,0.41699,160.87,1.76,48.38,496.72,9.08,9.49
32,51,0.42511,164.98,1.83,48.39,506.77,8.98,0.75
32,52,0.43372,169.10,1.90,48.32,478.01,8.17,-8.16
32,53,0.44165,173.21,1.97,48.15,518.08,8.46,-20.77
32,54,0.45026,177.32,2.03,47.91,477.30,7.52,-28.37
32,55,0.45868,181.34,2.09,47.60,477.90,7.31,-35.87
32,56,0.46686,185.35,2.15,47.25,489.93,7.24,-43.28
32,57,0.47504,189.35,2.21,46.86,489.18,7.11,-48.13
32,58,0.48389,193.35,2.27,46.43,451.72,6.43,-47.93
32,59,0.49170,197.34,2.32,45.99,511.72,7.22,-56.25
32,60,0.50000,201.45,2.38,45.53,494.12,6.93,-55.51
32,61,0.50867,205.57,2.44,45.07,475.35,6.72,-53.17
32,62,0.51672,209.69,2.50,44.61,511.36,7.17,-57.58
32,63,0.52502,213.94,2.56,44.13,512.50,7.22,-56.99
32,64,0.53333,218.33,2.62,43.65,528.68,7.45,-58.09
32,65,0.54187,222.83,2.68,43.16,526.43,7.47,-57.14
32,66,0.54999,227.37,2.75,42.67,559.77,7.93,-60.53
32,67,0.55841,232.02,2.81,42.18,551.81,7.87,-58.70
32,68,0.56677,236.67,2.88,41.68,555.84,7.91,-59.12
32,69,0.57513,241.31,2.95,41.19,555.84,7.92,-59.12
32,70,0.58350,245.97,3.01,40.73,556.57,8.06,-54.74
32,71,0.59186,250.63,3.10,40.37,558.03,10.61,-43.07
32,72,0.59998,255.35,3.21,40.19,580.45,13.30,-22.56
32,73,0.60846,260.06,3.32,40.08,555.76,13.02,-13.31
32,74,0.61676,264.78,3.43,40.01,568.01,13.45,-8.46
32,75,0.62518,269.49,3.55,39.98,559.78,13.42,-2.54
32,76,0.63361,274.22,3.66,40.04,560.87,13.78,6.52
32,77,0.64166,278.98,3.78,40.19,591.29,14.86,18.94
32,78,0.65015,283.81,3.90,40.39,569.78,14.49,23.02
32,79,0.65845,288.71,4.03,40.62,590.44,15.16,28.31
32,80,0.66675,293.51,4.15,40.88,577.21,14.92,31.62
32,81,0.67505,298.18,4.28,41.18,563.24,14.74,35.66
32,82,0.68335,302.41,4.39,41.51,509.19,13.55,39.71
32,83,0.69165,306.63,4.50,41.89,508.46,13.71,45.22
32,84,0.70001,310.85,4.62,42.31,504.38,13.80,51.09
32,85,0.70868,314.97,4.74,42.86,475.35,13.46,62.68
32,86,0.71661,319.06,4.85,43.48,515.77,14.93,78.08
32,87,0.72504,323.14,4.97,44.17,484.42,14.27,81.88
32,88,0.73334,327.17,5.10,44.94,485.66,14.71,93.38
32,89,0.74182,331.15,5.22,45.80,468.71,14.54,101.80
32,90,0.74988,335.10,5.34,46.75,491.29,15.55,117.05
32,91,0.75848,339.04,5.47,47.77,457.80,14.82,118.79
32,92,0.76709,342.96,5.60,48.88,454.96,15.06,128.72
32,93,0.77539,347.00,5.74,50.08,486.76,16.34,145.22
32,94,0.78394,351.34,5.89,51.45,507.50,17.33,159.64
33,0,0.00000,0.00,0.00,0.00,25.74,13.30,-2.57
33,1,0.00879,0.35,0.17,-0.00,39.58,19.18,-0.35
33,2,0.01672,1.15,0.55,0.07,101.54,48.17,9.62
33,3,0.02502,1.95,0.92,0.20,96.32,44.88,15.07
33,4,0.03345,2.74,1.28,0.37,93.84,42.91,20.65
33,5,0.04199,4.28,1.98,0.81,179.29,80.81,51.79
33,6,0.04993,6.05,2.75,1.45,223.46,98.21,79.62
33,7,0.05823,8.41,3.78,2.37,284.93,123.79,111.76
33,8,0.06653,11.15,4.97,3.45,329.41,143.28,130.15
33,9,0.07495,14.29,6.34,4.70,373.19,161.99,147.46
33,10,0.08337,17.41,7.69,5.90,369.93,160.99,143.12
33,11,0.09180,20.53,9.06,7.09,371.01,162.26,140.58
33,12,0.09985,23.66,10.43,8.25,388.64,169.95,144.32
33,13,0.10828,26.81,11.80,9.46,373.91,162.79,144.20
33,14,0.11670,29.98,13.18,10.73,376.45,163.69,150.00
33,15,0.12488,33.16,14.56,11.97,388.43,168.83,151.87
33,16,0.13367,36.35,15.94,13.21,362.50,157.57,141.67
33,17,0.14172,39.54,17.32,14.55,396.59,171.38,165.91
33,18,0.15015,42.75,18.71,15.87,380.43,164.40,156.16
33,19,0.15845,45.96,20.10,17.16,387.13,167.71,155.88
33,20,0.16699,49.18,21.49,18.52,377.14,162.42,158.93
33,21,0.17529,52.51,22.93,19.86,400.37,173.55,162.13
33,22,0.18372,55.82,24.39,21.00,393.48,173.86,134.78
33,23,0.19177,59.14,25.86,22.11,412.12,182.33,137.88
33,24,0.20020,62.47,27.34,23.20,395.29,175.28,129.35
33,25,0.20898,65.81,28.82,24.26,379.51,168.89,121.18
33,26,0.21680,69.16,30.32,25.29,429.30,191.68,130.86
33,27,0.22534,72.55,31.85,26.21,397.14,179.38,107.50
33,28,0.23364,75.95,33.39,27.10,409.56,184.96,108.09
33,29,0.24194,79.36,34.93,27.98,410.29,186.08,105.51
33,30,0.25012,82.79,36.51,28.73,420.15,192.61,91.42
33,31,0.25842,86.24,38.10,29.43,415.07,191.17,85.29
33,32,0.26685,89.69,39.68,30.12,409.42,188.68,81.88
33,33,0.27515,93.36,41.39,30.78,442.65,205.28,79.41
33,34,0.28333,97.23,43.19,31.41,473.13,220.57,76.87
33,35,0.29175,101.38,45.14,31.98,492.75,231.30,67.39
33,36,0.30042,105.58,47.12,32.52,484.15,227.99,62.32
33,37,0.30859,109.78,49.10,33.04,513.43,241.94,63.43
33,38,0.31689,113.98,51.08,33.54,506.25,238.91,59.93
33,39,0.32520,118.18,53.19,34.02,506.25,253.89,58.82
33,40,0.33374,122.41,55.45,34.41,494.64,264.43,45.36
33,41,0.34204,126.64,57.71,34.77,509.93,273.06,43.38
33,42,0.35034,130.87,59.98,35.11,509.93,273.35,41.18
33,43,0.35840,135.16,62.29,35.43,532.20,285.99,39.77
33,44,0.36707,139.50,64.62,35.73,500.35,268.92,34.51
33,45,0.37537,143.84,66.95,36.01,522.79,281.57,33.82
33,46,0.38342,148.18,69.29,36.28,538.64,290.25,32.58
33,47,0.39185,152.52,71.63,36.52,515.58,278.10,28.62
33,48,0.40002,156.86,73.98,36.74,530.97,286.69,27.24
33,49,0.40845,161.21,76.33,36.94,515.58,278.73,23.91
33,50,0.41699,165.35,78.57,37.10,484.64,262.42,18.93
33,51,0.42517,169.46,80.80,37.24,502.61,272.58,17.16
33,52,0.43372,173.57,83.03,37.37,481.43,261.38,14.29
33,53,0.44177,177.69,85.27,37.47,510.61,277.52,12.88
33,54,0.45007,181.80,87.51,37.55,495.59,269.52,10.29
33,55,0.45850,185.83,89.70,37.61,478.99,261.08,6.88
33,56,0.46667,189.86,91.90,37.65,491.79,268.13,4.85
33,57,0.47522,193.88,94.09,37.67,470.71,257.04,2.50
33,58,0.48389,197.90,96.29,37.68,464.08,253.78,0.35
33,59,0.49194,201.92,98.49,37.66,499.24,273.30,-1.89
33,60,0.50049,206.05,100.76,37.63,483.21,264.59,-3.21
33,61,0.50879,210.20,103.03,37.59,499.63,273.81,-5.51
33,62,0.51709,214.35,105.30,37.52,499.63,274.16,-7.72
33,63,0.52539,218.63,107.66,37.45,516.54,283.82,-9.56
33,64,0.53357,223.05,110.09,37.35,539.55,296.49,-11.57
33,65,0.54211,227.61,112.59,37.24,533.93,293.33,-13.21
33,66,0.55029,232.18,115.11,37.10,558.96,307.69,-16.42
33,67,0.55859,236.85,117.68,36.95,562.87,310.26,-18.38
33,68,0.56689,241.53,120.26,36.77,562.87,310.79,-21.32
33,69,0.57593,246.20,122.84,36.57,517.23,285.56,-22.30
33,70,0.58374,250.87,125.42,36.35,597.66,330.38,-28.91
33,71,0.59229,255.55,128.01,36.12,547.50,303.01,-26.07
33,72,0.60022,260.26,130.61,35.99,594.23,326.99,-17.31
33,73,0.60876,264.97,133.21,35.82,551.43,304.07,-19.29
33,74,0.61707,269.68,135.83,35.63,567.65,316.59,-23.16
33,75,0.62549,274.39,138.45,35.41,559.06,311.00,-26.45
33,76,0.63391,279.11,141.08,35.17,560.51,311.87,-28.62
33,77,0.64221,283.87,143.73,34.93,573.53,319.02,-27.94
33,78,0.65063,288.71,146.42,34.66,574.28,319.90,-31.88
33,79,0.65857,293.61,149.16,34.36,617.31,344.90,-38.85
33,80,0.66687,298.39,151.61,34.02,575.74,295.48,-40.44
33,81,0.67566,303.04,153.79,33.67,528.82,247.42,-40.28
33,82,0.68372,307.26,155.62,33.34,524.62,227.35,-40.91
33,83,0.69226,311.49,157.61,32.97,494.29,233.50,-42.50
33,84,0.70056,315.71,159.58,32.57,508.46,236.60,-48.16
33,85,0.70874,319.84,161.49,32.22,505.60,234.15,-43.66
33,86,0.71692,323.97,163.41,31.84,504.10,234.18,-46.27
33,87,0.72546,328.08,165.33,31.42,481.79,225.13,-48.57
33,88,0.73364,332.16,167.24,31.00,498.88,233.32,-52.24
33,89,0.74207,336.21,169.14,30.55,480.43,225.26,-52.54
33,90,0.75049,340.25,171.05,30.08,480.07,226.54,-56.52
33,91,0.75867,344.29,172.96,29.57,493.66,233.63,-62.31
33,92,0.76733,348.32,174.88,29.03,465.49,221.51,-62.68
33,93,0.77527,352.51,176.88,28.39,526.92,252.80,-79.62
33,94,0.78369,356.81,178.96,27.68,510.87,247.30,-84.78
34,0,0.00000,0.00,0.00,0.00,-18.48,-7.03,-17.39
34,1,0.00842,-0.23,-0.10,-0.26,-27.90,-11.60,-30.43
34,2,0.01660,-0.71,-0.34,-0.91,-58.58,-30.21,-79.85
34,3,0.02490,-1.15,-0.60,-1.59,-52.94,-30.69,-81.62
34,4,0.03333,-1.55,-0.86,-2.29,-47.10,-31.35,-83.33
34,5,0.04163,-2.24,-1.40,-3.72,-83.09,-64.05,-172.79
34,6,0.04980,-3.01,-2.03,-5.44,-94.03,-77.82,-209.70
34,7,0.05872,-4.01,-2.89,-7.77,-112.67,-96.86,-261.64
34,8,0.06677,-5.12,-3.90,-10.49,-137.50,-124.65,-337.88
34,9,0.07507,-6.33,-5.05,-13.60,-145.96,-138.65,-375.00
34,10,0.08325,-7.52,-6.20,-16.73,-145.15,-140.78,-382.09
34,11,0.09155,-8.68,-7.36,-19.86,-140.07,-139.08,-377.21
34,12,0.09998,-9.83,-8.51,-23.00,-135.87,-137.27,-372.46
34,13,0.10864,-10.91,-8.29,-26.20,-124.65,25.26,-369.01
34,14,0.11658,-11.93,-8.08,-29.45,-128.46,27.17,-410.00
34,15,0.12537,-12.93,-7.86,-32.71,-114.58,24.58,-370.83
34,16,0.13342,-13.92,-7.64,-35.99,-121.97,27.21,-406.82
34,17,0.14172,-14.80,-7.41,-39.34,-106.99,27.73,-403.68
34,18,0.15015,-15.70,-7.18,-42.68,-105.80,27.24,-397.10
34,19,0.15845,-16.59,-6.95,-46.03,-107.72,27.66,-402.94
34,20,0.16699,-17.42,-6.72,-49.42,-97.14,27.70,-397.14
34,21,0.17542,-18.27,-6.48,-52.81,-101.45,27.93,-402.90
34,22,0.18335,-19.30,-6.26,-56.16,-129.62,28.09,-422.31
34,23,0.19153,-20.34,-6.04,-59.51,-126.49,27.13,-408.96
34,24,0.20007,-21.38,-5.81,-62.85,-122.14,25.92,-391.43
34,25,0.20837,-22.43,-5.59,-66.20,-126.47,26.65,-402.94
34,26,0.21667,-23.50,-5.37,-69.54,-129.41,26.39,-402.21
34,27,0.22510,-24.68,-5.16,-72.85,-139.13,25.19,-393.48
34,28,0.23328,-25.85,-4.95,-76.17,-144.03,25.88,-405.22
34,29,0.24158,-27.04,-4.74,-79.47,-143.01,25.40,-398.53
34,30,0.24988,-28.33,-4.54,-82.75,-155.51,24.37,-394.12
34,31,0.25806,-29.65,-4.34,-86.00,-161.19,24.45,-398.51
34,32,0.26672,-30.98,-4.14,-89.26,-153.17,23.00,-376.06
34,33,0.27490,-32.43,-3.93,-92.69,-177.99,25.21,-418.66
34,34,0.28345,-34.02,-3.72,-96.28,-185.36,24.94,-420.00
34,35,0.29150,-35.79,-3.50,-100.06,-219.70,27.23,-469.70
34,36,0.30005,-37.60,-3.28,-103.88,-212.50,25.77,-447.14
34,37,0.30847,-39.43,-3.06,-107.70,-216.30,26.00,-452.90
34,38,0.31689,-41.26,-2.84,-111.52,-217.75,25.99,-453.62
34,39,0.32544,-43.10,-2.62,-115.33,-215.00,25.51,-445.71
34,40,0.33337,-45.02,-2.41,-119.11,-242.69,26.59,-476.92
34,41,0.34155,-46.97,-2.20,-122.88,-238.43,25.56,-461.19
34,42,0.34998,-48.93,-2.00,-126.65,-232.25,24.66,-447.10
34,43,0.35840,-50.92,-1.76,-130.46,-236.96,27.89,-452.17
34,44,0.36658,-52.96,-1.55,-134.30,-248.88,25.22,-470.15
34,45,0.37500,-55.00,-1.35,-138.14,-242.39,24.36,-455.80
34,46,0.38330,-57.05,-1.14,-141.97,-247.06,24.74,-461.76
34,47,0.39160,-59.11,-0.94,-145.80,-248.16,24.60,-461.03
34,48,0.40015,-61.20,-0.73,-149.66,-243.93,24.08,-451.43
34,49,0.40881,-63.37,-0.52,-153.67,-251.06,24.65,-462.68
34,50,0.41711,-65.37,-0.33,-157.29,-240.44,22.98,-436.76
34,51,0.42566,-67.36,-0.14,-160.89,-233.21,22.32,-421.43
34,52,0.43408,-69.36,0.16,-164.49,-237.32,35.01,-426.81
34,53,0.44238,-71.38,0.41,-168.10,-243.38,30.70,-435.29
34,54,0.45081,-73.39,0.39,-171.69,-239.13,-2.65,-426.09
34,55,0.45911,-75.44,0.30,-175.30,-246.32,-10.34,-434.56
34,56,0.46729,-77.43,0.33,-178.80,-243.28,2.99,-427.61
34,57,0.47595,-79.43,0.35,-182.29,-230.28,2.27,-402.82
34,58,0.48401,-81.43,0.36,-185.77,-248.86,1.21,-432.58
34,59,0.49231,-83.44,0.37,-189.26,-242.28,1.24,-419.85
34,60,0.50073,-85.51,0.46,-192.84,-246.01,11.01,-425.36
34,61,0.50940,-87.60,0.49,-196.42,-240.49,3.77,-413.38
34,62,0.51746,-89.69,0.53,-200.01,-259.47,4.05,-444.70
34,63,0.52588,-91.86,0.56,-203.72,-257.97,4.03,-441.30
34,64,0.53394,-94.09,0.59,-207.53,-276.89,4.31,-472.73
34,65,0.54248,-96.41,0.63,-211.43,-271.43,4.16,-456.43
34,66,0.55078,-98.79,0.66,-215.34,-286.76,4.28,-471.32
34,67,0.55920,-101.27,0.70,-219.31,-293.84,4.26,-471.01
34,68,0.56738,-103.81,0.74,-223.24,-310.82,4.33,-479.85
34,69,0.57617,-106.41,0.77,-227.12,-296.53,3.97,-441.67
34,70,0.58423,-109.09,0.81,-230.96,-331.44,4.26,-476.52
34,71,0.59229,-111.83,0.84,-234.76,-340.15,4.21,-471.97
34,72,0.60083,-114.60,0.87,-238.57,-324.64,3.97,-446.43
34,73,0.60913,-117.50,0.91,-242.35,-349.63,4.02,-454.41
34,74,0.61768,-120.53,0.94,-245.96,-354.64,3.69,-422.86
34,75,0.62598,-123.68,0.97,-249.47,-379.04,3.66,-422.79
34,76,0.63403,-126.97,1.00,-252.86,-408.71,3.59,-421.21
34,77,0.64294,-130.42,1.02,-256.15,-386.99,3.10,-369.18
34,78,0.65076,-134.10,1.05,-259.31,-471.09,3.33,-404.69
34,79,0.65894,-138.01,1.07,-262.29,-477.61,2.91,-363.43
34,80,0.66760,-141.98,1.10,-264.95,-458.45,2.37,-307.04
34,81,0.67566,-145.97,1.11,-267.30,-495.08,2.17,-291.67
34,82,0.68433,-149.73,1.13,-269.25,-434.15,1.59,-225.35
34,83,0.69263,-153.60,1.14,-270.97,-466.54,1.36,-207.35
34,84,0.70093,-157.57,1.15,-272.46,-478.31,1.07,-179.41
34,85,0.70947,-161.51,1.15,-273.75,-461.07,0.80,-150.71
34,86,0.71753,-165.52,1.16,-274.80,-496.97,0.55,-131.06
34,87,0.72632,-169.58,1.16,-275.62,-461.81,0.23,-92.36
34,88,0.73425,-173.63,1.16,-276.20,-511.15,-0.05,-73.08
34,89,0.74255,-177.69,1.21,-276.54,-488.60,5.51,-41.91
34,90,0.75073,-181.76,1.19,-276.65,-497.39,-2.42,-12.69
34,91,0.75916,-185.82,1.20,-276.51,-482.97,1.63,16.67
34,92,0.76733,-189.88,1.21,-276.12,-495.52,1.53,47.01
34,93,0.77625,-194.07,1.22,-275.43,-470.21,1.28,77.40
34,94,0.78430,-198.32,1.23,-274.45,-527.27,1.27,121.97
35,0,0.00000,0.00,0.00,0.00,-16.29,2.45,20.83
35,1,0.00842,-0.23,0.14,0.26,-27.90,16.30,30.43
35,2,0.01709,-0.85,0.45,0.80,-71.13,36.01,62.68
35,3,0.02551,-1.49,0.73,1.30,-75.72,33.25,59.06
35,4,0.03369,-2.15,0.99,1.75,-81.34,31.68,55.97
35,5,0.04199,-3.54,1.47,2.58,-166.54,57.80,98.90
35,6,0.05066,-5.22,1.92,3.44,-194.37,52.69,100.00
35,7,0.05884,-7.55,2.40,4.46,-284.33,58.49,124.63
35,8,0.06726,-10.33,2.74,5.46,-330.07,39.75,118.12
35,9,0.07532,-13.52,2.75,6.45,-395.83,1.71,123.48
35,10,0.08386,-16.71,2.62,7.45,-373.21,-15.09,116.43
35,11,0.09216,-19.89,2.26,8.44,-384.19,-44.19,119.85
35,12,0.10046,-23.08,1.65,9.44,-384.19,-73.53,119.85
35,13,0.10852,-26.33,0.76,10.38,-402.65,-110.02,116.67
35,14,0.11731,-29.62,-0.43,11.27,-374.65,-134.80,101.39
35,15,0.12524,-32.91,-1.89,12.16,-415.00,-184.59,112.31
35,16,0.13379,-36.22,-3.46,13.03,-387.14,-184.03,102.14
35,17,0.14197,-39.60,-5.33,13.81,-412.69,-228.78,95.52
35,18,0.15039,-42.97,-7.39,14.59,-400.72,-244.14,92.75
35,19,0.15845,-46.35,-9.65,15.37,-418.94,-280.47,96.97
35,20,0.16687,-49.77,-12.05,16.08,-406.52,-285.56,84.06
35,21,0.17529,-53.20,-14.38,16.82,-406.52,-275.69,86.96
35,22,0.18359,-56.58,-16.02,17.71,-407.72,-197.38,108.09
35,23,0.19202,-59.96,-16.23,18.61,-401.81,-25.30,106.52
35,24,0.20020,-63.35,-16.44,19.51,-413.81,-26.13,109.70
35,25,0.20862,-66.73,-16.66,20.40,-401.81,-25.35,106.52
35,26,0.21692,-70.11,-16.87,21.32,-407.35,-25.71,110.66
35,27,0.22522,-73.48,-17.08,22.33,-405.88,-25.93,121.32
35,28,0.23352,-76.85,-17.30,23.34,-405.88,-25.88,121.32
35,29,0.24194,-80.22,-17.51,24.34,-400.00,-25.55,119.57
35,30,0.25012,-83.56,-17.73,25.45,-407.84,-26.38,135.82
35,31,0.25842,-86.89,-17.89,26.58,-401.10,-19.63,136.03
35,32,0.26697,-90.22,-18.25,27.71,-389.64,-41.50,132.14
35,33,0.27527,-93.73,-18.53,28.96,-423.16,-34.19,150.00
35,34,0.28345,-97.41,-18.83,30.31,-450.00,-36.46,165.30
35,35,0.29199,-101.31,-19.15,31.83,-456.07,-37.25,177.86
35,36,0.30042,-105.24,-19.47,33.38,-467.39,-38.17,184.06
35,37,0.30896,-109.18,-19.79,34.93,-460.71,-37.62,181.43
35,38,0.31714,-113.12,-20.11,36.48,-481.34,-39.35,189.55
35,39,0.32520,-117.05,-20.43,38.03,-488.64,-39.90,192.42
35,40,0.33374,-120.97,-20.76,39.66,-458.57,-37.75,191.07
35,41,0.34167,-124.89,-21.08,41.31,-493.46,-40.61,207.31
35,42,0.35022,-128.80,-21.40,42.95,-458.21,-37.71,192.50
35,43,0.35852,-132.76,-21.73,44.63,-477.21,-39.30,201.47
35,44,0.36682,-136.77,-22.06,46.32,-482.35,-39.78,204.04
35,45,0.37524,-140.77,-22.39,48.01,-475.36,-39.21,201.09
35,46,0.38354,-144.78,-22.72,49.71,-482.35,-39.74,204.04
35,47,0.39197,-148.79,-23.05,51.38,-476.45,-39.19,198.91
35,48,0.40015,-152.83,-23.38,53.00,-493.66,-40.40,197.76
35,49,0.40857,-156.89,-23.71,54.55,-482.25,-39.30,184.42
35,50,0.41687,-160.78,-24.02,56.00,-468.75,-38.03,174.26
35,51,0.42517,-164.65,-24.34,57.40,-465.81,-37.69,169.12
35,52,0.43359,-168.52,-24.65,58.78,-460.14,-37.20,163.77
35,53,0.44189,-172.41,-24.96,60.13,-468.38,-37.72,162.50
35,54,0.45007,-176.31,-25.28,61.44,-476.87,-38.33,160.45
35,55,0.45874,-180.15,-25.58,62.70,-442.61,-35.38,144.37
35,56,0.46692,-183.98,-25.89,63.90,-469.03,-37.46,147.76
35,57,0.47546,-187.83,-26.20,65.08,-450.00,-35.83,137.50
35,58,0.48352,-191.68,-26.50,66.23,-478.41,-37.96,142.42
35,59,0.49182,-195.54,-26.81,67.34,-465.44,-36.82,134.19
35,60,0.50012,-199.52,-27.12,68.45,-479.04,-37.84,133.46
35,61,0.50867,-203.52,-27.44,69.53,-468.57,-36.87,126.43
35,62,0.51709,-207.53,-27.75,70.58,-476.09,-37.38,125.36
35,63,0.52527,-211.69,-28.08,71.63,-507.84,-39.72,128.36
35,64,0.53357,-215.98,-28.18,72.67,-516.91,-11.91,124.63
35,65,0.54175,-220.39,-28.23,73.69,-539.55,-6.82,124.63
35,66,0.55029,-224.86,-28.49,74.67,-522.50,-29.80,114.64
35,67,0.55859,-229.43,-28.65,75.63,-551.10,-19.98,116.18
35,68,0.56714,-234.02,-28.82,76.56,-537.14,-19.66,108.93
35,69,0.57532,-238.61,-28.99,77.47,-560.82,-20.69,111.57
35,70,0.58362,-243.20,-29.16,78.37,-552.94,-20.49,107.35
35,71,0.59192,-247.80,-29.33,79.22,-554.78,-20.88,102.57
35,72,0.60022,-252.46,-29.52,79.95,-561.40,-21.99,87.87
35,73,0.60852,-257.12,-29.70,80.66,-561.40,-22.04,86.03
35,74,0.61682,-261.79,-29.88,81.37,-561.76,-22.09,85.29
35,75,0.62537,-266.45,-30.07,82.07,-545.71,-21.56,81.79
35,76,0.63354,-271.12,-30.25,82.75,-571.64,-22.65,83.58
35,77,0.64197,-275.85,-30.44,83.39,-560.87,-22.54,76.09
35,78,0.65027,-280.65,-30.63,84.04,-577.94,-23.30,77.94
35,79,0.65857,-285.51,-30.83,84.69,-586.03,-23.60,78.68
35,80,0.66699,-290.26,-31.02,85.32,-564.13,-22.76,75.00
35,81,0.67554,-294.90,-31.21,85.93,-542.50,-21.96,70.71
35,82,0.68384,-299.10,-31.38,86.45,-506.62,-20.73,62.50
35,83,0.69214,-303.31,-31.55,86.96,-506.99,-20.81,61.76
35,84,0.70020,-307.52,-31.74,87.47,-522.35,-22.85,63.26
35,85,0.70850,-311.65,-32.09,87.90,-497.79,-42.14,51.84
35,86,0.71704,-315.77,-32.54,88.31,-482.14,-52.31,47.86
35,87,0.72534,-319.89,-33.08,88.71,-496.32,-65.45,48.16
35,88,0.73389,-323.98,-33.51,89.07,-478.21,-49.91,42.86
35,89,0.74194,-328.03,-33.96,89.41,-503.41,-56.41,42.05
35,90,0.75024,-332.09,-34.41,89.74,-488.60,-54.59,39.71
35,91,0.75854,-336.15,-34.87,90.06,-488.97,-54.62,38.24
35,92,0.76685,-340.21,-35.32,90.37,-488.97,-54.48,36.76
35,93,0.77527,-344.41,-35.79,90.71,-499.28,-55.75,40.58
35,94,0.78369,-348.76,-36.28,91.09,-515.94,-57.86,44.93
36,0,0.00000,0.00,0.00,0.00,-13.04,3.93,-21.74
36,1,0.00830,-0.19,0.05,-0.29,-23.16,6.53,-34.93
36,2,0.01648,-0.65,0.18,-0.96,-55.60,15.25,-81.72
36,3,0.02478,-1.14,0.30,-1.60,-59.56,15.09,-77.21
36,4,0.03333,-1.67,0.43,-2.21,-62.14,14.86,-71.43
36,5,0.04138,-2.78,0.68,-3.35,-137.88,30.79,-142.05
36,6,0.05005,-4.14,0.97,-4.66,-156.69,33.80,-150.35
36,7,0.05835,-5.98,1.37,-6.41,-222.06,47.56,-210.66
36,8,0.06689,-8.11,1.82,-8.44,-248.57,53.40,-237.86
36,9,0.07495,-10.53,2.33,-10.74,-300.38,62.74,-285.98
36,10,0.08337,-12.97,2.66,-13.02,-290.22,39.77,-270.65
36,11,0.09155,-15.43,2.79,-15.28,-300.75,15.01,-276.49
36,12,0.09998,-17.92,2.70,-17.52,-295.29,-9.94,-265.22
36,13,0.10840,-20.41,2.54,-19.80,-295.29,-19.56,-271.01
36,14,0.11670,-22.90,2.37,-22.13,-300.00,-20.23,-280.88
36,15,0.12500,-25.41,2.20,-24.44,-302.94,-20.06,-277.57
36,16,0.13330,-27.95,2.04,-26.73,-305.51,-20.06,-276.84
36,17,0.14160,-30.47,1.87,-29.11,-303.31,-20.65,-286.76
36,18,0.15002,-33.02,1.70,-31.45,-303.62,-20.06,-277.54
36,19,0.15845,-35.62,1.53,-33.75,-307.97,-19.71,-272.46
36,20,0.16687,-38.21,1.36,-36.09,-307.97,-20.07,-278.26
36,21,0.17517,-40.86,1.20,-38.38,-319.49,-19.97,-275.37
36,22,0.18323,-43.66,1.04,-40.48,-347.35,-19.09,-261.74
36,23,0.19153,-46.50,0.89,-42.54,-341.54,-18.02,-247.79
36,24,0.19995,-49.36,0.74,-44.56,-340.22,-17.57,-239.49
36,25,0.20825,-52.26,0.60,-46.52,-349.63,-17.29,-236.40
36,26,0.21680,-55.21,0.46,-48.43,-344.29,-16.34,-222.86
36,27,0.22498,-58.23,0.33,-50.22,-369.78,-16.13,-219.03
36,28,0.23328,-61.29,0.20,-51.96,-368.01,-15.54,-209.93
36,29,0.24158,-64.36,0.07,-53.66,-370.59,-15.21,-205.15
36,30,0.24988,-67.51,-0.04,-55.23,-379.04,-14.09,-189.34
36,31,0.25818,-70.68,-0.16,-56.75,-382.35,-13.71,-183.09
36,32,0.26672,-73.86,-0.27,-58.25,-372.50,-13.12,-175.00
36,33,0.27502,-77.26,-0.38,-59.76,-409.19,-13.68,-182.35
36,34,0.28333,-80.87,-0.50,-61.30,-434.56,-13.97,-184.93
36,35,0.29163,-84.75,-0.62,-62.84,-467.65,-14.16,-186.40
36,36,0.29993,-88.69,-0.73,-64.39,-474.63,-14.11,-186.03
36,37,0.30823,-92.63,-0.85,-65.92,-475.00,-14.12,-184.93
36,38,0.31653,-96.58,-0.97,-67.46,-475.00,-14.01,-184.56
36,39,0.32483,-100.52,-1.08,-68.99,-475.00,-14.00,-184.56
36,40,0.33325,-104.50,-1.19,-70.45,-473.19,-13.28,-173.55
36,41,0.34155,-108.50,-1.30,-71.90,-480.88,-13.30,-174.26
36,42,0.35034,-112.49,-1.42,-73.34,-454.17,-12.65,-164.58
36,43,0.35840,-116.53,-1.53,-74.80,-501.89,-13.85,-180.68
36,44,0.36658,-120.62,-1.64,-76.26,-500.37,-13.69,-179.10
36,45,0.37500,-124.72,-1.75,-77.73,-485.87,-13.34,-173.91
36,46,0.38354,-128.81,-1.86,-79.19,-478.93,-13.10,-171.43
36,47,0.39185,-132.90,-1.98,-80.66,-493.01,-13.53,-176.47
36,48,0.40002,-136.99,-2.09,-82.13,-500.37,-13.76,-179.48
36,49,0.40857,-141.08,-2.20,-83.62,-478.21,-13.30,-174.29
36,50,0.41675,-144.98,-2.31,-85.05,-476.87,-13.44,-175.00
36,51,0.42517,-148.84,-2.42,-86.48,-457.97,-13.01,-170.29
36,52,0.43347,-152.68,-2.53,-87.94,-463.24,-13.39,-176.10
36,53,0.44177,-156.52,-2.65,-89.43,-462.13,-13.61,-178.68
36,54,0.44995,-160.35,-2.76,-90.93,-467.91,-13.97,-184.33
36,55,0.45874,-164.18,-2.88,-92.48,-436.81,-13.36,-176.04
36,56,0.46704,-167.90,-3.00,-94.03,-447.06,-14.13,-186.76
36,57,0.47559,-171.59,-3.12,-95.63,-431.79,-14.12,-187.14
36,58,0.48352,-175.24,-3.24,-97.30,-460.77,-15.79,-210.77
36,59,0.49207,-178.86,-3.37,-99.06,-423.57,-15.37,-205.36
36,60,0.50037,-182.53,-3.51,-100.96,-441.54,-17.04,-229.41
36,61,0.50867,-186.16,-3.66,-102.96,-437.50,-17.87,-240.81
36,62,0.51709,-189.74,-3.82,-105.04,-425.72,-18.28,-247.10
36,63,0.52527,-193.41,-3.98,-107.27,-448.13,-19.98,-272.01
36,64,0.53345,-197.14,-4.15,-109.62,-456.34,-21.18,-288.06
36,65,0.54187,-200.94,-4.33,-112.08,-451.45,-21.47,-292.39
36,66,0.55017,-204.75,-4.52,-114.63,-458.09,-22.46,-306.25
36,67,0.55884,-208.60,-4.71,-117.27,-445.07,-22.29,-304.93
36,68,0.56702,-212.43,-4.91,-119.95,-468.28,-23.99,-327.99
36,69,0.57532,-216.24,-5.11,-122.67,-458.46,-23.84,-326.84
36,70,0.58350,-220.03,-5.31,-125.40,-463.43,-24.45,-334.70
36,71,0.59192,-223.79,-5.51,-128.19,-446.74,-24.14,-330.80
36,72,0.60046,-227.49,-5.72,-131.11,-433.21,-24.85,-342.14
36,73,0.60852,-231.17,-5.94,-134.06,-456.82,-26.58,-366.29
36,74,0.61707,-234.82,-6.15,-137.05,-426.43,-25.38,-350.00
36,75,0.62549,-238.43,-6.37,-140.09,-428.62,-26.13,-360.14
36,76,0.63367,-241.99,-6.60,-143.19,-435.45,-27.52,-379.85
36,77,0.64185,-245.49,-6.83,-146.43,-427.99,-28.47,-395.52
36,78,0.65015,-248.97,-7.08,-149.80,-418.75,-29.31,-405.88
36,79,0.65869,-252.40,-7.33,-153.31,-401.79,-29.49,-410.36
36,80,0.66699,-255.65,-7.58,-156.83,-391.54,-30.45,-424.63
36,81,0.67517,-258.68,-7.72,-160.39,-370.15,-16.76,-435.45
36,82,0.68359,-261.27,-7.70,-163.74,-308.33,1.48,-397.83
36,83,0.69177,-263.75,-7.69,-167.18,-303.36,1.88,-420.15
36,84,0.70044,-266.10,-7.67,-170.71,-270.42,2.16,-407.39
36,85,0.70862,-268.20,-7.65,-174.29,-256.72,2.81,-438.06
36,86,0.71680,-270.11,-7.63,-177.96,-233.96,1.79,-448.51
36,87,0.72559,-271.88,-7.62,-181.70,-201.74,1.02,-425.35
36,88,0.73364,-273.53,-7.61,-185.46,-204.17,1.40,-466.67
36,89,0.74194,-275.09,-7.60,-189.22,-187.87,1.55,-452.94
36,90,0.75049,-276.58,-7.59,-193.00,-175.00,1.67,-442.86
36,91,0.75867,-278.05,-7.57,-196.80,-178.73,1.83,-464.55
36,92,0.76697,-279.48,-7.56,-200.61,-172.79,1.87,-458.82
37,0,0.00000,0.00,0.00,0.00,12.87,1.01,-22.43
37,1,0.00842,0.16,0.01,-0.31,19.20,1.48,-36.59
37,2,0.01672,0.52,0.04,-1.03,43.75,3.46,-87.13
37,3,0.02515,0.89,0.07,-1.75,43.12,3.36,-85.87
37,4,0.03345,1.25,0.10,-2.48,43.75,3.37,-87.13
37,5,0.04175,1.97,0.15,-3.90,87.13,6.82,-170.96
37,6,0.05029,2.83,0.22,-5.57,100.36,7.86,-196.07
37,7,0.05847,3.99,0.31,-7.83,141.79,11.05,-276.12
37,8,0.06677,5.36,0.42,-10.43,164.71,12.84,-313.60
37,9,0.07507,6.93,0.54,-13.38,189.71,14.63,-355.15
37,10,0.08350,8.51,0.66,-16.33,186.96,14.51,-350.00
37,11,0.09180,10.08,0.78,-19.28,189.71,14.72,-355.15
37,12,0.09998,11.66,0.91,-22.23,192.54,14.90,-360.45
37,13,0.10840,13.31,1.03,-25.17,195.65,15.07,-350.00
37,14,0.11682,15.02,1.16,-28.12,203.99,15.61,-350.00
37,15,0.12512,16.74,1.30,-31.07,206.62,15.82,-355.51
37,16,0.13342,18.46,1.43,-34.03,207.72,15.85,-355.88
37,17,0.14172,20.29,1.57,-36.97,219.85,16.68,-354.78
37,18,0.15002,22.09,1.70,-39.93,217.65,16.45,-356.25
37,19,0.15845,23.87,1.84,-42.90,211.23,16.06,-352.90
37,20,0.16687,25.71,1.98,-45.88,218.12,16.60,-353.26
37,21,0.17505,27.48,2.11,-48.90,216.04,16.48,-369.78
37,22,0.18323,29.04,2.23,-52.04,191.04,14.95,-383.21
37,23,0.19165,30.52,2.35,-55.21,176.09,13.99,-376.81
37,24,0.19995,31.93,2.47,-58.42,169.85,13.64,-386.40
37,25,0.20825,33.26,2.57,-61.66,159.56,12.99,-390.81
37,26,0.21655,34.47,2.67,-64.95,145.59,12.12,-396.32
37,27,0.22485,35.47,2.76,-68.32,121.32,10.65,-405.88
37,28,0.23328,36.29,2.84,-71.74,96.74,9.06,-405.80
37,29,0.24158,36.97,2.91,-75.19,81.62,8.10,-415.44
37,30,0.25000,37.34,2.95,-78.68,44.93,5.79,-415.22
37,31,0.25830,37.50,2.99,-82.20,18.38,4.07,-423.53
37,32,0.26648,37.44,3.01,-85.71,-7.09,2.51,-429.85
37,33,0.27478,37.10,3.11,-89.42,-40.44,11.65,-446.32
37,34,0.28308,36.47,3.67,-93.29,-76.10,68.13,-466.18
37,35,0.29175,35.47,4.04,-97.35,-115.14,42.27,-468.31
37,36,0.29980,34.20,4.41,-101.38,-157.58,46.83,-500.76
37,37,0.30811,32.69,4.79,-105.33,-181.99,45.41,-475.74
37,38,0.31641,30.95,5.14,-109.18,-209.93,42.22,-463.97
37,39,0.32483,28.98,5.46,-112.92,-234.06,38.24,-444.20
37,40,0.33313,26.71,5.75,-116.51,-273.53,34.24,-432.35
37,41,0.34143,24.21,6.00,-119.95,-300.74,30.27,-413.97
37,42,0.34985,21.51,6.22,-123.23,-320.29,26.06,-389.13
37,43,0.35815,18.59,6.41,-126.37,-352.94,22.71,-378.68
37,44,0.36646,15.43,6.56,-129.36,-380.15,18.65,-360.29
37,45,0.37476,12.10,6.68,-132.16,-401.10,14.56,-336.76
37,46,0.38306,8.61,6.77,-134.75,-420.59,10.37,-312.50
37,47,0.39160,4.97,6.82,-137.13,-425.71,5.94,-278.57
37,48,0.39978,1.20,6.84,-139.29,-461.57,1.84,-263.43
37,49,0.40820,-2.70,6.81,-141.21,-462.68,-2.49,-228.99
37,50,0.41650,-6.53,6.76,-142.82,-461.76,-6.62,-193.38
37,51,0.42505,-10.42,6.67,-144.17,-454.64,-10.36,-158.57
37,52,0.43335,-14.38,6.55,-145.29,-476.84,-14.70,-134.56
37,53,0.44165,-18.40,6.39,-146.17,-484.19,-18.55,-105.88
37,54,0.45007,-22.46,6.21,-146.80,-482.61,-22.13,-75.36
37,55,0.45837,-26.48,5.99,-147.18,-484.19,-25.91,-45.59
37,56,0.46680,-30.50,5.75,-147.32,-477.17,-28.99,-15.94
37,57,0.47510,-34.52,5.48,-147.21,-484.19,-32.82,12.50
37,58,0.48340,-38.53,5.18,-146.87,-482.72,-36.28,41.91
37,59,0.49182,-42.50,4.85,-146.28,-472.46,-38.95,69.57
37,60,0.50000,-46.55,4.49,-145.44,-494.03,-44.29,102.24
37,61,0.50842,-50.55,4.07,-144.36,-475.36,-49.88,128.26
37,62,0.51672,-54.48,3.54,-143.05,-473.53,-63.79,158.82
37,63,0.52515,-58.45,2.80,-141.45,-471.38,-86.99,189.86
37,64,0.53333,-62.44,2.09,-139.57,-488.06,-87.57,229.85
37,65,0.54211,-66.42,1.32,-137.40,-452.08,-86.99,246.53
37,66,0.55029,-70.32,0.52,-134.95,-477.61,-98.59,299.25
37,67,0.55847,-74.13,-0.33,-132.24,-466.04,-103.00,331.34
37,68,0.56677,-77.77,-1.19,-129.31,-438.60,-104.18,352.94
37,69,0.57520,-81.23,-2.08,-126.17,-410.87,-105.16,373.19
37,70,0.58350,-84.50,-2.98,-122.82,-393.38,-108.51,402.94
37,71,0.59204,-87.73,-3.72,-119.44,-377.50,-87.17,396.43
37,72,0.60034,-91.05,-4.00,-116.09,-400.37,-33.34,402.94
37,73,0.60876,-94.37,-4.28,-112.74,-393.84,-32.84,397.83
37,74,0.61719,-97.74,-4.55,-109.45,-400.72,-33.06,391.30
37,75,0.62549,-101.20,-4.84,-106.23,-416.18,-33.97,386.76
37,76,0.63367,-104.75,-5.12,-103.13,-435.07,-34.85,379.85
37,77,0.64221,-108.48,-5.41,-100.15,-435.71,-34.17,348.57
37,78,0.65051,-112.36,-5.71,-97.26,-467.65,-36.12,347.79
37,79,0.65881,-116.40,-6.02,-94.48,-487.13,-36.95,335.29
37,80,0.66711,-120.45,-6.32,-91.90,-487.50,-36.45,310.29
37,81,0.67554,-124.48,-6.62,-89.53,-478.99,-35.24,281.88
37,82,0.68384,-128.23,-6.89,-87.55,-451.47,-32.60,238.24
37,83,0.69226,-132.05,-7.16,-85.72,-453.62,-32.21,217.39
37,84,0.70044,-135.93,-7.43,-83.99,-473.51,-33.26,211.19
37,85,0.70886,-139.79,-7.70,-82.47,-459.06,-31.72,180.43
37,86,0.71729,-143.69,-7.97,-81.05,-462.32,-31.64,168.84
37,87,0.72559,-147.60,-8.23,-79.70,-471.32,-31.99,162.50
37,88,0.73389,-151.50,-8.50,-78.43,-469.85,-31.74,153.68
37,89,0.74231,-155.39,-8.76,-77.23,-461.59,-30.93,142.03
37,90,0.75061,-159.30,-9.02,-76.05,-470.96,-31.54,141.91
37,91,0.75903,-163.20,-9.28,-74.89,-463.41,-30.93,137.68
37,92,0.76746,-167.30,-9.55,-73.69,-487.32,-32.54,142.75
37,93,0.77576,-171.36,-9.82,-72.48,-488.97,-32.66,145.59
37,94,0.78406,-175.53,-10.10,-71.22,-502.57,-33.61,152.21
38,0,0.00000,0.00,0.00,0.00,-18.51,-1.89,16.37
38,1,0.00836,-0.25,-0.02,0.24,-30.29,-2.92,28.83
38,2,0.01663,-0.83,-0.08,0.81,-69.74,-6.27,68.63
38,3,0.02505,-1.37,-0.12,1.41,-64.49,-5.46,71.38
38,4,0.03302,-1.88,-0.16,2.04,-63.22,-4.66,79.31
38,5,0.04135,-2.80,-0.22,3.34,-111.36,-7.32,155.68
38,6,0.04971,-3.81,-0.27,4.93,-119.71,-6.32,190.51
38,7,0.05792,-5.03,-0.32,7.16,-149.07,-5.80,271.00
38,8,0.06635,-6.31,-0.35,9.80,-152.54,-3.41,314.13
38,9,0.07477,-7.61,-0.35,12.88,-153.99,-0.42,365.58
38,10,0.08319,-8.72,-0.20,16.03,-131.88,18.10,374.28
38,11,0.09134,-9.64,-0.14,19.25,-112.73,7.68,394.38
38,12,0.09973,-10.37,0.04,22.51,-86.55,20.76,388.73
38,13,0.10840,-10.96,0.23,25.83,-69.01,22.92,383.45
38,14,0.11639,-11.43,0.46,29.21,-58.02,28.14,422.90
38,15,0.12479,-11.69,0.72,32.62,-30.91,30.79,405.45
38,16,0.13333,-11.76,1.01,36.04,-8.93,33.75,400.36
38,17,0.14124,-11.74,1.31,39.50,2.70,38.89,438.22
38,18,0.14963,-11.51,1.65,42.96,27.27,40.29,412.00
38,19,0.15817,-11.12,2.02,46.40,46.07,42.49,402.86
38,20,0.16663,-10.67,2.39,49.87,53.43,44.17,410.11
38,21,0.17474,-10.06,2.79,53.32,75.19,48.87,424.81
38,22,0.18295,-9.16,3.22,56.70,109.29,53.01,412.27
38,23,0.19144,-8.15,3.67,60.06,119.42,53.09,395.32
38,24,0.19983,-7.00,4.14,63.36,136.73,55.80,394.18
38,25,0.20816,-5.73,4.62,66.63,152.01,57.79,391.94
38,26,0.21664,-4.32,5.12,69.84,166.19,58.83,378.42
38,27,0.22479,-2.71,5.64,72.96,197.75,64.15,383.52
38,28,0.23297,-1.01,6.18,76.04,208.58,65.15,375.75
38,29,0.24149,0.79,6.72,79.06,211.47,63.78,354.48
38,30,0.24973,2.76,7.28,81.97,239.26,67.93,353.33
38,31,0.25827,4.84,7.85,84.81,242.50,66.55,332.50
38,32,0.26669,6.98,8.42,87.59,254.71,68.44,330.80
38,33,0.27466,9.36,9.04,90.46,298.08,77.51,359.39
38,34,0.28308,11.96,9.68,93.39,309.06,75.70,348.19
38,35,0.29135,14.86,10.09,96.40,350.18,49.96,364.21
38,36,0.29974,17.86,10.18,99.39,357.45,10.63,355.64
38,37,0.30823,20.90,10.09,102.32,359.35,-11.01,345.68
38,38,0.31644,24.00,10.20,105.21,376.58,13.72,352.04
38,39,0.32507,27.15,10.22,108.03,365.02,2.42,326.50
38,40,0.33344,30.42,10.26,110.73,391.24,4.34,323.36
38,41,0.34134,33.76,10.48,113.36,422.39,27.67,332.05
38,42,0.34979,37.15,10.81,115.92,400.72,39.67,302.89
38,43,0.35809,40.64,11.16,118.42,420.59,41.88,301.84
38,44,0.36649,44.23,11.52,120.88,427.64,42.70,292.36
38,45,0.37494,47.87,11.88,123.25,431.05,43.26,280.51
38,46,0.38315,51.55,12.25,125.57,447.96,45.01,282.53
38,47,0.39142,55.25,12.53,127.84,447.97,33.16,274.91
38,48,0.39975,58.98,12.44,130.08,447.62,-10.62,268.13
38,49,0.40823,62.73,12.16,132.28,441.37,-33.20,260.43
38,50,0.41638,66.33,11.98,134.35,441.95,-22.22,253.93
38,51,0.42474,69.91,11.76,136.38,428.47,-26.20,241.97
38,52,0.43295,73.50,11.54,138.39,437.17,-26.49,244.98
38,53,0.44122,77.09,11.32,140.40,434.32,-26.25,242.80
38,54,0.44962,80.69,11.10,142.40,428.36,-25.79,238.55
38,55,0.45816,84.22,10.89,144.36,413.21,-24.84,229.29
38,56,0.46652,87.73,10.68,146.31,420.80,-25.21,233.21
38,57,0.47495,91.25,10.47,148.26,417.75,-25.08,231.52
38,58,0.48294,94.77,10.26,150.21,440.08,-26.37,243.89
38,59,0.49155,98.29,10.05,152.15,408.87,-24.46,226.24
38,60,0.49985,101.90,9.83,154.16,434.56,-26.12,241.18
38,61,0.50793,105.52,9.61,156.17,448.30,-26.93,249.06
38,62,0.51627,109.15,9.40,158.18,435.16,-26.10,241.39
38,63,0.52469,112.89,9.17,160.27,443.84,-26.81,247.46
38,64,0.53293,116.74,8.94,162.42,467.41,-28.28,261.48
38,65,0.54150,120.68,8.70,164.64,460.14,-27.94,258.36
38,66,0.54962,124.67,8.46,166.88,490.60,-29.84,275.94
38,67,0.55786,128.74,8.21,169.17,494.07,-30.17,278.89
38,68,0.56641,132.81,8.54,171.47,476.43,39.16,268.93
38,69,0.57489,136.88,9.08,173.77,479.86,63.74,270.86
38,70,0.58276,140.95,9.62,176.07,517.05,68.61,291.86
38,71,0.59137,145.02,10.16,178.39,472.34,62.85,269.50
38,72,0.59958,149.05,10.38,180.83,491.45,25.80,297.40
38,73,0.60785,153.09,10.38,183.27,487.82,0.68,295.20
38,74,0.61642,157.12,10.42,185.71,470.82,4.48,284.70
38,75,0.62463,161.16,10.44,188.15,491.45,2.68,297.40
38,76,0.63290,165.19,10.46,190.61,488.19,2.62,296.68
38,77,0.64142,169.24,10.48,193.12,475.63,2.41,295.34
38,78,0.64990,173.36,10.51,195.67,484.53,2.46,300.72
38,79,0.65787,177.52,10.53,198.26,523.37,2.64,325.29
38,80,0.66632,181.60,10.55,200.79,482.67,2.47,298.56
38,81,0.67474,185.59,10.57,203.24,473.55,2.47,291.67
38,82,0.68283,189.20,10.59,205.47,446.04,2.28,275.47
38,83,0.69138,192.82,10.61,207.68,423.57,2.27,258.21
38,84,0.69965,196.45,10.63,209.87,438.75,2.40,264.94
38,85,0.70798,199.98,10.64,212.06,424.18,2.17,262.64
38,86,0.71625,203.50,10.66,214.25,425.09,2.13,264.58
38,87,0.72467,207.01,10.68,216.43,417.39,2.10,259.42
38,88,0.73294,210.49,10.70,218.61,420.66,2.07,263.47
38,89,0.74130,213.93,10.71,220.79,411.31,1.96,260.22
38,90,0.74966,217.37,10.73,222.96,411.31,1.96,260.22
38,91,0.75800,220.81,10.75,225.14,412.82,1.98,261.17
38,92,0.76642,224.25,10.76,227.31,408.70,1.96,257.97
38,93,0.77472,227.83,10.78,229.53,431.25,2.19,268.01
38,94,0.78275,231.55,10.80,231.81,463.50,2.45,283.65
39,0,0.00000,0.00,0.00,0.00,-3.62,3.57,-25.00
39,1,0.00833,-0.02,0.05,-0.35,-2.56,5.68,-41.76
39,2,0.01669,0.01,0.15,-1.16,3.65,12.29,-96.72
39,3,0.02484,0.06,0.25,-1.97,6.37,12.52,-99.25
39,4,0.03311,0.12,0.35,-2.77,6.64,12.30,-97.79
39,5,0.04163,0.24,0.55,-4.36,14.34,23.26,-186.74
39,6,0.05002,0.39,0.79,-6.24,17.82,28.02,-223.64
39,7,0.05832,0.60,1.10,-8.77,25.37,37.96,-304.78
39,8,0.06653,0.87,1.46,-11.70,33.09,44.08,-356.51
39,9,0.07486,1.20,1.84,-15.02,39.93,45.40,-399.27
39,10,0.08334,1.54,2.01,-18.35,39.21,20.28,-392.09
39,11,0.09146,1.87,2.08,-21.68,40.98,8.09,-409.77
39,12,0.09991,2.20,2.15,-25.00,39.71,7.73,-393.14
39,13,0.10834,2.61,2.21,-28.35,47.83,7.15,-397.83
39,14,0.11646,3.08,2.26,-31.73,57.89,6.78,-416.17
39,15,0.12506,3.55,2.32,-35.11,54.61,6.35,-392.55
39,16,0.13330,4.04,2.37,-38.49,59.63,6.41,-410.74
39,17,0.14169,4.64,2.36,-41.90,72.00,-0.73,-406.55
39,18,0.14999,5.25,2.51,-45.32,72.79,17.75,-411.03
39,19,0.15833,5.85,2.57,-48.73,72.53,7.89,-409.52
39,20,0.16666,6.54,2.63,-52.15,82.42,7.13,-411.36
39,21,0.17490,7.21,2.70,-55.59,81.48,7.41,-417.04
39,22,0.18329,7.71,2.77,-59.06,59.64,9.10,-413.09
39,23,0.19171,8.21,2.85,-62.52,59.42,9.16,-411.59
39,24,0.20001,8.71,2.93,-65.99,60.29,9.30,-417.65
39,25,0.20828,9.21,3.00,-69.46,60.52,9.24,-419.19
39,26,0.21671,9.69,3.08,-72.93,57.25,9.38,-412.32
39,27,0.22488,10.08,3.17,-76.43,47.76,10.70,-427.24
39,28,0.23331,10.47,3.26,-79.92,46.38,10.30,-414.86
39,29,0.24155,10.86,3.34,-83.41,47.41,10.67,-424.07
39,30,0.25000,11.15,3.44,-86.92,33.94,11.47,-414.44
39,31,0.25830,11.42,3.54,-90.42,31.99,11.82,-422.43
39,32,0.26691,11.68,3.64,-93.93,30.85,11.54,-407.45
39,33,0.27484,11.91,3.75,-97.64,29.23,13.74,-467.69
39,34,0.28339,12.11,3.87,-101.56,23.21,13.90,-458.21
39,35,0.29156,12.24,4.00,-105.73,16.04,16.39,-510.82
39,36,0.29990,12.36,4.14,-109.96,13.55,16.50,-507.69
39,37,0.30841,12.47,4.27,-114.19,13.26,16.15,-496.77
39,38,0.31671,12.58,4.41,-118.42,13.24,16.50,-509.56
39,39,0.32492,12.69,4.55,-122.65,13.38,16.79,-515.24
39,40,0.33328,12.71,4.70,-126.90,2.19,17.50,-507.66
39,41,0.34158,12.71,4.84,-131.15,0.00,17.84,-511.76
39,42,0.35022,12.70,4.99,-135.39,-0.35,17.13,-491.87
39,43,0.35852,12.69,5.14,-139.69,-1.47,18.13,-517.65
39,44,0.36658,12.67,5.30,-144.04,-2.65,19.04,-539.77
39,45,0.37506,12.65,5.43,-148.39,-2.52,15.89,-512.59
39,46,0.38333,12.63,5.28,-152.74,-2.95,-17.71,-525.83
39,47,0.39154,12.59,5.04,-157.09,-3.72,-29.58,-529.74
39,48,0.39999,12.55,4.80,-161.43,-5.78,-28.59,-514.44
39,49,0.40854,12.49,4.56,-165.78,-6.07,-28.26,-508.93
39,50,0.41653,12.42,4.33,-169.94,-9.54,-28.51,-519.47
39,51,0.42496,12.33,4.11,-174.05,-10.51,-26.72,-488.41
39,52,0.43317,12.23,3.88,-178.16,-12.64,-27.26,-501.12
39,53,0.44153,12.10,3.66,-182.28,-14.96,-26.55,-491.97
39,54,0.44992,11.95,3.81,-186.39,-18.18,17.44,-489.82
39,55,0.45828,11.76,3.87,-190.42,-22.63,7.29,-482.12
39,56,0.46664,11.54,4.01,-194.44,-26.64,17.58,-480.29
39,57,0.47495,11.28,4.16,-198.45,-31.25,17.93,-483.46
39,58,0.48337,10.98,4.31,-202.46,-34.78,17.78,-476.09
39,59,0.49149,10.65,4.46,-206.47,-40.98,18.64,-493.61
39,60,0.49997,10.25,4.62,-210.57,-47.48,18.59,-484.17
39,61,0.50864,9.80,4.78,-214.70,-52.11,18.50,-475.70
39,62,0.51703,9.27,4.95,-218.96,-63.27,20.09,-508.00
39,63,0.52542,8.69,5.12,-223.21,-68.00,20.20,-506.55
39,64,0.53369,8.07,5.30,-227.58,-75.28,21.30,-528.41
39,65,0.54196,7.40,5.48,-232.06,-81.18,22.00,-541.70
39,66,0.55029,6.69,5.66,-236.58,-85.35,22.16,-542.49
39,67,0.55859,5.94,5.85,-241.20,-90.07,22.87,-555.88
39,68,0.56696,5.17,6.04,-245.81,-92.70,22.83,-551.46
39,69,0.57520,4.38,6.23,-250.42,-95.56,23.17,-559.26
39,70,0.58356,3.58,6.43,-255.02,-95.26,22.87,-551.09
39,71,0.59213,2.80,6.62,-259.64,-91.46,22.33,-538.43
39,72,0.60034,2.12,6.81,-264.31,-82.90,23.00,-568.40
39,73,0.60867,1.44,6.99,-268.97,-81.68,22.61,-560.07
39,74,0.61697,0.76,7.18,-273.64,-81.99,22.70,-562.13
39,75,0.62534,0.08,7.74,-278.31,-81.02,66.71,-558.03
39,76,0.63367,-0.59,8.89,-282.98,-80.59,138.38,-561.54
39,77,0.64188,-1.23,10.05,-287.71,-77.32,140.37,-575.46
39,78,0.65027,-1.87,11.21,-292.51,-76.73,138.92,-572.00
39,79,0.65866,-2.52,12.35,-297.37,-77.82,135.76,-579.64
39,80,0.66708,-3.16,13.50,-302.12,-75.00,136.53,-564.13
39,81,0.67532,-3.77,14.64,-306.75,-74.07,138.81,-561.48
39,82,0.68393,-4.31,15.72,-311.08,-63.12,124.71,-503.19
39,83,0.69220,-4.84,17.22,-315.29,-63.84,181.06,-508.49
39,84,0.70053,-5.36,18.69,-319.49,-63.37,177.17,-504.76
39,85,0.70886,-5.81,20.14,-323.62,-53.48,174.51,-495.24
39,86,0.72168,-6.45,22.28,-329.68,-50.24,166.70,-473.33
39,87,0.72949,-6.87,23.73,-333.80,-53.52,185.13,-526.56
39,88,0.73792,-7.23,25.14,-337.85,-42.75,167.66,-481.52
39,89,0.74622,-7.57,26.55,-341.91,-41.18,169.62,-488.60
39,90,0.75458,-7.91,27.95,-345.97,-40.15,168.16,-485.04
39,91,0.76291,-8.24,29.36,-350.02,-39.93,168.75,-486.81
39,92,0.77118,-8.58,30.77,-354.09,-40.59,170.76,-491.88
39,93,0.77966,-8.99,32.29,-358.43,-48.92,178.96,-511.51
40,0,0.00000,0.00,0.00,0.00,-7.81,-0.78,-24.91
40,1,0.00858,-0.12,-0.01,-0.33,-13.52,-1.22,-38.43
40,2,0.01678,-0.40,-0.03,-1.09,-34.94,-2.97,-92.94
40,3,0.02518,-0.73,-0.06,-1.83,-39.27,-2.88,-88.00
40,4,0.03342,-1.10,-0.08,-2.55,-45.19,-2.93,-87.04
40,5,0.04181,-1.92,-0.13,-3.93,-96.73,-5.67,-164.36
40,6,0.05011,-2.97,-0.19,-5.50,-126.84,-6.68,-188.97
40,7,0.05856,-4.50,-0.26,-7.52,-181.59,-8.72,-239.35
40,8,0.06680,-6.27,-0.35,-9.88,-214.44,-10.39,-286.30
40,9,0.07526,-8.26,-0.44,-12.57,-234.66,-11.53,-318.05
40,10,0.08350,-10.24,-0.54,-15.26,-240.74,-11.80,-326.30
40,11,0.09189,-12.22,-0.64,-17.94,-236.36,-11.59,-320.36
40,12,0.10040,-14.21,-0.73,-20.63,-232.97,-11.43,-315.77
40,13,0.10858,-16.25,-0.84,-23.53,-250.00,-12.69,-354.10
40,14,0.11685,-18.17,-0.94,-26.35,-232.10,-12.11,-340.96
40,15,0.12521,-20.09,-1.04,-29.17,-229.56,-11.98,-337.23
40,16,0.13354,-21.99,-1.14,-32.02,-228.21,-12.09,-341.76
40,17,0.14188,-23.83,-1.24,-34.95,-220.88,-12.30,-352.38
40,18,0.15027,-25.67,-1.34,-37.89,-219.27,-12.21,-349.82
40,19,0.15866,-27.51,-1.45,-40.82,-219.27,-12.21,-349.82
40,20,0.16696,-29.29,-1.55,-43.84,-214.71,-12.51,-362.87
40,21,0.17529,-31.11,-1.65,-46.83,-217.58,-12.45,-359.71
40,22,0.18362,-33.05,-1.76,-49.75,-233.33,-12.37,-349.82
40,23,0.19196,-34.99,-1.86,-52.66,-232.60,-12.37,-350.18
40,24,0.20029,-36.92,-1.96,-55.59,-231.50,-12.38,-350.92
40,25,0.20865,-38.84,-2.07,-58.52,-229.56,-12.34,-350.36
40,26,0.21692,-40.77,-2.17,-61.44,-233.21,-12.48,-353.87
40,27,0.22543,-42.76,-2.27,-64.34,-234.41,-12.12,-340.14
40,28,0.23373,-44.74,-2.38,-67.25,-238.24,-12.43,-350.00
40,29,0.24197,-46.70,-2.48,-70.16,-237.78,-12.54,-354.07
40,30,0.25021,-48.73,-2.58,-73.03,-246.30,-12.49,-348.52
40,31,0.25867,-50.73,-2.69,-75.92,-237.18,-12.20,-341.88
40,32,0.26697,-52.71,-2.79,-78.83,-238.60,-12.45,-350.37
40,33,0.27539,-54.83,-2.90,-81.92,-251.81,-13.04,-365.94
40,34,0.28363,-57.06,-3.01,-85.14,-270.37,-13.95,-391.48
40,35,0.29196,-59.50,-3.14,-88.56,-293.04,-14.72,-409.89
40,36,0.30020,-61.96,-3.26,-92.00,-297.78,-15.00,-418.15
40,37,0.30875,-64.40,-3.38,-95.45,-286.43,-14.50,-403.93
40,38,0.31702,-66.84,-3.51,-98.91,-294.83,-14.96,-417.71
40,39,0.32544,-69.28,-3.63,-102.37,-289.49,-14.70,-410.51
40,40,0.33362,-71.80,-3.76,-105.79,-307.46,-15.12,-418.28
40,41,0.34201,-74.32,-3.88,-109.20,-300.36,-14.75,-407.27
40,42,0.35031,-76.83,-4.00,-112.63,-302.94,-14.90,-412.13
40,43,0.35870,-79.38,-4.13,-116.09,-304.00,-14.93,-412.73
40,44,0.36697,-81.97,-4.25,-119.59,-312.55,-15.31,-422.88
40,45,0.37540,-84.55,-4.38,-123.08,-306.52,-15.04,-415.22
40,46,0.38364,-87.13,-4.51,-126.58,-312.96,-15.37,-424.81
40,47,0.39200,-89.70,-4.63,-130.09,-308.03,-15.14,-418.98
40,48,0.40030,-92.27,-4.76,-133.60,-309.19,-15.28,-422.79
40,49,0.40881,-94.83,-4.89,-137.11,-300.36,-14.89,-412.90
40,50,0.41702,-97.26,-5.01,-140.46,-296.65,-14.70,-407.81
40,51,0.42538,-99.66,-5.13,-143.80,-287.23,-14.39,-399.64
40,52,0.43359,-102.06,-5.25,-147.15,-291.45,-14.64,-407.81
40,53,0.44202,-104.44,-5.37,-150.51,-282.61,-14.28,-398.55
40,54,0.45032,-106.81,-5.49,-153.87,-286.03,-14.50,-404.78
40,55,0.45868,-109.13,-5.60,-157.16,-277.74,-13.69,-394.16
40,56,0.46698,-111.44,-5.57,-160.46,-278.31,3.88,-396.69
40,57,0.47537,-113.75,-5.01,-163.75,-274.18,67.57,-393.09
40,58,0.48364,-116.04,-3.22,-167.06,-277.12,215.37,-399.63
40,59,0.49203,-118.33,-1.71,-170.37,-272.73,180.85,-394.18
40,60,0.50031,-120.66,-0.59,-173.78,-282.66,135.05,-412.18
40,61,0.50870,-123.00,0.17,-177.20,-278.91,90.93,-407.64
40,62,0.51700,-125.34,0.89,-180.62,-281.25,86.02,-412.87
40,63,0.52554,-127.75,1.63,-184.18,-282.14,86.34,-416.07
40,64,0.53369,-130.22,2.38,-187.84,-303.00,92.33,-449.06
40,65,0.54211,-132.75,3.15,-191.60,-300.36,91.40,-446.74
40,66,0.55035,-135.30,3.92,-195.40,-309.26,94.19,-461.48
40,67,0.55878,-137.89,4.71,-199.30,-307.97,93.43,-461.96
40,68,0.56702,-140.48,5.49,-203.19,-314.07,95.16,-472.59
40,69,0.57541,-143.06,6.28,-207.09,-307.27,93.29,-464.73
40,70,0.58371,-145.62,7.05,-211.00,-309.19,93.19,-470.96
40,71,0.59207,-148.15,7.80,-214.94,-302.55,90.09,-471.53
40,72,0.60031,-150.58,8.51,-218.98,-294.81,85.76,-490.37
40,73,0.60867,-152.98,9.20,-223.04,-286.86,82.36,-485.40
40,74,0.61707,-155.33,9.86,-227.13,-279.64,79.09,-487.27
40,75,0.62537,-157.61,10.74,-231.25,-275.00,105.58,-496.69
40,76,0.63364,-159.82,11.95,-235.43,-267.53,145.85,-505.17
40,77,0.64209,-161.96,13.15,-239.69,-252.71,142.34,-503.97
40,78,0.65030,-164.06,14.36,-244.06,-256.13,147.93,-531.97
40,79,0.65869,-166.11,15.58,-248.52,-244.00,145.17,-531.64
40,80,0.66696,-168.05,16.76,-252.90,-234.32,142.62,-529.52
40,81,0.67538,-169.89,17.63,-257.17,-218.12,103.21,-507.61
40,82,0.68369,-171.50,18.10,-261.09,-194.12,56.77,-472.06
40,83,0.69205,-173.09,18.28,-265.02,-190.15,21.37,-469.71
40,84,0.70038,-174.65,18.31,-268.96,-187.55,4.06,-472.89
40,85,0.70883,-176.09,18.24,-272.85,-170.76,-8.36,-460.29
40,86,0.71707,-177.49,18.22,-276.75,-169.63,-2.61,-472.59
40,87,0.72543,-178.87,18.20,-280.65,-165.33,-2.58,-466.42
40,88,0.73373,-180.21,18.18,-284.52,-160.66,-2.61,-467.28
40,89,0.74213,-181.49,18.16,-288.39,-153.45,-2.59,-460.00
40,90,0.75046,-182.76,18.14,-292.25,-152.38,-2.62,-464.10
40,91,0.75882,-184.02,18.11,-296.12,-150.36,-2.62,-462.77
40,92,0.76709,-185.25,18.09,-300.00,-148.34,-2.68,-469.37
40,93,0.77548,-186.53,18.07,-304.04,-152.36,-2.74,-480.73
40,94,0.78384,-187.84,18.04,-308.20,-156.93,-2.84,-497.45
41,0,0.00000,0.00,0.00,0.00,-10.39,-1.35,-22.94
41,1,0.00821,-0.12,-0.02,-0.34,-14.50,-2.25,-41.26
41,2,0.01645,-0.31,-0.06,-1.13,-23.33,-4.83,-95.93
41,3,0.02484,-0.45,-0.10,-1.93,-17.09,-4.46,-94.91
41,4,0.03314,-0.55,-0.13,-2.73,-11.40,-4.28,-96.69
41,5,0.04153,-0.63,-0.20,-4.34,-10.18,-7.96,-192.00
41,6,0.04987,-0.69,-0.28,-6.24,-6.59,-9.30,-227.84
41,7,0.05820,-0.76,-0.38,-8.78,-8.42,-12.30,-304.76
41,8,0.06641,-0.81,-0.50,-11.73,-6.32,-14.44,-360.22
41,9,0.07492,-0.85,-0.63,-15.08,-4.66,-15.62,-392.47
41,10,0.08322,-0.89,-0.76,-18.42,-4.78,-15.97,-402.57
41,11,0.09158,-0.93,-0.89,-21.76,-4.74,-15.86,-399.64
41,12,0.09985,-0.97,-1.03,-25.10,-5.17,-16.09,-404.06
41,13,0.10828,-0.95,-1.16,-28.48,2.54,-15.59,-401.09
41,14,0.11655,-0.87,-1.29,-31.89,9.96,-15.75,-412.55
41,15,0.12497,-0.79,-1.42,-35.30,9.78,-15.47,-405.07
41,16,0.13324,-0.68,-1.55,-38.72,12.92,-15.66,-413.65
41,17,0.14166,-0.47,-1.68,-42.18,24.64,-14.97,-410.51
41,18,0.14993,-0.29,-1.75,-45.64,21.77,-8.55,-418.45
41,19,0.15829,-0.19,-1.98,-49.11,12.41,-28.21,-414.23
41,20,0.16663,-0.07,-2.27,-52.60,14.65,-34.27,-419.41
41,21,0.17502,-0.02,-2.51,-56.10,6.18,-28.90,-417.09
41,22,0.18323,-0.16,-2.75,-59.60,-17.84,-29.61,-426.39
41,23,0.19168,-0.34,-3.00,-63.10,-21.66,-28.78,-413.72
41,24,0.19995,-0.57,-3.24,-66.59,-26.94,-29.41,-422.51
41,25,0.20834,-0.83,-3.48,-70.09,-31.27,-28.95,-416.36
41,26,0.21667,-1.14,-3.73,-73.58,-37.73,-29.20,-419.05
41,27,0.22510,-1.59,-3.97,-77.07,-52.90,-28.89,-414.13
41,28,0.23328,-2.09,-4.22,-80.61,-60.82,-30.22,-433.58
41,29,0.24170,-2.61,-4.46,-84.09,-61.96,-28.77,-412.68
41,30,0.25000,-3.26,-4.70,-87.54,-78.68,-29.10,-416.18
41,31,0.25848,-3.94,-4.94,-90.99,-80.22,-28.46,-406.83
41,32,0.26669,-4.64,-5.18,-94.44,-84.39,-29.39,-420.07
41,33,0.27505,-5.43,-5.44,-98.09,-94.89,-30.51,-436.50
41,34,0.28336,-6.30,-5.71,-101.91,-105.51,-32.24,-460.29
41,35,0.29172,-7.34,-5.99,-105.98,-123.36,-34.02,-485.77
41,36,0.30002,-8.40,-6.28,-110.07,-128.68,-34.54,-493.01
41,37,0.30835,-9.51,-6.56,-114.15,-132.97,-34.34,-490.11
41,38,0.31665,-10.68,-6.85,-118.22,-140.44,-34.38,-489.71
41,39,0.32507,-11.87,-7.13,-122.27,-141.67,-33.80,-481.88
41,40,0.33334,-13.17,-7.42,-126.32,-157.20,-34.35,-488.56
41,41,0.34164,-14.51,-7.70,-130.34,-161.76,-34.08,-485.29
41,42,0.34995,-15.88,-7.98,-134.36,-165.07,-34.01,-484.19
41,43,0.35834,-17.31,-8.27,-138.42,-169.82,-33.99,-483.64
41,44,0.36664,-18.78,-8.56,-142.51,-177.57,-34.68,-492.65
41,45,0.37506,-20.26,-8.68,-146.60,-175.00,-15.14,-485.51
41,46,0.38333,-21.73,-8.64,-150.69,-178.60,4.76,-494.46
41,47,0.39175,-23.21,-8.60,-154.78,-175.36,4.67,-485.51
41,48,0.40005,-24.69,-8.56,-158.87,-177.94,4.73,-492.65
41,49,0.40842,-26.17,-8.53,-162.96,-176.64,4.71,-489.05
41,50,0.41672,-27.59,-8.49,-166.85,-171.32,4.49,-468.75
41,51,0.42520,-29.00,-8.45,-170.71,-166.55,4.35,-455.40
41,52,0.43338,-30.41,-8.41,-174.58,-172.76,4.51,-472.39
41,53,0.44174,-31.83,-8.38,-178.44,-169.34,4.42,-462.04
41,54,0.44995,-33.25,-8.34,-182.30,-172.49,4.49,-470.63
41,55,0.45840,-34.64,-8.33,-186.09,-164.62,1.75,-447.65
41,56,0.46661,-36.03,-8.31,-189.86,-169.14,1.95,-459.85
41,57,0.47507,-37.41,-8.29,-193.64,-164.26,1.88,-446.57
41,58,0.48331,-38.78,-8.28,-197.42,-165.93,1.97,-458.89
41,59,0.49170,-40.05,-8.26,-201.25,-151.64,2.23,-457.09
41,60,0.49997,-41.21,-8.24,-205.22,-139.85,2.65,-479.70
41,61,0.50836,-42.23,-8.21,-209.24,-121.45,2.98,-478.91
41,62,0.51669,-43.04,-8.18,-213.31,-96.70,3.49,-488.28
41,63,0.52509,-43.65,-8.15,-217.56,-73.09,4.09,-506.18
41,64,0.53333,-44.01,-8.11,-221.95,-43.70,4.89,-533.70
41,65,0.54175,-44.17,-8.06,-226.48,-18.84,5.36,-537.68
41,66,0.54999,-44.10,-8.01,-231.06,8.52,6.02,-555.19
41,67,0.55844,-43.76,-7.96,-235.72,40.43,6.54,-551.62
41,68,0.56668,-43.21,-7.90,-240.36,66.30,7.10,-563.33
41,69,0.57516,-42.46,-7.84,-244.98,88.13,7.28,-543.88
41,70,0.58334,-41.56,-7.77,-249.56,110.82,7.85,-560.82
41,71,0.59171,-40.48,-7.71,-254.12,128.83,8.00,-545.26
41,72,0.60004,-39.14,-7.64,-258.65,160.44,8.51,-542.86
41,73,0.60840,-37.63,-7.56,-263.11,181.39,8.79,-533.94
41,74,0.61667,-35.97,-7.49,-267.53,199.63,9.09,-533.95
41,75,0.62512,-34.24,-7.41,-271.91,205.05,9.03,-518.77
41,76,0.63336,-32.42,-7.33,-276.27,221.11,9.42,-529.26
41,77,0.64178,-30.48,-7.25,-280.63,230.07,9.45,-517.03
41,78,0.64999,-28.47,-7.17,-285.03,245.35,9.93,-536.43
41,79,0.65845,-26.38,-7.09,-289.47,246.93,9.82,-525.63
41,80,0.66699,-24.30,-7.01,-293.79,243.57,9.56,-505.00
41,81,0.67557,-22.21,-6.93,-298.01,243.06,9.40,-492.17
41,82,0.68365,-20.24,-6.85,-301.86,243.77,9.26,-476.60
41,83,0.69202,-18.27,-6.78,-305.62,236.13,8.82,-448.54
41,84,0.70029,-16.26,-6.72,-309.35,242.80,7.15,-451.29
41,85,0.70871,-14.18,-6.68,-312.94,246.38,5.07,-426.45
41,86,0.71686,-12.07,-6.63,-316.49,259.93,5.31,-436.33
41,87,0.72531,-9.90,-6.59,-320.02,255.96,5.19,-417.33
41,88,0.73367,-7.69,-6.55,-323.47,264.60,5.30,-412.77
41,89,0.74210,-5.43,-6.50,-326.86,268.48,5.34,-401.81
41,90,0.75040,-3.11,-6.45,-330.21,279.04,5.50,-403.31
41,91,0.75876,-0.74,-6.41,-333.51,284.31,5.56,-395.26
41,92,0.76706,1.72,-6.36,-336.80,295.22,5.73,-396.32
41,93,0.77542,4.29,-6.31,-340.17,308.39,5.96,-402.55
41,94,0.78369,7.00,-6.26,-343.59,326.94,6.26,-413.65
42,0,0.00000,0.00,0.00,0.00,-6.54,-9.29,-26.15
42,1,0.00839,-0.05,-0.10,-0.34,-6.18,-11.78,-41.09
42,2,0.01651,-0.09,-0.30,-1.15,-4.89,-24.46,-99.62
42,3,0.02496,-0.08,-0.49,-1.96,1.08,-22.85,-95.67
42,4,0.03336,-0.02,-0.67,-2.77,6.91,-21.64,-96.36
42,5,0.04156,0.19,-0.99,-4.35,26.39,-38.48,-192.19
42,6,0.05014,0.56,-1.36,-6.20,43.06,-42.97,-215.30
42,7,0.05811,1.21,-1.83,-8.65,81.61,-59.12,-308.05
42,8,0.06677,2.16,-2.35,-11.43,109.51,-60.47,-321.13
42,9,0.07498,3.45,-2.89,-14.52,156.51,-65.82,-375.84
42,10,0.08356,4.90,-3.14,-17.53,169.75,-28.58,-350.89
42,11,0.09152,6.36,-3.45,-20.54,182.76,-39.30,-377.78
42,12,0.10004,7.81,-3.76,-23.54,170.97,-36.32,-353.41
42,13,0.10809,9.34,-4.02,-26.56,189.77,-32.98,-373.86
42,14,0.11646,10.94,-4.25,-29.57,191.24,-26.33,-360.58
42,15,0.12509,12.54,-4.47,-32.59,185.16,-25.49,-349.12
42,16,0.13327,14.16,-4.68,-35.60,198.51,-25.87,-368.28
42,17,0.14151,15.90,-4.86,-38.60,211.11,-21.80,-363.70
42,18,0.14990,17.66,-5.29,-41.58,209.45,-51.25,-355.64
42,19,0.15863,19.47,-5.96,-44.53,207.34,-77.63,-338.46
42,20,0.16669,21.43,-6.84,-47.43,242.80,-108.89,-359.47
42,21,0.17505,23.42,-8.01,-50.31,238.69,-139.27,-344.16
42,22,0.18338,25.32,-9.41,-53.25,227.84,-167.98,-353.11
42,23,0.19159,27.27,-10.97,-56.16,237.55,-191.00,-354.65
42,24,0.19998,29.28,-12.40,-59.03,238.91,-170.03,-342.18
42,25,0.20822,31.33,-13.79,-61.87,249.26,-168.95,-344.44
42,26,0.21649,33.42,-15.16,-64.69,252.77,-164.90,-340.22
42,27,0.22476,35.50,-16.53,-67.52,251.66,-166.33,-342.44
42,28,0.23322,37.62,-17.88,-70.32,250.90,-159.46,-331.77
42,29,0.24164,39.77,-18.23,-73.10,254.71,-42.06,-330.43
42,30,0.25009,41.85,-18.29,-75.94,246.57,-6.34,-335.02
42,31,0.25833,43.95,-18.34,-78.76,254.07,-6.47,-342.96
42,32,0.26651,46.05,-18.39,-81.58,257.84,-6.48,-344.03
42,33,0.27502,48.26,-18.45,-84.57,259.50,-6.64,-351.25
42,34,0.28314,50.56,-18.51,-87.74,283.46,-7.47,-391.35
42,35,0.29160,52.95,-18.58,-91.18,282.67,-7.85,-406.14
42,36,0.29993,55.36,-18.65,-94.66,288.64,-8.16,-417.95
42,37,0.30817,57.76,-18.71,-98.14,291.48,-8.23,-422.59
42,38,0.31647,60.16,-18.78,-101.63,288.60,-8.18,-419.85
42,39,0.32480,62.55,-18.85,-105.11,287.18,-8.17,-418.68
42,40,0.33316,64.87,-18.92,-108.66,278.10,-8.44,-424.45
42,41,0.34143,67.18,-18.99,-112.23,278.97,-8.61,-431.00
42,42,0.35025,69.50,-19.06,-115.81,262.63,-8.13,-406.57
42,43,0.35812,71.82,-19.14,-119.43,294.57,-9.22,-459.69
42,44,0.36661,74.15,-19.21,-123.10,275.18,-8.69,-432.37
42,45,0.37485,76.48,-19.28,-126.77,282.59,-8.97,-445.56
42,46,0.38336,78.80,-19.36,-130.45,272.76,-8.71,-431.90
42,47,0.39178,81.12,-19.43,-134.13,275.00,-8.82,-436.96
42,48,0.40005,83.43,-19.51,-137.81,278.97,-9.01,-445.39
42,49,0.40836,85.73,-19.58,-141.50,277.21,-9.00,-444.49
42,50,0.41663,87.91,-19.65,-145.04,263.47,-8.68,-427.31
42,51,0.42511,90.06,-19.72,-148.54,253.60,-8.41,-413.31
42,52,0.43338,92.20,-19.80,-152.06,259.04,-8.68,-424.72
42,53,0.44156,94.33,-19.87,-155.58,260.82,-8.79,-430.22
42,54,0.44989,96.46,-19.94,-159.10,255.68,-8.65,-422.71
42,55,0.45840,98.54,-20.01,-162.56,243.73,-8.37,-406.81
42,56,0.46649,100.60,-20.08,-166.02,254.34,-8.80,-427.55
42,57,0.47488,102.64,-20.15,-169.48,244.00,-8.50,-412.36
42,58,0.48325,104.68,-20.25,-172.95,243.43,-11.67,-414.96
42,59,0.49146,106.70,-20.35,-176.43,246.47,-12.00,-423.42
42,60,0.49994,108.78,-20.45,-180.00,244.60,-11.86,-421.58
42,61,0.50833,110.85,-20.55,-183.59,246.55,-12.05,-428.00
42,62,0.51675,112.91,-20.65,-187.19,244.93,-12.06,-427.17
42,63,0.52493,115.05,-20.76,-190.90,261.94,-12.74,-453.36
42,64,0.53360,117.29,-20.86,-194.71,258.10,-12.35,-439.08
42,65,0.54172,119.60,-20.97,-198.60,284.96,-13.44,-479.32
42,66,0.55011,121.97,-21.08,-202.51,282.18,-13.01,-465.82
42,67,0.55841,124.42,-21.19,-206.49,294.85,-13.35,-479.78
42,68,0.56665,126.88,-21.30,-210.46,299.26,-13.42,-482.22
42,69,0.57513,129.36,-21.41,-214.43,292.45,-12.99,-467.27
42,70,0.58398,131.86,-21.52,-218.38,281.72,-12.43,-446.90
42,71,0.59167,134.37,-21.63,-222.33,326.98,-14.20,-513.49
42,72,0.59991,136.98,-21.74,-226.25,317.04,-13.09,-476.30
42,73,0.60834,139.58,-21.85,-230.19,308.33,-12.87,-467.39
42,74,0.61664,142.16,-21.96,-234.14,310.29,-13.10,-475.74
42,75,0.62500,144.71,-22.07,-238.10,305.84,-13.12,-473.72
42,76,0.63361,147.27,-22.18,-242.08,296.45,-12.76,-462.06
42,77,0.64188,149.86,-22.29,-246.08,314.02,-13.35,-483.39
42,78,0.65012,152.48,-22.40,-250.15,317.41,-13.67,-494.07
42,79,0.65829,155.10,-22.52,-254.30,320.52,-14.07,-507.46
42,80,0.66656,157.62,-22.63,-258.37,305.17,-13.73,-492.99
42,81,0.67502,160.06,-22.56,-262.37,288.09,7.69,-472.92
42,82,0.68350,162.27,-22.51,-265.99,260.79,6.54,-426.26
42,83,0.69153,164.47,-22.45,-269.61,273.76,7.39,-451.33
42,84,0.70026,166.65,-22.39,-273.24,250.35,6.79,-416.08
42,85,0.70831,168.84,-22.33,-276.77,271.59,7.25,-438.26
42,86,0.71677,171.02,-22.27,-280.29,257.76,6.88,-416.25
42,87,0.72501,173.19,-22.22,-283.82,263.33,7.06,-427.78
42,88,0.73352,175.34,-22.16,-287.31,253.05,6.78,-410.39
42,89,0.74158,177.49,-22.10,-290.77,265.91,7.66,-429.55
42,90,0.75031,179.62,-22.11,-294.24,244.06,-1.15,-397.20
42,91,0.75836,181.74,-21.95,-297.71,263.26,19.48,-431.06
42,92,0.76688,183.85,-21.88,-301.19,248.03,8.61,-408.60
42,93,0.77487,186.00,-21.80,-304.82,269.47,9.46,-453.82
42,94,0.78372,188.20,-21.72,-308.59,247.59,8.78,-425.86
43,0,0.00000,0.00,0.00,0.00,-12.87,0.38,-22.43
43,1,0.00842,-0.16,0.01,-0.31,-19.57,0.60,-36.23
43,2,0.01672,-0.52,0.02,-1.04,-43.01,1.44,-88.24
43,3,0.02509,-0.88,0.03,-1.76,-42.34,1.41,-86.86
43,4,0.03333,-1.23,0.04,-2.49,-42.96,1.43,-88.15
43,5,0.04211,-1.92,0.06,-3.93,-78.82,2.65,-164.24
43,6,0.05042,-2.76,0.09,-5.68,-101.10,3.41,-210.66
43,7,0.05865,-3.86,0.13,-7.97,-132.96,4.50,-278.15
43,8,0.06696,-5.11,0.17,-10.66,-151.10,5.20,-323.53
43,9,0.07532,-6.51,0.22,-13.70,-166.79,5.81,-363.14
43,10,0.08362,-7.90,0.27,-16.73,-168.38,5.85,-365.81
43,11,0.09192,-9.31,0.32,-19.76,-169.49,5.85,-365.07
43,12,0.10028,-10.73,0.37,-22.79,-169.71,5.81,-362.04
43,13,0.10858,-12.13,0.42,-25.87,-168.38,5.91,-370.59
43,14,0.11688,-13.50,0.47,-28.99,-165.81,5.95,-376.10
43,15,0.12537,-14.90,0.51,-32.10,-165.11,5.84,-366.91
43,16,0.13361,-16.31,0.56,-35.22,-170.37,6.02,-378.89
43,17,0.14197,-17.65,0.61,-38.42,-160.22,5.96,-382.12
43,18,0.15027,-19.00,0.66,-41.61,-162.87,6.03,-384.19
43,19,0.15875,-20.36,0.71,-44.79,-160.43,5.88,-375.54
43,20,0.16699,-21.68,0.76,-48.08,-160.00,6.16,-398.52
43,21,0.17535,-23.02,0.82,-51.31,-159.85,6.02,-386.86
43,22,0.18365,-24.51,0.87,-54.48,-179.78,6.14,-381.62
43,23,0.19202,-26.00,1.09,-57.65,-178.47,26.62,-378.83
43,24,0.20032,-27.50,1.31,-60.82,-180.15,26.84,-381.62
43,25,0.20862,-28.99,1.54,-63.98,-180.15,26.93,-381.62
43,26,0.21692,-30.51,1.76,-67.14,-182.72,26.95,-380.51
43,27,0.22534,-32.11,1.99,-70.27,-190.22,26.89,-371.38
43,28,0.23364,-33.71,2.31,-73.40,-193.01,39.58,-376.84
43,29,0.24200,-35.31,2.85,-76.53,-191.61,63.80,-374.09
43,30,0.25031,-37.01,3.38,-79.61,-204.78,64.69,-370.96
43,31,0.25867,-38.73,3.92,-82.68,-205.11,64.18,-367.15
43,32,0.26697,-40.44,4.46,-85.75,-206.62,64.75,-369.85
43,33,0.27533,-42.31,5.03,-88.98,-223.36,68.34,-386.86
43,34,0.28369,-44.31,5.63,-92.36,-239.05,72.12,-403.65
43,35,0.29211,-46.52,6.28,-95.92,-261.96,76.55,-422.83
43,36,0.30035,-48.75,6.93,-99.51,-271.48,79.12,-435.56
43,37,0.30872,-50.99,7.58,-103.09,-267.52,77.87,-429.20
43,38,0.31708,-53.23,8.23,-106.68,-267.52,77.97,-429.20
43,39,0.32550,-55.47,8.59,-110.27,-265.58,41.92,-426.09
43,40,0.33368,-57.78,8.58,-113.83,-282.46,-0.74,-435.07
43,41,0.34210,-60.08,8.38,-117.40,-273.91,-23.16,-423.19
43,42,0.35040,-62.40,8.07,-121.01,-279.41,-37.36,-435.29
43,43,0.35883,-64.70,7.82,-124.65,-273.19,-30.70,-431.88
43,44,0.36707,-67.02,7.55,-128.32,-281.11,-31.72,-446.30
43,45,0.37549,-69.31,7.29,-132.02,-271.74,-31.13,-438.77
43,46,0.38385,-71.58,7.03,-135.72,-271.90,-31.48,-443.07
43,47,0.39221,-73.83,6.76,-139.44,-268.98,-31.59,-444.89
43,48,0.40051,-76.07,6.50,-143.17,-269.49,-31.85,-449.26
43,49,0.40887,-78.29,6.24,-146.91,-265.33,-31.69,-447.08
43,50,0.41718,-80.40,5.98,-150.47,-255.15,-30.43,-428.68
43,51,0.42560,-82.49,5.73,-154.02,-247.83,-29.88,-421.01
43,52,0.43384,-84.57,5.48,-157.57,-252.22,-30.50,-431.11
43,53,0.44226,-86.64,5.23,-161.12,-245.65,-29.95,-422.10
43,54,0.45050,-88.70,4.98,-164.69,-249.63,-30.66,-432.22
43,55,0.45898,-90.71,4.73,-168.18,-237.77,-29.19,-411.51
43,56,0.46735,-92.79,4.47,-171.78,-248.54,-30.56,-431.39
43,57,0.47565,-94.82,4.22,-175.32,-244.12,-30.20,-425.74
43,58,0.48395,-96.81,3.97,-178.81,-240.44,-29.78,-420.59
43,59,0.49237,-98.81,3.73,-182.30,-236.59,-29.42,-414.86
43,60,0.50055,-100.85,3.47,-185.90,-250.00,-31.20,-439.93
43,61,0.50897,-102.90,3.22,-189.51,-243.48,-30.30,-427.90
43,62,0.51727,-104.96,2.96,-193.11,-247.43,-30.77,-433.82
43,63,0.52563,-107.09,2.70,-196.84,-255.47,-31.67,-447.08
43,64,0.53387,-109.30,2.42,-200.67,-267.41,-32.93,-464.07
43,65,0.54230,-111.58,2.15,-204.59,-270.65,-33.02,-465.94
43,66,0.55048,-113.90,1.87,-208.54,-284.33,-34.23,-482.84
43,67,0.55884,-116.30,1.58,-212.55,-286.86,-34.08,-479.93
43,68,0.56720,-118.73,1.30,-216.55,-290.51,-33.89,-477.74
43,69,0.57550,-121.19,1.02,-220.52,-297.06,-33.97,-478.68
43,70,0.58374,-123.70,0.74,-224.47,-303.70,-34.03,-479.26
43,71,0.59222,-126.21,0.45,-228.43,-296.04,-33.15,-466.19
43,72,0.60040,-128.65,0.17,-232.46,-298.51,-35.04,-493.28
43,73,0.60889,-131.01,-0.12,-236.54,-278.42,-34.11,-481.29
43,74,0.61713,-133.29,-0.41,-240.67,-276.30,-35.46,-501.11
43,75,0.62549,-135.50,-0.71,-244.84,-264.23,-35.22,-498.18
43,76,0.63379,-137.64,-1.01,-249.06,-257.72,-35.94,-508.09
43,77,0.64221,-139.71,-1.31,-253.35,-246.38,-36.05,-509.42
43,78,0.65045,-141.74,-1.62,-257.75,-246.30,-37.68,-534.81
43,79,0.65887,-143.70,-1.94,-262.26,-232.25,-37.71,-534.42
43,80,0.66711,-145.48,-2.25,-266.70,-216.30,-37.98,-538.89
43,81,0.67554,-147.12,-2.14,-271.03,-194.57,13.05,-514.49
43,82,0.68378,-148.53,-2.10,-275.03,-171.11,4.73,-485.19
43,83,0.69238,-149.91,-2.06,-279.04,-159.93,4.60,-465.96
43,84,0.70056,-151.26,-2.02,-283.05,-165.30,4.90,-491.04
43,85,0.70905,-152.51,-1.98,-287.01,-147.48,4.78,-465.83
43,86,0.71735,-153.74,-1.94,-290.96,-147.79,4.92,-476.10
43,87,0.72577,-154.96,-1.90,-294.91,-145.29,4.87,-469.57
43,88,0.73407,-156.15,-1.86,-298.83,-143.75,4.93,-472.43
43,89,0.74249,-157.33,-1.82,-302.73,-139.49,4.85,-462.68
43,90,0.75073,-158.51,-1.78,-306.63,-142.96,4.95,-472.96
43,91,0.75916,-159.69,-1.74,-310.52,-140.22,4.83,-462.32
43,92,0.76746,-160.87,-1.70,-314.42,-142.65,4.90,-469.12
43,93,0.77576,-162.14,-1.65,-318.47,-152.94,5.03,-487.87
43,94,0.78406,-163.46,-1.61,-322.62,-159.56,5.11,-500.37
44,0,0.00000,0.00,0.00,0.00,-14.34,-1.57,-21.69
44,1,0.00848,-0.17,-0.02,-0.31,-19.78,-2.63,-36.69
44,2,0.01660,-0.48,-0.07,-1.06,-38.35,-6.46,-92.11
44,3,0.02502,-0.74,-0.13,-1.82,-31.52,-6.37,-90.94
44,4,0.03333,-0.96,-0.18,-2.60,-26.47,-6.59,-93.75
44,5,0.04175,-1.29,-0.29,-4.17,-39.13,-13.02,-185.87
44,6,0.04999,-1.57,-0.43,-6.07,-33.70,-16.10,-230.37
44,7,0.05841,-1.78,-0.60,-8.60,-25.00,-20.88,-300.36
44,8,0.06665,-1.86,-0.81,-11.55,-9.63,-24.89,-358.52
44,9,0.07513,-1.93,-0.93,-14.89,-7.91,-14.18,-393.88
44,10,0.08344,-1.99,-0.88,-18.23,-7.35,5.84,-402.57
44,11,0.09180,-2.05,-0.83,-21.58,-7.30,5.80,-399.64
44,12,0.10004,-2.11,-0.78,-24.92,-7.41,5.89,-405.56
44,13,0.10852,-2.11,-0.73,-28.30,0.36,5.89,-398.20
44,14,0.11688,-2.04,-0.68,-31.71,7.66,6.14,-408.03
44,15,0.12512,-1.98,-0.63,-35.12,7.78,6.23,-414.07
44,16,0.13342,-1.89,-0.58,-38.54,10.66,6.25,-412.13
44,17,0.14178,-1.70,-0.52,-42.00,23.36,6.44,-413.50
44,18,0.15009,-1.50,-0.47,-45.46,23.53,6.49,-416.54
44,19,0.15851,-1.31,-0.42,-48.91,23.19,6.39,-410.51
44,20,0.16675,-1.03,-0.36,-52.40,33.70,6.73,-422.96
44,21,0.17517,-0.78,-0.30,-55.89,30.07,6.56,-414.86
44,22,0.18341,-0.69,-0.25,-59.39,10.37,6.42,-424.81
44,23,0.19189,-0.60,-0.20,-62.89,10.07,6.24,-412.59
44,24,0.20013,-0.52,-0.15,-66.39,10.37,6.43,-424.81
44,25,0.20844,-0.43,-0.09,-69.89,10.29,6.38,-421.69
44,26,0.21674,-0.37,-0.04,-73.40,7.72,6.35,-422.06
44,27,0.22522,-0.39,0.01,-76.92,-2.88,6.09,-414.75
44,28,0.23346,-0.42,0.06,-80.43,-2.96,6.26,-426.67
44,29,0.24182,-0.44,0.11,-83.95,-2.92,6.17,-420.44
44,30,0.25012,-0.58,0.16,-87.46,-16.18,6.02,-423.16
44,31,0.25873,-0.73,0.21,-90.97,-17.73,5.78,-408.16
44,32,0.26678,-0.88,0.26,-94.49,-18.94,6.17,-435.98
44,33,0.27527,-1.10,0.32,-98.21,-25.18,6.12,-438.49
44,34,0.28351,-1.36,0.37,-102.12,-32.59,6.55,-474.81
44,35,0.29187,-1.73,0.42,-106.29,-44.16,5.58,-498.54
44,36,0.30017,-2.12,0.41,-110.50,-46.69,-0.90,-507.35
44,37,0.30859,-2.51,0.40,-114.71,-46.01,-1.53,-500.00
44,38,0.31683,-2.90,0.39,-118.92,-47.04,-1.24,-511.11
44,39,0.32526,-3.28,0.38,-123.13,-46.01,-1.21,-500.00
44,40,0.33350,-3.76,0.37,-127.35,-57.41,-1.26,-512.22
44,41,0.34198,-4.24,0.36,-131.57,-57.19,-1.22,-497.12
44,42,0.35016,-4.73,0.34,-135.80,-59.33,-1.28,-517.54
44,43,0.35858,-5.22,0.33,-140.07,-59.06,-1.25,-506.88
44,44,0.36688,-5.74,0.32,-144.39,-61.76,-1.28,-520.22
44,45,0.37531,-6.25,0.31,-148.71,-60.87,-1.27,-512.68
44,46,0.38361,-6.76,0.30,-153.03,-61.76,-1.28,-520.22
44,47,0.39197,-7.28,0.29,-157.35,-61.31,-1.28,-516.42
44,48,0.40027,-7.79,0.28,-161.66,-61.76,-1.29,-520.22
44,49,0.40869,-8.30,0.27,-165.98,-60.87,-1.27,-512.68
44,50,0.41699,-8.80,0.26,-170.10,-60.29,-1.23,-495.96
44,51,0.42535,-9.31,0.25,-174.24,-60.58,-1.23,-494.89
44,52,0.43365,-9.81,0.24,-178.32,-59.93,-1.22,-491.91
44,53,0.44208,-10.30,0.23,-182.40,-59.06,-1.20,-484.78
44,54,0.45032,-10.80,0.22,-186.49,-60.37,-1.23,-495.56
44,55,0.45874,-11.29,0.21,-190.49,-58.70,-1.18,-475.36
44,56,0.46704,-11.80,0.20,-194.55,-60.29,-1.21,-488.60
44,57,0.47540,-12.29,0.19,-198.54,-59.12,-1.19,-477.37
44,58,0.48370,-12.78,0.18,-202.53,-59.56,-1.19,-480.88
44,59,0.49207,-13.38,0.17,-206.51,-71.53,-1.20,-475.55
44,60,0.50043,-14.11,0.16,-210.57,-86.86,-1.25,-486.50
44,61,0.50867,-14.94,0.15,-214.64,-101.11,-1.28,-492.96
44,62,0.51709,-15.90,0.14,-218.67,-113.41,-1.27,-478.99
44,63,0.52545,-16.96,0.13,-222.83,-127.37,-1.34,-497.45
44,64,0.53369,-18.16,0.12,-227.08,-145.93,-1.41,-515.19
44,65,0.54218,-19.47,0.10,-231.41,-154.32,-1.41,-511.51
44,66,0.55035,-20.90,0.12,-235.76,-175.00,1.77,-531.34
44,67,0.55872,-22.44,0.13,-240.18,-183.21,1.78,-528.10
44,68,0.56708,-24.11,0.15,-244.54,-199.64,1.80,-522.26
44,69,0.57538,-25.86,0.16,-248.88,-211.40,1.82,-522.06
44,70,0.58368,-27.67,0.18,-253.19,-217.65,1.82,-519.49
44,71,0.59204,-29.49,0.19,-257.50,-217.88,1.81,-516.06
44,72,0.60028,-31.26,0.21,-261.87,-215.19,1.85,-530.37
44,73,0.60870,-33.07,0.22,-266.23,-214.86,1.81,-517.03
44,74,0.61719,-34.94,0.24,-270.56,-220.14,1.80,-510.43
44,75,0.62537,-36.86,0.25,-274.91,-234.70,1.89,-532.46
44,76,0.63373,-38.79,0.27,-279.23,-231.39,1.84,-515.69
44,77,0.64215,-40.73,0.29,-283.58,-230.43,1.84,-517.03
44,78,0.65033,-42.74,0.30,-287.99,-245.15,1.93,-539.55
44,79,0.65875,-44.81,0.32,-292.45,-245.29,1.90,-528.62
44,80,0.66705,-46.88,0.33,-296.76,-250.37,1.88,-519.85
44,81,0.67542,-49.00,0.35,-300.91,-252.55,1.82,-495.62
44,82,0.68378,-50.97,0.36,-304.66,-236.13,1.67,-448.54
44,83,0.69220,-53.01,0.38,-308.37,-242.03,1.65,-441.30
44,84,0.70056,-55.09,0.39,-312.07,-248.91,1.67,-441.61
44,85,0.70892,-57.12,0.40,-315.70,-243.07,1.64,-435.04
44,86,0.71722,-59.19,0.42,-319.32,-249.26,1.65,-435.66
44,87,0.72565,-61.30,0.43,-322.95,-250.00,1.64,-431.16
44,88,0.73389,-63.36,0.44,-326.50,-250.37,1.64,-430.00
44,89,0.74231,-65.41,0.46,-330.01,-243.84,1.59,-417.03
44,90,0.75061,-67.50,0.47,-333.51,-250.74,1.62,-421.32
44,91,0.75897,-69.61,0.48,-336.98,-252.92,1.61,-416.06
45,0,0.00000,0.00,0.00,0.00,-3.33,1.36,-25.56
45,1,0.00848,-0.06,0.02,-0.34,-6.83,1.83,-40.65
45,2,0.01678,-0.21,0.05,-1.14,-18.01,4.19,-95.96
45,3,0.02515,-0.39,0.09,-1.93,-21.90,4.84,-94.16
45,4,0.03351,-0.57,0.13,-2.72,-21.90,4.80,-94.16
45,5,0.04187,-0.92,0.19,-4.27,-41.61,7.37,-186.13
45,6,0.05011,-1.33,0.27,-6.11,-49.63,9.27,-222.96
45,7,0.05841,-1.88,0.46,-8.59,-66.18,23.58,-298.53
45,8,0.06671,-2.49,0.62,-11.47,-73.53,18.56,-346.69
45,9,0.07507,-3.16,0.79,-14.74,-80.29,20.67,-391.61
45,10,0.08344,-3.83,0.96,-18.01,-79.93,20.59,-391.61
45,11,0.09180,-4.50,1.14,-21.29,-79.93,20.64,-391.61
45,12,0.10010,-5.17,1.31,-24.56,-80.51,20.79,-394.49
45,13,0.10858,-5.78,1.48,-27.88,-72.30,19.96,-391.37
45,14,0.11682,-6.34,1.64,-31.25,-67.41,20.08,-408.52
45,15,0.12512,-6.89,1.81,-34.62,-66.91,19.98,-405.51
45,16,0.13354,-7.43,1.97,-37.99,-63.77,19.55,-401.09
45,17,0.14191,-7.86,2.13,-41.43,-52.19,18.91,-410.95
45,18,0.15015,-8.30,2.29,-44.87,-52.96,19.10,-417.04
45,19,0.15857,-8.74,2.45,-48.30,-51.81,18.77,-407.97
45,20,0.16687,-9.10,2.60,-51.78,-43.38,18.38,-419.12
45,21,0.17523,-9.48,2.76,-55.26,-45.62,18.52,-416.42
45,22,0.18347,-10.03,2.92,-58.72,-67.04,20.39,-419.63
45,23,0.19196,-10.58,3.09,-62.18,-65.11,19.90,-407.55
45,24,0.20020,-11.14,3.23,-65.64,-67.04,16.51,-419.63
45,25,0.20862,-11.69,3.15,-69.09,-65.58,-9.38,-410.51
45,26,0.21686,-12.26,3.00,-72.55,-69.26,-17.93,-419.63
45,27,0.22528,-12.92,2.86,-76.00,-78.62,-16.64,-409.78
45,28,0.23352,-13.58,2.72,-79.46,-80.37,-17.01,-418.89
45,29,0.24194,-14.25,2.58,-82.91,-78.62,-16.59,-409.78
45,30,0.25024,-15.01,2.45,-86.34,-92.28,-15.70,-413.24
45,31,0.25861,-15.80,2.32,-89.76,-94.16,-15.30,-409.85
45,32,0.26697,-16.59,2.20,-93.19,-94.16,-15.30,-409.85
45,33,0.27533,-17.47,2.06,-96.80,-105.47,-15.62,-432.12
45,34,0.28363,-18.44,1.93,-100.60,-117.28,-16.13,-457.72
45,35,0.29205,-19.56,1.80,-104.63,-132.61,-15.97,-478.26
45,36,0.30023,-20.70,1.66,-108.70,-139.93,-16.51,-497.76
45,37,0.30865,-21.85,1.53,-112.77,-135.87,-15.99,-483.33
45,38,0.31689,-22.99,1.39,-116.85,-138.89,-16.39,-494.07
45,39,0.32532,-24.14,1.26,-120.92,-135.87,-15.99,-483.33
45,40,0.33362,-25.36,1.15,-124.98,-147.79,-13.16,-489.71
45,41,0.34204,-26.61,1.92,-129.04,-147.83,92.30,-482.25
45,42,0.35034,-27.85,2.64,-133.11,-150.00,85.60,-489.34
45,43,0.35870,-29.12,3.79,-137.21,-151.46,137.94,-491.24
45,44,0.36694,-30.41,4.90,-141.37,-156.30,134.38,-504.07
45,45,0.37543,-31.70,6.12,-145.52,-151.80,144.36,-489.57
45,46,0.38367,-32.98,7.34,-149.67,-156.30,147.72,-504.07
45,47,0.39209,-34.27,8.56,-153.83,-152.90,145.27,-493.12
45,48,0.40033,-35.56,9.79,-157.98,-156.30,148.55,-504.07
45,49,0.40875,-36.85,11.01,-162.13,-152.90,145.33,-493.12
45,50,0.41699,-38.09,12.18,-166.10,-150.37,142.01,-481.11
45,51,0.42542,-39.32,13.34,-170.03,-146.01,137.90,-466.30
45,52,0.43372,-40.55,14.50,-173.95,-148.16,139.73,-473.16
45,53,0.44208,-41.77,15.66,-177.88,-146.35,138.66,-469.71
45,54,0.45032,-42.99,16.82,-181.81,-148.15,140.70,-477.04
45,55,0.45868,-44.18,17.96,-185.67,-142.70,135.85,-461.31
45,56,0.46704,-45.36,19.11,-189.51,-140.51,138.58,-459.85
45,57,0.47540,-46.52,20.24,-193.36,-139.05,133.98,-460.22
45,58,0.48370,-47.67,21.35,-197.22,-138.24,134.79,-464.34
45,59,0.49213,-48.81,22.47,-201.07,-135.14,132.55,-457.97
45,60,0.50043,-49.97,23.63,-205.09,-140.44,139.76,-483.82
45,61,0.50879,-51.11,24.78,-209.08,-136.50,137.04,-477.01
45,62,0.51703,-52.25,25.92,-213.07,-137.41,139.12,-484.07
45,63,0.52545,-53.40,27.10,-217.19,-136.96,140.13,-489.86
45,64,0.53845,-55.75,29.54,-225.77,-180.99,187.70,-659.86
45,65,0.54645,-56.92,30.78,-230.19,-146.56,154.50,-552.29
45,66,0.55493,-58.11,32.04,-234.71,-139.21,149.07,-533.09
45,67,0.56317,-59.27,33.31,-239.24,-141.11,153.16,-549.63
45,68,0.57141,-60.42,34.57,-243.77,-140.00,153.19,-550.00
45,69,0.57965,-61.56,35.83,-248.31,-138.52,152.75,-550.37
45,70,0.58801,-62.67,37.07,-252.86,-132.12,148.52,-544.16
45,71,0.59625,-63.66,38.11,-257.47,-120.37,126.41,-559.63
45,72,0.60486,-64.65,38.75,-262.08,-114.89,74.22,-535.82
45,73,0.61310,-65.63,39.00,-266.69,-118.89,30.56,-559.63
45,74,0.62128,-66.60,38.88,-271.30,-118.28,-14.55,-564.18
45,75,0.62964,-67.55,38.65,-275.93,-113.87,-28.10,-553.28
45,76,0.63818,-68.46,38.41,-280.61,-106.79,-27.52,-547.50
45,77,0.64636,-69.38,38.17,-285.36,-112.69,-29.12,-580.60
45,78,0.65503,-70.31,37.93,-290.18,-107.04,-27.84,-555.99
45,79,0.66302,-71.21,37.70,-294.89,-112.98,-29.53,-589.31
45,80,0.67151,-72.09,37.47,-299.49,-102.88,-27.08,-542.45
45,81,0.67981,-72.85,37.26,-303.66,-91.91,-24.95,-502.21
45,82,0.68805,-73.61,37.05,-307.83,-92.22,-25.12,-505.93
45,83,0.69635,-74.37,36.84,-312.00,-91.54,-24.92,-502.21
45,84,0.70490,-75.05,36.64,-316.09,-79.64,-23.40,-479.64
45,85,0.71362,-75.71,36.45,-320.18,-76.22,-22.81,-468.18
45,86,0.72144,-76.38,36.25,-324.27,-85.16,-25.44,-523.05
45,87,0.72968,-77.02,36.05,-328.32,-78.15,-23.88,-491.85
45,88,0.73804,-77.64,35.86,-332.34,-74.09,-23.19,-481.02
45,89,0.74634,-78.26,35.66,-336.36,-74.63,-23.41,-484.56
45,90,0.75525,-78.88,35.47,-340.39,-69.52,-21.76,-451.37
45,91,0.76306,-79.50,35.27,-344.41,-79.30,-24.86,-514.84
45,92,0.77130,-80.17,35.07,-348.57,-81.48,-24.57,-505.19
45,93,0.77972,-80.89,34.86,-352.87,-85.51,-24.94,-510.51
46,0,0.00000,0.00,0.00,0.00,-20.22,-0.16,-15.81
46,1,0.00836,-0.28,-0.00,-0.21,-33.58,-0.31,-24.82
46,2,0.01660,-0.94,-0.01,-0.68,-80.00,-0.89,-57.04
46,3,0.02502,-1.63,-0.02,-1.10,-81.52,-1.24,-50.72
46,4,0.03326,-2.32,-0.03,-1.52,-84.44,-1.38,-50.37
46,5,0.04169,-3.69,-0.05,-2.33,-162.68,-2.66,-96.74
46,6,0.05017,-5.32,-0.08,-3.29,-191.73,-3.17,-112.95
46,7,0.05859,-7.51,-0.12,-4.57,-260.51,-4.41,-151.81
46,8,0.06677,-10.05,-0.16,-6.07,-310.07,-5.13,-182.84
46,9,0.07526,-12.93,-0.21,-7.76,-339.21,-5.62,-200.00
46,10,0.08350,-15.89,-0.26,-9.49,-359.63,-6.04,-209.63
46,11,0.09192,-18.78,-0.31,-11.16,-343.48,-5.87,-198.55
46,12,0.10016,-21.69,-0.36,-12.81,-352.59,-6.17,-200.37
46,13,0.10864,-24.60,-0.41,-14.53,-343.17,-5.69,-202.16
46,14,0.11694,-27.52,-0.45,-16.29,-351.84,-5.60,-212.50
46,15,0.12524,-30.46,-0.50,-18.02,-354.41,-5.89,-208.46
46,16,0.13348,-33.41,-0.55,-19.75,-358.15,-5.98,-210.00
46,17,0.14197,-36.37,-0.60,-21.56,-348.56,-5.45,-212.59
46,18,0.15021,-39.34,-0.65,-23.33,-360.74,-5.85,-215.56
46,19,0.15869,-42.33,-0.70,-25.09,-352.16,-5.89,-206.83
46,20,0.16687,-45.32,-0.74,-26.90,-366.04,-5.81,-220.90
46,21,0.17529,-48.35,-0.79,-28.65,-359.42,-6.08,-208.70
46,22,0.18353,-51.47,-0.86,-30.24,-378.89,-7.66,-192.59
46,23,0.19189,-54.61,-0.92,-31.80,-375.18,-7.79,-186.13
46,24,0.20026,-57.76,-0.99,-33.33,-376.64,-7.98,-183.21
46,25,0.20862,-60.92,-1.06,-34.84,-377.74,-8.09,-181.39
46,26,0.21686,-64.10,-1.13,-36.33,-385.56,-8.53,-179.63
46,27,0.22528,-67.32,-1.20,-37.72,-383.33,-9.05,-165.22
46,28,0.23364,-70.56,-1.28,-39.09,-387.23,-9.27,-164.23
46,29,0.24207,-73.81,-1.36,-40.44,-385.14,-9.33,-160.87
46,30,0.25049,-77.10,-1.31,-41.68,-390.58,5.65,-147.10
46,31,0.25879,-80.44,-1.13,-42.89,-402.94,21.83,-144.85
46,32,0.26709,-83.76,-0.95,-44.05,-400.00,21.21,-140.07
46,33,0.27557,-87.32,-0.78,-45.20,-419.06,21.10,-135.61
46,34,0.28375,-91.11,-0.59,-46.34,-464.18,22.20,-139.93
46,35,0.29230,-95.16,-0.41,-47.44,-473.93,21.26,-128.57
46,36,0.30042,-99.27,-0.23,-48.51,-506.02,22.01,-131.20
46,37,0.30884,-103.38,-0.06,-49.53,-487.32,20.76,-121.74
46,38,0.31714,-107.49,0.11,-50.52,-495.59,20.45,-118.38
46,39,0.32550,-111.61,0.28,-51.47,-493.07,19.98,-113.87
46,40,0.33386,-115.77,0.43,-52.31,-497.45,18.68,-100.36
46,41,0.34229,-119.94,0.59,-53.10,-495.29,18.03,-94.57
46,42,0.35052,-124.16,0.74,-53.88,-512.22,18.21,-94.07
46,43,0.35889,-128.40,0.88,-54.62,-506.93,17.65,-89.05
46,44,0.36719,-132.69,1.03,-55.34,-516.54,17.52,-86.40
46,45,0.37555,-136.98,1.17,-56.05,-513.14,17.29,-85.04
46,46,0.38385,-141.28,1.36,-56.74,-517.28,22.82,-82.72
46,47,0.39227,-145.57,1.41,-57.42,-509.78,5.53,-80.43
46,48,0.40063,-149.86,1.52,-58.09,-513.50,13.65,-80.66
46,49,0.40894,-154.16,1.64,-58.76,-517.65,13.71,-80.88
46,50,0.41724,-158.25,1.74,-59.38,-493.01,12.80,-74.63
46,51,0.42560,-162.32,1.85,-59.99,-486.50,12.56,-73.36
46,52,0.43390,-166.39,1.95,-60.61,-490.07,12.69,-73.90
46,53,0.44238,-170.46,2.06,-61.22,-479.50,12.42,-72.30
46,54,0.45050,-174.58,2.17,-61.84,-508.65,13.17,-76.69
46,55,0.45886,-178.57,2.27,-62.44,-476.64,12.18,-70.80
46,56,0.46716,-182.55,2.37,-63.03,-479.41,12.31,-71.32
46,57,0.47552,-186.53,2.47,-63.62,-475.91,12.22,-70.80
46,58,0.48376,-190.51,2.58,-64.21,-482.96,12.40,-71.85
46,59,0.49225,-194.49,2.68,-64.80,-469.06,12.00,-69.78
46,60,0.50049,-198.58,2.78,-65.42,-496.30,12.81,-74.44
46,61,0.50891,-202.68,2.89,-66.03,-486.96,12.54,-73.19
46,62,0.51721,-206.78,2.99,-66.65,-494.12,12.82,-74.26
46,63,0.52551,-211.04,3.11,-67.30,-512.50,13.30,-77.94
46,64,0.53381,-215.40,3.22,-67.97,-525.37,13.79,-80.88
46,65,0.54224,-219.88,3.34,-68.66,-532.25,14.00,-82.61
46,66,0.55054,-224.40,3.46,-69.37,-545.22,14.42,-84.93
46,67,0.55890,-229.02,3.53,-70.10,-552.19,9.09,-86.86
46,68,0.56732,-233.64,3.33,-70.82,-548.19,-23.80,-86.23
46,69,0.57556,-238.26,2.83,-71.55,-560.37,-61.45,-88.15
46,70,0.58380,-242.87,2.16,-72.27,-560.37,-80.53,-88.15
46,71,0.59229,-247.50,1.53,-73.04,-544.96,-74.24,-89.93
46,72,0.60065,-252.13,0.88,-73.92,-554.01,-78.17,-105.47
46,73,0.60889,-256.76,0.23,-74.82,-561.85,-79.21,-109.26
46,74,0.61731,-261.38,-0.43,-75.76,-548.55,-77.56,-111.96
46,75,0.62567,-265.99,-1.08,-76.77,-550.73,-78.04,-120.80
46,76,0.63385,-270.58,-1.73,-77.89,-561.94,-80.18,-136.19
46,77,0.64221,-275.18,-2.39,-79.13,-550.36,-78.87,-148.54
46,78,0.65045,-279.84,-3.07,-80.48,-565.19,-81.43,-163.70
46,79,0.65887,-284.53,-3.74,-81.93,-556.52,-80.50,-172.46
46,80,0.66711,-289.07,-4.08,-83.44,-551.48,-41.02,-182.59
46,81,0.67554,-293.45,-4.08,-84.98,-519.57,0.44,-183.70
46,82,0.68384,-297.42,-4.07,-86.47,-477.94,0.46,-179.41
46,83,0.69220,-301.36,-4.07,-88.02,-471.90,0.50,-185.40
46,84,0.70050,-305.28,-4.07,-89.65,-471.69,0.54,-195.59
46,85,0.70892,-309.05,-4.06,-91.37,-448.19,0.61,-204.35
46,86,0.71722,-312.78,-4.05,-93.15,-449.63,0.67,-215.07
46,87,0.72559,-316.49,-4.05,-95.00,-443.07,0.70,-220.44
46,88,0.73389,-320.11,-4.04,-96.91,-436.40,0.75,-230.88
46,89,0.74225,-323.67,-4.04,-98.88,-425.91,0.79,-235.77
46,90,0.75061,-327.21,-4.03,-100.90,-422.99,0.82,-240.88
46,91,0.75897,-330.73,-4.02,-102.94,-420.44,0.84,-244.89
46,92,0.76727,-334.24,-4.01,-105.00,-423.16,0.85,-247.43
46,93,0.77563,-337.91,-4.01,-107.11,-439.42,0.86,-252.55
46,94,0.78394,-341.70,-4.00,-109.27,-456.62,0.88,-259.93
47,0,0.00000,0.00,0.00,0.00,-4.33,-0.70,24.91
47,1,0.00821,-0.09,-0.01,0.34,-11.15,-1.16,41.26
47,2,0.01657,-0.38,-0.03,1.10,-34.31,-2.63,90.51
47,3,0.02499,-0.71,-0.05,1.83,-39.49,-2.56,87.68
47,4,0.03333,-1.09,-0.07,2.55,-45.05,-2.56,86.08
47,5,0.04160,-1.91,-0.12,3.92,-99.26,-4.98,165.68
47,6,0.05005,-2.78,-0.17,5.59,-103.25,-5.86,197.83
47,7,0.05823,-3.82,-0.23,7.91,-127.61,-8.30,283.21
47,8,0.06665,-4.90,-0.31,10.65,-127.17,-9.46,325.72
47,9,0.07501,-5.94,-0.40,13.83,-125.18,-10.91,379.56
47,10,0.08334,-6.80,-0.50,17.06,-102.56,-11.02,387.91
47,11,0.09174,-7.46,-0.59,20.33,-78.55,-10.97,390.18
47,12,0.10007,-7.92,-0.68,23.64,-55.31,-11.04,397.07
47,13,0.10834,-8.25,-0.77,27.00,-39.85,-11.22,406.27
47,14,0.11682,-8.44,-0.87,30.41,-22.66,-11.00,401.44
47,15,0.12506,-8.42,-0.96,33.83,1.85,-11.25,415.19
47,16,0.13345,-8.23,-1.05,37.24,23.27,-10.93,406.91
47,17,0.14175,-7.93,-1.14,40.70,36.40,-11.10,415.81
47,18,0.15015,-7.42,-1.23,44.12,60.36,-10.79,408.36
47,19,0.15854,-6.71,-1.32,47.51,84.73,-10.54,404.00
47,20,0.16714,-5.95,-1.41,50.93,87.94,-10.33,396.81
47,21,0.17542,-5.09,-1.50,54.45,104.06,-11.04,425.83
47,22,0.18353,-4.05,-1.59,57.80,128.20,-10.59,413.16
47,23,0.19180,-2.98,-1.67,61.14,129.89,-10.29,402.95
47,24,0.20032,-1.85,-1.76,64.45,132.26,-9.93,389.61
47,25,0.20862,-0.62,-1.84,67.73,147.79,-10.00,395.22
47,26,0.21689,0.69,-1.93,70.98,158.67,-11.22,392.99
47,27,0.22522,2.16,-2.08,74.18,176.19,-17.26,383.52
47,28,0.23358,3.70,-2.49,77.34,183.94,-49.38,378.10
47,29,0.24191,5.27,-3.08,80.48,189.01,-70.79,377.29
47,30,0.25037,6.98,-3.83,83.56,202.17,-89.33,363.54
47,31,0.25854,8.73,-4.76,86.61,213.81,-113.10,373.13
47,32,0.26697,10.50,-5.87,89.65,210.14,-131.97,360.87
47,33,0.27518,12.43,-7.00,92.85,234.94,-137.64,389.96
47,34,0.28360,14.49,-8.15,96.19,244.57,-135.83,396.38
47,35,0.29190,16.76,-9.35,99.71,273.53,-145.12,424.63
47,36,0.30032,19.00,-10.58,103.30,266.67,-145.73,425.72
47,37,0.30856,21.11,-11.85,106.97,255.19,-154.04,445.56
47,38,0.31686,23.01,-13.17,110.75,229.04,-158.94,455.15
47,39,0.32507,24.68,-14.54,114.64,203.35,-167.36,473.61
47,40,0.33344,26.20,-15.95,118.60,181.75,-168.81,474.09
47,41,0.34171,27.49,-17.46,122.65,156.09,-182.61,489.30
47,42,0.35010,28.53,-19.39,126.76,124.73,-229.32,490.55
47,43,0.35840,29.35,-21.58,130.99,98.53,-264.62,508.82
47,44,0.36685,29.93,-23.83,135.30,68.23,-265.32,509.75
47,45,0.37500,30.25,-26.07,139.63,38.95,-275.42,532.21
47,46,0.38336,30.30,-28.31,143.98,6.57,-268.23,520.07
47,47,0.39160,30.10,-30.55,148.32,-24.81,-271.06,527.04
47,48,0.40002,29.64,-31.11,152.65,-54.71,-66.55,513.77
47,49,0.40829,28.91,-31.23,156.94,-87.45,-15.45,518.45
47,50,0.41666,27.99,-31.35,160.98,-110.22,-14.36,483.21
47,51,0.42496,26.84,-31.47,164.93,-138.60,-14.08,475.74
47,52,0.43338,25.45,-31.59,168.80,-164.49,-13.54,459.78
47,53,0.44174,23.84,-31.70,172.59,-193.43,-13.29,452.55
47,54,0.45013,22.00,-31.80,176.27,-219.27,-12.82,438.55
47,55,0.45840,19.99,-31.91,179.76,-243.17,-12.29,422.51
47,56,0.46683,17.77,-32.00,183.12,-262.68,-11.55,398.91
47,57,0.47507,15.37,-32.10,186.34,-292.22,-11.27,390.74
47,58,0.48355,12.77,-32.18,189.41,-306.12,-10.37,361.87
47,59,0.49173,9.99,-32.27,192.32,-339.55,-10.12,355.60
47,60,0.50021,6.96,-32.35,195.13,-357.19,-9.34,330.94
47,61,0.50848,3.75,-32.42,197.76,-387.82,-8.91,318.08
47,62,0.51688,0.39,-32.49,200.19,-400.36,-8.05,289.82
47,63,0.52521,-3.23,-32.55,202.49,-435.16,-7.56,275.82
47,64,0.53360,-7.10,-32.61,204.62,-460.73,-6.87,253.82
47,65,0.54181,-11.19,-32.66,206.56,-498.88,-6.26,236.06
47,66,0.55023,-15.44,-32.70,208.26,-504.35,-5.23,202.17
47,67,0.55850,-19.88,-32.60,209.73,-536.53,11.90,177.86
47,68,0.56696,-24.40,-32.40,210.93,-534.66,23.64,142.24
47,69,0.57532,-28.98,-32.20,211.86,-547.81,25.01,110.95
47,70,0.58362,-33.61,-31.98,212.51,-557.72,26.15,78.68
47,71,0.59189,-38.28,-31.75,212.85,-564.94,27.30,41.33
47,72,0.60028,-43.00,-31.55,212.80,-561.82,23.65,-6.18
47,73,0.60843,-47.70,-31.73,212.47,-577.15,-21.17,-40.82
47,74,0.61685,-52.37,-32.13,211.86,-555.07,-48.03,-72.83
47,75,0.62527,-57.00,-32.44,210.96,-549.64,-36.33,-106.16
47,76,0.63364,-61.58,-32.79,209.78,-547.08,-41.85,-141.61
47,77,0.64188,-66.10,-33.13,208.27,-548.89,-41.99,-183.33
47,78,0.65030,-70.60,-33.48,206.46,-533.70,-40.92,-214.49
47,79,0.65854,-75.03,-33.82,204.36,-538.15,-41.25,-255.19
47,80,0.66696,-79.23,-34.14,202.05,-498.19,-38.27,-274.28
47,81,0.67526,-83.16,-34.44,199.55,-474.26,-36.45,-300.37
47,82,0.68365,-86.58,-34.71,197.06,-407.64,-31.40,-297.82
47,83,0.69199,-89.85,-34.96,194.35,-391.94,-30.19,-324.18
47,84,0.70038,-92.95,-35.20,191.46,-369.09,-28.58,-344.73
47,85,0.70856,-95.76,-35.41,188.41,-343.28,-26.55,-373.51
47,86,0.71707,-98.36,-35.62,185.19,-306.09,-23.72,-377.78
47,87,0.72534,-100.77,-35.80,181.82,-291.14,-22.61,-407.01
47,88,0.73380,-102.94,-35.97,178.34,-256.32,-20.07,-411.91
47,89,0.74194,-104.86,-36.12,174.75,-236.33,-18.48,-440.45
47,90,0.75043,-106.57,-36.26,171.06,-201.08,-15.78,-435.61
47,91,0.75864,-108.05,-36.38,167.27,-180.30,-14.27,-461.71
47,92,0.76706,-109.30,-36.48,163.39,-148.55,-11.87,-459.78
47,93,0.77536,-110.39,-36.56,159.31,-130.88,-10.51,-492.28
47,94,0.78375,-111.28,-36.63,155.04,-106.18,-8.64,-508.73
48,0,0.00000,0.00,0.00,0.00,-25.55,-0.21,-1.09
48,1,0.00833,-0.34,-0.01,-0.04,-41.39,-1.05,-5.13
48,2,0.01682,-1.14,-0.03,-0.20,-93.53,-2.86,-19.06
48,3,0.02502,-1.93,-0.05,-0.37,-96.65,-2.35,-19.70
48,4,0.03339,-2.73,-0.07,-0.53,-94.89,-2.35,-19.34
48,5,0.04166,-4.28,-0.13,-0.86,-188.56,-7.11,-40.22
48,6,0.05005,-6.12,-0.12,-1.25,-219.27,1.42,-46.91
48,7,0.05835,-8.62,-0.17,-1.79,-300.00,-5.95,-64.71
48,8,0.06680,-11.49,-0.23,-2.44,-339.71,-6.80,-77.26
48,9,0.07510,-14.74,-0.29,-3.22,-391.54,-7.86,-93.75
48,10,0.08347,-17.98,-0.36,-4.02,-387.96,-7.82,-95.62
48,11,0.09186,-21.26,-0.42,-4.86,-390.91,-7.93,-99.27
48,12,0.10001,-24.50,-0.49,-5.69,-397.00,-8.03,-103.00
48,13,0.10843,-27.75,-0.56,-6.61,-385.87,-7.93,-108.70
48,14,0.11676,-31.02,-0.62,-7.58,-392.67,-8.11,-116.85
48,15,0.12494,-34.30,-0.69,-8.53,-400.75,-8.24,-115.67
48,16,0.13315,-37.59,-0.76,-9.45,-401.49,-8.24,-111.52
48,17,0.14142,-40.92,-0.83,-10.40,-402.58,-8.26,-115.50
48,18,0.14975,-44.27,-0.89,-11.27,-402.56,-8.16,-104.03
48,19,0.15796,-47.65,-0.96,-12.04,-411.52,-8.23,-94.05
48,20,0.16635,-51.07,-1.03,-12.80,-406.91,-8.10,-90.18
48,21,0.17474,-54.51,-1.10,-13.42,-410.55,-8.01,-74.55
48,22,0.18301,-58.00,-1.17,-13.77,-421.40,-9.33,-41.70
48,23,0.19131,-61.49,-1.30,-14.00,-420.96,-15.28,-27.57
48,24,0.19965,-64.99,-1.65,-14.10,-420.15,-42.04,-12.09
48,25,0.20795,-68.50,-1.91,-14.03,-422.06,-31.35,8.46
48,26,0.21631,-71.99,-2.16,-13.75,-417.88,-29.53,33.21
48,27,0.22461,-75.46,-2.39,-13.19,-418.01,-27.44,67.28
48,28,0.23300,-78.90,-2.60,-12.46,-409.82,-25.60,87.27
48,29,0.24127,-82.29,-2.80,-11.52,-409.59,-24.09,113.28
48,30,0.24966,-85.58,-2.97,-10.28,-392.00,-20.55,148.00
48,31,0.25793,-88.78,-3.13,-8.83,-387.08,-18.60,175.65
48,32,0.26675,-91.89,-3.26,-7.18,-352.60,-15.24,186.16
48,33,0.27509,-95.07,-3.38,-5.24,-381.32,-14.60,233.70
48,34,0.28354,-98.29,-3.49,-3.01,-381.59,-12.72,263.90
48,35,0.29175,-101.57,-3.58,-0.40,-399.26,-10.92,317.10
48,36,0.30017,-104.75,-3.65,2.38,-378.26,-8.48,330.07
48,37,0.30841,-107.82,-3.67,5.29,-372.22,-2.64,353.70
48,38,0.31680,-110.76,-3.95,8.33,-350.18,-32.80,362.55
48,39,0.32510,-113.57,-4.24,11.49,-338.97,-35.33,380.51
48,40,0.33350,-116.19,-4.43,14.83,-311.64,-22.80,398.18
48,41,0.34177,-118.66,-4.59,18.29,-298.52,-19.42,417.71
48,42,0.35019,-120.99,-4.73,21.84,-277.17,-15.78,421.38
48,43,0.35840,-123.21,-4.83,25.52,-269.89,-13.13,448.70
48,44,0.36688,-125.29,-4.91,29.34,-245.32,-9.15,450.00
48,45,0.37515,-127.21,-4.96,33.24,-232.47,-5.86,471.59
48,46,0.38354,-128.97,-4.98,37.22,-209.09,-1.97,474.18
48,47,0.39178,-130.52,-4.84,41.28,-188.52,15.97,492.96
48,48,0.40018,-131.86,-4.69,45.42,-159.27,18.55,493.09
48,49,0.40854,-132.97,-4.49,49.62,-133.21,23.44,502.55
48,50,0.41687,-133.80,-4.38,53.69,-99.63,13.69,487.91
48,51,0.42520,-134.38,-4.45,57.76,-69.23,-8.14,489.01
48,52,0.43362,-134.73,-4.61,61.86,-41.67,-18.96,486.59
48,53,0.44186,-134.84,-4.87,65.97,-13.70,-32.45,499.26
48,54,0.45020,-134.72,-4.91,70.09,15.02,-4.12,493.77
48,55,0.45850,-134.37,-4.92,74.11,41.91,-1.10,484.19
48,56,0.46695,-133.78,-5.09,78.09,69.31,-19.83,470.76
48,57,0.47525,-132.96,-5.49,82.02,99.26,-48.62,474.26
48,58,0.48358,-131.90,-5.99,85.90,127.11,-59.82,465.57
48,59,0.49191,-130.61,-6.39,89.71,154.58,-48.86,457.14
48,60,0.50024,-129.06,-6.80,93.54,186.08,-49.12,459.34
48,61,0.50848,-127.28,-7.20,97.28,216.30,-48.67,454.44
48,62,0.51700,-125.27,-7.59,100.91,235.48,-45.61,426.52
48,63,0.52527,-122.98,-7.98,104.55,277.86,-47.25,440.22
48,64,0.53375,-120.41,-8.37,108.14,302.88,-45.30,423.02
48,65,0.54199,-117.56,-8.75,111.66,345.56,-45.89,427.41
48,66,0.55042,-114.48,-9.11,115.04,365.94,-43.09,401.09
48,67,0.55869,-111.13,-9.46,118.31,404.80,-42.41,394.83
48,68,0.56702,-107.59,-9.79,121.37,424.54,-39.54,367.03
48,69,0.57538,-103.88,-10.10,124.21,444.16,-36.64,339.78
48,70,0.58380,-100.00,-10.38,126.82,460.51,-33.44,310.14
48,71,0.59216,-95.89,-10.64,129.27,491.97,-31.68,293.43
48,72,0.60049,-91.75,-10.89,131.54,496.34,-29.53,272.53
48,73,0.60876,-87.49,-11.11,133.56,515.50,-26.44,243.91
48,74,0.61707,-83.11,-11.30,135.32,527.21,-23.06,211.76
48,75,0.62534,-78.64,-11.46,136.81,540.96,-19.72,180.44
48,76,0.63373,-74.08,-11.60,138.05,543.64,-16.17,147.27
48,77,0.64200,-69.42,-11.71,139.06,563.47,-13.54,122.14
48,78,0.65039,-64.64,-11.80,139.87,569.09,-10.82,97.09
48,79,0.65866,-59.77,-11.87,140.52,588.19,-8.86,78.60
48,80,0.66714,-55.00,-11.93,140.99,562.23,-6.37,54.68
48,81,0.67542,-50.35,-11.96,141.28,562.36,-4.38,36.16
48,82,0.68390,-46.12,-11.99,141.51,498.92,-3.30,26.98
48,83,0.69202,-41.83,-11.98,141.73,528.95,1.62,26.69
48,84,0.70050,-37.59,-11.87,141.93,498.92,12.73,23.02
48,85,0.70874,-33.45,-11.73,142.19,502.59,17.51,32.22
48,86,0.71722,-29.33,-11.53,142.52,486.33,23.18,38.49
48,87,0.72543,-25.19,-11.34,142.94,504.09,23.51,50.93
48,88,0.73389,-21.13,-11.15,143.49,480.51,21.80,65.70
48,89,0.74207,-17.11,-10.97,144.10,491.79,21.95,75.00
48,90,0.75049,-13.11,-10.80,144.87,474.64,20.45,91.30
48,91,0.75876,-9.12,-10.63,145.68,482.29,20.58,97.05
48,92,0.76718,-5.13,-10.46,146.50,473.19,20.07,98.19
48,93,0.77542,-0.99,-10.29,147.39,502.59,21.23,107.41
48,94,0.78384,3.27,-10.11,148.29,506.52,21.43,106.88
49,0,0.00000,0.00,0.00,0.00,25.18,8.81,-1.44
49,1,0.00827,0.35,0.12,0.01,42.07,14.93,1.48
49,2,0.01663,1.15,0.41,0.12,95.99,34.49,13.14
49,3,0.02493,1.94,0.70,0.28,95.59,34.74,19.12
49,4,0.03351,2.73,0.98,0.49,91.10,33.16,23.84
49,5,0.04181,4.27,1.55,1.00,185.66,68.22,62.50
49,6,0.05026,6.05,2.21,1.73,210.47,78.25,85.56
49,7,0.05841,8.41,3.09,2.82,290.26,108.25,134.08
49,8,0.06702,11.11,4.11,4.08,314.18,117.49,146.81
49,9,0.07489,14.25,5.28,5.56,398.45,148.74,187.21
49,10,0.08319,17.28,6.41,6.97,364.71,136.21,170.22
49,11,0.09146,20.31,7.32,8.38,366.42,110.17,170.11
49,12,0.09991,23.34,8.06,9.78,358.48,87.17,166.06
49,13,0.10815,26.38,8.65,11.26,369.26,71.96,179.63
49,14,0.11652,29.43,9.10,12.79,364.60,53.76,183.21
49,15,0.12482,32.49,9.40,14.32,368.01,36.54,183.46
49,16,0.13318,35.54,9.59,15.87,365.33,22.51,185.40
49,17,0.14154,38.59,10.02,17.51,364.23,51.33,197.08
49,18,0.14999,41.64,10.35,19.16,360.65,39.71,194.22
49,19,0.15820,44.69,10.69,20.79,372.12,40.85,199.26
49,20,0.16653,47.74,11.03,22.52,365.57,41.40,207.33
49,21,0.17487,50.81,11.38,24.20,368.50,40.90,202.20
49,22,0.18326,53.95,11.70,25.74,374.91,39.28,183.64
49,23,0.19153,57.10,12.03,27.28,380.81,39.80,185.61
49,24,0.19992,60.25,12.36,28.81,375.27,39.13,182.91
49,25,0.20816,63.40,12.69,30.35,382.22,39.90,185.93
49,26,0.21661,66.56,13.02,31.85,374.37,38.63,177.98
49,27,0.22482,69.78,13.34,33.28,391.08,39.07,174.35
49,28,0.23331,72.99,13.66,34.70,379.14,37.70,167.27
49,29,0.24158,76.21,13.98,36.11,389.30,38.59,170.85
49,30,0.24997,79.48,14.29,37.41,389.45,36.89,154.91
49,31,0.25818,82.75,14.59,38.71,398.51,37.51,157.25
49,32,0.26660,86.02,14.90,40.00,388.41,36.66,153.26
49,33,0.27496,89.54,15.23,41.32,420.44,38.82,158.03
49,34,0.28326,93.23,15.56,42.66,444.12,40.31,161.40
49,35,0.29156,97.21,15.74,44.01,480.15,20.89,162.87
49,36,0.29993,101.22,15.70,45.36,479.20,-4.11,161.68
49,37,0.30826,105.22,15.51,46.71,480.95,-22.87,162.27
49,38,0.31668,109.23,15.54,48.07,475.72,3.02,160.51
49,39,0.32501,113.24,15.49,49.42,480.95,-5.72,162.27
49,40,0.33340,117.29,15.44,50.69,482.55,-5.52,151.27
49,41,0.34161,121.34,15.40,51.95,494.05,-5.64,153.90
49,42,0.35016,125.40,15.35,53.21,474.64,-5.44,147.86
49,43,0.35834,129.51,15.30,54.49,502.99,-5.72,155.60
49,44,0.36667,133.67,15.26,55.76,498.90,-5.67,153.48
49,45,0.37497,137.83,15.21,57.04,500.74,-5.69,154.04
49,46,0.38336,141.98,15.16,58.32,495.27,-5.62,152.36
49,47,0.39166,146.14,15.11,59.60,500.74,-5.67,154.04
49,48,0.40005,150.30,15.07,60.88,495.27,-5.64,152.36
49,49,0.40829,154.45,15.02,62.16,504.44,-5.72,155.19
49,50,0.41681,158.40,14.98,63.36,464.16,-5.26,141.22
49,51,0.42496,162.34,14.93,64.56,483.15,-5.44,146.82
49,52,0.43350,166.30,15.30,65.76,463.21,43.40,140.71
49,53,0.44177,170.24,15.61,66.96,476.01,36.77,144.65
49,54,0.45020,174.17,15.98,68.15,467.39,43.94,142.03
49,55,0.45850,178.03,16.34,69.32,464.34,43.69,140.44
49,56,0.46677,181.88,16.70,70.48,465.31,43.73,140.59
49,57,0.47507,185.72,17.06,71.64,463.60,43.61,140.07
49,58,0.48352,189.57,17.42,72.81,455.23,42.78,137.55
49,59,0.49179,193.42,17.78,73.97,465.31,42.61,140.59
49,60,0.50012,197.38,18.08,75.17,475.09,36.18,144.69
49,61,0.50842,201.35,18.25,76.38,477.94,20.59,145.59
49,62,0.51682,205.31,18.48,77.59,472.73,27.56,144.00
49,63,0.52509,209.43,18.72,78.85,497.79,29.08,152.77
49,64,0.53348,213.65,18.97,80.15,502.55,29.30,154.91
49,65,0.54178,217.98,19.22,81.50,522.43,30.53,161.76
49,66,0.55020,222.36,19.48,82.86,519.57,30.32,161.23
49,67,0.55841,226.82,19.74,84.25,543.49,31.77,169.52
49,68,0.56683,231.28,20.00,85.64,529.71,30.92,165.22
49,69,0.57516,235.75,20.26,87.03,535.53,31.31,167.03
49,70,0.58359,240.21,20.52,88.42,529.71,30.97,165.22
49,71,0.59180,244.67,20.78,89.85,543.49,31.80,174.35
49,72,0.60025,249.12,21.04,91.39,527.08,31.11,182.31
49,73,0.60849,253.58,21.30,92.94,540.74,31.87,187.04
49,74,0.61688,258.04,21.65,94.48,530.91,40.83,183.64
49,75,0.62515,262.49,21.98,96.02,538.75,40.45,186.35
49,76,0.63358,266.96,22.33,97.58,530.07,40.78,185.14
49,77,0.64185,271.44,22.67,99.19,542.44,41.65,194.46
49,78,0.65024,276.01,23.02,100.82,544.00,41.86,195.27
49,79,0.65851,280.63,23.38,102.48,558.67,42.94,200.37
49,80,0.66696,285.13,23.72,104.10,532.49,40.88,191.70
49,81,0.67523,289.49,24.06,105.68,526.94,40.44,190.41
49,82,0.68362,293.47,24.36,107.14,474.18,36.43,174.18
49,83,0.69208,297.45,24.67,108.60,470.76,36.17,172.56
49,84,0.70047,301.43,24.97,110.05,474.18,36.34,173.45
49,85,0.70853,305.29,25.27,111.54,480.30,36.83,184.47
49,86,0.71698,309.16,25.57,113.01,457.76,35.11,174.37
49,87,0.72534,313.04,25.86,114.46,463.87,35.52,172.63
49,88,0.73367,316.89,26.16,115.88,461.17,35.41,171.06
49,89,0.74194,320.70,26.45,117.29,461.62,35.41,170.48
49,90,0.75034,324.52,26.74,118.69,455.27,34.97,166.91
49,91,0.75861,328.35,27.04,120.09,462.36,35.43,168.63
49,92,0.76697,332.17,27.33,121.48,457.66,35.13,166.06
49,93,0.77533,336.18,27.64,122.89,478.47,36.81,169.34
49,94,0.78369,340.30,27.96,124.32,492.70,37.94,171.17
50,0,0.00000,0.00,0.00,0.00,48.15,-5.61,41.11
50,1,0.00830,0.29,-0.00,-0.16,35.29,-0.10,-19.12
50,2,0.01672,0.92,0.01,-0.67,75.00,1.45,-60.14
50,3,0.02502,1.60,0.02,-1.10,81.25,0.60,-52.94
50,4,0.03345,2.29,0.02,-1.51,82.61,0.13,-48.55
50,5,0.04169,3.71,0.01,-2.27,171.85,-0.52,-92.22
50,6,0.05017,5.42,-0.00,-3.07,201.80,-1.72,-93.53
50,7,0.05835,7.80,-0.04,-4.00,291.04,-4.25,-113.81
50,8,0.06677,10.62,-0.10,-4.88,334.42,-6.99,-104.71
50,9,0.07501,13.87,-0.18,-5.66,394.07,-10.59,-95.19
50,10,0.08350,17.16,-0.29,-6.25,387.77,-12.37,-69.42
50,11,0.09174,20.48,-0.41,-6.64,402.96,-14.91,-47.41
50,12,0.10016,23.81,-0.54,-6.91,395.65,-15.88,-31.52
50,13,0.10846,27.19,-0.69,-7.02,406.62,-17.85,-13.24
50,14,0.11682,30.60,-0.85,-6.99,408.03,-19.40,3.65
50,15,0.12512,34.01,-1.02,-6.85,410.66,-20.46,16.18
50,16,0.13354,37.42,-1.20,-6.63,405.43,-21.11,26.45
50,17,0.14178,40.86,-1.40,-6.20,417.04,-23.79,52.96
50,18,0.15027,44.28,-1.60,-5.65,403.24,-24.06,64.39
50,19,0.15845,47.70,-1.81,-5.00,418.66,-26.03,79.10
50,20,0.16687,51.10,-2.04,-4.19,403.99,-26.77,96.38
50,21,0.17517,54.50,-2.27,-3.32,408.46,-27.65,105.15
50,22,0.18353,57.90,-2.50,-2.51,407.66,-27.00,97.08
50,23,0.19189,61.29,-2.73,-1.60,404.74,-27.72,108.03
50,24,0.20026,64.64,-2.97,-0.58,400.73,-28.82,122.63
50,25,0.20850,67.96,-3.21,0.54,402.96,-29.87,135.19
50,26,0.21692,71.27,-3.46,1.69,393.12,-29.60,136.96
50,27,0.22516,74.60,-3.71,2.81,404.44,-30.00,135.93
50,28,0.23358,77.92,-3.96,3.97,393.84,-29.73,138.04
50,29,0.24188,81.23,-4.21,5.17,398.16,-30.38,144.12
50,30,0.25049,84.56,-4.46,6.29,387.59,-28.71,129.79
50,31,0.25861,87.95,-4.71,7.42,418.05,-30.96,139.85
50,32,0.26703,91.29,-4.96,8.55,395.65,-29.48,134.06
50,33,0.27521,94.84,-5.22,9.71,433.96,-31.86,141.79
50,34,0.28363,98.57,-5.57,10.89,443.84,-41.83,140.58
50,35,0.29187,102.59,-6.02,12.08,487.78,-54.74,144.07
50,36,0.30029,106.65,-6.37,13.27,481.88,-41.03,141.30
50,37,0.30859,110.71,-6.76,14.46,488.97,-46.66,143.38
50,38,0.31702,114.77,-7.14,15.66,481.88,-46.00,141.67
50,39,0.32526,118.83,-7.53,16.85,492.59,-47.02,144.81
50,40,0.33368,122.92,-7.92,17.96,486.23,-45.88,132.25
50,41,0.34192,127.03,-8.31,19.06,497.78,-46.93,133.70
50,42,0.35034,131.13,-8.69,20.17,486.96,-45.96,130.80
50,43,0.35864,135.28,-9.08,21.27,500.74,-47.12,133.46
50,44,0.36700,139.49,-9.48,22.39,502.92,-47.28,133.21
50,45,0.37531,143.70,-9.87,23.50,506.62,-47.60,133.46
50,46,0.38373,147.92,-10.27,24.53,501.45,-46.74,122.46
50,47,0.39197,152.17,-10.66,25.43,515.93,-47.28,110.00
50,48,0.40033,156.45,-11.04,26.18,512.04,-45.93,89.42
50,49,0.40863,160.76,-11.95,26.79,518.75,-109.37,72.79
50,50,0.41718,164.89,-12.98,27.10,483.93,-121.12,37.14
50,51,0.42535,169.00,-14.02,27.26,502.61,-126.73,19.78
50,52,0.43378,173.12,-15.02,27.18,488.41,-118.94,-9.78
50,53,0.44220,177.22,-15.35,26.86,486.59,-38.39,-38.41
50,54,0.45044,181.30,-15.47,26.36,495.56,-15.58,-60.74
50,55,0.45880,185.28,-15.60,25.70,475.91,-15.11,-78.10
50,56,0.46716,189.22,-15.73,24.89,470.80,-15.07,-97.45
50,57,0.47546,193.12,-15.85,23.94,470.59,-15.22,-114.71
50,58,0.48389,196.99,-15.98,22.85,459.78,-14.94,-129.35
50,59,0.49207,200.85,-16.10,21.65,471.27,-15.43,-146.27
50,60,0.50049,204.77,-16.23,20.36,465.94,-15.32,-153.26
50,61,0.50879,208.69,-16.36,19.00,471.69,-15.57,-164.34
50,62,0.51721,212.58,-16.49,17.56,461.59,-15.30,-170.65
50,63,0.52551,216.58,-16.63,16.02,482.35,-16.04,-186.03
50,64,0.53387,220.68,-16.76,14.38,490.15,-16.33,-195.62
50,65,0.54218,224.89,-16.90,12.66,507.72,-16.96,-207.35
50,66,0.55060,229.11,-17.04,10.89,501.09,-16.78,-209.78
50,67,0.55884,233.44,-17.19,9.05,525.56,-17.61,-223.33
50,68,0.56732,237.74,-17.33,7.21,506.47,-16.99,-217.27
50,69,0.57550,242.03,-17.48,5.36,524.63,-17.62,-226.49
50,70,0.58392,246.32,-17.62,3.50,509.42,-17.10,-220.29
50,71,0.59216,250.63,-17.77,1.67,522.96,-17.53,-222.22
50,72,0.60059,255.01,-17.91,-0.07,520.29,-17.35,-206.88
50,73,0.60883,259.40,-18.06,-1.82,531.85,-17.73,-211.48
50,74,0.61731,263.78,-18.20,-3.56,516.55,-17.21,-205.40
50,75,0.62555,268.16,-18.35,-5.30,532.22,-17.75,-211.85
50,76,0.63409,272.56,-18.50,-7.04,514.64,-17.15,-203.21
50,77,0.64227,277.08,-18.65,-8.78,552.99,-18.38,-212.69
50,78,0.65063,281.61,-18.80,-10.52,541.24,-17.98,-207.66
50,79,0.65887,286.19,-18.95,-12.27,556.30,-18.48,-212.59
50,80,0.66736,290.67,-19.10,-13.96,527.70,-17.53,-200.00
50,81,0.67560,295.03,-19.24,-15.58,528.89,-17.53,-195.56
50,82,0.68402,299.02,-19.37,-16.99,474.28,-15.67,-168.12
50,83,0.69226,303.05,-19.51,-18.31,488.52,-16.06,-160.37
50,84,0.70068,307.12,-19.64,-19.50,482.97,-15.74,-140.94
50,85,0.70898,311.15,-19.77,-20.47,485.66,-15.69,-117.28
50,86,0.71741,315.20,-19.90,-21.33,480.80,-15.39,-101.09
50,87,0.72559,319.27,-20.03,-22.07,497.76,-15.87,-91.42
50,88,0.73401,323.32,-20.16,-22.69,481.16,-15.23,-72.83
50,89,0.74213,327.36,-20.28,-23.17,497.74,-15.65,-59.40
50,90,0.75061,331.42,-20.41,-23.50,478.06,-14.91,-39.21
50,91,0.75885,335.48,-20.54,-23.71,493.33,-15.27,-25.56
50,92,0.76727,339.55,-20.66,-23.81,482.97,-14.87,-11.59
50,93,0.77563,343.79,-20.79,-23.83,506.57,-15.51,-2.55
50,94,0.78412,348.15,-20.93,-23.75,514.03,-15.67,9.35
51,0,0.00000,0.00,0.00,0.00,-22.43,0.76,12.50
51,1,0.00830,-0.32,0.01,0.14,-38.24,1.29,17.28
51,2,0.01654,-1.08,0.04,0.40,-92.96,3.06,31.11
51,3,0.02484,-1.86,0.06,0.61,-94.12,3.05,25.37
51,4,0.03320,-2.66,0.09,0.78,-94.89,3.03,19.71
51,5,0.04138,-4.24,0.14,0.99,-192.91,6.10,26.87
51,6,0.04980,-6.11,0.19,1.14,-222.83,6.94,17.03
51,7,0.05804,-8.65,0.27,1.17,-308.15,9.46,4.44
51,8,0.06647,-11.59,0.36,1.02,-348.55,10.55,-18.84
51,9,0.07465,-14.90,0.46,0.61,-405.60,12.08,-49.25
51,10,0.08313,-18.19,0.56,0.01,-387.41,11.38,-70.86
51,11,0.09137,-21.44,0.65,-0.78,-393.70,11.39,-96.67
51,12,0.09979,-24.63,0.74,-1.78,-378.99,10.81,-117.75
51,13,0.10809,-27.76,0.83,-3.03,-377.57,10.54,-150.74
51,14,0.11639,-30.82,0.91,-4.54,-368.75,10.04,-181.99
51,15,0.12482,-33.79,0.99,-6.23,-351.81,9.42,-200.72
51,16,0.13312,-36.64,1.07,-8.12,-343.75,8.96,-227.57
51,17,0.14136,-39.34,1.13,-10.28,-328.15,8.25,-262.96
51,18,0.14984,-41.91,1.20,-12.61,-302.88,7.40,-274.10
51,19,0.15808,-44.34,1.25,-15.08,-294.44,6.96,-300.37
51,20,0.16644,-46.57,1.30,-17.78,-266.79,5.98,-321.90
51,21,0.17474,-48.65,1.35,-20.59,-251.10,5.37,-338.97
51,22,0.18311,-50.71,1.39,-23.43,-245.99,5.22,-339.05
51,23,0.19135,-52.59,1.43,-26.38,-228.52,4.54,-358.52
51,24,0.19989,-54.29,1.46,-29.44,-198.93,3.66,-358.21
51,25,0.20807,-55.81,1.49,-32.60,-185.07,3.03,-386.19
51,26,0.21643,-57.15,1.51,-35.84,-160.22,2.27,-387.23
51,27,0.22467,-58.38,1.52,-39.13,-149.63,1.86,-399.63
51,28,0.23309,-59.41,1.53,-42.49,-122.83,1.03,-398.91
51,29,0.24146,-60.24,1.53,-45.90,-99.27,0.25,-408.39
51,30,0.24976,-60.97,1.53,-49.34,-87.87,-0.14,-414.34
51,31,0.25806,-61.51,1.52,-52.82,-65.07,-0.87,-418.75
51,32,0.26660,-61.85,1.51,-56.32,-38.93,-1.60,-409.64
51,33,0.27478,-62.02,1.49,-60.03,-21.64,-2.43,-454.10
51,34,0.28314,-62.02,1.46,-63.96,0.00,-3.21,-468.98
51,35,0.29138,-61.85,1.43,-68.13,20.74,-4.08,-506.67
51,36,0.29980,-61.44,1.39,-72.34,48.91,-4.92,-500.00
51,37,0.30829,-60.78,1.34,-76.52,78.06,-5.73,-492.45
51,38,0.31671,-59.87,1.28,-80.65,108.33,-6.66,-490.58
51,39,0.32507,-58.71,1.22,-84.72,138.69,-7.57,-486.50
51,40,0.33337,-57.38,1.15,-88.75,159.93,-8.23,-486.03
51,41,0.34167,-55.83,1.08,-92.71,187.13,-8.98,-476.10
51,42,0.35004,-54.04,1.00,-96.56,213.50,-9.67,-460.58
51,43,0.35840,-52.01,0.91,-100.34,243.07,-10.54,-452.92
51,44,0.36670,-49.73,0.81,-104.05,273.90,-11.44,-446.32
51,45,0.37512,-47.24,0.71,-107.61,296.01,-11.94,-422.83
51,46,0.38348,-44.54,0.61,-111.02,322.99,-12.67,-407.30
51,47,0.39178,-41.64,0.50,-114.25,349.63,-13.37,-390.07
51,48,0.40027,-38.55,0.38,-117.31,364.39,-13.62,-360.43
51,49,0.40863,-35.27,0.26,-120.19,391.61,-14.33,-343.80
51,50,0.41705,-32.00,0.14,-122.74,388.41,-13.96,-303.62
51,51,0.42535,-28.57,0.02,-125.10,412.87,-14.58,-284.19
51,52,0.43378,-25.05,-0.10,-127.23,418.12,-14.54,-252.54
51,53,0.44214,-21.34,0.31,-129.17,444.16,48.76,-232.48
51,54,0.45044,-17.58,0.66,-130.86,452.21,42.53,-202.94
51,55,0.45862,-13.81,1.05,-132.29,461.57,47.80,-175.37
51,56,0.46716,-9.97,1.44,-133.49,449.29,45.09,-140.36
51,57,0.47540,-6.07,1.82,-134.46,473.70,46.12,-117.41
51,58,0.48376,-2.11,2.19,-135.19,472.99,44.65,-87.59
51,59,0.49200,1.88,2.55,-135.69,484.44,44.37,-60.00
51,60,0.50031,6.00,2.92,-135.94,496.69,43.97,-30.51
51,61,0.50848,10.15,3.28,-135.95,507.09,43.52,-0.75
51,62,0.51685,14.29,3.62,-135.70,495.26,41.09,29.20
51,63,0.52509,18.55,3.96,-135.19,516.67,41.35,62.59
51,64,0.53369,22.89,4.29,-134.39,504.26,38.88,92.91
51,65,0.54187,27.29,4.62,-133.29,537.69,39.85,133.58
51,66,0.55023,31.65,4.98,-131.92,521.90,43.24,163.87
51,67,0.55853,36.02,5.15,-130.25,526.10,20.22,201.47
51,68,0.56689,40.27,5.26,-128.32,509.12,12.73,230.66
51,69,0.57520,44.41,5.40,-126.14,498.16,17.78,262.87
51,70,0.58368,48.47,5.55,-123.82,478.42,16.94,273.38
51,71,0.59186,52.43,5.69,-121.32,483.96,17.03,305.97
51,72,0.60034,56.26,5.82,-118.58,452.16,15.73,323.02
51,73,0.60852,60.00,5.95,-115.71,457.46,15.84,350.75
51,74,0.61694,63.67,6.08,-112.74,435.14,14.99,352.17
51,75,0.62524,67.26,6.20,-109.68,432.35,14.81,368.75
51,76,0.63367,70.79,6.32,-106.55,419.93,14.32,372.10
51,77,0.64191,74.29,6.44,-103.28,424.07,14.40,396.30
51,78,0.65033,77.78,6.56,-99.93,414.49,13.98,398.55
51,79,0.65863,81.26,6.67,-96.46,419.12,14.12,417.28
51,80,0.66711,84.60,6.79,-93.03,393.88,13.19,405.04
51,81,0.67529,87.81,6.89,-89.65,392.91,13.11,413.43
51,82,0.68372,90.70,6.99,-86.54,342.03,11.41,369.20
51,83,0.69202,93.57,7.08,-83.42,346.69,11.52,375.00
51,84,0.70038,96.46,7.18,-80.32,345.26,11.50,371.17
51,85,0.70862,99.25,7.27,-77.25,338.89,11.25,372.96
51,86,0.71698,102.04,7.37,-74.19,333.94,11.10,365.33
51,87,0.72534,104.86,7.46,-71.15,336.50,11.20,363.14
51,88,0.73376,107.65,7.55,-68.15,331.16,11.03,356.88
51,89,0.74194,110.41,7.64,-65.16,337.69,11.24,365.67
51,90,0.75049,113.16,7.74,-62.16,322.14,10.71,350.71
51,91,0.75861,115.91,7.83,-59.16,338.35,11.24,370.30
51,92,0.76691,118.63,7.92,-56.13,328.31,10.89,364.34
51,93,0.77527,121.49,8.01,-53.01,341.24,11.34,373.36
51,94,0.78363,124.47,8.11,-49.83,356.93,11.89,379.93
52,0,0.00000,0.00,0.00,0.00,7.25,1.49,24.28
52,1,0.00830,0.11,0.02,0.33,13.24,2.67,39.71
52,2,0.01648,0.38,0.07,1.10,33.21,6.40,93.66
52,3,0.02466,0.70,0.13,1.84,38.43,6.63,91.04
52,4,0.03308,1.06,0.19,2.57,42.75,6.70,86.23
52,5,0.04150,1.84,0.30,3.96,93.12,13.79,165.22
52,6,0.04980,2.86,0.44,5.55,122.79,17.12,191.18
52,7,0.05823,4.35,0.64,7.60,177.54,23.21,243.48
52,8,0.06665,6.14,0.87,9.94,211.96,27.28,277.90
52,9,0.07495,8.16,1.13,12.60,243.01,31.38,320.96
52,10,0.08350,10.18,1.39,15.26,237.14,30.52,310.71
52,11,0.09155,12.22,1.65,17.90,253.03,32.35,328.79
52,12,0.09998,14.27,1.91,20.55,243.12,31.09,313.77
52,13,0.10803,16.30,2.18,23.25,251.52,32.61,335.23
52,14,0.11658,18.30,2.44,26.01,234.29,30.79,323.21
52,15,0.12476,20.32,2.70,28.79,247.39,32.50,339.93
52,16,0.13318,22.32,2.97,31.57,237.32,31.24,329.71
52,17,0.14172,24.26,3.23,34.44,226.79,30.82,336.07
52,18,0.14990,26.20,3.49,37.31,237.31,32.16,350.75
52,19,0.15857,28.14,3.76,40.18,223.94,30.39,330.99
52,20,0.16663,30.03,4.02,43.12,234.85,32.57,364.77
52,21,0.17505,31.94,4.28,46.05,226.81,31.34,348.55
52,22,0.18323,33.99,4.55,48.89,250.75,33.01,347.39
52,23,0.19177,36.04,4.82,51.73,240.00,31.63,332.14
52,24,0.19983,38.10,5.09,54.57,254.55,33.47,352.65
52,25,0.20850,40.14,5.36,57.41,236.27,31.17,327.82
52,26,0.21655,42.21,5.63,60.24,256.44,33.65,351.52
52,27,0.22485,44.35,5.91,63.03,258.46,33.10,335.66
52,28,0.23328,46.49,6.18,65.82,253.62,32.52,331.52
52,29,0.24146,48.61,6.46,68.63,259.33,33.51,342.91
52,30,0.24976,50.81,6.73,71.37,264.71,33.36,330.88
52,31,0.25830,53.02,7.01,74.11,258.93,32.52,320.00
52,32,0.26660,55.23,7.29,76.84,266.54,33.43,329.41
52,33,0.27490,57.62,7.58,79.70,287.50,35.59,344.49
52,34,0.28320,60.17,7.90,82.68,307.72,37.72,358.46
52,35,0.29163,62.96,8.23,85.79,331.16,39.84,369.93
52,36,0.30017,65.82,8.58,88.92,333.93,39.99,365.36
52,37,0.30847,68.70,8.92,92.02,346.69,41.19,373.53
52,38,0.31665,71.60,9.26,95.09,355.22,41.91,375.75
52,39,0.32483,74.54,9.60,98.13,359.33,42.10,372.01
52,40,0.33337,77.58,9.95,101.09,355.71,40.68,346.43
52,41,0.34143,80.66,10.30,104.01,382.95,43.44,362.12
52,42,0.34998,83.79,10.65,106.89,365.36,41.00,337.14
52,43,0.35815,86.98,11.01,109.76,391.04,43.57,351.12
52,44,0.36633,90.26,11.37,112.62,400.37,44.13,349.63
52,45,0.37488,93.57,11.73,115.44,387.50,42.39,329.64
52,46,0.38354,96.91,12.09,118.22,385.92,41.89,320.42
52,47,0.39160,100.29,12.46,120.95,419.32,45.15,339.39
52,48,0.39966,103.71,12.82,123.64,423.86,45.16,334.09
52,49,0.40833,107.16,13.19,126.29,397.89,42.20,305.63
52,50,0.41663,110.49,13.54,128.77,401.10,42.09,298.53
52,51,0.42493,113.82,13.88,131.18,401.47,41.73,290.44
52,52,0.43323,117.18,14.23,133.55,405.15,41.83,285.29
52,53,0.44177,120.57,14.58,135.87,397.14,40.69,272.14
52,54,0.44995,124.00,14.93,138.16,418.66,42.58,279.10
52,55,0.45813,127.39,15.27,140.34,414.55,41.75,267.54
52,56,0.46643,130.80,15.61,142.48,410.66,41.08,257.35
52,57,0.47473,134.23,15.95,144.57,413.97,41.09,251.84
52,58,0.48328,137.70,16.21,146.62,405.36,30.24,239.29
52,59,0.49158,141.19,16.59,148.61,420.59,45.74,240.44
52,60,0.50000,144.80,16.92,150.62,428.26,39.64,238.04
52,61,0.50806,148.45,17.26,152.58,453.03,41.72,244.32
52,62,0.51709,152.12,17.59,154.50,406.76,37.23,212.50
52,63,0.52466,155.93,17.94,156.47,502.82,45.88,259.68
52,64,0.53369,159.87,18.30,158.46,436.15,39.64,220.61
52,65,0.54150,163.92,18.67,160.47,519.14,47.01,257.42
52,66,0.54980,168.04,19.04,162.46,495.96,44.69,239.34
52,67,0.55811,172.27,19.42,164.46,509.19,45.73,240.81
52,68,0.56641,176.51,19.80,166.42,511.40,45.71,236.40
52,69,0.57471,180.77,20.18,168.34,513.60,45.74,231.25
52,70,0.58313,185.06,20.56,170.21,508.33,45.05,222.46
52,71,0.59143,189.36,20.94,172.07,518.01,45.75,223.16
52,72,0.60010,193.66,21.32,173.99,496.83,44.18,221.83
52,73,0.60828,197.99,21.70,175.86,529.10,46.75,228.73
52,74,0.61633,202.34,22.08,177.68,540.15,47.51,225.76
52,75,0.62476,206.71,22.47,179.45,519.20,45.42,209.78
52,76,0.63306,211.11,22.85,181.18,529.41,46.13,208.46
52,77,0.64148,215.55,23.02,182.92,526.81,19.85,206.88
52,78,0.64978,220.07,22.94,184.65,544.49,-8.72,208.09
52,79,0.65808,224.66,22.67,186.36,554.04,-33.10,206.25
52,80,0.66638,229.17,22.49,187.99,543.01,-21.33,197.06
52,81,0.67480,233.58,22.32,189.56,523.55,-20.56,185.87
52,82,0.68323,237.58,22.16,190.97,474.28,-18.59,167.75
52,83,0.69153,241.58,22.01,192.36,482.72,-18.94,166.54
52,84,0.69983,245.60,21.85,193.71,483.82,-18.94,162.87
52,85,0.70813,249.52,21.69,195.07,472.79,-18.51,163.60
52,86,0.71680,253.44,21.54,196.41,451.76,-17.70,154.58
52,87,0.72473,257.36,21.39,197.72,494.62,-19.33,165.38
52,88,0.73389,261.26,21.24,199.01,425.33,-16.66,141.33
52,89,0.74158,265.12,21.24,200.29,502.78,0.33,165.87
52,90,0.75024,269.00,21.39,201.54,446.83,17.25,144.37
52,91,0.75818,272.88,21.54,202.77,488.85,19.13,155.00
52,92,0.76648,276.76,21.69,203.98,468.38,18.47,145.59
52,93,0.77490,280.81,21.86,205.18,480.07,19.40,142.75
52,94,0.78345,285.07,22.03,206.39,499.29,20.65,142.14
53,0,0.00000,0.00,0.00,0.00,25.00,3.59,1.43
53,1,0.00842,0.34,0.05,0.05,40.94,5.67,5.80
53,2,0.01733,1.13,0.15,0.24,88.36,11.68,21.58
53,3,0.02502,1.93,0.25,0.49,103.97,13.33,32.54
53,4,0.03333,2.69,0.35,0.78,91.18,11.06,34.56
53,5,0.04163,4.17,0.52,1.46,177.94,20.74,81.62
53,6,0.05005,5.85,0.71,2.36,200.00,22.21,106.88
53,7,0.05896,8.01,0.93,3.69,242.47,25.39,149.66
53,8,0.06665,10.42,1.17,5.42,313.49,30.61,225.00
53,9,0.07593,13.00,1.94,7.54,278.29,83.71,228.62
53,10,0.08337,15.53,2.82,9.89,338.93,117.58,315.98
53,11,0.09167,17.83,3.61,12.31,277.57,95.53,291.54
53,12,0.09998,20.00,4.35,14.86,261.03,89.14,306.25
53,13,0.10852,22.13,5.09,17.48,250.00,85.79,306.79
53,14,0.11719,24.25,5.81,20.16,243.66,83.13,309.15
53,15,0.12500,26.36,6.53,22.84,270.31,92.22,342.97
53,16,0.13330,28.46,7.81,25.54,252.94,155.22,326.10
53,17,0.14172,30.50,9.46,28.34,242.39,195.12,332.25
53,18,0.15002,32.54,11.10,31.14,245.96,197.80,337.13
53,19,0.15906,34.58,12.74,33.94,226.01,181.47,309.80
53,20,0.16736,36.58,14.38,36.82,240.07,197.35,346.69
53,21,0.17566,38.60,16.02,39.67,244.12,198.27,344.12
53,22,0.18347,40.76,17.71,42.43,275.78,216.15,353.52
53,23,0.19177,42.91,19.40,45.20,259.56,203.44,332.72
53,24,0.19971,45.07,21.09,47.96,271.54,212.83,348.08
53,25,0.20886,47.22,22.78,50.72,235.33,184.35,301.67
53,26,0.21643,49.40,24.48,53.47,287.50,224.47,363.31
53,27,0.22534,51.64,26.20,56.17,252.05,192.97,303.42
53,28,0.23315,53.89,27.91,58.88,287.50,220.08,346.09
53,29,0.24146,56.13,29.64,61.58,270.59,207.29,325.74
53,30,0.24976,58.47,31.38,64.21,281.25,210.52,316.91
53,31,0.25830,60.81,33.09,66.83,274.29,199.68,306.79
53,32,0.26648,63.16,34.54,69.45,286.57,176.93,320.52
53,33,0.27490,65.70,35.80,72.21,301.45,149.59,327.17
53,34,0.28333,68.38,36.82,75.07,318.84,121.36,339.13
53,35,0.29150,71.32,37.61,78.07,359.33,97.05,366.79
53,36,0.29980,74.29,38.33,81.08,357.35,87.04,363.24
53,37,0.30884,77.25,39.06,84.10,328.38,79.98,333.78
53,38,0.31641,80.22,39.78,87.11,391.94,95.40,398.39
53,39,0.32532,83.18,40.50,90.13,332.88,81.08,338.36
53,40,0.33313,86.22,41.23,93.09,389.06,93.35,379.30
53,41,0.34143,89.27,41.96,96.05,367.28,87.91,356.25
53,42,0.34985,92.32,42.69,99.01,361.96,86.73,351.09
53,43,0.35815,95.42,43.43,102.00,372.79,89.13,360.29
53,44,0.36646,98.55,44.18,105.01,377.21,90.11,363.24
53,45,0.37488,101.68,44.93,108.03,371.74,88.76,357.97
53,46,0.38367,104.81,45.58,111.04,356.25,74.05,343.06
53,47,0.39148,107.94,45.87,114.06,400.78,37.78,385.94
53,48,0.40015,111.07,45.98,117.07,361.27,12.80,347.89
53,49,0.40845,114.20,45.90,120.09,377.21,-9.95,363.24
53,50,0.41724,117.19,45.91,122.95,340.28,0.92,325.35
53,51,0.42517,120.17,45.92,125.79,374.62,0.93,358.46
53,52,0.43347,123.14,45.92,128.63,358.09,0.94,342.65
53,53,0.44177,126.11,45.93,131.48,358.09,0.90,342.65
53,54,0.45007,129.08,45.94,134.32,358.09,0.89,342.65
53,55,0.45898,132.00,45.95,137.11,327.40,0.89,312.33
53,56,0.46680,134.91,46.27,139.88,372.66,41.51,355.08
53,57,0.47510,137.82,46.55,142.65,350.74,33.94,334.19
53,58,0.48340,140.73,46.83,145.43,350.74,33.94,334.19
53,59,0.49182,143.65,47.12,148.20,345.65,33.49,329.35
53,60,0.50012,146.63,47.41,151.06,359.93,34.81,344.49
53,61,0.50842,149.63,47.70,153.93,361.03,34.92,345.22
53,62,0.51721,152.63,47.99,156.80,340.97,33.02,326.39
53,63,0.52515,155.73,48.29,159.77,390.77,37.78,375.38
53,64,0.53345,158.91,48.59,162.84,382.72,36.95,368.75
53,65,0.54187,162.17,48.86,165.99,387.32,31.44,374.28
53,66,0.55017,165.46,48.75,169.17,396.32,-13.40,383.46
53,67,0.55859,168.81,48.41,172.43,398.19,-40.34,386.59
53,68,0.56689,172.16,48.05,175.68,404.04,-43.39,392.28
53,69,0.57568,175.52,47.70,178.94,381.60,-39.84,370.49
53,70,0.58350,178.87,47.35,182.20,429.30,-44.82,416.80
53,71,0.59180,182.21,46.99,185.48,402.21,-42.58,395.96
53,72,0.60010,185.49,46.63,188.87,395.59,-43.78,407.72
53,73,0.60852,188.78,46.27,192.25,389.86,-43.19,401.81
53,74,0.61755,192.06,45.90,195.64,363.51,-40.27,374.66
53,75,0.62512,195.35,45.54,199.02,433.87,-48.07,447.18
53,76,0.63354,198.63,45.17,202.42,389.49,-43.43,403.99
53,77,0.64185,201.90,45.75,205.88,394.85,69.28,416.91
53,78,0.65027,205.24,46.28,209.40,395.65,63.90,417.75
53,79,0.65906,208.61,46.83,212.97,384.03,62.04,405.56
53,80,0.66687,211.90,47.36,216.45,421.09,68.05,445.31
53,81,0.67517,215.09,47.88,219.83,384.19,62.16,407.72
53,82,0.68359,217.98,48.35,222.93,342.75,55.77,368.48
53,83,0.69189,220.86,48.82,226.04,347.79,56.50,373.90
53,84,0.70020,223.75,49.29,229.14,347.79,56.55,373.90
53,85,0.70862,226.53,49.73,232.23,329.35,52.88,366.30
53,86,0.71741,229.29,49.92,235.31,314.24,20.89,350.69
53,87,0.72522,232.05,49.92,238.39,353.52,0.53,394.53
53,88,0.73352,234.77,49.88,241.46,327.94,-5.01,369.49
53,89,0.74219,237.46,49.86,244.51,310.56,-2.27,352.46
53,90,0.75024,240.16,49.84,247.57,334.09,-2.44,379.17
53,91,0.75916,242.85,49.82,250.62,302.05,-2.19,342.81
53,92,0.76697,245.54,49.80,253.68,344.53,-2.51,391.02
53,93,0.77588,248.36,49.78,256.83,316.78,-2.17,354.11
53,94,0.78369,251.31,49.76,260.09,376.95,-2.49,416.41
54,0,0.00000,0.00,0.00,0.00,-14.75,0.47,-24.59
54,1,0.00842,-0.19,0.00,-0.29,-22.46,0.58,-34.78
54,2,0.01660,-0.64,0.02,-0.96,-55.60,1.30,-82.09
54,3,0.02637,-1.14,0.02,-1.61,-50.62,0.82,-65.62
54,4,0.03430,-1.67,0.03,-2.22,-66.92,0.67,-76.92
54,5,0.04272,-2.78,0.03,-3.36,-131.52,0.67,-135.87
54,6,0.04993,-4.16,0.03,-4.63,-192.37,0.02,-176.69
54,7,0.05835,-6.13,0.03,-6.24,-233.33,-0.91,-190.58
54,8,0.06665,-8.50,0.01,-7.98,-285.29,-2.09,-209.93
54,9,0.07605,-11.29,-0.02,-9.81,-297.08,-3.16,-195.13
54,10,0.08435,-14.19,-0.06,-11.48,-349.26,-4.92,-200.37
54,11,0.09265,-17.18,-0.11,-12.96,-360.66,-6.28,-179.04
54,12,0.10010,-20.26,-0.18,-14.27,-413.11,-8.37,-175.00
54,13,0.10852,-23.42,-0.25,-15.45,-375.36,-8.39,-140.94
54,14,0.11682,-26.63,-0.32,-16.62,-386.40,-8.83,-140.44
54,15,0.12646,-29.83,-0.39,-17.79,-332.59,-7.59,-120.89
54,16,0.13428,-33.06,-0.47,-18.98,-412.89,-9.32,-153.12
54,17,0.14270,-36.27,-0.53,-20.29,-380.80,-8.01,-155.07
54,18,0.15015,-39.47,-0.60,-21.59,-430.74,-9.06,-175.41
54,19,0.15845,-42.68,-0.67,-22.92,-385.66,-7.98,-159.56
54,20,0.16687,-45.86,-0.73,-24.36,-378.26,-7.28,-171.01
54,21,0.17603,-49.05,-0.79,-25.81,-348.00,-6.61,-159.00
54,22,0.18433,-52.28,-0.85,-27.16,-389.71,-8.03,-162.13
54,23,0.19324,-55.50,-0.92,-28.55,-360.96,-7.22,-155.82
54,24,0.20020,-58.70,-0.98,-29.98,-460.53,-8.93,-205.26
54,25,0.20850,-61.89,-1.04,-31.42,-384.19,-7.35,-174.26
54,26,0.21680,-65.08,-1.10,-32.88,-383.82,-7.25,-175.74
54,27,0.22620,-68.30,-1.17,-34.30,-342.53,-6.75,-150.32
54,28,0.23425,-71.50,-1.23,-35.74,-397.73,-7.62,-179.55
54,29,0.24268,-74.70,-1.29,-37.20,-379.71,-7.21,-173.55
54,30,0.25024,-77.94,-1.35,-38.57,-427.82,-8.71,-181.05
54,31,0.25854,-81.19,-1.42,-39.93,-391.18,-8.04,-163.24
54,32,0.26685,-84.43,-1.49,-41.29,-390.81,-8.06,-163.60
54,33,0.27515,-87.88,-1.56,-42.68,-415.81,-8.81,-167.65
54,34,0.28345,-91.53,-1.64,-44.10,-440.07,-9.57,-171.69
54,35,0.29309,-95.46,-1.73,-45.54,-406.96,-9.25,-149.37
54,36,0.30017,-99.44,-1.82,-46.99,-561.64,-12.81,-204.31
54,37,0.30859,-103.41,-1.91,-48.44,-472.10,-10.77,-171.74
54,38,0.31677,-107.39,-2.00,-49.88,-486.19,-11.11,-176.87
54,39,0.32581,-111.36,-2.09,-51.33,-440.20,-10.06,-160.14
54,40,0.33350,-115.38,-2.19,-52.70,-522.22,-12.47,-178.57
54,41,0.34192,-119.40,-2.30,-54.06,-477.54,-12.92,-161.59
54,42,0.35046,-123.43,-2.56,-55.43,-470.71,-30.37,-159.29
54,43,0.35864,-127.50,-2.76,-56.80,-498.13,-24.83,-167.54
54,44,0.36682,-131.62,-2.96,-58.17,-504.10,-25.05,-168.28
54,45,0.37524,-135.75,-3.17,-59.55,-489.49,-24.39,-163.41
54,46,0.38354,-139.87,-3.38,-60.93,-496.69,-24.75,-165.81
54,47,0.39294,-143.99,-3.58,-62.30,-438.64,-21.83,-146.43
54,48,0.40015,-148.11,-3.79,-63.68,-572.46,-28.52,-191.10
54,49,0.40857,-152.24,-3.99,-65.05,-489.49,-24.37,-163.41
54,50,0.41699,-156.18,-4.19,-66.36,-468.12,-23.32,-154.71
54,51,0.42590,-160.09,-4.38,-67.65,-438.36,-21.86,-144.86
54,52,0.43359,-163.99,-4.58,-68.94,-507.94,-25.28,-167.86
54,53,0.44202,-167.90,-4.77,-70.23,-463.77,-23.10,-153.26
54,54,0.45032,-171.80,-4.97,-71.52,-470.59,-23.44,-155.51
54,55,0.45874,-175.64,-5.16,-72.78,-455.07,-22.65,-149.64
54,56,0.46692,-179.46,-5.35,-74.04,-467.16,-23.27,-153.36
54,57,0.47534,-183.28,-5.54,-75.29,-453.62,-22.62,-148.91
54,58,0.48364,-187.10,-5.73,-76.54,-460.29,-22.91,-151.10
54,59,0.49304,-190.92,-5.92,-77.80,-406.49,-20.25,-133.44
54,60,0.50049,-194.84,-6.11,-79.09,-526.23,-26.24,-173.77
54,61,0.50867,-198.78,-6.31,-80.39,-481.34,-23.96,-158.96
54,62,0.51746,-202.71,-6.51,-81.69,-447.92,-22.33,-147.92
54,63,0.52686,-206.78,-6.71,-83.04,-432.47,-21.52,-143.83
54,64,0.53369,-211.16,-6.93,-84.51,-641.07,-31.89,-214.29
54,65,0.54199,-215.46,-7.14,-85.95,-517.65,-25.79,-173.90
54,66,0.55042,-219.79,-7.36,-87.41,-514.86,-25.63,-173.19
54,67,0.55872,-224.22,-7.58,-88.91,-533.46,-26.56,-180.51
54,68,0.56702,-228.65,-7.80,-90.41,-533.46,-26.58,-180.51
54,69,0.57642,-233.08,-8.02,-91.90,-471.10,-23.43,-159.09
54,70,0.58447,-237.51,-8.24,-93.40,-550.00,-27.38,-185.23
54,71,0.59302,-241.94,-8.46,-94.92,-518.21,-25.79,-178.21
54,72,0.60034,-246.36,-8.68,-96.55,-603.75,-30.05,-222.92
54,73,0.60876,-250.78,-8.90,-98.18,-525.36,-26.12,-193.12
54,74,0.61719,-255.21,-9.12,-99.80,-525.72,-26.17,-192.39
54,75,0.62585,-259.65,-9.34,-101.39,-511.97,-25.47,-183.80
54,76,0.63367,-264.11,-9.56,-102.97,-570.70,-28.40,-201.56
54,77,0.64270,-268.60,-9.79,-104.55,-497.64,-24.76,-175.68
54,78,0.65051,-273.18,-10.01,-106.13,-586.33,-29.19,-202.34
54,79,0.65869,-277.84,-10.25,-107.70,-568.66,-28.32,-191.04
54,80,0.66699,-282.38,-10.47,-109.20,-547.79,-27.28,-181.25
54,81,0.67590,-286.81,-10.69,-110.64,-496.92,-24.75,-161.64
54,82,0.68433,-290.84,-10.89,-111.95,-478.62,-23.85,-155.43
54,83,0.69214,-294.88,-11.09,-113.24,-516.80,-25.76,-164.84
54,84,0.70032,-298.93,-10.97,-114.51,-494.78,14.65,-154.85
54,85,0.70886,-302.87,-10.93,-115.79,-462.14,4.73,-150.00
54,86,0.71716,-306.82,-10.89,-117.05,-475.00,4.87,-151.84
54,87,0.72595,-310.77,-10.85,-118.29,-449.31,4.60,-140.97
54,88,0.73376,-314.68,-10.81,-119.50,-501.17,5.12,-155.86
54,89,0.74219,-318.57,-10.77,-120.71,-461.59,4.74,-142.75
54,90,0.75061,-322.47,-10.73,-121.88,-462.68,4.74,-139.86
54,91,0.75879,-326.37,-10.69,-123.04,-477.24,4.89,-141.04
54,92,0.76721,-330.28,-10.65,-124.17,-464.13,4.76,-134.06
54,93,0.77563,-334.36,-10.61,-125.29,-484.42,4.97,-132.97
54,94,0.78442,-338.58,-10.57,-126.39,-479.86,4.93,-125.69
55,0,0.00000,0.00,0.00,0.00,3.99,-0.16,-25.00
55,1,0.00830,0.08,-0.02,-0.34,9.93,-2.30,-40.81
55,2,0.01660,0.32,-0.10,-1.11,28.68,-9.21,-93.38
55,3,0.02563,0.57,-0.19,-1.88,28.04,-10.04,-85.14
55,4,0.03308,0.84,-0.29,-2.65,35.66,-13.91,-102.46
55,5,0.04163,1.39,-0.52,-4.14,65.00,-26.71,-174.64
55,6,0.04993,2.08,-0.83,-5.89,83.09,-37.71,-211.03
55,7,0.05835,3.05,-1.30,-8.24,115.22,-55.61,-278.62
55,8,0.06677,4.24,-1.91,-10.93,140.22,-72.90,-319.93
55,9,0.07507,5.61,-2.67,-13.98,165.07,-91.25,-367.28
55,10,0.08362,6.96,-3.48,-17.03,158.93,-94.23,-357.14
55,11,0.09265,8.30,-4.32,-20.10,147.64,-93.36,-339.19
55,12,0.10046,9.66,-5.18,-23.23,174.22,-109.58,-401.17
55,13,0.10901,11.08,-6.04,-26.29,166.43,-101.60,-358.57
55,14,0.11719,12.59,-6.95,-29.35,184.33,-110.62,-374.25
55,15,0.12634,14.10,-7.85,-32.41,165.00,-98.94,-334.00
55,16,0.13403,15.72,-8.82,-35.63,210.71,-125.69,-418.25
55,17,0.14246,17.36,-9.35,-38.68,194.57,-63.36,-362.32
55,18,0.15137,18.96,-9.19,-41.75,179.45,18.63,-344.86
55,19,0.15918,20.50,-9.00,-44.86,197.27,23.51,-397.27
55,20,0.16748,22.10,-8.83,-47.97,192.65,20.75,-375.00
55,21,0.17578,23.63,-8.64,-51.12,184.93,23.31,-379.04
55,22,0.18457,25.00,-8.40,-54.34,155.21,27.67,-367.01
55,23,0.19250,26.34,-8.15,-57.58,169.23,31.59,-407.69
55,24,0.20068,27.66,-7.89,-60.82,161.57,31.48,-396.64
55,25,0.20911,28.96,-7.63,-64.07,154.35,31.19,-386.23
55,26,0.21753,30.22,-7.35,-67.35,149.64,32.75,-388.41
55,27,0.22632,31.39,-7.05,-70.66,132.64,34.57,-377.43
55,28,0.23413,32.54,-6.73,-73.98,147.66,40.26,-425.00
55,29,0.24316,33.68,-6.41,-77.31,126.01,35.83,-368.24
55,30,0.25134,34.70,-6.05,-80.68,124.63,43.74,-411.94
55,31,0.25916,35.69,-5.69,-84.05,127.34,45.73,-431.64
55,32,0.26746,36.67,-5.33,-87.43,117.65,43.60,-406.99
55,33,0.27612,37.63,-4.92,-91.05,110.92,47.02,-417.96
55,34,0.28430,38.57,-4.48,-94.86,114.93,53.78,-465.67
55,35,0.29211,39.45,-3.98,-98.97,112.50,64.53,-526.17
55,36,0.30029,40.26,-3.46,-103.12,99.63,63.22,-507.46
55,37,0.30872,41.02,-2.93,-107.28,89.49,63.15,-494.20
55,38,0.31702,41.71,-2.39,-111.46,83.82,65.46,-502.57
55,39,0.32593,42.36,-1.83,-115.64,72.95,62.13,-469.18
55,40,0.33362,42.88,-1.24,-119.85,67.46,77.44,-548.02
55,41,0.34204,43.37,-0.63,-124.07,58.33,72.26,-500.72
55,42,0.35034,43.85,-0.02,-128.29,57.72,73.71,-508.46
55,43,0.35889,44.32,0.61,-132.57,55.00,73.00,-500.71
55,44,0.36707,44.78,1.24,-136.89,56.34,77.48,-528.73
55,45,0.37537,45.23,1.88,-141.22,54.04,76.67,-520.96
55,46,0.38428,45.67,2.51,-145.54,49.32,71.52,-485.27
55,47,0.39270,46.09,3.16,-149.87,50.00,76.46,-513.77
55,48,0.40039,46.50,3.80,-154.20,53.17,83.89,-562.70
55,49,0.40869,46.89,4.45,-158.53,47.06,78.42,-521.69
55,50,0.41711,47.23,5.08,-162.65,39.86,74.40,-489.49
55,51,0.42590,47.49,5.72,-166.76,29.86,72.88,-467.36
55,52,0.43372,47.61,6.40,-170.87,14.84,86.53,-526.56
55,53,0.44202,47.56,7.11,-174.98,-5.51,85.57,-495.59
55,54,0.45044,47.38,7.85,-179.10,-21.74,88.12,-488.04
55,55,0.45874,47.06,8.61,-183.11,-38.97,91.19,-483.82
55,56,0.46704,46.59,9.39,-187.11,-56.25,94.49,-481.25
55,57,0.47546,45.94,10.21,-191.08,-76.81,97.48,-471.38
55,58,0.48425,45.07,11.08,-195.00,-98.96,98.15,-446.88
55,59,0.49194,43.97,11.95,-198.87,-143.25,113.70,-502.78
55,60,0.50037,42.61,12.65,-202.77,-161.96,82.68,-463.41
55,61,0.50867,41.01,13.09,-206.60,-192.65,53.16,-461.03
55,62,0.51709,39.18,13.25,-210.32,-216.67,19.33,-442.03
55,63,0.52600,37.07,13.27,-214.07,-237.33,1.94,-420.21
55,64,0.53369,34.67,13.22,-217.78,-311.11,-6.27,-482.14
55,65,0.54211,32.00,13.21,-221.44,-317.75,-1.67,-434.78
55,66,0.55054,29.08,13.19,-224.97,-346.38,-1.43,-419.20
55,67,0.55872,25.90,13.18,-228.39,-389.18,-1.24,-418.66
55,68,0.56702,22.53,13.17,-231.64,-405.15,-0.97,-391.18
55,69,0.57544,19.11,13.17,-234.83,-406.16,-0.87,-378.26
55,70,0.58411,15.67,13.16,-237.99,-397.18,-0.82,-365.14
55,71,0.59265,12.23,13.15,-241.17,-402.86,-0.84,-371.79
55,72,0.60046,8.83,13.15,-244.43,-435.55,-1.02,-417.97
55,73,0.60901,5.42,13.14,-247.69,-398.57,-0.93,-381.43
55,74,0.61719,2.01,13.13,-250.95,-416.79,-0.96,-398.13
55,75,0.62549,-1.40,13.12,-254.20,-411.03,-0.95,-391.91
55,76,0.63379,-4.82,13.11,-257.47,-411.40,-0.96,-393.75
55,77,0.64221,-8.23,13.11,-260.80,-405.43,-0.99,-394.93
55,78,0.65063,-11.70,13.10,-264.18,-412.32,-1.01,-401.45
55,79,0.65881,-15.22,13.09,-267.60,-429.85,-1.05,-418.66
55,80,0.66724,-18.62,13.08,-270.97,-403.26,-1.04,-400.36
55,81,0.67554,-21.86,13.07,-274.30,-390.44,-1.11,-400.74
55,82,0.68469,-24.72,13.06,-277.43,-312.33,-1.03,-341.67
55,83,0.69238,-27.46,13.05,-280.66,-357.14,-1.38,-419.84
55,84,0.70068,-30.01,13.04,-284.05,-306.99,-1.53,-408.09
55,85,0.70911,-32.29,13.02,-287.51,-270.65,-1.72,-411.23
55,86,0.71741,-34.35,13.01,-291.10,-247.79,-1.97,-432.72
55,87,0.72571,-36.24,12.99,-294.78,-227.57,-2.14,-443.75
55,88,0.73401,-37.99,12.97,-298.49,-211.03,-2.23,-446.32
55,89,0.74255,-39.64,12.95,-302.21,-193.57,-2.23,-435.36
55,90,0.75085,-41.25,12.93,-305.95,-193.75,-2.34,-450.37
55,91,0.75916,-42.85,12.91,-309.69,-193.01,-2.35,-450.74
55,92,0.76746,-44.45,12.89,-313.43,-192.65,-2.34,-451.10
55,93,0.77576,-46.15,12.87,-317.32,-204.04,-2.42,-468.01
