trial,frame,t_s,x_cm,y_cm,z_cm,vx,vy,vz
0,0,0.00000,0.00,0.00,0.00,-22.00,-0.28,70.00
0,1,0.00836,-0.19,-0.00,0.53,-22.26,-0.15,63.14
0,2,0.01666,-0.42,-0.01,1.40,-28.31,-0.60,105.15
0,3,0.02504,-0.69,-0.01,2.26,-32.06,-0.40,103.10
0,4,0.03337,-0.90,-0.02,3.48,-25.27,-1.49,145.79
0,5,0.04182,-1.16,-0.03,4.68,-30.32,-1.18,142.60
0,6,0.05064,-1.37,-0.05,6.21,-23.88,-2.00,173.01
0,7,0.05840,-1.64,-0.06,7.73,-34.65,-1.96,195.67
0,8,0.06667,-1.55,-0.10,9.25,10.33,-3.73,183.76
0,9,0.07507,-1.52,-0.12,10.77,3.27,-3.36,180.76
0,10,0.08336,-1.07,-0.17,12.41,54.51,-5.96,197.79
0,11,0.09235,-0.68,-0.22,14.06,43.12,-5.21,184.04
0,12,0.10007,-0.11,-0.27,15.72,73.91,-7.10,215.42
0,13,0.10847,0.39,-0.33,17.41,60.25,-6.27,200.36
0,14,0.11676,1.06,-0.39,19.04,80.29,-7.10,196.69
0,15,0.12517,1.66,-0.44,20.69,71.87,-6.70,196.73
0,16,0.13342,2.21,-0.50,22.37,65.80,-6.54,202.96
0,17,0.14191,2.69,-0.55,24.06,56.47,-6.09,199.64
0,18,0.15067,3.29,-0.61,25.86,68.64,-6.72,205.57
0,19,0.15849,3.82,-0.66,27.68,68.23,-7.20,232.75
0,20,0.16672,4.56,-0.73,29.59,89.42,-8.14,232.28
0,21,0.17516,5.22,-0.79,31.53,78.48,-7.56,229.29
0,22,0.18343,6.13,-0.87,33.70,109.96,-9.58,262.36
0,23,0.19176,6.95,-0.95,35.90,98.90,-9.15,264.47
0,24,0.20015,8.00,-1.08,38.39,124.73,-16.02,296.00
0,25,0.20845,8.95,-1.11,40.91,114.71,-2.75,303.68
0,26,0.21675,10.15,-1.20,43.72,144.49,-11.44,338.60
0,27,0.22519,11.24,-1.29,46.57,129.48,-10.78,338.52
0,28,0.23344,12.21,-1.38,49.71,117.56,-11.00,380.41
0,29,0.24191,13.06,-1.47,52.89,100.18,-10.22,375.14
0,30,0.25075,13.62,-1.55,56.33,62.87,-8.88,389.29
0,31,0.25853,14.04,-1.62,59.79,54.90,-9.51,444.31
0,32,0.26683,14.18,-1.68,63.19,16.91,-7.34,409.93
0,33,0.27522,14.20,-1.74,66.60,1.45,-6.67,405.82
0,34,0.28351,13.87,-1.78,69.93,-39.04,-4.99,402.95
0,35,0.29187,13.42,-1.82,73.26,-53.65,-4.29,397.45
0,36,0.30077,12.85,-1.85,76.56,-64.49,-3.40,371.53
0,37,0.30859,12.15,-1.87,79.84,-89.28,-3.21,419.10
0,38,0.31673,11.20,-1.89,83.09,-117.07,-1.70,399.25
0,39,0.32513,10.13,-1.89,86.30,-127.77,-1.02,381.85
0,40,0.33347,9.25,-1.91,89.57,-105.49,-2.09,392.31
0,41,0.34219,8.56,-1.94,92.88,-78.32,-2.99,379.72
0,42,0.35022,8.08,-1.97,96.23,-60.08,-4.35,417.49
0,43,0.35851,7.80,-2.02,99.61,-33.89,-5.24,407.00
0,44,0.36679,7.67,-2.07,102.97,-15.84,-5.98,406.26
0,45,0.37520,7.56,-2.12,106.34,-13.43,-5.98,400.73
0,46,0.38342,7.44,-2.17,109.71,-13.73,-6.13,409.65
0,47,0.39192,7.33,-2.22,113.08,-13.29,-5.91,396.41
0,48,0.40074,7.23,-2.27,116.57,-11.76,-5.99,396.19
0,49,0.40857,7.12,-2.32,120.07,-13.26,-6.70,446.39
0,50,0.41681,7.01,-2.38,123.69,-13.33,-6.61,439.63
0,51,0.42535,6.87,-2.43,127.31,-16.79,-6.24,423.57
0,52,0.43358,6.57,-2.48,131.06,-36.36,-5.93,456.03
0,53,0.44200,6.05,-2.52,134.79,-61.96,-4.69,442.39
0,54,0.45021,5.24,-2.55,138.68,-98.14,-3.72,473.98
0,55,0.45926,4.21,-2.57,142.51,-114.67,-2.22,423.61
0,56,0.46687,2.88,-2.58,146.37,-174.35,-1.14,507.01
0,57,0.47530,1.32,-2.58,150.15,-184.78,0.23,448.19
0,58,0.48363,-0.46,-2.56,153.82,-213.55,1.53,441.03
0,59,0.49223,-2.45,-2.54,157.38,-231.91,2.72,413.83
0,60,0.50027,-4.66,-2.51,160.82,-274.38,4.23,426.94
0,61,0.50862,-7.07,-2.46,164.11,-288.48,5.33,394.88
0,62,0.51691,-9.59,-2.41,167.33,-304.24,6.09,388.21
0,63,0.52528,-12.30,-2.35,170.39,-323.50,7.27,365.39
0,64,0.53354,-15.19,-2.28,173.28,-350.09,8.55,350.46
0,65,0.54195,-18.25,-2.20,175.99,-363.70,9.59,322.69
0,66,0.55092,-21.46,-2.11,178.52,-358.16,10.02,281.63
0,67,0.55862,-24.82,-2.01,180.85,-436.04,12.87,302.18
0,68,0.56697,-28.22,-1.90,182.90,-407.31,12.61,245.70
0,69,0.57542,-31.74,-1.79,184.74,-415.88,13.41,218.05
0,70,0.58362,-35.36,-1.67,186.37,-442.09,14.80,198.88
0,71,0.59265,-39.07,-1.54,187.78,-410.81,14.20,155.74
0,72,0.60028,-42.70,-1.41,188.82,-476.00,17.19,136.80
0,73,0.60889,-46.39,-1.27,189.65,-428.37,15.92,95.74
0,74,0.61705,-50.12,-1.13,190.25,-456.82,17.46,73.64
0,75,0.62531,-53.88,-0.98,190.62,-455.45,17.84,45.47
0,76,0.63367,-57.47,-0.84,190.82,-429.56,17.64,23.36
0,77,0.64206,-61.07,-0.67,190.80,-428.73,19.17,-2.18
0,78,0.65100,-64.65,-0.51,190.57,-401.37,18.36,-26.28
0,79,0.65877,-68.22,-0.34,190.12,-459.33,21.55,-57.76
0,80,0.66701,-71.76,-0.17,189.46,-429.26,20.56,-80.37
0,81,0.67546,-75.25,-0.00,188.58,-412.64,20.25,-103.25
0,82,0.68382,-78.68,0.17,187.50,-410.22,20.63,-129.20
0,83,0.69211,-82.04,0.34,186.22,-405.52,20.84,-155.06
0,84,0.70033,-85.31,0.52,184.74,-398.52,21.01,-180.33
0,85,0.70938,-88.50,0.69,183.06,-351.77,18.99,-185.50
0,86,0.71704,-91.57,0.86,181.19,-401.59,22.29,-243.43
0,87,0.72552,-94.53,1.03,179.14,-348.56,19.84,-241.37
0,88,0.73376,-97.49,1.20,176.86,-359.26,20.97,-277.41
0,89,0.74232,-100.31,1.36,174.40,-329.41,19.24,-287.34
0,90,0.75044,-102.98,1.38,171.77,-328.57,2.42,-323.31
0,91,0.75877,-105.48,1.46,168.99,-300.73,9.56,-333.70
0,92,0.76707,-107.93,1.55,165.92,-294.85,10.41,-370.59
0,93,0.77542,-110.19,1.64,162.70,-270.57,10.61,-385.74
0,94,0.78378,-112.25,1.73,159.35,-246.35,10.78,-400.36
0,95,0.79214,-114.11,1.82,155.88,-221.90,10.98,-414.60
0,96,0.80103,-115.72,1.91,152.29,-181.44,10.51,-405.15
0,97,0.80884,-117.11,2.01,148.60,-178.52,12.06,-472.27
0,98,0.81706,-118.42,2.10,144.88,-159.18,11.48,-452.32
0,99,0.82552,-119.66,2.20,141.13,-146.57,11.18,-442.60
0,100,0.83371,-120.65,2.29,137.35,-121.42,11.48,-462.20
0,101,0.84238,-121.58,2.38,133.54,-106.69,10.84,-439.08
0,102,0.85042,-122.43,2.48,129.72,-105.50,11.71,-475.52
0,103,0.85886,-123.17,2.57,125.87,-87.88,11.12,-455.70
0,104,0.86711,-123.79,2.67,122.01,-74.68,11.34,-468.39
0,105,0.87550,-124.20,2.76,118.11,-49.82,11.08,-464.00
0,106,0.88377,-124.39,2.85,114.20,-22.14,11.15,-473.06
0,107,0.89217,-124.33,2.94,110.28,6.18,10.80,-466.55
0,108,0.90109,-124.05,3.03,106.38,32.14,9.98,-437.61
0,109,0.90884,-123.53,3.12,102.50,66.93,11.25,-500.79
0,110,0.91714,-122.79,3.20,98.72,88.60,10.03,-454.78
0,111,0.92560,-121.83,3.28,95.00,113.72,9.57,-440.79
0,112,0.93378,-120.65,3.36,91.33,144.40,9.54,-447.76
0,113,0.94218,-119.25,3.44,87.75,166.61,8.91,-426.13
0,114,0.95058,-117.70,3.50,84.52,184.73,7.84,-385.45
0,115,0.95946,-115.96,3.56,81.38,196.22,7.05,-353.26
0,116,0.96713,-114.15,3.62,78.55,235.79,7.14,-368.19
0,117,0.97552,-112.17,3.67,75.84,235.27,6.09,-323.27
0,118,0.98378,-110.04,3.63,73.25,258.41,-4.85,-313.86
0,119,0.99240,-107.75,3.55,70.79,265.13,-9.60,-284.96
0,120,1.00052,-105.40,3.48,68.57,290.60,-8.07,-274.06
0,121,1.00887,-102.91,3.41,66.49,298.35,-8.87,-248.99
0,122,1.01718,-100.39,3.33,64.69,302.75,-9.68,-216.15
0,123,1.02562,-97.77,3.24,63.05,310.67,-10.39,-194.58
0,124,1.03392,-95.05,3.14,61.57,327.21,-11.42,-178.68
0,125,1.04228,-92.25,3.04,60.25,334.67,-12.12,-157.66
0,126,1.05153,-89.47,2.94,59.12,300.66,-11.25,-121.45
0,127,1.05894,-86.63,2.83,58.17,383.13,-14.82,-128.81
0,128,1.06718,-83.74,2.71,57.39,351.11,-13.98,-94.81
0,129,1.07568,-80.80,2.59,56.78,345.42,-14.12,-71.45
0,130,1.08388,-77.73,2.46,56.35,375.42,-15.84,-52.51
1,0,0.00000,0.00,0.00,0.00,-18.22,-6.23,65.43
1,1,0.00844,-0.17,-0.05,0.53,-20.25,-6.08,62.93
1,2,0.01675,-0.38,-0.13,1.41,-24.95,-9.85,106.06
1,3,0.02512,-0.62,-0.22,2.29,-28.83,-9.86,104.38
1,4,0.03336,-0.79,-0.32,3.51,-21.11,-13.06,148.15
1,5,0.04187,-1.02,-0.43,4.72,-26.16,-12.87,142.29
1,6,0.05009,-1.18,-0.57,6.25,-20.41,-16.09,186.27
1,7,0.05840,-1.41,-0.70,7.77,-27.57,-16.27,183.46
1,8,0.06674,-1.29,-0.82,9.29,14.63,-14.11,181.72
1,9,0.07521,-1.23,-0.94,10.81,7.57,-14.24,179.46
1,10,0.08339,-0.74,-1.05,12.44,59.70,-13.37,198.88
1,11,0.09183,-0.31,-1.16,14.08,50.27,-13.46,194.94
1,12,0.10010,0.29,-1.27,15.73,73.06,-12.74,199.63
1,13,0.10847,0.83,-1.38,17.40,64.48,-13.20,199.64
1,14,0.11681,1.53,-1.48,19.02,83.52,-11.84,194.14
1,15,0.12511,2.16,-1.58,20.66,76.47,-12.43,197.79
1,16,0.13336,2.73,-1.69,22.33,69.13,-13.11,201.48
1,17,0.14250,3.24,-1.80,24.01,55.43,-12.36,184.31
1,18,0.15010,3.88,-1.92,25.85,85.14,-15.63,241.77
1,19,0.15851,4.45,-2.04,27.66,67.15,-14.39,215.97
1,20,0.16693,5.21,-2.16,29.57,89.86,-14.07,225.72
1,21,0.17540,5.90,-2.28,31.50,81.80,-14.70,228.11
1,22,0.18343,6.83,-2.41,33.66,115.97,-16.40,269.20
1,23,0.19185,7.68,-2.55,35.86,101.45,-16.42,261.23
1,24,0.20021,8.75,-2.70,38.33,127.74,-17.99,295.99
1,25,0.20851,9.73,-2.86,40.85,118.01,-19.11,303.68
1,26,0.21684,10.95,-3.03,43.66,146.52,-20.39,336.63
1,27,0.22519,12.06,-3.21,46.51,132.72,-21.55,342.23
1,28,0.23351,13.04,-3.42,49.65,118.17,-25.09,377.25
1,29,0.24246,13.90,-3.64,52.83,95.74,-24.31,355.03
1,30,0.25018,14.47,-3.89,56.27,73.12,-32.81,445.45
1,31,0.25859,14.89,-4.15,59.73,50.82,-31.03,411.25
1,32,0.26685,15.04,-4.42,63.13,17.38,-32.77,412.20
1,33,0.27541,15.04,-4.70,66.53,0.71,-32.33,397.50
1,34,0.28352,14.72,-4.99,69.87,-40.23,-35.38,411.28
1,35,0.29196,14.26,-5.28,73.20,-53.89,-34.69,393.85
1,36,0.30022,13.68,-5.58,76.50,-70.61,-35.90,400.00
1,37,0.30862,12.96,-5.88,79.78,-84.94,-35.81,389.84
1,38,0.31689,12.00,-6.19,83.02,-116.97,-37.56,392.25
1,39,0.32529,10.90,-6.50,86.22,-130.18,-37.27,381.82
1,40,0.33415,9.69,-6.82,89.38,-137.35,-35.61,356.28
1,41,0.34193,8.47,-7.13,92.54,-156.47,-40.52,405.88
1,42,0.35014,7.25,-7.45,95.70,-148.33,-38.46,384.76
1,43,0.35875,6.03,-7.76,98.86,-141.49,-36.62,367.02
1,44,0.36697,4.77,-8.08,101.98,-153.25,-38.23,379.96
1,45,0.37527,3.51,-8.39,105.11,-151.84,-37.93,376.47
1,46,0.38356,2.25,-8.71,108.23,-152.12,-38.00,377.16
1,47,0.39256,0.99,-9.02,111.36,-140.00,-34.98,347.46
1,48,0.40024,-0.30,-9.35,114.61,-168.59,-42.49,423.06
1,49,0.40863,-1.60,-9.67,117.86,-154.55,-38.89,387.27
1,50,0.41689,-2.94,-9.94,121.22,-163.03,-31.74,407.39
1,51,0.42545,-4.29,-10.35,124.59,-157.58,-48.41,393.23
1,52,0.43362,-5.71,-10.70,128.07,-173.13,-42.97,426.12
1,53,0.44200,-7.13,-11.05,131.56,-169.40,-42.01,416.76
1,54,0.45032,-8.64,-11.43,135.24,-182.02,-44.67,441.83
1,55,0.45865,-10.16,-11.80,138.91,-181.68,-44.61,441.03
1,56,0.46690,-11.74,-12.18,142.68,-191.50,-46.26,455.82
1,57,0.47536,-13.32,-12.56,146.44,-187.00,-45.17,445.13
1,58,0.48418,-14.90,-12.94,150.20,-179.24,-43.30,426.64
1,59,0.49202,-16.48,-13.32,153.96,-201.56,-48.72,479.77
1,60,0.50031,-18.06,-13.71,157.73,-190.79,-46.06,454.14
1,61,0.50877,-19.64,-14.11,161.49,-186.31,-47.64,444.68
1,62,0.51697,-21.12,-14.79,165.30,-181.01,-82.56,464.80
1,63,0.52539,-22.60,-15.82,169.11,-176.09,-122.60,452.17
1,64,0.53366,-24.09,-17.05,172.92,-179.34,-148.76,460.52
1,65,0.54271,-25.57,-18.13,176.73,-163.91,-119.14,420.91
1,66,0.55034,-27.06,-19.29,180.56,-195.60,-152.35,502.80
1,67,0.55878,-28.55,-20.44,184.37,-175.77,-136.70,450.99
1,68,0.56708,-30.00,-21.56,188.06,-175.00,-135.15,445.22
1,69,0.57549,-31.45,-22.33,191.76,-172.78,-91.06,439.93
1,70,0.58372,-32.90,-22.54,195.46,-176.30,-25.38,448.52
1,71,0.59215,-34.36,-22.75,199.15,-172.46,-24.79,438.04
1,72,0.60097,-35.82,-22.95,202.63,-165.74,-22.54,394.81
1,73,0.60878,-37.28,-23.15,206.11,-187.11,-25.45,445.70
1,74,0.61705,-38.74,-23.34,209.59,-176.75,-24.05,421.03
1,75,0.62549,-40.20,-23.54,213.07,-172.88,-23.54,412.30
1,76,0.63437,-41.54,-23.73,216.41,-151.20,-21.35,375.95
1,77,0.64218,-42.89,-23.92,219.75,-171.88,-24.25,427.34
1,78,0.65048,-44.23,-24.11,223.09,-161.76,-22.81,402.21
1,79,0.65889,-45.57,-24.30,226.43,-159.71,-22.53,397.10
1,80,0.66704,-46.91,-24.49,229.77,-164.79,-23.26,409.74
1,81,0.67554,-48.26,-24.68,233.11,-157.99,-22.30,392.82
1,82,0.68390,-49.60,-24.87,236.44,-160.58,-22.66,399.27
1,83,0.69218,-50.94,-25.06,239.78,-162.06,-22.84,402.95
1,84,0.70111,-52.29,-25.25,243.12,-150.43,-21.23,374.02
1,85,0.70892,-53.63,-25.44,246.48,-172.66,-24.38,429.69
1,86,0.71716,-54.98,-25.63,249.82,-162.96,-23.00,405.19
1,87,0.72560,-56.32,-25.82,253.16,-159.13,-22.45,396.02
1,88,0.73447,-57.69,-26.01,256.64,-154.56,-22.23,392.77
1,89,0.74223,-59.08,-26.21,260.16,-178.39,-25.63,453.44
1,90,0.75060,-60.45,-26.41,263.64,-163.87,-23.57,416.42
1,91,0.75900,-61.82,-26.61,267.14,-163.34,-23.47,415.25
1,92,0.76720,-63.26,-26.82,270.79,-176.16,-25.27,446.18
1,93,0.77565,-64.71,-27.04,274.45,-170.76,-26.75,432.49
1,94,0.78397,-66.15,-27.34,278.10,-173.58,-36.29,439.63
1,95,0.79305,-67.60,-27.66,281.76,-159.33,-35.04,402.69
1,96,0.80054,-69.11,-27.87,285.47,-202.04,-27.17,495.72
1,97,0.80893,-70.60,-28.13,289.13,-177.09,-31.52,435.27
1,98,0.81732,-72.08,-28.39,292.78,-177.09,-31.48,435.27
1,99,0.82571,-73.58,-28.66,296.42,-178.55,-31.39,434.18
1,100,0.83397,-75.23,-28.91,299.98,-199.63,-31.05,430.31
1,101,0.84247,-76.88,-29.17,303.53,-193.90,-30.16,417.95
1,102,0.85123,-78.52,-29.43,307.08,-188.15,-29.22,405.57
1,103,0.85905,-80.17,-29.68,310.63,-210.53,-32.75,453.80
1,104,0.86723,-81.82,-29.94,314.18,-201.49,-31.34,434.33
1,105,0.87573,-83.47,-30.19,317.74,-193.90,-30.12,417.95
1,106,0.88454,-85.12,-30.45,321.29,-187.18,-29.12,403.47
1,107,0.89233,-86.76,-30.71,324.84,-211.35,-32.88,455.58
1,108,0.90063,-88.41,-30.96,328.39,-198.53,-30.84,427.94
1,109,0.90898,-90.06,-31.22,331.94,-197.07,-30.61,424.86
1,110,0.91722,-91.67,-31.47,335.43,-196.30,-30.58,423.70
1,111,0.92567,-93.29,-31.72,338.92,-191.34,-29.76,413.00
1,112,0.93404,-94.91,-31.97,342.41,-193.43,-30.13,417.52
1,113,0.94243,-96.52,-32.22,345.89,-192.36,-29.81,413.82
1,114,0.95079,-98.08,-32.46,349.12,-186.13,-27.93,386.86
1,115,0.95906,-99.63,-32.69,352.34,-187.45,-28.01,389.30
1,116,0.96730,-101.09,-32.91,355.36,-177.41,-26.44,366.67
1,117,0.97569,-102.55,-33.13,358.38,-174.18,-25.96,360.00
1,118,0.98421,-104.02,-33.34,361.40,-171.68,-25.54,354.84
1,119,0.99312,-105.47,-33.56,364.42,-163.70,-24.33,338.01
1,120,1.00066,-106.92,-33.77,367.36,-191.90,-28.13,390.28
1,121,1.00914,-108.35,-33.98,370.26,-168.35,-24.54,341.73
1,122,1.01744,-109.76,-34.18,373.01,-169.49,-23.94,331.99
1,123,1.02586,-111.16,-34.38,375.77,-167.03,-23.51,327.17
1,124,1.03407,-112.57,-34.57,378.52,-171.38,-24.12,335.69
1,125,1.04243,-113.97,-34.77,381.27,-167.88,-23.67,328.83
1,126,1.05141,-115.33,-34.96,383.95,-150.68,-21.41,297.96
1,127,1.05925,-116.68,-35.16,386.63,-172.76,-24.60,341.63
1,128,1.06734,-118.03,-35.35,389.30,-167.17,-23.75,330.57
1,129,1.07585,-119.39,-35.54,391.98,-159.50,-22.68,315.05
1,130,1.08464,-120.81,-35.74,394.75,-161.11,-22.60,314.58
2,0,0.00000,0.00,0.00,0.00,-16.54,8.37,-65.07
2,1,0.00827,-0.12,0.08,-0.55,-14.39,9.32,-66.05
2,2,0.01727,-0.38,0.20,-1.41,-29.49,13.54,-96.27
2,3,0.02499,-0.62,0.32,-2.29,-30.43,15.88,-113.04
2,4,0.03336,-1.10,0.54,-3.42,-56.93,25.84,-136.13
2,5,0.04163,-1.53,0.72,-4.58,-52.77,22.22,-139.48
2,6,0.05023,-2.19,0.95,-5.97,-75.89,26.62,-162.06
2,7,0.05829,-2.79,1.18,-7.39,-75.00,28.43,-175.76
2,8,0.06668,-3.70,1.41,-8.61,-108.00,26.93,-145.45
2,9,0.07507,-4.56,1.63,-9.86,-102.91,26.94,-149.09
2,10,0.08340,-5.85,1.87,-10.97,-154.58,28.76,-133.33
2,11,0.09180,-7.10,2.17,-12.12,-148.73,35.05,-137.45
2,12,0.10016,-8.50,2.38,-13.18,-168.25,26.08,-125.91
2,13,0.10907,-9.87,2.62,-14.28,-153.77,26.19,-123.63
2,14,0.11682,-11.36,2.84,-15.25,-192.52,28.38,-125.20
2,15,0.12512,-12.81,3.06,-16.26,-173.90,27.29,-121.32
2,16,0.13345,-14.22,3.28,-17.31,-168.86,26.23,-126.74
2,17,0.14185,-15.59,3.49,-18.41,-163.64,24.64,-131.27
2,18,0.15018,-17.13,3.70,-19.53,-184.62,24.84,-133.70
2,19,0.15845,-18.63,3.89,-20.69,-181.92,23.52,-140.59
2,20,0.16687,-20.35,4.09,-21.80,-203.99,23.26,-131.88
2,21,0.17511,-22.03,4.27,-22.97,-204.44,22.40,-141.85
2,22,0.18356,-24.06,4.49,-24.17,-239.35,26.39,-142.24
2,23,0.19174,-26.04,4.72,-25.44,-242.54,27.06,-155.22
2,24,0.20074,-28.37,4.98,-26.79,-258.98,29.76,-150.17
2,25,0.20840,-30.66,5.23,-28.23,-298.80,32.19,-186.85
2,26,0.21686,-33.33,5.42,-29.73,-315.16,22.25,-177.62
2,27,0.22516,-35.94,5.53,-31.32,-314.71,13.78,-191.91
2,28,0.23355,-38.63,5.58,-33.20,-321.09,5.40,-224.36
2,29,0.24185,-41.26,5.55,-35.18,-316.91,-3.80,-237.87
2,30,0.25024,-43.84,5.51,-37.53,-306.55,-4.77,-280.00
2,31,0.25848,-46.33,5.51,-39.96,-302.22,0.30,-295.56
2,32,0.26758,-48.57,5.53,-42.52,-246.64,2.78,-281.54
2,33,0.27521,-50.75,5.57,-45.20,-286.40,4.72,-351.20
2,34,0.28360,-52.62,5.63,-47.99,-222.18,7.44,-332.36
2,35,0.29190,-54.39,5.70,-50.84,-213.24,8.61,-343.38
2,36,0.30038,-56.06,5.79,-53.75,-197.12,9.61,-342.81
2,37,0.30862,-57.63,5.88,-56.72,-190.37,11.05,-360.00
2,38,0.31696,-59.00,5.99,-59.81,-164.47,13.31,-371.43
2,39,0.32526,-60.26,6.11,-62.95,-152.21,14.52,-378.31
2,40,0.33368,-61.36,6.24,-66.16,-130.07,15.95,-380.43
2,41,0.34186,-62.45,6.38,-69.36,-133.96,16.43,-391.79
2,42,0.35034,-63.55,6.51,-72.56,-129.14,15.86,-377.70
2,43,0.35861,-64.64,6.65,-75.77,-132.10,16.29,-387.45
2,44,0.36755,-65.68,6.78,-78.97,-116.38,15.40,-358.36
2,45,0.37527,-66.72,6.92,-82.19,-134.78,17.92,-416.21
2,46,0.38367,-67.76,7.06,-85.39,-124.00,16.40,-381.82
2,47,0.39200,-68.80,7.20,-88.60,-124.91,16.57,-385.35
2,48,0.40042,-69.89,7.34,-91.93,-129.35,16.90,-394.57
2,49,0.40863,-70.98,7.48,-95.25,-131.97,17.41,-405.58
2,50,0.41760,-72.08,7.63,-98.71,-122.45,16.70,-384.69
2,51,0.42526,-73.14,7.79,-102.18,-138.25,20.00,-452.99
2,52,0.43365,-74.15,7.95,-105.80,-120.73,19.72,-431.64
2,53,0.44189,-75.11,8.12,-109.44,-117.04,20.61,-442.22
2,54,0.45059,-76.06,8.31,-113.30,-109.12,21.17,-443.51
2,55,0.45865,-76.98,8.49,-117.17,-113.64,23.18,-480.30
2,56,0.46701,-77.86,8.69,-121.15,-105.47,23.45,-476.64
2,57,0.47534,-78.71,8.89,-125.15,-102.20,23.80,-479.12
2,58,0.48367,-79.54,9.39,-129.14,-99.63,60.84,-479.85
2,59,0.49197,-80.34,9.86,-133.15,-96.32,55.93,-482.35
2,60,0.50037,-81.12,10.32,-137.16,-92.73,55.41,-477.45
2,61,0.50925,-81.88,10.79,-141.17,-85.22,52.70,-451.55
2,62,0.51706,-82.72,11.25,-145.19,-108.20,59.43,-515.62
2,63,0.52530,-83.54,11.72,-149.20,-99.26,56.15,-486.30
2,64,0.53372,-84.34,12.18,-153.21,-95.65,55.03,-475.72
2,65,0.54196,-85.14,12.65,-157.22,-96.30,56.50,-486.67
2,66,0.55060,-85.92,13.11,-161.23,-90.46,54.00,-464.66
2,67,0.55869,-86.70,13.58,-165.24,-96.23,57.60,-495.85
2,68,0.56705,-87.43,14.03,-169.14,-87.59,54.51,-466.79
2,69,0.57532,-88.16,14.49,-173.05,-87.82,55.12,-471.96
2,70,0.58371,-88.87,14.95,-176.95,-85.09,54.52,-465.45
2,71,0.59198,-89.57,15.41,-180.85,-84.13,55.33,-471.59
2,72,0.60037,-90.13,15.85,-184.59,-66.91,53.04,-445.09
2,73,0.60925,-90.68,16.30,-188.33,-61.86,50.35,-420.96
2,74,0.61703,-91.20,16.75,-192.07,-67.84,57.60,-480.78
2,75,0.62531,-91.71,17.20,-195.80,-61.62,54.35,-451.66
2,76,0.63382,-92.24,17.62,-199.36,-62.01,49.89,-417.92
2,77,0.64197,-92.76,18.05,-202.92,-63.30,52.33,-437.08
2,78,0.65045,-93.26,18.47,-206.48,-59.71,50.25,-419.78
2,79,0.65897,-93.76,18.90,-210.05,-58.42,50.23,-418.28
2,80,0.66727,-94.26,19.33,-213.61,-59.93,51.52,-429.04
2,81,0.67621,-94.75,19.76,-217.17,-55.29,47.81,-398.29
2,82,0.68384,-95.26,20.20,-220.83,-66.40,57.69,-480.00
2,83,0.69205,-95.75,20.60,-224.40,-59.48,49.24,-434.20
2,84,0.70050,-96.24,20.78,-227.96,-57.76,21.08,-421.66
2,85,0.70889,-96.73,20.82,-231.52,-58.18,4.98,-424.73
2,86,0.71716,-97.21,20.74,-235.09,-59.04,-10.13,-431.00
2,87,0.72537,-97.71,20.61,-238.66,-59.85,-15.05,-435.32
2,88,0.73389,-98.24,20.42,-242.36,-63.08,-23.09,-434.77
2,89,0.74213,-98.78,20.25,-246.07,-65.19,-20.05,-449.26
2,90,0.75052,-99.32,20.09,-249.77,-64.00,-19.69,-441.09
2,91,0.75946,-99.85,19.92,-253.48,-60.07,-18.52,-415.36
2,92,0.76712,-100.42,19.75,-257.37,-73.71,-22.63,-507.97
2,93,0.77545,-101.01,19.57,-261.26,-71.06,-21.08,-466.67
2,94,0.78391,-101.69,19.39,-265.13,-80.87,-21.47,-458.12
2,95,0.79208,-102.50,19.20,-268.98,-98.88,-23.31,-470.52
2,96,0.80057,-103.38,19.00,-272.82,-103.60,-22.97,-452.88
2,97,0.80887,-104.34,18.80,-276.65,-115.07,-24.13,-460.66
2,98,0.81714,-105.37,18.60,-280.45,-125.09,-24.81,-460.15
2,99,0.82541,-106.46,18.39,-284.24,-132.10,-25.25,-457.93
2,100,0.83398,-107.46,18.19,-288.03,-116.37,-23.58,-441.64
2,101,0.84207,-108.56,17.98,-291.79,-135.85,-25.77,-464.91
2,102,0.85049,-109.77,17.76,-295.51,-144.20,-25.65,-442.03
2,103,0.85953,-111.09,17.54,-299.20,-145.61,-24.57,-408.11
2,104,0.86722,-112.51,17.31,-302.91,-184.92,-30.01,-482.54
2,105,0.87555,-113.98,17.08,-306.54,-175.82,-27.71,-435.90
2,106,0.88388,-115.50,16.84,-310.15,-183.15,-28.20,-432.97
2,107,0.89209,-117.08,16.61,-313.73,-192.57,-29.01,-436.43
2,108,0.90048,-118.72,16.37,-317.29,-195.27,-28.78,-423.64
2,109,0.90891,-120.41,16.12,-320.81,-200.36,-28.99,-418.84
2,110,0.91772,-122.13,15.88,-324.26,-194.81,-27.61,-390.31
2,111,0.92548,-123.90,15.63,-327.67,-228.35,-31.79,-440.55
2,112,0.93396,-125.71,15.37,-331.06,-213.31,-30.53,-400.00
2,113,0.94211,-127.55,15.10,-334.42,-225.84,-33.90,-411.61
2,114,0.95053,-129.26,14.84,-337.57,-203.62,-30.66,-374.28
2,115,0.95871,-130.99,14.58,-340.69,-211.57,-31.60,-381.72
2,116,0.96716,-132.64,14.34,-343.62,-194.95,-28.82,-345.85
2,117,0.97543,-134.30,14.09,-346.53,-201.11,-29.60,-352.40
2,118,0.98386,-135.98,13.85,-349.44,-198.91,-29.09,-345.29
2,119,0.99213,-137.66,13.60,-352.33,-202.95,-29.64,-350.18
2,120,1.00049,-139.27,13.36,-355.15,-192.70,-28.26,-336.50
2,121,1.00937,-140.88,13.13,-357.95,-181.10,-26.57,-315.46
2,122,1.01715,-142.38,12.90,-360.66,-192.94,-28.85,-347.84
2,123,1.02563,-143.88,12.68,-363.36,-176.98,-26.32,-319.06
2,124,1.03403,-145.38,12.46,-366.07,-178.91,-26.70,-322.55
2,125,1.04221,-146.88,12.23,-368.77,-183.21,-27.37,-329.85
2,126,1.05069,-148.35,12.02,-371.38,-172.66,-25.60,-308.27
2,127,1.05890,-149.81,11.80,-374.00,-178.44,-26.55,-318.59
2,128,1.06720,-151.28,11.58,-376.61,-176.47,-26.12,-315.07
2,129,1.07626,-152.74,11.36,-379.24,-161.95,-24.06,-289.23
2,130,1.08401,-154.25,11.14,-381.95,-194.09,-29.04,-350.39
3,0,0.00000,0.00,0.00,0.00,-130.32,-17.98,156.32
3,1,0.00830,-0.05,-0.03,0.56,-6.25,-3.61,66.91
3,2,0.01730,-0.06,-0.07,1.46,-1.36,-4.83,100.68
3,3,0.02551,-0.11,-0.12,2.38,-5.20,-5.64,112.27
3,4,0.03333,-0.01,-0.17,3.61,12.89,-6.29,157.03
3,5,0.04175,0.05,-0.22,4.85,6.88,-6.26,146.74
3,6,0.05026,-0.27,-0.31,6.13,-37.99,-10.21,151.25
3,7,0.05853,-1.17,-0.43,7.19,-109.23,-14.90,127.68
3,8,0.06729,-1.68,-0.52,8.20,-57.49,-10.08,115.68
3,9,0.07516,-2.55,-0.63,9.11,-110.47,-14.46,115.12
3,10,0.08426,-3.52,-0.75,9.81,-107.38,-12.37,76.85
3,11,0.09204,-4.89,-0.89,10.44,-175.69,-18.29,81.18
3,12,0.10034,-6.15,-1.02,11.00,-151.10,-15.47,67.28
3,13,0.10864,-7.53,-1.16,11.57,-166.91,-16.84,68.38
3,14,0.11761,-8.54,-1.27,12.15,-112.24,-12.32,65.31
3,15,0.12610,-9.63,-1.39,12.80,-128.78,-14.15,76.26
3,16,0.13373,-10.31,-1.48,13.64,-88.80,-12.42,110.80
3,17,0.14206,-11.11,-1.59,14.50,-96.34,-12.72,102.93
3,18,0.15060,-11.84,-1.69,15.42,-85.36,-12.02,107.14
3,19,0.15887,-12.94,-1.82,16.27,-132.47,-15.64,102.58
3,20,0.16739,-13.52,-1.92,17.28,-68.82,-11.15,118.64
3,21,0.17551,-14.48,-2.04,18.25,-117.67,-15.26,119.55
3,22,0.18454,-15.08,-2.14,19.42,-66.22,-11.49,130.41
3,23,0.19238,-15.92,-2.27,20.65,-108.17,-16.17,155.64
3,24,0.20062,-16.38,-2.38,22.15,-55.93,-13.04,182.22
3,25,0.20892,-16.98,-2.50,23.75,-72.06,-14.93,193.01
3,26,0.21750,-17.33,-2.62,25.60,-40.21,-13.41,216.01
3,27,0.22626,-18.00,-2.76,27.56,-77.00,-16.79,224.04
3,28,0.23407,-19.19,-2.97,29.83,-151.95,-25.98,289.84
3,29,0.24240,-20.20,-3.17,32.32,-120.88,-23.87,298.53
3,30,0.25101,-20.89,-3.36,35.26,-80.50,-22.53,341.84
3,31,0.25903,-21.34,-3.54,38.35,-56.27,-22.65,385.55
3,32,0.26761,-21.65,-3.71,41.55,-36.30,-20.30,372.60
3,33,0.27585,-21.58,-3.86,44.82,9.26,-17.76,396.67
3,34,0.28500,-21.20,-3.98,48.12,40.67,-13.49,360.67
3,35,0.29321,-20.62,-4.10,51.68,70.63,-14.51,434.57
3,36,0.30096,-20.21,-4.23,55.01,52.76,-15.66,429.53
3,37,0.30933,-19.95,-4.36,58.36,32.12,-16.05,400.36
3,38,0.31784,-19.91,-4.51,61.75,4.66,-18.18,397.49
3,39,0.32660,-19.99,-4.68,65.13,-9.41,-18.77,386.41
3,40,0.33438,-20.28,-4.86,68.50,-36.86,-23.27,433.33
3,41,0.34286,-20.58,-5.04,71.88,-36.33,-21.51,397.48
3,42,0.35147,-20.89,-5.22,75.25,-35.82,-21.20,391.84
3,43,0.35950,-21.21,-5.41,78.62,-39.16,-22.82,419.77
3,44,0.36792,-21.57,-5.59,81.97,-42.75,-22.10,397.83
3,45,0.37662,-21.93,-5.78,85.32,-41.40,-21.35,385.26
3,46,0.38446,-22.29,-5.97,88.67,-45.91,-23.73,427.24
3,47,0.39359,-22.65,-6.15,92.04,-39.46,-20.45,369.23
3,48,0.40125,-23.01,-6.35,95.59,-47.81,-25.54,463.75
3,49,0.40952,-23.38,-6.54,99.09,-43.91,-23.38,423.25
3,50,0.41803,-23.75,-6.74,102.69,-44.09,-23.31,423.30
3,51,0.42682,-24.13,-6.94,106.32,-43.40,-22.84,412.50
3,52,0.43542,-24.54,-7.15,110.06,-47.52,-24.20,434.40
3,53,0.44308,-24.96,-7.36,113.86,-54.98,-27.61,496.41
3,54,0.45145,-25.42,-7.58,117.81,-54.01,-26.45,471.90
3,55,0.45984,-25.87,-7.80,121.77,-54.55,-26.53,472.36
3,56,0.46835,-26.36,-8.03,125.82,-57.71,-26.91,475.99
3,57,0.47702,-26.86,-8.26,129.88,-56.69,-26.48,467.61
3,58,0.48480,-27.35,-8.49,133.93,-63.14,-29.49,520.78
3,59,0.49393,-27.84,-8.72,137.98,-53.85,-25.15,444.15
3,60,0.50171,-28.34,-8.95,142.10,-64.31,-29.93,529.41
3,61,0.50983,-28.81,-9.18,146.16,-57.89,-28.08,499.62
3,62,0.51834,-29.20,-9.41,150.25,-45.52,-26.18,480.29
3,63,0.52722,-29.58,-9.63,154.32,-43.64,-24.96,458.42
3,64,0.53552,-29.97,-9.85,158.40,-46.69,-26.74,491.18
3,65,0.54333,-30.36,-10.07,162.47,-49.61,-28.38,521.09
3,66,0.55182,-30.75,-10.29,166.54,-45.68,-26.13,479.86
3,67,0.56012,-31.13,-10.51,170.58,-46.69,-26.57,487.50
3,68,0.56848,-31.52,-10.73,174.54,-46.35,-25.85,472.63
3,69,0.57733,-31.91,-10.95,178.49,-43.79,-24.46,446.55
3,70,0.58594,-32.30,-11.16,182.44,-45.04,-25.11,459.22
3,71,0.59348,-32.72,-11.39,186.54,-56.28,-29.91,543.32
3,72,0.60214,-33.18,-11.60,190.29,-52.46,-24.53,432.75
3,73,0.61029,-33.63,-11.81,194.04,-55.81,-26.05,460.30
3,74,0.61862,-34.09,-12.02,197.79,-54.58,-25.47,450.18
3,75,0.62723,-34.52,-12.23,201.50,-50.71,-24.25,430.85
3,76,0.63605,-34.90,-12.43,205.07,-42.91,-22.43,405.54
3,77,0.64362,-35.28,-12.63,208.65,-50.40,-26.17,472.58
3,78,0.65207,-35.66,-12.83,212.23,-45.13,-23.48,423.10
3,79,0.66052,-36.04,-13.03,215.80,-45.13,-23.43,423.10
3,80,0.66885,-36.43,-13.22,219.38,-45.79,-23.82,429.30
3,81,0.67725,-36.81,-13.42,222.96,-45.45,-23.59,426.18
3,82,0.68558,-37.19,-13.62,226.53,-45.79,-23.77,429.30
3,83,0.69458,-37.57,-13.96,230.11,-42.37,-38.25,397.29
3,84,0.70236,-37.97,-14.30,233.85,-50.98,-42.93,480.78
3,85,0.71054,-38.35,-14.61,237.43,-46.64,-37.82,437.31
3,86,0.71896,-38.73,-14.92,241.00,-45.29,-36.75,424.64
3,87,0.72751,-39.11,-15.23,244.62,-43.93,-36.59,423.57
3,88,0.73639,-39.47,-15.55,248.35,-41.24,-36.09,419.24
3,89,0.74408,-39.83,-15.87,252.08,-47.22,-41.78,484.92
3,90,0.75250,-40.19,-16.19,255.80,-42.39,-38.23,442.03
3,91,0.76096,-40.55,-16.68,259.58,-42.60,-56.98,447.29
3,92,0.76926,-40.92,-17.45,263.49,-44.49,-93.01,471.69
3,93,0.77759,-41.28,-18.36,267.41,-43.22,-109.82,469.96
3,94,0.78662,-41.63,-18.77,271.33,-38.85,-44.65,433.45
3,95,0.79437,-42.00,-18.76,275.39,-46.85,0.38,524.02
3,96,0.80267,-42.36,-18.95,279.31,-44.12,-22.83,472.79
3,97,0.81116,-42.71,-19.27,283.24,-41.37,-37.61,462.95
3,98,0.81949,-43.05,-19.43,287.17,-40.29,-19.52,471.43
3,99,0.82779,-43.43,-19.64,291.08,-45.96,-24.79,471.69
3,100,0.83679,-43.92,-19.83,294.97,-54.24,-21.32,431.53
3,101,0.84442,-44.39,-20.03,298.87,-62.40,-25.46,511.20
3,102,0.85278,-44.85,-20.22,302.76,-54.74,-23.32,464.96
3,103,0.86127,-45.30,-20.42,306.65,-52.52,-23.18,458.63
3,104,0.86960,-45.73,-20.62,310.54,-52.01,-23.84,467.03
3,105,0.87799,-46.15,-20.82,314.43,-49.82,-23.80,464.00
3,106,0.88629,-46.55,-21.02,318.33,-48.53,-24.36,469.12
3,107,0.89529,-46.94,-21.22,322.22,-43.39,-22.54,432.88
3,108,0.90381,-47.33,-21.43,326.25,-45.88,-24.87,473.48
3,109,0.91144,-47.70,-21.64,330.18,-48.00,-27.24,514.80
3,110,0.91977,-48.05,-21.84,334.01,-41.76,-24.40,459.71
3,111,0.92828,-48.38,-22.05,337.84,-39.43,-24.09,450.18
3,112,0.93713,-48.71,-22.26,341.68,-37.24,-23.34,433.10
3,113,0.94482,-49.05,-22.45,345.41,-43.65,-25.79,485.32
3,114,0.95325,-49.40,-22.64,348.98,-42.39,-22.11,423.91
3,115,0.96167,-49.76,-22.82,352.46,-41.67,-21.49,413.41
3,116,0.96991,-50.09,-22.99,355.80,-41.11,-21.12,405.19
3,117,0.97824,-50.43,-23.17,359.14,-39.93,-20.92,400.73
3,118,0.98758,-50.75,-23.34,362.48,-34.97,-18.69,357.52
3,119,0.99567,-51.09,-23.53,365.96,-41.89,-22.66,430.94
3,120,1.00339,-51.41,-23.70,369.19,-40.71,-21.86,417.79
3,121,1.01178,-51.72,-23.86,372.35,-37.82,-19.70,376.73
3,122,1.02023,-52.05,-24.02,375.43,-38.63,-18.66,363.90
3,123,1.02850,-52.37,-24.18,378.51,-38.01,-19.35,372.32
3,124,1.03732,-52.67,-24.34,381.59,-34.26,-18.34,349.13
3,125,1.04510,-52.95,-24.50,384.63,-36.08,-20.65,390.59
3,126,1.05435,-53.20,-24.66,387.61,-27.72,-17.36,323.10
3,127,1.06198,-53.45,-24.83,390.66,-32.40,-21.67,399.60
3,128,1.07043,-53.68,-24.99,393.65,-27.44,-19.30,353.43
3,129,1.07877,-53.92,-25.16,396.69,-27.84,-19.93,364.84
3,130,1.08725,-54.15,-25.33,399.79,-27.70,-19.97,365.11
4,0,0.00000,0.00,0.00,0.00,-91.42,-25.92,264.93
4,1,0.00830,-0.07,-0.05,0.56,-8.46,-5.89,66.91
4,2,0.01724,-0.10,-0.12,1.46,-3.41,-8.39,101.02
4,3,0.02582,-0.16,-0.20,2.36,-6.41,-8.88,105.34
4,4,0.03351,-0.06,-0.30,3.59,12.70,-12.39,159.52
4,5,0.04187,0.01,-0.39,4.82,7.66,-11.57,147.08
4,6,0.05035,0.21,-0.51,6.34,24.46,-13.49,179.86
4,7,0.05865,0.38,-0.62,7.88,19.85,-14.07,184.56
4,8,0.06750,0.90,-0.71,9.30,58.62,-10.36,161.38
4,9,0.07596,1.38,-0.81,10.75,57.04,-11.18,170.76
4,10,0.08368,2.34,-0.89,12.20,124.51,-10.16,188.14
4,11,0.09213,3.24,-1.02,13.64,106.86,-15.58,170.40
4,12,0.10037,4.33,-1.18,15.02,131.85,-19.05,167.78
4,13,0.10873,5.38,-1.35,16.43,125.91,-20.67,168.25
4,14,0.11777,6.58,-1.42,17.72,132.09,-7.46,142.91
4,15,0.12543,7.74,-1.54,19.05,151.39,-16.27,172.91
4,16,0.13452,8.86,-1.67,20.40,123.49,-13.98,148.99
4,17,0.14230,9.96,-1.80,21.80,141.57,-16.79,179.22
4,18,0.15051,11.22,-1.93,23.22,153.16,-16.26,173.23
4,19,0.15884,12.45,-2.07,24.67,147.62,-16.41,174.73
4,20,0.16794,13.90,-2.20,26.11,159.73,-14.86,158.39
4,21,0.17627,15.37,-2.35,27.63,176.92,-17.08,182.05
4,22,0.18402,17.13,-2.49,29.20,226.38,-18.92,202.36
4,23,0.19232,18.86,-2.65,30.82,208.82,-18.31,195.22
4,24,0.20090,20.92,-2.81,32.57,239.50,-19.12,203.91
4,25,0.20908,22.96,-2.98,34.38,250.00,-20.82,222.01
4,26,0.21793,25.34,-3.16,36.30,268.97,-20.29,216.90
4,27,0.22574,27.68,-3.35,38.30,298.83,-23.94,255.86
4,28,0.23486,30.06,-3.56,40.57,260.87,-23.33,248.49
4,29,0.24252,32.42,-3.78,42.97,308.76,-29.40,313.94
4,30,0.25079,34.65,-4.04,45.66,269.00,-30.47,324.35
4,31,0.25928,36.78,-4.29,48.40,251.80,-30.35,323.38
4,32,0.26810,38.69,-4.56,51.22,216.26,-30.07,319.72
4,33,0.27594,40.50,-4.83,54.10,231.13,-34.47,366.93
4,34,0.28497,42.05,-5.11,57.08,170.95,-31.05,329.73
4,35,0.29282,43.52,-5.40,60.11,187.55,-36.38,386.77
4,36,0.30096,44.90,-5.68,63.17,169.66,-35.31,375.28
4,37,0.30975,46.19,-5.97,66.27,146.88,-33.20,352.78
4,38,0.31870,47.30,-6.28,69.47,123.89,-33.65,357.68
4,39,0.32654,48.38,-6.60,72.87,137.35,-40.92,434.24
4,40,0.33450,49.20,-6.91,76.16,103.83,-38.86,412.26
4,41,0.34277,49.83,-7.22,79.48,76.01,-37.93,402.21
4,42,0.35114,50.26,-7.54,82.84,51.09,-37.88,401.46
4,43,0.35950,50.55,-7.85,86.21,34.31,-38.06,403.28
4,44,0.36798,50.78,-8.17,89.58,27.34,-37.41,396.40
4,45,0.37683,51.01,-8.49,92.94,26.21,-35.82,380.00
4,46,0.38461,51.24,-8.81,96.30,29.41,-40.79,432.16
4,47,0.39288,51.47,-9.13,99.68,28.41,-38.59,408.86
4,48,0.40140,51.73,-9.45,103.17,29.75,-38.63,409.68
4,49,0.40964,51.98,-9.79,106.68,30.74,-40.22,425.56
4,50,0.41815,52.24,-10.13,110.29,30.11,-39.97,424.37
4,51,0.42709,52.49,-10.47,113.93,28.67,-38.42,406.48
4,52,0.43478,52.74,-10.82,117.69,32.54,-46.15,489.29
4,53,0.44312,53.01,-11.18,121.47,31.87,-42.84,454.21
4,54,0.45163,53.29,-11.56,125.43,33.33,-43.88,465.23
4,55,0.45975,53.59,-11.93,129.41,36.84,-46.25,489.85
4,56,0.46826,53.90,-12.31,133.48,36.20,-45.10,478.14
4,57,0.47729,54.22,-12.70,137.55,35.47,-42.48,450.34
4,58,0.48489,54.56,-13.09,141.73,44.58,-51.87,550.20
4,59,0.49323,54.90,-13.48,145.80,40.29,-46.11,488.28
4,60,0.50211,55.23,-13.86,149.87,38.14,-43.21,458.08
4,61,0.51019,55.59,-14.24,153.93,44.15,-47.45,503.02
4,62,0.51862,56.04,-14.63,158.00,52.90,-45.56,482.61
4,63,0.52686,56.48,-15.01,162.06,54.07,-46.53,493.33
4,64,0.53601,56.93,-15.39,166.13,48.67,-41.87,444.00
4,65,0.54431,57.40,-15.80,170.46,56.99,-49.21,522.06
4,66,0.55200,57.85,-16.19,174.53,57.94,-49.90,528.57
4,67,0.56033,58.29,-16.57,178.56,52.75,-45.67,484.25
4,68,0.56888,58.70,-16.94,182.51,48.93,-43.58,462.14
4,69,0.57761,59.12,-17.35,186.46,47.90,-46.74,452.45
4,70,0.58545,59.54,-18.04,190.41,53.70,-88.47,503.50
4,71,0.59381,59.94,-19.06,194.31,47.08,-121.72,466.79
4,72,0.60233,60.25,-20.14,198.08,36.92,-126.53,442.29
4,73,0.61044,60.57,-21.21,201.84,38.72,-132.52,463.91
4,74,0.61899,60.88,-22.29,205.61,37.14,-126.08,440.71
4,75,0.62784,61.21,-23.35,209.33,36.90,-120.06,420.34
4,76,0.63562,61.57,-24.38,212.91,45.88,-131.57,460.00
4,77,0.64474,61.92,-25.40,216.49,39.13,-112.03,392.31
4,78,0.65256,62.29,-26.44,220.15,46.48,-133.77,468.75
4,79,0.66068,62.63,-27.06,223.73,42.11,-76.39,440.98
4,80,0.66913,62.96,-27.26,227.31,39.35,-23.50,423.83
4,81,0.67798,63.29,-27.46,230.90,37.24,-22.49,404.83
4,82,0.68631,63.62,-27.66,234.48,39.56,-23.84,430.04
4,83,0.69412,63.95,-27.86,238.06,42.19,-25.47,458.59
4,84,0.70248,64.28,-28.06,241.64,39.42,-23.75,428.47
4,85,0.71088,64.61,-28.26,245.23,39.27,-23.71,426.91
4,86,0.71927,64.94,-28.45,248.81,39.27,-23.67,426.91
4,87,0.72803,65.28,-28.66,252.43,39.02,-22.97,413.24
4,88,0.73599,65.66,-28.86,256.17,47.13,-26.15,470.11
4,89,0.74496,66.03,-29.07,259.90,41.50,-23.12,414.97
4,90,0.75281,66.42,-29.19,263.72,50.58,-15.09,487.94
4,91,0.76096,66.83,-29.46,267.50,50.19,-32.58,463.67
4,92,0.76944,67.26,-29.71,271.41,50.36,-30.55,460.79
4,93,0.77805,67.69,-29.93,275.32,50.35,-25.36,453.90
4,94,0.78687,68.13,-30.15,279.22,49.48,-24.75,442.91
4,95,0.79446,68.56,-30.38,283.23,57.03,-29.46,526.91
4,96,0.80304,68.96,-30.59,287.15,46.26,-25.45,457.30
4,97,0.81113,69.36,-30.81,291.07,49.43,-27.00,484.91
4,98,0.81976,69.76,-31.03,294.99,46.29,-25.28,454.06
4,99,0.82800,70.10,-31.25,298.91,41.11,-26.36,475.56
4,100,0.83630,70.31,-31.46,302.82,25.37,-25.72,470.96
4,101,0.84543,70.52,-31.67,306.73,23.08,-23.44,428.43
4,102,0.85312,70.73,-31.89,310.74,27.78,-28.45,521.03
4,103,0.86136,70.94,-32.11,314.65,25.56,-25.91,474.44
4,104,0.86984,71.15,-32.32,318.55,24.82,-25.21,460.79
4,105,0.87823,71.37,-32.53,322.46,25.09,-25.44,465.82
4,106,0.88647,71.58,-32.75,326.37,25.56,-25.91,474.44
4,107,0.89548,71.79,-32.96,330.28,23.39,-23.76,434.24
4,108,0.90393,72.00,-33.18,334.28,25.27,-25.83,472.92
4,109,0.91168,72.21,-33.39,338.17,27.17,-27.43,501.18
4,110,0.91995,72.42,-33.60,342.01,24.72,-25.37,464.58
4,111,0.92844,72.61,-33.81,345.85,22.66,-24.70,452.88
4,112,0.93723,72.79,-34.02,349.69,20.49,-23.85,437.15
4,113,0.94492,72.93,-34.23,353.45,19.05,-26.54,488.89
4,114,0.95346,73.03,-34.42,357.04,11.07,-22.72,420.00
4,115,0.96185,73.11,-34.61,360.54,9.82,-22.49,417.09
4,116,0.97015,73.17,-34.79,363.89,7.35,-21.74,404.04
4,117,0.97842,73.21,-34.97,367.25,4.06,-21.79,405.54
4,118,0.98697,73.22,-35.15,370.61,1.79,-21.06,392.86
4,119,0.99579,73.20,-35.33,373.92,-2.77,-20.05,375.78
4,120,1.00430,73.11,-35.50,377.25,-9.68,-20.69,391.40
4,121,1.01187,72.96,-35.67,380.48,-20.56,-22.40,427.02
4,122,1.02032,72.70,-35.83,383.57,-30.69,-18.85,364.62
4,123,1.02872,72.38,-35.99,386.64,-38.55,-18.74,366.55
4,124,1.03778,72.00,-36.14,389.71,-41.75,-17.22,338.72
4,125,1.04538,71.57,-36.30,392.76,-56.22,-20.18,400.80
4,126,1.05371,71.11,-36.45,395.72,-55.68,-17.82,355.31
4,127,1.06223,70.61,-36.59,398.67,-58.42,-17.26,346.95
4,128,1.07053,70.07,-36.74,401.62,-65.07,-17.55,355.15
4,129,1.07883,69.49,-36.89,404.61,-70.22,-17.74,359.93
4,130,1.08771,68.87,-37.04,407.65,-69.76,-16.78,342.61
5,0,0.00000,0.00,0.00,0.00,-61.72,-6.61,33.79
5,1,0.00851,-0.67,-0.07,0.25,-78.85,-7.80,29.03
5,2,0.01614,-1.32,-0.15,0.85,-84.40,-10.65,79.60
5,3,0.02466,-2.11,-0.24,1.41,-92.83,-10.66,64.87
5,4,0.03284,-2.71,-0.33,2.33,-73.51,-11.30,112.69
5,5,0.04129,-3.56,-0.44,3.16,-100.36,-12.87,98.92
5,6,0.04977,-4.20,-0.55,4.35,-76.26,-12.82,140.29
5,7,0.05853,-5.08,-0.67,5.48,-100.00,-14.14,128.57
5,8,0.06635,-5.53,-0.76,6.58,-58.20,-11.36,140.23
5,9,0.07477,-6.33,-0.87,7.58,-94.57,-13.30,119.20
5,10,0.08307,-6.83,-0.96,8.55,-60.29,-10.43,117.28
5,11,0.09152,-8.25,-1.11,9.23,-167.51,-17.51,80.51
5,12,0.10001,-9.45,-1.24,9.91,-141.73,-15.30,79.14
5,13,0.10892,-10.88,-1.39,10.55,-160.96,-16.60,72.60
5,14,0.11652,-12.10,-1.51,11.14,-159.84,-16.76,77.51
5,15,0.12497,-13.30,-1.64,11.79,-142.60,-15.27,76.90
5,16,0.13324,-14.39,-1.77,12.54,-131.73,-15.05,90.41
5,17,0.14160,-15.17,-1.87,13.45,-92.70,-12.70,108.76
5,18,0.15005,-15.86,-1.97,14.41,-81.59,-11.97,113.72
5,19,0.15894,-17.00,-2.11,15.29,-128.18,-15.16,98.97
5,20,0.16669,-17.81,-2.22,16.24,-104.72,-14.30,122.83
5,21,0.17517,-18.80,-2.35,17.21,-116.91,-14.93,114.75
5,22,0.18344,-19.36,-2.45,18.39,-68.27,-12.26,142.44
5,23,0.19186,-20.23,-2.57,19.59,-102.54,-15.08,142.39
5,24,0.20023,-20.62,-2.68,21.07,-46.72,-12.09,176.28
5,25,0.20862,-21.19,-2.79,22.62,-68.36,-14.18,185.45
5,26,0.21756,-21.27,-2.89,24.45,-8.87,-10.29,204.44
5,27,0.22617,-21.72,-3.01,26.35,-52.48,-14.67,221.28
5,28,0.23361,-22.23,-3.16,28.63,-68.03,-19.77,304.92
5,29,0.24210,-23.22,-3.35,31.00,-116.55,-22.65,280.22
5,30,0.25049,-24.02,-3.55,33.84,-95.27,-23.59,338.55
5,31,0.25940,-24.51,-3.73,36.84,-55.14,-20.20,336.64
5,32,0.26697,-24.87,-3.91,39.96,-47.58,-23.21,411.69
5,33,0.27591,-24.89,-4.06,43.16,-2.05,-16.83,357.68
5,34,0.28381,-24.75,-4.20,46.42,17.37,-17.86,413.13
5,35,0.29211,-24.12,-4.30,49.69,75.37,-12.15,393.38
5,36,0.30051,-23.36,-4.39,52.95,90.91,-10.71,389.09
5,37,0.30893,-22.70,-4.49,56.24,78.26,-11.82,390.58
5,38,0.31787,-22.27,-4.61,59.60,48.81,-13.47,375.43
5,39,0.32568,-21.93,-4.74,62.97,42.58,-16.58,431.25
5,40,0.33414,-21.80,-4.88,66.35,15.16,-17.47,400.00
5,41,0.34225,-21.77,-5.04,69.74,4.14,-19.13,416.92
5,42,0.35068,-21.74,-5.20,73.12,3.99,-18.39,401.81
5,43,0.35977,-21.70,-5.35,76.50,3.69,-17.03,372.15
5,44,0.36801,-21.73,-5.51,79.87,-2.59,-19.31,408.89
5,45,0.37589,-21.75,-5.67,83.25,-2.71,-20.24,428.68
5,46,0.38412,-21.77,-5.83,86.62,-2.59,-19.31,408.89
5,47,0.39249,-21.79,-5.99,89.99,-2.92,-19.03,403.28
5,48,0.40082,-21.80,-6.16,93.71,-1.47,-20.99,446.89
5,49,0.40973,-21.82,-6.33,97.22,-1.37,-18.49,393.49
5,50,0.41815,-21.83,-6.50,100.84,-1.81,-20.19,430.07
5,51,0.42593,-21.85,-6.67,104.47,-2.35,-21.94,466.67
5,52,0.43430,-21.89,-6.85,108.23,-4.74,-21.39,449.64
5,53,0.44281,-21.93,-7.03,112.01,-5.02,-21.12,443.37
5,54,0.45102,-21.99,-7.22,115.98,-7.43,-23.16,483.64
5,55,0.45984,-22.06,-7.41,119.96,-7.27,-21.63,451.21
5,56,0.46762,-22.15,-7.60,124.04,-11.76,-25.46,524.31
5,57,0.47687,-22.24,-7.80,128.12,-9.90,-21.34,441.25
5,58,0.48453,-22.33,-8.00,132.20,-11.95,-25.87,532.67
5,59,0.49271,-22.42,-8.20,136.28,-11.19,-24.23,498.88
5,60,0.50107,-22.52,-8.40,140.36,-10.95,-23.60,487.96
5,61,0.51007,-22.60,-8.59,144.44,-9.49,-21.95,453.22
5,62,0.51846,-22.59,-8.78,148.53,1.82,-22.57,487.27
5,63,0.52621,-22.57,-8.97,152.62,1.97,-24.48,527.56
5,64,0.53464,-22.56,-9.16,156.71,1.81,-22.48,485.51
5,65,0.54291,-22.54,-9.35,160.80,1.85,-22.90,494.46
5,66,0.55130,-22.53,-9.54,164.89,1.82,-22.57,487.27
5,67,0.55984,-22.51,-9.73,168.97,1.43,-22.19,477.50
5,68,0.56866,-22.51,-9.92,172.94,0.00,-20.98,450.17
5,69,0.57642,-22.51,-10.10,176.91,0.00,-23.88,512.20
5,70,0.58484,-22.51,-10.29,180.88,0.00,-22.02,471.38
5,71,0.59308,-22.52,-10.47,184.83,-0.74,-22.44,480.00
5,72,0.60147,-22.60,-10.65,188.61,-10.18,-21.82,450.18
5,73,0.60999,-22.69,-10.84,192.39,-10.04,-21.60,443.73
5,74,0.61816,-22.78,-11.02,196.17,-10.45,-22.39,461.94
5,75,0.62735,-22.86,-11.20,199.93,-8.97,-19.83,409.63
5,76,0.63504,-22.89,-11.37,203.53,-3.57,-22.09,467.86
5,77,0.64331,-22.91,-11.62,207.13,-3.32,-29.71,435.06
5,78,0.65179,-22.94,-12.03,210.72,-3.24,-48.87,424.10
5,79,0.66013,-22.97,-12.25,214.32,-3.30,-26.61,431.87
5,80,0.66840,-22.99,-12.55,217.92,-3.32,-35.59,435.06
5,81,0.67743,-23.02,-12.84,221.52,-3.04,-32.57,398.31
5,82,0.68515,-23.05,-13.14,225.12,-3.56,-38.14,466.01
5,83,0.69373,-23.08,-13.43,228.71,-3.20,-34.32,419.57
5,84,0.70184,-23.10,-13.73,232.31,-3.38,-36.25,443.23
5,85,0.71024,-23.13,-14.02,235.91,-3.27,-35.09,428.73
5,86,0.71851,-23.16,-14.31,239.51,-3.32,-35.56,435.06
5,87,0.72763,-23.18,-14.61,243.12,-2.68,-32.31,395.32
5,88,0.73602,-23.18,-14.91,246.86,0.00,-36.33,445.82
5,89,0.74377,-23.18,-15.22,250.60,0.00,-39.30,482.68
5,90,0.75214,-23.18,-15.52,254.34,0.00,-36.43,447.45
5,91,0.76044,-23.18,-15.83,258.10,0.00,-36.86,452.57
5,92,0.76877,-23.19,-16.15,262.03,-0.73,-38.46,471.79
5,93,0.77789,-23.20,-16.59,265.96,-0.67,-48.57,430.77
5,94,0.78619,-23.20,-17.29,269.89,-0.74,-83.47,473.53
5,95,0.79391,-23.21,-18.22,273.82,-1.19,-120.31,509.49
5,96,0.80231,-23.26,-19.19,277.76,-5.82,-116.70,469.82
5,97,0.81067,-23.31,-20.17,281.71,-5.47,-117.17,471.53
5,98,0.81897,-23.35,-21.15,285.65,-5.15,-117.97,475.00
5,99,0.82809,-23.40,-22.13,289.59,-5.69,-107.30,431.77
5,100,0.83646,-23.62,-22.51,293.50,-25.91,-45.52,467.15
5,101,0.84406,-23.83,-22.74,297.41,-27.31,-29.32,514.46
5,102,0.85242,-24.02,-22.96,301.32,-22.99,-26.95,467.52
5,103,0.86087,-24.19,-23.19,305.23,-20.94,-26.88,462.82
5,104,0.86984,-24.35,-23.42,309.14,-17.35,-25.54,436.05
5,105,0.87747,-24.48,-23.65,313.05,-17.60,-30.38,512.80
5,106,0.88654,-24.60,-23.88,316.97,-12.46,-25.81,431.99
5,107,0.89423,-24.69,-24.12,320.88,-11.51,-30.85,509.13
5,108,0.90250,-24.75,-24.36,324.80,-8.12,-28.83,473.43
5,109,0.91107,-24.80,-24.60,328.71,-4.98,-28.16,455.87
5,110,0.91989,-24.81,-24.84,332.56,-1.73,-27.32,436.33
5,111,0.92773,-24.80,-25.08,336.40,1.17,-30.91,490.66
5,112,0.93668,-24.77,-25.33,340.25,3.75,-27.49,430.38
5,113,0.94455,-24.71,-25.52,344.08,6.98,-23.91,486.05
5,114,0.95270,-24.69,-25.63,347.67,3.00,-13.48,440.45
5,115,0.96121,-24.66,-25.80,351.24,3.94,-20.15,419.35
5,116,0.96997,-24.64,-25.96,354.60,2.09,-18.47,383.28
5,117,0.97787,-24.62,-26.12,357.95,2.32,-20.44,424.71
5,118,0.98691,-24.62,-26.29,361.31,-0.34,-17.96,371.62
5,119,0.99472,-24.65,-26.45,364.68,-3.52,-20.89,431.25
5,120,1.00293,-24.70,-26.61,367.92,-6.69,-19.21,394.80
5,121,1.01135,-24.77,-26.76,371.15,-7.61,-18.66,383.33
5,122,1.02014,-24.87,-26.91,374.24,-12.15,-17.24,351.74
5,123,1.02856,-24.98,-27.07,377.33,-13.04,-17.99,367.03
5,124,1.03635,-25.10,-27.22,380.42,-14.90,-19.49,397.25
5,125,1.04483,-25.23,-27.37,383.51,-14.75,-17.84,363.31
5,126,1.05350,-25.36,-27.52,386.50,-15.14,-17.00,345.42
5,127,1.06155,-25.50,-27.66,389.49,-18.18,-18.32,371.59
5,128,1.06998,-25.67,-27.81,392.49,-19.57,-17.56,355.43
5,129,1.07825,-25.85,-27.96,395.49,-21.40,-17.97,362.73
5,130,1.08725,-26.05,-28.11,398.58,-22.71,-17.10,344.07
6,0,0.00000,0.00,0.00,0.00,-57.66,0.35,-33.58
6,1,0.00827,-0.48,0.00,-0.28,-58.30,0.35,-34.32
6,2,0.01654,-1.31,0.00,-0.66,-99.63,0.15,-45.02
6,3,0.02542,-2.13,0.01,-1.03,-92.44,0.17,-42.61
6,4,0.03323,-3.31,0.00,-1.37,-151.95,-0.70,-42.58
6,5,0.04156,-4.50,-0.01,-1.71,-142.12,-0.64,-41.03
6,6,0.05014,-6.02,-0.02,-1.98,-176.87,-1.41,-32.03
6,7,0.05823,-7.53,-0.03,-2.27,-187.17,-1.50,-35.47
6,8,0.06659,-9.05,-0.06,-2.16,-181.39,-3.10,13.14
6,9,0.07520,-10.56,-0.08,-2.06,-176.24,-2.96,11.35
6,10,0.08347,-12.16,-0.12,-1.49,-193.36,-5.26,69.74
6,11,0.09158,-13.76,-0.17,-0.92,-197.37,-5.31,69.17
6,12,0.09988,-15.33,-0.22,-0.13,-188.97,-6.12,95.22
6,13,0.10855,-16.91,-0.27,0.64,-182.04,-5.81,89.79
6,14,0.11688,-18.38,-0.32,1.61,-176.19,-6.68,116.48
6,15,0.12494,-19.85,-0.38,2.57,-183.33,-6.85,118.94
6,16,0.13333,-21.34,-0.43,3.52,-176.73,-6.55,112.73
6,17,0.14203,-22.83,-0.49,4.45,-171.58,-6.28,107.37
6,18,0.15048,-24.36,-0.55,5.58,-180.87,-7.34,133.57
6,19,0.15848,-25.90,-0.61,6.70,-192.37,-7.74,139.69
6,20,0.16678,-27.41,-0.68,8.08,-181.99,-8.50,166.18
6,21,0.17514,-28.93,-0.75,9.45,-182.12,-8.43,163.50
6,22,0.18359,-30.52,-0.84,11.18,-188.09,-9.98,205.42
6,23,0.19199,-32.12,-0.92,12.90,-190.91,-10.01,205.09
6,24,0.20038,-33.82,-1.02,15.00,-201.82,-11.76,250.18
6,25,0.20844,-35.53,-1.12,17.09,-212.12,-12.21,258.71
6,26,0.21664,-37.29,-1.19,19.59,-214.87,-8.28,304.46
6,27,0.22546,-39.07,-1.40,22.07,-202.08,-24.29,281.66
6,28,0.23380,-41.09,-1.63,24.67,-241.76,-27.99,312.09
6,29,0.24207,-43.12,-1.84,27.25,-246.13,-25.00,312.18
6,30,0.25012,-45.47,-2.06,29.83,-291.29,-27.56,319.70
6,31,0.25845,-47.84,-2.29,32.39,-284.25,-26.74,306.96
6,32,0.26675,-50.28,-2.51,34.76,-294.12,-26.40,286.03
6,33,0.27560,-52.74,-2.72,37.11,-277.93,-24.75,265.86
6,34,0.28339,-55.32,-2.94,39.26,-331.37,-27.90,275.69
6,35,0.29208,-57.91,-3.16,41.38,-298.60,-24.92,244.21
6,36,0.30014,-60.53,-3.38,43.48,-324.24,-26.94,260.98
6,37,0.30832,-63.16,-3.59,45.57,-321.64,-26.50,254.48
6,38,0.31699,-65.90,-3.81,47.54,-316.90,-25.25,228.17
6,39,0.32532,-68.66,-4.03,49.50,-331.50,-26.22,234.80
6,40,0.33368,-71.30,-4.25,51.62,-315.69,-26.18,253.28
6,41,0.34201,-73.81,-4.47,53.89,-301.10,-26.22,272.89
6,42,0.35031,-76.18,-4.68,56.31,-285.29,-26.15,291.54
6,43,0.35843,-78.40,-4.90,58.87,-273.31,-26.50,315.04
6,44,0.36682,-80.62,-5.11,61.40,-264.73,-25.56,301.82
6,45,0.37524,-82.84,-5.33,63.93,-263.77,-25.44,300.72
6,46,0.38348,-85.06,-5.43,66.47,-269.63,-12.82,307.41
6,47,0.39178,-87.29,-5.56,69.00,-267.65,-14.93,305.15
6,48,0.40015,-89.58,-5.67,71.64,-274.45,-13.07,315.69
6,49,0.40842,-91.88,-5.78,74.28,-277.49,-13.22,319.19
6,50,0.41705,-94.26,-5.89,77.01,-275.62,-13.11,316.25
6,51,0.42532,-96.64,-6.00,79.74,-288.19,-13.69,330.26
6,52,0.43353,-99.13,-6.12,82.56,-303.35,-14.33,343.49
6,53,0.44183,-101.62,-6.24,85.38,-300.00,-14.15,339.71
6,54,0.45023,-104.26,-6.36,88.35,-314.91,-14.80,353.09
6,55,0.45847,-106.91,-6.49,91.31,-320.74,-15.06,360.00
6,56,0.46695,-109.64,-6.61,94.35,-321.94,-15.02,357.55
6,57,0.47556,-112.37,-6.74,97.38,-317.38,-14.82,352.48
6,58,0.48358,-115.09,-6.87,100.42,-339.54,-15.88,378.33
6,59,0.49210,-117.83,-7.00,103.45,-320.79,-14.98,356.27
6,60,0.50031,-120.57,-7.12,106.47,-334.20,-15.52,368.40
6,61,0.50876,-123.33,-7.25,109.48,-327.08,-15.09,355.23
6,62,0.51700,-126.04,-7.38,112.54,-328.15,-15.49,371.85
6,63,0.52606,-128.78,-7.51,115.57,-302.36,-14.09,334.68
6,64,0.53354,-131.54,-7.63,118.59,-369.39,-17.07,402.86
6,65,0.54175,-134.32,-7.76,121.59,-338.29,-15.53,365.43
6,66,0.55020,-137.09,-7.89,124.58,-328.52,-15.11,354.87
6,67,0.55853,-139.87,-8.02,127.58,-333.33,-15.32,360.07
6,68,0.56708,-142.57,-8.14,130.50,-315.71,-14.49,340.71
6,69,0.57523,-145.27,-8.26,133.41,-331.46,-15.23,357.30
6,70,0.58347,-147.96,-8.39,136.33,-326.67,-15.04,354.44
6,71,0.59180,-150.64,-8.51,139.25,-321.98,-14.88,351.28
6,72,0.60043,-153.25,-8.63,141.99,-302.12,-13.64,316.25
6,73,0.60861,-155.85,-8.75,144.73,-317.91,-14.42,335.07
6,74,0.61691,-158.44,-8.87,147.48,-311.76,-14.20,331.62
6,75,0.62546,-161.02,-8.98,150.24,-302.14,-13.80,322.86
6,76,0.63364,-163.44,-9.10,152.91,-295.15,-13.74,326.12
6,77,0.64191,-165.84,-9.18,155.58,-291.14,-10.28,323.25
6,78,0.65024,-168.25,-8.89,158.26,-288.28,35.30,321.61
6,79,0.65875,-170.64,-8.59,160.94,-281.00,34.60,315.41
6,80,0.66687,-173.05,-8.29,163.66,-296.62,36.73,334.59
6,81,0.67551,-175.42,-8.00,166.36,-274.91,34.31,312.72
6,82,0.68381,-177.78,-7.70,169.07,-284.56,35.78,326.84
6,83,0.69208,-180.13,-7.40,171.80,-283.39,36.12,329.89
6,84,0.70020,-182.45,-7.10,174.55,-286.09,36.94,338.35
6,85,0.70868,-184.75,-6.80,177.31,-271.22,35.58,325.90
6,86,0.71695,-187.03,-6.50,180.10,-275.65,36.65,336.53
6,87,0.72562,-189.32,-6.19,182.94,-264.44,35.77,328.52
6,88,0.73401,-191.62,-5.87,185.89,-274.18,38.14,351.64
6,89,0.74231,-193.90,-5.80,188.86,-274.63,8.22,357.35
6,90,0.75040,-196.16,-5.95,191.85,-279.25,-18.29,369.06
6,91,0.75928,-198.40,-6.30,194.85,-252.23,-39.39,338.14
6,92,0.76740,-200.73,-6.58,198.02,-287.22,-34.68,390.23
6,93,0.77591,-203.04,-6.85,201.20,-270.97,-32.33,373.84
6,94,0.78375,-205.32,-7.13,204.40,-291.05,-35.28,408.17
6,95,0.79221,-207.58,-7.41,207.62,-267.51,-32.85,380.51
6,96,0.80035,-209.87,-7.69,210.83,-280.15,-34.12,394.76
6,97,0.80881,-212.13,-7.97,214.06,-267.87,-33.02,381.95
6,98,0.81711,-214.38,-8.25,217.30,-270.96,-33.74,390.07
6,99,0.82581,-216.62,-8.53,220.55,-257.19,-32.29,373.33
6,100,0.83380,-218.98,-8.80,223.67,-295.04,-33.72,390.84
6,101,0.84195,-221.33,-9.07,226.80,-288.76,-33.20,384.27
6,102,0.85043,-223.68,-9.34,229.94,-276.62,-31.83,369.42
6,103,0.85876,-226.02,-9.61,233.07,-281.32,-32.54,376.56
6,104,0.86722,-228.36,-9.88,236.21,-277.26,-32.02,371.12
6,105,0.87561,-230.76,-10.16,239.42,-285.09,-33.00,382.18
6,106,0.88403,-233.10,-10.43,242.56,-277.90,-32.22,372.83
6,107,0.89233,-235.44,-10.70,245.70,-281.99,-32.60,378.31
6,108,0.90076,-237.78,-10.97,248.84,-277.90,-32.22,372.83
6,109,0.90881,-240.12,-11.24,251.98,-290.15,-33.60,389.39
6,110,0.91724,-242.41,-11.42,255.06,-272.83,-21.66,366.30
6,111,0.92581,-244.76,-11.63,258.22,-274.02,-24.78,367.97
6,112,0.93417,-247.06,-11.82,261.30,-274.82,-21.81,368.98
6,113,0.94247,-249.35,-12.00,264.37,-275.74,-21.86,369.85
6,114,0.95078,-251.55,-12.17,267.21,-264.71,-20.23,341.91
6,115,0.95920,-253.78,-12.33,270.00,-264.86,-19.67,331.52
6,116,0.96735,-255.95,-12.48,272.56,-266.67,-18.70,313.86
6,117,0.97592,-258.18,-12.63,275.07,-260.14,-17.48,292.17
6,118,0.98416,-260.50,-12.78,277.49,-281.48,-17.69,294.44
6,119,0.99258,-262.88,-12.92,279.85,-282.61,-16.87,279.35
6,120,1.00082,-265.26,-13.06,282.05,-288.52,-16.26,267.78
6,121,1.00900,-267.68,-13.19,284.20,-295.52,-15.96,262.31
6,122,1.01740,-270.05,-13.31,286.18,-282.91,-14.51,236.36
6,123,1.02560,-272.44,-13.43,288.15,-291.08,-14.69,239.41
6,124,1.03400,-274.83,-13.55,290.11,-284.73,-14.35,234.18
6,125,1.04233,-277.21,-13.67,292.07,-286.08,-14.43,235.16
6,126,1.05066,-279.52,-13.79,293.98,-276.92,-14.08,229.67
6,127,1.05902,-281.83,-13.90,295.90,-275.91,-14.05,228.83
6,128,1.06747,-284.14,-14.02,297.81,-273.29,-13.88,226.35
6,129,1.07581,-286.45,-14.14,299.73,-277.66,-14.10,230.04
6,130,1.08411,-288.85,-14.26,301.70,-289.34,-14.56,237.13
7,0,0.00000,0.00,0.00,0.00,-9.77,-3.18,68.05
7,1,0.00842,-0.10,-0.03,0.55,-11.96,-3.25,65.22
7,2,0.01733,-0.20,-0.07,1.45,-10.62,-4.37,101.03
7,3,0.02502,-0.32,-0.11,2.36,-16.67,-5.46,118.65
7,4,0.03418,-0.34,-0.15,3.59,-2.33,-4.95,134.67
7,5,0.04193,-0.41,-0.20,4.84,-8.66,-6.33,161.02
7,6,0.05011,-0.39,-0.26,6.38,2.61,-6.46,188.43
7,7,0.05865,-0.42,-0.31,7.92,-3.57,-6.60,180.00
7,8,0.06757,-0.11,-0.34,9.41,34.59,-3.20,167.12
7,9,0.07593,0.15,-0.37,10.92,31.75,-3.90,180.66
7,10,0.08356,0.85,-0.37,12.51,91.60,-0.21,208.00
7,11,0.09204,1.49,-0.38,14.09,74.82,-0.66,185.97
7,12,0.10046,2.29,-0.37,15.65,94.93,0.83,185.87
7,13,0.10889,3.03,-0.37,17.24,88.77,0.25,188.77
7,14,0.11761,3.92,-0.36,18.76,101.40,1.75,174.13
7,15,0.12543,4.75,-0.35,20.32,105.86,1.23,198.83
7,16,0.13446,5.51,-0.34,21.90,84.80,0.45,175.34
7,17,0.14233,6.24,-0.34,23.54,92.25,-0.11,207.75
7,18,0.15051,7.08,-0.34,25.24,102.61,0.63,208.58
7,19,0.15936,7.86,-0.34,26.98,88.97,0.04,196.21
7,20,0.16815,8.84,-0.32,28.78,111.46,1.47,204.51
7,21,0.17615,9.81,-0.32,30.68,121.37,1.10,238.17
7,22,0.18390,10.99,-0.30,32.71,151.97,2.63,262.60
7,23,0.19232,12.12,-0.28,34.81,134.06,1.65,249.28
7,24,0.20056,13.47,-0.26,37.15,164.07,2.81,283.33
7,25,0.20911,14.77,-0.24,39.55,151.43,1.90,281.07
7,26,0.21796,16.31,-0.22,42.19,173.79,3.05,298.62
7,27,0.22632,17.74,-0.20,44.92,171.53,1.86,325.91
7,28,0.23407,19.08,-0.20,47.92,172.83,-0.19,387.40
7,29,0.24261,20.29,-0.22,51.00,141.43,-1.63,360.00
7,30,0.25079,21.25,-0.26,54.35,117.16,-5.32,409.70
7,31,0.25977,22.06,-0.31,57.73,90.48,-6.21,376.87
7,32,0.26782,22.59,-0.39,61.10,65.91,-9.63,418.18
7,33,0.27643,22.97,-0.48,64.48,43.97,-10.37,392.55
7,34,0.28418,23.02,-0.60,67.83,7.09,-14.72,432.68
7,35,0.29266,22.95,-0.72,71.19,-8.99,-14.61,395.32
7,36,0.30103,22.74,-0.85,74.53,-24.82,-16.07,400.36
7,37,0.30951,22.39,-1.00,77.87,-41.37,-17.08,393.53
7,38,0.31787,21.79,-1.16,81.20,-71.53,-19.64,398.54
7,39,0.32617,21.06,-1.34,84.51,-87.50,-20.87,398.16
7,40,0.33514,20.14,-1.52,87.77,-103.06,-20.85,362.93
7,41,0.34351,18.98,-1.73,91.06,-138.69,-24.68,393.80
7,42,0.35107,17.65,-1.94,94.22,-176.21,-28.45,417.34
7,43,0.35962,16.14,-2.17,97.25,-176.07,-26.25,354.64
7,44,0.36792,14.42,-2.41,100.15,-206.99,-28.43,349.26
7,45,0.37701,12.66,-2.64,103.02,-193.62,-26.31,316.11
7,46,0.38452,10.86,-2.89,105.96,-239.84,-32.43,391.46
7,47,0.39294,9.09,-3.13,108.85,-209.78,-28.49,343.48
7,48,0.40143,7.28,-3.37,111.84,-214.03,-29.10,352.52
7,49,0.40979,5.45,-3.62,114.85,-218.25,-29.72,359.49
7,50,0.41815,3.57,-3.88,117.94,-225.18,-30.64,370.07
7,51,0.42651,1.67,-4.14,121.06,-227.01,-30.81,372.26
7,52,0.43555,-0.30,-4.40,124.26,-218.24,-29.51,354.73
7,53,0.44391,-2.39,-4.58,127.65,-250.00,-20.81,405.11
7,54,0.45148,-4.49,-4.95,131.02,-277.42,-49.35,445.56
7,55,0.46002,-6.60,-5.11,134.41,-247.50,-18.11,396.43
7,56,0.46826,-8.78,-5.33,137.86,-264.44,-27.50,418.89
7,57,0.47681,-10.96,-5.56,141.31,-255.00,-26.56,403.93
7,58,0.48560,-13.14,-5.79,144.76,-247.92,-25.78,392.71
7,59,0.49414,-15.32,-6.01,148.21,-255.00,-26.51,403.93
7,60,0.50165,-17.50,-6.24,151.67,-290.24,-30.18,459.76
7,61,0.51013,-19.66,-6.46,155.13,-254.68,-26.57,408.27
7,62,0.51843,-21.78,-6.69,158.62,-255.51,-26.72,420.96
7,63,0.52753,-23.94,-6.91,162.09,-237.58,-24.75,381.54
7,64,0.53516,-26.17,-7.14,165.59,-292.80,-30.39,458.40
7,65,0.54425,-28.41,-7.38,169.01,-246.31,-25.52,375.84
7,66,0.55182,-30.68,-7.61,172.42,-298.79,-30.85,450.00
7,67,0.56024,-32.95,-7.84,175.78,-269.57,-27.77,399.64
7,68,0.56879,-35.20,-8.07,179.05,-263.21,-27.09,382.86
7,69,0.57782,-37.45,-8.31,182.32,-250.00,-25.62,361.49
7,70,0.58533,-39.80,-8.55,185.69,-313.01,-32.13,449.19
7,71,0.59375,-42.07,-8.49,188.89,-268.84,6.17,380.07
7,72,0.60223,-44.31,-8.54,191.93,-264.03,-4.81,358.63
7,73,0.61060,-46.55,-8.58,194.98,-267.88,-4.93,363.87
7,74,0.61896,-48.79,-8.62,198.02,-268.25,-4.91,363.50
7,75,0.62775,-51.00,-8.66,201.03,-251.04,-4.58,342.36
7,76,0.63556,-53.09,-8.69,203.95,-268.36,-4.61,374.61
7,77,0.64459,-55.19,-8.73,206.88,-231.76,-3.98,323.65
7,78,0.65222,-57.30,-8.77,209.83,-276.80,-4.79,386.80
7,79,0.66077,-59.39,-8.80,212.75,-245.00,-4.20,342.14
7,80,0.66901,-61.49,-8.84,215.67,-254.07,-4.41,354.81
7,81,0.67767,-63.58,-8.87,218.60,-241.55,-4.14,337.32
7,82,0.68567,-65.67,-8.91,221.52,-261.83,-4.54,365.65
7,83,0.69482,-67.77,-8.95,224.44,-228.67,-3.97,319.33
7,84,0.70258,-69.94,-8.98,227.47,-279.92,-4.80,390.94
7,85,0.71082,-72.03,-9.02,230.40,-254.07,-4.36,354.81
7,86,0.71924,-74.12,-9.06,233.32,-248.55,-4.27,347.10
7,87,0.72772,-76.24,-9.09,236.29,-248.92,-4.26,349.64
7,88,0.73657,-78.39,-9.13,239.35,-243.45,-4.03,345.52
7,89,0.74432,-80.56,-9.16,242.43,-280.31,-4.69,397.64
7,90,0.75336,-82.72,-9.20,245.49,-238.51,-3.94,338.51
7,91,0.76105,-84.93,-9.24,248.62,-287.70,-4.82,407.94
7,92,0.76935,-87.20,-9.28,251.83,-273.53,-4.57,386.76
7,93,0.77789,-89.47,-9.31,255.04,-265.71,-4.44,375.71
7,94,0.78674,-91.74,-9.35,258.26,-256.55,-4.29,362.76
7,95,0.79449,-94.06,-9.39,261.51,-298.82,-5.12,419.29
7,96,0.80280,-96.37,-9.43,264.70,-278.31,-4.86,384.93
7,97,0.81140,-98.68,-9.47,267.90,-268.44,-4.73,371.28
7,98,0.81958,-100.99,-9.51,271.09,-282.46,-4.98,390.67
7,99,0.82806,-103.32,-9.56,274.26,-274.82,-5.03,373.38
7,100,0.83630,-105.70,-9.60,277.37,-288.89,-5.67,377.04
7,101,0.84546,-108.06,-9.65,280.49,-258.00,-4.98,341.33
7,102,0.85370,-110.50,-9.69,283.77,-295.56,-5.53,397.78
7,103,0.86133,-112.80,-9.73,286.94,-301.60,-5.37,415.20
7,104,0.86975,-115.05,-9.77,290.14,-267.39,-4.45,380.43
7,105,0.87817,-117.23,-9.80,293.39,-259.06,-3.76,385.87
7,106,0.88715,-119.34,-9.83,296.69,-234.35,-2.94,368.37
7,107,0.89490,-121.31,-9.96,300.07,-255.12,-16.55,435.83
7,108,0.90356,-123.18,-10.26,303.52,-214.79,-34.40,397.54
7,109,0.91162,-124.96,-10.67,306.98,-221.21,-51.93,429.17
7,110,0.91998,-126.68,-10.86,310.42,-205.47,-22.70,411.68
7,111,0.92841,-128.34,-11.15,313.89,-198.19,-33.58,411.59
7,112,0.93756,-129.96,-11.43,317.38,-176.33,-30.92,381.33
7,113,0.94507,-131.53,-11.72,320.98,-208.94,-38.75,480.08
7,114,0.95343,-132.90,-11.99,324.30,-164.60,-31.78,396.35
7,115,0.96191,-134.05,-12.25,327.59,-135.61,-30.64,388.13
7,116,0.97028,-134.99,-12.50,330.81,-111.31,-29.92,385.40
7,117,0.97858,-135.72,-12.75,334.09,-88.60,-30.19,394.49
7,118,0.98682,-136.26,-13.00,337.40,-65.19,-30.21,401.85
7,119,0.99585,-136.60,-13.24,340.69,-37.84,-26.98,364.19
7,120,1.00439,-136.75,-13.48,343.92,-17.86,-27.60,378.93
7,121,1.01196,-136.73,-13.71,347.13,2.82,-30.43,422.98
7,122,1.02032,-136.55,-13.93,350.21,21.17,-26.18,369.34
7,123,1.02881,-136.19,-14.14,353.29,42.81,-25.21,362.23
7,124,1.03693,-135.64,-14.35,356.33,67.29,-25.71,375.19
7,125,1.04602,-134.92,-14.55,359.30,79.53,-21.87,325.84
7,126,1.05438,-134.02,-14.74,362.18,107.66,-22.70,344.89
7,127,1.06213,-132.96,-14.92,364.99,137.40,-23.36,362.60
7,128,1.07037,-131.73,-15.09,367.72,149.26,-20.93,331.85
7,129,1.07898,-130.32,-15.26,370.43,163.48,-19.38,313.83
7,130,1.08759,-128.73,-15.42,373.09,184.75,-18.63,309.93
8,0,0.00000,0.00,0.00,0.00,-19.20,2.20,70.80
8,1,0.00830,-0.16,0.02,0.53,-19.85,2.03,64.34
8,2,0.01715,-0.37,0.04,1.42,-22.76,3.10,99.66
8,3,0.02576,-0.60,0.07,2.29,-27.30,3.17,101.42
8,4,0.03339,-0.77,0.11,3.51,-21.60,4.84,160.00
8,5,0.04144,-0.98,0.15,4.72,-26.52,4.60,150.76
8,6,0.04987,-1.14,0.19,6.26,-18.84,5.45,181.88
8,7,0.05847,-1.36,0.24,7.78,-25.53,5.38,177.30
8,8,0.06702,-1.23,0.28,9.30,15.36,5.04,177.14
8,9,0.07513,-1.15,0.32,10.82,9.02,5.40,187.22
8,10,0.08374,-0.66,0.37,12.44,57.80,5.06,188.65
8,11,0.09186,-0.22,0.41,14.08,53.38,5.49,202.26
8,12,0.10028,0.39,0.46,15.73,72.83,5.16,195.65
8,13,0.10870,0.94,0.50,17.40,65.22,5.27,198.19
8,14,0.11670,1.64,0.54,19.01,88.17,5.21,201.53
8,15,0.12500,2.29,0.59,20.65,77.57,5.45,197.43
8,16,0.13306,2.87,0.62,22.31,71.97,3.88,206.06
8,17,0.14154,3.38,0.74,23.99,60.79,14.58,198.20
8,18,0.15009,4.02,0.81,25.78,74.64,8.32,209.29
8,19,0.15857,4.59,0.89,27.59,66.91,8.45,213.67
8,20,0.16650,5.36,0.96,29.49,96.92,9.57,238.85
8,21,0.17487,6.05,1.04,31.41,82.85,9.17,230.29
8,22,0.18329,6.99,1.12,33.57,111.96,10.29,255.80
8,23,0.19165,7.85,1.21,35.76,102.55,10.48,262.04
8,24,0.20001,8.93,1.31,38.23,129.20,11.87,295.26
8,25,0.20831,9.92,1.41,40.73,118.38,12.08,302.21
8,26,0.21674,11.15,1.52,43.53,146.38,13.37,332.25
8,27,0.22491,12.27,1.64,46.38,137.31,13.91,347.76
8,28,0.23346,13.27,1.76,49.51,116.79,14.48,366.43
8,29,0.24146,14.14,1.89,52.68,109.54,15.59,396.18
8,30,0.25012,14.72,2.02,56.11,66.90,15.36,396.48
8,31,0.25842,15.17,2.15,59.57,54.04,16.05,416.54
8,32,0.26672,15.33,2.28,62.97,18.75,15.62,409.56
8,33,0.27484,15.35,2.41,66.39,3.01,15.92,421.05
8,34,0.28326,15.04,2.54,69.73,-37.32,14.79,396.38
8,35,0.29187,14.60,2.66,73.05,-51.42,14.36,386.52
8,36,0.30048,14.02,2.78,76.36,-66.67,14.16,384.04
8,37,0.30829,13.32,2.90,79.64,-89.84,15.40,419.92
8,38,0.31653,12.36,3.02,82.89,-116.30,14.30,394.07
8,39,0.32495,11.28,3.14,86.09,-128.62,13.69,380.80
8,40,0.33313,10.01,3.25,89.23,-155.60,13.67,383.58
8,41,0.34192,8.57,3.36,92.30,-163.19,12.32,348.96
8,42,0.35010,7.14,3.46,95.36,-175.37,13.24,375.00
8,43,0.35840,5.70,3.57,98.43,-172.79,13.05,369.49
8,44,0.36646,4.23,3.68,101.46,-183.33,13.22,376.14
8,45,0.37500,2.75,3.79,104.49,-172.86,12.48,354.64
8,46,0.38324,1.27,3.89,107.52,-179.26,12.92,367.78
8,47,0.39203,-0.20,4.00,110.55,-168.06,12.14,344.79
8,48,0.40039,-1.72,4.11,113.70,-181.75,13.29,376.64
8,49,0.40833,-3.24,4.22,116.85,-191.54,13.96,396.92
8,50,0.41656,-4.82,4.33,120.11,-191.48,13.91,395.93
8,51,0.42511,-6.40,4.45,123.38,-185.00,13.46,381.79
8,52,0.43323,-8.06,4.57,126.75,-204.14,14.62,415.79
8,53,0.44214,-9.72,4.69,130.13,-186.30,13.33,379.11
8,54,0.45032,-11.49,4.81,133.69,-216.04,15.31,435.07
8,55,0.45905,-13.25,4.94,137.25,-202.45,14.30,407.69
8,56,0.46704,-15.10,5.07,140.89,-230.53,15.98,455.34
8,57,0.47498,-16.94,5.19,144.53,-232.31,16.10,458.85
8,58,0.48340,-18.78,5.32,148.17,-218.84,15.19,432.25
8,59,0.49176,-20.63,5.45,151.81,-220.44,15.28,435.40
8,60,0.50061,-22.47,5.58,155.45,-208.62,14.41,411.38
8,61,0.50903,-24.32,5.70,159.09,-219.57,15.18,432.25
8,62,0.51678,-26.09,5.83,162.78,-227.95,16.76,475.59
8,63,0.52521,-27.87,5.96,166.46,-210.87,15.37,436.96
8,64,0.53363,-29.65,6.09,170.14,-211.59,15.37,436.59
8,65,0.54254,-31.44,6.22,173.81,-201.03,14.51,412.33
8,66,0.55017,-33.24,6.35,177.48,-236.00,16.93,481.20
8,67,0.55908,-35.04,6.48,181.15,-202.05,14.48,411.64
8,68,0.56732,-36.81,6.60,184.70,-214.44,15.16,431.48
8,69,0.57532,-38.58,6.47,188.26,-221.76,-16.29,444.27
8,70,0.58368,-40.36,6.53,191.81,-212.77,6.06,424.45
8,71,0.59253,-42.15,6.52,195.35,-202.41,-0.43,400.34
8,72,0.60028,-43.94,6.52,198.68,-230.71,-0.44,429.13
8,73,0.60876,-45.74,6.51,202.00,-211.87,-0.40,391.73
8,74,0.61719,-47.55,6.51,205.32,-214.86,-0.40,393.84
8,75,0.62555,-49.37,6.51,208.63,-217.52,-0.40,395.99
8,76,0.63379,-51.06,6.50,211.80,-205.93,-0.40,384.81
8,77,0.64215,-52.77,6.50,214.96,-204.38,-0.39,378.47
8,78,0.65112,-54.49,6.50,218.12,-191.84,-0.36,352.04
8,79,0.65961,-56.23,6.50,221.27,-205.04,-0.37,370.86
8,80,0.66718,-58.00,6.49,224.40,-233.06,-0.41,414.11
8,81,0.67554,-59.81,6.49,227.51,-216.79,-0.36,371.53
8,82,0.68408,-61.66,6.49,230.59,-216.79,-0.33,361.07
8,83,0.69263,-63.56,6.48,233.65,-222.50,-0.32,357.50
8,84,0.70056,-65.53,6.48,236.66,-247.69,-0.32,379.62
8,85,0.70905,-67.54,6.48,239.64,-237.41,-0.28,351.08
8,86,0.71747,-69.60,6.48,242.58,-244.93,-0.27,349.64
8,87,0.72607,-71.73,6.47,245.49,-247.16,-0.24,337.23
8,88,0.73431,-73.97,6.47,248.48,-272.22,-0.25,363.33
8,89,0.74261,-76.25,6.47,251.45,-274.63,-0.23,357.35
8,90,0.75165,-78.59,6.47,254.37,-258.11,-0.20,323.99
8,91,0.75995,-80.97,6.47,257.26,-287.50,-0.19,347.43
8,92,0.76764,-83.53,6.47,260.24,-332.54,-0.20,388.49
8,93,0.77612,-86.17,6.46,263.16,-311.15,-0.15,343.53
8,94,0.78436,-88.88,6.39,266.01,-328.52,-8.38,345.93
8,95,0.79297,-91.67,6.20,268.77,-325.18,-22.79,320.92
8,96,0.80109,-94.57,5.78,271.44,-356.77,-50.97,329.32
8,97,0.80951,-97.55,5.46,274.03,-353.62,-38.43,306.88
8,98,0.81781,-100.61,5.14,276.52,-368.75,-39.31,299.63
8,99,0.82642,-103.81,4.80,278.81,-372.34,-38.46,267.02
8,100,0.83453,-107.22,4.47,280.74,-419.92,-41.13,237.22
8,101,0.84314,-110.73,4.14,282.48,-407.80,-38.89,201.77
8,102,0.85120,-114.30,3.80,284.09,-443.18,-41.62,199.62
8,103,0.85968,-117.92,3.46,285.58,-426.62,-39.49,175.90
8,104,0.86798,-121.57,3.13,287.00,-439.71,-40.30,170.96
8,105,0.87653,-125.25,2.80,288.35,-430.00,-39.15,158.21
8,106,0.88464,-128.94,2.46,289.64,-455.26,-41.10,159.02
8,107,0.89313,-132.66,2.13,290.88,-437.77,-39.28,146.04
8,108,0.90204,-136.38,1.80,292.08,-418.15,-37.40,134.93
8,109,0.91040,-140.12,1.46,293.26,-446.35,-39.78,141.24
8,110,0.91809,-143.78,1.14,294.42,-476.98,-42.50,150.79
8,111,0.92645,-147.45,0.81,295.58,-438.69,-39.12,138.32
8,112,0.93475,-151.12,0.48,296.73,-441.91,-39.41,139.34
8,113,0.94312,-154.79,0.16,297.89,-438.69,-39.08,138.32
8,114,0.95215,-158.22,-0.15,298.95,-379.39,-33.75,117.57
8,115,0.96051,-161.62,-0.32,300.09,-406.93,-20.20,136.13
8,116,0.96814,-164.77,-0.58,301.24,-413.60,-34.58,150.00
8,117,0.97662,-167.89,-0.77,302.48,-367.27,-21.82,147.12
8,118,0.98499,-170.96,-0.96,303.84,-366.79,-22.62,162.41
8,119,0.99341,-173.98,-1.15,305.29,-359.06,-22.79,172.10
8,120,1.00220,-176.88,-1.34,306.75,-329.51,-21.33,165.62
8,121,1.01001,-179.74,-1.53,308.27,-366.02,-24.29,195.31
8,122,1.01910,-182.47,-1.71,309.72,-300.67,-19.89,159.40
8,123,1.02686,-185.18,-1.89,311.21,-350.00,-23.50,191.73
8,124,1.03503,-187.87,-2.07,312.75,-328.36,-22.45,188.06
8,125,1.04358,-190.53,-2.26,314.33,-311.07,-21.65,185.36
8,126,1.05237,-193.06,-2.44,315.94,-288.19,-20.64,182.64
8,127,1.06024,-195.57,-2.62,317.58,-318.60,-23.14,208.14
8,128,1.06915,-198.07,-2.80,319.24,-280.14,-20.48,186.30
8,129,1.07690,-200.56,-2.99,320.90,-321.26,-23.62,215.35
8,130,1.08527,-203.14,-3.18,322.63,-308.76,-22.66,206.20
9,0,0.00000,0.00,0.00,0.00,-62.45,-0.14,-21.30
9,1,0.00821,-0.53,-0.00,-0.19,-64.31,-0.15,-22.68
9,2,0.01685,-1.41,-0.00,-0.40,-101.77,-0.21,-24.38
9,3,0.02521,-2.28,-0.00,-0.62,-104.74,-0.22,-26.64
9,4,0.03320,-3.51,-0.01,-0.74,-153.44,-0.28,-14.50
9,5,0.04163,-4.73,-0.01,-0.87,-145.29,-0.26,-15.58
9,6,0.05048,-6.27,-0.01,-0.88,-174.14,-0.28,-1.72
9,7,0.05890,-7.82,-0.01,-0.92,-182.97,-0.29,-4.35
9,8,0.06677,-9.30,-0.02,-0.57,-187.98,-0.19,44.57
9,9,0.07504,-10.78,-0.02,-0.23,-179.34,-0.19,40.22
9,10,0.08334,-12.27,-0.02,0.58,-179.78,-0.06,97.79
9,11,0.09164,-13.78,-0.02,1.37,-181.25,-0.07,95.22
9,12,0.10010,-15.22,-0.02,2.37,-170.76,0.00,118.77
9,13,0.10834,-16.67,-0.02,3.36,-176.67,0.00,119.63
9,14,0.11667,-18.00,-0.02,4.51,-159.34,0.07,138.83
9,15,0.12524,-19.34,-0.02,5.65,-156.23,0.06,132.74
9,16,0.13391,-20.70,-0.02,6.77,-156.34,0.05,129.58
9,17,0.14166,-22.07,-0.02,7.88,-176.77,0.05,142.52
9,18,0.15018,-23.46,-0.02,9.18,-163.08,0.10,152.33
9,19,0.15857,-24.86,-0.01,10.46,-167.27,0.09,152.36
9,20,0.16675,-26.21,-0.01,11.99,-165.67,0.17,187.31
9,21,0.17502,-27.59,-0.01,13.50,-166.42,0.16,183.03
9,22,0.18359,-29.00,-0.01,15.38,-164.77,0.25,219.22
9,23,0.19147,-30.44,-0.01,17.24,-182.56,0.25,236.43
9,24,0.20001,-31.95,-0.01,19.48,-176.07,0.32,261.79
9,25,0.20859,-33.48,-0.00,21.70,-178.65,0.31,258.72
9,26,0.21677,-35.04,0.00,24.33,-191.04,0.43,321.27
9,27,0.22525,-36.64,0.00,26.93,-188.13,0.41,307.55
9,28,0.23309,-38.47,0.01,29.67,-233.46,0.43,348.25
9,29,0.24158,-40.33,0.01,32.37,-219.78,0.38,319.06
9,30,0.25018,-42.52,0.01,35.09,-254.26,0.32,315.25
9,31,0.25830,-44.74,0.02,37.77,-273.68,0.33,330.83
9,32,0.26651,-47.06,0.02,40.26,-282.16,0.25,303.72
9,33,0.27502,-49.40,0.02,42.73,-275.63,0.23,289.61
9,34,0.28320,-51.89,0.02,44.98,-304.10,0.15,275.00
9,35,0.29156,-54.41,0.02,47.20,-300.73,0.14,265.33
9,36,0.29996,-56.95,0.02,49.39,-303.27,0.12,260.73
9,37,0.30841,-59.52,0.02,51.54,-304.33,0.11,254.87
9,38,0.31693,-62.23,0.03,53.58,-317.20,0.05,239.78
9,39,0.32507,-64.95,0.03,55.59,-334.46,0.04,246.44
9,40,0.33322,-67.55,0.03,57.76,-319.10,0.11,265.92
9,41,0.34152,-70.09,0.03,59.99,-306.25,0.14,269.12
9,42,0.34998,-72.60,0.02,62.27,-296.39,-1.46,269.31
9,43,0.35855,-75.05,-0.06,64.60,-285.77,-9.24,272.24
9,44,0.36685,-77.48,-0.12,66.94,-292.65,-7.16,281.25
9,45,0.37503,-79.86,-0.19,69.31,-291.79,-8.46,290.67
9,46,0.38333,-82.21,-0.26,71.74,-282.35,-8.35,291.91
9,47,0.39142,-84.50,-0.33,74.20,-283.77,-8.55,304.91
9,48,0.39999,-86.82,-0.40,76.82,-270.11,-8.36,305.34
9,49,0.40814,-89.11,-0.47,79.47,-280.52,-8.80,324.72
9,50,0.41650,-91.45,-0.55,82.23,-280.29,-8.89,330.66
9,51,0.42517,-93.78,-0.62,85.01,-269.01,-8.57,320.07
9,52,0.43341,-96.21,-0.70,87.88,-295.19,-9.36,348.15
9,53,0.44159,-98.65,-0.78,90.74,-297.39,-9.42,350.75
9,54,0.45013,-101.23,-0.86,93.76,-302.14,-9.53,353.21
9,55,0.45844,-103.81,-0.94,96.78,-311.03,-9.81,363.60
9,56,0.46667,-106.48,-1.02,99.87,-324.44,-10.16,374.44
9,57,0.47528,-109.16,-1.11,102.95,-310.64,-9.73,358.51
9,58,0.48331,-111.85,-1.19,106.02,-335.74,-10.44,382.13
9,59,0.49170,-114.59,-1.27,109.04,-326.91,-9.99,360.36
9,60,0.49982,-117.42,-1.36,111.99,-347.74,-10.33,363.16
9,61,0.50854,-120.29,-1.44,114.88,-329.72,-9.61,331.47
9,62,0.51675,-123.21,-1.53,117.75,-354.65,-10.22,349.44
9,63,0.52490,-126.22,-1.61,120.51,-370.41,-10.28,338.20
9,64,0.53314,-129.37,-1.69,123.11,-382.22,-10.13,316.30
9,65,0.54156,-132.68,-1.78,125.52,-392.03,-9.83,286.23
9,66,0.54993,-136.09,-1.86,127.77,-408.39,-9.80,268.61
9,67,0.55826,-139.63,-1.94,129.81,-425.27,-9.68,244.69
9,68,0.56659,-143.19,-2.02,131.57,-427.47,-9.21,210.99
9,69,0.57529,-146.85,-2.09,133.11,-420.70,-8.63,177.19
9,70,0.58334,-150.60,-2.16,134.43,-464.77,-9.04,163.64
9,71,0.59174,-154.42,-2.23,135.52,-454.91,-8.41,130.18
9,72,0.60001,-158.12,-2.30,136.25,-447.97,-7.71,88.93
9,73,0.60834,-161.87,-2.36,136.76,-449.45,-7.32,61.17
9,74,0.61670,-165.63,-2.42,137.05,-450.36,-6.93,33.94
9,75,0.62518,-169.41,-2.47,137.11,-445.32,-6.46,6.83
9,76,0.63358,-173.00,-2.52,137.00,-428.36,-5.93,-12.36
9,77,0.64191,-176.59,-2.57,136.68,-430.04,-5.56,-38.46
9,78,0.64996,-180.15,-2.61,136.15,-441.67,-5.33,-66.29
9,79,0.65826,-183.66,-2.65,135.40,-423.90,-4.72,-90.07
9,80,0.66656,-187.13,-2.69,134.44,-417.65,-4.25,-115.44
9,81,0.67496,-190.53,-2.72,133.28,-405.45,-3.74,-138.55
9,82,0.68329,-193.86,-2.74,131.92,-399.27,-3.28,-163.74
9,83,0.69162,-197.10,-2.77,130.35,-389.01,-2.78,-187.55
9,84,0.70007,-200.24,-2.79,128.60,-371.48,-2.23,-207.58
9,85,0.70834,-203.27,-2.80,126.66,-366.42,-1.77,-234.32
9,86,0.71646,-206.18,-2.81,124.54,-358.27,-1.25,-260.90
9,87,0.72556,-208.96,-2.82,122.25,-305.37,-0.64,-251.68
9,88,0.73328,-211.72,-2.82,119.73,-357.31,-0.26,-327.27
9,89,0.74170,-214.32,-2.82,117.04,-309.06,0.30,-319.20
9,90,0.74985,-216.76,-2.81,114.20,-299.25,0.88,-348.31
9,91,0.75867,-219.02,-2.81,111.22,-256.40,0.20,-338.06
9,92,0.76672,-221.20,-2.81,107.95,-270.45,-0.38,-406.06
9,93,0.77524,-223.18,-2.81,104.55,-232.62,0.21,-398.92
9,94,0.78323,-224.95,-2.80,101.04,-221.76,0.80,-438.93
9,95,0.79172,-226.52,-2.79,97.40,-185.25,1.35,-429.50
9,96,0.80002,-227.83,-2.77,93.68,-156.99,2.03,-448.16
9,97,0.80853,-228.90,-2.75,89.88,-126.52,2.53,-445.52
9,98,0.81671,-229.75,-2.73,86.03,-103.73,3.19,-470.90
9,99,0.82523,-230.36,-2.70,82.14,-72.04,3.59,-457.35
9,100,0.83353,-230.56,-2.66,78.23,-23.16,4.59,-471.32
9,101,0.84192,-230.51,-2.62,74.31,5.09,5.03,-466.55
9,102,0.85040,-230.24,-2.57,70.40,32.73,5.44,-460.43
9,103,0.85883,-229.72,-2.52,66.52,60.87,5.92,-460.87
9,104,0.86700,-228.98,-2.47,62.68,91.04,6.56,-470.15
9,105,0.87527,-228.08,-2.41,58.87,109.23,6.76,-460.52
9,106,0.88339,-227.15,-2.35,55.06,113.53,6.92,-468.80
9,107,0.89166,-226.23,-2.30,51.26,111.81,6.80,-460.15
9,108,0.89990,-225.30,-2.24,47.45,112.96,6.82,-461.48
9,109,0.90851,-224.37,-2.18,43.65,108.16,6.56,-441.84
9,110,0.91653,-223.46,-2.13,39.91,113.69,6.89,-465.78
9,111,0.92523,-222.54,-2.07,36.18,104.91,6.35,-429.82
9,112,0.93341,-221.63,-2.02,32.44,111.57,6.77,-457.09
9,113,0.94183,-220.72,-1.96,28.70,108.70,6.57,-443.48
9,114,0.94983,-219.81,-1.91,25.23,112.98,6.55,-434.35
9,115,0.95837,-218.91,-1.86,21.76,105.71,6.12,-406.07
9,116,0.96661,-218.06,-1.81,18.51,103.33,5.95,-394.07
9,117,0.97504,-217.21,-1.76,15.26,101.09,5.82,-385.51
9,118,0.98337,-216.35,-1.71,12.02,102.20,5.89,-389.74
9,119,0.99161,-215.50,-1.66,8.77,103.33,5.95,-393.70
9,120,1.00003,-214.66,-1.61,5.64,100.00,5.67,-371.74
9,121,1.00876,-213.84,-1.61,2.51,94.41,0.05,-359.09
9,122,1.01678,-213.11,-1.59,-0.50,90.49,2.51,-374.52
9,123,1.02527,-212.52,-1.58,-3.53,69.42,2.14,-357.91
9,124,1.03345,-212.10,-1.56,-6.60,51.49,1.92,-374.63
9,125,1.04172,-211.86,-1.55,-9.68,28.78,1.56,-372.69
9,126,1.05005,-211.82,-1.54,-12.68,4.76,1.14,-359.71
9,127,1.05844,-211.96,-1.53,-15.67,-16.73,0.81,-356.73
9,128,1.06683,-212.28,-1.53,-18.65,-38.18,0.48,-355.27
9,129,1.07523,-212.78,-1.53,-21.61,-59.27,0.13,-352.36
9,130,1.08426,-213.46,-1.53,-24.64,-75.68,-0.16,-335.47
10,0,0.00000,0.00,0.00,0.00,41.88,-14.51,51.26
10,1,0.00854,0.34,-0.13,0.44,40.00,-14.75,51.79
10,2,0.01660,0.96,-0.32,1.11,76.14,-23.52,82.58
10,3,0.02484,1.55,-0.51,1.79,71.85,-23.64,82.96
10,4,0.03290,2.47,-0.74,2.61,114.77,-28.57,101.14
10,5,0.04117,3.37,-0.98,3.45,108.86,-28.99,101.85
10,6,0.04984,4.58,-1.25,4.41,139.08,-31.53,110.92
10,7,0.05789,5.75,-1.53,5.40,145.83,-34.93,123.48
10,8,0.06625,7.11,-1.73,6.09,162.41,-22.82,81.39
10,9,0.07486,8.45,-1.93,6.81,155.32,-23.97,84.04
10,10,0.08331,10.10,-2.04,7.21,195.31,-13.08,47.29
10,11,0.09152,11.74,-2.17,7.66,199.63,-15.07,54.65
10,12,0.09988,13.47,-2.24,7.94,207.66,-9.31,33.58
10,13,0.10825,15.20,-2.34,8.27,206.57,-11.09,39.78
10,14,0.11612,16.95,-2.38,8.42,222.48,-5.21,19.38
10,15,0.12469,18.70,-2.43,8.63,203.91,-6.44,24.20
10,16,0.13315,20.44,-2.50,8.89,205.78,-8.48,30.69
10,17,0.14120,22.17,-2.59,9.20,215.15,-10.55,38.64
10,18,0.15002,24.06,-2.65,9.43,213.84,-7.20,26.30
10,19,0.15817,25.94,-2.73,9.72,230.34,-9.65,35.58
10,20,0.16614,27.98,-2.77,9.85,256.32,-4.20,16.09
10,21,0.17477,30.01,-2.82,10.04,235.69,-5.82,22.26
10,22,0.18307,32.37,-2.82,10.09,283.46,-0.81,5.15
10,23,0.19171,34.72,-2.85,10.20,272.08,-3.40,13.43
10,24,0.20035,37.41,-2.85,10.21,312.01,0.43,0.35
10,25,0.20859,40.11,-2.87,10.29,327.04,-2.42,10.37
10,26,0.21619,43.16,-2.84,10.23,402.41,3.09,-7.63
10,27,0.22519,46.22,-2.85,10.27,339.66,-0.41,4.07
10,28,0.23288,49.50,-2.91,10.50,426.59,-7.92,30.16
10,29,0.24121,52.77,-3.00,10.83,392.67,-10.78,39.93
10,30,0.24945,56.20,-3.18,11.51,415.19,-22.47,81.85
10,31,0.25818,59.59,-3.40,12.28,389.16,-24.53,88.81
10,32,0.26639,62.84,-3.68,13.29,396.28,-34.31,122.30
10,33,0.27451,66.07,-3.99,14.39,396.99,-38.16,135.71
10,34,0.28302,69.13,-4.38,15.76,359.50,-45.36,160.93
10,35,0.29126,72.15,-4.79,17.22,366.30,-49.99,177.78
10,36,0.29980,75.12,-5.23,18.78,347.86,-51.37,181.79
10,37,0.30826,78.04,-5.69,20.42,345.85,-55.05,194.58
10,38,0.31622,80.87,-5.79,22.28,355.56,-12.69,232.95
10,39,0.32462,83.65,-5.94,24.22,330.55,-17.97,231.27
10,40,0.33301,86.30,-6.11,26.32,316.00,-19.56,250.55
10,41,0.34122,88.82,-6.28,28.58,307.06,-21.48,275.09
10,42,0.34979,91.20,-6.47,30.98,277.94,-21.91,280.43
10,43,0.35812,93.44,-6.67,33.53,268.13,-23.93,305.13
10,44,0.36642,95.55,-6.88,36.15,254.78,-24.82,316.18
10,45,0.37466,97.67,-7.08,38.78,256.67,-24.96,318.52
10,46,0.38333,99.78,-7.29,41.40,243.66,-23.80,303.17
10,47,0.39145,101.89,-7.50,44.03,259.77,-25.40,324.06
10,48,0.39972,104.09,-7.71,46.76,265.68,-25.84,329.15
10,49,0.40863,106.28,-7.92,49.48,245.89,-24.01,305.82
10,50,0.41635,108.54,-8.15,52.31,292.89,-28.72,366.40
10,51,0.42477,110.79,-8.37,55.15,267.75,-26.43,336.59
10,52,0.43341,113.11,-8.60,58.11,268.55,-26.91,343.11
10,53,0.44150,115.43,-8.84,61.10,286.42,-29.03,369.43
10,54,0.45007,117.84,-9.08,64.25,280.78,-28.90,368.33
10,55,0.45825,120.24,-9.33,67.42,293.28,-30.39,387.31
10,56,0.46686,122.66,-9.59,70.71,281.91,-29.97,381.56
10,57,0.47491,125.08,-9.85,74.00,299.62,-32.03,408.33
10,58,0.48309,127.48,-10.11,77.29,294.03,-31.69,403.36
10,59,0.49182,129.87,-10.37,80.60,274.13,-29.78,379.02
10,60,0.50009,132.26,-10.63,83.92,288.19,-31.48,400.74
10,61,0.50806,134.63,-10.89,87.24,297.70,-32.75,416.86
10,62,0.51651,137.08,-11.14,90.51,289.89,-30.39,387.00
10,63,0.52454,139.52,-11.40,93.79,304.56,-32.03,408.37
10,64,0.53329,141.98,-11.66,97.09,280.49,-29.61,377.00
10,65,0.54135,144.42,-11.92,100.37,302.65,-31.98,407.20
10,66,0.54968,146.86,-12.18,103.65,292.67,-30.92,393.77
10,67,0.55804,149.29,-12.43,106.93,291.24,-30.81,392.34
10,68,0.56638,151.65,-12.69,110.13,282.78,-30.12,383.52
10,69,0.57474,154.00,-12.94,113.32,281.75,-30.01,382.12
10,70,0.58353,156.36,-13.19,116.52,268.06,-28.51,363.54
10,71,0.59164,158.71,-13.44,119.71,289.85,-30.92,393.61
10,72,0.59964,160.88,-13.68,122.80,271.37,-30.41,386.64
10,73,0.60834,163.05,-13.92,125.89,249.47,-27.91,355.44
10,74,0.61633,165.22,-14.17,128.99,271.37,-30.44,387.02
10,75,0.62476,167.39,-14.41,132.08,257.25,-28.82,367.03
10,76,0.63318,169.50,-14.64,134.99,250.36,-27.16,346.01
10,77,0.64145,171.61,-14.87,137.91,254.98,-27.71,352.40
10,78,0.65024,173.72,-15.10,140.82,239.93,-26.03,331.60
10,79,0.65829,175.82,-15.33,143.74,261.74,-28.39,361.74
10,80,0.66650,177.93,-15.55,146.65,256.88,-27.91,355.02
10,81,0.67468,180.04,-15.78,149.57,257.84,-27.97,356.34
10,82,0.68356,182.15,-16.01,152.48,237.46,-25.76,328.18
10,83,0.69165,184.26,-16.24,155.40,260.75,-28.33,360.38
10,84,0.70010,186.37,-16.47,158.31,249.46,-27.06,344.77
10,85,0.70914,188.48,-16.70,161.22,233.45,-25.32,322.64
10,86,0.71646,190.59,-16.93,164.14,287.92,-31.28,397.92
10,87,0.72501,192.69,-17.16,167.05,246.79,-26.77,341.07
10,88,0.73312,194.91,-17.39,170.07,272.93,-29.15,371.43
10,89,0.74167,197.13,-17.63,173.08,259.29,-27.74,352.86
10,90,0.74997,199.34,-17.87,176.10,266.91,-28.51,363.24
10,91,0.75821,201.54,-18.10,179.13,267.41,-28.84,367.41
10,92,0.76666,203.82,-18.36,182.33,269.31,-29.78,379.06
10,93,0.77475,206.05,-18.61,185.57,276.23,-31.44,400.00
10,94,0.78302,208.22,-18.86,188.85,261.25,-30.50,397.05
10,95,0.79166,210.34,-19.05,192.16,246.29,-21.90,383.04
10,96,0.79965,212.42,-19.28,195.51,259.54,-28.96,419.47
10,97,0.80804,214.47,-19.52,198.88,244.36,-27.84,401.45
10,98,0.81656,216.48,-19.45,202.27,236.56,7.44,398.21
10,99,0.82477,218.45,-19.50,205.69,239.78,-6.20,415.99
10,100,0.83325,220.21,-19.50,209.18,207.91,0.26,412.23
10,101,0.84125,221.94,-19.50,212.70,215.65,0.28,439.69
10,102,0.85013,223.63,-19.50,216.23,190.38,0.26,397.59
10,103,0.85812,225.26,-19.50,219.79,204.20,0.29,445.04
10,104,0.86636,226.84,-19.49,223.37,191.48,0.28,434.81
10,105,0.87463,228.36,-19.49,226.98,184.13,0.29,436.16
10,106,0.88303,229.82,-19.49,230.61,174.18,0.29,432.73
10,107,0.89160,231.25,-19.49,234.26,165.84,0.28,425.62
10,108,0.89975,232.62,-19.48,237.92,168.91,0.30,449.81
10,109,0.90802,233.95,-19.48,241.60,160.89,-0.19,445.02
10,110,0.91626,235.22,-19.50,245.24,154.07,-1.33,440.74
10,111,0.92471,236.46,-19.51,248.88,145.85,-1.52,431.05
10,112,0.93292,237.64,-19.52,252.54,143.87,-1.89,446.10
10,113,0.94141,238.79,-19.48,256.21,135.61,5.41,432.37
10,114,0.94977,239.78,-19.48,259.66,118.98,0.09,412.41
10,115,0.95831,240.74,-19.48,263.11,112.14,0.09,404.29
10,116,0.96640,241.60,-19.48,266.36,106.79,0.08,401.13
10,117,0.97470,242.45,-19.48,269.60,101.47,0.08,391.18
10,118,0.98303,243.28,-19.47,272.85,100.00,0.07,390.11
10,119,0.99152,244.11,-19.47,276.10,97.84,0.07,383.09
10,120,0.99988,244.89,-19.47,279.25,93.43,0.07,376.28
10,121,1.00815,245.67,-19.47,282.40,94.10,0.07,380.44
10,122,1.01648,246.37,-19.47,285.41,83.52,0.06,361.90
10,123,1.02481,247.06,-19.47,288.43,83.52,0.06,361.90
10,124,1.03299,247.76,-19.47,291.44,85.07,0.06,368.66
10,125,1.04144,248.45,-19.47,294.45,82.31,0.05,356.32
10,126,1.04984,249.14,-19.47,297.37,81.82,0.06,347.64
10,127,1.05792,249.83,-19.47,300.29,84.91,0.06,360.75
10,128,1.06616,250.51,-19.47,303.21,83.33,0.06,354.07
10,129,1.07474,251.20,-19.47,306.13,80.07,0.06,340.57
10,130,1.08313,251.90,-19.47,309.16,82.91,0.06,360.73
11,0,0.00000,0.00,0.00,0.00,31.90,-3.77,57.35
11,1,0.00790,0.26,-0.03,0.49,32.43,-4.06,62.55
11,2,0.01645,0.74,-0.08,1.26,57.14,-5.99,89.29
11,3,0.02454,1.21,-0.14,2.03,57.74,-6.40,95.85
11,4,0.03314,1.99,-0.20,2.99,90.07,-7.94,111.35
11,5,0.04129,2.73,-0.27,3.97,91.76,-8.41,120.22
11,6,0.04974,3.77,-0.36,5.11,122.02,-9.91,135.02
11,7,0.05786,4.77,-0.44,6.28,123.31,-10.40,144.36
11,8,0.06641,6.00,-0.51,7.17,144.64,-8.72,103.57
11,9,0.07489,7.21,-0.59,8.09,142.81,-8.89,108.27
11,10,0.08304,8.79,-0.66,8.73,192.88,-8.45,79.03
11,11,0.09143,10.34,-0.73,9.42,185.09,-8.39,81.82
11,12,0.09943,12.01,-0.79,9.95,209.54,-8.12,66.03
11,13,0.10785,13.67,-0.86,10.52,197.10,-7.96,68.12
11,14,0.11627,15.39,-0.92,10.92,203.62,-6.95,47.10
11,15,0.12460,17.09,-0.98,11.36,204.40,-7.29,53.11
11,16,0.13293,18.78,-1.04,11.85,202.93,-7.58,58.61
11,17,0.14151,20.46,-1.11,12.38,195.37,-7.61,62.28
11,18,0.14944,22.30,-1.17,12.85,231.92,-8.27,59.62
11,19,0.15787,24.13,-1.24,13.38,217.03,-8.07,61.96
11,20,0.16626,26.14,-1.31,13.75,239.64,-7.64,45.09
11,21,0.17468,28.14,-1.37,14.19,237.32,-7.97,51.45
11,22,0.18289,30.47,-1.44,14.51,284.01,-8.25,38.66
11,23,0.19174,32.79,-1.51,14.89,262.41,-8.02,43.10
11,24,0.19968,35.47,-1.59,15.19,337.69,-9.43,37.69
11,25,0.20776,38.14,-1.67,15.56,330.19,-9.66,46.04
11,26,0.21649,41.19,-1.75,15.82,348.95,-9.22,30.07
11,27,0.22470,44.23,-1.83,16.17,370.26,-10.39,42.38
11,28,0.23318,47.54,-1.93,16.74,390.65,-12.08,66.91
11,29,0.24158,50.77,-2.04,17.39,384.36,-12.55,77.45
11,30,0.24973,54.11,-2.17,18.37,410.11,-15.44,121.35
11,31,0.25836,57.42,-2.30,19.46,383.39,-15.11,125.44
11,32,0.26672,60.57,-2.43,20.74,377.01,-16.45,153.65
11,33,0.27472,63.68,-2.57,22.12,389.31,-17.68,171.76
11,34,0.28329,66.62,-2.73,23.73,342.70,-17.59,188.61
11,35,0.29135,69.52,-2.88,25.43,359.09,-19.09,210.61
11,36,0.29999,72.36,-3.04,27.21,329.33,-18.22,205.65
11,37,0.30826,75.16,-3.20,29.06,338.01,-19.36,224.35
11,38,0.31638,77.85,-3.37,31.11,331.95,-20.77,252.26
11,39,0.32507,80.49,-3.54,33.23,303.16,-19.65,243.86
11,40,0.33350,83.07,-3.72,35.59,307.25,-21.71,280.07
11,41,0.34174,85.43,-3.90,38.02,286.30,-21.97,294.44
11,42,0.35007,87.64,-4.09,40.58,265.20,-22.27,307.69
11,43,0.35837,89.69,-4.27,43.27,247.06,-22.78,324.63
11,44,0.36691,91.53,-4.47,46.10,214.64,-22.36,330.71
11,45,0.37500,93.19,-4.66,49.04,205.66,-23.95,363.40
11,46,0.38333,94.84,-4.85,51.97,198.17,-23.15,352.38
11,47,0.39191,96.49,-5.05,54.92,192.17,-22.61,343.77
11,48,0.40002,98.20,-5.25,57.97,210.15,-24.68,375.94
11,49,0.40863,99.89,-5.45,61.04,196.45,-23.40,356.74
11,50,0.41696,101.61,-5.66,64.23,207.33,-24.95,382.05
11,51,0.42523,103.38,-5.87,67.52,213.28,-25.92,398.15
11,52,0.43393,105.14,-6.09,70.85,202.11,-24.89,382.46
11,53,0.44196,106.90,-6.09,74.19,219.77,0.11,416.35
11,54,0.45053,108.74,-6.16,77.71,214.59,-8.88,410.68
11,55,0.45853,110.58,-6.16,81.24,230.15,0.23,441.60
11,56,0.46686,112.44,-6.16,84.88,223.08,0.22,436.26
11,57,0.47543,114.30,-6.16,88.51,216.73,0.21,423.84
11,58,0.48358,116.16,-6.15,92.14,228.09,0.23,446.07
11,59,0.49185,118.01,-6.15,95.78,224.35,0.22,439.48
11,60,0.50073,119.87,-6.15,99.41,208.93,0.21,409.28
11,61,0.50854,121.73,-6.15,103.05,238.67,0.24,464.84
11,62,0.51712,123.68,-6.15,106.64,227.40,0.23,419.22
11,63,0.52515,125.63,-6.15,110.24,242.21,0.24,447.91
11,64,0.53363,127.56,-6.17,113.83,228.42,-2.60,424.10
11,65,0.54208,129.49,-6.10,117.44,228.16,8.04,426.35
11,66,0.55051,131.41,-6.08,121.05,227.54,2.03,428.62
11,67,0.55933,133.31,-6.06,124.66,215.57,1.95,409.00
11,68,0.56665,135.14,-6.05,128.18,249.58,2.30,481.25
11,69,0.57529,136.96,-6.03,131.71,210.60,1.97,408.48
11,70,0.58380,138.77,-6.01,135.24,212.90,2.00,415.05
11,71,0.59219,140.55,-6.00,138.77,212.73,2.04,420.36
11,72,0.60037,142.17,-5.98,142.18,197.39,2.09,417.54
11,73,0.60880,143.77,-5.96,145.61,189.49,2.05,406.52
11,74,0.61688,145.35,-5.95,149.04,195.47,2.15,424.15
11,75,0.62524,146.89,-5.93,152.47,185.04,2.09,410.22
11,76,0.63361,148.39,-5.91,155.74,178.47,1.99,391.61
11,77,0.64200,149.83,-5.89,159.04,172.00,2.02,392.73
11,78,0.65042,151.23,-5.88,162.35,166.67,2.05,393.12
11,79,0.65851,152.58,-5.86,165.68,167.17,2.18,412.08
11,80,0.66702,153.90,-5.84,169.03,154.12,2.11,393.19
11,81,0.67532,155.18,-5.82,172.39,154.78,2.19,404.78
11,82,0.68405,156.44,-5.80,175.76,144.06,2.10,386.01
11,83,0.69193,157.67,-5.79,179.14,156.20,2.36,429.46
11,84,0.70013,158.87,-5.77,182.53,146.10,2.29,413.01
11,85,0.70856,160.04,-5.75,185.93,138.77,2.25,403.99
11,86,0.71704,161.17,-5.73,189.35,133.45,2.27,402.52
11,87,0.72552,162.26,-5.71,192.79,128.06,2.32,405.76
11,88,0.73386,163.35,-5.69,196.37,131.87,2.47,429.30
11,89,0.74200,164.39,-5.67,199.96,126.97,2.58,441.20
11,90,0.75049,165.37,-5.65,203.57,115.11,2.52,425.54
11,91,0.75848,166.30,-5.62,207.21,116.79,2.72,455.34
11,92,0.76709,167.23,-5.60,211.04,107.80,2.68,443.97
11,93,0.77542,168.10,-5.58,214.87,104.40,2.81,460.07
11,94,0.78369,168.91,-5.55,218.72,97.79,2.88,465.31
11,95,0.79211,169.65,-5.53,222.58,88.77,2.87,458.33
11,96,0.80051,170.28,-5.51,226.47,74.55,2.97,464.00
11,97,0.80875,170.83,-5.48,230.37,67.41,3.08,473.70
11,98,0.81699,171.32,-5.45,234.29,59.26,3.12,474.81
11,99,0.82523,171.75,-5.43,238.20,51.48,3.15,475.56
11,100,0.83359,171.95,-5.40,242.11,24.09,3.23,467.52
11,101,0.84207,172.09,-5.37,246.03,17.27,3.21,461.15
11,102,0.85056,172.19,-5.35,249.95,11.15,3.25,462.23
11,103,0.85855,172.24,-5.32,253.86,6.11,3.46,489.69
11,104,0.86691,172.26,-5.29,257.78,2.19,3.33,468.25
11,105,0.87589,172.23,-5.26,261.69,-3.40,3.13,436.39
11,106,0.88348,172.16,-5.23,265.61,-8.84,3.71,515.26
11,107,0.89215,172.07,-5.21,269.53,-10.21,3.27,451.76
11,108,0.90073,171.95,-5.18,273.44,-14.23,3.31,456.23
11,109,0.90881,171.79,-5.15,277.34,-19.25,3.53,483.02
11,110,0.91708,171.61,-5.12,281.19,-22.14,3.41,464.58
11,111,0.92542,171.37,-5.09,285.03,-29.30,3.42,460.81
11,112,0.93384,171.07,-4.98,288.86,-34.78,13.93,455.43
11,113,0.94220,170.73,-5.00,292.67,-41.24,-3.44,455.47
11,114,0.95068,170.32,-5.03,296.23,-48.20,-2.69,420.14
11,115,0.95908,169.85,-5.01,299.77,-55.27,1.57,421.45
11,116,0.96698,169.34,-5.00,303.09,-65.64,1.54,419.31
11,117,0.97531,168.73,-4.99,306.39,-72.16,1.42,396.34
11,118,0.98376,168.01,-4.98,309.66,-85.20,1.35,387.73
11,119,0.99225,167.16,-4.97,312.90,-100.72,1.27,381.29
11,120,1.00043,166.17,-4.96,315.99,-121.27,1.19,377.61
11,121,1.00897,165.08,-4.95,319.03,-127.50,1.08,355.71
11,122,1.01746,163.93,-4.94,321.90,-135.97,0.98,338.49
11,123,1.02533,162.69,-4.93,324.73,-156.98,1.00,360.08
11,124,1.03375,161.40,-4.92,327.55,-153.26,0.91,333.70
11,125,1.04208,160.04,-4.92,330.32,-162.64,0.88,332.60
11,126,1.05060,158.70,-4.91,333.00,-157.35,0.82,315.05
11,127,1.05856,157.32,-4.90,335.66,-173.95,0.84,333.72
11,128,1.06723,155.90,-4.90,338.30,-163.73,0.76,304.58
11,129,1.07550,154.44,-4.89,340.92,-176.75,0.77,317.71
11,130,1.08414,152.83,-4.88,343.68,-185.87,0.75,319.43
12,0,0.00000,0.00,0.00,0.00,-57.48,7.48,-23.81
12,1,0.00769,-0.52,0.06,-0.20,-67.46,7.27,-26.59
12,2,0.01611,-1.40,0.11,-0.42,-104.35,6.63,-25.36
12,3,0.02435,-2.28,0.17,-0.62,-107.04,6.55,-24.07
12,4,0.03287,-3.51,0.17,-0.66,-144.44,0.06,-5.38
12,5,0.04199,-4.74,0.17,-0.69,-135.12,0.16,-2.68
12,6,0.05002,-6.27,0.10,-0.52,-190.87,-8.11,20.53
12,7,0.05774,-7.80,0.04,-0.33,-198.02,-8.70,24.90
12,8,0.06619,-9.20,-0.10,0.28,-164.98,-16.31,72.20
12,9,0.07443,-10.58,-0.29,0.92,-167.78,-22.39,77.04
12,10,0.08282,-11.84,-0.43,2.06,-150.18,-16.78,136.00
12,11,0.09167,-13.08,-0.46,3.22,-140.00,-3.24,131.38
12,12,0.09949,-14.16,-0.55,4.61,-138.28,-12.21,177.73
12,13,0.10773,-15.22,-0.60,6.02,-128.15,-6.34,170.74
12,14,0.11630,-16.05,-0.67,7.57,-97.15,-7.52,180.78
12,15,0.12439,-16.85,-0.73,9.13,-99.62,-8.19,193.58
12,16,0.13284,-17.63,-0.80,10.71,-92.06,-7.98,186.64
12,17,0.14172,-18.38,-0.87,12.30,-84.54,-7.72,179.38
12,18,0.14948,-19.02,-0.95,14.09,-81.50,-10.60,231.10
12,19,0.15778,-19.61,-1.04,15.90,-72.06,-10.02,217.28
12,20,0.16623,-19.99,-1.14,17.91,-44.04,-11.78,237.91
12,21,0.17435,-20.32,-1.24,19.92,-41.35,-12.36,248.50
12,22,0.18298,-20.42,-1.36,22.27,-11.66,-14.30,272.08
12,23,0.19180,-20.48,-1.48,24.63,-6.57,-14.09,266.78
12,24,0.20029,-20.29,-1.63,27.32,22.66,-17.46,316.91
12,25,0.20789,-20.05,-1.78,30.00,31.73,-19.62,353.41
12,26,0.21628,-19.48,-1.95,33.00,68.00,-20.60,357.82
12,27,0.22455,-18.85,-2.13,36.00,75.65,-21.04,361.99
12,28,0.23294,-18.21,-2.31,39.22,76.00,-22.22,384.36
12,29,0.24124,-17.52,-2.50,42.44,83.46,-22.53,387.13
12,30,0.25021,-16.94,-2.70,45.87,64.63,-21.87,382.99
12,31,0.25784,-16.30,-2.90,49.30,83.60,-25.87,449.20
12,32,0.26630,-15.77,-3.09,52.66,63.18,-22.66,397.83
12,33,0.27466,-15.18,-3.28,56.02,70.80,-23.00,401.09
12,34,0.28302,-14.74,-3.47,59.34,52.19,-22.39,397.81
12,35,0.29184,-14.25,-3.65,62.66,56.06,-21.35,376.12
12,36,0.29965,-13.69,-3.84,65.97,71.09,-24.21,423.44
12,37,0.30841,-13.08,-4.03,69.27,70.03,-21.68,376.66
12,38,0.31641,-12.52,-4.22,72.61,69.08,-23.80,417.56
12,39,0.32471,-11.91,-4.42,75.94,73.53,-23.07,401.10
12,40,0.33310,-11.50,-4.60,79.30,49.09,-22.50,400.36
12,41,0.34189,-11.29,-4.79,82.68,23.61,-21.04,384.38
12,42,0.34964,-11.13,-4.97,86.06,21.26,-23.81,436.22
12,43,0.35797,-10.99,-5.16,89.44,16.48,-22.08,405.86
12,44,0.36633,-10.93,-5.34,92.81,6.93,-21.67,402.92
12,45,0.37460,-10.92,-5.52,96.18,1.85,-21.84,407.38
12,46,0.38306,-10.96,-5.70,99.55,-5.05,-21.28,399.64
12,47,0.39188,-11.04,-5.88,102.92,-8.65,-20.25,382.01
12,48,0.40036,-11.15,-6.06,106.42,-12.59,-21.72,411.87
12,49,0.40857,-11.29,-6.25,109.91,-18.22,-22.38,425.65
12,50,0.41641,-11.51,-6.43,113.53,-27.24,-24.08,461.09
12,51,0.42456,-11.78,-6.62,117.14,-33.33,-22.96,443.45
12,52,0.43314,-12.13,-6.81,120.89,-40.57,-22.48,436.65
12,53,0.44208,-12.52,-7.01,124.63,-43.69,-21.40,418.43
12,54,0.45032,-12.97,-7.21,128.57,-55.19,-24.42,478.89
12,55,0.45807,-13.44,-7.41,132.52,-60.24,-25.89,509.06
12,56,0.46634,-13.96,-7.61,136.57,-63.10,-24.79,489.67
12,57,0.47455,-14.49,-7.82,140.62,-64.31,-24.99,492.94
12,58,0.48318,-15.02,-8.02,144.66,-61.84,-23.69,468.55
12,59,0.49149,-15.59,-8.23,148.71,-67.65,-24.56,487.13
12,60,0.50031,-16.16,-8.43,152.75,-65.05,-23.11,458.13
12,61,0.50851,-16.75,-8.63,156.78,-72.12,-24.71,491.82
12,62,0.51648,-17.25,-8.84,160.84,-63.22,-25.84,509.20
12,63,0.52454,-17.78,-9.04,164.90,-64.77,-25.49,503.41
12,64,0.53302,-18.33,-9.25,168.95,-65.11,-24.14,477.34
12,65,0.54135,-18.92,-9.45,172.99,-71.43,-24.38,485.35
12,66,0.55026,-19.56,-9.65,177.03,-70.89,-22.69,453.42
12,67,0.55792,-20.25,-9.85,181.06,-90.44,-26.18,525.90
12,68,0.56638,-21.00,-10.05,184.96,-88.81,-22.71,461.37
12,69,0.57471,-21.84,-10.24,188.84,-100.73,-22.74,465.93
12,70,0.58310,-22.74,-10.42,192.71,-107.64,-22.27,460.73
12,71,0.59186,-23.71,-10.61,196.56,-110.10,-21.13,439.72
12,72,0.59976,-24.77,-10.78,200.18,-133.98,-21.57,458.69
12,73,0.60864,-25.86,-10.95,203.80,-123.37,-19.06,407.22
12,74,0.61633,-27.00,-11.12,207.40,-148.02,-21.85,468.65
12,75,0.62460,-28.17,-11.28,211.00,-141.70,-20.14,434.32
12,76,0.63300,-29.28,-11.44,214.42,-132.36,-18.87,407.64
12,77,0.64191,-30.42,-11.60,217.83,-128.08,-17.69,382.88
12,78,0.65027,-31.63,-11.75,221.22,-143.80,-18.55,405.47
12,79,0.65799,-32.87,-11.91,224.59,-161.26,-19.82,437.15
12,80,0.66644,-34.18,-12.06,227.94,-154.51,-17.83,396.39
12,81,0.67462,-35.53,-12.21,231.27,-166.04,-18.15,407.09
12,82,0.68307,-36.94,-12.35,234.59,-166.06,-17.33,391.70
12,83,0.69196,-38.37,-12.50,237.88,-161.17,-16.32,371.48
12,84,0.70035,-39.87,-12.64,241.16,-178.55,-16.96,389.82
12,85,0.70807,-41.45,-12.78,244.39,-204.74,-17.92,418.58
12,86,0.71649,-43.11,-12.91,247.58,-197.46,-15.92,378.62
12,87,0.72464,-44.88,-12.96,250.71,-216.85,-5.97,384.64
12,88,0.73322,-46.82,-13.16,253.91,-226.33,-23.65,373.31
12,89,0.74139,-48.82,-13.42,257.08,-244.40,-31.20,386.94
12,90,0.75037,-50.88,-13.76,260.20,-229.93,-37.76,347.96
12,91,0.75864,-52.99,-14.05,263.29,-255.35,-35.47,373.43
12,92,0.76657,-55.26,-14.36,266.50,-286.15,-38.99,404.62
12,93,0.77484,-57.59,-14.67,269.67,-280.81,-37.51,383.76
12,94,0.78320,-59.96,-14.98,272.80,-284.31,-37.19,374.45
12,95,0.79196,-62.39,-15.29,275.89,-277.35,-35.58,352.96
12,96,0.79977,-64.89,-15.61,278.95,-319.14,-40.08,391.02
12,97,0.80865,-67.41,-15.92,281.98,-284.19,-35.28,340.89
12,98,0.81659,-69.96,-16.23,284.99,-321.15,-39.53,379.23
12,99,0.82477,-72.53,-16.55,287.97,-314.55,-38.37,365.30
12,100,0.83337,-75.25,-16.86,290.79,-315.96,-36.30,327.30
12,101,0.84207,-77.98,-17.17,293.60,-314.04,-35.93,322.81
12,102,0.84985,-80.73,-17.48,296.39,-352.55,-40.11,358.82
12,103,0.85870,-83.48,-17.80,299.17,-311.38,-35.32,314.14
12,104,0.86655,-86.25,-18.11,301.94,-353.31,-39.85,352.92
12,105,0.87476,-89.03,-18.42,304.70,-338.29,-38.07,336.43
12,106,0.88327,-91.82,-18.74,307.47,-328.32,-36.89,325.09
12,107,0.89224,-94.62,-19.05,310.21,-311.22,-34.79,306.12
12,108,0.90051,-97.43,-19.15,312.93,-340.59,-11.86,328.78
12,109,0.90820,-100.27,-19.30,315.63,-369.05,-20.54,350.79
12,110,0.91669,-103.08,-19.40,318.26,-331.29,-11.88,309.71
12,111,0.92499,-105.91,-19.51,320.87,-340.07,-12.35,314.71
12,112,0.93329,-108.75,-19.61,323.46,-342.65,-12.74,311.76
12,113,0.94156,-111.61,-19.72,326.03,-345.39,-12.95,311.07
12,114,0.95059,-114.32,-19.83,328.38,-300.68,-11.81,259.46
12,115,0.95822,-117.06,-19.94,330.69,-358.80,-14.47,303.60
12,116,0.96667,-119.64,-20.04,332.83,-305.42,-12.46,253.43
12,117,0.97495,-122.24,-20.15,334.95,-314.76,-13.14,255.72
12,118,0.98337,-124.87,-20.26,337.04,-311.59,-13.20,248.19
12,119,0.99164,-127.51,-20.38,339.11,-319.56,-13.85,249.82
12,120,1.00067,-130.09,-20.49,341.07,-285.47,-12.59,217.57
12,121,1.00882,-132.69,-20.61,343.01,-319.10,-14.29,237.83
12,122,1.01675,-135.21,-20.72,344.80,-317.69,-14.77,226.15
12,123,1.02493,-137.74,-20.84,346.59,-309.33,-14.45,217.91
12,124,1.03345,-140.27,-20.96,348.36,-297.49,-13.94,208.60
12,125,1.04166,-142.81,-21.08,350.13,-308.92,-14.59,215.99
12,126,1.05072,-145.26,-21.20,351.86,-270.37,-12.62,190.57
12,127,1.05890,-147.71,-21.31,353.59,-299.63,-14.05,210.82
12,128,1.06683,-150.16,-21.42,355.31,-308.85,-14.44,217.31
12,129,1.07498,-152.62,-21.54,357.03,-301.12,-14.17,211.61
12,130,1.08350,-155.17,-21.66,358.81,-299.64,-14.13,208.24
13,0,0.00000,0.00,0.00,0.00,-15.24,-3.51,66.17
13,1,0.00891,-0.14,-0.03,0.54,-15.75,-3.25,60.62
13,2,0.01666,-0.29,-0.08,1.43,-19.69,-5.98,114.96
13,3,0.02521,-0.47,-0.12,2.32,-20.71,-5.45,103.93
13,4,0.03323,-0.55,-0.18,3.55,-9.51,-7.62,153.23
13,5,0.04187,-0.66,-0.24,4.78,-13.07,-7.12,142.05
13,6,0.04993,-0.68,-0.32,6.32,-2.65,-9.29,191.29
13,7,0.05899,-0.75,-0.39,7.86,-7.41,-8.34,169.70
13,8,0.06665,-0.45,-0.46,9.35,38.25,-8.60,194.82
13,9,0.07513,-0.21,-0.53,10.85,29.14,-7.93,176.98
13,10,0.08340,0.49,-0.59,12.40,84.13,-7.29,187.45
13,11,0.09186,1.14,-0.65,13.97,76.53,-7.36,185.92
13,12,0.10068,1.97,-0.71,15.52,95.16,-6.44,175.09
13,13,0.10840,2.76,-0.77,17.09,102.37,-7.68,203.56
13,14,0.11673,3.71,-0.82,18.57,113.92,-6.19,178.02
13,15,0.12524,4.62,-0.87,20.08,106.09,-6.33,177.42
13,16,0.13358,5.47,-0.93,21.62,102.93,-6.73,184.25
13,17,0.14194,6.29,-0.99,23.18,97.08,-6.98,186.86
13,18,0.15067,7.25,-1.05,24.81,110.49,-6.72,187.41
13,19,0.15848,8.17,-1.11,26.48,117.19,-7.82,213.28
13,20,0.16675,9.31,-1.16,28.18,138.01,-7.00,205.17
13,21,0.17538,10.40,-1.22,29.91,126.15,-7.00,200.35
13,22,0.18332,11.80,-1.29,31.80,176.15,-7.81,238.46
13,23,0.19180,13.13,-1.35,33.73,157.91,-7.69,228.06
13,24,0.20084,14.77,-1.42,35.87,181.42,-7.61,236.82
13,25,0.20917,16.35,-1.49,38.06,188.64,-8.73,263.00
13,26,0.21677,18.25,-1.57,40.46,250.60,-9.91,314.86
13,27,0.22519,20.08,-1.65,42.91,217.39,-9.47,290.94
13,28,0.23340,21.89,-1.74,45.65,220.45,-11.48,334.20
13,29,0.24179,23.61,-1.84,48.45,205.45,-11.78,333.45
13,30,0.25070,25.16,-1.96,51.57,173.29,-13.29,350.68
13,31,0.25851,26.61,-2.08,54.75,185.16,-15.70,405.86
13,32,0.26675,27.78,-2.21,57.94,142.96,-15.67,387.41
13,33,0.27533,28.86,-2.34,61.17,125.98,-15.52,376.51
13,34,0.28354,29.63,-2.49,64.43,93.68,-17.23,397.77
13,35,0.29199,30.30,-2.63,67.72,79.06,-17.09,388.81
13,36,0.30072,30.87,-2.78,71.02,65.03,-16.92,378.67
13,37,0.30917,31.34,-2.93,74.35,55.23,-17.81,393.14
13,38,0.31680,31.58,-3.09,77.72,31.60,-20.70,442.40
13,39,0.32529,31.71,-3.25,81.10,16.19,-18.89,398.56
13,40,0.33350,31.65,-3.41,84.49,-7.81,-20.08,412.27
13,41,0.34195,31.38,-3.58,87.86,-31.77,-19.93,399.28
13,42,0.35089,30.91,-3.75,91.22,-52.56,-19.24,375.09
13,43,0.35864,30.44,-3.93,94.59,-60.63,-22.26,435.04
13,44,0.36685,29.94,-4.10,97.92,-61.34,-20.90,405.95
13,45,0.37555,29.44,-4.27,101.25,-57.19,-19.69,383.16
13,46,0.38358,28.95,-4.44,104.59,-60.84,-21.34,415.59
13,47,0.39200,28.47,-4.61,107.93,-57.61,-20.33,396.01
13,48,0.40094,27.98,-4.79,111.39,-54.61,-19.85,387.37
13,49,0.40866,27.50,-4.97,114.85,-62.06,-22.98,448.62
13,50,0.41751,27.01,-5.15,118.44,-54.83,-20.71,405.52
13,51,0.42535,26.55,-5.33,122.04,-58.75,-23.37,458.37
13,52,0.43353,26.11,-5.52,125.77,-54.10,-23.19,456.72
13,53,0.44196,25.72,-5.71,129.51,-46.38,-22.42,444.20
13,54,0.45087,25.35,-5.91,133.47,-41.10,-22.30,443.84
13,55,0.45926,25.05,-6.11,137.43,-36.36,-23.55,472.00
13,56,0.46692,24.77,-6.31,141.50,-36.65,-26.41,531.47
13,57,0.47537,24.53,-6.51,145.57,-27.80,-23.86,481.95
13,58,0.48383,24.35,-6.71,149.65,-21.30,-23.74,482.31
13,59,0.49210,24.20,-6.91,153.73,-18.82,-24.21,493.36
13,60,0.50034,24.06,-7.11,157.81,-17.04,-24.27,495.19
13,61,0.50931,23.93,-7.31,161.89,-14.63,-22.26,454.76
13,62,0.51697,23.90,-7.51,166.03,-3.19,-26.14,540.24
13,63,0.52536,23.88,-7.71,170.12,-2.91,-23.56,486.91
13,64,0.53372,23.85,-7.91,174.21,-2.92,-23.68,489.05
13,65,0.54227,23.83,-8.11,178.30,-2.86,-23.17,478.57
13,66,0.55032,23.80,-8.30,182.38,-3.03,-24.54,507.20
13,67,0.55930,23.77,-8.50,186.47,-3.74,-22.06,455.44
13,68,0.56769,23.69,-8.69,190.44,-9.45,-23.04,473.09
13,69,0.57538,23.56,-8.89,194.41,-17.46,-25.25,515.87
13,70,0.58365,23.29,-9.27,198.37,-31.73,-45.74,478.97
13,71,0.59222,22.87,-9.52,202.31,-49.11,-30.08,459.79
13,72,0.60101,22.24,-9.80,206.03,-72.57,-31.13,423.61
13,73,0.60941,21.44,-10.07,209.76,-95.27,-32.49,444.00
13,74,0.61768,20.49,-10.34,213.42,-114.76,-32.31,442.07
13,75,0.62564,19.39,-10.60,217.03,-137.55,-32.99,453.26
13,76,0.63379,18.27,-10.85,220.45,-137.08,-30.55,419.85
13,77,0.64224,17.06,-11.10,223.83,-143.32,-29.10,400.72
13,78,0.65106,15.78,-11.34,227.19,-145.33,-27.58,380.97
13,79,0.65878,14.45,-11.58,230.54,-171.94,-31.36,432.81
13,80,0.66760,13.09,-11.82,233.87,-154.67,-27.28,377.51
13,81,0.67548,11.70,-12.06,237.18,-176.36,-30.48,421.32
13,82,0.68378,10.30,-12.30,240.49,-168.75,-28.85,398.90
13,83,0.69223,8.87,-12.54,243.79,-169.68,-28.16,390.25
13,84,0.70102,7.41,-12.78,247.08,-165.28,-27.04,374.31
13,85,0.70959,5.94,-13.01,250.37,-171.53,-27.65,382.92
13,86,0.71710,4.43,-13.26,253.72,-201.63,-32.26,446.75
13,87,0.72556,2.94,-13.49,257.00,-175.81,-28.05,388.45
13,88,0.73376,1.41,-13.74,260.42,-186.62,-30.00,415.99
13,89,0.74222,-0.13,-13.99,263.83,-181.95,-29.15,403.61
13,90,0.75046,-1.67,-14.23,267.24,-187.04,-29.83,413.70
13,91,0.75949,-3.21,-14.48,270.66,-170.95,-27.37,378.38
13,92,0.76715,-4.84,-14.74,274.24,-211.95,-33.70,467.33
13,93,0.77557,-6.46,-15.00,277.82,-193.12,-30.69,425.00
13,94,0.78372,-8.09,-15.25,281.40,-199.63,-31.68,439.33
13,95,0.79214,-9.72,-15.51,284.98,-193.48,-30.69,425.00
13,96,0.80096,-11.39,-15.77,288.55,-189.27,-29.17,404.84
13,97,0.80954,-13.06,-16.03,292.12,-194.66,-30.04,416.37
13,98,0.81714,-14.73,-16.28,295.69,-219.68,-33.85,469.88
13,99,0.82559,-16.41,-16.54,299.26,-198.56,-30.44,422.02
13,100,0.83380,-18.23,-16.79,302.72,-222.30,-30.33,421.93
13,101,0.84241,-20.06,-17.04,306.18,-212.06,-28.89,402.48
13,102,0.85101,-21.88,-17.29,309.65,-212.06,-28.89,402.48
13,103,0.85895,-23.71,-17.54,313.11,-230.38,-31.38,436.54
13,104,0.86774,-25.62,-17.78,316.53,-217.36,-27.90,388.89
13,105,0.87564,-27.67,-18.02,319.86,-259.85,-30.13,421.62
13,106,0.88373,-29.92,-18.25,323.07,-278.11,-28.12,396.23
13,107,0.89230,-32.36,-18.46,326.13,-284.34,-25.27,357.30
13,108,0.90103,-34.98,-18.67,329.04,-300.00,-23.44,333.57
13,109,0.90887,-37.76,-18.58,331.79,-354.86,10.87,350.19
13,110,0.91782,-40.65,-18.51,334.33,-322.87,8.55,284.30
13,111,0.92563,-43.64,-18.42,336.75,-382.81,10.59,309.38
13,112,0.93393,-46.72,-18.34,339.05,-371.32,10.61,277.57
13,113,0.94232,-49.87,-18.24,341.24,-374.91,11.07,261.09
13,114,0.95108,-52.90,-18.15,343.16,-345.99,10.52,219.51
13,115,0.95953,-55.97,-18.06,344.99,-363.54,11.31,216.25
13,116,0.96796,-58.88,-17.96,346.66,-345.29,10.83,198.55
13,117,0.97562,-61.80,-17.87,348.32,-381.27,12.04,215.94
13,118,0.98383,-64.72,-17.78,349.97,-356.13,11.26,200.74
13,119,0.99240,-67.64,-17.69,351.61,-340.21,10.74,191.81
13,120,1.00064,-70.48,-17.60,353.19,-344.07,10.93,191.11
13,121,1.00955,-73.31,-17.51,354.75,-317.47,10.09,176.03
13,122,1.01724,-76.03,-17.42,356.21,-354.76,11.37,189.68
13,123,1.02570,-78.76,-17.33,357.67,-322.74,10.36,172.56
13,124,1.03397,-81.49,-17.25,359.13,-329.89,10.58,176.01
13,125,1.04239,-84.22,-17.16,360.58,-323.91,10.42,172.10
13,126,1.05057,-86.87,-17.07,361.99,-323.51,10.39,172.39
13,127,1.05966,-89.51,-16.99,363.39,-291.28,9.40,154.03
13,128,1.06787,-92.19,-16.90,364.79,-326.02,10.52,170.63
13,129,1.07574,-94.86,-16.81,366.17,-338.76,10.94,175.58
13,130,1.08401,-97.63,-16.72,367.57,-335.42,10.95,168.63
14,0,0.00000,0.00,0.00,0.00,-67.16,0.19,-7.38
14,1,0.00894,-0.56,0.00,-0.07,-62.12,0.23,-7.85
14,2,0.01721,-1.46,0.00,-0.09,-109.23,-0.17,-2.58
14,3,0.02515,-2.36,-0.00,-0.13,-113.85,-0.11,-4.62
14,4,0.03339,-3.59,-0.01,0.01,-148.52,-1.28,16.67
14,5,0.04184,-4.81,-0.02,0.13,-145.13,-1.14,14.08
14,6,0.05005,-6.33,0.03,0.42,-184.39,5.97,35.69
14,7,0.05884,-7.84,-0.02,0.69,-172.57,-5.45,30.56
14,8,0.06732,-9.23,-0.09,1.32,-162.95,-8.19,74.82
14,9,0.07562,-10.62,-0.15,1.94,-167.65,-6.96,73.90
14,10,0.08334,-11.93,-0.24,3.02,-169.96,-11.72,139.92
14,11,0.09177,-13.26,-0.32,4.08,-157.61,-10.15,125.72
14,12,0.10025,-14.49,-0.41,5.33,-144.96,-10.22,148.20
14,13,0.10858,-15.73,-0.50,6.57,-149.82,-10.41,148.35
14,14,0.11731,-16.83,-0.49,7.95,-125.52,0.11,157.69
14,15,0.12573,-17.95,-0.62,9.31,-132.61,-14.90,161.96
14,16,0.13351,-19.09,-0.75,10.66,-146.27,-16.37,173.33
14,17,0.14178,-20.24,-0.89,11.99,-139.85,-17.32,160.52
14,18,0.15021,-21.39,-1.02,13.50,-135.87,-15.04,180.07
14,19,0.15897,-22.55,-1.29,15.00,-133.10,-31.14,171.08
14,20,0.16751,-23.63,-1.60,16.74,-126.43,-35.66,203.21
14,21,0.17581,-24.75,-1.97,18.47,-134.19,-45.55,208.82
14,22,0.18356,-25.84,-2.38,20.57,-141.34,-52.27,270.47
14,23,0.19186,-26.96,-2.77,22.64,-134.93,-47.18,250.00
14,24,0.20007,-28.09,-3.20,25.09,-137.92,-52.87,298.14
14,25,0.20901,-29.26,-3.64,27.53,-130.72,-48.99,272.35
14,26,0.21738,-30.40,-4.12,30.36,-136.50,-57.15,339.05
14,27,0.22528,-31.59,-4.60,33.18,-150.19,-61.14,357.14
14,28,0.23370,-33.00,-5.13,36.16,-166.67,-63.07,352.90
14,29,0.24197,-34.45,-5.67,39.11,-175.65,-64.82,356.83
14,30,0.25021,-36.22,-6.26,42.11,-215.56,-71.60,364.07
14,31,0.25906,-38.05,-6.85,45.08,-205.86,-67.05,335.52
14,32,0.26749,-39.99,-7.44,47.87,-231.16,-70.15,331.52
14,33,0.27524,-42.00,-8.04,50.65,-258.66,-77.21,358.27
14,34,0.28354,-44.16,-8.64,53.21,-260.66,-72.10,308.82
14,35,0.29199,-46.36,-9.24,55.74,-260.29,-71.09,299.28
14,36,0.30023,-48.60,-9.84,58.24,-271.85,-73.05,302.96
14,37,0.30905,-50.88,-10.45,60.70,-258.48,-68.49,279.24
14,38,0.31750,-53.35,-11.08,63.11,-292.42,-74.19,284.84
14,39,0.32535,-55.81,-11.69,65.43,-313.62,-78.49,296.50
14,40,0.33356,-58.41,-12.31,67.61,-315.99,-75.49,264.68
14,41,0.34204,-61.13,-12.93,69.62,-320.86,-73.14,237.41
14,42,0.35028,-63.89,-13.55,71.57,-335.56,-75.26,237.04
14,43,0.35858,-66.66,-14.17,73.53,-333.09,-74.80,235.29
14,44,0.36743,-69.44,-14.79,75.43,-314.14,-69.59,214.83
14,45,0.37585,-72.22,-15.41,77.33,-330.07,-73.30,225.72
14,46,0.38351,-75.00,-16.04,79.23,-362.95,-83.07,248.21
14,47,0.39203,-77.79,-16.79,81.13,-327.24,-88.34,223.66
14,48,0.40033,-80.66,-17.39,83.12,-346.69,-72.08,238.97
14,49,0.40906,-83.55,-18.08,85.10,-330.42,-78.86,227.62
14,50,0.41751,-86.53,-18.79,87.16,-353.07,-84.24,242.96
14,51,0.42593,-89.52,-19.51,89.22,-355.07,-84.71,244.20
14,52,0.43359,-92.64,-20.25,91.33,-406.37,-96.61,276.49
14,53,0.44202,-95.76,-20.99,93.45,-370.29,-87.96,251.81
14,54,0.45026,-99.05,-21.77,95.67,-400.00,-94.71,269.26
14,55,0.45914,-102.35,-22.55,97.89,-371.48,-87.93,249.83
14,56,0.46747,-105.75,-23.35,100.15,-408.42,-96.27,270.70
14,57,0.47531,-109.16,-24.15,102.40,-433.85,-102.16,287.55
14,58,0.48370,-112.56,-24.95,104.66,-405.45,-95.48,268.73
14,59,0.49200,-115.96,-25.76,106.91,-409.93,-96.72,271.69
14,60,0.50040,-119.36,-26.56,109.17,-405.45,-95.48,268.73
14,61,0.50888,-122.76,-27.36,111.43,-400.72,-94.43,266.19
14,62,0.51773,-126.11,-28.16,113.77,-378.28,-90.85,265.17
14,63,0.52536,-129.48,-28.54,116.13,-441.60,-49.94,309.20
14,64,0.53366,-132.83,-28.57,118.48,-403.68,-2.79,282.35
14,65,0.54214,-136.19,-28.64,120.81,-395.68,-9.13,274.82
14,66,0.55035,-139.56,-28.66,123.12,-410.41,-1.80,282.16
14,67,0.55875,-142.93,-28.67,125.42,-402.18,-1.75,273.82
14,68,0.56760,-146.23,-28.69,127.63,-372.41,-1.60,250.00
14,69,0.57593,-149.53,-28.70,129.83,-396.70,-1.69,264.10
14,70,0.58368,-152.84,-28.72,132.03,-426.77,-1.82,283.46
14,71,0.59213,-156.15,-28.73,134.21,-390.97,-1.66,258.12
14,72,0.60043,-159.35,-28.74,136.22,-386.03,-1.57,241.54
14,73,0.60876,-162.56,-28.76,138.21,-385.35,-1.56,239.19
14,74,0.61755,-165.78,-28.77,140.18,-366.67,-1.47,224.31
14,75,0.62601,-169.01,-28.78,142.13,-381.59,-1.51,230.69
14,76,0.63376,-172.09,-28.79,144.02,-397.64,-1.60,244.09
14,77,0.64212,-175.17,-28.81,145.89,-367.88,-1.46,222.99
14,78,0.65045,-178.26,-28.82,147.73,-370.70,-1.46,221.25
14,79,0.65884,-181.36,-28.83,149.55,-369.45,-1.43,217.09
14,80,0.66714,-184.47,-28.84,151.36,-375.00,-1.44,217.28
14,81,0.67606,-187.59,-28.85,153.16,-349.66,-1.34,201.71
14,82,0.68381,-190.74,-28.87,154.95,-406.69,-1.54,231.50
14,83,0.69208,-193.87,-28.88,156.71,-378.97,-1.42,213.28
14,84,0.70056,-197.02,-28.89,158.46,-370.86,-1.38,205.76
14,85,0.70892,-200.17,-28.90,160.18,-377.37,-1.39,206.20
14,86,0.71771,-203.34,-28.91,161.89,-360.42,-1.25,193.75
14,87,0.72552,-206.54,-28.97,163.56,-409.38,-7.39,214.45
14,88,0.73386,-209.86,-28.93,165.28,-398.90,4.88,206.23
14,89,0.74222,-213.20,-28.94,166.97,-399.27,-1.02,201.82
14,90,0.75046,-216.56,-28.95,168.63,-407.04,-1.02,201.48
14,91,0.75909,-219.93,-28.95,170.28,-390.46,-0.96,190.81
14,92,0.76770,-223.47,-28.96,171.98,-411.70,-1.00,198.23
14,93,0.77631,-227.02,-28.97,173.68,-412.06,-1.00,197.16
14,94,0.78384,-230.62,-28.98,175.40,-477.33,-1.15,227.94
14,95,0.79224,-234.17,-28.99,177.08,-423.27,-1.02,201.09
14,96,0.80038,-237.75,-29.00,178.74,-439.33,-1.03,203.00
14,97,0.80890,-241.33,-29.01,180.39,-420.43,-0.98,194.27
14,98,0.81778,-244.91,-29.01,182.05,-403.09,-0.94,186.25
14,99,0.82608,-248.49,-29.02,183.69,-431.62,-1.00,197.43
14,100,0.83377,-252.12,-29.03,185.16,-471.83,-0.42,191.27
14,101,0.84219,-255.75,-29.02,186.63,-430.80,0.33,174.64
14,102,0.85043,-259.38,-29.02,188.10,-440.37,0.34,178.52
14,103,0.85889,-263.00,-29.02,189.57,-429.24,0.32,174.01
14,104,0.86774,-266.63,-29.01,191.04,-410.00,0.31,166.21
14,105,0.87622,-270.26,-29.01,192.51,-427.70,0.32,173.38
14,106,0.88391,-273.89,-29.01,193.98,-471.83,0.36,191.27
14,107,0.89221,-277.52,-29.01,195.45,-437.13,0.33,177.21
14,108,0.90054,-281.15,-29.00,196.92,-435.53,0.33,176.56
14,109,0.90915,-284.77,-29.00,198.39,-420.92,0.32,170.92
14,110,0.91718,-288.33,-29.00,199.84,-444.11,0.33,180.23
14,111,0.92615,-291.90,-29.00,201.29,-397.28,0.30,161.22
14,112,0.93393,-295.46,-28.99,202.73,-458.04,0.35,185.88
14,113,0.94226,-299.01,-28.99,204.17,-425.64,0.32,172.53
14,114,0.95053,-302.35,-28.99,205.47,-404.43,0.33,157.20
14,115,0.95908,-305.68,-28.98,206.77,-389.29,0.31,151.43
14,116,0.96793,-308.81,-28.98,207.98,-353.79,0.29,136.90
14,117,0.97577,-311.99,-28.98,209.21,-405.06,0.33,156.81
14,118,0.98389,-315.12,-28.98,210.42,-385.71,0.31,149.25
14,119,0.99225,-318.24,-28.97,211.62,-372.99,0.30,144.16
14,120,1.00055,-321.27,-28.97,212.77,-365.07,0.30,138.60
14,121,1.00909,-324.29,-28.97,213.92,-353.21,0.29,133.57
14,122,1.01782,-327.19,-28.97,214.97,-333.22,0.29,120.63
14,123,1.02554,-330.10,-28.96,216.02,-376.68,0.33,136.36
14,124,1.03397,-333.01,-28.96,217.07,-345.29,0.30,125.00
14,125,1.04224,-335.91,-28.96,218.12,-350.55,0.31,126.94
14,126,1.05057,-338.72,-28.96,219.16,-337.73,0.29,123.81
14,127,1.05890,-341.54,-28.95,220.19,-337.73,0.29,123.81
14,128,1.06781,-344.35,-28.95,221.22,-315.75,0.27,115.75
14,129,1.07623,-347.17,-28.94,222.25,-335.14,1.63,122.83
14,130,1.08395,-350.09,-28.95,223.31,-378.26,-1.86,136.36
15,0,0.00000,0.00,0.00,0.00,-56.69,4.17,30.28
15,1,0.00803,-0.50,0.04,0.25,-61.98,4.68,31.18
15,2,0.01633,-1.26,0.09,0.73,-92.28,6.29,57.72
15,3,0.02530,-2.04,0.14,1.19,-86.73,6.01,51.36
15,4,0.03363,-3.00,0.20,1.96,-115.02,6.51,92.67
15,5,0.04129,-3.98,0.26,2.71,-127.49,7.54,98.01
15,6,0.04974,-5.11,0.31,3.75,-134.66,6.71,122.74
15,7,0.05807,-6.28,0.37,4.76,-139.56,7.37,121.25
15,8,0.06641,-7.15,0.39,6.01,-104.40,1.77,149.45
15,9,0.07529,-8.05,0.41,7.23,-101.37,2.22,137.80
15,10,0.08374,-8.66,0.37,8.81,-72.56,-3.99,187.36
15,11,0.09131,-9.31,0.35,10.38,-85.89,-3.85,207.26
15,12,0.09979,-9.80,0.29,12.07,-57.19,-6.48,199.28
15,13,0.10812,-10.32,0.24,13.75,-63.00,-5.85,201.47
15,14,0.11664,-10.66,0.17,15.48,-39.78,-8.45,202.87
15,15,0.12469,-11.04,0.10,17.20,-46.97,-8.43,213.26
15,16,0.13364,-11.46,0.04,18.91,-47.10,-6.93,191.13
15,17,0.14145,-11.92,-0.02,20.61,-58.98,-7.44,217.58
15,18,0.14978,-12.30,-0.09,22.47,-46.15,-9.06,223.44
15,19,0.15817,-12.73,-0.16,24.32,-51.27,-8.36,220.36
15,20,0.16656,-13.00,-0.26,26.35,-32.00,-11.79,241.82
15,21,0.17542,-13.32,-0.36,28.37,-35.86,-10.52,228.28
15,22,0.18320,-13.49,-0.48,30.71,-22.35,-16.52,301.57
15,23,0.19144,-13.73,-0.61,33.05,-28.15,-14.90,284.07
15,24,0.19983,-13.85,-0.76,35.75,-14.18,-18.63,321.09
15,25,0.20807,-14.03,-0.91,38.44,-22.22,-18.20,326.30
15,26,0.21661,-14.06,-1.10,41.49,-3.93,-22.06,357.86
15,27,0.22549,-14.17,-1.28,44.55,-12.03,-20.31,343.99
15,28,0.23315,-14.46,-1.46,47.82,-37.45,-22.92,427.49
15,29,0.24152,-14.82,-1.62,51.09,-43.80,-19.88,390.88
15,30,0.24997,-15.51,-1.77,54.51,-81.59,-16.70,404.33
15,31,0.25818,-16.28,-1.90,57.91,-93.68,-15.97,414.13
15,32,0.26666,-17.26,-2.00,61.17,-115.11,-11.85,384.53
15,33,0.27533,-18.31,-2.09,64.41,-121.48,-10.43,373.59
15,34,0.28317,-19.62,-2.14,67.50,-166.54,-7.01,393.77
15,35,0.29153,-21.00,-2.19,70.56,-164.96,-5.22,365.69
15,36,0.29987,-22.45,-2.22,73.58,-174.36,-4.17,363.00
15,37,0.30826,-23.97,-2.24,76.57,-181.82,-2.89,356.00
15,38,0.31668,-25.70,-2.24,79.48,-204.35,0.17,346.01
15,39,0.32483,-27.48,-2.23,82.36,-219.48,1.32,352.81
15,40,0.33380,-29.35,-2.21,85.19,-207.48,2.44,315.31
15,41,0.34149,-31.21,-2.19,88.02,-242.06,2.80,367.86
15,42,0.35004,-33.07,-2.17,90.84,-217.86,2.56,331.07
15,43,0.35834,-34.93,-2.15,93.67,-224.26,2.62,340.44
15,44,0.36670,-36.83,-2.12,96.45,-227.01,3.43,332.85
15,45,0.37546,-38.73,-2.09,99.24,-216.72,3.19,317.77
15,46,0.38382,-40.62,-2.06,102.02,-227.01,3.45,332.85
15,47,0.39160,-42.52,-2.03,104.80,-243.92,3.69,357.65
15,48,0.39990,-44.48,-2.00,107.70,-236.03,3.35,348.90
15,49,0.40826,-46.44,-1.98,110.60,-234.31,3.37,346.35
15,50,0.41678,-48.47,-1.95,113.60,-238.71,3.42,352.33
15,51,0.42548,-50.51,-1.92,116.60,-233.68,3.35,344.91
15,52,0.43332,-52.64,-1.88,119.70,-271.60,4.25,395.33
15,53,0.44156,-54.77,-1.85,122.80,-258.52,4.08,376.30
15,54,0.45004,-57.03,-1.81,126.06,-267.27,4.45,384.53
15,55,0.45825,-59.30,-1.77,129.32,-276.21,4.64,397.40
15,56,0.46683,-61.65,-1.73,132.66,-274.38,4.97,388.97
15,57,0.47568,-64.01,-1.69,135.99,-265.86,4.73,376.90
15,58,0.48334,-66.36,-1.65,139.33,-307.17,5.62,435.46
15,59,0.49161,-68.71,-1.60,142.66,-284.50,5.16,403.32
15,60,0.50015,-71.07,-1.56,146.00,-275.36,4.99,390.36
15,61,0.50830,-73.42,-1.52,149.33,-288.76,5.19,409.36
15,62,0.51669,-75.68,-1.49,152.74,-269.82,3.40,405.45
15,63,0.52554,-77.95,-1.46,156.14,-255.86,3.30,384.48
15,64,0.53400,-80.21,-1.48,159.54,-267.87,-2.67,402.53
15,65,0.54166,-82.48,-1.74,162.95,-295.62,-33.31,444.22
15,66,0.55017,-84.74,-2.22,166.35,-266.31,-56.57,399.28
15,67,0.55832,-87.02,-2.74,169.74,-279.03,-64.30,416.85
15,68,0.56683,-89.24,-3.25,173.03,-260.93,-59.70,386.38
15,69,0.57520,-91.46,-3.76,176.32,-266.06,-60.75,393.43
15,70,0.58411,-93.69,-4.27,179.61,-249.66,-57.01,368.84
15,71,0.59177,-95.91,-4.78,182.89,-290.44,-66.32,429.08
15,72,0.60010,-98.10,-5.26,185.97,-263.00,-57.62,369.23
15,73,0.60834,-100.30,-5.74,189.05,-266.30,-58.19,373.33
15,74,0.61685,-102.50,-6.22,192.12,-258.42,-56.34,360.57
15,75,0.62509,-104.71,-6.70,195.18,-267.78,-58.10,372.22
15,76,0.63403,-106.77,-7.15,198.13,-231.06,-51.25,329.35
15,77,0.64175,-108.84,-7.61,201.07,-268.38,-59.29,381.03
15,78,0.65009,-110.92,-8.07,204.01,-248.72,-54.90,352.75
15,79,0.65842,-113.00,-8.53,206.95,-249.82,-54.89,352.38
15,80,0.66684,-115.08,-8.98,209.88,-247.10,-54.25,348.19
15,81,0.67572,-117.17,-9.44,212.81,-235.05,-51.48,329.90
15,82,0.68350,-119.25,-9.90,215.74,-268.24,-58.70,376.47
15,83,0.69263,-121.34,-10.35,218.66,-229.10,-50.03,320.74
15,84,0.70023,-123.43,-10.81,221.59,-275.10,-60.08,385.14
15,85,0.70853,-125.53,-11.27,224.52,-252.21,-55.01,352.57
15,86,0.71689,-127.62,-11.72,227.44,-250.36,-54.66,350.00
15,87,0.72574,-129.71,-12.18,230.37,-235.86,-51.57,331.03
15,88,0.73355,-131.86,-12.54,233.44,-275.00,-45.68,392.58
15,89,0.74188,-134.00,-12.50,236.51,-257.14,4.92,368.13
15,90,0.75034,-136.13,-12.46,239.58,-252.35,4.76,363.54
15,91,0.75845,-138.26,-12.42,242.66,-262.41,4.97,378.95
15,92,0.76688,-140.50,-12.37,245.89,-265.58,5.00,383.70
15,93,0.77582,-142.73,-12.33,249.13,-249.15,4.68,362.12
15,94,0.78360,-144.95,-12.29,252.37,-285.49,5.31,416.86
15,95,0.79257,-147.16,-12.25,255.62,-246.60,4.54,362.24
15,96,0.80029,-149.40,-12.21,258.86,-290.51,5.50,419.76
15,97,0.80859,-151.64,-12.16,262.11,-269.49,5.04,391.18
15,98,0.81705,-153.87,-12.12,265.36,-263.54,4.90,384.84
15,99,0.82526,-156.09,-12.08,268.62,-270.26,5.00,397.03
15,100,0.83420,-158.43,-12.03,271.76,-262.12,5.44,350.85
15,101,0.84189,-160.77,-11.99,274.90,-303.57,6.28,408.73
15,102,0.85037,-163.09,-11.94,278.05,-274.10,5.61,371.22
15,103,0.85849,-165.41,-11.89,281.21,-284.96,5.77,389.10
15,104,0.86703,-167.71,-11.84,284.38,-269.29,5.42,370.71
15,105,0.87534,-169.99,-11.80,287.56,-275.37,5.47,383.09
15,106,0.88428,-172.26,-11.76,290.75,-253.92,4.95,357.00
15,107,0.89200,-174.51,-11.71,293.95,-291.30,5.59,415.02
15,108,0.90036,-176.74,-11.67,297.17,-266.42,5.04,385.04
15,109,0.90869,-178.94,-11.63,300.41,-264.47,4.88,388.28
15,110,0.91702,-181.08,-11.59,303.61,-256.78,4.61,383.88
15,111,0.92548,-183.19,-11.55,306.82,-249.82,4.40,380.51
15,112,0.93427,-185.28,-11.52,310.06,-236.81,3.99,368.06
15,113,0.94193,-187.33,-11.49,313.31,-267.73,4.36,425.10
15,114,0.95035,-189.25,-11.45,316.34,-228.99,3.82,359.42
15,115,0.95844,-191.15,-11.42,319.39,-234.34,3.77,376.60
15,116,0.96695,-192.90,-11.40,322.25,-205.38,3.16,336.20
15,117,0.97577,-194.62,-11.34,325.13,-194.81,5.87,326.64
15,118,0.98352,-196.30,-11.43,328.03,-217.72,-11.73,374.02
15,119,0.99240,-197.96,-11.51,330.95,-186.60,-8.14,328.52
15,120,1.00031,-199.55,-11.56,333.77,-200.77,-7.10,357.53
15,121,1.00854,-201.10,-11.62,336.62,-188.89,-6.89,345.19
15,122,1.01703,-202.60,-11.67,339.32,-176.62,-6.34,319.06
15,123,1.02533,-204.07,-11.73,342.05,-177.21,-6.57,327.94
15,124,1.03427,-205.51,-11.78,344.79,-161.09,-6.16,306.48
15,125,1.04190,-206.92,-11.84,347.54,-184.80,-7.28,360.80
15,126,1.05029,-208.25,-11.89,350.23,-158.18,-6.49,320.36
15,127,1.05853,-209.55,-11.95,352.93,-157.41,-6.67,327.78
15,128,1.06708,-210.82,-12.00,355.65,-148.21,-6.50,317.86
15,129,1.07590,-212.05,-12.06,358.38,-140.48,-6.35,309.69
15,130,1.08401,-213.32,-12.12,361.21,-155.64,-7.19,349.25
16,0,0.00000,0.00,0.00,0.00,-63.14,2.96,-21.53
16,1,0.00787,-0.52,0.03,-0.19,-66.67,3.26,-24.42
16,2,0.01614,-1.40,0.06,-0.43,-105.54,4.11,-28.41
16,3,0.02444,-2.27,0.10,-0.68,-104.78,4.33,-30.88
16,4,0.03339,-3.49,0.13,-0.86,-136.52,3.44,-19.80
16,5,0.04102,-4.70,0.16,-1.07,-159.20,4.45,-27.20
16,6,0.05005,-6.24,0.19,-1.20,-169.93,3.15,-14.19
16,7,0.05780,-7.77,0.22,-1.36,-197.64,4.22,-21.26
16,8,0.06607,-9.28,0.21,-1.15,-182.29,-0.95,25.09
16,9,0.07449,-10.79,0.21,-0.98,-179.35,-0.50,20.29
16,10,0.08322,-12.37,0.16,-0.36,-181.12,-6.01,71.68
16,11,0.09155,-13.96,0.11,0.23,-191.58,-5.72,70.33
16,12,0.09940,-15.54,0.04,1.02,-200.39,-8.93,100.39
16,13,0.10767,-17.13,-0.03,1.77,-192.25,-7.92,90.77
16,14,0.11606,-18.63,-0.11,2.69,-178.91,-10.17,109.45
16,15,0.12439,-20.15,-0.19,3.57,-182.78,-9.65,105.86
16,16,0.13272,-21.69,-0.27,4.41,-185.35,-9.15,101.47
16,17,0.14160,-23.26,-0.34,5.22,-175.95,-8.16,91.07
16,18,0.14938,-24.89,-0.43,6.19,-209.80,-11.48,124.71
16,19,0.15762,-26.54,-0.51,7.12,-200.74,-10.25,112.96
16,20,0.16605,-28.22,-0.62,8.29,-199.28,-13.10,138.77
16,21,0.17438,-29.93,-0.73,9.42,-204.76,-12.61,135.53
16,22,0.18359,-31.78,-0.87,10.87,-200.99,-15.09,157.62
16,23,0.19168,-33.68,-1.00,12.29,-235.09,-16.65,175.09
16,24,0.19968,-35.75,-1.17,14.01,-259.16,-20.81,215.65
16,25,0.20795,-37.87,-1.17,15.69,-255.72,0.43,202.58
16,26,0.21625,-40.16,-1.19,17.72,-275.74,-2.75,244.49
16,27,0.22464,-42.50,-1.18,19.69,-278.55,0.55,235.27
16,28,0.23294,-45.12,-1.18,21.68,-315.81,0.55,238.97
16,29,0.24191,-47.79,-1.18,23.60,-297.62,0.49,213.95
16,30,0.25018,-50.78,-1.17,25.38,-362.36,0.48,215.50
16,31,0.25790,-53.82,-1.17,27.08,-393.68,0.49,220.95
16,32,0.26645,-56.90,-1.16,28.55,-360.00,0.36,171.07
16,33,0.27469,-60.01,-1.16,29.93,-377.41,0.35,167.78
16,34,0.28363,-63.18,-1.16,31.02,-354.61,0.24,122.53
16,35,0.29193,-66.40,-1.16,32.05,-388.24,0.23,123.53
16,36,0.30020,-69.62,-1.16,32.99,-389.30,0.21,113.65
16,37,0.30795,-72.87,-1.15,33.85,-418.50,0.19,110.63
16,38,0.31638,-76.19,-1.15,34.51,-394.20,0.12,78.99
16,39,0.32474,-79.52,-1.15,35.10,-398.91,0.09,69.71
16,40,0.33359,-82.84,-1.15,35.79,-374.48,0.12,78.28
16,41,0.34195,-86.15,-1.15,36.49,-395.99,0.13,83.94
16,42,0.34973,-89.46,-1.15,37.19,-425.49,0.14,90.59
16,43,0.35800,-92.77,-1.15,37.90,-400.37,0.13,85.61
16,44,0.36636,-96.08,-1.09,38.56,-395.26,6.42,78.83
16,45,0.37460,-99.38,-1.15,39.22,-401.11,-7.27,80.00
16,46,0.38382,-102.69,-1.16,39.88,-358.61,-0.40,71.85
16,47,0.39191,-106.07,-1.16,40.56,-418.87,-0.46,84.15
16,48,0.40036,-109.50,-1.17,41.27,-405.42,-0.44,83.03
16,49,0.40799,-112.94,-1.17,41.97,-451.20,-0.50,92.40
16,50,0.41638,-116.49,-1.17,42.69,-422.91,-0.46,86.18
16,51,0.42471,-120.05,-1.18,43.42,-426.74,-0.47,87.18
16,52,0.43307,-123.74,-1.18,44.15,-441.24,-0.49,87.59
16,53,0.44193,-127.44,-1.19,44.89,-417.93,-0.46,83.10
16,54,0.45026,-131.34,-1.19,45.65,-468.13,-0.52,90.84
16,55,0.45807,-135.24,-1.19,46.40,-499.61,-0.56,96.88
16,56,0.46646,-139.25,-1.20,47.15,-478.18,-0.54,89.45
16,57,0.47473,-143.26,-1.14,47.90,-485.24,7.44,90.77
16,58,0.48306,-147.28,-1.20,48.65,-481.68,-7.28,90.11
16,59,0.49197,-151.29,-1.19,49.40,-450.34,0.51,84.25
16,60,0.50031,-155.30,-1.19,50.16,-481.68,0.65,90.11
16,61,0.50842,-159.32,-1.18,50.91,-494.36,0.67,92.86
16,62,0.51654,-163.31,-1.18,51.77,-492.48,0.63,105.64
16,63,0.52493,-167.31,-1.17,52.62,-476.36,0.61,102.18
16,64,0.53372,-171.31,-1.17,53.48,-454.86,0.58,97.57
16,65,0.54135,-175.31,-1.16,54.34,-524.00,0.67,112.40
16,66,0.55029,-179.31,-1.16,55.20,-447.10,0.57,95.90
16,67,0.55811,-183.30,-1.15,56.05,-510.94,0.65,109.38
16,68,0.56647,-187.18,-1.15,56.87,-464.60,0.60,98.18
16,69,0.57486,-191.07,-1.14,57.69,-462.91,0.60,97.82
16,70,0.58371,-194.95,-1.14,58.51,-438.97,0.57,92.76
16,71,0.59204,-198.83,-1.13,59.33,-465.57,0.60,97.80
16,72,0.59982,-202.55,-1.13,60.03,-477.25,0.64,89.41
16,73,0.60818,-206.26,-1.12,60.72,-444.16,0.60,83.21
16,74,0.61646,-209.97,-1.12,61.42,-449.08,0.61,84.13
16,75,0.62482,-213.68,-1.11,62.11,-443.07,0.60,83.21
16,76,0.63379,-217.21,-1.11,62.82,-393.20,0.52,78.91
16,77,0.64206,-220.74,-1.10,63.50,-426.94,0.57,82.66
16,78,0.64987,-224.28,-1.10,64.14,-453.12,0.62,81.25
16,79,0.65823,-227.83,-1.09,64.72,-424.45,0.60,68.98
16,80,0.66647,-231.38,-1.09,65.25,-431.48,0.63,65.19
16,81,0.67487,-234.94,-1.08,65.75,-424.36,0.63,59.27
16,82,0.68323,-238.51,-1.08,66.22,-426.28,0.64,56.57
16,83,0.69208,-242.07,-1.07,66.68,-403.10,0.61,51.72
16,84,0.70041,-245.64,-1.07,67.13,-428.21,0.65,53.85
16,85,0.70822,-249.21,-1.06,67.57,-457.03,0.70,56.64
16,86,0.71658,-252.78,-1.06,68.01,-427.01,0.65,52.55
16,87,0.72534,-256.36,-1.05,68.45,-408.36,0.63,50.17
16,88,0.73386,-260.07,-1.04,68.93,-435.84,0.66,56.27
16,89,0.74149,-263.78,-1.04,69.41,-486.40,0.74,62.40
16,90,0.75040,-267.49,-1.03,69.88,-416.44,0.63,53.42
16,91,0.75818,-271.21,-1.03,70.35,-478.04,0.73,60.00
16,92,0.76666,-275.12,-1.02,70.82,-460.07,0.53,55.76
16,93,0.77490,-279.02,-1.02,71.29,-473.70,0.25,56.67
16,94,0.78391,-282.93,-1.02,71.75,-434.24,0.23,50.85
16,95,0.79150,-286.83,-1.02,72.20,-514.06,0.27,59.44
16,96,0.80051,-290.76,-1.01,72.61,-435.59,0.24,45.42
16,97,0.80823,-294.68,-1.01,73.01,-507.91,0.29,52.17
16,98,0.81659,-298.60,-1.01,73.40,-468.98,0.27,47.08
16,99,0.82492,-302.52,-1.01,73.79,-470.70,0.27,45.79
16,100,0.83380,-306.43,-1.02,73.98,-440.21,-1.79,21.99
16,101,0.84250,-310.34,-1.12,74.17,-449.82,-11.16,21.75
16,102,0.85004,-314.41,-1.24,74.36,-539.27,-15.62,25.10
16,103,0.85834,-318.32,-1.34,74.54,-471.32,-12.71,22.06
16,104,0.86667,-322.23,-1.45,74.72,-469.60,-12.63,21.61
16,105,0.87494,-326.14,-1.55,74.90,-473.06,-12.74,21.77
16,106,0.88373,-330.06,-1.66,75.08,-445.14,-11.99,20.49
16,107,0.89221,-333.97,-1.76,75.26,-461.15,-12.41,21.22
16,108,0.90002,-337.88,-1.87,75.44,-500.78,-13.48,23.05
16,109,0.90833,-341.79,-1.98,75.62,-470.59,-12.67,21.69
16,110,0.91663,-345.63,-2.08,75.80,-462.87,-12.47,21.69
16,111,0.92508,-349.47,-2.18,76.03,-454.15,-12.33,27.44
16,112,0.93335,-353.30,-2.29,76.35,-463.47,-12.78,38.38
16,113,0.94226,-357.10,-2.42,76.77,-426.71,-14.54,46.92
16,114,0.95056,-360.67,-2.38,77.22,-429.04,4.25,53.68
16,115,0.95840,-364.20,-2.44,77.74,-450.19,-7.15,67.32
16,116,0.96667,-367.50,-2.49,78.31,-400.00,-6.36,69.00
16,117,0.97507,-370.80,-2.54,78.96,-392.36,-6.27,76.36
16,118,0.98370,-374.08,-2.60,79.67,-379.51,-6.10,82.33
16,119,0.99182,-377.33,-2.65,80.42,-401.50,-6.45,92.86
16,120,1.00073,-380.49,-2.70,81.18,-353.77,-5.72,85.62
16,121,1.00845,-383.62,-2.75,81.96,-406.32,-6.56,100.40
16,122,1.01675,-386.64,-2.80,82.67,-362.87,-5.85,85.66
16,123,1.02512,-389.65,-2.85,83.39,-359.85,-5.80,85.77
16,124,1.03400,-392.65,-2.90,84.10,-338.83,-5.46,80.76
16,125,1.04187,-395.65,-2.94,84.82,-381.01,-6.14,91.09
16,126,1.05072,-398.57,-2.99,85.53,-328.97,-5.31,80.00
16,127,1.05838,-401.48,-3.04,86.24,-380.08,-6.13,92.43
16,128,1.06677,-404.39,-3.09,86.94,-346.91,-5.60,84.36
16,129,1.07516,-407.31,-3.13,87.66,-348.00,-5.61,84.73
16,130,1.08389,-410.33,-3.18,88.38,-346.15,-5.57,82.52
17,0,0.00000,0.00,0.00,0.00,-62.33,-2.40,7.19
17,1,0.00824,-0.56,-0.02,0.05,-67.41,-2.60,6.67
17,2,0.01605,-1.44,-0.06,0.23,-113.67,-4.75,22.66
17,3,0.02460,-2.33,-0.10,0.39,-104.29,-4.28,18.57
17,4,0.03271,-3.50,-0.15,0.78,-143.61,-6.71,48.50
17,5,0.04108,-4.68,-0.20,1.16,-140.51,-6.46,44.53
17,6,0.04932,-6.09,-0.27,1.75,-172.22,-8.54,72.59
17,7,0.05829,-7.53,-0.34,2.33,-159.52,-7.79,63.95
17,8,0.06616,-8.75,-0.42,3.23,-155.81,-9.44,113.95
17,9,0.07440,-10.00,-0.49,4.10,-151.11,-8.96,106.30
17,10,0.08264,-11.07,-0.58,5.42,-130.74,-10.16,159.63
17,11,0.09113,-12.18,-0.66,6.71,-129.86,-9.84,152.52
17,12,0.09943,-13.15,-0.74,8.18,-117.28,-10.24,176.47
17,13,0.10846,-14.15,-0.83,9.62,-110.47,-9.44,160.14
17,14,0.11658,-14.97,-0.85,11.18,-101.88,-2.18,191.35
17,15,0.12439,-15.83,-0.96,12.71,-109.38,-14.14,196.88
17,16,0.13269,-16.71,-1.07,14.24,-106.25,-13.58,183.46
17,17,0.14111,-17.62,-1.19,15.74,-107.97,-14.55,178.99
17,18,0.14996,-18.49,-1.35,17.43,-98.62,-17.90,190.69
17,19,0.15778,-19.40,-1.55,19.10,-115.62,-24.81,214.06
17,20,0.16669,-20.18,-1.77,20.99,-88.01,-25.28,211.99
17,21,0.17456,-21.00,-1.99,22.87,-103.88,-28.25,237.98
17,22,0.18280,-21.75,-2.22,25.10,-91.11,-27.83,270.74
17,23,0.19110,-22.54,-2.46,27.31,-95.22,-28.25,266.91
17,24,0.19995,-23.29,-2.71,29.90,-84.83,-28.28,292.41
17,25,0.20770,-24.09,-2.96,32.48,-102.76,-32.89,332.28
17,26,0.21667,-24.81,-3.23,35.45,-80.27,-29.99,331.29
17,27,0.22467,-25.59,-3.51,38.42,-97.71,-34.55,371.37
17,28,0.23273,-26.57,-3.82,41.56,-121.97,-38.89,389.39
17,29,0.24127,-27.61,-4.14,44.67,-121.79,-37.41,365.00
17,30,0.25000,-28.98,-4.51,47.88,-156.64,-42.23,367.48
17,31,0.25830,-30.40,-4.88,51.06,-171.69,-45.06,383.09
17,32,0.26630,-31.99,-5.27,54.08,-198.09,-48.25,377.10
17,33,0.27448,-33.63,-5.66,57.06,-200.37,-47.89,364.93
17,34,0.28278,-35.47,-6.07,59.86,-222.06,-49.20,337.50
17,35,0.29114,-37.37,-6.48,62.63,-226.64,-49.47,331.02
17,36,0.29968,-39.31,-6.90,65.37,-227.50,-48.78,320.00
17,37,0.30841,-41.30,-7.32,68.06,-228.32,-48.39,309.09
17,38,0.31616,-43.46,-7.76,70.67,-278.74,-56.64,336.22
17,39,0.32458,-45.67,-8.20,73.24,-261.96,-52.67,304.71
17,40,0.33282,-48.03,-8.66,75.67,-285.93,-55.20,294.81
17,41,0.34125,-50.42,-8.71,78.05,-284.78,-5.64,283.70
17,42,0.35016,-52.82,-8.82,80.44,-269.18,-13.07,268.15
17,43,0.35834,-55.22,-8.87,82.84,-292.91,-5.70,292.54
17,44,0.36670,-57.64,-8.91,85.18,-289.05,-4.95,280.66
17,45,0.37451,-60.05,-8.95,87.53,-309.38,-5.18,300.78
17,46,0.38287,-62.47,-8.99,89.88,-289.05,-4.98,281.02
17,47,0.39124,-64.88,-9.03,92.24,-288.69,-4.99,281.39
17,48,0.40009,-67.38,-9.08,94.69,-281.72,-5.06,277.24
17,49,0.40790,-69.87,-9.12,97.15,-318.75,-5.80,314.45
17,50,0.41681,-72.45,-9.17,99.69,-289.73,-5.27,285.27
17,51,0.42450,-75.03,-9.22,102.23,-336.11,-6.04,330.16
17,52,0.43286,-77.73,-9.26,104.85,-322.99,-5.39,313.14
17,53,0.44122,-80.44,-9.31,107.46,-322.99,-5.39,313.14
17,54,0.45020,-83.30,-9.35,110.21,-319.73,-5.05,306.46
17,55,0.45782,-86.17,-9.40,112.96,-376.00,-5.90,360.40
17,56,0.46686,-89.14,-9.44,115.77,-328.72,-4.83,310.14
17,57,0.47461,-92.11,-9.48,118.56,-383.46,-5.37,361.02
17,58,0.48291,-95.09,-9.53,121.36,-358.09,-5.07,336.76
17,59,0.49121,-98.06,-9.57,124.15,-358.46,-5.10,336.76
17,60,0.50018,-101.04,-9.61,126.95,-331.97,-4.53,311.22
17,61,0.50854,-104.02,-9.65,129.74,-356.20,-4.97,333.58
17,62,0.51636,-106.96,-9.70,132.63,-376.17,-6.77,370.70
17,63,0.52466,-109.88,-9.76,135.49,-351.47,-6.33,344.85
17,64,0.53302,-112.83,-9.80,138.32,-353.28,-5.48,337.96
17,65,0.54138,-115.83,-9.84,141.09,-359.12,-4.50,331.75
17,66,0.54968,-118.88,-9.87,143.82,-367.28,-3.62,327.94
17,67,0.55859,-121.96,-9.89,146.50,-345.55,-2.75,301.37
17,68,0.56635,-124.99,-9.91,149.06,-391.34,-2.07,330.31
17,69,0.57483,-128.05,-9.92,151.60,-360.07,-1.57,299.28
17,70,0.58307,-131.12,-9.93,154.12,-372.59,-1.25,305.56
17,71,0.59143,-134.20,-9.94,156.62,-368.25,-0.90,299.27
17,72,0.60034,-137.19,-9.94,158.93,-335.62,0.40,258.90
17,73,0.60864,-140.19,-9.93,161.23,-361.03,0.50,277.21
17,74,0.61688,-143.19,-9.93,163.53,-364.07,0.61,278.89
17,75,0.62476,-146.19,-9.92,165.82,-381.40,0.78,290.70
17,76,0.63300,-149.02,-9.92,168.03,-344.07,0.14,268.52
17,77,0.64142,-151.87,-9.92,170.23,-337.68,0.25,261.23
17,78,0.65027,-154.72,-9.91,172.42,-322.76,0.67,246.90
17,79,0.65802,-157.59,-9.91,174.58,-370.08,0.91,279.92
17,80,0.66687,-160.47,-9.90,176.74,-325.52,1.09,243.45
17,81,0.67450,-163.37,-9.88,178.88,-379.20,1.56,280.40
17,82,0.68286,-166.26,-9.87,181.02,-345.99,1.46,255.47
17,83,0.69122,-169.16,-9.86,183.15,-346.35,1.43,255.11
17,84,0.70013,-172.06,-9.85,185.27,-325.68,1.62,238.36
17,85,0.70844,-174.96,-9.83,187.39,-350.00,1.61,255.51
17,86,0.71692,-177.87,-9.82,189.51,-343.17,1.91,249.28
17,87,0.72455,-180.80,-9.82,191.61,-383.20,-0.26,275.20
17,88,0.73285,-183.83,-9.89,193.80,-365.81,-8.09,263.60
17,89,0.74127,-186.89,-10.25,195.96,-362.68,-43.56,256.88
17,90,0.75024,-189.96,-10.72,198.10,-342.18,-51.61,238.44
17,91,0.75848,-193.05,-11.04,200.21,-375.19,-39.12,256.67
17,92,0.76636,-196.32,-11.44,202.40,-415.50,-51.31,277.13
17,93,0.77466,-199.62,-11.84,204.55,-396.69,-47.91,259.19
17,94,0.78296,-202.93,-12.23,206.67,-399.26,-47.37,255.15
17,95,0.79132,-206.27,-12.62,208.74,-398.91,-46.07,248.54
17,96,0.79968,-209.65,-12.99,210.76,-405.11,-44.76,241.24
17,97,0.80847,-213.06,-13.36,212.74,-388.19,-41.68,225.00
17,98,0.81628,-216.50,-13.72,214.68,-439.45,-46.24,248.44
17,99,0.82477,-219.95,-14.07,216.58,-407.19,-41.64,224.10
17,100,0.83313,-223.49,-14.39,218.27,-422.63,-37.61,201.82
17,101,0.84143,-227.03,-14.70,219.93,-427.21,-37.45,200.37
17,102,0.84979,-230.59,-15.00,221.57,-425.18,-36.62,196.35
17,103,0.85864,-234.15,-15.31,223.21,-402.07,-34.57,184.83
17,104,0.86694,-237.71,-15.61,224.84,-429.04,-36.63,196.32
17,105,0.87476,-241.27,-15.92,226.46,-456.25,-38.80,207.42
17,106,0.88348,-244.83,-16.22,228.09,-408.04,-34.74,186.71
17,107,0.89197,-248.39,-16.53,229.71,-419.78,-35.86,191.73
17,108,0.90076,-251.95,-16.83,231.35,-404.86,-34.74,185.76
17,109,0.90851,-255.64,-17.15,233.07,-475.98,-41.34,221.65
17,110,0.91748,-259.12,-17.46,234.71,-387.41,-34.23,183.67
17,111,0.92578,-262.62,-17.77,236.39,-421.32,-37.77,202.21
17,112,0.93359,-266.07,-18.09,238.09,-442.19,-40.38,216.80
17,113,0.94202,-269.49,-18.41,239.80,-406.52,-37.97,203.99
17,114,0.95074,-272.71,-18.71,241.41,-367.83,-34.32,183.92
17,115,0.95917,-275.88,-19.01,243.05,-377.17,-36.12,194.20
17,116,0.96704,-278.91,-19.30,244.62,-384.11,-37.18,200.00
17,117,0.97589,-281.86,-19.60,246.21,-333.79,-33.53,180.00
17,118,0.98364,-284.80,-19.90,247.83,-379.13,-38.82,209.06
17,119,0.99200,-287.71,-20.21,249.48,-348.54,-36.51,196.72
17,120,1.00079,-290.53,-20.51,251.09,-320.49,-34.04,182.99
17,121,1.00916,-293.32,-20.81,252.72,-333.58,-36.14,194.89
17,122,1.01691,-296.00,-21.00,254.26,-345.67,-24.84,199.61
17,123,1.02588,-298.67,-21.35,255.83,-297.28,-38.57,174.83
17,124,1.03406,-301.34,-21.70,257.45,-326.87,-42.92,198.13
17,125,1.04199,-303.96,-22.01,259.09,-330.00,-39.22,205.77
17,126,1.05048,-306.48,-22.32,260.71,-297.12,-36.40,191.37
17,127,1.05920,-308.99,-22.63,262.35,-287.41,-35.71,187.76
17,128,1.06763,-311.48,-22.87,264.01,-296.38,-29.08,197.10
17,129,1.07526,-313.97,-23.03,265.69,-326.40,-20.41,220.80
17,130,1.08344,-316.54,-23.19,267.44,-313.43,-20.05,214.18
18,0,0.00000,0.00,0.00,0.00,-60.40,-8.55,-11.41
18,1,0.00824,-0.55,-0.08,-0.12,-66.30,-9.34,-14.07
18,2,0.01654,-1.44,-0.20,-0.22,-108.09,-15.06,-12.87
18,3,0.02429,-2.34,-0.33,-0.35,-115.35,-15.97,-16.93
18,4,0.03259,-3.57,-0.49,-0.36,-148.53,-20.13,-0.37
18,5,0.04102,-4.80,-0.66,-0.39,-146.38,-19.90,-3.99
18,6,0.05023,-6.34,-0.86,-0.30,-166.89,-22.12,9.60
18,7,0.05817,-7.88,-1.07,-0.25,-193.85,-25.98,6.15
18,8,0.06592,-9.34,-1.25,0.16,-188.58,-23.79,53.54
18,9,0.07404,-10.82,-1.44,0.54,-181.58,-22.96,46.62
18,10,0.08252,-12.30,-1.61,1.38,-174.46,-20.45,98.56
18,11,0.09106,-13.79,-1.79,2.18,-175.36,-20.60,93.57
18,12,0.09924,-15.24,-1.96,3.17,-177.24,-20.19,121.64
18,13,0.10822,-16.72,-2.12,4.13,-164.29,-18.69,106.80
18,14,0.11670,-18.08,-2.27,5.24,-160.43,-17.47,131.29
18,15,0.12445,-19.47,-2.43,6.32,-179.13,-19.84,139.37
18,16,0.13275,-20.88,-2.58,7.37,-170.59,-18.97,125.74
18,17,0.14124,-22.32,-2.75,8.38,-169.78,-19.18,119.06
18,18,0.15021,-23.81,-2.91,9.56,-165.99,-18.17,131.63
18,19,0.15771,-25.33,-3.08,10.70,-202.03,-22.48,152.44
18,20,0.16675,-26.84,-3.24,12.08,-167.23,-17.77,153.04
18,21,0.17456,-28.38,-3.40,13.43,-197.66,-21.16,171.88
18,22,0.18286,-30.03,-3.57,15.11,-198.16,-20.29,202.57
18,23,0.19122,-31.72,-3.75,16.75,-201.82,-21.09,195.99
18,24,0.19995,-33.55,-3.93,18.73,-209.79,-21.05,226.92
18,25,0.20776,-35.43,-4.13,20.66,-240.62,-24.70,247.27
18,26,0.21667,-37.43,-4.14,22.97,-225.00,-1.55,258.90
18,27,0.22443,-39.50,-4.17,25.22,-266.14,-4.28,290.94
18,28,0.23285,-41.84,-4.19,27.53,-278.26,-1.63,273.55
18,29,0.24115,-44.24,-4.20,29.77,-289.34,-1.63,270.59
18,30,0.25000,-46.99,-4.21,31.92,-310.34,-1.50,242.41
18,31,0.25769,-49.79,-4.23,34.00,-363.89,-1.69,270.24
18,32,0.26672,-52.66,-4.24,35.83,-317.57,-1.32,203.04
18,33,0.27478,-55.57,-4.25,37.59,-361.36,-1.43,218.94
18,34,0.28278,-58.58,-4.26,39.08,-376.34,-1.28,185.50
18,35,0.29108,-61.62,-4.27,40.48,-366.91,-1.19,169.49
18,36,0.30011,-64.70,-4.28,41.82,-340.88,-1.06,147.30
18,37,0.30774,-67.81,-4.29,43.07,-408.00,-1.21,164.40
18,38,0.31671,-71.03,-4.30,44.13,-358.16,-0.93,118.71
18,39,0.32452,-74.26,-4.30,45.12,-414.45,-1.02,126.17
18,40,0.33301,-77.44,-4.31,46.30,-374.10,-0.51,138.85
18,41,0.34119,-80.54,-4.32,47.67,-378.73,-0.85,167.16
18,42,0.35004,-83.54,-4.32,49.22,-340.00,-0.88,175.17
18,43,0.35779,-86.46,-4.33,50.94,-375.59,-1.12,222.83
18,44,0.36688,-89.36,-4.34,52.65,-319.46,-0.94,187.58
18,45,0.37445,-92.27,-4.35,54.35,-383.87,-1.13,225.40
18,46,0.38293,-95.17,-4.36,56.06,-342.45,-1.01,201.08
18,47,0.39117,-98.08,-4.36,57.77,-352.59,-0.58,207.04
18,48,0.40015,-101.09,-4.46,59.55,-335.37,-10.83,198.64
18,49,0.40790,-104.10,-4.36,61.32,-388.98,12.73,228.35
18,50,0.41687,-107.25,-4.36,63.11,-351.36,0.11,199.32
18,51,0.42450,-110.44,-4.36,64.84,-417.20,0.16,226.80
18,52,0.43286,-113.79,-4.36,66.55,-400.73,0.19,204.38
18,53,0.44128,-117.19,-4.36,68.15,-403.99,0.23,190.58
18,54,0.45020,-120.84,-4.35,69.72,-409.25,0.28,176.37
18,55,0.45782,-124.53,-4.35,71.19,-484.00,0.38,191.60
18,56,0.46680,-128.37,-4.35,72.56,-428.23,0.38,153.40
18,57,0.47461,-132.24,-4.34,73.85,-495.70,0.48,164.45
18,58,0.48297,-136.15,-4.34,75.03,-467.15,0.49,141.97
18,59,0.49139,-140.08,-4.33,76.12,-467.03,0.52,129.35
18,60,0.50018,-144.04,-4.33,77.13,-450.00,0.53,114.58
18,61,0.50842,-148.02,-4.32,78.05,-482.59,0.59,112.22
18,62,0.51630,-151.99,-4.32,79.02,-504.65,0.61,122.09
18,63,0.52460,-155.97,-4.31,79.93,-479.78,0.60,110.29
18,64,0.53290,-159.96,-4.31,80.84,-480.15,0.60,109.19
18,65,0.54126,-163.94,-4.30,81.74,-476.64,0.59,108.39
18,66,0.54962,-167.93,-4.30,82.65,-476.64,0.59,108.39
18,67,0.55853,-171.90,-4.30,83.62,-445.89,0.54,108.22
18,68,0.56635,-175.73,-4.29,84.66,-490.23,0.55,134.38
18,69,0.57458,-179.53,-4.29,85.84,-460.37,0.47,142.59
18,70,0.58295,-183.29,-4.28,87.12,-449.64,0.42,152.55
18,71,0.59131,-187.01,-4.28,88.47,-445.99,0.39,162.41
18,72,0.59955,-190.57,-4.28,89.74,-431.85,0.38,154.07
18,73,0.60858,-194.11,-4.27,91.06,-391.89,0.33,146.28
18,74,0.61707,-197.64,-4.27,92.42,-415.47,0.34,159.71
18,75,0.62457,-201.15,-4.27,93.80,-468.29,0.37,184.55
18,76,0.63293,-204.47,-4.27,95.19,-397.08,0.29,165.69
18,77,0.64124,-207.79,-4.26,96.58,-399.63,0.29,167.28
18,78,0.65021,-211.11,-4.26,97.97,-369.73,0.27,155.10
18,79,0.65796,-214.43,-4.26,99.35,-428.35,0.31,178.35
18,80,0.66687,-217.75,-4.26,100.73,-372.95,0.27,154.79
18,81,0.67462,-221.08,-4.25,102.11,-428.74,0.31,177.17
18,82,0.68298,-224.39,-4.25,103.50,-396.72,0.28,166.79
18,83,0.69135,-227.69,-4.25,104.95,-393.80,0.26,173.36
18,84,0.70026,-230.97,-4.25,106.42,-368.49,0.08,164.73
18,85,0.70795,-234.23,-4.25,107.93,-424.21,-0.18,196.83
18,86,0.71698,-237.48,-4.25,109.48,-359.46,-0.17,171.28
18,87,0.72467,-240.71,-4.25,111.05,-420.63,-0.21,204.76
18,88,0.73309,-244.05,-4.26,112.75,-396.01,-0.22,201.45
18,89,0.74133,-247.37,-4.26,114.48,-402.59,-0.23,209.63
18,90,0.75024,-250.65,-4.26,116.27,-368.49,-0.24,201.37
18,91,0.75854,-253.88,-4.26,118.15,-389.71,-0.29,226.47
18,92,0.76630,-257.24,-4.26,120.20,-433.46,-0.36,263.78
18,93,0.77472,-260.57,-4.27,122.30,-394.20,-0.35,249.64
18,94,0.78302,-263.84,-4.27,124.48,-394.12,-0.39,262.50
18,95,0.79163,-267.08,-4.27,126.70,-376.95,-0.39,258.16
18,96,0.79968,-270.32,-4.28,128.95,-402.27,-0.43,278.79
18,97,0.80853,-273.54,-4.28,131.22,-363.79,-0.40,257.24
18,98,0.81635,-276.73,-4.33,133.54,-408.59,-5.87,296.09
18,99,0.82471,-279.91,-4.52,135.87,-379.93,-22.89,279.20
18,100,0.83301,-283.16,-4.64,138.06,-391.18,-14.70,263.97
18,101,0.84143,-286.40,-4.76,140.26,-384.78,-14.46,260.87
18,102,0.85022,-289.64,-4.88,142.46,-368.40,-13.87,250.35
18,103,0.85858,-292.88,-5.01,144.66,-387.59,-14.59,262.77
18,104,0.86713,-296.13,-5.13,146.84,-380.36,-14.25,255.36
18,105,0.87488,-299.39,-5.25,149.01,-420.47,-15.72,279.92
18,106,0.88330,-302.66,-5.37,151.16,-388.41,-14.47,255.07
18,107,0.89172,-305.94,-5.49,153.28,-390.22,-14.48,252.54
18,108,0.90051,-309.25,-5.62,155.39,-375.69,-13.87,239.58
18,109,0.90826,-312.60,-5.74,157.50,-432.68,-15.90,271.65
18,110,0.91669,-315.87,-5.74,159.52,-388.41,-0.47,240.58
18,111,0.92505,-319.16,-5.80,161.53,-392.70,-6.76,239.78
18,112,0.93329,-322.45,-5.86,163.51,-400.00,-6.88,240.37
18,113,0.94171,-325.76,-5.91,165.46,-392.75,-6.75,232.25
18,114,0.95007,-328.88,-5.97,167.23,-373.72,-6.39,210.95
18,115,0.95935,-332.02,-6.02,168.97,-337.83,-5.75,187.50
18,116,0.96729,-335.09,-6.07,170.64,-386.54,-6.60,210.38
18,117,0.97504,-338.04,-6.12,172.22,-381.50,-6.47,204.33
18,118,0.98346,-341.01,-6.17,173.79,-352.54,-6.00,185.87
18,119,0.99182,-343.98,-6.22,175.33,-355.47,-6.03,184.31
18,120,1.00061,-346.88,-6.27,176.79,-329.51,-5.56,165.97
18,121,1.00903,-349.78,-6.32,178.22,-344.20,-5.81,170.29
18,122,1.01678,-352.58,-6.37,179.53,-361.42,-6.07,168.90
18,123,1.02521,-355.39,-6.41,180.82,-333.70,-5.60,153.26
18,124,1.03357,-358.21,-6.46,182.09,-337.23,-5.66,152.19
18,125,1.04181,-361.04,-6.51,183.35,-342.59,-5.72,152.22
18,126,1.05078,-363.78,-6.47,184.56,-305.78,3.93,134.69
18,127,1.05914,-366.53,-6.59,185.75,-328.83,-13.82,142.34
18,128,1.06677,-369.29,-6.67,186.92,-361.60,-10.75,153.60
18,129,1.07513,-372.06,-6.73,188.07,-331.39,-7.19,137.96
18,130,1.08356,-374.94,-6.79,189.23,-342.03,-7.37,138.04
19,0,0.00000,0.00,0.00,0.00,-65.94,1.49,6.16
19,1,0.00830,-0.56,0.01,0.04,-66.91,1.58,5.15
19,2,0.01715,-1.45,0.03,0.20,-100.69,1.73,18.28
19,3,0.02588,-2.34,0.04,0.35,-102.10,1.79,17.13
19,4,0.03326,-3.53,0.05,0.75,-161.57,1.25,53.31
19,5,0.04156,-4.71,0.06,1.12,-142.28,1.25,45.22
19,6,0.04999,-6.13,0.07,1.72,-168.48,0.36,71.38
19,7,0.05896,-7.55,0.07,2.31,-158.50,0.47,65.65
19,8,0.06659,-8.77,0.05,3.23,-159.60,-2.83,119.60
19,9,0.07556,-10.00,0.03,4.13,-136.73,-2.27,100.68
19,10,0.08331,-11.05,-0.02,5.47,-135.43,-6.74,172.44
19,11,0.09149,-12.11,-0.07,6.79,-130.22,-6.19,161.94
19,12,0.09979,-13.04,-0.14,8.28,-111.76,-7.78,179.78
19,13,0.10883,-13.99,-0.20,9.77,-104.73,-7.07,164.19
19,14,0.11652,-14.75,-0.28,11.35,-99.60,-9.77,205.95
19,15,0.12543,-15.54,-0.35,12.92,-88.36,-8.26,176.71
19,16,0.13336,-16.35,-0.42,14.49,-101.92,-9.15,196.92
19,17,0.14160,-17.18,-0.50,16.04,-100.74,-8.70,188.89
19,18,0.14984,-17.95,-0.58,17.78,-94.07,-10.15,210.37
19,19,0.15894,-18.75,-0.66,19.50,-87.58,-9.13,189.93
19,20,0.16699,-19.41,-0.76,21.44,-81.82,-12.33,240.53
19,21,0.17493,-20.09,-0.86,23.38,-86.15,-12.46,243.85
19,22,0.18317,-20.68,-0.98,25.66,-70.74,-14.86,276.67
19,23,0.19159,-21.29,-1.10,27.94,-72.46,-14.49,270.65
19,24,0.19995,-21.82,-1.25,30.58,-63.50,-17.44,316.06
19,25,0.20819,-22.38,-1.40,33.22,-68.52,-17.59,320.74
19,26,0.21704,-22.82,-1.57,36.25,-50.00,-19.43,341.72
19,27,0.22534,-23.31,-1.67,39.27,-58.82,-12.77,364.34
19,28,0.23322,-23.97,-1.89,42.49,-83.72,-27.16,408.91
19,29,0.24152,-24.68,-2.10,45.70,-85.29,-25.37,387.13
19,30,0.24988,-25.68,-2.32,49.04,-120.07,-26.89,399.27
19,31,0.25824,-26.74,-2.56,52.36,-125.91,-28.43,397.08
19,32,0.26715,-27.95,-2.76,55.55,-135.96,-22.68,357.19
19,33,0.27539,-29.21,-2.96,58.71,-152.59,-23.89,383.70
19,34,0.28320,-30.67,-3.13,61.72,-187.89,-21.60,385.94
19,35,0.29150,-32.18,-3.29,64.72,-181.62,-19.79,361.03
19,36,0.29987,-33.73,-3.45,67.69,-185.40,-19.05,355.84
19,37,0.30878,-35.32,-3.61,70.65,-178.77,-17.37,331.16
19,38,0.31659,-37.08,-3.74,73.54,-224.61,-17.59,370.70
19,39,0.32562,-38.87,-3.88,76.41,-198.65,-14.66,317.91
19,40,0.33368,-40.84,-3.99,79.17,-243.56,-13.68,342.42
19,41,0.34186,-42.93,-4.08,81.83,-256.34,-11.23,325.00
19,42,0.35022,-45.01,-4.17,84.50,-248.54,-11.26,319.71
19,43,0.35938,-47.07,-4.27,87.19,-224.67,-10.72,293.67
19,44,0.36688,-49.15,-4.36,89.87,-277.24,-12.46,356.10
19,45,0.37592,-51.20,-4.46,92.54,-227.36,-10.59,295.61
19,46,0.38361,-53.23,-4.56,95.22,-264.29,-12.89,349.60
19,47,0.39203,-55.25,-4.66,97.93,-239.13,-12.14,321.01
19,48,0.40027,-57.31,-4.77,100.75,-250.37,-13.25,342.59
19,49,0.40936,-59.35,-4.88,103.59,-224.50,-12.36,312.42
19,50,0.41754,-61.45,-5.00,106.55,-256.72,-14.44,361.19
19,51,0.42529,-63.54,-5.12,109.51,-269.69,-15.44,382.28
19,52,0.43365,-65.72,-5.24,112.58,-260.22,-14.71,366.79
19,53,0.44202,-67.90,-5.37,115.65,-260.22,-14.85,367.88
19,54,0.45038,-70.20,-5.50,118.88,-275.91,-15.47,386.50
19,55,0.45868,-72.51,-5.63,122.12,-278.31,-15.49,389.71
19,56,0.46747,-74.91,-5.75,125.42,-272.57,-14.67,376.04
19,57,0.47534,-77.30,-5.88,128.73,-303.88,-16.43,420.16
19,58,0.48376,-79.69,-6.01,132.04,-284.06,-15.40,392.75
19,59,0.49200,-82.09,-6.14,135.35,-290.37,-15.70,401.48
19,60,0.50055,-84.48,-6.27,138.66,-280.00,-15.22,387.14
19,61,0.50916,-86.87,-6.40,141.96,-278.01,-15.12,384.40
19,62,0.51764,-89.18,-6.54,145.33,-272.66,-16.52,397.12
19,63,0.52576,-91.50,-6.68,148.70,-285.71,-17.33,414.66
19,64,0.53345,-93.83,-6.82,152.06,-302.78,-17.93,436.90
19,65,0.54187,-96.17,-6.96,155.41,-277.90,-16.39,397.83
19,66,0.55017,-98.54,-7.09,158.74,-285.29,-16.10,401.47
19,67,0.55902,-100.96,-7.22,162.04,-273.10,-14.22,372.07
19,68,0.56677,-103.37,-7.33,165.19,-311.42,-14.71,406.69
19,69,0.57574,-105.85,-7.44,168.29,-276.53,-11.65,345.58
19,70,0.58368,-108.41,-7.53,171.33,-322.31,-11.79,383.08
19,71,0.59186,-111.04,-7.61,174.30,-320.90,-10.15,363.43
19,72,0.60010,-113.65,-7.68,177.03,-317.41,-7.38,330.74
19,73,0.60907,-116.34,-7.82,179.68,-299.66,-16.45,295.92
19,74,0.61682,-119.10,-8.23,182.26,-355.91,-52.84,333.07
19,75,0.62592,-121.94,-8.69,184.75,-312.42,-50.81,273.15
19,76,0.63367,-124.73,-9.13,187.15,-360.24,-56.60,309.45
19,77,0.64191,-127.51,-9.59,189.42,-337.78,-55.04,276.30
19,78,0.65015,-130.34,-10.01,191.64,-343.33,-51.31,269.63
19,79,0.65906,-133.21,-10.36,193.81,-321.92,-39.76,243.49
19,80,0.66748,-136.11,-10.76,195.94,-344.20,-46.74,252.90
19,81,0.67535,-139.04,-11.15,198.04,-371.32,-49.23,266.28
19,82,0.68365,-141.98,-11.53,200.11,-354.78,-46.03,248.90
19,83,0.69183,-144.94,-11.91,202.15,-362.31,-46.18,249.63
19,84,0.70020,-147.92,-12.28,204.16,-356.57,-44.58,240.88
19,85,0.70856,-150.92,-12.65,206.15,-358.76,-43.98,237.59
19,86,0.71759,-153.94,-13.01,208.11,-333.78,-40.16,216.89
19,87,0.72595,-156.98,-13.37,210.05,-363.50,-43.02,231.75
19,88,0.73376,-160.13,-13.74,212.05,-403.91,-47.62,257.03
19,89,0.74219,-163.31,-14.11,214.04,-376.81,-43.58,235.14
19,90,0.75061,-166.49,-14.47,216.00,-378.26,-43.19,232.97
19,91,0.75952,-169.67,-14.84,218.00,-356.16,-41.63,224.66
19,92,0.76788,-172.97,-15.24,220.14,-394.89,-47.42,255.47
19,93,0.77618,-176.24,-15.64,222.32,-394.12,-48.58,262.87
19,94,0.78387,-179.49,-16.05,224.54,-421.83,-53.47,288.89
19,95,0.79218,-182.70,-16.47,226.81,-386.76,-50.46,273.16
19,96,0.80072,-185.91,-16.89,229.09,-375.71,-49.41,267.50
19,97,0.80951,-189.10,-17.32,231.41,-363.19,-48.75,263.54
19,98,0.81738,-192.27,-17.76,233.76,-402.71,-55.19,298.45
19,99,0.82623,-195.42,-18.19,236.12,-356.21,-49.41,267.24
19,100,0.83398,-198.63,-18.61,238.37,-414.17,-53.61,289.76
19,101,0.84229,-201.82,-19.03,240.64,-384.56,-50.46,273.16
19,102,0.85065,-205.00,-19.45,242.93,-379.93,-50.71,274.09
19,103,0.85968,-208.15,-19.82,245.26,-348.31,-41.08,258.11
19,104,0.86737,-211.29,-20.34,247.62,-408.33,-66.75,306.75
19,105,0.87640,-214.40,-20.79,249.99,-344.59,-49.80,262.84
19,106,0.88403,-217.53,-21.24,252.40,-410.40,-59.86,316.00
19,107,0.89233,-220.63,-21.70,254.80,-372.79,-54.78,288.97
19,108,0.90082,-223.72,-22.15,257.21,-364.39,-53.66,283.09
19,109,0.90967,-226.81,-22.61,259.60,-348.97,-51.41,271.03
19,110,0.91797,-229.84,-23.06,261.97,-365.81,-53.93,284.56
19,111,0.92566,-232.88,-23.50,264.32,-395.24,-58.23,306.75
19,112,0.93390,-235.92,-23.95,266.69,-368.52,-54.28,286.67
19,113,0.94214,-238.94,-24.19,269.04,-367.04,-29.29,285.19
19,114,0.95068,-241.81,-24.42,271.20,-335.00,-26.13,253.21
19,115,0.95911,-244.66,-24.63,273.36,-338.41,-25.67,255.80
19,116,0.96771,-247.34,-24.84,275.38,-311.35,-23.68,234.75
19,117,0.97607,-250.02,-25.04,277.40,-320.44,-24.28,241.61
19,118,0.98383,-252.69,-25.24,279.42,-345.67,-26.19,260.63
19,119,0.99219,-255.37,-25.44,281.43,-319.71,-24.19,240.88
19,120,1.00079,-257.97,-25.64,283.36,-302.13,-22.38,224.82
19,121,1.00946,-260.56,-25.83,285.29,-299.30,-22.14,222.54
19,122,1.01776,-263.07,-26.01,287.10,-302.21,-21.21,218.01
19,123,1.02618,-265.58,-26.18,288.91,-297.83,-20.91,214.86
19,124,1.03394,-268.08,-26.36,290.73,-323.23,-22.91,233.86
19,125,1.04218,-270.58,-26.54,292.54,-302.96,-21.57,220.37
19,126,1.05072,-272.99,-26.71,294.32,-281.79,-20.68,208.57
19,127,1.05957,-275.39,-26.89,296.12,-271.03,-20.34,202.76
19,128,1.06714,-277.78,-27.07,297.92,-316.13,-23.92,238.31
19,129,1.07617,-280.17,-27.26,299.74,-264.86,-20.28,201.01
19,130,1.08398,-282.65,-27.45,301.61,-317.58,-23.99,239.06
20,0,0.00000,0.00,0.00,0.00,-27.04,-1.01,62.22
20,1,0.00848,-0.23,-0.01,0.51,-27.70,-0.74,59.71
20,2,0.01654,-0.54,-0.03,1.36,-37.50,-2.70,106.06
20,3,0.02527,-0.86,-0.05,2.21,-36.71,-2.16,96.85
20,4,0.03326,-1.12,-0.09,3.41,-33.21,-5.87,150.38
20,5,0.04163,-1.41,-0.14,4.61,-34.67,-5.29,143.07
20,6,0.04974,-1.64,-0.21,6.13,-28.57,-8.69,187.59
20,7,0.05829,-1.91,-0.28,7.64,-31.07,-7.92,177.50
20,8,0.06683,-1.80,-0.38,9.16,12.86,-12.56,177.50
20,9,0.07544,-1.72,-0.49,10.68,8.87,-11.98,176.60
20,10,0.08423,-1.19,-0.65,12.30,60.42,-18.03,183.68
20,11,0.09198,-0.70,-0.80,13.92,63.78,-20.03,209.84
20,12,0.10028,0.00,-0.98,15.53,84.56,-21.28,194.12
20,13,0.10889,0.67,-1.15,17.16,77.30,-20.18,189.01
20,14,0.11694,1.51,-1.34,18.70,104.55,-23.31,191.67
20,15,0.12585,2.32,-1.52,20.27,90.75,-20.76,175.34
20,16,0.13354,3.09,-1.71,21.85,100.79,-23.69,205.56
20,17,0.14203,3.84,-1.89,23.44,87.41,-21.21,188.13
20,18,0.15027,4.74,-2.09,25.11,110.00,-24.51,202.59
20,19,0.15881,5.61,-2.29,26.80,101.43,-23.38,197.86
20,20,0.16687,6.72,-2.51,28.52,137.50,-28.14,213.26
20,21,0.17554,7.79,-2.74,30.26,123.59,-25.88,201.06
20,22,0.18329,9.18,-3.01,32.16,179.92,-34.71,244.49
20,23,0.19171,10.53,-3.27,34.09,160.51,-31.59,228.62
20,24,0.20001,12.20,-3.34,36.20,201.10,-8.16,255.15
20,25,0.20917,13.83,-3.46,38.36,177.33,-12.94,235.33
20,26,0.21667,15.81,-3.53,40.69,263.41,-9.44,310.57
20,27,0.22510,17.73,-3.60,43.06,228.62,-8.79,281.88
20,28,0.23328,19.67,-3.69,45.72,237.31,-10.69,324.63
20,29,0.24200,21.55,-3.78,48.42,215.38,-10.38,309.09
20,30,0.25043,23.29,-3.89,51.43,206.88,-12.94,358.33
20,31,0.25854,24.97,-4.00,54.49,206.39,-13.83,376.32
20,32,0.26685,26.40,-4.12,57.58,172.79,-14.32,372.06
20,33,0.27533,27.77,-4.24,60.70,161.15,-14.36,367.63
20,34,0.28326,28.85,-4.37,63.87,136.54,-16.43,400.00
20,35,0.29150,29.87,-4.51,67.07,122.96,-16.16,388.15
20,36,0.30023,30.81,-4.64,70.29,108.04,-15.53,368.88
20,37,0.30835,31.68,-4.78,73.53,107.14,-16.99,398.87
20,38,0.31677,32.36,-4.93,76.84,81.16,-17.30,393.48
20,39,0.32526,32.97,-5.07,80.17,71.94,-17.41,392.45
20,40,0.33319,33.38,-5.23,83.53,51.54,-19.36,423.46
20,41,0.34143,33.59,-5.39,86.91,25.19,-19.26,410.00
20,42,0.35034,33.59,-5.55,90.29,0.34,-18.33,379.79
20,43,0.35840,33.56,-5.71,93.68,-3.79,-20.35,420.08
20,44,0.36676,33.48,-5.88,97.05,-10.22,-19.68,402.92
20,45,0.37518,33.39,-6.04,100.42,-10.87,-19.53,400.00
20,46,0.38336,33.29,-6.21,103.78,-11.57,-20.14,411.94
20,47,0.39160,33.20,-6.37,107.15,-11.48,-19.97,408.89
20,48,0.40039,33.10,-6.54,110.65,-10.76,-19.45,397.92
20,49,0.40833,33.00,-6.72,114.16,-13.46,-21.62,441.92
20,50,0.41656,32.86,-6.98,117.78,-15.93,-31.78,439.26
20,51,0.42523,32.72,-7.27,121.40,-16.55,-33.40,417.61
20,52,0.43365,32.52,-7.54,125.15,-23.91,-32.92,446.01
20,53,0.44202,32.29,-7.82,128.91,-27.37,-33.23,449.27
20,54,0.45050,31.99,-8.11,132.87,-35.61,-34.51,466.91
20,55,0.45831,31.65,-8.41,136.83,-43.75,-37.38,506.64
20,56,0.46686,31.23,-8.71,140.89,-48.57,-35.04,475.36
20,57,0.47510,30.76,-9.00,144.94,-57.78,-36.22,491.85
20,58,0.48383,30.23,-9.30,148.99,-60.49,-34.16,463.64
20,59,0.49194,29.64,-9.60,153.03,-72.18,-36.59,497.74
20,60,0.50000,29.00,-9.90,157.06,-79.55,-36.80,500.38
20,61,0.50854,28.30,-10.19,161.08,-81.79,-34.54,470.71
20,62,0.51697,27.66,-10.49,165.12,-76.45,-35.21,479.35
20,63,0.52509,26.95,-10.78,169.15,-87.59,-36.43,495.86
20,64,0.53339,26.18,-10.81,173.16,-92.28,-3.20,483.82
20,65,0.54138,25.36,-10.84,177.17,-103.05,-3.93,500.76
20,66,0.54999,24.48,-10.87,181.16,-102.48,-3.38,463.83
20,67,0.55835,23.54,-10.90,185.14,-111.68,-3.20,475.91
20,68,0.56714,22.57,-10.92,188.99,-110.42,-2.65,438.19
20,69,0.57507,21.56,-10.94,192.83,-127.69,-2.65,483.85
20,70,0.58325,20.51,-10.96,196.66,-127.61,-2.44,468.28
20,71,0.59155,19.43,-10.98,200.48,-130.88,-2.17,459.93
20,72,0.59991,18.27,-10.99,204.07,-137.96,-1.35,430.29
20,73,0.60828,17.08,-11.00,207.66,-142.34,-1.17,428.83
20,74,0.61646,15.87,-11.01,211.24,-148.88,-1.07,437.31
20,75,0.62488,14.61,-11.02,214.80,-149.28,-0.81,422.83
20,76,0.63324,13.44,-11.02,218.20,-140.15,-0.88,406.57
20,77,0.64154,12.24,-11.03,221.59,-143.75,-0.83,408.82
20,78,0.64996,11.04,-11.04,224.98,-143.12,-0.71,402.54
20,79,0.65845,9.82,-11.04,228.37,-143.53,-0.64,398.92
20,80,0.66644,8.59,-11.05,231.74,-154.20,-0.60,422.52
20,81,0.67511,7.33,-11.05,235.11,-145.42,-0.37,388.73
20,82,0.68341,6.04,-11.05,238.47,-155.15,-0.30,404.78
20,83,0.69189,4.73,-11.05,241.82,-154.68,-0.13,394.60
20,84,0.70013,3.39,-11.05,245.16,-162.22,0.05,405.19
20,85,0.70898,2.04,-11.05,248.50,-152.41,0.05,376.90
20,86,0.71680,0.68,-11.05,251.82,-174.61,0.17,426.17
20,87,0.72516,-0.70,-11.05,255.15,-164.60,0.25,397.45
20,88,0.73322,-2.11,-11.05,258.61,-175.76,0.14,429.92
20,89,0.74219,-3.56,-11.04,262.06,-160.88,0.32,384.69
20,90,0.75024,-5.02,-11.04,265.51,-181.82,0.48,427.27
20,91,0.75861,-6.52,-11.04,268.94,-178.47,0.56,410.58
20,92,0.76672,-8.11,-11.03,272.53,-196.62,0.83,442.48
20,93,0.77557,-9.74,-11.02,276.11,-183.79,0.89,404.48
20,94,0.78363,-11.39,-11.01,279.68,-204.92,1.17,442.80
20,95,0.79163,-13.07,-11.00,283.23,-209.92,1.30,444.66
20,96,0.80048,-14.82,-10.99,286.76,-197.93,1.58,398.97
20,97,0.80835,-16.60,-10.97,290.28,-225.58,1.95,446.90
20,98,0.81708,-18.40,-10.96,293.79,-206.64,1.87,401.75
20,99,0.82568,-20.21,-10.94,297.29,-210.99,1.99,406.74
20,100,0.83337,-22.20,-10.91,300.67,-257.94,3.36,438.89
20,101,0.84192,-24.19,-10.89,304.03,-233.57,3.12,394.29
20,102,0.85010,-26.20,-10.86,307.39,-245.52,3.33,410.82
20,103,0.85846,-28.23,-10.83,310.75,-241.97,3.33,400.73
20,104,0.86688,-30.28,-10.80,314.08,-244.20,3.55,395.65
20,105,0.87512,-32.36,-10.77,317.40,-252.22,3.72,402.59
20,106,0.88306,-34.48,-10.74,320.69,-266.92,4.12,415.00
20,107,0.89148,-36.64,-10.70,323.95,-256.52,4.16,387.68
20,108,0.90021,-38.84,-10.67,327.19,-252.45,4.25,370.63
20,109,0.90851,-41.10,-10.63,330.38,-272.43,4.87,384.93
20,110,0.91687,-43.37,-10.58,333.49,-271.53,5.01,371.53
20,111,0.92529,-45.72,-10.54,336.54,-278.26,5.47,362.32
20,112,0.93378,-48.11,-10.49,339.55,-282.37,5.71,354.68
20,113,0.94208,-50.56,-10.44,342.52,-294.12,6.18,358.09
20,114,0.95013,-52.91,-10.39,345.23,-292.05,6.43,336.36
20,115,0.95825,-55.29,-10.33,347.92,-292.86,6.55,331.20
20,116,0.96692,-57.53,-10.28,350.42,-259.15,5.90,287.68
20,117,0.97528,-59.80,-10.23,352.89,-271.53,6.25,295.62
20,118,0.98364,-62.08,-10.18,355.35,-272.99,6.34,294.16
20,119,0.99164,-64.38,-10.12,357.80,-286.64,6.72,306.49
20,120,1.00006,-66.61,-10.07,360.15,-265.22,6.27,278.99
20,121,1.00934,-68.85,-10.02,362.49,-241.45,5.73,252.63
20,122,1.01691,-71.03,-9.96,364.69,-287.50,6.98,290.32
20,123,1.02533,-73.21,-9.91,366.89,-258.70,6.31,260.87
20,124,1.03351,-75.38,-9.86,369.08,-266.42,6.50,268.66
20,125,1.04138,-77.56,-9.80,371.28,-276.74,6.74,278.68
20,126,1.05017,-79.67,-9.75,373.41,-239.24,5.80,243.06
20,127,1.05829,-81.77,-9.70,375.55,-259.40,6.29,262.78
20,128,1.06671,-83.88,-9.65,377.68,-250.00,6.10,253.26
20,129,1.07489,-85.98,-9.60,379.81,-257.46,6.26,260.82
20,130,1.08356,-88.17,-9.55,382.01,-252.82,6.18,253.87
21,0,0.00000,0.00,0.00,0.00,-68.28,5.10,-2.61
21,1,0.00806,-0.56,0.04,-0.03,-69.32,5.28,-3.79
21,2,0.01642,-1.46,0.10,0.01,-108.03,7.23,4.74
21,3,0.02502,-2.37,0.17,0.03,-104.96,7.22,2.84
21,4,0.03296,-3.58,0.23,0.25,-152.69,8.32,27.69
21,5,0.04156,-4.79,0.30,0.45,-141.13,7.96,23.05
21,6,0.04999,-6.31,0.37,0.85,-180.80,8.58,47.10
21,7,0.05841,-7.81,0.44,1.22,-177.17,8.58,44.20
21,8,0.06653,-9.15,0.47,1.94,-165.41,3.66,88.35
21,9,0.07507,-10.50,0.51,2.64,-158.21,3.77,82.50
21,10,0.08331,-11.75,0.56,3.80,-151.48,6.46,140.00
21,11,0.09180,-13.01,0.50,4.93,-148.92,-6.83,134.17
21,12,0.09998,-14.17,0.41,6.26,-141.79,-10.75,161.57
21,13,0.10834,-15.35,0.28,7.56,-140.88,-16.33,156.20
21,14,0.11682,-16.37,0.06,8.99,-120.50,-25.81,168.71
21,15,0.12488,-17.42,-0.15,10.41,-129.55,-25.97,175.76
21,16,0.13336,-18.48,-0.35,11.81,-125.90,-23.09,164.75
21,17,0.14191,-19.57,-0.54,13.19,-127.50,-22.38,162.14
21,18,0.15051,-20.65,-0.76,14.76,-124.82,-26.22,182.27
21,19,0.15845,-21.74,-0.99,16.32,-138.08,-27.90,196.15
21,20,0.16681,-22.75,-1.25,18.10,-120.07,-31.78,213.14
21,21,0.17499,-23.78,-1.51,19.87,-126.12,-32.14,216.79
21,22,0.18372,-24.78,-1.84,22.00,-115.03,-37.40,243.71
21,23,0.19189,-25.82,-2.16,24.12,-126.87,-39.53,259.33
21,24,0.19995,-26.86,-2.55,26.61,-128.79,-48.11,308.71
21,25,0.20862,-27.94,-2.94,29.09,-124.30,-44.35,286.27
21,26,0.21686,-28.98,-3.39,31.96,-126.30,-55.30,348.89
21,27,0.22485,-30.07,-3.84,34.83,-136.64,-56.42,358.02
21,28,0.23322,-31.38,-4.31,37.84,-156.20,-55.92,360.58
21,29,0.24176,-32.74,-4.77,40.84,-159.64,-53.95,350.71
21,30,0.24982,-34.43,-5.23,43.89,-209.47,-56.67,378.41
21,31,0.25836,-36.17,-5.71,46.91,-203.57,-56.02,353.21
21,32,0.26733,-38.13,-6.11,49.90,-219.39,-44.75,333.33
21,33,0.27588,-40.11,-6.52,52.76,-231.43,-47.87,334.64
21,34,0.28394,-42.21,-6.88,55.37,-260.98,-44.65,324.24
21,35,0.29224,-44.36,-7.23,57.95,-258.46,-42.47,310.66
21,36,0.30060,-46.55,-7.57,60.49,-261.68,-41.06,304.01
21,37,0.30884,-48.79,-7.91,62.99,-272.22,-40.54,303.33
21,38,0.31720,-51.17,-8.22,65.39,-285.04,-37.10,287.59
21,39,0.32568,-53.60,-8.52,67.76,-285.61,-35.52,278.78
21,40,0.33362,-56.16,-8.79,69.97,-322.69,-34.02,279.23
21,41,0.34210,-58.77,-9.04,72.13,-307.91,-30.18,253.96
21,42,0.35052,-61.42,-9.29,74.24,-314.49,-29.24,250.36
21,43,0.35901,-64.12,-9.52,76.28,-318.35,-27.29,240.29
21,44,0.36713,-66.87,-9.73,78.22,-339.10,-26.07,239.47
21,45,0.37585,-69.66,-9.95,80.12,-318.88,-25.29,217.83
21,46,0.38403,-72.46,-10.23,81.99,-342.91,-33.75,228.36
21,47,0.39240,-75.29,-10.65,83.85,-337.96,-49.79,222.26
21,48,0.40149,-78.20,-11.01,85.77,-320.81,-40.27,211.74
21,49,0.40936,-81.14,-11.38,87.70,-372.48,-46.53,244.57
21,50,0.41797,-84.23,-11.76,89.72,-359.93,-44.81,235.46
21,51,0.42615,-87.28,-12.14,91.71,-372.76,-46.33,242.91
21,52,0.43457,-90.45,-12.53,93.74,-375.72,-45.86,241.30
21,53,0.44238,-93.64,-12.92,95.79,-408.20,-49.78,261.33
21,54,0.45105,-96.99,-13.32,97.91,-387.32,-46.80,245.07
21,55,0.45923,-100.37,-13.73,100.03,-412.31,-49.51,259.70
21,56,0.46802,-103.83,-14.14,102.19,-394.44,-46.70,244.79
21,57,0.47577,-107.30,-14.55,104.34,-447.64,-52.96,277.56
21,58,0.48419,-110.77,-14.96,106.48,-411.96,-48.67,255.07
21,59,0.49243,-114.25,-15.37,108.63,-421.48,-49.68,260.37
21,60,0.50116,-117.72,-15.78,110.78,-397.90,-46.91,245.80
21,61,0.50916,-121.19,-16.19,112.93,-433.59,-51.41,269.47
21,62,0.51752,-124.61,-16.62,115.17,-409.12,-50.93,267.52
21,63,0.52612,-128.03,-17.04,117.40,-397.87,-49.42,259.57
21,64,0.53424,-131.45,-17.47,119.64,-421.80,-52.29,275.19
21,65,0.54266,-134.88,-17.89,121.87,-406.52,-50.58,265.22
21,66,0.55096,-138.30,-18.32,124.10,-412.50,-51.14,269.12
21,67,0.55945,-141.71,-18.74,126.33,-402.16,-49.92,262.23
21,68,0.56744,-145.05,-18.87,128.49,-416.79,-16.00,269.85
21,69,0.57574,-148.38,-18.88,130.64,-401.47,-1.29,259.93
21,70,0.58472,-151.71,-18.89,132.80,-371.43,-1.20,240.48
21,71,0.59302,-155.03,-18.90,134.94,-400.00,-1.28,257.35
21,72,0.60089,-158.25,-18.91,136.91,-408.91,-1.25,251.16
21,73,0.60925,-161.47,-18.92,138.89,-385.04,-1.18,236.50
21,74,0.61798,-164.69,-18.93,140.87,-368.88,-1.13,226.57
21,75,0.62592,-167.89,-18.94,142.84,-403.08,-1.24,248.46
21,76,0.63416,-170.93,-18.93,144.77,-368.52,1.09,234.07
21,77,0.64252,-173.97,-18.93,146.69,-363.50,0.05,230.29
21,78,0.65137,-177.01,-18.93,148.62,-343.45,0.05,217.24
21,79,0.65912,-180.05,-18.93,150.53,-392.52,0.06,247.24
21,80,0.66791,-183.09,-18.93,152.45,-346.53,0.05,217.71
21,81,0.67584,-186.14,-18.83,154.35,-384.23,12.21,240.38
21,82,0.68451,-189.20,-18.93,156.25,-352.46,-11.61,219.01
21,83,0.69263,-192.25,-18.93,158.15,-376.69,-0.32,233.08
21,84,0.70093,-195.32,-18.94,160.03,-369.12,-0.31,226.84
21,85,0.70959,-198.39,-18.94,161.90,-354.23,-0.30,216.20
21,86,0.71783,-201.46,-18.94,163.77,-373.33,-0.31,226.30
21,87,0.72614,-204.58,-18.95,165.65,-375.74,-0.31,227.21
21,88,0.73407,-207.76,-18.95,167.63,-400.38,-0.35,249.23
21,89,0.74292,-210.92,-18.95,169.63,-357.24,-0.32,225.86
21,90,0.75098,-214.07,-18.95,171.65,-390.91,-0.36,250.76
21,91,0.75903,-217.23,-18.96,173.71,-391.67,-0.37,255.30
21,92,0.76770,-220.51,-18.96,175.87,-378.87,-0.37,249.65
21,93,0.77618,-223.78,-18.96,178.05,-385.25,-0.38,257.55
21,94,0.78442,-227.04,-18.97,180.26,-395.56,-0.40,267.04
21,95,0.79272,-230.29,-18.97,182.46,-391.91,-0.40,266.18
21,96,0.80109,-233.57,-18.97,184.66,-391.61,-0.39,262.41
21,97,0.80914,-236.83,-18.98,186.87,-405.30,-0.41,274.24
21,98,0.81757,-240.08,-18.98,189.09,-386.23,-0.40,264.13
21,99,0.82611,-243.35,-18.98,191.30,-381.79,-0.39,258.57
21,100,0.83472,-246.69,-18.99,193.37,-387.94,-0.33,240.78
21,101,0.84277,-250.01,-18.99,195.44,-412.50,-0.36,256.82
21,102,0.85132,-253.33,-18.99,197.52,-388.57,-0.34,242.50
21,103,0.85938,-256.65,-18.99,199.58,-412.50,-0.36,256.82
21,104,0.86774,-259.98,-19.00,201.65,-397.81,-0.34,247.45
21,105,0.87604,-263.31,-19.00,203.71,-401.47,-0.34,247.43
21,106,0.88452,-266.65,-19.00,205.75,-393.88,-0.33,240.65
21,107,0.89252,-270.00,-19.01,207.78,-419.08,-0.34,253.44
21,108,0.90082,-273.36,-19.01,209.79,-404.78,-0.32,242.28
21,109,0.90930,-276.72,-19.01,211.78,-396.04,-0.31,234.89
21,110,0.91772,-280.04,-19.01,213.73,-393.84,-0.30,231.16
21,111,0.92596,-283.37,-19.02,215.66,-403.70,-0.30,234.44
21,112,0.93414,-286.70,-19.07,217.58,-407.84,-5.99,234.33
21,113,0.94287,-290.02,-19.25,219.45,-380.42,-20.91,215.03
21,114,0.95105,-293.18,-19.29,221.16,-385.82,-5.78,208.96
21,115,0.95905,-296.32,-19.41,222.84,-392.37,-13.82,209.92
21,116,0.96765,-299.29,-19.51,224.40,-345.04,-12.10,181.56
21,117,0.97577,-302.26,-19.61,225.95,-366.54,-12.80,190.98
21,118,0.98419,-305.25,-19.72,227.49,-354.35,-12.35,182.25
21,119,0.99255,-308.22,-19.82,229.00,-356.20,-12.37,180.66
21,120,1.00092,-311.13,-19.92,230.44,-347.81,-11.99,171.90
21,121,1.00940,-314.03,-20.02,231.84,-341.73,-11.75,165.83
21,122,1.01782,-316.91,-20.12,233.17,-341.67,-11.62,157.97
21,123,1.02618,-319.72,-20.21,234.46,-336.50,-11.39,153.65
21,124,1.03461,-322.55,-20.31,235.73,-335.14,-11.31,150.72
21,125,1.04297,-325.36,-20.40,236.98,-336.50,-11.33,149.64
21,126,1.05151,-328.09,-20.50,238.21,-320.00,-10.79,143.93
21,127,1.05945,-330.83,-20.59,239.44,-344.23,-11.63,155.00
21,128,1.06775,-333.55,-20.68,240.68,-328.68,-11.12,150.00
21,129,1.07611,-336.29,-20.77,241.95,-327.37,-11.13,151.09
21,130,1.08453,-339.11,-20.87,243.25,-334.42,-11.37,155.07
22,0,0.00000,0.00,0.00,0.00,-52.08,-9.90,36.46
22,1,0.00842,-0.46,-0.09,0.32,-54.35,-10.31,37.68
22,2,0.01630,-1.14,-0.22,0.91,-86.82,-17.26,75.19
22,3,0.02466,-1.83,-0.36,1.50,-82.12,-16.28,70.44
22,4,0.03345,-2.62,-0.53,2.44,-90.62,-19.18,106.94
22,5,0.04181,-3.43,-0.70,3.37,-95.99,-20.24,111.68
22,6,0.04956,-4.31,-0.89,4.64,-113.39,-25.38,162.99
22,7,0.05847,-5.19,-1.09,5.89,-99.66,-22.12,141.10
22,8,0.06653,-5.72,-1.24,7.32,-65.15,-18.14,177.27
22,9,0.07471,-6.25,-1.38,8.74,-65.30,-18.11,173.88
22,10,0.08282,-6.38,-1.48,10.44,-16.17,-11.61,208.65
22,11,0.09161,-6.53,-1.58,12.13,-16.32,-11.21,192.71
22,12,0.09991,-6.45,-1.64,13.89,9.56,-7.60,211.40
22,13,0.10791,-6.38,-1.71,15.64,8.40,-8.34,219.85
22,14,0.11664,-6.09,-1.74,17.38,33.22,-3.34,198.95
22,15,0.12451,-5.81,-1.73,19.12,35.27,1.15,220.54
22,16,0.13287,-5.55,-1.78,20.86,31.75,-5.79,208.03
22,17,0.14178,-5.29,-1.83,22.60,28.42,-5.81,195.55
22,18,0.14990,-4.88,-1.85,24.45,51.50,-2.96,228.20
22,19,0.15784,-4.47,-1.87,26.31,51.15,-2.03,233.85
22,20,0.16608,-3.81,-1.85,28.24,80.00,2.53,235.19
22,21,0.17462,-3.17,-1.83,30.18,75.36,2.05,227.14
22,22,0.18304,-2.21,-1.77,32.33,113.77,7.14,255.07
22,23,0.19122,-1.27,-1.71,34.49,115.30,6.85,263.81
22,24,0.20001,-0.01,-1.62,36.88,142.71,11.04,271.53
22,25,0.20862,1.22,-1.52,39.27,143.62,10.75,278.37
22,26,0.21625,2.82,-1.38,41.88,209.60,18.75,341.60
22,27,0.22516,4.40,-1.24,44.50,177.40,15.50,293.84
22,28,0.23303,6.00,-1.11,47.37,203.10,16.64,364.73
22,29,0.24182,7.58,-0.99,50.25,179.51,14.41,328.12
22,30,0.25000,9.04,-0.89,53.42,177.99,11.52,387.31
22,31,0.25781,10.47,-0.80,56.60,183.59,11.68,406.64
22,32,0.26611,11.71,-0.74,59.77,149.26,7.12,381.99
22,33,0.27448,12.93,-0.68,62.95,145.62,6.74,380.29
22,34,0.28290,13.91,-0.67,66.16,116.67,1.94,381.52
22,35,0.29156,14.87,-0.65,69.38,110.56,1.52,370.77
22,36,0.29968,15.81,-0.65,72.60,115.41,1.15,396.99
22,37,0.30804,16.72,-0.64,75.83,109.12,0.57,386.13
22,38,0.31628,17.49,-0.66,79.12,94.07,-2.41,400.00
22,39,0.32458,18.25,-0.68,82.42,90.81,-2.91,397.43
22,40,0.33264,18.80,-0.74,85.76,68.56,-7.09,414.39
22,41,0.34155,19.22,-0.82,89.12,46.92,-9.06,377.05
22,42,0.34991,19.63,-0.90,92.48,49.64,-9.59,402.19
22,43,0.35779,20.05,-0.98,95.84,52.71,-10.22,426.74
22,44,0.36615,20.41,-1.07,99.19,43.07,-10.68,400.73
22,45,0.37451,20.76,-1.16,102.55,42.70,-10.65,400.73
22,46,0.38287,21.12,-1.25,105.90,42.70,-10.73,400.73
22,47,0.39166,21.48,-1.34,109.25,40.28,-10.19,381.25
22,48,0.40002,21.85,-1.43,112.72,45.26,-10.99,415.69
22,49,0.40790,22.23,-1.53,116.20,47.67,-11.76,441.47
22,50,0.41614,22.60,-1.62,119.80,45.56,-11.84,437.41
22,51,0.42468,22.98,-1.72,123.41,43.57,-11.47,421.79
22,52,0.43286,23.33,-1.83,127.18,43.66,-13.17,460.82
22,53,0.44116,23.68,-1.94,130.92,41.91,-13.03,451.47
22,54,0.45001,24.02,-2.06,134.88,38.62,-13.39,447.24
22,55,0.45789,24.35,-2.18,138.84,41.09,-15.40,503.10
22,56,0.46600,24.64,-2.31,142.91,36.47,-16.15,501.50
22,57,0.47455,24.92,-2.44,146.98,32.86,-15.62,476.43
22,58,0.48309,25.19,-2.58,151.06,31.07,-15.84,476.79
22,59,0.49182,25.44,-2.71,155.13,28.67,-15.87,466.78
22,60,0.50000,25.67,-2.86,159.21,28.36,-17.30,498.13
22,61,0.50800,25.88,-3.00,163.28,26.34,-18.05,509.92
22,62,0.51611,26.18,-3.13,167.36,36.84,-16.07,502.26
22,63,0.52466,26.46,-3.26,171.44,32.86,-15.61,477.14
22,64,0.53296,26.72,-3.42,175.52,30.88,-18.23,491.54
22,65,0.54175,26.95,-3.64,179.60,26.04,-25.15,464.24
22,66,0.54956,27.16,-3.85,183.68,27.34,-27.58,522.66
22,67,0.55786,27.35,-4.08,187.80,23.16,-27.16,496.32
22,68,0.56616,27.51,-4.30,191.77,19.49,-26.49,477.94
22,69,0.57458,27.66,-4.52,195.74,17.39,-26.46,471.01
22,70,0.58307,27.80,-4.74,199.70,16.19,-26.34,467.63
22,71,0.59180,27.93,-4.97,203.68,14.69,-25.82,455.59
22,72,0.60004,27.95,-5.20,207.46,3.33,-27.73,458.52
22,73,0.60834,27.98,-5.43,211.24,2.94,-27.39,455.15
22,74,0.61646,28.00,-5.66,215.02,2.63,-28.37,466.54
22,75,0.62482,28.02,-5.88,218.80,2.55,-27.34,451.09
22,76,0.63281,28.09,-6.09,222.39,8.78,-26.29,449.62
22,77,0.64172,28.16,-6.31,225.99,7.88,-23.63,403.42
22,78,0.65015,28.23,-6.52,229.58,7.61,-25.15,426.81
22,79,0.65808,28.29,-6.73,233.19,7.69,-26.76,454.62
22,80,0.66626,28.34,-6.74,236.79,6.72,-1.85,439.93
22,81,0.67487,28.38,-6.86,240.38,4.96,-13.02,418.09
22,82,0.68304,28.42,-6.87,243.99,4.10,-2.05,440.67
22,83,0.69122,28.45,-6.89,247.59,3.36,-2.05,439.93
22,84,0.70013,28.47,-6.91,251.18,2.40,-1.97,403.77
22,85,0.70807,28.49,-6.92,254.78,2.31,-2.19,453.46
22,86,0.71655,28.50,-6.94,258.38,1.44,-2.14,424.10
22,87,0.72473,28.51,-6.96,261.98,1.12,-2.20,440.30
22,88,0.73303,28.54,-6.98,265.72,4.41,-2.08,450.74
22,89,0.74164,28.58,-7.00,269.46,3.90,-2.03,434.75
22,90,0.75012,28.61,-7.01,273.21,3.60,-2.04,441.01
22,91,0.75800,28.64,-7.03,276.95,3.88,-2.25,475.97
22,92,0.76685,28.66,-7.05,280.88,2.41,-2.18,444.14
22,93,0.77472,28.68,-7.07,284.81,2.33,-2.42,499.22
22,94,0.78369,28.69,-7.09,288.75,1.02,-2.24,438.10
22,95,0.79193,28.69,-7.11,292.68,0.00,-2.47,477.04
22,96,0.79980,28.64,-7.13,296.62,-6.20,-3.00,500.78
22,97,0.80823,28.58,-7.16,300.60,-6.88,-2.95,472.46
22,98,0.81653,28.51,-7.18,304.54,-8.09,-2.99,475.00
22,99,0.82483,28.42,-7.21,308.49,-11.40,-3.22,475.37
22,100,0.83337,28.13,-7.25,312.39,-33.57,-4.69,457.14
22,101,0.84198,27.83,-7.29,316.30,-35.11,-4.68,453.55
22,102,0.85022,27.51,-7.33,320.20,-38.89,-5.04,473.70
22,103,0.85809,27.17,-7.37,324.10,-43.41,-5.50,495.35
22,104,0.86646,26.81,-7.42,328.00,-42.70,-5.25,466.42
22,105,0.87494,26.43,-7.46,331.92,-44.96,-5.38,461.87
22,106,0.88312,26.03,-7.51,335.81,-48.88,-5.71,476.12
22,107,0.89197,25.61,-7.56,339.71,-47.24,-5.42,440.00
22,108,0.90021,25.17,-7.61,343.60,-53.33,-6.04,472.22
22,109,0.90814,24.72,-7.66,347.48,-57.31,-6.34,489.62
22,110,0.91650,24.26,-7.71,351.30,-55.11,-6.00,456.57
22,111,0.92505,23.78,-7.76,355.12,-56.07,-6.06,446.79
22,112,0.93347,23.28,-7.81,358.93,-58.70,-6.27,452.90
22,113,0.94196,22.77,-7.87,362.73,-60.43,-6.36,447.84
22,114,0.95032,22.22,-7.92,366.28,-65.33,-6.51,424.09
22,115,0.95813,21.66,-7.98,369.81,-71.48,-7.12,452.34
22,116,0.96655,21.12,-8.03,373.13,-64.86,-6.37,393.84
22,117,0.97485,20.56,-8.09,376.44,-67.65,-6.53,398.53
22,118,0.98315,19.98,-8.14,379.74,-69.49,-6.74,398.16
22,119,0.99200,19.39,-8.20,383.04,-66.90,-6.35,372.76
22,120,0.99969,18.78,-8.25,386.23,-78.57,-7.39,414.29
22,121,1.00818,18.16,-8.31,389.40,-73.02,-6.76,374.10
22,122,1.01678,17.51,-8.37,392.44,-76.24,-6.91,353.19
22,123,1.02496,16.84,-8.43,395.46,-81.34,-7.34,369.40
22,124,1.03320,16.17,-8.49,398.48,-82.22,-7.34,366.30
22,125,1.04163,15.48,-8.55,401.49,-81.88,-7.31,357.25
22,126,1.05042,14.80,-8.61,404.41,-76.39,-6.77,332.29
22,127,1.05823,14.12,-8.67,407.33,-87.50,-7.82,373.44
22,128,1.06653,13.42,-8.73,410.24,-83.82,-7.36,351.10
22,129,1.07501,12.71,-8.75,413.16,-83.81,-2.28,343.88
22,130,1.08319,11.95,-8.83,416.17,-93.28,-9.63,367.91
23,0,0.00000,0.00,0.00,0.00,52.45,6.49,-47.55
23,1,0.00775,-0.92,-0.09,0.24,-118.50,-11.12,31.50
23,2,0.01666,-1.37,-0.14,0.69,-50.34,-6.49,49.66
23,3,0.02454,-1.90,-0.22,1.45,-67.05,-9.96,96.51
23,4,0.03271,-2.53,-0.31,2.19,-77.99,-10.57,90.30
23,5,0.04126,-3.07,-0.40,3.27,-63.21,-11.14,126.43
23,6,0.04993,-3.80,-0.51,4.31,-84.15,-12.52,120.07
23,7,0.05774,-4.23,-0.61,5.73,-54.30,-12.97,182.81
23,8,0.06665,-4.76,-0.72,7.13,-60.27,-12.27,156.85
23,9,0.07446,-4.90,-0.80,8.53,-17.19,-9.76,178.52
23,10,0.08276,-5.36,-0.90,9.84,-56.25,-11.98,158.46
23,11,0.09113,-5.39,-0.97,11.24,-2.55,-8.04,167.52
23,12,0.09985,-5.87,-1.07,12.55,-55.24,-11.49,149.65
23,13,0.10834,-6.17,-1.15,13.85,-35.61,-10.11,153.24
23,14,0.11609,-6.70,-1.26,15.13,-68.50,-13.31,165.35
23,15,0.12445,-7.08,-1.34,16.35,-45.62,-10.58,145.62
23,16,0.13281,-7.66,-1.45,17.57,-68.98,-12.44,145.99
23,17,0.14136,-8.30,-1.56,18.82,-74.64,-12.95,146.79
23,18,0.14972,-9.02,-1.68,20.10,-86.86,-14.35,153.28
23,19,0.15845,-9.65,-1.79,21.47,-72.03,-13.20,156.64
23,20,0.16620,-10.66,-1.94,22.81,-129.92,-18.78,173.23
23,21,0.17456,-11.53,-2.08,24.21,-104.01,-16.27,166.42
23,22,0.18292,-12.83,-2.25,25.60,-155.84,-20.53,166.42
23,23,0.19128,-13.83,-2.40,27.20,-119.71,-18.80,191.97
23,24,0.19952,-15.12,-2.59,28.88,-155.56,-22.24,203.33
23,25,0.20850,-15.99,-2.75,30.84,-97.96,-18.28,219.05
23,26,0.21686,-16.95,-2.93,32.93,-113.87,-20.99,250.00
23,27,0.22467,-17.26,-3.07,35.36,-39.84,-17.75,310.94
23,28,0.23291,-17.65,-3.22,37.90,-47.41,-18.28,307.78
23,29,0.24139,-17.64,-3.35,40.77,1.08,-15.70,338.85
23,30,0.24988,-17.37,-3.47,43.75,31.65,-13.75,351.08
23,31,0.25806,-16.90,-3.58,47.04,57.46,-14.05,401.49
23,32,0.26697,-16.21,-3.68,50.35,77.74,-10.95,371.92
23,33,0.27484,-15.42,-3.77,53.65,100.39,-11.35,419.38
23,34,0.28290,-14.52,-3.85,56.93,110.98,-9.90,407.20
23,35,0.29126,-13.93,-3.95,60.24,71.17,-12.56,394.89
23,36,0.29993,-13.43,-4.07,63.55,57.04,-13.20,382.75
23,37,0.30798,-13.04,-4.19,66.89,48.86,-15.24,413.64
23,38,0.31683,-12.76,-4.32,70.23,31.72,-15.03,377.93
23,39,0.32471,-12.70,-4.48,73.61,8.14,-19.35,429.84
23,40,0.33301,-12.73,-4.64,77.00,-4.78,-19.48,407.72
23,41,0.34143,-12.98,-4.81,80.37,-28.62,-21.02,400.72
23,42,0.34991,-13.42,-5.01,83.73,-52.16,-22.77,395.68
23,43,0.35858,-14.06,-5.21,87.05,-74.30,-23.91,383.45
23,44,0.36627,-14.91,-5.44,90.33,-109.92,-28.92,426.19
23,45,0.37469,-15.99,-5.67,93.52,-128.62,-28.25,378.99
23,46,0.38300,-17.11,-5.91,96.70,-134.19,-28.92,383.09
23,47,0.39160,-18.22,-6.15,99.88,-129.43,-27.85,369.50
23,48,0.39990,-19.34,-6.40,103.07,-134.56,-28.99,384.19
23,49,0.40863,-20.48,-6.64,106.38,-131.12,-28.40,378.67
23,50,0.41693,-21.63,-6.89,109.69,-138.60,-30.02,399.26
23,51,0.42468,-22.84,-7.15,113.15,-155.51,-33.57,446.46
23,52,0.43292,-24.03,-7.41,116.59,-145.19,-31.38,416.67
23,53,0.44141,-25.29,-7.68,120.13,-147.84,-31.62,417.99
23,54,0.44965,-26.55,-7.95,123.69,-153.33,-32.73,432.22
23,55,0.45856,-27.89,-8.23,127.43,-150.68,-31.93,419.52
23,56,0.46692,-29.24,-8.52,131.18,-161.31,-34.18,448.18
23,57,0.47467,-30.65,-8.81,135.01,-181.50,-37.88,494.49
23,58,0.48297,-32.06,-9.11,138.85,-169.49,-35.46,461.76
23,59,0.49164,-33.46,-9.40,142.68,-162.32,-33.96,442.25
23,60,0.50006,-34.87,-9.70,146.51,-167.03,-34.89,454.71
23,61,0.50861,-36.28,-9.99,150.34,-164.64,-34.48,448.21
23,62,0.51697,-37.68,-10.28,154.17,-167.52,-35.10,458.39
23,63,0.52472,-38.99,-10.57,158.04,-168.90,-37.21,499.61
23,64,0.53302,-40.30,-10.82,161.92,-157.72,-29.68,466.54
23,65,0.54150,-41.61,-11.12,165.79,-155.04,-35.27,456.12
23,66,0.55017,-42.94,-11.42,169.65,-153.52,-34.69,446.13
23,67,0.55804,-44.29,-11.72,173.51,-171.71,-38.43,489.92
23,68,0.56696,-45.67,-12.02,177.35,-154.11,-33.62,430.82
23,69,0.57471,-47.05,-12.31,181.07,-177.95,-36.97,480.31
23,70,0.58295,-48.45,-12.60,184.79,-170.74,-35.10,450.74
23,71,0.59149,-49.89,-12.89,188.49,-168.57,-33.99,432.86
23,72,0.60034,-51.36,-13.18,192.16,-165.86,-32.97,414.83
23,73,0.60870,-52.87,-13.46,195.63,-179.93,-34.13,414.96
23,74,0.61713,-54.39,-13.75,199.10,-181.52,-34.16,412.68
23,75,0.62482,-55.94,-14.04,202.55,-201.19,-37.44,448.41
23,76,0.63306,-57.50,-14.33,205.97,-189.26,-34.86,415.19
23,77,0.64154,-58.98,-14.60,209.25,-174.82,-32.37,386.33
23,78,0.64978,-60.48,-14.88,212.52,-181.85,-33.43,396.67
23,79,0.65869,-62.00,-15.15,215.78,-170.21,-31.01,366.10
23,80,0.66699,-63.53,-15.45,219.04,-184.56,-35.97,392.28
23,81,0.67480,-65.07,-15.82,222.29,-196.88,-46.75,416.41
23,82,0.68311,-66.61,-16.46,225.54,-185.66,-77.76,391.54
23,83,0.69153,-68.16,-17.31,228.78,-184.42,-100.36,385.14
23,84,0.69971,-69.73,-18.23,232.02,-191.42,-112.23,395.90
23,85,0.70868,-71.32,-19.08,235.25,-177.55,-95.00,359.52
23,86,0.73840,-77.81,-19.39,248.24,-218.17,-10.53,436.96
23,87,0.74658,-79.51,-19.27,251.57,-208.58,15.06,407.09
23,88,0.75482,-81.22,-19.07,254.90,-207.41,23.71,404.07
23,89,0.76361,-82.94,-18.88,258.24,-195.14,22.25,380.56
23,90,0.77179,-84.74,-18.67,261.73,-220.15,25.01,427.24
23,91,0.77972,-86.54,-18.47,265.23,-226.92,25.78,440.38
23,92,0.78809,-88.34,-18.26,268.72,-215.33,24.37,417.88
23,93,0.79651,-90.14,-18.06,272.22,-214.13,24.27,414.86
23,94,0.80475,-91.99,-17.86,275.70,-223.70,24.65,422.96
23,95,0.81305,-93.83,-17.65,279.19,-222.06,24.42,419.85
23,96,0.82147,-95.67,-17.45,282.67,-218.84,24.11,413.77
23,97,0.82983,-97.53,-17.25,286.15,-222.26,24.10,415.33
23,98,0.83850,-99.53,-17.06,289.51,-230.28,22.17,388.73
23,99,0.84656,-101.53,-16.87,292.88,-248.11,23.82,417.80
23,100,0.85486,-103.52,-16.67,296.25,-240.81,23.12,405.51
23,101,0.86298,-105.52,-16.48,299.61,-246.24,23.59,414.66
23,102,0.87158,-107.53,-16.29,302.98,-232.62,22.29,391.13
23,103,0.87964,-109.54,-16.10,306.34,-249.62,23.74,417.05
23,104,0.88800,-111.55,-15.91,309.70,-240.51,22.87,401.82
23,105,0.89655,-113.56,-15.72,313.06,-235.71,22.35,392.86
23,106,0.90472,-115.58,-15.53,316.41,-247.01,23.26,410.07
23,107,0.91315,-117.61,-15.34,319.75,-240.58,22.55,397.10
23,108,0.92175,-119.73,-15.14,323.24,-246.10,22.96,404.61
23,109,0.93024,-121.74,-14.95,326.52,-237.05,21.86,386.69
23,110,0.93854,-123.76,-14.77,329.79,-243.75,22.28,394.12
23,111,0.94696,-125.78,-14.59,333.02,-240.22,21.61,383.33
23,112,0.95508,-127.74,-14.42,336.02,-241.35,20.67,370.30
23,113,0.96375,-129.70,-14.25,338.99,-225.35,19.08,342.61
23,114,0.97168,-131.55,-14.10,341.79,-233.85,19.63,352.31
23,115,0.98004,-133.42,-13.94,344.58,-223.36,18.50,333.58
23,116,0.98846,-135.29,-13.79,347.36,-221.74,18.39,330.80
23,117,0.99701,-137.16,-13.63,350.13,-218.57,17.93,323.93
23,118,1.00537,-138.98,-13.49,352.81,-218.25,17.74,320.44
23,119,1.01355,-140.80,-13.34,355.47,-222.39,17.93,325.00
23,120,1.02228,-142.58,-13.20,358.00,-204.55,15.88,289.51
23,121,1.03009,-144.37,-13.06,360.52,-228.91,17.53,323.44
23,122,1.03864,-146.16,-12.94,363.05,-209.29,14.76,295.36
23,123,1.04694,-147.94,-12.82,365.56,-214.34,14.30,302.94
23,124,1.05542,-149.66,-12.71,368.01,-203.24,12.83,289.21
23,125,1.06360,-151.39,-12.61,370.47,-210.82,12.49,299.63
23,126,1.07178,-153.11,-12.51,372.92,-210.82,11.64,299.63
23,127,1.08038,-154.85,-12.42,375.38,-201.77,10.38,286.17
23,128,1.08862,-156.65,-12.34,377.91,-218.15,10.37,307.41
24,0,0.00000,0.00,0.00,0.00,-62.07,-4.59,12.07
24,1,0.00769,-0.55,-0.04,0.10,-71.43,-5.21,12.70
24,2,0.01617,-1.42,-0.11,0.34,-102.88,-8.14,28.42
24,3,0.02478,-2.30,-0.18,0.56,-101.77,-7.90,25.89
24,4,0.03290,-3.44,-0.28,1.03,-140.23,-12.19,58.27
24,5,0.04108,-4.58,-0.37,1.48,-140.30,-12.02,54.85
24,6,0.04993,-5.96,-0.50,2.17,-155.86,-14.26,77.59
24,7,0.05786,-7.35,-0.63,2.83,-175.38,-15.85,83.08
24,8,0.06610,-8.53,-0.76,3.80,-142.22,-15.79,117.41
24,9,0.07483,-9.72,-0.89,4.74,-136.71,-14.88,108.04
24,10,0.08282,-10.72,-1.03,6.11,-125.57,-17.85,171.37
24,11,0.09113,-11.76,-1.17,7.46,-124.26,-17.25,162.50
24,12,0.09955,-12.66,-1.32,8.97,-106.88,-17.14,179.35
24,13,0.10803,-13.59,-1.46,10.46,-109.71,-17.12,175.90
24,14,0.11621,-14.34,-1.60,12.05,-92.54,-17.14,194.40
24,15,0.12451,-15.13,-1.74,13.62,-94.85,-16.97,189.34
24,16,0.13287,-15.95,-1.89,15.18,-98.18,-16.99,186.13
24,17,0.14111,-16.80,-2.03,16.72,-103.33,-17.37,187.04
24,18,0.14972,-17.61,-2.18,18.44,-94.33,-17.56,199.65
24,19,0.15802,-18.46,-2.33,20.14,-101.84,-18.33,204.78
24,20,0.16620,-19.19,-2.49,22.05,-88.81,-19.19,233.96
24,21,0.17450,-19.95,-2.65,23.95,-91.91,-19.08,228.68
24,22,0.18274,-20.64,-2.82,26.20,-84.07,-21.18,272.96
24,23,0.19122,-21.38,-3.00,28.43,-87.05,-20.80,263.31
24,24,0.19965,-22.08,-3.19,31.04,-82.61,-23.15,309.06
24,25,0.20807,-22.83,-3.39,33.63,-89.13,-23.52,307.61
24,26,0.21619,-23.50,-3.61,36.61,-82.71,-26.58,367.29
24,27,0.22437,-24.23,-3.83,39.58,-89.55,-26.79,363.06
24,28,0.23285,-25.17,-4.07,42.73,-111.15,-28.60,371.22
24,29,0.24127,-26.18,-4.31,45.86,-119.93,-29.14,371.38
24,30,0.24969,-27.53,-4.59,49.07,-159.42,-32.22,381.88
24,31,0.25842,-28.94,-4.86,52.26,-161.54,-31.42,365.38
24,32,0.26605,-30.51,-5.13,55.28,-206.40,-36.02,395.60
24,33,0.27472,-32.15,-5.41,58.26,-188.73,-31.90,344.37
24,34,0.28326,-34.00,-5.69,61.06,-216.43,-32.66,327.50
24,35,0.29108,-35.90,-5.97,63.82,-244.14,-35.89,353.12
24,36,0.29968,-37.87,-6.25,66.54,-228.01,-32.67,315.96
24,37,0.30811,-39.90,-6.54,69.24,-241.30,-33.80,319.93
24,38,0.31635,-42.09,-6.89,71.82,-265.93,-43.10,313.33
24,39,0.32471,-44.33,-7.15,74.35,-268.25,-31.41,303.28
24,40,0.33282,-46.72,-7.46,76.75,-294.36,-37.40,295.11
24,41,0.34113,-49.25,-7.76,79.00,-304.78,-36.41,270.96
24,42,0.34973,-51.91,-8.06,81.09,-309.22,-34.83,243.26
24,43,0.35797,-54.69,-8.36,83.02,-337.41,-35.95,234.07
24,44,0.36646,-57.60,-8.64,84.73,-342.45,-34.04,201.08
24,45,0.37476,-60.60,-8.93,86.25,-361.76,-34.14,184.19
24,46,0.38318,-63.64,-9.21,87.70,-361.23,-33.24,171.74
24,47,0.39111,-66.69,-9.49,89.15,-383.46,-35.33,182.69
24,48,0.39966,-69.84,-9.78,90.66,-368.93,-34.13,177.14
24,49,0.40784,-72.99,-10.07,92.18,-385.45,-35.57,185.07
24,50,0.41632,-76.26,-10.37,93.74,-385.25,-35.59,184.53
24,51,0.42462,-79.53,-10.67,95.31,-393.75,-36.35,188.60
24,52,0.43298,-82.93,-10.99,96.92,-406.57,-37.38,192.34
24,53,0.44122,-86.33,-11.30,98.53,-412.96,-37.96,195.19
24,54,0.44971,-89.93,-11.63,100.21,-424.10,-38.84,198.20
24,55,0.45789,-93.53,-11.96,101.89,-440.30,-40.27,205.60
24,56,0.46637,-97.24,-12.30,103.59,-437.41,-39.82,200.72
24,57,0.47455,-100.95,-12.63,105.29,-453.73,-41.26,208.21
24,58,0.48285,-104.66,-12.97,107.00,-447.06,-40.67,205.15
24,59,0.49115,-108.37,-13.31,108.70,-447.06,-40.72,205.15
24,60,0.49969,-112.08,-13.65,110.40,-434.29,-39.47,198.93
24,61,0.50830,-115.80,-13.98,112.10,-431.21,-39.23,197.52
24,62,0.51642,-119.47,-14.33,113.90,-452.26,-42.05,221.43
24,63,0.52466,-123.14,-14.67,115.70,-445.56,-41.45,218.15
24,64,0.53296,-126.81,-15.01,117.49,-442.65,-41.14,215.81
24,65,0.54126,-130.49,-15.35,119.26,-443.38,-41.01,213.97
24,66,0.54993,-134.18,-15.69,121.02,-425.70,-39.27,203.17
24,67,0.55804,-137.88,-16.03,122.76,-456.02,-41.77,213.91
24,68,0.56604,-141.50,-16.36,124.40,-451.91,-40.97,205.34
24,69,0.57495,-145.12,-16.68,126.02,-406.85,-36.69,181.51
24,70,0.58270,-148.76,-17.01,127.62,-468.90,-42.11,206.30
24,71,0.59106,-152.40,-17.33,129.20,-435.40,-38.88,189.05
24,72,0.59961,-155.90,-17.47,130.62,-410.00,-15.62,165.71
24,73,0.60785,-159.41,-17.74,132.02,-425.56,-32.93,170.37
24,74,0.61646,-162.92,-17.91,133.41,-408.16,-19.89,161.35
24,75,0.62494,-166.44,-18.08,134.78,-414.75,-20.13,162.23
24,76,0.63306,-169.78,-18.25,136.13,-410.90,-20.16,166.17
24,77,0.64124,-173.12,-18.41,137.46,-408.58,-19.94,162.69
24,78,0.64978,-176.46,-18.61,138.78,-391.79,-24.17,153.57
24,79,0.65790,-179.82,-19.06,140.07,-413.53,-54.57,159.77
24,80,0.66632,-183.18,-19.58,141.35,-399.28,-61.93,151.09
24,81,0.67444,-186.56,-20.10,142.59,-415.41,-64.28,153.76
24,82,0.68323,-189.94,-20.19,143.82,-384.72,-10.32,139.24
24,83,0.69147,-193.33,-20.06,145.01,-411.48,16.16,145.19
24,84,0.69958,-196.73,-19.92,146.19,-418.80,16.56,144.74
24,85,0.70813,-200.14,-19.79,147.34,-398.93,16.19,134.29
24,86,0.71655,-203.56,-19.64,148.45,-405.80,16.84,132.61
24,87,0.72467,-206.99,-19.50,149.53,-422.93,17.96,133.08
24,88,0.73303,-210.56,-19.41,150.65,-427.01,10.84,133.58
24,89,0.74139,-214.14,-19.46,151.72,-428.83,-6.56,128.10
24,90,0.74982,-217.74,-19.38,152.74,-427.17,9.60,121.38
24,91,0.75818,-221.37,-19.34,153.74,-433.94,4.92,119.34
24,92,0.76654,-225.17,-19.30,154.74,-454.74,5.43,119.71
24,93,0.77484,-228.98,-19.25,155.72,-458.82,5.65,118.01
24,94,0.78314,-232.79,-19.20,156.68,-459.19,5.84,115.81
24,95,0.79144,-236.61,-19.15,157.63,-459.93,5.95,113.60
24,96,0.79987,-240.45,-19.10,158.51,-456.16,6.39,105.43
24,97,0.80853,-244.30,-19.04,159.39,-443.66,6.29,100.70
24,98,0.81659,-248.15,-18.99,160.24,-477.65,6.94,106.44
24,99,0.82495,-252.00,-18.93,161.08,-460.58,6.80,100.00
24,100,0.83289,-255.86,-18.86,161.72,-486.92,8.81,80.00
24,101,0.84119,-259.73,-18.79,162.34,-465.81,8.50,74.63
24,102,0.84991,-263.60,-18.72,162.94,-443.36,8.20,69.23
24,103,0.85809,-267.47,-18.64,163.53,-473.51,8.92,72.01
24,104,0.86646,-271.34,-18.57,164.10,-463.14,8.79,68.61
24,105,0.87463,-275.22,-18.50,164.68,-473.51,8.97,70.52
24,106,0.88300,-279.08,-18.43,165.30,-462.04,8.38,74.82
24,107,0.89178,-282.93,-18.36,166.05,-437.50,7.09,84.72
24,108,0.89978,-286.73,-18.31,166.95,-476.34,6.50,112.98
24,109,0.90790,-290.52,-18.27,167.95,-466.54,5.59,122.56
24,110,0.91644,-294.20,-18.23,169.07,-430.71,4.09,131.43
24,111,0.92462,-297.85,-18.20,170.29,-446.27,3.41,148.88
24,112,0.93311,-301.46,-18.18,171.61,-425.90,2.49,155.40
24,113,0.94128,-305.04,-18.17,173.01,-437.31,1.82,172.01
24,114,0.94995,-308.37,-18.16,174.36,-383.80,1.25,155.63
24,115,0.95819,-311.65,-18.15,175.81,-398.15,0.50,175.56
24,116,0.96655,-314.68,-18.16,177.24,-362.77,-0.29,171.53
24,117,0.97479,-317.68,-18.16,178.74,-364.07,-0.90,182.22
24,118,0.98291,-320.65,-18.10,180.31,-365.79,7.83,192.48
24,119,0.99133,-323.59,-18.29,181.93,-348.55,-23.10,192.75
24,120,0.99988,-326.41,-18.62,183.52,-330.36,-37.53,186.43
24,121,1.00818,-329.21,-18.99,185.16,-336.76,-44.56,197.43
24,122,1.01648,-331.88,-19.29,186.72,-322.43,-36.46,187.13
24,123,1.02484,-334.55,-19.59,188.28,-318.98,-36.10,187.59
24,124,1.03290,-337.21,-19.89,189.87,-329.92,-37.49,196.21
24,125,1.04126,-339.86,-20.19,191.45,-317.52,-36.06,189.42
24,126,1.04987,-342.43,-20.49,193.00,-298.23,-34.00,179.79
24,127,1.05817,-345.00,-20.78,194.55,-309.19,-35.26,186.76
24,128,1.06622,-347.56,-21.07,196.10,-318.56,-36.32,192.42
24,129,1.07477,-350.13,-21.36,197.65,-300.36,-34.25,181.43
24,130,1.08282,-352.80,-21.67,199.24,-331.06,-37.65,197.73
25,0,0.00000,0.00,0.00,0.00,-21.83,-18.05,60.56
25,1,0.00787,-0.20,-0.16,0.52,-25.97,-20.06,65.89
25,2,0.01624,-0.46,-0.21,1.39,-31.02,-5.77,104.74
25,3,0.02466,-0.74,-0.28,2.26,-33.33,-9.28,102.54
25,4,0.03290,-0.96,-0.35,3.47,-26.67,-7.65,147.04
25,5,0.04156,-1.22,-0.41,4.68,-29.23,-7.35,139.44
25,6,0.04974,-1.41,-0.49,6.21,-23.51,-9.51,186.94
25,7,0.05804,-1.64,-0.57,7.73,-28.31,-9.46,183.46
25,8,0.06653,-1.51,-0.64,9.24,15.47,-8.29,178.42
25,9,0.07507,-1.42,-0.71,10.76,10.71,-8.35,177.86
25,10,0.08319,-0.89,-0.78,12.38,65.41,-8.22,198.87
25,11,0.09186,-0.41,-0.84,14.01,55.99,-7.91,188.03
25,12,0.09985,0.27,-0.91,15.63,85.11,-7.98,202.67
25,13,0.10791,0.91,-0.97,17.27,79.17,-8.16,203.41
25,14,0.11700,1.74,-1.03,18.87,90.60,-6.59,176.17
25,15,0.12482,2.49,-1.09,20.46,96.88,-7.77,203.12
25,16,0.13354,3.21,-1.16,22.06,81.82,-7.17,184.27
25,17,0.14111,3.88,-1.22,23.69,89.11,-8.52,215.32
25,18,0.14984,4.70,-1.29,25.41,93.71,-7.51,196.50
25,19,0.15851,5.48,-1.35,27.15,89.79,-7.79,200.35
25,20,0.16650,6.48,-1.42,28.93,124.81,-8.13,223.28
25,21,0.17468,7.43,-1.49,30.75,117.16,-8.28,222.39
25,22,0.18286,8.68,-1.56,32.75,152.24,-8.57,244.03
25,23,0.19147,9.88,-1.63,34.78,139.36,-8.50,236.88
25,24,0.19971,11.35,-1.71,37.04,178.89,-9.47,274.07
25,25,0.20813,12.77,-1.79,39.35,168.84,-9.63,273.55
25,26,0.21655,14.51,-1.88,41.87,205.43,-10.12,299.28
25,27,0.22479,16.17,-1.96,44.44,201.48,-10.86,312.59
25,28,0.23315,17.79,-2.07,47.30,194.16,-12.42,341.97
25,29,0.24164,19.33,-2.18,50.21,181.29,-12.74,343.17
25,30,0.25000,20.67,-2.30,53.43,160.95,-15.17,384.31
25,31,0.25818,21.92,-2.43,56.68,152.61,-15.97,397.39
25,32,0.26691,22.91,-2.57,59.93,113.64,-15.63,373.08
25,33,0.27472,23.80,-2.71,63.22,114.06,-17.89,420.31
25,34,0.28363,24.40,-2.86,66.52,66.44,-16.48,370.55
25,35,0.29150,24.89,-3.01,69.84,63.18,-19.00,421.32
25,36,0.30005,25.30,-3.16,73.17,47.14,-17.83,389.64
25,37,0.30823,25.60,-3.31,76.51,36.94,-18.93,408.58
25,38,0.31677,25.69,-3.48,79.91,10.36,-18.99,397.86
25,39,0.32471,25.68,-3.64,83.29,-1.15,-20.62,426.54
25,40,0.33331,25.47,-3.81,86.67,-24.47,-19.46,392.55
25,41,0.34180,25.05,-3.98,90.03,-48.92,-20.15,396.04
25,42,0.34985,24.54,-4.21,93.37,-64.02,-28.75,415.15
25,43,0.35828,24.01,-4.54,96.72,-61.96,-38.83,397.10
25,44,0.36670,23.44,-4.72,100.04,-68.48,-21.96,394.20
25,45,0.37500,22.85,-4.97,103.36,-70.59,-29.35,399.63
25,46,0.38318,22.26,-5.21,106.67,-72.39,-29.73,405.60
25,47,0.39136,21.66,-5.45,109.99,-73.13,-29.85,405.97
25,48,0.40009,21.05,-5.71,113.44,-69.93,-28.96,394.41
25,49,0.40869,20.43,-5.96,116.88,-71.99,-29.35,400.35
25,50,0.41650,19.78,-6.22,120.45,-83.20,-33.50,456.25
25,51,0.42529,19.11,-6.48,124.01,-76.39,-29.72,405.56
25,52,0.43304,18.37,-6.75,127.70,-95.28,-34.91,475.98
25,53,0.44165,17.59,-7.02,131.39,-91.13,-31.40,428.37
25,54,0.45013,16.70,-7.31,135.26,-104.32,-33.38,456.47
25,55,0.45831,15.77,-7.59,139.13,-113.43,-34.55,472.76
25,56,0.46692,14.75,-7.88,143.08,-119.15,-33.57,459.22
25,57,0.47498,13.66,-8.16,147.01,-134.85,-35.60,488.26
25,58,0.48334,12.50,-8.45,150.92,-138.69,-34.08,467.88
25,59,0.49146,11.25,-8.73,154.81,-154.51,-34.84,478.57
25,60,0.49988,9.82,-9.01,158.63,-169.57,-32.91,453.99
25,61,0.50812,8.23,-9.28,162.39,-192.59,-32.97,456.30
25,62,0.51642,6.58,-9.55,166.13,-199.26,-32.55,450.37
25,63,0.52521,4.76,-9.81,169.79,-207.29,-29.94,416.32
25,64,0.53314,2.85,-10.07,173.40,-240.77,-32.73,455.38
25,65,0.54156,0.84,-10.33,176.97,-238.04,-30.28,422.83
25,66,0.55011,-1.22,-10.58,180.50,-241.43,-29.60,413.21
25,67,0.55835,-3.35,-10.83,183.98,-258.89,-30.21,422.59
25,68,0.56702,-5.48,-11.07,187.33,-245.42,-27.56,386.62
25,69,0.57526,-7.64,-11.31,190.66,-262.22,-28.85,404.44
25,70,0.58337,-9.83,-11.54,193.97,-269.92,-29.02,407.89
25,71,0.59198,-12.05,-11.78,197.26,-257.09,-27.27,382.27
25,72,0.60028,-14.25,-11.99,200.34,-265.07,-26.27,370.22
25,73,0.60876,-16.46,-12.21,203.39,-261.51,-25.60,360.43
25,74,0.61652,-18.70,-12.43,206.44,-288.58,-27.85,392.91
25,75,0.62494,-20.95,-12.64,209.47,-267.03,-25.46,359.42
25,76,0.63318,-23.07,-12.85,212.37,-257.78,-24.99,352.59
25,77,0.64160,-25.22,-13.05,215.26,-255.07,-24.29,342.39
25,78,0.64996,-27.39,-13.26,218.13,-259.12,-24.30,343.43
25,79,0.65826,-29.57,-13.46,220.99,-262.13,-24.47,345.22
25,80,0.66681,-31.74,-13.66,223.86,-254.64,-23.70,335.00
25,81,0.67493,-33.92,-13.86,226.72,-268.05,-24.99,352.63
25,82,0.68329,-36.09,-14.07,229.58,-260.22,-24.22,342.34
25,83,0.69147,-38.27,-14.27,232.44,-266.04,-24.76,350.00
25,84,0.69989,-40.44,-14.47,235.31,-258.33,-24.04,339.86
25,85,0.70819,-42.62,-14.68,238.17,-262.13,-24.51,345.22
25,86,0.71667,-44.80,-14.88,241.04,-256.47,-23.85,337.77
25,87,0.72473,-46.98,-15.08,243.91,-270.45,-25.23,356.06
25,88,0.73334,-49.22,-15.29,246.90,-260.64,-24.66,348.23
25,89,0.74176,-51.46,-15.51,249.90,-266.30,-25.24,355.80
25,90,0.74988,-53.70,-15.72,252.90,-276.32,-26.19,369.17
25,91,0.75824,-55.95,-15.93,255.90,-268.61,-25.43,359.12
25,92,0.76648,-58.31,-16.15,259.04,-286.67,-27.01,381.48
25,93,0.77515,-60.68,-16.38,262.19,-272.54,-25.68,362.68
25,94,0.78308,-63.04,-16.60,265.33,-297.69,-28.10,396.15
25,95,0.79169,-65.40,-16.82,268.47,-274.47,-25.86,365.25
25,96,0.79980,-67.81,-17.04,271.61,-296.62,-27.31,386.09
25,97,0.80927,-70.21,-17.27,274.73,-253.87,-23.43,330.65
25,98,0.81647,-72.62,-17.49,277.87,-334.32,-30.73,435.17
25,99,0.82489,-75.02,-17.71,280.99,-285.87,-26.26,370.65
25,100,0.83307,-77.55,-17.92,283.98,-309.33,-25.71,365.30
25,101,0.84143,-80.08,-18.13,286.97,-302.55,-25.14,357.30
25,102,0.84973,-82.61,-18.34,289.95,-304.78,-25.37,359.93
25,103,0.85901,-85.14,-18.55,292.94,-272.70,-22.66,322.04
25,104,0.86627,-87.67,-18.76,295.93,-348.32,-28.95,411.34
25,105,0.87512,-90.20,-18.97,298.92,-285.86,-23.80,337.59
25,106,0.88312,-92.73,-19.18,301.90,-316.41,-26.29,373.66
25,107,0.89160,-95.26,-19.39,304.89,-298.20,-24.83,352.16
25,108,0.89990,-97.79,-19.60,307.88,-304.78,-25.33,359.93
25,109,0.90839,-100.32,-19.81,310.87,-297.84,-24.83,352.16
25,110,0.91632,-102.80,-20.02,313.81,-313.08,-26.06,370.38
25,111,0.92474,-105.29,-19.87,316.74,-294.93,17.32,348.91
25,112,0.93323,-107.77,-19.82,319.68,-292.81,6.30,346.40
25,113,0.94165,-110.25,-19.77,322.61,-294.20,6.31,347.46
25,114,0.94983,-112.61,-19.71,325.32,-288.43,6.39,330.97
25,115,0.95813,-114.96,-19.66,328.02,-283.09,6.27,325.00
25,116,0.96692,-117.21,-19.61,330.58,-255.56,5.66,292.01
25,117,0.97498,-119.46,-19.56,333.15,-279.55,6.19,319.32
25,118,0.98370,-121.67,-19.51,335.68,-253.15,5.62,289.51
25,119,0.99194,-123.87,-19.46,338.20,-267.41,5.92,305.56
25,120,1.00043,-126.02,-19.42,340.63,-253.24,5.70,286.33
25,121,1.00891,-128.16,-19.37,343.05,-252.88,5.66,284.89
25,122,1.01697,-130.25,-19.32,345.33,-259.09,5.94,283.33
25,123,1.02545,-132.38,-19.27,347.66,-251.08,5.78,274.46
25,124,1.03387,-134.47,-19.22,349.94,-247.83,5.70,271.01
25,125,1.04218,-136.55,-19.17,352.22,-250.74,5.74,274.26
25,126,1.05029,-138.57,-19.13,354.44,-248.12,5.67,273.68
25,127,1.05872,-140.58,-19.08,356.66,-239.13,5.47,263.77
25,128,1.06714,-142.59,-19.04,358.88,-239.13,5.46,263.77
25,129,1.07562,-144.61,-18.99,361.11,-238.13,5.42,262.59
25,130,1.08380,-146.71,-18.94,363.40,-256.34,5.92,280.22
26,0,0.00000,0.00,0.00,0.00,-27.17,-6.26,60.51
26,1,0.00848,-0.24,-0.05,0.50,-28.42,-6.18,59.35
26,2,0.01666,-0.56,-0.14,1.35,-39.18,-10.31,103.36
26,3,0.02490,-0.90,-0.22,2.19,-41.48,-10.27,101.85
26,4,0.03314,-1.21,-0.33,3.38,-37.04,-13.58,144.81
26,5,0.04150,-1.55,-0.45,4.57,-40.51,-13.43,141.61
26,6,0.04993,-1.85,-0.58,6.08,-35.87,-16.31,179.35
26,7,0.05841,-2.19,-0.72,7.58,-40.29,-16.35,176.98
26,8,0.06647,-2.17,-0.85,9.12,3.03,-15.40,191.29
26,9,0.07568,-2.17,-0.97,10.68,-0.33,-13.80,168.87
26,10,0.08331,-1.75,-1.09,12.32,54.80,-14.97,216.00
26,11,0.09167,-1.37,-1.20,13.98,45.26,-13.96,198.18
26,12,0.10028,-0.81,-1.31,15.64,65.96,-12.61,193.26
26,13,0.10858,-0.28,-1.42,17.32,63.60,-13.36,201.84
26,14,0.11688,0.42,-1.52,18.94,83.82,-11.90,194.85
26,15,0.12512,1.07,-1.62,20.57,78.89,-12.37,198.52
26,16,0.13354,1.67,-1.73,22.23,71.74,-12.58,196.38
26,17,0.14178,2.24,-1.84,23.90,68.52,-13.23,202.96
26,18,0.15033,2.94,-1.95,25.66,82.14,-12.91,206.43
26,19,0.15851,3.60,-2.06,27.45,80.97,-13.90,218.28
26,20,0.16699,4.48,-2.17,29.30,103.60,-12.81,217.99
26,21,0.17511,5.32,-2.28,31.17,103.01,-13.91,231.20
26,22,0.18359,6.43,-2.40,33.25,131.29,-13.62,244.24
26,23,0.19171,7.50,-2.52,35.36,131.20,-14.92,260.15
26,24,0.20001,8.82,-2.65,37.70,159.93,-15.38,282.72
26,25,0.20856,10.10,-2.78,40.09,148.93,-15.66,279.64
26,26,0.21674,11.66,-2.92,42.72,191.79,-17.00,320.90
26,27,0.22552,13.16,-3.07,45.39,170.14,-16.63,304.51
26,28,0.23352,14.60,-3.24,48.35,180.15,-21.50,369.47
26,29,0.24225,15.95,-3.42,51.35,155.24,-20.60,344.06
26,30,0.25018,17.10,-3.63,54.64,144.23,-26.93,415.00
26,31,0.25873,18.15,-3.97,57.97,122.50,-39.81,388.57
26,32,0.26685,18.94,-4.48,61.28,97.37,-62.31,407.89
26,33,0.27521,19.63,-5.14,64.61,82.48,-79.41,398.54
26,34,0.28424,20.02,-6.00,67.94,43.24,-95.13,368.92
26,35,0.29181,20.32,-6.76,71.29,39.52,-100.22,441.94
26,36,0.30017,20.52,-7.56,74.63,24.45,-95.19,400.36
26,37,0.30859,20.62,-8.37,77.99,12.32,-96.51,398.19
26,38,0.31696,20.51,-9.22,81.37,-13.14,-101.73,404.74
26,39,0.32526,20.31,-10.09,84.75,-25.00,-104.10,406.99
26,40,0.33392,19.90,-10.97,88.11,-47.18,-102.47,387.68
26,41,0.34210,19.29,-11.35,91.44,-74.63,-46.61,407.46
26,42,0.35022,18.48,-11.53,94.73,-99.62,-21.63,404.89
26,43,0.35883,17.55,-11.71,97.99,-107.45,-20.54,378.37
26,44,0.36719,16.54,-11.88,101.20,-120.80,-21.12,384.67
26,45,0.37531,15.52,-12.06,104.41,-126.69,-21.73,395.11
26,46,0.38367,14.47,-12.24,107.61,-125.55,-21.11,382.85
26,47,0.39191,13.39,-12.41,110.81,-130.37,-21.52,388.15
26,48,0.40045,12.26,-12.60,114.12,-132.14,-21.47,387.50
26,49,0.40912,11.10,-12.78,117.42,-134.15,-21.22,380.99
26,50,0.41742,9.86,-12.97,120.83,-149.63,-22.93,409.93
26,51,0.42566,8.58,-13.16,124.22,-155.19,-23.16,412.22
26,52,0.43378,7.21,-13.36,127.73,-169.17,-24.41,431.58
26,53,0.44196,5.80,-13.56,131.22,-172.01,-24.25,427.61
26,54,0.45026,4.27,-13.77,134.89,-184.19,-25.22,441.91
26,55,0.45868,2.70,-13.98,138.54,-186.23,-24.86,433.70
26,56,0.46716,1.03,-14.19,142.27,-196.76,-25.36,439.21
26,57,0.47601,-0.68,-14.41,145.97,-193.45,-24.29,418.62
26,58,0.48340,-2.43,-14.62,149.66,-236.36,-29.08,499.59
26,59,0.49170,-4.20,-14.84,153.34,-213.60,-25.87,443.01
26,60,0.50018,-6.00,-15.05,157.01,-211.87,-25.33,432.01
26,61,0.50867,-7.82,-15.27,160.66,-214.75,-25.30,430.58
26,62,0.51678,-9.56,-15.48,164.36,-215.04,-26.50,455.26
26,63,0.52557,-11.33,-15.70,168.04,-201.04,-24.50,419.44
26,64,0.53381,-13.13,-15.91,171.71,-218.52,-26.08,445.19
26,65,0.54205,-14.97,-16.13,175.36,-223.70,-26.08,442.59
26,66,0.55017,-16.85,-16.34,178.99,-231.58,-26.45,446.99
26,67,0.55872,-18.77,-16.56,182.59,-224.64,-25.10,421.79
26,68,0.56696,-20.68,-16.76,186.07,-230.74,-25.27,422.96
26,69,0.57550,-22.62,-16.98,189.60,-227.14,-24.72,412.86
26,70,0.58392,-24.55,-17.18,193.07,-228.99,-24.72,411.96
26,71,0.59198,-26.48,-17.39,196.53,-240.53,-25.77,428.79
26,72,0.60046,-28.41,-17.59,199.78,-226.62,-23.26,383.09
26,73,0.60864,-30.34,-17.79,203.02,-236.19,-24.13,397.01
26,74,0.61688,-32.28,-17.98,206.27,-235.19,-23.97,393.70
26,75,0.62531,-34.21,-18.18,209.50,-229.71,-23.38,384.06
26,76,0.63391,-36.01,-18.37,212.62,-209.57,-21.89,361.70
26,77,0.64221,-37.82,-18.56,215.73,-217.28,-22.66,375.00
26,78,0.65039,-39.62,-18.74,218.84,-220.52,-23.03,380.60
26,79,0.65887,-41.43,-18.93,221.95,-212.95,-22.19,366.55
26,80,0.66772,-43.25,-19.12,225.05,-205.52,-21.25,350.69
26,81,0.67572,-45.08,-19.31,228.15,-229.39,-23.51,387.02
26,82,0.68359,-46.93,-19.50,231.23,-235.27,-23.86,391.47
26,83,0.69183,-48.81,-19.68,234.30,-227.41,-22.77,372.59
26,84,0.70026,-50.70,-19.87,237.36,-224.28,-22.27,363.41
26,85,0.70868,-52.59,-20.06,240.42,-225.00,-22.27,363.04
26,86,0.71710,-54.49,-20.25,243.48,-225.72,-22.27,362.68
26,87,0.72516,-56.40,-20.44,246.53,-236.74,-23.30,379.55
26,88,0.73358,-58.36,-20.63,249.72,-232.61,-23.17,378.62
26,89,0.74182,-60.32,-20.83,252.91,-237.78,-23.69,387.04
26,90,0.75018,-62.28,-21.02,256.10,-234.31,-23.35,381.39
26,91,0.75873,-64.24,-21.22,259.30,-230.00,-22.89,373.93
26,92,0.76697,-66.31,-21.42,262.64,-250.37,-24.86,406.30
26,93,0.77545,-68.37,-21.63,265.99,-243.17,-24.19,394.60
26,94,0.78375,-70.43,-21.83,269.34,-248.53,-24.70,403.31
26,95,0.79187,-72.50,-22.04,272.68,-254.51,-25.24,412.03
26,96,0.80023,-74.60,-22.24,276.02,-251.82,-24.54,398.54
26,97,0.80884,-76.71,-22.45,279.35,-244.68,-23.84,387.23
26,98,0.81696,-78.81,-22.65,282.68,-259.40,-25.29,410.53
26,99,0.82538,-80.93,-22.86,286.01,-250.72,-24.35,394.93
26,100,0.83362,-83.17,-23.06,289.22,-272.59,-24.53,389.26
26,101,0.84235,-85.42,-23.26,292.42,-257.34,-23.15,367.48
26,102,0.85059,-87.66,-23.46,295.63,-272.59,-24.54,389.26
26,103,0.85895,-89.91,-23.67,298.84,-268.61,-24.18,383.58
26,104,0.86688,-92.16,-23.87,302.04,-283.08,-25.45,404.23
26,105,0.87537,-94.40,-24.07,305.25,-264.75,-23.84,378.06
26,106,0.88367,-96.65,-24.27,308.46,-270.59,-24.36,386.40
26,107,0.89215,-98.90,-24.47,311.67,-264.75,-23.81,378.06
26,108,0.90039,-101.14,-24.68,314.87,-272.59,-24.54,389.26
26,109,0.90912,-103.39,-24.88,318.08,-257.34,-23.15,367.13
26,110,0.91742,-105.59,-25.08,321.23,-265.81,-23.94,379.78
26,111,0.92529,-107.80,-25.28,324.38,-280.23,-25.22,400.39
26,112,0.93365,-110.01,-25.47,327.54,-263.87,-23.76,377.01
26,113,0.94196,-112.21,-25.67,330.68,-265.07,-23.84,378.31
26,114,0.95044,-114.31,-25.86,333.58,-247.48,-21.76,342.81
26,115,0.95880,-116.40,-26.04,336.48,-250.36,-22.01,346.72
26,116,0.96686,-118.37,-26.21,339.20,-244.32,-21.41,337.12
26,117,0.97577,-120.34,-26.17,341.92,-220.89,4.45,304.79
26,118,0.98364,-122.31,-26.15,344.63,-250.00,3.09,344.96
26,119,0.99188,-124.27,-26.11,347.34,-238.89,4.90,329.26
26,120,1.00037,-126.19,-26.07,349.96,-226.26,4.89,307.91
26,121,1.00873,-128.11,-26.03,352.56,-229.20,4.92,311.68
26,122,1.01758,-129.98,-26.00,355.03,-211.38,3.54,278.62
26,123,1.02557,-131.84,-26.02,357.50,-232.82,-2.93,309.16
26,124,1.03394,-133.67,-26.27,359.99,-218.98,-30.50,298.18
26,125,1.04175,-135.45,-26.68,362.52,-226.95,-52.17,323.83
26,126,1.05023,-137.08,-27.11,365.04,-192.45,-51.11,296.40
26,127,1.05872,-138.56,-27.27,367.65,-174.10,-18.05,307.19
26,128,1.06683,-139.87,-27.26,370.34,-162.41,1.31,331.58
26,129,1.07532,-141.03,-27.25,373.11,-136.69,0.31,326.62
26,130,1.08362,-142.07,-27.26,376.03,-125.00,-0.70,352.57
27,0,0.00000,0.00,0.00,0.00,-49.31,-26.19,39.31
27,1,0.00775,-0.45,-0.24,0.34,-57.48,-30.32,43.70
27,2,0.01611,-1.11,-0.61,0.95,-79.56,-44.27,73.36
27,3,0.02454,-1.79,-0.98,1.55,-80.43,-44.25,71.01
27,4,0.03278,-2.58,-1.46,2.49,-96.67,-58.15,114.07
27,5,0.04089,-3.40,-1.94,3.41,-100.75,-59.48,113.53
27,6,0.04968,-4.32,-2.52,4.65,-104.17,-65.63,140.97
27,7,0.05786,-5.26,-3.10,5.87,-115.30,-71.62,148.88
27,8,0.06598,-5.87,-3.59,7.26,-75.19,-59.50,171.43
27,9,0.07446,-6.51,-4.08,8.64,-75.54,-58.28,162.59
27,10,0.08264,-6.80,-4.48,10.31,-34.70,-49.23,204.85
27,11,0.09070,-7.12,-4.90,11.98,-39.77,-51.58,207.20
27,12,0.09930,-7.25,-5.25,13.74,-15.25,-41.47,203.55
27,13,0.10773,-7.42,-5.63,15.48,-20.29,-43.94,207.61
27,14,0.11609,-7.39,-5.92,17.25,2.92,-35.43,210.58
27,15,0.12427,-7.41,-6.23,19.01,-1.87,-37.94,215.30
27,16,0.13257,-7.46,-6.56,20.76,-6.25,-39.08,211.76
27,17,0.14099,-7.55,-6.90,22.52,-10.87,-40.58,208.70
27,18,0.14929,-7.53,-7.22,24.42,2.57,-38.71,228.68
27,19,0.15741,-7.55,-7.55,26.32,-2.63,-41.27,233.83
27,20,0.16571,-7.38,-7.84,28.36,21.32,-34.40,245.59
27,21,0.17456,-7.24,-8.14,30.40,15.17,-33.86,230.69
27,22,0.18268,-6.89,-8.40,32.73,42.86,-32.69,286.84
27,23,0.19116,-6.60,-8.69,35.06,34.89,-33.89,275.18
27,24,0.19922,-6.11,-8.96,37.71,60.61,-33.20,329.17
27,25,0.20764,-5.68,-9.25,40.37,51.09,-34.53,315.94
27,26,0.21619,-5.02,-9.51,43.36,77.50,-29.81,349.29
27,27,0.22437,-4.42,-9.79,46.36,73.13,-34.49,366.79
27,28,0.23236,-3.94,-10.16,49.61,59.92,-47.13,406.87
27,29,0.24097,-3.53,-10.57,52.87,47.16,-46.78,379.08
27,30,0.24963,-3.40,-11.12,56.36,15.49,-63.57,401.76
27,31,0.25751,-3.34,-11.70,59.84,7.36,-73.90,442.64
27,32,0.26599,-3.51,-12.35,63.24,-19.78,-77.26,400.72
27,33,0.27423,-3.75,-13.04,66.64,-29.63,-83.12,412.22
27,34,0.28241,-4.27,-13.82,69.95,-63.43,-95.40,405.22
27,35,0.29108,-4.86,-14.63,73.25,-68.31,-93.14,380.99
27,36,0.29944,-5.53,-15.46,76.54,-79.56,-99.71,393.07
27,37,0.30774,-6.27,-16.32,79.81,-88.97,-103.57,394.12
27,38,0.31586,-7.21,-17.26,83.07,-115.79,-115.24,400.75
27,39,0.32440,-8.22,-18.22,86.30,-118.21,-112.45,378.21
27,40,0.33234,-9.30,-19.20,89.51,-136.54,-124.23,404.23
27,41,0.34076,-10.39,-20.19,92.71,-128.62,-116.93,380.80
27,42,0.34906,-11.47,-21.17,95.92,-130.51,-118.80,386.40
27,43,0.35791,-12.55,-22.16,99.13,-122.41,-111.24,362.41
27,44,0.36603,-13.68,-23.16,102.30,-139.10,-122.96,390.98
27,45,0.37415,-14.81,-24.15,105.47,-139.10,-122.80,390.98
27,46,0.38287,-15.94,-25.15,108.65,-129.37,-114.36,363.64
27,47,0.39056,-17.07,-26.15,111.82,-147.22,-129.78,412.70
27,48,0.39954,-18.24,-27.18,115.12,-129.93,-115.23,367.35
27,49,0.40741,-19.42,-28.22,118.41,-150.00,-132.00,418.22
27,50,0.41577,-20.66,-29.31,121.81,-148.91,-129.50,406.93
27,51,0.42450,-21.94,-30.40,125.21,-145.80,-125.17,388.81
27,52,0.43243,-23.31,-31.55,128.71,-173.08,-145.03,441.15
27,53,0.44092,-24.72,-32.71,132.20,-166.19,-137.06,411.15
27,54,0.44958,-26.27,-33.96,135.85,-178.87,-144.08,421.83
27,55,0.45770,-27.86,-35.22,139.49,-196.24,-155.47,448.12
27,56,0.46600,-29.61,-36.55,143.18,-209.93,-160.22,444.85
27,57,0.47418,-31.42,-37.91,146.84,-221.64,-165.39,447.01
27,58,0.48260,-33.31,-39.28,150.46,-224.28,-163.30,429.71
27,59,0.49115,-35.26,-40.67,154.04,-228.21,-163.17,419.64
27,60,0.49921,-37.25,-42.08,157.60,-247.73,-174.84,442.05
27,61,0.50769,-39.32,-43.51,161.13,-243.17,-168.28,415.11
27,62,0.51587,-41.34,-44.93,164.68,-247.39,-173.27,434.33
27,63,0.52417,-43.40,-46.36,168.21,-248.16,-172.03,425.37
27,64,0.53235,-45.49,-47.79,171.73,-255.22,-175.67,429.85
27,65,0.54083,-47.60,-49.23,175.23,-248.92,-169.98,412.59
27,66,0.54926,-49.73,-50.69,178.71,-252.90,-172.22,414.13
27,67,0.55743,-51.88,-52.14,182.19,-262.69,-177.65,425.37
27,68,0.56598,-53.98,-53.56,185.56,-246.43,-166.12,393.93
27,69,0.57416,-56.09,-54.98,188.92,-258.21,-173.40,411.19
27,70,0.58240,-58.21,-56.40,192.28,-256.67,-172.58,407.78
27,71,0.59064,-60.32,-57.82,195.64,-256.67,-172.35,407.78
27,72,0.59894,-62.41,-59.19,198.79,-251.47,-165.41,379.41
27,73,0.60773,-64.50,-60.56,201.94,-237.50,-156.11,358.33
27,74,0.61584,-66.59,-61.94,205.09,-257.14,-169.29,387.97
27,75,0.62415,-68.67,-63.31,208.24,-251.47,-165.34,379.41
27,76,0.63245,-70.61,-64.60,211.27,-233.82,-155.98,364.71
27,77,0.64081,-72.56,-65.90,214.29,-232.12,-154.73,362.04
27,78,0.64911,-74.50,-67.19,217.32,-233.82,-155.77,364.71
27,79,0.65759,-76.44,-68.49,220.35,-228.78,-152.56,356.83
27,80,0.66595,-78.38,-69.78,223.38,-232.12,-154.63,362.04
27,81,0.67419,-80.32,-71.07,226.40,-235.56,-156.93,367.41
27,82,0.68250,-82.26,-72.37,229.43,-233.82,-156.12,364.71
27,83,0.69067,-84.20,-73.66,232.46,-237.31,-158.10,370.15
27,84,0.69946,-86.14,-74.95,235.49,-220.83,-147.12,344.44
27,85,0.70740,-88.08,-76.25,238.51,-244.62,-163.17,381.54
27,86,0.71594,-90.02,-77.54,241.54,-227.14,-151.41,354.29
27,87,0.72516,-91.96,-78.84,244.57,-210.60,-140.30,328.48
27,88,0.73254,-93.96,-80.17,247.73,-269.83,-181.34,428.51
27,89,0.74133,-95.95,-81.51,250.90,-226.74,-152.25,360.42
27,90,0.74927,-97.94,-82.85,254.07,-251.15,-168.64,399.23
27,91,0.75793,-99.94,-84.19,257.24,-229.93,-154.58,365.49
27,92,0.76581,-102.04,-84.70,260.56,-266.67,-65.12,422.09
27,93,0.77423,-104.14,-85.21,263.88,-249.28,-60.68,394.57
27,94,0.78247,-106.23,-85.72,267.21,-254.81,-61.66,403.33
27,95,0.79108,-108.33,-86.23,270.53,-243.62,-59.00,386.52
27,96,0.79919,-110.47,-86.74,273.85,-263.16,-63.27,408.27
27,97,0.80768,-112.60,-87.26,277.16,-251.80,-60.35,390.65
27,98,0.81573,-114.74,-87.77,280.47,-265.15,-63.75,411.36
27,99,0.82465,-116.88,-88.28,283.79,-239.73,-57.55,371.92
27,100,0.83264,-119.16,-88.81,286.97,-285.11,-65.68,398.09
27,101,0.84094,-121.44,-89.33,290.15,-275.74,-63.38,382.72
27,102,0.84961,-123.75,-89.86,293.32,-265.49,-61.02,365.49
27,103,0.85760,-126.07,-90.39,296.47,-290.08,-66.19,394.66
27,104,0.86578,-128.41,-90.92,299.61,-286.57,-65.02,383.58
27,105,0.87457,-130.78,-91.46,302.72,-270.14,-60.93,354.17
27,106,0.88275,-133.19,-92.00,305.81,-294.78,-65.83,377.24
27,107,0.89117,-135.65,-92.54,308.86,-291.30,-64.41,362.32
27,108,0.89941,-138.15,-93.09,311.87,-303.33,-66.54,365.56
27,109,0.90796,-140.70,-93.64,314.84,-298.57,-64.47,347.86
27,110,0.91626,-143.25,-94.19,317.72,-307.72,-65.92,346.69
27,111,0.92462,-145.86,-94.74,320.55,-311.68,-65.94,338.32
27,112,0.93280,-148.52,-95.25,323.33,-325.00,-62.65,339.93
27,113,0.94098,-151.23,-95.85,326.06,-331.34,-73.71,333.96
27,114,0.94946,-153.84,-96.38,328.52,-307.91,-62.46,289.93
27,115,0.95789,-156.50,-96.92,330.93,-315.94,-63.36,285.87
27,116,0.96576,-159.04,-97.42,333.13,-322.09,-63.75,279.07
27,117,0.97418,-161.61,-97.76,335.28,-306.16,-40.57,255.07
27,118,0.98279,-164.24,-97.95,337.37,-304.61,-21.49,243.26
27,119,0.99103,-166.90,-98.13,339.41,-323.33,-22.76,247.78
27,120,0.99939,-169.52,-98.32,341.32,-313.50,-21.96,228.47
27,121,1.00812,-172.17,-98.50,343.19,-303.85,-21.29,213.99
27,122,1.01593,-174.75,-98.68,344.90,-330.08,-23.05,218.75
27,123,1.02490,-177.34,-98.86,346.59,-288.78,-20.11,188.44
27,124,1.03247,-179.94,-99.04,348.27,-342.74,-23.91,222.58
27,125,1.04138,-182.53,-99.22,349.96,-291.10,-20.27,189.38
27,126,1.04962,-185.03,-99.40,351.61,-303.70,-21.21,200.37
27,127,1.05792,-187.53,-99.57,353.27,-300.74,-21.00,199.63
27,128,1.06592,-190.02,-99.75,354.94,-311.07,-21.69,209.16
27,129,1.07434,-192.50,-99.92,356.63,-294.20,-20.57,200.36
27,130,1.08252,-195.06,-100.10,358.38,-313.81,-21.95,213.81
28,0,0.00000,0.00,0.00,0.00,-25.17,-3.38,58.74
28,1,0.00793,-0.24,-0.03,0.50,-30.00,-3.69,63.46
28,2,0.01672,-0.56,-0.08,1.35,-36.46,-5.42,96.18
28,3,0.02460,-0.91,-0.12,2.18,-44.57,-6.04,105.81
28,4,0.03284,-1.24,-0.19,3.37,-39.63,-7.80,144.07
28,5,0.04144,-1.61,-0.25,4.54,-43.26,-7.50,136.52
28,6,0.05005,-1.97,-0.33,6.04,-41.49,-9.26,174.11
28,7,0.05792,-2.38,-0.41,7.53,-52.33,-10.22,188.37
28,8,0.06683,-2.44,-0.49,9.05,-6.51,-8.36,170.55
28,9,0.07465,-2.55,-0.56,10.56,-14.84,-9.69,194.14
28,10,0.08289,-2.25,-0.64,12.23,36.30,-9.02,202.96
28,11,0.09137,-2.01,-0.71,13.92,28.06,-8.98,198.20
28,12,0.10016,-1.60,-0.79,15.62,47.57,-8.39,194.44
28,13,0.10858,-1.24,-0.86,17.35,42.03,-8.98,204.35
28,14,0.11627,-0.72,-0.93,19.03,67.86,-9.14,218.65
28,15,0.12469,-0.26,-1.01,20.73,54.35,-8.58,201.81
28,16,0.13293,0.13,-1.08,22.44,48.15,-9.05,208.15
28,17,0.14130,0.47,-1.16,24.17,40.15,-9.11,206.57
28,18,0.15021,0.92,-1.24,26.02,50.34,-8.95,207.19
28,19,0.15857,1.30,-1.32,27.88,45.62,-9.77,222.63
28,20,0.16632,1.88,-1.40,29.84,74.41,-10.66,253.15
28,21,0.17468,2.38,-1.49,31.82,60.22,-10.19,237.23
28,22,0.18304,3.12,-1.58,34.06,87.96,-11.05,267.15
28,23,0.19141,3.77,-1.67,36.32,78.10,-11.41,270.44
28,24,0.20026,4.62,-1.78,38.88,96.55,-11.91,288.97
28,25,0.20868,5.38,-1.89,41.46,90.22,-12.93,307.25
28,26,0.21692,6.37,-2.01,44.36,120.00,-14.43,351.11
28,27,0.22473,7.25,-2.13,47.29,112.89,-15.72,375.00
28,28,0.23303,7.99,-2.27,50.49,88.97,-16.75,386.03
28,29,0.24152,8.62,-2.41,53.72,73.38,-16.84,380.58
28,30,0.25024,8.93,-2.57,57.19,36.01,-18.43,397.55
28,31,0.25806,9.12,-2.74,60.67,23.83,-21.00,445.31
28,32,0.26697,9.02,-2.90,64.07,-10.27,-18.65,381.85
28,33,0.27478,8.81,-3.07,67.47,-27.73,-21.57,434.77
28,34,0.28302,8.27,-3.24,70.78,-65.56,-20.79,401.85
28,35,0.29144,7.60,-3.42,74.07,-78.62,-20.51,390.58
28,36,0.30029,6.82,-3.59,77.33,-88.28,-19.65,368.62
28,37,0.30817,5.92,-3.76,80.56,-114.73,-22.25,410.47
28,38,0.31714,4.77,-3.94,83.75,-127.89,-19.82,354.76
28,39,0.32489,3.49,-4.12,86.94,-166.14,-23.40,412.20
28,40,0.33313,2.04,-4.32,90.00,-175.93,-24.21,371.11
28,41,0.34143,0.40,-4.55,92.97,-196.69,-27.60,357.35
28,42,0.35034,-1.35,-4.78,95.86,-196.58,-25.10,325.00
28,43,0.35870,-3.10,-5.00,98.76,-209.85,-26.53,346.35
28,44,0.36633,-4.90,-5.21,101.61,-235.20,-28.13,374.00
28,45,0.37488,-6.69,-5.37,104.46,-210.00,-18.62,333.93
28,46,0.38312,-8.49,-5.58,107.32,-217.78,-24.70,346.30
28,47,0.39154,-10.28,-5.78,110.17,-213.04,-24.23,339.13
28,48,0.40033,-12.13,-5.99,113.14,-210.42,-24.13,337.50
28,49,0.40814,-13.98,-6.20,116.11,-237.11,-27.12,380.08
28,50,0.41711,-15.91,-6.42,119.18,-214.29,-24.42,342.18
28,51,0.42487,-17.83,-6.64,122.25,-248.03,-28.29,396.46
28,52,0.43353,-19.84,-6.87,125.43,-232.04,-26.15,366.55
28,53,0.44159,-21.85,-7.10,128.61,-250.00,-28.20,394.70
28,54,0.45026,-23.99,-7.33,131.95,-246.83,-27.50,385.92
28,55,0.45825,-26.14,-7.57,135.30,-267.94,-29.88,418.70
28,56,0.46710,-28.36,-7.82,138.73,-251.38,-27.60,386.90
28,57,0.47498,-30.58,-8.06,142.15,-282.56,-30.97,434.88
28,58,0.48322,-32.81,-8.30,145.57,-270.00,-29.64,415.56
28,59,0.49158,-35.03,-8.55,149.00,-266.06,-29.16,409.49
28,60,0.50037,-37.26,-8.79,152.42,-253.12,-27.79,389.58
28,61,0.50830,-39.48,-9.04,155.85,-280.00,-30.78,431.54
28,62,0.51709,-41.62,-9.29,159.33,-243.06,-28.31,396.53
28,63,0.52496,-43.75,-9.54,162.82,-271.32,-31.65,442.64
28,64,0.53314,-45.89,-9.78,166.30,-261.19,-30.47,426.12
28,65,0.54156,-48.03,-10.03,169.79,-253.62,-29.54,413.77
28,66,0.54993,-50.16,-10.28,173.27,-255.47,-29.80,416.79
28,67,0.55890,-52.30,-10.53,176.75,-238.10,-27.75,388.10
28,68,0.56720,-54.39,-10.77,180.13,-251.47,-29.04,406.99
28,69,0.57501,-56.48,-11.01,183.51,-267.58,-30.87,432.03
28,70,0.58325,-58.57,-11.25,186.88,-254.44,-29.24,409.26
28,71,0.59167,-60.68,-11.49,190.24,-250.00,-28.49,398.91
28,72,0.60046,-62.77,-11.72,193.39,-237.50,-25.56,358.33
28,73,0.60901,-64.87,-11.68,196.53,-245.71,4.01,367.50
28,74,0.61664,-67.01,-11.73,199.69,-280.80,-6.30,414.80
28,75,0.62494,-69.14,-11.70,202.80,-256.99,4.38,374.63
28,76,0.63336,-71.15,-11.66,205.79,-238.77,3.95,353.99
28,77,0.64172,-73.20,-11.63,208.75,-244.53,4.23,354.01
28,78,0.65051,-75.25,-11.59,211.70,-233.68,4.05,335.76
28,79,0.65887,-77.33,-11.55,214.63,-248.91,4.45,350.73
28,80,0.66669,-79.44,-11.52,217.54,-269.92,4.92,373.05
28,81,0.67505,-81.58,-11.48,220.44,-255.47,4.80,345.99
28,82,0.68335,-83.75,-11.43,223.31,-261.40,5.05,345.59
28,83,0.69220,-85.95,-11.39,226.15,-248.62,4.89,321.72
28,84,0.70050,-88.17,-11.35,228.98,-268.01,5.39,340.44
28,85,0.70892,-90.41,-11.30,231.79,-266.30,5.41,334.06
28,86,0.71716,-92.67,-11.25,234.59,-274.07,5.63,340.00
28,87,0.72504,-94.95,-11.21,237.38,-289.53,6.05,354.26
28,88,0.73346,-97.32,-11.16,240.28,-281.52,5.91,343.48
28,89,0.74182,-99.71,-11.11,243.15,-285.77,6.03,344.16
28,90,0.75055,-102.11,-11.06,246.02,-275.17,5.89,328.67
28,91,0.75854,-104.53,-11.00,248.89,-302.29,6.49,358.40
28,92,0.76740,-107.08,-10.95,251.88,-287.93,6.23,338.28
28,93,0.77509,-109.64,-10.89,254.86,-333.33,7.28,387.70
28,94,0.78339,-112.22,-10.84,257.84,-309.93,6.81,358.09
28,95,0.79187,-114.80,-10.78,260.80,-305.04,6.78,348.92
28,96,0.80054,-117.44,-10.72,263.73,-304.23,6.90,338.03
28,97,0.80853,-120.09,-10.66,266.65,-331.30,7.54,365.27
28,98,0.81732,-122.74,-10.60,269.56,-302.08,6.93,331.60
28,99,0.82526,-125.43,-10.48,272.48,-338.85,14.38,367.31
28,100,0.83337,-128.22,-10.46,275.23,-343.23,3.45,338.72
28,101,0.84174,-131.01,-10.39,277.97,-333.58,8.38,328.47
28,102,0.85059,-133.80,-10.31,280.72,-315.17,8.51,310.34
28,103,0.85907,-136.59,-10.23,283.47,-328.78,8.93,323.74
28,104,0.86676,-139.39,-10.16,286.22,-363.89,9.86,357.94
28,105,0.87518,-142.18,-10.08,288.96,-331.52,8.97,326.09
28,106,0.88348,-144.97,-10.01,291.71,-336.40,9.10,330.88
28,107,0.89185,-147.76,-9.93,294.46,-333.94,9.08,328.47
28,108,0.90070,-150.56,-9.86,297.20,-315.52,8.53,310.34
28,109,0.90936,-153.34,-9.78,299.95,-321.83,8.74,316.55
28,110,0.91711,-156.23,-9.70,302.79,-372.05,10.06,366.14
28,111,0.92523,-158.97,-9.63,305.48,-337.59,9.13,332.33
28,112,0.93347,-161.71,-9.55,308.18,-332.59,9.03,327.41
28,113,0.94196,-164.44,-9.48,310.86,-321.58,8.72,315.83
28,114,0.95044,-167.03,-9.41,313.34,-305.76,8.43,292.45
28,115,0.95917,-169.61,-9.34,315.81,-295.45,8.13,282.52
28,116,0.96747,-172.04,-9.27,318.12,-292.65,8.11,279.04
28,117,0.97534,-174.45,-9.20,320.46,-306.59,8.40,296.12
28,118,0.98358,-176.82,-9.14,322.83,-287.78,7.68,288.15
28,119,0.99219,-179.17,-9.08,325.21,-273.05,7.27,276.60
28,120,1.00073,-181.45,-9.02,327.52,-266.07,7.04,270.71
28,121,1.00867,-183.70,-8.96,329.84,-284.23,7.50,291.54
28,122,1.01770,-185.87,-8.90,332.04,-239.86,6.33,244.26
28,123,1.02533,-188.00,-8.85,334.29,-279.60,7.25,294.00
28,124,1.03369,-190.10,-8.79,336.56,-251.09,6.37,271.53
28,125,1.04224,-192.17,-8.74,338.85,-241.43,5.97,268.57
28,126,1.05078,-194.14,-8.69,341.10,-231.43,5.65,263.57
28,127,1.05920,-196.12,-8.65,343.36,-234.42,5.69,267.75
28,128,1.06696,-198.09,-8.60,345.62,-254.33,6.13,291.34
28,129,1.07550,-200.07,-8.55,347.88,-231.79,5.64,265.00
28,130,1.08362,-202.12,-8.50,350.21,-253.01,6.16,286.84
29,0,0.00000,0.00,0.00,0.00,-67.06,-0.17,-28.17
29,1,0.00842,-0.51,-0.00,-0.23,-60.51,-0.16,-27.17
29,2,0.01672,-1.36,-0.00,-0.52,-102.94,-0.24,-35.66
29,3,0.02509,-2.21,-0.01,-0.84,-101.46,-0.25,-37.96
29,4,0.03339,-3.41,-0.01,-1.11,-144.85,-0.30,-32.35
29,5,0.04260,-4.61,-0.01,-1.41,-129.80,-0.28,-32.45
29,6,0.04999,-6.15,-0.01,-1.66,-208.68,-0.40,-34.30
29,7,0.05847,-7.67,-0.02,-1.95,-178.42,-0.36,-33.45
29,8,0.06653,-9.19,-0.02,-1.87,-188.64,-0.27,9.85
29,9,0.07513,-10.71,-0.02,-1.82,-176.95,-0.27,5.32
29,10,0.08331,-12.34,-0.02,-1.34,-199.25,-0.17,59.33
29,11,0.09222,-13.98,-0.02,-0.89,-184.25,-0.17,50.00
29,12,0.10059,-15.62,-0.02,-0.25,-195.62,-0.13,76.64
29,13,0.10834,-17.27,-0.03,0.35,-212.99,-0.16,77.56
29,14,0.11676,-18.85,-0.03,1.12,-187.68,-0.08,91.67
29,15,0.12506,-20.45,-0.03,1.85,-193.01,-0.10,87.87
29,16,0.13397,-22.07,-0.03,2.54,-181.85,-0.11,77.40
29,17,0.14166,-23.71,-0.03,3.19,-213.10,-0.14,84.52
29,18,0.15057,-25.43,-0.03,3.99,-193.49,-0.10,89.73
29,19,0.15845,-27.18,-0.03,4.75,-221.32,-0.12,96.51
29,20,0.16669,-28.97,-0.03,5.74,-217.78,-0.07,119.63
29,21,0.17511,-30.79,-0.03,6.68,-216.30,-0.08,111.96
29,22,0.18396,-32.79,-0.03,7.92,-225.86,-0.03,140.00
29,23,0.19226,-34.83,-0.03,9.11,-245.22,-0.06,143.38
29,24,0.20001,-37.08,-0.03,10.59,-290.94,-0.02,190.94
29,25,0.20844,-39.38,-0.03,12.01,-272.46,-0.04,169.20
29,26,0.21667,-41.89,-0.03,13.76,-304.44,0.01,212.22
29,27,0.22504,-44.44,-0.03,15.44,-305.84,-0.02,201.09
29,28,0.23389,-47.28,-0.03,17.10,-321.03,-0.08,186.90
29,29,0.24237,-50.17,-0.04,18.68,-340.65,-0.11,185.97
29,30,0.25000,-53.37,-0.04,20.07,-418.80,-0.24,182.40
29,31,0.25848,-56.60,-0.04,21.37,-380.58,-0.24,153.96
29,32,0.26666,-59.84,-0.04,22.43,-395.90,-0.32,128.73
29,33,0.27509,-63.10,-0.05,23.39,-387.68,-0.34,114.49
29,34,0.28351,-66.39,-0.05,24.06,-390.22,-0.43,79.35
29,35,0.29242,-69.69,-0.22,24.64,-370.89,-19.15,65.07
29,36,0.30072,-73.01,-0.20,25.13,-399.63,2.26,59.56
29,37,0.30847,-76.34,-0.25,25.54,-429.53,-6.89,51.97
29,38,0.31671,-79.72,-0.31,25.73,-410.00,-6.20,23.70
29,39,0.32513,-83.10,-0.35,25.84,-401.81,-5.92,12.68
29,40,0.33350,-86.49,-0.40,25.85,-404.74,-5.79,0.73
29,41,0.34235,-89.87,-0.45,25.87,-382.41,-5.50,3.10
29,42,0.35059,-93.26,-0.50,25.95,-410.74,-5.99,8.89
29,43,0.35846,-96.64,-0.55,26.06,-429.84,-6.35,14.34
29,44,0.36694,-100.01,-0.60,26.16,-397.12,-5.84,12.23
29,45,0.37524,-103.38,-0.65,26.31,-405.51,-6.04,17.28
29,46,0.38391,-106.74,-0.70,26.50,-388.03,-5.86,21.83
29,47,0.39178,-110.10,-0.75,26.73,-427.13,-6.54,29.84
29,48,0.40070,-113.59,-0.81,27.03,-391.10,-6.08,33.90
29,49,0.40851,-117.07,-0.86,27.38,-445.70,-7.02,44.92
29,50,0.41687,-120.67,-0.92,27.77,-430.66,-6.84,46.72
29,51,0.42517,-124.27,-0.98,28.20,-433.82,-6.96,51.84
29,52,0.43402,-128.01,-1.04,28.66,-422.07,-6.77,51.03
29,53,0.44183,-131.74,-1.10,29.13,-478.12,-7.71,60.55
29,54,0.45087,-135.68,-1.16,29.63,-436.15,-7.05,55.41
29,55,0.45862,-139.62,-1.22,30.14,-508.27,-8.23,66.14
29,56,0.46686,-143.67,-1.29,30.65,-491.48,-7.92,61.11
29,57,0.47516,-147.72,-1.36,31.15,-487.87,-7.86,60.66
29,58,0.48407,-151.77,-1.42,31.66,-454.45,-7.33,56.85
29,59,0.49255,-155.82,-1.49,32.16,-477.34,-7.69,59.71
29,60,0.50037,-159.87,-1.55,32.67,-518.36,-8.35,64.84
29,61,0.50861,-163.92,-1.62,33.18,-491.48,-7.93,61.85
29,62,0.51685,-167.96,-1.68,33.79,-490.37,-8.10,74.44
29,63,0.52533,-172.00,-1.75,34.41,-476.26,-7.86,72.30
29,64,0.53351,-176.04,-1.82,35.02,-494.03,-8.15,74.63
29,65,0.54242,-180.08,-1.84,35.62,-453.77,-3.06,68.15
29,66,0.55096,-184.13,-1.96,36.23,-473.21,-13.99,71.07
29,67,0.55853,-188.20,-2.04,36.84,-537.90,-10.14,80.24
29,68,0.56677,-192.13,-2.11,37.41,-477.04,-8.97,68.89
29,69,0.57532,-196.06,-2.19,37.96,-460.00,-8.64,65.36
29,70,0.58350,-199.99,-2.26,38.52,-480.60,-9.02,67.54
29,71,0.59241,-203.92,-2.34,39.06,-440.75,-8.26,60.96
29,72,0.60065,-207.67,-2.40,39.48,-455.56,-8.41,51.48
29,73,0.60852,-211.43,-2.47,39.90,-476.74,-8.80,52.71
29,74,0.61688,-215.18,-2.54,40.30,-449.27,-8.28,48.54
29,75,0.62524,-218.94,-2.61,40.70,-448.91,-8.26,47.81
29,76,0.63403,-222.51,-2.68,41.13,-406.60,-7.54,48.26
29,77,0.64197,-226.08,-2.74,41.54,-450.38,-8.33,51.92
29,78,0.65076,-229.66,-2.81,41.94,-406.60,-7.52,45.49
29,79,0.65869,-233.23,-2.88,42.33,-450.77,-8.29,48.85
29,80,0.66687,-236.81,-2.94,42.70,-437.31,-8.04,45.52
29,81,0.67529,-240.39,-3.01,43.06,-425.00,-7.79,42.39
29,82,0.68402,-243.97,-3.07,43.40,-410.14,-7.51,39.16
29,83,0.69263,-247.55,-3.14,43.72,-416.31,-7.58,37.59
29,84,0.70026,-251.14,-3.20,44.03,-469.60,-8.54,40.00
29,85,0.70874,-254.72,-3.27,44.31,-422.66,-7.66,33.81
29,86,0.71698,-258.31,-3.33,44.58,-435.19,-7.87,32.22
29,87,0.72546,-261.90,-3.40,44.82,-423.38,-7.61,28.78
29,88,0.73431,-265.63,-3.47,45.08,-421.72,-7.60,29.31
29,89,0.74280,-269.37,-3.53,45.32,-440.29,-7.91,28.42
29,90,0.75043,-273.10,-3.60,45.56,-490.00,-8.79,30.40
29,91,0.75897,-276.85,-3.67,45.78,-437.86,-7.84,26.07
29,92,0.76715,-280.77,-3.74,46.01,-479.85,-8.59,27.99
29,93,0.77557,-284.70,-3.81,46.24,-465.94,-8.34,27.54
29,94,0.78381,-288.62,-3.88,46.48,-476.30,-8.54,29.26
29,95,0.79285,-292.54,-3.95,46.73,-434.46,-7.81,28.04
29,96,0.80090,-296.50,-4.02,46.96,-490.91,-8.79,28.41
29,97,0.80896,-300.43,-4.09,47.21,-488.26,-8.75,30.68
29,98,0.81726,-304.37,-4.16,47.47,-473.90,-8.53,30.88
29,99,0.82568,-308.30,-4.23,47.72,-467.03,-8.38,30.43
29,100,0.83392,-312.22,-4.30,47.80,-475.19,-8.31,9.26
29,101,0.84296,-316.13,-4.37,47.88,-433.45,-7.58,8.45
29,102,0.85126,-320.27,-4.44,47.96,-498.16,-8.71,9.56
29,103,0.85913,-324.18,-4.51,48.05,-497.29,-8.72,11.63
29,104,0.86737,-328.10,-4.58,48.15,-475.19,-8.35,12.96
29,105,0.87579,-332.02,-4.64,48.27,-465.58,-7.13,14.13
29,106,0.88440,-335.93,-4.69,48.39,-454.61,-6.19,13.83
29,107,0.89246,-339.84,-4.74,48.53,-485.61,-6.63,17.05
29,108,0.90118,-343.76,-4.80,48.69,-448.25,-6.14,18.53
29,109,0.90936,-347.66,-4.85,48.86,-477.61,-6.55,20.15
29,110,0.91724,-351.50,-4.90,49.04,-487.98,-6.72,23.64
29,111,0.92554,-355.35,-4.96,49.24,-462.87,-6.38,23.90
29,112,0.93445,-359.19,-5.01,49.44,-431.16,-5.95,22.60
29,113,0.94220,-363.01,-5.06,49.65,-492.52,-6.80,26.38
29,114,0.95111,-366.59,-5.11,49.79,-402.40,-5.51,16.10
29,115,0.95898,-370.16,-5.16,49.93,-452.71,-6.20,17.44
29,116,0.96716,-373.51,-5.21,50.05,-410.07,-5.60,14.93
29,117,0.97565,-376.86,-5.25,50.17,-395.32,-5.41,14.75
29,118,0.98450,-380.22,-5.30,50.30,-378.97,-5.17,14.14
29,119,0.99292,-383.56,-5.34,50.43,-396.74,-5.43,15.22
29,120,1.00061,-386.80,-5.39,50.53,-421.43,-5.75,13.89
29,121,1.00909,-390.03,-5.43,50.63,-380.58,-5.18,11.87
29,122,1.01721,-393.12,-5.47,50.69,-381.20,-5.15,6.77
29,123,1.02576,-396.22,-5.52,50.75,-362.14,-4.90,6.79
29,124,1.03394,-399.31,-5.56,50.82,-378.36,-5.13,8.58
29,125,1.04291,-402.40,-5.60,50.90,-343.88,-4.67,8.84
29,126,1.05072,-405.40,-5.64,51.00,-383.59,-5.23,12.89
29,127,1.05908,-408.39,-5.68,51.11,-358.03,-4.90,13.50
29,128,1.06726,-411.38,-5.72,51.24,-366.04,-5.02,15.30
29,129,1.07574,-414.39,-5.76,51.37,-353.96,-4.86,15.83
29,130,1.08398,-417.49,-5.81,51.51,-376.30,-5.17,17.41
30,0,0.00000,0.00,0.00,0.00,-29.92,7.39,-65.35
30,1,0.00830,-0.24,0.06,-0.51,-28.68,6.77,-61.03
30,2,0.01691,-0.73,0.14,-1.27,-56.74,9.46,-88.65
30,3,0.02582,-1.22,0.21,-2.03,-55.82,8.59,-84.93
30,4,0.03406,-2.11,0.29,-2.95,-107.04,9.71,-112.59
30,5,0.04163,-2.98,0.36,-3.84,-115.32,8.10,-117.34
30,6,0.05017,-4.18,0.39,-4.81,-140.36,4.47,-112.86
30,7,0.05823,-5.40,0.43,-5.74,-151.52,4.42,-116.29
30,8,0.06659,-6.81,0.41,-6.31,-168.61,-2.80,-68.25
30,9,0.07562,-8.24,0.38,-6.85,-158.11,-3.26,-59.46
30,10,0.08337,-9.93,0.28,-6.97,-218.50,-13.04,-15.35
30,11,0.09167,-11.63,0.17,-7.06,-204.78,-12.80,-10.66
30,12,0.10016,-13.38,0.03,-6.90,-206.47,-16.79,19.06
30,13,0.10828,-15.13,-0.12,-6.71,-215.41,-17.96,23.31
30,14,0.11713,-16.84,-0.29,-6.27,-192.76,-19.73,48.97
30,15,0.12567,-18.54,-0.47,-5.82,-198.93,-20.57,53.21
30,16,0.13403,-20.23,-0.65,-5.35,-202.55,-21.35,56.57
30,17,0.14178,-21.92,-0.83,-4.85,-218.11,-23.46,64.57
30,18,0.15015,-23.68,-1.04,-4.14,-210.95,-25.63,84.67
30,19,0.15851,-25.44,-1.26,-3.40,-209.85,-25.99,88.32
30,20,0.16687,-27.21,-1.52,-2.37,-211.68,-30.53,122.63
30,21,0.17566,-28.97,-1.78,-1.31,-200.35,-29.52,120.83
30,22,0.18420,-30.83,-2.09,0.12,-218.21,-36.82,167.86
30,23,0.19232,-32.69,-2.41,1.59,-228.20,-39.34,181.20
30,24,0.20020,-34.64,-2.79,3.45,-248.45,-47.78,235.66
30,25,0.20837,-36.58,-3.17,5.34,-236.94,-46.43,231.72
30,26,0.21680,-38.57,-3.61,7.67,-235.87,-52.13,276.09
30,27,0.22571,-40.53,-4.05,10.02,-220.55,-49.46,264.04
30,28,0.23346,-42.68,-4.52,12.51,-276.77,-60.88,321.26
30,29,0.24237,-44.81,-4.99,15.03,-238.70,-53.13,282.53
30,30,0.25024,-47.18,-5.49,17.58,-301.94,-62.87,323.64
30,31,0.25842,-49.53,-5.98,20.15,-286.94,-60.60,314.55
30,32,0.26691,-51.90,-6.46,22.59,-279.50,-56.66,287.77
30,33,0.27570,-54.25,-6.94,25.05,-267.01,-54.81,280.21
30,34,0.28430,-56.67,-7.41,27.37,-281.91,-54.40,269.15
30,35,0.29236,-59.07,-7.88,29.72,-297.73,-58.42,291.29
30,36,0.30042,-61.44,-8.35,32.09,-293.94,-58.50,294.70
30,37,0.30853,-63.78,-8.83,34.49,-288.72,-58.39,295.86
30,38,0.31689,-66.21,-9.30,36.86,-289.78,-56.73,282.85
30,39,0.32587,-68.60,-9.78,39.25,-266.67,-53.03,267.01
30,40,0.33362,-70.85,-10.26,41.79,-289.76,-62.50,326.77
30,41,0.34241,-73.03,-10.75,44.37,-248.61,-55.37,294.10
30,42,0.35022,-75.21,-11.24,46.96,-278.91,-62.28,331.64
30,43,0.35852,-77.39,-11.72,49.56,-262.13,-58.64,312.50
30,44,0.36688,-79.59,-12.21,52.11,-263.50,-57.73,304.74
30,45,0.37592,-81.79,-12.69,54.65,-243.92,-53.48,282.09
30,46,0.38416,-84.00,-13.17,57.21,-267.41,-58.63,309.63
30,47,0.39191,-86.20,-13.39,59.76,-284.65,-28.66,329.53
30,48,0.40033,-88.48,-13.70,62.41,-270.29,-35.96,315.22
30,49,0.40887,-90.76,-14.00,65.07,-266.79,-35.49,311.07
30,50,0.41699,-93.12,-14.31,67.82,-290.98,-38.68,338.72
30,51,0.42542,-95.49,-14.63,70.57,-280.80,-37.28,326.81
30,52,0.43420,-97.95,-14.95,73.42,-280.56,-37.09,323.26
30,53,0.44208,-100.42,-15.28,76.26,-313.95,-41.48,361.63
30,54,0.45044,-103.04,-15.63,79.25,-313.14,-41.19,357.30
30,55,0.45856,-105.66,-15.97,82.24,-322.93,-42.43,368.42
30,56,0.46698,-108.37,-16.32,85.29,-321.74,-42.00,362.32
30,57,0.47522,-111.11,-16.68,88.32,-332.22,-42.95,367.41
30,58,0.48425,-113.92,-17.03,91.28,-310.81,-39.20,328.04
30,59,0.49249,-116.80,-17.39,94.18,-349.63,-42.93,351.11
30,60,0.50049,-119.73,-17.74,97.02,-366.79,-44.28,354.96
30,61,0.50861,-122.69,-18.09,99.83,-364.66,-43.56,346.24
30,62,0.51709,-125.62,-18.45,102.68,-344.96,-41.78,336.33
30,63,0.52600,-128.59,-18.80,105.49,-332.88,-39.84,315.75
30,64,0.53375,-131.63,-19.16,108.31,-392.52,-46.61,362.99
30,65,0.54279,-134.66,-19.52,111.05,-335.81,-39.42,303.38
30,66,0.55048,-137.77,-19.88,113.80,-404.37,-46.95,357.54
30,67,0.55872,-140.86,-20.24,116.47,-374.44,-43.06,324.07
30,68,0.56702,-143.89,-20.58,119.03,-365.44,-41.55,308.46
30,69,0.57593,-146.96,-20.92,121.55,-344.18,-38.60,282.88
30,70,0.58374,-150.05,-21.27,124.03,-396.48,-44.00,317.97
30,71,0.59265,-153.18,-21.61,126.46,-351.03,-38.32,271.92
30,72,0.60040,-156.24,-21.93,128.67,-394.88,-41.89,285.43
30,73,0.60864,-159.35,-22.26,130.82,-376.67,-39.23,261.48
30,74,0.61713,-162.48,-22.58,132.93,-369.78,-37.97,248.20
30,75,0.62598,-165.64,-22.90,134.98,-356.55,-36.18,232.07
30,76,0.63428,-168.66,-23.21,136.93,-363.97,-36.80,234.93
30,77,0.64203,-171.72,-23.51,138.83,-394.49,-39.20,244.49
30,78,0.65051,-174.82,-23.81,140.66,-365.11,-35.64,215.47
30,79,0.65887,-177.95,-24.11,142.42,-375.18,-35.94,210.58
30,80,0.66718,-181.13,-24.41,144.11,-382.35,-35.94,203.68
30,81,0.67590,-184.35,-24.71,145.70,-369.58,-33.76,182.17
30,82,0.68445,-187.63,-25.00,147.18,-383.57,-34.11,173.57
30,83,0.69214,-190.95,-25.28,148.56,-432.14,-37.40,178.97
30,84,0.70056,-194.31,-25.57,149.84,-398.91,-33.68,152.54
30,85,0.70880,-197.71,-25.85,151.04,-411.48,-34.07,145.93
30,86,0.71722,-201.14,-26.12,152.12,-407.61,-32.67,127.90
30,87,0.72540,-204.61,-26.40,153.11,-424.25,-33.23,120.90
30,88,0.73474,-208.23,-26.55,154.05,-387.91,-16.51,100.98
30,89,0.74268,-211.95,-26.82,154.92,-468.46,-33.80,108.85
30,90,0.75067,-215.61,-27.01,155.70,-457.63,-23.61,97.71
30,91,0.75879,-219.29,-27.20,156.43,-454.14,-23.18,90.23
30,92,0.76733,-223.16,-27.39,157.12,-452.86,-22.70,81.07
30,93,0.77612,-227.04,-27.58,157.75,-441.67,-21.79,71.18
30,94,0.78455,-230.93,-27.77,158.33,-461.59,-22.51,68.48
30,95,0.79272,-234.83,-27.96,158.87,-476.12,-23.03,66.04
30,96,0.80054,-238.74,-28.14,159.34,-501.17,-23.81,60.16
30,97,0.80878,-242.66,-28.33,159.78,-475.56,-22.46,54.07
30,98,0.81720,-246.58,-28.51,160.22,-465.22,-21.94,51.81
30,99,0.82605,-250.50,-28.70,160.63,-442.76,-20.75,46.90
30,100,0.83386,-254.41,-28.87,160.87,-500.39,-22.50,30.86
30,101,0.84271,-258.32,-29.05,161.11,-441.72,-19.83,26.55
30,102,0.85071,-262.23,-29.23,161.34,-488.93,-22.71,28.63
30,103,0.85889,-266.13,-29.49,161.56,-477.99,-31.36,27.61
30,104,0.86725,-270.04,-29.63,161.78,-467.52,-16.66,26.28
30,105,0.87610,-273.95,-29.82,161.99,-441.72,-22.27,23.10
30,106,0.88446,-277.87,-30.02,162.16,-467.88,-23.38,20.07
30,107,0.89233,-281.78,-30.21,162.29,-496.90,-24.60,17.44
30,108,0.90070,-285.69,-30.41,162.40,-468.25,-23.05,12.77
30,109,0.90881,-289.60,-30.60,162.47,-481.58,-23.51,8.65
30,110,0.91730,-293.45,-30.78,162.50,-453.60,-21.92,3.96
30,111,0.92566,-297.30,-30.97,162.50,-460.22,-22.02,-0.73
30,112,0.93463,-301.14,-31.15,162.44,-428.57,-20.23,-6.12
30,113,0.94275,-304.97,-31.33,162.34,-471.05,-22.01,-12.41
30,114,0.95068,-308.55,-31.49,162.15,-451.54,-20.50,-23.85
30,115,0.95892,-312.11,-31.65,161.90,-431.85,-19.24,-30.37
30,116,0.96741,-315.45,-31.79,161.61,-393.88,-17.23,-34.17
30,117,0.97552,-318.79,-31.94,161.27,-411.28,-17.70,-42.48
30,118,0.98468,-322.12,-32.08,160.87,-364.00,-15.41,-43.33
30,119,0.99286,-325.44,-32.22,160.40,-405.22,-16.69,-57.09
30,120,1.00073,-328.63,-32.34,159.85,-405.81,-16.11,-70.54
30,121,1.00903,-331.79,-32.46,159.19,-380.88,-14.53,-78.68
30,122,1.01746,-334.80,-32.57,158.44,-357.25,-12.84,-90.22
30,123,1.02625,-337.78,-32.67,157.60,-339.24,-11.75,-94.44
30,124,1.03406,-340.74,-32.77,156.70,-378.91,-12.69,-115.23
30,125,1.04291,-343.67,-32.87,155.73,-330.69,-10.61,-110.34
30,126,1.05078,-346.49,-32.96,154.72,-358.53,-11.12,-127.52
30,127,1.05896,-349.30,-33.04,153.66,-342.54,-10.21,-130.60
30,128,1.06738,-352.07,-33.12,152.51,-328.99,-9.32,-135.51
30,129,1.07617,-354.82,-33.19,151.30,-313.19,-8.46,-138.19
30,130,1.08398,-357.62,-33.26,149.96,-358.59,-9.05,-171.09
31,0,0.00000,0.00,0.00,0.00,27.15,-9.81,56.70
31,1,0.00812,0.23,-0.09,0.51,28.95,-10.81,62.41
31,2,0.01648,0.70,-0.24,1.28,55.11,-18.36,93.07
31,3,0.02441,1.14,-0.39,2.07,56.54,-19.14,99.23
31,4,0.03284,1.91,-0.62,3.04,90.58,-27.07,114.86
31,5,0.04111,2.66,-0.85,4.02,90.41,-27.14,118.45
31,6,0.04971,3.70,-1.14,5.15,121.28,-34.43,131.56
31,7,0.05817,4.72,-1.44,6.30,121.30,-34.81,136.10
31,8,0.06653,5.99,-1.75,7.15,151.09,-37.56,101.09
31,9,0.07440,7.24,-2.07,8.01,158.91,-40.01,110.08
31,10,0.08304,8.84,-2.42,8.57,185.87,-41.27,64.31
31,11,0.09131,10.44,-2.78,9.15,192.99,-43.34,70.48
31,12,0.09958,12.15,-3.14,9.55,207.01,-44.10,48.34
31,13,0.10834,13.86,-3.51,9.98,194.77,-41.94,48.78
31,14,0.11633,15.60,-3.88,10.21,218.32,-45.69,28.24
31,15,0.12482,17.35,-4.27,10.46,205.40,-45.89,29.86
31,16,0.13284,19.08,-4.55,10.74,216.35,-34.89,34.98
31,17,0.14172,20.82,-4.90,11.05,195.19,-39.46,34.71
31,18,0.14960,22.71,-5.27,11.25,239.92,-46.86,25.97
31,19,0.15811,24.59,-5.64,11.49,221.51,-43.76,27.60
31,20,0.16629,26.64,-6.02,11.53,250.00,-47.13,4.85
31,21,0.17465,28.68,-6.41,11.60,244.53,-46.26,8.76
31,22,0.18283,31.03,-6.84,11.47,287.31,-52.11,-15.30
31,23,0.19113,33.38,-7.27,11.39,283.46,-52.01,-10.29
31,24,0.19965,36.07,-7.75,11.12,315.05,-56.13,-31.18
31,25,0.20819,38.75,-8.23,10.90,314.29,-56.37,-26.07
31,26,0.21622,41.78,-8.76,10.46,376.81,-65.61,-55.51
31,27,0.22452,44.81,-9.28,10.06,365.44,-63.82,-47.79
31,28,0.23288,48.08,-9.85,9.78,391.61,-67.31,-33.58
31,29,0.24121,51.36,-10.51,9.55,393.77,-79.40,-27.47
31,30,0.24969,54.85,-11.19,9.59,410.79,-80.08,4.32
31,31,0.25790,58.33,-11.87,9.68,424.54,-83.08,11.15
31,32,0.26657,61.72,-12.14,9.97,391.20,-31.19,34.15
31,33,0.27448,65.11,-11.16,10.32,428.57,123.76,44.40
31,34,0.28290,68.41,-10.21,10.93,391.67,112.54,71.74
31,35,0.29111,71.70,-9.31,11.58,400.74,110.10,79.93
31,36,0.29956,74.98,-8.45,12.30,387.73,101.82,84.12
31,37,0.30804,78.24,-7.64,13.06,384.89,95.76,89.93
31,38,0.31656,81.49,-6.88,14.00,381.72,89.47,111.11
31,39,0.32446,84.73,-6.19,15.00,409.27,87.43,126.25
31,40,0.33289,87.90,-5.58,16.19,376.09,71.38,141.30
31,41,0.34116,90.99,-5.05,17.57,373.80,64.43,166.79
31,42,0.34955,93.99,-4.37,19.13,357.82,81.39,186.18
31,43,0.35806,96.90,-3.81,20.87,341.22,65.51,204.30
31,44,0.36615,99.65,-3.30,22.82,340.38,63.39,240.38
31,45,0.37476,102.29,-2.82,24.93,306.38,55.77,245.39
31,46,0.38293,104.79,-2.38,27.19,305.60,53.76,276.49
31,47,0.39117,107.14,-1.98,29.60,286.30,48.86,292.22
31,48,0.39948,109.56,-1.57,32.13,291.18,49.43,304.41
31,49,0.40799,111.97,-1.16,34.66,282.80,47.71,297.85
31,50,0.41635,114.44,-0.74,37.31,295.26,49.69,317.15
31,51,0.42462,116.87,-0.34,40.00,294.46,48.97,324.35
31,52,0.43283,119.35,0.07,42.83,301.12,49.57,345.35
31,53,0.44125,121.76,0.46,45.72,286.59,46.40,342.39
31,54,0.44952,124.22,0.85,48.84,297.05,46.96,377.49
31,55,0.45816,126.58,1.21,52.03,273.85,42.30,369.61
31,56,0.46646,128.85,1.54,55.43,272.79,39.96,409.19
31,57,0.47464,130.97,1.84,58.91,259.70,36.19,426.12
31,58,0.48309,133.02,2.12,62.44,242.96,33.01,417.33
31,59,0.49124,134.95,2.37,66.03,237.08,30.40,441.20
31,60,0.49997,136.80,2.59,69.67,211.19,25.85,417.13
31,61,0.50812,138.56,2.94,73.36,215.73,42.17,452.06
31,62,0.51648,140.35,3.27,77.03,214.96,40.29,439.05
31,63,0.52451,142.07,3.60,80.74,213.69,41.16,462.74
31,64,0.53293,143.73,5.29,84.48,196.74,200.53,443.48
31,65,0.54126,145.32,6.64,88.24,191.94,162.09,451.65
31,66,0.54968,146.88,7.88,92.02,184.42,147.02,448.91
31,67,0.55801,148.36,9.17,95.83,178.02,154.84,457.14
31,68,0.56625,149.73,10.40,99.56,166.67,148.81,452.22
31,69,0.57452,151.06,11.61,103.30,159.78,146.42,452.77
31,70,0.58286,152.33,12.80,107.06,153.11,143.09,451.28
31,71,0.59128,153.57,13.98,110.83,146.74,139.56,447.83
31,72,0.59955,154.63,15.05,114.46,128.41,129.95,438.38
31,73,0.60818,155.67,16.12,118.09,120.49,123.33,420.49
31,74,0.61627,156.69,17.17,121.73,125.66,130.51,449.81
31,75,0.62476,157.69,18.22,125.37,117.99,124.12,429.50
31,76,0.63281,158.68,19.24,128.83,123.11,126.05,429.17
31,77,0.64178,159.66,20.25,132.29,109.86,112.81,385.71
31,78,0.64960,160.64,21.27,135.75,125.39,129.64,442.97
31,79,0.65790,161.62,22.27,139.22,117.28,121.61,417.28
31,80,0.66626,162.59,23.28,142.68,116.42,120.46,414.23
31,81,0.67444,163.57,24.29,146.14,119.03,123.28,423.51
31,82,0.68295,164.54,25.30,149.61,113.98,118.68,406.81
31,83,0.69113,165.51,26.31,153.07,118.66,122.99,423.51
31,84,0.69965,166.48,27.32,156.53,113.98,118.54,406.81
31,85,0.70798,167.44,28.32,160.00,116.12,120.58,415.75
31,86,0.71609,168.41,29.33,163.46,119.17,123.76,426.69
31,87,0.72455,169.38,30.33,166.93,114.44,119.23,409.75
31,88,0.73340,170.41,31.39,170.52,116.90,119.35,406.21
31,89,0.74121,171.45,32.45,174.11,132.42,135.48,460.16
31,90,0.74954,172.48,33.51,177.71,124.18,126.93,431.50
31,91,0.75797,173.52,34.56,181.31,122.83,125.72,427.17
31,92,0.76620,174.60,35.67,185.09,131.11,134.44,458.89
31,93,0.77448,175.68,36.78,188.87,130.63,133.89,457.20
31,94,0.78296,176.76,37.89,192.65,127.34,130.97,445.68
31,95,0.79129,177.83,38.99,196.43,128.94,132.59,453.85
31,96,0.79959,178.86,40.09,200.24,123.53,131.44,458.82
31,97,0.80804,179.86,41.17,204.05,118.77,128.02,450.90
31,98,0.81631,180.83,42.12,207.87,117.34,115.71,461.99
31,99,0.82483,181.76,42.84,211.71,108.96,83.91,450.18
31,100,0.83282,182.45,43.37,215.56,86.26,66.65,482.06
31,101,0.84125,183.08,43.62,219.42,74.64,28.84,458.70
31,102,0.84952,183.64,43.68,223.30,68.27,8.26,468.63
31,103,0.85806,184.14,43.59,227.19,57.86,-11.29,454.64
31,104,0.86612,184.56,43.34,231.08,52.27,-31.03,483.33
31,105,0.87448,184.90,42.94,234.98,41.24,-47.17,466.42
31,106,0.88287,185.17,42.41,238.89,31.64,-63.12,465.45
31,107,0.89117,185.35,41.77,242.80,22.43,-77.96,471.32
31,108,0.89941,185.47,41.27,246.71,14.07,-60.59,474.81
31,109,0.90787,185.56,40.72,250.63,10.11,-64.60,463.18
31,110,0.91635,185.60,40.18,254.47,4.68,-63.28,453.60
31,111,0.92447,185.58,39.99,258.32,-2.26,-23.57,474.06
31,112,0.93283,185.50,39.96,262.17,-8.76,-3.47,459.85
31,113,0.94125,185.39,39.93,266.01,-14.13,-3.39,456.52
31,114,0.94962,185.19,39.91,269.60,-23.72,-3.08,428.47
31,115,0.95798,184.96,39.81,273.18,-27.01,-11.66,428.10
31,116,0.96643,184.72,39.56,276.52,-28.16,-29.91,396.03
31,117,0.97464,184.47,39.24,279.87,-31.23,-39.12,407.43
31,118,0.98312,184.19,39.11,283.21,-32.01,-15.01,394.24
31,119,0.99149,183.92,38.89,286.56,-33.21,-25.80,400.00
31,120,0.99979,183.63,38.68,289.79,-34.93,-25.27,388.97
31,121,1.00839,183.34,38.48,293.01,-33.69,-24.29,375.18
31,122,1.01672,183.01,38.27,296.09,-38.83,-24.30,369.23
31,123,1.02472,182.70,38.07,299.17,-38.93,-25.21,385.11
31,124,1.03284,182.41,37.87,302.25,-35.71,-24.69,379.32
31,125,1.04150,182.16,37.67,305.33,-29.58,-22.95,355.63
31,126,1.04987,181.95,37.48,308.32,-25.18,-22.83,357.66
31,127,1.05823,181.75,37.29,311.31,-22.99,-22.71,357.66
31,128,1.06662,181.58,37.10,314.30,-20.73,-22.48,356.36
31,129,1.07449,181.42,36.91,317.30,-20.16,-23.88,380.23
31,130,1.08298,181.26,36.72,320.40,-19.06,-22.98,365.47
32,0,0.00000,0.00,0.00,0.00,-48.72,-27.48,46.15
32,1,0.00824,-0.42,-0.23,0.38,-50.37,-27.83,45.56
32,2,0.01648,-1.03,-0.59,1.04,-74.44,-43.46,80.74
32,3,0.02502,-1.66,-0.95,1.69,-73.57,-42.23,76.43
32,4,0.03333,-2.37,-1.41,2.69,-86.40,-55.38,120.59
32,5,0.04211,-3.12,-1.87,3.68,-84.38,-52.73,111.81
32,6,0.04996,-3.93,-2.42,4.98,-104.28,-70.28,166.54
32,7,0.05820,-4.78,-2.98,6.27,-102.96,-67.87,156.30
32,8,0.06653,-5.29,-3.43,7.71,-60.44,-53.74,172.16
32,9,0.07504,-5.82,-3.89,9.13,-63.08,-53.99,167.03
32,10,0.08331,-5.98,-4.24,10.82,-19.19,-42.94,204.43
32,11,0.09140,-6.18,-4.62,12.51,-24.53,-46.01,208.68
32,12,0.09982,-6.19,-4.92,14.26,-0.72,-36.35,208.70
32,13,0.10809,-6.23,-5.25,16.02,-5.54,-39.22,212.55
32,14,0.11636,-6.08,-5.49,17.78,18.08,-29.56,212.18
32,15,0.12527,-5.98,-5.75,19.53,11.99,-29.40,197.26
32,16,0.13336,-5.91,-6.03,21.29,8.30,-34.26,217.36
32,17,0.14175,-5.88,-6.32,23.05,3.27,-35.10,209.82
32,18,0.14993,-5.73,-6.60,24.95,17.91,-33.14,231.72
32,19,0.15826,-5.63,-6.88,26.85,12.45,-34.64,227.84
32,20,0.16696,-5.32,-7.11,28.87,35.44,-26.22,232.63
32,21,0.17490,-5.06,-7.36,30.90,33.08,-31.34,255.77
32,22,0.18347,-4.57,-7.57,33.20,57.30,-23.91,268.33
32,23,0.19125,-4.13,-7.79,35.51,56.47,-29.08,297.25
32,24,0.19980,-3.48,-7.99,38.13,76.07,-22.92,306.07
32,25,0.20825,-2.89,-8.21,40.76,69.68,-26.27,311.19
32,26,0.21649,-2.05,-8.39,43.70,101.48,-21.53,357.04
32,27,0.22476,-1.28,-8.60,46.66,92.99,-25.30,357.93
32,28,0.23325,-0.62,-8.89,49.88,78.06,-35.00,379.50
32,29,0.24191,-0.03,-9.22,53.12,67.96,-37.69,373.24
32,30,0.24985,0.30,-9.70,56.65,41.54,-60.78,445.77
32,31,0.25821,0.54,-10.21,60.13,28.83,-60.68,415.69
32,32,0.26648,0.55,-10.80,63.53,1.11,-70.87,411.81
32,33,0.27493,0.47,-11.42,66.94,-8.66,-73.30,402.53
32,34,0.28308,0.12,-12.13,70.27,-43.07,-88.17,409.36
32,35,0.29144,-0.31,-12.88,73.60,-51.09,-89.10,397.81
32,36,0.29984,-0.81,-13.65,76.92,-60.00,-92.26,395.27
32,37,0.30826,-1.39,-14.46,80.22,-69.20,-95.42,392.39
32,38,0.31668,-2.18,-15.34,83.51,-93.48,-104.82,390.94
32,39,0.32584,-3.04,-16.25,86.79,-94.00,-99.32,357.67
32,40,0.33423,-4.10,-17.23,90.01,-125.82,-116.33,383.27
32,41,0.34256,-5.34,-18.27,93.15,-149.82,-124.77,377.66
32,42,0.35022,-6.78,-19.36,96.22,-187.25,-143.40,400.40
32,43,0.35873,-8.40,-20.52,99.19,-189.96,-135.89,349.46
32,44,0.36655,-10.22,-21.74,102.03,-233.98,-155.69,362.50
32,45,0.37476,-12.22,-23.00,104.74,-242.75,-153.49,330.86
32,46,0.38358,-14.37,-24.30,107.33,-244.29,-147.74,293.77
32,47,0.39142,-16.68,-25.64,109.79,-294.16,-171.02,313.62
32,48,0.39981,-19.21,-27.06,112.21,-301.82,-169.28,287.64
32,49,0.40808,-21.79,-28.49,114.58,-311.44,-173.19,286.72
32,50,0.41644,-24.46,-29.37,117.03,-319.71,-104.61,292.70
32,51,0.42490,-27.14,-29.91,119.47,-316.61,-63.51,289.53
32,52,0.43314,-29.93,-30.47,122.00,-338.52,-67.91,306.30
32,53,0.44150,-32.72,-31.03,124.52,-334.31,-67.03,301.82
32,54,0.44971,-35.68,-31.62,127.17,-360.59,-71.94,322.68
32,55,0.45819,-38.64,-32.21,129.82,-349.28,-69.73,311.87
32,56,0.46643,-41.71,-32.82,132.51,-371.85,-74.06,327.41
32,57,0.47479,-44.77,-33.43,135.21,-366.42,-72.88,322.63
32,58,0.48343,-47.84,-34.04,137.91,-355.12,-70.60,312.01
32,59,0.49185,-50.91,-34.65,140.60,-364.13,-72.39,319.93
32,60,0.49991,-53.97,-35.26,143.30,-380.68,-75.68,334.47
32,61,0.50824,-57.04,-35.87,145.99,-368.13,-73.09,323.44
32,62,0.51651,-60.04,-36.47,148.76,-363.10,-73.28,335.42
32,63,0.52505,-63.05,-37.08,151.54,-351.79,-70.86,324.29
32,64,0.53342,-66.06,-37.68,154.30,-360.22,-72.48,330.66
32,65,0.54169,-69.08,-38.29,157.06,-364.94,-73.34,333.58
32,66,0.54980,-72.10,-38.87,159.81,-372.56,-71.19,338.72
32,67,0.55820,-75.13,-39.50,162.55,-361.09,-75.77,326.55
32,68,0.56656,-78.10,-40.02,165.19,-354.38,-61.35,316.06
32,69,0.57492,-81.07,-40.69,167.83,-355.47,-80.24,314.96
32,70,0.58322,-84.05,-41.28,170.45,-359.19,-71.44,315.81
32,71,0.59152,-87.04,-41.87,173.05,-360.29,-71.45,313.97
32,72,0.60007,-89.96,-42.44,175.46,-341.07,-66.64,281.43
32,73,0.60834,-92.88,-42.58,177.85,-353.51,-15.92,289.30
32,74,0.61667,-95.82,-42.78,180.23,-352.38,-24.89,285.35
32,75,0.62503,-98.76,-42.99,182.59,-351.82,-24.79,282.48
32,76,0.63345,-101.54,-43.19,184.87,-330.07,-23.33,270.65
32,77,0.64182,-104.33,-43.38,187.14,-333.94,-23.59,271.17
32,78,0.64996,-107.13,-43.58,189.39,-343.82,-24.23,276.78
32,79,0.65829,-109.95,-43.78,191.64,-337.73,-23.79,269.23
32,80,0.66653,-112.77,-43.98,193.86,-342.59,-24.16,270.37
32,81,0.67496,-115.60,-44.18,196.08,-336.59,-23.68,263.04
32,82,0.68314,-118.45,-44.38,198.28,-347.76,-24.50,269.40
32,83,0.69156,-121.30,-44.58,200.47,-338.77,-23.80,259.78
32,84,0.69995,-124.17,-44.78,202.65,-341.45,-23.98,259.27
32,85,0.70834,-127.04,-44.98,204.82,-341.82,-24.05,258.55
32,86,0.71652,-129.89,-45.18,207.01,-348.88,-24.52,267.91
32,87,0.72531,-132.72,-45.38,209.23,-321.88,-22.65,253.47
32,88,0.73334,-135.62,-45.59,211.60,-361.60,-25.55,294.30
32,89,0.74173,-138.50,-45.79,213.99,-342.91,-24.26,284.73
32,90,0.75009,-141.35,-45.99,216.40,-341.61,-24.14,289.05
32,91,0.75836,-144.20,-46.19,218.84,-344.28,-24.39,294.10
32,92,0.76660,-147.18,-46.40,221.40,-361.85,-25.61,311.11
32,93,0.77499,-150.16,-46.62,223.97,-354.91,-25.16,305.82
32,94,0.78351,-153.14,-46.83,226.54,-349.46,-24.74,301.79
32,95,0.79166,-156.12,-47.04,229.10,-365.54,-25.91,314.98
32,96,0.79987,-159.12,-47.25,231.66,-365.80,-25.87,311.15
32,97,0.80850,-162.11,-47.46,234.23,-345.94,-24.53,297.88
32,98,0.81665,-165.06,-47.67,236.84,-362.55,-25.70,320.60
32,99,0.82504,-167.99,-47.88,239.48,-348.73,-24.79,314.91
32,100,0.83350,-171.00,-48.09,241.99,-355.96,-25.14,296.39
32,101,0.84177,-173.99,-48.30,244.51,-361.99,-25.63,304.80
32,102,0.85031,-176.97,-48.51,247.05,-348.93,-24.69,297.14
32,103,0.85852,-179.96,-48.73,249.62,-363.57,-25.78,313.01
32,104,0.86685,-182.91,-48.93,252.19,-354.21,-25.04,309.16
32,105,0.87506,-185.85,-49.14,254.78,-357.99,-25.41,315.24
32,106,0.88339,-188.76,-49.35,257.40,-349.45,-24.83,314.29
32,107,0.89166,-191.64,-49.56,260.05,-349.08,-24.82,319.93
32,108,0.90002,-194.51,-49.76,262.72,-342.34,-24.37,319.71
32,109,0.90845,-197.34,-49.96,265.41,-336.96,-24.04,319.93
32,110,0.91660,-200.12,-50.16,268.08,-340.07,-24.23,327.34
32,111,0.92502,-202.87,-50.36,270.76,-327.17,-23.38,318.48
32,112,0.93353,-205.62,-50.55,273.46,-322.58,-23.04,316.13
32,113,0.94168,-208.35,-50.75,276.16,-334.83,-23.93,331.46
32,114,0.95016,-210.91,-50.93,278.67,-302.16,-21.60,296.04
32,115,0.95856,-213.44,-51.11,281.20,-301.82,-21.56,301.82
32,116,0.96661,-215.78,-51.28,283.61,-290.15,-20.82,298.86
32,117,0.97528,-218.10,-51.45,286.04,-267.61,-19.21,279.93
32,118,0.98328,-220.40,-51.61,288.48,-287.79,-20.69,305.34
32,119,0.99161,-222.69,-51.78,290.92,-275.09,-19.79,293.41
32,120,0.99991,-224.92,-51.94,293.27,-268.75,-19.29,283.46
32,121,1.00833,-227.15,-52.10,295.62,-264.49,-18.98,278.99
32,122,1.01666,-229.32,-52.25,297.84,-259.71,-18.64,265.57
32,123,1.02518,-231.48,-52.41,300.05,-254.12,-18.20,259.86
32,124,1.03314,-233.64,-52.56,302.26,-271.65,-19.45,277.78
32,125,1.04156,-235.80,-52.72,304.47,-256.52,-18.41,262.32
32,126,1.05032,-237.89,-52.87,306.62,-238.33,-17.09,245.64
32,127,1.05829,-239.98,-53.02,308.77,-262.07,-18.77,270.11
32,128,1.06689,-242.07,-53.17,310.93,-242.55,-17.38,250.00
32,129,1.07492,-244.16,-53.32,313.08,-260.46,-18.68,268.44
32,130,1.08356,-246.33,-53.47,315.30,-251.59,-18.06,256.89
33,0,0.00000,0.00,0.00,0.00,-36.70,-10.66,57.68
33,1,0.00861,-0.31,-0.08,0.47,-35.46,-9.87,54.26
33,2,0.01688,-0.72,-0.25,1.27,-50.18,-19.97,97.05
33,3,0.02499,-1.15,-0.41,2.07,-52.63,-19.87,98.12
33,4,0.03329,-1.56,-0.68,3.23,-49.26,-32.87,140.07
33,5,0.04150,-1.98,-0.95,4.39,-52.04,-32.43,140.89
33,6,0.05011,-2.37,-1.32,5.87,-45.39,-43.20,173.05
33,7,0.05838,-2.79,-1.69,7.36,-50.18,-44.03,179.34
33,8,0.06674,-2.81,-2.13,8.88,-2.92,-53.34,181.75
33,9,0.07477,-2.86,-2.54,10.40,-6.08,-50.24,189.35
33,10,0.08337,-2.45,-3.12,12.05,47.52,-67.45,191.49
33,11,0.09174,-2.06,-3.67,13.70,46.72,-66.78,197.81
33,12,0.10010,-1.45,-4.27,15.35,72.99,-71.63,197.08
33,13,0.10843,-0.87,-4.86,17.00,70.33,-70.73,198.90
33,14,0.11688,-0.09,-5.47,18.58,92.42,-71.62,186.64
33,15,0.12503,0.67,-6.07,20.17,92.88,-73.65,194.76
33,16,0.13336,1.41,-6.67,21.77,88.64,-71.66,191.94
33,17,0.14163,2.12,-6.86,23.38,86.35,-23.96,194.46
33,18,0.15002,3.02,-7.24,25.05,106.18,-44.90,200.00
33,19,0.15848,3.88,-7.57,26.75,102.53,-39.52,200.00
33,20,0.16678,5.00,-8.01,28.45,135.29,-52.84,205.88
33,21,0.17517,6.10,-8.45,30.18,130.91,-52.50,205.82
33,22,0.18332,7.54,-8.95,32.04,176.78,-61.26,228.46
33,23,0.19159,8.96,-9.51,33.93,171.22,-67.89,227.68
33,24,0.19998,10.72,-10.12,35.97,209.45,-71.88,244.00
33,25,0.20844,12.45,-10.72,38.05,204.33,-70.92,245.13
33,26,0.21689,14.56,-11.35,40.26,249.82,-74.59,261.73
33,27,0.22501,16.64,-11.99,42.50,256.39,-79.03,276.32
33,28,0.23328,18.77,-12.71,45.00,257.56,-87.28,302.58
33,29,0.24161,20.86,-13.45,47.54,251.28,-88.38,304.03
33,30,0.24985,22.87,-13.73,50.39,243.70,-34.16,346.30
33,31,0.25854,24.84,-12.50,53.27,225.96,141.05,330.88
33,32,0.26666,26.59,-11.28,56.19,216.54,150.16,359.40
33,33,0.27515,28.31,-10.06,59.13,202.16,144.27,346.76
33,34,0.28354,29.77,-8.44,62.15,174.55,192.64,359.64
33,35,0.29193,31.20,-6.84,65.18,169.45,191.37,361.82
33,36,0.30014,32.57,-5.22,68.24,168.03,196.39,372.49
33,37,0.30823,33.91,-3.60,71.32,165.28,200.29,380.38
33,38,0.31656,35.10,-1.95,74.48,142.86,198.64,380.22
33,39,0.32507,36.25,-0.29,77.67,134.77,195.26,374.19
33,40,0.33353,37.30,1.39,80.89,124.19,197.90,380.87
33,41,0.34161,38.35,3.06,84.11,129.81,206.72,398.11
33,42,0.35019,39.40,4.73,87.33,122.42,194.89,375.44
33,43,0.35812,40.45,6.40,90.55,132.31,210.85,405.77
33,44,0.36688,41.44,8.07,93.77,112.89,190.37,367.60
33,45,0.37503,42.43,9.74,96.99,121.35,204.84,395.13
33,46,0.38342,43.41,11.21,100.22,117.82,175.29,384.73
33,47,0.39175,44.39,12.39,103.44,117.22,142.17,387.18
33,48,0.40030,45.43,13.36,106.88,121.43,113.33,402.14
33,49,0.40924,46.44,14.06,110.31,113.31,77.63,383.62
33,50,0.41718,47.44,14.61,113.79,125.38,69.96,438.85
33,51,0.42560,48.40,15.32,117.29,114.49,83.97,415.58
33,52,0.43359,49.34,15.97,120.94,117.56,82.02,455.73
33,53,0.44208,50.23,16.63,124.60,105.04,77.71,432.01
33,54,0.45035,51.10,17.33,128.48,104.80,84.09,468.63
33,55,0.45901,51.90,18.03,132.37,92.25,80.40,449.65
33,56,0.46698,52.62,18.74,136.39,91.19,89.88,504.21
33,57,0.47583,53.27,19.46,140.42,73.10,81.07,455.52
33,58,0.48376,53.84,20.18,144.46,71.54,90.39,509.23
33,59,0.49207,54.39,20.88,148.50,66.91,85.19,487.13
33,60,0.50034,54.94,21.37,152.55,65.68,58.97,489.30
33,61,0.50858,55.49,21.57,156.59,67.41,23.67,490.74
33,62,0.51691,56.13,21.68,160.65,76.19,13.28,486.81
33,63,0.52536,56.73,21.79,164.69,70.76,13.29,478.34
33,64,0.53360,57.29,21.90,168.74,68.15,13.88,491.48
33,65,0.54202,57.81,22.02,172.80,62.32,13.84,481.16
33,66,0.55032,58.29,22.14,176.86,57.35,14.40,488.97
33,67,0.55872,58.75,22.26,180.91,54.55,14.31,483.27
33,68,0.56702,59.13,22.38,184.86,46.32,14.54,476.10
33,69,0.57532,59.47,22.50,188.82,41.18,14.79,476.47
33,70,0.58371,59.77,22.63,192.78,35.64,14.96,471.64
33,71,0.59204,60.09,22.75,196.72,38.10,14.88,473.63
33,72,0.60040,60.35,22.87,200.49,31.39,14.43,450.73
33,73,0.60895,60.66,22.99,204.29,36.43,13.91,444.64
33,74,0.61722,61.04,23.11,208.05,45.02,13.84,454.61
33,75,0.62540,61.46,23.22,211.80,51.49,13.58,457.84
33,76,0.63379,61.94,23.32,215.36,58.18,12.03,424.73
33,77,0.64209,62.56,23.41,218.90,74.26,11.25,426.84
33,78,0.65051,63.26,23.50,222.43,82.61,10.52,419.20
33,79,0.65891,64.03,23.58,225.95,92.36,9.95,418.55
33,80,0.66708,64.84,23.67,229.45,99.25,9.92,428.36
33,81,0.67621,65.69,23.75,232.95,92.98,8.67,383.28
33,82,0.68387,66.57,23.82,236.43,114.74,10.07,455.38
33,83,0.69217,67.41,23.90,239.93,101.47,9.60,421.32
33,84,0.70071,68.25,23.98,243.43,97.86,9.35,409.64
33,85,0.70908,69.08,24.06,246.93,99.27,9.57,418.61
33,86,0.71732,69.84,24.15,250.45,92.59,10.25,426.67
33,87,0.72546,70.62,24.23,253.97,95.13,10.29,432.21
33,88,0.73376,71.43,24.14,257.62,97.79,-10.98,440.07
33,89,0.74203,72.20,24.05,261.29,93.73,-11.13,442.80
33,90,0.75040,72.96,23.98,264.95,90.51,-8.25,438.32
33,91,0.75876,73.71,23.91,268.63,89.78,-8.28,439.78
33,92,0.76712,74.51,23.84,272.48,94.89,-8.66,460.58
33,93,0.77527,75.34,23.76,276.32,101.87,-9.03,471.54
33,94,0.78360,76.20,23.69,280.16,103.30,-8.98,460.44
33,95,0.79205,77.09,23.61,284.00,106.14,-8.98,454.15
33,96,0.80038,77.95,23.54,287.84,103.30,-9.02,461.90
33,97,0.80875,78.85,23.46,291.69,106.57,-9.04,459.49
33,98,0.81711,79.78,23.38,295.52,111.68,-9.20,458.03
33,99,0.82574,80.77,23.32,299.41,115.19,-7.96,450.53
33,100,0.83405,81.67,23.28,303.22,108.09,-4.64,459.19
33,101,0.84244,82.64,23.24,307.02,114.91,-4.83,452.36
33,102,0.85068,83.67,23.19,310.79,125.93,-5.22,458.15
33,103,0.85916,84.80,23.15,314.54,133.09,-5.43,442.45
33,104,0.86728,86.01,23.10,318.27,148.87,-6.02,458.65
33,105,0.87552,87.32,23.05,321.96,158.52,-6.30,447.78
33,106,0.88388,88.72,22.99,325.61,167.88,-6.60,437.23
33,107,0.89240,90.22,22.93,329.23,176.34,-6.88,424.73
33,108,0.90067,91.80,22.87,332.81,191.14,-7.37,432.84
33,109,0.90903,93.49,22.81,336.34,201.46,-7.72,421.90
33,110,0.91727,95.22,22.74,339.77,210.37,-7.99,416.67
33,111,0.92554,97.03,22.67,343.16,219.19,-8.28,410.33
33,112,0.93396,98.96,22.60,346.49,228.99,-8.58,395.29
33,113,0.94217,100.96,22.53,349.76,243.12,-9.06,397.40
33,114,0.95056,102.87,22.46,352.79,227.64,-8.44,361.82
33,115,0.95975,104.85,22.38,355.76,215.28,-7.98,323.59
33,116,0.96786,106.76,22.31,358.52,236.09,-8.70,339.47
33,117,0.97586,108.73,22.24,361.23,246.56,-9.05,339.31
33,118,0.98389,110.78,22.16,363.89,254.75,-9.29,331.56
33,119,0.99222,112.87,22.10,366.51,250.55,-7.30,313.92
33,120,1.00052,114.92,22.04,369.02,247.06,-7.92,302.21
33,121,1.00891,117.00,21.97,371.49,248.00,-7.94,294.55
33,122,1.01718,118.99,21.91,373.86,241.33,-7.73,285.98
33,123,1.02551,121.03,21.84,376.18,244.69,-7.83,279.49
33,124,1.03387,123.11,21.78,378.48,248.18,-7.94,274.45
33,125,1.04218,125.22,21.71,380.73,254.41,-8.14,270.96
33,126,1.05045,127.31,21.64,382.88,252.40,-8.04,259.78
33,127,1.05884,129.43,21.57,384.99,253.09,-8.09,252.00
33,128,1.06735,131.58,21.51,387.08,252.33,-8.04,245.16
33,129,1.07559,133.76,21.44,389.15,264.44,-8.43,251.48
33,130,1.08386,136.04,21.36,391.26,275.28,-8.77,255.35
34,0,0.00000,0.00,0.00,0.00,-49.08,-4.70,-45.79
34,1,0.00824,-0.40,-0.04,-0.39,-48.89,-4.64,-47.04
34,2,0.01651,-1.11,-0.11,-0.95,-85.98,-8.13,-67.53
34,3,0.02502,-1.82,-0.17,-1.52,-83.15,-7.91,-67.03
34,4,0.03354,-2.89,-0.27,-2.14,-125.09,-11.88,-72.76
34,5,0.04178,-3.94,-0.37,-2.77,-128.15,-12.13,-77.04
34,6,0.04984,-5.33,-0.50,-3.44,-172.35,-16.28,-82.58
34,7,0.05804,-6.71,-0.64,-4.12,-168.03,-15.92,-83.27
34,8,0.06653,-8.20,-0.78,-4.43,-175.54,-16.60,-36.69
34,9,0.07489,-9.68,-0.92,-4.76,-177.37,-16.78,-39.78
34,10,0.08313,-11.38,-1.08,-4.67,-205.93,-19.45,11.11
34,11,0.09158,-13.08,-1.24,-4.60,-200.72,-18.96,8.30
34,12,0.10016,-14.81,-1.40,-4.32,-202.14,-19.08,33.10
34,13,0.10815,-16.55,-1.57,-4.06,-217.56,-20.54,32.44
34,14,0.11673,-18.25,-1.72,-3.59,-197.86,-18.57,54.09
34,15,0.12485,-19.95,-1.88,-3.15,-209.77,-19.74,54.51
34,16,0.13342,-21.66,-2.05,-2.73,-199.29,-18.84,48.75
34,17,0.14160,-23.37,-2.21,-2.34,-209.70,-19.74,48.13
34,18,0.15005,-25.19,-2.38,-1.79,-215.16,-20.25,65.34
34,19,0.15808,-27.02,-2.55,-1.26,-227.38,-21.45,65.78
34,20,0.16660,-28.91,-2.73,-0.49,-222.58,-20.98,90.68
34,21,0.17477,-30.82,-2.91,0.26,-233.21,-21.94,91.04
34,22,0.18347,-32.93,-3.11,1.31,-242.11,-22.81,121.05
34,23,0.19144,-35.05,-3.31,2.33,-266.28,-25.04,128.35
34,24,0.19983,-37.40,-3.53,3.66,-280.00,-26.34,157.82
34,25,0.20825,-39.76,-3.75,4.95,-281.16,-26.41,153.26
34,26,0.21640,-42.35,-3.99,6.58,-316.85,-29.75,200.75
34,27,0.22485,-44.95,-4.24,8.18,-308.30,-29.09,189.17
34,28,0.23306,-47.82,-4.51,9.78,-349.81,-32.88,194.80
34,29,0.24149,-50.72,-4.78,11.34,-343.84,-32.28,184.78
34,30,0.24988,-53.91,-5.08,12.74,-380.00,-35.82,167.64
34,31,0.25812,-57.12,-5.38,14.11,-389.26,-36.55,165.19
34,32,0.26642,-60.32,-5.68,15.25,-386.40,-36.39,137.87
34,33,0.27481,-63.55,-5.99,16.35,-384.00,-36.22,130.91
34,34,0.28308,-66.79,-6.29,17.18,-392.62,-36.96,101.11
34,35,0.29150,-70.05,-6.60,17.97,-386.96,-36.52,93.84
34,36,0.29987,-73.32,-6.91,18.72,-391.24,-36.88,89.05
34,37,0.30829,-76.61,-7.22,19.42,-389.49,-36.68,82.61
34,38,0.31659,-79.95,-7.53,19.95,-402.94,-38.01,63.97
34,39,0.32480,-83.31,-7.85,20.43,-409.29,-38.61,59.11
34,40,0.33356,-86.62,-8.16,21.12,-378.40,-35.68,78.05
34,41,0.34146,-89.89,-8.47,21.99,-413.51,-38.92,111.20
34,42,0.35019,-93.10,-8.77,23.07,-367.83,-34.65,123.08
34,43,0.35846,-96.30,-9.14,24.19,-385.98,-44.78,135.79
34,44,0.36652,-99.49,-9.73,25.27,-396.21,-72.62,134.09
34,45,0.37500,-102.67,-10.54,26.36,-375.54,-95.42,128.78
34,46,0.38312,-105.86,-11.45,27.47,-392.11,-111.89,136.09
34,47,0.39148,-109.04,-12.35,28.59,-380.29,-108.35,133.58
34,48,0.40030,-112.33,-12.87,29.77,-373.01,-58.13,133.91
34,49,0.40833,-115.61,-12.88,30.96,-409.51,-2.18,148.67
34,50,0.41693,-119.02,-12.92,32.20,-395.39,-4.03,144.33
34,51,0.42493,-122.42,-13.03,33.45,-425.19,-14.29,156.49
34,52,0.43304,-125.95,-13.37,34.74,-435.34,-41.97,158.65
34,53,0.44150,-129.48,-13.62,36.04,-417.69,-29.10,153.43
34,54,0.44992,-133.21,-13.88,37.40,-443.12,-30.83,161.23
34,55,0.45828,-136.94,-14.14,38.76,-445.99,-31.07,163.50
34,56,0.46637,-140.78,-14.41,40.15,-474.72,-32.99,171.32
34,57,0.47470,-144.62,-14.67,41.54,-460.81,-32.03,166.67
34,58,0.48309,-148.46,-14.94,42.93,-457.09,-31.81,165.82
34,59,0.49149,-152.29,-15.21,44.32,-457.09,-31.80,166.18
34,60,0.50006,-156.13,-15.47,45.72,-447.33,-31.13,162.99
34,61,0.50800,-159.96,-15.74,47.12,-483.46,-33.66,176.15
34,62,0.51645,-163.77,-16.01,48.62,-449.82,-31.64,177.98
34,63,0.52484,-167.57,-16.27,50.13,-452.73,-31.89,180.00
34,64,0.53317,-171.35,-16.54,51.68,-454.21,-32.16,186.08
34,65,0.54169,-175.16,-16.81,53.30,-448.03,-31.87,189.96
34,66,0.55032,-178.92,-17.08,54.93,-434.28,-30.98,188.34
34,67,0.55832,-182.66,-17.35,56.57,-467.94,-33.49,205.34
34,68,0.56668,-186.29,-17.61,58.18,-434.31,-31.09,191.97
34,69,0.57489,-189.91,-17.87,59.80,-441.26,-31.64,197.77
34,70,0.58337,-193.52,-18.13,61.45,-425.54,-30.68,194.60
34,71,0.59155,-197.11,-18.39,63.13,-439.18,-31.73,205.97
34,72,0.60043,-200.55,-18.64,64.70,-387.29,-27.88,175.95
34,73,0.60858,-203.97,-18.88,66.30,-419.85,-30.32,197.00
34,74,0.61688,-207.37,-19.13,67.95,-409.56,-29.80,198.90
34,75,0.62488,-210.75,-19.38,69.63,-422.90,-30.86,209.92
34,76,0.63339,-213.94,-19.61,71.31,-373.84,-27.61,196.77
34,77,0.64160,-217.11,-19.85,73.01,-386.25,-28.58,207.06
34,78,0.65027,-220.27,-20.08,74.72,-365.14,-27.09,197.54
34,79,0.65823,-223.43,-20.32,76.44,-396.55,-29.46,216.09
34,80,0.66681,-226.59,-20.55,78.17,-367.97,-27.34,201.42
34,81,0.67484,-229.74,-20.79,79.90,-392.40,-29.24,216.35
34,82,0.68317,-232.88,-21.02,81.65,-377.29,-28.12,209.89
34,83,0.69165,-236.02,-21.25,83.41,-369.78,-27.60,207.55
34,84,0.70023,-239.14,-21.49,85.19,-364.77,-27.28,206.76
34,85,0.70883,-242.26,-21.72,86.98,-362.41,-27.20,208.16
34,86,0.71664,-245.37,-21.96,88.78,-398.05,-29.94,231.25
34,87,0.72513,-248.48,-22.19,90.61,-365.83,-27.59,215.11
34,88,0.73334,-251.68,-22.43,92.55,-389.59,-29.55,236.80
34,89,0.74170,-254.87,-22.68,94.51,-381.75,-29.00,233.58
34,90,0.75012,-258.05,-22.92,96.47,-378.26,-28.81,232.61
34,91,0.75839,-261.24,-23.16,98.43,-385.24,-29.35,238.01
34,92,0.76697,-264.59,-23.42,100.50,-390.39,-29.69,240.57
34,93,0.77490,-267.93,-23.67,102.57,-421.54,-32.13,260.77
34,94,0.78333,-271.28,-23.93,104.64,-397.10,-30.22,245.65
34,95,0.79166,-274.62,-24.18,106.70,-401.47,-30.60,248.35
34,96,0.80017,-278.00,-24.44,108.74,-396.42,-30.04,239.43
34,97,0.80838,-281.37,-24.69,110.78,-410.78,-31.15,248.70
34,98,0.81662,-284.74,-24.95,112.83,-409.26,-31.03,247.78
34,99,0.82504,-288.11,-25.20,114.87,-400.36,-30.38,242.39
34,100,0.83331,-291.56,-25.46,116.74,-416.24,-30.90,225.83
34,101,0.84164,-295.00,-25.71,118.60,-413.19,-30.63,224.18
34,102,0.85016,-298.44,-25.97,120.47,-404.30,-30.02,219.71
34,103,0.85828,-301.88,-26.22,122.34,-423.68,-31.44,230.45
34,104,0.86679,-305.32,-26.48,124.22,-403.94,-29.98,219.71
34,105,0.87497,-308.76,-26.74,126.09,-420.52,-31.25,229.10
34,106,0.88345,-312.19,-26.99,127.96,-405.04,-30.07,220.86
34,107,0.89169,-315.63,-27.25,129.84,-417.04,-31.00,227.78
34,108,0.90070,-319.06,-27.50,131.72,-381.36,-28.34,208.81
34,109,0.90900,-322.49,-27.76,133.61,-412.87,-30.71,227.94
34,110,0.91678,-325.83,-28.01,135.52,-429.41,-32.20,244.71
34,111,0.92493,-329.14,-28.26,137.49,-405.24,-30.64,242.32
34,112,0.93359,-332.38,-28.51,139.55,-374.65,-28.69,238.03
34,113,0.94205,-335.57,-28.75,141.70,-376.53,-29.27,254.15
34,114,0.95047,-338.53,-28.98,143.73,-351.81,-27.38,240.58
34,115,0.95840,-341.43,-29.21,145.83,-366.15,-28.86,264.62
34,116,0.96680,-344.12,-29.43,147.85,-319.64,-25.45,240.36
34,117,0.97531,-346.77,-29.64,149.91,-311.11,-25.00,241.94
34,118,0.98392,-349.37,-29.85,152.03,-302.13,-24.53,246.45
34,119,0.99243,-351.93,-30.06,154.18,-301.79,-24.72,253.05
34,120,1.00046,-354.41,-30.26,156.28,-307.98,-25.30,261.60
34,121,1.00839,-356.85,-30.47,158.40,-308.08,-25.46,267.69
34,122,1.01678,-359.20,-30.66,160.42,-279.64,-23.05,240.00
34,123,1.02567,-361.53,-30.85,162.45,-262.54,-21.70,229.21
34,124,1.03363,-363.84,-31.04,164.51,-290.04,-24.16,258.62
34,125,1.04224,-366.13,-31.24,166.59,-266.67,-22.27,240.78
34,126,1.05063,-368.35,-31.42,168.61,-263.64,-22.13,240.73
34,127,1.05829,-370.56,-31.61,170.63,-288.45,-24.18,264.14
34,128,1.06671,-372.77,-31.79,172.66,-262.32,-22.02,240.58
34,129,1.07544,-374.98,-31.98,174.68,-253.15,-21.23,232.17
34,130,1.08359,-377.27,-32.17,176.77,-282.02,-23.60,256.55
35,0,0.00000,0.00,0.00,0.00,-36.59,1.90,-55.43
35,1,0.00842,-0.31,0.02,-0.46,-37.32,1.86,-54.71
35,2,0.01675,-0.92,0.04,-1.14,-72.16,2.41,-81.32
35,3,0.02505,-1.52,0.06,-1.81,-73.16,2.35,-80.88
35,4,0.03323,-2.50,0.07,-2.56,-119.40,1.93,-91.79
35,5,0.04190,-3.49,0.09,-3.30,-114.08,1.70,-84.86
35,6,0.04984,-4.82,0.09,-4.06,-168.46,1.10,-96.15
35,7,0.05823,-6.17,0.10,-4.80,-160.73,0.89,-88.73
35,8,0.06659,-7.66,0.09,-5.14,-177.37,-1.77,-40.51
35,9,0.07498,-9.14,0.07,-5.46,-177.09,-1.92,-37.82
35,10,0.08319,-10.83,0.03,-5.30,-205.95,-5.23,18.96
35,11,0.09171,-12.52,-0.02,-5.13,-198.57,-5.21,20.79
35,12,0.09988,-14.23,-0.07,-4.68,-208.21,-6.98,54.10
35,13,0.10846,-15.92,-0.13,-4.22,-197.86,-6.77,54.09
35,14,0.11682,-17.54,-0.20,-3.51,-192.70,-8.15,84.67
35,15,0.12503,-19.14,-0.27,-2.79,-195.17,-8.38,88.48
35,16,0.13330,-20.73,-0.34,-2.04,-192.62,-8.43,90.41
35,17,0.14157,-22.31,-0.41,-1.27,-191.51,-8.50,92.62
35,18,0.15018,-23.97,-0.49,-0.26,-192.55,-9.72,117.38
35,19,0.15839,-25.58,-0.58,0.75,-195.91,-10.11,123.79
35,20,0.16696,-27.15,-0.67,2.06,-183.27,-11.24,152.67
35,21,0.17502,-28.71,-0.77,3.40,-193.18,-12.07,165.91
35,22,0.18329,-30.30,-0.89,5.13,-192.99,-14.14,208.86
35,23,0.19159,-31.88,-1.00,6.88,-189.71,-14.22,211.76
35,24,0.20004,-33.49,-1.14,9.05,-190.61,-16.36,255.60
35,25,0.20828,-35.07,-1.28,11.24,-192.22,-16.88,265.93
35,26,0.21729,-36.63,-1.44,13.87,-173.22,-17.76,292.20
35,27,0.22531,-38.16,-1.60,16.52,-190.49,-19.96,330.80
35,28,0.23328,-39.84,-1.77,19.35,-211.11,-21.55,354.41
35,29,0.24188,-41.50,-1.95,22.19,-192.20,-20.03,330.85
35,30,0.25018,-43.39,-2.13,25.12,-228.31,-21.82,352.21
35,31,0.25851,-45.25,-2.31,28.06,-223.44,-21.77,353.48
35,32,0.26685,-47.16,-2.48,30.88,-228.94,-21.16,338.46
35,33,0.27512,-49.04,-2.66,33.72,-226.57,-21.35,343.54
35,34,0.28363,-51.01,-2.83,36.43,-232.26,-20.26,318.28
35,35,0.29199,-52.96,-3.01,39.17,-232.48,-20.68,327.01
35,36,0.29996,-54.86,-3.18,41.93,-239.46,-21.76,346.36
35,37,0.30844,-56.74,-3.35,44.71,-220.86,-20.49,328.06
35,38,0.31683,-58.69,-3.53,47.47,-233.09,-20.78,329.09
35,39,0.32538,-60.62,-3.70,50.26,-225.00,-20.48,326.07
35,40,0.33350,-62.37,-3.88,53.15,-215.79,-21.78,356.77
35,41,0.34192,-64.08,-3.83,56.07,-202.90,6.26,346.74
35,42,0.35025,-65.78,-3.83,59.00,-204.03,-0.20,351.28
35,43,0.35907,-67.47,-3.83,61.93,-191.70,-0.35,332.53
35,44,0.36682,-69.18,-3.83,64.83,-221.26,0.12,374.02
35,45,0.37512,-70.89,-3.83,67.74,-205.51,0.13,350.00
35,46,0.38327,-72.58,-3.83,70.65,-207.87,-0.23,357.68
35,47,0.39166,-74.27,-3.83,73.57,-200.73,-0.37,348.36
35,48,0.40002,-75.99,-3.84,76.62,-205.84,-0.84,363.87
35,49,0.40826,-77.70,-3.85,79.67,-207.78,-1.00,370.37
35,50,0.41714,-79.46,-3.86,82.83,-198.28,-1.18,356.36
35,51,0.42538,-81.21,-3.87,86.01,-212.22,-1.48,385.56
35,52,0.43335,-83.03,-3.88,89.30,-228.35,-1.52,413.41
35,53,0.44147,-84.84,-3.90,92.61,-222.56,-1.71,407.14
35,54,0.44992,-86.74,-3.91,96.09,-225.63,-1.79,412.27
35,55,0.45886,-88.64,-3.93,99.59,-211.95,-1.77,390.78
35,56,0.46704,-90.59,-3.95,103.17,-239.18,-1.95,438.06
35,57,0.47482,-92.54,-3.96,106.76,-249.41,-2.25,461.57
35,58,0.48340,-94.46,-3.98,110.36,-224.56,-2.36,419.57
35,59,0.49173,-96.37,-4.00,113.97,-229.30,-2.56,432.97
35,60,0.50009,-98.27,-4.03,117.58,-226.64,-3.00,432.48
35,61,0.50851,-100.14,-4.06,121.21,-222.83,-3.10,430.43
35,62,0.51678,-101.92,-4.10,124.89,-214.39,-5.00,445.39
35,63,0.52502,-103.67,-4.14,128.59,-213.33,-5.38,448.15
35,64,0.53366,-105.41,-4.19,132.28,-201.41,-5.27,428.27
35,65,0.54169,-107.14,-4.24,135.99,-214.83,-6.02,461.60
35,66,0.55014,-108.85,-4.29,139.70,-202.17,-5.94,439.35
35,67,0.55869,-110.54,-4.34,143.42,-198.21,-6.17,435.00
35,68,0.56674,-112.18,-4.39,147.03,-203.79,-6.34,448.48
35,69,0.57535,-113.81,-4.44,150.66,-189.01,-6.19,420.92
35,70,0.58331,-115.43,-4.50,154.31,-203.45,-6.99,458.24
35,71,0.59177,-117.03,-4.56,157.93,-188.81,-6.83,429.24
35,72,0.60034,-118.61,-4.60,161.36,-184.70,-5.33,400.00
35,73,0.60831,-120.18,-4.65,164.80,-197.32,-5.96,431.42
35,74,0.61682,-121.74,-4.70,168.24,-182.80,-5.81,404.30
35,75,0.62494,-123.28,-4.75,171.69,-189.47,-6.45,424.44
35,76,0.63361,-124.68,-4.81,175.00,-161.97,-6.60,382.04
35,77,0.64197,-126.07,-4.87,178.32,-166.42,-7.09,396.72
35,78,0.65024,-127.45,-4.93,181.64,-166.42,-7.41,401.85
35,79,0.65839,-128.81,-4.99,184.97,-167.04,-7.87,408.61
35,80,0.66690,-130.16,-5.06,188.31,-158.42,-7.59,391.76
35,81,0.67575,-131.49,-5.12,191.65,-150.69,-7.62,377.59
35,82,0.68460,-132.81,-5.19,195.00,-148.62,-7.85,378.28
35,83,0.69247,-134.11,-5.27,198.35,-165.12,-9.03,425.97
35,84,0.70032,-135.39,-5.34,201.71,-163.42,-9.50,428.40
35,85,0.70880,-136.65,-5.42,205.08,-148.56,-8.99,397.12
35,86,0.71713,-137.94,-5.46,208.60,-154.58,-5.57,422.71
35,87,0.72540,-139.14,-5.72,212.00,-146.13,-31.38,411.07
35,88,0.73392,-140.34,-6.11,215.55,-140.50,-45.95,416.49
35,89,0.74207,-141.50,-6.64,219.10,-142.32,-64.78,436.70
35,90,0.75024,-142.62,-7.17,222.67,-137.31,-65.18,436.57
35,91,0.75909,-143.71,-7.68,226.27,-122.76,-56.68,406.21
35,92,0.76700,-144.81,-8.20,230.04,-138.61,-66.48,477.61
35,93,0.77570,-145.86,-8.73,233.85,-121.05,-60.62,437.54
35,94,0.78375,-146.86,-9.25,237.65,-123.86,-65.08,471.97
35,95,0.79239,-147.81,-9.78,241.47,-109.89,-60.75,441.70
35,96,0.80054,-148.74,-10.30,245.30,-114.61,-64.56,470.04
35,97,0.80902,-149.64,-10.84,249.22,-105.76,-63.26,462.95
35,98,0.81772,-150.48,-11.38,253.16,-96.49,-61.57,452.63
35,99,0.82571,-151.26,-11.90,257.02,-97.71,-65.47,482.82
35,100,0.83420,-152.14,-12.42,260.84,-103.60,-61.51,449.64
35,101,0.84262,-152.95,-12.94,264.67,-97.10,-61.86,454.71
35,102,0.85083,-153.71,-13.46,268.51,-92.19,-63.36,468.03
35,103,0.85919,-154.40,-13.66,272.36,-82.48,-24.15,460.95
35,104,0.86755,-155.03,-13.70,276.23,-75.55,-4.88,462.04
35,105,0.87579,-155.60,-13.75,280.10,-68.89,-5.29,470.37
35,106,0.88446,-156.10,-13.80,283.98,-58.10,-5.40,447.89
35,107,0.89249,-156.54,-13.85,287.88,-54.75,-6.21,484.79
35,108,0.90091,-156.92,-13.90,291.77,-44.57,-6.23,462.68
35,109,0.90927,-157.23,-13.95,295.67,-37.23,-6.63,465.69
35,110,0.91754,-157.47,-14.01,299.51,-29.15,-6.99,464.21
35,111,0.92639,-157.65,-14.07,303.35,-20.00,-6.82,434.14
35,112,0.93463,-157.76,-14.13,307.19,-14.07,-7.71,466.67
35,113,0.94269,-157.82,-14.20,311.01,-7.20,-8.12,473.86
35,114,0.95087,-157.86,-14.26,314.60,-5.22,-7.58,438.81
35,115,0.95938,-157.85,-14.33,318.16,1.79,-7.53,418.28
35,116,0.96777,-157.79,-14.39,321.51,7.64,-7.46,399.64
35,117,0.97592,-157.67,-14.45,324.87,14.61,-7.98,411.61
35,118,0.98416,-157.49,-14.52,328.22,21.11,-8.21,406.67
35,119,0.99237,-157.27,-14.59,331.56,27.51,-8.44,406.32
35,120,1.00079,-157.01,-14.66,334.79,30.07,-8.18,383.70
35,121,1.00964,-156.72,-14.73,338.00,33.45,-7.94,362.76
35,122,1.01767,-156.43,-14.80,341.08,36.12,-8.48,384.03
35,123,1.02591,-156.09,-14.87,344.16,41.11,-8.47,373.33
35,124,1.03433,-155.70,-14.94,347.23,45.65,-8.56,364.49
35,125,1.04260,-155.27,-15.01,350.28,52.03,-8.88,369.00
35,126,1.05109,-154.80,-15.09,353.24,56.12,-8.71,348.92
35,127,1.05927,-154.28,-15.16,356.19,63.06,-9.27,360.82
35,128,1.06754,-153.73,-15.24,359.13,66.79,-9.29,356.09
35,129,1.07590,-153.15,-15.32,362.09,69.71,-9.42,353.28
35,130,1.08401,-152.54,-15.40,365.13,75.19,-10.04,375.19
36,0,0.00000,0.00,0.00,0.00,62.73,33.01,24.72
36,1,0.00821,0.52,0.27,0.20,63.57,33.35,24.54
36,2,0.01663,1.40,0.71,0.43,103.99,52.04,26.81
36,3,0.02509,2.28,1.15,0.65,103.97,52.34,26.35
36,4,0.03329,3.51,1.73,0.74,149.81,69.63,11.52
36,5,0.04175,4.74,2.30,0.83,145.49,67.47,10.47
36,6,0.04999,6.27,2.97,0.77,186.67,82.28,-7.41
36,7,0.05862,7.81,3.65,0.70,178.09,78.36,-7.77
36,8,0.06683,9.26,4.20,0.23,175.84,67.39,-57.62
36,9,0.07507,10.70,4.76,-0.25,175.19,67.41,-58.15
36,10,0.08337,12.09,5.18,-1.23,167.28,51.00,-118.01
36,11,0.09177,13.47,5.61,-2.21,165.09,51.02,-117.09
36,12,0.10010,14.75,5.94,-3.42,153.11,39.60,-145.05
36,13,0.10852,16.02,6.27,-4.63,151.09,38.86,-144.20
36,14,0.11697,17.12,6.49,-6.01,129.60,26.07,-162.82
36,15,0.12534,18.21,6.70,-7.39,130.29,25.48,-165.33
36,16,0.13351,19.29,6.91,-8.78,132.46,25.64,-169.40
36,17,0.14233,20.43,7.13,-10.25,129.07,24.50,-167.47
36,18,0.15085,21.46,7.27,-11.85,120.79,16.75,-187.46
36,19,0.15918,22.47,7.41,-13.46,121.98,16.43,-193.77
36,20,0.16760,23.35,7.43,-15.31,104.35,2.56,-219.20
36,21,0.17548,24.22,7.45,-17.18,110.08,2.28,-237.60
36,22,0.18387,24.98,7.35,-19.41,91.27,-12.07,-265.09
36,23,0.19208,25.74,7.23,-21.66,91.82,-13.61,-273.98
36,24,0.20047,26.39,7.00,-24.27,78.18,-27.32,-311.64
36,25,0.20877,27.03,6.77,-26.91,76.84,-28.79,-318.01
36,26,0.21725,27.51,6.38,-29.93,56.47,-45.96,-356.12
36,27,0.22543,27.99,6.28,-32.96,58.21,-12.17,-370.52
36,28,0.23380,28.57,7.17,-36.20,69.71,106.60,-386.86
36,29,0.24216,29.16,8.06,-39.44,70.07,107.20,-388.32
36,30,0.25055,29.97,8.92,-42.83,96.36,101.81,-404.00
36,31,0.25885,30.77,9.53,-46.22,96.69,73.58,-408.09
36,32,0.26749,31.68,9.92,-49.50,105.65,45.50,-379.86
36,33,0.27567,32.59,10.10,-52.78,111.19,21.51,-400.75
36,34,0.28391,33.66,10.22,-55.96,130.37,14.60,-385.56
36,35,0.29260,34.73,10.34,-59.14,122.11,13.71,-365.96
36,36,0.30057,35.78,10.45,-62.33,131.80,14.36,-400.00
36,37,0.30905,36.82,10.57,-65.52,123.02,13.50,-375.90
36,38,0.31729,37.97,10.70,-68.70,140.00,16.62,-386.30
36,39,0.32556,39.11,10.84,-71.88,138.01,16.25,-385.24
36,40,0.33398,40.44,11.81,-75.00,157.97,114.96,-369.57
36,41,0.34222,41.96,12.74,-78.02,184.07,113.54,-367.41
36,42,0.35092,43.66,13.82,-80.95,194.74,123.72,-336.84
36,43,0.35898,45.52,14.94,-83.77,231.82,139.69,-350.00
36,44,0.36740,47.59,16.12,-86.43,245.29,139.35,-315.94
36,45,0.37564,49.81,17.33,-88.97,269.63,147.14,-307.41
36,46,0.38406,52.18,18.58,-91.36,281.52,147.94,-284.42
36,47,0.39227,54.70,19.85,-93.62,306.32,155.51,-274.72
36,48,0.40042,57.43,21.20,-95.80,335.21,165.37,-268.16
36,49,0.40860,60.29,22.25,-97.82,350.00,128.08,-247.01
36,50,0.41742,63.37,23.28,-99.73,349.48,117.31,-215.92
36,51,0.42526,66.57,24.39,-101.45,407.78,141.53,-219.07
36,52,0.43365,69.99,25.54,-103.01,407.64,136.58,-186.18
36,53,0.44196,73.51,26.68,-104.37,424.26,137.85,-163.60
36,54,0.45032,77.30,27.87,-105.55,453.28,142.64,-141.97
36,55,0.45865,81.16,29.05,-106.51,463.37,141.39,-115.02
36,56,0.46710,85.18,30.24,-107.23,475.45,140.37,-84.84
36,57,0.47552,89.24,31.40,-107.71,481.16,137.86,-56.52
36,58,0.48380,93.31,32.53,-107.94,492.62,136.69,-28.04
36,59,0.49200,97.39,33.63,-107.93,497.40,133.86,1.49
36,60,0.50034,101.47,34.70,-107.71,489.38,128.13,25.27
36,61,0.50891,105.55,35.77,-107.51,475.44,124.75,23.84
36,62,0.51724,109.63,36.85,-107.41,490.48,130.45,12.45
36,63,0.52600,113.72,37.94,-107.30,466.55,123.91,11.85
36,64,0.53394,117.81,39.03,-107.20,515.00,136.97,13.08
36,65,0.54208,121.89,40.11,-107.10,501.50,133.39,12.73
36,66,0.55054,126.01,41.21,-106.99,486.64,129.24,12.27
36,67,0.55887,130.09,42.29,-106.89,489.74,130.25,12.45
36,68,0.56735,134.06,43.14,-106.77,467.99,100.71,13.31
36,69,0.57568,138.02,43.77,-106.66,476.19,74.47,13.55
36,70,0.58447,141.99,44.21,-106.55,451.39,50.04,12.85
36,71,0.59219,145.95,44.47,-106.43,512.25,33.71,15.42
36,72,0.60052,149.72,44.55,-106.23,452.75,9.78,23.44
36,73,0.60892,153.49,44.49,-106.04,449.45,-7.37,23.27
36,74,0.61728,157.26,44.43,-105.84,451.09,-6.78,23.36
36,75,0.62573,161.03,44.40,-105.66,445.13,-2.86,22.02
36,76,0.63394,164.62,44.38,-105.54,437.92,-3.48,14.50
36,77,0.64209,168.22,44.35,-105.43,441.20,-3.62,13.48
36,78,0.65097,171.81,44.31,-105.33,404.81,-3.58,10.65
36,79,0.65924,175.41,44.28,-105.26,434.69,-3.97,9.23
36,80,0.66754,179.00,44.24,-105.23,433.46,-4.55,3.31
36,81,0.67575,182.60,44.20,-105.30,437.92,-5.80,-8.18
36,82,0.68433,186.19,44.14,-105.47,418.86,-6.79,-20.28
36,83,0.69263,189.78,44.07,-105.77,431.99,-8.47,-36.03
36,84,0.70078,193.34,43.98,-106.23,437.83,-10.60,-56.55
36,85,0.70901,196.89,43.88,-106.86,430.00,-12.48,-76.30
36,86,0.71738,200.39,43.76,-107.69,418.61,-14.64,-99.64
36,87,0.72577,203.84,43.61,-108.73,411.27,-17.04,-124.00
36,88,0.73419,207.34,43.44,-110.05,415.58,-20.30,-156.52
36,89,0.74243,210.75,43.25,-111.58,414.44,-23.11,-185.19
36,90,0.75064,214.07,43.04,-113.31,404.09,-25.57,-210.41
36,91,0.75906,217.29,42.81,-115.23,382.25,-27.18,-228.99
36,92,0.76730,220.54,42.55,-117.45,394.07,-31.26,-268.89
36,93,0.77588,223.65,42.28,-119.85,362.63,-32.07,-280.43
36,94,0.78409,226.61,41.99,-122.44,360.59,-35.48,-315.24
36,95,0.79227,229.41,41.68,-125.20,342.54,-37.53,-337.31
36,96,0.80099,232.08,41.36,-128.11,305.59,-36.63,-332.87
36,97,0.80884,234.56,41.03,-131.16,317.12,-42.44,-389.88
36,98,0.81741,236.87,40.68,-134.37,268.33,-40.25,-373.31
36,99,0.82571,238.98,40.33,-137.69,254.41,-42.84,-400.74
36,100,0.83417,241.02,39.97,-141.03,242.24,-42.09,-394.58
36,101,0.84235,242.87,39.61,-144.48,225.37,-44.63,-422.39
36,102,0.85056,244.50,39.23,-148.04,198.88,-45.48,-433.46
36,103,0.85898,245.92,38.85,-151.69,168.48,-45.13,-433.33
36,104,0.86722,247.12,38.47,-155.42,145.19,-46.74,-452.59
36,105,0.87555,248.09,38.24,-159.21,116.48,-27.87,-455.31
36,106,0.88397,248.83,38.34,-163.06,88.04,12.74,-456.52
36,107,0.89218,249.34,38.45,-166.94,62.08,12.61,-472.86
36,108,0.90063,249.61,38.55,-170.85,32.49,11.74,-462.09
36,109,0.90912,249.65,38.64,-174.76,4.68,11.18,-461.15
36,110,0.91721,249.46,38.73,-178.60,-23.77,10.95,-475.09
36,111,0.92551,249.04,38.81,-182.42,-50.74,10.06,-460.66
36,112,0.93399,248.39,38.89,-186.22,-76.62,9.20,-446.76
36,113,0.94235,247.52,38.96,-189.94,-104.01,8.64,-445.99
36,114,0.95074,246.54,39.03,-193.40,-116.36,7.56,-411.64
36,115,0.95908,245.37,39.09,-196.77,-141.03,6.91,-405.13
36,116,0.96744,244.08,39.13,-199.87,-153.65,5.85,-370.80
36,117,0.97580,242.61,39.18,-202.89,-175.91,5.16,-360.95
36,118,0.98474,240.87,39.22,-205.95,-194.54,4.34,-342.32
36,119,0.99271,239.05,39.25,-208.76,-228.35,3.89,-352.11
36,120,1.00104,237.14,39.27,-211.38,-229.30,2.97,-314.29
36,121,1.00931,235.09,39.29,-213.87,-247.97,2.28,-301.11
36,122,1.01770,233.02,39.30,-216.17,-246.91,1.65,-273.82
36,123,1.02625,230.87,39.32,-218.39,-251.07,1.25,-260.71
36,124,1.03448,228.73,39.33,-220.62,-260.74,1.29,-270.37
36,125,1.04294,226.58,39.34,-222.84,-253.43,1.24,-262.45
36,126,1.05090,224.49,39.35,-224.99,-262.45,1.23,-269.73
36,127,1.05930,222.40,39.36,-227.14,-249.09,1.18,-256.00
36,128,1.06754,220.31,39.37,-229.28,-253.70,1.19,-260.74
36,129,1.07614,218.22,39.38,-231.44,-243.62,1.16,-250.71
36,130,1.08444,216.08,39.39,-233.69,-257.72,1.36,-270.96
37,0,0.00000,0.00,0.00,0.00,12.18,-5.66,66.42
37,1,0.00827,0.11,-0.05,0.55,12.92,-5.45,66.42
37,2,0.01666,0.39,-0.07,1.41,34.18,-3.19,102.18
37,3,0.02502,0.69,-0.09,2.26,35.77,-2.36,102.19
37,4,0.03336,1.31,-0.03,3.33,73.63,7.46,128.21
37,5,0.04172,1.93,0.04,4.39,75.18,8.53,126.64
37,6,0.04999,2.88,0.21,5.61,114.02,19.74,147.23
37,7,0.05832,3.84,0.38,6.81,115.38,20.41,144.32
37,8,0.06653,5.08,0.70,7.68,151.30,39.71,106.69
37,9,0.07483,6.34,1.04,8.54,151.47,40.35,103.31
37,10,0.08319,7.97,1.56,9.04,194.53,62.91,59.12
37,11,0.09149,9.60,2.09,9.51,196.69,64.16,56.62
37,12,0.09991,11.34,2.71,9.73,206.88,72.46,26.81
37,13,0.10831,13.09,3.32,9.93,208.00,73.53,23.64
37,14,0.11700,14.84,3.98,9.87,202.11,75.93,-7.02
37,15,0.12488,16.60,4.65,9.78,223.26,84.25,-10.85
37,16,0.13315,18.36,5.31,9.67,212.18,80.70,-13.65
37,17,0.14148,20.11,5.99,9.53,210.62,80.69,-16.48
37,18,0.14987,21.98,6.73,9.20,222.91,88.68,-39.64
37,19,0.15802,23.85,7.48,8.84,228.84,91.52,-44.19
37,20,0.16650,25.78,8.29,8.18,228.42,96.31,-77.34
37,21,0.17477,27.71,8.97,7.50,233.21,81.35,-82.66
37,22,0.18314,29.82,9.65,6.45,252.19,81.53,-125.18
37,23,0.19150,31.91,10.25,5.38,250.00,72.64,-128.83
37,24,0.19977,34.18,11.18,3.92,274.54,111.50,-175.65
37,25,0.20810,36.43,12.00,2.44,269.96,98.43,-178.39
37,26,0.21722,38.81,12.92,0.52,260.54,100.71,-210.70
37,27,0.22479,41.16,13.83,-1.44,310.48,120.81,-258.47
37,28,0.23318,43.71,14.82,-3.51,304.36,117.67,-246.55
37,29,0.24149,46.24,15.80,-5.62,304.04,118.42,-253.68
37,30,0.24994,49.02,16.85,-7.71,329.24,124.50,-248.38
37,31,0.25815,51.77,17.90,-9.85,335.32,127.92,-260.59
37,32,0.26657,54.52,18.93,-11.86,326.45,122.33,-238.41
37,33,0.27484,57.24,19.96,-13.91,328.78,124.38,-247.60
37,34,0.28317,60.01,20.98,-15.80,332.60,122.24,-226.74
37,35,0.29156,62.76,22.00,-17.73,326.91,121.16,-229.82
37,36,0.29999,65.47,23.01,-19.70,322.46,120.57,-233.70
37,37,0.30829,68.16,24.03,-21.70,323.53,122.17,-241.91
37,38,0.31665,70.91,25.03,-23.67,329.56,119.61,-235.04
37,39,0.32507,73.64,25.81,-25.67,323.91,92.71,-238.04
37,40,0.33350,76.48,26.35,-27.51,337.32,64.18,-218.48
37,41,0.34174,79.43,26.66,-29.18,357.78,38.00,-202.22
37,42,0.35007,82.45,26.76,-30.71,362.64,11.24,-183.15
37,43,0.35834,85.46,26.63,-32.26,363.47,-15.38,-188.19
37,44,0.36676,88.47,26.38,-33.77,357.61,-28.92,-178.99
37,45,0.37506,91.48,26.26,-35.28,362.50,-15.13,-182.35
37,46,0.38345,94.49,26.07,-36.80,358.55,-22.12,-181.09
37,47,0.39175,97.49,25.89,-38.32,362.13,-22.36,-183.09
37,48,0.40018,100.61,25.69,-39.92,369.57,-23.01,-189.13
37,49,0.40839,103.72,25.50,-41.51,379.18,-23.65,-194.05
37,50,0.41687,106.95,25.30,-43.16,380.22,-23.64,-194.24
37,51,0.42508,110.17,25.10,-44.81,392.94,-24.48,-200.74
37,52,0.43350,113.53,24.89,-46.50,398.91,-24.58,-201.09
37,53,0.44180,116.89,24.68,-48.19,404.41,-24.94,-204.04
37,54,0.45013,120.44,24.47,-49.97,426.74,-26.02,-212.82
37,55,0.45856,124.00,24.25,-51.74,422.10,-25.78,-210.51
37,56,0.46738,127.66,24.03,-53.54,415.57,-25.00,-203.81
37,57,0.47516,131.33,23.81,-55.34,470.98,-28.42,-231.37
37,58,0.48355,134.99,23.59,-57.14,436.73,-26.35,-214.55
37,59,0.49188,138.66,23.37,-58.94,439.93,-26.50,-216.12
37,60,0.50021,142.32,23.15,-60.74,439.93,-26.50,-216.12
37,61,0.50845,145.99,23.26,-62.54,444.81,13.98,-218.52
37,62,0.51691,149.61,23.35,-64.44,428.16,10.94,-224.55
37,63,0.52518,153.23,23.47,-66.34,437.64,14.26,-229.52
37,64,0.53354,156.85,23.59,-68.23,432.85,14.10,-227.01
37,65,0.54187,160.47,23.71,-70.13,434.43,14.17,-227.84
37,66,0.55020,164.09,23.83,-72.03,434.43,14.15,-227.84
37,67,0.55850,167.71,23.94,-73.93,436.03,14.21,-228.68
37,68,0.56693,171.23,24.06,-75.76,418.12,13.58,-217.39
37,69,0.57520,174.75,24.17,-77.59,425.83,13.83,-221.40
37,70,0.58368,178.27,24.29,-79.42,415.11,13.48,-215.83
37,71,0.59195,181.79,24.40,-81.25,425.83,13.83,-221.40
37,72,0.60025,185.18,24.51,-82.92,408.46,12.99,-200.74
37,73,0.60858,188.57,24.62,-84.59,406.96,12.95,-200.00
37,74,0.61688,191.96,24.72,-86.25,408.46,12.99,-200.74
37,75,0.62527,195.35,24.83,-87.92,403.64,12.85,-199.27
37,76,0.63370,198.49,24.94,-89.69,372.10,12.47,-209.42
37,77,0.64200,201.55,25.04,-91.57,368.75,12.85,-227.21
37,78,0.65030,204.57,25.15,-93.53,363.97,12.92,-235.29
37,79,0.65857,207.55,25.26,-95.54,360.52,13.06,-243.17
37,80,0.66699,210.51,25.37,-97.58,351.81,12.85,-242.03
37,81,0.67529,213.46,25.48,-99.64,354.78,13.08,-248.90
37,82,0.68359,216.38,25.58,-101.74,351.84,13.10,-252.94
37,83,0.69208,219.28,25.69,-103.87,342.09,12.86,-250.36
37,84,0.70029,222.17,25.80,-106.01,352.04,13.31,-260.97
37,85,0.70862,225.04,25.91,-108.18,343.96,13.16,-261.17
37,86,0.71701,227.88,26.02,-110.39,338.55,13.08,-262.91
37,87,0.72525,230.69,26.13,-112.64,341.11,13.37,-272.59
37,88,0.73376,233.55,26.25,-115.05,336.56,13.52,-282.80
37,89,0.74194,236.38,26.36,-117.50,345.52,14.11,-299.63
37,90,0.75031,239.17,26.48,-119.99,333.58,13.84,-298.18
37,91,0.75858,241.92,26.59,-122.53,332.84,14.02,-306.64
37,92,0.76709,244.78,26.72,-125.23,335.84,14.34,-317.20
37,93,0.77530,247.60,26.84,-127.96,343.87,14.88,-333.46
37,94,0.78363,250.39,26.96,-130.74,334.43,14.69,-332.97
37,95,0.79196,253.12,27.08,-133.57,327.84,14.72,-339.56
37,96,0.80032,255.84,27.21,-136.43,324.82,14.71,-341.97
37,97,0.80862,258.50,27.33,-139.33,320.96,14.83,-350.00
37,98,0.81708,261.11,27.45,-142.29,308.66,14.57,-349.46
37,99,0.82581,263.67,27.58,-145.29,293.36,14.13,-343.71
37,100,0.83368,266.29,27.70,-148.20,332.17,15.53,-370.16
37,101,0.84192,268.84,27.82,-151.17,309.63,14.85,-360.37
37,102,0.85034,271.34,27.94,-154.18,296.74,14.52,-357.61
37,103,0.85867,273.79,28.07,-157.23,294.87,14.70,-365.93
37,104,0.86713,276.22,28.19,-160.31,286.64,14.48,-363.90
37,105,0.87537,278.61,28.31,-163.40,290.74,14.84,-375.93
37,106,0.88364,280.98,28.43,-166.52,286.35,14.79,-377.12
37,107,0.89203,283.33,28.56,-169.66,279.27,14.57,-373.82
37,108,0.90036,285.65,28.68,-172.81,278.75,14.66,-378.39
37,109,0.90863,287.96,28.80,-175.97,280.07,14.78,-381.92
37,110,0.91708,290.23,28.92,-179.08,268.59,14.21,-367.51
37,111,0.92532,292.50,29.04,-182.19,275.19,14.56,-377.41
37,112,0.93381,294.77,29.16,-185.30,266.91,14.15,-366.55
37,113,0.94202,297.03,29.28,-188.41,275.46,14.63,-379.18
37,114,0.95090,299.18,29.39,-191.28,241.92,12.60,-323.71
37,115,0.95874,301.32,29.50,-194.16,273.54,14.29,-366.93
37,116,0.96716,303.33,29.61,-196.85,238.04,12.45,-319.57
37,117,0.97531,305.32,29.71,-199.55,244.94,12.85,-331.09
37,118,0.98376,307.31,29.82,-202.26,235.02,12.39,-319.86
37,119,0.99200,309.28,29.92,-204.97,239.63,12.70,-329.26
37,120,1.00043,311.20,30.02,-207.58,227.17,12.00,-310.51
37,121,1.00870,313.10,30.13,-210.21,230.63,12.23,-316.97
37,122,1.01712,314.96,30.22,-212.68,219.93,11.47,-294.20
37,123,1.02536,316.80,30.32,-215.17,223.70,11.72,-301.85
37,124,1.03375,318.63,30.41,-217.66,218.18,11.51,-297.09
37,125,1.04211,320.45,30.51,-220.17,217.15,11.53,-299.64
37,126,1.05042,322.18,30.60,-222.62,208.46,11.25,-294.85
37,127,1.05878,323.89,30.70,-225.08,204.38,11.17,-294.53
37,128,1.06784,325.57,30.79,-227.55,186.20,10.28,-273.06
37,129,1.07547,327.31,30.89,-230.13,227.60,12.67,-337.60
37,130,1.08380,329.05,30.98,-232.71,208.42,11.59,-309.16
38,0,0.00000,0.00,0.00,0.00,-51.84,-3.70,43.01
38,1,0.00854,-0.43,-0.03,0.36,-50.00,-3.52,42.14
38,2,0.01730,-1.04,-0.07,1.03,-70.38,-5.08,75.96
38,3,0.02502,-1.65,-0.12,1.69,-79.05,-5.68,86.56
38,4,0.03329,-2.32,-0.17,2.73,-80.07,-5.98,125.46
38,5,0.04166,-2.97,-0.22,3.78,-78.47,-5.83,124.82
38,6,0.05008,-3.63,-0.27,5.17,-78.62,-6.09,165.22
38,7,0.05841,-4.29,-0.32,6.56,-78.39,-6.09,167.40
38,8,0.06671,-4.53,-0.34,8.06,-29.78,-2.92,180.88
38,9,0.07510,-4.77,-0.37,9.56,-28.36,-2.80,178.91
38,10,0.08340,-4.54,-0.36,11.25,28.31,0.80,202.57
38,11,0.09177,-4.29,-0.35,12.93,29.20,0.92,201.09
38,12,0.10013,-3.79,-0.33,14.61,59.85,2.89,201.46
38,13,0.10855,-3.28,-0.30,16.29,60.51,2.99,199.64
38,14,0.11685,-2.54,-0.26,17.89,89.34,4.90,192.28
38,15,0.12540,-1.79,-0.22,19.48,87.86,4.88,186.07
38,16,0.13342,-1.03,-0.18,21.07,94.68,5.27,197.72
38,17,0.14182,-0.26,-0.14,22.65,92.00,5.09,188.36
38,18,0.14990,0.72,-0.08,24.27,121.51,7.00,201.13
38,19,0.15829,1.72,-0.02,25.89,118.55,6.84,193.09
38,20,0.16660,3.00,0.06,27.49,154.41,9.28,191.91
38,21,0.17487,4.29,0.13,29.07,156.09,9.35,191.88
38,22,0.18317,5.97,0.24,30.72,202.57,12.38,198.53
38,23,0.19147,7.66,0.34,32.36,203.68,12.50,197.06
38,24,0.19992,9.75,0.47,34.06,247.29,15.36,201.44
38,25,0.20862,11.85,0.60,35.75,241.40,14.98,194.39
38,26,0.21692,14.39,0.76,37.45,305.88,19.24,205.15
38,27,0.22540,16.94,0.92,39.14,300.72,18.93,198.92
38,28,0.23370,19.64,1.09,41.02,325.37,20.39,225.74
38,29,0.24191,22.36,1.26,42.87,330.48,20.72,226.02
38,30,0.25064,25.12,1.43,45.00,316.08,19.70,243.71
38,31,0.25858,27.89,1.60,47.11,349.62,21.83,266.15
38,32,0.26672,30.52,1.77,49.27,322.47,19.97,265.54
38,33,0.27509,33.16,1.93,51.42,316.06,19.65,256.57
38,34,0.28342,35.64,2.08,53.67,297.80,18.31,270.70
38,35,0.29193,38.14,2.24,55.91,293.19,18.10,263.08
38,36,0.30017,40.65,2.39,58.14,304.81,18.81,270.00
38,37,0.30850,43.17,2.55,60.35,302.93,18.62,265.20
38,38,0.31683,45.65,2.56,62.66,297.44,1.16,276.92
38,39,0.32523,48.14,2.34,64.95,297.09,-25.71,273.09
38,40,0.33347,50.49,1.98,67.38,285.19,-43.68,295.56
38,41,0.34186,52.69,1.77,69.96,262.18,-24.73,306.55
38,42,0.35022,54.74,1.48,72.66,244.16,-35.39,322.99
38,43,0.35919,56.61,1.18,75.47,209.18,-33.76,313.95
38,44,0.36685,58.26,0.87,78.41,215.54,-40.25,383.67
38,45,0.37527,59.74,0.55,81.44,174.64,-37.13,359.78
38,46,0.38354,61.02,0.24,84.56,155.72,-38.19,376.75
38,47,0.39194,62.12,-0.08,87.74,130.91,-37.87,379.64
38,48,0.40024,63.07,-0.41,91.11,114.71,-39.80,405.51
38,49,0.40863,63.82,-0.74,94.53,89.09,-39.36,406.91
38,50,0.41693,64.38,-1.08,98.10,67.28,-41.06,431.25
38,51,0.42526,64.72,-1.42,101.71,41.03,-40.59,432.97
38,52,0.43359,64.83,-1.76,105.47,13.19,-41.51,451.28
38,53,0.44193,64.72,-2.11,109.23,-13.92,-40.95,451.28
38,54,0.45026,64.34,-2.46,113.19,-45.42,-42.29,474.73
38,55,0.45865,63.72,-2.80,117.11,-73.09,-41.03,467.64
38,56,0.46811,62.82,-3.14,121.09,-95.16,-36.18,420.97
38,57,0.47540,61.64,-3.49,125.14,-161.92,-46.82,554.39
38,58,0.48367,60.27,-3.80,128.98,-166.42,-38.40,464.58
38,59,0.49200,58.66,-3.98,132.73,-192.67,-20.73,450.55
38,60,0.50031,56.83,-4.15,136.38,-220.22,-20.62,439.71
38,61,0.50876,54.79,-4.31,139.92,-241.16,-18.69,418.41
38,62,0.51703,52.75,-4.46,143.46,-246.86,-19.16,428.04
38,63,0.52545,50.64,-4.62,146.96,-251.09,-18.22,415.22
38,64,0.53369,48.47,-4.77,150.42,-262.96,-18.26,420.74
38,65,0.54205,46.24,-4.91,153.85,-266.42,-17.50,409.85
38,66,0.55048,43.90,-5.05,157.20,-278.62,-16.37,397.46
38,67,0.55875,41.53,-5.19,160.53,-285.61,-16.55,402.95
38,68,0.56705,39.21,-5.32,163.75,-280.51,-15.75,387.50
38,69,0.57571,36.87,-5.45,166.96,-270.07,-14.94,370.07
38,70,0.58368,34.50,-5.58,170.15,-296.55,-16.13,400.77
38,71,0.59204,32.12,-5.70,173.32,-284.67,-15.08,378.83
38,72,0.60040,29.75,-5.82,176.26,-283.21,-13.52,351.82
38,73,0.60873,27.33,-5.93,179.16,-290.84,-13.02,347.99
38,74,0.61716,24.81,-6.03,181.97,-298.91,-11.97,334.42
38,75,0.62543,22.24,-6.12,184.73,-311.81,-11.55,332.84
38,76,0.63367,19.73,-6.21,187.31,-303.70,-10.56,313.70
38,77,0.64191,17.15,-6.29,189.82,-313.33,-9.75,304.07
38,78,0.65033,14.43,-6.36,192.17,-323.19,-7.90,278.99
38,79,0.65869,11.60,-6.41,194.38,-338.69,-6.69,265.33
38,80,0.66699,8.70,-6.46,196.52,-348.53,-5.88,257.35
38,81,0.67529,5.77,-6.51,198.61,-353.31,-5.41,251.10
38,82,0.68362,2.78,-6.54,200.60,-359.34,-4.47,239.19
38,83,0.69196,-0.27,-6.57,202.51,-365.20,-3.79,230.04
38,84,0.70032,-3.35,-6.60,204.36,-369.34,-3.04,220.44
38,85,0.70868,-6.50,-6.62,206.10,-376.28,-2.14,208.03
38,86,0.71695,-9.70,-6.63,207.75,-386.35,-1.32,200.00
38,87,0.72534,-12.95,-6.63,209.30,-387.27,-0.44,185.09
38,88,0.73364,-16.35,-6.63,210.85,-410.66,0.14,186.40
38,89,0.74210,-19.78,-6.66,212.35,-405.42,-3.80,177.62
38,90,0.75040,-23.22,-6.89,213.82,-414.71,-27.66,176.47
38,91,0.75867,-26.70,-7.23,215.23,-419.93,-41.10,170.85
38,92,0.76703,-30.35,-7.64,216.68,-437.23,-48.28,172.99
38,93,0.77560,-34.02,-8.02,218.08,-428.11,-44.38,163.70
38,94,0.78369,-37.70,-8.40,219.47,-454.72,-47.01,171.70
38,95,0.79211,-41.38,-8.78,220.87,-436.23,-45.20,166.30
38,96,0.80127,-45.09,-9.16,222.19,-405.67,-41.53,144.33
38,97,0.80902,-48.81,-9.54,223.49,-480.31,-49.04,167.72
38,98,0.81744,-52.53,-9.92,224.82,-440.94,-45.17,157.25
38,99,0.82584,-56.24,-10.30,226.14,-442.55,-45.29,157.45
38,100,0.83405,-59.99,-10.67,227.28,-456.13,-45.64,139.03
38,101,0.84250,-63.73,-11.05,228.42,-443.32,-44.30,134.66
38,102,0.85083,-67.48,-11.42,229.54,-450.18,-44.94,135.16
38,103,0.85931,-71.23,-11.80,230.66,-442.09,-44.07,132.01
38,104,0.86798,-74.99,-12.17,231.77,-433.45,-43.13,127.82
38,105,0.87637,-78.76,-12.54,232.86,-449.09,-44.59,129.45
38,106,0.88455,-82.53,-12.92,233.91,-461.19,-45.51,127.99
38,107,0.89297,-86.32,-13.29,234.91,-449.64,-44.14,118.84
38,108,0.90112,-90.12,-13.66,235.86,-466.29,-45.41,116.48
38,109,0.90976,-93.93,-14.03,236.75,-440.99,-42.65,103.89
38,110,0.91779,-97.68,-14.39,237.60,-467.30,-45.01,106.08
38,111,0.92621,-101.44,-14.27,238.40,-446.74,14.11,94.57
38,112,0.93445,-105.22,-14.24,239.14,-458.15,3.07,90.37
38,113,0.94284,-108.99,-14.12,239.85,-449.45,14.34,84.00
38,114,0.95111,-112.53,-14.01,240.42,-428.41,13.58,69.37
38,115,0.95944,-116.07,-13.90,240.95,-425.27,13.46,63.37
38,116,0.96774,-119.40,-13.79,241.41,-400.37,12.64,55.15
38,117,0.97632,-122.73,-13.69,241.82,-388.26,12.21,48.40
38,118,0.98450,-126.06,-13.58,242.21,-407.46,12.79,47.01
38,119,0.99286,-129.39,-13.48,242.56,-398.54,12.50,41.61
38,120,1.00116,-132.62,-13.38,242.84,-388.97,12.14,34.56
38,121,1.00919,-135.85,-13.28,243.10,-401.90,12.52,32.32
38,122,1.01746,-138.93,-13.18,243.30,-373.43,11.62,23.99
38,123,1.02588,-142.02,-13.09,243.50,-366.67,11.38,23.55
38,124,1.03412,-145.11,-12.99,243.70,-374.81,11.63,23.70
38,125,1.04251,-148.20,-12.90,243.89,-367.64,11.42,23.27
38,126,1.05078,-151.19,-12.80,244.09,-361.62,11.24,24.35
38,127,1.05923,-154.18,-12.71,244.29,-353.79,11.00,23.83
38,128,1.06757,-157.17,-12.62,244.49,-358.97,11.15,24.18
38,129,1.07587,-160.16,-12.52,244.70,-360.66,11.20,24.26
38,130,1.08411,-163.26,-12.43,244.89,-376.30,11.70,23.33
39,0,0.00000,0.00,0.00,0.00,-50.73,-4.16,43.43
39,1,0.00854,-0.43,0.01,0.35,-50.71,1.45,41.07
39,2,0.01666,-1.08,0.04,0.98,-80.08,3.05,77.44
39,3,0.02490,-1.75,0.06,1.59,-81.11,2.58,74.07
39,4,0.03339,-2.54,0.09,2.54,-92.81,4.07,111.51
39,5,0.04169,-3.35,0.22,3.46,-98.16,14.77,111.40
39,6,0.05017,-4.28,0.31,4.69,-108.63,10.83,145.32
39,7,0.05835,-5.23,0.39,5.90,-117.16,10.59,147.76
39,8,0.06665,-5.87,0.52,7.28,-76.47,15.14,166.54
39,9,0.07501,-6.54,0.64,8.65,-80.66,14.46,163.14
39,10,0.08319,-6.88,0.82,10.31,-41.04,21.53,203.73
39,11,0.09204,-7.26,0.99,11.97,-43.10,19.40,186.90
39,12,0.09979,-7.47,1.18,13.71,-26.77,24.88,225.20
39,13,0.10852,-7.73,1.37,15.45,-29.72,21.67,199.30
39,14,0.11639,-7.80,1.57,17.21,-9.30,25.65,223.26
39,15,0.12476,-7.93,1.77,18.97,-14.96,23.76,209.85
39,16,0.13373,-8.10,1.97,20.72,-19.39,21.75,195.24
39,17,0.14136,-8.32,2.16,22.46,-29.20,25.16,228.80
39,18,0.15002,-8.46,2.37,24.36,-15.49,24.72,218.66
39,19,0.15833,-8.65,2.58,26.25,-22.79,25.35,227.57
39,20,0.16705,-8.66,2.82,28.29,-1.75,27.39,234.27
39,21,0.17480,-8.74,3.06,30.34,-9.84,30.34,263.78
39,22,0.18329,-8.64,3.34,32.69,11.15,33.03,276.98
39,23,0.19159,-8.62,3.61,35.04,3.31,33.43,283.46
39,24,0.20007,-8.45,3.94,37.73,19.42,38.32,317.27
39,25,0.20807,-8.36,4.26,40.43,11.07,40.12,337.02
39,26,0.21649,-8.11,4.63,43.47,30.43,44.13,361.59
39,27,0.22473,-7.94,5.00,46.52,20.37,44.58,370.37
39,28,0.23328,-7.94,5.38,49.81,-0.71,45.05,384.64
39,29,0.24164,-8.04,5.76,53.10,-12.04,45.38,393.07
39,30,0.24994,-8.47,6.15,56.56,-51.10,45.94,416.91
39,31,0.25861,-8.99,6.52,60.00,-60.21,43.12,397.54
39,32,0.26678,-9.74,6.87,63.32,-92.16,42.31,405.97
39,33,0.27472,-10.59,7.20,66.62,-106.92,42.52,415.38
39,34,0.28326,-11.72,7.51,69.78,-131.43,35.87,370.00
39,35,0.29169,-12.93,7.81,72.91,-144.20,35.24,371.38
39,36,0.29980,-14.23,8.09,76.00,-160.53,35.41,380.83
39,37,0.30817,-15.62,8.37,79.05,-166.42,33.23,364.96
39,38,0.31683,-17.23,8.63,82.03,-185.21,29.65,344.01
39,39,0.32471,-18.92,8.88,84.97,-214.34,31.39,372.48
39,40,0.33350,-20.59,9.12,87.91,-189.93,28.33,335.07
39,41,0.34155,-22.27,9.37,90.85,-209.09,30.74,364.39
39,42,0.34991,-23.98,9.62,93.77,-204.01,29.26,349.64
39,43,0.35822,-25.69,9.86,96.69,-206.25,29.40,351.84
39,44,0.36700,-27.45,10.10,99.56,-200.69,26.81,326.74
39,45,0.37469,-29.23,10.33,102.43,-230.95,30.36,372.22
39,46,0.38336,-31.02,10.56,105.29,-205.99,26.84,329.93
39,47,0.39166,-32.81,10.79,108.14,-216.18,27.87,343.75
39,48,0.40027,-34.66,11.03,111.10,-215.60,27.97,344.33
39,49,0.40833,-36.53,11.27,114.06,-231.06,29.80,367.42
39,50,0.41644,-38.46,11.52,117.13,-238.35,30.55,377.44
39,51,0.42480,-40.40,11.77,120.19,-231.39,29.67,366.42
39,52,0.43329,-42.42,12.02,123.36,-238.85,29.15,373.38
39,53,0.44165,-44.45,12.18,126.53,-242.34,18.90,378.83
39,54,0.44995,-46.63,12.38,129.90,-263.24,25.09,406.99
39,55,0.45831,-48.79,12.59,133.24,-258.03,24.77,398.91
39,56,0.46686,-51.03,12.80,136.65,-262.14,24.31,399.29
39,57,0.47504,-53.27,12.78,140.06,-273.88,-2.11,417.16
39,58,0.48346,-55.51,12.59,143.48,-265.94,-22.32,405.07
39,59,0.49164,-57.75,12.24,146.89,-274.25,-42.86,417.16
39,60,0.50000,-60.00,11.97,150.30,-268.25,-32.90,408.03
39,61,0.50836,-62.28,11.69,153.68,-273.36,-33.57,404.38
39,62,0.51660,-64.55,11.41,157.08,-275.19,-33.75,412.96
39,63,0.52545,-66.89,11.12,160.43,-264.48,-32.65,378.62
39,64,0.53326,-69.28,10.83,163.75,-305.47,-37.71,424.61
39,65,0.54175,-71.71,10.52,167.03,-287.05,-35.61,387.05
39,66,0.54993,-74.20,10.29,170.28,-304.48,-28.40,396.64
39,67,0.55872,-76.75,9.94,173.48,-289.58,-39.92,363.89
39,68,0.56671,-79.27,9.60,176.54,-315.65,-43.11,383.21
39,69,0.57501,-81.84,9.25,179.57,-308.82,-41.54,365.44
39,70,0.58368,-84.46,8.88,182.61,-303.17,-42.47,350.70
39,71,0.59186,-87.08,8.50,185.60,-319.78,-46.88,364.55
39,72,0.60022,-89.65,8.11,188.36,-308.03,-46.14,330.66
39,73,0.60840,-92.25,7.74,191.11,-316.79,-46.19,336.19
39,74,0.61700,-94.85,7.36,193.84,-303.19,-43.96,317.38
39,75,0.62537,-97.49,6.98,196.55,-314.96,-45.37,323.36
39,76,0.63379,-100.00,6.62,199.12,-297.83,-42.91,306.16
39,77,0.64197,-102.55,6.25,201.66,-312.31,-44.44,309.70
39,78,0.65027,-105.15,5.89,204.14,-312.87,-43.96,299.63
39,79,0.65845,-107.79,5.52,206.59,-322.39,-44.85,298.88
39,80,0.66711,-110.46,5.15,208.99,-308.80,-42.54,277.11
39,81,0.67523,-113.17,4.78,211.36,-333.08,-45.55,292.11
39,82,0.68353,-115.89,4.41,213.71,-328.68,-44.66,282.35
39,83,0.69214,-118.64,4.04,216.02,-319.50,-43.13,269.50
39,84,0.70013,-121.41,3.67,218.32,-346.56,-46.58,287.02
39,85,0.70844,-124.20,3.30,220.60,-335.66,-44.90,274.26
39,86,0.71710,-126.99,2.92,222.86,-322.18,-43.00,261.27
39,87,0.72485,-129.79,2.55,225.13,-361.02,-48.22,292.52
39,88,0.73370,-132.68,2.16,227.50,-326.55,-43.74,268.28
39,89,0.74207,-135.57,1.78,229.88,-345.62,-46.30,283.94
39,90,0.75024,-138.46,1.39,232.25,-353.73,-47.41,290.30
39,91,0.75842,-141.36,1.00,234.63,-354.10,-47.44,290.67
39,92,0.76672,-144.40,0.59,237.12,-366.54,-49.03,299.63
39,93,0.77527,-147.45,0.19,239.60,-356.07,-47.68,291.07
39,94,0.78351,-150.49,-0.22,242.09,-369.63,-49.43,301.85
39,95,0.79169,-153.54,-0.63,244.58,-372.39,-49.80,304.10
39,96,0.80029,-156.62,-1.04,247.04,-357.80,-47.57,286.17
39,97,0.80841,-159.69,-1.45,249.51,-378.95,-50.45,303.76
39,98,0.81714,-162.76,-1.86,251.99,-351.05,-46.83,284.27
39,99,0.82520,-165.80,-2.26,254.49,-377.65,-50.67,310.98
39,100,0.83350,-168.90,-2.67,256.88,-373.53,-49.11,287.87
39,101,0.84198,-171.95,-3.08,259.34,-359.35,-47.92,289.57
39,102,0.85052,-174.94,-3.48,261.87,-350.00,-47.30,296.07
39,103,0.85876,-177.88,-3.89,264.46,-356.67,-48.80,314.07
39,104,0.86682,-180.76,-4.29,267.11,-357.95,-49.68,328.79
39,105,0.87488,-183.60,-4.68,269.80,-352.27,-49.40,334.85
39,106,0.88367,-186.39,-5.08,272.55,-317.01,-45.02,312.85
39,107,0.89203,-189.12,-5.47,275.35,-327.37,-47.15,335.04
39,108,0.90039,-191.82,-5.86,278.20,-321.90,-46.78,339.78
39,109,0.90875,-194.48,-6.25,281.06,-318.25,-46.63,343.07
39,110,0.91699,-197.06,-6.64,283.91,-314.07,-46.34,345.56
39,111,0.92499,-199.64,-7.02,286.77,-321.76,-47.63,357.63
39,112,0.93347,-202.17,-7.40,289.66,-298.92,-44.72,341.01
39,113,0.94171,-204.61,-7.77,292.63,-296.30,-45.38,359.63
39,114,0.95032,-206.85,-8.12,295.43,-259.93,-40.31,326.24
39,115,0.95844,-209.00,-8.59,298.30,-265.04,-58.25,353.01
39,116,0.96692,-210.96,-9.08,301.03,-230.22,-57.57,321.58
39,117,0.97534,-212.84,-9.53,303.81,-223.55,-53.53,329.71
39,118,0.98358,-214.61,-9.98,306.66,-214.44,-54.21,346.30
39,119,0.99194,-216.21,-10.42,309.60,-191.97,-52.62,351.82
39,120,1.00012,-217.65,-10.84,312.51,-175.75,-51.33,355.22
39,121,1.00842,-218.91,-11.25,315.49,-151.84,-49.48,359.19
39,122,1.01727,-220.00,-11.63,318.38,-123.45,-43.51,326.90
39,123,1.02490,-220.95,-12.01,321.32,-124.80,-49.42,385.60
39,124,1.03339,-221.79,-12.32,324.30,-98.56,-36.58,351.08
39,125,1.04181,-222.53,-12.77,327.30,-87.68,-53.09,356.52
39,126,1.05048,-223.13,-13.13,330.24,-69.01,-41.59,338.73
39,127,1.05847,-223.60,-13.48,333.20,-59.54,-43.74,370.23
39,128,1.06665,-223.99,-13.82,336.17,-47.01,-41.78,363.43
39,129,1.07501,-224.28,-11.58,339.16,-35.04,267.83,356.93
39,130,1.08392,-224.51,-8.14,342.32,-26.37,385.42,354.45
40,0,0.00000,0.00,0.00,0.00,42.39,7.81,51.09
40,1,0.00830,0.35,0.07,0.44,41.91,7.86,52.57
40,2,0.01660,0.98,0.17,1.09,75.74,12.49,78.68
40,3,0.02496,1.59,0.27,1.75,73.36,12.47,79.56
40,4,0.03326,2.55,0.41,2.53,115.07,16.07,93.75
40,5,0.04163,3.49,0.54,3.33,112.41,16.19,95.26
40,6,0.04999,4.74,0.70,4.22,150.36,19.38,106.57
40,7,0.05829,5.98,0.87,5.14,148.90,19.76,110.66
40,8,0.06671,7.39,1.00,5.72,167.03,16.07,68.84
40,9,0.07501,8.78,1.14,6.33,167.65,16.52,73.53
40,10,0.08331,10.46,1.25,6.58,202.57,13.64,29.78
40,11,0.09161,12.13,1.37,6.86,201.84,14.09,34.19
40,12,0.10004,13.89,1.47,6.95,208.33,11.90,11.23
40,13,0.10834,15.64,1.57,7.09,211.03,12.54,15.81
40,14,0.11664,17.40,1.66,7.02,211.76,9.90,-7.72
40,15,0.12506,19.16,1.74,7.00,209.06,10.38,-2.90
40,16,0.13440,20.92,1.84,7.01,188.56,9.79,1.31
40,17,0.14160,22.85,1.94,7.05,268.22,14.23,5.51
40,18,0.15002,24.75,2.03,6.99,225.36,10.74,-7.25
40,19,0.15833,26.66,2.12,6.95,230.15,11.21,-5.15
40,20,0.16663,28.69,2.20,6.72,244.85,9.58,-26.84
40,21,0.17499,30.76,2.28,6.52,246.72,9.98,-24.09
40,22,0.18335,33.07,2.36,6.12,277.37,8.87,-47.45
40,23,0.19165,35.43,2.44,5.76,283.82,9.62,-44.49
40,24,0.20007,38.07,2.51,5.21,313.41,8.90,-65.22
40,25,0.20831,40.75,2.59,4.69,325.19,9.75,-62.96
40,26,0.21680,43.72,2.67,3.96,350.00,8.40,-85.97
40,27,0.22498,46.73,2.75,3.30,367.54,9.94,-80.97
40,28,0.23340,49.97,2.85,2.74,384.78,12.50,-65.58
40,29,0.24170,53.24,2.97,2.28,394.12,13.95,-55.88
40,30,0.25000,56.72,3.50,2.07,419.12,63.53,-25.74
40,31,0.25830,60.19,3.95,1.94,418.75,54.69,-15.07
40,32,0.26672,63.60,4.39,2.03,403.99,52.36,10.51
40,33,0.27502,66.99,4.83,2.21,408.82,52.81,22.06
40,34,0.28345,70.32,5.25,2.65,394.93,50.43,52.17
40,35,0.29169,73.63,5.68,3.16,402.22,51.32,62.22
40,36,0.30011,76.93,6.10,3.75,392.03,49.87,69.57
40,37,0.30847,80.22,6.51,4.42,393.43,49.89,79.93
40,38,0.31671,83.50,6.93,5.28,397.41,50.03,104.07
40,39,0.32501,86.75,7.33,6.21,392.28,49.23,112.13
40,40,0.33337,90.06,7.75,6.94,395.26,50.01,87.59
40,41,0.34161,93.38,8.17,7.58,403.33,51.21,78.15
40,42,0.34991,96.70,8.60,8.26,399.63,50.68,81.25
40,43,0.35828,100.01,9.01,8.98,395.62,50.08,85.77
40,44,0.36658,103.28,9.43,9.78,394.12,49.81,96.69
40,45,0.37482,106.54,9.84,10.63,395.56,49.71,103.33
40,46,0.38330,109.78,10.24,11.53,382.73,48.08,106.47
40,47,0.39148,113.02,10.65,12.50,396.27,49.66,117.91
40,48,0.39984,116.36,11.07,13.55,398.91,49.84,125.55
40,49,0.40820,119.68,11.48,14.67,397.45,49.64,134.67
40,50,0.41650,123.09,11.90,15.92,409.93,50.84,150.00
40,51,0.42474,126.47,12.32,17.25,410.37,50.80,161.85
40,52,0.43311,129.92,12.75,18.74,413.14,51.01,177.74
40,53,0.44147,133.36,13.17,20.32,410.58,50.38,189.78
40,54,0.44989,136.90,13.60,22.11,421.38,51.03,211.59
40,55,0.45831,140.41,13.77,24.00,416.30,19.56,224.28
40,56,0.46674,143.94,14.09,26.06,418.48,38.22,244.57
40,57,0.47498,147.40,14.37,28.22,420.00,34.04,262.59
40,58,0.48340,150.79,14.64,30.49,402.90,32.67,269.20
40,59,0.49170,154.11,14.91,32.86,400.37,32.39,285.66
40,60,0.50006,157.36,15.17,35.33,388.32,31.42,295.62
40,61,0.50867,160.54,15.43,37.89,369.15,29.87,297.87
40,62,0.51672,163.70,15.69,40.48,392.42,31.70,321.59
40,63,0.52509,166.78,15.94,43.17,368.61,29.74,321.17
40,64,0.53345,169.78,16.18,45.95,358.39,28.93,332.48
40,65,0.54175,172.69,16.41,48.82,350.37,28.20,345.96
40,66,0.55017,175.51,16.64,51.78,334.78,26.95,351.45
40,67,0.55847,178.23,16.86,54.82,327.94,26.32,365.81
40,68,0.56677,180.78,17.06,57.86,307.72,24.65,366.18
40,69,0.57513,183.26,17.21,60.96,295.99,18.20,371.53
40,70,0.58356,185.66,17.38,64.13,284.78,19.56,375.72
40,71,0.59186,187.97,17.54,67.33,279.04,19.01,386.03
40,72,0.60028,190.07,17.68,70.48,248.91,16.69,373.19
40,73,0.60858,192.13,17.81,73.65,247.79,16.57,381.62
40,74,0.61700,194.16,17.95,76.83,241.30,16.03,378.26
40,75,0.62549,196.17,18.08,80.01,236.69,15.70,374.82
40,76,0.63385,198.12,18.21,83.03,233.58,15.61,361.31
40,77,0.64221,200.06,18.34,86.06,232.48,15.47,361.68
40,78,0.65051,202.01,18.47,89.08,233.82,15.60,364.71
40,79,0.65875,203.94,18.60,92.11,235.19,15.59,367.78
40,80,0.66718,205.88,18.73,95.14,229.71,15.31,359.78
40,81,0.67542,207.81,18.86,98.18,234.81,15.65,368.15
40,82,0.68396,209.75,18.99,101.21,226.43,15.04,355.00
40,83,0.69208,211.68,19.12,104.24,237.97,15.85,373.68
40,84,0.70050,213.61,19.24,107.28,229.35,15.23,360.14
40,85,0.70880,215.54,19.37,110.31,232.72,15.46,365.44
40,86,0.71722,217.47,19.50,113.35,229.35,15.28,360.14
40,87,0.72546,219.42,19.63,116.39,235.56,15.65,369.26
40,88,0.73389,221.45,19.77,119.53,241.67,16.16,372.83
40,89,0.74225,223.49,19.90,122.67,243.43,16.27,375.55
40,90,0.75049,225.52,20.04,125.81,247.04,16.47,381.11
40,91,0.75885,227.57,20.17,128.96,244.53,16.35,377.37
40,92,0.76733,229.70,20.32,132.27,251.44,16.71,389.21
40,93,0.77551,231.83,20.46,135.57,260.82,17.43,403.73
40,94,0.78387,233.97,20.60,138.87,255.11,16.96,394.89
40,95,0.79218,236.10,20.74,142.18,256.62,17.14,398.16
40,96,0.80054,238.20,20.88,145.51,251.46,16.68,398.91
40,97,0.80884,240.30,21.02,148.85,253.31,16.84,401.84
40,98,0.81720,242.40,21.16,152.18,251.46,16.63,398.91
40,99,0.82550,244.49,21.30,155.52,251.47,16.69,402.57
40,100,0.83392,246.42,21.42,158.93,228.99,14.83,404.71
40,101,0.84216,248.35,21.55,162.34,234.07,15.20,413.70
40,102,0.85052,250.28,21.67,165.75,230.66,14.94,407.30
40,103,0.85883,252.21,21.80,169.15,232.72,15.12,410.29
40,104,0.86719,254.14,21.93,172.56,231.39,15.00,406.93
40,105,0.87549,256.10,22.05,175.95,235.66,15.37,408.82
40,106,0.88391,258.10,22.18,179.32,237.68,15.52,399.64
40,107,0.89221,260.14,22.32,182.66,245.22,16.19,402.94
40,108,0.90057,262.20,22.46,185.99,247.08,16.33,397.81
40,109,0.90887,264.29,22.62,189.29,250.74,19.30,398.53
40,110,0.91730,266.35,22.77,192.54,245.65,18.70,385.14
40,111,0.92572,268.43,22.93,195.78,246.74,18.25,384.42
40,112,0.93390,270.52,23.13,199.01,255.22,25.27,395.15
40,113,0.94226,272.60,23.30,202.22,248.18,19.49,383.94
40,114,0.95074,274.51,23.45,205.26,225.54,17.85,357.91
40,115,0.95898,276.41,23.60,208.27,230.74,18.27,366.30
40,116,0.96735,278.20,23.74,211.11,213.50,16.96,339.78
40,117,0.97559,279.98,23.88,213.96,217.04,17.19,344.81
40,118,0.98401,281.77,24.02,216.80,212.32,16.85,337.32
40,119,0.99237,283.55,24.16,219.63,212.77,16.85,338.69
40,120,1.00067,285.26,24.30,222.38,206.25,16.44,331.99
40,121,1.00897,286.96,24.44,225.13,204.78,16.29,330.51
40,122,1.01733,288.55,24.56,227.78,190.15,15.34,317.52
40,123,1.02563,290.14,24.69,230.44,191.54,15.41,319.85
40,124,1.03412,291.73,24.82,233.09,187.41,15.12,312.95
40,125,1.04236,293.32,24.95,235.74,192.59,15.53,321.11
40,126,1.05072,294.87,25.07,238.30,185.40,14.86,306.57
40,127,1.05896,296.42,25.20,240.87,188.15,15.13,311.11
40,128,1.06738,297.97,25.32,243.43,184.06,14.80,304.35
40,129,1.07574,299.53,25.45,246.00,186.13,14.92,307.66
40,130,1.08405,301.12,25.58,248.67,192.28,15.51,320.96
41,0,0.00000,0.00,0.00,0.00,114.49,-26.23,278.62
41,1,0.00818,0.42,-0.04,0.38,50.75,-4.34,45.90
41,2,0.01666,1.14,-0.09,0.91,85.97,-5.85,62.95
41,3,0.02490,1.86,-0.14,1.46,87.41,-6.21,66.30
41,4,0.03333,2.95,-0.19,2.04,128.62,-6.49,69.93
41,5,0.04156,4.02,-0.25,2.65,130.37,-6.85,73.33
41,6,0.04999,5.43,-0.31,3.27,167.03,-6.92,74.28
41,7,0.05817,6.83,-0.37,3.92,170.90,-7.37,79.10
41,8,0.06653,8.32,-0.39,4.20,178.83,-3.02,32.85
41,9,0.07483,9.81,-0.42,4.49,179.78,-3.24,35.66
41,10,0.08331,11.51,-0.40,4.36,199.64,1.61,-15.47
41,11,0.09155,13.20,-0.39,4.26,205.93,1.30,-12.59
41,12,0.10004,14.93,-0.36,3.94,203.60,3.73,-37.77
41,13,0.10834,16.67,-0.33,3.64,208.82,3.41,-35.29
41,14,0.11652,18.35,-0.29,3.15,206.34,5.88,-60.82
41,15,0.12500,20.05,-0.24,2.68,200.00,5.36,-55.40
41,16,0.13324,21.75,-0.20,2.23,206.67,5.28,-54.07
41,17,0.14185,23.46,-0.16,1.81,198.58,4.71,-48.58
41,18,0.15002,25.27,-0.10,1.24,221.27,6.76,-70.52
41,19,0.15826,27.09,-0.05,0.69,220.74,6.44,-66.67
41,20,0.16644,28.98,0.03,-0.11,230.60,9.28,-97.01
41,21,0.17487,30.87,0.10,-0.87,225.36,8.71,-90.58
41,22,0.18329,32.97,0.20,-1.94,248.91,12.19,-127.17
41,23,0.19165,35.11,0.30,-2.92,255.47,11.20,-117.15
41,24,0.20001,37.51,0.41,-4.12,286.86,13.74,-143.80
41,25,0.20831,39.95,0.52,-5.22,294.85,12.66,-132.35
41,26,0.21674,42.53,0.68,-6.87,305.80,18.68,-195.65
41,27,0.22491,45.13,0.83,-8.48,317.91,18.78,-196.64
41,28,0.23334,48.00,0.98,-10.08,340.58,18.18,-190.58
41,29,0.24170,50.89,0.90,-11.64,345.99,-10.25,-186.50
41,30,0.25012,54.08,0.88,-13.05,378.62,-2.45,-167.03
41,31,0.25824,57.29,0.84,-14.41,395.49,-4.67,-167.29
41,32,0.26666,60.50,0.78,-15.55,380.80,-6.68,-135.14
41,33,0.27496,63.72,0.72,-16.63,388.60,-7.40,-130.88
41,34,0.28339,66.97,0.64,-17.46,385.87,-9.95,-97.83
41,35,0.29175,70.24,0.55,-18.23,390.51,-10.71,-92.34
41,36,0.30011,73.51,0.45,-18.95,391.61,-11.15,-86.50
41,37,0.30829,76.80,0.35,-19.62,401.87,-12.03,-82.09
41,38,0.31665,80.15,0.24,-20.13,400.36,-13.72,-60.22
41,39,0.32495,83.50,0.12,-20.58,404.04,-14.34,-54.41
41,40,0.33337,86.88,-0.02,-20.83,400.72,-16.29,-29.35
41,41,0.34167,90.26,-0.17,-20.87,407.72,-18.58,-5.51
41,42,0.35010,93.64,-0.34,-20.71,401.45,-20.30,18.84
41,43,0.35840,97.01,-0.53,-20.35,405.51,-22.46,43.38
41,44,0.36676,100.32,-0.73,-19.74,396.35,-24.49,72.99
41,45,0.37518,103.59,-0.95,-18.93,388.41,-25.96,96.01
41,46,0.38361,106.81,-1.18,-17.93,381.88,-27.66,119.20
41,47,0.39197,109.96,-1.43,-16.74,377.01,-29.29,142.70
41,48,0.40033,113.16,-1.69,-15.31,382.12,-31.74,170.07
41,49,0.40851,116.26,-1.97,-13.70,379.48,-33.94,197.01
41,50,0.41693,119.37,-2.27,-11.84,368.84,-35.33,221.01
41,51,0.42529,122.36,-2.58,-9.80,357.66,-36.74,244.53
41,52,0.43365,125.32,-2.91,-7.47,354.01,-39.27,277.74
41,53,0.44189,128.14,-3.24,-4.98,341.85,-40.79,302.59
41,54,0.45026,130.93,-3.60,-2.16,334.31,-43.30,337.23
41,55,0.45856,133.55,-3.97,0.82,315.81,-44.22,359.56
41,56,0.46692,136.04,-4.35,4.06,297.08,-45.59,387.23
41,57,0.47522,138.32,-4.74,7.44,275.37,-46.33,407.35
41,58,0.48370,140.40,-5.12,10.96,244.96,-45.43,414.03
41,59,0.49219,142.27,-5.51,14.59,219.78,-45.36,428.06
41,60,0.50037,143.91,-5.89,18.32,200.75,-46.87,456.72
41,61,0.50848,145.32,-6.27,22.15,174.44,-46.80,471.43
41,62,0.51697,146.61,-6.65,26.03,151.80,-44.59,457.19
41,63,0.52521,147.67,-7.02,29.98,127.78,-45.28,479.26
41,64,0.53369,148.48,-7.39,33.98,96.04,-43.27,472.30
41,65,0.54193,149.05,-7.75,38.03,69.63,-43.53,491.11
41,66,0.55060,149.38,-8.10,42.11,38.03,-40.39,470.07
41,67,0.55859,149.47,-8.44,46.19,10.31,-42.36,511.07
41,68,0.56708,149.30,-8.75,50.16,-20.14,-37.46,467.63
41,69,0.57532,148.89,-9.06,54.11,-49.63,-36.99,479.26
41,70,0.58374,148.24,-9.35,58.03,-76.45,-34.65,465.22
41,71,0.59204,147.36,-9.63,61.90,-105.88,-33.33,466.54
41,72,0.60040,146.22,-9.87,65.50,-136.13,-28.99,431.02
41,73,0.60864,144.87,-10.10,69.03,-164.07,-27.49,428.15
41,74,0.61713,143.31,-10.31,72.47,-184.17,-24.70,405.40
41,75,0.62531,141.55,-10.50,75.81,-215.67,-23.44,408.58
41,76,0.63373,139.72,-10.67,78.92,-216.30,-20.23,368.48
41,77,0.64203,137.72,-10.82,81.90,-241.18,-18.22,359.93
41,78,0.65039,135.54,-10.95,84.77,-260.58,-15.91,342.34
41,79,0.65869,133.20,-11.07,87.49,-282.72,-13.78,328.31
41,80,0.66705,130.69,-11.16,90.07,-299.64,-11.33,308.76
41,81,0.67535,128.04,-11.24,92.50,-319.85,-9.08,292.28
41,82,0.68372,125.24,-11.29,94.76,-334.31,-6.63,270.44
41,83,0.69202,122.31,-11.33,96.85,-352.57,-4.20,251.84
41,84,0.70038,119.27,-11.34,98.76,-364.60,-1.76,228.47
41,85,0.70862,116.11,-11.34,100.49,-382.96,0.73,209.26
41,86,0.71710,112.86,-11.31,102.02,-383.45,3.05,180.58
41,87,0.72534,109.52,-11.26,103.35,-405.56,5.64,161.85
41,88,0.73389,105.97,-11.20,104.56,-414.64,7.73,141.07
41,89,0.74213,102.37,-11.11,105.55,-437.78,10.60,120.00
41,90,0.75049,98.70,-11.00,106.32,-437.96,12.84,92.34
41,91,0.75867,95.00,-10.87,106.87,-452.61,15.61,67.54
41,92,0.76709,91.08,-10.72,107.21,-465.22,18.42,40.22
41,93,0.77539,87.15,-10.54,107.31,-473.53,21.04,12.50
41,94,0.78381,83.22,-10.35,107.18,-466.67,23.11,-15.94
41,95,0.79205,79.27,-10.13,106.80,-479.26,26.09,-45.56
41,96,0.80048,75.38,-9.97,106.16,-461.59,19.18,-76.81
41,97,0.80865,71.54,-9.89,105.28,-469.78,9.87,-107.46
41,98,0.81708,67.76,-9.79,104.17,-449.28,12.16,-131.52
41,99,0.82538,64.04,-9.67,102.86,-448.16,14.56,-157.35
41,100,0.83386,60.45,-9.52,101.30,-423.02,17.09,-184.17
41,101,0.84210,56.93,-9.36,99.58,-426.67,19.42,-208.89
41,102,0.85046,53.49,-9.19,97.72,-412.04,20.78,-222.63
41,103,0.85870,50.11,-9.00,95.73,-410.37,22.53,-241.11
41,104,0.86719,46.82,-8.80,93.59,-387.41,23.58,-252.52
41,105,0.87543,43.64,-8.59,91.31,-386.30,25.90,-277.04
41,106,0.88385,40.59,-8.36,88.85,-361.96,27.32,-291.67
41,107,0.89209,37.69,-8.11,86.21,-351.48,29.96,-320.00
41,108,0.90045,34.92,-7.86,83.44,-331.39,31.02,-331.02
41,109,0.90869,32.29,-7.58,80.55,-319.63,33.01,-351.48
41,110,0.91718,29.81,-7.31,77.60,-291.73,32.61,-347.12
41,111,0.92535,27.45,-7.02,74.57,-288.81,34.85,-371.27
41,112,0.93384,25.21,-6.73,71.44,-264.39,34.60,-368.35
41,113,0.94208,23.10,-6.43,68.23,-255.56,36.65,-390.00
41,114,0.95044,21.30,-6.13,65.12,-215.69,34.94,-371.17
41,115,0.95868,19.65,-5.83,61.94,-199.63,36.32,-386.67
41,116,0.96710,18.30,-5.55,58.87,-160.51,34.30,-364.49
41,117,0.97534,17.14,-5.25,55.72,-141.48,35.99,-381.85
41,118,0.98370,16.16,-4.95,52.51,-116.79,36.16,-383.94
41,119,0.99200,15.38,-4.64,49.25,-94.12,37.00,-393.01
41,120,1.00037,14.83,-4.34,46.05,-65.33,36.07,-382.12
41,121,1.00861,14.48,-4.03,42.83,-42.59,36.90,-391.11
41,122,1.01703,14.38,-3.74,39.74,-12.32,34.63,-367.03
41,123,1.02563,14.48,-3.43,36.40,12.41,36.66,-388.65
41,124,1.03424,14.77,-3.14,33.31,32.98,33.86,-358.16
41,125,1.04218,15.23,-2.85,30.26,58.46,36.30,-384.23
41,126,1.05066,15.85,-2.57,27.33,73.02,32.71,-345.68
41,127,1.05902,16.64,-2.30,24.44,94.89,32.67,-345.62
41,128,1.06726,17.61,-2.03,21.60,117.04,32.57,-344.44
41,129,1.07562,18.75,-1.77,18.82,136.13,31.49,-332.85
41,130,1.08398,20.10,-1.50,16.03,162.41,31.65,-333.94
42,0,0.00000,0.00,0.00,0.00,-200.00,-21.11,100.37
42,1,0.00842,-0.56,-0.05,0.02,-66.30,-5.54,2.90
42,2,0.01660,-1.45,-0.13,0.16,-109.33,-9.78,16.79
42,3,0.02515,-2.35,-0.21,0.29,-104.64,-9.28,15.36
42,4,0.03333,-3.52,-0.32,0.67,-143.66,-13.95,45.52
42,5,0.04175,-4.70,-0.43,1.03,-139.86,-13.50,43.48
42,6,0.05005,-6.12,-0.58,1.64,-170.59,-17.42,73.16
42,7,0.05847,-7.53,-0.72,2.24,-168.48,-17.10,71.01
42,8,0.06665,-8.73,-0.86,3.17,-146.64,-17.39,114.18
42,9,0.07513,-9.94,-1.01,4.10,-142.09,-16.81,109.71
42,10,0.08331,-10.94,-1.15,5.47,-122.76,-17.83,167.54
42,11,0.09174,-11.95,-1.30,6.84,-119.93,-17.45,162.32
42,12,0.09998,-12.81,-1.44,8.38,-103.70,-17.19,186.67
42,13,0.10852,-13.67,-1.58,9.91,-100.71,-16.60,179.29
42,14,0.11670,-14.33,-1.71,11.54,-80.60,-15.97,199.25
42,15,0.12512,-15.00,-1.84,13.17,-79.35,-15.48,193.12
42,16,0.13342,-15.68,-1.98,14.79,-81.99,-15.86,195.59
42,17,0.14178,-16.37,-2.11,16.41,-82.48,-15.82,193.80
42,18,0.15009,-16.97,-2.24,18.21,-72.79,-16.11,216.91
42,19,0.15851,-17.59,-2.38,20.04,-73.91,-16.22,217.39
42,20,0.16675,-18.03,-2.51,22.04,-52.96,-15.66,242.59
42,21,0.17523,-18.48,-2.64,24.04,-52.52,-15.31,235.97
42,22,0.18341,-18.76,-2.77,26.38,-35.07,-16.17,285.45
42,23,0.19177,-19.06,-2.90,28.72,-35.40,-15.99,279.93
42,24,0.20013,-19.21,-3.04,31.41,-17.88,-16.46,321.90
42,25,0.20850,-19.37,-3.18,34.11,-19.34,-16.67,322.63
42,26,0.21680,-19.33,-3.32,37.16,4.78,-16.82,368.38
42,27,0.22516,-19.31,-3.53,40.23,2.55,-24.60,366.06
42,28,0.23340,-19.40,-3.88,43.51,-10.74,-43.55,398.89
42,29,0.24182,-19.51,-4.11,46.80,-13.41,-26.84,390.58
42,30,0.25012,-19.86,-4.41,50.27,-42.65,-36.06,417.65
42,31,0.25848,-20.24,-4.71,53.73,-45.26,-35.87,414.23
42,32,0.26678,-20.78,-5.01,57.10,-64.71,-36.10,405.15
42,33,0.27521,-21.34,-5.31,60.45,-66.67,-35.60,398.55
42,34,0.28339,-22.11,-5.61,63.72,-94.40,-37.06,399.25
42,35,0.29193,-22.90,-5.92,66.98,-92.50,-35.46,381.43
42,36,0.30017,-23.71,-6.22,70.23,-98.15,-36.88,395.19
42,37,0.30853,-24.55,-6.52,73.48,-99.64,-36.39,388.69
42,38,0.31677,-25.52,-6.83,76.72,-118.52,-37.70,393.33
42,39,0.32526,-26.52,-7.15,79.96,-117.63,-36.67,381.29
42,40,0.33350,-27.71,-7.46,83.13,-144.44,-38.25,384.81
42,41,0.34186,-29.09,-7.78,86.22,-164.60,-37.95,369.71
42,42,0.35016,-30.65,-8.10,89.22,-187.87,-38.43,361.76
42,43,0.35858,-32.39,-8.42,92.13,-206.52,-37.95,344.93
42,44,0.36682,-34.33,-8.73,94.88,-235.93,-38.49,334.07
42,45,0.37531,-36.43,-9.05,97.51,-248.20,-37.08,310.07
42,46,0.38361,-38.69,-9.36,100.01,-272.06,-37.51,301.10
42,47,0.39203,-41.10,-9.67,102.37,-285.87,-36.48,280.43
42,48,0.40027,-43.73,-9.98,104.68,-319.26,-38.05,280.00
42,49,0.40863,-46.50,-10.29,106.83,-330.66,-36.67,256.57
42,50,0.41681,-49.49,-10.60,108.87,-366.04,-37.82,249.63
42,51,0.42523,-52.60,-10.90,110.73,-369.57,-35.63,221.01
42,52,0.43365,-55.95,-11.20,112.45,-397.46,-35.57,203.62
42,53,0.44196,-59.40,-11.48,113.96,-415.44,-34.65,182.35
42,54,0.45032,-63.13,-11.77,115.32,-446.35,-34.60,162.41
42,55,0.45862,-66.94,-12.05,116.45,-458.82,-33.02,136.40
42,56,0.46692,-70.92,-12.31,117.35,-479.78,-31.70,108.46
42,57,0.47528,-74.95,-12.56,118.01,-481.75,-29.43,78.83
42,58,0.48358,-79.01,-12.78,118.42,-489.34,-27.46,50.00
42,59,0.49194,-83.09,-12.99,118.59,-487.59,-24.93,20.44
42,60,0.50031,-87.17,-13.18,118.52,-487.96,-22.57,-8.76
42,61,0.50867,-91.24,-13.35,118.20,-486.86,-20.17,-37.96
42,62,0.51697,-95.30,-13.51,117.75,-489.34,-18.87,-55.15
42,63,0.52539,-99.33,-13.65,117.05,-478.26,-16.44,-82.97
42,64,0.53363,-103.31,-13.80,116.11,-482.96,-18.65,-114.07
42,65,0.54199,-107.23,-14.16,114.93,-468.25,-43.31,-140.51
42,66,0.55029,-111.06,-14.41,113.52,-462.13,-29.96,-169.85
42,67,0.55872,-114.81,-14.64,111.89,-444.57,-27.45,-194.20
42,68,0.56696,-118.34,-14.85,110.07,-428.52,-24.86,-220.37
42,69,0.57538,-121.75,-15.03,108.05,-405.43,-22.07,-240.22
42,70,0.58362,-125.04,-15.16,105.82,-398.89,-15.60,-270.00
42,71,0.59204,-128.18,-15.37,103.41,-373.19,-25.31,-286.96
42,72,0.60040,-130.98,-15.57,100.86,-334.31,-23.09,-304.01
42,73,0.60870,-133.62,-15.74,98.16,-317.65,-21.12,-326.10
42,74,0.61694,-136.08,-15.89,95.30,-299.63,-18.05,-347.04
42,75,0.62543,-138.38,-16.00,92.30,-270.14,-13.08,-353.24
42,76,0.63379,-140.43,-16.08,89.35,-245.62,-8.82,-353.28
42,77,0.64203,-142.31,-16.10,86.26,-228.52,-3.10,-374.44
42,78,0.65039,-144.00,-16.08,83.08,-201.46,2.81,-379.93
42,79,0.65875,-145.51,-16.01,79.82,-181.39,7.85,-390.15
42,80,0.66699,-147.03,-15.95,76.56,-184.07,7.66,-395.93
42,81,0.67542,-148.55,-15.89,73.30,-180.07,7.20,-387.32
42,82,0.68372,-150.06,-15.83,70.03,-182.35,7.21,-393.01
42,83,0.69208,-151.57,-15.77,66.77,-181.02,6.87,-390.15
42,84,0.70044,-153.08,-15.71,63.51,-180.29,6.87,-390.51
42,85,0.70874,-154.58,-15.66,60.24,-180.51,6.85,-394.12
42,86,0.71710,-156.05,-15.60,56.95,-176.28,7.14,-392.34
42,87,0.72552,-157.50,-15.54,53.66,-172.10,7.30,-391.30
42,88,0.73370,-159.01,-15.47,50.23,-183.96,7.49,-419.03
42,89,0.74219,-160.49,-15.41,46.80,-174.82,7.21,-405.04
42,90,0.75049,-161.95,-15.35,43.35,-176.10,7.38,-415.07
42,91,0.75885,-163.39,-15.29,39.89,-171.90,7.26,-413.87
42,92,0.76715,-164.88,-15.23,36.19,-179.78,7.84,-445.96
42,93,0.77551,-166.32,-15.16,32.53,-171.53,7.37,-437.96
42,94,0.78381,-167.70,-15.10,28.85,-166.91,7.20,-443.38
42,95,0.79218,-169.03,-15.05,25.15,-159.12,6.81,-442.34
42,96,0.80048,-170.25,-14.98,21.39,-145.96,7.72,-452.21
42,97,0.80890,-171.36,-14.92,17.61,-132.61,8.00,-448.91
42,98,0.81720,-172.40,-14.84,13.81,-125.00,8.63,-458.46
42,99,0.82562,-173.25,-14.68,9.96,-101.09,19.33,-456.88
42,100,0.83380,-173.73,-14.54,6.07,-58.96,17.31,-475.75
42,101,0.84229,-174.00,-14.38,2.16,-30.94,18.92,-460.43
42,102,0.85052,-174.02,-14.20,-1.75,-3.33,21.97,-475.19
42,103,0.85895,-173.82,-14.00,-5.66,24.64,23.66,-464.13
42,104,0.86713,-173.37,-13.78,-9.56,54.10,26.68,-475.75
42,105,0.87555,-172.72,-13.55,-13.42,77.90,27.70,-458.33
42,106,0.88391,-171.88,-13.30,-17.24,100.73,29.62,-457.30
42,107,0.89221,-170.83,-13.04,-21.01,125.74,31.52,-454.78
42,108,0.90051,-169.59,-12.76,-24.73,149.26,33.16,-447.43
42,109,0.90887,-168.14,-12.47,-28.36,174.09,34.51,-434.31
42,110,0.91724,-166.53,-12.18,-31.86,191.61,35.25,-418.25
42,111,0.92554,-164.80,-11.88,-35.29,208.46,36.39,-413.97
42,112,0.93390,-162.99,-11.57,-38.68,217.15,36.75,-405.47
42,113,0.94232,-161.11,-11.26,-42.03,222.46,36.82,-397.46
42,114,0.95050,-159.29,-10.97,-45.12,223.13,35.93,-377.99
42,115,0.95892,-157.45,-10.67,-48.19,218.84,34.98,-364.13
42,116,0.96735,-155.68,-10.39,-51.07,209.42,33.09,-341.30
42,117,0.97559,-153.91,-10.12,-53.92,215.19,33.77,-345.93
42,118,0.98383,-152.11,-9.84,-56.75,218.15,33.96,-343.70
42,119,0.99225,-150.29,-9.55,-59.56,216.67,33.33,-333.70
42,120,1.00055,-148.50,-9.28,-62.26,215.81,32.91,-325.37
42,121,1.00897,-146.69,-9.01,-64.94,214.13,32.47,-318.84
42,122,1.01727,-144.92,-8.74,-67.48,212.87,31.71,-305.88
42,123,1.02563,-143.15,-8.48,-70.02,211.68,31.51,-303.65
42,124,1.03394,-141.38,-8.22,-72.57,213.97,31.88,-306.62
42,125,1.04242,-139.61,-7.95,-75.10,208.63,31.07,-298.56
42,126,1.05060,-137.90,-7.70,-77.56,208.58,31.13,-301.12
42,127,1.05902,-136.28,-7.45,-80.08,192.39,29.76,-299.28
42,128,1.06750,-134.81,-7.21,-82.70,173.02,28.57,-307.91
42,129,1.07562,-133.48,-6.97,-85.46,164.66,29.46,-340.98
42,130,1.08386,-132.28,-6.73,-88.33,144.81,28.10,-347.78
43,0,0.00000,0.00,0.00,0.00,67.90,-10.59,-0.37
43,1,0.00824,0.56,-0.09,0.01,67.41,-10.68,1.48
43,2,0.01659,1.46,-0.23,-0.04,108.23,-17.06,-6.58
43,3,0.02528,2.36,-0.37,-0.07,103.86,-16.50,-3.16
43,4,0.03365,3.58,-0.56,-0.27,145.26,-22.58,-24.45
43,5,0.04155,4.80,-0.75,-0.44,154.44,-24.11,-21.24
43,6,0.05006,6.30,-0.99,-0.77,177.06,-27.60,-38.35
43,7,0.05843,7.82,-1.22,-1.05,181.02,-28.29,-33.58
43,8,0.06673,9.20,-1.44,-1.67,166.91,-25.56,-75.00
43,9,0.07507,10.61,-1.65,-2.25,168.19,-25.79,-69.10
43,10,0.08330,11.96,-1.86,-3.27,164.75,-24.69,-124.68
43,11,0.09181,13.35,-2.06,-4.26,162.72,-24.56,-115.41
43,12,0.09990,14.67,-2.26,-5.42,163.02,-24.15,-143.77
43,13,0.10840,16.02,-2.46,-6.54,159.43,-23.81,-132.14
43,14,0.11673,17.25,-2.64,-7.80,147.99,-21.79,-150.55
43,15,0.12505,18.52,-2.83,-9.01,152.66,-22.49,-146.42
43,16,0.13351,19.83,-3.02,-10.19,154.23,-22.91,-139.10
43,17,0.14165,21.17,-3.22,-11.33,165.10,-24.58,-139.96
43,18,0.15021,22.55,-3.43,-12.63,161.14,-23.86,-152.23
43,19,0.15840,23.97,-3.64,-13.89,173.56,-25.77,-153.82
43,20,0.16699,25.38,-3.85,-15.38,163.41,-24.00,-173.36
43,21,0.17506,26.82,-4.06,-16.83,179.21,-26.36,-178.83
43,22,0.18349,28.36,-4.28,-18.61,182.61,-26.59,-211.59
43,23,0.19164,29.96,-4.52,-20.34,195.51,-28.62,-212.73
43,24,0.20004,31.68,-4.77,-22.41,205.44,-29.85,-246.10
43,25,0.20833,33.48,-5.03,-24.43,216.57,-31.64,-243.09
43,26,0.21664,35.39,-5.31,-26.81,230.46,-33.33,-286.61
43,27,0.22495,37.38,-5.60,-29.13,239.71,-34.91,-279.78
43,28,0.23355,39.67,-5.93,-31.50,265.25,-38.98,-274.82
43,29,0.24153,42.02,-6.28,-33.79,295.22,-43.60,-287.19
43,30,0.24994,44.74,-6.69,-35.97,323.05,-48.27,-259.89
43,31,0.25842,47.52,-7.15,-38.07,328.06,-54.41,-247.48
43,32,0.26678,50.38,-7.76,-39.92,342.34,-73.56,-220.44
43,33,0.27504,53.30,-8.51,-41.67,353.42,-90.37,-212.57
43,34,0.28337,56.32,-9.43,-43.13,362.64,-110.89,-174.73
43,35,0.29176,59.39,-10.54,-44.49,365.09,-132.32,-162.18
43,36,0.29994,62.49,-11.84,-45.75,379.85,-158.06,-154.48
43,37,0.30836,65.64,-12.94,-46.92,373.19,-131.68,-138.77
43,38,0.31660,68.88,-14.30,-47.88,394.07,-165.03,-116.30
43,39,0.32484,72.16,-15.49,-48.74,397.04,-144.08,-104.07
43,40,0.33327,75.48,-16.81,-49.40,394.20,-156.59,-78.62
43,41,0.34177,78.83,-18.16,-49.86,394.25,-158.93,-54.22
43,42,0.35020,82.20,-19.54,-50.12,400.00,-163.32,-30.74
43,43,0.35851,85.59,-20.94,-50.17,408.09,-168.57,-6.62
43,44,0.36661,88.95,-22.35,-49.98,415.07,-174.15,24.48
43,45,0.37500,92.30,-23.77,-49.58,398.55,-169.50,47.64
43,46,0.38367,95.61,-25.20,-48.97,382.39,-164.65,69.37
43,47,0.39159,98.88,-26.62,-48.18,413.10,-179.91,100.96
43,48,0.40042,102.23,-28.10,-47.16,378.58,-167.06,115.37
43,49,0.40849,105.51,-29.57,-45.94,406.05,-181.64,150.85
43,50,0.41678,108.82,-31.17,-44.47,400.00,-194.07,176.80
43,51,0.42496,112.06,-32.55,-42.86,396.27,-168.41,197.76
43,52,0.43349,115.39,-34.08,-41.09,389.98,-179.65,206.44
43,53,0.44168,118.68,-35.60,-39.27,401.49,-185.53,222.35
43,54,0.45006,122.11,-37.20,-37.27,409.47,-190.67,238.98
43,55,0.45842,125.50,-38.78,-35.21,405.84,-189.25,247.08
43,56,0.46674,128.93,-40.40,-33.00,412.48,-194.09,265.69
43,57,0.47527,132.32,-42.00,-30.73,397.85,-188.07,266.19
43,58,0.48329,135.68,-43.59,-28.39,417.49,-198.31,290.49
43,59,0.49153,138.98,-45.17,-26.00,401.48,-191.45,290.37
43,60,0.49997,142.24,-46.74,-23.55,386.26,-185.36,290.78
43,61,0.50844,145.46,-48.29,-21.04,379.82,-183.20,296.58
43,62,0.51697,148.70,-49.84,-18.55,379.96,-182.46,291.95
43,63,0.52490,151.90,-51.39,-16.00,403.08,-195.17,321.15
43,64,0.53328,155.05,-52.81,-13.39,375.96,-169.12,311.48
43,65,0.54222,158.15,-52.45,-10.73,346.76,39.67,297.61
43,66,0.55032,161.21,-50.41,-8.01,377.40,252.24,334.84
43,67,0.55841,164.22,-48.40,-5.25,372.45,249.10,341.89
43,68,0.56667,167.09,-46.47,-2.51,347.87,232.92,332.35
43,69,0.57512,169.92,-44.61,0.28,334.66,219.77,329.60
43,70,0.58365,172.71,-43.09,3.11,326.65,178.18,331.66
43,71,0.59164,175.45,-41.93,5.98,343.51,145.93,358.40
43,72,0.59998,177.99,-41.00,8.77,305.13,111.65,335.16
43,73,0.60831,180.61,-40.11,11.49,313.92,106.82,327.11
43,74,0.61653,183.28,-39.16,14.17,324.30,115.85,325.42
43,75,0.62488,185.97,-38.19,16.82,323.22,115.91,317.00
43,76,0.63329,188.62,-37.23,19.26,314.34,113.61,290.38
43,77,0.64145,191.28,-36.27,21.67,326.73,118.47,295.70
43,78,0.65009,193.99,-35.28,24.04,313.43,114.21,274.56
43,79,0.65834,196.76,-34.26,26.34,335.30,123.35,278.00
43,80,0.66682,199.56,-33.23,28.59,330.58,121.94,265.47
43,81,0.67488,202.43,-32.16,30.77,355.30,131.98,270.45
43,82,0.68340,205.34,-31.07,32.87,342.65,128.09,247.31
43,83,0.69153,208.30,-29.96,34.92,363.98,136.76,251.41
43,84,0.70004,211.30,-28.83,36.90,352.33,133.02,232.97
43,85,0.70819,214.35,-27.67,38.82,373.41,141.53,235.58
43,86,0.71695,217.43,-26.50,40.67,351.92,134.22,211.50
43,87,0.72504,220.54,-25.31,42.47,385.28,147.52,222.26
43,88,0.73344,223.83,-24.04,44.26,391.29,150.45,212.34
43,89,0.74144,227.15,-22.76,45.99,414.89,160.07,216.41
43,90,0.74992,230.50,-21.46,47.66,394.24,152.80,197.48
43,91,0.75874,233.86,-20.16,49.30,381.66,148.30,185.12
43,92,0.76649,237.41,-18.78,50.99,457.48,177.77,218.50
43,93,0.77499,240.97,-17.77,52.65,419.03,118.97,195.69
43,94,0.78345,244.55,-16.85,54.28,423.47,108.92,192.06
43,95,0.79160,248.14,-16.44,55.88,440.45,49.39,197.38
43,96,0.79985,251.74,-16.07,57.50,435.86,45.15,195.56
43,97,0.80815,255.35,-15.69,59.07,435.29,46.30,189.71
43,98,0.81660,258.98,-15.43,60.61,429.24,30.56,182.31
43,99,0.82489,262.63,-14.99,62.10,440.88,52.47,179.37
43,100,0.83321,266.22,-14.65,63.67,431.56,41.37,188.26
43,101,0.84161,269.84,-14.29,65.16,430.85,42.48,177.13
43,102,0.84993,273.49,-13.92,66.57,438.90,44.29,170.28
43,103,0.85832,277.18,-13.54,67.90,438.91,45.50,158.91
43,104,0.86678,280.87,-13.15,69.19,437.55,46.11,152.35
43,105,0.87497,284.59,-12.76,70.45,452.89,48.24,153.07
43,106,0.88364,288.31,-12.36,71.67,429.23,46.27,140.85
43,107,0.89159,292.03,-11.95,72.86,469.10,50.89,150.10
43,108,0.89990,295.77,-11.54,74.02,449.54,49.11,139.82
43,109,0.90816,299.51,-11.13,75.17,453.23,49.78,139.37
43,110,0.91638,303.20,-10.73,76.29,447.50,49.31,136.18
43,111,0.92470,306.88,-10.32,77.41,442.57,48.67,134.68
43,112,0.93317,310.56,-9.92,78.53,434.59,47.98,132.25
43,113,0.94151,314.24,-8.97,79.65,440.95,113.42,134.19
43,114,0.94995,317.65,-8.11,80.75,405.06,101.46,129.84
43,115,0.95811,321.07,-7.26,81.84,418.69,105.06,133.83
43,116,0.96645,324.27,-6.46,82.87,383.52,96.04,123.44
43,117,0.97484,327.46,-5.65,83.90,380.73,95.53,122.55
43,118,0.98309,330.66,-4.85,84.93,387.06,96.93,124.58
43,119,0.99161,333.85,-4.05,85.96,375.27,94.16,120.79
43,120,0.99983,336.93,-3.28,86.97,374.40,94.07,123.19
43,121,1.00815,340.01,-2.51,87.98,370.28,92.85,121.83
43,122,1.01640,342.94,-2.15,89.00,354.16,42.81,122.74
43,123,1.02473,345.86,-1.81,90.01,350.92,40.59,121.61
43,124,1.03307,348.78,-1.57,91.02,350.92,28.78,121.61
43,125,1.04137,351.71,-1.29,92.03,352.21,34.32,122.06
43,126,1.04980,354.54,-1.01,93.01,335.99,32.87,115.01
43,127,1.05835,357.38,-0.74,93.98,331.79,32.46,113.57
43,128,1.06668,360.21,-0.46,94.95,340.29,33.20,116.48
43,129,1.07491,363.05,-0.18,95.92,344.71,33.72,118.00
43,130,1.08307,365.98,0.10,96.94,359.25,35.07,124.86
44,0,0.00000,0.00,0.00,0.00,8.86,1.57,-66.79
44,1,0.00821,0.08,0.01,-0.55,9.67,1.51,-67.29
44,2,0.01648,0.11,0.04,-1.46,3.69,3.46,-109.23
44,3,0.02496,0.15,0.07,-2.36,4.68,3.32,-106.47
44,4,0.03336,0.01,0.12,-3.58,-17.09,6.56,-145.82
44,5,0.04175,-0.13,0.18,-4.81,-15.64,6.48,-145.82
44,6,0.04965,-0.45,0.26,-6.31,-40.54,10.12,-190.73
44,7,0.05920,-0.75,0.34,-7.82,-32.27,8.36,-158.15
44,8,0.06717,-1.43,0.45,-9.19,-85.06,13.42,-170.88
44,9,0.07535,-2.10,0.55,-10.55,-81.34,12.92,-167.16
44,10,0.08374,-3.23,0.69,-11.81,-135.64,17.09,-150.18
44,11,0.09143,-4.36,0.84,-13.09,-146.43,18.57,-165.48
44,12,0.10004,-5.69,0.99,-14.24,-153.90,18.10,-134.04
44,13,0.10779,-7.00,1.15,-15.41,-169.69,20.18,-150.39
44,14,0.11606,-8.45,1.31,-16.40,-175.65,19.47,-119.93
44,15,0.12460,-9.90,1.47,-17.40,-168.93,18.89,-117.50
44,16,0.13293,-11.33,1.63,-18.42,-172.53,19.36,-121.98
44,17,0.14130,-12.76,1.79,-19.45,-170.80,19.24,-122.99
44,18,0.14957,-14.38,1.97,-20.43,-195.94,21.33,-119.56
44,19,0.15778,-16.00,2.15,-21.44,-196.65,21.44,-122.30
44,20,0.16629,-17.84,2.34,-22.32,-216.85,22.60,-103.23
44,21,0.17450,-19.68,2.53,-23.21,-224.16,23.44,-108.92
44,22,0.18277,-21.89,2.75,-24.03,-266.79,26.71,-99.26
44,23,0.19135,-24.09,2.97,-24.87,-256.58,25.95,-97.86
44,24,0.19962,-26.67,3.23,-25.65,-312.18,30.59,-94.46
44,25,0.20798,-29.24,3.48,-26.46,-307.66,30.29,-95.99
44,26,0.21680,-32.22,3.77,-27.15,-337.72,32.29,-78.89
44,27,0.22488,-35.20,4.05,-27.87,-367.55,35.30,-89.06
44,28,0.23346,-38.36,4.36,-28.76,-369.04,35.87,-103.91
44,29,0.24149,-41.52,4.67,-29.68,-393.16,38.44,-114.45
44,30,0.24973,-44.78,5.00,-30.89,-396.67,39.81,-147.04
44,31,0.25812,-48.04,5.32,-32.13,-388.36,39.15,-147.64
44,32,0.26633,-51.16,5.64,-33.51,-379.55,39.07,-167.66
44,33,0.27481,-54.26,5.97,-34.91,-365.83,37.76,-165.11
44,34,0.28290,-57.22,6.28,-36.50,-365.28,38.85,-196.60
44,35,0.29126,-60.16,6.59,-38.11,-351.46,37.47,-193.07
44,36,0.29980,-63.08,6.91,-39.75,-342.50,36.68,-191.79
44,37,0.30804,-65.99,7.22,-41.42,-353.33,37.94,-201.85
44,38,0.31631,-68.85,7.53,-43.23,-345.76,37.88,-219.19
44,39,0.32483,-71.70,7.85,-45.06,-334.05,36.77,-215.41
44,40,0.33298,-74.43,8.15,-47.06,-334.83,37.89,-245.69
44,41,0.34143,-77.03,8.46,-49.23,-307.94,35.84,-255.96
44,42,0.34973,-79.50,8.75,-51.54,-297.43,35.74,-278.68
44,43,0.35803,-81.82,9.04,-54.00,-280.15,34.80,-296.32
44,44,0.36642,-83.95,9.32,-56.62,-253.09,32.99,-311.64
44,45,0.37482,-85.91,9.64,-59.35,-233.82,38.67,-326.18
44,46,0.38327,-87.71,9.69,-62.20,-212.64,5.81,-337.18
44,47,0.39136,-89.33,9.57,-65.16,-200.38,-14.83,-365.28
44,48,0.39969,-90.84,9.52,-68.31,-180.95,-6.31,-378.75
44,49,0.40811,-92.15,9.45,-71.55,-156.16,-8.76,-384.78
44,50,0.41641,-93.31,9.35,-74.99,-139.34,-11.79,-413.60
44,51,0.42477,-94.41,9.24,-78.44,-131.39,-12.41,-412.77
44,52,0.43307,-95.50,9.13,-82.04,-132.35,-13.50,-433.46
44,53,0.44141,-96.59,9.02,-85.64,-130.77,-13.56,-432.23
44,54,0.45007,-97.81,8.91,-89.42,-140.49,-12.94,-436.27
44,55,0.45804,-99.13,8.81,-93.17,-165.13,-12.87,-470.50
44,56,0.46628,-100.55,8.71,-96.99,-172.96,-11.84,-464.07
44,57,0.47498,-102.06,8.62,-100.78,-173.33,-10.27,-436.14
44,58,0.48334,-103.63,8.54,-104.55,-187.96,-9.81,-450.36
44,59,0.49146,-105.28,9.32,-108.29,-202.63,96.47,-460.15
44,60,0.49973,-106.95,10.06,-112.01,-202.58,89.12,-450.18
44,61,0.50833,-108.66,10.86,-115.72,-198.58,93.14,-430.85
44,62,0.51642,-110.50,11.77,-119.37,-227.55,112.60,-451.32
44,63,0.52478,-112.34,12.52,-123.02,-220.44,89.61,-436.50
44,64,0.53308,-114.20,13.35,-126.66,-223.16,100.42,-438.97
44,65,0.54144,-116.05,14.18,-130.30,-221.17,99.40,-435.77
44,66,0.54971,-117.88,15.05,-133.95,-222.14,104.78,-441.33
44,67,0.55826,-119.70,16.26,-137.62,-212.14,142.05,-428.93
44,68,0.56635,-121.41,17.44,-141.20,-211.70,145.06,-443.02
44,69,0.57495,-123.07,18.60,-144.81,-193.26,135.61,-418.79
44,70,0.58322,-124.68,19.77,-148.44,-194.10,140.49,-439.11
44,71,0.59192,-126.23,20.92,-152.09,-178.25,132.63,-420.35
44,72,0.60013,-127.57,22.00,-155.62,-163.20,131.71,-430.11
44,73,0.60831,-128.87,23.07,-159.17,-158.96,131.43,-433.96
44,74,0.61661,-130.15,24.15,-162.73,-154.04,129.09,-428.31
44,75,0.62479,-131.41,25.22,-166.29,-155.22,131.05,-435.07
44,76,0.63327,-132.68,26.24,-169.65,-148.92,120.94,-396.76
44,77,0.64145,-133.98,27.27,-173.01,-158.58,126.03,-410.07
44,78,0.64999,-135.32,28.31,-176.34,-157.86,121.34,-390.00
44,79,0.65799,-136.74,29.36,-179.65,-176.72,130.97,-413.74
44,80,0.66650,-138.20,30.41,-182.93,-172.40,123.78,-385.66
44,81,0.67484,-139.73,31.47,-186.19,-183.15,127.20,-391.21
44,82,0.68295,-141.32,32.54,-189.42,-195.86,131.58,-397.37
44,83,0.69147,-142.97,33.62,-192.61,-194.27,126.24,-374.91
44,84,0.69952,-144.73,34.70,-195.75,-217.80,134.55,-389.77
44,85,0.70801,-146.55,35.79,-198.85,-215.11,128.57,-365.11
44,86,0.71640,-148.45,36.89,-201.90,-225.82,130.96,-364.36
44,87,0.72470,-150.43,37.99,-204.90,-238.97,133.02,-361.40
44,88,0.73291,-152.59,39.02,-207.96,-262.83,125.00,-372.49
44,89,0.74146,-154.82,39.79,-210.96,-261.43,90.70,-351.43
44,90,0.74951,-157.12,40.32,-213.92,-284.85,64.95,-367.05
44,91,0.75797,-159.47,40.59,-216.84,-277.62,32.11,-344.77
44,92,0.76630,-161.99,40.74,-219.85,-302.56,17.75,-362.27
44,93,0.77499,-164.56,40.72,-222.83,-295.79,-2.20,-341.75
44,94,0.78302,-167.17,40.77,-225.77,-325.10,6.13,-366.16
44,95,0.79135,-169.83,40.81,-228.66,-319.05,5.17,-347.62
44,96,0.79959,-172.50,40.85,-231.56,-324.44,5.16,-351.48
44,97,0.80792,-175.20,40.89,-234.43,-324.54,4.59,-344.32
44,98,0.81665,-177.94,40.93,-237.27,-312.94,4.01,-325.87
44,99,0.82483,-180.70,40.96,-240.08,-337.69,3.76,-344.03
44,100,0.83328,-183.33,41.00,-242.99,-310.83,5.37,-343.32
44,101,0.84161,-185.98,41.04,-245.86,-319.05,5.05,-345.05
44,102,0.84985,-188.67,41.08,-248.71,-325.56,4.64,-345.93
44,103,0.85806,-191.38,41.12,-251.53,-330.86,4.16,-343.49
44,104,0.86627,-194.12,41.15,-254.33,-333.83,3.77,-340.52
44,105,0.87476,-196.90,41.17,-257.09,-326.98,3.14,-325.90
44,106,0.88297,-199.69,41.20,-259.83,-340.89,2.80,-333.46
44,107,0.89133,-202.52,41.22,-262.54,-337.96,2.35,-324.09
44,108,0.89975,-205.38,41.33,-265.21,-339.86,12.89,-317.03
44,109,0.90793,-208.28,41.24,-267.85,-354.10,-10.34,-322.39
44,110,0.91641,-211.15,41.11,-270.40,-338.85,-14.92,-301.44
44,111,0.92459,-214.06,40.91,-272.92,-355.22,-25.41,-308.21
44,112,0.93289,-216.99,40.64,-275.42,-353.31,-31.72,-300.00
44,113,0.94144,-219.96,40.42,-277.86,-347.50,-26.38,-286.07
44,114,0.94968,-222.73,40.21,-280.15,-335.56,-25.50,-277.78
44,115,0.95862,-225.52,40.00,-282.39,-312.97,-23.50,-251.19
44,116,0.96637,-228.17,39.80,-284.46,-341.34,-25.25,-266.14
44,117,0.97495,-230.86,39.61,-286.47,-313.17,-22.80,-234.52
44,118,0.98303,-233.57,39.41,-288.45,-335.09,-24.08,-244.53
44,119,0.99170,-236.32,39.22,-290.37,-317.25,-22.43,-221.83
44,120,0.99979,-239.00,39.03,-292.19,-331.70,-23.12,-225.28
44,121,1.00797,-241.71,38.84,-293.97,-331.72,-22.83,-217.16
44,122,1.01630,-244.31,38.67,-295.64,-312.09,-21.29,-201.10
44,123,1.02493,-246.95,38.49,-297.27,-304.95,-20.48,-187.99
44,124,1.03302,-249.61,38.31,-298.84,-329.43,-21.77,-194.72
44,125,1.04141,-252.31,38.14,-300.35,-321.45,-20.78,-180.00
44,126,1.04971,-254.96,37.97,-301.75,-319.12,-20.87,-168.75
44,127,1.05807,-257.64,37.75,-303.09,-320.44,-25.22,-160.22
44,128,1.06650,-260.34,37.49,-304.38,-321.38,-31.66,-153.26
44,129,1.07477,-263.07,37.25,-305.62,-330.26,-28.72,-149.08
44,130,1.08325,-265.92,37.01,-306.86,-335.61,-28.85,-146.40
45,0,0.00000,0.00,0.00,0.00,-37.91,-3.71,-54.15
45,1,0.00827,-0.31,-0.03,-0.46,-37.27,-3.62,-56.09
45,2,0.01666,-0.88,-0.09,-1.17,-67.64,-7.11,-84.00
45,3,0.02490,-1.42,-0.15,-1.89,-66.30,-6.84,-87.41
45,4,0.03329,-2.30,-0.25,-2.76,-104.36,-12.18,-103.27
45,5,0.04153,-3.15,-0.35,-3.65,-103.33,-11.89,-108.15
45,6,0.05002,-4.30,-0.49,-4.67,-135.97,-16.50,-120.50
45,7,0.05829,-5.43,-0.62,-5.72,-135.79,-16.17,-127.31
45,8,0.06668,-6.75,-0.80,-6.47,-158.18,-21.47,-88.73
45,9,0.07501,-8.06,-0.98,-7.24,-156.78,-21.03,-93.41
45,10,0.08334,-9.70,-1.22,-7.71,-196.34,-29.01,-55.31
45,11,0.09158,-11.32,-1.45,-8.21,-196.67,-28.80,-61.48
45,12,0.10013,-13.04,-1.72,-8.55,-201.79,-30.70,-39.29
45,13,0.10840,-14.76,-1.97,-8.93,-207.38,-31.18,-46.13
45,14,0.11670,-16.50,-2.19,-9.13,-210.66,-25.66,-23.90
45,15,0.12497,-18.25,-2.49,-9.37,-210.70,-36.61,-29.52
45,16,0.13336,-19.98,-2.78,-9.66,-206.91,-34.55,-34.55
45,17,0.14163,-21.71,-3.04,-10.00,-208.86,-31.66,-40.59
45,18,0.14996,-23.59,-3.33,-10.25,-226.01,-34.85,-30.77
45,19,0.15833,-25.47,-3.62,-10.56,-224.09,-34.38,-36.50
45,20,0.16663,-27.51,-3.94,-10.70,-245.96,-38.66,-16.91
45,21,0.17493,-29.54,-4.26,-10.89,-245.22,-38.25,-23.53
45,22,0.18329,-31.90,-4.63,-10.93,-281.39,-44.83,-4.74
45,23,0.19162,-34.25,-5.01,-11.04,-282.05,-44.74,-12.45
45,24,0.19998,-36.94,-5.44,-11.02,-322.26,-51.73,2.55
45,25,0.20825,-39.64,-5.87,-11.07,-325.83,-51.91,-6.27
45,26,0.21674,-42.69,-6.36,-10.96,-360.07,-58.24,12.23
45,27,0.22498,-45.75,-6.85,-10.94,-371.11,-59.58,2.59
45,28,0.23340,-49.03,-7.37,-11.10,-389.86,-61.60,-18.84
45,29,0.24164,-52.31,-7.89,-11.35,-397.78,-62.56,-30.00
45,30,0.25009,-55.75,-8.41,-11.92,-406.50,-62.14,-67.87
45,31,0.25830,-59.17,-8.93,-12.59,-416.73,-63.24,-81.04
45,32,0.26669,-62.45,-9.42,-13.47,-391.64,-58.09,-105.45
45,33,0.27499,-65.72,-9.90,-14.45,-393.01,-57.88,-117.28
45,34,0.28333,-68.83,-10.34,-15.69,-373.99,-53.41,-148.72
45,35,0.29166,-71.91,-10.78,-17.01,-369.96,-52.38,-158.61
45,36,0.30005,-74.96,-11.21,-18.41,-362.91,-50.79,-167.27
45,37,0.30829,-77.97,-11.62,-19.90,-364.81,-50.57,-180.37
45,38,0.31671,-80.90,-12.02,-21.59,-348.19,-47.00,-200.72
45,39,0.32513,-83.79,-12.41,-23.36,-342.75,-45.80,-210.14
45,40,0.33340,-86.77,-12.81,-24.95,-361.25,-49.36,-192.62
45,41,0.34171,-89.85,-13.25,-26.36,-370.59,-52.03,-170.22
45,42,0.35007,-93.01,-13.70,-27.59,-377.37,-54.01,-146.35
45,43,0.35846,-96.23,-14.17,-28.62,-384.00,-56.13,-123.27
45,44,0.36670,-99.48,-14.65,-29.51,-394.44,-58.58,-107.41
45,45,0.37503,-102.78,-15.15,-30.20,-395.97,-59.79,-82.78
45,46,0.38342,-106.11,-15.66,-30.69,-397.09,-61.12,-58.55
45,47,0.39169,-109.46,-16.10,-31.07,-404.80,-53.54,-46.13
45,48,0.40012,-112.93,-16.72,-31.45,-412.68,-73.22,-44.93
45,49,0.40839,-116.41,-17.26,-31.83,-420.30,-65.35,-45.76
45,50,0.41681,-120.01,-17.82,-32.22,-427.54,-66.48,-46.74
45,51,0.42502,-123.61,-18.38,-32.61,-438.66,-68.16,-47.96
45,52,0.43353,-127.35,-18.96,-33.04,-439.07,-68.14,-50.18
45,53,0.44177,-131.09,-19.54,-33.47,-453.70,-70.50,-51.85
45,54,0.45023,-135.03,-20.15,-33.94,-466.43,-72.29,-56.32
45,55,0.45847,-138.96,-20.76,-34.52,-477.04,-73.38,-70.00
45,56,0.46695,-142.97,-21.37,-35.28,-472.66,-71.83,-89.21
45,57,0.47513,-146.94,-21.96,-36.23,-485.07,-72.61,-116.79
45,58,0.48364,-150.85,-22.54,-37.40,-459.50,-67.62,-136.92
45,59,0.49179,-154.69,-23.09,-38.80,-470.79,-67.93,-171.54
45,60,0.50018,-158.44,-23.62,-40.39,-447.64,-63.40,-190.18
45,61,0.50845,-162.14,-24.14,-42.12,-447.23,-62.51,-208.86
45,62,0.51685,-165.83,-24.65,-43.89,-439.27,-61.22,-210.91
45,63,0.52512,-169.47,-25.16,-45.75,-440.22,-60.68,-224.72
45,64,0.53348,-173.06,-25.65,-47.70,-429.56,-58.58,-233.58
45,65,0.54178,-176.61,-26.12,-49.73,-427.21,-57.75,-244.85
45,66,0.55017,-180.09,-26.56,-51.86,-415.27,-51.88,-253.82
45,67,0.55850,-183.54,-26.78,-54.07,-413.19,-26.53,-264.47
45,68,0.56683,-186.76,-27.00,-56.38,-387.18,-26.71,-278.02
45,69,0.57516,-189.89,-27.23,-58.83,-375.82,-27.47,-293.41
45,70,0.58362,-192.92,-27.47,-61.40,-358.48,-27.71,-303.61
45,71,0.59183,-195.86,-27.71,-64.07,-357.62,-29.11,-326.02
45,72,0.60019,-198.51,-27.94,-66.77,-316.79,-27.86,-322.26
45,73,0.60849,-201.05,-28.18,-69.56,-306.25,-28.53,-336.76
45,74,0.61688,-203.45,-28.42,-72.48,-286.55,-28.78,-347.27
45,75,0.62518,-205.75,-28.66,-75.48,-276.84,-29.45,-361.40
45,76,0.63358,-207.95,-28.89,-78.33,-261.45,-27.66,-339.64
45,77,0.64191,-210.12,-29.13,-81.20,-260.44,-27.98,-344.32
45,78,0.65033,-212.28,-29.36,-84.07,-256.88,-27.66,-341.30
45,79,0.65854,-214.44,-29.59,-86.94,-263.20,-28.42,-350.19
45,80,0.66687,-216.60,-29.83,-89.82,-259.34,-27.98,-345.42
45,81,0.67517,-218.76,-30.06,-92.70,-260.29,-28.08,-346.69
45,82,0.68356,-220.92,-30.29,-95.57,-257.45,-27.80,-342.55
45,83,0.69183,-223.09,-30.53,-98.44,-262.36,-28.14,-346.86
45,84,0.70026,-225.26,-30.76,-101.31,-257.61,-27.63,-340.58
45,85,0.70856,-227.44,-30.99,-104.18,-261.76,-28.05,-345.59
45,86,0.71698,-229.61,-31.22,-107.05,-258.33,-27.67,-340.22
45,87,0.72525,-231.79,-31.46,-109.91,-263.10,-28.14,-346.49
45,88,0.73364,-234.07,-31.70,-112.88,-272.36,-28.77,-353.09
45,89,0.74194,-236.36,-31.94,-115.84,-275.74,-29.12,-356.62
45,90,0.75040,-238.65,-32.18,-118.80,-270.76,-28.59,-350.18
45,91,0.75858,-240.94,-32.42,-121.76,-279.85,-29.51,-361.94
45,92,0.76700,-243.30,-32.68,-124.90,-280.80,-30.27,-372.83
45,93,0.77536,-245.63,-32.93,-128.07,-277.74,-30.55,-379.20
45,94,0.78369,-247.94,-33.19,-131.25,-277.29,-30.77,-382.05
45,95,0.79196,-250.24,-33.45,-134.44,-278.60,-30.96,-385.24
45,96,0.80035,-252.52,-33.70,-137.66,-271.27,-30.67,-383.64
45,97,0.80872,-254.79,-33.96,-140.88,-271.90,-30.82,-385.04
45,98,0.81708,-257.06,-34.22,-144.09,-271.90,-30.77,-385.04
45,99,0.82547,-259.37,-34.47,-147.29,-274.91,-30.61,-380.73
45,100,0.83371,-261.57,-34.73,-150.53,-267.04,-31.20,-392.96
45,101,0.84204,-263.81,-34.99,-153.74,-268.13,-30.79,-386.08
45,102,0.85040,-266.05,-35.24,-156.95,-268.25,-30.59,-383.58
45,103,0.85870,-268.30,-35.50,-160.16,-270.59,-30.87,-386.40
45,104,0.86725,-270.54,-35.76,-163.37,-262.86,-29.94,-375.36
45,105,0.87537,-272.84,-36.02,-166.65,-282.71,-32.27,-404.14
45,106,0.88373,-275.08,-36.27,-169.86,-267.88,-30.65,-383.94
45,107,0.89206,-277.29,-36.53,-173.09,-265.93,-30.83,-387.55
45,108,0.90054,-279.47,-36.79,-176.34,-256.47,-30.33,-383.81
45,109,0.90869,-281.62,-37.05,-179.61,-263.67,-31.66,-401.50
45,110,0.91721,-283.72,-37.30,-182.84,-246.59,-29.80,-378.49
45,111,0.92542,-285.81,-37.55,-186.07,-255.02,-30.89,-393.31
45,112,0.93399,-287.90,-37.81,-189.30,-243.42,-29.62,-376.87
45,113,0.94214,-289.97,-38.06,-192.53,-254.68,-31.14,-396.63
45,114,0.95062,-291.87,-38.28,-195.57,-223.38,-25.41,-358.99
45,115,0.95877,-293.76,-38.45,-198.62,-232.21,-20.83,-373.41
45,116,0.96719,-295.52,-38.54,-201.47,-209.42,-10.79,-338.77
45,117,0.97552,-297.28,-38.70,-204.33,-211.36,-18.87,-342.86
45,118,0.98392,-299.04,-38.85,-207.19,-209.09,-18.56,-340.73
45,119,0.99216,-300.77,-39.00,-210.06,-210.00,-18.40,-348.52
45,120,1.00052,-302.40,-39.14,-212.86,-195.26,-16.63,-335.04
45,121,1.00882,-304.00,-39.28,-215.68,-192.65,-16.06,-339.34
45,122,1.01730,-305.47,-39.39,-218.40,-173.74,-13.81,-320.50
45,123,1.02551,-306.94,-39.51,-221.12,-178.07,-14.00,-332.34
45,124,1.03397,-308.39,-39.63,-223.86,-171.48,-15.11,-323.47
45,125,1.04218,-309.82,-39.92,-226.60,-174.35,-35.30,-333.83
45,126,1.05057,-311.20,-40.06,-229.26,-164.73,-16.07,-317.09
45,127,1.05887,-312.57,-39.89,-231.92,-165.44,20.15,-320.96
45,128,1.06732,-313.95,-39.73,-234.59,-163.18,19.73,-314.80
45,129,1.07559,-315.34,-39.56,-237.24,-168.27,20.05,-321.40
45,130,1.08389,-316.79,-39.39,-239.99,-173.90,20.62,-331.25
46,0,0.00000,0.00,0.00,0.00,64.96,-30.25,16.79
46,1,0.00848,0.54,-0.25,0.15,63.31,-29.21,17.99
46,2,0.01669,1.43,-0.65,0.32,108.55,-48.81,20.07
46,3,0.02524,2.31,-0.75,0.50,103.57,-12.17,21.79
46,4,0.03354,3.54,-0.74,0.58,147.79,1.35,9.19
46,5,0.04193,4.77,-0.73,0.69,146.18,1.39,12.73
46,6,0.05023,6.30,-0.72,0.69,185.29,1.46,0.00
46,7,0.05875,7.84,-0.70,0.72,180.65,1.50,3.94
46,8,0.06668,9.33,-0.70,0.38,186.92,0.66,-42.31
46,9,0.07520,10.82,-0.69,0.08,174.91,0.71,-35.48
46,10,0.08292,12.34,-0.70,-0.68,196.84,-0.29,-98.81
46,11,0.09128,13.87,-0.70,-1.41,183.94,-0.20,-87.23
46,12,0.09976,15.37,-0.70,-2.34,176.26,-0.67,-109.71
46,13,0.10797,16.88,-0.71,-3.23,184.39,-0.59,-108.92
46,14,0.11630,18.29,-0.72,-4.29,169.23,-1.03,-126.74
46,15,0.12463,19.72,-0.72,-5.32,171.43,-0.97,-123.08
46,16,0.13297,21.17,-0.73,-6.31,174.36,-0.86,-119.05
46,17,0.14127,22.65,-0.74,-7.27,177.94,-0.75,-115.44
46,18,0.14941,24.18,-0.75,-8.40,187.27,-1.14,-138.58
46,19,0.15778,25.73,-0.76,-9.49,185.40,-0.99,-131.02
46,20,0.16599,27.28,-0.77,-10.83,188.85,-1.57,-162.83
46,21,0.17438,28.86,-0.78,-12.13,188.36,-1.42,-154.91
46,22,0.18265,30.55,-0.80,-13.77,204.43,-2.10,-198.15
46,23,0.19107,32.28,-0.81,-15.37,205.07,-1.94,-189.86
46,24,0.19931,34.15,-0.84,-17.30,227.41,-2.61,-235.19
46,25,0.20758,36.07,-0.86,-19.20,231.73,-2.47,-229.15
46,26,0.21582,38.12,-0.88,-21.47,248.89,-3.20,-275.56
46,27,0.22433,40.22,-0.91,-23.69,246.59,-2.95,-260.93
46,28,0.23254,42.60,-0.93,-25.96,289.96,-2.91,-276.95
46,29,0.24097,45.03,-0.95,-28.18,288.41,-2.66,-263.04
46,30,0.24924,47.80,-0.97,-30.30,335.06,-2.16,-256.09
46,31,0.25772,50.61,-0.99,-32.35,331.65,-1.93,-242.09
46,32,0.26593,53.49,-1.00,-34.17,350.93,-1.37,-221.19
46,33,0.27432,56.41,-1.01,-35.92,348.36,-1.35,-208.36
46,34,0.28265,59.43,-1.02,-37.39,361.90,-0.64,-176.92
46,35,0.29138,62.48,-1.02,-38.79,348.95,-0.43,-160.84
46,36,0.29953,65.55,-0.77,-40.13,377.90,30.97,-164.04
46,37,0.30792,68.66,-0.34,-41.39,370.55,50.93,-150.18
46,38,0.31628,71.87,0.11,-42.47,383.58,54.07,-129.20
46,39,0.32468,75.10,0.57,-43.48,385.09,54.83,-120.00
46,40,0.33295,78.39,1.05,-44.29,397.42,58.31,-98.15
46,41,0.34131,81.72,1.55,-44.90,398.18,59.54,-73.36
46,42,0.34958,85.08,2.07,-45.32,406.27,62.23,-49.82
46,43,0.35800,88.46,2.60,-45.53,401.09,62.80,-25.00
46,44,0.36627,91.83,3.14,-45.48,407.38,65.61,5.54
46,45,0.37469,95.19,3.69,-45.23,398.91,65.31,29.35
46,46,0.38300,98.53,4.25,-44.78,402.21,67.50,54.04
46,47,0.39145,101.83,4.81,-44.13,391.34,66.92,76.90
46,48,0.39987,105.22,5.40,-43.27,402.17,70.03,102.54
46,49,0.40833,108.55,6.65,-42.21,393.86,147.24,125.99
46,50,0.41669,111.93,7.80,-40.89,403.65,137.79,156.93
46,51,0.42508,115.25,8.92,-39.44,395.64,132.81,172.73
46,52,0.43329,118.69,10.07,-37.92,418.96,140.13,185.50
46,53,0.44171,122.13,11.21,-36.40,408.70,136.10,180.07
46,54,0.45001,125.76,12.17,-34.79,437.50,114.89,194.12
46,55,0.45840,129.39,12.94,-33.19,433.09,92.20,190.91
46,56,0.46667,133.12,13.58,-31.52,450.55,77.19,201.48
46,57,0.47510,136.85,14.89,-29.86,442.75,155.62,197.10
46,58,0.48325,140.58,16.16,-28.21,458.05,156.50,203.00
46,59,0.49158,144.31,17.48,-26.56,447.99,157.75,198.53
46,60,0.49982,148.05,18.79,-24.91,452.96,159.51,200.37
46,61,0.50827,151.78,20.11,-23.26,441.88,155.82,194.95
46,62,0.51648,155.56,21.45,-21.70,460.59,162.75,189.22
46,63,0.52496,159.34,22.78,-20.15,445.68,157.49,182.73
46,64,0.53320,163.13,24.12,-18.60,458.89,162.16,188.15
46,65,0.54150,166.91,25.46,-17.06,455.88,161.31,186.40
46,66,0.54980,170.69,26.79,-15.51,455.88,161.11,186.40
46,67,0.55820,174.48,28.13,-13.96,450.91,159.36,184.36
46,68,0.56641,178.15,29.43,-12.45,446.84,157.63,184.76
46,69,0.57486,181.81,30.72,-10.93,433.94,153.46,179.42
46,70,0.58319,185.48,32.02,-9.41,440.29,155.51,182.05
46,71,0.59158,189.15,33.32,-7.89,437.09,154.57,180.73
46,72,0.59982,192.61,34.53,-6.37,419.63,147.57,184.81
46,73,0.60822,196.07,35.75,-4.85,412.00,144.52,181.45
46,74,0.61649,199.52,36.91,-3.33,418.08,141.33,184.13
46,75,0.62494,202.98,37.85,-1.80,409.03,110.95,180.14
46,76,0.63315,206.30,38.61,-0.40,403.72,91.87,170.63
46,77,0.64154,209.61,39.30,1.00,394.91,83.01,166.91
46,78,0.64984,212.92,39.87,2.40,399.26,68.03,168.75
46,79,0.65829,216.24,40.50,3.80,392.06,75.14,165.70
46,80,0.66656,219.55,41.14,5.20,400.74,76.62,169.37
46,81,0.67499,222.87,41.77,6.60,393.48,75.20,165.94
46,82,0.68323,226.18,42.41,8.00,402.22,77.15,169.63
46,83,0.69165,229.50,43.04,9.39,393.48,75.25,165.94
46,84,0.69992,232.81,43.67,10.79,400.74,76.70,168.63
46,85,0.70844,236.12,44.31,12.18,389.25,74.45,163.80
46,86,0.71658,239.44,44.94,13.57,407.12,77.82,170.79
46,87,0.72504,242.76,45.58,14.96,392.78,75.00,164.26
46,88,0.73340,246.22,46.24,16.38,414.23,78.86,168.98
46,89,0.74173,249.69,46.89,17.79,416.12,78.99,169.23
46,90,0.75003,253.16,47.55,19.19,417.65,79.44,169.49
46,91,0.75839,256.63,48.21,20.60,414.96,78.70,167.88
46,92,0.76666,260.27,48.90,22.07,440.59,83.72,178.23
46,93,0.77509,263.92,49.60,23.54,432.97,82.14,174.28
46,94,0.78339,267.57,50.29,25.00,439.71,83.25,176.10
46,95,0.79184,271.22,50.98,26.46,432.13,81.92,172.20
46,96,0.80008,274.87,51.67,27.94,442.96,84.13,180.37
46,97,0.80850,278.53,52.37,29.42,434.06,82.44,175.72
46,98,0.81668,282.19,53.06,30.89,447.39,84.83,179.85
46,99,0.82510,285.85,53.75,32.35,434.78,82.29,173.19
46,100,0.83344,289.42,54.45,33.96,428.57,83.20,193.04
46,101,0.84183,293.00,55.14,35.55,426.18,82.46,189.82
46,102,0.85007,296.58,55.83,37.13,435.19,83.92,191.11
46,103,0.85846,300.17,56.52,38.68,428.00,82.26,185.45
46,104,0.86676,303.77,57.21,40.23,433.46,83.37,186.40
46,105,0.87515,307.37,57.90,41.78,428.73,82.34,184.00
46,106,0.88339,310.97,58.59,43.31,437.04,83.73,186.30
46,107,0.89185,314.58,59.28,44.84,426.35,81.75,180.87
46,108,0.90012,318.18,59.97,46.37,436.16,83.44,184.50
46,109,0.90851,321.79,60.67,47.89,429.82,82.34,181.45
46,110,0.91687,325.34,61.34,49.38,424.09,80.78,178.83
46,111,0.92520,328.88,61.98,50.88,425.64,76.86,179.12
46,112,0.93344,332.43,62.32,52.37,430.37,41.20,181.11
46,113,0.94186,335.97,62.46,53.86,421.01,16.99,176.81
46,114,0.95013,339.26,62.42,55.29,397.79,-5.00,173.43
46,115,0.95856,342.55,62.63,56.72,390.58,24.35,169.93
46,116,0.96680,345.64,62.74,58.05,374.07,13.86,160.74
46,117,0.97531,348.73,63.06,59.34,363.80,37.40,151.25
46,118,0.98349,351.85,63.37,60.57,381.34,38.42,151.49
46,119,0.99194,354.99,63.70,61.77,370.76,38.33,141.88
46,120,1.00024,358.02,64.01,62.92,365.81,37.84,137.50
46,121,1.00861,361.07,64.33,64.03,364.23,37.68,132.85
46,122,1.01685,363.97,64.48,65.10,352.22,18.92,130.00
46,123,1.02533,366.88,64.41,66.15,342.81,-8.23,124.10
46,124,1.03351,369.79,64.18,67.19,356.34,-29.01,126.87
46,125,1.04193,372.71,64.11,68.21,346.74,-8.13,121.01
46,126,1.05020,375.55,64.00,69.17,343.17,-12.76,116.61
46,127,1.05859,378.40,63.90,70.12,338.91,-12.38,113.09
46,128,1.06693,381.24,63.80,71.06,341.76,-12.31,112.82
46,129,1.07532,384.09,63.69,71.99,339.27,-12.18,111.27
46,130,1.08359,387.04,63.59,72.97,356.46,-12.88,118.08
47,0,0.00000,0.00,0.00,0.00,60.87,-8.39,-26.09
47,1,0.00821,0.51,-0.07,-0.23,62.45,-8.68,-27.51
47,2,0.01663,1.29,-0.17,-0.69,92.03,-12.11,-55.07
47,3,0.02487,2.06,-0.28,-1.16,94.07,-12.36,-57.04
47,4,0.03326,2.99,-0.39,-1.97,110.55,-13.63,-97.09
47,5,0.04160,3.91,-0.50,-2.80,110.62,-13.50,-98.53
47,6,0.05002,4.93,-0.65,-3.95,121.01,-17.75,-136.96
47,7,0.05823,5.94,-0.83,-5.11,123.42,-22.33,-141.64
47,8,0.06674,6.59,-0.94,-6.49,75.99,-12.15,-161.65
47,9,0.07495,7.23,-1.04,-7.87,77.32,-11.85,-168.40
47,10,0.08337,7.45,-0.98,-9.56,26.81,7.16,-200.00
47,11,0.09161,7.67,-0.97,-11.24,25.93,0.63,-204.44
47,12,0.10010,7.63,-0.92,-13.00,-4.32,6.24,-207.19
47,13,0.10837,7.58,-0.86,-14.76,-5.90,6.66,-212.55
47,14,0.11673,7.28,-0.76,-16.49,-35.77,11.84,-207.30
47,15,0.12497,6.97,-0.66,-18.22,-37.78,12.52,-210.37
47,16,0.13336,6.65,-0.56,-19.95,-38.55,12.37,-206.18
47,17,0.14163,6.31,-0.45,-21.68,-40.59,12.81,-208.86
47,18,0.15002,5.77,-0.30,-23.50,-64.00,17.30,-217.09
47,19,0.15836,5.22,-0.16,-25.32,-65.93,17.70,-218.32
47,20,0.16675,4.39,0.04,-27.19,-99.64,23.96,-222.18
47,21,0.17505,3.53,0.25,-29.04,-102.94,24.66,-223.90
47,22,0.18344,2.32,0.52,-31.06,-144.73,32.52,-240.00
47,23,0.19165,1.09,0.80,-33.06,-150.19,33.81,-244.24
47,24,0.20016,-0.52,1.15,-35.23,-188.53,40.95,-254.12
47,25,0.20837,-2.14,1.55,-37.38,-197.77,49.09,-262.08
47,26,0.21683,-4.19,1.96,-39.65,-242.60,48.94,-268.23
47,27,0.22504,-6.26,2.34,-41.89,-252.04,46.39,-273.98
47,28,0.23413,-8.44,2.74,-44.36,-239.60,43.01,-270.81
47,29,0.24179,-10.64,3.15,-46.80,-286.85,54.09,-319.52
47,30,0.25006,-12.82,3.57,-49.52,-263.47,50.75,-328.78
47,31,0.25858,-15.02,3.99,-52.22,-258.78,49.66,-317.20
47,32,0.26685,-17.07,4.39,-54.94,-247.97,48.46,-328.41
47,33,0.27515,-19.15,4.80,-57.64,-250.00,48.66,-325.00
47,34,0.28351,-21.04,5.18,-60.40,-227.01,45.25,-330.66
47,35,0.29175,-22.97,5.56,-63.15,-233.33,46.31,-333.70
47,36,0.30017,-24.91,5.94,-65.89,-230.43,45.67,-324.64
47,37,0.30850,-26.87,6.33,-68.61,-235.90,46.56,-326.37
47,38,0.31680,-28.78,6.71,-71.41,-229.41,45.92,-337.13
47,39,0.32516,-30.70,7.09,-74.19,-229.93,45.86,-332.85
47,40,0.33353,-32.45,7.46,-77.08,-209.49,43.10,-346.35
47,41,0.34177,-34.03,7.79,-80.08,-191.85,40.97,-363.33
47,42,0.35019,-35.43,8.11,-83.16,-165.94,37.21,-366.30
47,43,0.35846,-36.64,8.39,-86.33,-146.13,34.71,-382.29
47,44,0.36685,-37.60,8.64,-89.55,-114.18,29.92,-384.73
47,45,0.37515,-38.36,8.87,-92.83,-91.91,27.07,-395.22
47,46,0.38351,-38.93,9.06,-96.15,-67.88,23.38,-397.08
47,47,0.39185,-39.29,9.23,-99.51,-43.96,19.81,-402.20
47,48,0.40018,-39.48,9.37,-103.00,-21.98,17.01,-419.05
47,49,0.40857,-39.45,9.48,-106.49,2.91,13.24,-416.73
47,50,0.41684,-39.21,9.56,-110.11,29.52,9.84,-436.90
47,51,0.42511,-38.75,9.61,-113.70,56.09,5.71,-434.32
47,52,0.43353,-38.02,9.62,-117.39,85.51,1.27,-438.41
47,53,0.44180,-37.08,9.60,-121.03,114.39,-2.78,-440.22
47,54,0.45023,-35.83,9.53,-124.80,147.83,-7.81,-447.83
47,55,0.45847,-34.37,9.43,-128.50,177.78,-12.27,-448.15
47,56,0.46686,-32.61,9.28,-132.18,209.45,-17.59,-438.91
47,57,0.47516,-30.63,9.10,-135.75,238.24,-21.97,-430.51
47,58,0.48358,-28.45,8.88,-139.20,259.42,-25.99,-409.42
47,59,0.49179,-26.06,8.63,-142.51,290.71,-30.95,-403.35
47,60,0.50037,-23.48,8.20,-145.68,301.07,-49.68,-368.68
47,61,0.50864,-20.72,7.79,-148.68,334.32,-49.96,-362.73
47,62,0.51685,-17.85,7.34,-151.58,349.44,-54.39,-354.28
47,63,0.52512,-14.81,6.86,-154.32,367.53,-58.33,-330.26
47,64,0.53357,-11.61,6.35,-156.86,378.34,-60.98,-301.08
47,65,0.54178,-8.26,5.87,-159.21,407.43,-57.93,-286.25
47,66,0.55020,-4.79,5.43,-161.35,413.04,-52.53,-254.35
47,67,0.55869,-1.18,4.95,-163.28,424.46,-56.09,-227.70
47,68,0.56686,2.43,4.45,-164.94,441.79,-61.05,-201.87
47,69,0.57520,6.13,3.92,-166.37,444.69,-63.40,-171.79
47,70,0.58359,9.92,3.37,-167.57,450.91,-66.34,-143.64
47,71,0.59180,13.76,2.78,-168.55,468.40,-70.97,-118.96
47,72,0.60028,17.46,2.21,-169.31,435.97,-67.46,-89.93
47,73,0.60861,21.15,1.64,-170.11,443.22,-68.34,-96.34
47,74,0.61697,24.84,1.08,-170.94,440.88,-67.63,-98.18
47,75,0.62521,28.53,0.51,-171.76,447.41,-68.77,-100.37
47,76,0.63373,32.03,-0.02,-172.60,410.75,-62.51,-98.57
47,77,0.64185,35.52,-0.56,-173.44,430.83,-65.76,-103.38
47,78,0.65030,39.02,-1.09,-174.28,413.72,-63.05,-99.28
47,79,0.65857,42.52,-1.62,-175.12,422.88,-64.55,-101.48
47,80,0.66705,46.01,-2.16,-175.96,412.23,-62.92,-98.92
47,81,0.67523,49.51,-2.69,-176.80,427.61,-65.08,-102.61
47,82,0.68369,53.01,-3.22,-177.63,413.72,-63.22,-98.19
47,83,0.69189,56.52,-3.76,-178.42,427.51,-65.68,-96.28
47,84,0.70038,60.03,-4.30,-179.17,414.39,-63.78,-88.85
47,85,0.70871,63.56,-4.85,-179.87,423.44,-65.72,-84.25
47,86,0.71704,67.10,-5.40,-180.54,424.18,-66.26,-79.49
47,87,0.72531,70.64,-5.96,-181.15,428.78,-67.40,-74.17
47,88,0.73373,74.33,-6.54,-181.76,438.41,-68.96,-72.46
47,89,0.74213,78.03,-7.13,-182.31,440.73,-70.01,-65.45
47,90,0.75049,81.74,-7.72,-182.78,443.80,-70.95,-56.57
47,91,0.75870,85.46,-8.32,-183.21,452.79,-72.96,-51.67
47,92,0.76706,89.37,-8.95,-183.60,467.88,-75.62,-47.45
47,93,0.77533,93.29,-9.59,-183.97,473.06,-76.87,-44.65
47,94,0.78372,97.20,-10.22,-184.33,466.18,-75.74,-42.91
47,95,0.79193,101.11,-10.86,-184.69,476.58,-77.33,-43.87
47,96,0.80042,105.04,-11.50,-185.01,463.31,-75.69,-37.77
47,97,0.80872,108.97,-12.14,-185.33,473.53,-77.36,-38.60
47,98,0.81708,112.90,-12.78,-185.65,470.07,-76.61,-38.32
47,99,0.82532,116.83,-13.43,-185.97,477.04,-77.84,-38.89
47,100,0.83377,120.75,-14.08,-186.11,462.82,-77.12,-15.52
47,101,0.84207,124.66,-14.73,-186.24,471.32,-78.35,-15.81
47,102,0.85046,128.57,-15.38,-186.37,466.18,-77.68,-15.64
47,103,0.85880,132.48,-16.03,-186.50,469.60,-78.16,-15.75
47,104,0.86719,136.40,-16.68,-186.63,466.18,-77.50,-15.64
47,105,0.87546,140.31,-17.33,-186.76,473.06,-78.73,-15.87
47,106,0.88391,144.22,-17.98,-186.89,462.82,-77.12,-15.52
47,107,0.89215,148.13,-18.64,-187.02,474.81,-79.03,-15.93
47,108,0.90051,152.04,-19.29,-187.16,467.88,-77.78,-15.69
47,109,0.90872,155.96,-19.94,-187.29,476.58,-79.42,-15.99
47,110,0.91727,159.80,-20.58,-187.42,450.00,-74.87,-15.36
47,111,0.92545,163.65,-21.22,-187.55,470.15,-78.32,-16.04
47,112,0.93393,167.49,-21.86,-187.68,453.24,-75.41,-15.47
47,113,0.94214,171.34,-22.50,-187.81,468.40,-77.84,-15.99
47,114,0.95056,174.93,-23.10,-187.88,426.09,-71.42,-7.97
47,115,0.95889,178.52,-23.70,-187.94,430.77,-72.13,-7.69
47,116,0.96722,181.87,-24.26,-187.99,402.93,-67.66,-5.49
47,117,0.97549,185.23,-24.83,-188.03,405.90,-68.02,-4.80
47,118,0.98398,188.59,-25.39,-188.04,395.68,-66.69,-1.80
47,119,0.99216,191.94,-25.96,-188.00,410.45,-69.63,4.85
47,120,1.00055,195.18,-26.51,-187.92,386.18,-65.73,10.55
47,121,1.00891,198.43,-27.07,-187.81,387.59,-66.33,13.14
47,122,1.01724,201.51,-27.60,-187.63,370.70,-64.00,20.88
47,123,1.02554,204.60,-28.13,-187.44,372.06,-64.17,22.79
47,124,1.03394,207.69,-28.67,-187.25,368.00,-63.70,23.27
47,125,1.04221,210.78,-29.20,-187.05,373.43,-64.69,24.35
47,126,1.05054,213.77,-29.72,-186.86,358.97,-62.13,22.71
47,127,1.05893,216.76,-30.24,-186.66,356.36,-61.71,22.91
47,128,1.06738,219.75,-30.76,-186.47,353.79,-61.29,23.10
47,129,1.07562,222.74,-31.27,-186.27,362.96,-62.78,23.70
47,130,1.08395,225.84,-31.81,-186.06,372.16,-64.50,26.01
48,0,0.00000,0.00,0.00,0.00,-59.93,1.27,-30.88
48,1,0.00836,-0.49,0.05,-0.27,-58.03,5.94,-32.85
48,2,0.01663,-1.31,0.10,-0.66,-99.26,6.04,-46.13
48,3,0.02502,-2.11,0.15,-1.07,-96.00,6.49,-49.45
48,4,0.03342,-3.27,0.16,-1.49,-138.18,1.13,-49.82
48,5,0.04169,-4.41,0.19,-1.95,-138.01,3.51,-56.09
48,6,0.04993,-5.88,0.19,-2.43,-177.78,-0.15,-57.78
48,7,0.05835,-7.32,0.21,-2.96,-171.74,2.30,-63.41
48,8,0.06647,-8.83,0.11,-3.15,-185.71,-12.58,-22.93
48,9,0.07495,-10.33,0.03,-3.40,-176.98,-9.45,-29.14
48,10,0.08319,-12.03,-0.21,-3.25,-205.56,-28.63,18.15
48,11,0.09164,-13.72,-0.42,-3.16,-200.72,-25.28,9.75
48,12,0.09991,-15.46,-0.70,-2.91,-210.33,-33.39,31.37
48,13,0.10828,-17.21,-0.95,-2.71,-209.12,-30.64,22.99
48,14,0.11658,-18.94,-1.26,-2.36,-207.72,-37.01,43.01
48,15,0.12503,-20.67,-1.55,-2.07,-205.42,-33.93,34.30
48,16,0.13333,-22.42,-1.81,-1.84,-210.29,-32.09,27.21
48,17,0.14163,-24.17,-2.06,-1.68,-211.03,-29.45,19.12
48,18,0.14990,-26.05,-2.35,-1.43,-227.68,-35.16,31.00
48,19,0.15829,-27.94,-2.62,-1.24,-225.45,-32.07,22.18
48,20,0.16660,-29.96,-2.96,-0.88,-242.65,-41.28,43.75
48,21,0.17502,-31.99,-3.28,-0.59,-240.58,-37.61,34.06
48,22,0.18326,-34.29,-3.69,-0.11,-279.63,-50.03,58.52
48,23,0.19174,-36.61,-4.08,0.29,-273.38,-45.50,46.40
48,24,0.19998,-39.25,-4.55,0.85,-320.00,-57.56,67.78
48,25,0.20837,-41.90,-4.99,1.30,-316.73,-52.65,54.18
48,26,0.21661,-44.89,-5.53,1.94,-362.96,-65.62,77.78
48,27,0.22501,-47.91,-5.98,2.47,-358.91,-53.12,62.55
48,28,0.23318,-51.17,-6.47,2.81,-399.63,-60.05,42.16
48,29,0.24164,-54.46,-6.95,3.03,-388.09,-56.25,25.99
48,30,0.24985,-57.94,-7.38,2.91,-424.16,-52.67,-14.87
48,31,0.25824,-61.41,-7.87,2.65,-414.18,-58.33,-30.55
48,32,0.26669,-64.78,-8.37,2.12,-397.83,-59.14,-62.45
48,33,0.27496,-68.12,-8.95,1.46,-404.06,-70.12,-79.70
48,34,0.28317,-71.33,-9.15,0.49,-391.08,-25.34,-118.96
48,35,0.29163,-74.50,-8.81,-0.61,-375.09,40.76,-129.60
48,36,0.30005,-77.62,-8.47,-1.82,-371.01,40.47,-144.57
48,37,0.30838,-80.70,-8.14,-3.16,-369.23,40.00,-160.81
48,38,0.31656,-83.69,-7.82,-4.75,-366.04,39.25,-193.28
48,39,0.32501,-86.62,-7.49,-6.44,-346.57,38.22,-200.72
48,40,0.33322,-89.45,-7.17,-8.30,-344.24,38.89,-226.77
48,41,0.34171,-92.27,-6.86,-10.18,-332.01,37.45,-221.22
48,42,0.34988,-95.07,-6.54,-12.07,-343.28,38.89,-231.34
48,43,0.35837,-97.87,-6.22,-13.99,-329.14,37.35,-225.54
48,44,0.36658,-100.60,-5.91,-15.95,-333.46,38.16,-239.41
48,45,0.37503,-103.33,-5.59,-17.94,-322.02,36.99,-234.66
48,46,0.38324,-106.04,-5.28,-19.94,-330.11,37.99,-244.24
48,47,0.39172,-108.73,-4.97,-21.97,-317.27,36.63,-239.21
48,48,0.39996,-111.51,-4.65,-24.08,-337.78,39.12,-256.67
48,49,0.40826,-114.28,-4.33,-26.23,-333.46,38.71,-258.09
48,50,0.41672,-117.12,-4.00,-28.47,-336.46,39.17,-265.70
48,51,0.42514,-119.95,-3.67,-30.74,-335.14,39.29,-269.57
48,52,0.43329,-122.85,-3.32,-33.14,-355.81,41.85,-294.38
48,53,0.44174,-125.72,-2.98,-35.57,-340.43,40.23,-286.64
48,54,0.44998,-128.73,-2.63,-38.17,-364.44,43.23,-315.56
48,55,0.45828,-131.70,-2.27,-40.79,-358.82,42.83,-316.54
48,56,0.46667,-134.72,-1.91,-43.54,-359.64,43.19,-327.64
48,57,0.47507,-137.71,-1.55,-46.32,-356.00,42.96,-331.27
48,58,0.48328,-140.67,-1.19,-49.13,-360.59,43.75,-342.38
48,59,0.49164,-143.60,-0.83,-51.98,-350.00,42.65,-340.15
48,60,0.49988,-146.49,-0.48,-54.86,-351.11,42.98,-349.26
48,61,0.50830,-149.35,-0.13,-57.77,-339.13,41.89,-346.01
48,62,0.51654,-152.25,0.23,-60.65,-352.22,43.13,-349.63
48,63,0.52496,-155.11,0.58,-63.57,-339.86,41.88,-346.38
48,64,0.53320,-157.93,0.93,-66.52,-342.59,42.49,-358.52
48,65,0.54163,-160.72,1.28,-69.52,-330.43,41.31,-355.43
48,66,0.54993,-163.46,1.62,-72.55,-330.51,41.55,-365.07
48,67,0.55829,-166.18,1.97,-75.63,-325.18,41.21,-368.98
48,68,0.56656,-168.75,2.30,-78.66,-310.70,39.72,-366.05
48,69,0.57501,-171.28,2.62,-81.72,-299.28,38.58,-362.09
48,70,0.58325,-173.77,2.95,-84.81,-301.85,39.17,-375.56
48,71,0.59158,-176.21,3.27,-87.94,-293.04,38.38,-375.46
48,72,0.59995,-178.42,3.56,-91.00,-264.60,35.43,-366.06
48,73,0.60834,-180.59,3.86,-94.09,-258.91,34.97,-368.36
48,74,0.61658,-182.72,4.15,-97.22,-258.52,35.24,-378.89
48,75,0.62500,-184.81,4.43,-100.37,-247.83,34.09,-373.91
48,76,0.63321,-186.80,4.71,-103.36,-242.75,33.38,-364.68
48,77,0.64172,-188.76,4.98,-106.38,-229.75,31.82,-354.48
48,78,0.64990,-190.68,5.29,-109.42,-234.70,37.94,-372.01
48,79,0.65842,-192.57,5.48,-112.48,-221.51,22.60,-359.50
48,80,0.66672,-194.42,5.73,-115.56,-223.90,29.55,-370.96
48,81,0.67511,-196.26,5.97,-118.66,-218.18,29.03,-368.73
48,82,0.68344,-198.07,6.21,-121.77,-217.22,29.02,-373.26
48,83,0.69189,-199.86,6.45,-124.88,-211.91,28.49,-368.95
48,84,0.70020,-201.64,6.86,-128.01,-214.34,49.01,-376.47
48,85,0.70853,-203.41,7.55,-131.14,-212.45,83.29,-375.82
48,86,0.71686,-205.17,8.26,-134.27,-212.09,84.83,-376.19
48,87,0.72525,-206.94,8.96,-137.41,-210.18,83.06,-373.82
48,88,0.73358,-208.82,9.68,-140.65,-225.64,86.46,-388.28
48,89,0.74191,-210.76,10.39,-143.84,-233.33,85.46,-383.88
48,90,0.75027,-212.73,11.09,-147.02,-236.13,83.53,-379.93
48,91,0.75876,-214.74,11.77,-150.18,-236.69,80.65,-372.30
48,92,0.76685,-216.87,12.47,-153.49,-262.64,86.74,-409.06
48,93,0.77533,-219.00,13.15,-156.79,-251.80,80.30,-388.85
48,94,0.78366,-221.15,13.82,-160.08,-258.24,79.38,-394.87
48,95,0.79190,-223.32,14.48,-163.35,-263.33,80.55,-397.78
48,96,0.80023,-225.49,15.15,-166.65,-259.71,80.27,-395.60
48,97,0.80865,-227.66,15.82,-169.94,-258.33,79.39,-390.22
48,98,0.81693,-229.85,16.49,-173.22,-264.21,80.86,-397.05
48,99,0.82538,-232.04,17.15,-176.50,-258.84,79.01,-387.73
48,100,0.83359,-234.06,17.82,-179.85,-246.10,81.70,-408.55
48,101,0.84201,-236.08,18.49,-183.20,-240.58,79.51,-397.83
48,102,0.85028,-238.12,19.16,-186.55,-245.76,81.15,-404.80
48,103,0.85867,-240.16,19.84,-189.90,-242.91,79.86,-398.55
48,104,0.86688,-242.21,20.50,-193.23,-250.19,81.51,-405.95
48,105,0.87534,-244.28,21.17,-196.55,-245.49,78.97,-392.78
48,106,0.88361,-246.41,21.84,-199.84,-256.46,80.59,-398.15
48,107,0.89200,-248.57,22.50,-203.11,-257.45,79.15,-389.09
48,108,0.90027,-250.76,23.17,-206.35,-265.31,80.13,-392.25
48,109,0.90875,-252.97,23.83,-209.58,-260.79,77.95,-380.58
48,110,0.91696,-255.17,24.48,-212.74,-267.66,79.09,-384.76
48,111,0.92535,-257.37,25.10,-215.89,-262.55,74.10,-375.64
48,112,0.93365,-259.59,25.61,-219.03,-267.28,62.29,-378.68
48,113,0.94202,-261.82,25.91,-222.16,-266.79,35.76,-374.45
48,114,0.95035,-263.89,26.29,-225.10,-248.35,44.53,-352.01
48,115,0.95871,-265.97,26.65,-228.02,-248.54,44.18,-349.64
48,116,0.96695,-267.92,27.00,-230.75,-236.67,41.98,-331.48
48,117,0.97537,-269.87,27.44,-233.48,-231.52,52.17,-324.28
48,118,0.98361,-271.82,27.67,-236.21,-237.04,27.88,-331.11
48,119,0.99207,-273.78,27.83,-238.94,-231.05,18.44,-322.74
48,120,1.00037,-275.65,27.87,-241.59,-225.37,4.89,-319.12
48,121,1.00876,-277.52,27.94,-244.24,-222.91,8.68,-315.27
48,122,1.01709,-279.26,28.02,-246.79,-209.52,9.49,-306.59
48,123,1.02542,-281.01,28.10,-249.34,-209.52,9.49,-306.59
48,124,1.03366,-282.75,28.18,-251.90,-211.85,9.60,-310.00
48,125,1.04211,-284.50,28.26,-254.45,-206.50,9.36,-302.17
48,126,1.05035,-286.20,28.33,-256.92,-206.30,9.31,-299.63
48,127,1.05875,-287.90,28.41,-259.39,-202.55,9.19,-294.18
48,128,1.06705,-289.60,28.49,-261.86,-204.78,9.29,-297.43
48,129,1.07541,-291.30,28.56,-264.33,-203.65,9.21,-295.26
48,130,1.08368,-293.05,28.64,-266.89,-211.81,9.60,-310.33
49,0,0.00000,0.00,0.00,0.00,57.66,-21.66,-33.94
49,1,0.00830,0.49,-0.18,-0.27,58.82,-21.65,-32.35
49,2,0.01660,1.25,-0.47,-0.77,91.18,-34.90,-60.29
49,3,0.02505,2.01,-0.76,-1.25,90.97,-34.21,-56.32
49,4,0.03323,2.97,-1.14,-2.03,116.42,-46.24,-95.90
49,5,0.04169,3.94,-1.52,-2.78,115.52,-45.61,-89.17
49,6,0.04996,5.08,-1.99,-3.82,138.01,-56.36,-125.09
49,7,0.05835,6.26,-2.46,-4.82,139.64,-55.99,-118.91
49,8,0.06644,7.15,-2.87,-6.05,110.19,-50.78,-152.08
49,9,0.07480,8.08,-3.29,-7.25,111.68,-50.51,-143.80
49,10,0.08310,8.75,-3.67,-8.81,80.15,-45.73,-188.24
49,11,0.09158,9.46,-4.06,-10.35,84.17,-46.05,-181.65
49,12,0.09973,10.03,-4.42,-12.02,69.66,-44.11,-204.49
49,13,0.10815,10.64,-4.71,-13.67,73.19,-34.25,-195.65
49,14,0.11636,11.09,-4.73,-15.37,54.28,-2.36,-207.43
49,15,0.12479,11.59,-4.75,-17.06,59.42,-2.23,-200.36
49,16,0.13303,12.14,-4.77,-18.73,66.67,-2.19,-202.96
49,17,0.14139,12.74,-4.71,-20.38,71.53,6.15,-197.81
49,18,0.14975,13.29,-4.80,-22.20,66.42,-10.04,-217.52
49,19,0.15808,13.90,-4.82,-24.00,73.26,-2.94,-216.12
49,20,0.16644,14.39,-4.76,-26.02,58.39,8.05,-240.88
49,21,0.17471,14.94,-4.86,-27.99,65.68,-12.64,-239.11
49,22,0.18292,15.39,-4.90,-30.30,55.76,-4.83,-281.04
49,23,0.19138,15.92,-4.93,-32.60,62.09,-3.45,-271.84
49,24,0.19958,16.40,-4.91,-35.25,58.74,1.85,-323.05
49,25,0.20801,16.96,-5.01,-37.89,66.67,-11.94,-313.77
49,26,0.21625,17.46,-5.07,-40.91,60.00,-6.53,-366.30
49,27,0.22473,18.04,-5.12,-43.91,69.06,-6.18,-353.96
49,28,0.23291,18.87,-5.17,-47.10,100.75,-6.53,-389.18
49,29,0.24133,19.79,-5.23,-50.26,109.42,-6.16,-375.00
49,30,0.24957,21.08,-5.28,-53.49,156.30,-6.01,-392.96
49,31,0.25797,22.47,-5.32,-56.69,165.82,-5.66,-381.09
49,32,0.26630,24.05,-5.36,-59.70,190.48,-5.02,-361.54
49,33,0.27484,25.73,-5.40,-62.66,196.43,-4.66,-346.43
49,34,0.28296,27.65,-5.44,-65.42,236.09,-4.08,-339.10
49,35,0.29138,29.65,-5.47,-68.11,237.68,-3.68,-319.57
49,36,0.29974,31.74,-5.50,-70.74,249.64,-3.44,-314.23
49,37,0.30811,33.91,-5.52,-73.30,259.12,-3.19,-306.20
49,38,0.31638,36.26,-5.55,-75.73,284.87,-2.66,-293.73
49,39,0.32483,38.70,-5.57,-78.08,288.09,-2.34,-278.34
49,40,0.33304,41.27,-5.58,-80.28,313.01,-1.85,-268.40
49,41,0.34146,43.96,-5.59,-82.33,320.29,-1.28,-242.75
49,42,0.34985,46.78,-5.60,-84.21,335.27,-0.77,-224.00
49,43,0.35837,49.70,-5.60,-85.91,343.37,-0.19,-200.36
49,44,0.36661,52.72,-5.60,-87.41,365.93,0.40,-182.22
49,45,0.37503,55.72,-5.59,-88.95,356.52,0.30,-181.88
49,46,0.38336,58.70,-5.59,-90.51,358.24,0.21,-187.18
49,47,0.39182,61.68,-5.59,-92.09,352.35,0.17,-187.00
49,48,0.40012,64.75,-5.59,-93.76,369.85,0.05,-201.47
49,49,0.40842,67.83,-5.59,-95.44,370.59,0.05,-202.94
49,50,0.41666,71.00,-5.59,-97.19,385.19,0.02,-212.22
49,51,0.42520,74.18,-5.59,-98.95,371.43,0.00,-205.36
49,52,0.43344,77.48,-5.59,-100.76,401.48,0.05,-219.63
49,53,0.44177,80.79,-5.59,-102.56,396.34,0.05,-216.85
49,54,0.45010,84.28,-5.59,-104.45,419.05,0.10,-226.74
49,55,0.45844,87.77,-5.59,-106.34,419.78,0.10,-227.11
49,56,0.46671,91.38,-5.59,-108.26,435.42,0.17,-232.10
49,57,0.47519,94.98,-5.58,-110.18,424.46,0.17,-226.26
49,58,0.48337,98.63,-5.58,-112.13,446.27,0.18,-237.69
49,59,0.49173,102.23,-5.58,-114.05,430.66,0.17,-229.56
49,60,0.50006,105.83,-5.58,-115.97,432.23,0.17,-230.40
49,61,0.50851,109.43,-5.58,-117.89,425.99,0.16,-227.44
49,62,0.51675,112.99,-5.58,-119.91,431.85,-0.11,-244.81
49,63,0.52518,116.55,-5.58,-121.92,422.46,-0.11,-239.49
49,64,0.53336,120.10,-5.58,-123.94,435.07,-0.11,-246.64
49,65,0.54172,123.66,-5.53,-125.96,425.55,5.63,-241.24
49,66,0.55011,127.22,-5.59,-127.98,424.00,-6.11,-240.36
49,67,0.55856,130.77,-5.59,-129.99,420.22,-0.29,-238.27
49,68,0.56680,134.23,-5.59,-131.94,420.00,-0.26,-236.30
49,69,0.57526,137.70,-5.59,-133.88,409.39,-0.23,-230.32
49,70,0.58353,141.16,-5.59,-135.83,418.45,-0.25,-235.42
49,71,0.59195,144.61,-5.60,-137.77,410.14,-0.24,-230.43
49,72,0.60016,147.94,-5.60,-139.55,405.95,0.00,-216.36
49,73,0.60864,151.28,-5.60,-141.32,392.81,0.00,-209.35
49,74,0.61694,154.61,-5.60,-143.10,401.47,-0.01,-213.97
49,75,0.62531,157.93,-5.60,-144.88,397.81,0.01,-212.41
49,76,0.63361,161.08,-5.60,-146.62,379.41,-0.15,-209.56
49,77,0.64203,164.23,-5.60,-148.36,373.91,-0.15,-206.52
49,78,0.65024,167.38,-5.60,-150.09,383.64,-0.15,-211.90
49,79,0.65869,170.53,-5.60,-151.83,372.56,-0.15,-205.78
49,80,0.66699,173.75,-5.60,-153.61,387.50,-0.16,-214.34
49,81,0.67542,176.90,-4.95,-155.35,373.91,77.77,-206.52
49,82,0.68365,180.05,-4.00,-157.09,382.22,114.59,-211.11
49,83,0.69211,183.20,-3.06,-158.83,372.56,111.37,-205.78
49,84,0.70032,186.35,-2.12,-160.57,383.64,114.83,-211.52
49,85,0.70886,189.50,-1.18,-162.30,368.57,110.14,-203.21
49,86,0.71713,192.70,-0.22,-164.06,387.45,116.00,-212.55
49,87,0.72537,195.87,0.73,-165.79,384.44,115.12,-210.00
49,88,0.73364,199.14,1.71,-167.60,395.57,118.26,-218.82
49,89,0.74203,202.42,2.69,-169.40,390.55,116.74,-214.55
49,90,0.75037,205.70,3.67,-171.19,394.14,118.05,-215.02
49,91,0.75876,209.00,4.66,-172.98,393.45,117.70,-212.73
49,92,0.76700,212.47,5.70,-174.83,420.74,126.15,-224.44
49,93,0.77545,215.95,6.74,-176.66,411.55,123.33,-216.97
49,94,0.78369,219.43,7.79,-178.48,422.96,126.80,-220.74
49,95,0.79218,222.94,8.97,-180.29,412.95,139.03,-212.95
49,96,0.80048,226.46,10.13,-182.05,425.00,140.86,-212.13
49,97,0.80878,229.97,11.29,-183.86,422.06,139.79,-218.38
49,98,0.81711,233.42,12.44,-185.77,413.92,137.26,-229.30
49,99,0.82553,236.79,13.56,-187.82,400.00,133.08,-242.75
49,100,0.83380,240.16,14.68,-189.80,408.12,135.69,-240.22
49,101,0.84235,243.50,15.79,-191.85,390.36,129.72,-239.64
49,102,0.85043,246.83,16.90,-193.96,411.70,136.91,-261.13
49,103,0.85880,250.11,17.99,-196.10,392.34,130.55,-255.84
49,104,0.86716,253.37,19.08,-198.27,390.15,130.06,-258.76
49,105,0.87555,256.59,20.15,-200.50,383.27,127.71,-266.18
49,106,0.88376,259.77,21.21,-202.78,387.73,129.68,-277.70
49,107,0.89218,262.92,22.26,-205.11,373.91,124.78,-276.45
49,108,0.90057,266.05,23.31,-207.46,373.09,124.55,-280.00
49,109,0.90897,269.16,24.35,-209.82,370.91,124.36,-281.82
49,110,0.91724,272.23,25.38,-212.18,370.48,123.68,-285.24
49,111,0.92563,275.26,26.39,-214.55,361.45,121.09,-281.82
49,112,0.93390,278.28,27.40,-216.93,365.68,122.34,-287.82
49,113,0.94226,281.28,28.48,-219.30,358.76,128.32,-283.94
49,114,0.95059,284.12,29.36,-221.50,340.66,106.32,-263.37
49,115,0.95905,286.94,30.23,-223.69,333.21,103.06,-259.21
49,116,0.96719,289.58,31.00,-225.75,324.72,94.09,-253.18
49,117,0.97568,292.22,31.66,-227.83,310.79,78.23,-244.60
49,118,0.98392,294.84,32.24,-229.92,318.15,69.62,-254.07
49,119,0.99240,297.44,32.55,-232.03,306.47,36.54,-248.56
49,120,1.00064,299.96,32.86,-234.07,305.19,37.71,-248.15
49,121,1.00903,302.45,33.11,-236.13,297.09,30.36,-244.73
49,122,1.01736,304.85,33.31,-238.08,288.28,23.84,-234.07
49,123,1.02570,307.24,33.47,-240.05,286.45,18.71,-236.26
49,124,1.03397,309.62,33.62,-242.03,287.45,18.03,-239.48
49,125,1.04239,311.98,33.87,-244.01,280.80,30.54,-235.14
49,126,1.05066,314.26,34.06,-245.95,276.01,22.02,-234.69
49,127,1.05914,316.54,34.24,-247.89,268.71,21.44,-229.50
49,128,1.06732,318.82,34.42,-249.84,278.36,22.05,-238.43
49,129,1.07574,321.10,34.60,-251.80,271.01,21.42,-232.25
49,130,1.08401,323.47,34.79,-253.81,285.98,22.88,-243.54
50,0,0.00000,0.00,0.00,0.00,47.55,-4.50,50.19
50,1,0.00842,0.37,-0.04,0.42,44.20,-4.56,49.64
50,2,0.01662,1.03,-0.09,1.04,80.45,-6.45,75.61
50,3,0.02539,1.68,-0.15,1.68,74.09,-6.42,73.74
50,4,0.03342,2.66,-0.20,2.43,122.43,-6.97,92.40
50,5,0.04178,3.63,-0.26,3.20,115.33,-7.15,92.34
50,6,0.05011,4.90,-0.32,4.06,153.11,-7.13,103.66
50,7,0.05853,6.16,-0.39,4.96,148.55,-7.59,106.16
50,8,0.06702,7.57,-0.40,5.52,166.19,-1.92,66.91
50,9,0.07526,8.96,-0.42,6.13,169.26,-2.57,73.33
50,10,0.08354,10.64,-0.39,6.38,202.58,4.09,30.94
50,11,0.09180,12.31,-0.36,6.69,202.59,3.32,36.97
50,12,0.10023,14.07,-0.31,6.82,209.04,6.41,15.19
50,13,0.10841,15.82,-0.26,6.99,213.81,5.78,21.27
50,14,0.11708,17.58,-0.19,6.99,203.17,8.25,-0.70
50,15,0.12511,19.34,-0.13,7.03,219.01,7.97,5.70
50,16,0.13356,21.10,-0.07,7.13,207.94,6.88,11.19
50,17,0.14182,22.85,-0.02,7.27,212.57,6.22,17.38
50,18,0.15060,24.75,0.05,7.32,215.97,7.87,5.90
50,19,0.15854,26.65,0.12,7.42,239.23,7.89,12.69
50,20,0.16698,28.70,0.21,7.35,242.31,10.75,-8.68
50,21,0.17517,30.75,0.29,7.33,250.28,10.29,-2.23
50,22,0.18359,33.09,0.41,7.14,278.26,14.03,-23.19
50,23,0.19180,35.46,0.52,7.00,288.10,13.59,-16.36
50,24,0.20024,38.14,0.66,6.72,317.90,16.95,-33.27
50,25,0.20847,40.83,0.80,6.51,327.64,16.26,-25.23
50,26,0.21692,43.87,0.97,6.12,358.84,20.11,-45.85
50,27,0.22522,46.91,1.13,5.83,367.28,19.23,-35.66
50,28,0.23389,50.29,1.28,5.69,389.08,17.51,-15.85
50,29,0.24197,53.58,1.41,5.67,407.55,16.55,-3.02
50,30,0.25049,57.06,1.52,5.95,407.89,12.10,33.33
50,31,0.25854,60.52,1.60,6.34,429.55,10.89,48.11
50,32,0.26694,63.86,1.66,6.96,398.91,6.52,73.82
50,33,0.27583,67.19,1.70,7.68,373.58,4.54,81.30
50,34,0.28374,70.39,1.70,8.68,405.02,0.00,126.25
50,35,0.29202,73.56,1.69,9.77,383.06,-1.48,131.49
50,36,0.30035,76.70,1.62,10.95,376.92,-7.69,141.76
50,37,0.30843,79.81,1.37,12.23,384.50,-30.90,158.03
50,38,0.31718,82.85,1.00,13.71,347.39,-42.52,169.69
50,39,0.32550,85.85,0.53,15.28,360.37,-56.21,188.99
50,40,0.33380,88.75,0.02,17.03,349.26,-61.15,210.66
50,41,0.34218,91.53,-0.31,18.95,332.60,-40.05,229.14
50,42,0.35069,94.20,-0.73,21.04,313.26,-48.97,244.80
50,43,0.35876,96.82,-1.14,23.18,324.76,-51.57,265.03
50,44,0.36749,99.47,-1.56,25.26,303.50,-47.47,238.46
50,45,0.37540,102.20,-1.98,27.23,345.56,-52.74,249.81
50,46,0.38364,105.01,-2.39,29.09,341.11,-50.86,225.93
50,47,0.39188,107.93,-2.81,30.78,354.44,-50.84,205.19
50,48,0.40030,111.06,-3.25,32.35,371.38,-51.52,185.51
50,49,0.40852,114.27,-3.68,33.74,390.72,-52.48,169.20
50,50,0.41702,117.67,-4.12,35.01,399.28,-52.30,149.73
50,51,0.42526,121.14,-4.56,36.08,421.11,-53.28,129.63
50,52,0.43349,124.79,-5.01,36.98,443.78,-54.49,110.20
50,53,0.44199,128.49,-5.45,37.67,436.27,-51.95,81.15
50,54,0.45044,132.42,-5.91,38.27,464.62,-54.20,70.04
50,55,0.45895,136.36,-6.18,38.79,463.08,-31.89,61.29
50,56,0.46745,140.41,-6.12,39.32,476.12,7.02,62.84
50,57,0.47583,144.46,-6.06,39.85,483.79,7.15,63.02
50,58,0.48352,148.51,-6.00,40.38,526.19,7.76,68.65
50,59,0.49216,152.56,-5.94,40.91,468.55,6.92,61.13
50,60,0.50041,156.60,-5.88,41.43,490.20,7.23,63.96
50,61,0.50871,160.65,-5.82,41.96,487.87,7.24,62.87
50,62,0.51723,164.78,-5.76,42.40,484.95,7.72,51.61
50,63,0.52551,168.85,-5.69,42.84,490.61,7.74,53.78
50,64,0.53368,172.91,-5.63,43.29,497.57,7.81,54.95
50,65,0.54196,176.97,-5.57,43.74,490.24,7.73,54.14
50,66,0.55066,181.03,-5.50,44.19,467.02,7.33,51.58
50,67,0.55869,185.09,-5.44,44.64,505.32,7.95,55.89
50,68,0.56738,189.04,-5.38,45.08,453.68,7.05,51.58
50,69,0.57545,192.98,-5.31,45.54,488.85,7.61,55.95
50,70,0.58377,196.92,-5.26,45.99,474.13,6.36,54.68
50,71,0.59198,200.85,-5.26,46.47,478.81,0.20,58.36
50,72,0.60036,204.58,-5.37,47.07,445.17,-12.94,71.77
50,73,0.60884,208.30,-5.44,47.74,438.13,-7.86,79.50
50,74,0.61725,212.01,-5.50,48.46,441.38,-8.24,84.94
50,75,0.62567,215.70,-5.58,49.21,438.41,-8.58,89.13
50,76,0.63394,219.24,-5.64,49.90,426.94,-8.06,83.39
50,77,0.64220,222.76,-5.71,50.63,426.62,-8.45,87.99
50,78,0.65050,226.27,-5.79,51.41,422.79,-8.94,94.85
50,79,0.65895,229.76,-5.87,52.28,413.00,-9.44,102.17
50,80,0.66759,233.23,-5.95,53.21,402.47,-9.77,107.77
50,81,0.67564,236.68,-6.04,54.24,427.65,-11.49,128.79
50,82,0.68364,240.09,-6.14,55.38,426.72,-12.42,141.98
50,83,0.69218,243.48,-6.25,56.59,396.43,-12.29,141.43
50,84,0.70032,246.86,-6.35,57.82,415.76,-13.06,151.22
50,85,0.70862,250.23,-6.46,59.06,406.62,-12.87,149.26
50,86,0.71721,253.60,-6.57,60.32,392.18,-12.62,146.71
50,87,0.72589,256.95,-6.68,61.66,385.24,-13.25,155.01
50,88,0.73402,260.38,-6.81,63.15,422.14,-15.43,183.11
50,89,0.74213,263.76,-6.94,64.76,417.33,-16.54,197.74
50,90,0.75038,267.10,-7.08,66.44,404.44,-16.94,204.44
50,91,0.75870,270.42,-7.23,68.20,398.53,-17.55,211.74
50,92,0.76730,273.79,-7.39,70.22,392.20,-19.12,234.40
50,93,0.77573,277.04,-7.57,72.44,385.51,-21.22,263.04
50,94,0.78375,280.15,-7.77,74.84,387.45,-24.00,300.00
50,95,0.79214,283.11,-7.97,77.44,352.36,-24.45,308.73
50,96,0.80046,285.88,-8.19,80.23,333.94,-26.48,336.51
50,97,0.80875,288.49,-8.42,83.19,314.18,-27.89,357.27
50,98,0.81728,290.91,-8.66,86.31,283.72,-28.33,364.94
50,99,0.82597,293.21,-8.93,89.73,265.26,-30.38,393.33
50,100,0.83438,295.06,-9.19,93.18,219.60,-31.48,410.89
50,101,0.84253,296.76,-9.46,96.71,208.99,-33.04,432.58
50,102,0.85083,298.44,-9.73,100.24,202.57,-32.49,426.10
50,103,0.85933,300.10,-10.00,103.79,194.97,-31.80,417.24
50,104,0.86774,301.73,-10.27,107.35,193.83,-32.28,423.23
50,105,0.87602,303.32,-10.55,110.93,191.53,-32.92,432.04
50,106,0.88408,304.85,-10.82,114.53,190.53,-33.98,446.97
50,107,0.89273,306.32,-11.10,118.16,169.66,-31.92,419.75
50,108,0.90083,307.71,-11.37,121.82,172.13,-34.29,451.60
50,109,0.90913,309.06,-11.65,125.49,162.13,-33.48,441.91
50,110,0.91748,310.35,-11.93,129.11,155.03,-32.91,434.00
50,111,0.92599,311.64,-12.20,132.74,150.90,-32.24,425.81
50,112,0.93405,312.92,-12.48,136.36,159.47,-34.12,450.00
50,113,0.94250,314.19,-12.75,139.96,150.18,-32.25,425.99
50,114,0.95076,315.34,-13.01,143.36,139.37,-31.14,411.83
50,115,0.95900,316.48,-13.26,146.74,138.15,-31.02,409.63
50,116,0.96753,317.55,-13.50,149.92,125.22,-28.25,372.81
50,117,0.97604,318.62,-13.74,153.10,125.45,-28.26,373.48
50,118,0.98409,319.69,-13.98,156.28,132.83,-29.92,395.45
50,119,0.99255,320.75,-14.22,159.45,125.41,-28.32,374.41
50,120,1.00084,321.76,-14.46,162.53,122.28,-28.15,371.64
50,121,1.00932,322.77,-14.57,165.59,118.35,-13.83,361.51
50,122,1.01765,323.68,-14.75,168.55,110.26,-20.72,354.58
50,123,1.02638,324.62,-14.86,171.54,106.99,-13.40,343.01
50,124,1.03503,325.54,-14.98,174.50,106.17,-13.34,341.45
50,125,1.04280,326.41,-15.10,177.45,112.77,-15.19,380.35
50,126,1.05098,327.23,-15.21,180.33,99.63,-14.38,352.61
50,127,1.05948,328.00,-15.33,183.23,91.20,-14.14,340.75
50,128,1.06776,328.76,-15.46,186.13,90.98,-14.74,350.28
50,129,1.07619,329.50,-15.58,189.05,88.41,-14.62,346.38
50,130,1.08432,330.26,-15.71,192.06,92.68,-15.73,370.36
51,0,0.00000,0.00,0.00,0.00,64.08,-7.90,-7.04
51,1,0.00888,0.56,-0.07,-0.04,62.54,-7.50,-4.47
51,2,0.01678,1.45,-0.18,-0.17,113.51,-13.94,-16.99
51,3,0.02484,2.35,-0.29,-0.27,111.36,-13.55,-12.50
51,4,0.03342,3.55,-0.42,-0.57,139.50,-15.61,-34.52
51,5,0.04153,4.75,-0.50,-0.82,148.87,-10.40,-30.83
51,6,0.04996,6.24,-0.53,-1.24,176.09,-3.43,-49.64
51,7,0.05875,7.73,-0.63,-1.60,170.14,-11.46,-41.32
51,8,0.06653,9.09,-0.73,-2.29,174.12,-12.40,-88.24
51,9,0.07541,10.47,-0.83,-2.92,155.33,-10.96,-71.48
51,10,0.08337,11.79,-0.93,-3.99,165.52,-12.52,-134.48
51,11,0.09158,13.15,-1.03,-5.01,165.80,-12.41,-124.16
51,12,0.09991,14.44,-1.13,-6.20,155.31,-11.97,-142.86
51,13,0.10873,15.78,-1.23,-7.34,151.56,-11.60,-129.07
51,14,0.11661,17.00,-1.33,-8.61,155.81,-12.26,-160.47
51,15,0.12488,18.27,-1.43,-9.82,153.51,-12.01,-147.23
51,16,0.13336,19.59,-1.53,-10.99,155.40,-11.90,-137.77
51,17,0.14163,20.95,-1.63,-12.11,164.58,-12.49,-135.06
51,18,0.15027,22.36,-1.74,-13.39,163.25,-12.60,-147.70
51,19,0.15973,23.82,-1.85,-14.61,153.55,-11.70,-129.03
51,20,0.16663,25.27,-1.96,-16.05,210.62,-16.47,-208.85
51,21,0.17566,26.78,-2.08,-17.43,166.89,-12.91,-153.04
51,22,0.18344,28.40,-2.21,-19.13,208.63,-16.52,-218.82
51,23,0.19156,30.08,-2.34,-20.77,207.52,-16.21,-202.26
51,24,0.20013,31.94,-2.49,-22.73,216.37,-17.18,-228.11
51,25,0.20883,33.87,-2.64,-24.62,221.75,-17.36,-216.84
51,26,0.21735,35.96,-2.81,-26.85,245.88,-19.53,-262.01
51,27,0.22495,38.14,-2.98,-28.99,286.75,-22.44,-282.73
51,28,0.23325,40.62,-3.17,-31.14,299.26,-22.91,-258.82
51,29,0.24152,43.19,-3.36,-33.20,310.70,-23.48,-248.34
51,30,0.25003,46.12,-3.57,-35.09,344.09,-25.14,-222.22
51,31,0.25818,49.12,-3.79,-36.87,367.79,-26.66,-218.73
51,32,0.26651,52.18,-4.01,-38.37,367.03,-26.05,-179.49
51,33,0.27530,55.29,-4.23,-39.75,354.17,-24.86,-156.94
51,34,0.28320,58.48,-4.45,-40.79,403.09,-27.63,-132.43
51,35,0.29150,61.70,-4.66,-41.72,388.24,-26.36,-111.76
51,36,0.29999,64.96,-4.88,-42.52,384.17,-25.87,-94.60
51,37,0.30881,68.24,-5.10,-43.20,372.32,-24.83,-77.16
51,38,0.31665,71.60,-5.32,-43.64,428.02,-28.08,-55.64
51,39,0.32486,74.97,-5.54,-43.95,410.41,-26.69,-37.55
51,40,0.33337,78.35,-5.76,-44.06,397.13,-25.47,-12.54
51,41,0.34164,81.73,-5.98,-44.13,408.86,-26.15,-9.59
51,42,0.34995,85.12,-6.19,-44.19,408.09,-26.02,-6.99
51,43,0.35870,88.51,-6.41,-44.23,386.76,-24.69,-4.18
51,44,0.36655,91.88,-6.62,-44.19,429.57,-27.28,5.06
51,45,0.37537,95.25,-6.84,-44.13,382.01,-24.19,7.27
51,46,0.38315,98.61,-7.05,-44.03,432.94,-27.39,11.76
51,47,0.39148,101.98,-7.26,-43.91,404.40,-25.51,14.29
51,48,0.39972,105.47,-7.48,-43.77,423.70,-26.71,18.15
51,49,0.40833,108.97,-7.70,-43.57,405.67,-25.47,22.70
51,50,0.41696,112.58,-7.93,-43.31,418.37,-26.17,30.04
51,51,0.42468,116.19,-8.15,-42.99,467.19,-29.10,41.90
51,52,0.43341,119.92,-8.38,-42.56,427.97,-26.53,48.60
51,53,0.44165,123.65,-8.61,-42.06,452.59,-27.90,60.74
51,54,0.44998,127.58,-8.85,-41.46,471.06,-28.89,72.16
51,55,0.45868,131.49,-9.09,-40.82,450.53,-27.61,73.33
51,56,0.46664,135.51,-9.34,-40.08,504.21,-30.69,93.10
51,57,0.47540,139.51,-9.58,-39.26,456.45,-27.64,93.73
51,58,0.48325,143.49,-9.82,-38.35,507.39,-30.58,115.56
51,59,0.49155,147.45,-10.06,-37.37,477.21,-28.57,118.38
51,60,0.49997,151.40,-10.29,-36.33,468.84,-28.05,123.19
51,61,0.50879,155.33,-10.53,-35.24,445.67,-26.50,124.22
51,62,0.51657,159.28,-10.76,-34.18,507.45,-30.26,135.69
51,63,0.52484,163.21,-11.00,-33.06,475.28,-28.25,135.79
51,64,0.53336,167.12,-11.23,-31.88,459.50,-27.16,138.71
51,65,0.54178,171.01,-11.46,-30.63,462.32,-27.20,148.19
51,66,0.54996,174.88,-11.68,-29.32,473.13,-27.74,160.82
51,67,0.55872,178.73,-11.91,-27.93,439.02,-25.60,157.84
51,68,0.56656,182.44,-12.12,-26.51,473.15,-27.40,180.93
51,69,0.57547,186.12,-12.33,-25.03,413.01,-23.83,166.78
51,70,0.58334,189.78,-12.54,-23.48,464.34,-26.61,196.12
51,71,0.59146,193.41,-12.75,-21.88,447.37,-25.53,197.74
51,72,0.59988,196.80,-12.94,-20.22,402.90,-22.68,196.74
51,73,0.60870,200.17,-13.13,-18.51,382.01,-21.44,194.12
51,74,0.61649,203.51,-13.32,-16.74,429.02,-23.93,227.45
51,75,0.62482,206.82,-13.50,-14.91,397.07,-22.02,219.41
51,76,0.63321,209.97,-13.68,-13.18,375.27,-20.80,206.55
51,77,0.64157,213.10,-13.85,-11.41,374.45,-20.69,211.68
51,78,0.65005,216.20,-14.02,-9.60,366.19,-20.12,213.31
51,79,0.65878,219.29,-13.96,-7.75,353.85,7.32,211.19
51,80,0.66681,222.36,-13.93,-5.88,382.51,3.17,233.46
51,81,0.67560,225.42,-13.90,-3.99,347.92,3.10,215.62
51,82,0.68347,228.47,-13.87,-2.08,387.60,3.50,241.47
51,83,0.69183,231.53,-13.85,-0.19,365.69,3.24,226.28
51,84,0.70020,234.59,-13.82,1.69,366.42,3.12,225.18
51,85,0.70920,237.68,-13.80,3.54,343.05,2.55,205.08
51,86,0.71704,240.80,-13.78,5.34,396.89,2.48,230.35
51,87,0.72531,243.93,-13.76,7.10,379.34,1.83,212.55
51,88,0.73370,247.25,-13.76,8.83,395.64,0.86,206.18
51,89,0.74194,250.60,-13.75,10.50,406.67,0.27,202.59
51,90,0.75043,253.99,-13.76,12.08,399.28,-0.57,186.69
51,91,0.75919,257.42,-13.77,13.58,391.64,-1.33,171.08
51,92,0.76773,261.06,-13.79,15.07,425.71,-2.31,174.29
51,93,0.77600,264.74,-13.82,16.45,445.02,-3.44,166.79
51,94,0.78375,268.46,-13.86,17.71,480.31,-4.92,161.81
51,95,0.79205,272.23,-13.91,18.83,453.68,-5.87,135.29
51,96,0.80045,276.04,-13.96,19.85,453.82,-6.77,121.45
51,97,0.80923,279.88,-14.03,20.72,437.50,-7.79,99.31
51,98,0.81705,283.76,-14.11,21.45,496.09,-10.11,92.97
51,99,0.82535,287.66,-14.20,22.01,469.85,-10.98,67.65
51,100,0.83356,291.53,-14.29,22.55,472.12,-11.16,66.17
51,101,0.84180,295.43,-14.39,22.95,472.59,-12.35,47.78
51,102,0.85010,299.34,-14.51,23.15,471.32,-13.97,24.63
51,103,0.85895,303.26,-14.65,23.15,442.76,-15.38,0.34
51,104,0.86670,307.17,-14.96,22.97,504.72,-39.74,-23.62
51,105,0.87543,311.07,-15.48,22.59,446.85,-60.38,-43.36
51,106,0.88324,314.95,-16.11,22.04,496.09,-80.42,-70.70
51,107,0.89157,318.79,-16.71,21.31,461.54,-71.76,-87.91
51,108,0.90005,322.61,-17.31,20.42,449.64,-71.10,-105.04
51,109,0.90823,326.38,-17.91,19.36,461.19,-72.79,-128.73
51,110,0.91666,330.04,-18.48,18.19,434.78,-68.41,-139.49
51,111,0.92548,333.65,-19.05,16.88,409.69,-64.36,-148.79
51,112,0.93329,337.22,-19.61,15.43,456.25,-71.55,-185.16
51,113,0.94159,340.73,-20.16,13.85,422.79,-66.01,-189.71
51,114,0.95004,343.97,-20.66,12.31,383.39,-59.84,-182.31
51,115,0.95895,347.15,-21.16,10.65,356.85,-55.59,-186.30
51,116,0.96686,350.07,-21.61,9.00,369.11,-57.25,-209.27
51,117,0.97556,352.92,-22.05,7.24,328.42,-50.92,-202.46
51,118,0.98343,355.73,-22.49,5.40,356.59,-55.08,-232.95
51,119,0.99167,358.51,-22.92,3.52,337.04,-52.07,-228.89
51,120,1.00009,361.19,-23.33,1.70,318.84,-49.25,-215.94
51,121,1.00885,363.87,-23.74,-0.13,305.92,-47.15,-208.36
51,122,1.01672,366.45,-24.14,-1.83,327.13,-50.55,-217.05
51,123,1.02536,369.02,-24.54,-3.56,297.53,-45.95,-200.00
51,124,1.03384,371.60,-24.94,-5.26,304.32,-47.04,-200.72
51,125,1.04208,374.18,-25.34,-6.97,313.33,-48.38,-207.04
51,126,1.05045,376.71,-25.73,-8.58,302.19,-46.76,-192.70
51,127,1.05942,379.27,-26.13,-10.14,285.71,-44.29,-173.47
51,128,1.06769,381.87,-26.53,-11.64,313.65,-48.70,-181.92
51,129,1.07538,384.48,-26.93,-13.10,340.48,-52.83,-190.08
51,130,1.08371,387.25,-27.36,-14.52,331.87,-51.65,-169.96
52,0,0.00000,0.00,0.00,0.00,-0.72,2.56,-65.83
52,1,0.00824,0.01,0.02,-0.56,1.11,3.02,-67.78
52,2,0.01721,-0.05,0.05,-1.46,-7.14,2.62,-100.68
52,3,0.02496,-0.09,0.08,-2.37,-5.12,3.85,-116.54
52,4,0.03333,-0.32,0.08,-3.58,-27.01,0.44,-144.89
52,5,0.04163,-0.51,0.09,-4.79,-23.16,1.17,-146.69
52,6,0.05011,-0.88,0.08,-6.29,-43.17,-1.62,-176.26
52,7,0.05841,-1.21,0.07,-7.79,-39.34,-0.70,-181.25
52,8,0.06744,-1.87,-0.01,-9.16,-73.99,-9.26,-151.35
52,9,0.07501,-2.51,-0.09,-10.55,-83.87,-9.90,-183.47
52,10,0.08344,-3.59,-0.26,-11.86,-128.26,-20.21,-155.80
52,11,0.09174,-4.64,-0.42,-13.20,-126.10,-19.71,-161.40
52,12,0.10016,-5.86,-0.62,-14.46,-145.65,-24.19,-149.64
52,13,0.10907,-7.06,-0.82,-15.75,-133.90,-21.89,-144.86
52,14,0.11682,-8.38,-1.05,-16.91,-170.87,-29.58,-149.61
52,15,0.12506,-9.67,-1.27,-18.11,-156.67,-26.71,-144.81
52,16,0.13354,-10.93,-1.48,-19.34,-148.56,-24.95,-144.96
52,17,0.14185,-12.16,-1.68,-20.60,-147.79,-24.65,-151.84
52,18,0.15015,-13.56,-1.92,-21.88,-168.75,-28.79,-154.78
52,19,0.15851,-14.93,-2.15,-23.20,-163.50,-27.56,-158.03
52,20,0.16742,-16.52,-2.43,-24.48,-179.11,-31.48,-143.49
52,21,0.17517,-18.08,-2.71,-25.80,-201.57,-34.99,-170.47
52,22,0.18353,-19.99,-3.05,-27.18,-228.10,-40.70,-164.60
52,23,0.19183,-21.86,-3.38,-28.61,-225.37,-39.99,-172.06
52,24,0.20013,-24.09,-3.78,-30.13,-268.01,-48.37,-183.46
52,25,0.20953,-26.27,-4.17,-31.71,-232.14,-41.44,-168.51
52,26,0.21759,-28.91,-4.65,-33.42,-327.27,-59.51,-212.12
52,27,0.22571,-31.43,-5.10,-35.16,-310.90,-56.08,-214.29
52,28,0.23376,-34.03,-5.56,-37.17,-322.73,-57.03,-249.62
52,29,0.24200,-36.58,-6.01,-39.26,-308.89,-53.97,-253.70
52,30,0.25037,-39.06,-6.43,-41.71,-297.45,-49.95,-291.97
52,31,0.25916,-41.48,-6.83,-44.21,-275.00,-45.53,-285.42
52,32,0.26709,-43.66,-7.17,-46.82,-275.38,-43.91,-328.85
52,33,0.27533,-45.77,-7.50,-49.49,-255.93,-39.98,-324.07
52,34,0.28381,-47.61,-7.77,-52.30,-216.91,-31.63,-330.58
52,35,0.29211,-49.38,-8.02,-55.15,-212.50,-30.07,-343.75
52,36,0.30060,-51.07,-8.25,-58.05,-198.92,-27.31,-341.73
52,37,0.30951,-52.67,-8.47,-61.00,-180.14,-23.92,-330.82
52,38,0.31775,-54.10,-8.64,-64.07,-173.70,-20.71,-372.96
52,39,0.32617,-55.44,-8.79,-67.18,-159.42,-17.97,-368.84
52,40,0.33386,-56.60,-8.90,-70.36,-150.40,-14.91,-413.89
52,41,0.34222,-57.56,-9.01,-73.61,-114.96,-13.07,-387.96
52,42,0.35071,-58.33,-9.34,-76.90,-90.29,-38.64,-388.49
52,43,0.35938,-58.89,-9.78,-80.24,-65.14,-50.27,-385.21
52,44,0.36707,-59.25,-10.30,-83.59,-46.83,-68.15,-435.71
52,45,0.37500,-59.64,-10.98,-86.94,-48.46,-86.30,-421.92
52,46,0.38336,-60.05,-11.85,-90.28,-48.91,-103.91,-400.00
52,47,0.39160,-60.49,-12.94,-93.63,-54.07,-131.39,-405.93
52,48,0.40009,-61.01,-14.25,-97.09,-60.79,-155.23,-407.55
52,49,0.40900,-61.56,-15.49,-100.54,-61.99,-139.36,-388.01
52,50,0.41779,-62.16,-16.79,-104.12,-67.71,-147.16,-406.60
52,51,0.42584,-62.78,-18.10,-107.69,-77.27,-162.75,-443.56
52,52,0.43359,-63.43,-19.46,-111.40,-84.25,-175.96,-477.95
52,53,0.44189,-64.09,-20.83,-115.11,-79.78,-165.01,-447.06
52,54,0.45026,-64.79,-22.28,-119.02,-82.85,-172.49,-467.88
52,55,0.45917,-65.48,-23.72,-122.93,-77.74,-161.99,-439.38
52,56,0.46686,-66.17,-25.19,-126.96,-89.29,-190.82,-523.02
52,57,0.47516,-66.85,-26.42,-130.98,-82.72,-148.38,-484.93
52,58,0.48358,-67.54,-27.86,-135.01,-81.16,-171.55,-477.90
52,59,0.49194,-68.22,-29.42,-139.03,-81.75,-186.02,-481.39
52,60,0.50031,-68.90,-30.97,-143.06,-81.39,-185.44,-481.39
52,61,0.50848,-69.58,-32.46,-147.08,-83.58,-182.49,-492.16
52,62,0.51746,-70.37,-34.09,-151.10,-87.41,-181.12,-447.28
52,63,0.52600,-71.14,-35.70,-155.11,-90.71,-188.74,-469.64
52,64,0.53357,-71.87,-37.30,-159.17,-96.37,-211.43,-536.29
52,65,0.54199,-72.53,-38.87,-163.20,-78.26,-186.59,-478.99
52,66,0.55029,-73.07,-40.42,-167.25,-64.71,-186.19,-488.24
52,67,0.55951,-73.50,-41.95,-171.31,-46.69,-166.57,-440.40
52,68,0.56689,-73.79,-43.43,-175.27,-39.26,-200.62,-536.36
52,69,0.57520,-73.95,-43.40,-179.24,-19.85,4.14,-477.94
52,70,0.58368,-73.98,-42.92,-183.21,-3.24,56.28,-467.99
52,71,0.59235,-73.85,-42.46,-187.17,15.14,52.91,-457.04
52,72,0.60052,-73.52,-42.05,-190.94,40.30,50.66,-460.07
52,73,0.60931,-73.08,-41.65,-194.69,50.00,45.68,-427.08
52,74,0.61768,-72.56,-41.26,-198.43,62.77,46.69,-447.45
52,75,0.62531,-71.97,-40.87,-202.16,76.80,50.18,-488.40
52,76,0.63373,-71.42,-40.51,-205.71,65.58,43.45,-422.10
52,77,0.64197,-70.84,-40.15,-209.26,70.00,43.91,-430.74
52,78,0.65051,-70.24,-39.79,-212.81,70.71,42.05,-415.00
52,79,0.65918,-69.61,-39.43,-216.35,72.54,41.07,-408.45
52,80,0.66760,-68.95,-39.08,-219.89,77.90,41.78,-419.93
52,81,0.67535,-68.27,-38.73,-223.42,87.80,45.16,-455.51
52,82,0.68384,-67.56,-38.38,-226.94,83.45,40.69,-415.83
52,83,0.69214,-66.82,-38.04,-230.47,88.97,41.11,-424.26
52,84,0.70056,-66.06,-37.71,-233.98,91.30,40.09,-417.03
52,85,0.70880,-65.26,-37.37,-237.48,96.67,40.53,-425.56
52,86,0.71771,-64.43,-37.04,-240.99,92.47,37.06,-392.81
52,87,0.72620,-63.59,-36.71,-244.49,100.00,38.62,-412.59
52,88,0.73389,-62.70,-36.37,-248.12,115.08,44.19,-472.62
52,89,0.74219,-61.78,-36.04,-251.75,110.66,40.33,-437.13
52,90,0.75061,-60.83,-35.71,-255.37,112.68,39.32,-429.71
52,91,0.75964,-59.84,-35.38,-258.98,109.46,36.06,-400.34
52,92,0.76733,-58.74,-35.04,-262.81,143.65,44.18,-497.22
52,93,0.77576,-57.60,-34.71,-266.57,135.14,39.08,-446.74
52,94,0.78406,-56.42,-34.30,-270.32,142.28,50.22,-451.84
52,95,0.79236,-55.19,-33.78,-274.06,148.53,62.31,-450.00
52,96,0.80072,-53.88,-33.36,-277.78,155.84,49.63,-444.89
52,97,0.80914,-52.56,-32.95,-281.49,157.61,49.18,-440.58
52,98,0.81799,-51.21,-32.54,-285.19,152.76,46.64,-418.62
52,99,0.82642,-49.81,-32.12,-288.90,165.58,49.03,-440.22
52,100,0.83411,-48.24,-31.72,-292.51,204.37,51.88,-469.84
52,101,0.84247,-46.66,-31.33,-296.09,189.42,47.27,-428.10
52,102,0.85089,-45.05,-30.94,-299.66,190.94,46.72,-423.91
52,103,0.85925,-43.42,-30.54,-303.23,194.53,46.94,-425.91
52,104,0.86810,-41.77,-30.15,-306.78,186.21,44.15,-401.38
52,105,0.87579,-40.11,-29.76,-310.32,216.27,50.70,-460.71
52,106,0.88434,-38.43,-29.37,-313.86,196.79,45.51,-413.93
52,107,0.89264,-36.73,-28.99,-317.39,204.41,46.65,-425.00
52,108,0.90100,-35.02,-28.60,-320.91,204.74,46.19,-421.17
52,109,0.90924,-33.30,-28.21,-324.42,208.89,46.78,-426.30
52,110,0.91840,-31.59,-27.84,-327.87,186.00,41.35,-377.00
52,111,0.92584,-29.84,-27.45,-331.41,235.25,51.99,-474.59
52,112,0.93414,-28.13,-27.07,-334.85,206.62,45.50,-415.07
52,113,0.94232,-26.42,-26.70,-338.27,209.33,45.79,-417.91
52,114,0.95074,-24.76,-26.35,-341.45,196.74,41.29,-377.90
52,115,0.95972,-23.11,-26.00,-344.62,183.67,38.54,-352.72
52,116,0.96747,-21.55,-25.68,-347.59,200.79,41.87,-383.46
52,117,0.97565,-20.00,-25.20,-350.56,190.30,58.89,-363.43
52,118,0.98413,-18.44,-24.50,-353.53,183.81,82.08,-350.00
52,119,0.99249,-16.88,-23.81,-356.49,186.13,83.18,-354.01
52,120,1.00085,-15.36,-23.13,-359.35,182.48,80.65,-342.34
52,121,1.00995,-13.83,-22.46,-362.20,167.45,73.77,-313.09
52,122,1.01898,-12.34,-21.82,-364.91,165.88,71.24,-299.66
52,123,1.02655,-10.72,-21.12,-367.83,213.71,91.67,-385.89
52,124,1.03424,-9.22,-20.48,-370.54,194.84,83.73,-351.98
52,125,1.04248,-7.73,-19.84,-373.23,180.74,77.67,-327.04
52,126,1.05090,-6.29,-19.22,-375.86,171.01,74.04,-312.32
52,127,1.06036,-4.86,-18.59,-378.49,150.97,65.84,-278.39
52,128,1.06842,-3.45,-17.97,-381.14,175.00,77.29,-328.41
52,129,1.07672,-2.05,-17.34,-383.81,168.75,75.52,-321.69
52,130,1.08429,-0.62,-16.70,-386.57,189.11,85.23,-364.11
53,0,0.00000,0.00,0.00,0.00,7.09,-0.11,-67.91
53,1,0.00836,0.08,-0.00,-0.55,9.12,-0.12,-66.06
53,2,0.01678,0.13,-0.00,-1.46,6.16,-0.14,-107.25
53,3,0.02527,0.21,-0.00,-2.36,9.71,-0.16,-106.12
53,4,0.03339,0.16,-0.00,-3.59,-6.39,-0.12,-151.50
53,5,0.04175,0.15,-0.01,-4.82,-1.09,-0.15,-147.45
53,6,0.05011,0.02,-0.01,-6.35,-14.96,-0.10,-183.58
53,7,0.05841,-0.05,-0.01,-7.89,-8.46,-0.14,-185.29
53,8,0.06720,-0.47,-0.01,-9.35,-47.92,0.10,-166.32
53,9,0.07513,-0.84,-0.01,-10.83,-46.54,0.08,-185.77
53,10,0.08337,-1.65,-0.00,-12.32,-98.52,0.38,-181.11
53,11,0.09174,-2.41,0.06,-13.85,-91.61,7.13,-182.85
53,12,0.10114,-3.36,0.03,-15.33,-100.32,-2.76,-157.79
53,13,0.10846,-4.25,0.01,-16.85,-121.67,-2.53,-206.67
53,14,0.11688,-5.29,-0.01,-18.27,-123.19,-2.97,-168.84
53,15,0.12506,-6.27,-0.06,-19.72,-120.52,-5.17,-177.99
53,16,0.13342,-7.21,-0.12,-21.21,-112.04,-8.04,-178.10
53,17,0.14178,-8.09,-0.19,-22.74,-105.84,-8.12,-182.12
53,18,0.15063,-9.13,-0.25,-24.33,-116.90,-7.25,-180.00
53,19,0.15912,-10.11,-0.32,-25.96,-115.83,-7.97,-191.73
53,20,0.16693,-11.31,-0.39,-27.61,-153.52,-8.11,-212.11
53,21,0.17529,-12.45,-0.45,-29.31,-136.86,-8.04,-202.92
53,22,0.18365,-13.90,-0.52,-31.16,-172.99,-8.14,-221.90
53,23,0.19196,-15.29,-0.59,-33.07,-166.91,-8.74,-229.41
53,24,0.20032,-16.96,-0.67,-35.18,-200.36,-9.13,-252.55
53,25,0.20868,-18.57,-0.75,-37.35,-191.97,-9.80,-259.49
53,26,0.21722,-20.49,-0.84,-39.72,-225.36,-9.90,-277.86
53,27,0.22552,-22.34,-0.93,-42.17,-222.06,-10.99,-294.12
53,28,0.23389,-24.15,-1.04,-44.91,-216.79,-13.11,-328.10
53,29,0.24225,-25.86,-1.15,-47.72,-205.11,-13.91,-335.77
53,30,0.25122,-27.38,-1.30,-50.85,-169.05,-15.77,-349.66
53,31,0.25952,-28.79,-1.44,-54.04,-169.49,-17.77,-384.19
53,32,0.26721,-29.91,-1.60,-57.26,-146.43,-20.39,-417.86
53,33,0.27557,-30.93,-1.76,-60.51,-121.17,-19.38,-388.69
53,34,0.28394,-31.61,-1.70,-63.79,-82.12,7.35,-392.70
53,35,0.29218,-32.18,-1.34,-67.10,-69.26,43.39,-401.11
53,36,0.30157,-32.64,-0.97,-70.42,-48.38,39.48,-353.57
53,37,0.30884,-32.98,-0.59,-73.86,-47.48,52.97,-473.95
53,38,0.31732,-33.08,-0.24,-77.25,-11.15,40.36,-398.92
53,39,0.32556,-33.06,-0.19,-80.63,2.59,6.40,-410.74
53,40,0.33392,-32.83,-0.30,-84.01,27.01,-13.10,-404.01
53,41,0.34222,-32.40,-0.44,-87.37,51.47,-16.56,-404.41
53,42,0.35077,-31.77,-0.47,-90.69,73.57,-3.70,-389.29
53,43,0.35962,-31.07,-0.49,-94.00,79.31,-2.05,-374.14
53,44,0.36731,-30.32,-0.50,-97.29,97.62,-1.22,-427.38
53,45,0.37543,-29.57,-0.51,-100.58,92.48,-1.05,-404.89
53,46,0.38391,-28.83,-0.52,-103.86,87.77,-1.18,-387.41
53,47,0.39209,-28.11,-0.53,-107.16,88.06,-1.74,-402.99
53,48,0.40112,-27.43,-0.56,-110.59,75.34,-2.94,-379.73
53,49,0.40881,-26.80,-0.59,-114.04,81.35,-4.94,-448.02
53,50,0.41724,-26.21,-0.64,-117.61,70.65,-5.68,-424.28
53,51,0.42554,-25.65,-0.64,-121.19,66.91,0.60,-431.99
53,52,0.43384,-25.11,-0.72,-124.92,64.71,-10.50,-448.53
53,53,0.44214,-24.62,-0.83,-128.65,59.93,-12.09,-450.00
53,54,0.45062,-24.11,-0.95,-132.59,58.99,-14.34,-464.39
53,55,0.45947,-23.65,-1.11,-136.54,53.10,-18.79,-446.21
53,56,0.46722,-23.16,-1.32,-140.59,62.20,-27.33,-522.83
53,57,0.47565,-22.70,-1.59,-144.65,55.07,-30.93,-481.52
53,58,0.48407,-22.24,-1.89,-148.71,54.35,-36.53,-481.52
53,59,0.49231,-21.79,-2.25,-152.76,55.19,-43.20,-492.22
53,60,0.50153,-21.33,-2.65,-156.82,49.01,-43.95,-440.07
53,61,0.50891,-20.89,-3.11,-160.88,60.33,-62.15,-549.59
53,62,0.51788,-20.54,-3.67,-164.95,38.44,-62.09,-454.08
53,63,0.52576,-20.20,-4.28,-169.02,43.80,-77.69,-517.44
53,64,0.53394,-19.86,-4.87,-173.10,41.79,-71.35,-498.13
53,65,0.54236,-19.52,-5.45,-177.17,40.58,-69.02,-483.70
53,66,0.55121,-19.17,-6.03,-181.25,38.62,-65.80,-460.34
53,67,0.55896,-18.83,-6.61,-185.31,44.09,-75.01,-524.80
53,68,0.56732,-18.45,-7.15,-189.27,45.26,-64.71,-472.63
53,69,0.57568,-18.02,-7.67,-193.21,51.46,-62.30,-471.90
53,70,0.58398,-17.52,-8.16,-197.15,60.66,-58.36,-474.26
53,71,0.59235,-16.90,-8.58,-201.07,73.72,-50.87,-468.25
53,72,0.60071,-16.15,-8.91,-204.77,90.15,-39.09,-442.70
53,73,0.60950,-15.33,-9.20,-208.45,93.40,-33.26,-419.44
53,74,0.61774,-14.45,-9.45,-212.13,106.30,-30.44,-445.93
53,75,0.62567,-13.53,-9.54,-215.78,116.54,-10.57,-460.77
53,76,0.63397,-12.62,-9.66,-219.27,109.19,-15.25,-419.49
53,77,0.64227,-11.67,-9.70,-222.74,114.34,-4.53,-418.01
53,78,0.65131,-10.69,-9.73,-226.20,108.45,-2.83,-383.11
53,79,0.65894,-9.69,-9.74,-229.65,131.20,-2.00,-452.80
53,80,0.66736,-8.67,-9.75,-233.10,121.01,-1.14,-409.78
53,81,0.67578,-7.65,-9.76,-236.55,121.74,-0.78,-409.42
53,82,0.68402,-6.61,-9.76,-240.00,125.93,0.01,-418.15
53,83,0.69226,-5.57,-9.65,-243.44,126.67,13.30,-417.78
53,84,0.70129,-4.52,-9.14,-246.88,115.54,56.52,-381.08
53,85,0.70898,-3.48,-8.63,-250.32,135.71,66.45,-447.62
53,86,0.71796,-2.43,-8.11,-253.77,116.67,57.27,-383.67
53,87,0.72589,-1.39,-7.60,-257.21,131.92,64.51,-434.23
53,88,0.73401,-0.32,-7.08,-260.80,130.83,64.35,-442.11
53,89,0.74237,0.74,-6.56,-264.39,127.01,62.22,-429.20
53,90,0.75128,1.80,-6.03,-267.98,119.18,58.75,-402.74
53,91,0.75903,2.87,-5.39,-271.57,137.80,83.54,-463.78
53,92,0.76746,3.99,-4.82,-275.34,133.33,67.31,-447.10
53,93,0.77576,5.11,-4.15,-279.10,135.29,80.46,-453.68
53,94,0.78418,6.24,-3.48,-282.87,133.33,79.29,-447.10
53,95,0.79242,7.36,-2.81,-286.64,136.67,81.23,-457.04
53,96,0.80084,8.53,-2.13,-290.40,138.41,81.65,-447.10
53,97,0.80914,9.70,-1.44,-294.17,140.44,82.85,-453.68
53,98,0.81812,10.86,-0.75,-297.93,129.93,76.65,-419.73
53,99,0.82593,12.03,-0.06,-301.70,150.00,88.37,-481.64
53,100,0.83429,13.37,0.70,-305.38,159.49,90.97,-440.15
53,101,0.84247,14.70,1.46,-309.06,163.06,93.01,-450.00
53,102,0.85175,16.01,2.15,-312.75,141.45,74.73,-397.70
53,103,0.85919,17.35,2.54,-316.57,179.51,51.50,-513.52
53,104,0.86755,18.63,2.56,-320.27,153.28,2.69,-442.34
53,105,0.87585,19.90,2.41,-323.97,153.31,-18.39,-445.96
53,106,0.88440,21.16,2.01,-327.68,147.14,-46.70,-433.93
53,107,0.89258,22.40,1.70,-331.39,151.49,-37.07,-454.10
53,108,0.90149,23.64,1.40,-335.11,138.70,-34.10,-417.12
53,109,0.90924,24.87,1.10,-338.82,159.06,-38.84,-478.74
53,110,0.91833,26.07,0.79,-342.47,132.55,-33.72,-401.68
53,111,0.92590,27.28,0.49,-346.13,159.27,-40.07,-482.66
53,112,0.93433,28.49,0.19,-349.78,143.12,-36.01,-433.70
53,113,0.94269,29.69,-0.11,-353.41,143.80,-35.93,-434.67
53,114,0.95160,30.86,-0.11,-356.81,131.85,1.02,-380.48
53,115,0.95935,32.03,-0.14,-360.18,150.79,-5.08,-435.43
53,116,0.96759,33.14,-0.18,-363.35,134.07,-4.06,-384.44
53,117,0.97589,34.24,-0.21,-366.52,133.09,-4.37,-381.62
53,118,0.98431,35.35,-0.25,-369.68,131.16,-4.25,-376.09
53,119,0.99268,36.45,-0.28,-372.85,131.75,-4.12,-378.10
53,120,1.00159,37.53,-0.26,-375.90,121.58,2.22,-342.81
53,121,1.00922,38.61,-0.31,-378.95,142.00,-5.72,-399.20
53,122,1.01825,39.69,-0.34,-381.85,119.59,-3.04,-320.95
53,123,1.02594,40.79,-0.35,-384.74,142.06,-1.52,-376.59
53,124,1.03430,41.92,-0.33,-387.62,135.04,1.74,-344.53
53,125,1.04279,43.08,-0.30,-390.48,137.77,3.35,-336.69
53,126,1.05176,44.24,-0.27,-393.24,129.25,3.99,-308.16
53,127,1.05920,45.44,-0.21,-395.99,161.07,7.22,-368.85
53,128,1.06775,46.68,-0.14,-398.72,145.00,8.21,-319.29
53,129,1.07605,47.96,-0.06,-401.44,154.41,10.40,-327.57
53,130,1.08435,49.35,0.05,-404.22,166.54,13.54,-334.93
54,0,0.00000,0.00,0.00,0.00,-12.78,-3.55,67.67
54,1,0.00812,-0.13,-0.03,0.54,-15.41,-3.65,66.92
54,2,0.01666,-0.26,-0.08,1.44,-15.36,-5.33,104.64
54,3,0.02472,-0.42,-0.12,2.33,-20.45,-5.78,110.61
54,4,0.03333,-0.49,-0.18,3.56,-7.80,-6.77,142.91
54,5,0.04169,-0.60,-0.24,4.79,-13.50,-7.15,146.72
54,6,0.04999,-0.63,-0.31,6.33,-3.68,-8.47,185.66
54,7,0.05817,-0.72,-0.38,7.86,-10.82,-8.89,188.06
54,8,0.06671,-0.46,-0.44,9.36,30.71,-6.65,175.36
54,9,0.07477,-0.25,-0.50,10.87,25.76,-7.36,187.12
54,10,0.08331,0.39,-0.54,12.44,75.36,-5.24,183.93
54,11,0.09174,0.98,-0.59,14.04,69.20,-5.74,189.49
54,12,0.10004,1.74,-0.63,15.62,92.28,-4.79,190.81
54,13,0.10834,2.45,-0.68,17.23,84.93,-5.31,194.12
54,14,0.11652,3.31,-0.71,18.77,104.85,-4.20,188.06
54,15,0.12482,4.10,-0.75,20.34,96.32,-4.59,188.97
54,16,0.13336,4.85,-0.79,21.94,86.79,-4.88,186.79
54,17,0.14154,5.53,-0.84,23.56,83.58,-5.56,198.51
54,18,0.14996,6.35,-0.88,25.27,97.10,-5.22,203.62
54,19,0.15845,7.10,-0.93,27.02,88.85,-5.64,205.40
54,20,0.16656,8.07,-0.97,28.82,118.80,-5.18,222.18
54,21,0.17480,8.96,-1.02,30.66,108.89,-5.63,223.33
54,22,0.18329,10.13,-1.06,32.70,138.13,-5.22,240.65
54,23,0.19165,11.23,-1.11,34.79,131.02,-5.90,249.27
54,24,0.19983,12.58,-1.16,37.12,165.30,-6.13,285.07
54,25,0.20819,13.85,-1.22,39.50,151.09,-6.66,285.04
54,26,0.21655,15.39,-1.27,42.14,185.04,-6.71,315.33
54,27,0.22479,16.84,-1.33,44.83,175.56,-7.58,327.04
54,28,0.23328,18.20,-1.41,47.83,160.43,-9.41,352.88
54,29,0.24152,19.45,-1.50,50.87,151.48,-10.44,369.26
54,30,0.25006,20.44,-1.61,54.21,116.07,-12.90,391.07
54,31,0.25818,21.31,-1.73,57.59,106.77,-14.71,415.79
54,32,0.26666,21.88,-1.89,60.94,67.99,-18.61,395.32
54,33,0.27496,22.34,-1.55,64.32,54.41,40.15,406.62
54,34,0.28345,22.45,-0.97,67.67,13.31,69.18,395.32
54,35,0.29150,22.44,-0.45,71.02,-1.52,63.87,416.29
54,36,0.29974,22.30,-0.02,74.37,-16.67,52.72,406.67
54,37,0.30804,22.04,0.33,77.72,-31.62,42.18,402.94
54,38,0.31665,21.52,0.52,81.06,-59.93,22.18,388.65
54,39,0.32471,20.88,0.63,84.39,-79.55,13.39,412.50
54,40,0.33319,20.04,0.61,87.67,-98.92,-2.95,386.69
54,41,0.34149,19.01,0.45,90.89,-124.63,-18.64,388.24
54,42,0.34979,17.78,0.16,94.05,-147.43,-35.06,380.15
54,43,0.35809,16.37,-0.26,97.12,-170.22,-50.61,370.59
54,44,0.36658,14.74,-0.84,100.07,-192.45,-68.36,347.48
54,45,0.37482,12.93,-1.55,102.91,-219.26,-85.79,345.19
54,46,0.38318,10.96,-2.37,105.65,-236.13,-98.74,326.64
54,47,0.39172,8.82,-3.32,108.25,-250.00,-111.33,305.00
54,48,0.39978,6.45,-4.42,110.83,-293.56,-136.30,319.70
54,49,0.40839,3.94,-5.64,113.26,-292.20,-142.10,282.62
54,50,0.41644,1.19,-7.02,115.62,-341.67,-170.94,292.42
54,51,0.42517,-1.70,-8.51,117.80,-331.12,-170.83,250.35
54,52,0.43317,-4.85,-10.19,119.87,-393.13,-209.84,258.78
54,53,0.44147,-8.11,-11.97,121.75,-392.65,-214.18,226.10
54,54,0.44983,-11.67,-13.95,123.50,-426.28,-237.40,209.85
54,55,0.45825,-15.33,-16.04,125.04,-434.78,-247.94,182.61
54,56,0.46655,-19.19,-16.95,126.36,-465.07,-109.93,159.56
54,57,0.47485,-23.13,-17.53,127.46,-473.90,-69.23,131.62
54,58,0.48322,-27.12,-18.07,128.31,-477.37,-64.61,102.19
54,59,0.49170,-31.15,-18.57,128.92,-475.54,-59.30,72.30
54,60,0.50000,-35.22,-19.04,129.29,-489.71,-56.11,44.49
54,61,0.50836,-39.28,-19.50,129.65,-486.13,-55.34,42.34
54,62,0.51709,-43.34,-19.98,130.11,-465.38,-55.16,53.50
54,63,0.52484,-47.41,-20.46,130.58,-524.02,-62.22,60.63
54,64,0.53308,-51.47,-20.95,131.05,-492.96,-58.49,57.04
54,65,0.54150,-55.53,-21.43,131.52,-482.25,-57.14,55.07
54,66,0.55017,-59.59,-21.91,131.98,-468.66,-55.37,52.82
54,67,0.55823,-63.66,-22.39,132.42,-504.55,-59.28,54.55
54,68,0.56671,-67.61,-22.84,132.81,-465.47,-54.12,46.76
54,69,0.57489,-71.56,-23.30,133.19,-483.21,-55.77,46.64
54,70,0.58313,-75.51,-23.76,133.57,-479.63,-55.16,45.19
54,71,0.59180,-79.46,-24.21,133.93,-455.99,-52.37,42.25
54,72,0.59991,-83.23,-24.63,134.19,-464.29,-51.40,31.95
54,73,0.60815,-87.00,-25.04,134.45,-457.41,-50.73,31.48
54,74,0.61658,-90.77,-25.46,134.71,-447.46,-49.52,30.43
54,75,0.62512,-94.54,-25.88,134.96,-441.07,-48.77,30.00
54,76,0.63336,-98.12,-26.29,135.26,-435.19,-49.38,36.30
54,77,0.64185,-101.71,-26.69,135.56,-422.66,-47.87,35.25
54,78,0.65009,-105.29,-27.10,135.86,-435.19,-49.19,36.30
54,79,0.65802,-108.88,-27.50,136.16,-451.92,-51.23,37.69
54,80,0.66675,-112.47,-27.91,136.46,-410.84,-46.53,34.27
54,81,0.67480,-116.05,-28.32,136.76,-445.08,-50.41,37.12
54,82,0.68323,-119.64,-28.72,137.06,-425.72,-48.31,35.51
54,83,0.69171,-123.22,-29.13,137.35,-422.66,-47.72,34.89
54,84,0.69983,-126.81,-29.53,137.65,-441.73,-49.92,36.47
54,85,0.70825,-130.40,-29.94,137.95,-425.72,-48.29,35.14
54,86,0.71655,-133.98,-30.34,138.24,-431.99,-48.82,35.66
54,87,0.72510,-137.57,-30.75,138.54,-419.64,-47.47,34.64
54,88,0.73340,-141.29,-31.18,138.88,-448.90,-51.42,40.81
54,89,0.74158,-145.02,-31.60,139.22,-455.60,-52.13,41.42
54,90,0.75012,-148.75,-32.03,139.55,-436.07,-49.99,39.64
54,91,0.75836,-152.47,-32.46,139.89,-452.22,-51.75,41.11
54,92,0.76691,-156.39,-32.90,140.24,-458.21,-52.29,40.71
54,93,0.77490,-160.30,-33.35,140.59,-489.69,-56.02,43.51
54,94,0.78357,-164.25,-33.80,140.94,-455.28,-51.92,40.49
54,95,0.79163,-168.16,-34.25,141.29,-485.98,-55.50,43.18
54,96,0.80005,-172.09,-34.69,141.60,-466.67,-52.43,36.59
54,97,0.80823,-176.03,-35.13,141.90,-480.60,-54.04,37.69
54,98,0.81665,-179.96,-35.57,142.21,-466.67,-52.52,36.59
54,99,0.82520,-183.89,-36.02,142.52,-460.00,-51.73,36.07
54,100,0.83350,-187.80,-36.45,142.64,-471.32,-51.80,14.34
54,101,0.84180,-191.71,-36.96,142.76,-471.32,-61.37,14.34
54,102,0.84979,-195.62,-37.46,142.88,-489.31,-63.56,14.89
54,103,0.85828,-199.54,-37.97,143.00,-461.15,-60.04,14.03
54,104,0.86670,-203.45,-38.48,143.12,-464.49,-60.38,14.13
54,105,0.87518,-207.36,-38.99,143.23,-461.15,-59.95,14.03
54,106,0.88348,-211.27,-39.50,143.35,-471.32,-61.36,14.34
54,107,0.89185,-215.19,-40.01,143.47,-467.88,-60.87,14.23
54,108,0.90009,-219.10,-40.52,143.59,-474.81,-61.82,14.44
54,109,0.90857,-223.01,-41.03,143.71,-461.15,-59.95,14.03
54,110,0.91711,-226.89,-41.53,143.83,-453.57,-59.03,13.93
54,111,0.92511,-230.73,-42.03,143.95,-480.92,-62.61,14.89
54,112,0.93335,-234.58,-42.53,144.07,-466.67,-60.80,14.44
54,113,0.94183,-238.42,-43.03,144.19,-452.88,-58.91,14.03
54,114,0.94989,-242.01,-43.49,144.24,-445.45,-56.88,7.20
54,115,0.95825,-245.59,-43.95,144.30,-428.83,-54.66,6.93
54,116,0.96661,-248.95,-44.37,144.35,-401.09,-51.04,5.84
54,117,0.97498,-252.30,-44.80,144.40,-401.09,-51.14,5.84
54,118,0.98328,-255.65,-45.23,144.45,-404.04,-51.46,5.88
54,119,0.99188,-259.01,-45.66,144.50,-389.72,-49.64,5.67
54,120,1.00000,-262.25,-46.07,144.53,-399.25,-50.42,3.38
54,121,1.00836,-265.49,-46.48,144.55,-387.59,-48.95,3.28
54,122,1.01697,-268.59,-46.86,144.53,-359.57,-44.38,-2.84
54,123,1.02496,-271.68,-47.24,144.50,-387.02,-47.82,-3.05
54,124,1.03351,-274.77,-47.62,144.48,-362.14,-44.66,-2.86
54,125,1.04156,-277.87,-48.00,144.45,-383.71,-47.41,-3.03
54,126,1.05011,-280.86,-48.37,144.44,-350.71,-43.41,-1.79
54,127,1.05817,-283.86,-48.74,144.42,-371.97,-46.01,-2.65
54,128,1.06665,-286.86,-49.11,144.39,-353.24,-43.52,-3.24
54,129,1.07495,-289.86,-49.48,144.35,-361.40,-44.27,-4.78
54,130,1.08331,-292.96,-49.86,144.28,-371.17,-44.93,-8.03
55,0,0.00000,0.00,0.00,0.00,42.45,-0.24,50.36
55,1,0.00806,0.35,-0.05,0.43,43.94,-6.57,53.41
55,2,0.01630,1.00,-0.05,1.06,78.52,-0.14,76.67
55,3,0.02472,1.64,-0.06,1.70,76.45,-0.14,75.72
55,4,0.03320,2.65,-0.06,2.42,117.99,-0.13,84.53
55,5,0.04114,3.64,-0.06,3.14,125.38,-0.14,91.54
55,6,0.04980,4.97,-0.06,3.92,153.52,-0.11,89.79
55,7,0.05829,6.30,-0.06,4.71,156.12,-0.12,92.81
55,8,0.06616,7.76,-0.06,5.12,185.66,0.01,52.71
55,9,0.07471,9.22,-0.06,5.55,170.71,0.01,50.00
55,10,0.08313,10.92,-0.06,5.56,201.81,0.17,0.72
55,11,0.09125,12.62,-0.06,5.58,209.40,0.17,2.26
55,12,0.09955,14.36,-0.05,5.37,210.29,0.25,-24.63
55,13,0.10803,16.11,-0.05,5.18,206.12,0.24,-22.66
55,14,0.11609,17.82,-0.05,4.77,212.50,0.32,-50.76
55,15,0.12457,19.54,-0.05,4.37,202.16,-0.27,-46.76
55,16,0.13306,21.26,-0.07,3.99,202.52,-1.91,-44.96
55,17,0.14124,22.98,-0.08,3.62,210.45,-1.92,-45.15
55,18,0.14954,24.80,-0.11,3.09,219.49,-3.19,-64.71
55,19,0.15784,26.62,-0.05,2.56,219.85,7.26,-62.87
55,20,0.16638,28.52,-0.05,1.79,221.43,0.00,-91.07
55,21,0.17456,30.41,-0.05,1.02,232.09,-0.00,-93.28
55,22,0.18323,32.50,-0.05,-0.06,240.85,0.00,-125.35
55,23,0.19135,34.60,-0.05,-1.13,258.27,-0.00,-131.58
55,24,0.19946,36.91,-0.05,-2.52,284.59,0.00,-171.43
55,25,0.20795,39.23,-0.05,-3.90,273.38,-0.00,-161.87
55,26,0.21631,41.74,-0.05,-5.64,300.36,0.00,-208.39
55,27,0.22443,44.27,-0.05,-7.36,311.28,-0.00,-212.41
55,28,0.23297,47.05,-0.05,-9.12,325.36,0.00,-205.00
55,29,0.24139,49.84,-0.05,-10.85,331.88,-0.00,-205.43
55,30,0.24951,52.93,-0.05,-12.46,380.45,0.00,-199.25
55,31,0.25800,56.03,-0.05,-14.06,365.47,-0.00,-187.77
55,32,0.26624,59.14,-0.05,-15.45,377.04,0.00,-169.26
55,33,0.27496,62.25,-0.05,-16.82,356.99,-0.00,-156.99
55,34,0.28290,65.41,-0.05,-17.95,398.08,0.00,-142.69
55,35,0.29132,68.58,-0.05,-19.06,376.09,-0.00,-131.52
55,36,0.29944,71.76,-0.08,-20.14,391.35,-3.91,-133.08
55,37,0.30823,74.94,-0.10,-21.20,362.15,-2.03,-120.14
55,38,0.31604,78.20,-0.12,-22.12,417.19,-2.28,-117.58
55,39,0.32471,81.46,-0.14,-23.01,376.76,-2.06,-102.82
55,40,0.33282,84.73,-0.15,-23.89,402.63,-2.20,-108.65
55,41,0.34125,88.00,-0.17,-24.77,388.04,-2.12,-104.71
55,42,0.34937,91.27,-0.19,-25.65,402.63,-2.20,-108.65
55,43,0.35785,94.54,-0.21,-26.54,385.25,-2.10,-103.96
55,44,0.36615,97.80,-0.22,-27.36,393.38,-2.13,-99.63
55,45,0.37439,101.07,-0.24,-28.19,396.30,-2.15,-100.37
55,46,0.38275,104.33,-0.26,-29.02,390.51,-2.11,-98.91
55,47,0.39142,107.60,-0.28,-29.84,376.76,-2.04,-95.42
55,48,0.39978,110.99,-0.30,-30.72,405.11,-2.20,-104.38
55,49,0.40802,114.37,-0.31,-31.59,411.11,-2.23,-105.93
55,50,0.41620,117.88,-0.33,-32.49,429.10,-2.33,-110.07
55,51,0.42450,121.39,-0.35,-33.39,422.79,-2.29,-108.46
55,52,0.43298,125.04,-0.37,-34.30,430.22,-2.33,-107.91
55,53,0.44135,128.69,0.29,-35.22,436.50,79.05,-109.49
55,54,0.44958,132.55,0.91,-36.17,468.15,75.02,-115.19
55,55,0.45795,136.41,1.61,-37.12,461.31,84.37,-113.50
55,56,0.46637,140.38,2.34,-38.06,471.38,86.67,-112.32
55,57,0.47461,144.35,3.07,-39.01,481.85,88.60,-114.81
55,58,0.48303,148.32,3.80,-39.96,471.38,86.86,-112.32
55,59,0.49139,152.29,4.53,-40.90,474.82,87.30,-113.14
55,60,0.49945,156.26,5.26,-41.85,492.80,90.61,-117.42
55,61,0.50781,160.23,6.00,-42.79,474.82,87.49,-113.14
55,62,0.51617,164.18,6.70,-43.85,472.26,84.45,-125.91
55,63,0.52466,168.13,7.41,-44.89,465.83,83.45,-123.38
55,64,0.53284,172.09,8.12,-45.93,483.58,86.98,-126.12
55,65,0.54138,176.05,8.84,-46.93,463.57,83.98,-117.50
55,66,0.54956,180.02,9.57,-47.89,485.82,89.01,-117.54
55,67,0.55792,184.01,10.32,-48.75,477.74,89.91,-103.28
55,68,0.56628,187.92,11.07,-49.49,466.79,90.02,-87.59
55,69,0.57452,191.83,11.84,-50.14,475.19,93.40,-79.26
55,70,0.58301,195.76,12.63,-50.72,462.95,92.51,-68.71
55,71,0.59131,199.70,13.43,-51.24,474.26,96.50,-61.76
55,72,0.59949,203.46,14.22,-51.56,460.07,96.70,-39.93
55,73,0.60791,207.23,15.04,-51.76,447.83,97.29,-23.19
55,74,0.61627,211.01,15.87,-51.85,451.82,100.18,-10.95
55,75,0.62457,214.79,16.73,-51.86,455.15,102.81,-1.47
55,76,0.63318,218.39,17.54,-51.87,418.09,94.29,-1.06
55,77,0.64142,221.98,18.36,-51.82,436.67,99.67,5.56
55,78,0.64960,225.58,19.19,-51.74,439.55,101.32,10.07
55,79,0.65808,229.17,20.02,-51.63,423.74,98.19,13.67
55,80,0.66620,232.77,20.86,-51.49,442.86,103.15,17.29
55,81,0.67444,236.36,21.70,-51.32,435.93,102.06,20.00
55,82,0.68317,239.95,22.55,-51.13,411.54,96.91,22.03
55,83,0.69153,243.54,23.40,-50.90,429.20,101.98,27.01
55,84,0.69971,247.13,24.25,-50.66,438.81,104.47,29.85
55,85,0.70819,250.72,25.11,-50.41,423.02,101.02,29.50
55,86,0.71637,254.31,25.97,-50.15,438.81,104.73,31.34
55,87,0.72455,257.90,26.82,-49.89,438.81,104.80,31.72
55,88,0.73291,261.63,27.67,-49.65,446.72,101.06,28.83
55,89,0.74164,265.37,28.25,-49.41,427.97,66.27,27.97
55,90,0.74963,269.10,28.53,-49.16,467.18,35.19,30.53
55,91,0.75787,272.84,28.52,-48.92,453.33,-1.35,29.63
55,92,0.76617,276.76,28.35,-48.65,472.43,-19.87,31.99
55,93,0.77441,280.69,28.14,-48.39,476.30,-26.00,32.22
55,94,0.78326,284.61,28.19,-48.12,443.10,6.32,30.00
55,95,0.79114,288.53,28.72,-47.86,498.06,67.06,33.72
55,96,0.79944,292.46,29.26,-47.55,473.53,64.89,37.13
55,97,0.80792,296.39,29.80,-47.24,463.31,63.87,36.33
55,98,0.81610,300.32,30.34,-46.93,480.60,66.06,37.69
55,99,0.82440,304.25,30.88,-46.62,473.53,64.90,37.13
55,100,0.83289,308.14,31.47,-46.13,457.91,69.72,58.27
55,101,0.84131,312.02,32.12,-45.64,461.23,76.74,58.70
55,102,0.84949,315.91,32.63,-45.14,475.00,61.89,60.82
55,103,0.85809,319.79,33.07,-44.64,451.42,51.72,57.80
55,104,0.86646,323.68,33.44,-44.14,464.60,44.18,59.49
55,105,0.87451,327.56,33.73,-43.65,482.20,36.51,61.74
55,106,0.88324,331.45,34.03,-43.15,445.10,34.10,56.99
55,107,0.89124,335.33,34.35,-42.65,485.50,39.36,62.98
55,108,0.89948,339.21,34.66,-42.14,471.11,38.25,61.48
55,109,0.90778,343.09,34.98,-41.62,467.65,38.21,62.50
55,110,0.91626,346.90,35.29,-41.09,449.28,37.05,62.23
55,111,0.92456,350.71,35.61,-40.53,458.46,38.32,67.28
55,112,0.93286,354.51,35.94,-39.95,458.09,38.95,70.22
55,113,0.94122,358.31,36.26,-39.34,454.38,39.07,72.99
55,114,0.94958,361.84,36.58,-38.69,421.90,37.91,78.10
55,115,0.95801,365.36,36.90,-38.00,418.12,38.22,81.52
55,116,0.96631,368.64,37.21,-37.30,395.59,37.13,83.82
55,117,0.97461,371.91,37.53,-36.55,393.75,38.31,90.81
55,118,0.98291,375.17,37.85,-35.75,392.65,38.94,96.32
55,119,0.99127,378.42,38.18,-34.90,388.32,39.64,101.82
55,120,0.99945,381.54,38.51,-34.01,381.34,40.25,108.21
55,121,1.00812,384.64,38.85,-33.08,358.10,38.83,108.10
55,122,1.01636,387.57,39.22,-32.09,355.56,44.65,120.37
55,123,1.02454,390.48,39.64,-31.05,356.34,51.30,127.24
55,124,1.03284,393.39,40.06,-29.97,349.63,51.06,129.41
55,125,1.04138,396.28,40.49,-28.86,338.21,50.29,129.64
55,126,1.04962,399.07,40.90,-27.78,338.89,50.51,131.85
55,127,1.05804,401.90,41.33,-26.66,336.23,50.51,132.97
55,128,1.06653,404.68,41.75,-25.53,327.70,49.40,132.37
55,129,1.07465,407.46,42.01,-24.40,342.11,32.69,139.85
55,130,1.08319,410.32,42.19,-23.20,335.36,20.29,140.36
56,0,0.00000,0.00,0.00,0.00,-29.24,-2.54,59.21
56,1,0.00800,-0.26,-0.02,0.50,-32.06,-2.63,62.21
56,2,0.01675,-0.59,-0.06,1.34,-37.98,-4.33,96.17
56,3,0.02490,-0.93,-0.10,2.18,-42.32,-4.53,102.62
56,4,0.03342,-1.22,-0.15,3.37,-34.05,-6.79,140.50
56,5,0.04144,-1.53,-0.21,4.57,-38.40,-7.09,148.67
56,6,0.04999,-1.77,-0.29,6.09,-28.21,-8.91,177.86
56,7,0.05798,-2.04,-0.36,7.60,-33.21,-9.43,189.69
56,8,0.06650,-1.92,-0.45,9.12,14.34,-9.81,178.14
56,9,0.07492,-1.82,-0.53,10.64,11.96,-9.91,180.07
56,10,0.08337,-1.25,-0.63,12.25,67.51,-11.66,190.97
56,11,0.09158,-0.70,-0.73,13.86,66.17,-11.96,196.28
56,12,0.09979,0.06,-0.83,15.44,92.57,-12.36,192.94
56,13,0.10815,0.80,-0.93,17.04,88.32,-12.15,190.88
56,14,0.11655,1.72,-1.03,18.54,109.82,-11.92,178.55
56,15,0.12494,2.62,-1.03,20.05,106.91,0.05,180.36
56,16,0.13336,3.49,-1.04,21.58,103.99,-0.84,181.16
56,17,0.14151,4.35,-1.03,23.12,104.87,0.10,188.76
56,18,0.15002,5.38,-1.03,24.71,121.51,0.13,187.10
56,19,0.15805,6.39,-1.03,26.32,126.24,0.13,200.38
56,20,0.16650,7.66,-1.03,27.93,149.46,0.16,190.25
56,21,0.17490,8.90,-1.03,29.55,148.00,0.16,193.82
56,22,0.18350,10.49,-1.03,31.29,184.75,0.20,201.77
56,23,0.19156,12.05,-1.03,33.05,194.32,0.21,218.56
56,24,0.19986,13.97,-1.02,34.95,230.88,0.26,228.68
56,25,0.20810,15.86,-1.02,36.87,229.26,0.26,233.70
56,26,0.21674,18.14,-1.02,38.91,263.96,0.30,236.04
56,27,0.22482,20.39,-1.02,40.99,278.11,0.31,256.60
56,28,0.23325,22.71,-1.01,43.32,275.00,0.31,276.81
56,29,0.24155,24.99,-1.01,45.69,275.00,0.31,285.29
56,30,0.24994,27.20,-1.01,48.38,264.00,0.29,320.36
56,31,0.25812,29.38,-1.01,51.10,266.04,0.29,332.84
56,32,0.26675,31.34,-1.01,53.88,227.56,0.24,321.91
56,33,0.27478,33.27,-1.00,56.69,239.54,0.25,350.19
56,34,0.28336,34.95,-1.00,59.59,195.73,0.20,338.79
56,35,0.29156,36.58,-1.00,62.52,198.88,0.20,356.88
56,36,0.29980,38.17,-1.00,65.48,192.96,0.19,358.52
56,37,0.30820,39.71,-1.00,68.46,184.00,0.18,354.91
56,38,0.31650,41.11,-1.00,71.54,168.75,0.16,371.32
56,39,0.32483,42.47,-0.99,74.64,162.64,0.15,372.53
56,40,0.33344,43.64,-0.99,77.84,136.17,0.12,371.63
56,41,0.34167,44.61,-0.99,81.09,117.78,0.10,393.70
56,42,0.34979,45.39,-0.99,84.38,95.49,0.07,406.02
56,43,0.35822,45.96,-0.99,87.72,68.48,0.03,396.01
56,44,0.36655,46.28,-0.99,91.07,38.46,-0.00,402.56
56,45,0.37491,46.40,-0.99,94.44,14.23,-0.03,402.92
56,46,0.38364,46.32,-0.99,97.81,-9.44,-0.06,386.01
56,47,0.39163,46.04,-0.99,101.17,-35.50,-0.10,420.23
56,48,0.39996,45.54,-0.99,104.63,-58.97,-0.13,415.75
56,49,0.40814,44.85,-1.00,108.06,-85.45,-0.16,419.03
56,50,0.41678,43.91,-1.00,111.56,-108.48,-0.19,405.30
56,51,0.42484,42.76,-1.00,115.00,-142.42,-0.23,426.89
56,52,0.43344,41.34,-1.00,118.55,-164.89,-0.26,412.77
56,53,0.44168,39.94,-1.00,122.05,-169.63,-0.27,424.81
56,54,0.45007,38.45,-1.01,125.73,-177.82,-0.28,438.55
56,55,0.45825,36.96,-1.01,129.42,-182.46,-0.28,450.37
56,56,0.46677,35.40,-1.01,133.19,-182.80,-0.28,443.01
56,57,0.47516,33.85,-1.01,136.96,-185.45,-0.29,449.45
56,58,0.48383,32.28,-1.00,140.77,-180.28,1.90,439.08
56,59,0.49213,30.76,-0.96,144.55,-184.19,4.08,455.88
56,60,0.50037,29.24,-0.93,148.34,-183.33,4.11,460.37
56,61,0.50827,27.75,-0.89,152.16,-189.19,4.29,482.63
56,62,0.51666,26.36,-0.86,156.00,-165.45,4.01,458.18
56,63,0.52499,24.98,-0.83,159.85,-165.93,4.04,461.90
56,64,0.53363,23.59,-0.79,163.71,-160.78,3.91,447.00
56,65,0.54169,22.21,-0.76,167.56,-171.59,4.17,477.65
56,66,0.55017,20.83,-0.73,171.41,-162.95,3.97,453.60
56,67,0.55832,19.44,-0.69,175.25,-169.66,4.13,471.54
56,68,0.56671,18.09,-0.66,178.98,-161.45,3.90,444.73
56,69,0.57516,16.73,-0.63,182.71,-160.29,3.87,441.52
56,70,0.58356,15.38,-0.59,186.45,-161.45,3.90,444.73
56,71,0.59177,14.02,-0.56,190.17,-165.06,3.97,453.53
56,72,0.60016,12.65,-0.53,193.69,-163.27,3.72,419.64
56,73,0.60837,11.28,-0.50,197.21,-166.91,3.81,429.00
56,74,0.61676,9.91,-0.47,200.74,-163.27,3.73,419.64
56,75,0.62512,8.54,-0.44,204.25,-163.50,3.73,420.07
56,76,0.63361,7.29,-0.41,207.62,-147.84,3.50,397.48
56,77,0.64185,6.04,-0.38,210.99,-152.22,3.60,409.26
56,78,0.64999,4.78,-0.35,214.36,-153.93,3.64,413.86
56,79,0.65836,3.53,-0.32,217.74,-150.00,3.55,403.28
56,80,0.66672,2.27,-0.29,221.11,-150.00,3.55,403.28
56,81,0.67505,1.02,-0.26,224.48,-150.55,3.57,404.76
56,82,0.68390,-0.26,-0.23,227.92,-144.48,3.42,388.28
56,83,0.69186,-1.51,-0.20,231.29,-157.47,3.72,423.37
56,84,0.70016,-2.77,-0.17,234.66,-151.10,3.57,406.25
56,85,0.70847,-4.02,-0.14,238.03,-150.37,3.57,406.25
56,86,0.71686,-5.26,-0.11,241.41,-148.73,3.78,401.82
56,87,0.72525,-6.51,-0.12,244.79,-148.73,-1.12,403.27
56,88,0.73431,-7.80,-0.11,248.35,-141.75,1.19,392.26
56,89,0.74191,-9.07,-0.10,251.86,-167.47,1.40,463.05
56,90,0.75046,-10.35,-0.09,255.38,-149.29,1.25,411.79
56,91,0.75848,-11.64,-0.07,258.91,-160.84,1.33,439.54
56,92,0.76688,-13.02,-0.06,262.59,-165.09,1.31,438.18
56,93,0.77530,-14.45,-0.05,266.25,-169.57,1.28,434.78
56,94,0.78391,-15.94,-0.04,269.89,-173.40,1.21,422.70
56,95,0.79199,-17.54,-0.03,273.48,-196.98,1.24,444.53
56,96,0.80048,-19.25,-0.02,277.03,-202.52,1.10,418.35
56,97,0.80875,-21.05,-0.01,280.54,-217.71,1.09,423.99
56,98,0.81696,-22.95,-0.01,284.00,-230.86,1.03,421.19
56,99,0.82544,-24.95,0.00,287.39,-235.97,0.93,400.00
56,100,0.83447,-27.16,0.01,290.62,-244.59,0.73,357.77
56,101,0.84213,-29.44,0.02,293.81,-297.21,0.81,415.94
56,102,0.85056,-31.78,0.02,296.95,-277.90,0.68,372.46
56,103,0.85867,-34.18,0.03,300.03,-296.24,0.67,380.45
56,104,0.86710,-36.67,0.03,303.06,-294.93,0.57,359.42
56,105,0.87531,-39.22,0.04,306.03,-311.15,0.54,361.71
56,106,0.88385,-41.83,0.25,308.95,-305.36,25.06,341.43
56,107,0.89206,-44.48,0.81,311.83,-322.68,67.89,351.30
56,108,0.90024,-47.14,1.36,314.70,-325.75,68.12,351.12
56,109,0.90857,-49.81,1.92,317.56,-320.51,66.79,342.86
56,110,0.91711,-52.45,2.47,320.36,-308.21,64.06,328.21
56,111,0.92538,-55.08,3.02,323.17,-318.82,66.18,338.75
56,112,0.93372,-57.72,3.56,325.96,-316.85,65.60,335.90
56,113,0.94202,-60.35,4.11,328.74,-316.91,65.60,334.93
56,114,0.95035,-62.86,4.62,331.32,-300.37,61.23,308.79
56,115,0.95862,-65.35,5.12,333.87,-301.11,61.30,309.23
56,116,0.96719,-67.69,5.60,336.27,-273.67,55.64,279.72
56,117,0.97552,-70.04,6.08,338.67,-281.68,57.23,287.91
56,118,0.98380,-72.41,6.56,341.09,-286.35,58.12,292.62
56,119,0.99197,-74.75,7.03,343.48,-286.57,58.19,292.16
56,120,1.00058,-77.04,7.49,345.78,-265.25,53.47,267.38
56,121,1.00870,-79.31,7.95,348.07,-280.45,56.46,281.95
56,122,1.01706,-81.52,8.39,350.23,-264.60,52.53,258.39
56,123,1.02548,-83.74,8.83,352.39,-262.68,52.10,256.52
56,124,1.03369,-85.95,9.27,354.55,-269.52,53.41,263.20
56,125,1.04208,-88.16,9.71,356.71,-262.91,52.23,257.09
56,126,1.05042,-90.29,10.13,358.81,-256.41,51.02,252.38
56,127,1.05896,-92.43,10.56,360.92,-250.00,49.79,246.07
56,128,1.06714,-94.56,10.98,363.02,-261.19,52.02,257.09
56,129,1.07550,-96.71,11.41,365.13,-256.20,51.02,252.19
56,130,1.08395,-98.93,11.85,367.29,-263.18,52.08,256.32
57,0,0.00000,0.00,0.00,0.00,-20.44,-1.82,63.50
57,1,0.00821,-0.18,-0.02,0.53,-21.56,-1.89,64.31
57,2,0.01663,-0.38,-0.04,1.41,-23.91,-3.24,104.71
57,3,0.02496,-0.60,-0.07,2.29,-26.01,-3.23,105.49
57,4,0.03329,-0.71,-0.11,3.52,-13.92,-4.97,147.25
57,5,0.04163,-0.85,-0.15,4.74,-16.48,-4.88,146.89
57,6,0.05005,-0.88,-0.21,6.28,-3.26,-6.48,182.97
57,7,0.05826,-0.93,-0.26,7.82,-6.69,-6.56,187.36
57,8,0.06653,-0.60,-0.32,9.30,39.48,-7.19,179.70
57,9,0.07495,-0.30,-0.38,10.79,35.87,-7.05,176.81
57,10,0.08325,0.47,-0.45,12.31,93.01,-8.40,182.35
57,11,0.09167,1.21,-0.52,13.83,88.41,-8.29,181.16
57,12,0.09995,2.17,-0.59,15.31,115.50,-8.72,178.60
57,13,0.10825,3.10,-0.66,16.80,112.13,-8.70,179.78
57,14,0.11655,4.20,-0.73,18.18,132.35,-8.64,165.81
57,15,0.12494,5.27,-0.81,19.57,128.00,-8.54,166.18
57,16,0.13321,6.32,-0.88,20.99,126.94,-8.67,170.85
57,17,0.14163,7.35,-0.95,22.42,121.74,-8.56,169.57
57,18,0.15002,8.56,-1.03,23.88,144.00,-9.19,174.55
57,19,0.15823,9.74,-1.10,25.37,144.24,-9.38,181.04
57,20,0.16666,11.18,-1.19,26.82,170.29,-9.70,173.19
57,21,0.17496,12.59,-1.27,28.31,169.85,-9.82,178.68
57,22,0.18338,14.35,-1.36,29.86,209.42,-10.89,184.78
57,23,0.19168,16.09,-1.45,31.45,209.19,-11.10,191.18
57,24,0.20007,18.19,-1.55,33.14,250.18,-12.33,201.45
57,25,0.20834,20.25,-1.66,34.87,250.18,-12.55,208.86
57,26,0.21674,22.72,-1.77,36.68,293.82,-13.71,215.27
57,27,0.22507,25.16,-1.89,38.53,292.31,-13.90,221.98
57,28,0.23337,27.68,-2.02,40.63,304.04,-15.25,253.68
57,29,0.24185,30.17,-2.14,42.78,293.53,-15.06,253.24
57,30,0.25024,32.62,-2.28,45.26,291.64,-16.53,295.64
57,31,0.25845,35.02,-2.42,47.78,292.94,-16.93,307.43
57,32,0.26682,37.22,-2.56,50.39,262.41,-16.50,311.31
57,33,0.27521,39.36,-2.70,53.03,256.00,-16.46,314.55
57,34,0.28363,41.27,-2.84,55.79,226.45,-16.32,327.54
57,35,0.29221,43.13,-2.97,58.58,216.73,-16.05,325.62
57,36,0.30045,44.94,-3.11,61.40,219.63,-16.72,342.59
57,37,0.30875,46.70,-3.25,64.25,212.13,-16.60,343.75
57,38,0.31711,48.32,-3.39,67.23,193.80,-16.65,355.47
57,39,0.32547,49.89,-3.53,70.23,187.59,-16.64,358.76
57,40,0.33380,51.50,-3.67,73.21,193.41,-16.71,357.51
57,41,0.34222,53.09,-3.81,76.20,188.41,-16.55,355.07
57,42,0.35065,54.65,-3.94,79.20,185.14,-16.50,356.88
57,43,0.35883,56.17,-4.08,82.22,186.57,-17.00,369.40
57,44,0.36716,57.60,-4.22,85.28,170.70,-16.55,366.67
57,45,0.37555,58.96,-4.36,88.36,162.91,-16.43,366.91
57,46,0.38379,60.29,-4.50,91.46,160.74,-16.73,375.93
57,47,0.39227,61.57,-4.63,94.57,150.72,-16.18,367.63
57,48,0.40060,62.82,-4.78,97.84,150.92,-17.05,391.58
57,49,0.40869,64.01,-4.92,101.13,146.42,-17.53,406.79
57,50,0.41681,65.15,-5.06,104.57,140.23,-17.96,423.68
57,51,0.42523,66.18,-5.21,108.04,122.83,-17.24,412.32
57,52,0.43344,67.15,-5.36,111.67,117.84,-18.18,442.75
57,53,0.44189,68.03,-5.51,115.33,103.97,-17.57,432.49
57,54,0.45026,68.86,-5.66,119.21,99.27,-18.61,464.60
57,55,0.45847,69.62,-5.82,123.11,92.57,-18.84,475.09
57,56,0.46683,70.28,-5.97,127.14,79.20,-18.80,481.75
57,57,0.47531,70.86,-6.13,131.18,68.35,-18.39,476.26
57,58,0.48352,71.35,-6.28,135.24,60.22,-18.82,493.68
57,59,0.49191,71.76,-6.44,139.30,48.73,-18.29,484.00
57,60,0.50034,72.08,-6.59,143.37,38.04,-17.99,482.97
57,61,0.50851,72.33,-6.75,147.44,30.60,-19.04,498.13
57,62,0.51697,72.63,-6.94,151.52,35.02,-22.94,482.31
57,63,0.52521,72.85,-7.35,155.60,26.67,-49.34,495.56
57,64,0.53360,73.04,-7.67,159.68,23.27,-38.93,486.55
57,65,0.54205,73.22,-8.00,163.77,21.30,-38.66,483.03
57,66,0.55042,73.39,-8.33,167.85,19.34,-39.14,488.32
57,67,0.55856,73.54,-8.65,171.94,18.35,-40.23,501.50
57,68,0.56689,73.66,-8.97,175.90,15.02,-38.21,476.19
57,69,0.57532,73.78,-9.29,179.87,14.49,-37.83,471.01
57,70,0.58362,73.90,-9.61,183.84,13.97,-38.38,477.94
57,71,0.59210,74.01,-9.93,187.81,13.67,-37.57,467.63
57,72,0.60040,74.04,-10.23,191.58,2.94,-36.79,455.15
57,73,0.60861,74.06,-10.54,195.36,2.97,-37.15,460.22
57,74,0.61722,74.08,-10.84,199.14,2.48,-35.45,439.01
57,75,0.62540,74.11,-11.15,202.92,2.61,-37.34,461.94
57,76,0.63370,74.18,-11.36,206.51,9.19,-25.13,433.09
57,77,0.64212,74.25,-11.44,210.11,8.33,-10.13,426.81
57,78,0.65036,74.31,-11.53,213.71,7.04,-10.40,436.67
57,79,0.65857,74.35,-11.62,217.30,5.20,-10.44,438.29
57,80,0.66693,74.37,-11.70,220.90,2.55,-10.30,430.29
57,81,0.67523,74.37,-11.79,224.50,-0.74,-10.43,433.46
57,82,0.68369,74.33,-11.87,228.10,-4.33,-10.29,425.63
57,83,0.69196,74.26,-11.96,231.69,-8.49,-10.59,434.69
57,84,0.70023,74.15,-12.05,235.29,-12.92,-10.65,434.69
57,85,0.70850,74.01,-12.14,238.88,-18.08,-10.71,434.69
57,86,0.71677,73.82,-12.23,242.47,-22.88,-10.78,434.32
57,87,0.72522,73.58,-12.32,246.06,-27.44,-10.61,424.55
57,88,0.73343,73.32,-12.41,249.80,-31.60,-11.40,454.65
57,89,0.74188,73.02,-12.51,253.52,-36.10,-11.15,441.16
57,90,0.75021,72.67,-12.60,257.25,-42.12,-11.38,447.25
57,91,0.75845,72.27,-12.70,260.97,-48.15,-11.57,451.48
57,92,0.76678,71.80,-12.80,264.87,-57.14,-12.11,468.50
57,93,0.77512,71.26,-12.90,268.77,-64.84,-12.19,467.40
57,94,0.78345,70.62,-13.00,272.65,-76.56,-12.34,465.57
57,95,0.79184,69.89,-13.11,276.51,-87.27,-12.38,460.36
57,96,0.80023,68.99,-13.21,280.35,-106.91,-12.60,457.45
57,97,0.80856,67.98,-13.32,284.16,-120.88,-12.81,457.51
57,98,0.81677,66.88,-13.43,287.95,-134.20,-13.09,460.97
57,99,0.82523,65.66,-13.53,291.70,-143.68,-12.82,443.68
57,100,0.83347,64.21,-13.64,295.33,-176.30,-13.24,441.11
57,101,0.84198,62.70,-13.75,298.94,-177.42,-12.85,424.37
57,102,0.85059,61.15,-13.86,302.54,-180.85,-12.73,417.38
57,103,0.85864,59.56,-13.97,306.11,-197.35,-13.63,443.94
57,104,0.86719,57.94,-14.08,309.68,-188.93,-12.86,417.50
57,105,0.87540,56.30,-14.21,313.24,-199.63,-15.72,433.09
57,106,0.88373,54.65,-14.26,316.78,-198.53,-5.91,426.01
57,107,0.89209,52.98,-14.34,320.33,-199.27,-9.37,423.72
57,108,0.90048,51.31,-14.33,323.87,-199.64,0.96,421.82
57,109,0.90875,49.62,-14.32,327.40,-203.32,0.98,427.68
57,110,0.91708,47.97,-14.31,330.88,-198.53,0.97,416.85
57,111,0.92542,46.32,-14.31,334.35,-198.53,0.91,416.85
57,112,0.93381,44.66,-14.30,337.82,-197.45,0.89,413.82
57,113,0.94220,43.00,-14.29,341.29,-197.45,0.88,413.45
57,114,0.95056,41.41,-14.28,344.51,-190.88,1.03,384.31
57,115,0.95889,39.81,-14.27,347.72,-191.58,0.94,385.71
57,116,0.96713,38.31,-14.27,350.72,-181.85,0.86,364.44
57,117,0.97543,36.81,-14.26,353.73,-180.51,0.82,361.76
57,118,0.98383,35.32,-14.26,356.73,-177.45,0.68,358.18
57,119,0.99231,33.87,-14.25,359.75,-171.94,0.56,356.12
57,120,1.00058,32.47,-14.25,362.68,-168.63,0.50,353.87
57,121,1.00882,31.10,-14.24,365.62,-166.30,0.44,356.67
57,122,1.01712,29.77,-14.24,368.41,-159.93,0.43,336.76
57,123,1.02548,28.48,-14.24,371.22,-155.11,0.37,335.77
57,124,1.03381,27.21,-14.23,374.04,-152.38,0.32,338.83
57,125,1.04230,25.97,-14.23,376.88,-146.04,0.27,334.17
57,126,1.05063,24.80,-14.23,379.64,-139.93,0.20,331.50
57,127,1.05884,23.66,-14.23,382.41,-139.41,0.15,337.55
57,128,1.06720,22.53,-14.23,385.19,-135.04,0.10,332.12
57,129,1.07553,21.42,-14.23,387.97,-133.33,0.04,334.07
57,130,1.08389,20.26,-14.23,390.86,-137.96,0.00,344.89
58,0,0.00000,0.00,0.00,0.00,-66.30,2.71,-0.72
58,1,0.00827,-0.56,0.02,-0.02,-67.53,2.81,-2.21
58,2,0.01675,-1.46,0.06,0.04,-106.47,4.23,6.83
58,3,0.02505,-2.37,0.10,0.08,-108.82,4.39,4.78
58,4,0.03333,-3.58,0.14,0.31,-146.49,5.50,28.04
58,5,0.04160,-4.79,0.19,0.52,-146.86,5.59,25.09
58,6,0.05005,-6.28,0.24,0.91,-176.17,6.40,46.57
58,7,0.05823,-7.78,0.30,1.28,-183.21,6.77,44.40
58,8,0.06683,-9.12,0.34,1.98,-156.38,5.05,82.27
58,9,0.07504,-10.48,0.38,2.66,-165.43,5.37,82.90
58,10,0.08334,-11.75,0.42,3.80,-152.21,3.99,137.13
58,11,0.09161,-13.03,0.45,4.91,-155.35,4.14,134.32
58,12,0.10004,-14.22,0.48,6.21,-140.94,3.25,153.99
58,13,0.10831,-15.43,0.51,7.48,-146.86,3.51,153.87
58,14,0.11691,-16.49,0.53,8.88,-123.40,2.37,162.77
58,15,0.12521,-17.62,0.55,10.31,-135.66,2.73,171.32
58,16,0.13367,-18.74,0.57,11.66,-132.49,2.79,160.65
58,17,0.14157,-19.89,0.60,13.00,-145.17,3.14,169.50
58,18,0.14993,-21.03,0.65,14.52,-136.86,5.94,181.39
58,19,0.15814,-22.20,0.67,16.02,-142.75,2.37,182.90
58,20,0.16669,-23.30,0.67,17.75,-128.57,0.68,201.79
58,21,0.17508,-24.44,0.69,19.46,-134.91,1.91,204.36
58,22,0.18332,-25.57,0.70,21.52,-137.78,0.85,250.37
58,23,0.19147,-26.75,0.71,23.57,-144.19,1.63,251.69
58,24,0.19998,-27.96,0.72,25.98,-142.29,0.89,282.80
58,25,0.20819,-29.21,0.73,28.38,-153.16,1.58,291.82
58,26,0.21661,-30.48,0.74,31.16,-150.00,0.79,330.43
58,27,0.22482,-31.81,0.75,33.92,-161.71,1.25,336.43
58,28,0.23318,-33.37,0.77,36.82,-186.86,2.15,345.99
58,29,0.24149,-35.00,0.79,39.68,-196.69,2.66,344.49
58,30,0.24991,-36.97,0.82,42.55,-233.70,4.32,341.67
58,31,0.25806,-39.00,0.87,45.39,-249.06,4.95,347.57
58,32,0.26663,-41.15,0.91,48.02,-251.25,5.71,307.47
58,33,0.27484,-43.37,0.97,50.61,-269.52,6.43,314.87
58,34,0.28329,-45.74,1.03,52.97,-281.23,7.54,279.78
58,35,0.29156,-48.17,1.10,55.29,-293.36,8.12,280.07
58,36,0.29996,-50.64,1.17,57.56,-294.55,8.34,270.18
58,37,0.30823,-53.16,1.24,59.77,-304.80,8.80,267.53
58,38,0.31659,-55.83,1.32,61.85,-318.98,9.81,249.27
58,39,0.32489,-58.54,1.41,63.88,-326.47,10.22,244.49
58,40,0.33344,-61.12,1.48,66.07,-302.14,8.92,256.07
58,41,0.34161,-63.57,1.55,68.41,-299.25,8.25,286.19
58,42,0.35001,-65.87,1.61,70.89,-274.18,6.94,295.64
58,43,0.35825,-68.02,1.66,73.51,-260.74,5.99,317.41
58,44,0.36670,-70.04,1.70,76.20,-239.35,5.01,318.77
58,45,0.37515,-71.90,1.73,79.02,-219.49,3.84,332.85
58,46,0.38342,-73.58,1.76,81.93,-203.69,2.81,352.77
58,47,0.39154,-75.09,1.77,84.95,-185.71,1.68,371.80
58,48,0.40002,-76.57,1.78,88.12,-175.18,1.16,373.02
58,49,0.40823,-78.01,1.79,91.31,-174.72,0.86,388.85
58,50,0.41684,-79.43,1.79,94.64,-165.60,0.51,386.88
58,51,0.42502,-80.81,1.79,97.99,-168.28,0.17,410.45
58,52,0.43356,-82.20,1.79,101.49,-162.50,-0.02,409.29
58,53,0.44180,-83.53,1.79,105.02,-161.11,-0.43,428.15
58,54,0.45020,-84.88,1.78,108.76,-160.73,-0.77,445.09
58,55,0.45831,-86.15,1.77,112.52,-156.39,-1.29,463.91
58,56,0.46683,-87.39,1.76,116.41,-146.24,-1.58,456.63
58,57,0.47507,-88.55,1.74,120.32,-140.74,-2.20,474.81
58,58,0.48340,-89.62,1.72,124.26,-128.21,-2.70,472.89
58,59,0.49167,-90.60,1.69,128.22,-118.82,-3.23,478.97
58,60,0.50021,-91.49,1.66,132.21,-104.64,-3.66,466.07
58,61,0.50845,-92.30,1.62,136.21,-97.78,-4.29,485.56
58,62,0.51694,-92.92,1.58,140.25,-73.02,-5.23,476.26
58,63,0.52521,-93.46,1.53,144.30,-64.94,-5.82,490.04
58,64,0.53351,-93.91,1.48,148.36,-54.04,-6.28,489.34
58,65,0.54169,-94.27,1.42,152.43,-44.03,-6.92,497.76
58,66,0.55011,-94.53,1.36,156.51,-31.88,-7.21,484.42
58,67,0.55847,-94.71,1.30,160.59,-21.53,-7.73,487.96
58,68,0.56699,-94.82,1.23,164.56,-12.90,-7.74,466.31
58,69,0.57526,-94.85,1.16,168.53,-3.32,-8.40,480.07
58,70,0.58350,-94.82,1.09,172.50,4.44,-8.76,481.85
58,71,0.59174,-94.73,1.02,176.47,10.37,-9.06,481.11
58,72,0.60019,-94.68,0.95,180.25,5.78,-8.22,446.93
58,73,0.60864,-94.58,0.88,184.02,11.55,-8.46,446.93
58,74,0.61700,-94.45,0.80,187.80,16.06,-8.79,451.46
58,75,0.62524,-94.28,0.73,191.57,20.37,-9.04,457.41
58,76,0.63358,-94.06,0.65,195.17,26.74,-8.92,432.23
58,77,0.64188,-93.82,0.55,198.76,29.04,-12.72,432.35
58,78,0.65048,-93.59,0.43,202.35,26.60,-13.68,417.02
58,79,0.65872,-93.35,0.63,205.94,28.89,24.69,435.56
58,80,0.66733,-93.11,0.64,209.52,27.66,1.23,417.02
58,81,0.67557,-92.87,0.75,213.11,29.63,12.48,435.56
58,82,0.68393,-92.63,0.85,216.70,28.10,12.20,429.20
58,83,0.69220,-92.42,0.93,220.29,26.20,10.18,434.32
58,84,0.70065,-92.24,0.73,223.89,20.58,-23.63,424.91
58,85,0.70889,-92.11,0.49,227.48,16.30,-29.27,436.30
58,86,0.71744,-92.01,0.31,231.08,11.07,-21.44,420.71
58,87,0.72586,-91.96,0.12,234.68,6.88,-21.98,427.54
58,88,0.73398,-91.89,-0.07,238.49,8.65,-24.12,470.30
58,89,0.74225,-91.83,-0.27,242.24,6.64,-23.27,452.40
58,90,0.75070,-91.78,-0.46,245.98,6.14,-22.78,442.60
58,91,0.75894,-91.73,-0.65,249.73,5.93,-23.44,455.19
58,92,0.76746,-91.68,-0.85,253.66,5.38,-23.82,461.65
58,93,0.77573,-91.64,-1.06,257.59,5.17,-24.47,475.28
58,94,0.78400,-91.61,-1.26,261.52,4.06,-24.58,475.28
58,95,0.79230,-91.59,-1.46,265.45,2.21,-24.52,473.53
58,96,0.80069,-91.63,-1.67,269.39,-5.09,-24.63,469.82
58,97,0.80890,-91.70,-1.88,273.34,-8.55,-25.31,480.30
58,98,0.81738,-91.81,-2.09,277.28,-12.23,-24.63,464.39
58,99,0.82571,-91.96,-2.30,281.21,-18.68,-25.30,472.53
58,100,0.83398,-92.33,-2.51,285.11,-45.02,-26.25,471.22
58,101,0.84219,-92.72,-2.73,289.01,-46.84,-26.48,474.72
58,102,0.85059,-93.12,-2.95,292.90,-47.27,-25.96,464.00
58,103,0.85886,-93.52,-3.17,296.80,-49.45,-26.38,470.85
58,104,0.86740,-93.94,-3.39,300.69,-48.57,-25.56,455.71
58,105,0.87561,-94.37,-3.56,304.58,-52.42,-21.09,473.98
58,106,0.88416,-94.80,-3.78,308.47,-50.36,-25.63,455.36
58,107,0.89221,-95.21,-3.96,312.37,-51.14,-22.37,483.33
58,108,0.90063,-95.59,-4.13,316.26,-44.93,-20.63,462.68
58,109,0.90894,-95.92,-4.31,320.16,-40.07,-21.04,469.49
58,110,0.91739,-96.23,-4.48,323.99,-36.82,-20.34,453.43
58,111,0.92560,-96.52,-4.65,327.83,-34.94,-21.01,467.29
58,112,0.93384,-96.80,-4.82,331.67,-33.33,-20.95,465.56
58,113,0.94220,-97.07,-5.00,335.49,-32.48,-20.58,457.30
58,114,0.95056,-97.34,-5.16,339.07,-33.21,-19.21,427.74
58,115,0.95880,-97.62,-5.32,342.63,-33.33,-19.45,432.59
58,116,0.96735,-97.89,-5.47,345.97,-31.43,-17.55,391.43
58,117,0.97556,-98.16,-5.62,349.32,-33.46,-18.28,407.43
58,118,0.98401,-98.44,-5.77,352.66,-33.21,-17.73,395.67
58,119,0.99222,-98.73,-5.92,356.00,-35.32,-18.20,406.32
58,120,1.00070,-99.04,-6.06,359.23,-36.33,-17.00,380.58
58,121,1.00906,-99.35,-6.20,362.45,-37.23,-17.17,385.04
58,122,1.01755,-99.70,-6.34,365.52,-40.65,-16.09,362.23
58,123,1.02603,-100.04,-6.48,368.60,-40.29,-16.14,362.59
58,124,1.03412,-100.38,-6.61,371.69,-41.89,-16.97,382.26
58,125,1.04242,-100.70,-6.75,374.76,-39.34,-16.46,369.85
58,126,1.05075,-100.99,-6.88,377.74,-34.80,-15.97,357.88
58,127,1.05911,-101.28,-7.02,380.73,-33.58,-15.93,356.93
58,128,1.06766,-101.55,-7.15,383.71,-32.50,-15.63,349.29
58,129,1.07584,-101.83,-7.29,386.75,-33.96,-16.64,372.01
58,130,1.08401,-102.11,-7.43,389.84,-34.70,-16.90,377.99
59,0,0.00000,0.00,0.00,0.00,57.04,11.74,36.30
59,1,0.00836,0.46,0.09,0.32,54.74,11.21,37.96
59,2,0.01691,1.24,0.26,0.77,91.43,19.11,53.21
59,3,0.02521,2.00,0.41,1.25,91.91,18.99,58.09
59,4,0.03351,3.12,0.65,1.77,134.56,28.72,62.13
59,5,0.04181,4.22,0.89,2.33,132.35,27.96,67.28
59,6,0.05011,5.64,1.20,2.92,171.32,37.35,71.69
59,7,0.05853,7.04,1.49,3.57,165.94,35.45,77.17
59,8,0.06708,8.53,2.02,3.88,174.29,61.38,36.07
59,9,0.07544,10.05,2.51,4.24,181.75,58.81,43.07
59,10,0.08362,11.75,3.19,4.22,208.21,83.53,-2.24
59,11,0.09210,13.45,3.86,4.26,200.72,78.82,4.68
59,12,0.10034,15.20,4.59,4.14,212.59,88.20,-15.56
59,13,0.10858,16.96,5.30,4.07,213.33,86.67,-8.15
59,14,0.11713,18.71,6.05,3.84,204.29,87.23,-27.14
59,15,0.12549,20.49,6.79,3.67,213.14,89.29,-20.44
59,16,0.13367,22.25,7.52,3.56,214.93,88.42,-12.31
59,17,0.14203,24.01,8.23,3.52,210.95,85.13,-5.47
59,18,0.15045,25.91,9.01,3.39,225.36,93.03,-15.22
59,19,0.15875,27.81,9.79,3.32,229.41,93.16,-8.46
59,20,0.16693,29.85,10.65,3.09,248.51,105.36,-28.36
59,21,0.17535,31.90,11.50,2.92,243.48,101.38,-20.29
59,22,0.18341,34.22,12.50,2.58,288.64,124.18,-42.05
59,23,0.19171,36.58,13.50,2.31,283.82,119.86,-31.99
59,24,0.20007,39.25,14.65,1.91,318.98,137.30,-47.81
59,25,0.20844,41.94,15.79,1.60,322.63,136.72,-37.59
59,26,0.21686,44.96,17.10,1.13,358.70,155.04,-55.80
59,27,0.22528,48.01,18.38,0.78,361.59,153.06,-42.03
59,28,0.23346,51.29,19.73,0.60,401.49,164.55,-20.90
59,29,0.24176,54.59,21.02,0.57,397.06,155.95,-4.41
59,30,0.25006,58.06,22.10,0.87,418.38,129.20,36.03
59,31,0.25848,61.52,22.90,1.30,410.14,95.52,51.45
59,32,0.26678,64.85,23.53,1.99,401.47,75.50,83.09
59,33,0.27496,68.15,23.87,2.81,403.73,42.33,100.37
59,34,0.28339,71.31,24.41,3.93,375.36,63.23,132.61
59,35,0.29175,74.43,24.82,5.16,372.99,49.60,147.45
59,36,0.30005,77.50,25.21,6.51,369.85,47.11,162.50
59,37,0.30841,80.52,25.58,7.98,360.58,43.50,175.55
59,38,0.31665,83.45,25.89,9.68,355.56,37.99,206.30
59,39,0.32513,86.31,26.18,11.48,337.41,33.70,212.95
59,40,0.33337,89.28,26.51,13.12,360.00,40.18,198.15
59,41,0.34167,92.33,26.88,14.57,368.38,45.01,174.63
59,42,0.35010,95.47,27.29,15.83,372.46,49.23,150.00
59,43,0.35846,98.68,27.75,16.91,383.94,54.50,128.83
59,44,0.36688,101.92,28.23,17.83,384.78,57.13,110.14
59,45,0.37512,105.21,28.75,18.56,399.26,63.03,88.52
59,46,0.38336,108.54,29.31,19.09,403.70,67.39,64.44
59,47,0.39172,111.90,29.89,19.43,401.46,70.22,39.78
59,48,0.40009,115.39,30.52,19.66,417.52,75.11,28.10
59,49,0.40845,118.88,31.15,19.90,418.25,75.06,28.10
59,50,0.41681,122.50,31.80,20.14,432.12,77.58,29.56
59,51,0.42523,126.12,32.45,20.39,429.71,77.16,29.35
59,52,0.43335,129.87,33.12,20.67,462.41,82.72,33.83
59,53,0.44171,133.63,33.79,20.94,449.64,80.44,32.85
59,54,0.45007,137.59,34.50,21.25,473.72,84.49,36.50
59,55,0.45850,141.56,35.21,21.55,471.01,83.98,35.87
59,56,0.46692,145.63,35.93,21.88,483.33,85.95,39.13
59,57,0.47522,149.70,36.65,22.20,490.44,87.26,39.34
59,58,0.48358,153.77,37.38,22.53,486.86,86.64,38.32
59,59,0.49182,157.84,38.10,22.84,494.07,88.02,38.15
59,60,0.50031,161.91,38.83,23.15,479.86,85.69,36.33
59,61,0.50848,165.99,39.56,23.46,497.76,88.73,38.06
59,62,0.51691,170.07,40.30,23.68,484.78,88.02,26.45
59,63,0.52527,174.15,41.04,23.91,488.32,88.47,27.37
59,64,0.53351,178.23,41.78,24.15,495.56,89.81,28.89
59,65,0.54175,182.32,42.52,24.39,495.56,89.62,28.89
59,66,0.55017,186.40,43.26,24.62,484.78,87.77,27.54
59,67,0.55847,190.48,43.99,24.84,491.18,88.26,27.21
59,68,0.56696,194.44,44.66,25.07,466.91,79.30,26.98
59,69,0.57526,198.40,45.03,25.30,477.21,44.95,27.21
59,70,0.58356,202.36,45.22,25.52,477.21,22.38,26.84
59,71,0.59186,206.32,45.08,25.74,476.47,-16.28,26.84
59,72,0.60022,210.08,44.79,26.04,450.36,-35.74,35.40
59,73,0.60852,213.85,44.61,26.34,453.68,-20.70,35.66
59,74,0.61700,217.61,44.38,26.63,443.88,-27.74,34.89
59,75,0.62531,221.37,44.14,26.92,452.94,-28.31,34.93
59,76,0.63348,224.96,43.92,27.15,438.81,-27.03,27.61
59,77,0.64185,228.55,43.70,27.37,429.20,-26.49,27.01
59,78,0.65015,232.14,43.48,27.60,432.35,-26.64,27.21
59,79,0.65857,235.73,43.26,27.83,426.09,-26.30,26.81
59,80,0.66693,239.32,43.04,28.05,429.20,-26.44,27.01
59,81,0.67542,242.91,42.82,28.28,423.02,-26.11,26.62
59,82,0.68347,246.50,42.59,28.50,445.45,-27.44,28.03
59,83,0.69183,250.09,42.37,28.73,429.20,-26.44,27.01
59,84,0.70020,253.67,42.15,28.96,429.20,-26.49,27.01
59,85,0.70850,257.26,41.93,29.18,432.35,-26.68,27.21
59,86,0.71698,260.85,41.71,29.41,423.02,-26.06,26.62
59,87,0.72534,264.45,41.49,29.63,429.93,-26.47,26.64
59,88,0.73352,268.18,41.26,29.83,456.72,-27.98,25.00
59,89,0.74188,271.92,41.03,30.04,446.72,-27.32,24.45
59,90,0.75024,275.65,40.80,30.24,446.72,-27.37,24.45
59,91,0.75861,279.40,40.57,30.45,448.18,-27.43,24.82
59,92,0.76697,283.33,40.33,30.67,469.34,-28.77,26.64
59,93,0.77539,287.25,40.09,30.90,465.94,-28.56,26.45
59,94,0.78363,291.17,39.85,31.12,476.30,-29.19,27.04
59,95,0.79199,295.10,39.61,31.34,469.34,-28.81,26.64
59,96,0.80035,299.04,39.37,31.60,470.80,-29.11,31.39
59,97,0.80865,302.97,39.12,31.87,474.26,-29.37,31.62
59,98,0.81708,306.91,38.88,32.13,467.39,-28.86,31.16
59,99,0.82544,310.84,38.64,32.40,470.07,-29.18,32.48
59,100,0.83368,314.73,38.39,32.85,471.85,-30.45,54.44
59,101,0.84198,318.62,38.13,33.30,468.38,-30.23,54.04
59,102,0.85034,322.50,37.88,33.75,464.96,-30.05,53.65
59,103,0.85876,326.39,37.63,34.19,461.59,-29.79,53.26
59,104,0.86707,330.28,37.38,34.64,468.38,-30.23,54.04
59,105,0.87555,334.17,37.13,35.09,458.27,-29.58,52.88
59,106,0.88379,338.06,36.88,35.54,471.85,-30.45,54.44
59,107,0.89203,341.95,36.63,35.99,472.22,-30.47,54.44
59,108,0.90033,345.84,36.38,36.44,468.75,-30.30,54.04
59,109,0.90869,349.73,36.13,36.89,464.96,-29.96,53.65
59,110,0.91711,353.55,35.88,37.33,453.62,-29.31,52.17
59,111,0.92548,357.37,35.63,37.77,456.93,-29.48,52.55
59,112,0.93372,361.19,35.39,38.20,463.70,-29.96,53.33
59,113,0.94214,365.00,35.14,38.64,452.17,-29.18,52.17
59,114,0.95038,368.55,34.91,39.11,431.85,-28.18,55.93
59,115,0.95880,372.10,34.68,39.57,421.01,-27.53,54.71
59,116,0.96716,375.43,34.46,40.01,397.81,-26.03,52.55
59,117,0.97552,378.76,34.24,40.44,398.18,-26.09,52.55
59,118,0.98395,382.08,34.30,40.88,394.93,7.50,52.17
59,119,0.99213,385.40,34.29,41.32,405.97,-2.01,53.73
59,120,1.00055,388.62,34.35,41.77,381.52,7.15,52.54
59,121,1.00879,391.82,34.41,42.21,388.89,7.27,53.70
59,122,1.01727,394.88,34.46,42.68,360.43,6.04,55.76
59,123,1.02557,397.94,34.51,43.16,368.38,6.17,57.35
59,124,1.03375,400.99,34.56,43.63,373.88,6.22,58.21
59,125,1.04211,404.04,34.61,44.13,364.60,5.78,58.76
59,126,1.05048,407.00,34.65,44.62,353.65,5.44,58.76
59,127,1.05884,409.95,34.69,45.15,352.92,4.86,63.50
59,128,1.06732,412.90,34.73,45.71,347.12,4.38,65.83
59,129,1.07562,415.84,34.77,46.28,355.15,4.22,69.49
59,130,1.08398,418.89,34.80,46.91,363.87,3.94,74.45
60,0,0.00000,0.00,0.00,0.00,-64.81,-0.15,-19.63
60,1,0.00842,-0.53,-0.00,-0.17,-63.04,-0.15,-20.65
60,2,0.01660,-1.42,-0.00,-0.37,-108.21,-0.22,-23.88
60,3,0.02509,-2.29,-0.00,-0.58,-103.60,-0.22,-25.18
60,4,0.03339,-3.52,-0.01,-0.70,-147.79,-0.26,-13.60
60,5,0.04187,-4.75,-0.01,-0.83,-144.24,-0.26,-16.19
60,6,0.05011,-6.29,-0.01,-0.87,-187.04,-0.30,-4.07
60,7,0.05841,-7.82,-0.01,-0.93,-185.29,-0.30,-8.09
60,8,0.06665,-9.31,-0.02,-0.62,-180.74,-0.20,37.78
60,9,0.07507,-10.81,-0.02,-0.34,-177.54,-0.20,33.33
60,10,0.08344,-12.34,-0.02,0.40,-182.48,-0.08,89.05
60,11,0.09180,-13.88,-0.02,1.12,-184.31,-0.09,85.40
60,12,0.10010,-15.37,-0.02,2.04,-180.51,-0.03,110.66
60,13,0.10834,-16.89,-0.02,2.92,-184.07,-0.04,107.78
60,14,0.11664,-18.30,-0.02,3.98,-169.49,0.03,127.21
60,15,0.12512,-19.73,-0.02,5.00,-168.35,0.01,120.86
60,16,0.13342,-21.18,-0.02,6.00,-174.63,0.00,120.22
60,17,0.14178,-22.64,-0.02,6.97,-175.55,-0.01,115.69
60,18,0.15002,-24.16,-0.02,8.11,-184.07,0.03,138.89
60,19,0.15839,-25.70,-0.02,9.23,-183.94,0.02,133.21
60,20,0.16663,-27.23,-0.02,10.59,-185.56,0.09,164.81
60,21,0.17517,-28.78,-0.02,11.91,-182.14,0.07,155.36
60,22,0.18335,-30.44,-0.02,13.59,-202.24,0.15,204.48
60,23,0.19202,-32.13,-0.02,15.23,-194.72,0.13,189.08
60,24,0.20013,-33.95,-0.01,17.21,-224.44,0.21,244.74
60,25,0.20856,-35.81,-0.01,19.16,-221.01,0.19,231.52
60,26,0.21674,-37.78,-0.01,21.50,-241.42,0.27,285.45
60,27,0.22516,-39.81,-0.01,23.79,-240.22,0.25,272.46
60,28,0.23346,-42.10,-0.01,26.15,-276.10,0.22,284.19
60,29,0.24200,-44.44,-0.00,28.46,-273.57,0.19,270.36
60,30,0.25024,-47.11,-0.00,30.69,-324.81,0.11,271.11
60,31,0.25854,-49.83,-0.13,32.87,-327.57,-15.16,262.50
60,32,0.26678,-52.62,-0.20,34.83,-338.52,-8.33,237.04
60,33,0.27515,-55.46,-0.27,36.73,-339.78,-8.21,227.74
60,34,0.28339,-58.39,-0.33,38.36,-355.56,-8.00,198.15
60,35,0.29193,-61.36,-0.40,39.94,-346.79,-7.67,184.29
60,36,0.30023,-64.35,-0.46,41.45,-360.66,-7.84,182.35
60,37,0.30853,-67.37,-0.53,42.90,-364.34,-7.78,175.00
60,38,0.31671,-70.50,-0.59,44.19,-382.84,-7.79,157.46
60,39,0.32520,-73.66,-0.65,45.42,-371.94,-7.44,144.24
60,40,0.33337,-76.88,-0.72,46.45,-394.03,-7.48,126.12
60,41,0.34198,-80.16,-0.77,47.28,-381.21,-6.88,97.16
60,42,0.35022,-83.49,-0.83,47.92,-403.33,-6.90,77.41
60,43,0.35846,-86.84,-0.89,48.36,-407.41,-6.60,53.33
60,44,0.36670,-90.21,-0.94,48.54,-408.52,-6.16,22.22
60,45,0.37518,-93.58,-0.98,48.52,-397.12,-5.63,-2.52
60,46,0.38342,-96.94,-1.03,48.30,-408.15,-5.42,-27.04
60,47,0.39209,-100.29,-1.07,47.88,-385.92,-4.79,-48.94
60,48,0.40045,-103.73,-1.11,47.24,-411.31,-4.75,-75.55
60,49,0.40887,-107.12,-1.15,46.41,-403.26,-4.29,-99.64
60,50,0.41711,-110.58,-1.18,45.32,-419.63,-4.05,-131.11
60,51,0.42554,-113.97,-1.21,44.04,-402.17,-3.48,-152.90
60,52,0.43390,-117.39,-1.24,42.47,-409.12,-3.08,-186.86
60,53,0.44238,-120.71,-1.26,40.71,-391.73,-2.51,-208.27
60,54,0.45056,-124.09,-1.27,38.62,-413.06,-2.12,-255.22
60,55,0.45892,-127.34,-1.29,36.33,-388.69,-1.51,-273.36
60,56,0.46722,-130.69,-1.30,34.00,-403.68,-1.61,-280.88
60,57,0.47559,-134.06,-1.31,31.69,-402.55,-1.67,-276.28
60,58,0.48376,-137.44,-1.33,29.40,-413.06,-1.76,-279.85
60,59,0.49231,-140.83,-1.34,27.14,-397.50,-1.75,-265.00
60,60,0.50061,-144.27,-1.36,24.89,-414.34,-1.90,-270.96
60,61,0.50909,-147.71,-1.38,22.68,-404.68,-1.93,-260.43
60,62,0.51715,-151.21,-1.39,20.58,-435.23,-2.36,-260.98
60,63,0.52545,-154.73,-1.41,18.49,-423.90,-2.34,-251.10
60,64,0.53381,-158.26,-1.43,16.43,-422.26,-2.39,-246.35
60,65,0.54230,-161.80,-1.45,14.40,-417.63,-2.41,-240.29
60,66,0.55060,-165.36,-1.47,12.38,-428.31,-2.52,-243.01
60,67,0.55908,-168.93,-1.50,10.39,-420.50,-2.53,-234.89
60,68,0.56720,-172.40,-1.52,8.46,-427.44,-2.59,-237.59
60,69,0.57550,-175.86,-1.54,6.52,-417.65,-2.51,-233.09
60,70,0.58386,-179.32,-1.56,4.57,-413.50,-2.46,-233.21
60,71,0.59229,-182.76,-1.58,2.59,-408.33,-2.36,-234.78
60,72,0.60065,-185.96,-1.59,0.59,-383.21,-1.93,-239.42
60,73,0.60913,-189.14,-1.61,-1.45,-374.46,-1.78,-241.01
60,74,0.61719,-192.28,-1.62,-3.61,-389.39,-1.60,-267.80
60,75,0.62555,-195.35,-1.63,-5.80,-367.15,-1.36,-262.41
60,76,0.63385,-198.27,-1.64,-7.90,-351.84,-1.28,-252.94
60,77,0.64233,-201.17,-1.65,-10.04,-341.37,-1.16,-251.44
60,78,0.65063,-204.03,-1.66,-12.21,-345.59,-1.07,-261.40
60,79,0.65900,-206.89,-1.67,-14.40,-341.24,-1.00,-262.04
60,80,0.66724,-209.73,-1.68,-16.61,-344.44,-0.95,-268.52
60,81,0.67566,-212.55,-1.69,-18.84,-335.51,-0.89,-264.13
60,82,0.68390,-215.37,-1.69,-21.07,-341.85,-0.87,-271.48
60,83,0.69226,-218.18,-1.70,-23.32,-335.77,-0.81,-268.98
60,84,0.70087,-220.97,-1.71,-25.58,-325.18,-0.76,-262.77
60,85,0.70905,-223.76,-1.71,-27.85,-341.04,-0.76,-277.61
60,86,0.71735,-226.53,-1.72,-30.16,-332.72,-0.65,-277.57
60,87,0.72552,-229.26,-1.72,-32.50,-334.33,-0.53,-286.57
60,88,0.73389,-232.06,-1.73,-34.98,-335.04,-0.40,-296.35
60,89,0.74225,-234.80,-1.73,-37.53,-327.37,-0.16,-305.11
60,90,0.75061,-237.47,-1.73,-40.16,-318.98,0.08,-313.87
60,91,0.75897,-240.08,-1.72,-42.84,-312.04,0.29,-321.17
60,92,0.76721,-242.73,-1.72,-45.74,-322.22,0.61,-352.22
60,93,0.77563,-245.31,-1.71,-48.71,-306.16,0.83,-352.17
60,94,0.78394,-247.81,-1.70,-51.74,-301.10,1.11,-365.44
60,95,0.79230,-250.23,-1.69,-54.84,-290.15,1.33,-370.07
60,96,0.80066,-252.58,-1.68,-58.01,-280.29,1.61,-379.20
60,97,0.80902,-254.87,-1.66,-61.22,-274.45,1.75,-383.58
60,98,0.81732,-257.13,-1.65,-64.45,-272.06,1.87,-389.34
60,99,0.82562,-259.35,-1.63,-67.71,-266.91,1.99,-392.65
60,100,0.83398,-261.36,-1.61,-71.07,-240.15,2.51,-401.82
60,101,0.84235,-263.33,-1.59,-74.45,-236.13,2.61,-404.38
60,102,0.85077,-265.28,-1.57,-77.84,-231.88,2.64,-402.90
60,103,0.85913,-267.23,-1.54,-81.24,-232.48,2.69,-406.57
60,104,0.86731,-269.16,-1.54,-84.65,-236.57,0.55,-416.42
60,105,0.87567,-271.09,-1.54,-88.06,-230.29,0.05,-407.66
60,106,0.88403,-273.01,-1.54,-91.47,-229.93,0.34,-408.03
60,107,0.89233,-274.93,-1.53,-94.88,-231.25,0.35,-411.03
60,108,0.90082,-276.85,-1.53,-98.29,-225.90,0.36,-402.52
60,109,0.90918,-278.76,-1.53,-101.71,-229.20,0.37,-408.03
60,110,0.91736,-280.65,-1.53,-105.06,-230.22,0.36,-410.07
60,111,0.92578,-282.53,-1.52,-108.41,-223.55,0.34,-398.19
60,112,0.93402,-284.41,-1.52,-111.77,-228.52,0.36,-407.04
60,113,0.94238,-286.29,-1.52,-115.12,-224.82,0.35,-400.73
60,114,0.95087,-288.00,-1.51,-118.27,-201.44,0.47,-371.94
60,115,0.95941,-289.71,-1.51,-121.43,-199.64,0.45,-368.93
60,116,0.96747,-291.31,-1.50,-124.40,-198.86,0.47,-368.56
60,117,0.97571,-292.90,-1.57,-127.35,-193.33,-7.49,-358.52
60,118,0.98413,-294.49,-1.54,-130.30,-189.13,2.73,-350.72
60,119,0.99249,-296.08,-1.56,-133.26,-190.15,-1.88,-352.92
60,120,1.00092,-297.61,-1.57,-136.12,-180.80,-1.76,-339.86
60,121,1.00922,-299.13,-1.59,-138.98,-183.09,-1.80,-344.49
60,122,1.01746,-300.53,-1.60,-141.73,-170.74,-1.63,-334.44
60,123,1.02576,-301.94,-1.62,-144.49,-169.49,-1.63,-331.99
60,124,1.03418,-303.35,-1.63,-147.24,-167.39,-1.60,-326.81
60,125,1.04248,-304.76,-1.64,-149.99,-169.85,-1.62,-331.62
60,126,1.05090,-306.14,-1.66,-152.66,-164.13,-1.59,-315.94
60,127,1.05951,-307.55,-1.67,-155.30,-163.48,-1.60,-307.45
